time_s,gaze_x,gaze_y,raw_x,raw_y,pitch_deg,yaw_deg,ear,blink,face_detected,calibrated,calib_mgae_deg,calib_rmse
0.643,0.5000,0.5000,0.5000,0.5000,-4.70,9.22,0.146,,1,0,,
0.680,0.5000,0.5000,0.5000,0.5000,-4.78,9.17,0.113,,1,0,,
0.706,0.5000,0.5000,0.5000,0.5000,-4.82,9.15,0.108,,1,0,,
0.730,0.5000,0.5000,0.5000,0.5000,-4.86,9.15,0.100,,1,0,,
0.754,0.5000,0.5000,0.5000,0.5000,-4.91,9.17,0.100,,1,0,,
0.778,0.5000,0.5000,0.5000,0.5000,-4.96,9.18,0.115,,1,0,,
0.803,0.5000,0.5000,0.5000,0.5000,-4.98,9.27,0.138,,1,0,,
0.830,0.5000,0.5000,0.5000,0.5000,-5.00,9.35,0.162,,1,0,,
0.858,0.5000,0.5000,0.5000,0.5000,-5.00,9.46,0.174,,1,0,,
0.893,0.5000,0.5000,0.5000,0.5000,-4.98,9.58,0.198,,1,0,,
0.926,0.5000,0.5000,0.5000,0.5000,-4.95,9.67,0.200,,1,0,,
0.955,0.5000,0.5000,0.5000,0.5000,-4.94,9.76,0.201,,1,0,,
1.002,0.5000,0.5000,0.5000,0.5000,-4.89,9.89,0.206,,1,0,,
1.035,0.5000,0.5000,0.5000,0.5000,-4.86,10.05,0.213,,1,0,,
1.067,0.5000,0.5000,0.5000,0.5000,-4.83,10.21,0.216,,1,0,,
1.098,0.5000,0.5000,0.5000,0.5000,-4.81,10.34,0.226,,1,0,,
1.132,0.5000,0.5000,0.5000,0.5000,-4.82,10.48,0.235,,1,0,,
1.163,0.5000,0.5000,0.5000,0.5000,-4.82,10.63,0.243,,1,0,,
1.195,0.5000,0.5000,0.5000,0.5000,-4.81,10.77,0.254,,1,0,,
1.226,0.5000,0.5000,0.5000,0.5000,-4.80,10.91,0.252,,1,0,,
1.260,0.5000,0.5000,0.5000,0.5000,-4.80,11.06,0.261,,1,0,,
1.292,0.5000,0.5000,0.5000,0.5000,-4.80,11.19,0.250,,1,0,,
1.322,0.5000,0.5000,0.5000,0.5000,-4.81,11.34,0.239,,1,0,,
1.355,0.5000,0.5000,0.5000,0.5000,-4.85,11.46,0.241,,1,0,,
1.386,0.5000,0.5000,0.5000,0.5000,-4.88,11.56,0.239,,1,0,,
1.456,0.5000,0.5000,0.5000,0.5000,-4.87,11.84,0.216,,1,0,,
1.482,0.5000,0.5000,0.5000,0.5000,-4.87,11.96,0.207,,1,0,,
1.516,0.5000,0.5000,0.5000,0.5000,-4.88,12.07,0.201,,1,0,,
1.563,0.5000,0.5000,0.5000,0.5000,-4.86,12.24,0.223,,1,0,,
1.597,0.5000,0.5000,0.5000,0.5000,-4.86,12.31,0.218,,1,0,,
1.623,0.5000,0.5000,0.5000,0.5000,-4.85,12.35,0.212,,1,0,,
1.646,0.5000,0.5000,0.5000,0.5000,-4.84,12.38,0.214,,1,0,,
1.669,0.5000,0.5000,0.5000,0.5000,-4.82,12.38,0.213,,1,0,,
1.695,0.5000,0.5000,0.5000,0.5000,-4.82,12.38,0.209,,1,0,,
1.723,0.5000,0.5000,0.5000,0.5000,-4.82,12.37,0.199,,1,0,,
1.754,0.5000,0.5000,0.5000,0.5000,-4.81,12.36,0.224,,1,0,,
1.786,0.5000,0.5000,0.5000,0.5000,-4.81,12.36,0.220,,1,0,,
1.852,0.5000,0.5000,0.5000,0.5000,-4.80,12.42,0.213,,1,0,,
1.881,0.5000,0.5000,0.5000,0.5000,-4.82,12.40,0.192,,1,0,,
1.914,0.5000,0.5000,0.5000,0.5000,-4.84,12.38,0.190,,1,0,,
1.947,0.5000,0.5000,0.5000,0.5000,-4.85,12.37,0.182,,1,0,,
1.979,0.5000,0.5000,0.5000,0.5000,-4.88,12.32,0.170,,1,0,,
2.011,0.5000,0.5000,0.5000,0.5000,-4.92,12.27,0.168,,1,0,,
2.044,0.5000,0.5000,0.5000,0.5000,-4.95,12.21,0.165,,1,0,,
2.075,0.5000,0.5000,0.5000,0.5000,-5.02,12.16,0.178,,1,0,,
2.121,0.5000,0.5000,0.5000,0.5000,-5.09,12.12,0.175,,1,0,,
2.154,0.5000,0.5000,0.5000,0.5000,-5.14,12.10,0.165,,1,0,,
2.177,0.5000,0.5000,0.5000,0.5000,-5.17,12.09,0.162,,1,0,,
2.200,0.5000,0.5000,0.5000,0.5000,-5.20,12.08,0.164,,1,0,,
2.251,0.5000,0.5000,0.5000,0.5000,-5.28,11.98,0.161,,1,0,,
2.281,0.5000,0.5000,0.5000,0.5000,-5.31,11.94,0.157,,1,0,,
2.313,0.5000,0.5000,0.5000,0.5000,-5.38,11.92,0.146,,1,0,,
2.347,0.5000,0.5000,0.5000,0.5000,-5.48,11.79,0.134,,1,0,,
2.378,0.5000,0.5000,0.5000,0.5000,-5.56,11.69,0.137,,1,0,,
2.410,0.5000,0.5000,0.5000,0.5000,-5.65,11.60,0.142,,1,0,,
2.443,0.5000,0.5000,0.5000,0.5000,-5.74,11.54,0.139,,1,0,,
2.476,0.5000,0.5000,0.5000,0.5000,-5.85,11.45,0.139,,1,0,,
2.507,0.5000,0.5000,0.5000,0.5000,-5.92,11.43,0.142,,1,0,,
2.537,0.5000,0.5000,0.5000,0.5000,-5.98,11.43,0.136,,1,0,,
2.569,0.5000,0.5000,0.5000,0.5000,-6.02,11.46,0.133,,1,0,,
2.601,0.5000,0.5000,0.5000,0.5000,-6.01,11.40,0.114,,1,0,,
2.635,0.5000,0.5000,0.5000,0.5000,-6.02,11.39,0.108,,1,0,,
2.667,0.5000,0.5000,0.5000,0.5000,-6.03,11.42,0.108,,1,0,,
2.714,0.5000,0.5000,0.5000,0.5000,-6.05,11.43,0.111,,1,0,,
2.746,0.5000,0.5000,0.5000,0.5000,-6.07,11.38,0.110,,1,0,,
2.779,0.5000,0.5000,0.5000,0.5000,-6.09,11.36,0.118,,1,0,,
2.811,0.5000,0.5000,0.5000,0.5000,-6.14,11.34,0.118,,1,0,,
2.843,0.5000,0.5000,0.5000,0.5000,-6.17,11.33,0.117,,1,0,,
2.874,0.5000,0.5000,0.5000,0.5000,-6.19,11.34,0.125,,1,0,,
2.906,0.5000,0.5000,0.5000,0.5000,-6.19,11.30,0.124,,1,0,,
2.937,0.5000,0.5000,0.5000,0.5000,-6.20,11.26,0.126,,1,0,,
2.971,0.5000,0.5000,0.5000,0.5000,-6.21,11.21,0.123,,1,0,,
3.001,0.5000,0.5000,0.5000,0.5000,-6.20,11.18,0.119,,1,0,,
3.034,0.5000,0.5000,0.5000,0.5000,-6.19,11.13,0.120,,1,0,,
3.066,0.5000,0.5000,0.5000,0.5000,-6.19,11.11,0.122,,1,0,,
3.098,0.5000,0.5000,0.5000,0.5000,-6.20,11.10,0.130,,1,0,,
3.130,0.5000,0.5000,0.5000,0.5000,-6.23,11.06,0.127,,1,0,,
3.162,0.5000,0.5000,0.5000,0.5000,-6.24,11.05,0.126,,1,0,,
3.194,0.5000,0.5000,0.5000,0.5000,-6.28,11.08,0.120,,1,0,,
3.226,0.5000,0.5000,0.5000,0.5000,-6.32,11.10,0.119,,1,0,,
3.274,0.5000,0.5000,0.5000,0.5000,-6.35,11.16,0.118,,1,0,,
3.307,0.5000,0.5000,0.5000,0.5000,-6.36,11.22,0.124,,1,0,,
3.337,0.5000,0.5000,0.5000,0.5000,-6.35,11.25,0.137,,1,0,,
3.369,0.5000,0.5000,0.5000,0.5000,-6.34,11.27,0.129,,1,0,,
3.402,0.5000,0.5000,0.5000,0.5000,-6.40,11.33,0.124,,1,0,,
3.433,0.5000,0.5000,0.5000,0.5000,-6.44,11.36,0.129,,1,0,,
3.465,0.5000,0.5000,0.5000,0.5000,-6.47,11.39,0.130,,1,0,,
3.497,0.5000,0.5000,0.5000,0.5000,-6.49,11.43,0.139,,1,0,,
3.529,0.5000,0.5000,0.5000,0.5000,-6.51,11.47,0.144,,1,0,,
3.565,0.5000,0.5000,0.5000,0.5000,-6.53,11.50,0.141,,1,0,,
3.594,0.5000,0.5000,0.5000,0.5000,-6.57,11.50,0.145,,1,0,,
3.626,0.5000,0.5000,0.5000,0.5000,-6.59,11.50,0.132,,1,0,,
3.659,0.5000,0.5000,0.5000,0.5000,-6.62,11.46,0.129,,1,0,,
3.690,0.5000,0.5000,0.5000,0.5000,-6.65,11.43,0.125,,1,0,,
3.721,0.5000,0.5000,0.5000,0.5000,-6.66,11.40,0.126,,1,0,,
3.752,0.5000,0.5000,0.5000,0.5000,-6.65,11.39,0.117,,1,0,,
3.786,0.5000,0.5000,0.5000,0.5000,-6.64,11.43,0.121,,1,0,,
3.873,0.5000,0.5000,0.5000,0.5000,-6.66,11.48,0.110,,1,0,,
3.896,0.5000,0.5000,0.5000,0.5000,-6.66,11.50,0.110,,1,0,,
3.919,0.5000,0.5000,0.5000,0.5000,-6.66,11.49,0.119,,1,0,,
3.944,0.5000,0.5000,0.5000,0.5000,-6.66,11.47,0.116,,1,0,,
3.969,0.5000,0.5000,0.5000,0.5000,-6.66,11.45,0.113,,1,0,,
3.995,0.5000,0.5000,0.5000,0.5000,-6.65,11.47,0.107,,1,0,,
4.029,0.5000,0.5000,0.5000,0.5000,-6.65,11.45,0.102,,1,0,,
4.063,0.5000,0.5000,0.5000,0.5000,-6.64,11.37,0.104,,1,0,,
4.092,0.5000,0.5000,0.5000,0.5000,-6.64,11.31,0.112,,1,0,,
4.122,0.5000,0.5000,0.5000,0.5000,-6.65,11.23,0.112,,1,0,,
4.153,0.5000,0.5000,0.5000,0.5000,-6.68,11.21,0.113,,1,0,,
4.186,0.5000,0.5000,0.5000,0.5000,-6.71,11.21,0.110,,1,0,,
4.251,0.5000,0.5000,0.5000,0.5000,-6.76,11.38,0.097,,1,0,,
4.285,0.5000,0.5000,0.5000,0.5000,-6.76,11.46,0.105,,1,0,,
4.313,0.5000,0.5000,0.5000,0.5000,-6.80,11.48,0.111,,1,0,,
4.347,0.5000,0.5000,0.5000,0.5000,-6.82,11.42,0.104,,1,0,,
4.379,0.5000,0.5000,0.5000,0.5000,-6.87,11.41,0.110,,1,0,,
4.425,0.5000,0.5000,0.5000,0.5000,-6.96,11.38,0.106,,1,0,,
4.448,0.5000,0.5000,0.5000,0.5000,-6.99,11.37,0.105,,1,0,,
4.472,0.5000,0.5000,0.5000,0.5000,-7.05,11.29,0.098,,1,0,,
4.495,0.5000,0.5000,0.5000,0.5000,-7.08,11.22,0.102,,1,0,,
4.522,0.5000,0.5000,0.5000,0.5000,-7.11,11.15,0.106,,1,0,,
4.554,0.5000,0.5000,0.5000,0.5000,-7.14,11.09,0.099,,1,0,,
4.585,0.5000,0.5000,0.5000,0.5000,-7.18,11.06,0.113,,1,0,,
4.656,0.5000,0.5000,0.5000,0.5000,-7.19,11.19,0.133,,1,0,,
4.682,0.5000,0.5000,0.5000,0.5000,-7.17,11.25,0.145,,1,0,,
4.714,0.5000,0.5000,0.5000,0.5000,-7.16,11.33,0.149,,1,0,,
4.745,0.5000,0.5000,0.5000,0.5000,-7.16,11.37,0.152,,1,0,,
4.778,0.5000,0.5000,0.5000,0.5000,-7.18,11.39,0.142,,1,0,,
4.811,0.5000,0.5000,0.5000,0.5000,-7.19,11.40,0.140,,1,0,,
4.844,0.5000,0.5000,0.5000,0.5000,-7.20,11.40,0.128,,1,0,,
4.875,0.5000,0.5000,0.5000,0.5000,-7.21,11.40,0.129,,1,0,,
4.906,0.5000,0.5000,0.5000,0.5000,-7.23,11.38,0.137,,1,0,,
4.940,0.5000,0.5000,0.5000,0.5000,-7.22,11.39,0.138,,1,0,,
4.986,0.5000,0.5000,0.5000,0.5000,-7.21,11.31,0.123,,1,0,,
5.019,0.5000,0.5000,0.5000,0.5000,-7.22,11.27,0.125,,1,0,,
5.049,0.5000,0.5000,0.5000,0.5000,-7.21,11.22,0.123,,1,0,,
5.081,0.5000,0.5000,0.5000,0.5000,-7.20,11.18,0.127,,1,0,,
5.116,0.5000,0.5000,0.5000,0.5000,-7.18,11.12,0.129,,1,0,,
5.146,0.5000,0.5000,0.5000,0.5000,-7.17,11.09,0.118,,1,0,,
5.179,0.5000,0.5000,0.5000,0.5000,-7.16,11.07,0.113,,1,0,,
5.210,0.5000,0.5000,0.5000,0.5000,-7.19,11.04,0.114,,1,0,,
5.243,0.5000,0.5000,0.5000,0.5000,-7.19,10.96,0.110,,1,0,,
5.277,0.5000,0.5000,0.5000,0.5000,-7.20,10.90,0.109,,1,0,,
5.306,0.5000,0.5000,0.5000,0.5000,-7.20,10.85,0.111,,1,0,,
5.339,0.5000,0.5000,0.5000,0.5000,-7.22,10.81,0.116,,1,0,,
5.369,0.5000,0.5000,0.5000,0.5000,-7.19,10.79,0.115,,1,0,,
5.401,0.5000,0.5000,0.5000,0.5000,-7.14,10.82,0.130,,1,0,,
5.435,0.5000,0.5000,0.5000,0.5000,-7.07,10.85,0.130,,1,0,,
5.467,0.5000,0.5000,0.5000,0.5000,-7.02,10.85,0.134,,1,0,,
5.497,0.5000,0.5000,0.5000,0.5000,-6.98,10.86,0.128,,1,0,,
5.548,0.5000,0.5000,0.5000,0.5000,-6.96,10.90,0.126,,1,0,,
5.577,0.5000,0.5000,0.5000,0.5000,-6.97,10.95,0.127,,1,0,,
5.611,0.5000,0.5000,0.5000,0.5000,-7.01,10.95,0.134,,1,0,,
5.643,0.5000,0.5000,0.5000,0.5000,-7.04,11.00,0.136,,1,0,,
5.675,0.5000,0.5000,0.5000,0.5000,-7.07,10.99,0.133,,1,0,,
5.708,0.5000,0.5000,0.5000,0.5000,-7.11,10.92,0.130,,1,0,,
5.737,0.5000,0.5000,0.5000,0.5000,-7.13,10.87,0.129,,1,0,,
5.769,0.5000,0.5000,0.5000,0.5000,-7.17,10.85,0.125,,1,0,,
5.802,0.5000,0.5000,0.5000,0.5000,-7.20,10.94,0.127,,1,0,,
5.834,0.5000,0.5000,0.5000,0.5000,-7.19,11.03,0.126,,1,0,,
5.865,0.5000,0.5000,0.5000,0.5000,-7.19,11.08,0.125,,1,0,,
5.898,0.5000,0.5000,0.5000,0.5000,-7.22,11.05,0.125,,1,0,,
5.930,0.5000,0.5000,0.5000,0.5000,-7.23,11.02,0.127,,1,0,,
5.961,0.5000,0.5000,0.5000,0.5000,-7.26,10.99,0.117,,1,0,,
5.994,0.5000,0.5000,0.5000,0.5000,-7.30,10.99,0.117,,1,0,,
6.026,0.5000,0.5000,0.5000,0.5000,-7.30,10.98,0.117,,1,0,,
6.060,0.5000,0.5000,0.5000,0.5000,-7.28,10.96,0.112,,1,0,,
6.106,0.5000,0.5000,0.5000,0.5000,-7.25,10.91,0.112,,1,0,,
6.137,0.5000,0.5000,0.5000,0.5000,-7.25,10.92,0.113,,1,0,,
6.170,0.5000,0.5000,0.5000,0.5000,-7.26,10.90,0.106,,1,0,,
6.202,0.5000,0.5000,0.5000,0.5000,-7.25,10.80,0.107,,1,0,,
6.234,0.5000,0.5000,0.5000,0.5000,-7.23,10.72,0.107,,1,0,,
6.267,0.5000,0.5000,0.5000,0.5000,-7.20,10.64,0.102,,1,0,,
6.297,0.5000,0.5000,0.5000,0.5000,-7.20,10.59,0.102,,1,0,,
6.332,0.5000,0.5000,0.5000,0.5000,-7.20,10.54,0.106,,1,0,,
6.363,0.5000,0.5000,0.5000,0.5000,-7.19,10.49,0.107,,1,0,,
6.394,0.5000,0.5000,0.5000,0.5000,-7.18,10.46,0.108,,1,0,,
6.425,0.5000,0.5000,0.5000,0.5000,-7.15,10.46,0.133,,1,0,,
6.457,0.5000,0.5000,0.5000,0.5000,-7.11,10.44,0.138,,1,0,,
6.491,0.5000,0.5000,0.5000,0.5000,-7.06,10.44,0.147,,1,0,,
6.524,0.5000,0.5000,0.5000,0.5000,-7.05,10.42,0.150,,1,0,,
6.556,0.5000,0.5000,0.5000,0.5000,-7.06,10.39,0.132,,1,0,,
6.587,0.5000,0.5000,0.5000,0.5000,-7.05,10.38,0.120,,1,0,,
6.653,0.5000,0.5000,0.5000,0.5000,-6.99,10.25,0.121,,1,0,,
6.699,0.5000,0.5000,0.5000,0.5000,-6.96,10.17,0.119,,1,0,,
6.723,0.5000,0.5000,0.5000,0.5000,-6.95,10.15,0.119,,1,0,,
6.744,0.5000,0.5000,0.5000,0.5000,-6.95,10.11,0.113,,1,0,,
6.768,0.5000,0.5000,0.5000,0.5000,-6.95,10.07,0.111,,1,0,,
6.795,0.5000,0.5000,0.5000,0.5000,-6.94,10.02,0.113,,1,0,,
6.826,0.5000,0.5000,0.5000,0.5000,-6.95,9.94,0.118,,1,0,,
6.858,0.5000,0.5000,0.5000,0.5000,-6.91,9.68,0.148,,1,0,,
6.890,0.5000,0.5000,0.5000,0.5000,-6.82,9.49,0.183,,1,0,,
6.923,0.5000,0.5000,0.5000,0.5000,-6.76,9.24,0.189,,1,0,,
6.956,0.5000,0.5000,0.5000,0.5000,-6.69,8.93,0.194,,1,0,,
6.987,0.5000,0.5000,0.5000,0.5000,-6.61,8.62,0.192,,1,0,,
7.052,0.5000,0.5000,0.5000,0.5000,-6.46,8.11,0.206,,1,0,,
7.081,0.5000,0.5000,0.5000,0.5000,-6.40,7.80,0.194,,1,0,,
7.114,0.5000,0.5000,0.5000,0.5000,-6.35,7.60,0.201,,1,0,,
7.146,0.5000,0.5000,0.5000,0.5000,-6.29,7.46,0.186,,1,0,,
7.179,0.5000,0.5000,0.5000,0.5000,-6.26,7.17,0.168,,1,0,,
7.211,0.5000,0.5000,0.5000,0.5000,-6.25,6.91,0.142,,1,0,,
7.259,0.5000,0.5000,0.5000,0.5000,-6.21,6.59,0.134,,1,0,,
7.291,0.5000,0.5000,0.5000,0.5000,-6.16,6.48,0.150,,1,0,,
7.314,0.5000,0.5000,0.5000,0.5000,-6.12,6.46,0.157,,1,0,,
7.337,0.5000,0.5000,0.5000,0.5000,-6.08,6.39,0.146,,1,0,,
7.360,0.5000,0.5000,0.5000,0.5000,-6.04,6.31,0.139,,1,0,,
7.386,0.5000,0.5000,0.5000,0.5000,-5.99,6.25,0.138,,1,0,,
7.450,0.5000,0.5000,0.5000,0.5000,-5.80,5.99,0.151,,1,0,,
7.481,0.5000,0.5000,0.5000,0.5000,-5.73,5.90,0.133,,1,0,,
7.515,0.5000,0.5000,0.5000,0.5000,-5.64,5.84,0.147,,1,0,,
7.546,0.5000,0.5000,0.5000,0.5000,-5.61,5.83,0.143,,1,0,,
7.577,0.5000,0.5000,0.5000,0.5000,-5.59,5.83,0.139,,1,0,,
7.610,0.5000,0.5000,0.5000,0.5000,-5.60,5.81,0.141,,1,0,,
7.643,0.5000,0.5000,0.5000,0.5000,-5.60,5.77,0.161,,1,0,,
7.675,0.5000,0.5000,0.5000,0.5000,-5.62,5.88,0.141,,1,0,,
7.706,0.5000,0.5000,0.5000,0.5000,-5.63,6.00,0.171,,1,0,,
7.738,0.5000,0.5000,0.5000,0.5000,-5.67,5.97,0.165,,1,0,,
7.769,0.5000,0.5000,0.5000,0.5000,-5.70,5.94,0.174,,1,0,,
7.821,0.5000,0.5000,0.5000,0.5000,-5.71,6.01,0.180,,1,0,,
7.851,0.5000,0.5000,0.5000,0.5000,-5.68,6.14,0.229,,1,0,,
7.883,0.5000,0.5000,0.5000,0.5000,-5.61,6.34,0.276,,1,0,,
7.916,0.5000,0.5000,0.5000,0.5000,-5.55,6.54,0.274,,1,0,,
7.947,0.5000,0.5000,0.5000,0.5000,-5.52,6.74,0.292,,1,0,,
7.978,0.5000,0.5000,0.5000,0.5000,-5.50,6.97,0.305,,1,0,,
8.011,0.5000,0.5000,0.5000,0.5000,-5.45,7.27,0.305,,1,0,,
8.044,0.5000,0.5000,0.5000,0.5000,-5.43,7.58,0.308,,1,0,,
8.075,0.5000,0.5000,0.5000,0.5000,-5.40,7.85,0.304,,1,0,,
8.108,0.5000,0.5000,0.5000,0.5000,-5.34,8.12,0.298,,1,0,,
8.138,0.5000,0.5000,0.5000,0.5000,-5.29,8.35,0.289,,1,0,,
8.170,0.5000,0.5000,0.5000,0.5000,-5.25,8.58,0.295,,1,0,,
8.203,0.5000,0.5000,0.5000,0.5000,-5.23,8.84,0.311,,1,0,,
8.233,0.5000,0.5000,0.5000,0.5000,-5.23,9.16,0.314,,1,0,,
8.268,0.5000,0.5000,0.5000,0.5000,-5.21,9.58,0.318,,1,0,,
8.298,0.5000,0.5000,0.5000,0.5000,-5.21,9.96,0.317,,1,0,,
8.330,0.5000,0.5000,0.5000,0.5000,-5.18,10.26,0.313,,1,0,,
8.379,0.5000,0.5000,0.5000,0.5000,-5.13,10.49,0.290,,1,0,,
8.410,0.5000,0.5000,0.5000,0.5000,-5.11,10.54,0.257,,1,0,,
8.442,0.5000,0.5000,0.5000,0.5000,-5.09,10.61,0.248,,1,0,,
8.474,0.5000,0.5000,0.5000,0.5000,-5.11,10.65,0.239,,1,0,,
8.506,0.5000,0.5000,0.5000,0.5000,-5.14,10.53,0.223,,1,0,,
8.537,0.5000,0.5000,0.5000,0.5000,-5.17,10.40,0.223,,1,0,,
8.569,0.5000,0.5000,0.5000,0.5000,-5.19,10.29,0.218,,1,0,,
8.603,0.5000,0.5000,0.5000,0.5000,-5.22,10.20,0.227,,1,0,,
8.633,0.5000,0.5000,0.5000,0.5000,-5.27,10.11,0.221,,1,0,,
8.666,0.5000,0.5000,0.5000,0.5000,-5.29,10.04,0.221,,1,0,,
8.698,0.5000,0.5000,0.5000,0.5000,-5.31,10.00,0.220,,1,0,,
8.729,0.5000,0.5000,0.5000,0.5000,-5.32,9.95,0.221,,1,0,,
8.762,0.5000,0.5000,0.5000,0.5000,-5.32,9.93,0.219,,1,0,,
8.794,0.5000,0.5000,0.5000,0.5000,-5.34,9.89,0.217,,1,0,,
8.826,0.5000,0.5000,0.5000,0.5000,-5.36,9.86,0.207,,1,0,,
8.858,0.5000,0.5000,0.5000,0.5000,-5.40,9.82,0.211,,1,0,,
8.891,0.5000,0.5000,0.5000,0.5000,-5.43,9.77,0.198,,1,0,,
8.923,0.5000,0.5000,0.5000,0.5000,-5.47,9.67,0.180,,1,0,,
8.971,0.5000,0.5000,0.5000,0.5000,-5.50,9.52,0.148,,1,0,,
9.002,0.5000,0.5000,0.5000,0.5000,-5.53,9.41,0.143,,1,0,,
9.034,0.5000,0.5000,0.5000,0.5000,-5.58,9.29,0.140,,1,0,,
9.068,0.5000,0.5000,0.5000,0.5000,-5.65,9.19,0.131,,1,0,,
9.100,0.5000,0.5000,0.5000,0.5000,-5.69,9.09,0.150,,1,0,,
9.129,0.5000,0.5000,0.5000,0.5000,-5.72,9.02,0.132,,1,0,,
9.162,0.5000,0.5000,0.5000,0.5000,-5.76,8.89,0.128,,1,0,,
9.194,0.5000,0.5000,0.5000,0.5000,-5.80,8.86,0.128,,1,0,,
9.225,0.5000,0.5000,0.5000,0.5000,-5.82,8.80,0.135,,1,0,,
9.260,0.5000,0.5000,0.5000,0.5000,-5.87,8.71,0.128,,1,0,,
9.290,0.5000,0.5000,0.5000,0.5000,-5.93,8.61,0.127,,1,0,,
9.323,0.5000,0.5000,0.5000,0.5000,-5.97,8.51,0.130,,1,0,,
9.352,0.5000,0.5000,0.5000,0.5000,-6.01,8.37,0.136,,1,0,,
9.386,0.5000,0.5000,0.5000,0.5000,-6.04,8.29,0.135,,1,0,,
9.452,0.5000,0.5000,0.5000,0.5000,-6.22,8.04,0.137,,1,0,,
9.481,0.5000,0.5000,0.5000,0.5000,-6.31,7.93,0.131,,1,0,,
9.528,0.5000,0.5000,0.5000,0.5000,-6.37,7.83,0.152,,1,0,,
9.563,0.5000,0.5000,0.5000,0.5000,-6.41,7.81,0.179,,1,0,,
9.587,0.5000,0.5000,0.5000,0.5000,-6.43,7.80,0.187,,1,0,,
9.610,0.5000,0.5000,0.5000,0.5000,-6.45,7.79,0.198,,1,0,,
9.632,0.5000,0.5000,0.5000,0.5000,-6.47,7.78,0.205,,1,0,,
9.658,0.5000,0.5000,0.5000,0.5000,-6.50,7.79,0.202,,1,0,,
9.690,0.5000,0.5000,0.5000,0.5000,-6.51,7.77,0.205,,1,0,,
9.723,0.5000,0.5000,0.5000,0.5000,-6.51,7.78,0.204,,1,0,,
9.755,0.5000,0.5000,0.5000,0.5000,-6.48,7.77,0.197,,1,0,,
9.786,0.5000,0.5000,0.5000,0.5000,-6.44,7.72,0.192,,1,0,,
9.856,0.5000,0.5000,0.5000,0.5000,-6.42,7.57,0.206,,1,0,,
9.883,0.5000,0.5000,0.5000,0.5000,-6.41,7.53,0.201,,1,0,,
9.913,0.5000,0.5000,0.5000,0.5000,-6.41,7.49,0.167,,1,0,,
9.946,0.5000,0.5000,0.5000,0.5000,-6.42,7.45,0.178,,1,0,,
9.978,0.5000,0.5000,0.5000,0.5000,-6.44,7.43,0.174,,1,0,,
10.010,0.5000,0.5000,0.5000,0.5000,-6.48,7.42,0.171,,1,0,,
10.041,0.5000,0.5000,0.5000,0.5000,-6.50,7.41,0.148,,1,0,,
10.089,0.5000,0.5000,0.5000,0.5000,-6.55,7.29,0.150,,1,0,,
10.121,0.5000,0.5000,0.5000,0.5000,-6.58,7.27,0.151,,1,0,,
10.144,0.5000,0.5000,0.5000,0.5000,-6.60,7.26,0.150,,1,0,,
10.165,0.5000,0.5000,0.5000,0.5000,-6.61,7.26,0.149,,1,0,,
10.190,0.5000,0.5000,0.5000,0.5000,-6.61,7.28,0.161,,1,0,,
10.249,0.5000,0.5000,0.5000,0.5000,-6.63,7.25,0.183,,1,0,,
10.282,0.5000,0.5000,0.5000,0.5000,-6.61,7.27,0.188,,1,0,,
10.318,0.5000,0.5000,0.5000,0.5000,-6.54,7.27,0.187,,1,0,,
10.348,0.5000,0.5000,0.5000,0.5000,-6.51,7.26,0.188,,1,0,,
10.380,0.5000,0.5000,0.5000,0.5000,-6.52,7.23,0.149,,1,0,,
10.409,0.5000,0.5000,0.5000,0.5000,-6.54,7.20,0.137,,1,0,,
10.442,0.5000,0.5000,0.5000,0.5000,-6.59,7.12,0.130,,1,0,,
10.474,0.5000,0.5000,0.5000,0.5000,-6.64,7.02,0.125,,1,0,,
10.506,0.5000,0.5000,0.5000,0.5000,-6.67,6.94,0.123,,1,0,,
10.538,0.5000,0.5000,0.5000,0.5000,-6.69,6.80,0.127,,1,0,,
10.569,0.5000,0.5000,0.5000,0.5000,-6.69,6.74,0.141,,1,0,,
10.602,0.5000,0.5000,0.5000,0.5000,-6.67,6.72,0.176,,1,0,,
10.652,0.5000,0.5000,0.5000,0.5000,-6.64,6.72,0.210,,1,0,,
10.682,0.5000,0.5000,0.5000,0.5000,-6.63,6.72,0.209,,1,0,,
10.714,0.5000,0.5000,0.5000,0.5000,-6.60,6.74,0.207,,1,0,,
10.746,0.5000,0.5000,0.5000,0.5000,-6.58,6.74,0.203,,1,0,,
10.779,0.5000,0.5000,0.5000,0.5000,-6.60,6.73,0.164,,1,0,,
10.811,0.5000,0.5000,0.5000,0.5000,-6.62,6.71,0.149,,1,0,,
10.842,0.5000,0.5000,0.5000,0.5000,-6.70,6.63,0.132,,1,0,,
10.874,0.5000,0.5000,0.5000,0.5000,-6.76,6.47,0.130,,1,0,,
10.907,0.5000,0.5000,0.5000,0.5000,-6.82,6.31,0.125,,1,0,,
10.939,0.5000,0.5000,0.5000,0.5000,-6.89,6.17,0.112,,1,0,,
10.971,0.5000,0.5000,0.5000,0.5000,-6.94,6.05,0.122,,1,0,,
11.001,0.5000,0.5000,0.5000,0.5000,-7.00,5.95,0.117,,1,0,,
11.034,0.5000,0.5000,0.5000,0.5000,-7.05,5.84,0.116,,1,0,,
11.068,0.5000,0.5000,0.5000,0.5000,-7.10,5.77,0.119,,1,0,,
11.098,0.5000,0.5000,0.5000,0.5000,-7.14,5.71,0.113,,1,0,,
11.128,0.5000,0.5000,0.5000,0.5000,-7.26,5.64,0.112,,1,0,,
11.161,0.5000,0.5000,0.5000,0.5000,-7.28,5.62,0.109,,1,0,,
11.194,0.5000,0.5000,0.5000,0.5000,-7.32,5.57,0.105,,1,0,,
11.243,0.5000,0.5000,0.5000,0.5000,-7.33,5.49,0.108,,1,0,,
11.274,0.5000,0.5000,0.5000,0.5000,-7.33,5.50,0.099,,1,0,,
11.306,0.5000,0.5000,0.5000,0.5000,-7.37,5.45,0.102,,1,0,,
11.339,0.5000,0.5000,0.5000,0.5000,-7.39,5.41,0.105,,1,0,,
11.369,0.5000,0.5000,0.5000,0.5000,-7.42,5.43,0.103,,1,0,,
11.402,0.5000,0.5000,0.5000,0.5000,-7.44,5.46,0.099,,1,0,,
11.435,0.5000,0.5000,0.5000,0.5000,-7.52,5.44,0.111,,1,0,,
11.466,0.5000,0.5000,0.5000,0.5000,-7.55,5.47,0.111,,1,0,,
11.500,0.5000,0.5000,0.5000,0.5000,-7.57,5.49,0.108,,1,0,,
11.529,0.5000,0.5000,0.5000,0.5000,-7.62,5.50,0.099,,1,0,,
11.563,0.5000,0.5000,0.5000,0.5000,-7.64,5.54,0.100,,1,0,,
11.595,0.5000,0.5000,0.5000,0.5000,-7.66,5.59,0.098,,1,0,,
11.626,0.5000,0.5000,0.5000,0.5000,-7.69,5.58,0.103,,1,0,,
11.659,0.5000,0.5000,0.5000,0.5000,-7.72,5.56,0.106,,1,0,,
11.691,0.5000,0.5000,0.5000,0.5000,-7.76,5.57,0.104,,1,0,,
11.721,0.5000,0.5000,0.5000,0.5000,-7.80,5.57,0.100,,1,0,,
11.753,0.5000,0.5000,0.5000,0.5000,-7.81,5.65,0.107,,1,0,,
11.802,0.5000,0.5000,0.5000,0.5000,-7.82,5.75,0.107,,1,0,,
11.832,0.5000,0.5000,0.5000,0.5000,-7.82,5.78,0.107,,1,0,,
11.869,0.5000,0.5000,0.5000,0.5000,-7.83,5.82,0.104,,1,0,,
11.898,0.5000,0.5000,0.5000,0.5000,-7.82,5.84,0.108,,1,0,,
11.932,0.5000,0.5000,0.5000,0.5000,-7.82,5.85,0.107,,1,0,,
11.962,0.5000,0.5000,0.5000,0.5000,-7.83,5.86,0.111,,1,0,,
11.993,0.5000,0.5000,0.5000,0.5000,-7.82,5.91,0.105,,1,0,,
12.027,0.5000,0.5000,0.5000,0.5000,-7.80,6.00,0.118,,1,0,,
12.061,0.5000,0.5000,0.5000,0.5000,-7.77,6.08,0.123,,1,0,,
12.091,0.5000,0.5000,0.5000,0.5000,-7.77,6.15,0.122,,1,0,,
12.123,0.5000,0.5000,0.5000,0.5000,-7.74,6.23,0.123,,1,0,,
12.154,0.5000,0.5000,0.5000,0.5000,-7.71,6.30,0.123,,1,0,,
12.185,0.5000,0.5000,0.5000,0.5000,-7.67,6.37,0.112,,1,0,,
12.252,0.5000,0.5000,0.5000,0.5000,-7.60,6.54,0.133,,1,0,,
12.282,0.5000,0.5000,0.5000,0.5000,-7.59,6.61,0.130,,1,0,,
12.313,0.5000,0.5000,0.5000,0.5000,-7.59,6.67,0.128,,1,0,,
12.361,0.5000,0.5000,0.5000,0.5000,-7.55,6.73,0.116,,1,0,,
12.395,0.5000,0.5000,0.5000,0.5000,-7.51,6.79,0.130,,1,0,,
12.419,0.5000,0.5000,0.5000,0.5000,-7.48,6.84,0.135,,1,0,,
12.440,0.5000,0.5000,0.5000,0.5000,-7.46,6.86,0.129,,1,0,,
12.465,0.5000,0.5000,0.5000,0.5000,-7.43,6.88,0.127,,1,0,,
12.491,0.5000,0.5000,0.5000,0.5000,-7.39,6.88,0.130,,1,0,,
12.522,0.5000,0.5000,0.5000,0.5000,-7.34,6.92,0.128,,1,0,,
12.555,0.5000,0.5000,0.5000,0.5000,-7.34,6.97,0.129,,1,0,,
12.587,0.5000,0.5000,0.5000,0.5000,-7.35,7.03,0.137,,1,0,,
12.656,0.5000,0.5000,0.5000,0.5000,-7.36,6.98,0.129,,1,0,,
12.683,0.5000,0.5000,0.5000,0.5000,-7.37,6.96,0.128,,1,0,,
12.714,0.5000,0.5000,0.5000,0.5000,-7.36,6.95,0.133,,1,0,,
12.746,0.5000,0.5000,0.5000,0.5000,-7.31,6.98,0.153,,1,0,,
12.779,0.5000,0.5000,0.5000,0.5000,-7.27,6.99,0.155,,1,0,,
12.811,0.5000,0.5000,0.5000,0.5000,-7.25,7.00,0.151,,1,0,,
12.847,0.5000,0.5000,0.5000,0.5000,-7.21,7.06,0.165,,1,0,,
12.876,0.5000,0.5000,0.5000,0.5000,-7.18,7.11,0.163,,1,0,,
12.907,0.5000,0.5000,0.5000,0.5000,-7.18,7.12,0.165,,1,0,,
12.953,0.5000,0.5000,0.5000,0.5000,-7.15,7.16,0.166,,1,0,,
12.976,0.5000,0.5000,0.5000,0.5000,-7.12,7.18,0.168,,1,0,,
12.997,0.5000,0.5000,0.5000,0.5000,-7.09,7.21,0.167,,1,0,,
13.053,0.5000,0.5000,0.5000,0.5000,-7.02,7.28,0.163,,1,0,,
13.083,0.5000,0.5000,0.5000,0.5000,-6.98,7.33,0.156,,1,0,,
13.113,0.5000,0.5000,0.5000,0.5000,-6.97,7.32,0.148,,1,0,,
13.146,0.5000,0.5000,0.5000,0.5000,-7.00,7.31,0.148,,1,0,,
13.180,0.5000,0.5000,0.5000,0.5000,-7.01,7.28,0.148,,1,0,,
13.211,0.5000,0.5000,0.5000,0.5000,-7.01,7.26,0.147,,1,0,,
13.242,0.5000,0.5000,0.5000,0.5000,-7.04,7.22,0.140,,1,0,,
13.275,0.5000,0.5000,0.5000,0.5000,-7.06,7.22,0.143,,1,0,,
13.307,0.5000,0.5000,0.5000,0.5000,-7.06,7.22,0.151,,1,0,,
13.339,0.5000,0.5000,0.5000,0.5000,-7.05,7.26,0.144,,1,0,,
13.371,0.5000,0.5000,0.5000,0.5000,-7.05,7.28,0.142,,1,0,,
13.402,0.5000,0.5000,0.5000,0.5000,-7.02,7.30,0.153,,1,0,,
13.434,0.5000,0.5000,0.5000,0.5000,-6.99,7.32,0.157,,1,0,,
13.465,0.5000,0.5000,0.5000,0.5000,-6.99,7.32,0.153,,1,0,,
13.513,0.5000,0.5000,0.5000,0.5000,-7.00,7.34,0.153,,1,0,,
13.546,0.5000,0.5000,0.5000,0.5000,-7.02,7.29,0.147,,1,0,,
13.579,0.5000,0.5000,0.5000,0.5000,-7.01,7.27,0.144,,1,0,,
13.611,0.5000,0.5000,0.5000,0.5000,-7.00,7.23,0.144,,1,0,,
13.642,0.5000,0.5000,0.5000,0.5000,-7.02,7.12,0.149,,1,0,,
13.674,0.5000,0.5000,0.5000,0.5000,-7.03,7.05,0.157,,1,0,,
13.706,0.5000,0.5000,0.5000,0.5000,-7.01,6.99,0.157,,1,0,,
13.739,0.5000,0.5000,0.5000,0.5000,-6.99,6.94,0.158,,1,0,,
13.771,0.5000,0.5000,0.5000,0.5000,-6.98,6.97,0.163,,1,0,,
13.802,0.5000,0.5000,0.5000,0.5000,-6.97,7.06,0.160,,1,0,,
13.834,0.5000,0.5000,0.5000,0.5000,-6.94,7.11,0.153,,1,0,,
13.865,0.5000,0.5000,0.5000,0.5000,-6.91,7.17,0.159,,1,0,,
13.898,0.5000,0.5000,0.5000,0.5000,-6.90,7.26,0.165,,1,0,,
13.931,0.5000,0.5000,0.5000,0.5000,-6.86,7.31,0.163,,1,0,,
13.963,0.5000,0.5000,0.5000,0.5000,-6.86,7.29,0.153,,1,0,,
13.994,0.5000,0.5000,0.5000,0.5000,-6.85,7.28,0.160,,1,0,,
14.027,0.5000,0.5000,0.5000,0.5000,-6.83,7.29,0.168,,1,0,,
14.075,0.5000,0.5000,0.5000,0.5000,-6.91,7.21,0.146,,1,0,,
14.109,0.5000,0.5000,0.5000,0.5000,-6.97,7.17,0.146,,1,0,,
14.139,0.5000,0.5000,0.5000,0.5000,-6.98,7.18,0.158,,1,0,,
14.171,0.5000,0.5000,0.5000,0.5000,-6.98,7.19,0.144,,1,0,,
14.203,0.5000,0.5000,0.5000,0.5000,-6.94,7.17,0.136,,1,0,,
14.234,0.5000,0.5000,0.5000,0.5000,-6.87,7.19,0.144,,1,0,,
14.265,0.5000,0.5000,0.5000,0.5000,-6.85,7.20,0.146,,1,0,,
14.300,0.5000,0.5000,0.5000,0.5000,-6.82,7.23,0.145,,1,0,,
14.331,0.5000,0.5000,0.5000,0.5000,-6.82,7.23,0.145,,1,0,,
14.363,0.5000,0.5000,0.5000,0.5000,-6.79,7.25,0.154,,1,0,,
14.394,0.5000,0.5000,0.5000,0.5000,-6.74,7.30,0.155,,1,0,,
14.426,0.5000,0.5000,0.5000,0.5000,-6.70,7.33,0.147,,1,0,,
14.459,0.5000,0.5000,0.5000,0.5000,-6.68,7.34,0.151,,1,0,,
14.492,0.5000,0.5000,0.5000,0.5000,-6.71,7.33,0.141,,1,0,,
14.522,0.5000,0.5000,0.5000,0.5000,-6.70,7.35,0.139,,1,0,,
14.556,0.5000,0.5000,0.5000,0.5000,-6.71,7.34,0.140,,1,0,,
14.589,0.5000,0.5000,0.5000,0.5000,-6.72,7.35,0.143,,1,0,,
14.672,0.5000,0.5000,0.5000,0.5000,-6.70,7.44,0.153,,1,0,,
14.695,0.5000,0.5000,0.5000,0.5000,-6.69,7.48,0.155,,1,0,,
14.718,0.5000,0.5000,0.5000,0.5000,-6.70,7.52,0.154,,1,0,,
14.741,0.5000,0.5000,0.5000,0.5000,-6.69,7.57,0.168,,1,0,,
14.763,0.5000,0.5000,0.5000,0.5000,-6.69,7.61,0.177,,1,0,,
14.793,0.5000,0.5000,0.5000,0.5000,-6.69,7.70,0.185,,1,0,,
14.827,0.5000,0.5000,0.5000,0.5000,-6.68,7.79,0.192,,1,0,,
14.857,0.5000,0.5000,0.5000,0.5000,-6.68,7.87,0.191,,1,0,,
14.891,0.5000,0.5000,0.5000,0.5000,-6.66,7.93,0.192,,1,0,,
14.924,0.5000,0.5000,0.5000,0.5000,-6.65,7.98,0.184,,1,0,,
14.955,0.5000,0.5000,0.5000,0.5000,-6.63,8.12,0.190,,1,0,,
14.987,0.5000,0.5000,0.5000,0.5000,-6.61,8.25,0.191,,1,0,,
15.058,0.5000,0.5000,0.5000,0.5000,-6.61,8.46,0.156,,1,0,,
15.082,0.5000,0.5000,0.5000,0.5000,-6.63,8.51,0.149,,1,0,,
15.114,0.5000,0.5000,0.5000,0.5000,-6.65,8.56,0.138,,1,0,,
15.146,0.5000,0.5000,0.5000,0.5000,-6.69,8.62,0.138,,1,0,,
15.179,0.5000,0.5000,0.5000,0.5000,-6.71,8.68,0.147,,1,0,,
15.225,0.5000,0.5000,0.5000,0.5000,-6.70,8.66,0.147,,1,0,,
15.258,0.5000,0.5000,0.5000,0.5000,-6.72,8.68,0.140,,1,0,,
15.280,0.5000,0.5000,0.5000,0.5000,-6.74,8.71,0.138,,1,0,,
15.303,0.5000,0.5000,0.5000,0.5000,-6.75,8.73,0.142,,1,0,,
15.326,0.5000,0.5000,0.5000,0.5000,-6.76,8.72,0.154,,1,0,,
15.357,0.5000,0.5000,0.5000,0.5000,-6.74,8.76,0.179,,1,0,,
15.390,0.5000,0.5000,0.5000,0.5000,-6.73,8.85,0.214,,1,0,,
15.449,0.5000,0.5000,0.5000,0.5000,-6.60,9.03,0.217,,1,0,,
15.481,0.5000,0.5000,0.5000,0.5000,-6.55,9.08,0.220,,1,0,,
15.513,0.5000,0.5000,0.5000,0.5000,-6.50,9.19,0.219,,1,0,,
15.547,0.5000,0.5000,0.5000,0.5000,-6.46,9.26,0.216,,1,0,,
15.579,0.5000,0.5000,0.5000,0.5000,-6.51,9.34,0.222,,1,0,,
15.610,0.5000,0.5000,0.5000,0.5000,-6.54,9.42,0.212,,1,0,,
15.642,0.5000,0.5000,0.5000,0.5000,-6.54,9.55,0.216,,1,0,,
15.675,0.5000,0.5000,0.5000,0.5000,-6.52,9.70,0.218,,1,0,,
15.706,0.5000,0.5000,0.5000,0.5000,-6.51,9.79,0.216,,1,0,,
15.738,0.5000,0.5000,0.5000,0.5000,-6.53,9.85,0.223,,1,0,,
15.786,0.5000,0.5000,0.5000,0.5000,-6.49,9.87,0.230,,1,0,,
15.818,0.5000,0.5000,0.5000,0.5000,-6.45,9.94,0.203,,1,0,,
15.850,0.5000,0.5000,0.5000,0.5000,-6.51,9.87,0.165,,1,0,,
15.883,0.5000,0.5000,0.5000,0.5000,-6.56,9.82,0.156,,1,0,,
15.914,0.5000,0.5000,0.5000,0.5000,-6.60,9.78,0.155,,1,0,,
15.946,0.5000,0.5000,0.5000,0.5000,-6.58,9.74,0.157,,1,0,,
15.979,0.5000,0.5000,0.5000,0.5000,-6.56,9.68,0.161,,1,0,,
16.009,0.5000,0.5000,0.5000,0.5000,-6.57,9.66,0.172,,1,0,,
16.042,0.5000,0.5000,0.5000,0.5000,-6.56,9.62,0.175,,1,0,,
16.074,0.5000,0.5000,0.5000,0.5000,-6.56,9.61,0.178,,1,0,,
16.106,0.5000,0.5000,0.5000,0.5000,-6.55,9.58,0.175,,1,0,,
16.137,0.5000,0.5000,0.5000,0.5000,-6.52,9.58,0.175,,1,0,,
16.171,0.5000,0.5000,0.5000,0.5000,-6.46,9.58,0.193,,1,0,,
16.202,0.5000,0.5000,0.5000,0.5000,-6.43,9.55,0.206,,1,0,,
16.233,0.5000,0.5000,0.5000,0.5000,-6.39,9.50,0.207,,1,0,,
16.266,0.5000,0.5000,0.5000,0.5000,-6.33,9.51,0.218,,1,0,,
16.298,0.5000,0.5000,0.5000,0.5000,-6.27,9.58,0.220,,1,0,,
16.346,0.5000,0.5000,0.5000,0.5000,-6.22,9.73,0.207,,1,0,,
16.381,0.5000,0.5000,0.5000,0.5000,-6.17,9.74,0.219,,1,0,,
16.411,0.5000,0.5000,0.5000,0.5000,-6.14,9.74,0.220,,1,0,,
16.442,0.5000,0.5000,0.5000,0.5000,-6.11,9.75,0.228,,1,0,,
16.476,0.5000,0.5000,0.5000,0.5000,-6.07,9.94,0.225,,1,0,,
16.506,0.5000,0.5000,0.5000,0.5000,-6.04,10.09,0.223,,1,0,,
16.540,0.5000,0.5000,0.5000,0.5000,-6.00,10.25,0.230,,1,0,,
16.573,0.5000,0.5000,0.5000,0.5000,-5.99,10.34,0.201,,1,0,,
16.605,0.5000,0.5000,0.5000,0.5000,-5.97,10.48,0.236,,1,0,,
16.636,0.5000,0.5000,0.5000,0.5000,-5.91,10.68,0.305,,1,0,,
16.666,0.5000,0.5000,0.5000,0.5000,-5.85,10.97,0.355,,1,0,,
16.699,0.5000,0.5000,0.5000,0.5000,-5.80,11.28,0.366,,1,0,,
16.731,0.5000,0.5000,0.5000,0.5000,-5.78,11.53,0.370,,1,0,,
16.761,0.5000,0.5000,0.5000,0.5000,-5.74,11.83,0.371,,1,0,,
16.793,0.5000,0.5000,0.5000,0.5000,-5.71,12.09,0.363,,1,0,,
16.826,0.5000,0.5000,0.5000,0.5000,-5.66,12.37,0.368,,1,0,,
16.858,0.5000,0.5000,0.5000,0.5000,-5.64,12.66,0.366,,1,0,,
16.906,0.5000,0.5000,0.5000,0.5000,-5.62,13.02,0.364,,1,0,,
16.939,0.5000,0.5000,0.5000,0.5000,-5.61,13.27,0.365,,1,0,,
16.970,0.5000,0.5000,0.5000,0.5000,-5.59,13.47,0.377,,1,0,,
17.003,0.5000,0.5000,0.5000,0.5000,-5.56,13.70,0.381,,1,0,,
17.033,0.5000,0.5000,0.5000,0.5000,-5.55,13.85,0.380,,1,0,,
17.067,0.5000,0.5000,0.5000,0.5000,-5.55,14.01,0.380,,1,0,,
17.097,0.5000,0.5000,0.5000,0.5000,-5.53,14.13,0.373,,1,0,,
17.129,0.5000,0.5000,0.5000,0.5000,-5.51,14.24,0.371,,1,0,,
17.162,0.5000,0.5000,0.5000,0.5000,-5.50,14.35,0.360,,1,0,,
17.193,0.5000,0.5000,0.5000,0.5000,-5.48,14.50,0.356,,1,0,,
17.226,0.5000,0.5000,0.5000,0.5000,-5.46,14.57,0.342,,1,0,,
17.259,0.5000,0.5000,0.5000,0.5000,-5.45,14.61,0.332,,1,0,,
17.290,0.5000,0.5000,0.5000,0.5000,-5.41,14.62,0.331,,1,0,,
17.322,0.5000,0.5000,0.5000,0.5000,-5.37,14.65,0.320,,1,0,,
17.357,0.5000,0.5000,0.5000,0.5000,-5.36,14.62,0.305,,1,0,,
17.389,0.5000,0.5000,0.5000,0.5000,-5.33,14.55,0.298,,1,0,,
17.456,0.5000,0.5000,0.5000,0.5000,-5.29,14.51,0.298,,1,0,,
17.498,0.5000,0.5000,0.5000,0.5000,-5.26,14.50,0.301,,1,0,,
17.530,0.5000,0.5000,0.5000,0.5000,-5.27,14.47,0.287,,1,0,,
17.552,0.5000,0.5000,0.5000,0.5000,-5.28,14.45,0.276,,1,0,,
17.574,0.5000,0.5000,0.5000,0.5000,-5.29,14.40,0.261,,1,0,,
17.597,0.5000,0.5000,0.5000,0.5000,-5.29,14.30,0.259,,1,0,,
17.627,0.5000,0.5000,0.5000,0.5000,-5.29,14.19,0.251,,1,0,,
17.657,0.5000,0.5000,0.5000,0.5000,-5.27,14.12,0.243,,1,0,,
17.690,0.5000,0.5000,0.5000,0.5000,-5.25,14.02,0.234,,1,0,,
17.724,0.5000,0.5000,0.5000,0.5000,-5.23,13.89,0.211,,1,0,,
17.754,0.5000,0.5000,0.5000,0.5000,-5.19,13.80,0.221,,1,0,,
17.785,0.5000,0.5000,0.5000,0.5000,-5.13,13.70,0.208,,1,0,,
17.851,0.5000,0.5000,0.5000,0.5000,-5.05,13.45,0.198,,1,0,,
17.883,0.5000,0.5000,0.5000,0.5000,-5.03,13.45,0.256,,1,0,,
17.917,0.5000,0.5000,0.5000,0.5000,-4.97,13.44,0.294,,1,0,,
17.945,0.5000,0.5000,0.5000,0.5000,-4.93,13.55,0.307,,1,0,,
17.978,0.5000,0.5000,0.5000,0.5000,-4.85,13.56,0.313,,1,0,,
18.012,0.5000,0.5000,0.5000,0.5000,-4.77,13.62,0.317,,1,0,,
18.061,0.5000,0.5000,0.5000,0.5000,-4.68,13.86,0.327,,1,0,,
18.091,0.5000,0.5000,0.5000,0.5000,-4.62,14.03,0.327,,1,0,,
18.114,0.5000,0.5000,0.5000,0.5000,-4.58,14.15,0.328,,1,0,,
18.138,0.5000,0.5000,0.5000,0.5000,-4.55,14.26,0.329,,1,0,,
18.160,0.5000,0.5000,0.5000,0.5000,-4.52,14.37,0.329,,1,0,,
18.186,0.5000,0.5000,0.5000,0.5000,-4.49,14.47,0.325,,1,0,,
18.252,0.5000,0.5000,0.5000,0.5000,-4.43,14.78,0.321,,1,0,,
18.281,0.5000,0.5000,0.5000,0.5000,-4.40,14.93,0.326,,1,0,,
18.314,0.5000,0.5000,0.5000,0.5000,-4.38,15.11,0.325,,1,0,,
18.346,0.5000,0.5000,0.5000,0.5000,-4.37,15.21,0.326,,1,0,,
18.378,0.5000,0.5000,0.5000,0.5000,-4.36,15.32,0.324,,1,0,,
18.409,0.5000,0.5000,0.5000,0.5000,-4.34,15.42,0.318,,1,0,,
18.442,0.5000,0.5000,0.5000,0.5000,-4.33,15.47,0.323,,1,0,,
18.475,0.5000,0.5000,0.5000,0.5000,-4.32,15.52,0.323,,1,0,,
18.507,0.5000,0.5000,0.5000,0.5000,-4.31,15.56,0.317,,1,0,,
18.538,0.5000,0.5000,0.5000,0.5000,-4.30,15.60,0.308,,1,0,,
18.570,0.5000,0.5000,0.5000,0.5000,-4.30,15.66,0.299,,1,0,,
18.620,0.5000,0.5000,0.5000,0.5000,-4.31,15.68,0.274,,1,0,,
18.650,0.5000,0.5000,0.5000,0.5000,-4.35,15.63,0.265,,1,0,,
18.682,0.5000,0.5000,0.5000,0.5000,-4.39,15.60,0.256,,1,0,,
18.715,0.5000,0.5000,0.5000,0.5000,-4.44,15.51,0.235,,1,0,,
18.747,0.5000,0.5000,0.5000,0.5000,-4.45,15.47,0.246,,1,0,,
18.779,0.5000,0.5000,0.5000,0.5000,-4.47,15.43,0.254,,1,0,,
18.810,0.5000,0.5000,0.5000,0.5000,-4.49,15.41,0.257,,1,0,,
18.842,0.5000,0.5000,0.5000,0.5000,-4.52,15.41,0.261,,1,0,,
18.875,0.5000,0.5000,0.5000,0.5000,-4.54,15.43,0.258,,1,0,,
18.907,0.5000,0.5000,0.5000,0.5000,-4.54,15.44,0.268,,1,0,,
18.939,0.5000,0.5000,0.5000,0.5000,-4.54,15.43,0.268,,1,0,,
18.972,0.5000,0.5000,0.5000,0.5000,-4.60,15.36,0.253,,1,0,,
19.001,0.5000,0.5000,0.5000,0.5000,-4.68,15.23,0.245,,1,0,,
19.033,0.5000,0.5000,0.5000,0.5000,-4.73,15.15,0.246,,1,0,,
19.068,0.5000,0.5000,0.5000,0.5000,-4.77,15.11,0.234,,1,0,,
19.099,0.5000,0.5000,0.5000,0.5000,-4.79,15.11,0.252,,1,0,,
19.132,0.5000,0.5000,0.5000,0.5000,-4.76,15.13,0.274,,1,0,,
19.168,0.5000,0.5000,0.5000,0.5000,-4.73,15.17,0.284,,1,0,,
19.209,0.5000,0.5000,0.5000,0.5000,-4.69,15.28,0.299,,1,0,,
19.242,0.5000,0.5000,0.5000,0.5000,-4.65,15.37,0.297,,1,0,,
19.273,0.5000,0.5000,0.5000,0.5000,-4.61,15.46,0.296,,1,0,,
19.307,0.5000,0.5000,0.5000,0.5000,-4.58,15.47,0.292,,1,0,,
19.338,0.5000,0.5000,0.5000,0.5000,-4.56,15.48,0.288,,1,0,,
19.372,0.5000,0.5000,0.5000,0.5000,-4.57,15.52,0.286,,1,0,,
19.404,0.5000,0.5000,0.5000,0.5000,-4.56,15.55,0.282,,1,0,,
19.433,0.5000,0.5000,0.5000,0.5000,-4.54,15.58,0.282,,1,0,,
19.465,0.5000,0.5000,0.5000,0.5000,-4.51,15.61,0.285,,1,0,,
19.498,0.5000,0.5000,0.5000,0.5000,-4.50,15.58,0.285,,1,0,,
19.530,0.5000,0.5000,0.5000,0.5000,-4.51,15.53,0.285,,1,0,,
19.562,0.5000,0.5000,0.5000,0.5000,-4.52,15.46,0.282,,1,0,,
19.594,0.5000,0.5000,0.5000,0.5000,-4.53,15.41,0.297,,1,0,,
19.626,0.5000,0.5000,0.5000,0.5000,-4.52,15.41,0.290,,1,0,,
19.660,0.5000,0.5000,0.5000,0.5000,-4.50,15.43,0.286,,1,0,,
19.691,0.5000,0.5000,0.5000,0.5000,-4.46,15.40,0.273,,1,0,,
19.723,0.5000,0.5000,0.5000,0.5000,-4.45,15.36,0.257,,1,0,,
19.774,0.5000,0.5000,0.5000,0.5000,-4.47,15.22,0.242,,1,0,,
19.804,0.5000,0.5000,0.5000,0.5000,-4.49,15.11,0.224,,1,0,,
19.835,0.5000,0.5000,0.5000,0.5000,-4.50,14.98,0.221,,1,0,,
19.866,0.5000,0.5000,0.5000,0.5000,-4.52,14.88,0.228,,1,0,,
19.897,0.5000,0.5000,0.5000,0.5000,-4.53,14.77,0.221,,1,0,,
19.930,0.5000,0.5000,0.5000,0.5000,-4.56,14.62,0.202,,1,0,,
19.961,0.5000,0.5000,0.5000,0.5000,-4.58,14.51,0.194,,1,0,,
19.993,0.5000,0.5000,0.5000,0.5000,-4.60,14.33,0.212,,1,0,,
20.027,0.5000,0.5000,0.5000,0.5000,-4.58,14.27,0.261,,1,0,,
20.061,0.5000,0.5000,0.5000,0.5000,-4.55,14.26,0.273,,1,0,,
20.090,0.5000,0.5000,0.5000,0.5000,-4.52,14.27,0.277,,1,0,,
20.122,0.5000,0.5000,0.5000,0.5000,-4.51,14.30,0.275,,1,0,,
20.157,0.5000,0.5000,0.5000,0.5000,-4.50,14.32,0.274,,1,0,,
20.187,0.5000,0.5000,0.5000,0.5000,-4.49,14.35,0.271,,1,0,,
20.252,0.5000,0.5000,0.5000,0.5000,-4.45,14.37,0.256,,1,0,,
20.282,0.5000,0.5000,0.5000,0.5000,-4.44,14.39,0.254,,1,0,,
20.331,0.5000,0.5000,0.5000,0.5000,-4.44,14.40,0.265,,1,0,,
20.363,0.5000,0.5000,0.5000,0.5000,-4.39,14.48,0.273,,1,0,,
20.390,0.5000,0.5000,0.5000,0.5000,-4.35,14.55,0.276,,1,0,,
20.415,0.5000,0.5000,0.5000,0.5000,-4.31,14.60,0.285,,1,0,,
20.440,0.5000,0.5000,0.5000,0.5000,-4.28,14.62,0.276,,1,0,,
20.464,0.5000,0.5000,0.5000,0.5000,-4.24,14.62,0.273,,1,0,,
20.489,0.5000,0.5000,0.5000,0.5000,-4.22,14.62,0.291,,1,0,,
20.522,0.5000,0.5000,0.5000,0.5000,-4.22,14.60,0.274,,1,0,,
20.555,0.5000,0.5000,0.5000,0.5000,-4.22,14.58,0.257,,1,0,,
20.586,0.5000,0.5000,0.5000,0.5000,-4.21,14.58,0.257,,1,0,,
20.655,0.5000,0.5000,0.5000,0.5000,-4.30,14.36,0.196,,1,0,,
20.682,0.5000,0.5000,0.5000,0.5000,-4.33,14.30,0.199,,1,0,,
20.715,0.5000,0.5000,0.5000,0.5000,-4.36,14.21,0.199,,1,0,,
20.747,0.5000,0.5000,0.5000,0.5000,-4.39,14.14,0.197,,1,0,,
20.779,0.5000,0.5000,0.5000,0.5000,-4.43,14.07,0.197,,1,0,,
20.809,0.5000,0.5000,0.5000,0.5000,-4.47,14.07,0.206,,1,0,,
20.844,0.5000,0.5000,0.5000,0.5000,-4.51,14.06,0.205,,1,0,,
20.889,0.5000,0.5000,0.5000,0.5000,-4.55,13.99,0.206,,1,0,,
20.922,0.5000,0.5000,0.5000,0.5000,-4.58,13.90,0.203,,1,0,,
20.946,0.5000,0.5000,0.5000,0.5000,-4.60,13.83,0.205,,1,0,,
20.968,0.5000,0.5000,0.5000,0.5000,-4.62,13.77,0.206,,1,0,,
20.992,0.5000,0.5000,0.5000,0.5000,-4.64,13.71,0.206,,1,0,,
21.053,0.5000,0.5000,0.5000,0.5000,-4.56,13.79,0.251,,1,0,,
21.083,0.5000,0.5000,0.5000,0.5000,-4.53,13.83,0.239,,1,0,,
21.113,0.5000,0.5000,0.5000,0.5000,-4.50,13.89,0.257,,1,0,,
21.147,0.5000,0.5000,0.5000,0.5000,-4.49,13.96,0.264,,1,0,,
21.177,0.5000,0.5000,0.5000,0.5000,-4.47,14.04,0.264,,1,0,,
21.211,0.5000,0.5000,0.5000,0.5000,-4.47,14.14,0.270,,1,0,,
21.242,0.5000,0.5000,0.5000,0.5000,-4.48,14.18,0.272,,1,0,,
21.273,0.5000,0.5000,0.5000,0.5000,-4.46,14.20,0.266,,1,0,,
21.306,0.5000,0.5000,0.5000,0.5000,-4.45,14.16,0.254,,1,0,,
21.338,0.5000,0.5000,0.5000,0.5000,-4.46,14.16,0.268,,1,0,,
21.371,0.5000,0.5000,0.5000,0.5000,-4.47,14.11,0.261,,1,0,,
21.403,0.5000,0.5000,0.5000,0.5000,-4.49,14.11,0.264,,1,0,,
21.435,0.5000,0.5000,0.5000,0.5000,-4.50,14.11,0.256,,1,0,,
21.482,0.5000,0.5000,0.5000,0.5000,-4.51,14.12,0.264,,1,0,,
21.514,0.5000,0.5000,0.5000,0.5000,-4.53,14.13,0.263,,1,0,,
21.545,0.5000,0.5000,0.5000,0.5000,-4.54,14.17,0.262,,1,0,,
21.578,0.5000,0.5000,0.5000,0.5000,-4.56,14.14,0.250,,1,0,,
21.612,0.5000,0.5000,0.5000,0.5000,-4.58,14.12,0.251,,1,0,,
21.643,0.5000,0.5000,0.5000,0.5000,-4.60,14.11,0.251,,1,0,,
21.676,0.5000,0.5000,0.5000,0.5000,-4.62,14.06,0.253,,1,0,,
21.706,0.5000,0.5000,0.5000,0.5000,-4.63,14.04,0.260,,1,0,,
21.739,0.5000,0.5000,0.5000,0.5000,-4.62,14.01,0.262,,1,0,,
21.771,0.5000,0.5000,0.5000,0.5000,-4.63,13.97,0.256,,1,0,,
21.804,0.5000,0.5000,0.5000,0.5000,-4.63,13.93,0.257,,1,0,,
21.835,0.5000,0.5000,0.5000,0.5000,-4.64,13.94,0.265,,1,0,,
21.866,0.5000,0.5000,0.5000,0.5000,-4.64,13.90,0.265,,1,0,,
21.897,0.5000,0.5000,0.5000,0.5000,-4.63,13.85,0.259,,1,0,,
21.929,0.5000,0.5000,0.5000,0.5000,-4.62,13.82,0.261,,1,0,,
21.961,0.5000,0.5000,0.5000,0.5000,-4.61,13.82,0.246,,1,0,,
21.995,0.5000,0.5000,0.5000,0.5000,-4.63,13.80,0.230,,1,0,,
22.042,0.5000,0.5000,0.5000,0.5000,-4.67,13.78,0.234,,1,0,,
22.074,0.5000,0.5000,0.5000,0.5000,-4.70,13.66,0.225,,1,0,,
22.106,0.5000,0.5000,0.5000,0.5000,-4.73,13.61,0.227,,1,0,,
22.140,0.5000,0.5000,0.5000,0.5000,-4.74,13.54,0.234,,1,0,,
22.172,0.5000,0.5000,0.5000,0.5000,-4.76,13.53,0.236,,1,0,,
22.203,0.5000,0.5000,0.5000,0.5000,-4.77,13.53,0.232,,1,0,,
22.235,0.5000,0.5000,0.5000,0.5000,-4.78,13.47,0.228,,1,0,,
22.265,0.5000,0.5000,0.5000,0.5000,-4.83,13.31,0.222,,1,0,,
22.297,0.5000,0.5000,0.5000,0.5000,-4.85,13.20,0.221,,1,0,,
22.329,0.5000,0.5000,0.5000,0.5000,-4.88,13.08,0.223,,1,0,,
22.361,0.5000,0.5000,0.5000,0.5000,-4.92,12.83,0.222,,1,0,,
22.394,0.5000,0.5000,0.5000,0.5000,-4.94,12.62,0.223,,1,0,,
22.426,0.5000,0.5000,0.5000,0.5000,-4.98,12.51,0.233,,1,0,,
22.459,0.5000,0.5000,0.5000,0.5000,-4.99,12.45,0.234,,1,0,,
22.489,0.5000,0.5000,0.5000,0.5000,-4.99,12.37,0.231,,1,0,,
22.523,0.5000,0.5000,0.5000,0.5000,-5.00,12.28,0.233,,1,0,,
22.555,0.5000,0.5000,0.5000,0.5000,-5.00,12.20,0.232,,1,0,,
22.601,0.5000,0.5000,0.5000,0.5000,-4.90,12.24,0.243,,1,0,,
22.635,0.5000,0.5000,0.5000,0.5000,-4.83,12.24,0.241,,1,0,,
22.667,0.5000,0.5000,0.5000,0.5000,-4.80,12.28,0.253,,1,0,,
22.699,0.5000,0.5000,0.5000,0.5000,-4.79,12.25,0.244,,1,0,,
22.731,0.5000,0.5000,0.5000,0.5000,-4.81,12.16,0.234,,1,0,,
22.765,0.5000,0.5000,0.5000,0.5000,-4.85,12.06,0.234,,1,0,,
22.793,0.5000,0.5000,0.5000,0.5000,-4.88,12.03,0.239,,1,0,,
22.825,0.5000,0.5000,0.5000,0.5000,-4.90,11.98,0.241,,1,0,,
22.859,0.5000,0.5000,0.5000,0.5000,-4.91,11.95,0.247,,1,0,,
22.892,0.5000,0.5000,0.5000,0.5000,-4.95,11.93,0.230,,1,0,,
22.925,0.5000,0.5000,0.5000,0.5000,-4.98,11.92,0.238,,1,0,,
22.958,0.5000,0.5000,0.5000,0.5000,-5.01,11.88,0.227,,1,0,,
22.987,0.5000,0.5000,0.5000,0.5000,-5.04,11.81,0.227,,1,0,,
23.052,0.5000,0.5000,0.5000,0.5000,-5.11,11.75,0.232,,1,0,,
23.083,0.5000,0.5000,0.5000,0.5000,-5.14,11.73,0.235,,1,0,,
23.114,0.5000,0.5000,0.5000,0.5000,-5.17,11.70,0.218,,1,0,,
23.161,0.5000,0.5000,0.5000,0.5000,-5.18,11.62,0.220,,1,0,,
23.194,0.5000,0.5000,0.5000,0.5000,-5.19,11.58,0.213,,1,0,,
23.218,0.5000,0.5000,0.5000,0.5000,-5.19,11.56,0.210,,1,0,,
23.242,0.5000,0.5000,0.5000,0.5000,-5.21,11.55,0.207,,1,0,,
23.265,0.5000,0.5000,0.5000,0.5000,-5.22,11.51,0.218,,1,0,,
23.291,0.5000,0.5000,0.5000,0.5000,-5.26,11.43,0.214,,1,0,,
23.326,0.5000,0.5000,0.5000,0.5000,-5.30,11.33,0.210,,1,0,,
23.354,0.5000,0.5000,0.5000,0.5000,-5.33,11.24,0.212,,1,0,,
23.388,0.5000,0.5000,0.5000,0.5000,-5.35,11.15,0.210,,1,0,,
23.454,0.5000,0.5000,0.5000,0.5000,-5.36,11.15,0.213,,1,0,,
23.482,0.5000,0.5000,0.5000,0.5000,-5.37,11.10,0.192,,1,0,,
23.515,0.5000,0.5000,0.5000,0.5000,-5.36,11.09,0.199,,1,0,,
23.547,0.5000,0.5000,0.5000,0.5000,-5.35,11.09,0.201,,1,0,,
23.579,0.5000,0.5000,0.5000,0.5000,-5.34,11.06,0.199,,1,0,,
23.609,0.5000,0.5000,0.5000,0.5000,-5.32,11.00,0.178,,1,0,,
23.640,0.5000,0.5000,0.5000,0.5000,-5.33,10.93,0.171,,1,0,,
23.674,0.5000,0.5000,0.5000,0.5000,-5.37,10.83,0.177,,1,0,,
23.706,0.5000,0.5000,0.5000,0.5000,-5.41,10.74,0.177,,1,0,,
23.756,0.5000,0.5000,0.5000,0.5000,-5.48,10.66,0.172,,1,0,,
23.787,0.5000,0.5000,0.5000,0.5000,-5.50,10.62,0.178,,1,0,,
23.809,0.5000,0.5000,0.5000,0.5000,-5.51,10.59,0.179,,1,0,,
23.850,0.5000,0.5000,0.5000,0.5000,-5.56,10.46,0.180,,1,0,,
23.882,0.5000,0.5000,0.5000,0.5000,-5.58,10.40,0.182,,1,0,,
23.914,0.5000,0.5000,0.5000,0.5000,-5.59,10.32,0.181,,1,0,,
23.947,0.5000,0.5000,0.5000,0.5000,-5.61,10.21,0.163,,1,0,,
23.978,0.5000,0.5000,0.5000,0.5000,-5.63,10.15,0.162,,1,0,,
24.011,0.5000,0.5000,0.5000,0.5000,-5.63,10.10,0.169,,1,0,,
24.043,0.5000,0.5000,0.5000,0.5000,-5.67,10.05,0.184,,1,0,,
24.073,0.5000,0.5000,0.5000,0.5000,-5.70,10.05,0.207,,1,0,,
24.106,0.5000,0.5000,0.5000,0.5000,-5.71,10.09,0.219,,1,0,,
24.140,0.5000,0.5000,0.5000,0.5000,-5.72,10.14,0.223,,1,0,,
24.172,0.5000,0.5000,0.5000,0.5000,-5.71,10.21,0.253,,1,0,,
24.204,0.5000,0.5000,0.5000,0.5000,-5.75,10.14,0.248,,1,0,,
24.236,0.5000,0.5000,0.5000,0.5000,-5.76,10.11,0.252,,1,0,,
24.267,0.5000,0.5000,0.5000,0.5000,-5.78,10.05,0.255,,1,0,,
24.315,0.5000,0.5000,0.5000,0.5000,-5.75,10.07,0.263,,1,0,,
24.345,0.5000,0.5000,0.5000,0.5000,-5.75,10.15,0.253,,1,0,,
24.378,0.5000,0.5000,0.5000,0.5000,-5.73,10.25,0.263,,1,0,,
24.411,0.5000,0.5000,0.5000,0.5000,-5.66,10.28,0.265,,1,0,,
24.443,0.5000,0.5000,0.5000,0.5000,-5.60,10.33,0.267,,1,0,,
24.474,0.5000,0.5000,0.5000,0.5000,-5.54,10.41,0.275,,1,0,,
24.507,0.5000,0.5000,0.5000,0.5000,-5.48,10.50,0.276,,1,0,,
24.539,0.5000,0.5000,0.5000,0.5000,-5.42,10.56,0.280,,1,0,,
24.571,0.5000,0.5000,0.5000,0.5000,-5.38,10.56,0.278,,1,0,,
24.604,0.5000,0.5000,0.5000,0.5000,-5.37,10.57,0.273,,1,0,,
24.635,0.5000,0.5000,0.5000,0.5000,-5.36,10.59,0.275,,1,0,,
24.666,0.5000,0.5000,0.5000,0.5000,-5.37,10.61,0.281,,1,0,,
24.697,0.5000,0.5000,0.5000,0.5000,-5.37,10.64,0.274,,1,0,,
24.731,0.5000,0.5000,0.5000,0.5000,-5.41,10.59,0.243,,1,0,,
24.764,0.5000,0.5000,0.5000,0.5000,-5.43,10.56,0.249,,1,0,,
24.793,0.5000,0.5000,0.5000,0.5000,-5.45,10.53,0.238,,1,0,,
24.826,0.5000,0.5000,0.5000,0.5000,-5.45,10.52,0.259,,1,0,,
24.874,0.5000,0.5000,0.5000,0.5000,-5.51,10.33,0.221,,1,0,,
24.906,0.5000,0.5000,0.5000,0.5000,-5.54,10.20,0.221,,1,0,,
24.939,0.5000,0.5000,0.5000,0.5000,-5.56,10.07,0.212,,1,0,,
24.971,0.5000,0.5000,0.5000,0.5000,-5.61,10.01,0.210,,1,0,,
25.003,0.5000,0.5000,0.5000,0.5000,-5.65,9.93,0.228,,1,0,,
25.034,0.5000,0.5000,0.5000,0.5000,-5.70,9.82,0.217,,1,0,,
25.066,0.5000,0.5000,0.5000,0.5000,-5.74,9.69,0.214,,1,0,,
25.097,0.5000,0.5000,0.5000,0.5000,-5.79,9.57,0.210,,1,0,,
25.131,0.5000,0.5000,0.5000,0.5000,-5.82,9.50,0.210,,1,0,,
25.162,0.5000,0.5000,0.5000,0.5000,-5.83,9.45,0.214,,1,0,,
25.194,0.5000,0.5000,0.5000,0.5000,-5.84,9.43,0.218,,1,0,,
25.227,0.5000,0.5000,0.5000,0.5000,-5.85,9.41,0.219,,1,0,,
25.257,0.5000,0.5000,0.5000,0.5000,-5.86,9.39,0.215,,1,0,,
25.290,0.5000,0.5000,0.5000,0.5000,-5.86,9.40,0.229,,1,0,,
25.322,0.5000,0.5000,0.5000,0.5000,-5.86,9.34,0.206,,1,0,,
25.355,0.5000,0.5000,0.5000,0.5000,-5.86,9.24,0.199,,1,0,,
25.388,0.5000,0.5000,0.5000,0.5000,-5.87,9.15,0.201,,1,0,,
25.466,0.5000,0.5000,0.5000,0.5000,-5.97,8.84,0.183,,1,0,,
25.490,0.5000,0.5000,0.5000,0.5000,-6.00,8.76,0.180,,1,0,,
25.511,0.5000,0.5000,0.5000,0.5000,-6.02,8.71,0.181,,1,0,,
25.534,0.5000,0.5000,0.5000,0.5000,-6.05,8.66,0.177,,1,0,,
25.561,0.5000,0.5000,0.5000,0.5000,-6.07,8.54,0.179,,1,0,,
25.595,0.5000,0.5000,0.5000,0.5000,-6.08,8.44,0.186,,1,0,,
25.625,0.5000,0.5000,0.5000,0.5000,-6.08,8.36,0.204,,1,0,,
25.658,0.5000,0.5000,0.5000,0.5000,-6.07,8.32,0.208,,1,0,,
25.689,0.5000,0.5000,0.5000,0.5000,-6.06,8.28,0.199,,1,0,,
25.723,0.5000,0.5000,0.5000,0.5000,-6.06,8.19,0.192,,1,0,,
25.756,0.5000,0.5000,0.5000,0.5000,-6.07,7.96,0.181,,1,0,,
25.787,0.5000,0.5000,0.5000,0.5000,-6.08,7.76,0.185,,1,0,,
25.855,0.5000,0.5000,0.5000,0.5000,-6.10,7.55,0.200,,1,0,,
25.883,0.5000,0.5000,0.5000,0.5000,-6.11,7.49,0.202,,1,0,,
25.914,0.5000,0.5000,0.5000,0.5000,-6.11,7.46,0.202,,1,0,,
25.947,0.5000,0.5000,0.5000,0.5000,-6.10,7.48,0.205,,1,0,,
25.978,0.5000,0.5000,0.5000,0.5000,-6.09,7.52,0.209,,1,0,,
26.026,0.5000,0.5000,0.5000,0.5000,-6.13,7.55,0.205,,1,0,,
26.061,0.5000,0.5000,0.5000,0.5000,-6.13,7.58,0.209,,1,0,,
26.085,0.5000,0.5000,0.5000,0.5000,-6.13,7.59,0.213,,1,0,,
26.108,0.5000,0.5000,0.5000,0.5000,-6.11,7.61,0.219,,1,0,,
26.132,0.5000,0.5000,0.5000,0.5000,-6.11,7.63,0.219,,1,0,,
26.154,0.5000,0.5000,0.5000,0.5000,-6.11,7.63,0.223,,1,0,,
26.186,0.5000,0.5000,0.5000,0.5000,-6.13,7.58,0.213,,1,0,,
26.258,0.5000,0.5000,0.5000,0.5000,-6.12,7.36,0.152,,1,0,,
26.283,0.5000,0.5000,0.5000,0.5000,-6.13,7.24,0.143,,1,0,,
26.314,0.5000,0.5000,0.5000,0.5000,-6.14,7.15,0.143,,1,0,,
26.346,0.5000,0.5000,0.5000,0.5000,-6.14,7.03,0.147,,1,0,,
26.378,0.5000,0.5000,0.5000,0.5000,-6.19,6.93,0.164,,1,0,,
26.410,0.5000,0.5000,0.5000,0.5000,-6.22,6.84,0.168,,1,0,,
26.442,0.5000,0.5000,0.5000,0.5000,-6.25,6.74,0.176,,1,0,,
26.477,0.5000,0.5000,0.5000,0.5000,-6.25,6.65,0.186,,1,0,,
26.506,0.5000,0.5000,0.5000,0.5000,-6.24,6.57,0.193,,1,0,,
26.539,0.5000,0.5000,0.5000,0.5000,-6.25,6.49,0.188,,1,0,,
26.586,0.5000,0.5000,0.5000,0.5000,-6.25,6.34,0.186,,1,0,,
26.618,0.5000,0.5000,0.5000,0.5000,-6.26,6.23,0.187,,1,0,,
26.650,0.5000,0.5000,0.5000,0.5000,-6.26,6.18,0.194,,1,0,,
26.682,0.5000,0.5000,0.5000,0.5000,-6.26,6.23,0.200,,1,0,,
26.713,0.5000,0.5000,0.5000,0.5000,-6.26,6.21,0.208,,1,0,,
26.745,0.5000,0.5000,0.5000,0.5000,-6.24,6.27,0.224,,1,0,,
26.777,0.5000,0.5000,0.5000,0.5000,-6.22,6.23,0.224,,1,0,,
26.810,0.5000,0.5000,0.5000,0.5000,-6.20,6.17,0.224,,1,0,,
26.842,0.5000,0.5000,0.5000,0.5000,-6.20,6.11,0.220,,1,0,,
26.875,0.5000,0.5000,0.5000,0.5000,-6.21,6.03,0.206,,1,0,,
26.907,0.5000,0.5000,0.5000,0.5000,-6.24,5.99,0.197,,1,0,,
26.939,0.5000,0.5000,0.5000,0.5000,-6.26,5.95,0.185,,1,0,,
26.971,0.5000,0.5000,0.5000,0.5000,-6.27,5.91,0.188,,1,0,,
27.004,0.5000,0.5000,0.5000,0.5000,-6.27,5.96,0.188,,1,0,,
27.036,0.5000,0.5000,0.5000,0.5000,-6.28,5.90,0.201,,1,0,,
27.067,0.5000,0.5000,0.5000,0.5000,-6.30,5.89,0.200,,1,0,,
27.100,0.5000,0.5000,0.5000,0.5000,-6.33,5.89,0.199,,1,0,,
27.146,0.5000,0.5000,0.5000,0.5000,-6.32,5.81,0.220,,1,0,,
27.178,0.5000,0.5000,0.5000,0.5000,-6.29,5.85,0.256,,1,0,,
27.210,0.5000,0.5000,0.5000,0.5000,-6.27,5.94,0.268,,1,0,,
27.243,0.5000,0.5000,0.5000,0.5000,-6.25,6.00,0.255,,1,0,,
27.274,0.5000,0.5000,0.5000,0.5000,-6.21,6.07,0.253,,1,0,,
27.307,0.5000,0.5000,0.5000,0.5000,-6.10,6.14,0.263,,1,0,,
27.338,0.5000,0.5000,0.5000,0.5000,-6.03,6.26,0.244,,1,0,,
27.370,0.5000,0.5000,0.5000,0.5000,-5.92,6.36,0.262,,1,0,,
27.404,0.5000,0.5000,0.5000,0.5000,-5.83,6.38,0.261,,1,0,,
27.435,0.5000,0.5000,0.5000,0.5000,-5.77,6.41,0.271,,1,0,,
27.466,0.5000,0.5000,0.5000,0.5000,-5.71,6.39,0.271,,1,0,,
27.499,0.5000,0.5000,0.5000,0.5000,-5.66,6.37,0.255,,1,0,,
27.530,0.5000,0.5000,0.5000,0.5000,-5.63,6.36,0.248,,1,0,,
27.563,0.5000,0.5000,0.5000,0.5000,-5.59,6.39,0.255,,1,0,,
27.595,0.5000,0.5000,0.5000,0.5000,-5.56,6.37,0.248,,1,0,,
27.626,0.5000,0.5000,0.5000,0.5000,-5.54,6.37,0.223,,1,0,,
27.658,0.5000,0.5000,0.5000,0.5000,-5.50,6.29,0.227,,1,0,,
27.691,0.5000,0.5000,0.5000,0.5000,-5.46,6.23,0.232,,1,0,,
27.737,0.5000,0.5000,0.5000,0.5000,-5.36,6.18,0.246,,1,0,,
27.772,0.5000,0.5000,0.5000,0.5000,-5.30,6.14,0.251,,1,0,,
27.804,0.5000,0.5000,0.5000,0.5000,-5.24,6.06,0.254,,1,0,,
27.835,0.5000,0.5000,0.5000,0.5000,-5.15,5.94,0.240,,1,0,,
27.865,0.5000,0.5000,0.5000,0.5000,-5.08,5.84,0.246,,1,0,,
27.898,0.5000,0.5000,0.5000,0.5000,-5.03,5.79,0.237,,1,0,,
27.932,0.5000,0.5000,0.5000,0.5000,-5.00,5.76,0.238,,1,0,,
27.962,0.5000,0.5000,0.5000,0.5000,-4.96,5.76,0.237,,1,0,,
27.994,0.5000,0.5000,0.5000,0.5000,-4.90,5.71,0.254,,1,0,,
28.027,0.5000,0.5000,0.5000,0.5000,-4.87,5.71,0.262,,1,0,,
28.061,0.5000,0.5000,0.5000,0.5000,-4.90,5.63,0.243,,1,0,,
28.091,0.5000,0.5000,0.5000,0.5000,-4.93,5.50,0.248,,1,0,,
28.121,0.5000,0.5000,0.5000,0.5000,-4.99,5.34,0.150,,1,0,,
28.154,0.5000,0.5000,0.5000,0.5000,-5.10,5.14,0.097,,1,0,,
28.188,0.5000,0.5000,0.5000,0.5000,-5.21,4.90,0.085,,1,0,,
28.257,0.5000,0.5000,0.5000,0.5000,-5.36,4.50,0.109,,1,0,,
28.297,0.5000,0.5000,0.5000,0.5000,-5.39,4.19,0.135,,1,0,,
28.329,0.5000,0.5000,0.5000,0.5000,-5.41,4.04,0.146,,1,0,,
28.353,0.5000,0.5000,0.5000,0.5000,-5.42,3.97,0.146,,1,0,,
28.376,0.5000,0.5000,0.5000,0.5000,-5.43,3.89,0.156,,1,0,,
28.402,0.5000,0.5000,0.5000,0.5000,-5.43,3.81,0.152,,1,0,,
28.425,0.5000,0.5000,0.5000,0.5000,-5.43,3.71,0.163,,1,0,,
28.457,0.5000,0.5000,0.5000,0.5000,-5.46,3.65,0.161,,1,0,,
28.491,0.5000,0.5000,0.5000,0.5000,-5.46,3.59,0.166,,1,0,,
28.524,0.5000,0.5000,0.5000,0.5000,-5.51,3.50,0.162,,1,0,,
28.555,0.5000,0.5000,0.5000,0.5000,-5.55,3.44,0.150,,1,0,,
28.588,0.5000,0.5000,0.5000,0.5000,-5.59,3.35,0.165,,1,0,,
28.654,0.5000,0.5000,0.5000,0.5000,-5.58,3.14,0.166,,1,0,,
28.682,0.5000,0.5000,0.5000,0.5000,-5.56,3.07,0.176,,1,0,,
28.715,0.5000,0.5000,0.5000,0.5000,-5.57,2.97,0.183,,1,0,,
28.746,0.5000,0.5000,0.5000,0.5000,-5.60,2.89,0.180,,1,0,,
28.778,0.5000,0.5000,0.5000,0.5000,-5.63,2.83,0.173,,1,0,,
28.809,0.5000,0.5000,0.5000,0.5000,-5.66,2.74,0.171,,1,0,,
28.858,0.5000,0.5000,0.5000,0.5000,-5.67,2.60,0.168,,1,0,,
28.890,0.5000,0.5000,0.5000,0.5000,-5.65,2.60,0.187,,1,0,,
28.915,0.5000,0.5000,0.5000,0.5000,-5.63,2.64,0.193,,1,0,,
28.936,0.5000,0.5000,0.5000,0.5000,-5.63,2.66,0.190,,1,0,,
28.960,0.5000,0.5000,0.5000,0.5000,-5.62,2.69,0.193,,1,0,,
28.988,0.5000,0.5000,0.5000,0.5000,-5.62,2.70,0.191,,1,0,,
29.051,0.5000,0.5000,0.5000,0.5000,-5.60,2.76,0.186,,1,0,,
29.084,0.5000,0.5000,0.5000,0.5000,-5.63,2.74,0.173,,1,0,,
29.113,0.5000,0.5000,0.5000,0.5000,-5.64,2.72,0.169,,1,0,,
29.146,0.5000,0.5000,0.5000,0.5000,-5.66,2.66,0.169,,1,0,,
29.181,0.5000,0.5000,0.5000,0.5000,-5.69,2.62,0.172,,1,0,,
29.209,0.5000,0.5000,0.5000,0.5000,-5.71,2.53,0.162,,1,0,,
29.243,0.5000,0.5000,0.5000,0.5000,-5.74,2.48,0.174,,1,0,,
29.275,0.5000,0.5000,0.5000,0.5000,-5.77,2.40,0.152,,1,0,,
29.307,0.5000,0.5000,0.5000,0.5000,-5.79,2.32,0.135,,1,0,,
29.339,0.5000,0.5000,0.5000,0.5000,-5.82,2.23,0.133,,1,0,,
29.371,0.5000,0.5000,0.5000,0.5000,-5.86,2.19,0.108,,1,0,,
29.417,0.5000,0.5000,0.5000,0.5000,-5.93,2.19,0.131,,1,0,,
29.450,0.5000,0.5000,0.5000,0.5000,-5.98,2.14,0.135,,1,0,,
29.482,0.5000,0.5000,0.5000,0.5000,-6.00,2.11,0.136,,1,0,,
29.514,0.5000,0.5000,0.5000,0.5000,-6.01,2.08,0.156,,1,0,,
29.547,0.5000,0.5000,0.5000,0.5000,-6.04,1.96,0.168,,1,0,,
29.578,0.5000,0.5000,0.5000,0.5000,-6.07,1.87,0.146,,1,0,,
29.609,0.5000,0.5000,0.5000,0.5000,-6.08,1.76,0.168,,1,0,,
29.643,0.5000,0.5000,0.5000,0.5000,-6.08,1.64,0.161,,1,0,,
29.679,0.5000,0.5000,0.5000,0.5000,-6.11,1.49,0.148,,1,0,,
29.708,0.5000,0.5000,0.5000,0.5000,-6.14,1.32,0.141,,1,0,,
29.738,0.5000,0.5000,0.5000,0.5000,-6.19,1.21,0.134,,1,0,,
29.771,0.5000,0.5000,0.5000,0.5000,-6.23,1.14,0.127,,1,0,,
29.803,0.5000,0.5000,0.5000,0.5000,-6.27,1.06,0.161,,1,0,,
29.834,0.5000,0.5000,0.5000,0.5000,-6.28,0.98,0.155,,1,0,,
29.866,0.5000,0.5000,0.5000,0.5000,-6.31,0.89,0.152,,1,0,,
29.899,0.5000,0.5000,0.5000,0.5000,-6.29,0.91,0.150,,1,0,,
29.929,0.5000,0.5000,0.5000,0.5000,-6.26,0.88,0.176,,1,0,,
29.961,0.5000,0.5000,0.5000,0.5000,-6.23,0.81,0.162,,1,0,,
30.011,0.5000,0.5000,0.5000,0.5000,-6.18,0.77,0.163,,1,0,,
30.044,0.5000,0.5000,0.5000,0.5000,-6.18,0.76,0.142,,1,0,,
30.076,0.5000,0.5000,0.5000,0.5000,-6.17,0.74,0.162,,1,0,,
30.106,0.5000,0.5000,0.5000,0.5000,-6.20,0.72,0.151,,1,0,,
30.139,0.5000,0.5000,0.5000,0.5000,-6.21,0.69,0.152,,1,0,,
30.170,0.5000,0.5000,0.5000,0.5000,-6.24,0.67,0.150,,1,0,,
30.203,0.5000,0.5000,0.5000,0.5000,-6.28,0.64,0.158,,1,0,,
30.234,0.5000,0.5000,0.5000,0.5000,-6.31,0.70,0.152,,1,0,,
30.266,0.5000,0.5000,0.5000,0.5000,-6.34,0.76,0.160,,1,0,,
30.297,0.5000,0.5000,0.5000,0.5000,-6.34,0.80,0.168,,1,0,,
30.329,0.5000,0.5000,0.5000,0.5000,-6.34,0.84,0.173,,1,0,,
30.362,0.5000,0.5000,0.5000,0.5000,-6.32,0.92,0.173,,1,0,,
30.394,0.5000,0.5000,0.5000,0.5000,-6.30,0.99,0.178,,1,0,,
30.426,0.5000,0.5000,0.5000,0.5000,-6.27,1.05,0.178,,1,0,,
30.459,0.5000,0.5000,0.5000,0.5000,-6.24,1.11,0.172,,1,0,,
30.490,0.5000,0.5000,0.5000,0.5000,-6.25,1.15,0.166,,1,0,,
30.522,0.5000,0.5000,0.5000,0.5000,-6.26,1.18,0.175,,1,0,,
30.572,0.5000,0.5000,0.5000,0.5000,-6.23,1.27,0.179,,1,0,,
30.603,0.5000,0.5000,0.5000,0.5000,-6.21,1.41,0.179,,1,0,,
30.634,0.5000,0.5000,0.5000,0.5000,-6.21,1.40,0.170,,1,0,,
30.667,0.5000,0.5000,0.5000,0.5000,-6.19,1.37,0.163,,1,0,,
30.700,0.5000,0.5000,0.5000,0.5000,-6.19,1.33,0.160,,1,0,,
30.732,0.5000,0.5000,0.5000,0.5000,-6.20,1.31,0.164,,1,0,,
30.761,0.5000,0.5000,0.5000,0.5000,-6.20,1.31,0.163,,1,0,,
30.794,0.5000,0.5000,0.5000,0.5000,-6.20,1.36,0.165,,1,0,,
30.825,0.5000,0.5000,0.5000,0.5000,-6.17,1.40,0.165,,1,0,,
30.857,0.5000,0.5000,0.5000,0.5000,-6.15,1.39,0.163,,1,0,,
30.889,0.5000,0.5000,0.5000,0.5000,-6.14,1.44,0.162,,1,0,,
30.922,0.5000,0.5000,0.5000,0.5000,-6.14,1.46,0.156,,1,0,,
30.955,0.5000,0.5000,0.5000,0.5000,-6.13,1.46,0.156,,1,0,,
30.986,0.5000,0.5000,0.5000,0.5000,-6.14,1.40,0.146,,1,0,,
31.051,0.5000,0.5000,0.5000,0.5000,-6.16,1.42,0.152,,1,0,,
31.082,0.5000,0.5000,0.5000,0.5000,-6.15,1.39,0.157,,1,0,,
31.129,0.5000,0.5000,0.5000,0.5000,-6.14,1.35,0.152,,1,0,,
31.161,0.5000,0.5000,0.5000,0.5000,-6.13,1.31,0.157,,1,0,,
31.186,0.5000,0.5000,0.5000,0.5000,-6.12,1.26,0.162,,1,0,,
31.207,0.5000,0.5000,0.5000,0.5000,-6.12,1.27,0.163,,1,0,,
31.232,0.5000,0.5000,0.5000,0.5000,-6.11,1.27,0.166,,1,0,,
31.259,0.5000,0.5000,0.5000,0.5000,-6.10,1.29,0.169,,1,0,,
31.290,0.5000,0.5000,0.5000,0.5000,-6.10,1.31,0.166,,1,0,,
31.323,0.5000,0.5000,0.5000,0.5000,-6.10,1.35,0.157,,1,0,,
31.354,0.5000,0.5000,0.5000,0.5000,-6.10,1.34,0.159,,1,0,,
31.387,0.5000,0.5000,0.5000,0.5000,-6.12,1.32,0.141,,1,0,,
31.453,0.5000,0.5000,0.5000,0.5000,-6.22,1.20,0.137,,1,0,,
31.482,0.5000,0.5000,0.5000,0.5000,-6.26,1.10,0.137,,1,0,,
31.515,0.5000,0.5000,0.5000,0.5000,-6.23,1.06,0.149,,1,0,,
31.546,0.5000,0.5000,0.5000,0.5000,-6.18,0.99,0.168,,1,0,,
31.577,0.5000,0.5000,0.5000,0.5000,-6.15,0.94,0.169,,1,0,,
31.610,0.5000,0.5000,0.5000,0.5000,-6.12,1.02,0.170,,1,0,,
31.642,0.5000,0.5000,0.5000,0.5000,-6.11,1.02,0.144,,1,0,,
31.694,0.5000,0.5000,0.5000,0.5000,-6.09,1.04,0.159,,1,0,,
31.722,0.5000,0.5000,0.5000,0.5000,-6.06,0.96,0.158,,1,0,,
31.745,0.5000,0.5000,0.5000,0.5000,-6.03,0.88,0.159,,1,0,,
31.767,0.5000,0.5000,0.5000,0.5000,-6.04,0.79,0.159,,1,0,,
31.790,0.5000,0.5000,0.5000,0.5000,-6.04,0.67,0.154,,1,0,,
31.855,0.5000,0.5000,0.5000,0.5000,-6.08,0.59,0.131,,1,0,,
31.884,0.5000,0.5000,0.5000,0.5000,-6.10,0.48,0.130,,1,0,,
31.914,0.5000,0.5000,0.5000,0.5000,-6.13,0.42,0.133,,1,0,,
31.946,0.5000,0.5000,0.5000,0.5000,-6.14,0.42,0.157,,1,0,,
31.979,0.5000,0.5000,0.5000,0.5000,-6.16,0.43,0.151,,1,0,,
32.010,0.5000,0.5000,0.5000,0.5000,-6.16,0.45,0.149,,1,0,,
32.042,0.5000,0.5000,0.5000,0.5000,-6.17,0.46,0.153,,1,0,,
32.077,0.5000,0.5000,0.5000,0.5000,-6.18,0.50,0.150,,1,0,,
32.106,0.5000,0.5000,0.5000,0.5000,-6.20,0.51,0.142,,1,0,,
32.138,0.5000,0.5000,0.5000,0.5000,-6.21,0.53,0.139,,1,0,,
32.172,0.5000,0.5000,0.5000,0.5000,-6.22,0.55,0.147,,1,0,,
32.201,0.5000,0.5000,0.5000,0.5000,-6.27,0.51,0.139,,1,0,,
32.235,0.5000,0.5000,0.5000,0.5000,-6.31,0.45,0.139,,1,0,,
32.281,0.5000,0.5000,0.5000,0.5000,-6.34,0.53,0.133,,1,0,,
32.313,0.5000,0.5000,0.5000,0.5000,-6.37,0.56,0.133,,1,0,,
32.345,0.5000,0.5000,0.5000,0.5000,-6.40,0.56,0.128,,1,0,,
32.378,0.5000,0.5000,0.5000,0.5000,-6.43,0.53,0.126,,1,0,,
32.409,0.5000,0.5000,0.5000,0.5000,-6.45,0.46,0.122,,1,0,,
32.441,0.5000,0.5000,0.5000,0.5000,-6.44,0.45,0.142,,1,0,,
32.474,0.5000,0.5000,0.5000,0.5000,-6.47,0.41,0.140,,1,0,,
32.511,0.5000,0.5000,0.5000,0.5000,-6.54,0.40,0.146,,1,0,,
32.537,0.5000,0.5000,0.5000,0.5000,-6.56,0.40,0.131,,1,0,,
32.571,0.5000,0.5000,0.5000,0.5000,-6.57,0.40,0.116,,1,0,,
32.603,0.5000,0.5000,0.5000,0.5000,-6.57,0.38,0.126,,1,0,,
32.634,0.5000,0.5000,0.5000,0.5000,-6.56,0.34,0.138,,1,0,,
32.666,0.5000,0.5000,0.5000,0.5000,-6.55,0.35,0.151,,1,0,,
32.700,0.5000,0.5000,0.5000,0.5000,-6.55,0.33,0.147,,1,0,,
32.729,0.5000,0.5000,0.5000,0.5000,-6.61,0.34,0.152,,1,0,,
32.762,0.5000,0.5000,0.5000,0.5000,-6.64,0.33,0.157,,1,0,,
32.794,0.5000,0.5000,0.5000,0.5000,-6.65,0.28,0.161,,1,0,,
32.841,0.5000,0.5000,0.5000,0.5000,-6.69,0.15,0.150,,1,0,,
32.875,0.5000,0.5000,0.5000,0.5000,-6.70,0.14,0.146,,1,0,,
32.906,0.5000,0.5000,0.5000,0.5000,-6.72,0.15,0.142,,1,0,,
32.940,0.5000,0.5000,0.5000,0.5000,-6.74,0.17,0.140,,1,0,,
32.972,0.5000,0.5000,0.5000,0.5000,-6.75,0.13,0.140,,1,0,,
33.004,0.5000,0.5000,0.5000,0.5000,-6.76,0.11,0.140,,1,0,,
33.034,0.5000,0.5000,0.5000,0.5000,-6.73,0.16,0.158,,1,0,,
33.067,0.5000,0.5000,0.5000,0.5000,-6.70,0.19,0.156,,1,0,,
33.098,0.5000,0.5000,0.5000,0.5000,-6.72,0.19,0.143,,1,0,,
33.130,0.5000,0.5000,0.5000,0.5000,-6.76,0.19,0.131,,1,0,,
33.161,0.5000,0.5000,0.5000,0.5000,-6.81,0.20,0.131,,1,0,,
33.194,0.5000,0.5000,0.5000,0.5000,-6.85,0.17,0.132,,1,0,,
33.225,0.5000,0.5000,0.5000,0.5000,-6.89,0.19,0.126,,1,0,,
33.258,0.5000,0.5000,0.5000,0.5000,-6.94,0.10,0.133,,1,0,,
33.290,0.5000,0.5000,0.5000,0.5000,-6.97,0.08,0.137,,1,0,,
33.321,0.5000,0.5000,0.5000,0.5000,-6.99,0.03,0.138,,1,0,,
33.355,0.5000,0.5000,0.5000,0.5000,-7.02,-0.09,0.133,,1,0,,
33.404,0.5000,0.5000,0.5000,0.5000,-7.07,-0.15,0.120,,1,0,,
33.435,0.5000,0.5000,0.5000,0.5000,-7.12,-0.16,0.125,,1,0,,
33.467,0.5000,0.5000,0.5000,0.5000,-7.16,-0.18,0.131,,1,0,,
33.498,0.5000,0.5000,0.5000,0.5000,-7.21,-0.16,0.130,,1,0,,
33.530,0.5000,0.5000,0.5000,0.5000,-7.25,-0.15,0.127,,1,0,,
33.563,0.5000,0.5000,0.5000,0.5000,-7.31,-0.19,0.126,,1,0,,
33.594,0.5000,0.5000,0.5000,0.5000,-7.36,-0.15,0.128,,1,0,,
33.629,0.5000,0.5000,0.5000,0.5000,-7.37,-0.16,0.125,,1,0,,
33.661,0.5000,0.5000,0.5000,0.5000,-7.36,-0.14,0.148,,1,0,,
33.690,0.5000,0.5000,0.5000,0.5000,-7.34,-0.16,0.148,,1,0,,
33.723,0.5000,0.5000,0.5000,0.5000,-7.32,-0.29,0.149,,1,0,,
33.755,0.5000,0.5000,0.5000,0.5000,-7.29,-0.35,0.157,,1,0,,
33.786,0.5000,0.5000,0.5000,0.5000,-7.24,-0.39,0.166,,1,0,,
33.855,0.5000,0.5000,0.5000,0.5000,-7.17,-0.28,0.162,,1,0,,
33.883,0.5000,0.5000,0.5000,0.5000,-7.15,-0.29,0.153,,1,0,,
33.913,0.5000,0.5000,0.5000,0.5000,-7.14,-0.30,0.151,,1,0,,
33.963,0.5000,0.5000,0.5000,0.5000,-7.14,-0.36,0.147,,1,0,,
33.993,0.5000,0.5000,0.5000,0.5000,-7.15,-0.33,0.143,,1,0,,
34.015,0.5000,0.5000,0.5000,0.5000,-7.15,-0.30,0.141,,1,0,,
34.038,0.5000,0.5000,0.5000,0.5000,-7.18,-0.28,0.148,,1,0,,
34.064,0.5000,0.5000,0.5000,0.5000,-7.22,-0.25,0.143,,1,0,,
34.089,0.5000,0.5000,0.5000,0.5000,-7.25,-0.21,0.151,,1,0,,
34.123,0.5000,0.5000,0.5000,0.5000,-7.23,-0.06,0.156,,1,0,,
34.154,0.5000,0.5000,0.5000,0.5000,-7.22,-0.02,0.159,,1,0,,
34.190,0.5000,0.5000,0.5000,0.5000,-7.26,0.02,0.142,,1,0,,
34.250,0.5000,0.5000,0.5000,0.5000,-7.35,0.09,0.135,,1,0,,
34.283,0.5000,0.5000,0.5000,0.5000,-7.42,0.08,0.128,,1,0,,
34.314,0.5000,0.5000,0.5000,0.5000,-7.50,0.06,0.132,,1,0,,
34.346,0.5000,0.5000,0.5000,0.5000,-7.57,0.06,0.132,,1,0,,
34.378,0.5000,0.5000,0.5000,0.5000,-7.64,0.07,0.126,,1,0,,
34.409,0.5000,0.5000,0.5000,0.5000,-7.64,0.08,0.141,,1,0,,
34.443,0.5000,0.5000,0.5000,0.5000,-7.68,0.07,0.122,,1,0,,
34.476,0.5000,0.5000,0.5000,0.5000,-7.74,0.08,0.118,,1,0,,
34.509,0.5000,0.5000,0.5000,0.5000,-7.79,0.07,0.121,,1,0,,
34.557,0.5000,0.5000,0.5000,0.5000,-7.88,0.08,0.120,,1,0,,
34.586,0.5000,0.5000,0.5000,0.5000,-7.91,0.08,0.134,,1,0,,
34.608,0.5000,0.5000,0.5000,0.5000,-7.92,0.07,0.139,,1,0,,
34.651,0.5000,0.5000,0.5000,0.5000,-7.93,0.05,0.138,,1,0,,
34.683,0.5000,0.5000,0.5000,0.5000,-7.92,0.12,0.174,,1,0,,
34.715,0.5000,0.5000,0.5000,0.5000,-7.92,0.15,0.169,,1,0,,
34.745,0.5000,0.5000,0.5000,0.5000,-7.92,0.17,0.169,,1,0,,
34.779,0.5000,0.5000,0.5000,0.5000,-7.89,0.20,0.174,,1,0,,
34.811,0.5000,0.5000,0.5000,0.5000,-7.88,0.19,0.174,,1,0,,
34.842,0.5000,0.5000,0.5000,0.5000,-7.88,0.24,0.153,,1,0,,
34.875,0.5000,0.5000,0.5000,0.5000,-7.86,0.32,0.154,,1,0,,
34.908,0.5000,0.5000,0.5000,0.5000,-7.84,0.34,0.164,,1,0,,
34.938,0.5000,0.5000,0.5000,0.5000,-7.83,0.34,0.161,,1,0,,
34.970,0.5000,0.5000,0.5000,0.5000,-7.81,0.34,0.158,,1,0,,
35.004,0.5000,0.5000,0.5000,0.5000,-7.76,0.33,0.146,,1,0,,
35.036,0.5000,0.5000,0.5000,0.5000,-7.70,0.33,0.146,,1,0,,
35.067,0.5000,0.5000,0.5000,0.5000,-7.63,0.41,0.154,,1,0,,
35.114,0.5000,0.5000,0.5000,0.5000,-7.54,0.57,0.154,,1,0,,
35.145,0.5000,0.5000,0.5000,0.5000,-7.48,0.65,0.157,,1,0,,
35.177,0.5000,0.5000,0.5000,0.5000,-7.45,0.73,0.144,,1,0,,
35.209,0.5000,0.5000,0.5000,0.5000,-7.43,0.76,0.148,,1,0,,
35.242,0.5000,0.5000,0.5000,0.5000,-7.42,0.84,0.151,,1,0,,
35.276,0.5000,0.5000,0.5000,0.5000,-7.40,0.88,0.141,,1,0,,
35.305,0.5000,0.5000,0.5000,0.5000,-7.37,0.91,0.145,,1,0,,
35.338,0.5000,0.5000,0.5000,0.5000,-7.34,0.90,0.146,,1,0,,
35.370,0.5000,0.5000,0.5000,0.5000,-7.31,0.91,0.151,,1,0,,
35.403,0.5000,0.5000,0.5000,0.5000,-7.28,0.83,0.144,,1,0,,
35.435,0.5000,0.5000,0.5000,0.5000,-7.27,0.79,0.140,,1,0,,
35.468,0.5000,0.5000,0.5000,0.5000,-7.30,0.75,0.133,,1,0,,
35.498,0.5000,0.5000,0.5000,0.5000,-7.34,0.78,0.131,,1,0,,
35.531,0.5000,0.5000,0.5000,0.5000,-7.37,0.83,0.149,,1,0,,
35.561,0.5000,0.5000,0.5000,0.5000,-7.37,0.87,0.146,,1,0,,
35.594,0.5000,0.5000,0.5000,0.5000,-7.40,0.87,0.143,,1,0,,
35.625,0.5000,0.5000,0.5000,0.5000,-7.44,0.88,0.139,,1,0,,
35.674,0.5000,0.5000,0.5000,0.5000,-7.39,0.90,0.141,,1,0,,
35.707,0.5000,0.5000,0.5000,0.5000,-7.39,0.98,0.141,,1,0,,
35.738,0.5000,0.5000,0.5000,0.5000,-7.39,1.02,0.138,,1,0,,
35.770,0.5000,0.5000,0.5000,0.5000,-7.39,1.05,0.140,,1,0,,
35.803,0.5000,0.5000,0.5000,0.5000,-7.41,1.07,0.134,,1,0,,
35.834,0.5000,0.5000,0.5000,0.5000,-7.42,1.08,0.129,,1,0,,
35.866,0.5000,0.5000,0.5000,0.5000,-7.44,1.12,0.130,,1,0,,
35.898,0.5000,0.5000,0.5000,0.5000,-7.47,1.13,0.131,,1,0,,
35.929,0.5000,0.5000,0.5000,0.5000,-7.51,1.14,0.126,,1,0,,
35.962,0.5000,0.5000,0.5000,0.5000,-7.53,1.14,0.129,,1,0,,
35.993,0.5000,0.5000,0.5000,0.5000,-7.55,1.15,0.145,,1,0,,
36.026,0.5000,0.5000,0.5000,0.5000,-7.56,1.14,0.158,,1,0,,
36.060,0.5000,0.5000,0.5000,0.5000,-7.48,1.16,0.197,,1,0,,
36.089,0.5000,0.5000,0.5000,0.5000,-7.38,1.28,0.215,,1,0,,
36.124,0.5000,0.5000,0.5000,0.5000,-7.29,1.43,0.208,,1,0,,
36.155,0.5000,0.5000,0.5000,0.5000,-7.16,1.53,0.189,,1,0,,
36.186,0.5000,0.5000,0.5000,0.5000,-7.08,1.70,0.152,,1,0,,
36.273,0.5000,0.5000,0.5000,0.5000,-6.99,2.01,0.097,,1,0,,
36.297,0.5000,0.5000,0.5000,0.5000,-6.99,2.11,0.091,,1,0,,
36.320,0.5000,0.5000,0.5000,0.5000,-7.00,2.23,0.075,,1,0,,
36.343,0.5000,0.5000,0.5000,0.5000,-7.01,2.28,0.080,,1,0,,
36.368,0.5000,0.5000,0.5000,0.5000,-6.96,2.36,0.106,,1,0,,
36.394,0.5000,0.5000,0.5000,0.5000,-6.85,2.55,0.126,,1,0,,
36.427,0.5000,0.5000,0.5000,0.5000,-6.77,2.74,0.132,,1,0,,
36.458,0.5000,0.5000,0.5000,0.5000,-6.65,2.91,0.106,,1,0,,
36.491,0.5000,0.5000,0.5000,0.5000,-6.49,3.10,0.168,,1,0,,
36.523,0.5000,0.5000,0.5000,0.5000,-6.31,3.35,0.154,,1,0,,
36.554,0.5000,0.5000,0.5000,0.5000,-6.21,3.63,0.168,,1,0,,
36.588,0.5000,0.5000,0.5000,0.5000,-6.07,3.96,0.200,,1,0,,
36.652,0.5000,0.5000,0.5000,0.5000,-5.80,4.67,0.228,,1,0,,
36.682,0.5000,0.5000,0.5000,0.5000,-5.63,5.09,0.228,,1,0,,
36.717,0.5000,0.5000,0.5000,0.5000,-5.46,5.56,0.217,,1,0,,
36.753,0.5000,0.5000,0.5000,0.5000,-5.31,5.99,0.199,,1,0,,
36.782,0.5000,0.5000,0.5000,0.5000,-5.17,6.42,0.232,,1,0,,
36.827,0.5000,0.5000,0.5000,0.5000,-4.95,7.02,0.173,,1,0,,
36.857,0.5000,0.5000,0.5000,0.5000,-4.79,7.39,0.156,,1,0,,
36.880,0.5000,0.5000,0.5000,0.5000,-4.68,7.62,0.156,,1,0,,
36.904,0.5000,0.5000,0.5000,0.5000,-4.56,7.87,0.186,,1,0,,
36.926,0.5000,0.5000,0.5000,0.5000,-4.45,8.10,0.176,,1,0,,
36.954,0.5000,0.5000,0.5000,0.5000,-4.30,8.36,0.170,,1,0,,
36.987,0.5000,0.5000,0.5000,0.5000,-4.12,8.62,0.169,,1,0,,
37.052,0.5000,0.5000,0.5000,0.5000,-3.82,9.14,0.177,,1,0,,
37.082,0.5000,0.5000,0.5000,0.5000,-3.68,9.42,0.199,,1,0,,
37.114,0.5000,0.5000,0.5000,0.5000,-3.55,9.68,0.185,,1,0,,
37.146,0.5000,0.5000,0.5000,0.5000,-3.42,9.92,0.176,,1,0,,
37.179,0.5000,0.5000,0.5000,0.5000,-3.32,10.04,0.153,,1,0,,
37.210,0.5000,0.5000,0.5000,0.5000,-3.20,10.23,0.143,,1,0,,
37.242,0.5000,0.5000,0.5000,0.5000,-3.09,10.35,0.149,,1,0,,
37.275,0.5000,0.5000,0.5000,0.5000,-3.01,10.44,0.138,,1,0,,
37.306,0.5000,0.5000,0.5000,0.5000,-2.94,10.46,0.149,,1,0,,
37.338,0.5000,0.5000,0.5000,0.5000,-2.88,10.53,0.138,,1,0,,
37.390,0.5000,0.5000,0.5000,0.5000,-2.73,10.60,0.123,,1,0,,
37.420,0.5000,0.5000,0.5000,0.5000,-2.66,10.61,0.127,,1,0,,
37.452,0.5000,0.5000,0.5000,0.5000,-2.55,10.68,0.134,,1,0,,
37.483,0.5000,0.5000,0.5000,0.5000,-2.45,10.75,0.138,,1,0,,
37.516,0.5000,0.5000,0.5000,0.5000,-2.38,10.80,0.140,,1,0,,
37.547,0.5000,0.5000,0.5000,0.5000,-2.32,10.80,0.109,,1,0,,
37.579,0.5000,0.5000,0.5000,0.5000,-2.24,10.89,0.139,,1,0,,
37.610,0.5000,0.5000,0.5000,0.5000,-2.15,10.91,0.161,,1,0,,
37.644,0.5000,0.5000,0.5000,0.5000,-2.06,10.97,0.172,,1,0,,
37.674,0.5000,0.5000,0.5000,0.5000,-1.97,11.03,0.196,,1,0,,
37.708,0.5000,0.5000,0.5000,0.5000,-1.87,11.18,0.230,,1,0,,
37.737,0.5000,0.5000,0.5000,0.5000,-1.80,11.32,0.224,,1,0,,
37.770,0.5000,0.5000,0.5000,0.5000,-1.71,11.42,0.224,,1,0,,
37.802,0.5000,0.5000,0.5000,0.5000,-1.59,11.43,0.238,,1,0,,
37.834,0.5000,0.5000,0.5000,0.5000,-1.48,11.47,0.237,,1,0,,
37.867,0.5000,0.5000,0.5000,0.5000,-1.38,11.48,0.230,,1,0,,
37.899,0.5000,0.5000,0.5000,0.5000,-1.30,11.51,0.206,,1,0,,
37.950,0.5000,0.5000,0.5000,0.5000,-1.22,11.53,0.198,,1,0,,
37.982,0.5000,0.5000,0.5000,0.5000,-1.19,11.42,0.158,,1,0,,
38.013,0.5000,0.5000,0.5000,0.5000,-1.15,11.23,0.144,,1,0,,
38.045,0.5000,0.5000,0.5000,0.5000,-1.12,11.07,0.126,,1,0,,
38.073,0.5000,0.5000,0.5000,0.5000,-1.10,10.97,0.120,,1,0,,
38.108,0.5000,0.5000,0.5000,0.5000,-1.07,10.98,0.119,,1,0,,
38.139,0.5000,0.5000,0.5000,0.5000,-1.05,10.99,0.117,,1,0,,
38.170,0.5000,0.5000,0.5000,0.5000,-1.04,10.97,0.112,,1,0,,
38.202,0.5000,0.5000,0.5000,0.5000,-1.05,10.86,0.091,,1,0,,
38.236,0.5000,0.5000,0.5000,0.5000,-1.08,10.67,0.077,,1,0,,
38.267,0.5000,0.5000,0.5000,0.5000,-1.11,10.51,0.075,,1,0,,
38.299,0.5000,0.5000,0.5000,0.5000,-1.14,10.38,0.066,,1,0,,
38.331,0.5000,0.5000,0.5000,0.5000,-1.16,10.26,0.073,,1,0,,
38.363,0.5000,0.5000,0.5000,0.5000,-1.16,10.15,0.066,,1,0,,
38.394,0.5000,0.5000,0.5000,0.5000,-1.19,9.96,0.066,,1,0,,
38.424,0.5000,0.5000,0.5000,0.5000,-1.19,9.86,0.069,,1,0,,
38.458,0.5000,0.5000,0.5000,0.5000,-1.19,9.84,0.101,,1,0,,
38.491,0.5000,0.5000,0.5000,0.5000,-1.16,10.14,0.233,,1,0,,
38.539,0.5000,0.5000,0.5000,0.5000,-1.11,10.84,0.366,,1,0,,
38.571,0.5000,0.5000,0.5000,0.5000,-1.13,11.44,0.452,,1,0,,
38.602,0.5000,0.5000,0.5000,0.5000,-1.13,12.08,0.492,,1,0,,
38.634,0.5000,0.5000,0.5000,0.5000,-1.15,12.73,0.509,,1,0,,
38.668,0.5000,0.5000,0.5000,0.5000,-1.15,13.32,0.501,,1,0,,
38.701,0.5000,0.5000,0.5000,0.5000,-1.12,13.86,0.507,,1,0,,
38.731,0.5000,0.5000,0.5000,0.5000,-1.08,14.43,0.490,,1,0,,
38.762,0.5000,0.5000,0.5000,0.5000,-1.02,14.93,0.496,,1,0,,
38.794,0.5000,0.5000,0.5000,0.5000,-0.96,15.39,0.525,,1,0,,
38.826,0.5000,0.5000,0.5000,0.5000,-0.90,15.81,0.505,,1,0,,
38.857,0.5000,0.5000,0.5000,0.5000,-0.85,16.13,0.497,,1,0,,
38.891,0.5000,0.5000,0.5000,0.5000,-0.79,16.45,0.493,,1,0,,
38.925,0.5000,0.5000,0.5000,0.5000,-0.75,16.72,0.486,,1,0,,
38.954,0.5000,0.5000,0.5000,0.5000,-0.67,16.83,0.226,,1,0,,
38.986,0.5000,0.5000,0.5000,0.5000,-0.58,16.52,0.050,,1,0,,
39.051,0.5000,0.5000,0.5000,0.5000,-0.49,15.80,0.046,,1,0,,
39.100,0.5000,0.5000,0.5000,0.5000,-0.41,15.27,0.047,,1,0,,
39.130,0.5000,0.5000,0.5000,0.5000,-0.39,14.92,0.078,,1,0,,
39.154,0.5000,0.5000,0.5000,0.5000,-0.39,14.67,0.087,,1,0,,
39.177,0.5000,0.5000,0.5000,0.5000,-0.39,14.43,0.094,,1,0,,
39.201,0.5000,0.5000,0.5000,0.5000,-0.39,14.20,0.100,,1,0,,
39.228,0.5000,0.5000,0.5000,0.5000,-0.38,13.98,0.148,,1,0,,
39.259,0.5000,0.5000,0.5000,0.5000,-0.33,13.77,0.128,,1,0,,
39.290,0.5000,0.5000,0.5000,0.5000,-0.31,13.58,0.104,,1,0,,
39.321,0.5000,0.5000,0.5000,0.5000,-0.27,13.42,0.096,,1,0,,
39.353,0.5000,0.5000,0.5000,0.5000,-0.24,13.33,0.108,,1,0,,
39.386,0.5000,0.5000,0.5000,0.5000,-0.20,13.26,0.111,,1,0,,
39.451,0.5000,0.5000,0.5000,0.5000,-0.14,13.13,0.107,,1,0,,
39.483,0.5000,0.5000,0.5000,0.5000,-0.14,13.10,0.105,,1,0,,
39.514,0.5000,0.5000,0.5000,0.5000,-0.17,13.02,0.103,,1,0,,
39.546,0.5000,0.5000,0.5000,0.5000,-0.18,12.96,0.090,,1,0,,
39.578,0.5000,0.5000,0.5000,0.5000,-0.20,12.89,0.092,,1,0,,
39.611,0.5000,0.5000,0.5000,0.5000,-0.20,12.80,0.095,,1,0,,
39.659,0.5000,0.5000,0.5000,0.5000,-0.23,12.66,0.084,,1,0,,
39.691,0.5000,0.5000,0.5000,0.5000,-0.25,12.65,0.089,,1,0,,
39.714,0.5000,0.5000,0.5000,0.5000,-0.26,12.65,0.092,,1,0,,
39.737,0.5000,0.5000,0.5000,0.5000,-0.27,12.60,0.092,,1,0,,
39.760,0.5000,0.5000,0.5000,0.5000,-0.30,12.55,0.107,,1,0,,
39.786,0.5000,0.5000,0.5000,0.5000,-0.31,12.50,0.093,,1,0,,
39.856,0.5000,0.5000,0.5000,0.5000,-0.35,12.39,0.092,,1,0,,
39.883,0.5000,0.5000,0.5000,0.5000,-0.37,12.33,0.089,,1,0,,
39.914,0.5000,0.5000,0.5000,0.5000,-0.40,12.27,0.092,,1,0,,
39.945,0.5000,0.5000,0.5000,0.5000,-0.42,12.20,0.095,,1,0,,
39.978,0.5000,0.5000,0.5000,0.5000,-0.46,12.08,0.087,,1,0,,
40.010,0.5000,0.5000,0.5000,0.5000,-0.49,12.00,0.085,,1,0,,
40.043,0.5000,0.5000,0.5000,0.5000,-0.53,11.94,0.083,,1,0,,
40.075,0.5000,0.5000,0.5000,0.5000,-0.56,11.83,0.061,,1,0,,
40.105,0.5000,0.5000,0.5000,0.5000,-0.58,11.73,0.053,,1,0,,
40.138,0.5000,0.5000,0.5000,0.5000,-0.60,11.57,0.042,,1,0,,
40.171,0.5000,0.5000,0.5000,0.5000,-0.63,11.42,0.040,,1,0,,
40.218,0.5000,0.5000,0.5000,0.5000,-0.68,11.20,0.043,,1,0,,
40.251,0.5000,0.5000,0.5000,0.5000,-0.69,11.10,0.054,,1,0,,
40.282,0.5000,0.5000,0.5000,0.5000,-0.69,11.03,0.044,,1,0,,
40.315,0.5000,0.5000,0.5000,0.5000,-0.72,10.98,0.039,,1,0,,
40.348,0.5000,0.5000,0.5000,0.5000,-0.72,10.95,0.055,,1,0,,
40.378,0.5000,0.5000,0.5000,0.5000,-0.71,10.94,0.057,,1,0,,
40.409,0.5000,0.5000,0.5000,0.5000,-0.69,10.93,0.058,,1,0,,
40.443,0.5000,0.5000,0.5000,0.5000,-0.68,10.92,0.065,,1,0,,
40.474,0.5000,0.5000,0.5000,0.5000,-0.67,10.93,0.065,,1,0,,
40.509,0.5000,0.5000,0.5000,0.5000,-0.66,10.95,0.057,,1,0,,
40.539,0.5000,0.5000,0.5000,0.5000,-0.65,11.00,0.061,,1,0,,
40.571,0.5000,0.5000,0.5000,0.5000,-0.64,11.01,0.058,,1,0,,
40.604,0.5000,0.5000,0.5000,0.5000,-0.64,11.02,0.062,,1,0,,
40.635,0.5000,0.5000,0.5000,0.5000,-0.63,11.03,0.061,,1,0,,
40.666,0.5000,0.5000,0.5000,0.5000,-0.62,10.99,0.069,,1,0,,
40.698,0.5000,0.5000,0.5000,0.5000,-0.59,10.97,0.088,,1,0,,
40.730,0.5000,0.5000,0.5000,0.5000,-0.58,10.95,0.088,,1,0,,
40.762,0.5000,0.5000,0.5000,0.5000,-0.60,10.93,0.092,,1,0,,
40.810,0.5000,0.5000,0.5000,0.5000,-0.64,10.91,0.095,,1,0,,
40.844,0.5000,0.5000,0.5000,0.5000,-0.66,10.91,0.097,,1,0,,
40.873,0.5000,0.5000,0.5000,0.5000,-0.67,10.89,0.093,,1,0,,
40.906,0.5000,0.5000,0.5000,0.5000,-0.69,10.88,0.087,,1,0,,
40.938,0.5000,0.5000,0.5000,0.5000,-0.72,10.95,0.093,,1,0,,
40.970,0.5000,0.5000,0.5000,0.5000,-0.73,11.01,0.099,,1,0,,
41.004,0.5000,0.5000,0.5000,0.5000,-0.76,11.04,0.096,,1,0,,
41.035,0.5000,0.5000,0.5000,0.5000,-0.78,11.05,0.092,,1,0,,
41.067,0.5000,0.5000,0.5000,0.5000,-0.79,11.08,0.094,,1,0,,
41.098,0.5000,0.5000,0.5000,0.5000,-0.82,11.12,0.093,,1,0,,
41.130,0.5000,0.5000,0.5000,0.5000,-0.85,11.19,0.088,,1,0,,
41.161,0.5000,0.5000,0.5000,0.5000,-0.87,11.24,0.080,,1,0,,
41.193,0.5000,0.5000,0.5000,0.5000,-0.87,11.30,0.091,,1,0,,
41.226,0.5000,0.5000,0.5000,0.5000,-0.90,11.35,0.094,,1,0,,
41.258,0.5000,0.5000,0.5000,0.5000,-0.93,11.38,0.087,,1,0,,
41.291,0.5000,0.5000,0.5000,0.5000,-0.94,11.41,0.086,,1,0,,
41.323,0.5000,0.5000,0.5000,0.5000,-0.96,11.46,0.087,,1,0,,
41.371,0.5000,0.5000,0.5000,0.5000,-0.97,11.51,0.094,,1,0,,
41.402,0.5000,0.5000,0.5000,0.5000,-0.97,11.57,0.092,,1,0,,
41.437,0.5000,0.5000,0.5000,0.5000,-0.97,11.65,0.097,,1,0,,
41.468,0.5000,0.5000,0.5000,0.5000,-0.99,11.71,0.096,,1,0,,
41.498,0.5000,0.5000,0.5000,0.5000,-1.01,11.73,0.091,,1,0,,
41.530,0.5000,0.5000,0.5000,0.5000,-1.04,11.76,0.081,,1,0,,
41.562,0.5000,0.5000,0.5000,0.5000,-1.06,11.78,0.087,,1,0,,
41.595,0.5000,0.5000,0.5000,0.5000,-1.10,11.76,0.088,,1,0,,
41.625,0.5000,0.5000,0.5000,0.5000,-1.12,11.78,0.098,,1,0,,
41.659,0.5000,0.5000,0.5000,0.5000,-1.12,11.81,0.092,,1,0,,
41.690,0.5000,0.5000,0.5000,0.5000,-1.13,11.84,0.091,,1,0,,
41.722,0.5000,0.5000,0.5000,0.5000,-1.15,11.86,0.093,,1,0,,
41.754,0.5000,0.5000,0.5000,0.5000,-1.15,11.92,0.085,,1,0,,
41.790,0.5000,0.5000,0.5000,0.5000,-1.16,11.95,0.090,,1,0,,
41.855,0.5000,0.5000,0.5000,0.5000,-1.16,11.82,0.090,,1,0,,
41.882,0.5000,0.5000,0.5000,0.5000,-1.16,11.77,0.097,,1,0,,
41.933,0.5000,0.5000,0.5000,0.5000,-1.14,11.72,0.098,,1,0,,
41.963,0.5000,0.5000,0.5000,0.5000,-1.14,11.67,0.096,,1,0,,
41.985,0.5000,0.5000,0.5000,0.5000,-1.14,11.62,0.093,,1,0,,
42.007,0.5000,0.5000,0.5000,0.5000,-1.15,11.58,0.092,,1,0,,
42.033,0.5000,0.5000,0.5000,0.5000,-1.15,11.54,0.091,,1,0,,
42.059,0.5000,0.5000,0.5000,0.5000,-1.14,11.51,0.083,,1,0,,
42.089,0.5000,0.5000,0.5000,0.5000,-1.13,11.47,0.085,,1,0,,
42.122,0.5000,0.5000,0.5000,0.5000,-1.13,11.50,0.093,,1,0,,
42.155,0.5000,0.5000,0.5000,0.5000,-1.14,11.53,0.092,,1,0,,
42.186,0.5000,0.5000,0.5000,0.5000,-1.14,11.55,0.078,,1,0,,
42.250,0.5000,0.5000,0.5000,0.5000,-1.12,11.71,0.092,,1,0,,
42.283,0.5000,0.5000,0.5000,0.5000,-1.09,11.80,0.093,,1,0,,
42.315,0.5000,0.5000,0.5000,0.5000,-1.06,11.86,0.093,,1,0,,
42.347,0.5000,0.5000,0.5000,0.5000,-1.04,11.85,0.086,,1,0,,
42.380,0.5000,0.5000,0.5000,0.5000,-1.02,11.84,0.094,,1,0,,
42.413,0.5000,0.5000,0.5000,0.5000,-0.97,11.87,0.087,,1,0,,
42.441,0.5000,0.5000,0.5000,0.5000,-0.95,11.88,0.079,,1,0,,
42.475,0.5000,0.5000,0.5000,0.5000,-0.95,11.88,0.071,,1,0,,
42.522,0.5000,0.5000,0.5000,0.5000,-0.95,11.90,0.084,,1,0,,
42.544,0.5000,0.5000,0.5000,0.5000,-0.94,11.92,0.089,,1,0,,
42.566,0.5000,0.5000,0.5000,0.5000,-0.93,11.95,0.085,,1,0,,
42.591,0.5000,0.5000,0.5000,0.5000,-0.91,11.97,0.082,,1,0,,
42.653,0.5000,0.5000,0.5000,0.5000,-0.86,11.90,0.074,,1,0,,
42.683,0.5000,0.5000,0.5000,0.5000,-0.82,11.92,0.085,,1,0,,
42.714,0.5000,0.5000,0.5000,0.5000,-0.78,11.90,0.082,,1,0,,
42.746,0.5000,0.5000,0.5000,0.5000,-0.78,11.84,0.082,,1,0,,
42.777,0.5000,0.5000,0.5000,0.5000,-0.78,11.78,0.077,,1,0,,
42.811,0.5000,0.5000,0.5000,0.5000,-0.77,11.71,0.074,,1,0,,
42.842,0.5000,0.5000,0.5000,0.5000,-0.76,11.65,0.071,,1,0,,
42.876,0.5000,0.5000,0.5000,0.5000,-0.75,11.58,0.073,,1,0,,
42.906,0.5000,0.5000,0.5000,0.5000,-0.74,11.55,0.075,,1,0,,
42.940,0.5000,0.5000,0.5000,0.5000,-0.75,11.47,0.066,,1,0,,
42.971,0.5000,0.5000,0.5000,0.5000,-0.76,11.42,0.066,,1,0,,
43.002,0.5000,0.5000,0.5000,0.5000,-0.77,11.38,0.073,,1,0,,
43.037,0.5000,0.5000,0.5000,0.5000,-0.77,11.30,0.066,,1,0,,
43.081,0.5000,0.5000,0.5000,0.5000,-0.76,11.24,0.067,,1,0,,
43.113,0.5000,0.5000,0.5000,0.5000,-0.77,11.18,0.066,,1,0,,
43.145,0.5000,0.5000,0.5000,0.5000,-0.77,11.14,0.072,,1,0,,
43.178,0.5000,0.5000,0.5000,0.5000,-0.77,11.15,0.069,,1,0,,
43.210,0.5000,0.5000,0.5000,0.5000,-0.78,11.15,0.064,,1,0,,
43.241,0.5000,0.5000,0.5000,0.5000,-0.79,11.25,0.062,,1,0,,
43.273,0.5000,0.5000,0.5000,0.5000,-0.82,11.32,0.073,,1,0,,
43.307,0.5000,0.5000,0.5000,0.5000,-0.84,11.39,0.075,,1,0,,
43.340,0.5000,0.5000,0.5000,0.5000,-0.88,11.42,0.073,,1,0,,
43.371,0.5000,0.5000,0.5000,0.5000,-0.89,11.45,0.088,,1,0,,
43.402,0.5000,0.5000,0.5000,0.5000,-0.88,11.47,0.078,,1,0,,
43.436,0.5000,0.5000,0.5000,0.5000,-0.87,11.47,0.077,,1,0,,
43.467,0.5000,0.5000,0.5000,0.5000,-0.89,11.47,0.072,,1,0,,
43.500,0.5000,0.5000,0.5000,0.5000,-0.91,11.45,0.072,,1,0,,
43.531,0.5000,0.5000,0.5000,0.5000,-0.92,11.44,0.069,,1,0,,
43.563,0.5000,0.5000,0.5000,0.5000,-0.93,11.46,0.066,,1,0,,
43.594,0.5000,0.5000,0.5000,0.5000,-0.94,11.52,0.073,,1,0,,
43.642,0.5000,0.5000,0.5000,0.5000,-0.93,11.68,0.076,,1,0,,
43.675,0.5000,0.5000,0.5000,0.5000,-0.91,11.70,0.075,,1,0,,
43.708,0.5000,0.5000,0.5000,0.5000,-0.89,11.65,0.075,,1,0,,
43.739,0.5000,0.5000,0.5000,0.5000,-0.89,11.58,0.073,,1,0,,
43.770,0.5000,0.5000,0.5000,0.5000,-0.89,11.53,0.077,,1,0,,
43.803,0.5000,0.5000,0.5000,0.5000,-0.89,11.50,0.082,,1,0,,
43.834,0.5000,0.5000,0.5000,0.5000,-0.89,11.48,0.089,,1,0,,
43.866,0.5000,0.5000,0.5000,0.5000,-0.92,11.46,0.080,,1,0,,
43.899,0.5000,0.5000,0.5000,0.5000,-0.95,11.41,0.067,,1,0,,
43.932,0.5000,0.5000,0.5000,0.5000,-0.96,11.33,0.091,,1,0,,
43.964,0.5000,0.5000,0.5000,0.5000,-0.98,11.23,0.082,,1,0,,
43.994,0.5000,0.5000,0.5000,0.5000,-0.97,11.17,0.080,,1,0,,
44.025,0.5000,0.5000,0.5000,0.5000,-0.97,11.08,0.079,,1,0,,
44.060,0.5000,0.5000,0.5000,0.5000,-0.96,11.02,0.095,,1,0,,
44.090,0.5000,0.5000,0.5000,0.5000,-0.96,10.90,0.092,,1,0,,
44.122,0.5000,0.5000,0.5000,0.5000,-0.95,10.78,0.091,,1,0,,
44.155,0.5000,0.5000,0.5000,0.5000,-0.95,10.69,0.087,,1,0,,
44.205,0.5000,0.5000,0.5000,0.5000,-0.95,10.49,0.083,,1,0,,
44.235,0.5000,0.5000,0.5000,0.5000,-0.94,10.38,0.092,,1,0,,
44.267,0.5000,0.5000,0.5000,0.5000,-0.94,10.30,0.090,,1,0,,
44.299,0.5000,0.5000,0.5000,0.5000,-0.96,10.26,0.092,,1,0,,
44.330,0.5000,0.5000,0.5000,0.5000,-1.01,10.33,0.087,,1,0,,
44.363,0.5000,0.5000,0.5000,0.5000,-1.06,10.38,0.080,,1,0,,
44.393,0.5000,0.5000,0.5000,0.5000,-1.10,10.40,0.074,,1,0,,
44.425,0.5000,0.5000,0.5000,0.5000,-1.14,10.40,0.078,,1,0,,
44.458,0.5000,0.5000,0.5000,0.5000,-1.15,10.40,0.074,,1,0,,
44.491,0.5000,0.5000,0.5000,0.5000,-1.17,10.35,0.069,,1,0,,
44.522,0.5000,0.5000,0.5000,0.5000,-1.19,10.35,0.067,,1,0,,
44.560,0.5000,0.5000,0.5000,0.5000,-1.20,10.36,0.067,,1,0,,
44.586,0.5000,0.5000,0.5000,0.5000,-1.20,10.38,0.071,,1,0,,
44.655,0.5000,0.5000,0.5000,0.5000,-1.12,10.70,0.120,,1,0,,
44.683,0.5000,0.5000,0.5000,0.5000,-1.08,10.82,0.121,,1,0,,
44.717,0.5000,0.5000,0.5000,0.5000,-1.04,10.96,0.128,,1,0,,
44.746,0.5000,0.5000,0.5000,0.5000,-1.03,11.06,0.124,,1,0,,
44.795,0.5000,0.5000,0.5000,0.5000,-1.01,11.23,0.126,,1,0,,
44.818,0.5000,0.5000,0.5000,0.5000,-1.00,11.31,0.126,,1,0,,
44.842,0.5000,0.5000,0.5000,0.5000,-0.98,11.39,0.127,,1,0,,
44.866,0.5000,0.5000,0.5000,0.5000,-0.96,11.42,0.134,,1,0,,
44.891,0.5000,0.5000,0.5000,0.5000,-0.95,11.45,0.132,,1,0,,
44.922,0.5000,0.5000,0.5000,0.5000,-0.93,11.47,0.132,,1,0,,
44.954,0.5000,0.5000,0.5000,0.5000,-0.92,11.45,0.115,,1,0,,
44.987,0.5000,0.5000,0.5000,0.5000,-0.93,11.47,0.104,,1,0,,
45.054,0.5000,0.5000,0.5000,0.5000,-0.99,11.41,0.083,,1,0,,
45.082,0.5000,0.5000,0.5000,0.5000,-1.00,11.38,0.105,,1,0,,
45.114,0.5000,0.5000,0.5000,0.5000,-1.03,11.31,0.120,,1,0,,
45.148,0.5000,0.5000,0.5000,0.5000,-1.06,11.21,0.096,,1,0,,
45.178,0.5000,0.5000,0.5000,0.5000,-1.08,11.15,0.098,,1,0,,
45.210,0.5000,0.5000,0.5000,0.5000,-1.10,11.05,0.088,,1,0,,
45.242,0.5000,0.5000,0.5000,0.5000,-1.13,10.95,0.087,,1,0,,
45.274,0.5000,0.5000,0.5000,0.5000,-1.17,10.88,0.100,,1,0,,
45.306,0.5000,0.5000,0.5000,0.5000,-1.24,10.80,0.081,,1,0,,
45.355,0.5000,0.5000,0.5000,0.5000,-1.32,10.67,0.070,,1,0,,
45.386,0.5000,0.5000,0.5000,0.5000,-1.37,10.62,0.066,,1,0,,
45.410,0.5000,0.5000,0.5000,0.5000,-1.41,10.60,0.065,,1,0,,
45.451,0.5000,0.5000,0.5000,0.5000,-1.51,10.46,0.091,,1,0,,
45.482,0.5000,0.5000,0.5000,0.5000,-1.62,10.31,0.077,,1,0,,
45.516,0.5000,0.5000,0.5000,0.5000,-1.70,10.13,0.070,,1,0,,
45.550,0.5000,0.5000,0.5000,0.5000,-1.78,9.99,0.061,,1,0,,
45.578,0.5000,0.5000,0.5000,0.5000,-1.84,9.88,0.065,,1,0,,
45.610,0.5000,0.5000,0.5000,0.5000,-1.88,9.77,0.085,,1,0,,
45.642,0.5000,0.5000,0.5000,0.5000,-1.96,9.62,0.071,,1,0,,
45.674,0.5000,0.5000,0.5000,0.5000,-2.05,9.46,0.067,,1,0,,
45.706,0.5000,0.5000,0.5000,0.5000,-2.12,9.40,0.071,,1,0,,
45.739,0.5000,0.5000,0.5000,0.5000,-2.21,9.35,0.088,,1,0,,
45.771,0.5000,0.5000,0.5000,0.5000,-2.27,9.26,0.088,,1,0,,
45.803,0.5000,0.5000,0.5000,0.5000,-2.34,9.07,0.082,,1,0,,
45.835,0.5000,0.5000,0.5000,0.5000,-2.41,8.90,0.070,,1,0,,
45.867,0.5000,0.5000,0.5000,0.5000,-2.48,8.74,0.064,,1,0,,
45.914,0.5000,0.5000,0.5000,0.5000,-2.54,8.48,0.051,,1,0,,
45.947,0.5000,0.5000,0.5000,0.5000,-2.61,8.33,0.052,,1,0,,
45.979,0.5000,0.5000,0.5000,0.5000,-2.66,8.15,0.051,,1,0,,
46.010,0.5000,0.5000,0.5000,0.5000,-2.71,7.98,0.054,,1,0,,
46.042,0.5000,0.5000,0.5000,0.5000,-2.76,7.83,0.056,,1,0,,
46.075,0.5000,0.5000,0.5000,0.5000,-2.80,7.65,0.060,,1,0,,
46.107,0.5000,0.5000,0.5000,0.5000,-2.83,7.51,0.058,,1,0,,
46.141,0.5000,0.5000,0.5000,0.5000,-2.86,7.41,0.060,,1,0,,
46.170,0.5000,0.5000,0.5000,0.5000,-2.90,7.31,0.057,,1,0,,
46.203,0.5000,0.5000,0.5000,0.5000,-2.97,7.22,0.059,,1,0,,
46.234,0.5000,0.5000,0.5000,0.5000,-3.02,7.16,0.073,,1,0,,
46.268,0.5000,0.5000,0.5000,0.5000,-3.06,7.06,0.081,,1,0,,
46.299,0.5000,0.5000,0.5000,0.5000,-3.10,6.97,0.074,,1,0,,
46.331,0.5000,0.5000,0.5000,0.5000,-3.14,6.86,0.073,,1,0,,
46.363,0.5000,0.5000,0.5000,0.5000,-3.16,6.76,0.072,,1,0,,
46.393,0.5000,0.5000,0.5000,0.5000,-3.17,6.65,0.078,,1,0,,
46.426,0.5000,0.5000,0.5000,0.5000,-3.19,6.55,0.084,,1,0,,
46.474,0.5000,0.5000,0.5000,0.5000,-3.24,6.47,0.082,,1,0,,
46.506,0.5000,0.5000,0.5000,0.5000,-3.25,6.48,0.100,,1,0,,
46.541,0.5000,0.5000,0.5000,0.5000,-3.26,6.49,0.102,,1,0,,
46.570,0.5000,0.5000,0.5000,0.5000,-3.29,6.42,0.093,,1,0,,
46.602,0.5000,0.5000,0.5000,0.5000,-3.29,6.42,0.099,,1,0,,
46.635,0.5000,0.5000,0.5000,0.5000,-3.29,6.37,0.090,,1,0,,
46.666,0.5000,0.5000,0.5000,0.5000,-3.33,6.30,0.080,,1,0,,
46.700,0.5000,0.5000,0.5000,0.5000,-3.35,6.28,0.086,,1,0,,
46.732,0.5000,0.5000,0.5000,0.5000,-3.35,6.25,0.088,,1,0,,
46.764,0.5000,0.5000,0.5000,0.5000,-3.38,6.16,0.089,,1,0,,
46.796,0.5000,0.5000,0.5000,0.5000,-3.43,6.09,0.089,,1,0,,
46.827,0.5000,0.5000,0.5000,0.5000,-3.46,6.06,0.089,,1,0,,
46.858,0.5000,0.5000,0.5000,0.5000,-3.53,6.02,0.089,,1,0,,
46.889,0.5000,0.5000,0.5000,0.5000,-3.56,5.94,0.111,,1,0,,
46.924,0.5000,0.5000,0.5000,0.5000,-3.58,5.88,0.126,,1,0,,
46.956,0.5000,0.5000,0.5000,0.5000,-3.62,5.86,0.119,,1,0,,
46.987,0.5000,0.5000,0.5000,0.5000,-3.65,5.82,0.116,,1,0,,
47.073,0.5000,0.5000,0.5000,0.5000,-3.67,5.67,0.122,,1,0,,
47.100,0.5000,0.5000,0.5000,0.5000,-3.68,5.68,0.136,,1,0,,
47.122,0.5000,0.5000,0.5000,0.5000,-3.68,5.72,0.150,,1,0,,
47.145,0.5000,0.5000,0.5000,0.5000,-3.67,5.74,0.143,,1,0,,
47.170,0.5000,0.5000,0.5000,0.5000,-3.66,5.76,0.152,,1,0,,
47.194,0.5000,0.5000,0.5000,0.5000,-3.64,5.76,0.148,,1,0,,
47.226,0.5000,0.5000,0.5000,0.5000,-3.60,5.76,0.155,,1,0,,
47.258,0.5000,0.5000,0.5000,0.5000,-3.56,5.76,0.130,,1,0,,
47.291,0.5000,0.5000,0.5000,0.5000,-3.51,5.73,0.135,,1,0,,
47.322,0.5000,0.5000,0.5000,0.5000,-3.47,5.73,0.129,,1,0,,
47.355,0.5000,0.5000,0.5000,0.5000,-3.41,5.65,0.132,,1,0,,
47.387,0.5000,0.5000,0.5000,0.5000,-3.40,5.64,0.152,,1,0,,
47.456,0.5000,0.5000,0.5000,0.5000,-3.47,5.81,0.155,,1,0,,
47.484,0.5000,0.5000,0.5000,0.5000,-3.50,5.84,0.162,,1,0,,
47.516,0.5000,0.5000,0.5000,0.5000,-3.50,5.86,0.161,,1,0,,
47.548,0.5000,0.5000,0.5000,0.5000,-3.54,5.83,0.148,,1,0,,
47.578,0.5000,0.5000,0.5000,0.5000,-3.54,5.87,0.166,,1,0,,
47.625,0.5000,0.5000,0.5000,0.5000,-3.51,6.04,0.211,,1,0,,
47.658,0.5000,0.5000,0.5000,0.5000,-3.47,6.23,0.223,,1,0,,
47.682,0.5000,0.5000,0.5000,0.5000,-3.45,6.33,0.226,,1,0,,
47.703,0.5000,0.5000,0.5000,0.5000,-3.42,6.41,0.225,,1,0,,
47.726,0.5000,0.5000,0.5000,0.5000,-3.39,6.49,0.227,,1,0,,
47.755,0.5000,0.5000,0.5000,0.5000,-3.35,6.59,0.235,,1,0,,
47.788,0.5000,0.5000,0.5000,0.5000,-3.31,6.65,0.234,,1,0,,
47.853,0.5000,0.5000,0.5000,0.5000,-3.24,6.88,0.255,,1,0,,
47.883,0.5000,0.5000,0.5000,0.5000,-3.21,6.98,0.260,,1,0,,
47.917,0.5000,0.5000,0.5000,0.5000,-3.17,7.03,0.266,,1,0,,
47.946,0.5000,0.5000,0.5000,0.5000,-3.15,7.09,0.276,,1,0,,
47.978,0.5000,0.5000,0.5000,0.5000,-3.14,7.15,0.266,,1,0,,
48.010,0.5000,0.5000,0.5000,0.5000,-3.12,7.13,0.271,,1,0,,
48.047,0.5000,0.5000,0.5000,0.5000,-3.09,7.16,0.272,,1,0,,
48.079,0.5000,0.5000,0.5000,0.5000,-3.10,7.23,0.265,,1,0,,
48.105,0.5000,0.5000,0.5000,0.5000,-3.11,7.20,0.259,,1,0,,
48.138,0.5000,0.5000,0.5000,0.5000,-3.12,7.20,0.277,,1,0,,
48.187,0.5000,0.5000,0.5000,0.5000,-3.12,7.19,0.252,,1,0,,
48.222,0.5000,0.5000,0.5000,0.5000,-3.13,7.16,0.236,,1,0,,
48.252,0.5000,0.5000,0.5000,0.5000,-3.11,7.04,0.228,,1,0,,
48.281,0.5000,0.5000,0.5000,0.5000,-3.16,6.88,0.204,,1,0,,
48.314,0.5000,0.5000,0.5000,0.5000,-3.22,6.81,0.200,,1,0,,
48.346,0.5000,0.5000,0.5000,0.5000,-3.27,6.75,0.199,,1,0,,
48.377,0.5000,0.5000,0.5000,0.5000,-3.31,6.64,0.191,,1,0,,
48.410,0.5000,0.5000,0.5000,0.5000,-3.34,6.55,0.187,,1,0,,
48.441,0.5000,0.5000,0.5000,0.5000,-3.39,6.48,0.183,,1,0,,
48.473,0.5000,0.5000,0.5000,0.5000,-3.44,6.39,0.173,,1,0,,
48.504,0.5000,0.5000,0.5000,0.5000,-3.46,6.30,0.180,,1,0,,
48.537,0.5000,0.5000,0.5000,0.5000,-3.54,6.17,0.187,,1,0,,
48.573,0.5000,0.5000,0.5000,0.5000,-3.59,6.09,0.197,,1,0,,
48.602,0.5000,0.5000,0.5000,0.5000,-3.65,5.99,0.176,,1,0,,
48.634,0.5000,0.5000,0.5000,0.5000,-3.73,5.69,0.162,,1,0,,
48.667,0.5000,0.5000,0.5000,0.5000,-3.83,5.37,0.168,,1,0,,
48.699,0.5000,0.5000,0.5000,0.5000,-3.91,5.07,0.156,,1,0,,
48.747,0.5000,0.5000,0.5000,0.5000,-4.01,4.60,0.156,,1,0,,
48.779,0.5000,0.5000,0.5000,0.5000,-4.09,4.27,0.164,,1,0,,
48.811,0.5000,0.5000,0.5000,0.5000,-4.15,4.05,0.180,,1,0,,
48.841,0.5000,0.5000,0.5000,0.5000,-4.18,3.93,0.196,,1,0,,
48.875,0.5000,0.5000,0.5000,0.5000,-4.19,3.86,0.194,,1,0,,
48.908,0.5000,0.5000,0.5000,0.5000,-4.22,3.87,0.190,,1,0,,
48.938,0.5000,0.5000,0.5000,0.5000,-4.25,3.83,0.190,,1,0,,
48.970,0.5000,0.5000,0.5000,0.5000,-4.27,3.75,0.203,,1,0,,
49.003,0.5000,0.5000,0.5000,0.5000,-4.29,3.66,0.205,,1,0,,
49.035,0.5000,0.5000,0.5000,0.5000,-4.30,3.57,0.204,,1,0,,
49.069,0.5000,0.5000,0.5000,0.5000,-4.29,3.50,0.208,,1,0,,
49.100,0.5000,0.5000,0.5000,0.5000,-4.28,3.46,0.208,,1,0,,
49.131,0.5000,0.5000,0.5000,0.5000,-4.31,3.38,0.198,,1,0,,
49.162,0.5000,0.5000,0.5000,0.5000,-4.33,3.23,0.197,,1,0,,
49.193,0.5000,0.5000,0.5000,0.5000,-4.34,3.17,0.210,,1,0,,
49.227,0.5000,0.5000,0.5000,0.5000,-4.38,3.09,0.194,,1,0,,
49.260,0.5000,0.5000,0.5000,0.5000,-4.40,2.99,0.193,,1,0,,
49.290,0.5000,0.5000,0.5000,0.5000,-4.42,2.86,0.190,,1,0,,
49.339,0.5000,0.5000,0.5000,0.5000,-4.47,2.64,0.183,,1,0,,
49.371,0.5000,0.5000,0.5000,0.5000,-4.49,2.46,0.184,,1,0,,
49.402,0.5000,0.5000,0.5000,0.5000,-4.51,2.37,0.172,,1,0,,
49.434,0.5000,0.5000,0.5000,0.5000,-4.61,2.29,0.153,,1,0,,
49.466,0.5000,0.5000,0.5000,0.5000,-4.69,2.26,0.144,,1,0,,
49.499,0.5000,0.5000,0.5000,0.5000,-4.76,2.17,0.148,,1,0,,
49.531,0.5000,0.5000,0.5000,0.5000,-4.83,2.11,0.140,,1,0,,
49.562,0.5000,0.5000,0.5000,0.5000,-4.89,2.07,0.139,,1,0,,
49.593,0.5000,0.5000,0.5000,0.5000,-4.94,2.03,0.144,,1,0,,
49.626,0.5000,0.5000,0.5000,0.5000,-4.98,1.99,0.155,,1,0,,
49.658,0.5000,0.5000,0.5000,0.5000,-5.01,1.97,0.146,,1,0,,
49.690,0.5000,0.5000,0.5000,0.5000,-5.03,1.96,0.147,,1,0,,
49.723,0.5000,0.5000,0.5000,0.5000,-5.06,1.96,0.155,,1,0,,
49.754,0.5000,0.5000,0.5000,0.5000,-5.08,2.02,0.166,,1,0,,
49.787,0.5000,0.5000,0.5000,0.5000,-5.09,2.06,0.184,,1,0,,
49.853,0.5000,0.5000,0.5000,0.5000,-5.01,2.34,0.202,,1,0,,
49.898,0.5000,0.5000,0.5000,0.5000,-4.96,2.51,0.206,,1,0,,
49.930,0.5000,0.5000,0.5000,0.5000,-4.93,2.59,0.217,,1,0,,
49.953,0.5000,0.5000,0.5000,0.5000,-4.92,2.63,0.225,,1,0,,
49.977,0.5000,0.5000,0.5000,0.5000,-4.92,2.64,0.228,,1,0,,
50.000,0.5000,0.5000,0.5000,0.5000,-4.92,2.72,0.232,,1,0,,
50.030,0.5000,0.5000,0.5000,0.5000,-4.90,2.85,0.243,,1,0,,
50.060,0.5000,0.5000,0.5000,0.5000,-4.88,2.90,0.247,,1,0,,
50.090,0.5000,0.5000,0.5000,0.5000,-4.85,2.99,0.254,,1,0,,
50.121,0.5000,0.5000,0.5000,0.5000,-4.81,2.98,0.255,,1,0,,
50.153,0.5000,0.5000,0.5000,0.5000,-4.77,3.00,0.246,,1,0,,
50.186,0.5000,0.5000,0.5000,0.5000,-4.74,3.01,0.246,,1,0,,
50.250,0.5000,0.5000,0.5000,0.5000,-4.60,3.10,0.254,,1,0,,
50.281,0.5000,0.5000,0.5000,0.5000,-4.58,3.18,0.235,,1,0,,
50.314,0.5000,0.5000,0.5000,0.5000,-4.56,3.26,0.215,,1,0,,
50.346,0.5000,0.5000,0.5000,0.5000,-4.60,3.28,0.194,,1,0,,
50.379,0.5000,0.5000,0.5000,0.5000,-4.65,3.25,0.181,,1,0,,
50.410,0.5000,0.5000,0.5000,0.5000,-4.69,3.27,0.182,,1,0,,
50.457,0.5000,0.5000,0.5000,0.5000,-4.76,3.13,0.190,,1,0,,
50.489,0.5000,0.5000,0.5000,0.5000,-4.81,3.03,0.183,,1,0,,
50.515,0.5000,0.5000,0.5000,0.5000,-4.84,2.95,0.181,,1,0,,
50.537,0.5000,0.5000,0.5000,0.5000,-4.86,2.93,0.181,,1,0,,
50.565,0.5000,0.5000,0.5000,0.5000,-4.83,2.87,0.188,,1,0,,
50.591,0.5000,0.5000,0.5000,0.5000,-4.80,2.82,0.199,,1,0,,
50.651,0.5000,0.5000,0.5000,0.5000,-4.80,2.83,0.197,,1,0,,
50.683,0.5000,0.5000,0.5000,0.5000,-4.81,2.85,0.189,,1,0,,
50.715,0.5000,0.5000,0.5000,0.5000,-4.81,2.89,0.214,,1,0,,
50.748,0.5000,0.5000,0.5000,0.5000,-4.80,2.82,0.226,,1,0,,
50.777,0.5000,0.5000,0.5000,0.5000,-4.76,2.78,0.236,,1,0,,
50.811,0.5000,0.5000,0.5000,0.5000,-4.73,2.74,0.256,,1,0,,
50.842,0.5000,0.5000,0.5000,0.5000,-4.67,2.81,0.270,,1,0,,
50.874,0.5000,0.5000,0.5000,0.5000,-4.59,2.90,0.270,,1,0,,
50.908,0.5000,0.5000,0.5000,0.5000,-4.51,2.99,0.270,,1,0,,
50.936,0.5000,0.5000,0.5000,0.5000,-4.45,3.01,0.267,,1,0,,
50.970,0.5000,0.5000,0.5000,0.5000,-4.40,3.09,0.267,,1,0,,
51.003,0.5000,0.5000,0.5000,0.5000,-4.34,3.22,0.274,,1,0,,
51.052,0.5000,0.5000,0.5000,0.5000,-4.27,3.44,0.271,,1,0,,
51.082,0.5000,0.5000,0.5000,0.5000,-4.23,3.55,0.269,,1,0,,
51.114,0.5000,0.5000,0.5000,0.5000,-4.19,3.71,0.261,,1,0,,
51.148,0.5000,0.5000,0.5000,0.5000,-4.19,3.82,0.256,,1,0,,
51.177,0.5000,0.5000,0.5000,0.5000,-4.16,3.85,0.267,,1,0,,
51.209,0.5000,0.5000,0.5000,0.5000,-4.15,3.88,0.252,,1,0,,
51.243,0.5000,0.5000,0.5000,0.5000,-4.14,3.89,0.249,,1,0,,
51.275,0.5000,0.5000,0.5000,0.5000,-4.16,3.97,0.224,,1,0,,
51.305,0.5000,0.5000,0.5000,0.5000,-4.16,4.08,0.236,,1,0,,
51.337,0.5000,0.5000,0.5000,0.5000,-4.17,4.20,0.236,,1,0,,
51.370,0.5000,0.5000,0.5000,0.5000,-4.17,4.26,0.245,,1,0,,
51.404,0.5000,0.5000,0.5000,0.5000,-4.18,4.31,0.243,,1,0,,
51.435,0.5000,0.5000,0.5000,0.5000,-4.23,4.30,0.222,,1,0,,
51.467,0.5000,0.5000,0.5000,0.5000,-4.24,4.33,0.232,,1,0,,
51.500,0.5000,0.5000,0.5000,0.5000,-4.24,4.42,0.234,,1,0,,
51.531,0.5000,0.5000,0.5000,0.5000,-4.24,4.65,0.227,,1,0,,
51.562,0.5000,0.5000,0.5000,0.5000,-4.25,4.92,0.201,,1,0,,
51.610,0.5000,0.5000,0.5000,0.5000,-4.31,5.10,0.181,,1,0,,
51.644,0.5000,0.5000,0.5000,0.5000,-4.33,5.21,0.209,,1,0,,
51.674,0.5000,0.5000,0.5000,0.5000,-4.34,5.38,0.217,,1,0,,
51.707,0.5000,0.5000,0.5000,0.5000,-4.39,5.49,0.216,,1,0,,
51.738,0.5000,0.5000,0.5000,0.5000,-4.40,5.61,0.213,,1,0,,
51.773,0.5000,0.5000,0.5000,0.5000,-4.42,5.59,0.210,,1,0,,
51.803,0.5000,0.5000,0.5000,0.5000,-4.43,5.60,0.197,,1,0,,
51.835,0.5000,0.5000,0.5000,0.5000,-4.42,5.58,0.193,,1,0,,
51.866,0.5000,0.5000,0.5000,0.5000,-4.41,5.52,0.189,,1,0,,
51.898,0.5000,0.5000,0.5000,0.5000,-4.39,5.49,0.198,,1,0,,
51.931,0.5000,0.5000,0.5000,0.5000,-4.35,5.51,0.192,,1,0,,
51.965,0.5000,0.5000,0.5000,0.5000,-4.34,5.54,0.194,,1,0,,
51.994,0.5000,0.5000,0.5000,0.5000,-4.32,5.54,0.193,,1,0,,
52.026,0.5000,0.5000,0.5000,0.5000,-4.33,5.54,0.177,,1,0,,
52.061,0.5000,0.5000,0.5000,0.5000,-4.35,5.50,0.175,,1,0,,
52.090,0.5000,0.5000,0.5000,0.5000,-4.38,5.45,0.173,,1,0,,
52.121,0.5000,0.5000,0.5000,0.5000,-4.39,5.44,0.181,,1,0,,
52.173,0.5000,0.5000,0.5000,0.5000,-4.55,5.23,0.125,,1,0,,
52.202,0.5000,0.5000,0.5000,0.5000,-4.64,5.05,0.120,,1,0,,
52.234,0.5000,0.5000,0.5000,0.5000,-4.72,4.96,0.125,,1,0,,
52.267,0.5000,0.5000,0.5000,0.5000,-4.78,4.83,0.124,,1,0,,
52.299,0.5000,0.5000,0.5000,0.5000,-4.82,4.76,0.122,,1,0,,
52.331,0.5000,0.5000,0.5000,0.5000,-4.86,4.71,0.124,,1,0,,
52.363,0.5000,0.5000,0.5000,0.5000,-4.90,4.65,0.146,,1,0,,
52.395,0.5000,0.5000,0.5000,0.5000,-4.95,4.47,0.144,,1,0,,
52.425,0.5000,0.5000,0.5000,0.5000,-4.98,4.31,0.142,,1,0,,
52.459,0.5000,0.5000,0.5000,0.5000,-5.01,4.18,0.145,,1,0,,
52.492,0.5000,0.5000,0.5000,0.5000,-5.04,4.08,0.144,,1,0,,
52.522,0.5000,0.5000,0.5000,0.5000,-5.10,4.01,0.150,,1,0,,
52.554,0.5000,0.5000,0.5000,0.5000,-5.15,3.92,0.150,,1,0,,
52.585,0.5000,0.5000,0.5000,0.5000,-5.18,3.86,0.157,,1,0,,
52.655,0.5000,0.5000,0.5000,0.5000,-5.16,3.87,0.168,,1,0,,
52.683,0.5000,0.5000,0.5000,0.5000,-5.17,3.87,0.147,,1,0,,
52.730,0.5000,0.5000,0.5000,0.5000,-5.24,3.72,0.148,,1,0,,
52.764,0.5000,0.5000,0.5000,0.5000,-5.28,3.62,0.143,,1,0,,
52.787,0.5000,0.5000,0.5000,0.5000,-5.31,3.55,0.143,,1,0,,
52.810,0.5000,0.5000,0.5000,0.5000,-5.34,3.49,0.147,,1,0,,
52.834,0.5000,0.5000,0.5000,0.5000,-5.36,3.43,0.146,,1,0,,
52.860,0.5000,0.5000,0.5000,0.5000,-5.37,3.36,0.143,,1,0,,
52.892,0.5000,0.5000,0.5000,0.5000,-5.39,3.27,0.125,,1,0,,
52.923,0.5000,0.5000,0.5000,0.5000,-5.41,3.17,0.124,,1,0,,
52.954,0.5000,0.5000,0.5000,0.5000,-5.45,3.02,0.123,,1,0,,
52.987,0.5000,0.5000,0.5000,0.5000,-5.51,2.92,0.127,,1,0,,
53.054,0.5000,0.5000,0.5000,0.5000,-5.50,3.13,0.150,,1,0,,
53.086,0.5000,0.5000,0.5000,0.5000,-5.49,3.20,0.145,,1,0,,
53.117,0.5000,0.5000,0.5000,0.5000,-5.47,3.28,0.143,,1,0,,
53.147,0.5000,0.5000,0.5000,0.5000,-5.49,3.26,0.141,,1,0,,
53.178,0.5000,0.5000,0.5000,0.5000,-5.52,3.21,0.120,,1,0,,
53.210,0.5000,0.5000,0.5000,0.5000,-5.54,3.19,0.133,,1,0,,
53.241,0.5000,0.5000,0.5000,0.5000,-5.57,3.14,0.127,,1,0,,
53.273,0.5000,0.5000,0.5000,0.5000,-5.61,3.08,0.116,,1,0,,
53.322,0.5000,0.5000,0.5000,0.5000,-5.66,2.94,0.118,,1,0,,
53.347,0.5000,0.5000,0.5000,0.5000,-5.67,2.85,0.122,,1,0,,
53.368,0.5000,0.5000,0.5000,0.5000,-5.67,2.80,0.136,,1,0,,
53.393,0.5000,0.5000,0.5000,0.5000,-5.67,2.79,0.142,,1,0,,
53.451,0.5000,0.5000,0.5000,0.5000,-5.58,2.85,0.153,,1,0,,
53.483,0.5000,0.5000,0.5000,0.5000,-5.57,2.90,0.157,,1,0,,
53.516,0.5000,0.5000,0.5000,0.5000,-5.55,2.99,0.149,,1,0,,
53.549,0.5000,0.5000,0.5000,0.5000,-5.59,3.04,0.139,,1,0,,
53.579,0.5000,0.5000,0.5000,0.5000,-5.60,3.04,0.134,,1,0,,
53.610,0.5000,0.5000,0.5000,0.5000,-5.62,3.05,0.142,,1,0,,
53.641,0.5000,0.5000,0.5000,0.5000,-5.67,3.02,0.141,,1,0,,
53.674,0.5000,0.5000,0.5000,0.5000,-5.73,3.00,0.149,,1,0,,
53.706,0.5000,0.5000,0.5000,0.5000,-5.79,3.01,0.141,,1,0,,
53.738,0.5000,0.5000,0.5000,0.5000,-5.82,3.05,0.137,,1,0,,
53.770,0.5000,0.5000,0.5000,0.5000,-5.82,3.10,0.140,,1,0,,
53.803,0.5000,0.5000,0.5000,0.5000,-5.81,3.14,0.147,,1,0,,
53.835,0.5000,0.5000,0.5000,0.5000,-5.83,3.12,0.138,,1,0,,
53.882,0.5000,0.5000,0.5000,0.5000,-5.89,3.00,0.113,,1,0,,
53.914,0.5000,0.5000,0.5000,0.5000,-5.95,2.90,0.086,,1,0,,
53.947,0.5000,0.5000,0.5000,0.5000,-6.05,2.79,0.087,,1,0,,
53.979,0.5000,0.5000,0.5000,0.5000,-6.10,2.77,0.110,,1,0,,
54.011,0.5000,0.5000,0.5000,0.5000,-6.07,2.88,0.182,,1,0,,
54.042,0.5000,0.5000,0.5000,0.5000,-6.04,3.03,0.224,,1,0,,
54.073,0.5000,0.5000,0.5000,0.5000,-5.95,3.12,0.278,,1,0,,
54.104,0.5000,0.5000,0.5000,0.5000,-5.87,3.24,0.307,,1,0,,
54.136,0.5000,0.5000,0.5000,0.5000,-5.76,3.46,0.325,,1,0,,
54.170,0.5000,0.5000,0.5000,0.5000,-5.64,3.68,0.327,,1,0,,
54.202,0.5000,0.5000,0.5000,0.5000,-5.56,3.87,0.317,,1,0,,
54.234,0.5000,0.5000,0.5000,0.5000,-5.48,3.93,0.319,,1,0,,
54.265,0.5000,0.5000,0.5000,0.5000,-5.42,3.96,0.308,,1,0,,
54.299,0.5000,0.5000,0.5000,0.5000,-5.37,4.01,0.304,,1,0,,
54.332,0.5000,0.5000,0.5000,0.5000,-5.32,4.05,0.300,,1,0,,
54.364,0.5000,0.5000,0.5000,0.5000,-5.26,4.09,0.290,,1,0,,
54.396,0.5000,0.5000,0.5000,0.5000,-5.20,4.17,0.284,,1,0,,
54.443,0.5000,0.5000,0.5000,0.5000,-5.14,4.25,0.254,,1,0,,
54.474,0.5000,0.5000,0.5000,0.5000,-5.13,4.32,0.250,,1,0,,
54.505,0.5000,0.5000,0.5000,0.5000,-5.12,4.37,0.241,,1,0,,
54.539,0.5000,0.5000,0.5000,0.5000,-5.12,4.41,0.241,,1,0,,
54.569,0.5000,0.5000,0.5000,0.5000,-5.10,4.44,0.252,,1,0,,
54.603,0.5000,0.5000,0.5000,0.5000,-5.08,4.55,0.259,,1,0,,
54.634,0.5000,0.5000,0.5000,0.5000,-5.04,4.63,0.269,,1,0,,
54.666,0.5000,0.5000,0.5000,0.5000,-5.01,4.69,0.280,,1,0,,
54.699,0.5000,0.5000,0.5000,0.5000,-4.97,4.75,0.264,,1,0,,
54.730,0.5000,0.5000,0.5000,0.5000,-4.95,4.83,0.275,,1,0,,
54.764,0.5000,0.5000,0.5000,0.5000,-4.94,4.87,0.267,,1,0,,
54.794,0.5000,0.5000,0.5000,0.5000,-4.94,4.95,0.261,,1,0,,
54.826,0.5000,0.5000,0.5000,0.5000,-4.90,5.03,0.257,,1,0,,
54.859,0.5000,0.5000,0.5000,0.5000,-4.86,5.06,0.256,,1,0,,
54.889,0.5000,0.5000,0.5000,0.5000,-4.89,5.03,0.244,,1,0,,
54.922,0.5000,0.5000,0.5000,0.5000,-4.93,5.03,0.219,,1,0,,
54.954,0.5000,0.5000,0.5000,0.5000,-4.99,4.99,0.209,,1,0,,
55.004,0.5000,0.5000,0.5000,0.5000,-5.07,4.92,0.220,,1,0,,
55.032,0.5000,0.5000,0.5000,0.5000,-5.13,4.87,0.213,,1,0,,
55.068,0.5000,0.5000,0.5000,0.5000,-5.17,4.81,0.220,,1,0,,
55.099,0.5000,0.5000,0.5000,0.5000,-5.18,4.82,0.250,,1,0,,
55.130,0.5000,0.5000,0.5000,0.5000,-5.18,4.78,0.245,,1,0,,
55.163,0.5000,0.5000,0.5000,0.5000,-5.13,4.82,0.245,,1,0,,
55.195,0.5000,0.5000,0.5000,0.5000,-5.13,4.83,0.241,,1,0,,
55.226,0.5000,0.5000,0.5000,0.5000,-5.12,4.74,0.221,,1,0,,
55.258,0.5000,0.5000,0.5000,0.5000,-5.12,4.60,0.205,,1,0,,
55.291,0.5000,0.5000,0.5000,0.5000,-5.11,4.50,0.204,,1,0,,
55.322,0.5000,0.5000,0.5000,0.5000,-5.11,4.37,0.197,,1,0,,
55.354,0.5000,0.5000,0.5000,0.5000,-5.09,4.27,0.205,,1,0,,
55.386,0.5000,0.5000,0.5000,0.5000,-5.14,4.27,0.208,,1,0,,
55.456,0.5000,0.5000,0.5000,0.5000,-5.08,4.74,0.272,,1,0,,
55.483,0.5000,0.5000,0.5000,0.5000,-5.05,4.95,0.290,,1,0,,
55.514,0.5000,0.5000,0.5000,0.5000,-5.01,5.15,0.292,,1,0,,
55.548,0.5000,0.5000,0.5000,0.5000,-4.98,5.23,0.286,,1,0,,
55.597,0.5000,0.5000,0.5000,0.5000,-4.91,5.29,0.293,,1,0,,
55.628,0.5000,0.5000,0.5000,0.5000,-4.87,5.29,0.274,,1,0,,
55.650,0.5000,0.5000,0.5000,0.5000,-4.85,5.29,0.264,,1,0,,
55.673,0.5000,0.5000,0.5000,0.5000,-4.82,5.35,0.267,,1,0,,
55.697,0.5000,0.5000,0.5000,0.5000,-4.80,5.40,0.280,,1,0,,
55.722,0.5000,0.5000,0.5000,0.5000,-4.78,5.46,0.272,,1,0,,
55.755,0.5000,0.5000,0.5000,0.5000,-4.76,5.50,0.272,,1,0,,
55.786,0.5000,0.5000,0.5000,0.5000,-4.74,5.51,0.277,,1,0,,
55.854,0.5000,0.5000,0.5000,0.5000,-4.75,5.44,0.280,,1,0,,
55.883,0.5000,0.5000,0.5000,0.5000,-4.75,5.39,0.272,,1,0,,
55.915,0.5000,0.5000,0.5000,0.5000,-4.75,5.37,0.259,,1,0,,
55.947,0.5000,0.5000,0.5000,0.5000,-4.78,5.26,0.249,,1,0,,
55.978,0.5000,0.5000,0.5000,0.5000,-4.79,5.14,0.248,,1,0,,
56.011,0.5000,0.5000,0.5000,0.5000,-4.81,5.01,0.229,,1,0,,
56.042,0.5000,0.5000,0.5000,0.5000,-4.81,4.98,0.241,,1,0,,
56.074,0.5000,0.5000,0.5000,0.5000,-4.81,5.00,0.218,,1,0,,
56.106,0.5000,0.5000,0.5000,0.5000,-4.82,4.91,0.193,,1,0,,
56.152,0.5000,0.5000,0.5000,0.5000,-4.83,4.86,0.200,,1,0,,
56.185,0.5000,0.5000,0.5000,0.5000,-4.82,4.83,0.211,,1,0,,
56.208,0.5000,0.5000,0.5000,0.5000,-4.81,4.79,0.216,,1,0,,
56.249,0.5000,0.5000,0.5000,0.5000,-4.84,4.71,0.213,,1,0,,
56.282,0.5000,0.5000,0.5000,0.5000,-4.86,4.64,0.217,,1,0,,
56.316,0.5000,0.5000,0.5000,0.5000,-4.86,4.61,0.227,,1,0,,
56.348,0.5000,0.5000,0.5000,0.5000,-4.87,4.58,0.219,,1,0,,
56.379,0.5000,0.5000,0.5000,0.5000,-4.88,4.50,0.212,,1,0,,
56.412,0.5000,0.5000,0.5000,0.5000,-4.90,4.49,0.216,,1,0,,
56.446,0.5000,0.5000,0.5000,0.5000,-4.92,4.47,0.206,,1,0,,
56.475,0.5000,0.5000,0.5000,0.5000,-4.93,4.49,0.211,,1,0,,
56.506,0.5000,0.5000,0.5000,0.5000,-4.96,4.46,0.213,,1,0,,
56.538,0.5000,0.5000,0.5000,0.5000,-4.97,4.46,0.216,,1,0,,
56.570,0.5000,0.5000,0.5000,0.5000,-4.97,4.45,0.228,,1,0,,
56.602,0.5000,0.5000,0.5000,0.5000,-4.96,4.41,0.233,,1,0,,
56.634,0.5000,0.5000,0.5000,0.5000,-4.96,4.34,0.230,,1,0,,
56.666,0.5000,0.5000,0.5000,0.5000,-4.95,4.30,0.232,,1,0,,
56.715,0.5000,0.5000,0.5000,0.5000,-4.98,4.30,0.230,,1,0,,
56.747,0.5000,0.5000,0.5000,0.5000,-5.00,4.39,0.235,,1,0,,
56.779,0.5000,0.5000,0.5000,0.5000,-4.98,4.51,0.247,,1,0,,
56.810,0.5000,0.5000,0.5000,0.5000,-4.99,4.60,0.243,,1,0,,
56.843,0.5000,0.5000,0.5000,0.5000,-5.01,4.69,0.232,,1,0,,
56.875,0.5000,0.5000,0.5000,0.5000,-5.04,4.77,0.223,,1,0,,
56.907,0.5000,0.5000,0.5000,0.5000,-5.06,4.83,0.217,,1,0,,
56.939,0.5000,0.5000,0.5000,0.5000,-5.09,4.89,0.225,,1,0,,
56.971,0.5000,0.5000,0.5000,0.5000,-5.11,4.95,0.224,,1,0,,
57.002,0.5000,0.5000,0.5000,0.5000,-5.15,4.98,0.217,,1,0,,
57.035,0.5000,0.5000,0.5000,0.5000,-5.20,4.94,0.197,,1,0,,
57.066,0.5000,0.5000,0.5000,0.5000,-5.26,4.89,0.197,,1,0,,
57.099,0.5000,0.5000,0.5000,0.5000,-5.31,4.81,0.188,,1,0,,
57.132,0.5000,0.5000,0.5000,0.5000,-5.36,4.76,0.192,,1,0,,
57.162,0.5000,0.5000,0.5000,0.5000,-5.44,4.74,0.180,,1,0,,
57.195,0.5000,0.5000,0.5000,0.5000,-5.51,4.70,0.182,,1,0,,
57.228,0.5000,0.5000,0.5000,0.5000,-5.57,4.60,0.181,,1,0,,
57.274,0.5000,0.5000,0.5000,0.5000,-5.70,4.40,0.187,,1,0,,
57.305,0.5000,0.5000,0.5000,0.5000,-5.75,4.27,0.180,,1,0,,
57.336,0.5000,0.5000,0.5000,0.5000,-5.79,4.13,0.192,,1,0,,
57.369,0.5000,0.5000,0.5000,0.5000,-5.87,3.97,0.172,,1,0,,
57.403,0.5000,0.5000,0.5000,0.5000,-5.90,3.77,0.173,,1,0,,
57.437,0.5000,0.5000,0.5000,0.5000,-5.93,3.55,0.177,,1,0,,
57.465,0.5000,0.5000,0.5000,0.5000,-5.95,3.39,0.172,,1,0,,
57.499,0.5000,0.5000,0.5000,0.5000,-5.97,3.21,0.166,,1,0,,
57.532,0.5000,0.5000,0.5000,0.5000,-5.98,2.96,0.167,,1,0,,
57.564,0.5000,0.5000,0.5000,0.5000,-5.94,2.71,0.178,,1,0,,
57.595,0.5000,0.5000,0.5000,0.5000,-5.92,2.53,0.167,,1,0,,
57.626,0.5000,0.5000,0.5000,0.5000,-5.89,2.49,0.167,,1,0,,
57.660,0.5000,0.5000,0.5000,0.5000,-5.83,2.40,0.186,,1,0,,
57.690,0.5000,0.5000,0.5000,0.5000,-5.79,2.36,0.187,,1,0,,
57.724,0.5000,0.5000,0.5000,0.5000,-5.79,2.29,0.180,,1,0,,
57.754,0.5000,0.5000,0.5000,0.5000,-5.80,2.25,0.187,,1,0,,
57.787,0.5000,0.5000,0.5000,0.5000,-5.79,2.19,0.196,,1,0,,
57.872,0.5000,0.5000,0.5000,0.5000,-6.01,2.14,0.188,,1,0,,
57.899,0.5000,0.5000,0.5000,0.5000,-6.08,2.10,0.188,,1,0,,
57.922,0.5000,0.5000,0.5000,0.5000,-6.11,2.08,0.189,,1,0,,
57.945,0.5000,0.5000,0.5000,0.5000,-6.13,2.04,0.196,,1,0,,
57.970,0.5000,0.5000,0.5000,0.5000,-6.14,2.02,0.192,,1,0,,
57.995,0.5000,0.5000,0.5000,0.5000,-6.15,2.04,0.204,,1,0,,
58.026,0.5000,0.5000,0.5000,0.5000,-6.15,2.08,0.207,,1,0,,
58.059,0.5000,0.5000,0.5000,0.5000,-6.13,2.05,0.199,,1,0,,
58.091,0.5000,0.5000,0.5000,0.5000,-6.12,2.05,0.198,,1,0,,
58.123,0.5000,0.5000,0.5000,0.5000,-6.10,2.00,0.197,,1,0,,
58.155,0.5000,0.5000,0.5000,0.5000,-6.10,1.98,0.198,,1,0,,
58.186,0.5000,0.5000,0.5000,0.5000,-6.09,2.04,0.224,,1,0,,
58.258,0.5000,0.5000,0.5000,0.5000,-6.05,1.91,0.258,,1,0,,
58.283,0.5000,0.5000,0.5000,0.5000,-6.02,1.80,0.263,,1,0,,
58.315,0.5000,0.5000,0.5000,0.5000,-6.00,1.66,0.264,,1,0,,
58.347,0.5000,0.5000,0.5000,0.5000,-5.98,1.57,0.272,,1,0,,
58.380,0.5000,0.5000,0.5000,0.5000,-5.94,1.69,0.275,,1,0,,
58.428,0.5000,0.5000,0.5000,0.5000,-5.86,1.90,0.277,,1,0,,
58.459,0.5000,0.5000,0.5000,0.5000,-5.81,2.01,0.272,,1,0,,
58.482,0.5000,0.5000,0.5000,0.5000,-5.76,2.06,0.271,,1,0,,
58.504,0.5000,0.5000,0.5000,0.5000,-5.72,2.16,0.276,,1,0,,
58.529,0.5000,0.5000,0.5000,0.5000,-5.67,2.23,0.278,,1,0,,
58.555,0.5000,0.5000,0.5000,0.5000,-5.62,2.31,0.278,,1,0,,
58.587,0.5000,0.5000,0.5000,0.5000,-5.53,2.47,0.271,,1,0,,
58.652,0.5000,0.5000,0.5000,0.5000,-5.47,2.73,0.258,,1,0,,
58.682,0.5000,0.5000,0.5000,0.5000,-5.45,2.83,0.243,,1,0,,
58.716,0.5000,0.5000,0.5000,0.5000,-5.41,2.87,0.244,,1,0,,
58.748,0.5000,0.5000,0.5000,0.5000,-5.42,2.91,0.244,,1,0,,
58.779,0.5000,0.5000,0.5000,0.5000,-5.42,2.91,0.254,,1,0,,
58.813,0.5000,0.5000,0.5000,0.5000,-5.44,2.80,0.248,,1,0,,
58.846,0.5000,0.5000,0.5000,0.5000,-5.46,2.70,0.245,,1,0,,
58.874,0.5000,0.5000,0.5000,0.5000,-5.47,2.65,0.231,,1,0,,
58.906,0.5000,0.5000,0.5000,0.5000,-5.46,2.53,0.234,,1,0,,
58.940,0.5000,0.5000,0.5000,0.5000,-5.46,2.36,0.239,,1,0,,
58.990,0.5000,0.5000,0.5000,0.5000,-5.48,2.05,0.232,,1,0,,
59.019,0.5000,0.5000,0.5000,0.5000,-5.48,1.95,0.230,,1,0,,
59.050,0.5000,0.5000,0.5000,0.5000,-5.49,1.89,0.224,,1,0,,
59.086,0.5000,0.5000,0.5000,0.5000,-5.49,1.79,0.233,,1,0,,
59.120,0.5000,0.5000,0.5000,0.5000,-5.48,1.73,0.251,,1,0,,
59.151,0.5000,0.5000,0.5000,0.5000,-5.46,1.73,0.257,,1,0,,
59.178,0.5000,0.5000,0.5000,0.5000,-5.46,1.72,0.249,,1,0,,
59.209,0.5000,0.5000,0.5000,0.5000,-5.45,1.74,0.241,,1,0,,
59.242,0.5000,0.5000,0.5000,0.5000,-5.43,1.77,0.231,,1,0,,
59.274,0.5000,0.5000,0.5000,0.5000,-5.41,1.81,0.229,,1,0,,
59.305,0.5000,0.5000,0.5000,0.5000,-5.39,1.83,0.229,,1,0,,
59.338,0.5000,0.5000,0.5000,0.5000,-5.36,1.80,0.230,,1,0,,
59.371,0.5000,0.5000,0.5000,0.5000,-5.33,1.82,0.227,,1,0,,
59.403,0.5000,0.5000,0.5000,0.5000,-5.33,1.87,0.228,,1,0,,
59.433,0.5000,0.5000,0.5000,0.5000,-5.37,1.86,0.232,,1,0,,
59.466,0.5000,0.5000,0.5000,0.5000,-5.37,1.88,0.245,,1,0,,
59.499,0.5000,0.5000,0.5000,0.5000,-5.39,1.94,0.246,,1,0,,
59.531,0.5000,0.5000,0.5000,0.5000,-5.39,1.91,0.234,,1,0,,
59.579,0.5000,0.5000,0.5000,0.5000,-5.40,1.95,0.241,,1,0,,
59.610,0.5000,0.5000,0.5000,0.5000,-5.43,1.94,0.214,,1,0,,
59.643,0.5000,0.5000,0.5000,0.5000,-5.43,1.93,0.242,,1,0,,
59.675,0.5000,0.5000,0.5000,0.5000,-5.47,1.89,0.232,,1,0,,
59.706,0.5000,0.5000,0.5000,0.5000,-5.51,1.85,0.250,,1,0,,
59.739,0.5000,0.5000,0.5000,0.5000,-5.57,1.76,0.226,,1,0,,
59.771,0.5000,0.5000,0.5000,0.5000,-5.63,1.72,0.224,,1,0,,
59.802,0.5000,0.5000,0.5000,0.5000,-5.71,1.68,0.203,,1,0,,
59.835,0.5000,0.5000,0.5000,0.5000,-5.80,1.64,0.192,,1,0,,
59.867,0.5000,0.5000,0.5000,0.5000,-5.87,1.59,0.212,,1,0,,
59.899,0.5000,0.5000,0.5000,0.5000,-5.93,1.56,0.208,,1,0,,
59.931,0.5000,0.5000,0.5000,0.5000,-5.97,1.54,0.214,,1,0,,
59.962,0.5000,0.5000,0.5000,0.5000,-6.02,1.51,0.209,,1,0,,
59.994,0.5000,0.5000,0.5000,0.5000,-6.05,1.43,0.247,,1,0,,
60.027,0.5000,0.5000,0.5000,0.5000,-6.05,1.44,0.275,,1,0,,
60.061,0.5000,0.5000,0.5000,0.5000,-6.07,1.28,0.286,,1,0,,
60.091,0.5000,0.5000,0.5000,0.5000,-6.08,1.03,0.300,,1,0,,
60.138,0.5000,0.5000,0.5000,0.5000,-6.11,0.69,0.279,,1,0,,
60.170,0.5000,0.5000,0.5000,0.5000,-6.14,0.44,0.276,,1,0,,
60.203,0.5000,0.5000,0.5000,0.5000,-6.17,0.17,0.278,,1,0,,
60.234,0.5000,0.5000,0.5000,0.5000,-6.19,-0.08,0.282,,1,0,,
60.266,0.5000,0.5000,0.5000,0.5000,-6.23,-0.30,0.284,,1,0,,
60.297,0.5000,0.5000,0.5000,0.5000,-6.26,-0.52,0.294,,1,0,,
60.329,0.5000,0.5000,0.5000,0.5000,-6.26,-0.59,0.300,,1,0,,
60.364,0.5000,0.5000,0.5000,0.5000,-6.24,-0.67,0.301,,1,0,,
60.394,0.5000,0.5000,0.5000,0.5000,-6.23,-0.83,0.299,,1,0,,
60.426,0.5000,0.5000,0.5000,0.5000,-6.20,-0.95,0.300,,1,0,,
60.458,0.5000,0.5000,0.5000,0.5000,-6.17,-1.01,0.301,,1,0,,
60.490,0.5000,0.5000,0.5000,0.5000,-6.11,-1.01,0.303,,1,0,,
60.522,0.5000,0.5000,0.5000,0.5000,-6.07,-1.03,0.302,,1,0,,
60.555,0.5000,0.5000,0.5000,0.5000,-6.03,-1.04,0.301,,1,0,,
60.586,0.5000,0.5000,0.5000,0.5000,-5.99,-1.11,0.298,,1,0,,
60.651,0.5000,0.5000,0.5000,0.5000,-5.90,-1.22,0.292,,1,0,,
60.696,0.5000,0.5000,0.5000,0.5000,-5.90,-1.37,0.286,,1,0,,
60.730,0.5000,0.5000,0.5000,0.5000,-5.91,-1.47,0.286,,1,0,,
60.754,0.5000,0.5000,0.5000,0.5000,-5.91,-1.55,0.288,,1,0,,
60.777,0.5000,0.5000,0.5000,0.5000,-5.91,-1.48,0.286,,1,0,,
60.802,0.5000,0.5000,0.5000,0.5000,-5.90,-1.43,0.268,,1,0,,
60.827,0.5000,0.5000,0.5000,0.5000,-5.90,-1.38,0.267,,1,0,,
60.860,0.5000,0.5000,0.5000,0.5000,-5.88,-1.30,0.281,,1,0,,
60.892,0.5000,0.5000,0.5000,0.5000,-5.88,-1.32,0.271,,1,0,,
60.921,0.5000,0.5000,0.5000,0.5000,-5.90,-1.38,0.260,,1,0,,
60.954,0.5000,0.5000,0.5000,0.5000,-5.93,-1.46,0.255,,1,0,,
60.986,0.5000,0.5000,0.5000,0.5000,-5.95,-1.42,0.259,,1,0,,
61.052,0.5000,0.5000,0.5000,0.5000,-5.99,-1.55,0.262,,1,0,,
61.082,0.5000,0.5000,0.5000,0.5000,-6.01,-1.58,0.250,,1,0,,
61.115,0.5000,0.5000,0.5000,0.5000,-6.06,-1.63,0.236,,1,0,,
61.147,0.5000,0.5000,0.5000,0.5000,-6.10,-1.57,0.239,,1,0,,
61.180,0.5000,0.5000,0.5000,0.5000,-6.12,-1.56,0.238,,1,0,,
61.212,0.5000,0.5000,0.5000,0.5000,-6.14,-1.58,0.249,,1,0,,
61.257,0.5000,0.5000,0.5000,0.5000,-6.21,-1.61,0.249,,1,0,,
61.290,0.5000,0.5000,0.5000,0.5000,-6.24,-1.64,0.241,,1,0,,
61.314,0.5000,0.5000,0.5000,0.5000,-6.25,-1.66,0.238,,1,0,,
61.335,0.5000,0.5000,0.5000,0.5000,-6.28,-1.65,0.236,,1,0,,
61.359,0.5000,0.5000,0.5000,0.5000,-6.31,-1.64,0.226,,1,0,,
61.386,0.5000,0.5000,0.5000,0.5000,-6.33,-1.66,0.227,,1,0,,
61.452,0.5000,0.5000,0.5000,0.5000,-6.49,-1.73,0.240,,1,0,,
61.482,0.5000,0.5000,0.5000,0.5000,-6.53,-1.78,0.243,,1,0,,
61.515,0.5000,0.5000,0.5000,0.5000,-6.56,-1.87,0.271,,1,0,,
61.546,0.5000,0.5000,0.5000,0.5000,-6.59,-1.99,0.293,,1,0,,
61.578,0.5000,0.5000,0.5000,0.5000,-6.57,-2.21,0.301,,1,0,,
61.612,0.5000,0.5000,0.5000,0.5000,-6.56,-2.25,0.299,,1,0,,
61.642,0.5000,0.5000,0.5000,0.5000,-6.55,-2.20,0.294,,1,0,,
61.675,0.5000,0.5000,0.5000,0.5000,-6.52,-2.17,0.294,,1,0,,
61.705,0.5000,0.5000,0.5000,0.5000,-6.51,-2.21,0.291,,1,0,,
61.741,0.5000,0.5000,0.5000,0.5000,-6.50,-2.21,0.289,,1,0,,
61.772,0.5000,0.5000,0.5000,0.5000,-6.45,-2.07,0.306,,1,0,,
61.803,0.5000,0.5000,0.5000,0.5000,-6.41,-1.95,0.284,,1,0,,
61.849,0.5000,0.5000,0.5000,0.5000,-6.38,-1.86,0.291,,1,0,,
61.882,0.5000,0.5000,0.5000,0.5000,-6.34,-1.80,0.291,,1,0,,
61.915,0.5000,0.5000,0.5000,0.5000,-6.29,-1.62,0.292,,1,0,,
61.947,0.5000,0.5000,0.5000,0.5000,-6.25,-1.64,0.292,,1,0,,
61.979,0.5000,0.5000,0.5000,0.5000,-6.23,-1.71,0.291,,1,0,,
62.011,0.5000,0.5000,0.5000,0.5000,-6.20,-1.85,0.291,,1,0,,
62.044,0.5000,0.5000,0.5000,0.5000,-6.17,-1.96,0.293,,1,0,,
62.074,0.5000,0.5000,0.5000,0.5000,-6.14,-2.12,0.301,,1,0,,
62.105,0.5000,0.5000,0.5000,0.5000,-6.11,-2.16,0.293,,1,0,,
62.139,0.5000,0.5000,0.5000,0.5000,-6.07,-2.10,0.309,,1,0,,
62.171,0.5000,0.5000,0.5000,0.5000,-6.02,-2.05,0.317,,1,0,,
62.202,0.5000,0.5000,0.5000,0.5000,-5.99,-2.05,0.314,,1,0,,
62.234,0.5000,0.5000,0.5000,0.5000,-5.96,-2.04,0.316,,1,0,,
62.266,0.5000,0.5000,0.5000,0.5000,-5.94,-2.01,0.312,,1,0,,
62.297,0.5000,0.5000,0.5000,0.5000,-5.91,-1.93,0.312,,1,0,,
62.330,0.5000,0.5000,0.5000,0.5000,-5.91,-1.89,0.314,,1,0,,
62.363,0.5000,0.5000,0.5000,0.5000,-5.92,-1.95,0.311,,1,0,,
62.411,0.5000,0.5000,0.5000,0.5000,-5.93,-2.05,0.315,,1,0,,
62.443,0.5000,0.5000,0.5000,0.5000,-5.95,-2.07,0.295,,1,0,,
62.474,0.5000,0.5000,0.5000,0.5000,-5.96,-2.08,0.295,,1,0,,
62.507,0.5000,0.5000,0.5000,0.5000,-6.03,-2.25,0.296,,1,0,,
62.537,0.5000,0.5000,0.5000,0.5000,-6.07,-2.40,0.297,,1,0,,
62.570,0.5000,0.5000,0.5000,0.5000,-6.11,-2.51,0.293,,1,0,,
62.603,0.5000,0.5000,0.5000,0.5000,-6.14,-2.61,0.290,,1,0,,
62.634,0.5000,0.5000,0.5000,0.5000,-6.16,-2.61,0.293,,1,0,,
62.667,0.5000,0.5000,0.5000,0.5000,-6.14,-2.56,0.287,,1,0,,
62.698,0.5000,0.5000,0.5000,0.5000,-6.12,-2.53,0.289,,1,0,,
62.731,0.5000,0.5000,0.5000,0.5000,-6.12,-2.46,0.289,,1,0,,
62.763,0.5000,0.5000,0.5000,0.5000,-6.11,-2.28,0.295,,1,0,,
62.795,0.5000,0.5000,0.5000,0.5000,-6.11,-2.17,0.295,,1,0,,
62.828,0.5000,0.5000,0.5000,0.5000,-6.11,-2.08,0.290,,1,0,,
62.858,0.5000,0.5000,0.5000,0.5000,-6.10,-1.99,0.289,,1,0,,
62.889,0.5000,0.5000,0.5000,0.5000,-6.09,-1.89,0.276,,1,0,,
62.921,0.5000,0.5000,0.5000,0.5000,-6.07,-1.84,0.282,,1,0,,
62.972,0.5000,0.5000,0.5000,0.5000,-6.04,-1.98,0.287,,1,0,,
63.002,0.5000,0.5000,0.5000,0.5000,-6.05,-2.10,0.280,,1,0,,
63.034,0.5000,0.5000,0.5000,0.5000,-6.06,-2.23,0.287,,1,0,,
63.070,0.5000,0.5000,0.5000,0.5000,-6.06,-2.35,0.300,,1,0,,
63.099,0.5000,0.5000,0.5000,0.5000,-6.08,-2.39,0.288,,1,0,,
63.130,0.5000,0.5000,0.5000,0.5000,-6.11,-2.64,0.298,,1,0,,
63.165,0.5000,0.5000,0.5000,0.5000,-6.18,-2.92,0.292,,1,0,,
63.197,0.5000,0.5000,0.5000,0.5000,-6.22,-3.06,0.294,,1,0,,
63.227,0.5000,0.5000,0.5000,0.5000,-6.25,-3.16,0.299,,1,0,,
63.259,0.5000,0.5000,0.5000,0.5000,-6.27,-3.27,0.292,,1,0,,
63.291,0.5000,0.5000,0.5000,0.5000,-6.28,-3.28,0.289,,1,0,,
63.323,0.5000,0.5000,0.5000,0.5000,-6.29,-3.29,0.281,,1,0,,
63.354,0.5000,0.5000,0.5000,0.5000,-6.32,-3.39,0.265,,1,0,,
63.387,0.5000,0.5000,0.5000,0.5000,-6.35,-3.49,0.267,,1,0,,
63.451,0.5000,0.5000,0.5000,0.5000,-6.38,-3.44,0.246,,1,0,,
63.483,0.5000,0.5000,0.5000,0.5000,-6.40,-3.41,0.255,,1,0,,
63.530,0.5000,0.5000,0.5000,0.5000,-6.39,-3.31,0.261,,1,0,,
63.562,0.5000,0.5000,0.5000,0.5000,-6.38,-3.24,0.261,,1,0,,
63.585,0.5000,0.5000,0.5000,0.5000,-6.37,-3.18,0.259,,1,0,,
63.608,0.5000,0.5000,0.5000,0.5000,-6.36,-3.12,0.271,,1,0,,
63.632,0.5000,0.5000,0.5000,0.5000,-6.35,-3.07,0.274,,1,0,,
63.659,0.5000,0.5000,0.5000,0.5000,-6.34,-3.04,0.278,,1,0,,
63.690,0.5000,0.5000,0.5000,0.5000,-6.35,-3.03,0.290,,1,0,,
63.722,0.5000,0.5000,0.5000,0.5000,-6.34,-3.05,0.288,,1,0,,
63.754,0.5000,0.5000,0.5000,0.5000,-6.33,-3.07,0.288,,1,0,,
63.787,0.5000,0.5000,0.5000,0.5000,-6.31,-2.99,0.291,,1,0,,
63.854,0.5000,0.5000,0.5000,0.5000,-6.25,-2.99,0.300,,1,0,,
63.883,0.5000,0.5000,0.5000,0.5000,-6.24,-2.95,0.294,,1,0,,
63.915,0.5000,0.5000,0.5000,0.5000,-6.22,-2.91,0.289,,1,0,,
63.946,0.5000,0.5000,0.5000,0.5000,-6.23,-3.00,0.284,,1,0,,
63.979,0.5000,0.5000,0.5000,0.5000,-6.24,-3.12,0.292,,1,0,,
64.010,0.5000,0.5000,0.5000,0.5000,-6.26,-3.25,0.299,,1,0,,
64.043,0.5000,0.5000,0.5000,0.5000,-6.27,-3.30,0.297,,1,0,,
64.074,0.5000,0.5000,0.5000,0.5000,-6.28,-3.33,0.310,,1,0,,
64.124,0.5000,0.5000,0.5000,0.5000,-6.29,-3.31,0.297,,1,0,,
64.155,0.5000,0.5000,0.5000,0.5000,-6.29,-3.29,0.295,,1,0,,
64.179,0.5000,0.5000,0.5000,0.5000,-6.28,-3.29,0.294,,1,0,,
64.201,0.5000,0.5000,0.5000,0.5000,-6.28,-3.29,0.290,,1,0,,
64.251,0.5000,0.5000,0.5000,0.5000,-6.22,-3.35,0.289,,1,0,,
64.281,0.5000,0.5000,0.5000,0.5000,-6.22,-3.44,0.292,,1,0,,
64.316,0.5000,0.5000,0.5000,0.5000,-6.22,-3.50,0.271,,1,0,,
64.346,0.5000,0.5000,0.5000,0.5000,-6.22,-3.56,0.245,,1,0,,
64.379,0.5000,0.5000,0.5000,0.5000,-6.20,-3.53,0.244,,1,0,,
64.413,0.5000,0.5000,0.5000,0.5000,-6.25,-3.41,0.235,,1,0,,
64.446,0.5000,0.5000,0.5000,0.5000,-6.30,-3.31,0.240,,1,0,,
64.475,0.5000,0.5000,0.5000,0.5000,-6.34,-3.23,0.227,,1,0,,
64.506,0.5000,0.5000,0.5000,0.5000,-6.38,-3.14,0.230,,1,0,,
64.538,0.5000,0.5000,0.5000,0.5000,-6.48,-3.10,0.221,,1,0,,
64.570,0.5000,0.5000,0.5000,0.5000,-6.53,-2.98,0.202,,1,0,,
64.601,0.5000,0.5000,0.5000,0.5000,-6.55,-2.82,0.217,,1,0,,
64.634,0.5000,0.5000,0.5000,0.5000,-6.56,-2.85,0.212,,1,0,,
64.684,0.5000,0.5000,0.5000,0.5000,-6.54,-2.74,0.222,,1,0,,
64.713,0.5000,0.5000,0.5000,0.5000,-6.53,-2.73,0.235,,1,0,,
64.748,0.5000,0.5000,0.5000,0.5000,-6.53,-2.80,0.230,,1,0,,
64.782,0.5000,0.5000,0.5000,0.5000,-6.53,-2.90,0.237,,1,0,,
64.810,0.5000,0.5000,0.5000,0.5000,-6.54,-3.06,0.235,,1,0,,
64.843,0.5000,0.5000,0.5000,0.5000,-6.53,-3.18,0.260,,1,0,,
64.876,0.5000,0.5000,0.5000,0.5000,-6.54,-3.29,0.259,,1,0,,
64.906,0.5000,0.5000,0.5000,0.5000,-6.52,-3.39,0.258,,1,0,,
64.939,0.5000,0.5000,0.5000,0.5000,-6.51,-3.53,0.266,,1,0,,
64.970,0.5000,0.5000,0.5000,0.5000,-6.50,-3.71,0.276,,1,0,,
65.003,0.5000,0.5000,0.5000,0.5000,-6.50,-3.92,0.267,,1,0,,
65.034,0.5000,0.5000,0.5000,0.5000,-6.47,-4.09,0.267,,1,0,,
65.067,0.5000,0.5000,0.5000,0.5000,-6.46,-4.32,0.259,,1,0,,
65.099,0.5000,0.5000,0.5000,0.5000,-6.45,-4.42,0.252,,1,0,,
65.131,0.5000,0.5000,0.5000,0.5000,-6.44,-4.54,0.263,,1,0,,
65.162,0.5000,0.5000,0.5000,0.5000,-6.43,-4.70,0.273,,1,0,,
65.194,0.5000,0.5000,0.5000,0.5000,-6.45,-4.72,0.260,,1,0,,
65.242,0.5000,0.5000,0.5000,0.5000,-6.47,-4.77,0.265,,1,0,,
65.275,0.5000,0.5000,0.5000,0.5000,-6.46,-4.82,0.268,,1,0,,
65.306,0.5000,0.5000,0.5000,0.5000,-6.46,-4.81,0.267,,1,0,,
65.337,0.5000,0.5000,0.5000,0.5000,-6.49,-4.84,0.284,,1,0,,
65.369,0.5000,0.5000,0.5000,0.5000,-6.50,-4.86,0.281,,1,0,,
65.403,0.5000,0.5000,0.5000,0.5000,-6.54,-4.95,0.260,,1,0,,
65.434,0.5000,0.5000,0.5000,0.5000,-6.58,-5.06,0.262,,1,0,,
65.467,0.5000,0.5000,0.5000,0.5000,-6.63,-5.21,0.258,,1,0,,
65.498,0.5000,0.5000,0.5000,0.5000,-6.67,-5.33,0.265,,1,0,,
65.531,0.5000,0.5000,0.5000,0.5000,-6.78,-5.50,0.231,,1,0,,
65.563,0.5000,0.5000,0.5000,0.5000,-6.90,-5.61,0.227,,1,0,,
65.596,0.5000,0.5000,0.5000,0.5000,-6.97,-5.68,0.240,,1,0,,
65.627,0.5000,0.5000,0.5000,0.5000,-7.00,-5.74,0.241,,1,0,,
65.658,0.5000,0.5000,0.5000,0.5000,-7.01,-5.76,0.236,,1,0,,
65.694,0.5000,0.5000,0.5000,0.5000,-6.99,-5.81,0.240,,1,0,,
65.725,0.5000,0.5000,0.5000,0.5000,-7.01,-5.78,0.232,,1,0,,
65.755,0.5000,0.5000,0.5000,0.5000,-7.03,-5.71,0.228,,1,0,,
65.786,0.5000,0.5000,0.5000,0.5000,-7.04,-5.71,0.237,,1,0,,
65.834,0.5000,0.5000,0.5000,0.5000,-7.06,-5.68,0.216,,1,0,,
65.866,0.5000,0.5000,0.5000,0.5000,-7.05,-5.66,0.227,,1,0,,
65.900,0.5000,0.5000,0.5000,0.5000,-7.05,-5.68,0.234,,1,0,,
65.931,0.5000,0.5000,0.5000,0.5000,-7.03,-5.72,0.235,,1,0,,
65.962,0.5000,0.5000,0.5000,0.5000,-7.00,-5.77,0.230,,1,0,,
65.996,0.5000,0.5000,0.5000,0.5000,-6.93,-5.81,0.240,,1,0,,
66.028,0.5000,0.5000,0.5000,0.5000,-6.86,-5.79,0.252,,1,0,,
66.061,0.5000,0.5000,0.5000,0.5000,-6.80,-5.80,0.264,,1,0,,
66.091,0.5000,0.5000,0.5000,0.5000,-6.77,-5.86,0.263,,1,0,,
66.121,0.5000,0.5000,0.5000,0.5000,-6.77,-5.88,0.262,,1,0,,
66.154,0.5000,0.5000,0.5000,0.5000,-6.78,-5.91,0.265,,1,0,,
66.186,0.5000,0.5000,0.5000,0.5000,-6.78,-5.98,0.277,,1,0,,
66.256,0.5000,0.5000,0.5000,0.5000,-6.72,-6.27,0.302,,1,0,,
66.283,0.5000,0.5000,0.5000,0.5000,-6.70,-6.29,0.302,,1,0,,
66.315,0.5000,0.5000,0.5000,0.5000,-6.68,-6.36,0.303,,1,0,,
66.346,0.5000,0.5000,0.5000,0.5000,-6.67,-6.48,0.298,,1,0,,
66.396,0.5000,0.5000,0.5000,0.5000,-6.65,-6.60,0.302,,1,0,,
66.427,0.5000,0.5000,0.5000,0.5000,-6.66,-6.69,0.301,,1,0,,
66.450,0.5000,0.5000,0.5000,0.5000,-6.68,-6.73,0.301,,1,0,,
66.473,0.5000,0.5000,0.5000,0.5000,-6.69,-6.79,0.309,,1,0,,
66.497,0.5000,0.5000,0.5000,0.5000,-6.69,-6.85,0.314,,1,0,,
66.521,0.5000,0.5000,0.5000,0.5000,-6.70,-6.94,0.309,,1,0,,
66.554,0.5000,0.5000,0.5000,0.5000,-6.70,-6.96,0.311,,1,0,,
66.586,0.5000,0.5000,0.5000,0.5000,-6.72,-6.89,0.293,,1,0,,
66.657,0.5000,0.5000,0.5000,0.5000,-6.65,-6.66,0.271,,1,0,,
66.683,0.5000,0.5000,0.5000,0.5000,-6.63,-6.54,0.267,,1,0,,
66.715,0.5000,0.5000,0.5000,0.5000,-6.60,-6.47,0.269,,1,0,,
66.747,0.5000,0.5000,0.5000,0.5000,-6.58,-6.40,0.273,,1,0,,
66.778,0.5000,0.5000,0.5000,0.5000,-6.57,-6.36,0.283,,1,0,,
66.812,0.5000,0.5000,0.5000,0.5000,-6.59,-6.34,0.278,,1,0,,
66.842,0.5000,0.5000,0.5000,0.5000,-6.61,-6.28,0.279,,1,0,,
66.874,0.5000,0.5000,0.5000,0.5000,-6.61,-6.27,0.283,,1,0,,
66.906,0.5000,0.5000,0.5000,0.5000,-6.62,-6.20,0.273,,1,0,,
66.956,0.5000,0.5000,0.5000,0.5000,-6.63,-6.14,0.274,,1,0,,
66.988,0.5000,0.5000,0.5000,0.5000,-6.63,-6.13,0.270,,1,0,,
67.015,0.5000,0.5000,0.5000,0.5000,-6.63,-6.17,0.269,,1,0,,
67.049,0.5000,0.5000,0.5000,0.5000,-6.63,-6.25,0.270,,1,0,,
67.081,0.5000,0.5000,0.5000,0.5000,-6.64,-6.29,0.252,,1,0,,
67.115,0.5000,0.5000,0.5000,0.5000,-6.61,-6.18,0.254,,1,0,,
67.146,0.5000,0.5000,0.5000,0.5000,-6.60,-6.12,0.259,,1,0,,
67.179,0.5000,0.5000,0.5000,0.5000,-6.61,-6.05,0.266,,1,0,,
67.211,0.5000,0.5000,0.5000,0.5000,-6.62,-5.99,0.268,,1,0,,
67.243,0.5000,0.5000,0.5000,0.5000,-6.63,-5.75,0.258,,1,0,,
67.274,0.5000,0.5000,0.5000,0.5000,-6.64,-5.60,0.255,,1,0,,
67.306,0.5000,0.5000,0.5000,0.5000,-6.63,-5.53,0.261,,1,0,,
67.338,0.5000,0.5000,0.5000,0.5000,-6.63,-5.46,0.254,,1,0,,
67.369,0.5000,0.5000,0.5000,0.5000,-6.64,-5.41,0.240,,1,0,,
67.403,0.5000,0.5000,0.5000,0.5000,-6.64,-5.38,0.250,,1,0,,
67.436,0.5000,0.5000,0.5000,0.5000,-6.62,-5.44,0.250,,1,0,,
67.467,0.5000,0.5000,0.5000,0.5000,-6.61,-5.46,0.250,,1,0,,
67.516,0.5000,0.5000,0.5000,0.5000,-6.64,-5.48,0.237,,1,0,,
67.546,0.5000,0.5000,0.5000,0.5000,-6.69,-5.52,0.240,,1,0,,
67.579,0.5000,0.5000,0.5000,0.5000,-6.73,-5.44,0.242,,1,0,,
67.611,0.5000,0.5000,0.5000,0.5000,-6.75,-5.36,0.243,,1,0,,
67.642,0.5000,0.5000,0.5000,0.5000,-6.77,-5.19,0.249,,1,0,,
67.674,0.5000,0.5000,0.5000,0.5000,-6.76,-5.16,0.253,,1,0,,
67.704,0.5000,0.5000,0.5000,0.5000,-6.76,-5.08,0.263,,1,0,,
67.738,0.5000,0.5000,0.5000,0.5000,-6.75,-4.99,0.272,,1,0,,
67.772,0.5000,0.5000,0.5000,0.5000,-6.76,-5.00,0.270,,1,0,,
67.802,0.5000,0.5000,0.5000,0.5000,-6.76,-5.03,0.269,,1,0,,
67.835,0.5000,0.5000,0.5000,0.5000,-6.76,-4.95,0.253,,1,0,,
67.866,0.5000,0.5000,0.5000,0.5000,-6.74,-4.88,0.250,,1,0,,
67.898,0.5000,0.5000,0.5000,0.5000,-6.72,-4.80,0.257,,1,0,,
67.929,0.5000,0.5000,0.5000,0.5000,-6.68,-4.75,0.256,,1,0,,
67.963,0.5000,0.5000,0.5000,0.5000,-6.65,-4.61,0.240,,1,0,,
67.994,0.5000,0.5000,0.5000,0.5000,-6.67,-4.58,0.236,,1,0,,
68.026,0.5000,0.5000,0.5000,0.5000,-6.69,-4.57,0.243,,1,0,,
68.062,0.5000,0.5000,0.5000,0.5000,-6.69,-4.55,0.247,,1,0,,
68.105,0.5000,0.5000,0.5000,0.5000,-6.74,-4.50,0.227,,1,0,,
68.137,0.5000,0.5000,0.5000,0.5000,-6.78,-4.47,0.228,,1,0,,
68.171,0.5000,0.5000,0.5000,0.5000,-6.79,-4.43,0.226,,1,0,,
68.202,0.5000,0.5000,0.5000,0.5000,-6.79,-4.38,0.230,,1,0,,
68.236,0.5000,0.5000,0.5000,0.5000,-6.79,-4.32,0.252,,1,0,,
68.268,0.5000,0.5000,0.5000,0.5000,-6.78,-4.28,0.249,,1,0,,
68.299,0.5000,0.5000,0.5000,0.5000,-6.76,-4.17,0.244,,1,0,,
68.331,0.5000,0.5000,0.5000,0.5000,-6.72,-4.09,0.257,,1,0,,
68.363,0.5000,0.5000,0.5000,0.5000,-6.68,-4.07,0.257,,1,0,,
68.395,0.5000,0.5000,0.5000,0.5000,-6.66,-4.09,0.259,,1,0,,
68.427,0.5000,0.5000,0.5000,0.5000,-6.67,-4.14,0.256,,1,0,,
68.459,0.5000,0.5000,0.5000,0.5000,-6.66,-4.23,0.265,,1,0,,
68.489,0.5000,0.5000,0.5000,0.5000,-6.68,-4.32,0.267,,1,0,,
68.523,0.5000,0.5000,0.5000,0.5000,-6.69,-4.48,0.274,,1,0,,
68.555,0.5000,0.5000,0.5000,0.5000,-6.68,-4.56,0.281,,1,0,,
68.587,0.5000,0.5000,0.5000,0.5000,-6.67,-4.66,0.290,,1,0,,
68.674,0.5000,0.5000,0.5000,0.5000,-6.65,-4.63,0.283,,1,0,,
68.700,0.5000,0.5000,0.5000,0.5000,-6.63,-4.64,0.289,,1,0,,
68.723,0.5000,0.5000,0.5000,0.5000,-6.62,-4.67,0.291,,1,0,,
68.747,0.5000,0.5000,0.5000,0.5000,-6.60,-4.72,0.298,,1,0,,
68.773,0.5000,0.5000,0.5000,0.5000,-6.60,-4.70,0.298,,1,0,,
68.796,0.5000,0.5000,0.5000,0.5000,-6.59,-4.70,0.298,,1,0,,
68.827,0.5000,0.5000,0.5000,0.5000,-6.60,-4.71,0.298,,1,0,,
68.859,0.5000,0.5000,0.5000,0.5000,-6.63,-4.74,0.299,,1,0,,
68.891,0.5000,0.5000,0.5000,0.5000,-6.66,-4.75,0.281,,1,0,,
68.922,0.5000,0.5000,0.5000,0.5000,-6.69,-4.75,0.288,,1,0,,
68.952,0.5000,0.5000,0.5000,0.5000,-6.67,-4.81,0.290,,1,0,,
68.987,0.5000,0.5000,0.5000,0.5000,-6.66,-4.84,0.294,,1,0,,
69.058,0.5000,0.5000,0.5000,0.5000,-6.63,-5.11,0.301,,1,0,,
69.083,0.5000,0.5000,0.5000,0.5000,-6.62,-5.09,0.294,,1,0,,
69.114,0.5000,0.5000,0.5000,0.5000,-6.60,-5.06,0.295,,1,0,,
69.145,0.5000,0.5000,0.5000,0.5000,-6.60,-5.06,0.291,,1,0,,
69.178,0.5000,0.5000,0.5000,0.5000,-6.60,-5.03,0.281,,1,0,,
69.226,0.5000,0.5000,0.5000,0.5000,-6.61,-5.17,0.276,,1,0,,
69.259,0.5000,0.5000,0.5000,0.5000,-6.63,-5.25,0.266,,1,0,,
69.282,0.5000,0.5000,0.5000,0.5000,-6.64,-5.31,0.263,,1,0,,
69.304,0.5000,0.5000,0.5000,0.5000,-6.67,-5.36,0.261,,1,0,,
69.328,0.5000,0.5000,0.5000,0.5000,-6.68,-5.40,0.269,,1,0,,
69.354,0.5000,0.5000,0.5000,0.5000,-6.68,-5.42,0.258,,1,0,,
69.387,0.5000,0.5000,0.5000,0.5000,-6.64,-5.51,0.282,,1,0,,
69.453,0.5000,0.5000,0.5000,0.5000,-6.64,-5.67,0.280,,1,0,,
69.484,0.5000,0.5000,0.5000,0.5000,-6.63,-5.82,0.280,,1,0,,
69.515,0.5000,0.5000,0.5000,0.5000,-6.60,-5.91,0.296,,1,0,,
69.546,0.5000,0.5000,0.5000,0.5000,-6.62,-5.93,0.282,,1,0,,
69.579,0.5000,0.5000,0.5000,0.5000,-6.64,-5.94,0.277,,1,0,,
69.611,0.5000,0.5000,0.5000,0.5000,-6.68,-5.89,0.253,,1,0,,
69.643,0.5000,0.5000,0.5000,0.5000,-6.71,-5.90,0.234,,1,0,,
69.675,0.5000,0.5000,0.5000,0.5000,-6.74,-5.95,0.242,,1,0,,
69.706,0.5000,0.5000,0.5000,0.5000,-6.76,-5.84,0.248,,1,0,,
69.738,0.5000,0.5000,0.5000,0.5000,-6.75,-5.60,0.257,,1,0,,
69.787,0.5000,0.5000,0.5000,0.5000,-6.71,-5.69,0.267,,1,0,,
69.818,0.5000,0.5000,0.5000,0.5000,-6.67,-5.70,0.268,,1,0,,
69.850,0.5000,0.5000,0.5000,0.5000,-6.66,-5.67,0.250,,1,0,,
69.881,0.5000,0.5000,0.5000,0.5000,-6.67,-5.64,0.257,,1,0,,
69.915,0.5000,0.5000,0.5000,0.5000,-6.70,-5.65,0.254,,1,0,,
69.946,0.5000,0.5000,0.5000,0.5000,-6.73,-5.55,0.257,,1,0,,
69.979,0.5000,0.5000,0.5000,0.5000,-6.74,-5.51,0.255,,1,0,,
70.011,0.5000,0.5000,0.5000,0.5000,-6.72,-5.47,0.273,,1,0,,
70.043,0.5000,0.5000,0.5000,0.5000,-6.72,-5.43,0.287,,1,0,,
70.075,0.5000,0.5000,0.5000,0.5000,-6.67,-5.32,0.285,,1,0,,
70.107,0.5000,0.5000,0.5000,0.5000,-6.64,-5.20,0.264,,1,0,,
70.138,0.5000,0.5000,0.5000,0.5000,-6.64,-5.13,0.268,,1,0,,
70.170,0.5000,0.5000,0.5000,0.5000,-6.64,-5.01,0.269,,1,0,,
70.201,0.5000,0.5000,0.5000,0.5000,-6.58,-4.94,0.268,,1,0,,
70.234,0.5000,0.5000,0.5000,0.5000,-6.52,-4.93,0.270,,1,0,,
70.267,0.5000,0.5000,0.5000,0.5000,-6.49,-4.93,0.260,,1,0,,
70.299,0.5000,0.5000,0.5000,0.5000,-6.47,-4.73,0.264,,1,0,,
70.331,0.5000,0.5000,0.5000,0.5000,-6.48,-4.69,0.263,,1,0,,
70.377,0.5000,0.5000,0.5000,0.5000,-6.52,-4.59,0.257,,1,0,,
70.411,0.5000,0.5000,0.5000,0.5000,-6.56,-4.52,0.248,,1,0,,
70.442,0.5000,0.5000,0.5000,0.5000,-6.57,-4.48,0.248,,1,0,,
70.474,0.5000,0.5000,0.5000,0.5000,-6.58,-4.60,0.248,,1,0,,
70.508,0.5000,0.5000,0.5000,0.5000,-6.58,-4.62,0.254,,1,0,,
70.537,0.5000,0.5000,0.5000,0.5000,-6.59,-4.58,0.248,,1,0,,
70.569,0.5000,0.5000,0.5000,0.5000,-6.64,-4.60,0.246,,1,0,,
70.602,0.5000,0.5000,0.5000,0.5000,-6.69,-4.84,0.264,,1,0,,
70.635,0.5000,0.5000,0.5000,0.5000,-6.72,-5.03,0.271,,1,0,,
70.667,0.5000,0.5000,0.5000,0.5000,-6.73,-5.11,0.255,,1,0,,
70.699,0.5000,0.5000,0.5000,0.5000,-6.73,-5.07,0.268,,1,0,,
70.735,0.5000,0.5000,0.5000,0.5000,-6.78,-5.04,0.237,,1,0,,
70.764,0.5000,0.5000,0.5000,0.5000,-6.79,-5.13,0.251,,1,0,,
70.796,0.5000,0.5000,0.5000,0.5000,-6.80,-5.19,0.253,,1,0,,
70.828,0.5000,0.5000,0.5000,0.5000,-6.83,-5.27,0.252,,1,0,,
70.860,0.5000,0.5000,0.5000,0.5000,-6.88,-5.38,0.233,,1,0,,
70.890,0.5000,0.5000,0.5000,0.5000,-6.88,-5.48,0.246,,1,0,,
70.939,0.5000,0.5000,0.5000,0.5000,-6.90,-5.63,0.237,,1,0,,
70.969,0.5000,0.5000,0.5000,0.5000,-6.89,-5.69,0.248,,1,0,,
71.002,0.5000,0.5000,0.5000,0.5000,-6.91,-5.72,0.251,,1,0,,
71.035,0.5000,0.5000,0.5000,0.5000,-6.93,-5.76,0.239,,1,0,,
71.068,0.5000,0.5000,0.5000,0.5000,-6.94,-5.78,0.242,,1,0,,
71.097,0.5000,0.5000,0.5000,0.5000,-6.98,-5.76,0.233,,1,0,,
71.131,0.5000,0.5000,0.5000,0.5000,-6.98,-5.73,0.237,,1,0,,
71.162,0.5000,0.5000,0.5000,0.5000,-6.98,-5.72,0.234,,1,0,,
71.195,0.5000,0.5000,0.5000,0.5000,-7.00,-5.77,0.222,,1,0,,
71.227,0.5000,0.5000,0.5000,0.5000,-7.02,-5.88,0.222,,1,0,,
71.259,0.5000,0.5000,0.5000,0.5000,-7.03,-5.92,0.209,,1,0,,
71.290,0.5000,0.5000,0.5000,0.5000,-7.07,-5.95,0.218,,1,0,,
71.323,0.5000,0.5000,0.5000,0.5000,-7.10,-5.90,0.238,,1,0,,
71.353,0.5000,0.5000,0.5000,0.5000,-7.14,-5.83,0.203,,1,0,,
71.385,0.5000,0.5000,0.5000,0.5000,-7.16,-5.78,0.214,,1,0,,
71.454,0.5000,0.5000,0.5000,0.5000,-7.20,-5.76,0.211,,1,0,,
71.498,0.5000,0.5000,0.5000,0.5000,-7.21,-5.72,0.218,,1,0,,
71.530,0.5000,0.5000,0.5000,0.5000,-7.25,-5.74,0.242,,1,0,,
71.552,0.5000,0.5000,0.5000,0.5000,-7.28,-5.77,0.259,,1,0,,
71.575,0.5000,0.5000,0.5000,0.5000,-7.30,-5.81,0.261,,1,0,,
71.598,0.5000,0.5000,0.5000,0.5000,-7.30,-5.83,0.255,,1,0,,
71.626,0.5000,0.5000,0.5000,0.5000,-7.30,-5.85,0.238,,1,0,,
71.658,0.5000,0.5000,0.5000,0.5000,-7.30,-5.87,0.235,,1,0,,
71.690,0.5000,0.5000,0.5000,0.5000,-7.32,-5.95,0.237,,1,0,,
71.725,0.5000,0.5000,0.5000,0.5000,-7.34,-6.02,0.236,,1,0,,
71.754,0.5000,0.5000,0.5000,0.5000,-7.35,-6.04,0.236,,1,0,,
71.786,0.5000,0.5000,0.5000,0.5000,-7.36,-5.97,0.254,,1,0,,
71.852,0.5000,0.5000,0.5000,0.5000,-7.37,-5.90,0.245,,1,0,,
71.884,0.5000,0.5000,0.5000,0.5000,-7.37,-5.83,0.249,,1,0,,
71.914,0.5000,0.5000,0.5000,0.5000,-7.40,-5.76,0.233,,1,0,,
71.946,0.5000,0.5000,0.5000,0.5000,-7.47,-5.61,0.225,,1,0,,
71.981,0.5000,0.5000,0.5000,0.5000,-7.51,-5.47,0.227,,1,0,,
72.012,0.5000,0.5000,0.5000,0.5000,-7.54,-5.51,0.236,,1,0,,
72.065,0.5000,0.5000,0.5000,0.5000,-7.56,-5.43,0.247,,1,0,,
72.091,0.5000,0.5000,0.5000,0.5000,-7.59,-5.42,0.219,,1,0,,
72.114,0.5000,0.5000,0.5000,0.5000,-7.62,-5.41,0.206,,1,0,,
72.137,0.5000,0.5000,0.5000,0.5000,-7.64,-5.41,0.210,,1,0,,
72.161,0.5000,0.5000,0.5000,0.5000,-7.64,-5.44,0.239,,1,0,,
72.187,0.5000,0.5000,0.5000,0.5000,-7.65,-5.46,0.245,,1,0,,
72.254,0.5000,0.5000,0.5000,0.5000,-7.58,-5.61,0.279,,1,0,,
72.282,0.5000,0.5000,0.5000,0.5000,-7.54,-5.66,0.285,,1,0,,
72.314,0.5000,0.5000,0.5000,0.5000,-7.52,-5.73,0.284,,1,0,,
72.347,0.5000,0.5000,0.5000,0.5000,-7.50,-5.77,0.289,,1,0,,
72.380,0.5000,0.5000,0.5000,0.5000,-7.44,-5.82,0.291,,1,0,,
72.410,0.5000,0.5000,0.5000,0.5000,-7.35,-5.93,0.292,,1,0,,
72.444,0.5000,0.5000,0.5000,0.5000,-7.29,-6.06,0.290,,1,0,,
72.475,0.5000,0.5000,0.5000,0.5000,-7.24,-6.14,0.287,,1,0,,
72.507,0.5000,0.5000,0.5000,0.5000,-7.20,-6.17,0.283,,1,0,,
72.541,0.5000,0.5000,0.5000,0.5000,-7.14,-6.22,0.289,,1,0,,
72.571,0.5000,0.5000,0.5000,0.5000,-7.16,-6.20,0.291,,1,0,,
72.603,0.5000,0.5000,0.5000,0.5000,-7.18,-6.20,0.301,,1,0,,
72.651,0.5000,0.5000,0.5000,0.5000,-7.16,-6.12,0.300,,1,0,,
72.683,0.5000,0.5000,0.5000,0.5000,-7.15,-6.06,0.304,,1,0,,
72.714,0.5000,0.5000,0.5000,0.5000,-7.14,-6.01,0.313,,1,0,,
72.747,0.5000,0.5000,0.5000,0.5000,-7.12,-6.00,0.311,,1,0,,
72.779,0.5000,0.5000,0.5000,0.5000,-7.11,-6.01,0.308,,1,0,,
72.810,0.5000,0.5000,0.5000,0.5000,-7.12,-5.93,0.300,,1,0,,
72.842,0.5000,0.5000,0.5000,0.5000,-7.11,-5.82,0.294,,1,0,,
72.875,0.5000,0.5000,0.5000,0.5000,-7.07,-5.78,0.294,,1,0,,
72.906,0.5000,0.5000,0.5000,0.5000,-7.02,-5.71,0.295,,1,0,,
72.939,0.5000,0.5000,0.5000,0.5000,-6.99,-5.67,0.295,,1,0,,
72.969,0.5000,0.5000,0.5000,0.5000,-6.96,-5.64,0.284,,1,0,,
73.001,0.5000,0.5000,0.5000,0.5000,-6.86,-5.55,0.280,,1,0,,
73.033,0.5000,0.5000,0.5000,0.5000,-6.78,-5.46,0.276,,1,0,,
73.070,0.5000,0.5000,0.5000,0.5000,-6.80,-5.37,0.209,,1,0,,
73.098,0.5000,0.5000,0.5000,0.5000,-6.84,-5.20,0.125,,1,0,,
73.130,0.5000,0.5000,0.5000,0.5000,-6.90,-4.98,0.101,,1,0,,
73.163,0.5000,0.5000,0.5000,0.5000,-7.00,-4.78,0.080,,1,0,,
73.210,0.5000,0.5000,0.5000,0.5000,-7.03,-4.55,0.073,,1,0,,
73.246,0.5000,0.5000,0.5000,0.5000,-6.98,-4.42,0.119,,1,0,,
73.280,0.5000,0.5000,0.5000,0.5000,-6.90,-4.23,0.151,,1,0,,
73.307,0.5000,0.5000,0.5000,0.5000,-6.82,-3.99,0.173,,1,0,,
73.339,0.5000,0.5000,0.5000,0.5000,-6.73,-3.41,0.212,,1,0,,
73.369,0.5000,0.5000,0.5000,0.5000,-6.61,-3.01,0.175,,1,0,,
73.402,0.5000,0.5000,0.5000,0.5000,-6.55,-2.55,0.147,,1,0,,
73.433,0.5000,0.5000,0.5000,0.5000,-6.46,-2.17,0.193,,1,0,,
73.466,0.5000,0.5000,0.5000,0.5000,-6.34,-1.72,0.175,,1,0,,
73.500,0.5000,0.5000,0.5000,0.5000,-6.24,-1.19,0.176,,1,0,,
73.529,0.5000,0.5000,0.5000,0.5000,-6.16,-0.68,0.159,,1,0,,
73.562,0.5000,0.5000,0.5000,0.5000,-5.98,-0.20,0.166,,1,0,,
73.594,0.5000,0.5000,0.5000,0.5000,-5.84,0.19,0.158,,1,0,,
73.626,0.5000,0.5000,0.5000,0.5000,-5.70,0.73,0.184,,1,0,,
73.658,0.5000,0.5000,0.5000,0.5000,-5.52,1.40,0.258,,1,0,,
73.692,0.5000,0.5000,0.5000,0.5000,-5.35,2.23,0.316,,1,0,,
73.723,0.5000,0.5000,0.5000,0.5000,-5.24,3.22,0.356,,1,0,,
73.773,0.5000,0.5000,0.5000,0.5000,-5.02,4.53,0.383,,1,0,,
73.802,0.5000,0.5000,0.5000,0.5000,-4.89,5.23,0.402,,1,0,,
73.835,0.5000,0.5000,0.5000,0.5000,-4.72,6.05,0.402,,1,0,,
73.866,0.5000,0.5000,0.5000,0.5000,-4.58,6.85,0.403,,1,0,,
73.898,0.5000,0.5000,0.5000,0.5000,-4.41,7.70,0.391,,1,0,,
73.931,0.5000,0.5000,0.5000,0.5000,-4.28,8.58,0.405,,1,0,,
73.963,0.5000,0.5000,0.5000,0.5000,-4.13,9.31,0.408,,1,0,,
73.994,0.5000,0.5000,0.5000,0.5000,-3.96,9.88,0.414,,1,0,,
74.027,0.5000,0.5000,0.5000,0.5000,-3.81,10.44,0.424,,1,0,,
74.062,0.5000,0.5000,0.5000,0.5000,-3.64,10.89,0.430,,1,0,,
74.091,0.5000,0.5000,0.5000,0.5000,-3.48,11.30,0.408,,1,0,,
74.122,0.5000,0.5000,0.5000,0.5000,-3.34,11.69,0.405,,1,0,,
74.154,0.5000,0.5000,0.5000,0.5000,-3.21,12.09,0.396,,1,0,,
74.185,0.5000,0.5000,0.5000,0.5000,-3.08,12.37,0.406,,1,0,,
74.258,0.5000,0.5000,0.5000,0.5000,-2.79,12.77,0.391,,1,0,,
74.282,0.5000,0.5000,0.5000,0.5000,-2.67,12.93,0.397,,1,0,,
74.314,0.5000,0.5000,0.5000,0.5000,-2.52,13.09,0.397,,1,0,,
74.362,0.5000,0.5000,0.5000,0.5000,-2.32,13.16,0.413,,1,0,,
74.386,0.5000,0.5000,0.5000,0.5000,-2.24,13.17,0.416,,1,0,,
74.408,0.5000,0.5000,0.5000,0.5000,-2.16,13.21,0.413,,1,0,,
74.431,0.5000,0.5000,0.5000,0.5000,-2.07,13.29,0.411,,1,0,,
74.458,0.5000,0.5000,0.5000,0.5000,-1.99,13.34,0.410,,1,0,,
74.492,0.5000,0.5000,0.5000,0.5000,-1.90,13.56,0.407,,1,0,,
74.525,0.5000,0.5000,0.5000,0.5000,-1.80,13.84,0.410,,1,0,,
74.555,0.5000,0.5000,0.5000,0.5000,-1.71,14.09,0.406,,1,0,,
74.586,0.5000,0.5000,0.5000,0.5000,-1.63,14.31,0.391,,1,0,,
74.656,0.5000,0.5000,0.5000,0.5000,-1.43,14.66,0.380,,1,0,,
74.682,0.5000,0.5000,0.5000,0.5000,-1.33,14.82,0.382,,1,0,,
74.715,0.5000,0.5000,0.5000,0.5000,-1.23,14.91,0.388,,1,0,,
74.746,0.5000,0.5000,0.5000,0.5000,-1.15,15.00,0.376,,1,0,,
74.777,0.5000,0.5000,0.5000,0.5000,-1.07,15.10,0.379,,1,0,,
74.811,0.5000,0.5000,0.5000,0.5000,-0.99,15.20,0.381,,1,0,,
74.844,0.5000,0.5000,0.5000,0.5000,-0.93,15.30,0.383,,1,0,,
74.875,0.5000,0.5000,0.5000,0.5000,-0.86,15.46,0.388,,1,0,,
74.920,0.5000,0.5000,0.5000,0.5000,-0.76,15.73,0.395,,1,0,,
74.955,0.5000,0.5000,0.5000,0.5000,-0.71,15.84,0.403,,1,0,,
74.978,0.5000,0.5000,0.5000,0.5000,-0.67,15.90,0.404,,1,0,,
75.000,0.5000,0.5000,0.5000,0.5000,-0.63,15.95,0.406,,1,0,,
75.052,0.5000,0.5000,0.5000,0.5000,-0.56,16.06,0.400,,1,0,,
75.081,0.5000,0.5000,0.5000,0.5000,-0.52,16.14,0.400,,1,0,,
75.113,0.5000,0.5000,0.5000,0.5000,-0.48,16.24,0.397,,1,0,,
75.146,0.5000,0.5000,0.5000,0.5000,-0.44,16.33,0.400,,1,0,,
75.178,0.5000,0.5000,0.5000,0.5000,-0.40,16.40,0.399,,1,0,,
75.210,0.5000,0.5000,0.5000,0.5000,-0.36,16.44,0.398,,1,0,,
75.245,0.5000,0.5000,0.5000,0.5000,-0.32,16.54,0.393,,1,0,,
75.277,0.5000,0.5000,0.5000,0.5000,-0.30,16.61,0.394,,1,0,,
75.307,0.5000,0.5000,0.5000,0.5000,-0.29,16.73,0.392,,1,0,,
75.340,0.5000,0.5000,0.5000,0.5000,-0.28,16.85,0.387,,1,0,,
75.371,0.5000,0.5000,0.5000,0.5000,-0.27,16.94,0.392,,1,0,,
75.403,0.5000,0.5000,0.5000,0.5000,-0.24,16.96,0.392,,1,0,,
75.434,0.5000,0.5000,0.5000,0.5000,-0.21,16.97,0.391,,1,0,,
75.485,0.5000,0.5000,0.5000,0.5000,-0.18,16.98,0.402,,1,0,,
75.515,0.5000,0.5000,0.5000,0.5000,-0.15,16.96,0.397,,1,0,,
75.547,0.5000,0.5000,0.5000,0.5000,-0.14,16.96,0.404,,1,0,,
75.579,0.5000,0.5000,0.5000,0.5000,-0.13,17.05,0.407,,1,0,,
75.611,0.5000,0.5000,0.5000,0.5000,-0.12,17.13,0.404,,1,0,,
75.643,0.5000,0.5000,0.5000,0.5000,-0.11,17.21,0.405,,1,0,,
75.675,0.5000,0.5000,0.5000,0.5000,-0.10,17.30,0.405,,1,0,,
75.707,0.5000,0.5000,0.5000,0.5000,-0.09,17.39,0.402,,1,0,,
75.739,0.5000,0.5000,0.5000,0.5000,-0.09,17.47,0.403,,1,0,,
75.774,0.5000,0.5000,0.5000,0.5000,-0.08,17.53,0.402,,1,0,,
75.803,0.5000,0.5000,0.5000,0.5000,-0.05,17.56,0.392,,1,0,,
75.836,0.5000,0.5000,0.5000,0.5000,-0.01,17.59,0.292,,1,0,,
75.867,0.5000,0.5000,0.5000,0.5000,0.01,17.33,0.105,,1,0,,
75.899,0.5000,0.5000,0.5000,0.5000,-0.01,16.82,0.045,,1,0,,
75.932,0.5000,0.5000,0.5000,0.5000,-0.05,16.30,0.031,,1,0,,
75.963,0.5000,0.5000,0.5000,0.5000,-0.11,15.74,0.033,,1,0,,
75.995,0.5000,0.5000,0.5000,0.5000,-0.18,15.19,0.034,,1,0,,
76.042,0.5000,0.5000,0.5000,0.5000,-0.32,14.38,0.031,,1,0,,
76.075,0.5000,0.5000,0.5000,0.5000,-0.41,13.80,0.039,,1,0,,
76.105,0.5000,0.5000,0.5000,0.5000,-0.47,13.31,0.043,,1,0,,
76.138,0.5000,0.5000,0.5000,0.5000,-0.54,12.86,0.047,,1,0,,
76.169,0.5000,0.5000,0.5000,0.5000,-0.59,12.42,0.056,,1,0,,
76.202,0.5000,0.5000,0.5000,0.5000,-0.64,11.96,0.064,,1,0,,
76.234,0.5000,0.5000,0.5000,0.5000,-0.67,11.51,0.061,,1,0,,
76.266,0.5000,0.5000,0.5000,0.5000,-0.76,11.07,0.061,,1,0,,
76.299,0.5000,0.5000,0.5000,0.5000,-0.83,10.64,0.053,,1,0,,
76.330,0.5000,0.5000,0.5000,0.5000,-0.89,10.30,0.044,,1,0,,
76.362,0.5000,0.5000,0.5000,0.5000,-0.95,9.96,0.053,,1,0,,
76.397,0.5000,0.5000,0.5000,0.5000,-0.98,9.71,0.055,,1,0,,
76.426,0.5000,0.5000,0.5000,0.5000,-0.99,9.55,0.059,,1,0,,
76.458,0.5000,0.5000,0.5000,0.5000,-1.01,9.38,0.056,,1,0,,
76.491,0.5000,0.5000,0.5000,0.5000,-1.02,9.23,0.056,,1,0,,
76.524,0.5000,0.5000,0.5000,0.5000,-1.07,9.06,0.061,,1,0,,
76.555,0.5000,0.5000,0.5000,0.5000,-1.11,8.92,0.057,,1,0,,
76.586,0.5000,0.5000,0.5000,0.5000,-1.16,8.73,0.060,,1,0,,
76.635,0.5000,0.5000,0.5000,0.5000,-1.22,8.39,0.057,,1,0,,
76.666,0.5000,0.5000,0.5000,0.5000,-1.24,8.17,0.053,,1,0,,
76.699,0.5000,0.5000,0.5000,0.5000,-1.25,7.99,0.052,,1,0,,
76.730,0.5000,0.5000,0.5000,0.5000,-1.27,7.74,0.046,,1,0,,
76.762,0.5000,0.5000,0.5000,0.5000,-1.29,7.51,0.043,,1,0,,
76.794,0.5000,0.5000,0.5000,0.5000,-1.30,7.36,0.054,,1,0,,
76.827,0.5000,0.5000,0.5000,0.5000,-1.34,7.20,0.055,,1,0,,
76.859,0.5000,0.5000,0.5000,0.5000,-1.36,7.09,0.055,,1,0,,
76.891,0.5000,0.5000,0.5000,0.5000,-1.37,7.03,0.052,,1,0,,
76.921,0.5000,0.5000,0.5000,0.5000,-1.38,6.99,0.051,,1,0,,
76.955,0.5000,0.5000,0.5000,0.5000,-1.37,7.03,0.051,,1,0,,
76.986,0.5000,0.5000,0.5000,0.5000,-1.38,7.01,0.049,,1,0,,
77.054,0.5000,0.5000,0.5000,0.5000,-1.40,6.98,0.056,,1,0,,
77.083,0.5000,0.5000,0.5000,0.5000,-1.43,6.95,0.056,,1,0,,
77.115,0.5000,0.5000,0.5000,0.5000,-1.45,6.93,0.053,,1,0,,
77.147,0.5000,0.5000,0.5000,0.5000,-1.45,6.91,0.049,,1,0,,
77.195,0.5000,0.5000,0.5000,0.5000,-1.46,6.85,0.050,,1,0,,
77.228,0.5000,0.5000,0.5000,0.5000,-1.46,6.83,0.050,,1,0,,
77.254,0.5000,0.5000,0.5000,0.5000,-1.47,6.83,0.050,,1,0,,
77.280,0.5000,0.5000,0.5000,0.5000,-1.48,6.83,0.048,,1,0,,
77.310,0.5000,0.5000,0.5000,0.5000,-1.49,6.80,0.052,,1,0,,
77.337,0.5000,0.5000,0.5000,0.5000,-1.50,6.76,0.051,,1,0,,
77.362,0.5000,0.5000,0.5000,0.5000,-1.49,6.73,0.056,,1,0,,
77.387,0.5000,0.5000,0.5000,0.5000,-1.48,6.74,0.054,,1,0,,
77.453,0.5000,0.5000,0.5000,0.5000,-1.46,6.80,0.085,,1,0,,
77.483,0.5000,0.5000,0.5000,0.5000,-1.43,6.82,0.109,,1,0,,
77.515,0.5000,0.5000,0.5000,0.5000,-1.38,6.95,0.123,,1,0,,
77.547,0.5000,0.5000,0.5000,0.5000,-1.34,7.06,0.134,,1,0,,
77.578,0.5000,0.5000,0.5000,0.5000,-1.32,7.17,0.118,,1,0,,
77.611,0.5000,0.5000,0.5000,0.5000,-1.28,7.22,0.123,,1,0,,
77.644,0.5000,0.5000,0.5000,0.5000,-1.25,7.34,0.125,,1,0,,
77.675,0.5000,0.5000,0.5000,0.5000,-1.24,7.54,0.128,,1,0,,
77.708,0.5000,0.5000,0.5000,0.5000,-1.22,7.70,0.124,,1,0,,
77.756,0.5000,0.5000,0.5000,0.5000,-1.20,8.02,0.076,,1,0,,
77.787,0.5000,0.5000,0.5000,0.5000,-1.18,8.15,0.072,,1,0,,
77.811,0.5000,0.5000,0.5000,0.5000,-1.16,8.23,0.070,,1,0,,
77.850,0.5000,0.5000,0.5000,0.5000,-1.14,8.36,0.068,,1,0,,
77.883,0.5000,0.5000,0.5000,0.5000,-1.13,8.40,0.062,,1,0,,
77.915,0.5000,0.5000,0.5000,0.5000,-1.11,8.45,0.055,,1,0,,
77.946,0.5000,0.5000,0.5000,0.5000,-1.11,8.46,0.055,,1,0,,
77.977,0.5000,0.5000,0.5000,0.5000,-1.10,8.48,0.053,,1,0,,
78.008,0.5000,0.5000,0.5000,0.5000,-1.10,8.49,0.051,,1,0,,
78.043,0.5000,0.5000,0.5000,0.5000,-1.09,8.45,0.050,,1,0,,
78.074,0.5000,0.5000,0.5000,0.5000,-1.08,8.44,0.059,,1,0,,
78.107,0.5000,0.5000,0.5000,0.5000,-1.07,8.41,0.067,,1,0,,
78.140,0.5000,0.5000,0.5000,0.5000,-1.06,8.37,0.065,,1,0,,
78.170,0.5000,0.5000,0.5000,0.5000,-1.05,8.33,0.062,,1,0,,
78.203,0.5000,0.5000,0.5000,0.5000,-1.05,8.34,0.060,,1,0,,
78.238,0.5000,0.5000,0.5000,0.5000,-1.05,8.38,0.060,,1,0,,
78.267,0.5000,0.5000,0.5000,0.5000,-1.05,8.37,0.057,,1,0,,
78.318,0.5000,0.5000,0.5000,0.5000,-1.08,8.37,0.065,,1,0,,
78.348,0.5000,0.5000,0.5000,0.5000,-1.09,8.35,0.057,,1,0,,
78.380,0.5000,0.5000,0.5000,0.5000,-1.10,8.34,0.055,,1,0,,
78.410,0.5000,0.5000,0.5000,0.5000,-1.11,8.33,0.051,,1,0,,
78.442,0.5000,0.5000,0.5000,0.5000,-1.11,8.33,0.048,,1,0,,
78.476,0.5000,0.5000,0.5000,0.5000,-1.13,8.31,0.057,,1,0,,
78.509,0.5000,0.5000,0.5000,0.5000,-1.11,8.23,0.071,,1,0,,
78.540,0.5000,0.5000,0.5000,0.5000,-1.09,8.17,0.083,,1,0,,
78.570,0.5000,0.5000,0.5000,0.5000,-1.07,8.10,0.097,,1,0,,
78.602,0.5000,0.5000,0.5000,0.5000,-1.04,8.11,0.108,,1,0,,
78.635,0.5000,0.5000,0.5000,0.5000,-1.01,8.17,0.110,,1,0,,
78.665,0.5000,0.5000,0.5000,0.5000,-0.98,8.36,0.134,,1,0,,
78.698,0.5000,0.5000,0.5000,0.5000,-0.96,8.58,0.142,,1,0,,
78.731,0.5000,0.5000,0.5000,0.5000,-0.93,8.83,0.132,,1,0,,
78.763,0.5000,0.5000,0.5000,0.5000,-0.90,9.07,0.125,,1,0,,
78.794,0.5000,0.5000,0.5000,0.5000,-0.87,9.40,0.129,,1,0,,
78.828,0.5000,0.5000,0.5000,0.5000,-0.83,9.68,0.128,,1,0,,
78.860,0.5000,0.5000,0.5000,0.5000,-0.81,9.94,0.135,,1,0,,
78.906,0.5000,0.5000,0.5000,0.5000,-0.81,10.15,0.125,,1,0,,
78.939,0.5000,0.5000,0.5000,0.5000,-0.81,10.29,0.137,,1,0,,
78.970,0.5000,0.5000,0.5000,0.5000,-0.81,10.41,0.142,,1,0,,
79.003,0.5000,0.5000,0.5000,0.5000,-0.81,10.54,0.139,,1,0,,
79.034,0.5000,0.5000,0.5000,0.5000,-0.81,10.62,0.134,,1,0,,
79.065,0.5000,0.5000,0.5000,0.5000,-0.80,10.69,0.124,,1,0,,
79.098,0.5000,0.5000,0.5000,0.5000,-0.78,10.71,0.107,,1,0,,
79.129,0.5000,0.5000,0.5000,0.5000,-0.79,10.66,0.080,,1,0,,
79.164,0.5000,0.5000,0.5000,0.5000,-0.78,10.56,0.071,,1,0,,
79.195,0.5000,0.5000,0.5000,0.5000,-0.75,10.47,0.046,,1,0,,
79.226,0.5000,0.5000,0.5000,0.5000,-0.77,10.46,0.061,,1,0,,
79.260,0.5000,0.5000,0.5000,0.5000,-0.72,10.50,0.129,,1,0,,
79.290,0.5000,0.5000,0.5000,0.5000,-0.68,10.85,0.255,,1,0,,
79.324,0.5000,0.5000,0.5000,0.5000,-0.66,11.35,0.322,,1,0,,
79.357,0.5000,0.5000,0.5000,0.5000,-0.62,11.84,0.358,,1,0,,
79.387,0.5000,0.5000,0.5000,0.5000,-0.60,12.34,0.376,,1,0,,
79.473,0.5000,0.5000,0.5000,0.5000,-0.46,13.16,0.383,,1,0,,
79.497,0.5000,0.5000,0.5000,0.5000,-0.42,13.48,0.400,,1,0,,
79.520,0.5000,0.5000,0.5000,0.5000,-0.39,13.70,0.406,,1,0,,
79.543,0.5000,0.5000,0.5000,0.5000,-0.36,13.96,0.397,,1,0,,
79.568,0.5000,0.5000,0.5000,0.5000,-0.33,14.23,0.396,,1,0,,
79.596,0.5000,0.5000,0.5000,0.5000,-0.30,14.54,0.407,,1,0,,
79.627,0.5000,0.5000,0.5000,0.5000,-0.25,14.82,0.414,,1,0,,
79.658,0.5000,0.5000,0.5000,0.5000,-0.22,15.05,0.406,,1,0,,
79.692,0.5000,0.5000,0.5000,0.5000,-0.17,15.23,0.410,,1,0,,
79.724,0.5000,0.5000,0.5000,0.5000,-0.12,15.40,0.397,,1,0,,
79.755,0.5000,0.5000,0.5000,0.5000,-0.08,15.62,0.414,,1,0,,
79.786,0.5000,0.5000,0.5000,0.5000,-0.00,15.69,0.414,,1,0,,
79.854,0.5000,0.5000,0.5000,0.5000,0.16,15.83,0.447,,1,0,,
79.882,0.5000,0.5000,0.5000,0.5000,0.19,15.99,0.456,,1,0,,
79.915,0.5000,0.5000,0.5000,0.5000,0.22,16.08,0.472,,1,0,,
79.947,0.5000,0.5000,0.5000,0.5000,0.27,16.22,0.508,,1,0,,
79.981,0.5000,0.5000,0.5000,0.5000,0.33,16.33,0.505,,1,0,,
80.026,0.5000,0.5000,0.5000,0.5000,0.39,16.40,0.510,,1,0,,
80.061,0.5000,0.5000,0.5000,0.5000,0.49,16.48,0.511,,1,0,,
80.087,0.5000,0.5000,0.5000,0.5000,0.55,16.60,0.515,,1,0,,
80.112,0.5000,0.5000,0.5000,0.5000,0.62,16.72,0.506,,1,0,,
80.136,0.5000,0.5000,0.5000,0.5000,0.68,16.78,0.517,,1,0,,
80.162,0.5000,0.5000,0.5000,0.5000,0.75,16.80,0.507,,1,0,,
80.187,0.5000,0.5000,0.5000,0.5000,0.82,16.77,0.505,,1,0,,
80.249,0.5000,0.5000,0.5000,0.5000,1.04,16.76,0.450,,1,0,,
80.282,0.5000,0.5000,0.5000,0.5000,1.20,16.53,0.117,,1,0,,
80.314,0.5000,0.5000,0.5000,0.5000,1.39,16.28,0.042,,1,0,,
80.347,0.5000,0.5000,0.5000,0.5000,1.51,16.07,0.021,,1,0,,
80.378,0.5000,0.5000,0.5000,0.5000,1.62,15.89,0.030,,1,0,,
80.411,0.5000,0.5000,0.5000,0.5000,1.63,16.03,0.038,,1,0,,
80.442,0.5000,0.5000,0.5000,0.5000,1.58,16.27,0.046,,1,0,,
80.474,0.5000,0.5000,0.5000,0.5000,1.51,16.64,0.057,,1,0,,
80.508,0.5000,0.5000,0.5000,0.5000,1.42,17.07,0.039,,1,0,,
80.537,0.5000,0.5000,0.5000,0.5000,1.30,17.62,0.070,,1,0,,
80.586,0.5000,0.5000,0.5000,0.5000,1.01,18.42,0.080,,1,0,,
80.617,0.5000,0.5000,0.5000,0.5000,0.84,18.96,0.066,,1,0,,
80.649,0.5000,0.5000,0.5000,0.5000,0.67,19.50,0.066,,1,0,,
80.681,0.5000,0.5000,0.5000,0.5000,0.54,20.05,0.053,,1,0,,
80.714,0.5000,0.5000,0.5000,0.5000,0.43,20.45,0.062,,1,0,,
80.747,0.5000,0.5000,0.5000,0.5000,0.29,20.91,0.066,,1,0,,
80.779,0.5000,0.5000,0.5000,0.5000,0.18,21.27,0.066,,1,0,,
80.811,0.5000,0.5000,0.5000,0.5000,0.08,21.64,0.063,,1,0,,
80.845,0.5000,0.5000,0.5000,0.5000,-0.03,22.00,0.070,,1,0,,
80.875,0.5000,0.5000,0.5000,0.5000,-0.13,22.38,0.084,,1,0,,
80.907,0.5000,0.5000,0.5000,0.5000,-0.23,22.73,0.090,,1,0,,
80.938,0.5000,0.5000,0.5000,0.5000,-0.30,23.01,0.086,,1,0,,
80.970,0.5000,0.5000,0.5000,0.5000,-0.38,23.33,0.087,,1,0,,
81.002,0.5000,0.5000,0.5000,0.5000,-0.45,23.68,0.088,,1,0,,
81.033,0.5000,0.5000,0.5000,0.5000,-0.50,24.00,0.093,,1,0,,
81.067,0.5000,0.5000,0.5000,0.5000,-0.55,24.31,0.094,,1,0,,
81.097,0.5000,0.5000,0.5000,0.5000,-0.59,24.63,0.098,,1,0,,
81.129,0.5000,0.5000,0.5000,0.5000,-0.58,24.96,0.098,,1,0,,
81.177,0.5000,0.5000,0.5000,0.5000,-0.61,25.36,0.097,,1,0,,
81.211,0.5000,0.5000,0.5000,0.5000,-0.63,25.61,0.096,,1,0,,
81.242,0.5000,0.5000,0.5000,0.5000,-0.61,25.81,0.094,,1,0,,
81.275,0.5000,0.5000,0.5000,0.5000,-0.60,26.06,0.111,,1,0,,
81.305,0.5000,0.5000,0.5000,0.5000,-0.61,26.28,0.110,,1,0,,
81.338,0.5000,0.5000,0.5000,0.5000,-0.61,26.47,0.112,,1,0,,
81.369,0.5000,0.5000,0.5000,0.5000,-0.61,26.65,0.114,,1,0,,
81.402,0.5000,0.5000,0.5000,0.5000,-0.61,26.84,0.113,,1,0,,
81.433,0.5000,0.5000,0.5000,0.5000,-0.62,26.99,0.101,,1,0,,
81.466,0.5000,0.5000,0.5000,0.5000,-0.61,27.13,0.113,,1,0,,
81.499,0.5000,0.5000,0.5000,0.5000,-0.61,27.29,0.108,,1,0,,
81.530,0.5000,0.5000,0.5000,0.5000,-0.63,27.44,0.107,,1,0,,
81.562,0.5000,0.5000,0.5000,0.5000,-0.67,27.59,0.095,,1,0,,
81.595,0.5000,0.5000,0.5000,0.5000,-0.70,27.67,0.090,,1,0,,
81.627,0.5000,0.5000,0.5000,0.5000,-0.74,27.75,0.092,,1,0,,
81.658,0.5000,0.5000,0.5000,0.5000,-0.76,27.85,0.090,,1,0,,
81.689,0.5000,0.5000,0.5000,0.5000,-0.78,27.88,0.085,,1,0,,
81.739,0.5000,0.5000,0.5000,0.5000,-0.82,27.91,0.083,,1,0,,
81.770,0.5000,0.5000,0.5000,0.5000,-0.84,27.97,0.084,,1,0,,
81.801,0.5000,0.5000,0.5000,0.5000,-0.86,28.00,0.089,,1,0,,
81.834,0.5000,0.5000,0.5000,0.5000,-0.90,28.06,0.095,,1,0,,
81.865,0.5000,0.5000,0.5000,0.5000,-0.96,28.09,0.094,,1,0,,
81.899,0.5000,0.5000,0.5000,0.5000,-1.00,28.11,0.099,,1,0,,
81.930,0.5000,0.5000,0.5000,0.5000,-1.05,28.13,0.105,,1,0,,
81.961,0.5000,0.5000,0.5000,0.5000,-1.09,28.18,0.112,,1,0,,
81.994,0.5000,0.5000,0.5000,0.5000,-1.12,28.18,0.110,,1,0,,
82.027,0.5000,0.5000,0.5000,0.5000,-1.14,28.21,0.094,,1,0,,
82.063,0.5000,0.5000,0.5000,0.5000,-1.15,28.18,0.082,,1,0,,
82.092,0.5000,0.5000,0.5000,0.5000,-1.18,28.16,0.092,,1,0,,
82.124,0.5000,0.5000,0.5000,0.5000,-1.15,28.07,0.083,,1,0,,
82.154,0.5000,0.5000,0.5000,0.5000,-1.10,27.88,0.059,,1,0,,
82.186,0.5000,0.5000,0.5000,0.5000,-1.08,27.71,0.086,,1,0,,
82.251,0.5000,0.5000,0.5000,0.5000,-1.03,27.78,0.369,,1,0,,
82.300,0.5000,0.5000,0.5000,0.5000,-0.95,27.89,0.436,,1,0,,
82.330,0.5000,0.5000,0.5000,0.5000,-0.92,27.85,0.506,,1,0,,
82.355,0.5000,0.5000,0.5000,0.5000,-0.88,27.80,0.499,,1,0,,
82.380,0.5000,0.5000,0.5000,0.5000,-0.82,27.74,0.540,,1,0,,
82.405,0.5000,0.5000,0.5000,0.5000,-0.78,27.58,0.553,,1,0,,
82.429,0.5000,0.5000,0.5000,0.5000,-0.76,27.43,0.552,,1,0,,
82.457,0.5000,0.5000,0.5000,0.5000,-0.71,27.13,0.533,,1,0,,
82.492,0.5000,0.5000,0.5000,0.5000,-0.63,26.83,0.553,,1,0,,
82.524,0.5000,0.5000,0.5000,0.5000,-0.56,26.48,0.553,,1,0,,
82.554,0.5000,0.5000,0.5000,0.5000,-0.51,26.04,0.539,,1,0,,
82.586,0.5000,0.5000,0.5000,0.5000,-0.40,25.63,0.548,,1,0,,
82.653,0.5000,0.5000,0.5000,0.5000,-0.14,25.11,0.530,,1,0,,
82.684,0.5000,0.5000,0.5000,0.5000,0.01,24.75,0.543,,1,0,,
82.715,0.5000,0.5000,0.5000,0.5000,0.16,24.06,0.542,,1,0,,
82.747,0.5000,0.5000,0.5000,0.5000,0.27,23.47,0.539,,1,0,,
82.782,0.5000,0.5000,0.5000,0.5000,0.44,23.06,0.532,,1,0,,
82.811,0.5000,0.5000,0.5000,0.5000,0.54,22.65,0.533,,1,0,,
82.843,0.5000,0.5000,0.5000,0.5000,0.71,22.30,0.525,,1,0,,
82.890,0.5000,0.5000,0.5000,0.5000,0.94,21.83,0.524,,1,0,,
82.913,0.5000,0.5000,0.5000,0.5000,1.06,21.59,0.526,,1,0,,
82.937,0.5000,0.5000,0.5000,0.5000,1.16,21.35,0.521,,1,0,,
82.959,0.5000,0.5000,0.5000,0.5000,1.25,21.22,0.529,,1,0,,
83.619,0.5000,0.5000,0.5000,0.5000,2.68,20.37,0.466,,1,0,,
83.643,0.5000,0.5000,0.5000,0.5000,2.77,20.31,0.463,,1,0,,
83.674,0.5000,0.5000,0.5000,0.5000,2.84,20.18,0.447,,1,0,,
83.707,0.5000,0.5000,0.5000,0.5000,2.90,19.89,0.444,,1,0,,
83.740,0.5000,0.5000,0.5000,0.5000,2.97,19.65,0.448,,1,0,,
83.772,0.5000,0.5000,0.5000,0.5000,3.03,19.35,0.451,,1,0,,
83.803,0.5000,0.5000,0.5000,0.5000,3.06,19.11,0.449,,1,0,,
83.834,0.5000,0.5000,0.5000,0.5000,3.08,18.84,0.448,,1,0,,
83.868,0.5000,0.5000,0.5000,0.5000,3.08,18.57,0.449,,1,0,,
83.899,0.5000,0.5000,0.5000,0.5000,3.05,18.12,0.451,,1,0,,
83.933,0.5000,0.5000,0.5000,0.5000,3.05,17.82,0.447,,1,0,,
83.962,0.5000,0.5000,0.5000,0.5000,3.04,17.47,0.444,,1,0,,
84.011,0.5000,0.5000,0.5000,0.5000,3.00,16.95,0.452,,1,0,,
84.042,0.5000,0.5000,0.5000,0.5000,2.98,16.62,0.454,,1,0,,
84.075,0.5000,0.5000,0.5000,0.5000,2.92,16.07,0.452,,1,0,,
84.107,0.5000,0.5000,0.5000,0.5000,2.80,15.40,0.452,,1,0,,
84.140,0.5000,0.5000,0.5000,0.5000,2.71,14.88,0.451,,1,0,,
84.176,0.5000,0.5000,0.5000,0.5000,2.68,14.53,0.454,,1,0,,
84.202,0.5000,0.5000,0.5000,0.5000,2.62,14.12,0.450,,1,0,,
84.234,0.5000,0.5000,0.5000,0.5000,2.53,13.47,0.455,,1,0,,
84.267,0.5000,0.5000,0.5000,0.5000,2.45,12.70,0.453,,1,0,,
84.299,0.5000,0.5000,0.5000,0.5000,2.33,11.58,0.452,,1,0,,
84.450,0.5000,0.5000,0.5000,0.5000,2.33,10.53,0.449,,1,0,,
84.481,0.5000,0.5000,0.5000,0.5000,2.36,10.46,0.446,,1,0,,
84.508,0.5000,0.5000,0.5000,0.5000,2.38,10.40,0.445,,1,0,,
84.535,0.5000,0.5000,0.5000,0.5000,2.35,10.07,0.445,,1,0,,
84.574,0.5000,0.5000,0.5000,0.5000,2.33,9.77,0.445,,1,0,,
84.606,0.5000,0.5000,0.5000,0.5000,2.31,9.55,0.444,,1,0,,
84.635,0.5000,0.5000,0.5000,0.5000,2.28,9.29,0.440,,1,0,,
84.666,0.5000,0.5000,0.5000,0.5000,2.27,9.15,0.438,,1,0,,
84.700,0.5000,0.5000,0.5000,0.5000,2.26,8.91,0.442,,1,0,,
84.729,0.5000,0.5000,0.5000,0.5000,2.26,8.65,0.433,,1,0,,
84.762,0.5000,0.5000,0.5000,0.5000,2.33,8.57,0.259,,1,0,,
84.795,0.5000,0.5000,0.5000,0.5000,2.42,8.13,0.068,,1,0,,
84.827,0.5000,0.5000,0.5000,0.5000,2.49,7.70,0.049,,1,0,,
84.859,0.5000,0.5000,0.5000,0.5000,2.52,7.33,0.075,,1,0,,
84.892,0.5000,0.5000,0.5000,0.5000,2.58,7.19,0.121,,1,0,,
84.923,0.5000,0.5000,0.5000,0.5000,2.63,7.15,0.145,,1,0,,
84.955,0.5000,0.5000,0.5000,0.5000,2.69,7.06,0.170,,1,0,,
84.986,0.5000,0.5000,0.5000,0.5000,2.73,7.30,0.203,,1,0,,
85.057,0.5000,0.5000,0.5000,0.5000,2.78,7.92,0.265,,1,0,,
85.085,0.5000,0.5000,0.5000,0.5000,2.79,8.33,0.290,,1,0,,
85.113,0.5000,0.5000,0.5000,0.5000,2.79,8.76,0.304,,1,0,,
85.165,0.5000,0.5000,0.5000,0.5000,2.77,9.55,0.322,,1,0,,
85.193,0.5000,0.5000,0.5000,0.5000,2.76,10.07,0.342,,1,0,,
85.217,0.5000,0.5000,0.5000,0.5000,2.75,10.46,0.354,,1,0,,
85.243,0.5000,0.5000,0.5000,0.5000,2.76,10.83,0.370,,1,0,,
85.270,0.5000,0.5000,0.5000,0.5000,2.76,11.27,0.383,,1,0,,
85.296,0.5000,0.5000,0.5000,0.5000,2.73,11.73,0.391,,1,0,,
85.326,0.5000,0.5000,0.5000,0.5000,2.72,12.23,0.390,,1,0,,
85.354,0.5000,0.5000,0.5000,0.5000,2.70,12.66,0.403,,1,0,,
85.386,0.5000,0.5000,0.5000,0.5000,2.65,13.11,0.400,,1,0,,
85.455,0.5000,0.5000,0.5000,0.5000,2.54,14.11,0.406,,1,0,,
85.482,0.5000,0.5000,0.5000,0.5000,2.48,14.57,0.404,,1,0,,
85.514,0.5000,0.5000,0.5000,0.5000,2.43,15.05,0.410,,1,0,,
85.546,0.5000,0.5000,0.5000,0.5000,2.38,15.53,0.406,,1,0,,
85.578,0.5000,0.5000,0.5000,0.5000,2.33,16.04,0.410,,1,0,,
85.610,0.5000,0.5000,0.5000,0.5000,2.30,16.46,0.400,,1,0,,
85.643,0.5000,0.5000,0.5000,0.5000,2.28,16.85,0.404,,1,0,,
85.674,0.5000,0.5000,0.5000,0.5000,2.26,17.24,0.402,,1,0,,
85.724,0.5000,0.5000,0.5000,0.5000,2.25,17.65,0.399,,1,0,,
85.756,0.5000,0.5000,0.5000,0.5000,2.23,17.98,0.401,,1,0,,
85.782,0.5000,0.5000,0.5000,0.5000,2.22,18.22,0.398,,1,0,,
85.807,0.5000,0.5000,0.5000,0.5000,2.21,18.45,0.398,,1,0,,
85.851,0.5000,0.5000,0.5000,0.5000,2.23,18.79,0.414,,1,0,,
85.882,0.5000,0.5000,0.5000,0.5000,2.22,19.07,0.417,,1,0,,
85.914,0.5000,0.5000,0.5000,0.5000,2.23,19.26,0.403,,1,0,,
85.945,0.5000,0.5000,0.5000,0.5000,2.20,19.39,0.376,,1,0,,
85.977,0.5000,0.5000,0.5000,0.5000,2.19,19.46,0.376,,1,0,,
86.010,0.5000,0.5000,0.5000,0.5000,2.17,19.51,0.385,,1,0,,
86.042,0.5000,0.5000,0.5000,0.5000,2.13,19.58,0.395,,1,0,,
86.075,0.5000,0.5000,0.5000,0.5000,2.05,19.62,0.381,,1,0,,
86.108,0.5000,0.5000,0.5000,0.5000,2.00,19.71,0.385,,1,0,,
86.139,0.5000,0.5000,0.5000,0.5000,1.94,19.79,0.360,,1,0,,
86.171,0.5000,0.5000,0.5000,0.5000,1.87,19.87,0.364,,1,0,,
86.204,0.5000,0.5000,0.5000,0.5000,1.83,19.82,0.381,,1,0,,
86.234,0.5000,0.5000,0.5000,0.5000,1.78,19.93,0.369,,1,0,,
86.282,0.5000,0.5000,0.5000,0.5000,1.71,20.12,0.378,,1,0,,
86.315,0.5000,0.5000,0.5000,0.5000,1.65,20.22,0.389,,1,0,,
86.346,0.5000,0.5000,0.5000,0.5000,1.59,20.35,0.397,,1,0,,
86.376,0.5000,0.5000,0.5000,0.5000,1.53,20.50,0.391,,1,0,,
86.412,0.5000,0.5000,0.5000,0.5000,1.50,20.63,0.397,,1,0,,
86.443,0.5000,0.5000,0.5000,0.5000,1.48,20.70,0.384,,1,0,,
86.475,0.5000,0.5000,0.5000,0.5000,1.42,20.89,0.383,,1,0,,
86.506,0.5000,0.5000,0.5000,0.5000,1.37,21.11,0.393,,1,0,,
86.539,0.5000,0.5000,0.5000,0.5000,1.33,21.20,0.392,,1,0,,
86.571,0.5000,0.5000,0.5000,0.5000,1.28,21.28,0.399,,1,0,,
86.603,0.5000,0.5000,0.5000,0.5000,1.24,21.34,0.400,,1,0,,
86.634,0.5000,0.5000,0.5000,0.5000,1.20,21.43,0.399,,1,0,,
86.666,0.5000,0.5000,0.5000,0.5000,1.17,21.47,0.394,,1,0,,
86.698,0.5000,0.5000,0.5000,0.5000,1.13,21.55,0.389,,1,0,,
86.730,0.5000,0.5000,0.5000,0.5000,1.10,21.65,0.397,,1,0,,
86.763,0.5000,0.5000,0.5000,0.5000,1.05,21.72,0.398,,1,0,,
86.796,0.5000,0.5000,0.5000,0.5000,1.00,21.77,0.389,,1,0,,
86.843,0.5000,0.5000,0.5000,0.5000,0.95,21.93,0.389,,1,0,,
86.875,0.5000,0.5000,0.5000,0.5000,0.93,21.98,0.385,,1,0,,
86.906,0.5000,0.5000,0.5000,0.5000,0.90,22.08,0.384,,1,0,,
86.938,0.5000,0.5000,0.5000,0.5000,0.89,22.12,0.385,,1,0,,
86.970,0.5000,0.5000,0.5000,0.5000,0.90,22.09,0.394,,1,0,,
87.003,0.5000,0.5000,0.5000,0.5000,0.90,22.04,0.394,,1,0,,
87.035,0.5000,0.5000,0.5000,0.5000,0.90,21.95,0.387,,1,0,,
87.067,0.5000,0.5000,0.5000,0.5000,0.90,21.90,0.394,,1,0,,
87.098,0.5000,0.5000,0.5000,0.5000,0.89,21.83,0.395,,1,0,,
87.129,0.5000,0.5000,0.5000,0.5000,0.89,21.77,0.395,,1,0,,
87.163,0.5000,0.5000,0.5000,0.5000,0.90,21.73,0.390,,1,0,,
87.195,0.5000,0.5000,0.5000,0.5000,0.91,21.69,0.388,,1,0,,
87.225,0.5000,0.5000,0.5000,0.5000,0.91,21.63,0.403,,1,0,,
87.259,0.5000,0.5000,0.5000,0.5000,0.91,21.67,0.407,,1,0,,
87.291,0.5000,0.5000,0.5000,0.5000,0.91,21.71,0.407,,1,0,,
87.322,0.5000,0.5000,0.5000,0.5000,0.90,21.81,0.403,,1,0,,
87.354,0.5000,0.5000,0.5000,0.5000,0.90,21.81,0.401,,1,0,,
87.387,0.5000,0.5000,0.5000,0.5000,0.89,21.81,0.397,,1,0,,
87.471,0.5000,0.5000,0.5000,0.5000,0.87,21.72,0.399,,1,0,,
87.497,0.5000,0.5000,0.5000,0.5000,0.86,21.69,0.400,,1,0,,
87.525,0.5000,0.5000,0.5000,0.5000,0.85,21.70,0.401,,1,0,,
87.550,0.5000,0.5000,0.5000,0.5000,0.85,21.70,0.399,,1,0,,
87.573,0.5000,0.5000,0.5000,0.5000,0.84,21.73,0.401,,1,0,,
87.601,0.5000,0.5000,0.5000,0.5000,0.84,21.72,0.401,,1,0,,
87.626,0.5000,0.5000,0.5000,0.5000,0.84,21.73,0.401,,1,0,,
87.658,0.5000,0.5000,0.5000,0.5000,0.83,21.67,0.403,,1,0,,
87.691,0.5000,0.5000,0.5000,0.5000,0.83,21.64,0.402,,1,0,,
87.722,0.5000,0.5000,0.5000,0.5000,0.83,21.63,0.399,,1,0,,
87.755,0.5000,0.5000,0.5000,0.5000,0.82,21.57,0.404,,1,0,,
87.787,0.5000,0.5000,0.5000,0.5000,0.83,21.52,0.408,,1,0,,
87.854,0.5000,0.5000,0.5000,0.5000,0.85,21.60,0.409,,1,0,,
87.883,0.5000,0.5000,0.5000,0.5000,0.86,21.59,0.408,,1,0,,
87.915,0.5000,0.5000,0.5000,0.5000,0.86,21.57,0.411,,1,0,,
87.946,0.5000,0.5000,0.5000,0.5000,0.88,21.48,0.415,,1,0,,
87.994,0.5000,0.5000,0.5000,0.5000,0.89,21.48,0.422,,1,0,,
88.028,0.5000,0.5000,0.5000,0.5000,0.90,21.54,0.425,,1,0,,
88.053,0.5000,0.5000,0.5000,0.5000,0.91,21.61,0.427,,1,0,,
88.079,0.5000,0.5000,0.5000,0.5000,0.91,21.65,0.425,,1,0,,
88.103,0.5000,0.5000,0.5000,0.5000,0.90,21.66,0.421,,1,0,,
88.129,0.5000,0.5000,0.5000,0.5000,0.89,21.68,0.424,,1,0,,
88.158,0.5000,0.5000,0.5000,0.5000,0.87,21.71,0.418,,1,0,,
88.188,0.5000,0.5000,0.5000,0.5000,0.85,21.70,0.422,,1,0,,
88.252,0.5000,0.5000,0.5000,0.5000,0.78,21.78,0.426,,1,0,,
88.283,0.5000,0.5000,0.5000,0.5000,0.77,21.82,0.419,,1,0,,
88.313,0.5000,0.5000,0.5000,0.5000,0.75,21.85,0.418,,1,0,,
88.346,0.5000,0.5000,0.5000,0.5000,0.74,21.87,0.417,,1,0,,
88.378,0.5000,0.5000,0.5000,0.5000,0.72,21.85,0.413,,1,0,,
88.410,0.5000,0.5000,0.5000,0.5000,0.70,21.83,0.417,,1,0,,
88.440,0.5000,0.5000,0.5000,0.5000,0.69,21.77,0.411,,1,0,,
88.474,0.5000,0.5000,0.5000,0.5000,0.68,21.71,0.425,,1,0,,
88.506,0.5000,0.5000,0.5000,0.5000,0.66,21.69,0.423,,1,0,,
88.555,0.5000,0.5000,0.5000,0.5000,0.67,21.70,0.420,,1,0,,
88.587,0.5000,0.5000,0.5000,0.5000,0.68,21.70,0.420,,1,0,,
88.614,0.5000,0.5000,0.5000,0.5000,0.69,21.72,0.421,,1,0,,
88.652,0.5000,0.5000,0.5000,0.5000,0.71,21.72,0.419,,1,0,,
88.682,0.5000,0.5000,0.5000,0.5000,0.73,21.74,0.417,,1,0,,
88.714,0.5000,0.5000,0.5000,0.5000,0.75,21.76,0.415,,1,0,,
88.747,0.5000,0.5000,0.5000,0.5000,0.76,21.73,0.415,,1,0,,
88.777,0.5000,0.5000,0.5000,0.5000,0.78,21.70,0.411,,1,0,,
88.810,0.5000,0.5000,0.5000,0.5000,0.80,21.68,0.406,,1,0,,
88.842,0.5000,0.5000,0.5000,0.5000,0.80,21.69,0.407,,1,0,,
88.877,0.5000,0.5000,0.5000,0.5000,0.81,21.67,0.414,,1,0,,
88.906,0.5000,0.5000,0.5000,0.5000,0.83,21.65,0.401,,1,0,,
88.938,0.5000,0.5000,0.5000,0.5000,0.88,21.48,0.160,,1,0,,
88.970,0.5000,0.5000,0.5000,0.5000,0.96,21.12,0.031,,1,0,,
89.004,0.5000,0.5000,0.5000,0.5000,1.02,20.69,0.029,,1,0,,
89.036,0.5000,0.5000,0.5000,0.5000,1.04,20.35,0.063,,1,0,,
89.067,0.5000,0.5000,0.5000,0.5000,1.07,20.01,0.076,,1,0,,
89.098,0.5000,0.5000,0.5000,0.5000,1.10,19.71,0.098,,1,0,,
89.145,0.5000,0.5000,0.5000,0.5000,1.11,19.32,0.106,,1,0,,
89.177,0.5000,0.5000,0.5000,0.5000,1.11,19.05,0.108,,1,0,,
89.212,0.5000,0.5000,0.5000,0.5000,1.13,18.84,0.121,,1,0,,
89.242,0.5000,0.5000,0.5000,0.5000,1.14,18.66,0.117,,1,0,,
89.275,0.5000,0.5000,0.5000,0.5000,1.11,18.50,0.116,,1,0,,
89.305,0.5000,0.5000,0.5000,0.5000,1.10,18.33,0.116,,1,0,,
89.340,0.5000,0.5000,0.5000,0.5000,1.09,18.18,0.105,,1,0,,
89.370,0.5000,0.5000,0.5000,0.5000,1.10,18.07,0.111,,1,0,,
89.403,0.5000,0.5000,0.5000,0.5000,1.12,17.98,0.128,,1,0,,
89.435,0.5000,0.5000,0.5000,0.5000,1.14,17.93,0.140,,1,0,,
89.467,0.5000,0.5000,0.5000,0.5000,1.15,17.93,0.162,,1,0,,
89.499,0.5000,0.5000,0.5000,0.5000,1.16,17.93,0.173,,1,0,,
89.530,0.5000,0.5000,0.5000,0.5000,1.17,17.98,0.186,,1,0,,
89.562,0.5000,0.5000,0.5000,0.5000,1.18,18.02,0.191,,1,0,,
89.598,0.5000,0.5000,0.5000,0.5000,1.19,18.05,0.188,,1,0,,
89.625,0.5000,0.5000,0.5000,0.5000,1.19,18.02,0.149,,1,0,,
89.659,0.5000,0.5000,0.5000,0.5000,1.18,18.00,0.142,,1,0,,
89.707,0.5000,0.5000,0.5000,0.5000,1.13,17.88,0.135,,1,0,,
89.739,0.5000,0.5000,0.5000,0.5000,1.10,17.77,0.129,,1,0,,
89.771,0.5000,0.5000,0.5000,0.5000,1.08,17.65,0.135,,1,0,,
89.804,0.5000,0.5000,0.5000,0.5000,1.06,17.50,0.133,,1,0,,
89.834,0.5000,0.5000,0.5000,0.5000,1.04,17.38,0.137,,1,0,,
89.867,0.5000,0.5000,0.5000,0.5000,1.02,17.27,0.139,,1,0,,
89.899,0.5000,0.5000,0.5000,0.5000,1.03,17.17,0.134,,1,0,,
89.930,0.5000,0.5000,0.5000,0.5000,1.04,17.07,0.130,,1,0,,
89.963,0.5000,0.5000,0.5000,0.5000,1.04,16.94,0.122,,1,0,,
89.993,0.5000,0.5000,0.5000,0.5000,1.04,16.77,0.114,,1,0,,
90.027,0.5000,0.5000,0.5000,0.5000,1.06,16.64,0.118,,1,0,,
90.061,0.5000,0.5000,0.5000,0.5000,1.07,16.52,0.111,,1,0,,
90.090,0.5000,0.5000,0.5000,0.5000,1.10,16.33,0.099,,1,0,,
90.126,0.5000,0.5000,0.5000,0.5000,1.13,16.24,0.101,,1,0,,
90.156,0.5000,0.5000,0.5000,0.5000,1.14,16.17,0.110,,1,0,,
90.187,0.5000,0.5000,0.5000,0.5000,1.17,16.05,0.115,,1,0,,
90.266,0.5000,0.5000,0.5000,0.5000,1.20,15.69,0.094,,1,0,,
90.298,0.5000,0.5000,0.5000,0.5000,1.21,15.56,0.104,,1,0,,
90.324,0.5000,0.5000,0.5000,0.5000,1.22,15.45,0.106,,1,0,,
90.350,0.5000,0.5000,0.5000,0.5000,1.22,15.34,0.100,,1,0,,
90.375,0.5000,0.5000,0.5000,0.5000,1.23,15.25,0.105,,1,0,,
90.402,0.5000,0.5000,0.5000,0.5000,1.23,15.17,0.102,,1,0,,
90.428,0.5000,0.5000,0.5000,0.5000,1.23,15.07,0.102,,1,0,,
90.457,0.5000,0.5000,0.5000,0.5000,1.22,14.88,0.095,,1,0,,
90.490,0.5000,0.5000,0.5000,0.5000,1.19,14.68,0.077,,1,0,,
90.523,0.5000,0.5000,0.5000,0.5000,1.19,14.52,0.080,,1,0,,
90.555,0.5000,0.5000,0.5000,0.5000,1.19,14.36,0.089,,1,0,,
90.588,0.5000,0.5000,0.5000,0.5000,1.18,14.21,0.092,,1,0,,
90.655,0.5000,0.5000,0.5000,0.5000,1.16,14.02,0.114,,1,0,,
90.682,0.5000,0.5000,0.5000,0.5000,1.15,13.93,0.107,,1,0,,
90.714,0.5000,0.5000,0.5000,0.5000,1.12,13.80,0.099,,1,0,,
90.748,0.5000,0.5000,0.5000,0.5000,1.10,13.76,0.123,,1,0,,
90.779,0.5000,0.5000,0.5000,0.5000,1.08,13.78,0.129,,1,0,,
90.828,0.5000,0.5000,0.5000,0.5000,1.07,13.81,0.161,,1,0,,
90.858,0.5000,0.5000,0.5000,0.5000,1.08,13.90,0.186,,1,0,,
90.884,0.5000,0.5000,0.5000,0.5000,1.10,13.99,0.195,,1,0,,
90.909,0.5000,0.5000,0.5000,0.5000,1.11,14.09,0.176,,1,0,,
90.935,0.5000,0.5000,0.5000,0.5000,1.12,14.20,0.171,,1,0,,
90.963,0.5000,0.5000,0.5000,0.5000,1.14,14.28,0.171,,1,0,,
90.989,0.5000,0.5000,0.5000,0.5000,1.16,14.39,0.169,,1,0,,
91.053,0.5000,0.5000,0.5000,0.5000,1.24,14.66,0.193,,1,0,,
91.082,0.5000,0.5000,0.5000,0.5000,1.28,14.80,0.191,,1,0,,
91.115,0.5000,0.5000,0.5000,0.5000,1.29,14.94,0.178,,1,0,,
91.145,0.5000,0.5000,0.5000,0.5000,1.29,15.06,0.178,,1,0,,
91.178,0.5000,0.5000,0.5000,0.5000,1.28,15.15,0.175,,1,0,,
91.210,0.5000,0.5000,0.5000,0.5000,1.27,15.17,0.162,,1,0,,
91.243,0.5000,0.5000,0.5000,0.5000,1.24,15.18,0.152,,1,0,,
91.274,0.5000,0.5000,0.5000,0.5000,1.22,15.22,0.164,,1,0,,
91.307,0.5000,0.5000,0.5000,0.5000,1.20,15.36,0.230,,1,0,,
91.339,0.5000,0.5000,0.5000,0.5000,1.18,15.59,0.261,,1,0,,
91.370,0.5000,0.5000,0.5000,0.5000,1.15,15.85,0.291,,1,0,,
91.418,0.5000,0.5000,0.5000,0.5000,1.10,16.40,0.313,,1,0,,
91.452,0.5000,0.5000,0.5000,0.5000,1.08,16.70,0.317,,1,0,,
91.482,0.5000,0.5000,0.5000,0.5000,1.07,16.95,0.314,,1,0,,
91.514,0.5000,0.5000,0.5000,0.5000,1.05,17.05,0.169,,1,0,,
91.545,0.5000,0.5000,0.5000,0.5000,1.03,16.89,0.069,,1,0,,
91.581,0.5000,0.5000,0.5000,0.5000,1.00,16.61,0.047,,1,0,,
91.610,0.5000,0.5000,0.5000,0.5000,0.99,16.38,0.056,,1,0,,
91.642,0.5000,0.5000,0.5000,0.5000,0.99,16.15,0.051,,1,0,,
91.674,0.5000,0.5000,0.5000,0.5000,0.98,15.93,0.065,,1,0,,
91.706,0.5000,0.5000,0.5000,0.5000,0.97,15.73,0.073,,1,0,,
91.739,0.5000,0.5000,0.5000,0.5000,0.96,15.54,0.063,,1,0,,
91.771,0.5000,0.5000,0.5000,0.5000,0.94,15.36,0.073,,1,0,,
91.803,0.5000,0.5000,0.5000,0.5000,0.91,15.11,0.074,,1,0,,
91.835,0.5000,0.5000,0.5000,0.5000,0.86,14.90,0.079,,1,0,,
91.867,0.5000,0.5000,0.5000,0.5000,0.80,14.72,0.073,,1,0,,
91.899,0.5000,0.5000,0.5000,0.5000,0.73,14.45,0.066,,1,0,,
91.931,0.5000,0.5000,0.5000,0.5000,0.69,14.20,0.070,,1,0,,
91.979,0.5000,0.5000,0.5000,0.5000,0.67,13.99,0.075,,1,0,,
92.014,0.5000,0.5000,0.5000,0.5000,0.67,13.86,0.077,,1,0,,
92.044,0.5000,0.5000,0.5000,0.5000,0.67,13.72,0.076,,1,0,,
92.074,0.5000,0.5000,0.5000,0.5000,0.67,13.64,0.076,,1,0,,
92.108,0.5000,0.5000,0.5000,0.5000,0.68,13.58,0.078,,1,0,,
92.137,0.5000,0.5000,0.5000,0.5000,0.70,13.54,0.077,,1,0,,
92.169,0.5000,0.5000,0.5000,0.5000,0.71,13.53,0.082,,1,0,,
92.202,0.5000,0.5000,0.5000,0.5000,0.74,13.50,0.080,,1,0,,
92.234,0.5000,0.5000,0.5000,0.5000,0.77,13.49,0.082,,1,0,,
92.267,0.5000,0.5000,0.5000,0.5000,0.78,13.48,0.084,,1,0,,
92.299,0.5000,0.5000,0.5000,0.5000,0.79,13.50,0.083,,1,0,,
92.329,0.5000,0.5000,0.5000,0.5000,0.80,13.54,0.081,,1,0,,
92.363,0.5000,0.5000,0.5000,0.5000,0.79,13.55,0.090,,1,0,,
92.395,0.5000,0.5000,0.5000,0.5000,0.75,13.54,0.091,,1,0,,
92.428,0.5000,0.5000,0.5000,0.5000,0.71,13.53,0.085,,1,0,,
92.458,0.5000,0.5000,0.5000,0.5000,0.67,13.54,0.080,,1,0,,
92.491,0.5000,0.5000,0.5000,0.5000,0.64,13.51,0.076,,1,0,,
92.540,0.5000,0.5000,0.5000,0.5000,0.60,13.51,0.086,,1,0,,
92.570,0.5000,0.5000,0.5000,0.5000,0.57,13.50,0.084,,1,0,,
92.604,0.5000,0.5000,0.5000,0.5000,0.52,13.46,0.092,,1,0,,
92.634,0.5000,0.5000,0.5000,0.5000,0.51,13.39,0.088,,1,0,,
92.666,0.5000,0.5000,0.5000,0.5000,0.49,13.29,0.089,,1,0,,
92.697,0.5000,0.5000,0.5000,0.5000,0.47,13.26,0.092,,1,0,,
92.729,0.5000,0.5000,0.5000,0.5000,0.47,13.24,0.091,,1,0,,
92.762,0.5000,0.5000,0.5000,0.5000,0.46,13.21,0.082,,1,0,,
92.796,0.5000,0.5000,0.5000,0.5000,0.46,13.22,0.074,,1,0,,
92.827,0.5000,0.5000,0.5000,0.5000,0.46,13.23,0.071,,1,0,,
92.859,0.5000,0.5000,0.5000,0.5000,0.46,13.25,0.072,,1,0,,
92.891,0.5000,0.5000,0.5000,0.5000,0.42,13.25,0.069,,1,0,,
92.923,0.5000,0.5000,0.5000,0.5000,0.38,13.22,0.069,,1,0,,
92.956,0.5000,0.5000,0.5000,0.5000,0.35,13.22,0.069,,1,0,,
92.987,0.5000,0.5000,0.5000,0.5000,0.30,13.18,0.067,,1,0,,
93.053,0.5000,0.5000,0.5000,0.5000,0.29,13.00,0.075,,1,0,,
93.099,0.5000,0.5000,0.5000,0.5000,0.30,12.91,0.075,,1,0,,
93.130,0.5000,0.5000,0.5000,0.5000,0.31,12.84,0.089,,1,0,,
93.156,0.5000,0.5000,0.5000,0.5000,0.31,12.79,0.098,,1,0,,
93.184,0.5000,0.5000,0.5000,0.5000,0.30,12.77,0.095,,1,0,,
93.208,0.5000,0.5000,0.5000,0.5000,0.30,12.73,0.090,,1,0,,
93.235,0.5000,0.5000,0.5000,0.5000,0.29,12.69,0.083,,1,0,,
93.261,0.5000,0.5000,0.5000,0.5000,0.27,12.66,0.095,,1,0,,
93.290,0.5000,0.5000,0.5000,0.5000,0.26,12.68,0.094,,1,0,,
93.322,0.5000,0.5000,0.5000,0.5000,0.26,12.70,0.099,,1,0,,
93.354,0.5000,0.5000,0.5000,0.5000,0.25,12.70,0.097,,1,0,,
93.388,0.5000,0.5000,0.5000,0.5000,0.23,12.67,0.089,,1,0,,
93.450,0.5000,0.5000,0.5000,0.5000,0.30,12.71,0.091,,1,0,,
93.482,0.5000,0.5000,0.5000,0.5000,0.32,12.73,0.084,,1,0,,
93.514,0.5000,0.5000,0.5000,0.5000,0.32,12.75,0.091,,1,0,,
93.548,0.5000,0.5000,0.5000,0.5000,0.31,12.74,0.085,,1,0,,
93.578,0.5000,0.5000,0.5000,0.5000,0.31,12.67,0.084,,1,0,,
93.611,0.5000,0.5000,0.5000,0.5000,0.30,12.66,0.087,,1,0,,
93.641,0.5000,0.5000,0.5000,0.5000,0.32,12.64,0.088,,1,0,,
93.692,0.5000,0.5000,0.5000,0.5000,0.33,12.60,0.085,,1,0,,
93.723,0.5000,0.5000,0.5000,0.5000,0.35,12.62,0.084,,1,0,,
93.749,0.5000,0.5000,0.5000,0.5000,0.37,12.64,0.085,,1,0,,
93.774,0.5000,0.5000,0.5000,0.5000,0.38,12.64,0.089,,1,0,,
93.800,0.5000,0.5000,0.5000,0.5000,0.39,12.69,0.088,,1,0,,
93.850,0.5000,0.5000,0.5000,0.5000,0.41,12.76,0.085,,1,0,,
93.882,0.5000,0.5000,0.5000,0.5000,0.43,12.81,0.075,,1,0,,
93.914,0.5000,0.5000,0.5000,0.5000,0.45,12.84,0.076,,1,0,,
93.946,0.5000,0.5000,0.5000,0.5000,0.48,12.91,0.078,,1,0,,
93.977,0.5000,0.5000,0.5000,0.5000,0.51,12.95,0.084,,1,0,,
94.010,0.5000,0.5000,0.5000,0.5000,0.53,12.99,0.086,,1,0,,
94.042,0.5000,0.5000,0.5000,0.5000,0.53,13.01,0.087,,1,0,,
94.073,0.5000,0.5000,0.5000,0.5000,0.53,13.05,0.087,,1,0,,
94.106,0.5000,0.5000,0.5000,0.5000,0.53,13.12,0.086,,1,0,,
94.139,0.5000,0.5000,0.5000,0.5000,0.53,13.20,0.084,,1,0,,
94.172,0.5000,0.5000,0.5000,0.5000,0.52,13.24,0.085,,1,0,,
94.203,0.5000,0.5000,0.5000,0.5000,0.50,13.28,0.102,,1,0,,
94.251,0.5000,0.5000,0.5000,0.5000,0.50,13.39,0.106,,1,0,,
94.283,0.5000,0.5000,0.5000,0.5000,0.50,13.42,0.095,,1,0,,
94.315,0.5000,0.5000,0.5000,0.5000,0.49,13.40,0.096,,1,0,,
94.347,0.5000,0.5000,0.5000,0.5000,0.47,13.37,0.096,,1,0,,
94.380,0.5000,0.5000,0.5000,0.5000,0.46,13.33,0.091,,1,0,,
94.411,0.5000,0.5000,0.5000,0.5000,0.44,13.28,0.083,,1,0,,
94.442,0.5000,0.5000,0.5000,0.5000,0.41,13.22,0.062,,1,0,,
94.473,0.5000,0.5000,0.5000,0.5000,0.36,13.13,0.065,,1,0,,
94.508,0.5000,0.5000,0.5000,0.5000,0.32,13.04,0.067,,1,0,,
94.539,0.5000,0.5000,0.5000,0.5000,0.29,13.01,0.067,,1,0,,
94.573,0.5000,0.5000,0.5000,0.5000,0.27,12.95,0.066,,1,0,,
94.605,0.5000,0.5000,0.5000,0.5000,0.27,12.92,0.067,,1,0,,
94.635,0.5000,0.5000,0.5000,0.5000,0.27,12.88,0.076,,1,0,,
94.667,0.5000,0.5000,0.5000,0.5000,0.29,12.91,0.075,,1,0,,
94.699,0.5000,0.5000,0.5000,0.5000,0.31,12.95,0.072,,1,0,,
94.730,0.5000,0.5000,0.5000,0.5000,0.32,13.00,0.077,,1,0,,
94.763,0.5000,0.5000,0.5000,0.5000,0.32,13.04,0.073,,1,0,,
94.810,0.5000,0.5000,0.5000,0.5000,0.30,13.04,0.072,,1,0,,
94.842,0.5000,0.5000,0.5000,0.5000,0.29,13.01,0.073,,1,0,,
94.874,0.5000,0.5000,0.5000,0.5000,0.29,13.04,0.077,,1,0,,
94.906,0.5000,0.5000,0.5000,0.5000,0.31,13.06,0.078,,1,0,,
94.939,0.5000,0.5000,0.5000,0.5000,0.32,13.08,0.079,,1,0,,
94.969,0.5000,0.5000,0.5000,0.5000,0.33,13.10,0.080,,1,0,,
95.003,0.5000,0.5000,0.5000,0.5000,0.34,13.12,0.076,,1,0,,
95.034,0.5000,0.5000,0.5000,0.5000,0.35,13.15,0.075,,1,0,,
95.069,0.5000,0.5000,0.5000,0.5000,0.36,13.13,0.084,,1,0,,
95.097,0.5000,0.5000,0.5000,0.5000,0.37,13.11,0.082,,1,0,,
95.129,0.5000,0.5000,0.5000,0.5000,0.37,13.09,0.080,,1,0,,
95.162,0.5000,0.5000,0.5000,0.5000,0.38,13.09,0.087,,1,0,,
95.194,0.5000,0.5000,0.5000,0.5000,0.38,13.10,0.081,,1,0,,
95.225,0.5000,0.5000,0.5000,0.5000,0.38,13.13,0.085,,1,0,,
95.259,0.5000,0.5000,0.5000,0.5000,0.37,13.17,0.083,,1,0,,
95.291,0.5000,0.5000,0.5000,0.5000,0.34,13.20,0.094,,1,0,,
95.323,0.5000,0.5000,0.5000,0.5000,0.31,13.21,0.096,,1,0,,
95.370,0.5000,0.5000,0.5000,0.5000,0.28,13.22,0.089,,1,0,,
95.404,0.5000,0.5000,0.5000,0.5000,0.26,13.23,0.094,,1,0,,
95.435,0.5000,0.5000,0.5000,0.5000,0.25,13.23,0.092,,1,0,,
95.466,0.5000,0.5000,0.5000,0.5000,0.24,13.21,0.089,,1,0,,
95.499,0.5000,0.5000,0.5000,0.5000,0.22,13.18,0.086,,1,0,,
95.530,0.5000,0.5000,0.5000,0.5000,0.21,13.16,0.086,,1,0,,
95.565,0.5000,0.5000,0.5000,0.5000,0.22,13.13,0.088,,1,0,,
95.594,0.5000,0.5000,0.5000,0.5000,0.22,13.09,0.082,,1,0,,
95.626,0.5000,0.5000,0.5000,0.5000,0.23,13.03,0.090,,1,0,,
95.658,0.5000,0.5000,0.5000,0.5000,0.21,12.98,0.087,,1,0,,
95.691,0.5000,0.5000,0.5000,0.5000,0.17,12.93,0.093,,1,0,,
95.723,0.5000,0.5000,0.5000,0.5000,0.14,12.93,0.123,,1,0,,
95.754,0.5000,0.5000,0.5000,0.5000,0.12,12.95,0.120,,1,0,,
95.785,0.5000,0.5000,0.5000,0.5000,0.09,13.02,0.121,,1,0,,
95.855,0.5000,0.5000,0.5000,0.5000,0.07,13.15,0.124,,1,0,,
95.882,0.5000,0.5000,0.5000,0.5000,0.05,13.22,0.130,,1,0,,
95.914,0.5000,0.5000,0.5000,0.5000,0.04,13.31,0.124,,1,0,,
95.962,0.5000,0.5000,0.5000,0.5000,0.04,13.40,0.130,,1,0,,
95.995,0.5000,0.5000,0.5000,0.5000,0.03,13.46,0.123,,1,0,,
96.019,0.5000,0.5000,0.5000,0.5000,0.03,13.49,0.123,,1,0,,
96.044,0.5000,0.5000,0.5000,0.5000,0.03,13.54,0.128,,1,0,,
96.073,0.5000,0.5000,0.5000,0.5000,0.03,13.60,0.125,,1,0,,
96.099,0.5000,0.5000,0.5000,0.5000,0.04,13.69,0.130,,1,0,,
96.123,0.5000,0.5000,0.5000,0.5000,0.05,13.76,0.125,,1,0,,
96.154,0.5000,0.5000,0.5000,0.5000,0.06,13.79,0.120,,1,0,,
96.187,0.5000,0.5000,0.5000,0.5000,0.08,13.83,0.126,,1,0,,
96.255,0.5000,0.5000,0.5000,0.5000,0.11,13.96,0.138,,1,0,,
96.283,0.5000,0.5000,0.5000,0.5000,0.13,13.99,0.133,,1,0,,
96.314,0.5000,0.5000,0.5000,0.5000,0.11,13.96,0.110,,1,0,,
96.347,0.5000,0.5000,0.5000,0.5000,0.08,13.97,0.117,,1,0,,
96.378,0.5000,0.5000,0.5000,0.5000,0.06,13.97,0.126,,1,0,,
96.410,0.5000,0.5000,0.5000,0.5000,0.04,13.95,0.120,,1,0,,
96.442,0.5000,0.5000,0.5000,0.5000,0.02,13.93,0.119,,1,0,,
96.475,0.5000,0.5000,0.5000,0.5000,0.01,13.95,0.123,,1,0,,
96.521,0.5000,0.5000,0.5000,0.5000,-0.01,13.95,0.129,,1,0,,
96.555,0.5000,0.5000,0.5000,0.5000,-0.03,14.02,0.128,,1,0,,
96.582,0.5000,0.5000,0.5000,0.5000,-0.04,14.08,0.128,,1,0,,
96.607,0.5000,0.5000,0.5000,0.5000,-0.05,14.13,0.132,,1,0,,
96.650,0.5000,0.5000,0.5000,0.5000,-0.04,14.21,0.127,,1,0,,
96.682,0.5000,0.5000,0.5000,0.5000,-0.05,14.24,0.144,,1,0,,
96.715,0.5000,0.5000,0.5000,0.5000,-0.05,14.29,0.153,,1,0,,
96.747,0.5000,0.5000,0.5000,0.5000,-0.05,14.30,0.152,,1,0,,
96.778,0.5000,0.5000,0.5000,0.5000,-0.05,14.30,0.143,,1,0,,
96.810,0.5000,0.5000,0.5000,0.5000,-0.07,14.31,0.143,,1,0,,
96.842,0.5000,0.5000,0.5000,0.5000,-0.08,14.31,0.147,,1,0,,
96.874,0.5000,0.5000,0.5000,0.5000,-0.10,14.30,0.143,,1,0,,
96.906,0.5000,0.5000,0.5000,0.5000,-0.13,14.29,0.125,,1,0,,
96.937,0.5000,0.5000,0.5000,0.5000,-0.17,14.28,0.115,,1,0,,
96.971,0.5000,0.5000,0.5000,0.5000,-0.22,14.24,0.100,,1,0,,
97.002,0.5000,0.5000,0.5000,0.5000,-0.28,14.17,0.111,,1,0,,
97.035,0.5000,0.5000,0.5000,0.5000,-0.33,14.10,0.109,,1,0,,
97.082,0.5000,0.5000,0.5000,0.5000,-0.40,14.04,0.105,,1,0,,
97.113,0.5000,0.5000,0.5000,0.5000,-0.44,13.97,0.109,,1,0,,
97.146,0.5000,0.5000,0.5000,0.5000,-0.49,13.89,0.101,,1,0,,
97.176,0.5000,0.5000,0.5000,0.5000,-0.54,13.80,0.103,,1,0,,
97.209,0.5000,0.5000,0.5000,0.5000,-0.57,13.72,0.105,,1,0,,
97.243,0.5000,0.5000,0.5000,0.5000,-0.62,13.64,0.108,,1,0,,
97.273,0.5000,0.5000,0.5000,0.5000,-0.66,13.57,0.107,,1,0,,
97.307,0.5000,0.5000,0.5000,0.5000,-0.70,13.53,0.104,,1,0,,
97.338,0.5000,0.5000,0.5000,0.5000,-0.74,13.48,0.103,,1,0,,
97.370,0.5000,0.5000,0.5000,0.5000,-0.75,13.49,0.105,,1,0,,
97.404,0.5000,0.5000,0.5000,0.5000,-0.78,13.47,0.108,,1,0,,
97.435,0.5000,0.5000,0.5000,0.5000,-0.79,13.45,0.099,,1,0,,
97.467,0.5000,0.5000,0.5000,0.5000,-0.78,13.42,0.095,,1,0,,
97.498,0.5000,0.5000,0.5000,0.5000,-0.79,13.40,0.097,,1,0,,
97.531,0.5000,0.5000,0.5000,0.5000,-0.79,13.38,0.097,,1,0,,
97.563,0.5000,0.5000,0.5000,0.5000,-0.78,13.39,0.100,,1,0,,
97.594,0.5000,0.5000,0.5000,0.5000,-0.77,13.41,0.099,,1,0,,
97.627,0.5000,0.5000,0.5000,0.5000,-0.79,13.46,0.121,,1,0,,
97.674,0.5000,0.5000,0.5000,0.5000,-0.78,13.58,0.145,,1,0,,
97.705,0.5000,0.5000,0.5000,0.5000,-0.76,13.72,0.149,,1,0,,
97.736,0.5000,0.5000,0.5000,0.5000,-0.74,13.87,0.165,,1,0,,
97.770,0.5000,0.5000,0.5000,0.5000,-0.73,14.01,0.166,,1,0,,
97.803,0.5000,0.5000,0.5000,0.5000,-0.73,14.11,0.171,,1,0,,
97.835,0.5000,0.5000,0.5000,0.5000,-0.72,14.24,0.173,,1,0,,
97.869,0.5000,0.5000,0.5000,0.5000,-0.73,14.30,0.167,,1,0,,
97.897,0.5000,0.5000,0.5000,0.5000,-0.72,14.39,0.164,,1,0,,
97.932,0.5000,0.5000,0.5000,0.5000,-0.72,14.51,0.195,,1,0,,
97.961,0.5000,0.5000,0.5000,0.5000,-0.70,14.64,0.194,,1,0,,
97.993,0.5000,0.5000,0.5000,0.5000,-0.68,14.73,0.197,,1,0,,
98.026,0.5000,0.5000,0.5000,0.5000,-0.67,14.85,0.203,,1,0,,
98.058,0.5000,0.5000,0.5000,0.5000,-0.65,14.93,0.190,,1,0,,
98.090,0.5000,0.5000,0.5000,0.5000,-0.63,14.99,0.174,,1,0,,
98.121,0.5000,0.5000,0.5000,0.5000,-0.61,15.06,0.178,,1,0,,
98.155,0.5000,0.5000,0.5000,0.5000,-0.58,15.15,0.179,,1,0,,
98.186,0.5000,0.5000,0.5000,0.5000,-0.56,15.24,0.175,,1,0,,
98.271,0.5000,0.5000,0.5000,0.5000,-0.49,15.32,0.169,,1,0,,
98.297,0.5000,0.5000,0.5000,0.5000,-0.47,15.33,0.163,,1,0,,
98.322,0.5000,0.5000,0.5000,0.5000,-0.46,15.37,0.177,,1,0,,
98.346,0.5000,0.5000,0.5000,0.5000,-0.44,15.41,0.182,,1,0,,
98.373,0.5000,0.5000,0.5000,0.5000,-0.41,15.39,0.174,,1,0,,
98.399,0.5000,0.5000,0.5000,0.5000,-0.37,15.39,0.167,,1,0,,
98.426,0.5000,0.5000,0.5000,0.5000,-0.36,15.38,0.176,,1,0,,
98.459,0.5000,0.5000,0.5000,0.5000,-0.35,15.41,0.172,,1,0,,
98.489,0.5000,0.5000,0.5000,0.5000,-0.35,15.39,0.161,,1,0,,
98.522,0.5000,0.5000,0.5000,0.5000,-0.36,15.36,0.157,,1,0,,
98.555,0.5000,0.5000,0.5000,0.5000,-0.38,15.31,0.156,,1,0,,
98.586,0.5000,0.5000,0.5000,0.5000,-0.38,15.30,0.161,,1,0,,
98.656,0.5000,0.5000,0.5000,0.5000,-0.42,15.37,0.164,,1,0,,
98.683,0.5000,0.5000,0.5000,0.5000,-0.43,15.37,0.168,,1,0,,
98.715,0.5000,0.5000,0.5000,0.5000,-0.43,15.43,0.176,,1,0,,
98.748,0.5000,0.5000,0.5000,0.5000,-0.40,15.45,0.177,,1,0,,
98.794,0.5000,0.5000,0.5000,0.5000,-0.38,15.42,0.175,,1,0,,
98.826,0.5000,0.5000,0.5000,0.5000,-0.36,15.39,0.171,,1,0,,
98.853,0.5000,0.5000,0.5000,0.5000,-0.36,15.35,0.164,,1,0,,
98.876,0.5000,0.5000,0.5000,0.5000,-0.36,15.29,0.147,,1,0,,
98.902,0.5000,0.5000,0.5000,0.5000,-0.36,15.21,0.151,,1,0,,
98.927,0.5000,0.5000,0.5000,0.5000,-0.38,15.12,0.156,,1,0,,
98.954,0.5000,0.5000,0.5000,0.5000,-0.41,15.02,0.134,,1,0,,
98.987,0.5000,0.5000,0.5000,0.5000,-0.45,14.89,0.129,,1,0,,
99.052,0.5000,0.5000,0.5000,0.5000,-0.54,14.43,0.127,,1,0,,
99.082,0.5000,0.5000,0.5000,0.5000,-0.59,14.19,0.129,,1,0,,
99.115,0.5000,0.5000,0.5000,0.5000,-0.68,13.92,0.123,,1,0,,
99.147,0.5000,0.5000,0.5000,0.5000,-0.74,13.72,0.118,,1,0,,
99.178,0.5000,0.5000,0.5000,0.5000,-0.79,13.54,0.126,,1,0,,
99.211,0.5000,0.5000,0.5000,0.5000,-0.84,13.35,0.122,,1,0,,
99.243,0.5000,0.5000,0.5000,0.5000,-0.89,13.11,0.114,,1,0,,
99.275,0.5000,0.5000,0.5000,0.5000,-0.92,12.90,0.125,,1,0,,
99.307,0.5000,0.5000,0.5000,0.5000,-0.94,12.72,0.125,,1,0,,
99.354,0.5000,0.5000,0.5000,0.5000,-1.03,12.28,0.098,,1,0,,
99.386,0.5000,0.5000,0.5000,0.5000,-1.07,11.99,0.103,,1,0,,
99.414,0.5000,0.5000,0.5000,0.5000,-1.10,11.74,0.103,,1,0,,
99.452,0.5000,0.5000,0.5000,0.5000,-1.19,11.43,0.100,,1,0,,
99.481,0.5000,0.5000,0.5000,0.5000,-1.26,11.22,0.113,,1,0,,
99.515,0.5000,0.5000,0.5000,0.5000,-1.30,11.07,0.117,,1,0,,
99.545,0.5000,0.5000,0.5000,0.5000,-1.34,10.95,0.109,,1,0,,
99.578,0.5000,0.5000,0.5000,0.5000,-1.39,10.84,0.108,,1,0,,
99.611,0.5000,0.5000,0.5000,0.5000,-1.44,10.72,0.103,,1,0,,
99.642,0.5000,0.5000,0.5000,0.5000,-1.49,10.60,0.112,,1,0,,
99.674,0.5000,0.5000,0.5000,0.5000,-1.55,10.46,0.101,,1,0,,
99.705,0.5000,0.5000,0.5000,0.5000,-1.63,10.31,0.100,,1,0,,
99.737,0.5000,0.5000,0.5000,0.5000,-1.69,10.15,0.105,,1,0,,
99.771,0.5000,0.5000,0.5000,0.5000,-1.75,9.99,0.106,,1,0,,
99.803,0.5000,0.5000,0.5000,0.5000,-1.78,9.88,0.116,,1,0,,
99.835,0.5000,0.5000,0.5000,0.5000,-1.80,9.77,0.121,,1,0,,
99.867,0.5000,0.5000,0.5000,0.5000,-1.83,9.67,0.120,,1,0,,
99.898,0.5000,0.5000,0.5000,0.5000,-1.85,9.61,0.120,,1,0,,
99.947,0.5000,0.5000,0.5000,0.5000,-1.87,9.54,0.116,,1,0,,
99.978,0.5000,0.5000,0.5000,0.5000,-1.90,9.47,0.114,,1,0,,
100.010,0.5000,0.5000,0.5000,0.5000,-1.92,9.40,0.113,,1,0,,
100.043,0.5000,0.5000,0.5000,0.5000,-1.94,9.29,0.112,,1,0,,
100.075,0.5000,0.5000,0.5000,0.5000,-1.95,9.21,0.118,,1,0,,
100.106,0.5000,0.5000,0.5000,0.5000,-1.96,9.08,0.122,,1,0,,
100.139,0.5000,0.5000,0.5000,0.5000,-1.98,8.98,0.116,,1,0,,
100.170,0.5000,0.5000,0.5000,0.5000,-1.99,8.87,0.111,,1,0,,
100.204,0.5000,0.5000,0.5000,0.5000,-2.00,8.79,0.112,,1,0,,
100.235,0.5000,0.5000,0.5000,0.5000,-2.07,8.71,0.106,,1,0,,
100.267,0.5000,0.5000,0.5000,0.5000,-2.15,8.63,0.105,,1,0,,
100.299,0.5000,0.5000,0.5000,0.5000,-2.21,8.52,0.103,,1,0,,
100.330,0.5000,0.5000,0.5000,0.5000,-2.31,8.36,0.105,,1,0,,
100.362,0.5000,0.5000,0.5000,0.5000,-2.38,8.22,0.107,,1,0,,
100.393,0.5000,0.5000,0.5000,0.5000,-2.44,8.13,0.120,,1,0,,
100.425,0.5000,0.5000,0.5000,0.5000,-2.48,7.99,0.116,,1,0,,
100.457,0.5000,0.5000,0.5000,0.5000,-2.51,7.88,0.118,,1,0,,
100.508,0.5000,0.5000,0.5000,0.5000,-2.55,7.79,0.112,,1,0,,
100.538,0.5000,0.5000,0.5000,0.5000,-2.58,7.73,0.113,,1,0,,
100.571,0.5000,0.5000,0.5000,0.5000,-2.62,7.67,0.112,,1,0,,
100.603,0.5000,0.5000,0.5000,0.5000,-2.63,7.60,0.105,,1,0,,
100.636,0.5000,0.5000,0.5000,0.5000,-2.67,7.55,0.109,,1,0,,
100.668,0.5000,0.5000,0.5000,0.5000,-2.69,7.50,0.120,,1,0,,
100.698,0.5000,0.5000,0.5000,0.5000,-2.72,7.42,0.106,,1,0,,
100.730,0.5000,0.5000,0.5000,0.5000,-2.73,7.33,0.105,,1,0,,
100.763,0.5000,0.5000,0.5000,0.5000,-2.74,7.27,0.099,,1,0,,
100.794,0.5000,0.5000,0.5000,0.5000,-2.74,7.21,0.086,,1,0,,
100.826,0.5000,0.5000,0.5000,0.5000,-2.73,7.17,0.090,,1,0,,
100.859,0.5000,0.5000,0.5000,0.5000,-2.73,7.12,0.090,,1,0,,
100.891,0.5000,0.5000,0.5000,0.5000,-2.74,7.08,0.095,,1,0,,
100.923,0.5000,0.5000,0.5000,0.5000,-2.75,7.07,0.104,,1,0,,
100.955,0.5000,0.5000,0.5000,0.5000,-2.75,7.04,0.111,,1,0,,
100.987,0.5000,0.5000,0.5000,0.5000,-2.76,6.99,0.109,,1,0,,
101.071,0.5000,0.5000,0.5000,0.5000,-2.76,6.90,0.111,,1,0,,
101.098,0.5000,0.5000,0.5000,0.5000,-2.77,6.89,0.114,,1,0,,
101.126,0.5000,0.5000,0.5000,0.5000,-2.77,6.90,0.117,,1,0,,
101.152,0.5000,0.5000,0.5000,0.5000,-2.77,6.90,0.133,,1,0,,
101.176,0.5000,0.5000,0.5000,0.5000,-2.75,6.96,0.154,,1,0,,
101.203,0.5000,0.5000,0.5000,0.5000,-2.73,7.04,0.164,,1,0,,
101.229,0.5000,0.5000,0.5000,0.5000,-2.74,7.12,0.172,,1,0,,
101.261,0.5000,0.5000,0.5000,0.5000,-2.75,7.21,0.170,,1,0,,
101.290,0.5000,0.5000,0.5000,0.5000,-2.76,7.32,0.174,,1,0,,
101.322,0.5000,0.5000,0.5000,0.5000,-2.74,7.43,0.166,,1,0,,
101.355,0.5000,0.5000,0.5000,0.5000,-2.72,7.49,0.152,,1,0,,
101.387,0.5000,0.5000,0.5000,0.5000,-2.68,7.56,0.157,,1,0,,
101.455,0.5000,0.5000,0.5000,0.5000,-2.61,7.71,0.164,,1,0,,
101.483,0.5000,0.5000,0.5000,0.5000,-2.59,7.75,0.162,,1,0,,
101.517,0.5000,0.5000,0.5000,0.5000,-2.57,7.85,0.163,,1,0,,
101.546,0.5000,0.5000,0.5000,0.5000,-2.56,7.90,0.153,,1,0,,
101.578,0.5000,0.5000,0.5000,0.5000,-2.57,7.94,0.145,,1,0,,
101.626,0.5000,0.5000,0.5000,0.5000,-2.56,8.00,0.145,,1,0,,
101.658,0.5000,0.5000,0.5000,0.5000,-2.56,8.07,0.131,,1,0,,
101.684,0.5000,0.5000,0.5000,0.5000,-2.56,8.13,0.125,,1,0,,
101.708,0.5000,0.5000,0.5000,0.5000,-2.57,8.14,0.128,,1,0,,
101.734,0.5000,0.5000,0.5000,0.5000,-2.57,8.13,0.126,,1,0,,
101.767,0.5000,0.5000,0.5000,0.5000,-2.57,8.13,0.152,,1,0,,
101.803,0.5000,0.5000,0.5000,0.5000,-2.59,8.10,0.141,,1,0,,
101.849,0.5000,0.5000,0.5000,0.5000,-2.63,8.02,0.132,,1,0,,
101.883,0.5000,0.5000,0.5000,0.5000,-2.65,7.96,0.132,,1,0,,
101.914,0.5000,0.5000,0.5000,0.5000,-2.67,7.90,0.125,,1,0,,
101.946,0.5000,0.5000,0.5000,0.5000,-2.68,7.83,0.109,,1,0,,
101.977,0.5000,0.5000,0.5000,0.5000,-2.68,7.68,0.103,,1,0,,
102.012,0.5000,0.5000,0.5000,0.5000,-2.68,7.54,0.102,,1,0,,
102.041,0.5000,0.5000,0.5000,0.5000,-2.70,7.36,0.102,,1,0,,
102.073,0.5000,0.5000,0.5000,0.5000,-2.73,7.23,0.114,,1,0,,
102.106,0.5000,0.5000,0.5000,0.5000,-2.76,7.10,0.111,,1,0,,
102.138,0.5000,0.5000,0.5000,0.5000,-2.79,7.00,0.111,,1,0,,
102.171,0.5000,0.5000,0.5000,0.5000,-2.83,6.91,0.110,,1,0,,
102.218,0.5000,0.5000,0.5000,0.5000,-2.90,6.64,0.107,,1,0,,
102.251,0.5000,0.5000,0.5000,0.5000,-2.97,6.44,0.099,,1,0,,
102.283,0.5000,0.5000,0.5000,0.5000,-3.03,6.30,0.096,,1,0,,
102.314,0.5000,0.5000,0.5000,0.5000,-3.08,6.19,0.097,,1,0,,
102.346,0.5000,0.5000,0.5000,0.5000,-3.12,6.10,0.105,,1,0,,
102.378,0.5000,0.5000,0.5000,0.5000,-3.16,5.97,0.090,,1,0,,
102.409,0.5000,0.5000,0.5000,0.5000,-3.21,5.90,0.093,,1,0,,
102.441,0.5000,0.5000,0.5000,0.5000,-3.24,5.85,0.098,,1,0,,
102.475,0.5000,0.5000,0.5000,0.5000,-3.25,5.82,0.102,,1,0,,
102.507,0.5000,0.5000,0.5000,0.5000,-3.28,5.79,0.098,,1,0,,
102.539,0.5000,0.5000,0.5000,0.5000,-3.32,5.75,0.096,,1,0,,
102.571,0.5000,0.5000,0.5000,0.5000,-3.36,5.68,0.096,,1,0,,
102.602,0.5000,0.5000,0.5000,0.5000,-3.39,5.64,0.098,,1,0,,
102.634,0.5000,0.5000,0.5000,0.5000,-3.38,5.63,0.122,,1,0,,
102.666,0.5000,0.5000,0.5000,0.5000,-3.39,5.63,0.122,,1,0,,
102.699,0.5000,0.5000,0.5000,0.5000,-3.39,5.61,0.114,,1,0,,
102.731,0.5000,0.5000,0.5000,0.5000,-3.41,5.61,0.107,,1,0,,
102.779,0.5000,0.5000,0.5000,0.5000,-3.42,5.60,0.108,,1,0,,
102.810,0.5000,0.5000,0.5000,0.5000,-3.42,5.59,0.118,,1,0,,
102.840,0.5000,0.5000,0.5000,0.5000,-3.42,5.57,0.109,,1,0,,
102.875,0.5000,0.5000,0.5000,0.5000,-3.39,5.59,0.122,,1,0,,
102.906,0.5000,0.5000,0.5000,0.5000,-3.36,5.56,0.120,,1,0,,
102.938,0.5000,0.5000,0.5000,0.5000,-3.35,5.57,0.123,,1,0,,
102.969,0.5000,0.5000,0.5000,0.5000,-3.36,5.62,0.127,,1,0,,
103.003,0.5000,0.5000,0.5000,0.5000,-3.38,5.66,0.130,,1,0,,
103.034,0.5000,0.5000,0.5000,0.5000,-3.38,5.76,0.135,,1,0,,
103.067,0.5000,0.5000,0.5000,0.5000,-3.41,5.88,0.126,,1,0,,
103.098,0.5000,0.5000,0.5000,0.5000,-3.43,5.91,0.118,,1,0,,
103.131,0.5000,0.5000,0.5000,0.5000,-3.44,6.01,0.118,,1,0,,
103.163,0.5000,0.5000,0.5000,0.5000,-3.47,6.02,0.118,,1,0,,
103.195,0.5000,0.5000,0.5000,0.5000,-3.50,6.03,0.101,,1,0,,
103.227,0.5000,0.5000,0.5000,0.5000,-3.51,6.06,0.100,,1,0,,
103.258,0.5000,0.5000,0.5000,0.5000,-3.53,6.12,0.102,,1,0,,
103.290,0.5000,0.5000,0.5000,0.5000,-3.54,6.13,0.105,,1,0,,
103.339,0.5000,0.5000,0.5000,0.5000,-3.56,6.22,0.130,,1,0,,
103.370,0.5000,0.5000,0.5000,0.5000,-3.56,6.23,0.132,,1,0,,
103.403,0.5000,0.5000,0.5000,0.5000,-3.54,6.26,0.135,,1,0,,
103.435,0.5000,0.5000,0.5000,0.5000,-3.51,6.32,0.154,,1,0,,
103.467,0.5000,0.5000,0.5000,0.5000,-3.48,6.36,0.152,,1,0,,
103.502,0.5000,0.5000,0.5000,0.5000,-3.40,6.38,0.152,,1,0,,
103.532,0.5000,0.5000,0.5000,0.5000,-3.33,6.40,0.167,,1,0,,
103.564,0.5000,0.5000,0.5000,0.5000,-3.28,6.46,0.155,,1,0,,
103.595,0.5000,0.5000,0.5000,0.5000,-3.27,6.55,0.149,,1,0,,
103.627,0.5000,0.5000,0.5000,0.5000,-3.26,6.63,0.142,,1,0,,
103.657,0.5000,0.5000,0.5000,0.5000,-3.26,6.69,0.141,,1,0,,
103.690,0.5000,0.5000,0.5000,0.5000,-3.25,6.70,0.149,,1,0,,
103.723,0.5000,0.5000,0.5000,0.5000,-3.25,6.67,0.151,,1,0,,
103.753,0.5000,0.5000,0.5000,0.5000,-3.29,6.64,0.138,,1,0,,
103.787,0.5000,0.5000,0.5000,0.5000,-3.30,6.64,0.139,,1,0,,
103.851,0.5000,0.5000,0.5000,0.5000,-3.25,6.70,0.143,,1,0,,
103.900,0.5000,0.5000,0.5000,0.5000,-3.20,6.71,0.137,,1,0,,
103.930,0.5000,0.5000,0.5000,0.5000,-3.22,6.71,0.135,,1,0,,
103.956,0.5000,0.5000,0.5000,0.5000,-3.25,6.73,0.133,,1,0,,
103.983,0.5000,0.5000,0.5000,0.5000,-3.29,6.76,0.131,,1,0,,
104.009,0.5000,0.5000,0.5000,0.5000,-3.32,6.81,0.129,,1,0,,
104.035,0.5000,0.5000,0.5000,0.5000,-3.35,6.84,0.127,,1,0,,
104.063,0.5000,0.5000,0.5000,0.5000,-3.36,6.89,0.135,,1,0,,
104.089,0.5000,0.5000,0.5000,0.5000,-3.38,6.90,0.134,,1,0,,
104.121,0.5000,0.5000,0.5000,0.5000,-3.37,6.95,0.140,,1,0,,
104.154,0.5000,0.5000,0.5000,0.5000,-3.40,6.93,0.137,,1,0,,
104.186,0.5000,0.5000,0.5000,0.5000,-3.42,6.95,0.141,,1,0,,
104.251,0.5000,0.5000,0.5000,0.5000,-3.36,7.01,0.140,,1,0,,
104.284,0.5000,0.5000,0.5000,0.5000,-3.34,7.04,0.140,,1,0,,
104.315,0.5000,0.5000,0.5000,0.5000,-3.31,7.10,0.142,,1,0,,
104.348,0.5000,0.5000,0.5000,0.5000,-3.30,7.12,0.141,,1,0,,
104.383,0.5000,0.5000,0.5000,0.5000,-3.28,7.13,0.136,,1,0,,
104.412,0.5000,0.5000,0.5000,0.5000,-3.26,7.16,0.135,,1,0,,
104.442,0.5000,0.5000,0.5000,0.5000,-3.26,7.15,0.121,,1,0,,
104.491,0.5000,0.5000,0.5000,0.5000,-3.28,7.02,0.117,,1,0,,
104.522,0.5000,0.5000,0.5000,0.5000,-3.28,6.94,0.113,,1,0,,
104.550,0.5000,0.5000,0.5000,0.5000,-3.29,6.89,0.110,,1,0,,
104.576,0.5000,0.5000,0.5000,0.5000,-3.29,6.81,0.114,,1,0,,
104.601,0.5000,0.5000,0.5000,0.5000,-3.29,6.76,0.115,,1,0,,
104.651,0.5000,0.5000,0.5000,0.5000,-3.29,6.69,0.117,,1,0,,
104.682,0.5000,0.5000,0.5000,0.5000,-3.29,6.72,0.114,,1,0,,
104.715,0.5000,0.5000,0.5000,0.5000,-3.27,6.74,0.124,,1,0,,
104.747,0.5000,0.5000,0.5000,0.5000,-3.25,6.74,0.124,,1,0,,
104.779,0.5000,0.5000,0.5000,0.5000,-3.26,6.71,0.124,,1,0,,
104.811,0.5000,0.5000,0.5000,0.5000,-3.27,6.74,0.125,,1,0,,
104.842,0.5000,0.5000,0.5000,0.5000,-3.27,6.81,0.118,,1,0,,
104.874,0.5000,0.5000,0.5000,0.5000,-3.30,6.83,0.109,,1,0,,
104.907,0.5000,0.5000,0.5000,0.5000,-3.32,6.83,0.106,,1,0,,
104.937,0.5000,0.5000,0.5000,0.5000,-3.32,6.86,0.113,,1,0,,
104.974,0.5000,0.5000,0.5000,0.5000,-3.31,6.94,0.119,,1,0,,
105.002,0.5000,0.5000,0.5000,0.5000,-3.31,6.95,0.114,,1,0,,
105.052,0.5000,0.5000,0.5000,0.5000,-3.29,6.99,0.106,,1,0,,
105.084,0.5000,0.5000,0.5000,0.5000,-3.27,7.02,0.107,,1,0,,
105.116,0.5000,0.5000,0.5000,0.5000,-3.28,7.02,0.104,,1,0,,
105.147,0.5000,0.5000,0.5000,0.5000,-3.27,7.08,0.110,,1,0,,
105.180,0.5000,0.5000,0.5000,0.5000,-3.25,7.12,0.115,,1,0,,
105.210,0.5000,0.5000,0.5000,0.5000,-3.28,7.15,0.113,,1,0,,
105.241,0.5000,0.5000,0.5000,0.5000,-3.30,7.18,0.115,,1,0,,
105.275,0.5000,0.5000,0.5000,0.5000,-3.31,7.22,0.121,,1,0,,
105.305,0.5000,0.5000,0.5000,0.5000,-3.33,7.24,0.121,,1,0,,
105.337,0.5000,0.5000,0.5000,0.5000,-3.33,7.26,0.120,,1,0,,
105.369,0.5000,0.5000,0.5000,0.5000,-3.32,7.30,0.121,,1,0,,
105.404,0.5000,0.5000,0.5000,0.5000,-3.32,7.31,0.120,,1,0,,
105.434,0.5000,0.5000,0.5000,0.5000,-3.30,7.32,0.120,,1,0,,
105.467,0.5000,0.5000,0.5000,0.5000,-3.28,7.32,0.120,,1,0,,
105.499,0.5000,0.5000,0.5000,0.5000,-3.28,7.31,0.115,,1,0,,
105.529,0.5000,0.5000,0.5000,0.5000,-3.28,7.25,0.116,,1,0,,
105.561,0.5000,0.5000,0.5000,0.5000,-3.28,7.19,0.104,,1,0,,
105.611,0.5000,0.5000,0.5000,0.5000,-3.28,7.02,0.099,,1,0,,
105.643,0.5000,0.5000,0.5000,0.5000,-3.29,6.93,0.093,,1,0,,
105.674,0.5000,0.5000,0.5000,0.5000,-3.30,6.85,0.093,,1,0,,
105.706,0.5000,0.5000,0.5000,0.5000,-3.32,6.79,0.090,,1,0,,
105.740,0.5000,0.5000,0.5000,0.5000,-3.35,6.75,0.095,,1,0,,
105.769,0.5000,0.5000,0.5000,0.5000,-3.36,6.76,0.099,,1,0,,
105.802,0.5000,0.5000,0.5000,0.5000,-3.37,6.78,0.108,,1,0,,
105.834,0.5000,0.5000,0.5000,0.5000,-3.37,6.77,0.108,,1,0,,
105.866,0.5000,0.5000,0.5000,0.5000,-3.37,6.76,0.110,,1,0,,
105.898,0.5000,0.5000,0.5000,0.5000,-3.38,6.81,0.115,,1,0,,
105.931,0.5000,0.5000,0.5000,0.5000,-3.38,6.86,0.113,,1,0,,
105.968,0.5000,0.5000,0.5000,0.5000,-3.38,6.98,0.111,,1,0,,
105.996,0.5000,0.5000,0.5000,0.5000,-3.38,7.09,0.107,,1,0,,
106.026,0.5000,0.5000,0.5000,0.5000,-3.34,7.25,0.153,,1,0,,
106.061,0.5000,0.5000,0.5000,0.5000,-3.29,7.28,0.148,,1,0,,
106.089,0.5000,0.5000,0.5000,0.5000,-3.21,7.34,0.201,,1,0,,
106.122,0.5000,0.5000,0.5000,0.5000,-3.17,7.39,0.200,,1,0,,
106.155,0.5000,0.5000,0.5000,0.5000,-3.13,7.43,0.196,,1,0,,
106.204,0.5000,0.5000,0.5000,0.5000,-3.10,7.49,0.187,,1,0,,
106.234,0.5000,0.5000,0.5000,0.5000,-3.07,7.53,0.186,,1,0,,
106.266,0.5000,0.5000,0.5000,0.5000,-3.04,7.58,0.179,,1,0,,
106.300,0.5000,0.5000,0.5000,0.5000,-3.02,7.63,0.165,,1,0,,
106.332,0.5000,0.5000,0.5000,0.5000,-3.01,7.73,0.167,,1,0,,
106.363,0.5000,0.5000,0.5000,0.5000,-3.00,7.78,0.165,,1,0,,
106.396,0.5000,0.5000,0.5000,0.5000,-3.03,7.84,0.160,,1,0,,
106.426,0.5000,0.5000,0.5000,0.5000,-3.06,7.89,0.148,,1,0,,
106.456,0.5000,0.5000,0.5000,0.5000,-3.09,7.92,0.128,,1,0,,
106.491,0.5000,0.5000,0.5000,0.5000,-3.09,7.93,0.127,,1,0,,
106.524,0.5000,0.5000,0.5000,0.5000,-3.12,7.96,0.130,,1,0,,
106.554,0.5000,0.5000,0.5000,0.5000,-3.16,7.93,0.125,,1,0,,
106.586,0.5000,0.5000,0.5000,0.5000,-3.20,7.87,0.124,,1,0,,
106.656,0.5000,0.5000,0.5000,0.5000,-3.26,7.71,0.111,,1,0,,
106.683,0.5000,0.5000,0.5000,0.5000,-3.27,7.67,0.127,,1,0,,
106.715,0.5000,0.5000,0.5000,0.5000,-3.28,7.61,0.130,,1,0,,
106.763,0.5000,0.5000,0.5000,0.5000,-3.28,7.67,0.127,,1,0,,
106.795,0.5000,0.5000,0.5000,0.5000,-3.28,7.68,0.130,,1,0,,
106.819,0.5000,0.5000,0.5000,0.5000,-3.27,7.69,0.130,,1,0,,
106.845,0.5000,0.5000,0.5000,0.5000,-3.22,7.72,0.140,,1,0,,
106.870,0.5000,0.5000,0.5000,0.5000,-3.20,7.74,0.145,,1,0,,
106.897,0.5000,0.5000,0.5000,0.5000,-3.17,7.75,0.144,,1,0,,
106.922,0.5000,0.5000,0.5000,0.5000,-3.14,7.74,0.145,,1,0,,
106.958,0.5000,0.5000,0.5000,0.5000,-3.12,7.78,0.154,,1,0,,
106.986,0.5000,0.5000,0.5000,0.5000,-3.11,7.79,0.150,,1,0,,
107.054,0.5000,0.5000,0.5000,0.5000,-3.01,8.02,0.174,,1,0,,
107.084,0.5000,0.5000,0.5000,0.5000,-2.99,8.05,0.170,,1,0,,
107.113,0.5000,0.5000,0.5000,0.5000,-2.99,8.08,0.176,,1,0,,
107.147,0.5000,0.5000,0.5000,0.5000,-2.98,8.13,0.174,,1,0,,
107.179,0.5000,0.5000,0.5000,0.5000,-2.92,8.24,0.179,,1,0,,
107.212,0.5000,0.5000,0.5000,0.5000,-2.87,8.36,0.171,,1,0,,
107.241,0.5000,0.5000,0.5000,0.5000,-2.79,8.49,0.172,,1,0,,
107.275,0.5000,0.5000,0.5000,0.5000,-2.72,8.56,0.180,,1,0,,
107.322,0.5000,0.5000,0.5000,0.5000,-2.67,8.65,0.173,,1,0,,
107.354,0.5000,0.5000,0.5000,0.5000,-2.65,8.66,0.162,,1,0,,
107.381,0.5000,0.5000,0.5000,0.5000,-2.64,8.66,0.156,,1,0,,
107.405,0.5000,0.5000,0.5000,0.5000,-2.65,8.63,0.156,,1,0,,
107.450,0.5000,0.5000,0.5000,0.5000,-2.68,8.61,0.161,,1,0,,
107.483,0.5000,0.5000,0.5000,0.5000,-2.71,8.61,0.136,,1,0,,
107.515,0.5000,0.5000,0.5000,0.5000,-2.73,8.62,0.142,,1,0,,
107.547,0.5000,0.5000,0.5000,0.5000,-2.73,8.63,0.154,,1,0,,
107.579,0.5000,0.5000,0.5000,0.5000,-2.73,8.66,0.181,,1,0,,
107.610,0.5000,0.5000,0.5000,0.5000,-2.74,8.66,0.173,,1,0,,
107.643,0.5000,0.5000,0.5000,0.5000,-2.76,8.62,0.170,,1,0,,
107.675,0.5000,0.5000,0.5000,0.5000,-2.80,8.60,0.155,,1,0,,
107.707,0.5000,0.5000,0.5000,0.5000,-2.83,8.60,0.159,,1,0,,
107.737,0.5000,0.5000,0.5000,0.5000,-2.85,8.58,0.160,,1,0,,
107.772,0.5000,0.5000,0.5000,0.5000,-2.87,8.59,0.159,,1,0,,
107.802,0.5000,0.5000,0.5000,0.5000,-2.89,8.58,0.154,,1,0,,
107.836,0.5000,0.5000,0.5000,0.5000,-2.91,8.54,0.141,,1,0,,
107.883,0.5000,0.5000,0.5000,0.5000,-2.87,8.40,0.135,,1,0,,
107.916,0.5000,0.5000,0.5000,0.5000,-2.87,8.33,0.137,,1,0,,
107.948,0.5000,0.5000,0.5000,0.5000,-2.86,8.27,0.139,,1,0,,
107.979,0.5000,0.5000,0.5000,0.5000,-2.87,8.23,0.154,,1,0,,
108.012,0.5000,0.5000,0.5000,0.5000,-2.89,8.21,0.153,,1,0,,
108.044,0.5000,0.5000,0.5000,0.5000,-2.91,8.19,0.153,,1,0,,
108.077,0.5000,0.5000,0.5000,0.5000,-2.92,8.19,0.143,,1,0,,
108.107,0.5000,0.5000,0.5000,0.5000,-2.92,8.16,0.144,,1,0,,
108.137,0.5000,0.5000,0.5000,0.5000,-2.93,8.17,0.143,,1,0,,
108.171,0.5000,0.5000,0.5000,0.5000,-2.96,8.15,0.142,,1,0,,
108.203,0.5000,0.5000,0.5000,0.5000,-2.98,8.17,0.161,,1,0,,
108.234,0.5000,0.5000,0.5000,0.5000,-3.03,8.16,0.154,,1,0,,
108.267,0.5000,0.5000,0.5000,0.5000,-3.04,8.08,0.150,,1,0,,
108.300,0.5000,0.5000,0.5000,0.5000,-3.07,7.99,0.147,,1,0,,
108.336,0.5000,0.5000,0.5000,0.5000,-3.10,7.89,0.139,,1,0,,
108.367,0.5000,0.5000,0.5000,0.5000,-3.13,7.75,0.125,,1,0,,
108.393,0.5000,0.5000,0.5000,0.5000,-3.16,7.62,0.118,,1,0,,
108.426,0.5000,0.5000,0.5000,0.5000,-3.19,7.48,0.118,,1,0,,
108.475,0.5000,0.5000,0.5000,0.5000,-3.26,7.35,0.114,,1,0,,
108.507,0.5000,0.5000,0.5000,0.5000,-3.32,7.28,0.109,,1,0,,
108.539,0.5000,0.5000,0.5000,0.5000,-3.37,7.22,0.112,,1,0,,
108.572,0.5000,0.5000,0.5000,0.5000,-3.41,7.13,0.123,,1,0,,
108.603,0.5000,0.5000,0.5000,0.5000,-3.44,7.04,0.129,,1,0,,
108.634,0.5000,0.5000,0.5000,0.5000,-3.44,6.97,0.126,,1,0,,
108.666,0.5000,0.5000,0.5000,0.5000,-3.47,6.89,0.115,,1,0,,
108.698,0.5000,0.5000,0.5000,0.5000,-3.47,6.79,0.130,,1,0,,
108.730,0.5000,0.5000,0.5000,0.5000,-3.48,6.66,0.131,,1,0,,
108.763,0.5000,0.5000,0.5000,0.5000,-3.44,6.56,0.142,,1,0,,
108.795,0.5000,0.5000,0.5000,0.5000,-3.41,6.50,0.158,,1,0,,
108.828,0.5000,0.5000,0.5000,0.5000,-3.41,6.43,0.157,,1,0,,
108.859,0.5000,0.5000,0.5000,0.5000,-3.40,6.37,0.163,,1,0,,
108.889,0.5000,0.5000,0.5000,0.5000,-3.41,6.31,0.148,,1,0,,
108.924,0.5000,0.5000,0.5000,0.5000,-3.43,6.25,0.141,,1,0,,
108.955,0.5000,0.5000,0.5000,0.5000,-3.46,6.19,0.137,,1,0,,
108.986,0.5000,0.5000,0.5000,0.5000,-3.50,6.12,0.131,,1,0,,
109.066,0.5000,0.5000,0.5000,0.5000,-3.54,6.02,0.153,,1,0,,
109.096,0.5000,0.5000,0.5000,0.5000,-3.55,5.98,0.156,,1,0,,
109.126,0.5000,0.5000,0.5000,0.5000,-3.55,5.99,0.162,,1,0,,
109.160,0.5000,0.5000,0.5000,0.5000,-3.54,6.04,0.169,,1,0,,
109.187,0.5000,0.5000,0.5000,0.5000,-3.53,6.12,0.169,,1,0,,
109.214,0.5000,0.5000,0.5000,0.5000,-3.53,6.15,0.149,,1,0,,
109.240,0.5000,0.5000,0.5000,0.5000,-3.52,6.16,0.170,,1,0,,
109.269,0.5000,0.5000,0.5000,0.5000,-3.49,6.18,0.175,,1,0,,
109.296,0.5000,0.5000,0.5000,0.5000,-3.44,6.23,0.178,,1,0,,
109.322,0.5000,0.5000,0.5000,0.5000,-3.40,6.28,0.162,,1,0,,
109.355,0.5000,0.5000,0.5000,0.5000,-3.39,6.29,0.149,,1,0,,
109.389,0.5000,0.5000,0.5000,0.5000,-3.39,6.29,0.146,,1,0,,
109.452,0.5000,0.5000,0.5000,0.5000,-3.39,6.27,0.147,,1,0,,
109.481,0.5000,0.5000,0.5000,0.5000,-3.37,6.29,0.142,,1,0,,
109.515,0.5000,0.5000,0.5000,0.5000,-3.35,6.31,0.144,,1,0,,
109.548,0.5000,0.5000,0.5000,0.5000,-3.30,6.42,0.196,,1,0,,
109.594,0.5000,0.5000,0.5000,0.5000,-3.23,6.65,0.208,,1,0,,
109.625,0.5000,0.5000,0.5000,0.5000,-3.21,6.84,0.224,,1,0,,
109.651,0.5000,0.5000,0.5000,0.5000,-3.20,6.98,0.223,,1,0,,
109.676,0.5000,0.5000,0.5000,0.5000,-3.16,7.13,0.234,,1,0,,
109.704,0.5000,0.5000,0.5000,0.5000,-3.13,7.32,0.236,,1,0,,
109.735,0.5000,0.5000,0.5000,0.5000,-3.09,7.49,0.260,,1,0,,
109.762,0.5000,0.5000,0.5000,0.5000,-3.08,7.64,0.259,,1,0,,
109.786,0.5000,0.5000,0.5000,0.5000,-3.08,7.73,0.268,,1,0,,
109.851,0.5000,0.5000,0.5000,0.5000,-3.09,7.78,0.253,,1,0,,
109.883,0.5000,0.5000,0.5000,0.5000,-3.09,7.79,0.256,,1,0,,
109.915,0.5000,0.5000,0.5000,0.5000,-3.07,7.90,0.252,,1,0,,
109.947,0.5000,0.5000,0.5000,0.5000,-3.03,8.01,0.253,,1,0,,
109.978,0.5000,0.5000,0.5000,0.5000,-2.98,8.07,0.245,,1,0,,
110.011,0.5000,0.5000,0.5000,0.5000,-2.93,8.17,0.252,,1,0,,
110.043,0.5000,0.5000,0.5000,0.5000,-2.90,8.22,0.248,,1,0,,
110.075,0.5000,0.5000,0.5000,0.5000,-2.88,8.21,0.258,,1,0,,
110.105,0.5000,0.5000,0.5000,0.5000,-2.85,8.14,0.244,,1,0,,
110.153,0.5000,0.5000,0.5000,0.5000,-2.87,8.12,0.255,,1,0,,
110.186,0.5000,0.5000,0.5000,0.5000,-2.91,8.01,0.258,,1,0,,
110.211,0.5000,0.5000,0.5000,0.5000,-2.95,7.89,0.259,,1,0,,
110.249,0.5000,0.5000,0.5000,0.5000,-2.99,7.72,0.238,,1,0,,
110.282,0.5000,0.5000,0.5000,0.5000,-3.02,7.61,0.223,,1,0,,
110.316,0.5000,0.5000,0.5000,0.5000,-3.04,7.54,0.213,,1,0,,
110.346,0.5000,0.5000,0.5000,0.5000,-3.08,7.47,0.193,,1,0,,
110.378,0.5000,0.5000,0.5000,0.5000,-3.12,7.38,0.184,,1,0,,
110.410,0.5000,0.5000,0.5000,0.5000,-3.15,7.23,0.188,,1,0,,
110.444,0.5000,0.5000,0.5000,0.5000,-3.18,7.13,0.180,,1,0,,
110.477,0.5000,0.5000,0.5000,0.5000,-3.19,7.02,0.183,,1,0,,
110.506,0.5000,0.5000,0.5000,0.5000,-3.22,6.91,0.181,,1,0,,
110.538,0.5000,0.5000,0.5000,0.5000,-3.24,6.78,0.171,,1,0,,
110.572,0.5000,0.5000,0.5000,0.5000,-3.31,6.68,0.160,,1,0,,
110.604,0.5000,0.5000,0.5000,0.5000,-3.34,6.60,0.158,,1,0,,
110.635,0.5000,0.5000,0.5000,0.5000,-3.39,6.55,0.156,,1,0,,
110.667,0.5000,0.5000,0.5000,0.5000,-3.43,6.47,0.145,,1,0,,
110.701,0.5000,0.5000,0.5000,0.5000,-3.49,6.39,0.152,,1,0,,
110.748,0.5000,0.5000,0.5000,0.5000,-3.59,6.27,0.139,,1,0,,
110.779,0.5000,0.5000,0.5000,0.5000,-3.66,6.18,0.142,,1,0,,
110.811,0.5000,0.5000,0.5000,0.5000,-3.66,6.09,0.134,,1,0,,
110.844,0.5000,0.5000,0.5000,0.5000,-3.66,6.00,0.123,,1,0,,
110.876,0.5000,0.5000,0.5000,0.5000,-3.64,5.94,0.126,,1,0,,
110.907,0.5000,0.5000,0.5000,0.5000,-3.64,5.88,0.122,,1,0,,
110.939,0.5000,0.5000,0.5000,0.5000,-3.66,5.88,0.121,,1,0,,
110.970,0.5000,0.5000,0.5000,0.5000,-3.70,5.83,0.111,,1,0,,
111.001,0.5000,0.5000,0.5000,0.5000,-3.72,5.81,0.115,,1,0,,
111.035,0.5000,0.5000,0.5000,0.5000,-3.74,5.79,0.115,,1,0,,
111.069,0.5000,0.5000,0.5000,0.5000,-3.75,5.78,0.118,,1,0,,
111.100,0.5000,0.5000,0.5000,0.5000,-3.75,5.77,0.124,,1,0,,
111.132,0.5000,0.5000,0.5000,0.5000,-3.77,5.65,0.133,,1,0,,
111.163,0.5000,0.5000,0.5000,0.5000,-3.80,5.51,0.131,,1,0,,
111.195,0.5000,0.5000,0.5000,0.5000,-3.84,5.39,0.137,,1,0,,
111.226,0.5000,0.5000,0.5000,0.5000,-3.87,5.31,0.141,,1,0,,
111.258,0.5000,0.5000,0.5000,0.5000,-3.89,5.18,0.156,,1,0,,
111.307,0.5000,0.5000,0.5000,0.5000,-3.93,5.09,0.155,,1,0,,
111.338,0.5000,0.5000,0.5000,0.5000,-3.93,5.05,0.156,,1,0,,
111.372,0.5000,0.5000,0.5000,0.5000,-3.95,5.04,0.152,,1,0,,
111.402,0.5000,0.5000,0.5000,0.5000,-3.96,4.99,0.146,,1,0,,
111.435,0.5000,0.5000,0.5000,0.5000,-3.98,4.88,0.149,,1,0,,
111.467,0.5000,0.5000,0.5000,0.5000,-3.99,4.83,0.147,,1,0,,
111.499,0.5000,0.5000,0.5000,0.5000,-4.01,4.87,0.140,,1,0,,
111.531,0.5000,0.5000,0.5000,0.5000,-4.03,4.91,0.145,,1,0,,
111.562,0.5000,0.5000,0.5000,0.5000,-4.04,4.90,0.143,,1,0,,
111.597,0.5000,0.5000,0.5000,0.5000,-4.06,4.87,0.155,,1,0,,
111.627,0.5000,0.5000,0.5000,0.5000,-4.08,4.81,0.146,,1,0,,
111.657,0.5000,0.5000,0.5000,0.5000,-4.11,4.76,0.142,,1,0,,
111.691,0.5000,0.5000,0.5000,0.5000,-4.14,4.76,0.148,,1,0,,
111.723,0.5000,0.5000,0.5000,0.5000,-4.15,4.82,0.155,,1,0,,
111.754,0.5000,0.5000,0.5000,0.5000,-4.14,4.97,0.176,,1,0,,
111.785,0.5000,0.5000,0.5000,0.5000,-4.12,5.06,0.179,,1,0,,
111.868,0.5000,0.5000,0.5000,0.5000,-4.13,5.28,0.184,,1,0,,
111.899,0.5000,0.5000,0.5000,0.5000,-4.12,5.38,0.189,,1,0,,
111.926,0.5000,0.5000,0.5000,0.5000,-4.12,5.48,0.191,,1,0,,
111.952,0.5000,0.5000,0.5000,0.5000,-4.09,5.60,0.198,,1,0,,
111.977,0.5000,0.5000,0.5000,0.5000,-4.07,5.70,0.218,,1,0,,
112.002,0.5000,0.5000,0.5000,0.5000,-4.04,5.83,0.227,,1,0,,
112.030,0.5000,0.5000,0.5000,0.5000,-4.01,5.96,0.252,,1,0,,
112.060,0.5000,0.5000,0.5000,0.5000,-3.96,6.09,0.256,,1,0,,
112.090,0.5000,0.5000,0.5000,0.5000,-3.90,6.27,0.266,,1,0,,
112.122,0.5000,0.5000,0.5000,0.5000,-3.87,6.56,0.258,,1,0,,
112.153,0.5000,0.5000,0.5000,0.5000,-3.83,6.79,0.253,,1,0,,
112.187,0.5000,0.5000,0.5000,0.5000,-3.78,6.99,0.241,,1,0,,
112.255,0.5000,0.5000,0.5000,0.5000,-3.67,7.40,0.272,,1,0,,
112.285,0.5000,0.5000,0.5000,0.5000,-3.61,7.64,0.285,,1,0,,
112.314,0.5000,0.5000,0.5000,0.5000,-3.56,7.83,0.301,,1,0,,
112.347,0.5000,0.5000,0.5000,0.5000,-3.50,8.01,0.293,,1,0,,
112.380,0.5000,0.5000,0.5000,0.5000,-3.46,8.14,0.285,,1,0,,
112.409,0.5000,0.5000,0.5000,0.5000,-3.43,8.25,0.294,,1,0,,
112.459,0.5000,0.5000,0.5000,0.5000,-3.36,8.49,0.295,,1,0,,
112.484,0.5000,0.5000,0.5000,0.5000,-3.32,8.60,0.298,,1,0,,
112.511,0.5000,0.5000,0.5000,0.5000,-3.27,8.72,0.294,,1,0,,
112.535,0.5000,0.5000,0.5000,0.5000,-3.24,8.80,0.293,,1,0,,
112.561,0.5000,0.5000,0.5000,0.5000,-3.22,8.87,0.296,,1,0,,
112.587,0.5000,0.5000,0.5000,0.5000,-3.20,8.94,0.295,,1,0,,
112.651,0.5000,0.5000,0.5000,0.5000,-3.18,8.97,0.294,,1,0,,
112.684,0.5000,0.5000,0.5000,0.5000,-3.17,9.01,0.303,,1,0,,
112.716,0.5000,0.5000,0.5000,0.5000,-3.15,9.07,0.305,,1,0,,
112.749,0.5000,0.5000,0.5000,0.5000,-3.13,9.20,0.311,,1,0,,
112.779,0.5000,0.5000,0.5000,0.5000,-3.13,9.22,0.294,,1,0,,
112.811,0.5000,0.5000,0.5000,0.5000,-3.08,9.19,0.297,,1,0,,
112.841,0.5000,0.5000,0.5000,0.5000,-3.04,9.21,0.284,,1,0,,
112.873,0.5000,0.5000,0.5000,0.5000,-2.99,9.30,0.289,,1,0,,
112.907,0.5000,0.5000,0.5000,0.5000,-2.93,9.36,0.288,,1,0,,
112.938,0.5000,0.5000,0.5000,0.5000,-2.90,9.40,0.279,,1,0,,
112.971,0.5000,0.5000,0.5000,0.5000,-2.89,9.43,0.276,,1,0,,
113.018,0.5000,0.5000,0.5000,0.5000,-2.88,9.44,0.274,,1,0,,
113.054,0.5000,0.5000,0.5000,0.5000,-2.90,9.45,0.274,,1,0,,
113.085,0.5000,0.5000,0.5000,0.5000,-2.89,9.46,0.280,,1,0,,
113.118,0.5000,0.5000,0.5000,0.5000,-2.89,9.54,0.291,,1,0,,
113.149,0.5000,0.5000,0.5000,0.5000,-2.88,9.53,0.290,,1,0,,
113.179,0.5000,0.5000,0.5000,0.5000,-2.88,9.50,0.277,,1,0,,
113.213,0.5000,0.5000,0.5000,0.5000,-2.88,9.46,0.260,,1,0,,
113.242,0.5000,0.5000,0.5000,0.5000,-2.88,9.44,0.261,,1,0,,
113.275,0.5000,0.5000,0.5000,0.5000,-2.87,9.45,0.265,,1,0,,
113.305,0.5000,0.5000,0.5000,0.5000,-2.86,9.47,0.267,,1,0,,
113.337,0.5000,0.5000,0.5000,0.5000,-2.85,9.46,0.263,,1,0,,
113.372,0.5000,0.5000,0.5000,0.5000,-2.86,9.41,0.266,,1,0,,
113.403,0.5000,0.5000,0.5000,0.5000,-2.87,9.41,0.272,,1,0,,
113.435,0.5000,0.5000,0.5000,0.5000,-2.84,9.40,0.274,,1,0,,
113.465,0.5000,0.5000,0.5000,0.5000,-2.80,9.44,0.282,,1,0,,
113.498,0.5000,0.5000,0.5000,0.5000,-2.77,9.50,0.281,,1,0,,
113.532,0.5000,0.5000,0.5000,0.5000,-2.75,9.50,0.258,,1,0,,
113.577,0.5000,0.5000,0.5000,0.5000,-2.74,9.39,0.256,,1,0,,
113.610,0.5000,0.5000,0.5000,0.5000,-2.74,9.29,0.249,,1,0,,
113.643,0.5000,0.5000,0.5000,0.5000,-2.74,9.16,0.235,,1,0,,
113.675,0.5000,0.5000,0.5000,0.5000,-2.77,9.03,0.228,,1,0,,
113.706,0.5000,0.5000,0.5000,0.5000,-2.81,8.90,0.224,,1,0,,
113.738,0.5000,0.5000,0.5000,0.5000,-2.85,8.81,0.222,,1,0,,
113.773,0.5000,0.5000,0.5000,0.5000,-2.88,8.69,0.220,,1,0,,
113.802,0.5000,0.5000,0.5000,0.5000,-2.93,8.53,0.199,,1,0,,
113.836,0.5000,0.5000,0.5000,0.5000,-2.99,8.33,0.196,,1,0,,
113.865,0.5000,0.5000,0.5000,0.5000,-3.01,8.23,0.198,,1,0,,
113.899,0.5000,0.5000,0.5000,0.5000,-3.03,8.14,0.193,,1,0,,
113.930,0.5000,0.5000,0.5000,0.5000,-3.06,8.08,0.192,,1,0,,
113.965,0.5000,0.5000,0.5000,0.5000,-3.12,7.92,0.194,,1,0,,
113.995,0.5000,0.5000,0.5000,0.5000,-3.21,7.75,0.171,,1,0,,
114.026,0.5000,0.5000,0.5000,0.5000,-3.29,7.58,0.161,,1,0,,
114.061,0.5000,0.5000,0.5000,0.5000,-3.38,7.44,0.156,,1,0,,
114.090,0.5000,0.5000,0.5000,0.5000,-3.44,7.31,0.158,,1,0,,
114.137,0.5000,0.5000,0.5000,0.5000,-3.52,7.15,0.160,,1,0,,
114.171,0.5000,0.5000,0.5000,0.5000,-3.54,7.07,0.155,,1,0,,
114.203,0.5000,0.5000,0.5000,0.5000,-3.56,6.91,0.173,,1,0,,
114.234,0.5000,0.5000,0.5000,0.5000,-3.57,6.74,0.174,,1,0,,
114.266,0.5000,0.5000,0.5000,0.5000,-3.56,6.62,0.174,,1,0,,
114.298,0.5000,0.5000,0.5000,0.5000,-3.54,6.51,0.177,,1,0,,
114.332,0.5000,0.5000,0.5000,0.5000,-3.53,6.38,0.172,,1,0,,
114.362,0.5000,0.5000,0.5000,0.5000,-3.52,6.30,0.177,,1,0,,
114.397,0.5000,0.5000,0.5000,0.5000,-3.53,6.23,0.167,,1,0,,
114.427,0.5000,0.5000,0.5000,0.5000,-3.54,6.15,0.163,,1,0,,
114.459,0.5000,0.5000,0.5000,0.5000,-3.52,6.11,0.185,,1,0,,
114.491,0.5000,0.5000,0.5000,0.5000,-3.53,6.07,0.174,,1,0,,
114.522,0.5000,0.5000,0.5000,0.5000,-3.52,6.03,0.173,,1,0,,
114.555,0.5000,0.5000,0.5000,0.5000,-3.55,5.92,0.147,,1,0,,
114.587,0.5000,0.5000,0.5000,0.5000,-3.58,5.81,0.144,,1,0,,
114.652,0.5000,0.5000,0.5000,0.5000,-3.67,5.52,0.146,,1,0,,
114.683,0.5000,0.5000,0.5000,0.5000,-3.71,5.46,0.134,,1,0,,
114.731,0.5000,0.5000,0.5000,0.5000,-3.78,5.36,0.137,,1,0,,
114.756,0.5000,0.5000,0.5000,0.5000,-3.81,5.32,0.139,,1,0,,
114.782,0.5000,0.5000,0.5000,0.5000,-3.84,5.24,0.153,,1,0,,
114.806,0.5000,0.5000,0.5000,0.5000,-3.85,5.17,0.159,,1,0,,
114.832,0.5000,0.5000,0.5000,0.5000,-3.85,5.14,0.156,,1,0,,
114.859,0.5000,0.5000,0.5000,0.5000,-3.87,5.10,0.157,,1,0,,
114.892,0.5000,0.5000,0.5000,0.5000,-3.89,5.08,0.164,,1,0,,
114.923,0.5000,0.5000,0.5000,0.5000,-3.93,5.11,0.151,,1,0,,
114.954,0.5000,0.5000,0.5000,0.5000,-3.96,5.09,0.133,,1,0,,
114.986,0.5000,0.5000,0.5000,0.5000,-4.00,5.10,0.131,,1,0,,
115.051,0.5000,0.5000,0.5000,0.5000,-4.07,5.06,0.121,,1,0,,
115.082,0.5000,0.5000,0.5000,0.5000,-4.10,5.01,0.118,,1,0,,
115.114,0.5000,0.5000,0.5000,0.5000,-4.12,4.95,0.117,,1,0,,
115.147,0.5000,0.5000,0.5000,0.5000,-4.07,4.97,0.154,,1,0,,
115.180,0.5000,0.5000,0.5000,0.5000,-4.00,5.04,0.201,,1,0,,
115.211,0.5000,0.5000,0.5000,0.5000,-3.94,5.09,0.209,,1,0,,
115.243,0.5000,0.5000,0.5000,0.5000,-3.88,5.15,0.223,,1,0,,
115.291,0.5000,0.5000,0.5000,0.5000,-3.80,5.32,0.244,,1,0,,
115.322,0.5000,0.5000,0.5000,0.5000,-3.77,5.35,0.223,,1,0,,
115.347,0.5000,0.5000,0.5000,0.5000,-3.74,5.38,0.217,,1,0,,
115.371,0.5000,0.5000,0.5000,0.5000,-3.72,5.39,0.210,,1,0,,
115.397,0.5000,0.5000,0.5000,0.5000,-3.70,5.39,0.205,,1,0,,
115.450,0.5000,0.5000,0.5000,0.5000,-3.64,5.32,0.203,,1,0,,
115.482,0.5000,0.5000,0.5000,0.5000,-3.63,5.28,0.199,,1,0,,
115.517,0.5000,0.5000,0.5000,0.5000,-3.63,5.25,0.191,,1,0,,
115.548,0.5000,0.5000,0.5000,0.5000,-3.59,5.22,0.200,,1,0,,
115.580,0.5000,0.5000,0.5000,0.5000,-3.56,5.25,0.196,,1,0,,
115.611,0.5000,0.5000,0.5000,0.5000,-3.54,5.30,0.195,,1,0,,
115.641,0.5000,0.5000,0.5000,0.5000,-3.52,5.40,0.188,,1,0,,
115.675,0.5000,0.5000,0.5000,0.5000,-3.53,5.43,0.170,,1,0,,
115.705,0.5000,0.5000,0.5000,0.5000,-3.54,5.43,0.160,,1,0,,
115.739,0.5000,0.5000,0.5000,0.5000,-3.54,5.46,0.164,,1,0,,
115.770,0.5000,0.5000,0.5000,0.5000,-3.54,5.50,0.172,,1,0,,
115.803,0.5000,0.5000,0.5000,0.5000,-3.52,5.54,0.177,,1,0,,
115.852,0.5000,0.5000,0.5000,0.5000,-3.50,5.66,0.174,,1,0,,
115.883,0.5000,0.5000,0.5000,0.5000,-3.47,5.71,0.184,,1,0,,
115.916,0.5000,0.5000,0.5000,0.5000,-3.44,5.81,0.189,,1,0,,
115.946,0.5000,0.5000,0.5000,0.5000,-3.44,5.85,0.180,,1,0,,
115.979,0.5000,0.5000,0.5000,0.5000,-3.43,5.87,0.139,,1,0,,
116.010,0.5000,0.5000,0.5000,0.5000,-3.47,5.80,0.119,,1,0,,
116.042,0.5000,0.5000,0.5000,0.5000,-3.50,5.76,0.117,,1,0,,
116.073,0.5000,0.5000,0.5000,0.5000,-3.54,5.74,0.114,,1,0,,
116.105,0.5000,0.5000,0.5000,0.5000,-3.55,5.69,0.123,,1,0,,
116.139,0.5000,0.5000,0.5000,0.5000,-3.55,5.64,0.156,,1,0,,
116.170,0.5000,0.5000,0.5000,0.5000,-3.55,5.56,0.162,,1,0,,
116.202,0.5000,0.5000,0.5000,0.5000,-3.55,5.50,0.167,,1,0,,
116.234,0.5000,0.5000,0.5000,0.5000,-3.53,5.37,0.186,,1,0,,
116.266,0.5000,0.5000,0.5000,0.5000,-3.51,5.33,0.203,,1,0,,
116.298,0.5000,0.5000,0.5000,0.5000,-3.48,5.29,0.193,,1,0,,
116.332,0.5000,0.5000,0.5000,0.5000,-3.43,5.29,0.199,,1,0,,
116.364,0.5000,0.5000,0.5000,0.5000,-3.39,5.30,0.197,,1,0,,
116.410,0.5000,0.5000,0.5000,0.5000,-3.37,5.33,0.191,,1,0,,
116.444,0.5000,0.5000,0.5000,0.5000,-3.38,5.34,0.187,,1,0,,
116.473,0.5000,0.5000,0.5000,0.5000,-3.38,5.38,0.179,,1,0,,
116.508,0.5000,0.5000,0.5000,0.5000,-3.41,5.30,0.177,,1,0,,
116.537,0.5000,0.5000,0.5000,0.5000,-3.42,5.29,0.180,,1,0,,
116.570,0.5000,0.5000,0.5000,0.5000,-3.43,5.34,0.176,,1,0,,
116.603,0.5000,0.5000,0.5000,0.5000,-3.42,5.33,0.170,,1,0,,
116.635,0.5000,0.5000,0.5000,0.5000,-3.42,5.33,0.160,,1,0,,
116.666,0.5000,0.5000,0.5000,0.5000,-3.43,5.35,0.154,,1,0,,
116.699,0.5000,0.5000,0.5000,0.5000,-3.44,5.31,0.153,,1,0,,
116.731,0.5000,0.5000,0.5000,0.5000,-3.49,5.20,0.141,,1,0,,
116.763,0.5000,0.5000,0.5000,0.5000,-3.53,5.13,0.142,,1,0,,
116.794,0.5000,0.5000,0.5000,0.5000,-3.56,5.06,0.146,,1,0,,
116.826,0.5000,0.5000,0.5000,0.5000,-3.58,5.00,0.146,,1,0,,
116.860,0.5000,0.5000,0.5000,0.5000,-3.56,5.00,0.163,,1,0,,
116.891,0.5000,0.5000,0.5000,0.5000,-3.57,5.00,0.161,,1,0,,
116.924,0.5000,0.5000,0.5000,0.5000,-3.61,5.02,0.147,,1,0,,
116.953,0.5000,0.5000,0.5000,0.5000,-3.66,5.03,0.138,,1,0,,
117.003,0.5000,0.5000,0.5000,0.5000,-3.71,5.01,0.139,,1,0,,
117.034,0.5000,0.5000,0.5000,0.5000,-3.75,4.97,0.131,,1,0,,
117.067,0.5000,0.5000,0.5000,0.5000,-3.76,4.96,0.137,,1,0,,
117.099,0.5000,0.5000,0.5000,0.5000,-3.77,4.92,0.134,,1,0,,
117.131,0.5000,0.5000,0.5000,0.5000,-3.76,4.86,0.132,,1,0,,
117.163,0.5000,0.5000,0.5000,0.5000,-3.79,4.79,0.133,,1,0,,
117.196,0.5000,0.5000,0.5000,0.5000,-3.81,4.76,0.132,,1,0,,
117.226,0.5000,0.5000,0.5000,0.5000,-3.83,4.73,0.124,,1,0,,
117.258,0.5000,0.5000,0.5000,0.5000,-3.85,4.71,0.131,,1,0,,
117.290,0.5000,0.5000,0.5000,0.5000,-3.92,4.63,0.122,,1,0,,
117.322,0.5000,0.5000,0.5000,0.5000,-3.99,4.62,0.115,,1,0,,
117.355,0.5000,0.5000,0.5000,0.5000,-4.04,4.63,0.127,,1,0,,
117.390,0.5000,0.5000,0.5000,0.5000,-4.08,4.60,0.128,,1,0,,
117.450,0.5000,0.5000,0.5000,0.5000,-4.14,4.50,0.129,,1,0,,
117.480,0.5000,0.5000,0.5000,0.5000,-4.17,4.47,0.134,,1,0,,
117.515,0.5000,0.5000,0.5000,0.5000,-4.19,4.46,0.136,,1,0,,
117.562,0.5000,0.5000,0.5000,0.5000,-4.20,4.41,0.151,,1,0,,
117.596,0.5000,0.5000,0.5000,0.5000,-4.21,4.36,0.142,,1,0,,
117.622,0.5000,0.5000,0.5000,0.5000,-4.23,4.33,0.139,,1,0,,
117.649,0.5000,0.5000,0.5000,0.5000,-4.24,4.30,0.143,,1,0,,
117.672,0.5000,0.5000,0.5000,0.5000,-4.25,4.28,0.134,,1,0,,
117.697,0.5000,0.5000,0.5000,0.5000,-4.27,4.25,0.134,,1,0,,
117.722,0.5000,0.5000,0.5000,0.5000,-4.29,4.22,0.139,,1,0,,
117.754,0.5000,0.5000,0.5000,0.5000,-4.30,4.10,0.133,,1,0,,
117.787,0.5000,0.5000,0.5000,0.5000,-4.32,3.97,0.132,,1,0,,
117.854,0.5000,0.5000,0.5000,0.5000,-4.34,3.70,0.145,,1,0,,
117.883,0.5000,0.5000,0.5000,0.5000,-4.39,3.56,0.132,,1,0,,
117.915,0.5000,0.5000,0.5000,0.5000,-4.41,3.45,0.133,,1,0,,
117.947,0.5000,0.5000,0.5000,0.5000,-4.43,3.37,0.130,,1,0,,
117.979,0.5000,0.5000,0.5000,0.5000,-4.43,3.28,0.134,,1,0,,
118.010,0.5000,0.5000,0.5000,0.5000,-4.44,3.19,0.128,,1,0,,
118.043,0.5000,0.5000,0.5000,0.5000,-4.44,3.11,0.129,,1,0,,
118.074,0.5000,0.5000,0.5000,0.5000,-4.43,3.09,0.115,,1,0,,
118.121,0.5000,0.5000,0.5000,0.5000,-4.46,3.04,0.110,,1,0,,
118.156,0.5000,0.5000,0.5000,0.5000,-4.47,2.93,0.111,,1,0,,
118.182,0.5000,0.5000,0.5000,0.5000,-4.48,2.85,0.111,,1,0,,
118.207,0.5000,0.5000,0.5000,0.5000,-4.48,2.77,0.102,,1,0,,
118.250,0.5000,0.5000,0.5000,0.5000,-4.51,2.86,0.103,,1,0,,
118.282,0.5000,0.5000,0.5000,0.5000,-4.51,2.77,0.107,,1,0,,
118.314,0.5000,0.5000,0.5000,0.5000,-4.51,2.73,0.115,,1,0,,
118.347,0.5000,0.5000,0.5000,0.5000,-4.53,2.63,0.107,,1,0,,
118.381,0.5000,0.5000,0.5000,0.5000,-4.54,2.58,0.111,,1,0,,
118.412,0.5000,0.5000,0.5000,0.5000,-4.58,2.55,0.128,,1,0,,
118.443,0.5000,0.5000,0.5000,0.5000,-4.63,2.55,0.129,,1,0,,
118.473,0.5000,0.5000,0.5000,0.5000,-4.67,2.57,0.131,,1,0,,
118.506,0.5000,0.5000,0.5000,0.5000,-4.66,2.61,0.131,,1,0,,
118.539,0.5000,0.5000,0.5000,0.5000,-4.66,2.66,0.133,,1,0,,
118.569,0.5000,0.5000,0.5000,0.5000,-4.66,2.63,0.128,,1,0,,
118.602,0.5000,0.5000,0.5000,0.5000,-4.66,2.64,0.138,,1,0,,
118.635,0.5000,0.5000,0.5000,0.5000,-4.67,2.59,0.131,,1,0,,
118.682,0.5000,0.5000,0.5000,0.5000,-4.69,2.61,0.119,,1,0,,
118.716,0.5000,0.5000,0.5000,0.5000,-4.69,2.62,0.149,,1,0,,
118.746,0.5000,0.5000,0.5000,0.5000,-4.70,2.59,0.157,,1,0,,
118.779,0.5000,0.5000,0.5000,0.5000,-4.66,2.69,0.188,,1,0,,
118.811,0.5000,0.5000,0.5000,0.5000,-4.58,2.93,0.205,,1,0,,
118.843,0.5000,0.5000,0.5000,0.5000,-4.55,3.11,0.188,,1,0,,
118.874,0.5000,0.5000,0.5000,0.5000,-4.53,3.31,0.190,,1,0,,
118.907,0.5000,0.5000,0.5000,0.5000,-4.51,3.51,0.187,,1,0,,
118.939,0.5000,0.5000,0.5000,0.5000,-4.48,3.68,0.178,,1,0,,
118.971,0.5000,0.5000,0.5000,0.5000,-4.45,3.79,0.182,,1,0,,
119.003,0.5000,0.5000,0.5000,0.5000,-4.41,3.90,0.184,,1,0,,
119.034,0.5000,0.5000,0.5000,0.5000,-4.40,3.98,0.192,,1,0,,
119.065,0.5000,0.5000,0.5000,0.5000,-4.35,4.05,0.207,,1,0,,
119.099,0.5000,0.5000,0.5000,0.5000,-4.30,4.11,0.214,,1,0,,
119.130,0.5000,0.5000,0.5000,0.5000,-4.27,4.08,0.232,,1,0,,
119.164,0.5000,0.5000,0.5000,0.5000,-4.23,4.06,0.265,,1,0,,
119.197,0.5000,0.5000,0.5000,0.5000,-4.21,4.10,0.266,,1,0,,
119.226,0.5000,0.5000,0.5000,0.5000,-4.18,4.22,0.266,,1,0,,
119.274,0.5000,0.5000,0.5000,0.5000,-4.09,4.20,0.272,,1,0,,
119.306,0.5000,0.5000,0.5000,0.5000,-4.08,4.19,0.269,,1,0,,
119.337,0.5000,0.5000,0.5000,0.5000,-4.10,4.13,0.249,,1,0,,
119.373,0.5000,0.5000,0.5000,0.5000,-4.12,4.06,0.228,,1,0,,
119.403,0.5000,0.5000,0.5000,0.5000,-4.13,4.04,0.206,,1,0,,
119.434,0.5000,0.5000,0.5000,0.5000,-4.12,3.99,0.200,,1,0,,
119.467,0.5000,0.5000,0.5000,0.5000,-4.12,3.85,0.194,,1,0,,
119.498,0.5000,0.5000,0.5000,0.5000,-4.12,3.79,0.195,,1,0,,
119.531,0.5000,0.5000,0.5000,0.5000,-4.11,3.73,0.207,,1,0,,
119.563,0.5000,0.5000,0.5000,0.5000,-4.09,3.69,0.201,,1,0,,
119.595,0.5000,0.5000,0.5000,0.5000,-4.10,3.63,0.203,,1,0,,
119.627,0.5000,0.5000,0.5000,0.5000,-4.10,3.59,0.194,,1,0,,
119.661,0.5000,0.5000,0.5000,0.5000,-4.11,3.51,0.194,,1,0,,
119.690,0.5000,0.5000,0.5000,0.5000,-4.09,3.43,0.190,,1,0,,
119.724,0.5000,0.5000,0.5000,0.5000,-4.10,3.33,0.192,,1,0,,
119.754,0.5000,0.5000,0.5000,0.5000,-4.12,3.22,0.181,,1,0,,
119.786,0.5000,0.5000,0.5000,0.5000,-4.12,3.18,0.191,,1,0,,
119.870,0.5000,0.5000,0.5000,0.5000,-4.20,2.89,0.176,,1,0,,
119.896,0.5000,0.5000,0.5000,0.5000,-4.22,2.79,0.173,,1,0,,
119.921,0.5000,0.5000,0.5000,0.5000,-4.25,2.69,0.170,,1,0,,
119.946,0.5000,0.5000,0.5000,0.5000,-4.28,2.62,0.161,,1,0,,
119.972,0.5000,0.5000,0.5000,0.5000,-4.33,2.54,0.163,,1,0,,
119.999,0.5000,0.5000,0.5000,0.5000,-4.37,2.44,0.158,,1,0,,
120.026,0.5000,0.5000,0.5000,0.5000,-4.39,2.40,0.170,,1,0,,
120.059,0.5000,0.5000,0.5000,0.5000,-4.39,2.35,0.175,,1,0,,
120.090,0.5000,0.5000,0.5000,0.5000,-4.40,2.30,0.179,,1,0,,
120.123,0.5000,0.5000,0.5000,0.5000,-4.41,2.27,0.180,,1,0,,
120.154,0.5000,0.5000,0.5000,0.5000,-4.41,2.18,0.179,,1,0,,
120.186,0.5000,0.5000,0.5000,0.5000,-4.47,2.03,0.171,,1,0,,
120.255,0.5000,0.5000,0.5000,0.5000,-4.53,1.67,0.177,,1,0,,
120.283,0.5000,0.5000,0.5000,0.5000,-4.55,1.49,0.199,,1,0,,
120.314,0.5000,0.5000,0.5000,0.5000,-4.57,1.40,0.197,,1,0,,
120.347,0.5000,0.5000,0.5000,0.5000,-4.58,1.34,0.202,,1,0,,
120.394,0.5000,0.5000,0.5000,0.5000,-4.62,1.31,0.178,,1,0,,
120.430,0.5000,0.5000,0.5000,0.5000,-4.64,1.26,0.186,,1,0,,
120.454,0.5000,0.5000,0.5000,0.5000,-4.65,1.22,0.190,,1,0,,
120.481,0.5000,0.5000,0.5000,0.5000,-4.68,1.15,0.181,,1,0,,
120.504,0.5000,0.5000,0.5000,0.5000,-4.70,1.07,0.168,,1,0,,
120.531,0.5000,0.5000,0.5000,0.5000,-4.73,1.00,0.168,,1,0,,
120.556,0.5000,0.5000,0.5000,0.5000,-4.75,0.95,0.171,,1,0,,
120.587,0.5000,0.5000,0.5000,0.5000,-4.76,0.90,0.171,,1,0,,
120.652,0.5000,0.5000,0.5000,0.5000,-4.85,0.73,0.162,,1,0,,
120.681,0.5000,0.5000,0.5000,0.5000,-4.89,0.61,0.151,,1,0,,
120.714,0.5000,0.5000,0.5000,0.5000,-4.91,0.48,0.146,,1,0,,
120.746,0.5000,0.5000,0.5000,0.5000,-4.94,0.35,0.159,,1,0,,
120.780,0.5000,0.5000,0.5000,0.5000,-5.01,0.17,0.162,,1,0,,
120.810,0.5000,0.5000,0.5000,0.5000,-5.09,-0.03,0.144,,1,0,,
120.842,0.5000,0.5000,0.5000,0.5000,-5.18,-0.20,0.143,,1,0,,
120.874,0.5000,0.5000,0.5000,0.5000,-5.26,-0.38,0.140,,1,0,,
120.906,0.5000,0.5000,0.5000,0.5000,-5.29,-0.57,0.174,,1,0,,
120.938,0.5000,0.5000,0.5000,0.5000,-5.31,-0.55,0.171,,1,0,,
120.986,0.5000,0.5000,0.5000,0.5000,-5.36,-0.64,0.176,,1,0,,
121.010,0.5000,0.5000,0.5000,0.5000,-5.39,-0.69,0.182,,1,0,,
121.050,0.5000,0.5000,0.5000,0.5000,-5.43,-0.81,0.176,,1,0,,
121.082,0.5000,0.5000,0.5000,0.5000,-5.49,-0.90,0.169,,1,0,,
121.113,0.5000,0.5000,0.5000,0.5000,-5.55,-0.97,0.168,,1,0,,
121.147,0.5000,0.5000,0.5000,0.5000,-5.60,-1.05,0.168,,1,0,,
121.178,0.5000,0.5000,0.5000,0.5000,-5.66,-1.09,0.164,,1,0,,
121.210,0.5000,0.5000,0.5000,0.5000,-5.69,-1.10,0.166,,1,0,,
121.243,0.5000,0.5000,0.5000,0.5000,-5.72,-1.13,0.170,,1,0,,
121.274,0.5000,0.5000,0.5000,0.5000,-5.76,-1.21,0.172,,1,0,,
121.305,0.5000,0.5000,0.5000,0.5000,-5.77,-1.29,0.174,,1,0,,
121.338,0.5000,0.5000,0.5000,0.5000,-5.78,-1.36,0.177,,1,0,,
121.371,0.5000,0.5000,0.5000,0.5000,-5.77,-1.47,0.166,,1,0,,
121.403,0.5000,0.5000,0.5000,0.5000,-5.77,-1.56,0.164,,1,0,,
121.433,0.5000,0.5000,0.5000,0.5000,-5.78,-1.67,0.166,,1,0,,
121.466,0.5000,0.5000,0.5000,0.5000,-5.80,-1.80,0.158,,1,0,,
121.499,0.5000,0.5000,0.5000,0.5000,-5.83,-1.92,0.146,,1,0,,
121.545,0.5000,0.5000,0.5000,0.5000,-5.90,-1.99,0.144,,1,0,,
121.580,0.5000,0.5000,0.5000,0.5000,-5.92,-2.01,0.134,,1,0,,
121.610,0.5000,0.5000,0.5000,0.5000,-5.98,-2.03,0.138,,1,0,,
121.641,0.5000,0.5000,0.5000,0.5000,-6.06,-2.13,0.138,,1,0,,
121.674,0.5000,0.5000,0.5000,0.5000,-6.14,-2.22,0.122,,1,0,,
121.706,0.5000,0.5000,0.5000,0.5000,-6.13,-2.38,0.158,,1,0,,
121.739,0.5000,0.5000,0.5000,0.5000,-6.11,-2.48,0.198,,1,0,,
121.770,0.5000,0.5000,0.5000,0.5000,-6.05,-2.62,0.236,,1,0,,
121.802,0.5000,0.5000,0.5000,0.5000,-5.99,-2.71,0.241,,1,0,,
121.834,0.5000,0.5000,0.5000,0.5000,-5.90,-2.79,0.239,,1,0,,
121.866,0.5000,0.5000,0.5000,0.5000,-5.82,-2.93,0.234,,1,0,,
121.897,0.5000,0.5000,0.5000,0.5000,-5.77,-3.08,0.230,,1,0,,
121.932,0.5000,0.5000,0.5000,0.5000,-5.75,-3.07,0.205,,1,0,,
121.963,0.5000,0.5000,0.5000,0.5000,-5.74,-3.20,0.204,,1,0,,
121.994,0.5000,0.5000,0.5000,0.5000,-5.75,-3.38,0.203,,1,0,,
122.027,0.5000,0.5000,0.5000,0.5000,-5.74,-3.59,0.232,,1,0,,
122.059,0.5000,0.5000,0.5000,0.5000,-5.70,-3.58,0.232,,1,0,,
122.106,0.5000,0.5000,0.5000,0.5000,-5.66,-3.56,0.220,,1,0,,
122.137,0.5000,0.5000,0.5000,0.5000,-5.66,-3.52,0.208,,1,0,,
122.170,0.5000,0.5000,0.5000,0.5000,-5.65,-3.51,0.213,,1,0,,
122.202,0.5000,0.5000,0.5000,0.5000,-5.66,-3.52,0.209,,1,0,,
122.235,0.5000,0.5000,0.5000,0.5000,-5.67,-3.45,0.223,,1,0,,
122.267,0.5000,0.5000,0.5000,0.5000,-5.69,-3.44,0.210,,1,0,,
122.298,0.5000,0.5000,0.5000,0.5000,-5.70,-3.52,0.205,,1,0,,
122.329,0.5000,0.5000,0.5000,0.5000,-5.72,-3.64,0.211,,1,0,,
122.363,0.5000,0.5000,0.5000,0.5000,-5.76,-3.74,0.205,,1,0,,
122.396,0.5000,0.5000,0.5000,0.5000,-5.80,-3.82,0.202,,1,0,,
122.427,0.5000,0.5000,0.5000,0.5000,-5.81,-3.95,0.210,,1,0,,
122.457,0.5000,0.5000,0.5000,0.5000,-5.82,-4.08,0.184,,1,0,,
122.490,0.5000,0.5000,0.5000,0.5000,-5.81,-4.15,0.204,,1,0,,
122.523,0.5000,0.5000,0.5000,0.5000,-5.80,-4.03,0.194,,1,0,,
122.553,0.5000,0.5000,0.5000,0.5000,-5.76,-4.04,0.194,,1,0,,
122.586,0.5000,0.5000,0.5000,0.5000,-5.74,-4.08,0.197,,1,0,,
122.673,0.5000,0.5000,0.5000,0.5000,-5.81,-3.92,0.173,,1,0,,
122.699,0.5000,0.5000,0.5000,0.5000,-5.85,-3.88,0.163,,1,0,,
122.725,0.5000,0.5000,0.5000,0.5000,-5.88,-3.85,0.159,,1,0,,
122.751,0.5000,0.5000,0.5000,0.5000,-5.92,-3.88,0.157,,1,0,,
122.776,0.5000,0.5000,0.5000,0.5000,-5.98,-3.93,0.139,,1,0,,
122.802,0.5000,0.5000,0.5000,0.5000,-6.03,-3.95,0.140,,1,0,,
122.829,0.5000,0.5000,0.5000,0.5000,-6.07,-3.97,0.136,,1,0,,
122.857,0.5000,0.5000,0.5000,0.5000,-6.14,-3.96,0.135,,1,0,,
122.890,0.5000,0.5000,0.5000,0.5000,-6.21,-3.96,0.132,,1,0,,
122.922,0.5000,0.5000,0.5000,0.5000,-6.25,-4.00,0.144,,1,0,,
122.954,0.5000,0.5000,0.5000,0.5000,-6.28,-4.02,0.153,,1,0,,
122.988,0.5000,0.5000,0.5000,0.5000,-6.33,-4.02,0.151,,1,0,,
123.051,0.5000,0.5000,0.5000,0.5000,-6.40,-4.04,0.147,,1,0,,
123.081,0.5000,0.5000,0.5000,0.5000,-6.43,-4.07,0.138,,1,0,,
123.113,0.5000,0.5000,0.5000,0.5000,-6.51,-4.07,0.129,,1,0,,
123.146,0.5000,0.5000,0.5000,0.5000,-6.50,-4.13,0.152,,1,0,,
123.179,0.5000,0.5000,0.5000,0.5000,-6.49,-4.05,0.153,,1,0,,
123.210,0.5000,0.5000,0.5000,0.5000,-6.51,-3.98,0.151,,1,0,,
123.259,0.5000,0.5000,0.5000,0.5000,-6.58,-3.97,0.131,,1,0,,
123.283,0.5000,0.5000,0.5000,0.5000,-6.62,-3.97,0.125,,1,0,,
123.310,0.5000,0.5000,0.5000,0.5000,-6.67,-3.98,0.128,,1,0,,
123.335,0.5000,0.5000,0.5000,0.5000,-6.74,-4.00,0.130,,1,0,,
123.362,0.5000,0.5000,0.5000,0.5000,-6.78,-4.07,0.142,,1,0,,
123.387,0.5000,0.5000,0.5000,0.5000,-6.82,-4.12,0.143,,1,0,,
123.455,0.5000,0.5000,0.5000,0.5000,-6.86,-4.16,0.146,,1,0,,
123.483,0.5000,0.5000,0.5000,0.5000,-6.91,-4.11,0.140,,1,0,,
123.515,0.5000,0.5000,0.5000,0.5000,-6.93,-4.09,0.141,,1,0,,
123.546,0.5000,0.5000,0.5000,0.5000,-6.95,-4.06,0.135,,1,0,,
123.578,0.5000,0.5000,0.5000,0.5000,-6.98,-4.03,0.130,,1,0,,
123.610,0.5000,0.5000,0.5000,0.5000,-7.02,-4.01,0.135,,1,0,,
123.641,0.5000,0.5000,0.5000,0.5000,-7.06,-4.00,0.133,,1,0,,
123.673,0.5000,0.5000,0.5000,0.5000,-7.07,-4.06,0.131,,1,0,,
123.706,0.5000,0.5000,0.5000,0.5000,-7.09,-4.11,0.134,,1,0,,
123.739,0.5000,0.5000,0.5000,0.5000,-7.10,-4.08,0.118,,1,0,,
123.770,0.5000,0.5000,0.5000,0.5000,-7.15,-4.14,0.115,,1,0,,
123.818,0.5000,0.5000,0.5000,0.5000,-7.26,-4.23,0.111,,1,0,,
123.850,0.5000,0.5000,0.5000,0.5000,-7.34,-4.28,0.124,,1,0,,
123.882,0.5000,0.5000,0.5000,0.5000,-7.38,-4.30,0.134,,1,0,,
123.915,0.5000,0.5000,0.5000,0.5000,-7.40,-4.40,0.166,,1,0,,
123.946,0.5000,0.5000,0.5000,0.5000,-7.45,-4.47,0.148,,1,0,,
123.979,0.5000,0.5000,0.5000,0.5000,-7.51,-4.62,0.159,,1,0,,
124.012,0.5000,0.5000,0.5000,0.5000,-7.57,-4.62,0.155,,1,0,,
124.042,0.5000,0.5000,0.5000,0.5000,-7.61,-4.57,0.164,,1,0,,
124.075,0.5000,0.5000,0.5000,0.5000,-7.64,-4.56,0.163,,1,0,,
124.107,0.5000,0.5000,0.5000,0.5000,-7.66,-4.57,0.154,,1,0,,
124.139,0.5000,0.5000,0.5000,0.5000,-7.66,-4.58,0.153,,1,0,,
124.169,0.5000,0.5000,0.5000,0.5000,-7.70,-4.60,0.150,,1,0,,
124.200,0.5000,0.5000,0.5000,0.5000,-7.77,-4.61,0.138,,1,0,,
124.235,0.5000,0.5000,0.5000,0.5000,-7.85,-4.62,0.127,,1,0,,
124.265,0.5000,0.5000,0.5000,0.5000,-7.91,-4.62,0.126,,1,0,,
124.300,0.5000,0.5000,0.5000,0.5000,-7.97,-4.71,0.132,,1,0,,
124.330,0.5000,0.5000,0.5000,0.5000,-8.01,-4.75,0.135,,1,0,,
124.378,0.5000,0.5000,0.5000,0.5000,-8.06,-4.92,0.129,,1,0,,
124.413,0.5000,0.5000,0.5000,0.5000,-8.11,-5.09,0.131,,1,0,,
124.441,0.5000,0.5000,0.5000,0.5000,-8.16,-5.19,0.136,,1,0,,
124.475,0.5000,0.5000,0.5000,0.5000,-8.19,-5.28,0.138,,1,0,,
124.505,0.5000,0.5000,0.5000,0.5000,-8.21,-5.31,0.142,,1,0,,
124.538,0.5000,0.5000,0.5000,0.5000,-8.21,-5.34,0.142,,1,0,,
124.571,0.5000,0.5000,0.5000,0.5000,-8.16,-5.37,0.159,,1,0,,
124.601,0.5000,0.5000,0.5000,0.5000,-8.13,-5.35,0.157,,1,0,,
124.634,0.5000,0.5000,0.5000,0.5000,-8.08,-5.31,0.159,,1,0,,
124.666,0.5000,0.5000,0.5000,0.5000,-8.06,-5.16,0.156,,1,0,,
124.702,0.5000,0.5000,0.5000,0.5000,-8.06,-5.12,0.149,,1,0,,
124.730,0.5000,0.5000,0.5000,0.5000,-8.05,-5.09,0.153,,1,0,,
124.762,0.5000,0.5000,0.5000,0.5000,-8.03,-5.06,0.163,,1,0,,
124.796,0.5000,0.5000,0.5000,0.5000,-8.00,-5.00,0.170,,1,0,,
124.826,0.5000,0.5000,0.5000,0.5000,-7.99,-4.84,0.169,,1,0,,
124.858,0.5000,0.5000,0.5000,0.5000,-7.97,-4.82,0.166,,1,0,,
124.890,0.5000,0.5000,0.5000,0.5000,-7.94,-4.77,0.170,,1,0,,
124.940,0.5000,0.5000,0.5000,0.5000,-7.94,-4.75,0.154,,1,0,,
124.972,0.5000,0.5000,0.5000,0.5000,-7.93,-4.73,0.151,,1,0,,
125.002,0.5000,0.5000,0.5000,0.5000,-7.90,-4.74,0.159,,1,0,,
125.034,0.5000,0.5000,0.5000,0.5000,-7.85,-4.74,0.146,,1,0,,
125.066,0.5000,0.5000,0.5000,0.5000,-7.85,-4.75,0.135,,1,0,,
125.097,0.5000,0.5000,0.5000,0.5000,-7.84,-4.75,0.151,,1,0,,
125.129,0.5000,0.5000,0.5000,0.5000,-7.82,-4.79,0.159,,1,0,,
125.162,0.5000,0.5000,0.5000,0.5000,-7.79,-4.84,0.161,,1,0,,
125.194,0.5000,0.5000,0.5000,0.5000,-7.75,-4.90,0.189,,1,0,,
125.227,0.5000,0.5000,0.5000,0.5000,-7.67,-4.96,0.224,,1,0,,
125.259,0.5000,0.5000,0.5000,0.5000,-7.58,-4.87,0.222,,1,0,,
125.292,0.5000,0.5000,0.5000,0.5000,-7.49,-4.82,0.251,,1,0,,
125.325,0.5000,0.5000,0.5000,0.5000,-7.39,-4.83,0.254,,1,0,,
125.355,0.5000,0.5000,0.5000,0.5000,-7.32,-4.94,0.251,,1,0,,
125.386,0.5000,0.5000,0.5000,0.5000,-7.27,-4.92,0.240,,1,0,,
125.451,0.5000,0.5000,0.5000,0.5000,-7.18,-4.73,0.245,,1,0,,
125.482,0.5000,0.5000,0.5000,0.5000,-7.13,-4.64,0.242,,1,0,,
125.530,0.5000,0.5000,0.5000,0.5000,-7.07,-4.65,0.229,,1,0,,
125.562,0.5000,0.5000,0.5000,0.5000,-7.01,-4.64,0.231,,1,0,,
125.587,0.5000,0.5000,0.5000,0.5000,-6.96,-4.62,0.231,,1,0,,
125.613,0.5000,0.5000,0.5000,0.5000,-6.90,-4.58,0.243,,1,0,,
125.638,0.5000,0.5000,0.5000,0.5000,-6.86,-4.60,0.260,,1,0,,
125.665,0.5000,0.5000,0.5000,0.5000,-6.81,-4.64,0.264,,1,0,,
125.692,0.5000,0.5000,0.5000,0.5000,-6.77,-4.68,0.267,,1,0,,
125.723,0.5000,0.5000,0.5000,0.5000,-6.71,-4.67,0.281,,1,0,,
125.754,0.5000,0.5000,0.5000,0.5000,-6.66,-4.51,0.276,,1,0,,
125.786,0.5000,0.5000,0.5000,0.5000,-6.59,-4.36,0.269,,1,0,,
125.856,0.5000,0.5000,0.5000,0.5000,-6.52,-4.31,0.282,,1,0,,
125.883,0.5000,0.5000,0.5000,0.5000,-6.48,-4.28,0.286,,1,0,,
125.915,0.5000,0.5000,0.5000,0.5000,-6.44,-4.23,0.290,,1,0,,
125.947,0.5000,0.5000,0.5000,0.5000,-6.41,-4.16,0.280,,1,0,,
125.978,0.5000,0.5000,0.5000,0.5000,-6.38,-4.13,0.267,,1,0,,
126.011,0.5000,0.5000,0.5000,0.5000,-6.38,-3.96,0.242,,1,0,,
126.042,0.5000,0.5000,0.5000,0.5000,-6.37,-3.80,0.252,,1,0,,
126.090,0.5000,0.5000,0.5000,0.5000,-6.35,-3.51,0.256,,1,0,,
126.122,0.5000,0.5000,0.5000,0.5000,-6.30,-3.39,0.265,,1,0,,
126.149,0.5000,0.5000,0.5000,0.5000,-6.25,-3.29,0.269,,1,0,,
126.172,0.5000,0.5000,0.5000,0.5000,-6.21,-3.20,0.264,,1,0,,
126.198,0.5000,0.5000,0.5000,0.5000,-6.19,-3.20,0.244,,1,0,,
126.250,0.5000,0.5000,0.5000,0.5000,-6.14,-2.96,0.251,,1,0,,
126.282,0.5000,0.5000,0.5000,0.5000,-6.14,-2.96,0.245,,1,0,,
126.318,0.5000,0.5000,0.5000,0.5000,-6.14,-2.90,0.240,,1,0,,
126.347,0.5000,0.5000,0.5000,0.5000,-6.12,-2.82,0.250,,1,0,,
126.378,0.5000,0.5000,0.5000,0.5000,-6.10,-2.73,0.243,,1,0,,
126.411,0.5000,0.5000,0.5000,0.5000,-6.09,-2.67,0.232,,1,0,,
126.442,0.5000,0.5000,0.5000,0.5000,-6.11,-2.64,0.231,,1,0,,
126.475,0.5000,0.5000,0.5000,0.5000,-6.10,-2.61,0.235,,1,0,,
126.506,0.5000,0.5000,0.5000,0.5000,-6.06,-2.59,0.239,,1,0,,
126.538,0.5000,0.5000,0.5000,0.5000,-6.02,-2.51,0.242,,1,0,,
126.570,0.5000,0.5000,0.5000,0.5000,-5.98,-2.48,0.239,,1,0,,
126.603,0.5000,0.5000,0.5000,0.5000,-5.97,-2.50,0.240,,1,0,,
126.652,0.5000,0.5000,0.5000,0.5000,-5.98,-2.55,0.236,,1,0,,
126.683,0.5000,0.5000,0.5000,0.5000,-6.00,-2.53,0.243,,1,0,,
126.714,0.5000,0.5000,0.5000,0.5000,-5.99,-2.55,0.242,,1,0,,
126.746,0.5000,0.5000,0.5000,0.5000,-6.01,-2.58,0.253,,1,0,,
126.780,0.5000,0.5000,0.5000,0.5000,-6.04,-2.65,0.242,,1,0,,
126.810,0.5000,0.5000,0.5000,0.5000,-6.09,-2.73,0.227,,1,0,,
126.844,0.5000,0.5000,0.5000,0.5000,-6.14,-2.75,0.240,,1,0,,
126.875,0.5000,0.5000,0.5000,0.5000,-6.17,-2.77,0.239,,1,0,,
126.906,0.5000,0.5000,0.5000,0.5000,-6.16,-2.78,0.244,,1,0,,
126.938,0.5000,0.5000,0.5000,0.5000,-6.16,-2.81,0.231,,1,0,,
126.970,0.5000,0.5000,0.5000,0.5000,-6.14,-2.79,0.235,,1,0,,
127.001,0.5000,0.5000,0.5000,0.5000,-6.09,-2.74,0.246,,1,0,,
127.034,0.5000,0.5000,0.5000,0.5000,-6.01,-2.55,0.222,,1,0,,
127.068,0.5000,0.5000,0.5000,0.5000,-6.00,-2.43,0.197,,1,0,,
127.098,0.5000,0.5000,0.5000,0.5000,-6.03,-2.26,0.157,,1,0,,
127.130,0.5000,0.5000,0.5000,0.5000,-6.02,-1.88,0.173,,1,0,,
127.163,0.5000,0.5000,0.5000,0.5000,-6.00,-1.51,0.196,,1,0,,
127.210,0.5000,0.5000,0.5000,0.5000,-5.94,-0.11,0.254,,1,0,,
127.244,0.5000,0.5000,0.5000,0.5000,-5.93,0.80,0.214,,1,0,,
127.275,0.5000,0.5000,0.5000,0.5000,-5.85,1.59,0.226,,1,0,,
127.306,0.5000,0.5000,0.5000,0.5000,-5.81,2.37,0.243,,1,0,,
127.338,0.5000,0.5000,0.5000,0.5000,-5.79,3.29,0.201,,1,0,,
127.369,0.5000,0.5000,0.5000,0.5000,-5.75,4.16,0.219,,1,0,,
127.401,0.5000,0.5000,0.5000,0.5000,-5.68,4.94,0.226,,1,0,,
127.433,0.5000,0.5000,0.5000,0.5000,-5.63,5.59,0.189,,1,0,,
127.466,0.5000,0.5000,0.5000,0.5000,-5.58,6.28,0.203,,1,0,,
127.498,0.5000,0.5000,0.5000,0.5000,-5.51,6.89,0.191,,1,0,,
127.530,0.5000,0.5000,0.5000,0.5000,-5.43,7.27,0.142,,1,0,,
127.563,0.5000,0.5000,0.5000,0.5000,-5.37,7.58,0.122,,1,0,,
127.595,0.5000,0.5000,0.5000,0.5000,-5.29,7.83,0.122,,1,0,,
127.627,0.5000,0.5000,0.5000,0.5000,-5.20,7.89,0.134,,1,0,,
127.658,0.5000,0.5000,0.5000,0.5000,-5.09,7.99,0.174,,1,0,,
127.691,0.5000,0.5000,0.5000,0.5000,-4.94,8.00,0.194,,1,0,,
127.722,0.5000,0.5000,0.5000,0.5000,-4.79,8.06,0.196,,1,0,,
127.753,0.5000,0.5000,0.5000,0.5000,-4.63,8.14,0.192,,1,0,,
127.803,0.5000,0.5000,0.5000,0.5000,-4.44,8.03,0.172,,1,0,,
127.835,0.5000,0.5000,0.5000,0.5000,-4.33,7.89,0.167,,1,0,,
127.866,0.5000,0.5000,0.5000,0.5000,-4.23,7.75,0.189,,1,0,,
127.898,0.5000,0.5000,0.5000,0.5000,-4.10,7.65,0.216,,1,0,,
127.930,0.5000,0.5000,0.5000,0.5000,-3.98,7.60,0.222,,1,0,,
127.962,0.5000,0.5000,0.5000,0.5000,-3.87,7.71,0.235,,1,0,,
127.995,0.5000,0.5000,0.5000,0.5000,-3.76,7.74,0.228,,1,0,,
128.027,0.5000,0.5000,0.5000,0.5000,-3.68,7.59,0.217,,1,0,,
128.062,0.5000,0.5000,0.5000,0.5000,-3.60,7.44,0.228,,1,0,,
128.090,0.5000,0.5000,0.5000,0.5000,-3.53,7.28,0.215,,1,0,,
128.123,0.5000,0.5000,0.5000,0.5000,-3.50,7.15,0.200,,1,0,,
128.155,0.5000,0.5000,0.5000,0.5000,-3.47,6.93,0.202,,1,0,,
128.185,0.5000,0.5000,0.5000,0.5000,-3.45,6.77,0.192,,1,0,,
128.256,0.5000,0.5000,0.5000,0.5000,-3.40,6.60,0.190,,1,0,,
128.282,0.5000,0.5000,0.5000,0.5000,-3.34,6.55,0.184,,1,0,,
128.316,0.5000,0.5000,0.5000,0.5000,-3.28,6.67,0.185,,1,0,,
128.362,0.5000,0.5000,0.5000,0.5000,-3.20,6.89,0.187,,1,0,,
128.394,0.5000,0.5000,0.5000,0.5000,-3.17,6.91,0.163,,1,0,,
128.420,0.5000,0.5000,0.5000,0.5000,-3.16,6.90,0.156,,1,0,,
128.446,0.5000,0.5000,0.5000,0.5000,-3.16,6.89,0.155,,1,0,,
128.470,0.5000,0.5000,0.5000,0.5000,-3.14,6.85,0.153,,1,0,,
128.496,0.5000,0.5000,0.5000,0.5000,-3.12,6.84,0.154,,1,0,,
128.524,0.5000,0.5000,0.5000,0.5000,-3.10,6.77,0.154,,1,0,,
128.555,0.5000,0.5000,0.5000,0.5000,-3.06,6.71,0.155,,1,0,,
128.587,0.5000,0.5000,0.5000,0.5000,-3.05,6.62,0.152,,1,0,,
128.655,0.5000,0.5000,0.5000,0.5000,-3.05,6.46,0.151,,1,0,,
128.683,0.5000,0.5000,0.5000,0.5000,-3.04,6.42,0.156,,1,0,,
128.714,0.5000,0.5000,0.5000,0.5000,-3.05,6.39,0.143,,1,0,,
128.750,0.5000,0.5000,0.5000,0.5000,-3.07,6.36,0.147,,1,0,,
128.779,0.5000,0.5000,0.5000,0.5000,-3.08,6.33,0.148,,1,0,,
128.810,0.5000,0.5000,0.5000,0.5000,-3.10,6.29,0.132,,1,0,,
128.842,0.5000,0.5000,0.5000,0.5000,-3.13,6.19,0.136,,1,0,,
128.874,0.5000,0.5000,0.5000,0.5000,-3.12,6.19,0.141,,1,0,,
128.924,0.5000,0.5000,0.5000,0.5000,-3.14,6.09,0.144,,1,0,,
128.955,0.5000,0.5000,0.5000,0.5000,-3.15,6.00,0.146,,1,0,,
128.981,0.5000,0.5000,0.5000,0.5000,-3.17,5.91,0.144,,1,0,,
129.006,0.5000,0.5000,0.5000,0.5000,-3.18,5.88,0.156,,1,0,,
129.054,0.5000,0.5000,0.5000,0.5000,-3.19,5.80,0.152,,1,0,,
129.082,0.5000,0.5000,0.5000,0.5000,-3.19,5.74,0.144,,1,0,,
129.114,0.5000,0.5000,0.5000,0.5000,-3.19,5.71,0.138,,1,0,,
129.147,0.5000,0.5000,0.5000,0.5000,-3.22,5.63,0.130,,1,0,,
129.178,0.5000,0.5000,0.5000,0.5000,-3.25,5.55,0.109,,1,0,,
129.212,0.5000,0.5000,0.5000,0.5000,-3.28,5.50,0.122,,1,0,,
129.244,0.5000,0.5000,0.5000,0.5000,-3.29,5.48,0.127,,1,0,,
129.276,0.5000,0.5000,0.5000,0.5000,-3.31,5.46,0.124,,1,0,,
129.308,0.5000,0.5000,0.5000,0.5000,-3.31,5.46,0.128,,1,0,,
129.340,0.5000,0.5000,0.5000,0.5000,-3.33,5.44,0.118,,1,0,,
129.369,0.5000,0.5000,0.5000,0.5000,-3.33,5.47,0.102,,1,0,,
129.402,0.5000,0.5000,0.5000,0.5000,-3.32,5.52,0.116,,1,0,,
129.435,0.5000,0.5000,0.5000,0.5000,-3.32,5.51,0.129,,1,0,,
129.466,0.5000,0.5000,0.5000,0.5000,-3.34,5.53,0.130,,1,0,,
129.514,0.5000,0.5000,0.5000,0.5000,-3.34,5.49,0.104,,1,0,,
129.547,0.5000,0.5000,0.5000,0.5000,-3.28,5.52,0.113,,1,0,,
129.578,0.5000,0.5000,0.5000,0.5000,-3.25,5.57,0.103,,1,0,,
129.610,0.5000,0.5000,0.5000,0.5000,-3.22,5.57,0.099,,1,0,,
129.644,0.5000,0.5000,0.5000,0.5000,-3.21,5.61,0.065,,1,0,,
129.674,0.5000,0.5000,0.5000,0.5000,-3.22,5.61,0.040,,1,0,,
129.706,0.5000,0.5000,0.5000,0.5000,-3.20,5.63,0.035,,1,0,,
129.738,0.5000,0.5000,0.5000,0.5000,-3.17,5.60,0.049,,1,0,,
129.770,0.5000,0.5000,0.5000,0.5000,-3.12,5.63,0.061,,1,0,,
129.801,0.5000,0.5000,0.5000,0.5000,-3.07,5.67,0.068,,1,0,,
129.836,0.5000,0.5000,0.5000,0.5000,-3.02,5.74,0.067,,1,0,,
129.866,0.5000,0.5000,0.5000,0.5000,-2.97,5.88,0.094,,1,0,,
129.898,0.5000,0.5000,0.5000,0.5000,-2.92,6.04,0.084,,1,0,,
129.930,0.5000,0.5000,0.5000,0.5000,-2.87,6.32,0.098,,1,0,,
129.962,0.5000,0.5000,0.5000,0.5000,-2.81,6.57,0.107,,1,0,,
129.994,0.5000,0.5000,0.5000,0.5000,-2.74,6.83,0.112,,1,0,,
130.026,0.5000,0.5000,0.5000,0.5000,-2.68,6.91,0.118,,1,0,,
130.074,0.5000,0.5000,0.5000,0.5000,-2.62,7.04,0.108,,1,0,,
130.106,0.5000,0.5000,0.5000,0.5000,-2.60,7.09,0.097,,1,0,,
130.138,0.5000,0.5000,0.5000,0.5000,-2.62,7.09,0.091,,1,0,,
130.169,0.5000,0.5000,0.5000,0.5000,-2.64,7.17,0.096,,1,0,,
130.201,0.5000,0.5000,0.5000,0.5000,-2.63,7.25,0.098,,1,0,,
130.233,0.5000,0.5000,0.5000,0.5000,-2.62,7.33,0.100,,1,0,,
130.266,0.5000,0.5000,0.5000,0.5000,-2.60,7.42,0.095,,1,0,,
130.300,0.5000,0.5000,0.5000,0.5000,-2.61,7.53,0.091,,1,0,,
130.330,0.5000,0.5000,0.5000,0.5000,-2.58,7.64,0.090,,1,0,,
130.361,0.5000,0.5000,0.5000,0.5000,-2.54,7.75,0.091,,1,0,,
130.393,0.5000,0.5000,0.5000,0.5000,-2.49,7.87,0.095,,1,0,,
130.427,0.5000,0.5000,0.5000,0.5000,-2.43,8.05,0.079,,1,0,,
130.459,0.5000,0.5000,0.5000,0.5000,-2.39,8.23,0.075,,1,0,,
130.489,0.5000,0.5000,0.5000,0.5000,-2.39,8.31,0.078,,1,0,,
130.522,0.5000,0.5000,0.5000,0.5000,-2.38,8.37,0.084,,1,0,,
130.554,0.5000,0.5000,0.5000,0.5000,-2.36,8.46,0.080,,1,0,,
130.586,0.5000,0.5000,0.5000,0.5000,-2.35,8.53,0.077,,1,0,,
130.670,0.5000,0.5000,0.5000,0.5000,-2.38,8.63,0.080,,1,0,,
130.695,0.5000,0.5000,0.5000,0.5000,-2.39,8.66,0.082,,1,0,,
130.722,0.5000,0.5000,0.5000,0.5000,-2.40,8.69,0.079,,1,0,,
130.747,0.5000,0.5000,0.5000,0.5000,-2.41,8.71,0.076,,1,0,,
130.775,0.5000,0.5000,0.5000,0.5000,-2.42,8.66,0.076,,1,0,,
130.800,0.5000,0.5000,0.5000,0.5000,-2.42,8.62,0.085,,1,0,,
130.827,0.5000,0.5000,0.5000,0.5000,-2.41,8.62,0.085,,1,0,,
130.859,0.5000,0.5000,0.5000,0.5000,-2.40,8.61,0.081,,1,0,,
130.891,0.5000,0.5000,0.5000,0.5000,-2.37,8.60,0.075,,1,0,,
130.923,0.5000,0.5000,0.5000,0.5000,-2.34,8.57,0.071,,1,0,,
130.955,0.5000,0.5000,0.5000,0.5000,-2.32,8.57,0.071,,1,0,,
130.986,0.5000,0.5000,0.5000,0.5000,-2.28,8.60,0.079,,1,0,,
131.060,0.5000,0.5000,0.5000,0.5000,-2.26,8.66,0.073,,1,0,,
131.084,0.5000,0.5000,0.5000,0.5000,-2.23,8.72,0.080,,1,0,,
131.113,0.5000,0.5000,0.5000,0.5000,-2.21,8.85,0.077,,1,0,,
131.147,0.5000,0.5000,0.5000,0.5000,-2.19,8.92,0.079,,1,0,,
131.195,0.5000,0.5000,0.5000,0.5000,-2.15,9.05,0.086,,1,0,,
131.226,0.5000,0.5000,0.5000,0.5000,-2.15,9.07,0.097,,1,0,,
131.254,0.5000,0.5000,0.5000,0.5000,-2.14,9.08,0.098,,1,0,,
131.278,0.5000,0.5000,0.5000,0.5000,-2.13,9.11,0.107,,1,0,,
131.303,0.5000,0.5000,0.5000,0.5000,-2.13,9.12,0.103,,1,0,,
131.328,0.5000,0.5000,0.5000,0.5000,-2.12,9.13,0.102,,1,0,,
131.356,0.5000,0.5000,0.5000,0.5000,-2.14,9.13,0.101,,1,0,,
131.386,0.5000,0.5000,0.5000,0.5000,-2.15,9.21,0.096,,1,0,,
131.449,0.5000,0.5000,0.5000,0.5000,-2.21,9.30,0.105,,1,0,,
131.481,0.5000,0.5000,0.5000,0.5000,-2.27,9.29,0.103,,1,0,,
131.515,0.5000,0.5000,0.5000,0.5000,-2.33,9.31,0.099,,1,0,,
131.547,0.5000,0.5000,0.5000,0.5000,-2.37,9.31,0.100,,1,0,,
131.579,0.5000,0.5000,0.5000,0.5000,-2.38,9.34,0.107,,1,0,,
131.611,0.5000,0.5000,0.5000,0.5000,-2.40,9.37,0.110,,1,0,,
131.643,0.5000,0.5000,0.5000,0.5000,-2.42,9.41,0.111,,1,0,,
131.677,0.5000,0.5000,0.5000,0.5000,-2.45,9.44,0.106,,1,0,,
131.716,0.5000,0.5000,0.5000,0.5000,-2.46,9.52,0.110,,1,0,,
131.741,0.5000,0.5000,0.5000,0.5000,-2.47,9.59,0.117,,1,0,,
131.787,0.5000,0.5000,0.5000,0.5000,-2.45,9.70,0.113,,1,0,,
131.818,0.5000,0.5000,0.5000,0.5000,-2.43,9.74,0.088,,1,0,,
131.850,0.5000,0.5000,0.5000,0.5000,-2.35,9.79,0.086,,1,0,,
131.883,0.5000,0.5000,0.5000,0.5000,-2.29,9.84,0.078,,1,0,,
131.915,0.5000,0.5000,0.5000,0.5000,-2.25,9.87,0.086,,1,0,,
131.947,0.5000,0.5000,0.5000,0.5000,-2.20,9.84,0.087,,1,0,,
131.978,0.5000,0.5000,0.5000,0.5000,-2.14,9.82,0.080,,1,0,,
132.011,0.5000,0.5000,0.5000,0.5000,-2.11,9.83,0.085,,1,0,,
132.044,0.5000,0.5000,0.5000,0.5000,-2.07,10.01,0.082,,1,0,,
132.075,0.5000,0.5000,0.5000,0.5000,-2.06,10.14,0.084,,1,0,,
132.106,0.5000,0.5000,0.5000,0.5000,-2.05,10.22,0.087,,1,0,,
132.138,0.5000,0.5000,0.5000,0.5000,-2.04,10.27,0.090,,1,0,,
132.171,0.5000,0.5000,0.5000,0.5000,-2.04,10.30,0.088,,1,0,,
132.202,0.5000,0.5000,0.5000,0.5000,-2.02,10.32,0.090,,1,0,,
132.233,0.5000,0.5000,0.5000,0.5000,-2.00,10.35,0.089,,1,0,,
132.267,0.5000,0.5000,0.5000,0.5000,-1.98,10.39,0.089,,1,0,,
132.298,0.5000,0.5000,0.5000,0.5000,-1.98,10.44,0.086,,1,0,,
132.345,0.5000,0.5000,0.5000,0.5000,-1.98,10.53,0.091,,1,0,,
132.378,0.5000,0.5000,0.5000,0.5000,-1.99,10.59,0.091,,1,0,,
132.410,0.5000,0.5000,0.5000,0.5000,-1.99,10.61,0.087,,1,0,,
132.443,0.5000,0.5000,0.5000,0.5000,-1.98,10.62,0.085,,1,0,,
132.474,0.5000,0.5000,0.5000,0.5000,-1.95,10.67,0.088,,1,0,,
132.506,0.5000,0.5000,0.5000,0.5000,-1.91,10.72,0.087,,1,0,,
132.539,0.5000,0.5000,0.5000,0.5000,-1.89,10.75,0.078,,1,0,,
132.568,0.5000,0.5000,0.5000,0.5000,-1.78,10.79,0.064,,1,0,,
132.602,0.5000,0.5000,0.5000,0.5000,-1.71,10.80,0.066,,1,0,,
132.633,0.5000,0.5000,0.5000,0.5000,-1.64,10.83,0.072,,1,0,,
132.668,0.5000,0.5000,0.5000,0.5000,-1.57,10.91,0.100,,1,0,,
132.699,0.5000,0.5000,0.5000,0.5000,-1.51,11.03,0.131,,1,0,,
132.730,0.5000,0.5000,0.5000,0.5000,-1.46,11.16,0.132,,1,0,,
132.763,0.5000,0.5000,0.5000,0.5000,-1.42,11.28,0.132,,1,0,,
132.795,0.5000,0.5000,0.5000,0.5000,-1.39,11.38,0.125,,1,0,,
132.826,0.5000,0.5000,0.5000,0.5000,-1.36,11.49,0.120,,1,0,,
132.860,0.5000,0.5000,0.5000,0.5000,-1.32,11.59,0.119,,1,0,,
132.905,0.5000,0.5000,0.5000,0.5000,-1.27,11.74,0.122,,1,0,,
132.938,0.5000,0.5000,0.5000,0.5000,-1.23,11.80,0.115,,1,0,,
132.970,0.5000,0.5000,0.5000,0.5000,-1.18,11.85,0.115,,1,0,,
133.002,0.5000,0.5000,0.5000,0.5000,-1.14,11.87,0.117,,1,0,,
133.033,0.5000,0.5000,0.5000,0.5000,-1.11,11.89,0.122,,1,0,,
133.065,0.5000,0.5000,0.5000,0.5000,-1.08,11.91,0.116,,1,0,,
133.097,0.5000,0.5000,0.5000,0.5000,-1.06,11.91,0.127,,1,0,,
133.130,0.5000,0.5000,0.5000,0.5000,-1.04,11.92,0.125,,1,0,,
133.163,0.5000,0.5000,0.5000,0.5000,-1.02,11.99,0.129,,1,0,,
133.194,0.5000,0.5000,0.5000,0.5000,-1.00,12.03,0.122,,1,0,,
133.226,0.5000,0.5000,0.5000,0.5000,-0.98,12.09,0.127,,1,0,,
133.259,0.5000,0.5000,0.5000,0.5000,-0.97,12.14,0.119,,1,0,,
133.291,0.5000,0.5000,0.5000,0.5000,-0.97,12.14,0.114,,1,0,,
133.322,0.5000,0.5000,0.5000,0.5000,-0.99,12.13,0.111,,1,0,,
133.355,0.5000,0.5000,0.5000,0.5000,-1.01,12.10,0.107,,1,0,,
133.385,0.5000,0.5000,0.5000,0.5000,-1.03,12.06,0.106,,1,0,,
133.470,0.5000,0.5000,0.5000,0.5000,-1.03,11.91,0.107,,1,0,,
133.498,0.5000,0.5000,0.5000,0.5000,-1.04,11.80,0.108,,1,0,,
133.525,0.5000,0.5000,0.5000,0.5000,-1.06,11.67,0.107,,1,0,,
133.551,0.5000,0.5000,0.5000,0.5000,-1.09,11.57,0.108,,1,0,,
133.577,0.5000,0.5000,0.5000,0.5000,-1.11,11.48,0.111,,1,0,,
133.602,0.5000,0.5000,0.5000,0.5000,-1.13,11.42,0.108,,1,0,,
133.630,0.5000,0.5000,0.5000,0.5000,-1.14,11.36,0.100,,1,0,,
133.660,0.5000,0.5000,0.5000,0.5000,-1.15,11.32,0.088,,1,0,,
133.690,0.5000,0.5000,0.5000,0.5000,-1.16,11.29,0.093,,1,0,,
133.722,0.5000,0.5000,0.5000,0.5000,-1.17,11.28,0.090,,1,0,,
133.756,0.5000,0.5000,0.5000,0.5000,-1.18,11.29,0.097,,1,0,,
133.785,0.5000,0.5000,0.5000,0.5000,-1.15,11.32,0.099,,1,0,,
133.852,0.5000,0.5000,0.5000,0.5000,-1.04,11.45,0.112,,1,0,,
133.883,0.5000,0.5000,0.5000,0.5000,-1.00,11.45,0.108,,1,0,,
133.914,0.5000,0.5000,0.5000,0.5000,-0.98,11.45,0.104,,1,0,,
133.946,0.5000,0.5000,0.5000,0.5000,-0.95,11.50,0.115,,1,0,,
133.977,0.5000,0.5000,0.5000,0.5000,-0.94,11.52,0.100,,1,0,,
134.012,0.5000,0.5000,0.5000,0.5000,-0.94,11.61,0.112,,1,0,,
134.062,0.5000,0.5000,0.5000,0.5000,-0.93,11.80,0.119,,1,0,,
134.092,0.5000,0.5000,0.5000,0.5000,-0.93,11.95,0.155,,1,0,,
134.116,0.5000,0.5000,0.5000,0.5000,-0.93,12.08,0.171,,1,0,,
134.143,0.5000,0.5000,0.5000,0.5000,-0.92,12.27,0.187,,1,0,,
134.168,0.5000,0.5000,0.5000,0.5000,-0.90,12.49,0.220,,1,0,,
134.194,0.5000,0.5000,0.5000,0.5000,-0.87,12.71,0.231,,1,0,,
134.252,0.5000,0.5000,0.5000,0.5000,-0.82,13.16,0.241,,1,0,,
134.283,0.5000,0.5000,0.5000,0.5000,-0.80,13.46,0.251,,1,0,,
134.315,0.5000,0.5000,0.5000,0.5000,-0.79,13.72,0.243,,1,0,,
134.346,0.5000,0.5000,0.5000,0.5000,-0.76,13.99,0.238,,1,0,,
134.379,0.5000,0.5000,0.5000,0.5000,-0.73,14.21,0.235,,1,0,,
134.411,0.5000,0.5000,0.5000,0.5000,-0.70,14.42,0.238,,1,0,,
134.442,0.5000,0.5000,0.5000,0.5000,-0.66,14.62,0.240,,1,0,,
134.474,0.5000,0.5000,0.5000,0.5000,-0.63,14.79,0.235,,1,0,,
134.506,0.5000,0.5000,0.5000,0.5000,-0.60,15.01,0.232,,1,0,,
134.539,0.5000,0.5000,0.5000,0.5000,-0.58,15.14,0.231,,1,0,,
134.571,0.5000,0.5000,0.5000,0.5000,-0.54,15.34,0.247,,1,0,,
134.619,0.5000,0.5000,0.5000,0.5000,-0.49,15.57,0.232,,1,0,,
134.652,0.5000,0.5000,0.5000,0.5000,-0.46,15.70,0.230,,1,0,,
134.682,0.5000,0.5000,0.5000,0.5000,-0.44,15.90,0.239,,1,0,,
134.714,0.5000,0.5000,0.5000,0.5000,-0.41,16.06,0.233,,1,0,,
134.747,0.5000,0.5000,0.5000,0.5000,-0.39,16.19,0.234,,1,0,,
134.779,0.5000,0.5000,0.5000,0.5000,-0.38,16.31,0.243,,1,0,,
134.812,0.5000,0.5000,0.5000,0.5000,-0.35,16.44,0.249,,1,0,,
134.843,0.5000,0.5000,0.5000,0.5000,-0.31,16.50,0.265,,1,0,,
134.874,0.5000,0.5000,0.5000,0.5000,-0.29,16.57,0.258,,1,0,,
134.906,0.5000,0.5000,0.5000,0.5000,-0.26,16.64,0.262,,1,0,,
134.940,0.5000,0.5000,0.5000,0.5000,-0.25,16.67,0.258,,1,0,,
134.971,0.5000,0.5000,0.5000,0.5000,-0.22,16.71,0.258,,1,0,,
135.002,0.5000,0.5000,0.5000,0.5000,-0.21,16.71,0.241,,1,0,,
135.034,0.5000,0.5000,0.5000,0.5000,-0.22,16.72,0.234,,1,0,,
135.068,0.5000,0.5000,0.5000,0.5000,-0.23,16.68,0.205,,1,0,,
135.097,0.5000,0.5000,0.5000,0.5000,-0.27,16.60,0.183,,1,0,,
135.129,0.5000,0.5000,0.5000,0.5000,-0.31,16.52,0.198,,1,0,,
135.178,0.5000,0.5000,0.5000,0.5000,-0.34,16.39,0.179,,1,0,,
135.211,0.5000,0.5000,0.5000,0.5000,-0.37,16.28,0.148,,1,0,,
135.242,0.5000,0.5000,0.5000,0.5000,-0.40,16.20,0.158,,1,0,,
135.274,0.5000,0.5000,0.5000,0.5000,-0.44,16.06,0.142,,1,0,,
135.306,0.5000,0.5000,0.5000,0.5000,-0.50,15.79,0.133,,1,0,,
135.337,0.5000,0.5000,0.5000,0.5000,-0.55,15.55,0.149,,1,0,,
135.369,0.5000,0.5000,0.5000,0.5000,-0.61,15.31,0.139,,1,0,,
135.402,0.5000,0.5000,0.5000,0.5000,-0.66,15.09,0.139,,1,0,,
135.434,0.5000,0.5000,0.5000,0.5000,-0.69,14.86,0.144,,1,0,,
135.466,0.5000,0.5000,0.5000,0.5000,-0.75,14.62,0.149,,1,0,,
135.497,0.5000,0.5000,0.5000,0.5000,-0.78,14.42,0.158,,1,0,,
135.530,0.5000,0.5000,0.5000,0.5000,-0.84,14.19,0.121,,1,0,,
135.563,0.5000,0.5000,0.5000,0.5000,-0.91,13.97,0.129,,1,0,,
135.594,0.5000,0.5000,0.5000,0.5000,-0.98,13.73,0.122,,1,0,,
135.626,0.5000,0.5000,0.5000,0.5000,-1.05,13.39,0.125,,1,0,,
135.658,0.5000,0.5000,0.5000,0.5000,-1.13,13.12,0.120,,1,0,,
135.693,0.5000,0.5000,0.5000,0.5000,-1.23,12.82,0.114,,1,0,,
135.724,0.5000,0.5000,0.5000,0.5000,-1.30,12.56,0.096,,1,0,,
135.771,0.5000,0.5000,0.5000,0.5000,-1.39,12.18,0.109,,1,0,,
135.802,0.5000,0.5000,0.5000,0.5000,-1.47,11.97,0.094,,1,0,,
135.833,0.5000,0.5000,0.5000,0.5000,-1.56,11.66,0.089,,1,0,,
135.866,0.5000,0.5000,0.5000,0.5000,-1.67,11.37,0.093,,1,0,,
135.897,0.5000,0.5000,0.5000,0.5000,-1.77,11.11,0.084,,1,0,,
135.931,0.5000,0.5000,0.5000,0.5000,-1.84,10.82,0.082,,1,0,,
135.962,0.5000,0.5000,0.5000,0.5000,-1.89,10.57,0.092,,1,0,,
135.994,0.5000,0.5000,0.5000,0.5000,-1.96,10.37,0.076,,1,0,,
136.027,0.5000,0.5000,0.5000,0.5000,-2.06,10.18,0.080,,1,0,,
136.060,0.5000,0.5000,0.5000,0.5000,-2.09,10.04,0.103,,1,0,,
136.091,0.5000,0.5000,0.5000,0.5000,-2.13,9.90,0.081,,1,0,,
136.122,0.5000,0.5000,0.5000,0.5000,-2.19,9.81,0.076,,1,0,,
136.154,0.5000,0.5000,0.5000,0.5000,-2.30,9.67,0.065,,1,0,,
136.186,0.5000,0.5000,0.5000,0.5000,-2.39,9.53,0.082,,1,0,,
136.251,0.5000,0.5000,0.5000,0.5000,-2.57,9.26,0.083,,1,0,,
136.281,0.5000,0.5000,0.5000,0.5000,-2.63,9.13,0.088,,1,0,,
136.331,0.5000,0.5000,0.5000,0.5000,-2.67,9.00,0.113,,1,0,,
136.361,0.5000,0.5000,0.5000,0.5000,-2.69,8.91,0.115,,1,0,,
136.388,0.5000,0.5000,0.5000,0.5000,-2.70,8.85,0.110,,1,0,,
136.413,0.5000,0.5000,0.5000,0.5000,-2.72,8.80,0.104,,1,0,,
136.440,0.5000,0.5000,0.5000,0.5000,-2.75,8.77,0.108,,1,0,,
136.464,0.5000,0.5000,0.5000,0.5000,-2.76,8.76,0.122,,1,0,,
136.491,0.5000,0.5000,0.5000,0.5000,-2.76,8.83,0.128,,1,0,,
136.523,0.5000,0.5000,0.5000,0.5000,-2.76,8.92,0.132,,1,0,,
136.555,0.5000,0.5000,0.5000,0.5000,-2.76,8.97,0.132,,1,0,,
136.588,0.5000,0.5000,0.5000,0.5000,-2.75,9.02,0.132,,1,0,,
136.654,0.5000,0.5000,0.5000,0.5000,-2.74,9.10,0.133,,1,0,,
136.681,0.5000,0.5000,0.5000,0.5000,-2.74,9.13,0.131,,1,0,,
136.714,0.5000,0.5000,0.5000,0.5000,-2.74,9.15,0.131,,1,0,,
136.746,0.5000,0.5000,0.5000,0.5000,-2.74,9.14,0.127,,1,0,,
136.778,0.5000,0.5000,0.5000,0.5000,-2.76,9.13,0.126,,1,0,,
136.811,0.5000,0.5000,0.5000,0.5000,-2.78,9.17,0.126,,1,0,,
136.842,0.5000,0.5000,0.5000,0.5000,-2.78,9.18,0.124,,1,0,,
136.891,0.5000,0.5000,0.5000,0.5000,-2.78,9.22,0.124,,1,0,,
136.922,0.5000,0.5000,0.5000,0.5000,-2.78,9.21,0.125,,1,0,,
136.950,0.5000,0.5000,0.5000,0.5000,-2.79,9.19,0.124,,1,0,,
136.976,0.5000,0.5000,0.5000,0.5000,-2.80,9.16,0.125,,1,0,,
137.000,0.5000,0.5000,0.5000,0.5000,-2.80,9.14,0.120,,1,0,,
137.051,0.5000,0.5000,0.5000,0.5000,-2.82,8.99,0.127,,1,0,,
137.081,0.5000,0.5000,0.5000,0.5000,-2.83,8.91,0.110,,1,0,,
137.115,0.5000,0.5000,0.5000,0.5000,-2.85,8.85,0.103,,1,0,,
137.145,0.5000,0.5000,0.5000,0.5000,-2.88,8.77,0.103,,1,0,,
137.179,0.5000,0.5000,0.5000,0.5000,-2.96,8.62,0.097,,1,0,,
137.210,0.5000,0.5000,0.5000,0.5000,-2.99,8.56,0.117,,1,0,,
137.242,0.5000,0.5000,0.5000,0.5000,-3.03,8.51,0.137,,1,0,,
137.275,0.5000,0.5000,0.5000,0.5000,-3.08,8.46,0.133,,1,0,,
137.307,0.5000,0.5000,0.5000,0.5000,-3.15,8.42,0.128,,1,0,,
137.339,0.5000,0.5000,0.5000,0.5000,-3.18,8.41,0.128,,1,0,,
137.372,0.5000,0.5000,0.5000,0.5000,-3.22,8.34,0.129,,1,0,,
137.401,0.5000,0.5000,0.5000,0.5000,-3.29,8.31,0.140,,1,0,,
137.450,0.5000,0.5000,0.5000,0.5000,-3.35,8.33,0.147,,1,0,,
137.482,0.5000,0.5000,0.5000,0.5000,-3.39,8.34,0.142,,1,0,,
137.513,0.5000,0.5000,0.5000,0.5000,-3.46,8.31,0.127,,1,0,,
137.546,0.5000,0.5000,0.5000,0.5000,-3.50,8.34,0.130,,1,0,,
137.577,0.5000,0.5000,0.5000,0.5000,-3.56,8.33,0.123,,1,0,,
137.611,0.5000,0.5000,0.5000,0.5000,-3.60,8.39,0.119,,1,0,,
137.643,0.5000,0.5000,0.5000,0.5000,-3.63,8.44,0.124,,1,0,,
137.675,0.5000,0.5000,0.5000,0.5000,-3.68,8.42,0.107,,1,0,,
137.705,0.5000,0.5000,0.5000,0.5000,-3.72,8.41,0.121,,1,0,,
137.739,0.5000,0.5000,0.5000,0.5000,-3.77,8.39,0.112,,1,0,,
137.771,0.5000,0.5000,0.5000,0.5000,-3.84,8.35,0.116,,1,0,,
137.803,0.5000,0.5000,0.5000,0.5000,-3.89,8.32,0.123,,1,0,,
137.834,0.5000,0.5000,0.5000,0.5000,-3.97,8.32,0.104,,1,0,,
137.866,0.5000,0.5000,0.5000,0.5000,-4.08,8.33,0.109,,1,0,,
137.897,0.5000,0.5000,0.5000,0.5000,-4.20,8.35,0.106,,1,0,,
137.931,0.5000,0.5000,0.5000,0.5000,-4.33,8.35,0.098,,1,0,,
137.961,0.5000,0.5000,0.5000,0.5000,-4.43,8.35,0.106,,1,0,,
137.995,0.5000,0.5000,0.5000,0.5000,-4.51,8.36,0.104,,1,0,,
138.042,0.5000,0.5000,0.5000,0.5000,-4.61,8.40,0.115,,1,0,,
138.075,0.5000,0.5000,0.5000,0.5000,-4.70,8.34,0.104,,1,0,,
138.105,0.5000,0.5000,0.5000,0.5000,-4.80,8.25,0.104,,1,0,,
138.137,0.5000,0.5000,0.5000,0.5000,-4.88,8.18,0.112,,1,0,,
138.170,0.5000,0.5000,0.5000,0.5000,-4.98,8.14,0.111,,1,0,,
138.201,0.5000,0.5000,0.5000,0.5000,-5.07,8.17,0.109,,1,0,,
138.234,0.5000,0.5000,0.5000,0.5000,-5.18,8.18,0.111,,1,0,,
138.266,0.5000,0.5000,0.5000,0.5000,-5.27,8.19,0.115,,1,0,,
138.298,0.5000,0.5000,0.5000,0.5000,-5.35,8.20,0.117,,1,0,,
138.330,0.5000,0.5000,0.5000,0.5000,-5.39,8.20,0.127,,1,0,,
138.361,0.5000,0.5000,0.5000,0.5000,-5.47,8.23,0.128,,1,0,,
138.393,0.5000,0.5000,0.5000,0.5000,-5.57,8.25,0.131,,1,0,,
138.426,0.5000,0.5000,0.5000,0.5000,-5.63,8.31,0.124,,1,0,,
138.460,0.5000,0.5000,0.5000,0.5000,-5.68,8.40,0.131,,1,0,,
138.492,0.5000,0.5000,0.5000,0.5000,-5.74,8.45,0.131,,1,0,,
138.527,0.5000,0.5000,0.5000,0.5000,-5.81,8.48,0.125,,1,0,,
138.555,0.5000,0.5000,0.5000,0.5000,-5.87,8.55,0.126,,1,0,,
138.602,0.5000,0.5000,0.5000,0.5000,-5.92,8.63,0.146,,1,0,,
138.634,0.5000,0.5000,0.5000,0.5000,-5.95,8.71,0.143,,1,0,,
138.667,0.5000,0.5000,0.5000,0.5000,-5.97,8.81,0.143,,1,0,,
138.697,0.5000,0.5000,0.5000,0.5000,-6.00,8.87,0.152,,1,0,,
138.730,0.5000,0.5000,0.5000,0.5000,-6.07,8.93,0.153,,1,0,,
138.761,0.5000,0.5000,0.5000,0.5000,-6.13,8.99,0.156,,1,0,,
138.793,0.5000,0.5000,0.5000,0.5000,-6.20,9.02,0.145,,1,0,,
138.826,0.5000,0.5000,0.5000,0.5000,-6.26,9.06,0.146,,1,0,,
138.859,0.5000,0.5000,0.5000,0.5000,-6.29,9.12,0.137,,1,0,,
138.890,0.5000,0.5000,0.5000,0.5000,-6.32,9.21,0.161,,1,0,,
138.922,0.5000,0.5000,0.5000,0.5000,-6.35,9.29,0.162,,1,0,,
138.954,0.5000,0.5000,0.5000,0.5000,-6.37,9.41,0.157,,1,0,,
138.986,0.5000,0.5000,0.5000,0.5000,-6.38,9.51,0.159,,1,0,,
139.053,0.5000,0.5000,0.5000,0.5000,-6.31,9.73,0.147,,1,0,,
139.082,0.5000,0.5000,0.5000,0.5000,-6.26,9.81,0.150,,1,0,,
139.113,0.5000,0.5000,0.5000,0.5000,-6.23,9.88,0.147,,1,0,,
139.162,0.5000,0.5000,0.5000,0.5000,-6.18,9.90,0.152,,1,0,,
139.193,0.5000,0.5000,0.5000,0.5000,-6.12,9.95,0.153,,1,0,,
139.220,0.5000,0.5000,0.5000,0.5000,-6.08,10.00,0.154,,1,0,,
139.244,0.5000,0.5000,0.5000,0.5000,-6.03,10.05,0.154,,1,0,,
139.269,0.5000,0.5000,0.5000,0.5000,-6.01,10.10,0.154,,1,0,,
139.294,0.5000,0.5000,0.5000,0.5000,-6.00,10.11,0.162,,1,0,,
139.322,0.5000,0.5000,0.5000,0.5000,-5.97,10.18,0.171,,1,0,,
139.356,0.5000,0.5000,0.5000,0.5000,-5.95,10.26,0.178,,1,0,,
139.386,0.5000,0.5000,0.5000,0.5000,-5.93,10.37,0.181,,1,0,,
139.452,0.5000,0.5000,0.5000,0.5000,-5.86,10.57,0.186,,1,0,,
139.481,0.5000,0.5000,0.5000,0.5000,-5.84,10.71,0.198,,1,0,,
139.514,0.5000,0.5000,0.5000,0.5000,-5.81,10.79,0.196,,1,0,,
139.548,0.5000,0.5000,0.5000,0.5000,-5.82,10.88,0.195,,1,0,,
139.579,0.5000,0.5000,0.5000,0.5000,-5.83,10.92,0.186,,1,0,,
139.611,0.5000,0.5000,0.5000,0.5000,-5.83,10.96,0.183,,1,0,,
139.644,0.5000,0.5000,0.5000,0.5000,-5.83,11.02,0.175,,1,0,,
139.674,0.5000,0.5000,0.5000,0.5000,-5.83,11.16,0.158,,1,0,,
139.721,0.5000,0.5000,0.5000,0.5000,-5.85,11.34,0.148,,1,0,,
139.754,0.5000,0.5000,0.5000,0.5000,-5.85,11.45,0.149,,1,0,,
139.780,0.5000,0.5000,0.5000,0.5000,-5.85,11.53,0.149,,1,0,,
139.806,0.5000,0.5000,0.5000,0.5000,-5.83,11.61,0.149,,1,0,,
139.849,0.5000,0.5000,0.5000,0.5000,-5.80,11.71,0.147,,1,0,,
139.882,0.5000,0.5000,0.5000,0.5000,-5.79,11.77,0.152,,1,0,,
139.914,0.5000,0.5000,0.5000,0.5000,-5.79,11.84,0.156,,1,0,,
139.946,0.5000,0.5000,0.5000,0.5000,-5.80,11.88,0.137,,1,0,,
139.979,0.5000,0.5000,0.5000,0.5000,-5.82,11.93,0.137,,1,0,,
140.011,0.5000,0.5000,0.5000,0.5000,-5.86,11.97,0.149,,1,0,,
140.043,0.5000,0.5000,0.5000,0.5000,-5.89,12.01,0.147,,1,0,,
140.074,0.5000,0.5000,0.5000,0.5000,-5.92,12.02,0.131,,1,0,,
140.108,0.5000,0.5000,0.5000,0.5000,-5.95,12.00,0.129,,1,0,,
140.139,0.5000,0.5000,0.5000,0.5000,-5.96,12.00,0.125,,1,0,,
140.170,0.5000,0.5000,0.5000,0.5000,-5.98,12.05,0.135,,1,0,,
140.204,0.5000,0.5000,0.5000,0.5000,-5.98,12.10,0.139,,1,0,,
140.235,0.5000,0.5000,0.5000,0.5000,-5.99,12.14,0.165,,1,0,,
140.266,0.5000,0.5000,0.5000,0.5000,-6.00,12.17,0.161,,1,0,,
140.314,0.5000,0.5000,0.5000,0.5000,-6.00,12.18,0.150,,1,0,,
140.346,0.5000,0.5000,0.5000,0.5000,-5.99,12.23,0.147,,1,0,,
140.378,0.5000,0.5000,0.5000,0.5000,-5.97,12.31,0.158,,1,0,,
140.410,0.5000,0.5000,0.5000,0.5000,-5.98,12.37,0.158,,1,0,,
140.442,0.5000,0.5000,0.5000,0.5000,-5.96,12.45,0.161,,1,0,,
140.474,0.5000,0.5000,0.5000,0.5000,-5.95,12.45,0.167,,1,0,,
140.507,0.5000,0.5000,0.5000,0.5000,-5.96,12.49,0.160,,1,0,,
140.539,0.5000,0.5000,0.5000,0.5000,-5.97,12.51,0.161,,1,0,,
140.570,0.5000,0.5000,0.5000,0.5000,-5.99,12.50,0.144,,1,0,,
140.601,0.5000,0.5000,0.5000,0.5000,-6.00,12.49,0.151,,1,0,,
140.635,0.5000,0.5000,0.5000,0.5000,-5.98,12.52,0.170,,1,0,,
140.666,0.5000,0.5000,0.5000,0.5000,-5.95,12.54,0.171,,1,0,,
140.697,0.5000,0.5000,0.5000,0.5000,-5.92,12.54,0.175,,1,0,,
140.731,0.5000,0.5000,0.5000,0.5000,-5.91,12.57,0.174,,1,0,,
140.762,0.5000,0.5000,0.5000,0.5000,-5.90,12.60,0.167,,1,0,,
140.794,0.5000,0.5000,0.5000,0.5000,-5.88,12.63,0.174,,1,0,,
140.826,0.5000,0.5000,0.5000,0.5000,-5.86,12.65,0.174,,1,0,,
140.875,0.5000,0.5000,0.5000,0.5000,-5.84,12.65,0.172,,1,0,,
140.906,0.5000,0.5000,0.5000,0.5000,-5.82,12.66,0.172,,1,0,,
140.938,0.5000,0.5000,0.5000,0.5000,-5.79,12.71,0.190,,1,0,,
140.972,0.5000,0.5000,0.5000,0.5000,-5.76,12.76,0.190,,1,0,,
141.002,0.5000,0.5000,0.5000,0.5000,-5.70,12.82,0.199,,1,0,,
141.034,0.5000,0.5000,0.5000,0.5000,-5.65,12.89,0.198,,1,0,,
141.067,0.5000,0.5000,0.5000,0.5000,-5.63,12.96,0.201,,1,0,,
141.097,0.5000,0.5000,0.5000,0.5000,-5.62,13.00,0.206,,1,0,,
141.129,0.5000,0.5000,0.5000,0.5000,-5.61,13.06,0.211,,1,0,,
141.163,0.5000,0.5000,0.5000,0.5000,-5.59,13.10,0.214,,1,0,,
141.194,0.5000,0.5000,0.5000,0.5000,-5.55,13.19,0.216,,1,0,,
141.226,0.5000,0.5000,0.5000,0.5000,-5.53,13.23,0.225,,1,0,,
141.258,0.5000,0.5000,0.5000,0.5000,-5.51,13.29,0.225,,1,0,,
141.291,0.5000,0.5000,0.5000,0.5000,-5.50,13.27,0.221,,1,0,,
141.322,0.5000,0.5000,0.5000,0.5000,-5.49,13.24,0.214,,1,0,,
141.354,0.5000,0.5000,0.5000,0.5000,-5.44,13.22,0.214,,1,0,,
141.388,0.5000,0.5000,0.5000,0.5000,-5.36,13.23,0.240,,1,0,,
141.472,0.5000,0.5000,0.5000,0.5000,-5.33,13.17,0.204,,1,0,,
141.497,0.5000,0.5000,0.5000,0.5000,-5.29,13.18,0.215,,1,0,,
141.524,0.5000,0.5000,0.5000,0.5000,-5.23,13.23,0.253,,1,0,,
141.549,0.5000,0.5000,0.5000,0.5000,-5.18,13.29,0.231,,1,0,,
141.576,0.5000,0.5000,0.5000,0.5000,-5.11,13.31,0.234,,1,0,,
141.601,0.5000,0.5000,0.5000,0.5000,-5.06,13.33,0.223,,1,0,,
141.629,0.5000,0.5000,0.5000,0.5000,-5.02,13.36,0.232,,1,0,,
141.658,0.5000,0.5000,0.5000,0.5000,-4.95,13.41,0.241,,1,0,,
141.691,0.5000,0.5000,0.5000,0.5000,-4.89,13.43,0.243,,1,0,,
141.722,0.5000,0.5000,0.5000,0.5000,-4.82,13.41,0.263,,1,0,,
141.754,0.5000,0.5000,0.5000,0.5000,-4.76,13.44,0.262,,1,0,,
141.787,0.5000,0.5000,0.5000,0.5000,-4.68,13.49,0.255,,1,0,,
141.852,0.5000,0.5000,0.5000,0.5000,-4.45,13.69,0.229,,1,0,,
141.883,0.5000,0.5000,0.5000,0.5000,-4.36,13.77,0.236,,1,0,,
141.913,0.5000,0.5000,0.5000,0.5000,-4.27,13.80,0.236,,1,0,,
141.945,0.5000,0.5000,0.5000,0.5000,-4.20,13.83,0.235,,1,0,,
141.995,0.5000,0.5000,0.5000,0.5000,-4.12,13.89,0.228,,1,0,,
142.029,0.5000,0.5000,0.5000,0.5000,-4.07,13.91,0.227,,1,0,,
142.056,0.5000,0.5000,0.5000,0.5000,-4.03,13.91,0.227,,1,0,,
142.084,0.5000,0.5000,0.5000,0.5000,-3.98,13.94,0.232,,1,0,,
142.110,0.5000,0.5000,0.5000,0.5000,-3.93,13.95,0.234,,1,0,,
142.136,0.5000,0.5000,0.5000,0.5000,-3.90,13.96,0.224,,1,0,,
142.162,0.5000,0.5000,0.5000,0.5000,-3.85,13.96,0.222,,1,0,,
142.190,0.5000,0.5000,0.5000,0.5000,-3.82,13.96,0.213,,1,0,,
142.250,0.5000,0.5000,0.5000,0.5000,-3.71,14.03,0.227,,1,0,,
142.282,0.5000,0.5000,0.5000,0.5000,-3.65,14.00,0.222,,1,0,,
142.314,0.5000,0.5000,0.5000,0.5000,-3.60,14.00,0.218,,1,0,,
142.346,0.5000,0.5000,0.5000,0.5000,-3.55,13.94,0.205,,1,0,,
142.379,0.5000,0.5000,0.5000,0.5000,-3.52,13.85,0.200,,1,0,,
142.410,0.5000,0.5000,0.5000,0.5000,-3.52,13.74,0.187,,1,0,,
142.444,0.5000,0.5000,0.5000,0.5000,-3.52,13.59,0.178,,1,0,,
142.475,0.5000,0.5000,0.5000,0.5000,-3.53,13.43,0.177,,1,0,,
142.506,0.5000,0.5000,0.5000,0.5000,-3.52,13.29,0.173,,1,0,,
142.539,0.5000,0.5000,0.5000,0.5000,-3.52,13.16,0.159,,1,0,,
142.587,0.5000,0.5000,0.5000,0.5000,-3.49,13.02,0.163,,1,0,,
142.622,0.5000,0.5000,0.5000,0.5000,-3.48,12.97,0.171,,1,0,,
142.651,0.5000,0.5000,0.5000,0.5000,-3.47,12.91,0.170,,1,0,,
142.683,0.5000,0.5000,0.5000,0.5000,-3.44,12.85,0.165,,1,0,,
142.714,0.5000,0.5000,0.5000,0.5000,-3.38,12.84,0.174,,1,0,,
142.748,0.5000,0.5000,0.5000,0.5000,-3.33,12.83,0.189,,1,0,,
142.778,0.5000,0.5000,0.5000,0.5000,-3.28,12.80,0.191,,1,0,,
142.811,0.5000,0.5000,0.5000,0.5000,-3.22,12.79,0.191,,1,0,,
142.842,0.5000,0.5000,0.5000,0.5000,-3.17,12.80,0.190,,1,0,,
142.874,0.5000,0.5000,0.5000,0.5000,-3.14,12.77,0.189,,1,0,,
142.906,0.5000,0.5000,0.5000,0.5000,-3.09,12.82,0.201,,1,0,,
142.937,0.5000,0.5000,0.5000,0.5000,-3.05,12.92,0.208,,1,0,,
142.971,0.5000,0.5000,0.5000,0.5000,-3.02,12.93,0.216,,1,0,,
143.003,0.5000,0.5000,0.5000,0.5000,-2.97,12.98,0.220,,1,0,,
143.035,0.5000,0.5000,0.5000,0.5000,-2.93,12.90,0.213,,1,0,,
143.068,0.5000,0.5000,0.5000,0.5000,-2.89,12.71,0.225,,1,0,,
143.100,0.5000,0.5000,0.5000,0.5000,-2.83,12.64,0.215,,1,0,,
143.146,0.5000,0.5000,0.5000,0.5000,-2.81,12.29,0.177,,1,0,,
143.178,0.5000,0.5000,0.5000,0.5000,-2.77,12.04,0.176,,1,0,,
143.210,0.5000,0.5000,0.5000,0.5000,-2.72,11.90,0.197,,1,0,,
143.242,0.5000,0.5000,0.5000,0.5000,-2.67,11.82,0.198,,1,0,,
143.275,0.5000,0.5000,0.5000,0.5000,-2.65,11.72,0.188,,1,0,,
143.308,0.5000,0.5000,0.5000,0.5000,-2.64,11.64,0.170,,1,0,,
143.339,0.5000,0.5000,0.5000,0.5000,-2.62,11.54,0.175,,1,0,,
143.371,0.5000,0.5000,0.5000,0.5000,-2.57,11.52,0.186,,1,0,,
143.402,0.5000,0.5000,0.5000,0.5000,-2.53,11.48,0.178,,1,0,,
143.434,0.5000,0.5000,0.5000,0.5000,-2.48,11.42,0.179,,1,0,,
143.464,0.5000,0.5000,0.5000,0.5000,-2.44,11.35,0.169,,1,0,,
143.498,0.5000,0.5000,0.5000,0.5000,-2.44,11.24,0.167,,1,0,,
143.530,0.5000,0.5000,0.5000,0.5000,-2.43,11.15,0.156,,1,0,,
143.563,0.5000,0.5000,0.5000,0.5000,-2.41,11.07,0.153,,1,0,,
143.595,0.5000,0.5000,0.5000,0.5000,-2.41,11.02,0.150,,1,0,,
143.627,0.5000,0.5000,0.5000,0.5000,-2.40,10.97,0.151,,1,0,,
143.659,0.5000,0.5000,0.5000,0.5000,-2.41,10.93,0.148,,1,0,,
143.707,0.5000,0.5000,0.5000,0.5000,-2.44,10.86,0.127,,1,0,,
143.739,0.5000,0.5000,0.5000,0.5000,-2.45,10.80,0.165,,1,0,,
143.770,0.5000,0.5000,0.5000,0.5000,-2.45,10.74,0.170,,1,0,,
143.802,0.5000,0.5000,0.5000,0.5000,-2.44,10.68,0.177,,1,0,,
143.834,0.5000,0.5000,0.5000,0.5000,-2.41,10.70,0.197,,1,0,,
143.865,0.5000,0.5000,0.5000,0.5000,-2.39,10.69,0.186,,1,0,,
143.897,0.5000,0.5000,0.5000,0.5000,-2.37,10.79,0.204,,1,0,,
143.930,0.5000,0.5000,0.5000,0.5000,-2.33,10.87,0.203,,1,0,,
143.963,0.5000,0.5000,0.5000,0.5000,-2.31,10.92,0.196,,1,0,,
143.995,0.5000,0.5000,0.5000,0.5000,-2.31,10.96,0.194,,1,0,,
144.026,0.5000,0.5000,0.5000,0.5000,-2.29,10.96,0.189,,1,0,,
144.060,0.5000,0.5000,0.5000,0.5000,-2.27,11.00,0.203,,1,0,,
144.091,0.5000,0.5000,0.5000,0.5000,-2.26,11.02,0.213,,1,0,,
144.123,0.5000,0.5000,0.5000,0.5000,-2.26,11.04,0.213,,1,0,,
144.157,0.5000,0.5000,0.5000,0.5000,-2.26,11.07,0.212,,1,0,,
144.188,0.5000,0.5000,0.5000,0.5000,-2.25,11.11,0.212,,1,0,,
144.251,0.5000,0.5000,0.5000,0.5000,-2.25,10.93,0.191,,1,0,,
144.299,0.5000,0.5000,0.5000,0.5000,-2.24,10.84,0.185,,1,0,,
144.325,0.5000,0.5000,0.5000,0.5000,-2.23,10.79,0.186,,1,0,,
144.351,0.5000,0.5000,0.5000,0.5000,-2.23,10.76,0.174,,1,0,,
144.377,0.5000,0.5000,0.5000,0.5000,-2.23,10.73,0.162,,1,0,,
144.402,0.5000,0.5000,0.5000,0.5000,-2.26,10.65,0.150,,1,0,,
144.428,0.5000,0.5000,0.5000,0.5000,-2.28,10.57,0.151,,1,0,,
144.459,0.5000,0.5000,0.5000,0.5000,-2.33,10.43,0.142,,1,0,,
144.492,0.5000,0.5000,0.5000,0.5000,-2.36,10.34,0.151,,1,0,,
144.524,0.5000,0.5000,0.5000,0.5000,-2.40,10.24,0.144,,1,0,,
144.555,0.5000,0.5000,0.5000,0.5000,-2.41,10.16,0.145,,1,0,,
144.587,0.5000,0.5000,0.5000,0.5000,-2.42,10.06,0.145,,1,0,,
144.653,0.5000,0.5000,0.5000,0.5000,-2.48,10.02,0.147,,1,0,,
144.682,0.5000,0.5000,0.5000,0.5000,-2.52,9.91,0.151,,1,0,,
144.715,0.5000,0.5000,0.5000,0.5000,-2.56,9.76,0.137,,1,0,,
144.747,0.5000,0.5000,0.5000,0.5000,-2.56,9.62,0.179,,1,0,,
144.779,0.5000,0.5000,0.5000,0.5000,-2.61,9.43,0.144,,1,0,,
144.810,0.5000,0.5000,0.5000,0.5000,-2.65,9.22,0.127,,1,0,,
144.859,0.5000,0.5000,0.5000,0.5000,-2.71,8.99,0.138,,1,0,,
144.891,0.5000,0.5000,0.5000,0.5000,-2.76,8.82,0.144,,1,0,,
144.917,0.5000,0.5000,0.5000,0.5000,-2.81,8.67,0.148,,1,0,,
144.942,0.5000,0.5000,0.5000,0.5000,-2.85,8.55,0.149,,1,0,,
144.966,0.5000,0.5000,0.5000,0.5000,-2.88,8.44,0.146,,1,0,,
144.993,0.5000,0.5000,0.5000,0.5000,-2.92,8.35,0.149,,1,0,,
145.054,0.5000,0.5000,0.5000,0.5000,-2.98,8.14,0.155,,1,0,,
145.083,0.5000,0.5000,0.5000,0.5000,-2.98,8.15,0.180,,1,0,,
145.114,0.5000,0.5000,0.5000,0.5000,-2.96,8.07,0.199,,1,0,,
145.148,0.5000,0.5000,0.5000,0.5000,-2.95,8.02,0.224,,1,0,,
145.177,0.5000,0.5000,0.5000,0.5000,-2.95,7.99,0.226,,1,0,,
145.209,0.5000,0.5000,0.5000,0.5000,-2.95,7.97,0.223,,1,0,,
145.242,0.5000,0.5000,0.5000,0.5000,-2.97,7.93,0.219,,1,0,,
145.274,0.5000,0.5000,0.5000,0.5000,-2.97,7.89,0.220,,1,0,,
145.306,0.5000,0.5000,0.5000,0.5000,-2.98,7.84,0.213,,1,0,,
145.340,0.5000,0.5000,0.5000,0.5000,-2.99,7.77,0.208,,1,0,,
145.370,0.5000,0.5000,0.5000,0.5000,-3.02,7.68,0.201,,1,0,,
145.417,0.5000,0.5000,0.5000,0.5000,-3.06,7.56,0.196,,1,0,,
145.450,0.5000,0.5000,0.5000,0.5000,-3.10,7.51,0.207,,1,0,,
145.481,0.5000,0.5000,0.5000,0.5000,-3.15,7.46,0.192,,1,0,,
145.514,0.5000,0.5000,0.5000,0.5000,-3.14,7.37,0.184,,1,0,,
145.546,0.5000,0.5000,0.5000,0.5000,-3.15,7.27,0.179,,1,0,,
145.578,0.5000,0.5000,0.5000,0.5000,-3.19,7.14,0.176,,1,0,,
145.610,0.5000,0.5000,0.5000,0.5000,-3.23,7.07,0.166,,1,0,,
145.643,0.5000,0.5000,0.5000,0.5000,-3.27,7.01,0.168,,1,0,,
145.675,0.5000,0.5000,0.5000,0.5000,-3.32,6.98,0.174,,1,0,,
145.708,0.5000,0.5000,0.5000,0.5000,-3.36,6.91,0.172,,1,0,,
145.740,0.5000,0.5000,0.5000,0.5000,-3.43,6.79,0.169,,1,0,,
145.771,0.5000,0.5000,0.5000,0.5000,-3.48,6.67,0.166,,1,0,,
145.801,0.5000,0.5000,0.5000,0.5000,-3.52,6.61,0.165,,1,0,,
145.834,0.5000,0.5000,0.5000,0.5000,-3.53,6.52,0.173,,1,0,,
145.866,0.5000,0.5000,0.5000,0.5000,-3.55,6.40,0.156,,1,0,,
145.898,0.5000,0.5000,0.5000,0.5000,-3.58,6.29,0.145,,1,0,,
145.931,0.5000,0.5000,0.5000,0.5000,-3.61,6.21,0.132,,1,0,,
145.977,0.5000,0.5000,0.5000,0.5000,-3.65,6.09,0.128,,1,0,,
146.011,0.5000,0.5000,0.5000,0.5000,-3.68,5.97,0.140,,1,0,,
146.043,0.5000,0.5000,0.5000,0.5000,-3.71,5.81,0.130,,1,0,,
146.073,0.5000,0.5000,0.5000,0.5000,-3.71,5.67,0.134,,1,0,,
146.107,0.5000,0.5000,0.5000,0.5000,-3.70,5.47,0.132,,1,0,,
146.138,0.5000,0.5000,0.5000,0.5000,-3.75,5.31,0.137,,1,0,,
146.173,0.5000,0.5000,0.5000,0.5000,-3.79,5.10,0.118,,1,0,,
146.203,0.5000,0.5000,0.5000,0.5000,-3.80,4.90,0.124,,1,0,,
146.234,0.5000,0.5000,0.5000,0.5000,-3.81,4.87,0.111,,1,0,,
146.266,0.5000,0.5000,0.5000,0.5000,-3.86,4.75,0.083,,1,0,,
146.297,0.5000,0.5000,0.5000,0.5000,-3.91,4.66,0.083,,1,0,,
146.329,0.5000,0.5000,0.5000,0.5000,-3.99,4.55,0.076,,1,0,,
146.363,0.5000,0.5000,0.5000,0.5000,-4.06,4.44,0.073,,1,0,,
146.395,0.5000,0.5000,0.5000,0.5000,-4.14,4.36,0.073,,1,0,,
146.425,0.5000,0.5000,0.5000,0.5000,-4.18,4.33,0.114,,1,0,,
146.460,0.5000,0.5000,0.5000,0.5000,-4.23,4.34,0.120,,1,0,,
146.490,0.5000,0.5000,0.5000,0.5000,-4.22,4.38,0.122,,1,0,,
146.522,0.5000,0.5000,0.5000,0.5000,-4.25,4.42,0.087,,1,0,,
146.570,0.5000,0.5000,0.5000,0.5000,-4.15,4.47,0.080,,1,0,,
146.603,0.5000,0.5000,0.5000,0.5000,-4.06,4.75,0.194,,1,0,,
146.636,0.5000,0.5000,0.5000,0.5000,-3.96,5.35,0.334,,1,0,,
146.666,0.5000,0.5000,0.5000,0.5000,-3.87,5.99,0.413,,1,0,,
146.699,0.5000,0.5000,0.5000,0.5000,-3.78,6.73,0.431,,1,0,,
146.730,0.5000,0.5000,0.5000,0.5000,-3.70,7.44,0.427,,1,0,,
146.764,0.5000,0.5000,0.5000,0.5000,-3.59,8.24,0.453,,1,0,,
146.795,0.5000,0.5000,0.5000,0.5000,-3.49,8.86,0.457,,1,0,,
146.827,0.5000,0.5000,0.5000,0.5000,-3.37,9.37,0.459,,1,0,,
146.857,0.5000,0.5000,0.5000,0.5000,-3.22,9.91,0.446,,1,0,,
146.891,0.5000,0.5000,0.5000,0.5000,-3.08,10.39,0.434,,1,0,,
146.923,0.5000,0.5000,0.5000,0.5000,-2.95,10.82,0.432,,1,0,,
146.955,0.5000,0.5000,0.5000,0.5000,-2.81,11.21,0.444,,1,0,,
146.988,0.5000,0.5000,0.5000,0.5000,-2.66,11.55,0.420,,1,0,,
147.052,0.5000,0.5000,0.5000,0.5000,-2.42,12.38,0.424,,1,0,,
147.082,0.5000,0.5000,0.5000,0.5000,-2.32,12.74,0.409,,1,0,,
147.131,0.5000,0.5000,0.5000,0.5000,-2.15,13.20,0.359,,1,0,,
147.163,0.5000,0.5000,0.5000,0.5000,-2.05,13.27,0.167,,1,0,,
147.191,0.5000,0.5000,0.5000,0.5000,-1.98,13.26,0.109,,1,0,,
147.216,0.5000,0.5000,0.5000,0.5000,-1.94,13.07,0.080,,1,0,,
147.241,0.5000,0.5000,0.5000,0.5000,-1.88,12.89,0.054,,1,0,,
147.266,0.5000,0.5000,0.5000,0.5000,-1.82,12.73,0.048,,1,0,,
147.292,0.5000,0.5000,0.5000,0.5000,-1.73,12.60,0.080,,1,0,,
147.323,0.5000,0.5000,0.5000,0.5000,-1.60,12.50,0.134,,1,0,,
147.354,0.5000,0.5000,0.5000,0.5000,-1.48,12.49,0.182,,1,0,,
147.387,0.5000,0.5000,0.5000,0.5000,-1.38,12.47,0.190,,1,0,,
147.453,0.5000,0.5000,0.5000,0.5000,-1.17,12.57,0.213,,1,0,,
147.483,0.5000,0.5000,0.5000,0.5000,-1.06,12.63,0.217,,1,0,,
147.514,0.5000,0.5000,0.5000,0.5000,-0.95,12.68,0.222,,1,0,,
147.546,0.5000,0.5000,0.5000,0.5000,-0.86,12.76,0.226,,1,0,,
147.578,0.5000,0.5000,0.5000,0.5000,-0.80,12.87,0.218,,1,0,,
147.609,0.5000,0.5000,0.5000,0.5000,-0.79,13.04,0.236,,1,0,,
147.641,0.5000,0.5000,0.5000,0.5000,-0.77,13.26,0.267,,1,0,,
147.690,0.5000,0.5000,0.5000,0.5000,-0.74,13.46,0.273,,1,0,,
147.722,0.5000,0.5000,0.5000,0.5000,-0.73,13.50,0.182,,1,0,,
147.748,0.5000,0.5000,0.5000,0.5000,-0.72,13.48,0.151,,1,0,,
147.775,0.5000,0.5000,0.5000,0.5000,-0.72,13.37,0.136,,1,0,,
147.799,0.5000,0.5000,0.5000,0.5000,-0.74,13.34,0.128,,1,0,,
147.851,0.5000,0.5000,0.5000,0.5000,-0.78,13.61,0.117,,1,0,,
147.883,0.5000,0.5000,0.5000,0.5000,-0.80,13.67,0.096,,1,0,,
147.914,0.5000,0.5000,0.5000,0.5000,-0.83,13.89,0.087,,1,0,,
147.945,0.5000,0.5000,0.5000,0.5000,-0.86,14.13,0.072,,1,0,,
147.978,0.5000,0.5000,0.5000,0.5000,-0.92,14.58,0.034,,1,0,,
148.010,0.5000,0.5000,0.5000,0.5000,-0.89,14.93,0.025,,1,0,,
148.042,0.5000,0.5000,0.5000,0.5000,-0.86,15.30,0.025,,1,0,,
148.075,0.5000,0.5000,0.5000,0.5000,-0.89,15.72,0.029,,1,0,,
148.106,0.5000,0.5000,0.5000,0.5000,-0.92,16.17,0.037,,1,0,,
148.139,0.5000,0.5000,0.5000,0.5000,-0.98,16.69,0.053,,1,0,,
148.171,0.5000,0.5000,0.5000,0.5000,-1.00,17.19,0.047,,1,0,,
148.203,0.5000,0.5000,0.5000,0.5000,-1.00,17.65,0.048,,1,0,,
148.251,0.5000,0.5000,0.5000,0.5000,-1.04,18.29,0.047,,1,0,,
148.282,0.5000,0.5000,0.5000,0.5000,-1.05,18.71,0.058,,1,0,,
148.314,0.5000,0.5000,0.5000,0.5000,-1.04,19.14,0.052,,1,0,,
148.346,0.5000,0.5000,0.5000,0.5000,-1.05,19.54,0.058,,1,0,,
148.377,0.5000,0.5000,0.5000,0.5000,-1.04,19.88,0.058,,1,0,,
148.410,0.5000,0.5000,0.5000,0.5000,-1.05,20.20,0.060,,1,0,,
148.441,0.5000,0.5000,0.5000,0.5000,-1.09,20.48,0.066,,1,0,,
148.473,0.5000,0.5000,0.5000,0.5000,-1.11,20.76,0.059,,1,0,,
148.506,0.5000,0.5000,0.5000,0.5000,-1.13,20.99,0.051,,1,0,,
148.538,0.5000,0.5000,0.5000,0.5000,-1.16,21.20,0.050,,1,0,,
148.570,0.5000,0.5000,0.5000,0.5000,-1.18,21.39,0.056,,1,0,,
148.602,0.5000,0.5000,0.5000,0.5000,-1.21,21.54,0.050,,1,0,,
148.634,0.5000,0.5000,0.5000,0.5000,-1.24,21.70,0.048,,1,0,,
148.666,0.5000,0.5000,0.5000,0.5000,-1.26,21.93,0.059,,1,0,,
148.697,0.5000,0.5000,0.5000,0.5000,-1.30,22.11,0.059,,1,0,,
148.730,0.5000,0.5000,0.5000,0.5000,-1.34,22.28,0.055,,1,0,,
148.761,0.5000,0.5000,0.5000,0.5000,-1.43,22.38,0.049,,1,0,,
148.795,0.5000,0.5000,0.5000,0.5000,-1.50,22.50,0.048,,1,0,,
148.842,0.5000,0.5000,0.5000,0.5000,-1.61,22.59,0.037,,1,0,,
148.874,0.5000,0.5000,0.5000,0.5000,-1.66,22.62,0.033,,1,0,,
148.906,0.5000,0.5000,0.5000,0.5000,-1.73,22.67,0.046,,1,0,,
148.937,0.5000,0.5000,0.5000,0.5000,-1.81,22.61,0.059,,1,0,,
148.970,0.5000,0.5000,0.5000,0.5000,-1.92,22.54,0.055,,1,0,,
149.001,0.5000,0.5000,0.5000,0.5000,-2.07,22.47,0.054,,1,0,,
149.034,0.5000,0.5000,0.5000,0.5000,-2.20,22.31,0.052,,1,0,,
149.066,0.5000,0.5000,0.5000,0.5000,-2.33,22.17,0.060,,1,0,,
149.099,0.5000,0.5000,0.5000,0.5000,-2.42,22.07,0.051,,1,0,,
149.131,0.5000,0.5000,0.5000,0.5000,-2.48,22.01,0.049,,1,0,,
149.163,0.5000,0.5000,0.5000,0.5000,-2.50,21.97,0.051,,1,0,,
149.193,0.5000,0.5000,0.5000,0.5000,-2.52,21.95,0.050,,1,0,,
149.225,0.5000,0.5000,0.5000,0.5000,-2.60,21.93,0.052,,1,0,,
149.259,0.5000,0.5000,0.5000,0.5000,-2.65,21.93,0.053,,1,0,,
149.289,0.5000,0.5000,0.5000,0.5000,-2.70,21.94,0.055,,1,0,,
149.323,0.5000,0.5000,0.5000,0.5000,-2.74,21.87,0.044,,1,0,,
149.354,0.5000,0.5000,0.5000,0.5000,-2.79,21.78,0.039,,1,0,,
149.402,0.5000,0.5000,0.5000,0.5000,-2.86,21.77,0.050,,1,0,,
149.434,0.5000,0.5000,0.5000,0.5000,-2.91,21.76,0.053,,1,0,,
149.465,0.5000,0.5000,0.5000,0.5000,-2.97,21.73,0.054,,1,0,,
149.498,0.5000,0.5000,0.5000,0.5000,-3.03,21.68,0.051,,1,0,,
149.531,0.5000,0.5000,0.5000,0.5000,-3.06,21.65,0.054,,1,0,,
149.561,0.5000,0.5000,0.5000,0.5000,-3.09,21.61,0.067,,1,0,,
149.595,0.5000,0.5000,0.5000,0.5000,-3.13,21.59,0.065,,1,0,,
149.625,0.5000,0.5000,0.5000,0.5000,-3.15,21.55,0.070,,1,0,,
149.658,0.5000,0.5000,0.5000,0.5000,-3.20,21.54,0.067,,1,0,,
149.690,0.5000,0.5000,0.5000,0.5000,-3.22,21.53,0.060,,1,0,,
149.723,0.5000,0.5000,0.5000,0.5000,-3.24,21.50,0.062,,1,0,,
149.756,0.5000,0.5000,0.5000,0.5000,-3.26,21.47,0.052,,1,0,,
149.788,0.5000,0.5000,0.5000,0.5000,-3.29,21.42,0.047,,1,0,,
149.855,0.5000,0.5000,0.5000,0.5000,-3.37,21.32,0.058,,1,0,,
149.882,0.5000,0.5000,0.5000,0.5000,-3.39,21.28,0.061,,1,0,,
149.913,0.5000,0.5000,0.5000,0.5000,-3.42,21.23,0.054,,1,0,,
149.963,0.5000,0.5000,0.5000,0.5000,-3.46,21.11,0.051,,1,0,,
149.994,0.5000,0.5000,0.5000,0.5000,-3.48,21.04,0.052,,1,0,,
150.019,0.5000,0.5000,0.5000,0.5000,-3.49,20.99,0.051,,1,0,,
150.044,0.5000,0.5000,0.5000,0.5000,-3.50,20.95,0.049,,1,0,,
150.071,0.5000,0.5000,0.5000,0.5000,-3.51,20.94,0.063,,1,0,,
150.095,0.5000,0.5000,0.5000,0.5000,-3.51,20.92,0.057,,1,0,,
150.122,0.5000,0.5000,0.5000,0.5000,-3.53,20.89,0.056,,1,0,,
150.154,0.5000,0.5000,0.5000,0.5000,-3.54,20.85,0.065,,1,0,,
150.186,0.5000,0.5000,0.5000,0.5000,-3.55,20.82,0.062,,1,0,,
150.252,0.5000,0.5000,0.5000,0.5000,-3.56,20.80,0.054,,1,0,,
150.282,0.5000,0.5000,0.5000,0.5000,-3.56,20.81,0.050,,1,0,,
150.314,0.5000,0.5000,0.5000,0.5000,-3.55,20.85,0.058,,1,0,,
150.346,0.5000,0.5000,0.5000,0.5000,-3.57,20.92,0.034,,1,0,,
150.377,0.5000,0.5000,0.5000,0.5000,-3.65,20.96,0.042,,1,0,,
150.409,0.5000,0.5000,0.5000,0.5000,-3.72,21.13,0.066,,1,0,,
150.441,0.5000,0.5000,0.5000,0.5000,-3.81,21.35,0.070,,1,0,,
150.473,0.5000,0.5000,0.5000,0.5000,-3.94,21.68,0.067,,1,0,,
150.521,0.5000,0.5000,0.5000,0.5000,-4.13,22.18,0.063,,1,0,,
150.555,0.5000,0.5000,0.5000,0.5000,-4.23,22.65,0.073,,1,0,,
150.580,0.5000,0.5000,0.5000,0.5000,-4.31,23.01,0.080,,1,0,,
150.606,0.5000,0.5000,0.5000,0.5000,-4.45,23.48,0.088,,1,0,,
150.650,0.5000,0.5000,0.5000,0.5000,-23.00,24.36,0.176,,1,0,,
150.683,0.5000,0.5000,0.5000,0.5000,-21.83,24.76,0.123,,1,0,,
150.716,0.5000,0.5000,0.5000,0.5000,-35.04,26.84,0.136,,1,0,,
150.749,0.5000,0.5000,0.5000,0.5000,-47.57,30.45,0.145,,1,0,,
150.778,0.5000,0.5000,0.5000,0.5000,-58.06,35.15,0.155,,1,0,,
150.811,0.5000,0.5000,0.5000,0.5000,-66.98,40.89,0.139,,1,0,,
150.842,0.5000,0.5000,0.5000,0.5000,-72.97,46.49,0.147,,1,0,,
150.876,0.5000,0.5000,0.5000,0.5000,-77.14,52.08,0.189,,1,0,,
150.908,0.5000,0.5000,0.5000,0.5000,-79.05,56.79,0.178,,1,0,,
150.938,0.5000,0.5000,0.5000,0.5000,-78.89,60.93,0.176,,1,0,,
150.971,0.5000,0.5000,0.5000,0.5000,-66.75,64.53,0.216,,1,0,,
151.003,0.5000,0.5000,0.5000,0.5000,-54.53,65.28,0.204,,1,0,,
151.035,0.5000,0.5000,0.5000,0.5000,-50.74,66.34,0.180,,1,0,,
151.070,0.5000,0.5000,0.5000,0.5000,-12.65,5.37,0.218,,1,0,,
151.114,0.5000,0.5000,0.5000,0.5000,36.20,65.83,0.237,,1,0,,
151.147,0.5000,0.5000,0.5000,0.5000,-13.63,4.20,0.207,,1,0,,
151.181,0.5000,0.5000,0.5000,0.5000,3.89,-75.85,0.222,,1,0,,
151.213,0.5000,0.5000,0.5000,0.5000,-77.29,15.52,0.215,,1,0,,
151.241,0.5000,0.5000,0.5000,0.5000,32.50,-2.00,0.217,,1,0,,
151.275,0.5000,0.5000,0.5000,0.5000,24.18,59.35,0.216,,1,0,,
151.308,0.5000,0.5000,0.5000,0.5000,46.68,63.23,0.185,,1,0,,
151.339,0.5000,0.5000,0.5000,0.5000,-60.33,-41.34,0.223,,1,0,,
151.371,0.5000,0.5000,0.5000,0.5000,70.58,-6.97,0.223,,1,0,,
151.403,0.5000,0.5000,0.5000,0.5000,-42.10,25.00,0.238,,1,0,,
151.435,0.5000,0.5000,0.5000,0.5000,75.05,38.53,0.192,,1,0,,
151.468,0.5000,0.5000,0.5000,0.5000,-4.46,48.14,0.148,,1,0,,
151.499,0.5000,0.5000,0.5000,0.5000,-3.67,-34.29,0.184,,1,0,,
151.530,0.5000,0.5000,0.5000,0.5000,-22.53,-68.37,0.198,,1,0,,
151.562,0.5000,0.5000,0.5000,0.5000,-55.49,-81.77,0.197,,1,0,,
151.597,0.5000,0.5000,0.5000,0.5000,-10.32,4.88,0.200,,1,0,,
151.626,0.5000,0.5000,0.5000,0.5000,-12.30,35.23,0.168,,1,0,,
151.673,0.5000,0.5000,0.5000,0.5000,-15.53,47.70,0.177,,1,0,,
151.706,0.5000,0.5000,0.5000,0.5000,-26.41,75.94,0.147,,1,0,,
151.740,0.5000,0.5000,0.5000,0.5000,-65.62,57.54,0.141,,1,0,,
151.771,0.5000,0.5000,0.5000,0.5000,-86.63,48.60,0.135,,1,0,,
151.803,0.5000,0.5000,0.5000,0.5000,-79.12,43.58,0.077,,1,0,,
151.834,0.5000,0.5000,0.5000,0.5000,-69.08,40.89,0.164,,1,0,,
151.865,0.5000,0.5000,0.5000,0.5000,-61.47,38.74,0.294,,1,0,,
151.897,0.5000,0.5000,0.5000,0.5000,-55.85,37.46,0.349,,1,0,,
151.930,0.5000,0.5000,0.5000,0.5000,-51.50,36.21,0.387,,1,0,,
151.961,0.5000,0.5000,0.5000,0.5000,-48.28,33.81,0.377,,1,0,,
151.992,0.5000,0.5000,0.5000,0.5000,-45.64,32.38,0.414,,1,0,,
152.029,0.5000,0.5000,0.5000,0.5000,-43.17,30.25,0.400,,1,0,,
152.061,0.5000,0.5000,0.5000,0.5000,-40.73,28.68,0.390,,1,0,,
152.091,0.5000,0.5000,0.5000,0.5000,-38.21,27.56,0.388,,1,0,,
152.125,0.5000,0.5000,0.5000,0.5000,-35.56,27.19,0.404,,1,0,,
152.154,0.5000,0.5000,0.5000,0.5000,-33.11,26.40,0.407,,1,0,,
152.188,0.5000,0.5000,0.5000,0.5000,-30.58,25.72,0.416,,1,0,,
152.265,0.5000,0.5000,0.5000,0.5000,-25.76,24.78,0.399,,1,0,,
152.291,0.5000,0.5000,0.5000,0.5000,-24.20,24.59,0.400,,1,0,,
152.317,0.5000,0.5000,0.5000,0.5000,-22.74,24.37,0.376,,1,0,,
152.343,0.5000,0.5000,0.5000,0.5000,-21.38,23.90,0.333,,1,0,,
152.368,0.5000,0.5000,0.5000,0.5000,-20.35,22.88,0.107,,1,0,,
152.394,0.5000,0.5000,0.5000,0.5000,-19.30,21.48,0.053,,1,0,,
152.425,0.5000,0.5000,0.5000,0.5000,-18.10,20.18,0.081,,1,0,,
152.459,0.5000,0.5000,0.5000,0.5000,-16.95,18.96,0.108,,1,0,,
152.490,0.5000,0.5000,0.5000,0.5000,-15.92,18.18,0.105,,1,0,,
152.525,0.5000,0.5000,0.5000,0.5000,-14.86,17.22,0.118,,1,0,,
152.556,0.5000,0.5000,0.5000,0.5000,-13.99,16.64,0.123,,1,0,,
152.587,0.5000,0.5000,0.5000,0.5000,-13.17,16.31,0.132,,1,0,,
152.652,0.5000,0.5000,0.5000,0.5000,-11.64,16.01,0.189,,1,0,,
152.683,0.5000,0.5000,0.5000,0.5000,-11.01,16.01,0.183,,1,0,,
152.714,0.5000,0.5000,0.5000,0.5000,-10.42,15.83,0.145,,1,0,,
152.747,0.5000,0.5000,0.5000,0.5000,-9.86,15.84,0.149,,1,0,,
152.778,0.5000,0.5000,0.5000,0.5000,-9.35,15.77,0.136,,1,0,,
152.826,0.5000,0.5000,0.5000,0.5000,-8.62,15.66,0.139,,1,0,,
152.853,0.5000,0.5000,0.5000,0.5000,-8.24,15.57,0.138,,1,0,,
152.879,0.5000,0.5000,0.5000,0.5000,-7.91,15.47,0.131,,1,0,,
152.903,0.5000,0.5000,0.5000,0.5000,-7.59,15.46,0.140,,1,0,,
152.933,0.5000,0.5000,0.5000,0.5000,-7.21,15.43,0.132,,1,0,,
152.958,0.5000,0.5000,0.5000,0.5000,-6.84,15.52,0.195,,1,0,,
152.987,0.5000,0.5000,0.5000,0.5000,-6.53,15.82,0.341,,1,0,,
153.053,0.5000,0.5000,0.5000,0.5000,-6.01,16.24,0.459,,1,0,,
153.083,0.5000,0.5000,0.5000,0.5000,-5.75,16.37,0.448,,1,0,,
153.113,0.5000,0.5000,0.5000,0.5000,-5.43,16.47,0.438,,1,0,,
153.147,0.5000,0.5000,0.5000,0.5000,-5.09,16.54,0.425,,1,0,,
153.178,0.5000,0.5000,0.5000,0.5000,-4.84,16.65,0.448,,1,0,,
153.211,0.5000,0.5000,0.5000,0.5000,-4.58,16.66,0.440,,1,0,,
153.243,0.5000,0.5000,0.5000,0.5000,-4.30,16.56,0.429,,1,0,,
153.275,0.5000,0.5000,0.5000,0.5000,-4.08,16.58,0.412,,1,0,,
153.306,0.5000,0.5000,0.5000,0.5000,-3.85,16.63,0.420,,1,0,,
153.338,0.5000,0.5000,0.5000,0.5000,-3.66,16.67,0.419,,1,0,,
153.386,0.5000,0.5000,0.5000,0.5000,-3.39,16.60,0.410,,1,0,,
153.418,0.5000,0.5000,0.5000,0.5000,-3.21,16.57,0.414,,1,0,,
153.450,0.5000,0.5000,0.5000,0.5000,-3.06,16.64,0.435,,1,0,,
153.483,0.5000,0.5000,0.5000,0.5000,-2.91,16.66,0.453,,1,0,,
153.516,0.5000,0.5000,0.5000,0.5000,-2.77,16.56,0.452,,1,0,,
153.546,0.5000,0.5000,0.5000,0.5000,-2.66,16.51,0.442,,1,0,,
153.578,0.5000,0.5000,0.5000,0.5000,-2.57,16.20,0.429,,1,0,,
153.610,0.5000,0.5000,0.5000,0.5000,-2.50,15.77,0.425,,1,0,,
153.644,0.5000,0.5000,0.5000,0.5000,-2.45,15.29,0.430,,1,0,,
153.674,0.5000,0.5000,0.5000,0.5000,-2.36,15.15,0.436,,1,0,,
153.708,0.5000,0.5000,0.5000,0.5000,-2.27,15.11,0.438,,1,0,,
153.740,0.5000,0.5000,0.5000,0.5000,-2.18,15.15,0.424,,1,0,,
153.771,0.5000,0.5000,0.5000,0.5000,-2.09,15.20,0.419,,1,0,,
153.802,0.5000,0.5000,0.5000,0.5000,-2.02,15.31,0.423,,1,0,,
153.834,0.5000,0.5000,0.5000,0.5000,-1.91,15.43,0.409,,1,0,,
153.867,0.5000,0.5000,0.5000,0.5000,-1.83,15.47,0.412,,1,0,,
153.900,0.5000,0.5000,0.5000,0.5000,-1.78,15.56,0.416,,1,0,,
153.947,0.5000,0.5000,0.5000,0.5000,-1.70,15.63,0.397,,1,0,,
153.977,0.5000,0.5000,0.5000,0.5000,-1.63,15.73,0.404,,1,0,,
154.011,0.5000,0.5000,0.5000,0.5000,-1.56,15.82,0.407,,1,0,,
154.043,0.5000,0.5000,0.5000,0.5000,-1.52,15.92,0.419,,1,0,,
154.073,0.5000,0.5000,0.5000,0.5000,-1.48,16.04,0.422,,1,0,,
154.105,0.5000,0.5000,0.5000,0.5000,-1.45,16.16,0.429,,1,0,,
154.138,0.5000,0.5000,0.5000,0.5000,-1.41,16.33,0.428,,1,0,,
154.171,0.5000,0.5000,0.5000,0.5000,-1.36,16.51,0.425,,1,0,,
154.202,0.5000,0.5000,0.5000,0.5000,-1.34,16.68,0.420,,1,0,,
154.235,0.5000,0.5000,0.5000,0.5000,-1.32,16.79,0.418,,1,0,,
154.267,0.5000,0.5000,0.5000,0.5000,-1.29,16.91,0.417,,1,0,,
154.299,0.5000,0.5000,0.5000,0.5000,-1.27,17.07,0.410,,1,0,,
154.331,0.5000,0.5000,0.5000,0.5000,-1.23,17.16,0.410,,1,0,,
154.363,0.5000,0.5000,0.5000,0.5000,-1.18,17.25,0.416,,1,0,,
154.395,0.5000,0.5000,0.5000,0.5000,-1.13,17.30,0.416,,1,0,,
154.426,0.5000,0.5000,0.5000,0.5000,-1.10,17.31,0.418,,1,0,,
154.458,0.5000,0.5000,0.5000,0.5000,-1.07,17.35,0.417,,1,0,,
154.507,0.5000,0.5000,0.5000,0.5000,-1.04,17.37,0.417,,1,0,,
154.538,0.5000,0.5000,0.5000,0.5000,-1.01,17.39,0.418,,1,0,,
154.571,0.5000,0.5000,0.5000,0.5000,-1.00,17.47,0.416,,1,0,,
154.602,0.5000,0.5000,0.5000,0.5000,-0.97,17.54,0.412,,1,0,,
154.636,0.5000,0.5000,0.5000,0.5000,-0.93,17.61,0.407,,1,0,,
154.666,0.5000,0.5000,0.5000,0.5000,-0.91,17.66,0.407,,1,0,,
154.699,0.5000,0.5000,0.5000,0.5000,-0.89,17.68,0.406,,1,0,,
154.731,0.5000,0.5000,0.5000,0.5000,-0.88,17.68,0.404,,1,0,,
154.762,0.5000,0.5000,0.5000,0.5000,-0.87,17.69,0.407,,1,0,,
154.795,0.5000,0.5000,0.5000,0.5000,-0.86,17.71,0.397,,1,0,,
154.827,0.5000,0.5000,0.5000,0.5000,-0.84,17.72,0.396,,1,0,,
154.859,0.5000,0.5000,0.5000,0.5000,-0.83,17.73,0.377,,1,0,,
154.891,0.5000,0.5000,0.5000,0.5000,-0.82,17.72,0.374,,1,0,,
154.923,0.5000,0.5000,0.5000,0.5000,-0.80,17.72,0.378,,1,0,,
154.954,0.5000,0.5000,0.5000,0.5000,-0.80,17.73,0.380,,1,0,,
154.986,0.5000,0.5000,0.5000,0.5000,-0.79,17.77,0.377,,1,0,,
155.054,0.5000,0.5000,0.5000,0.5000,-0.77,17.87,0.371,,1,0,,
155.097,0.5000,0.5000,0.5000,0.5000,-0.76,17.95,0.368,,1,0,,
155.130,0.5000,0.5000,0.5000,0.5000,-0.74,18.00,0.379,,1,0,,
155.157,0.5000,0.5000,0.5000,0.5000,-0.73,18.03,0.385,,1,0,,
155.181,0.5000,0.5000,0.5000,0.5000,-0.71,18.06,0.389,,1,0,,
155.207,0.5000,0.5000,0.5000,0.5000,-0.71,18.07,0.385,,1,0,,
155.234,0.5000,0.5000,0.5000,0.5000,-0.72,18.08,0.390,,1,0,,
155.258,0.5000,0.5000,0.5000,0.5000,-0.73,18.11,0.384,,1,0,,
155.291,0.5000,0.5000,0.5000,0.5000,-0.74,18.15,0.386,,1,0,,
155.323,0.5000,0.5000,0.5000,0.5000,-0.74,18.20,0.387,,1,0,,
155.355,0.5000,0.5000,0.5000,0.5000,-0.74,18.27,0.384,,1,0,,
155.386,0.5000,0.5000,0.5000,0.5000,-0.76,18.35,0.389,,1,0,,
155.451,0.5000,0.5000,0.5000,0.5000,-0.74,18.36,0.385,,1,0,,
155.482,0.5000,0.5000,0.5000,0.5000,-0.73,18.37,0.385,,1,0,,
155.515,0.5000,0.5000,0.5000,0.5000,-0.73,18.39,0.386,,1,0,,
155.546,0.5000,0.5000,0.5000,0.5000,-0.71,18.40,0.383,,1,0,,
155.579,0.5000,0.5000,0.5000,0.5000,-0.70,18.42,0.381,,1,0,,
155.610,0.5000,0.5000,0.5000,0.5000,-0.68,18.46,0.376,,1,0,,
155.659,0.5000,0.5000,0.5000,0.5000,-0.67,18.53,0.381,,1,0,,
155.691,0.5000,0.5000,0.5000,0.5000,-0.66,18.55,0.391,,1,0,,
155.716,0.5000,0.5000,0.5000,0.5000,-0.64,18.56,0.397,,1,0,,
155.741,0.5000,0.5000,0.5000,0.5000,-0.63,18.55,0.398,,1,0,,
155.766,0.5000,0.5000,0.5000,0.5000,-0.62,18.59,0.394,,1,0,,
155.790,0.5000,0.5000,0.5000,0.5000,-0.62,18.61,0.395,,1,0,,
155.851,0.5000,0.5000,0.5000,0.5000,-0.58,18.53,0.387,,1,0,,
155.883,0.5000,0.5000,0.5000,0.5000,-0.58,18.53,0.387,,1,0,,
155.914,0.5000,0.5000,0.5000,0.5000,-0.60,18.55,0.386,,1,0,,
155.947,0.5000,0.5000,0.5000,0.5000,-0.62,18.57,0.386,,1,0,,
155.977,0.5000,0.5000,0.5000,0.5000,-0.63,18.60,0.384,,1,0,,
156.012,0.5000,0.5000,0.5000,0.5000,-0.64,18.64,0.383,,1,0,,
156.042,0.5000,0.5000,0.5000,0.5000,-0.64,18.64,0.389,,1,0,,
156.075,0.5000,0.5000,0.5000,0.5000,-0.65,18.69,0.391,,1,0,,
156.109,0.5000,0.5000,0.5000,0.5000,-0.65,18.73,0.386,,1,0,,
156.138,0.5000,0.5000,0.5000,0.5000,-0.65,18.76,0.389,,1,0,,
156.171,0.5000,0.5000,0.5000,0.5000,-0.64,18.77,0.389,,1,0,,
156.218,0.5000,0.5000,0.5000,0.5000,-0.64,18.78,0.388,,1,0,,
156.250,0.5000,0.5000,0.5000,0.5000,-0.63,18.82,0.387,,1,0,,
156.282,0.5000,0.5000,0.5000,0.5000,-0.65,18.87,0.391,,1,0,,
156.315,0.5000,0.5000,0.5000,0.5000,-0.64,18.90,0.383,,1,0,,
156.347,0.5000,0.5000,0.5000,0.5000,-0.62,18.95,0.383,,1,0,,
156.379,0.5000,0.5000,0.5000,0.5000,-0.61,19.00,0.387,,1,0,,
156.410,0.5000,0.5000,0.5000,0.5000,-0.61,19.04,0.423,,1,0,,
156.442,0.5000,0.5000,0.5000,0.5000,-0.63,19.07,0.445,,1,0,,
156.476,0.5000,0.5000,0.5000,0.5000,-0.62,19.10,0.450,,1,0,,
156.507,0.5000,0.5000,0.5000,0.5000,-0.64,19.05,0.447,,1,0,,
156.538,0.5000,0.5000,0.5000,0.5000,-0.64,18.99,0.453,,1,0,,
156.572,0.5000,0.5000,0.5000,0.5000,-0.64,18.99,0.454,,1,0,,
156.603,0.5000,0.5000,0.5000,0.5000,-0.65,19.05,0.446,,1,0,,
156.635,0.5000,0.5000,0.5000,0.5000,-0.67,19.13,0.450,,1,0,,
156.667,0.5000,0.5000,0.5000,0.5000,-0.68,19.20,0.448,,1,0,,
156.698,0.5000,0.5000,0.5000,0.5000,-0.69,19.23,0.453,,1,0,,
156.730,0.5000,0.5000,0.5000,0.5000,-0.70,19.22,0.451,,1,0,,
156.779,0.5000,0.5000,0.5000,0.5000,-0.69,19.13,0.447,,1,0,,
156.810,0.5000,0.5000,0.5000,0.5000,-0.69,19.11,0.451,,1,0,,
156.841,0.5000,0.5000,0.5000,0.5000,-0.69,19.06,0.447,,1,0,,
156.874,0.5000,0.5000,0.5000,0.5000,-0.70,19.02,0.448,,1,0,,
156.905,0.5000,0.5000,0.5000,0.5000,-0.72,19.05,0.450,,1,0,,
156.939,0.5000,0.5000,0.5000,0.5000,-0.73,19.08,0.451,,1,0,,
156.971,0.5000,0.5000,0.5000,0.5000,-0.75,19.09,0.451,,1,0,,
157.003,0.5000,0.5000,0.5000,0.5000,-0.75,19.09,0.451,,1,0,,
157.035,0.5000,0.5000,0.5000,0.5000,-0.75,19.10,0.446,,1,0,,
157.070,0.5000,0.5000,0.5000,0.5000,-0.74,19.15,0.440,,1,0,,
157.100,0.5000,0.5000,0.5000,0.5000,-0.72,19.19,0.443,,1,0,,
157.130,0.5000,0.5000,0.5000,0.5000,-0.69,19.26,0.446,,1,0,,
157.163,0.5000,0.5000,0.5000,0.5000,-0.69,19.33,0.443,,1,0,,
157.194,0.5000,0.5000,0.5000,0.5000,-0.67,19.41,0.445,,1,0,,
157.226,0.5000,0.5000,0.5000,0.5000,-0.67,19.50,0.445,,1,0,,
157.259,0.5000,0.5000,0.5000,0.5000,-0.65,19.56,0.446,,1,0,,
157.291,0.5000,0.5000,0.5000,0.5000,-0.62,19.59,0.450,,1,0,,
157.322,0.5000,0.5000,0.5000,0.5000,-0.60,19.60,0.449,,1,0,,
157.372,0.5000,0.5000,0.5000,0.5000,-0.55,19.62,0.450,,1,0,,
157.403,0.5000,0.5000,0.5000,0.5000,-0.52,19.63,0.444,,1,0,,
157.436,0.5000,0.5000,0.5000,0.5000,-0.49,19.65,0.441,,1,0,,
157.469,0.5000,0.5000,0.5000,0.5000,-0.47,19.67,0.443,,1,0,,
157.499,0.5000,0.5000,0.5000,0.5000,-0.45,19.69,0.440,,1,0,,
157.530,0.5000,0.5000,0.5000,0.5000,-0.43,19.70,0.441,,1,0,,
157.561,0.5000,0.5000,0.5000,0.5000,-0.42,19.70,0.444,,1,0,,
157.593,0.5000,0.5000,0.5000,0.5000,-0.42,19.71,0.442,,1,0,,
157.627,0.5000,0.5000,0.5000,0.5000,-0.43,19.70,0.445,,1,0,,
157.659,0.5000,0.5000,0.5000,0.5000,-0.45,19.70,0.445,,1,0,,
157.690,0.5000,0.5000,0.5000,0.5000,-0.45,19.66,0.443,,1,0,,
157.723,0.5000,0.5000,0.5000,0.5000,-0.46,19.65,0.438,,1,0,,
157.755,0.5000,0.5000,0.5000,0.5000,-0.47,19.68,0.436,,1,0,,
157.786,0.5000,0.5000,0.5000,0.5000,-0.46,19.72,0.436,,1,0,,
157.854,0.5000,0.5000,0.5000,0.5000,-0.41,19.81,0.432,,1,0,,
157.882,0.5000,0.5000,0.5000,0.5000,-0.39,19.81,0.431,,1,0,,
157.931,0.5000,0.5000,0.5000,0.5000,-0.39,19.83,0.429,,1,0,,
157.962,0.5000,0.5000,0.5000,0.5000,-0.40,19.83,0.431,,1,0,,
157.987,0.5000,0.5000,0.5000,0.5000,-0.41,19.84,0.433,,1,0,,
158.013,0.5000,0.5000,0.5000,0.5000,-0.41,19.83,0.424,,1,0,,
158.037,0.5000,0.5000,0.5000,0.5000,-0.41,19.86,0.424,,1,0,,
158.065,0.5000,0.5000,0.5000,0.5000,-0.39,19.88,0.425,,1,0,,
158.091,0.5000,0.5000,0.5000,0.5000,-0.37,19.89,0.429,,1,0,,
158.122,0.5000,0.5000,0.5000,0.5000,-0.36,19.91,0.433,,1,0,,
158.157,0.5000,0.5000,0.5000,0.5000,-0.34,19.91,0.424,,1,0,,
158.187,0.5000,0.5000,0.5000,0.5000,-0.31,19.94,0.431,,1,0,,
158.252,0.5000,0.5000,0.5000,0.5000,-0.24,20.02,0.433,,1,0,,
158.282,0.5000,0.5000,0.5000,0.5000,-0.22,20.02,0.434,,1,0,,
158.314,0.5000,0.5000,0.5000,0.5000,-0.21,20.07,0.436,,1,0,,
158.348,0.5000,0.5000,0.5000,0.5000,-0.19,20.08,0.435,,1,0,,
158.378,0.5000,0.5000,0.5000,0.5000,-0.16,20.07,0.432,,1,0,,
158.410,0.5000,0.5000,0.5000,0.5000,-0.13,20.11,0.433,,1,0,,
158.444,0.5000,0.5000,0.5000,0.5000,-0.11,20.15,0.431,,1,0,,
158.489,0.5000,0.5000,0.5000,0.5000,-0.10,20.18,0.432,,1,0,,
158.523,0.5000,0.5000,0.5000,0.5000,-0.10,20.21,0.431,,1,0,,
158.549,0.5000,0.5000,0.5000,0.5000,-0.10,20.21,0.431,,1,0,,
158.574,0.5000,0.5000,0.5000,0.5000,-0.09,20.21,0.429,,1,0,,
158.599,0.5000,0.5000,0.5000,0.5000,-0.08,20.19,0.428,,1,0,,
158.649,0.5000,0.5000,0.5000,0.5000,-0.06,20.21,0.433,,1,0,,
158.682,0.5000,0.5000,0.5000,0.5000,-0.05,20.18,0.434,,1,0,,
158.716,0.5000,0.5000,0.5000,0.5000,-0.05,20.15,0.427,,1,0,,
158.746,0.5000,0.5000,0.5000,0.5000,-0.04,20.16,0.428,,1,0,,
158.778,0.5000,0.5000,0.5000,0.5000,-0.03,20.16,0.427,,1,0,,
158.810,0.5000,0.5000,0.5000,0.5000,-0.02,20.15,0.430,,1,0,,
158.841,0.5000,0.5000,0.5000,0.5000,-0.00,20.14,0.430,,1,0,,
158.875,0.5000,0.5000,0.5000,0.5000,0.02,20.08,0.428,,1,0,,
158.906,0.5000,0.5000,0.5000,0.5000,0.04,20.03,0.430,,1,0,,
158.938,0.5000,0.5000,0.5000,0.5000,0.09,19.96,0.429,,1,0,,
158.970,0.5000,0.5000,0.5000,0.5000,0.13,19.91,0.427,,1,0,,
159.003,0.5000,0.5000,0.5000,0.5000,0.17,19.85,0.429,,1,0,,
159.036,0.5000,0.5000,0.5000,0.5000,0.21,19.82,0.425,,1,0,,
159.083,0.5000,0.5000,0.5000,0.5000,0.25,19.83,0.424,,1,0,,
159.121,0.5000,0.5000,0.5000,0.5000,0.27,19.87,0.426,,1,0,,
159.149,0.5000,0.5000,0.5000,0.5000,0.29,19.92,0.428,,1,0,,
159.178,0.5000,0.5000,0.5000,0.5000,0.29,19.95,0.434,,1,0,,
159.209,0.5000,0.5000,0.5000,0.5000,0.30,19.94,0.433,,1,0,,
159.243,0.5000,0.5000,0.5000,0.5000,0.31,19.87,0.432,,1,0,,
159.274,0.5000,0.5000,0.5000,0.5000,0.32,19.84,0.435,,1,0,,
159.307,0.5000,0.5000,0.5000,0.5000,0.32,19.81,0.433,,1,0,,
159.338,0.5000,0.5000,0.5000,0.5000,0.33,19.80,0.432,,1,0,,
159.370,0.5000,0.5000,0.5000,0.5000,0.34,19.80,0.431,,1,0,,
159.402,0.5000,0.5000,0.5000,0.5000,0.35,19.81,0.427,,1,0,,
159.436,0.5000,0.5000,0.5000,0.5000,0.35,19.85,0.426,,1,0,,
159.465,0.5000,0.5000,0.5000,0.5000,0.36,19.88,0.425,,1,0,,
159.498,0.5000,0.5000,0.5000,0.5000,0.36,19.93,0.425,,1,0,,
159.530,0.5000,0.5000,0.5000,0.5000,0.37,19.95,0.424,,1,0,,
159.563,0.5000,0.5000,0.5000,0.5000,0.37,19.98,0.426,,1,0,,
159.595,0.5000,0.5000,0.5000,0.5000,0.37,20.07,0.432,,1,0,,
159.643,0.5000,0.5000,0.5000,0.5000,0.39,20.20,0.431,,1,0,,
159.674,0.5000,0.5000,0.5000,0.5000,0.39,20.31,0.433,,1,0,,
159.706,0.5000,0.5000,0.5000,0.5000,0.41,20.40,0.430,,1,0,,
159.738,0.5000,0.5000,0.5000,0.5000,0.43,20.46,0.431,,1,0,,
159.771,0.5000,0.5000,0.5000,0.5000,0.45,20.51,0.428,,1,0,,
159.804,0.5000,0.5000,0.5000,0.5000,0.47,20.56,0.432,,1,0,,
159.835,0.5000,0.5000,0.5000,0.5000,0.48,20.59,0.430,,1,0,,
159.866,0.5000,0.5000,0.5000,0.5000,0.49,20.60,0.435,,1,0,,
159.901,0.5000,0.5000,0.5000,0.5000,0.50,20.54,0.436,,1,0,,
159.931,0.5000,0.5000,0.5000,0.5000,0.51,20.51,0.436,,1,0,,
159.962,0.5000,0.5000,0.5000,0.5000,0.52,20.50,0.438,,1,0,,
159.994,0.5000,0.5000,0.5000,0.5000,0.54,20.49,0.437,,1,0,,
160.026,0.5000,0.5000,0.5000,0.5000,0.54,20.47,0.437,,1,0,,
160.061,0.5000,0.5000,0.5000,0.5000,0.53,20.43,0.438,,1,0,,
160.089,0.5000,0.5000,0.5000,0.5000,0.52,20.41,0.432,,1,0,,
160.121,0.5000,0.5000,0.5000,0.5000,0.52,20.40,0.432,,1,0,,
160.154,0.5000,0.5000,0.5000,0.5000,0.52,20.41,0.434,,1,0,,
160.202,0.5000,0.5000,0.5000,0.5000,0.52,20.45,0.434,,1,0,,
160.234,0.5000,0.5000,0.5000,0.5000,0.52,20.50,0.434,,1,0,,
160.265,0.5000,0.5000,0.5000,0.5000,0.53,20.57,0.434,,1,0,,
160.300,0.5000,0.5000,0.5000,0.5000,0.55,20.59,0.434,,1,0,,
160.331,0.5000,0.5000,0.5000,0.5000,0.56,20.62,0.433,,1,0,,
160.361,0.5000,0.5000,0.5000,0.5000,0.58,20.66,0.433,,1,0,,
160.395,0.5000,0.5000,0.5000,0.5000,0.63,20.69,0.431,,1,0,,
160.426,0.5000,0.5000,0.5000,0.5000,0.66,20.73,0.430,,1,0,,
160.460,0.5000,0.5000,0.5000,0.5000,0.68,20.79,0.432,,1,0,,
160.490,0.5000,0.5000,0.5000,0.5000,0.71,20.80,0.435,,1,0,,
160.521,0.5000,0.5000,0.5000,0.5000,0.72,20.78,0.441,,1,0,,
160.554,0.5000,0.5000,0.5000,0.5000,0.72,20.77,0.441,,1,0,,
160.588,0.5000,0.5000,0.5000,0.5000,0.74,20.75,0.440,,1,0,,
160.654,0.5000,0.5000,0.5000,0.5000,0.77,20.84,0.438,,1,0,,
160.682,0.5000,0.5000,0.5000,0.5000,0.79,20.88,0.440,,1,0,,
160.716,0.5000,0.5000,0.5000,0.5000,0.82,20.92,0.435,,1,0,,
160.764,0.5000,0.5000,0.5000,0.5000,0.82,20.98,0.433,,1,0,,
160.794,0.5000,0.5000,0.5000,0.5000,0.83,21.02,0.435,,1,0,,
160.820,0.5000,0.5000,0.5000,0.5000,0.83,21.07,0.436,,1,0,,
160.844,0.5000,0.5000,0.5000,0.5000,0.84,21.10,0.434,,1,0,,
160.871,0.5000,0.5000,0.5000,0.5000,0.85,21.13,0.434,,1,0,,
160.896,0.5000,0.5000,0.5000,0.5000,0.87,21.17,0.434,,1,0,,
160.922,0.5000,0.5000,0.5000,0.5000,0.88,21.19,0.433,,1,0,,
160.954,0.5000,0.5000,0.5000,0.5000,0.90,21.17,0.433,,1,0,,
160.987,0.5000,0.5000,0.5000,0.5000,0.91,21.14,0.434,,1,0,,
161.054,0.5000,0.5000,0.5000,0.5000,0.90,21.05,0.438,,1,0,,
161.084,0.5000,0.5000,0.5000,0.5000,0.90,21.08,0.435,,1,0,,
161.115,0.5000,0.5000,0.5000,0.5000,0.92,21.09,0.431,,1,0,,
161.148,0.5000,0.5000,0.5000,0.5000,0.94,21.12,0.429,,1,0,,
161.179,0.5000,0.5000,0.5000,0.5000,0.96,21.15,0.430,,1,0,,
161.212,0.5000,0.5000,0.5000,0.5000,0.96,21.17,0.428,,1,0,,
161.243,0.5000,0.5000,0.5000,0.5000,0.96,21.20,0.428,,1,0,,
161.273,0.5000,0.5000,0.5000,0.5000,0.95,21.21,0.427,,1,0,,
161.306,0.5000,0.5000,0.5000,0.5000,0.94,21.23,0.427,,1,0,,
161.355,0.5000,0.5000,0.5000,0.5000,0.94,21.28,0.428,,1,0,,
161.381,0.5000,0.5000,0.5000,0.5000,0.94,21.31,0.430,,1,0,,
161.404,0.5000,0.5000,0.5000,0.5000,0.93,21.35,0.431,,1,0,,
161.450,0.5000,0.5000,0.5000,0.5000,0.92,21.43,0.429,,1,0,,
161.482,0.5000,0.5000,0.5000,0.5000,0.91,21.47,0.426,,1,0,,
161.515,0.5000,0.5000,0.5000,0.5000,0.89,21.47,0.440,,1,0,,
161.547,0.5000,0.5000,0.5000,0.5000,0.90,21.48,0.449,,1,0,,
161.578,0.5000,0.5000,0.5000,0.5000,0.91,21.47,0.438,,1,0,,
161.610,0.5000,0.5000,0.5000,0.5000,0.94,21.48,0.425,,1,0,,
161.641,0.5000,0.5000,0.5000,0.5000,0.96,21.47,0.424,,1,0,,
161.675,0.5000,0.5000,0.5000,0.5000,0.97,21.46,0.426,,1,0,,
161.707,0.5000,0.5000,0.5000,0.5000,1.00,21.47,0.427,,1,0,,
161.738,0.5000,0.5000,0.5000,0.5000,1.02,21.50,0.425,,1,0,,
161.774,0.5000,0.5000,0.5000,0.5000,1.04,21.49,0.428,,1,0,,
161.809,0.5000,0.5000,0.5000,0.5000,1.04,21.45,0.428,,1,0,,
161.841,0.5000,0.5000,0.5000,0.5000,1.04,21.42,0.430,,1,0,,
161.870,0.5000,0.5000,0.5000,0.5000,1.05,21.42,0.429,,1,0,,
161.915,0.5000,0.5000,0.5000,0.5000,1.07,21.41,0.429,,1,0,,
161.947,0.5000,0.5000,0.5000,0.5000,1.07,21.39,0.431,,1,0,,
161.978,0.5000,0.5000,0.5000,0.5000,1.08,21.40,0.431,,1,0,,
162.012,0.5000,0.5000,0.5000,0.5000,1.09,21.42,0.433,,1,0,,
162.042,0.5000,0.5000,0.5000,0.5000,1.09,21.44,0.430,,1,0,,
162.074,0.5000,0.5000,0.5000,0.5000,1.10,21.46,0.431,,1,0,,
162.107,0.5000,0.5000,0.5000,0.5000,1.12,21.46,0.431,,1,0,,
162.138,0.5000,0.5000,0.5000,0.5000,1.14,21.47,0.434,,1,0,,
162.171,0.5000,0.5000,0.5000,0.5000,1.17,21.44,0.427,,1,0,,
162.202,0.5000,0.5000,0.5000,0.5000,1.19,21.39,0.427,,1,0,,
162.235,0.5000,0.5000,0.5000,0.5000,1.21,21.40,0.423,,1,0,,
162.266,0.5000,0.5000,0.5000,0.5000,1.23,21.41,0.424,,1,0,,
162.299,0.5000,0.5000,0.5000,0.5000,1.24,21.37,0.425,,1,0,,
162.330,0.5000,0.5000,0.5000,0.5000,1.25,21.37,0.427,,1,0,,
162.360,0.5000,0.5000,0.5000,0.5000,1.25,21.39,0.425,,1,0,,
162.395,0.5000,0.5000,0.5000,0.5000,1.25,21.39,0.426,,1,0,,
162.430,0.5000,0.5000,0.5000,0.5000,1.24,21.39,0.424,,1,0,,
162.475,0.5000,0.5000,0.5000,0.5000,1.25,21.39,0.358,,1,0,,
162.506,0.5000,0.5000,0.5000,0.5000,1.26,21.16,0.136,,1,0,,
162.539,0.5000,0.5000,0.5000,0.5000,1.23,20.72,0.097,,1,0,,
162.570,0.5000,0.5000,0.5000,0.5000,1.17,20.28,0.080,,1,0,,
162.602,0.5000,0.5000,0.5000,0.5000,1.14,19.96,0.126,,1,0,,
162.634,0.5000,0.5000,0.5000,0.5000,1.11,19.70,0.152,,1,0,,
162.668,0.5000,0.5000,0.5000,0.5000,1.08,19.46,0.174,,1,0,,
162.699,0.5000,0.5000,0.5000,0.5000,1.06,19.25,0.180,,1,0,,
162.731,0.5000,0.5000,0.5000,0.5000,1.03,19.10,0.191,,1,0,,
162.763,0.5000,0.5000,0.5000,0.5000,1.02,18.95,0.213,,1,0,,
162.794,0.5000,0.5000,0.5000,0.5000,1.01,18.82,0.213,,1,0,,
162.826,0.5000,0.5000,0.5000,0.5000,1.00,18.72,0.210,,1,0,,
162.859,0.5000,0.5000,0.5000,0.5000,0.99,18.62,0.222,,1,0,,
162.889,0.5000,0.5000,0.5000,0.5000,0.98,18.54,0.226,,1,0,,
162.923,0.5000,0.5000,0.5000,0.5000,0.98,18.44,0.232,,1,0,,
162.954,0.5000,0.5000,0.5000,0.5000,0.97,18.39,0.245,,1,0,,
162.987,0.5000,0.5000,0.5000,0.5000,0.95,18.36,0.250,,1,0,,
163.067,0.5000,0.5000,0.5000,0.5000,0.93,18.34,0.255,,1,0,,
163.092,0.5000,0.5000,0.5000,0.5000,0.92,18.35,0.262,,1,0,,
163.118,0.5000,0.5000,0.5000,0.5000,0.91,18.35,0.265,,1,0,,
163.143,0.5000,0.5000,0.5000,0.5000,0.90,18.35,0.266,,1,0,,
163.170,0.5000,0.5000,0.5000,0.5000,0.89,18.35,0.268,,1,0,,
163.196,0.5000,0.5000,0.5000,0.5000,0.89,18.29,0.263,,1,0,,
163.226,0.5000,0.5000,0.5000,0.5000,0.89,18.21,0.269,,1,0,,
163.258,0.5000,0.5000,0.5000,0.5000,0.89,18.12,0.270,,1,0,,
163.292,0.5000,0.5000,0.5000,0.5000,0.90,18.04,0.271,,1,0,,
163.323,0.5000,0.5000,0.5000,0.5000,0.91,17.99,0.253,,1,0,,
163.354,0.5000,0.5000,0.5000,0.5000,0.92,17.99,0.257,,1,0,,
163.389,0.5000,0.5000,0.5000,0.5000,0.92,17.97,0.253,,1,0,,
163.452,0.5000,0.5000,0.5000,0.5000,0.92,17.72,0.255,,1,0,,
163.482,0.5000,0.5000,0.5000,0.5000,0.92,17.62,0.249,,1,0,,
163.516,0.5000,0.5000,0.5000,0.5000,0.91,17.58,0.239,,1,0,,
163.547,0.5000,0.5000,0.5000,0.5000,0.90,17.50,0.233,,1,0,,
163.579,0.5000,0.5000,0.5000,0.5000,0.91,17.41,0.234,,1,0,,
163.626,0.5000,0.5000,0.5000,0.5000,0.92,17.29,0.235,,1,0,,
163.657,0.5000,0.5000,0.5000,0.5000,0.93,17.22,0.240,,1,0,,
163.682,0.5000,0.5000,0.5000,0.5000,0.94,17.18,0.243,,1,0,,
163.706,0.5000,0.5000,0.5000,0.5000,0.95,17.16,0.242,,1,0,,
163.733,0.5000,0.5000,0.5000,0.5000,0.95,17.18,0.238,,1,0,,
163.760,0.5000,0.5000,0.5000,0.5000,0.96,17.19,0.231,,1,0,,
163.786,0.5000,0.5000,0.5000,0.5000,0.96,17.18,0.238,,1,0,,
163.854,0.5000,0.5000,0.5000,0.5000,0.96,17.21,0.212,,1,0,,
163.883,0.5000,0.5000,0.5000,0.5000,0.97,17.17,0.214,,1,0,,
163.915,0.5000,0.5000,0.5000,0.5000,0.97,17.16,0.214,,1,0,,
163.947,0.5000,0.5000,0.5000,0.5000,0.98,17.14,0.216,,1,0,,
163.979,0.5000,0.5000,0.5000,0.5000,0.97,17.11,0.233,,1,0,,
164.009,0.5000,0.5000,0.5000,0.5000,0.94,17.09,0.223,,1,0,,
164.046,0.5000,0.5000,0.5000,0.5000,0.92,17.06,0.243,,1,0,,
164.074,0.5000,0.5000,0.5000,0.5000,0.89,17.08,0.240,,1,0,,
164.106,0.5000,0.5000,0.5000,0.5000,0.86,17.09,0.245,,1,0,,
164.139,0.5000,0.5000,0.5000,0.5000,0.87,17.10,0.249,,1,0,,
164.186,0.5000,0.5000,0.5000,0.5000,0.85,17.13,0.243,,1,0,,
164.220,0.5000,0.5000,0.5000,0.5000,0.84,17.08,0.244,,1,0,,
164.251,0.5000,0.5000,0.5000,0.5000,0.82,17.05,0.246,,1,0,,
164.282,0.5000,0.5000,0.5000,0.5000,0.81,16.99,0.243,,1,0,,
164.316,0.5000,0.5000,0.5000,0.5000,0.80,17.00,0.246,,1,0,,
164.346,0.5000,0.5000,0.5000,0.5000,0.80,16.95,0.240,,1,0,,
164.380,0.5000,0.5000,0.5000,0.5000,0.78,16.89,0.207,,1,0,,
164.411,0.5000,0.5000,0.5000,0.5000,0.78,16.85,0.214,,1,0,,
164.443,0.5000,0.5000,0.5000,0.5000,0.78,16.81,0.213,,1,0,,
164.474,0.5000,0.5000,0.5000,0.5000,0.78,16.72,0.221,,1,0,,
164.507,0.5000,0.5000,0.5000,0.5000,0.78,16.70,0.232,,1,0,,
164.538,0.5000,0.5000,0.5000,0.5000,0.79,16.67,0.237,,1,0,,
164.571,0.5000,0.5000,0.5000,0.5000,0.79,16.69,0.231,,1,0,,
164.604,0.5000,0.5000,0.5000,0.5000,0.79,16.71,0.237,,1,0,,
164.634,0.5000,0.5000,0.5000,0.5000,0.79,16.72,0.250,,1,0,,
164.667,0.5000,0.5000,0.5000,0.5000,0.81,16.75,0.243,,1,0,,
164.698,0.5000,0.5000,0.5000,0.5000,0.82,16.75,0.234,,1,0,,
164.746,0.5000,0.5000,0.5000,0.5000,0.80,16.87,0.242,,1,0,,
164.777,0.5000,0.5000,0.5000,0.5000,0.80,16.93,0.241,,1,0,,
164.810,0.5000,0.5000,0.5000,0.5000,0.80,16.98,0.239,,1,0,,
164.840,0.5000,0.5000,0.5000,0.5000,0.79,17.06,0.242,,1,0,,
164.873,0.5000,0.5000,0.5000,0.5000,0.79,17.05,0.234,,1,0,,
164.906,0.5000,0.5000,0.5000,0.5000,0.80,17.01,0.252,,1,0,,
164.938,0.5000,0.5000,0.5000,0.5000,0.83,16.96,0.247,,1,0,,
164.971,0.5000,0.5000,0.5000,0.5000,0.83,16.90,0.237,,1,0,,
165.003,0.5000,0.5000,0.5000,0.5000,0.84,16.85,0.239,,1,0,,
165.035,0.5000,0.5000,0.5000,0.5000,0.84,16.83,0.233,,1,0,,
165.067,0.5000,0.5000,0.5000,0.5000,0.84,16.81,0.235,,1,0,,
165.098,0.5000,0.5000,0.5000,0.5000,0.85,16.78,0.235,,1,0,,
165.130,0.5000,0.5000,0.5000,0.5000,0.86,16.75,0.235,,1,0,,
165.162,0.5000,0.5000,0.5000,0.5000,0.87,16.70,0.229,,1,0,,
165.195,0.5000,0.5000,0.5000,0.5000,0.89,16.65,0.228,,1,0,,
165.226,0.5000,0.5000,0.5000,0.5000,0.89,16.64,0.228,,1,0,,
165.258,0.5000,0.5000,0.5000,0.5000,0.91,16.66,0.237,,1,0,,
165.305,0.5000,0.5000,0.5000,0.5000,0.93,16.67,0.239,,1,0,,
165.338,0.5000,0.5000,0.5000,0.5000,0.95,16.71,0.230,,1,0,,
165.369,0.5000,0.5000,0.5000,0.5000,0.95,16.75,0.240,,1,0,,
165.402,0.5000,0.5000,0.5000,0.5000,0.93,16.76,0.227,,1,0,,
165.436,0.5000,0.5000,0.5000,0.5000,0.92,16.78,0.224,,1,0,,
165.466,0.5000,0.5000,0.5000,0.5000,0.92,16.81,0.224,,1,0,,
165.498,0.5000,0.5000,0.5000,0.5000,0.93,16.89,0.232,,1,0,,
165.530,0.5000,0.5000,0.5000,0.5000,0.94,17.07,0.248,,1,0,,
165.562,0.5000,0.5000,0.5000,0.5000,0.95,17.24,0.255,,1,0,,
165.593,0.5000,0.5000,0.5000,0.5000,0.98,17.37,0.258,,1,0,,
165.627,0.5000,0.5000,0.5000,0.5000,1.02,17.57,0.266,,1,0,,
165.657,0.5000,0.5000,0.5000,0.5000,1.05,17.74,0.272,,1,0,,
165.690,0.5000,0.5000,0.5000,0.5000,1.08,17.90,0.278,,1,0,,
165.722,0.5000,0.5000,0.5000,0.5000,1.11,18.03,0.284,,1,0,,
165.753,0.5000,0.5000,0.5000,0.5000,1.14,18.16,0.281,,1,0,,
165.787,0.5000,0.5000,0.5000,0.5000,1.17,18.28,0.283,,1,0,,
165.854,0.5000,0.5000,0.5000,0.5000,1.21,18.58,0.285,,1,0,,
165.899,0.5000,0.5000,0.5000,0.5000,1.23,18.78,0.290,,1,0,,
165.931,0.5000,0.5000,0.5000,0.5000,1.24,18.94,0.292,,1,0,,
165.957,0.5000,0.5000,0.5000,0.5000,1.24,19.08,0.292,,1,0,,
165.983,0.5000,0.5000,0.5000,0.5000,1.25,19.22,0.293,,1,0,,
166.007,0.5000,0.5000,0.5000,0.5000,1.26,19.33,0.295,,1,0,,
166.037,0.5000,0.5000,0.5000,0.5000,1.28,19.43,0.295,,1,0,,
166.066,0.5000,0.5000,0.5000,0.5000,1.30,19.51,0.298,,1,0,,
166.091,0.5000,0.5000,0.5000,0.5000,1.32,19.58,0.297,,1,0,,
166.121,0.5000,0.5000,0.5000,0.5000,1.35,19.64,0.300,,1,0,,
166.153,0.5000,0.5000,0.5000,0.5000,1.37,19.70,0.300,,1,0,,
166.185,0.5000,0.5000,0.5000,0.5000,1.41,19.73,0.303,,1,0,,
166.252,0.5000,0.5000,0.5000,0.5000,1.52,19.72,0.309,,1,0,,
166.283,0.5000,0.5000,0.5000,0.5000,1.55,19.73,0.300,,1,0,,
166.317,0.5000,0.5000,0.5000,0.5000,1.58,19.78,0.306,,1,0,,
166.347,0.5000,0.5000,0.5000,0.5000,1.62,19.83,0.299,,1,0,,
166.381,0.5000,0.5000,0.5000,0.5000,1.66,19.87,0.300,,1,0,,
166.410,0.5000,0.5000,0.5000,0.5000,1.70,19.91,0.299,,1,0,,
166.459,0.5000,0.5000,0.5000,0.5000,1.72,20.03,0.294,,1,0,,
166.492,0.5000,0.5000,0.5000,0.5000,1.74,20.13,0.289,,1,0,,
166.518,0.5000,0.5000,0.5000,0.5000,1.75,20.19,0.289,,1,0,,
166.544,0.5000,0.5000,0.5000,0.5000,1.77,20.23,0.281,,1,0,,
166.570,0.5000,0.5000,0.5000,0.5000,1.77,20.24,0.296,,1,0,,
166.595,0.5000,0.5000,0.5000,0.5000,1.78,20.26,0.295,,1,0,,
166.653,0.5000,0.5000,0.5000,0.5000,1.80,20.29,0.296,,1,0,,
166.683,0.5000,0.5000,0.5000,0.5000,1.80,20.32,0.293,,1,0,,
166.714,0.5000,0.5000,0.5000,0.5000,1.81,20.35,0.291,,1,0,,
166.747,0.5000,0.5000,0.5000,0.5000,1.82,20.39,0.285,,1,0,,
166.778,0.5000,0.5000,0.5000,0.5000,1.82,20.41,0.286,,1,0,,
166.810,0.5000,0.5000,0.5000,0.5000,1.83,20.42,0.290,,1,0,,
166.843,0.5000,0.5000,0.5000,0.5000,1.84,20.44,0.291,,1,0,,
166.875,0.5000,0.5000,0.5000,0.5000,1.84,20.43,0.289,,1,0,,
166.906,0.5000,0.5000,0.5000,0.5000,1.81,20.44,0.289,,1,0,,
166.937,0.5000,0.5000,0.5000,0.5000,1.79,20.43,0.293,,1,0,,
166.970,0.5000,0.5000,0.5000,0.5000,1.77,20.42,0.291,,1,0,,
167.021,0.5000,0.5000,0.5000,0.5000,1.80,20.40,0.295,,1,0,,
167.051,0.5000,0.5000,0.5000,0.5000,1.81,20.42,0.292,,1,0,,
167.083,0.5000,0.5000,0.5000,0.5000,1.83,20.43,0.294,,1,0,,
167.115,0.5000,0.5000,0.5000,0.5000,1.84,20.44,0.293,,1,0,,
167.148,0.5000,0.5000,0.5000,0.5000,1.86,20.44,0.291,,1,0,,
167.178,0.5000,0.5000,0.5000,0.5000,1.88,20.44,0.294,,1,0,,
167.211,0.5000,0.5000,0.5000,0.5000,1.89,20.44,0.293,,1,0,,
167.243,0.5000,0.5000,0.5000,0.5000,1.91,20.48,0.294,,1,0,,
167.274,0.5000,0.5000,0.5000,0.5000,1.91,20.48,0.290,,1,0,,
167.306,0.5000,0.5000,0.5000,0.5000,1.92,20.51,0.296,,1,0,,
167.337,0.5000,0.5000,0.5000,0.5000,1.93,20.55,0.295,,1,0,,
167.372,0.5000,0.5000,0.5000,0.5000,1.92,20.58,0.297,,1,0,,
167.403,0.5000,0.5000,0.5000,0.5000,1.92,20.61,0.294,,1,0,,
167.435,0.5000,0.5000,0.5000,0.5000,1.93,20.62,0.294,,1,0,,
167.467,0.5000,0.5000,0.5000,0.5000,1.93,20.66,0.296,,1,0,,
167.501,0.5000,0.5000,0.5000,0.5000,1.93,20.70,0.297,,1,0,,
167.532,0.5000,0.5000,0.5000,0.5000,1.92,20.66,0.299,,1,0,,
167.563,0.5000,0.5000,0.5000,0.5000,1.92,20.63,0.299,,1,0,,
167.610,0.5000,0.5000,0.5000,0.5000,1.92,20.59,0.290,,1,0,,
167.642,0.5000,0.5000,0.5000,0.5000,1.93,20.51,0.294,,1,0,,
167.674,0.5000,0.5000,0.5000,0.5000,1.94,20.45,0.290,,1,0,,
167.705,0.5000,0.5000,0.5000,0.5000,1.95,20.39,0.286,,1,0,,
167.737,0.5000,0.5000,0.5000,0.5000,1.96,20.36,0.283,,1,0,,
167.771,0.5000,0.5000,0.5000,0.5000,1.96,20.37,0.282,,1,0,,
167.801,0.5000,0.5000,0.5000,0.5000,1.96,20.37,0.281,,1,0,,
167.835,0.5000,0.5000,0.5000,0.5000,1.96,20.37,0.285,,1,0,,
167.867,0.5000,0.5000,0.5000,0.5000,1.95,20.35,0.283,,1,0,,
167.899,0.5000,0.5000,0.5000,0.5000,1.96,20.32,0.285,,1,0,,
167.931,0.5000,0.5000,0.5000,0.5000,1.99,20.27,0.284,,1,0,,
167.963,0.5000,0.5000,0.5000,0.5000,2.02,20.24,0.288,,1,0,,
167.994,0.5000,0.5000,0.5000,0.5000,2.04,20.25,0.287,,1,0,,
168.028,0.5000,0.5000,0.5000,0.5000,2.06,20.26,0.287,,1,0,,
168.061,0.5000,0.5000,0.5000,0.5000,2.07,20.23,0.283,,1,0,,
168.089,0.5000,0.5000,0.5000,0.5000,2.07,20.20,0.287,,1,0,,
168.122,0.5000,0.5000,0.5000,0.5000,2.08,20.14,0.290,,1,0,,
168.170,0.5000,0.5000,0.5000,0.5000,2.10,20.12,0.291,,1,0,,
168.201,0.5000,0.5000,0.5000,0.5000,2.10,20.10,0.295,,1,0,,
168.236,0.5000,0.5000,0.5000,0.5000,2.11,20.07,0.293,,1,0,,
168.268,0.5000,0.5000,0.5000,0.5000,2.12,20.10,0.292,,1,0,,
168.300,0.5000,0.5000,0.5000,0.5000,2.12,20.11,0.294,,1,0,,
168.329,0.5000,0.5000,0.5000,0.5000,2.11,20.15,0.294,,1,0,,
168.362,0.5000,0.5000,0.5000,0.5000,2.10,20.21,0.293,,1,0,,
168.395,0.5000,0.5000,0.5000,0.5000,2.09,20.26,0.285,,1,0,,
168.426,0.5000,0.5000,0.5000,0.5000,2.07,20.29,0.284,,1,0,,
168.457,0.5000,0.5000,0.5000,0.5000,2.05,20.26,0.285,,1,0,,
168.491,0.5000,0.5000,0.5000,0.5000,2.01,20.26,0.327,,1,0,,
168.522,0.5000,0.5000,0.5000,0.5000,1.96,20.26,0.350,,1,0,,
168.556,0.5000,0.5000,0.5000,0.5000,1.93,20.27,0.360,,1,0,,
168.585,0.5000,0.5000,0.5000,0.5000,1.91,20.32,0.374,,1,0,,
168.655,0.5000,0.5000,0.5000,0.5000,1.83,20.47,0.377,,1,0,,
168.684,0.5000,0.5000,0.5000,0.5000,1.80,20.54,0.380,,1,0,,
168.730,0.5000,0.5000,0.5000,0.5000,1.72,20.61,0.382,,1,0,,
168.762,0.5000,0.5000,0.5000,0.5000,1.66,20.64,0.384,,1,0,,
168.787,0.5000,0.5000,0.5000,0.5000,1.62,20.67,0.386,,1,0,,
168.813,0.5000,0.5000,0.5000,0.5000,1.58,20.71,0.387,,1,0,,
168.836,0.5000,0.5000,0.5000,0.5000,1.54,20.72,0.385,,1,0,,
168.863,0.5000,0.5000,0.5000,0.5000,1.49,20.70,0.386,,1,0,,
168.891,0.5000,0.5000,0.5000,0.5000,1.45,20.70,0.386,,1,0,,
168.924,0.5000,0.5000,0.5000,0.5000,1.40,20.70,0.392,,1,0,,
168.954,0.5000,0.5000,0.5000,0.5000,1.36,20.70,0.395,,1,0,,
168.986,0.5000,0.5000,0.5000,0.5000,1.32,20.70,0.393,,1,0,,
169.053,0.5000,0.5000,0.5000,0.5000,1.25,20.64,0.391,,1,0,,
169.083,0.5000,0.5000,0.5000,0.5000,1.23,20.61,0.394,,1,0,,
169.116,0.5000,0.5000,0.5000,0.5000,1.21,20.57,0.390,,1,0,,
169.147,0.5000,0.5000,0.5000,0.5000,1.16,20.53,0.390,,1,0,,
169.178,0.5000,0.5000,0.5000,0.5000,1.11,20.51,0.392,,1,0,,
169.210,0.5000,0.5000,0.5000,0.5000,1.07,20.49,0.391,,1,0,,
169.242,0.5000,0.5000,0.5000,0.5000,1.05,20.47,0.391,,1,0,,
169.290,0.5000,0.5000,0.5000,0.5000,1.02,20.44,0.390,,1,0,,
169.324,0.5000,0.5000,0.5000,0.5000,1.01,20.43,0.391,,1,0,,
169.352,0.5000,0.5000,0.5000,0.5000,1.02,20.42,0.391,,1,0,,
169.377,0.5000,0.5000,0.5000,0.5000,1.02,20.42,0.392,,1,0,,
169.402,0.5000,0.5000,0.5000,0.5000,1.01,20.41,0.389,,1,0,,
169.453,0.5000,0.5000,0.5000,0.5000,0.99,20.44,0.387,,1,0,,
169.484,0.5000,0.5000,0.5000,0.5000,0.98,20.47,0.382,,1,0,,
169.516,0.5000,0.5000,0.5000,0.5000,0.96,20.48,0.382,,1,0,,
169.546,0.5000,0.5000,0.5000,0.5000,0.95,20.48,0.384,,1,0,,
169.578,0.5000,0.5000,0.5000,0.5000,0.93,20.49,0.384,,1,0,,
169.610,0.5000,0.5000,0.5000,0.5000,0.92,20.50,0.383,,1,0,,
169.642,0.5000,0.5000,0.5000,0.5000,0.91,20.50,0.384,,1,0,,
169.675,0.5000,0.5000,0.5000,0.5000,0.90,20.52,0.383,,1,0,,
169.709,0.5000,0.5000,0.5000,0.5000,0.89,20.56,0.383,,1,0,,
169.738,0.5000,0.5000,0.5000,0.5000,0.88,20.59,0.380,,1,0,,
169.770,0.5000,0.5000,0.5000,0.5000,0.87,20.61,0.379,,1,0,,
169.803,0.5000,0.5000,0.5000,0.5000,0.87,20.63,0.386,,1,0,,
169.835,0.5000,0.5000,0.5000,0.5000,0.87,20.63,0.384,,1,0,,
169.882,0.5000,0.5000,0.5000,0.5000,0.85,20.63,0.384,,1,0,,
169.914,0.5000,0.5000,0.5000,0.5000,0.86,20.67,0.386,,1,0,,
169.950,0.5000,0.5000,0.5000,0.5000,0.86,20.67,0.382,,1,0,,
169.983,0.5000,0.5000,0.5000,0.5000,0.86,20.64,0.379,,1,0,,
170.011,0.5000,0.5000,0.5000,0.5000,0.86,20.63,0.378,,1,0,,
170.040,0.5000,0.5000,0.5000,0.5000,0.85,20.60,0.377,,1,0,,
170.074,0.5000,0.5000,0.5000,0.5000,0.83,20.55,0.378,,1,0,,
170.105,0.5000,0.5000,0.5000,0.5000,0.82,20.53,0.378,,1,0,,
170.138,0.5000,0.5000,0.5000,0.5000,0.82,20.51,0.378,,1,0,,
170.169,0.5000,0.5000,0.5000,0.5000,0.80,20.49,0.379,,1,0,,
170.203,0.5000,0.5000,0.5000,0.5000,0.79,20.43,0.383,,1,0,,
170.235,0.5000,0.5000,0.5000,0.5000,0.79,20.38,0.390,,1,0,,
170.266,0.5000,0.5000,0.5000,0.5000,0.79,20.37,0.390,,1,0,,
170.299,0.5000,0.5000,0.5000,0.5000,0.77,20.34,0.393,,1,0,,
170.331,0.5000,0.5000,0.5000,0.5000,0.76,20.30,0.393,,1,0,,
170.363,0.5000,0.5000,0.5000,0.5000,0.74,20.27,0.390,,1,0,,
170.394,0.5000,0.5000,0.5000,0.5000,0.73,20.23,0.389,,1,0,,
170.444,0.5000,0.5000,0.5000,0.5000,0.74,20.12,0.384,,1,0,,
170.475,0.5000,0.5000,0.5000,0.5000,0.73,20.09,0.386,,1,0,,
170.506,0.5000,0.5000,0.5000,0.5000,0.71,20.06,0.387,,1,0,,
170.538,0.5000,0.5000,0.5000,0.5000,0.71,20.03,0.392,,1,0,,
170.569,0.5000,0.5000,0.5000,0.5000,0.71,20.01,0.392,,1,0,,
170.602,0.5000,0.5000,0.5000,0.5000,0.72,19.99,0.392,,1,0,,
170.634,0.5000,0.5000,0.5000,0.5000,0.73,20.00,0.391,,1,0,,
170.666,0.5000,0.5000,0.5000,0.5000,0.73,20.04,0.391,,1,0,,
170.699,0.5000,0.5000,0.5000,0.5000,0.76,20.05,0.388,,1,0,,
170.729,0.5000,0.5000,0.5000,0.5000,0.77,20.08,0.392,,1,0,,
170.763,0.5000,0.5000,0.5000,0.5000,0.76,20.12,0.389,,1,0,,
170.795,0.5000,0.5000,0.5000,0.5000,0.75,20.15,0.385,,1,0,,
170.826,0.5000,0.5000,0.5000,0.5000,0.76,20.17,0.385,,1,0,,
170.859,0.5000,0.5000,0.5000,0.5000,0.76,20.18,0.386,,1,0,,
170.891,0.5000,0.5000,0.5000,0.5000,0.76,20.19,0.387,,1,0,,
170.924,0.5000,0.5000,0.5000,0.5000,0.75,20.20,0.395,,1,0,,
170.954,0.5000,0.5000,0.5000,0.5000,0.75,20.20,0.398,,1,0,,
171.003,0.5000,0.5000,0.5000,0.5000,0.73,20.17,0.394,,1,0,,
171.034,0.5000,0.5000,0.5000,0.5000,0.73,20.16,0.395,,1,0,,
171.066,0.5000,0.5000,0.5000,0.5000,0.73,20.15,0.393,,1,0,,
171.099,0.5000,0.5000,0.5000,0.5000,0.74,20.16,0.389,,1,0,,
171.130,0.5000,0.5000,0.5000,0.5000,0.74,20.15,0.390,,1,0,,
171.163,0.5000,0.5000,0.5000,0.5000,0.72,20.14,0.392,,1,0,,
171.194,0.5000,0.5000,0.5000,0.5000,0.72,20.11,0.394,,1,0,,
171.226,0.5000,0.5000,0.5000,0.5000,0.71,20.08,0.395,,1,0,,
171.258,0.5000,0.5000,0.5000,0.5000,0.72,20.06,0.393,,1,0,,
171.290,0.5000,0.5000,0.5000,0.5000,0.71,20.07,0.391,,1,0,,
171.323,0.5000,0.5000,0.5000,0.5000,0.70,20.09,0.392,,1,0,,
171.355,0.5000,0.5000,0.5000,0.5000,0.69,20.11,0.395,,1,0,,
171.387,0.5000,0.5000,0.5000,0.5000,0.67,20.11,0.395,,1,0,,
171.454,0.5000,0.5000,0.5000,0.5000,0.67,20.16,0.397,,1,0,,
171.481,0.5000,0.5000,0.5000,0.5000,0.67,20.20,0.393,,1,0,,
171.515,0.5000,0.5000,0.5000,0.5000,0.67,20.21,0.390,,1,0,,
171.562,0.5000,0.5000,0.5000,0.5000,0.66,20.21,0.397,,1,0,,
171.595,0.5000,0.5000,0.5000,0.5000,0.65,20.21,0.394,,1,0,,
171.619,0.5000,0.5000,0.5000,0.5000,0.65,20.21,0.392,,1,0,,
171.643,0.5000,0.5000,0.5000,0.5000,0.65,20.19,0.390,,1,0,,
171.669,0.5000,0.5000,0.5000,0.5000,0.65,20.15,0.390,,1,0,,
171.696,0.5000,0.5000,0.5000,0.5000,0.65,20.09,0.390,,1,0,,
171.722,0.5000,0.5000,0.5000,0.5000,0.66,20.05,0.390,,1,0,,
171.756,0.5000,0.5000,0.5000,0.5000,0.65,19.93,0.390,,1,0,,
171.786,0.5000,0.5000,0.5000,0.5000,0.65,19.83,0.392,,1,0,,
171.853,0.5000,0.5000,0.5000,0.5000,0.59,19.60,0.390,,1,0,,
171.884,0.5000,0.5000,0.5000,0.5000,0.55,19.52,0.385,,1,0,,
171.915,0.5000,0.5000,0.5000,0.5000,0.52,19.49,0.385,,1,0,,
171.946,0.5000,0.5000,0.5000,0.5000,0.50,19.43,0.385,,1,0,,
171.980,0.5000,0.5000,0.5000,0.5000,0.47,19.39,0.384,,1,0,,
172.010,0.5000,0.5000,0.5000,0.5000,0.44,19.38,0.385,,1,0,,
172.043,0.5000,0.5000,0.5000,0.5000,0.42,19.34,0.385,,1,0,,
172.073,0.5000,0.5000,0.5000,0.5000,0.41,19.28,0.390,,1,0,,
172.105,0.5000,0.5000,0.5000,0.5000,0.39,19.27,0.386,,1,0,,
172.154,0.5000,0.5000,0.5000,0.5000,0.37,19.20,0.382,,1,0,,
172.186,0.5000,0.5000,0.5000,0.5000,0.36,19.11,0.381,,1,0,,
172.212,0.5000,0.5000,0.5000,0.5000,0.36,19.04,0.379,,1,0,,
172.252,0.5000,0.5000,0.5000,0.5000,0.37,18.95,0.382,,1,0,,
172.283,0.5000,0.5000,0.5000,0.5000,0.35,18.91,0.384,,1,0,,
172.315,0.5000,0.5000,0.5000,0.5000,0.34,18.87,0.385,,1,0,,
172.346,0.5000,0.5000,0.5000,0.5000,0.36,18.84,0.382,,1,0,,
172.380,0.5000,0.5000,0.5000,0.5000,0.38,18.82,0.375,,1,0,,
172.410,0.5000,0.5000,0.5000,0.5000,0.39,18.81,0.374,,1,0,,
172.442,0.5000,0.5000,0.5000,0.5000,0.38,18.75,0.375,,1,0,,
172.474,0.5000,0.5000,0.5000,0.5000,0.38,18.69,0.377,,1,0,,
172.506,0.5000,0.5000,0.5000,0.5000,0.37,18.64,0.378,,1,0,,
172.539,0.5000,0.5000,0.5000,0.5000,0.37,18.63,0.379,,1,0,,
172.570,0.5000,0.5000,0.5000,0.5000,0.37,18.66,0.378,,1,0,,
172.603,0.5000,0.5000,0.5000,0.5000,0.38,18.68,0.379,,1,0,,
172.634,0.5000,0.5000,0.5000,0.5000,0.38,18.69,0.385,,1,0,,
172.666,0.5000,0.5000,0.5000,0.5000,0.39,18.67,0.392,,1,0,,
172.714,0.5000,0.5000,0.5000,0.5000,0.41,18.74,0.391,,1,0,,
172.745,0.5000,0.5000,0.5000,0.5000,0.43,18.80,0.393,,1,0,,
172.777,0.5000,0.5000,0.5000,0.5000,0.44,18.84,0.395,,1,0,,
172.809,0.5000,0.5000,0.5000,0.5000,0.45,18.81,0.399,,1,0,,
172.841,0.5000,0.5000,0.5000,0.5000,0.47,18.79,0.394,,1,0,,
172.873,0.5000,0.5000,0.5000,0.5000,0.48,18.77,0.394,,1,0,,
172.906,0.5000,0.5000,0.5000,0.5000,0.50,18.72,0.392,,1,0,,
172.938,0.5000,0.5000,0.5000,0.5000,0.51,18.73,0.391,,1,0,,
172.970,0.5000,0.5000,0.5000,0.5000,0.51,18.73,0.389,,1,0,,
173.003,0.5000,0.5000,0.5000,0.5000,0.52,18.71,0.394,,1,0,,
173.033,0.5000,0.5000,0.5000,0.5000,0.53,18.72,0.392,,1,0,,
173.067,0.5000,0.5000,0.5000,0.5000,0.53,18.72,0.389,,1,0,,
173.099,0.5000,0.5000,0.5000,0.5000,0.54,18.71,0.389,,1,0,,
173.132,0.5000,0.5000,0.5000,0.5000,0.56,18.75,0.391,,1,0,,
173.164,0.5000,0.5000,0.5000,0.5000,0.59,18.80,0.392,,1,0,,
173.195,0.5000,0.5000,0.5000,0.5000,0.61,18.83,0.393,,1,0,,
173.227,0.5000,0.5000,0.5000,0.5000,0.63,18.85,0.393,,1,0,,
173.274,0.5000,0.5000,0.5000,0.5000,0.63,18.85,0.392,,1,0,,
173.307,0.5000,0.5000,0.5000,0.5000,0.63,18.87,0.388,,1,0,,
173.339,0.5000,0.5000,0.5000,0.5000,0.63,18.88,0.382,,1,0,,
173.370,0.5000,0.5000,0.5000,0.5000,0.61,18.91,0.384,,1,0,,
173.402,0.5000,0.5000,0.5000,0.5000,0.60,18.93,0.382,,1,0,,
173.436,0.5000,0.5000,0.5000,0.5000,0.59,18.93,0.386,,1,0,,
173.467,0.5000,0.5000,0.5000,0.5000,0.59,18.93,0.390,,1,0,,
173.499,0.5000,0.5000,0.5000,0.5000,0.60,18.94,0.391,,1,0,,
173.531,0.5000,0.5000,0.5000,0.5000,0.60,18.90,0.389,,1,0,,
173.563,0.5000,0.5000,0.5000,0.5000,0.60,18.86,0.379,,1,0,,
173.594,0.5000,0.5000,0.5000,0.5000,0.60,18.84,0.383,,1,0,,
173.628,0.5000,0.5000,0.5000,0.5000,0.60,18.83,0.376,,1,0,,
173.660,0.5000,0.5000,0.5000,0.5000,0.61,18.82,0.377,,1,0,,
173.690,0.5000,0.5000,0.5000,0.5000,0.61,18.78,0.378,,1,0,,
173.722,0.5000,0.5000,0.5000,0.5000,0.61,18.75,0.380,,1,0,,
173.755,0.5000,0.5000,0.5000,0.5000,0.61,18.73,0.380,,1,0,,
173.787,0.5000,0.5000,0.5000,0.5000,0.62,18.70,0.381,,1,0,,
173.868,0.5000,0.5000,0.5000,0.5000,0.63,18.79,0.375,,1,0,,
173.895,0.5000,0.5000,0.5000,0.5000,0.63,18.85,0.374,,1,0,,
173.921,0.5000,0.5000,0.5000,0.5000,0.63,18.87,0.376,,1,0,,
173.946,0.5000,0.5000,0.5000,0.5000,0.64,18.87,0.376,,1,0,,
173.971,0.5000,0.5000,0.5000,0.5000,0.64,18.87,0.376,,1,0,,
174.000,0.5000,0.5000,0.5000,0.5000,0.64,18.88,0.374,,1,0,,
174.030,0.5000,0.5000,0.5000,0.5000,0.63,18.88,0.376,,1,0,,
174.061,0.5000,0.5000,0.5000,0.5000,0.63,18.89,0.368,,1,0,,
174.090,0.5000,0.5000,0.5000,0.5000,0.62,18.93,0.369,,1,0,,
174.122,0.5000,0.5000,0.5000,0.5000,0.61,18.92,0.373,,1,0,,
174.154,0.5000,0.5000,0.5000,0.5000,0.59,18.91,0.372,,1,0,,
174.186,0.5000,0.5000,0.5000,0.5000,0.57,18.92,0.380,,1,0,,
174.251,0.5000,0.5000,0.5000,0.5000,0.53,18.96,0.379,,1,0,,
174.283,0.5000,0.5000,0.5000,0.5000,0.50,18.98,0.379,,1,0,,
174.316,0.5000,0.5000,0.5000,0.5000,0.49,19.04,0.381,,1,0,,
174.346,0.5000,0.5000,0.5000,0.5000,0.49,19.08,0.379,,1,0,,
174.380,0.5000,0.5000,0.5000,0.5000,0.49,19.10,0.377,,1,0,,
174.426,0.5000,0.5000,0.5000,0.5000,0.47,19.15,0.378,,1,0,,
174.458,0.5000,0.5000,0.5000,0.5000,0.47,19.13,0.371,,1,0,,
174.484,0.5000,0.5000,0.5000,0.5000,0.47,19.10,0.368,,1,0,,
174.509,0.5000,0.5000,0.5000,0.5000,0.47,19.09,0.373,,1,0,,
174.533,0.5000,0.5000,0.5000,0.5000,0.48,19.02,0.373,,1,0,,
174.560,0.5000,0.5000,0.5000,0.5000,0.48,18.97,0.373,,1,0,,
174.587,0.5000,0.5000,0.5000,0.5000,0.49,18.98,0.370,,1,0,,
174.654,0.5000,0.5000,0.5000,0.5000,0.53,19.23,0.361,,1,0,,
174.683,0.5000,0.5000,0.5000,0.5000,0.55,19.37,0.358,,1,0,,
174.714,0.5000,0.5000,0.5000,0.5000,0.56,19.49,0.361,,1,0,,
174.746,0.5000,0.5000,0.5000,0.5000,0.59,19.61,0.363,,1,0,,
174.779,0.5000,0.5000,0.5000,0.5000,0.62,19.72,0.367,,1,0,,
174.811,0.5000,0.5000,0.5000,0.5000,0.64,19.83,0.369,,1,0,,
174.841,0.5000,0.5000,0.5000,0.5000,0.66,19.94,0.371,,1,0,,
174.873,0.5000,0.5000,0.5000,0.5000,0.69,20.04,0.374,,1,0,,
174.907,0.5000,0.5000,0.5000,0.5000,0.71,20.12,0.376,,1,0,,
174.937,0.5000,0.5000,0.5000,0.5000,0.73,20.18,0.379,,1,0,,
174.986,0.5000,0.5000,0.5000,0.5000,0.75,20.23,0.385,,1,0,,
175.019,0.5000,0.5000,0.5000,0.5000,0.75,20.30,0.386,,1,0,,
175.050,0.5000,0.5000,0.5000,0.5000,0.76,20.35,0.387,,1,0,,
175.082,0.5000,0.5000,0.5000,0.5000,0.78,20.45,0.387,,1,0,,
175.115,0.5000,0.5000,0.5000,0.5000,0.80,20.52,0.388,,1,0,,
175.150,0.5000,0.5000,0.5000,0.5000,0.80,20.62,0.387,,1,0,,
175.178,0.5000,0.5000,0.5000,0.5000,0.81,20.69,0.389,,1,0,,
175.210,0.5000,0.5000,0.5000,0.5000,0.82,20.73,0.388,,1,0,,
175.242,0.5000,0.5000,0.5000,0.5000,0.81,20.76,0.386,,1,0,,
175.273,0.5000,0.5000,0.5000,0.5000,0.81,20.78,0.386,,1,0,,
175.309,0.5000,0.5000,0.5000,0.5000,0.81,20.82,0.383,,1,0,,
175.338,0.5000,0.5000,0.5000,0.5000,0.81,20.86,0.387,,1,0,,
175.369,0.5000,0.5000,0.5000,0.5000,0.81,20.88,0.386,,1,0,,
175.402,0.5000,0.5000,0.5000,0.5000,0.81,20.89,0.383,,1,0,,
175.436,0.5000,0.5000,0.5000,0.5000,0.82,20.91,0.389,,1,0,,
175.467,0.5000,0.5000,0.5000,0.5000,0.81,20.91,0.389,,1,0,,
175.500,0.5000,0.5000,0.5000,0.5000,0.81,20.91,0.388,,1,0,,
175.547,0.5000,0.5000,0.5000,0.5000,0.79,20.89,0.389,,1,0,,
175.579,0.5000,0.5000,0.5000,0.5000,0.79,20.87,0.388,,1,0,,
175.611,0.5000,0.5000,0.5000,0.5000,0.78,20.89,0.391,,1,0,,
175.644,0.5000,0.5000,0.5000,0.5000,0.77,20.90,0.391,,1,0,,
175.675,0.5000,0.5000,0.5000,0.5000,0.78,20.90,0.389,,1,0,,
175.706,0.5000,0.5000,0.5000,0.5000,0.78,20.90,0.387,,1,0,,
175.738,0.5000,0.5000,0.5000,0.5000,0.79,20.92,0.381,,1,0,,
175.770,0.5000,0.5000,0.5000,0.5000,0.80,20.92,0.381,,1,0,,
175.803,0.5000,0.5000,0.5000,0.5000,0.80,20.93,0.384,,1,0,,
175.835,0.5000,0.5000,0.5000,0.5000,0.81,20.97,0.380,,1,0,,
175.867,0.5000,0.5000,0.5000,0.5000,0.82,20.97,0.382,,1,0,,
175.899,0.5000,0.5000,0.5000,0.5000,0.82,21.04,0.388,,1,0,,
175.930,0.5000,0.5000,0.5000,0.5000,0.82,21.07,0.387,,1,0,,
175.963,0.5000,0.5000,0.5000,0.5000,0.83,21.09,0.387,,1,0,,
175.995,0.5000,0.5000,0.5000,0.5000,0.86,21.11,0.385,,1,0,,
176.029,0.5000,0.5000,0.5000,0.5000,0.88,21.10,0.383,,1,0,,
176.061,0.5000,0.5000,0.5000,0.5000,0.91,21.14,0.382,,1,0,,
176.090,0.5000,0.5000,0.5000,0.5000,0.92,21.16,0.380,,1,0,,
176.138,0.5000,0.5000,0.5000,0.5000,0.94,21.20,0.379,,1,0,,
176.169,0.5000,0.5000,0.5000,0.5000,0.98,21.23,0.378,,1,0,,
176.202,0.5000,0.5000,0.5000,0.5000,1.00,21.23,0.376,,1,0,,
176.235,0.5000,0.5000,0.5000,0.5000,1.03,21.19,0.380,,1,0,,
176.267,0.5000,0.5000,0.5000,0.5000,1.04,21.14,0.380,,1,0,,
176.299,0.5000,0.5000,0.5000,0.5000,1.05,21.08,0.379,,1,0,,
176.331,0.5000,0.5000,0.5000,0.5000,1.06,21.02,0.378,,1,0,,
176.362,0.5000,0.5000,0.5000,0.5000,1.06,20.97,0.381,,1,0,,
176.395,0.5000,0.5000,0.5000,0.5000,1.06,20.94,0.379,,1,0,,
176.428,0.5000,0.5000,0.5000,0.5000,1.06,20.94,0.378,,1,0,,
176.458,0.5000,0.5000,0.5000,0.5000,1.05,20.95,0.379,,1,0,,
176.490,0.5000,0.5000,0.5000,0.5000,1.04,20.95,0.377,,1,0,,
176.522,0.5000,0.5000,0.5000,0.5000,1.03,20.91,0.376,,1,0,,
176.554,0.5000,0.5000,0.5000,0.5000,1.04,20.87,0.376,,1,0,,
176.587,0.5000,0.5000,0.5000,0.5000,1.04,20.82,0.378,,1,0,,
176.654,0.5000,0.5000,0.5000,0.5000,0.98,20.77,0.378,,1,0,,
176.698,0.5000,0.5000,0.5000,0.5000,0.97,20.78,0.374,,1,0,,
176.732,0.5000,0.5000,0.5000,0.5000,0.94,20.84,0.373,,1,0,,
176.757,0.5000,0.5000,0.5000,0.5000,0.92,20.88,0.371,,1,0,,
176.784,0.5000,0.5000,0.5000,0.5000,0.91,20.91,0.371,,1,0,,
176.810,0.5000,0.5000,0.5000,0.5000,0.90,20.95,0.370,,1,0,,
176.835,0.5000,0.5000,0.5000,0.5000,0.90,20.98,0.365,,1,0,,
176.862,0.5000,0.5000,0.5000,0.5000,0.90,21.00,0.366,,1,0,,
176.892,0.5000,0.5000,0.5000,0.5000,0.91,21.00,0.368,,1,0,,
176.922,0.5000,0.5000,0.5000,0.5000,0.92,21.03,0.370,,1,0,,
176.959,0.5000,0.5000,0.5000,0.5000,0.94,21.03,0.372,,1,0,,
176.986,0.5000,0.5000,0.5000,0.5000,0.95,21.02,0.371,,1,0,,
177.056,0.5000,0.5000,0.5000,0.5000,0.97,21.06,0.386,,1,0,,
177.083,0.5000,0.5000,0.5000,0.5000,0.96,21.07,0.386,,1,0,,
177.115,0.5000,0.5000,0.5000,0.5000,0.96,21.08,0.385,,1,0,,
177.146,0.5000,0.5000,0.5000,0.5000,0.95,21.05,0.380,,1,0,,
177.178,0.5000,0.5000,0.5000,0.5000,0.95,21.02,0.380,,1,0,,
177.212,0.5000,0.5000,0.5000,0.5000,0.94,21.01,0.380,,1,0,,
177.258,0.5000,0.5000,0.5000,0.5000,0.92,20.95,0.381,,1,0,,
177.290,0.5000,0.5000,0.5000,0.5000,0.92,20.93,0.380,,1,0,,
177.318,0.5000,0.5000,0.5000,0.5000,0.93,20.92,0.380,,1,0,,
177.343,0.5000,0.5000,0.5000,0.5000,0.93,20.91,0.378,,1,0,,
177.368,0.5000,0.5000,0.5000,0.5000,0.92,20.89,0.377,,1,0,,
177.394,0.5000,0.5000,0.5000,0.5000,0.93,20.86,0.376,,1,0,,
177.450,0.5000,0.5000,0.5000,0.5000,0.97,20.84,0.375,,1,0,,
177.482,0.5000,0.5000,0.5000,0.5000,0.98,20.83,0.377,,1,0,,
177.515,0.5000,0.5000,0.5000,0.5000,1.00,20.81,0.373,,1,0,,
177.546,0.5000,0.5000,0.5000,0.5000,1.03,20.82,0.374,,1,0,,
177.579,0.5000,0.5000,0.5000,0.5000,1.05,20.81,0.372,,1,0,,
177.611,0.5000,0.5000,0.5000,0.5000,1.06,20.78,0.330,,1,0,,
177.643,0.5000,0.5000,0.5000,0.5000,1.06,20.67,0.236,,1,0,,
177.674,0.5000,0.5000,0.5000,0.5000,1.05,20.51,0.209,,1,0,,
177.706,0.5000,0.5000,0.5000,0.5000,1.04,20.30,0.204,,1,0,,
177.739,0.5000,0.5000,0.5000,0.5000,1.03,20.17,0.217,,1,0,,
177.771,0.5000,0.5000,0.5000,0.5000,1.01,19.92,0.216,,1,0,,
177.817,0.5000,0.5000,0.5000,0.5000,1.00,19.58,0.228,,1,0,,
177.850,0.5000,0.5000,0.5000,0.5000,1.01,19.42,0.236,,1,0,,
177.882,0.5000,0.5000,0.5000,0.5000,1.01,19.30,0.245,,1,0,,
177.914,0.5000,0.5000,0.5000,0.5000,1.02,19.20,0.246,,1,0,,
177.952,0.5000,0.5000,0.5000,0.5000,1.02,19.10,0.252,,1,0,,
177.979,0.5000,0.5000,0.5000,0.5000,1.02,19.03,0.260,,1,0,,
178.010,0.5000,0.5000,0.5000,0.5000,1.02,18.92,0.268,,1,0,,
178.042,0.5000,0.5000,0.5000,0.5000,1.01,18.94,0.274,,1,0,,
178.073,0.5000,0.5000,0.5000,0.5000,1.00,18.90,0.271,,1,0,,
178.106,0.5000,0.5000,0.5000,0.5000,1.00,18.93,0.271,,1,0,,
178.138,0.5000,0.5000,0.5000,0.5000,0.99,18.97,0.277,,1,0,,
178.171,0.5000,0.5000,0.5000,0.5000,0.98,18.98,0.283,,1,0,,
178.202,0.5000,0.5000,0.5000,0.5000,0.98,19.00,0.279,,1,0,,
178.234,0.5000,0.5000,0.5000,0.5000,0.97,19.05,0.278,,1,0,,
178.266,0.5000,0.5000,0.5000,0.5000,0.97,19.03,0.280,,1,0,,
178.299,0.5000,0.5000,0.5000,0.5000,0.95,19.00,0.279,,1,0,,
178.330,0.5000,0.5000,0.5000,0.5000,0.94,18.97,0.288,,1,0,,
178.362,0.5000,0.5000,0.5000,0.5000,0.94,18.98,0.288,,1,0,,
178.412,0.5000,0.5000,0.5000,0.5000,0.94,19.00,0.277,,1,0,,
178.445,0.5000,0.5000,0.5000,0.5000,0.94,19.02,0.277,,1,0,,
178.475,0.5000,0.5000,0.5000,0.5000,0.95,19.02,0.277,,1,0,,
178.509,0.5000,0.5000,0.5000,0.5000,0.97,19.03,0.281,,1,0,,
178.539,0.5000,0.5000,0.5000,0.5000,0.99,19.02,0.280,,1,0,,
178.570,0.5000,0.5000,0.5000,0.5000,1.00,19.06,0.273,,1,0,,
178.605,0.5000,0.5000,0.5000,0.5000,1.02,19.05,0.273,,1,0,,
178.635,0.5000,0.5000,0.5000,0.5000,1.03,19.03,0.279,,1,0,,
178.667,0.5000,0.5000,0.5000,0.5000,1.05,19.04,0.285,,1,0,,
178.699,0.5000,0.5000,0.5000,0.5000,1.05,19.04,0.285,,1,0,,
178.732,0.5000,0.5000,0.5000,0.5000,1.08,19.05,0.286,,1,0,,
178.762,0.5000,0.5000,0.5000,0.5000,1.08,19.06,0.289,,1,0,,
178.795,0.5000,0.5000,0.5000,0.5000,1.08,19.08,0.293,,1,0,,
178.826,0.5000,0.5000,0.5000,0.5000,1.09,19.09,0.298,,1,0,,
178.858,0.5000,0.5000,0.5000,0.5000,1.10,19.13,0.295,,1,0,,
178.891,0.5000,0.5000,0.5000,0.5000,1.10,19.19,0.295,,1,0,,
178.922,0.5000,0.5000,0.5000,0.5000,1.11,19.22,0.300,,1,0,,
178.970,0.5000,0.5000,0.5000,0.5000,1.11,19.25,0.300,,1,0,,
179.002,0.5000,0.5000,0.5000,0.5000,1.12,19.24,0.298,,1,0,,
179.035,0.5000,0.5000,0.5000,0.5000,1.11,19.25,0.303,,1,0,,
179.067,0.5000,0.5000,0.5000,0.5000,1.11,19.24,0.303,,1,0,,
179.099,0.5000,0.5000,0.5000,0.5000,1.13,19.24,0.298,,1,0,,
179.131,0.5000,0.5000,0.5000,0.5000,1.15,19.23,0.297,,1,0,,
179.162,0.5000,0.5000,0.5000,0.5000,1.17,19.23,0.301,,1,0,,
179.195,0.5000,0.5000,0.5000,0.5000,1.17,19.21,0.302,,1,0,,
179.227,0.5000,0.5000,0.5000,0.5000,1.17,19.16,0.297,,1,0,,
179.262,0.5000,0.5000,0.5000,0.5000,1.17,19.14,0.293,,1,0,,
179.290,0.5000,0.5000,0.5000,0.5000,1.17,19.11,0.297,,1,0,,
179.321,0.5000,0.5000,0.5000,0.5000,1.17,19.07,0.291,,1,0,,
179.353,0.5000,0.5000,0.5000,0.5000,1.17,19.02,0.293,,1,0,,
179.385,0.5000,0.5000,0.5000,0.5000,1.16,18.99,0.302,,1,0,,
179.449,0.5000,0.5000,0.5000,0.5000,1.15,18.92,0.303,,1,0,,
179.482,0.5000,0.5000,0.5000,0.5000,1.16,18.91,0.305,,1,0,,
179.535,0.5000,0.5000,0.5000,0.5000,1.19,18.88,0.301,,1,0,,
179.562,0.5000,0.5000,0.5000,0.5000,1.22,18.86,0.305,,1,0,,
179.587,0.5000,0.5000,0.5000,0.5000,1.24,18.84,0.302,,1,0,,
179.614,0.5000,0.5000,0.5000,0.5000,1.26,18.85,0.299,,1,0,,
179.639,0.5000,0.5000,0.5000,0.5000,1.27,18.85,0.292,,1,0,,
179.664,0.5000,0.5000,0.5000,0.5000,1.28,18.86,0.295,,1,0,,
179.690,0.5000,0.5000,0.5000,0.5000,1.29,18.88,0.296,,1,0,,
179.723,0.5000,0.5000,0.5000,0.5000,1.29,18.97,0.296,,1,0,,
179.754,0.5000,0.5000,0.5000,0.5000,1.28,19.02,0.296,,1,0,,
179.787,0.5000,0.5000,0.5000,0.5000,1.27,19.09,0.297,,1,0,,
179.854,0.5000,0.5000,0.5000,0.5000,1.26,19.16,0.301,,1,0,,
179.883,0.5000,0.5000,0.5000,0.5000,1.25,19.17,0.295,,1,0,,
179.914,0.5000,0.5000,0.5000,0.5000,1.24,19.16,0.295,,1,0,,
179.948,0.5000,0.5000,0.5000,0.5000,1.23,19.13,0.279,,1,0,,
179.979,0.5000,0.5000,0.5000,0.5000,1.22,19.10,0.277,,1,0,,
180.011,0.5000,0.5000,0.5000,0.5000,1.21,19.08,0.279,,1,0,,
180.043,0.5000,0.5000,0.5000,0.5000,1.19,19.07,0.281,,1,0,,
180.089,0.5000,0.5000,0.5000,0.5000,1.20,19.08,0.281,,1,0,,
180.121,0.5000,0.5000,0.5000,0.5000,1.20,19.06,0.284,,1,0,,
180.146,0.5000,0.5000,0.5000,0.5000,1.21,19.04,0.286,,1,0,,
180.174,0.5000,0.5000,0.5000,0.5000,1.21,19.04,0.284,,1,0,,
180.198,0.5000,0.5000,0.5000,0.5000,1.23,19.07,0.283,,1,0,,
180.252,0.5000,0.5000,0.5000,0.5000,1.28,19.09,0.289,,1,0,,
180.282,0.5000,0.5000,0.5000,0.5000,1.31,19.09,0.289,,1,0,,
180.317,0.5165,0.7979,0.5165,0.7979,1.33,19.09,0.294,,1,1,10.029,0.1700
180.347,0.5144,0.8052,0.5070,0.8308,1.36,19.11,0.300,,1,1,10.029,0.1700
180.378,0.5131,0.8121,0.5088,0.8350,1.39,19.11,0.302,,1,1,10.029,0.1700
180.409,0.5075,0.8215,0.4884,0.8530,1.41,19.12,0.299,,1,1,10.029,0.1700
180.443,0.5041,0.8292,0.4932,0.8532,1.41,19.15,0.300,,1,1,10.029,0.1700
180.476,0.4914,0.8439,0.4514,0.8902,1.41,19.18,0.292,,1,1,10.029,0.1700
180.505,0.4793,0.8557,0.4366,0.8968,1.40,19.24,0.293,,1,1,10.029,0.1700
180.538,0.4668,0.8658,0.4271,0.8977,1.40,19.30,0.295,,1,1,10.029,0.1700
180.570,0.4572,0.8759,0.4268,0.9075,1.39,19.36,0.297,,1,1,10.029,0.1700
180.602,0.4490,0.8844,0.4228,0.9119,1.39,19.41,0.299,,1,1,10.029,0.1700
180.635,0.4435,0.8899,0.4260,0.9071,1.40,19.42,0.302,,1,1,10.029,0.1700
180.682,0.4374,0.8963,0.4242,0.9102,1.40,19.40,0.301,,1,1,10.029,0.1700
180.713,0.4345,0.9003,0.4249,0.9136,1.41,19.39,0.307,,1,1,10.029,0.1700
180.747,0.4331,0.9037,0.4287,0.9141,1.42,19.37,0.301,,1,1,10.029,0.1700
180.780,0.4361,0.8998,0.4458,0.8873,1.43,19.37,0.301,,1,1,10.029,0.1700
180.811,0.4420,0.8863,0.4616,0.8409,1.42,19.42,0.329,,1,1,10.029,0.1700
180.842,0.4395,0.8728,0.4310,0.8271,1.41,19.50,0.349,,1,1,10.029,0.1700
180.874,0.4399,0.8520,0.4413,0.7842,1.39,19.56,0.366,,1,1,10.029,0.1700
180.906,0.4424,0.8268,0.4506,0.7467,1.36,19.65,0.392,,1,1,10.029,0.1700
180.937,0.4480,0.7958,0.4670,0.6947,1.32,19.72,0.406,,1,1,10.029,0.1700
180.970,0.4571,0.7482,0.4863,0.6057,1.29,19.78,0.435,,1,1,10.029,0.1700
181.002,0.4643,0.6959,0.4877,0.5393,1.25,19.84,0.458,,1,1,10.029,0.1700
181.033,0.4727,0.6483,0.5008,0.5032,1.21,19.90,0.467,,1,1,10.029,0.1700
181.069,0.4805,0.5994,0.5040,0.4671,1.16,19.97,0.462,,1,1,10.029,0.1700
181.099,0.4876,0.5573,0.5113,0.4309,1.12,20.02,0.458,,1,1,10.029,0.1700
181.133,0.4935,0.5159,0.5119,0.4005,1.08,20.08,0.459,,1,1,10.029,0.1700
181.163,0.4973,0.4809,0.5103,0.3746,1.03,20.13,0.458,,1,1,10.029,0.1700
181.195,0.5007,0.4465,0.5116,0.3468,0.99,20.17,0.454,,1,1,10.029,0.1700
181.244,0.4949,0.4099,0.4820,0.3370,0.96,20.19,0.458,,1,1,10.029,0.1700
181.276,0.4908,0.3891,0.4780,0.3294,0.94,20.17,0.457,,1,1,10.029,0.1700
181.305,0.4897,0.3687,0.4857,0.3035,0.92,20.11,0.452,,1,1,10.029,0.1700
181.339,0.4891,0.3481,0.4874,0.2894,0.91,20.07,0.452,,1,1,10.029,0.1700
181.372,0.4889,0.3315,0.4882,0.2833,0.91,20.06,0.453,,1,1,10.029,0.1700
181.404,0.4920,0.3071,0.5023,0.2332,0.89,20.06,0.448,,1,1,10.029,0.1700
181.434,0.4990,0.2835,0.5236,0.2081,0.88,20.06,0.451,,1,1,10.029,0.1700
181.467,0.5065,0.2565,0.5301,0.1773,0.86,20.06,0.448,,1,1,10.029,0.1700
181.498,0.5124,0.2288,0.5325,0.1438,0.83,20.08,0.451,,1,1,10.029,0.1700
181.531,0.5174,0.2018,0.5331,0.1239,0.82,20.09,0.456,,1,1,10.029,0.1700
181.563,0.5205,0.1805,0.5304,0.1159,0.81,20.09,0.457,,1,1,10.029,0.1700
181.594,0.5244,0.1624,0.5376,0.1065,0.79,20.11,0.454,,1,1,10.029,0.1700
181.627,0.5560,0.1365,0.6551,0.0598,0.79,20.15,0.457,,1,1,10.029,0.1700
181.658,0.5926,0.1100,0.7088,0.0295,0.79,20.21,0.457,,1,1,10.029,0.1700
181.690,0.6288,0.0836,0.7418,0.0034,0.79,20.28,0.461,,1,1,10.029,0.1700
181.722,0.6586,0.0623,0.7485,-0.0008,0.79,20.36,0.460,,1,1,10.029,0.1700
181.752,0.6922,0.0429,0.8010,-0.0197,0.79,20.43,0.461,,1,1,10.029,0.1700
181.805,0.7266,0.0198,0.7908,-0.0235,0.79,20.51,0.468,,1,1,10.029,0.1700
181.834,0.7403,0.0113,0.7857,-0.0168,0.79,20.54,0.472,,1,1,10.029,0.1700
181.866,0.7485,0.0087,0.7737,0.0006,0.79,20.58,0.468,,1,1,10.029,0.1700
181.898,0.7597,0.0032,0.7951,-0.0145,0.79,20.65,0.468,,1,1,10.029,0.1700
181.930,0.7736,0.0000,0.8158,-0.0304,0.78,20.70,0.466,,1,1,10.029,0.1700
181.962,0.7830,0.0000,0.8127,-0.0192,0.79,20.72,0.460,,1,1,10.029,0.1700
181.994,0.7894,0.0000,0.8092,-0.0177,0.78,20.75,0.459,,1,1,10.029,0.1700
182.028,0.7962,0.0000,0.8168,-0.0278,0.77,20.76,0.457,,1,1,10.029,0.1700
182.060,0.8025,0.0000,0.8225,-0.0326,0.77,20.78,0.457,,1,1,10.029,0.1700
182.091,0.8067,0.0000,0.8204,-0.0426,0.76,20.81,0.459,,1,1,10.029,0.1700
182.124,0.8107,0.0000,0.8232,-0.0567,0.75,20.82,0.458,,1,1,10.029,0.1700
182.153,0.8148,0.0000,0.8291,-0.0526,0.74,20.80,0.456,,1,1,10.029,0.1700
182.188,0.8186,0.0000,0.8296,-0.0578,0.73,20.82,0.457,,1,1,10.029,0.1700
182.250,0.8337,0.0000,0.8586,-0.0647,0.72,20.82,0.454,,1,1,10.029,0.1700
182.283,0.8437,0.0000,0.8755,-0.0776,0.72,20.81,0.451,,1,1,10.029,0.1700
182.315,0.8457,0.0000,0.8519,0.0244,0.74,20.83,0.399,,1,1,10.029,0.1700
182.347,0.8447,0.0246,0.8416,0.1988,0.80,20.76,0.275,,1,1,10.029,0.1700
182.396,0.8189,0.1357,0.7632,0.3579,0.92,20.54,0.214,,1,1,10.029,0.1700
182.425,0.8013,0.2026,0.7378,0.4215,0.98,20.43,0.203,,1,1,10.029,0.1700
182.450,0.7938,0.2504,0.7610,0.4354,1.04,20.34,0.230,,1,1,10.029,0.1700
182.473,0.7919,0.2936,0.7837,0.4515,1.09,20.28,0.250,,1,1,10.029,0.1700
182.500,0.7964,0.3297,0.8147,0.4549,1.13,20.24,0.271,,1,1,10.029,0.1700
182.526,0.8034,0.3586,0.8315,0.4586,1.17,20.21,0.284,,1,1,10.029,0.1700
182.555,0.8164,0.3794,0.8636,0.4452,1.20,20.18,0.287,,1,1,10.029,0.1700
182.586,0.8269,0.3989,0.8625,0.4569,1.22,20.18,0.297,,1,1,10.029,0.1700
182.653,0.8419,0.4361,0.8653,0.4892,1.30,20.23,0.310,,1,1,10.029,0.1700
182.683,0.8477,0.4525,0.8674,0.5042,1.31,20.25,0.324,,1,1,10.029,0.1700
182.714,0.8532,0.4655,0.8720,0.5062,1.33,20.26,0.324,,1,1,10.029,0.1700
182.747,0.8619,0.4764,0.8893,0.5084,1.34,20.25,0.332,,1,1,10.029,0.1700
182.778,0.8707,0.4873,0.8998,0.5216,1.36,20.23,0.332,,1,1,10.029,0.1700
182.810,0.8890,0.4957,0.9477,0.5216,1.38,20.22,0.335,,1,1,10.029,0.1700
182.843,0.9033,0.5039,0.9479,0.5288,1.40,20.21,0.337,,1,1,10.029,0.1700
182.873,0.9146,0.5096,0.9526,0.5283,1.42,20.21,0.335,,1,1,10.029,0.1700
182.906,0.9284,0.5217,0.9704,0.5580,1.42,20.22,0.332,,1,1,10.029,0.1700
182.953,0.9563,0.5280,1.0161,0.5415,1.45,20.13,0.322,,1,1,10.029,0.1700
182.985,0.9759,0.5315,1.0376,0.5427,1.48,20.06,0.321,,1,1,10.029,0.1700
183.013,0.9890,0.5362,1.0372,0.5536,1.50,20.02,0.320,,1,1,10.029,0.1700
183.050,1.0000,0.5465,1.0486,0.5745,1.53,19.96,0.320,,1,1,10.029,0.1700
183.082,1.0000,0.5580,1.0403,0.5950,1.56,19.97,0.313,,1,1,10.029,0.1700
183.113,1.0000,0.5689,1.0533,0.6050,1.58,19.97,0.304,,1,1,10.029,0.1700
183.146,1.0000,0.5838,1.0573,0.6295,1.62,19.99,0.313,,1,1,10.029,0.1700
183.178,1.0000,0.6069,1.0437,0.6781,1.63,20.01,0.309,,1,1,10.029,0.1700
183.210,1.0000,0.6326,1.0083,0.7134,1.63,20.01,0.309,,1,1,10.029,0.1700
183.242,1.0000,0.6544,0.9997,0.7218,1.63,20.02,0.302,,1,1,10.029,0.1700
183.274,1.0000,0.6778,0.9910,0.7503,1.63,20.01,0.309,,1,1,10.029,0.1700
183.306,1.0000,0.6979,0.9889,0.7598,1.63,20.04,0.309,,1,1,10.029,0.1700
183.337,0.9766,0.7316,0.8716,0.8376,1.63,20.02,0.283,,1,1,10.029,0.1700
183.369,0.9002,0.7836,0.6601,0.9412,1.62,19.98,0.274,,1,1,10.029,0.1700
183.401,0.8314,0.8213,0.6258,0.9329,1.60,19.85,0.269,,1,1,10.029,0.1700
183.435,0.7748,0.8453,0.6181,0.9127,1.58,19.79,0.276,,1,1,10.029,0.1700
183.466,0.7289,0.8574,0.5921,0.8945,1.56,19.71,0.282,,1,1,10.029,0.1700
183.513,0.6469,0.8804,0.4852,0.9279,1.52,19.61,0.284,,1,1,10.029,0.1700
183.546,0.5996,0.8854,0.4652,0.9007,1.46,19.54,0.295,,1,1,10.029,0.1700
183.579,0.5369,0.9010,0.3677,0.9467,1.41,19.39,0.286,,1,1,10.029,0.1700
183.610,0.4950,0.9053,0.3710,0.9190,1.37,19.28,0.301,,1,1,10.029,0.1700
183.643,0.4638,0.9026,0.3755,0.8942,1.33,19.18,0.304,,1,1,10.029,0.1700
183.675,0.4437,0.8908,0.3857,0.8530,1.29,19.10,0.302,,1,1,10.029,0.1700
183.708,0.4273,0.8753,0.3812,0.8266,1.25,19.03,0.310,,1,1,10.029,0.1700
183.739,0.3956,0.8720,0.2994,0.8607,1.22,18.96,0.312,,1,1,10.029,0.1700
183.773,0.3641,0.8696,0.2745,0.8619,1.19,18.86,0.315,,1,1,10.029,0.1700
183.802,0.3190,0.8715,0.1805,0.8783,1.16,18.82,0.323,,1,1,10.029,0.1700
183.833,0.2807,0.8698,0.1665,0.8638,1.12,18.88,0.334,,1,1,10.029,0.1700
183.866,0.2525,0.8625,0.1736,0.8395,1.08,18.91,0.337,,1,1,10.029,0.1700
183.898,0.2249,0.8580,0.1443,0.8430,1.06,18.91,0.340,,1,1,10.029,0.1700
183.931,0.2071,0.8498,0.1566,0.8241,1.06,18.89,0.345,,1,1,10.029,0.1700
183.963,0.1955,0.8412,0.1607,0.8129,1.05,18.93,0.344,,1,1,10.029,0.1700
183.994,0.1725,0.8424,0.1004,0.8463,1.04,18.96,0.343,,1,1,10.029,0.1700
184.028,0.1470,0.8465,0.0729,0.8598,1.03,18.95,0.346,,1,1,10.029,0.1700
184.074,0.1261,0.8457,0.0834,0.8439,1.02,18.94,0.347,,1,1,10.029,0.1700
184.110,0.1131,0.8449,0.0779,0.8426,1.02,18.90,0.348,,1,1,10.029,0.1700
184.141,0.1055,0.8433,0.0815,0.8376,1.01,18.83,0.345,,1,1,10.029,0.1700
184.170,0.0978,0.8422,0.0710,0.8384,1.00,18.75,0.344,,1,1,10.029,0.1700
184.201,0.0912,0.8410,0.0700,0.8370,1.00,18.73,0.345,,1,1,10.029,0.1700
184.235,0.0871,0.8346,0.0747,0.8143,0.99,18.72,0.345,,1,1,10.029,0.1700
184.266,0.0826,0.8203,0.0682,0.7732,0.96,18.71,0.363,,1,1,10.029,0.1700
184.298,0.0873,0.7889,0.1026,0.6880,0.93,18.75,0.400,,1,1,10.029,0.1700
184.330,0.0970,0.7537,0.1285,0.6437,0.90,18.80,0.406,,1,1,10.029,0.1700
184.363,0.1069,0.7136,0.1383,0.5930,0.86,18.81,0.418,,1,1,10.029,0.1700
184.396,0.1138,0.6807,0.1354,0.5845,0.84,18.81,0.424,,1,1,10.029,0.1700
184.426,0.1185,0.6525,0.1356,0.5602,0.82,18.84,0.440,,1,1,10.029,0.1700
184.458,0.1229,0.6235,0.1375,0.5351,0.80,18.88,0.443,,1,1,10.029,0.1700
184.490,0.1241,0.5931,0.1280,0.5028,0.78,18.93,0.445,,1,1,10.029,0.1700
184.522,0.1218,0.5642,0.1144,0.4777,0.74,18.98,0.453,,1,1,10.029,0.1700
184.554,0.1182,0.5394,0.1064,0.4653,0.71,19.02,0.452,,1,1,10.029,0.1700
184.586,0.1133,0.5174,0.0968,0.4495,0.68,19.04,0.449,,1,1,10.029,0.1700
184.675,0.0990,0.4644,0.0820,0.4061,0.61,19.14,0.456,,1,1,10.029,0.1700
184.701,0.0956,0.4495,0.0813,0.3910,0.58,19.19,0.456,,1,1,10.029,0.1700
184.726,0.0948,0.4304,0.0919,0.3610,0.55,19.24,0.455,,1,1,10.029,0.1700
184.752,0.0936,0.4138,0.0885,0.3494,0.53,19.24,0.455,,1,1,10.029,0.1700
184.777,0.0816,0.4042,0.0327,0.3675,0.52,19.27,0.455,,1,1,10.029,0.1700
184.804,0.0711,0.3950,0.0308,0.3616,0.51,19.30,0.456,,1,1,10.029,0.1700
184.830,0.0636,0.3849,0.0338,0.3472,0.49,19.33,0.456,,1,1,10.029,0.1700
184.857,0.0583,0.3724,0.0377,0.3262,0.48,19.36,0.455,,1,1,10.029,0.1700
184.891,0.0504,0.3613,0.0268,0.3289,0.49,19.37,0.454,,1,1,10.029,0.1700
184.922,0.0486,0.3484,0.0423,0.3068,0.47,19.39,0.453,,1,1,10.029,0.1700
184.955,0.0464,0.3368,0.0397,0.3022,0.45,19.35,0.454,,1,1,10.029,0.1700
184.986,0.0261,0.3383,-0.0402,0.3431,0.44,19.35,0.454,,1,1,10.029,0.1700
185.057,0.0000,0.3328,-0.0421,0.3248,0.41,19.35,0.452,,1,1,10.029,0.1700
185.086,0.0000,0.3286,-0.0384,0.3138,0.39,19.35,0.449,,1,1,10.029,0.1700
185.114,0.0000,0.3232,-0.0390,0.3031,0.38,19.39,0.450,,1,1,10.029,0.1700
185.147,0.0000,0.3138,-0.0239,0.2839,0.37,19.42,0.448,,1,1,10.029,0.1700
185.178,0.0000,0.3069,-0.0153,0.2851,0.38,19.44,0.448,,1,1,10.029,0.1700
185.227,0.0000,0.2977,-0.0129,0.2784,0.38,19.41,0.445,,1,1,10.029,0.1700
185.257,0.0000,0.2938,-0.0201,0.2802,0.38,19.43,0.446,,1,1,10.029,0.1700
185.284,0.0000,0.2888,-0.0098,0.2701,0.39,19.47,0.444,,1,1,10.029,0.1700
185.313,0.0000,0.2842,-0.0092,0.2671,0.38,19.50,0.444,,1,1,10.029,0.1700
185.337,0.0000,0.2819,-0.0118,0.2724,0.38,19.54,0.444,,1,1,10.029,0.1700
185.366,0.0000,0.2764,0.0076,0.2568,0.39,19.58,0.446,,1,1,10.029,0.1700
185.396,0.0000,0.2726,0.0112,0.2591,0.39,19.63,0.447,,1,1,10.029,0.1700
185.451,0.1735,0.1830,0.4833,0.0246,0.41,19.71,0.436,,1,1,10.029,0.1700
185.484,0.2898,0.1307,0.6290,-0.0302,0.43,19.83,0.426,,1,1,10.029,0.1700
185.514,0.3886,0.0873,0.6786,-0.0596,0.44,19.94,0.424,,1,1,10.029,0.1700
185.546,0.4704,0.0525,0.6905,-0.0494,0.45,20.04,0.426,,1,1,10.029,0.1700
185.578,0.5262,0.0299,0.6809,-0.0386,0.47,20.13,0.429,,1,1,10.029,0.1700
185.610,0.5621,0.0188,0.6621,-0.0149,0.49,20.22,0.431,,1,1,10.029,0.1700
185.643,0.5907,0.0099,0.6684,-0.0163,0.51,20.32,0.440,,1,1,10.029,0.1700
185.676,0.6235,0.0000,0.7134,-0.0378,0.53,20.39,0.441,,1,1,10.029,0.1700
185.707,0.6457,0.0000,0.7109,-0.0375,0.54,20.45,0.447,,1,1,10.029,0.1700
185.738,0.6627,0.0000,0.7131,-0.0296,0.56,20.52,0.449,,1,1,10.029,0.1700
185.786,0.6862,0.0000,0.7330,-0.0387,0.59,20.53,0.448,,1,1,10.029,0.1700
185.819,0.6994,0.0000,0.7374,-0.0226,0.60,20.56,0.452,,1,1,10.029,0.1700
185.849,0.7121,0.0000,0.7532,-0.0244,0.62,20.59,0.456,,1,1,10.029,0.1700
185.882,0.7319,0.0000,0.7884,-0.0358,0.63,20.63,0.455,,1,1,10.029,0.1700
185.914,0.7497,0.0000,0.8032,-0.0533,0.62,20.67,0.460,,1,1,10.029,0.1700
185.947,0.7644,0.0000,0.8090,-0.0620,0.62,20.71,0.458,,1,1,10.029,0.1700
185.979,0.7771,0.0000,0.8152,-0.0765,0.61,20.70,0.455,,1,1,10.029,0.1700
186.010,0.7851,0.0000,0.8106,-0.0670,0.62,20.70,0.452,,1,1,10.029,0.1700
186.044,0.8017,0.0000,0.8501,-0.0911,0.61,20.72,0.451,,1,1,10.029,0.1700
186.075,0.8162,0.0000,0.8628,-0.0942,0.59,20.69,0.454,,1,1,10.029,0.1700
186.107,0.8269,0.0000,0.8601,-0.0911,0.59,20.70,0.456,,1,1,10.029,0.1700
186.140,0.8366,0.0000,0.8656,-0.0781,0.59,20.69,0.456,,1,1,10.029,0.1700
186.170,0.8485,0.0000,0.8885,-0.0876,0.60,20.72,0.455,,1,1,10.029,0.1700
186.203,0.8677,0.0000,0.9254,-0.0660,0.60,20.75,0.458,,1,1,10.029,0.1700
186.234,0.8821,0.0000,0.9287,-0.0724,0.62,20.74,0.459,,1,1,10.029,0.1700
186.268,0.8993,0.0000,0.9505,-0.0880,0.62,20.74,0.460,,1,1,10.029,0.1700
186.299,0.9104,0.0000,0.9452,-0.0821,0.62,20.74,0.458,,1,1,10.029,0.1700
186.348,0.9333,0.0000,0.9800,-0.1024,0.62,20.77,0.458,,1,1,10.029,0.1700
186.380,0.9468,0.0000,0.9900,-0.0943,0.61,20.75,0.457,,1,1,10.029,0.1700
186.410,0.9550,0.0000,0.9818,0.0033,0.62,20.76,0.388,,1,1,10.029,0.1700
186.442,0.9564,0.0102,0.9610,0.1628,0.66,20.71,0.263,,1,1,10.029,0.1700
186.475,0.9210,0.1050,0.8078,0.3851,0.70,20.60,0.177,,1,1,10.029,0.1700
186.506,0.8992,0.1827,0.8259,0.4137,0.75,20.50,0.203,,1,1,10.029,0.1700
186.537,0.8876,0.2387,0.8482,0.4058,0.82,20.41,0.226,,1,1,10.029,0.1700
186.570,0.8775,0.2927,0.8450,0.4450,0.88,20.39,0.255,,1,1,10.029,0.1700
186.602,0.8693,0.3398,0.8431,0.4721,0.92,20.42,0.277,,1,1,10.029,0.1700
186.634,0.8604,0.3771,0.8315,0.4833,0.96,20.46,0.283,,1,1,10.029,0.1700
186.666,0.8541,0.4071,0.8332,0.4961,0.99,20.51,0.289,,1,1,10.029,0.1700
186.698,0.8489,0.4375,0.8327,0.5216,1.01,20.53,0.300,,1,1,10.029,0.1700
186.731,0.8451,0.4660,0.8330,0.5467,1.03,20.52,0.303,,1,1,10.029,0.1700
186.765,0.8432,0.4893,0.8371,0.5560,1.08,20.51,0.307,,1,1,10.029,0.1700
186.794,0.8437,0.5098,0.8455,0.5735,1.11,20.51,0.315,,1,1,10.029,0.1700
186.828,0.8453,0.5318,0.8502,0.5929,1.14,20.52,0.318,,1,1,10.029,0.1700
186.858,0.8459,0.5549,0.8478,0.6283,1.17,20.51,0.326,,1,1,10.029,0.1700
186.890,0.8469,0.5753,0.8504,0.6357,1.18,20.51,0.327,,1,1,10.029,0.1700
186.937,0.8491,0.6058,0.8540,0.6682,1.23,20.51,0.330,,1,1,10.029,0.1700
186.971,0.8515,0.6207,0.8589,0.6634,1.24,20.43,0.331,,1,1,10.029,0.1700
187.003,0.8531,0.6339,0.8585,0.6743,1.26,20.39,0.330,,1,1,10.029,0.1700
187.034,0.8586,0.6468,0.8772,0.6875,1.29,20.35,0.331,,1,1,10.029,0.1700
187.068,0.8667,0.6577,0.8921,0.6898,1.30,20.30,0.322,,1,1,10.029,0.1700
187.097,0.8807,0.6604,0.9302,0.6692,1.31,20.23,0.318,,1,1,10.029,0.1700
187.132,0.8974,0.6628,0.9472,0.6699,1.34,20.19,0.319,,1,1,10.029,0.1700
187.163,0.9068,0.6696,0.9383,0.6919,1.36,20.16,0.321,,1,1,10.029,0.1700
187.195,0.9174,0.6767,0.9515,0.6991,1.39,20.20,0.320,,1,1,10.029,0.1700
187.227,0.9256,0.6864,0.9512,0.7165,1.42,20.17,0.319,,1,1,10.029,0.1700
187.259,0.9340,0.6958,0.9612,0.7258,1.45,20.14,0.319,,1,1,10.029,0.1700
187.291,0.9496,0.7049,0.9995,0.7338,1.47,20.09,0.320,,1,1,10.029,0.1700
187.322,0.9608,0.7136,0.9978,0.7424,1.49,20.04,0.320,,1,1,10.029,0.1700
187.355,0.9719,0.7205,1.0070,0.7423,1.50,20.02,0.319,,1,1,10.029,0.1700
187.388,0.9841,0.7234,1.0208,0.7323,1.50,19.98,0.320,,1,1,10.029,0.1700
187.455,1.0000,0.7281,1.0753,0.7354,1.52,19.89,0.333,,1,1,10.029,0.1700
187.498,0.9880,0.7551,0.9350,0.8189,1.50,19.90,0.290,,1,1,10.029,0.1700
187.530,0.9516,0.7709,0.8329,0.8209,1.47,19.85,0.280,,1,1,10.029,0.1700
187.556,0.9170,0.7858,0.7808,0.8439,1.45,19.79,0.260,,1,1,10.029,0.1700
187.581,0.8746,0.8045,0.7085,0.8784,1.42,19.69,0.238,,1,1,10.029,0.1700
187.605,0.8230,0.8256,0.6174,0.9130,1.39,19.57,0.225,,1,1,10.029,0.1700
187.631,0.7845,0.8349,0.6437,0.8706,1.36,19.49,0.229,,1,1,10.029,0.1700
187.657,0.7526,0.8388,0.6390,0.8538,1.33,19.43,0.237,,1,1,10.029,0.1700
187.691,0.7052,0.8429,0.5758,0.8550,1.31,19.34,0.245,,1,1,10.029,0.1700
187.722,0.6556,0.8534,0.5073,0.8875,1.30,19.25,0.257,,1,1,10.029,0.1700
187.753,0.5595,0.8959,0.2875,1.0295,1.29,19.14,0.265,,1,1,10.029,0.1700
187.785,0.5068,0.9084,0.3602,0.9473,1.27,18.99,0.274,,1,1,10.029,0.1700
187.853,0.4350,0.9159,0.3378,0.9270,1.24,18.63,0.284,,1,1,10.029,0.1700
187.884,0.4078,0.9166,0.3274,0.9188,1.22,18.54,0.288,,1,1,10.029,0.1700
187.914,0.3786,0.9195,0.2888,0.9295,1.19,18.49,0.299,,1,1,10.029,0.1700
187.946,0.3639,0.9109,0.3213,0.8833,1.16,18.43,0.295,,1,1,10.029,0.1700
187.978,0.3565,0.9012,0.3346,0.8698,1.14,18.40,0.302,,1,1,10.029,0.1700
188.011,0.3421,0.8918,0.2997,0.8614,1.11,18.32,0.306,,1,1,10.029,0.1700
188.060,0.3069,0.8867,0.2379,0.8755,1.07,18.30,0.320,,1,1,10.029,0.1700
188.090,0.2736,0.8911,0.1658,0.9069,1.05,18.25,0.319,,1,1,10.029,0.1700
188.118,0.2446,0.8951,0.1458,0.9102,1.04,18.19,0.319,,1,1,10.029,0.1700
188.144,0.2232,0.8984,0.1449,0.9117,1.03,18.15,0.322,,1,1,10.029,0.1700
188.170,0.2072,0.9004,0.1498,0.9085,1.03,18.12,0.319,,1,1,10.029,0.1700
188.196,0.1937,0.9030,0.1443,0.9132,1.03,18.13,0.318,,1,1,10.029,0.1700
188.250,0.1862,0.9065,0.1726,0.9135,1.04,18.13,0.327,,1,1,10.029,0.1700
188.282,0.1895,0.9011,0.1998,0.8829,1.05,18.15,0.319,,1,1,10.029,0.1700
188.315,0.1952,0.8917,0.2126,0.8618,1.04,18.17,0.321,,1,1,10.029,0.1700
188.346,0.1991,0.8832,0.2119,0.8547,1.03,18.19,0.316,,1,1,10.029,0.1700
188.379,0.2006,0.8781,0.2054,0.8617,1.04,18.21,0.314,,1,1,10.029,0.1700
188.412,0.2016,0.8714,0.2046,0.8501,1.01,18.23,0.317,,1,1,10.029,0.1700
188.443,0.2002,0.8634,0.1957,0.8363,1.00,18.24,0.320,,1,1,10.029,0.1700
188.474,0.2022,0.8528,0.2090,0.8175,0.98,18.25,0.317,,1,1,10.029,0.1700
188.505,0.2046,0.8427,0.2124,0.8094,0.98,18.28,0.316,,1,1,10.029,0.1700
188.538,0.2047,0.8354,0.2049,0.8127,0.97,18.29,0.311,,1,1,10.029,0.1700
188.569,0.2159,0.8242,0.2549,0.7863,0.97,18.32,0.315,,1,1,10.029,0.1700
188.618,0.2409,0.7913,0.2943,0.7228,0.92,18.40,0.307,,1,1,10.029,0.1700
188.650,0.2636,0.7644,0.3370,0.6800,0.91,18.45,0.303,,1,1,10.029,0.1700
188.682,0.2822,0.7413,0.3419,0.6686,0.89,18.47,0.306,,1,1,10.029,0.1700
188.714,0.2981,0.7216,0.3490,0.6601,0.87,18.51,0.311,,1,1,10.029,0.1700
188.747,0.3013,0.7073,0.3109,0.6644,0.86,18.56,0.327,,1,1,10.029,0.1700
188.781,0.2780,0.7084,0.2070,0.7117,0.86,18.61,0.321,,1,1,10.029,0.1700
188.810,0.2648,0.6920,0.2158,0.6344,0.84,18.67,0.351,,1,1,10.029,0.1700
188.842,0.2200,0.6937,0.0772,0.6991,0.83,18.74,0.396,,1,1,10.029,0.1700
188.875,0.1964,0.6751,0.1224,0.6173,0.81,18.81,0.423,,1,1,10.029,0.1700
188.906,0.1712,0.6568,0.0919,0.5992,0.78,18.85,0.440,,1,1,10.029,0.1700
188.937,0.1377,0.6478,0.0288,0.6181,0.77,18.90,0.454,,1,1,10.029,0.1700
188.970,0.1134,0.6334,0.0397,0.5888,0.75,18.99,0.455,,1,1,10.029,0.1700
189.003,0.1019,0.6074,0.0676,0.5292,0.70,19.07,0.460,,1,1,10.029,0.1700
189.036,0.0878,0.5802,0.0459,0.4997,0.65,19.15,0.465,,1,1,10.029,0.1700
189.068,0.0839,0.5519,0.0718,0.4646,0.62,19.20,0.460,,1,1,10.029,0.1700
189.098,0.0786,0.5267,0.0604,0.4443,0.58,19.24,0.457,,1,1,10.029,0.1700
189.130,0.0730,0.5010,0.0556,0.4229,0.55,19.27,0.462,,1,1,10.029,0.1700
189.163,0.0671,0.4763,0.0487,0.4032,0.52,19.31,0.463,,1,1,10.029,0.1700
189.210,0.0596,0.4427,0.0433,0.3731,0.48,19.35,0.465,,1,1,10.029,0.1700
189.244,0.0560,0.4185,0.0453,0.3498,0.45,19.39,0.463,,1,1,10.029,0.1700
189.276,0.0528,0.3982,0.0424,0.3355,0.42,19.42,0.466,,1,1,10.029,0.1700
189.306,0.0503,0.3789,0.0421,0.3173,0.38,19.47,0.465,,1,1,10.029,0.1700
189.339,0.0488,0.3590,0.0437,0.2985,0.35,19.52,0.462,,1,1,10.029,0.1700
189.370,0.0510,0.3392,0.0584,0.2769,0.33,19.55,0.461,,1,1,10.029,0.1700
189.402,0.0527,0.3212,0.0583,0.2674,0.31,19.54,0.461,,1,1,10.029,0.1700
189.434,0.0530,0.3049,0.0539,0.2545,0.30,19.54,0.460,,1,1,10.029,0.1700
189.466,0.0456,0.2967,0.0216,0.2717,0.29,19.55,0.465,,1,1,10.029,0.1700
189.498,0.0396,0.2893,0.0199,0.2659,0.28,19.57,0.464,,1,1,10.029,0.1700
189.530,0.0348,0.2838,0.0194,0.2671,0.28,19.57,0.467,,1,1,10.029,0.1700
189.563,0.0283,0.2777,0.0073,0.2585,0.27,19.60,0.465,,1,1,10.029,0.1700
189.595,0.0326,0.2673,0.0469,0.2335,0.26,19.61,0.465,,1,1,10.029,0.1700
189.626,0.0725,0.2410,0.2009,0.1601,0.26,19.63,0.459,,1,1,10.029,0.1700
189.658,0.1642,0.1914,0.4433,0.0412,0.26,19.65,0.455,,1,1,10.029,0.1700
189.690,0.2622,0.1439,0.5506,0.0005,0.26,19.76,0.456,,1,1,10.029,0.1700
189.723,0.3666,0.0941,0.6538,-0.0565,0.26,19.85,0.455,,1,1,10.029,0.1700
189.770,0.4618,0.0498,0.6417,-0.0387,0.27,19.99,0.447,,1,1,10.029,0.1700
189.803,0.5109,0.0335,0.6473,-0.0150,0.27,20.06,0.443,,1,1,10.029,0.1700
189.832,0.5574,0.0228,0.6972,-0.0119,0.29,20.13,0.442,,1,1,10.029,0.1700
189.866,0.6162,0.0116,0.7696,-0.0206,0.29,20.19,0.445,,1,1,10.029,0.1700
189.898,0.6584,0.0046,0.7760,-0.0168,0.31,20.29,0.454,,1,1,10.029,0.1700
189.931,0.6940,0.0000,0.7934,-0.0246,0.33,20.36,0.455,,1,1,10.029,0.1700
189.964,0.7295,0.0000,0.8271,-0.0390,0.33,20.47,0.454,,1,1,10.029,0.1700
189.995,0.7599,0.0000,0.8483,-0.0411,0.35,20.56,0.452,,1,1,10.029,0.1700
190.026,0.7879,0.0000,0.8699,-0.0476,0.36,20.67,0.454,,1,1,10.029,0.1700
190.060,0.8093,0.0000,0.8690,-0.0369,0.38,20.78,0.457,,1,1,10.029,0.1700
190.091,0.8284,0.0000,0.8871,-0.0415,0.38,20.89,0.459,,1,1,10.029,0.1700
190.123,0.8466,0.0000,0.8994,-0.0442,0.39,20.98,0.463,,1,1,10.029,0.1700
190.156,0.8602,0.0000,0.8990,-0.0442,0.39,21.06,0.463,,1,1,10.029,0.1700
190.186,0.8751,0.0000,0.9248,-0.0413,0.39,21.11,0.463,,1,1,10.029,0.1700
190.258,0.8961,0.0000,0.9247,-0.0265,0.43,21.18,0.463,,1,1,10.029,0.1700
190.282,0.9009,0.0000,0.9200,-0.0165,0.44,21.18,0.464,,1,1,10.029,0.1700
190.334,0.8654,0.0055,0.7947,0.0782,0.49,21.17,0.432,,1,1,10.029,0.1700
190.364,0.7879,0.0737,0.5212,0.3016,0.49,20.93,0.216,,1,1,10.029,0.1700
190.389,0.7136,0.1399,0.4327,0.3862,0.49,20.64,0.154,,1,1,10.029,0.1700
190.414,0.6179,0.2130,0.2675,0.4810,0.48,20.41,0.164,,1,1,10.029,0.1700
190.440,0.5028,0.2804,0.1103,0.5182,0.49,20.29,0.189,,1,1,10.029,0.1700
190.466,0.3870,0.3367,0.0169,0.5277,0.49,20.20,0.241,,1,1,10.029,0.1700
190.491,0.2830,0.3949,-0.1306,0.5965,0.50,20.13,0.297,,1,1,10.029,0.1700
190.523,0.1867,0.4493,-0.1797,0.5945,0.49,20.19,0.327,,1,1,10.029,0.1700
190.553,0.1229,0.4968,-0.2705,0.6356,0.46,20.26,0.349,,1,1,10.029,0.1700
190.588,0.0716,0.5404,-0.2354,0.6509,0.44,20.28,0.376,,1,1,10.029,0.1700
190.654,0.0191,0.5916,-0.3241,0.6624,0.42,20.40,0.401,,1,1,10.029,0.1700
190.684,0.0016,0.6085,-0.3259,0.6604,0.42,20.45,0.402,,1,1,10.029,0.1700
190.715,0.0000,0.6213,-0.3361,0.6590,0.42,20.49,0.411,,1,1,10.029,0.1700
190.747,0.0000,0.6342,-0.3361,0.6729,0.43,20.50,0.414,,1,1,10.029,0.1700
190.779,0.0000,0.6428,-0.2980,0.6686,0.46,20.50,0.417,,1,1,10.029,0.1700
190.811,0.0000,0.6480,-0.2978,0.6636,0.48,20.50,0.428,,1,1,10.029,0.1700
190.842,0.0000,0.6394,-0.2446,0.6119,0.47,20.52,0.437,,1,1,10.029,0.1700
190.874,0.0000,0.6151,-0.1391,0.5358,0.46,20.55,0.435,,1,1,10.029,0.1700
190.922,0.0000,0.5638,-0.0048,0.4502,0.44,20.60,0.438,,1,1,10.029,0.1700
190.948,0.0000,0.5339,0.0409,0.4188,0.43,20.62,0.438,,1,1,10.029,0.1700
190.974,0.0104,0.5059,0.1124,0.3957,0.42,20.63,0.439,,1,1,10.029,0.1700
191.000,0.0398,0.4779,0.1588,0.3691,0.40,20.58,0.439,,1,1,10.029,0.1700
191.051,0.1254,0.4082,0.2950,0.2732,0.37,20.62,0.443,,1,1,10.029,0.1700
191.082,0.1697,0.3720,0.3075,0.2613,0.37,20.63,0.446,,1,1,10.029,0.1700
191.114,0.2180,0.3328,0.3629,0.2158,0.36,20.65,0.441,,1,1,10.029,0.1700
191.147,0.2614,0.2955,0.3904,0.1844,0.34,20.62,0.439,,1,1,10.029,0.1700
191.179,0.2975,0.2559,0.4038,0.1399,0.32,20.55,0.436,,1,1,10.029,0.1700
191.211,0.3257,0.2263,0.4092,0.1391,0.33,20.50,0.436,,1,1,10.029,0.1700
191.242,0.3531,0.2008,0.4355,0.1237,0.32,20.47,0.437,,1,1,10.029,0.1700
191.276,0.3780,0.1780,0.4487,0.1133,0.33,20.47,0.435,,1,1,10.029,0.1700
191.308,0.4022,0.1599,0.4740,0.1060,0.33,20.45,0.433,,1,1,10.029,0.1700
191.340,0.4235,0.1494,0.4882,0.1174,0.34,20.40,0.438,,1,1,10.029,0.1700
191.370,0.4491,0.1356,0.5302,0.0912,0.35,20.40,0.439,,1,1,10.029,0.1700
191.403,0.4753,0.1212,0.5523,0.0778,0.36,20.38,0.437,,1,1,10.029,0.1700
191.435,0.5060,0.1022,0.5978,0.0442,0.35,20.36,0.440,,1,1,10.029,0.1700
191.484,0.5472,0.0773,0.6270,0.0276,0.34,20.39,0.440,,1,1,10.029,0.1700
191.514,0.5731,0.0591,0.6565,-0.0008,0.33,20.39,0.437,,1,1,10.029,0.1700
191.546,0.6065,0.0355,0.7044,-0.0357,0.32,20.38,0.440,,1,1,10.029,0.1700
191.579,0.6342,0.0143,0.7159,-0.0503,0.30,20.41,0.439,,1,1,10.029,0.1700
191.612,0.6599,0.0000,0.7342,-0.0749,0.28,20.44,0.439,,1,1,10.029,0.1700
191.642,0.6799,0.0000,0.7428,-0.0892,0.25,20.47,0.439,,1,1,10.029,0.1700
191.674,0.6982,0.0000,0.7535,-0.0984,0.24,20.47,0.441,,1,1,10.029,0.1700
191.708,0.7178,0.0000,0.7736,-0.1250,0.22,20.40,0.436,,1,1,10.029,0.1700
191.740,0.7358,0.0000,0.7903,-0.1344,0.22,20.35,0.438,,1,1,10.029,0.1700
191.771,0.7494,0.0000,0.7929,-0.1179,0.23,20.32,0.411,,1,1,10.029,0.1700
191.802,0.7520,0.0000,0.7600,-0.0039,0.25,20.20,0.297,,1,1,10.029,0.1700
191.838,0.7709,0.0000,0.8244,0.0700,0.30,20.02,0.216,,1,1,10.029,0.1700
191.866,0.7856,0.0219,0.8356,0.1189,0.35,19.87,0.231,,1,1,10.029,0.1700
191.899,0.7965,0.0572,0.8286,0.1651,0.39,19.74,0.248,,1,1,10.029,0.1700
191.931,0.7926,0.0953,0.7803,0.2144,0.44,19.73,0.261,,1,1,10.029,0.1700
191.963,0.7838,0.1278,0.7559,0.2291,0.47,19.65,0.270,,1,1,10.029,0.1700
191.995,0.7672,0.1600,0.7120,0.2604,0.49,19.60,0.278,,1,1,10.029,0.1700
192.042,0.7309,0.2146,0.6493,0.3276,0.53,19.50,0.287,,1,1,10.029,0.1700
192.076,0.7001,0.2520,0.6083,0.3563,0.54,19.49,0.288,,1,1,10.029,0.1700
192.107,0.6723,0.2824,0.5782,0.3792,0.55,19.44,0.268,,1,1,10.029,0.1700
192.141,0.6506,0.3126,0.5878,0.3956,0.58,19.44,0.276,,1,1,10.029,0.1700
192.171,0.6362,0.3379,0.5876,0.4189,0.61,19.46,0.287,,1,1,10.029,0.1700
192.202,0.6202,0.3633,0.5688,0.4414,0.63,19.49,0.292,,1,1,10.029,0.1700
192.234,0.6070,0.3846,0.5646,0.4496,0.63,19.50,0.295,,1,1,10.029,0.1700
192.266,0.5946,0.4057,0.5562,0.4682,0.64,19.57,0.303,,1,1,10.029,0.1700
192.298,0.5794,0.4269,0.5312,0.4914,0.64,19.61,0.305,,1,1,10.029,0.1700
192.330,0.5664,0.4460,0.5250,0.5047,0.65,19.63,0.310,,1,1,10.029,0.1700
192.363,0.5534,0.4672,0.5134,0.5303,0.68,19.66,0.316,,1,1,10.029,0.1700
192.395,0.5405,0.4891,0.5014,0.5534,0.70,19.67,0.311,,1,1,10.029,0.1700
192.427,0.5348,0.5060,0.5168,0.5574,0.73,19.65,0.309,,1,1,10.029,0.1700
192.459,0.5293,0.5225,0.5121,0.5725,0.74,19.60,0.307,,1,1,10.029,0.1700
192.491,0.5290,0.5379,0.5281,0.5855,0.76,19.54,0.284,,1,1,10.029,0.1700
192.524,0.5336,0.5513,0.5480,0.5913,0.77,19.48,0.277,,1,1,10.029,0.1700
192.555,0.5397,0.5660,0.5602,0.6127,0.80,19.41,0.266,,1,1,10.029,0.1700
192.603,0.5497,0.5963,0.5716,0.6588,0.82,19.38,0.248,,1,1,10.029,0.1700
192.634,0.5536,0.6121,0.5670,0.6621,0.83,19.33,0.242,,1,1,10.029,0.1700
192.665,0.5570,0.6211,0.5684,0.6502,0.83,19.28,0.238,,1,1,10.029,0.1700
192.699,0.5642,0.6340,0.5867,0.6721,0.84,19.18,0.224,,1,1,10.029,0.1700
192.729,0.5582,0.6621,0.5373,0.7537,0.84,18.99,0.161,,1,1,10.029,0.1700
192.763,0.5550,0.6895,0.5451,0.7689,0.84,18.71,0.146,,1,1,10.029,0.1700
192.795,0.5510,0.7124,0.5378,0.7825,0.85,18.46,0.158,,1,1,10.029,0.1700
192.826,0.5570,0.7213,0.5773,0.7490,0.85,18.25,0.171,,1,1,10.029,0.1700
192.859,0.5558,0.7353,0.5518,0.7780,0.86,18.06,0.175,,1,1,10.029,0.1700
192.890,0.5550,0.7460,0.5525,0.7802,0.87,17.91,0.175,,1,1,10.029,0.1700
192.924,0.5554,0.7551,0.5566,0.7818,0.89,17.81,0.183,,1,1,10.029,0.1700
192.955,0.5512,0.7675,0.5367,0.8075,0.90,17.77,0.188,,1,1,10.029,0.1700
192.986,0.5473,0.7778,0.5343,0.8106,0.90,17.68,0.189,,1,1,10.029,0.1700
193.053,0.5604,0.7769,0.5813,0.7756,0.91,17.57,0.215,,1,1,10.029,0.1700
193.081,0.5657,0.7704,0.5854,0.7469,0.91,17.52,0.226,,1,1,10.029,0.1700
193.113,0.5697,0.7682,0.5830,0.7609,0.93,17.52,0.232,,1,1,10.029,0.1700
193.146,0.5788,0.7651,0.6077,0.7555,0.95,17.53,0.251,,1,1,10.029,0.1700
193.194,0.5955,0.7444,0.6321,0.6983,0.95,17.63,0.265,,1,1,10.029,0.1700
193.220,0.6060,0.7315,0.6467,0.6806,0.96,17.68,0.266,,1,1,10.029,0.1700
193.247,0.6147,0.7004,0.6488,0.5795,0.96,17.77,0.346,,1,1,10.029,0.1700
193.272,0.6212,0.6617,0.6469,0.5117,0.95,17.85,0.400,,1,1,10.029,0.1700
193.301,0.6229,0.6167,0.6294,0.4621,0.93,17.97,0.430,,1,1,10.029,0.1700
193.328,0.6253,0.5761,0.6346,0.4320,0.91,18.07,0.437,,1,1,10.029,0.1700
193.358,0.6259,0.5362,0.6276,0.4104,0.89,18.16,0.438,,1,1,10.029,0.1700
193.389,0.6276,0.4980,0.6332,0.3827,0.86,18.24,0.434,,1,1,10.029,0.1700
193.451,0.6239,0.4476,0.6177,0.3699,0.81,18.52,0.427,,1,1,10.029,0.1700
193.486,0.6204,0.4184,0.6100,0.3397,0.79,18.63,0.437,,1,1,10.029,0.1700
193.515,0.6182,0.3978,0.6101,0.3301,0.77,18.75,0.435,,1,1,10.029,0.1700
193.546,0.6161,0.3773,0.6090,0.3135,0.74,18.88,0.436,,1,1,10.029,0.1700
193.579,0.6139,0.3566,0.6068,0.2962,0.70,19.00,0.443,,1,1,10.029,0.1700
193.612,0.6122,0.3367,0.6068,0.2777,0.67,19.11,0.444,,1,1,10.029,0.1700
193.643,0.6118,0.3192,0.6101,0.2653,0.65,19.18,0.444,,1,1,10.029,0.1700
193.674,0.6117,0.3032,0.6115,0.2525,0.63,19.22,0.442,,1,1,10.029,0.1700
193.707,0.6128,0.2867,0.6163,0.2376,0.60,19.22,0.440,,1,1,10.029,0.1700
193.754,0.6134,0.2675,0.6147,0.2275,0.57,19.22,0.442,,1,1,10.029,0.1700
193.786,0.6145,0.2532,0.6180,0.2090,0.55,19.27,0.440,,1,1,10.029,0.1700
193.812,0.6155,0.2416,0.6197,0.1977,0.53,19.34,0.440,,1,1,10.029,0.1700
193.850,0.6158,0.2278,0.6167,0.1913,0.51,19.41,0.443,,1,1,10.029,0.1700
193.883,0.6233,0.2104,0.6471,0.1580,0.50,19.48,0.444,,1,1,10.029,0.1700
193.915,0.6478,0.1837,0.7276,0.1009,0.50,19.53,0.447,,1,1,10.029,0.1700
193.946,0.6873,0.1545,0.8162,0.0626,0.49,19.56,0.446,,1,1,10.029,0.1700
193.980,0.7292,0.1245,0.8502,0.0393,0.48,19.61,0.447,,1,1,10.029,0.1700
194.012,0.7623,0.1002,0.8627,0.0274,0.47,19.65,0.451,,1,1,10.029,0.1700
194.045,0.7969,0.0756,0.9001,0.0022,0.46,19.69,0.450,,1,1,10.029,0.1700
194.079,0.8258,0.0573,0.9090,0.0043,0.47,19.69,0.452,,1,1,10.029,0.1700
194.107,0.8478,0.0438,0.9238,-0.0032,0.47,19.67,0.456,,1,1,10.029,0.1700
194.140,0.8660,0.0341,0.9190,0.0054,0.47,19.66,0.455,,1,1,10.029,0.1700
194.171,0.8811,0.0253,0.9282,-0.0028,0.47,19.64,0.457,,1,1,10.029,0.1700
194.201,0.8916,0.0177,0.9261,-0.0072,0.47,19.63,0.457,,1,1,10.029,0.1700
194.237,0.9017,0.0097,0.9300,-0.0132,0.46,19.61,0.457,,1,1,10.029,0.1700
194.266,0.9079,0.0066,0.9284,-0.0039,0.46,19.60,0.452,,1,1,10.029,0.1700
194.314,0.9132,0.0043,0.9244,-0.0005,0.47,19.59,0.451,,1,1,10.029,0.1700
194.346,0.9190,0.0090,0.9373,0.0241,0.47,19.61,0.450,,1,1,10.029,0.1700
194.381,0.9246,0.0115,0.9410,0.0190,0.47,19.65,0.449,,1,1,10.029,0.1700
194.411,0.9297,0.0108,0.9473,0.0082,0.47,19.63,0.446,,1,1,10.029,0.1700
194.442,0.9412,0.0074,0.9786,-0.0039,0.48,19.59,0.446,,1,1,10.029,0.1700
194.474,0.9489,0.0085,0.9731,0.0121,0.48,19.55,0.451,,1,1,10.029,0.1700
194.508,0.9616,0.0130,1.0003,0.0271,0.48,19.52,0.449,,1,1,10.029,0.1700
194.540,0.9808,0.0221,1.0415,0.0525,0.49,19.47,0.412,,1,1,10.029,0.1700
194.571,0.9921,0.0580,1.0286,0.1763,0.51,19.39,0.295,,1,1,10.029,0.1700
194.603,0.9894,0.1179,0.9807,0.3060,0.53,19.21,0.208,,1,1,10.029,0.1700
194.637,0.9852,0.1779,0.9724,0.3495,0.56,19.02,0.215,,1,1,10.029,0.1700
194.667,0.9842,0.2198,0.9808,0.3514,0.60,18.91,0.243,,1,1,10.029,0.1700
194.702,0.9821,0.2588,0.9760,0.3666,0.63,18.87,0.267,,1,1,10.029,0.1700
194.731,0.9843,0.2823,0.9917,0.3578,0.65,18.86,0.272,,1,1,10.029,0.1700
194.763,0.9807,0.3016,0.9689,0.3589,0.66,18.84,0.281,,1,1,10.029,0.1700
194.794,0.9783,0.3164,0.9701,0.3637,0.68,18.81,0.287,,1,1,10.029,0.1700
194.828,0.9772,0.3318,0.9740,0.3753,0.70,18.81,0.296,,1,1,10.029,0.1700
194.876,0.9762,0.3481,0.9739,0.3810,0.74,18.82,0.303,,1,1,10.029,0.1700
194.907,0.9765,0.3612,0.9776,0.4038,0.77,18.83,0.316,,1,1,10.029,0.1700
194.940,0.9699,0.3775,0.9490,0.4258,0.81,18.85,0.318,,1,1,10.029,0.1700
194.971,0.9628,0.3950,0.9378,0.4531,0.84,18.87,0.320,,1,1,10.029,0.1700
195.001,0.9517,0.4169,0.9144,0.4859,0.87,18.90,0.325,,1,1,10.029,0.1700
195.033,0.9398,0.4406,0.9014,0.5124,0.90,18.91,0.323,,1,1,10.029,0.1700
195.070,0.9309,0.4663,0.9056,0.5352,0.92,18.93,0.326,,1,1,10.029,0.1700
195.098,0.9230,0.4868,0.8943,0.5572,0.94,18.95,0.328,,1,1,10.029,0.1700
195.130,0.9172,0.5069,0.8984,0.5684,0.97,18.95,0.325,,1,1,10.029,0.1700
195.162,0.9066,0.5303,0.8728,0.6010,1.00,18.97,0.326,,1,1,10.029,0.1700
195.195,0.8986,0.5526,0.8734,0.6194,1.03,18.99,0.326,,1,1,10.029,0.1700
195.227,0.8893,0.5761,0.8590,0.6477,1.05,19.00,0.330,,1,1,10.029,0.1700
195.259,0.8710,0.5963,0.8115,0.6594,1.07,19.02,0.326,,1,1,10.029,0.1700
195.291,0.8451,0.6168,0.7649,0.6780,1.08,19.03,0.326,,1,1,10.029,0.1700
195.322,0.8070,0.6413,0.6873,0.7166,1.08,19.01,0.322,,1,1,10.029,0.1700
195.356,0.7621,0.6744,0.6304,0.7705,1.08,18.98,0.314,,1,1,10.029,0.1700
195.386,0.7341,0.6935,0.6455,0.7542,1.08,18.98,0.315,,1,1,10.029,0.1700
195.473,0.7075,0.7144,0.6771,0.7382,1.10,19.09,0.315,,1,1,10.029,0.1700
195.500,0.7026,0.7201,0.6847,0.7411,1.12,19.12,0.314,,1,1,10.029,0.1700
195.527,0.6998,0.7260,0.6895,0.7475,1.14,19.14,0.313,,1,1,10.029,0.1700
195.552,0.6973,0.7330,0.6870,0.7622,1.17,19.16,0.313,,1,1,10.029,0.1700
195.579,0.6950,0.7444,0.6861,0.7880,1.19,19.21,0.315,,1,1,10.029,0.1700
195.605,0.6946,0.7548,0.6930,0.7929,1.21,19.26,0.312,,1,1,10.029,0.1700
195.632,0.6966,0.7648,0.7041,0.8026,1.22,19.30,0.310,,1,1,10.029,0.1700
195.659,0.7003,0.7763,0.7145,0.8184,1.24,19.33,0.314,,1,1,10.029,0.1700
195.691,0.7052,0.7935,0.7211,0.8474,1.24,19.37,0.310,,1,1,10.029,0.1700
195.722,0.7111,0.8055,0.7309,0.8439,1.24,19.41,0.311,,1,1,10.029,0.1700
195.754,0.7188,0.8117,0.7448,0.8313,1.23,19.40,0.302,,1,1,10.029,0.1700
195.786,0.7322,0.8100,0.7759,0.8049,1.21,19.42,0.302,,1,1,10.029,0.1700
195.853,0.7541,0.7977,0.7886,0.7785,1.17,19.40,0.316,,1,1,10.029,0.1700
195.883,0.7669,0.7862,0.8104,0.7464,1.16,19.40,0.325,,1,1,10.029,0.1700
195.914,0.7873,0.7761,0.8541,0.7423,1.14,19.37,0.341,,1,1,10.029,0.1700
195.946,0.8178,0.7569,0.9163,0.6926,1.11,19.35,0.352,,1,1,10.029,0.1700
195.979,0.8415,0.7363,0.9127,0.6720,1.07,19.30,0.364,,1,1,10.029,0.1700
196.026,0.8677,0.7022,0.9236,0.6280,1.03,19.28,0.372,,1,1,10.029,0.1700
196.061,0.9023,0.6775,1.0000,0.6062,1.02,19.18,0.381,,1,1,10.029,0.1700
196.087,0.9285,0.6598,1.0296,0.5899,1.00,19.06,0.386,,1,1,10.029,0.1700
196.112,0.9487,0.6430,1.0253,0.5776,0.97,18.96,0.388,,1,1,10.029,0.1700
196.138,0.9671,0.6243,1.0355,0.5532,0.95,18.86,0.392,,1,1,10.029,0.1700
196.164,0.9815,0.6087,1.0354,0.5492,0.92,18.79,0.393,,1,1,10.029,0.1700
196.193,0.9926,0.5928,1.0300,0.5387,0.90,18.75,0.395,,1,1,10.029,0.1700
196.250,0.9999,0.5707,1.0129,0.5314,0.88,18.71,0.397,,1,1,10.029,0.1700
196.282,1.0000,0.5601,1.0123,0.5272,0.88,18.75,0.393,,1,1,10.029,0.1700
196.313,1.0000,0.5516,1.0073,0.5247,0.86,18.76,0.392,,1,1,10.029,0.1700
196.347,0.9865,0.5456,0.9330,0.5278,0.86,18.74,0.382,,1,1,10.029,0.1700
196.378,0.9528,0.5585,0.8352,0.6025,0.87,18.73,0.369,,1,1,10.029,0.1700
196.412,0.9036,0.5794,0.7565,0.6433,0.85,18.71,0.354,,1,1,10.029,0.1700
196.445,0.8646,0.5912,0.7484,0.6280,0.83,18.67,0.350,,1,1,10.029,0.1700
196.475,0.8366,0.5965,0.7415,0.6158,0.81,18.63,0.345,,1,1,10.029,0.1700
196.508,0.8079,0.6035,0.7228,0.6258,0.80,18.62,0.345,,1,1,10.029,0.1700
196.539,0.7870,0.6064,0.7213,0.6160,0.79,18.69,0.344,,1,1,10.029,0.1700
196.587,0.7616,0.6047,0.7087,0.6011,0.77,18.77,0.338,,1,1,10.029,0.1700
196.619,0.7471,0.6015,0.7027,0.5909,0.76,18.82,0.340,,1,1,10.029,0.1700
196.652,0.7379,0.5994,0.7102,0.5928,0.77,18.87,0.339,,1,1,10.029,0.1700
196.684,0.7300,0.6002,0.7058,0.6027,0.78,18.89,0.343,,1,1,10.029,0.1700
196.715,0.7256,0.6017,0.7110,0.6067,0.80,18.90,0.345,,1,1,10.029,0.1700
196.747,0.7177,0.6048,0.6929,0.6153,0.80,18.92,0.358,,1,1,10.029,0.1700
196.779,0.7133,0.6045,0.6989,0.6033,0.81,18.94,0.367,,1,1,10.029,0.1700
196.812,0.7107,0.6001,0.7028,0.5862,0.81,18.93,0.374,,1,1,10.029,0.1700
196.843,0.7083,0.5965,0.7005,0.5844,0.80,18.90,0.377,,1,1,10.029,0.1700
196.876,0.7072,0.5921,0.7036,0.5776,0.79,18.86,0.380,,1,1,10.029,0.1700
196.906,0.7009,0.5903,0.6800,0.5843,0.79,18.92,0.378,,1,1,10.029,0.1700
196.938,0.6959,0.5882,0.6796,0.5814,0.79,18.95,0.377,,1,1,10.029,0.1700
196.970,0.6858,0.5865,0.6530,0.5805,0.79,18.97,0.375,,1,1,10.029,0.1700
197.001,0.6741,0.5859,0.6353,0.5839,0.78,18.97,0.374,,1,1,10.029,0.1700
197.035,0.6595,0.5859,0.6158,0.5858,0.76,19.00,0.372,,1,1,10.029,0.1700
197.068,0.6447,0.5873,0.5988,0.5921,0.75,18.98,0.357,,1,1,10.029,0.1700
197.099,0.6338,0.5876,0.5987,0.5885,0.73,18.91,0.279,,1,1,10.029,0.1700
197.145,0.5990,0.5968,0.5227,0.6180,0.71,18.88,0.270,,1,1,10.029,0.1700
197.179,0.5839,0.5762,0.5386,0.5117,0.69,18.93,0.328,,1,1,10.029,0.1700
197.211,0.5691,0.5421,0.5228,0.4340,0.64,18.98,0.374,,1,1,10.029,0.1700
197.244,0.5486,0.5081,0.4861,0.4035,0.59,19.03,0.401,,1,1,10.029,0.1700
197.275,0.5313,0.4744,0.4760,0.3672,0.54,19.05,0.413,,1,1,10.029,0.1700
197.308,0.5259,0.4373,0.5086,0.3222,0.51,19.10,0.428,,1,1,10.029,0.1700
197.339,0.5199,0.4041,0.5010,0.3044,0.48,19.16,0.430,,1,1,10.029,0.1700
197.371,0.5157,0.3758,0.5024,0.2904,0.45,19.22,0.430,,1,1,10.029,0.1700
197.403,0.5130,0.3495,0.5042,0.2684,0.41,19.23,0.428,,1,1,10.029,0.1700
197.435,0.5098,0.3251,0.4999,0.2523,0.38,19.24,0.432,,1,1,10.029,0.1700
197.466,0.5075,0.3021,0.4998,0.2301,0.35,19.27,0.428,,1,1,10.029,0.1700
197.499,0.5060,0.2795,0.5014,0.2148,0.32,19.26,0.427,,1,1,10.029,0.1700
197.531,0.5050,0.2593,0.5016,0.1981,0.30,19.19,0.430,,1,1,10.029,0.1700
197.562,0.5041,0.2423,0.5013,0.1894,0.28,19.16,0.430,,1,1,10.029,0.1700
197.595,0.5037,0.2235,0.5022,0.1665,0.26,19.13,0.430,,1,1,10.029,0.1700
197.628,0.5019,0.2081,0.4963,0.1616,0.24,19.14,0.434,,1,1,10.029,0.1700
197.659,0.4997,0.1942,0.4926,0.1520,0.22,19.16,0.435,,1,1,10.029,0.1700
197.690,0.4977,0.1818,0.4909,0.1423,0.19,19.16,0.436,,1,1,10.029,0.1700
197.741,0.4977,0.1552,0.4977,0.1033,0.13,19.06,0.436,,1,1,10.029,0.1700
197.770,0.4676,0.1592,0.3620,0.1732,0.11,18.97,0.436,,1,1,10.029,0.1700
197.805,0.4196,0.1712,0.2819,0.2060,0.09,18.89,0.440,,1,1,10.029,0.1700
197.834,0.3757,0.1832,0.2284,0.2261,0.07,18.86,0.447,,1,1,10.029,0.1700
197.867,0.3267,0.1927,0.1825,0.2234,0.05,18.84,0.444,,1,1,10.029,0.1700
197.898,0.2952,0.1952,0.1987,0.2034,0.04,18.87,0.444,,1,1,10.029,0.1700
197.932,0.2749,0.1914,0.2161,0.1796,0.02,18.88,0.445,,1,1,10.029,0.1700
197.963,0.2619,0.1833,0.2220,0.1564,-0.01,18.85,0.443,,1,1,10.029,0.1700
197.995,0.2560,0.1731,0.2382,0.1400,-0.03,18.74,0.445,,1,1,10.029,0.1700
198.027,0.2510,0.1627,0.2353,0.1291,-0.05,18.69,0.445,,1,1,10.029,0.1700
198.064,0.2483,0.1506,0.2410,0.1166,-0.07,18.62,0.445,,1,1,10.029,0.1700
198.092,0.2525,0.1377,0.2674,0.0910,-0.09,18.57,0.446,,1,1,10.029,0.1700
198.123,0.2518,0.1317,0.2494,0.1117,-0.09,18.53,0.445,,1,1,10.029,0.1700
198.154,0.2528,0.1267,0.2563,0.1104,-0.10,18.49,0.446,,1,1,10.029,0.1700
198.189,0.2528,0.1231,0.2529,0.1120,-0.10,18.51,0.444,,1,1,10.029,0.1700
198.260,0.2499,0.1205,0.2455,0.1167,-0.11,18.50,0.448,,1,1,10.029,0.1700
198.299,0.2485,0.1184,0.2447,0.1128,-0.12,18.49,0.448,,1,1,10.029,0.1700
198.329,0.2502,0.1132,0.2558,0.0956,-0.14,18.52,0.448,,1,1,10.029,0.1700
198.356,0.2515,0.1067,0.2567,0.0818,-0.15,18.55,0.448,,1,1,10.029,0.1700
198.384,0.2493,0.1023,0.2409,0.0862,-0.16,18.56,0.447,,1,1,10.029,0.1700
198.411,0.2393,0.1028,0.2009,0.1046,-0.17,18.56,0.450,,1,1,10.029,0.1700
198.439,0.2203,0.1094,0.1480,0.1349,-0.18,18.55,0.449,,1,1,10.029,0.1700
198.466,0.1876,0.1346,0.0662,0.2319,-0.19,18.50,0.410,,1,1,10.029,0.1700
198.495,0.1747,0.1706,0.1307,0.2960,-0.18,18.41,0.266,,1,1,10.029,0.1700
198.523,0.1781,0.2145,0.1905,0.3706,-0.15,18.30,0.222,,1,1,10.029,0.1700
198.555,0.1843,0.2519,0.2046,0.3695,-0.13,18.22,0.248,,1,1,10.029,0.1700
198.586,0.1903,0.2832,0.2097,0.3788,-0.09,18.17,0.263,,1,1,10.029,0.1700
198.650,0.2151,0.3281,0.2556,0.3963,-0.01,18.12,0.286,,1,1,10.029,0.1700
198.683,0.2194,0.3594,0.2334,0.4513,0.03,18.09,0.312,,1,1,10.029,0.1700
198.714,0.2267,0.3800,0.2517,0.4453,0.06,18.07,0.314,,1,1,10.029,0.1700
198.746,0.2307,0.4032,0.2437,0.4733,0.09,18.02,0.318,,1,1,10.029,0.1700
198.786,0.2263,0.4318,0.2146,0.5021,0.12,17.95,0.321,,1,1,10.029,0.1700
198.816,0.2249,0.4537,0.2198,0.5248,0.17,17.94,0.324,,1,1,10.029,0.1700
198.858,0.2242,0.4810,0.2226,0.5435,0.21,17.92,0.324,,1,1,10.029,0.1700
198.892,0.2192,0.5049,0.2034,0.5740,0.24,17.92,0.319,,1,1,10.029,0.1700
198.919,0.2117,0.5268,0.1825,0.6056,0.26,17.92,0.315,,1,1,10.029,0.1700
198.946,0.2033,0.5473,0.1707,0.6208,0.27,17.89,0.308,,1,1,10.029,0.1700
198.971,0.1888,0.5744,0.1297,0.6772,0.29,17.87,0.306,,1,1,10.029,0.1700
198.996,0.1747,0.5992,0.1164,0.6941,0.31,17.89,0.304,,1,1,10.029,0.1700
199.053,0.1437,0.6470,0.0867,0.7299,0.33,17.79,0.281,,1,1,10.029,0.1700
199.081,0.1220,0.6748,0.0482,0.7645,0.34,17.73,0.285,,1,1,10.029,0.1700
199.115,0.0937,0.7070,0.0113,0.7966,0.35,17.68,0.281,,1,1,10.029,0.1700
199.148,0.0683,0.7349,-0.0102,0.8179,0.37,17.63,0.281,,1,1,10.029,0.1700
199.178,0.0482,0.7565,-0.0174,0.8244,0.38,17.61,0.284,,1,1,10.029,0.1700
199.211,0.0359,0.7692,-0.0009,0.8064,0.38,17.63,0.280,,1,1,10.029,0.1700
199.244,0.0303,0.7745,0.0131,0.7900,0.38,17.69,0.270,,1,1,10.029,0.1700
199.276,0.0262,0.7844,0.0134,0.8154,0.38,17.68,0.239,,1,1,10.029,0.1700
199.307,0.0209,0.7983,0.0035,0.8425,0.40,17.65,0.248,,1,1,10.029,0.1700
199.339,0.0198,0.8042,0.0162,0.8225,0.39,17.61,0.253,,1,1,10.029,0.1700
199.370,0.0259,0.8062,0.0460,0.8126,0.39,17.58,0.240,,1,1,10.029,0.1700
199.402,0.0239,0.8122,0.0173,0.8311,0.39,17.53,0.241,,1,1,10.029,0.1700
199.450,0.0222,0.8183,0.0187,0.8313,0.37,17.44,0.236,,1,1,10.029,0.1700
199.482,0.0332,0.8108,0.0697,0.7861,0.35,17.38,0.237,,1,1,10.029,0.1700
199.514,0.0427,0.8014,0.0734,0.7714,0.34,17.35,0.254,,1,1,10.029,0.1700
199.545,0.0599,0.7865,0.1199,0.7344,0.33,17.37,0.240,,1,1,10.029,0.1700
199.579,0.0750,0.7748,0.1205,0.7388,0.32,17.38,0.231,,1,1,10.029,0.1700
199.611,0.0952,0.7572,0.1597,0.7002,0.31,17.42,0.249,,1,1,10.029,0.1700
199.644,0.1086,0.7435,0.1502,0.7008,0.30,17.48,0.252,,1,1,10.029,0.1700
199.674,0.1372,0.7239,0.2336,0.6567,0.30,17.50,0.254,,1,1,10.029,0.1700
199.708,0.2047,0.6819,0.4049,0.5536,0.32,17.57,0.256,,1,1,10.029,0.1700
199.740,0.2668,0.6434,0.4451,0.5287,0.32,17.67,0.285,,1,1,10.029,0.1700
199.771,0.3090,0.6162,0.4387,0.5291,0.33,17.76,0.300,,1,1,10.029,0.1700
199.803,0.3432,0.6007,0.4427,0.5537,0.35,17.83,0.305,,1,1,10.029,0.1700
199.836,0.3734,0.5872,0.4630,0.5450,0.35,17.93,0.307,,1,1,10.029,0.1700
199.867,0.4143,0.5660,0.5337,0.5010,0.36,18.01,0.312,,1,1,10.029,0.1700
199.898,0.4563,0.5478,0.5827,0.4897,0.38,18.11,0.313,,1,1,10.029,0.1700
199.930,0.4980,0.5339,0.6182,0.4912,0.38,18.19,0.319,,1,1,10.029,0.1700
199.963,0.5268,0.5238,0.6070,0.4939,0.37,18.25,0.322,,1,1,10.029,0.1700
200.010,0.5702,0.5177,0.6574,0.5045,0.41,18.18,0.325,,1,1,10.029,0.1700
200.043,0.6247,0.5066,0.7773,0.4730,0.44,18.19,0.332,,1,1,10.029,0.1700
200.074,0.6658,0.5062,0.7878,0.5048,0.46,18.24,0.321,,1,1,10.029,0.1700
200.107,0.7117,0.5073,0.8415,0.5110,0.49,18.23,0.317,,1,1,10.029,0.1700
200.139,0.7523,0.5042,0.8665,0.4945,0.51,18.20,0.313,,1,1,10.029,0.1700
200.172,0.7875,0.5009,0.8867,0.4905,0.52,18.21,0.316,,1,1,10.029,0.1700
200.203,0.8108,0.4992,0.8811,0.4934,0.51,18.18,0.312,,1,1,10.029,0.1700
200.235,0.8266,0.5011,0.8727,0.5073,0.51,18.18,0.310,,1,1,10.029,0.1700
200.268,0.8383,0.5060,0.8727,0.5219,0.52,18.25,0.312,,1,1,10.029,0.1700
200.298,0.8483,0.5095,0.8794,0.5216,0.51,18.27,0.311,,1,1,10.029,0.1700
200.333,0.8586,0.5127,0.8872,0.5224,0.51,18.26,0.313,,1,1,10.029,0.1700
200.363,0.8731,0.5077,0.9202,0.4902,0.51,18.27,0.310,,1,1,10.029,0.1700
200.395,0.8830,0.5044,0.9133,0.4936,0.51,18.30,0.307,,1,1,10.029,0.1700
200.427,0.8889,0.5007,0.9070,0.4884,0.50,18.28,0.297,,1,1,10.029,0.1700
200.459,0.8836,0.5008,0.8667,0.5012,0.49,18.23,0.275,,1,1,10.029,0.1700
200.491,0.8776,0.4992,0.8586,0.4938,0.50,18.20,0.284,,1,1,10.029,0.1700
200.523,0.8712,0.4982,0.8504,0.4950,0.51,18.19,0.294,,1,1,10.029,0.1700
200.571,0.8449,0.5110,0.7878,0.5390,0.51,18.17,0.295,,1,1,10.029,0.1700
200.603,0.8317,0.5247,0.7871,0.5703,0.52,18.12,0.296,,1,1,10.029,0.1700
200.633,0.8134,0.5446,0.7504,0.6129,0.54,18.09,0.283,,1,1,10.029,0.1700
200.666,0.7697,0.5958,0.6361,0.7502,0.51,17.89,0.181,,1,1,10.029,0.1700
200.698,0.7273,0.6607,0.5970,0.8557,0.48,17.53,0.104,,1,1,10.029,0.1700
200.733,0.6997,0.6998,0.6197,0.8106,0.45,17.06,0.110,,1,1,10.029,0.1700
200.762,0.6832,0.7178,0.6277,0.7770,0.43,16.80,0.123,,1,1,10.029,0.1700
200.796,0.6703,0.7122,0.6321,0.6959,0.40,16.57,0.135,,1,1,10.029,0.1700
200.827,0.6650,0.7008,0.6481,0.6636,0.38,16.45,0.181,,1,1,10.029,0.1700
200.859,0.6571,0.6926,0.6327,0.6672,0.38,16.35,0.193,,1,1,10.029,0.1700
200.891,0.6597,0.6798,0.6680,0.6376,0.39,16.32,0.219,,1,1,10.029,0.1700
200.922,0.6596,0.6725,0.6594,0.6484,0.39,16.35,0.220,,1,1,10.029,0.1700
200.954,0.6632,0.6696,0.6749,0.6601,0.41,16.38,0.224,,1,1,10.029,0.1700
200.988,0.6589,0.6729,0.6457,0.6830,0.41,16.43,0.226,,1,1,10.029,0.1700
201.055,0.6726,0.6702,0.6940,0.6661,0.42,16.72,0.240,,1,1,10.029,0.1700
201.083,0.6787,0.6666,0.7012,0.6530,0.42,16.82,0.247,,1,1,10.029,0.1700
201.130,0.6933,0.6653,0.7262,0.6623,0.43,16.87,0.240,,1,1,10.029,0.1700
201.163,0.7061,0.6596,0.7472,0.6409,0.41,16.88,0.236,,1,1,10.029,0.1700
201.188,0.7151,0.6539,0.7518,0.6306,0.40,16.88,0.236,,1,1,10.029,0.1700
201.213,0.7246,0.6459,0.7648,0.6116,0.39,16.86,0.237,,1,1,10.029,0.1700
201.240,0.7407,0.6355,0.8021,0.5956,0.39,16.84,0.229,,1,1,10.029,0.1700
201.265,0.7570,0.6242,0.8231,0.5772,0.39,16.82,0.236,,1,1,10.029,0.1700
201.292,0.7846,0.6099,0.8864,0.5561,0.39,16.78,0.225,,1,1,10.029,0.1700
201.324,0.8132,0.5998,0.9019,0.5675,0.40,16.82,0.237,,1,1,10.029,0.1700
201.354,0.8312,0.5966,0.8905,0.5855,0.42,16.84,0.244,,1,1,10.029,0.1700
201.386,0.8492,0.5957,0.9034,0.5931,0.43,16.85,0.252,,1,1,10.029,0.1700
201.454,0.8715,0.6142,0.9043,0.6425,0.45,16.69,0.192,,1,1,10.029,0.1700
201.482,0.8639,0.6468,0.8362,0.7698,0.45,16.47,0.115,,1,1,10.029,0.1700
201.514,0.8499,0.6862,0.8047,0.8111,0.44,16.22,0.115,,1,1,10.029,0.1700
201.546,0.8378,0.7093,0.7987,0.7816,0.44,15.97,0.130,,1,1,10.029,0.1700
201.577,0.8268,0.7262,0.7887,0.7816,0.45,15.82,0.146,,1,1,10.029,0.1700
201.610,0.8057,0.7417,0.7393,0.7884,0.46,15.77,0.156,,1,1,10.029,0.1700
201.643,0.7669,0.7702,0.6430,0.8588,0.48,15.70,0.161,,1,1,10.029,0.1700
201.674,0.7403,0.7771,0.6568,0.7984,0.49,15.72,0.199,,1,1,10.029,0.1700
201.724,0.6878,0.7944,0.5817,0.8297,0.51,15.72,0.239,,1,1,10.029,0.1700
201.751,0.6614,0.8043,0.5650,0.8414,0.53,15.72,0.251,,1,1,10.029,0.1700
201.778,0.6279,0.8207,0.5107,0.8798,0.53,15.68,0.244,,1,1,10.029,0.1700
201.802,0.6017,0.8324,0.4957,0.8816,0.52,15.72,0.243,,1,1,10.029,0.1700
201.851,0.5592,0.8441,0.4758,0.8680,0.50,15.84,0.242,,1,1,10.029,0.1700
201.882,0.5282,0.8548,0.4324,0.8895,0.47,15.92,0.247,,1,1,10.029,0.1700
201.915,0.5075,0.8528,0.4470,0.8464,0.46,15.95,0.246,,1,1,10.029,0.1700
201.947,0.4949,0.8465,0.4558,0.8258,0.45,16.00,0.255,,1,1,10.029,0.1700
201.977,0.4844,0.8418,0.4509,0.8260,0.43,16.07,0.259,,1,1,10.029,0.1700
202.011,0.4794,0.8259,0.4645,0.7756,0.41,16.14,0.259,,1,1,10.029,0.1700
202.045,0.4763,0.8110,0.4671,0.7638,0.39,16.21,0.255,,1,1,10.029,0.1700
202.076,0.4736,0.7976,0.4650,0.7545,0.38,16.33,0.260,,1,1,10.029,0.1700
202.108,0.4636,0.7955,0.4315,0.7886,0.38,16.38,0.240,,1,1,10.029,0.1700
202.139,0.4560,0.7953,0.4314,0.7948,0.38,16.40,0.237,,1,1,10.029,0.1700
202.171,0.4518,0.7965,0.4382,0.8002,0.39,16.44,0.231,,1,1,10.029,0.1700
202.203,0.4562,0.7947,0.4704,0.7888,0.40,16.46,0.235,,1,1,10.029,0.1700
202.235,0.4596,0.7879,0.4705,0.7655,0.39,16.51,0.224,,1,1,10.029,0.1700
202.283,0.4784,0.7649,0.5200,0.7146,0.37,16.58,0.222,,1,1,10.029,0.1700
202.315,0.4946,0.7477,0.5475,0.6929,0.36,16.63,0.238,,1,1,10.029,0.1700
202.347,0.5105,0.7313,0.5618,0.6794,0.36,16.69,0.239,,1,1,10.029,0.1700
202.378,0.5198,0.7224,0.5513,0.6932,0.37,16.74,0.234,,1,1,10.029,0.1700
202.411,0.5313,0.7147,0.5683,0.6902,0.37,16.73,0.213,,1,1,10.029,0.1700
202.442,0.5309,0.7199,0.5295,0.7371,0.36,16.61,0.148,,1,1,10.029,0.1700
202.476,0.5293,0.7203,0.5244,0.7214,0.33,16.45,0.147,,1,1,10.029,0.1700
202.508,0.5326,0.6893,0.5433,0.5908,0.30,16.42,0.220,,1,1,10.029,0.1700
202.539,0.5344,0.6470,0.5405,0.5088,0.28,16.45,0.297,,1,1,10.029,0.1700
202.571,0.5346,0.5973,0.5353,0.4454,0.25,16.56,0.349,,1,1,10.029,0.1700
202.602,0.5343,0.5460,0.5332,0.3887,0.22,16.66,0.381,,1,1,10.029,0.1700
202.633,0.5399,0.4953,0.5585,0.3442,0.19,16.79,0.391,,1,1,10.029,0.1700
202.666,0.5507,0.4439,0.5849,0.2991,0.16,16.97,0.398,,1,1,10.029,0.1700
202.698,0.5595,0.4030,0.5886,0.2816,0.15,17.12,0.396,,1,1,10.029,0.1700
202.733,0.5731,0.3608,0.6130,0.2507,0.15,17.24,0.412,,1,1,10.029,0.1700
202.761,0.5854,0.3260,0.6298,0.2125,0.14,17.36,0.413,,1,1,10.029,0.1700
202.795,0.6005,0.2910,0.6470,0.1936,0.14,17.50,0.412,,1,1,10.029,0.1700
202.842,0.6181,0.2519,0.6563,0.1743,0.12,17.69,0.414,,1,1,10.029,0.1700
202.875,0.6279,0.2281,0.6579,0.1608,0.11,17.86,0.420,,1,1,10.029,0.1700
202.908,0.6349,0.2077,0.6569,0.1484,0.10,18.01,0.426,,1,1,10.029,0.1700
202.938,0.6394,0.1920,0.6544,0.1428,0.10,18.19,0.430,,1,1,10.029,0.1700
202.971,0.6440,0.1756,0.6587,0.1275,0.10,18.34,0.427,,1,1,10.029,0.1700
203.003,0.6512,0.1582,0.6746,0.1052,0.09,18.50,0.434,,1,1,10.029,0.1700
203.037,0.6621,0.1356,0.6950,0.0705,0.08,18.62,0.439,,1,1,10.029,0.1700
203.066,0.6700,0.1186,0.6978,0.0625,0.08,18.72,0.440,,1,1,10.029,0.1700
203.100,0.6784,0.1017,0.7034,0.0535,0.06,18.81,0.441,,1,1,10.029,0.1700
203.131,0.6888,0.0858,0.7237,0.0351,0.05,18.88,0.442,,1,1,10.029,0.1700
203.161,0.6975,0.0719,0.7270,0.0265,0.04,18.94,0.439,,1,1,10.029,0.1700
203.195,0.7392,0.0466,0.8617,-0.0262,0.03,18.99,0.441,,1,1,10.029,0.1700
203.227,0.7874,0.0225,0.9331,-0.0573,0.03,19.03,0.439,,1,1,10.029,0.1700
203.260,0.8216,0.0048,0.9270,-0.0535,0.02,19.10,0.441,,1,1,10.029,0.1700
203.292,0.8510,0.0000,0.9358,-0.0616,0.02,19.21,0.442,,1,1,10.029,0.1700
203.324,0.8742,0.0000,0.9477,-0.0704,0.00,19.31,0.445,,1,1,10.029,0.1700
203.355,0.8941,0.0000,0.9535,-0.0753,-0.01,19.37,0.448,,1,1,10.029,0.1700
203.401,0.9194,0.0000,0.9737,-0.0852,-0.03,19.46,0.448,,1,1,10.029,0.1700
203.435,0.9345,0.0000,0.9773,-0.0896,-0.04,19.50,0.448,,1,1,10.029,0.1700
203.466,0.9477,0.0000,0.9901,-0.1027,-0.05,19.53,0.455,,1,1,10.029,0.1700
203.498,0.9683,0.0000,1.0309,-0.1189,-0.06,19.51,0.451,,1,1,10.029,0.1700
203.530,0.9879,0.0000,1.0514,-0.1597,-0.07,19.45,0.450,,1,1,10.029,0.1700
203.563,1.0000,0.0000,1.0405,-0.1571,-0.08,19.41,0.463,,1,1,10.029,0.1700
203.594,1.0000,0.0000,1.0571,-0.1803,-0.11,19.34,0.462,,1,1,10.029,0.1700
203.629,1.0000,0.0000,1.0551,-0.1708,-0.11,19.32,0.459,,1,1,10.029,0.1700
203.659,1.0000,0.0000,1.0623,-0.1694,-0.11,19.30,0.458,,1,1,10.029,0.1700
203.692,1.0000,0.0000,1.0706,-0.1653,-0.11,19.30,0.449,,1,1,10.029,0.1700
203.724,1.0000,0.0000,1.0888,-0.1514,-0.10,19.27,0.436,,1,1,10.029,0.1700
203.756,1.0000,0.0000,1.1054,-0.0756,-0.07,19.32,0.370,,1,1,10.029,0.1700
203.788,1.0000,0.0012,1.0606,0.1674,-0.02,19.28,0.220,,1,1,10.029,0.1700
203.850,0.9845,0.1802,0.8859,0.4581,-0.03,18.41,0.097,,1,1,10.029,0.1700
203.882,0.9614,0.2472,0.8857,0.4455,-0.03,18.01,0.121,,1,1,10.029,0.1700
203.914,0.9527,0.2856,0.9234,0.4030,-0.02,17.66,0.153,,1,1,10.029,0.1700
203.947,0.9576,0.3078,0.9728,0.3701,0.02,17.44,0.181,,1,1,10.029,0.1700
203.995,0.9644,0.3257,0.9799,0.3626,0.07,17.26,0.210,,1,1,10.029,0.1700
204.028,0.9679,0.3402,0.9786,0.3810,0.11,17.17,0.221,,1,1,10.029,0.1700
204.058,0.9693,0.3522,0.9744,0.3918,0.14,17.13,0.228,,1,1,10.029,0.1700
204.086,0.9672,0.3620,0.9590,0.3963,0.17,17.10,0.240,,1,1,10.029,0.1700
204.113,0.9660,0.3721,0.9616,0.4083,0.21,17.06,0.248,,1,1,10.029,0.1700
204.140,0.9662,0.3825,0.9670,0.4203,0.24,17.04,0.264,,1,1,10.029,0.1700
204.168,0.9665,0.3926,0.9675,0.4285,0.26,17.05,0.275,,1,1,10.029,0.1700
204.197,0.9667,0.4012,0.9675,0.4308,0.28,17.08,0.274,,1,1,10.029,0.1700
204.252,0.9747,0.4094,0.9904,0.4247,0.33,17.25,0.284,,1,1,10.029,0.1700
204.282,0.9788,0.4124,0.9926,0.4223,0.33,17.35,0.291,,1,1,10.029,0.1700
204.315,0.9850,0.4123,1.0051,0.4118,0.33,17.48,0.295,,1,1,10.029,0.1700
204.347,0.9941,0.4117,1.0237,0.4097,0.33,17.60,0.296,,1,1,10.029,0.1700
204.380,1.0000,0.4114,1.0260,0.4106,0.33,17.71,0.307,,1,1,10.029,0.1700
204.411,1.0000,0.4074,1.0557,0.3945,0.34,17.76,0.309,,1,1,10.029,0.1700
204.443,1.0000,0.4048,1.0566,0.3961,0.34,17.83,0.309,,1,1,10.029,0.1700
204.476,1.0000,0.4053,1.0641,0.4070,0.35,17.88,0.314,,1,1,10.029,0.1700
204.507,1.0000,0.4109,1.0482,0.4294,0.35,17.91,0.313,,1,1,10.029,0.1700
204.553,1.0000,0.4116,1.0492,0.4131,0.34,17.96,0.312,,1,1,10.029,0.1700
204.588,1.0000,0.4035,1.0816,0.3786,0.33,17.93,0.313,,1,1,10.029,0.1700
204.613,1.0000,0.3962,1.0906,0.3659,0.31,17.90,0.313,,1,1,10.029,0.1700
204.649,1.0000,0.3950,1.0499,0.3918,0.31,17.94,0.313,,1,1,10.029,0.1700
204.683,1.0000,0.3993,1.0272,0.4125,0.33,17.96,0.312,,1,1,10.029,0.1700
204.714,1.0000,0.4068,0.9898,0.4327,0.33,18.01,0.309,,1,1,10.029,0.1700
204.747,1.0000,0.4215,0.9247,0.4670,0.35,18.07,0.311,,1,1,10.029,0.1700
204.779,0.9692,0.4367,0.8575,0.4870,0.36,18.09,0.319,,1,1,10.029,0.1700
204.813,0.9323,0.4580,0.8226,0.5227,0.37,18.11,0.317,,1,1,10.029,0.1700
204.842,0.9050,0.4786,0.8128,0.5499,0.39,18.17,0.320,,1,1,10.029,0.1700
204.875,0.8783,0.5003,0.7967,0.5684,0.40,18.20,0.316,,1,1,10.029,0.1700
204.907,0.8557,0.5159,0.7878,0.5638,0.42,18.20,0.314,,1,1,10.029,0.1700
204.940,0.8313,0.5369,0.7588,0.6003,0.45,18.25,0.311,,1,1,10.029,0.1700
204.970,0.8120,0.5606,0.7496,0.6385,0.47,18.28,0.293,,1,1,10.029,0.1700
205.003,0.7606,0.6146,0.6100,0.7744,0.48,18.12,0.191,,1,1,10.029,0.1700
205.035,0.7314,0.6484,0.6441,0.7499,0.49,18.02,0.193,,1,1,10.029,0.1700
205.066,0.7121,0.6638,0.6528,0.7115,0.50,17.89,0.233,,1,1,10.029,0.1700
205.113,0.6934,0.6541,0.6545,0.6338,0.49,17.78,0.317,,1,1,10.029,0.1700
205.147,0.6816,0.6430,0.6475,0.6098,0.49,17.80,0.356,,1,1,10.029,0.1700
205.178,0.6770,0.6311,0.6623,0.5920,0.49,17.92,0.369,,1,1,10.029,0.1700
205.209,0.6747,0.6194,0.6677,0.5803,0.49,18.04,0.376,,1,1,10.029,0.1700
205.242,0.6787,0.6028,0.6911,0.5491,0.46,18.13,0.384,,1,1,10.029,0.1700
205.275,0.6874,0.5835,0.7143,0.5217,0.44,18.23,0.386,,1,1,10.029,0.1700
205.308,0.6950,0.5651,0.7189,0.5077,0.42,18.32,0.387,,1,1,10.029,0.1700
205.338,0.6938,0.5481,0.6896,0.4903,0.40,18.38,0.395,,1,1,10.029,0.1700
205.369,0.6929,0.5230,0.6898,0.4416,0.38,18.44,0.409,,1,1,10.029,0.1700
205.402,0.6876,0.4981,0.6708,0.4213,0.35,18.54,0.406,,1,1,10.029,0.1700
205.435,0.6781,0.4784,0.6479,0.4182,0.33,18.57,0.401,,1,1,10.029,0.1700
205.467,0.6695,0.4531,0.6414,0.3741,0.30,18.62,0.416,,1,1,10.029,0.1700
205.500,0.6614,0.4271,0.6352,0.3467,0.27,18.68,0.427,,1,1,10.029,0.1700
205.530,0.6517,0.3995,0.6202,0.3139,0.23,18.73,0.439,,1,1,10.029,0.1700
205.562,0.6435,0.3682,0.6167,0.2725,0.20,18.79,0.450,,1,1,10.029,0.1700
205.595,0.6307,0.3388,0.5908,0.2519,0.16,18.83,0.446,,1,1,10.029,0.1700
205.629,0.6227,0.3060,0.5987,0.2142,0.11,18.88,0.449,,1,1,10.029,0.1700
205.659,0.6155,0.2801,0.5911,0.1979,0.07,18.93,0.452,,1,1,10.029,0.1700
205.706,0.6091,0.2300,0.5951,0.1259,0.01,19.07,0.456,,1,1,10.029,0.1700
205.740,0.5964,0.2019,0.5578,0.1223,-0.02,19.07,0.457,,1,1,10.029,0.1700
205.771,0.5857,0.1782,0.5514,0.1069,-0.05,19.07,0.456,,1,1,10.029,0.1700
205.804,0.5795,0.1550,0.5597,0.0855,-0.07,19.06,0.455,,1,1,10.029,0.1700
205.834,0.5762,0.1350,0.5652,0.0716,-0.08,19.04,0.454,,1,1,10.029,0.1700
205.867,0.5783,0.1142,0.5849,0.0525,-0.08,19.02,0.459,,1,1,10.029,0.1700
205.898,0.5772,0.1002,0.5734,0.0574,-0.08,19.01,0.455,,1,1,10.029,0.1700
205.931,0.5753,0.0892,0.5695,0.0560,-0.09,18.98,0.455,,1,1,10.029,0.1700
205.962,0.5720,0.0810,0.5608,0.0551,-0.09,18.98,0.452,,1,1,10.029,0.1700
205.995,0.5651,0.0769,0.5429,0.0641,-0.10,18.99,0.451,,1,1,10.029,0.1700
206.026,0.5566,0.0755,0.5285,0.0711,-0.11,19.03,0.450,,1,1,10.029,0.1700
206.059,0.5410,0.0796,0.4931,0.0923,-0.12,19.08,0.452,,1,1,10.029,0.1700
206.091,0.5177,0.0883,0.4420,0.1167,-0.13,19.15,0.452,,1,1,10.029,0.1700
206.122,0.4943,0.1003,0.4184,0.1405,-0.12,19.18,0.453,,1,1,10.029,0.1700
206.154,0.4712,0.1116,0.3990,0.1490,-0.12,19.22,0.459,,1,1,10.029,0.1700
206.187,0.4522,0.1188,0.3946,0.1418,-0.12,19.26,0.454,,1,1,10.029,0.1700
206.266,0.3424,0.1599,0.2069,0.2137,-0.19,19.39,0.449,,1,1,10.029,0.1700
206.299,0.2986,0.1730,0.1684,0.2148,-0.22,19.45,0.452,,1,1,10.029,0.1700
206.326,0.2684,0.1797,0.1597,0.2058,-0.24,19.50,0.453,,1,1,10.029,0.1700
206.353,0.2477,0.1766,0.1740,0.1646,-0.25,19.55,0.456,,1,1,10.029,0.1700
206.378,0.2318,0.1737,0.1719,0.1618,-0.25,19.55,0.458,,1,1,10.029,0.1700
206.404,0.2136,0.1739,0.1462,0.1747,-0.25,19.55,0.458,,1,1,10.029,0.1700
206.430,0.1986,0.1749,0.1429,0.1788,-0.26,19.53,0.454,,1,1,10.029,0.1700
206.459,0.1884,0.1735,0.1547,0.1686,-0.26,19.52,0.455,,1,1,10.029,0.1700
206.492,0.1821,0.1669,0.1628,0.1449,-0.29,19.43,0.453,,1,1,10.029,0.1700
206.524,0.1875,0.1521,0.2040,0.1044,-0.32,19.37,0.455,,1,1,10.029,0.1700
206.556,0.1846,0.1452,0.1758,0.1230,-0.32,19.29,0.454,,1,1,10.029,0.1700
206.587,0.1822,0.1389,0.1739,0.1171,-0.33,19.26,0.452,,1,1,10.029,0.1700
206.653,0.1869,0.1065,0.1942,0.0560,-0.36,19.19,0.454,,1,1,10.029,0.1700
206.683,0.1916,0.0923,0.2083,0.0427,-0.38,19.19,0.452,,1,1,10.029,0.1700
206.715,0.1895,0.0857,0.1829,0.0646,-0.37,19.14,0.451,,1,1,10.029,0.1700
206.747,0.1881,0.0787,0.1835,0.0563,-0.37,19.12,0.455,,1,1,10.029,0.1700
206.779,0.1833,0.0745,0.1677,0.0609,-0.38,19.07,0.454,,1,1,10.029,0.1700
206.827,0.1747,0.0739,0.1563,0.0726,-0.36,19.09,0.453,,1,1,10.029,0.1700
206.859,0.1582,0.0875,0.1044,0.1328,-0.34,19.05,0.453,,1,1,10.029,0.1700
206.887,0.1448,0.1024,0.0963,0.1575,-0.33,19.00,0.452,,1,1,10.029,0.1700
206.914,0.1365,0.1124,0.1033,0.1535,-0.32,18.99,0.450,,1,1,10.029,0.1700
206.941,0.1215,0.1305,0.0669,0.1978,-0.31,18.98,0.426,,1,1,10.029,0.1700
206.967,0.1192,0.1738,0.1099,0.3405,-0.28,18.89,0.263,,1,1,10.029,0.1700
206.994,0.1245,0.2400,0.1444,0.4721,-0.24,18.74,0.170,,1,1,10.029,0.1700
207.049,0.1167,0.3480,0.1020,0.5327,-0.17,18.44,0.184,,1,1,10.029,0.1700
207.081,0.1089,0.3983,0.0839,0.5451,-0.14,18.30,0.214,,1,1,10.029,0.1700
207.113,0.1021,0.4444,0.0803,0.5774,-0.10,18.17,0.243,,1,1,10.029,0.1700
207.145,0.0772,0.4957,-0.0021,0.6425,-0.07,18.09,0.259,,1,1,10.029,0.1700
207.178,0.0507,0.5393,-0.0306,0.6613,-0.05,18.07,0.269,,1,1,10.029,0.1700
207.211,0.0346,0.5702,-0.0147,0.6566,-0.03,18.04,0.277,,1,1,10.029,0.1700
207.242,0.0217,0.5954,-0.0199,0.6702,-0.01,18.05,0.282,,1,1,10.029,0.1700
207.275,0.0148,0.6116,-0.0067,0.6590,-0.01,18.12,0.285,,1,1,10.029,0.1700
207.306,0.0106,0.6242,-0.0027,0.6617,-0.01,18.17,0.284,,1,1,10.029,0.1700
207.340,0.0059,0.6363,-0.0087,0.6711,0.00,18.19,0.289,,1,1,10.029,0.1700
207.385,0.0000,0.6621,-0.0434,0.7167,0.03,18.14,0.292,,1,1,10.029,0.1700
207.422,0.0031,0.6655,0.0382,0.6743,0.05,18.14,0.299,,1,1,10.029,0.1700
207.456,0.0040,0.6787,0.0066,0.7175,0.08,18.10,0.299,,1,1,10.029,0.1700
207.484,0.0022,0.6884,-0.0046,0.7235,0.09,18.07,0.296,,1,1,10.029,0.1700
207.514,0.0019,0.6900,0.0010,0.6949,0.09,18.09,0.300,,1,1,10.029,0.1700
207.546,0.0000,0.6913,-0.0094,0.6954,0.09,18.10,0.306,,1,1,10.029,0.1700
207.581,0.0000,0.6882,0.0005,0.6790,0.08,18.11,0.309,,1,1,10.029,0.1700
207.612,0.0025,0.6846,0.0123,0.6729,0.09,18.12,0.307,,1,1,10.029,0.1700
207.643,0.0053,0.6842,0.0151,0.6826,0.09,18.14,0.313,,1,1,10.029,0.1700
207.676,0.0063,0.6867,0.0092,0.6944,0.09,18.17,0.316,,1,1,10.029,0.1700
207.707,0.0127,0.6797,0.0349,0.6560,0.06,18.24,0.327,,1,1,10.029,0.1700
207.739,0.0427,0.6521,0.1398,0.5610,0.03,18.33,0.326,,1,1,10.029,0.1700
207.772,0.1402,0.5847,0.4333,0.3759,0.02,18.44,0.325,,1,1,10.029,0.1700
207.801,0.2295,0.5242,0.5082,0.3274,-0.00,18.57,0.330,,1,1,10.029,0.1700
207.833,0.3152,0.4677,0.5567,0.3003,-0.01,18.69,0.334,,1,1,10.029,0.1700
207.867,0.4017,0.4132,0.6323,0.2595,-0.01,18.81,0.343,,1,1,10.029,0.1700
207.898,0.4701,0.3793,0.6602,0.2788,0.02,18.87,0.355,,1,1,10.029,0.1700
207.930,0.5306,0.3597,0.6982,0.3011,0.05,18.93,0.361,,1,1,10.029,0.1700
207.980,0.6005,0.3404,0.7240,0.3036,0.08,18.96,0.361,,1,1,10.029,0.1700
208.011,0.6300,0.3384,0.7142,0.3319,0.11,19.01,0.367,,1,1,10.029,0.1700
208.042,0.6553,0.3378,0.7326,0.3359,0.11,18.96,0.363,,1,1,10.029,0.1700
208.075,0.6817,0.3353,0.7535,0.3280,0.12,18.97,0.364,,1,1,10.029,0.1700
208.107,0.7001,0.3335,0.7528,0.3278,0.11,18.93,0.360,,1,1,10.029,0.1700
208.139,0.7119,0.3275,0.7465,0.3087,0.12,18.97,0.372,,1,1,10.029,0.1700
208.171,0.7226,0.3135,0.7546,0.2695,0.12,19.05,0.393,,1,1,10.029,0.1700
208.203,0.7363,0.2908,0.7776,0.2192,0.11,19.12,0.399,,1,1,10.029,0.1700
208.234,0.7488,0.2699,0.7874,0.2035,0.13,19.19,0.406,,1,1,10.029,0.1700
208.266,0.7600,0.2487,0.7941,0.1829,0.13,19.23,0.420,,1,1,10.029,0.1700
208.297,0.7692,0.2330,0.7984,0.1828,0.15,19.26,0.426,,1,1,10.029,0.1700
208.331,0.7766,0.2152,0.7984,0.1621,0.15,19.26,0.426,,1,1,10.029,0.1700
208.363,0.7797,0.2023,0.7896,0.1622,0.14,19.24,0.427,,1,1,10.029,0.1700
208.394,0.7784,0.1923,0.7739,0.1604,0.14,19.21,0.429,,1,1,10.029,0.1700
208.427,0.7772,0.1852,0.7738,0.1638,0.14,19.13,0.428,,1,1,10.029,0.1700
208.458,0.7764,0.1814,0.7738,0.1689,0.14,19.07,0.427,,1,1,10.029,0.1700
208.491,0.7699,0.1837,0.7494,0.1909,0.16,19.05,0.425,,1,1,10.029,0.1700
208.538,0.7571,0.1955,0.7287,0.2214,0.18,19.06,0.425,,1,1,10.029,0.1700
208.572,0.7463,0.2052,0.7112,0.2361,0.18,19.09,0.426,,1,1,10.029,0.1700
208.603,0.7394,0.2109,0.7168,0.2296,0.19,19.11,0.423,,1,1,10.029,0.1700
208.634,0.7326,0.2155,0.7091,0.2313,0.19,19.11,0.420,,1,1,10.029,0.1700
208.667,0.7242,0.2207,0.6979,0.2373,0.19,19.10,0.418,,1,1,10.029,0.1700
208.699,0.7160,0.2208,0.6887,0.2211,0.18,19.12,0.420,,1,1,10.029,0.1700
208.730,0.7123,0.2066,0.7000,0.1587,0.16,19.17,0.428,,1,1,10.029,0.1700
208.763,0.7090,0.1895,0.6986,0.1360,0.14,19.21,0.440,,1,1,10.029,0.1700
208.794,0.7070,0.1724,0.7006,0.1159,0.13,19.23,0.440,,1,1,10.029,0.1700
208.826,0.7033,0.1592,0.6910,0.1168,0.12,19.28,0.441,,1,1,10.029,0.1700
208.859,0.7028,0.1428,0.7013,0.0919,0.09,19.31,0.440,,1,1,10.029,0.1700
208.891,0.7014,0.1287,0.6968,0.0844,0.07,19.34,0.440,,1,1,10.029,0.1700
208.923,0.7010,0.1166,0.6999,0.0778,0.06,19.36,0.441,,1,1,10.029,0.1700
208.957,0.7066,0.1025,0.7239,0.0605,0.05,19.38,0.442,,1,1,10.029,0.1700
208.989,0.7133,0.0909,0.7355,0.0537,0.04,19.37,0.444,,1,1,10.029,0.1700
209.054,0.7211,0.0724,0.7337,0.0434,0.02,19.36,0.448,,1,1,10.029,0.1700
209.098,0.7237,0.0593,0.7300,0.0295,-0.00,19.34,0.452,,1,1,10.029,0.1700
209.130,0.7221,0.0531,0.7166,0.0329,-0.01,19.31,0.451,,1,1,10.029,0.1700
209.157,0.7166,0.0522,0.6951,0.0488,-0.01,19.27,0.453,,1,1,10.029,0.1700
209.184,0.7100,0.0522,0.6843,0.0523,-0.00,19.24,0.451,,1,1,10.029,0.1700
209.210,0.7035,0.0532,0.6770,0.0575,-0.00,19.23,0.451,,1,1,10.029,0.1700
209.237,0.6941,0.0543,0.6583,0.0583,-0.01,19.24,0.450,,1,1,10.029,0.1700
209.264,0.6848,0.0556,0.6467,0.0609,-0.01,19.23,0.451,,1,1,10.029,0.1700
209.292,0.6722,0.0589,0.6288,0.0706,-0.02,19.23,0.451,,1,1,10.029,0.1700
209.325,0.6626,0.0599,0.6321,0.0632,-0.03,19.25,0.452,,1,1,10.029,0.1700
209.355,0.6524,0.0603,0.6186,0.0617,-0.04,19.25,0.454,,1,1,10.029,0.1700
209.386,0.6467,0.0562,0.6275,0.0422,-0.06,19.26,0.461,,1,1,10.029,0.1700
209.451,0.6349,0.0453,0.6161,0.0276,-0.08,19.32,0.458,,1,1,10.029,0.1700
209.483,0.6282,0.0391,0.6063,0.0187,-0.09,19.33,0.461,,1,1,10.029,0.1700
209.514,0.6132,0.0339,0.5650,0.0168,-0.12,19.36,0.460,,1,1,10.029,0.1700
209.547,0.5992,0.0287,0.5536,0.0113,-0.15,19.39,0.458,,1,1,10.029,0.1700
209.580,0.5898,0.0217,0.5620,0.0008,-0.17,19.44,0.455,,1,1,10.029,0.1700
209.611,0.5896,0.0099,0.5892,-0.0297,-0.18,19.46,0.458,,1,1,10.029,0.1700
209.659,0.5908,0.0000,0.5933,-0.0522,-0.22,19.54,0.456,,1,1,10.029,0.1700
209.691,0.5945,0.0000,0.6064,-0.0687,-0.24,19.59,0.455,,1,1,10.029,0.1700
209.721,0.5980,0.0000,0.6107,-0.0777,-0.24,19.63,0.454,,1,1,10.029,0.1700
209.746,0.6008,0.0000,0.6126,-0.0837,-0.24,19.64,0.453,,1,1,10.029,0.1700
209.771,0.6030,0.0000,0.6121,-0.0853,-0.24,19.65,0.455,,1,1,10.029,0.1700
209.798,0.6069,0.0000,0.6223,-0.0860,-0.24,19.66,0.455,,1,1,10.029,0.1700
209.852,0.6136,0.0000,0.6267,-0.0770,-0.22,19.67,0.452,,1,1,10.029,0.1700
209.882,0.6159,0.0000,0.6243,-0.0650,-0.21,19.69,0.454,,1,1,10.029,0.1700
209.917,0.6177,0.0000,0.6230,-0.0604,-0.20,19.71,0.436,,1,1,10.029,0.1700
209.946,0.6157,0.0006,0.6086,0.1619,-0.18,19.68,0.252,,1,1,10.029,0.1700
209.980,0.5763,0.1365,0.4536,0.5284,-0.17,19.31,0.097,,1,1,10.029,0.1700
210.011,0.5135,0.2965,0.3115,0.7548,-0.17,18.86,0.057,,1,1,10.029,0.1700
210.044,0.4700,0.4264,0.3417,0.7602,-0.17,18.42,0.049,,1,1,10.029,0.1700
210.075,0.4404,0.5147,0.3492,0.7511,-0.17,17.97,0.065,,1,1,10.029,0.1700
210.108,0.4231,0.5621,0.3717,0.6850,-0.18,17.56,0.094,,1,1,10.029,0.1700
210.142,0.4128,0.5902,0.3827,0.6628,-0.16,17.27,0.118,,1,1,10.029,0.1700
210.173,0.3958,0.6062,0.3422,0.6519,-0.18,17.10,0.140,,1,1,10.029,0.1700
210.203,0.3783,0.6077,0.3198,0.6124,-0.20,17.04,0.169,,1,1,10.029,0.1700
210.251,0.3637,0.5878,0.3343,0.5495,-0.23,16.95,0.184,,1,1,10.029,0.1700
210.284,0.3593,0.5646,0.3460,0.4949,-0.24,16.95,0.225,,1,1,10.029,0.1700
210.315,0.3675,0.5372,0.3940,0.4476,-0.24,17.00,0.259,,1,1,10.029,0.1700
210.345,0.3738,0.5173,0.3957,0.4487,-0.24,17.08,0.276,,1,1,10.029,0.1700
210.378,0.3807,0.4993,0.4023,0.4420,-0.23,17.19,0.279,,1,1,10.029,0.1700
210.410,0.3821,0.4860,0.3864,0.4426,-0.22,17.27,0.288,,1,1,10.029,0.1700
210.442,0.3875,0.4749,0.4052,0.4387,-0.19,17.42,0.299,,1,1,10.029,0.1700
210.474,0.4010,0.4544,0.4460,0.3875,-0.17,17.57,0.308,,1,1,10.029,0.1700
210.507,0.4160,0.4360,0.4643,0.3781,-0.14,17.70,0.326,,1,1,10.029,0.1700
210.539,0.4382,0.4158,0.5092,0.3524,-0.12,17.83,0.346,,1,1,10.029,0.1700
210.571,0.4623,0.3946,0.5400,0.3266,-0.12,17.94,0.347,,1,1,10.029,0.1700
210.601,0.4824,0.3779,0.5490,0.3227,-0.11,18.08,0.359,,1,1,10.029,0.1700
210.634,0.4990,0.3628,0.5505,0.3162,-0.11,18.22,0.368,,1,1,10.029,0.1700
210.666,0.5106,0.3536,0.5468,0.3253,-0.10,18.38,0.372,,1,1,10.029,0.1700
210.699,0.5208,0.3475,0.5523,0.3284,-0.09,18.50,0.371,,1,1,10.029,0.1700
210.730,0.5324,0.3437,0.5698,0.3316,-0.07,18.61,0.370,,1,1,10.029,0.1700
210.765,0.5432,0.3441,0.5749,0.3453,-0.03,18.74,0.369,,1,1,10.029,0.1700
210.810,0.5569,0.3456,0.5877,0.3491,0.02,18.83,0.363,,1,1,10.029,0.1700
210.843,0.5798,0.3421,0.6494,0.3312,0.05,18.89,0.362,,1,1,10.029,0.1700
210.875,0.6078,0.3371,0.6958,0.3205,0.08,18.93,0.376,,1,1,10.029,0.1700
210.907,0.6481,0.3185,0.7704,0.2597,0.10,18.97,0.414,,1,1,10.029,0.1700
210.940,0.6804,0.3006,0.7779,0.2440,0.11,19.05,0.431,,1,1,10.029,0.1700
210.972,0.7074,0.2824,0.7882,0.2254,0.10,19.14,0.446,,1,1,10.029,0.1700
211.004,0.7323,0.2604,0.8112,0.1878,0.08,19.22,0.455,,1,1,10.029,0.1700
211.034,0.7509,0.2425,0.8074,0.1866,0.06,19.24,0.453,,1,1,10.029,0.1700
211.069,0.7752,0.2170,0.8423,0.1448,0.04,19.25,0.464,,1,1,10.029,0.1700
211.099,0.7962,0.1803,0.8637,0.0607,0.01,19.24,0.483,,1,1,10.029,0.1700
211.134,0.8235,0.1442,0.8991,0.0443,-0.00,19.21,0.483,,1,1,10.029,0.1700
211.167,0.8386,0.1185,0.8842,0.0408,-0.02,19.22,0.485,,1,1,10.029,0.1700
211.195,0.8553,0.0878,0.9133,-0.0172,-0.06,19.21,0.487,,1,1,10.029,0.1700
211.227,0.8709,0.0532,0.9184,-0.0524,-0.09,19.22,0.486,,1,1,10.029,0.1700
211.258,0.8835,0.0279,0.9235,-0.0758,-0.12,19.22,0.486,,1,1,10.029,0.1700
211.290,0.8940,0.0082,0.9260,-0.0912,-0.16,19.24,0.485,,1,1,10.029,0.1700
211.324,0.9042,0.0000,0.9343,-0.1190,-0.20,19.26,0.481,,1,1,10.029,0.1700
211.370,0.9158,0.0000,0.9413,-0.1551,-0.24,19.28,0.482,,1,1,10.029,0.1700
211.402,0.9217,0.0000,0.9401,-0.1706,-0.26,19.28,0.480,,1,1,10.029,0.1700
211.436,0.9260,0.0000,0.9391,-0.1813,-0.28,19.30,0.479,,1,1,10.029,0.1700
211.468,0.9287,0.0000,0.9372,-0.1838,-0.29,19.33,0.483,,1,1,10.029,0.1700
211.499,0.9305,0.0000,0.9363,-0.1900,-0.31,19.39,0.480,,1,1,10.029,0.1700
211.532,0.9285,0.0000,0.9220,-0.1252,-0.30,19.40,0.419,,1,1,10.029,0.1700
211.562,0.9147,0.0000,0.8686,0.0751,-0.26,19.37,0.280,,1,1,10.029,0.1700
211.595,0.8608,0.0695,0.6924,0.3304,-0.23,19.17,0.159,,1,1,10.029,0.1700
211.628,0.8235,0.1489,0.7083,0.3839,-0.18,18.91,0.164,,1,1,10.029,0.1700
211.659,0.8003,0.2074,0.7250,0.3866,-0.12,18.72,0.191,,1,1,10.029,0.1700
211.694,0.7852,0.2599,0.7421,0.4003,-0.06,18.57,0.219,,1,1,10.029,0.1700
211.724,0.7786,0.2996,0.7566,0.4228,0.00,18.52,0.244,,1,1,10.029,0.1700
211.757,0.7728,0.3381,0.7549,0.4464,0.05,18.51,0.271,,1,1,10.029,0.1700
211.786,0.7711,0.3680,0.7651,0.4636,0.10,18.51,0.275,,1,1,10.029,0.1700
211.857,0.7649,0.4258,0.7559,0.5032,0.18,18.59,0.287,,1,1,10.029,0.1700
211.885,0.7591,0.4466,0.7370,0.5200,0.23,18.67,0.295,,1,1,10.029,0.1700
211.931,0.7501,0.4761,0.7306,0.5356,0.29,18.77,0.296,,1,1,10.029,0.1700
211.962,0.7490,0.4928,0.7452,0.5447,0.32,18.84,0.300,,1,1,10.029,0.1700
211.989,0.7492,0.5048,0.7503,0.5479,0.33,18.90,0.301,,1,1,10.029,0.1700
212.015,0.7507,0.5139,0.7566,0.5481,0.34,18.95,0.302,,1,1,10.029,0.1700
212.041,0.7517,0.5207,0.7559,0.5467,0.35,18.99,0.306,,1,1,10.029,0.1700
212.071,0.7540,0.5270,0.7618,0.5472,0.35,19.03,0.305,,1,1,10.029,0.1700
212.099,0.7574,0.5319,0.7701,0.5491,0.34,19.06,0.313,,1,1,10.029,0.1700
212.125,0.7611,0.5342,0.7761,0.5434,0.35,19.06,0.323,,1,1,10.029,0.1700
212.156,0.7651,0.5373,0.7790,0.5476,0.35,19.08,0.326,,1,1,10.029,0.1700
212.188,0.7764,0.5364,0.8140,0.5335,0.37,19.09,0.326,,1,1,10.029,0.1700
212.251,0.7882,0.5471,0.8078,0.5644,0.39,19.17,0.335,,1,1,10.029,0.1700
212.282,0.7934,0.5497,0.8110,0.5585,0.39,19.20,0.334,,1,1,10.029,0.1700
212.316,0.8015,0.5526,0.8262,0.5614,0.40,19.22,0.328,,1,1,10.029,0.1700
212.346,0.8120,0.5535,0.8478,0.5567,0.40,19.22,0.321,,1,1,10.029,0.1700
212.380,0.8235,0.5564,0.8589,0.5651,0.41,19.21,0.317,,1,1,10.029,0.1700
212.411,0.8371,0.5613,0.8818,0.5774,0.43,19.26,0.309,,1,1,10.029,0.1700
212.442,0.8533,0.5652,0.9065,0.5785,0.45,19.30,0.304,,1,1,10.029,0.1700
212.475,0.8788,0.5797,0.9566,0.6246,0.48,19.26,0.267,,1,1,10.029,0.1700
212.525,0.8783,0.6181,0.8770,0.6983,0.49,18.80,0.185,,1,1,10.029,0.1700
212.561,0.8781,0.6483,0.8777,0.7322,0.49,18.52,0.196,,1,1,10.029,0.1700
212.595,0.8779,0.6720,0.8773,0.7419,0.49,18.31,0.201,,1,1,10.029,0.1700
212.625,0.8805,0.6809,0.8893,0.7104,0.47,18.15,0.210,,1,1,10.029,0.1700
212.658,0.8842,0.6812,0.8959,0.6821,0.47,18.02,0.236,,1,1,10.029,0.1700
212.686,0.8888,0.6788,0.9056,0.6702,0.47,17.95,0.243,,1,1,10.029,0.1700
212.713,0.8934,0.6787,0.9115,0.6784,0.48,17.98,0.258,,1,1,10.029,0.1700
212.746,0.8939,0.6814,0.8954,0.6899,0.51,18.04,0.264,,1,1,10.029,0.1700
212.778,0.8932,0.6846,0.8908,0.6948,0.52,18.14,0.272,,1,1,10.029,0.1700
212.816,0.8923,0.6866,0.8899,0.6920,0.53,18.22,0.278,,1,1,10.029,0.1700
212.853,0.8929,0.6874,0.8945,0.6898,0.53,18.28,0.284,,1,1,10.029,0.1700
212.879,0.8933,0.6880,0.8950,0.6902,0.53,18.32,0.284,,1,1,10.029,0.1700
212.908,0.8915,0.6891,0.8851,0.6930,0.53,18.38,0.289,,1,1,10.029,0.1700
212.938,0.8902,0.6905,0.8858,0.6956,0.54,18.46,0.295,,1,1,10.029,0.1700
212.969,0.8937,0.6869,0.9055,0.6747,0.54,18.50,0.296,,1,1,10.029,0.1700
213.002,0.8975,0.6867,0.9098,0.6861,0.55,18.53,0.298,,1,1,10.029,0.1700
213.034,0.9008,0.6852,0.9117,0.6800,0.54,18.57,0.298,,1,1,10.029,0.1700
213.081,0.9042,0.6864,0.9118,0.6890,0.55,18.58,0.296,,1,1,10.029,0.1700
213.112,0.9071,0.6819,0.9169,0.6668,0.54,18.57,0.293,,1,1,10.029,0.1700
213.145,0.9121,0.6778,0.9282,0.6647,0.54,18.56,0.287,,1,1,10.029,0.1700
213.177,0.9154,0.6768,0.9262,0.6731,0.53,18.53,0.271,,1,1,10.029,0.1700
213.212,0.8888,0.7166,0.8107,0.8320,0.51,18.31,0.180,,1,1,10.029,0.1700
213.243,0.8475,0.7696,0.7113,0.9409,0.48,18.01,0.124,,1,1,10.029,0.1700
213.274,0.8124,0.8099,0.6982,0.9383,0.44,17.74,0.122,,1,1,10.029,0.1700
213.308,0.7901,0.8201,0.7251,0.8496,0.41,17.54,0.175,,1,1,10.029,0.1700
213.343,0.8035,0.7996,0.8422,0.7405,0.41,17.47,0.232,,1,1,10.029,0.1700
213.373,0.8259,0.7682,0.9034,0.6594,0.40,17.44,0.285,,1,1,10.029,0.1700
213.401,0.8444,0.7421,0.9136,0.6453,0.38,17.43,0.300,,1,1,10.029,0.1700
213.435,0.8722,0.7081,0.9589,0.6034,0.37,17.46,0.326,,1,1,10.029,0.1700
213.465,0.9019,0.6766,1.0009,0.5729,0.35,17.50,0.327,,1,1,10.029,0.1700
213.498,0.9276,0.6490,1.0075,0.5637,0.34,17.54,0.334,,1,1,10.029,0.1700
213.529,0.9432,0.6299,0.9939,0.5689,0.31,17.67,0.343,,1,1,10.029,0.1700
213.563,0.9537,0.6140,0.9846,0.5676,0.28,17.79,0.346,,1,1,10.029,0.1700
213.595,0.9597,0.6078,0.9791,0.5882,0.28,17.86,0.342,,1,1,10.029,0.1700
213.642,0.9663,0.6035,0.9807,0.5939,0.27,17.99,0.339,,1,1,10.029,0.1700
213.676,0.9643,0.6249,0.9588,0.6870,0.26,18.08,0.354,,1,1,10.029,0.1700
213.708,0.9589,0.6571,0.9405,0.7686,0.23,18.11,0.336,,1,1,10.029,0.1700
213.739,0.9487,0.7105,0.9157,0.8776,0.22,18.10,0.309,,1,1,10.029,0.1700
213.770,0.9324,0.7744,0.8767,0.9768,0.16,18.09,0.244,,1,1,10.029,0.1700
213.803,0.8918,0.8454,0.7652,1.1173,0.04,17.91,0.227,,1,1,10.029,0.1700
213.835,0.8364,0.8970,0.6624,1.3505,-0.12,17.55,0.247,,1,1,10.029,0.1700
213.867,0.7576,0.9361,0.5223,1.5852,-0.31,16.99,0.285,,1,1,10.029,0.1700
213.898,0.6561,0.9643,0.3556,1.8153,-0.51,16.51,0.305,,1,1,10.029,0.1700
213.936,0.5206,0.9890,0.2087,1.9088,-0.80,15.96,0.323,,1,1,10.029,0.1700
213.963,0.4129,1.0000,0.0749,1.9771,-1.02,15.69,0.331,,1,1,10.029,0.1700
213.995,0.3160,1.0000,0.0640,1.7308,-1.32,15.26,0.326,,1,1,10.029,0.1700
214.025,0.2460,1.0000,0.0512,1.4583,-1.59,15.02,0.338,,1,1,10.029,0.1700
214.061,0.1720,1.0000,0.0006,1.1102,-1.90,14.71,0.312,,1,1,10.029,0.1700
214.091,0.1188,0.9652,-0.0285,0.7427,-2.21,14.35,0.390,,1,1,10.029,0.1700
214.123,0.1287,0.7050,0.1562,-0.5755,-2.65,13.84,0.412,,1,1,10.029,0.1700
214.155,0.1690,0.4958,0.2849,-1.6102,-3.00,13.65,0.395,,1,1,10.029,0.1700
214.187,0.2183,0.3408,0.3687,-2.5337,-3.22,13.78,0.395,,1,1,10.029,0.1700
214.235,0.3032,0.1948,0.4846,-3.4590,-3.65,13.47,0.378,,1,1,10.029,0.1700
214.267,0.3580,0.1274,0.5413,-4.3269,-3.94,13.29,0.388,,1,1,10.029,0.1700
214.298,0.4059,0.0778,0.5564,-5.2813,-4.29,13.04,0.387,,1,1,10.029,0.1700
214.330,0.4423,0.0431,0.5569,-6.2354,-4.60,12.86,0.385,,1,1,10.029,0.1700
214.362,0.4931,0.0177,0.6457,-7.4997,-5.00,12.67,0.325,,1,1,10.029,0.1700
214.395,0.5653,0.0000,0.7752,-8.8486,-5.39,12.63,0.320,,1,1,10.029,0.1700
214.426,0.6596,0.0000,0.9335,-10.1968,-5.81,12.68,0.355,,1,1,10.029,0.1700
214.458,0.7637,0.0000,1.2310,-12.2854,-6.55,12.64,0.339,,1,1,10.029,0.1700
214.490,0.8417,0.0000,1.6658,-14.9223,-7.30,12.65,0.393,,1,1,10.029,0.1700
214.524,0.8997,0.0000,2.4578,-16.7241,-8.14,12.51,0.389,,1,1,10.029,0.1700
214.554,0.9381,0.0000,3.0403,-19.1901,-8.83,12.41,0.332,,1,1,10.029,0.1700
214.588,0.9693,0.0000,3.5315,-20.9422,-9.39,12.26,0.329,,1,1,10.029,0.1700
214.655,1.0000,0.0000,4.0530,-22.7688,-10.09,12.30,0.350,,1,1,10.029,0.1700
214.683,1.0000,0.0000,4.1394,-22.7975,-10.36,12.41,0.437,,1,1,10.029,0.1700
214.715,1.0000,0.0000,4.0103,-22.4515,-10.74,12.45,0.431,,1,1,10.029,0.1700
214.746,1.0000,0.0000,4.0190,-22.4121,-11.00,12.41,0.400,,1,1,10.029,0.1700
214.794,1.0000,0.0000,3.4582,-19.6512,-11.35,12.70,0.401,,1,1,10.029,0.1700
214.829,1.0000,0.0000,3.0193,-17.0265,-11.35,12.56,0.399,,1,1,10.029,0.1700
214.854,1.0000,0.0000,2.9851,-16.7258,-11.32,12.49,0.412,,1,1,10.029,0.1700
214.879,1.0000,0.0000,2.9491,-15.7780,-11.22,12.26,0.398,,1,1,10.029,0.1700
214.905,1.0000,0.0000,3.0837,-15.3348,-11.07,12.13,0.432,,1,1,10.029,0.1700
214.932,1.0000,0.0000,3.3218,-15.3001,-10.83,11.98,0.444,,1,1,10.029,0.1700
214.957,1.0000,0.0000,3.3782,-15.1106,-10.62,11.92,0.443,,1,1,10.029,0.1700
214.988,1.0000,0.0000,3.3370,-14.9746,-10.36,12.04,0.429,,1,1,10.029,0.1700
215.050,1.0000,0.0000,3.4605,-14.8491,-9.73,12.41,0.444,,1,1,10.029,0.1700
215.081,1.0000,0.0000,3.5160,-14.6947,-9.39,12.54,0.438,,1,1,10.029,0.1700
215.114,1.0000,0.0000,3.2899,-13.8407,-9.01,12.58,0.464,,1,1,10.029,0.1700
215.146,1.0000,0.0000,3.0801,-13.0071,-8.66,12.64,0.448,,1,1,10.029,0.1700
215.179,1.0000,0.0000,2.7953,-12.0051,-8.30,12.79,0.456,,1,1,10.029,0.1700
215.209,1.0000,0.0000,2.5884,-11.2883,-7.93,12.72,0.419,,1,1,10.029,0.1700
215.241,1.0000,0.0000,2.4940,-10.9493,-7.60,12.63,0.408,,1,1,10.029,0.1700
215.275,1.0000,0.0000,2.4639,-10.7125,-7.29,12.86,0.392,,1,1,10.029,0.1700
215.307,1.0000,0.0000,2.3259,-10.4117,-6.93,13.13,0.411,,1,1,10.029,0.1700
215.355,1.0000,0.0000,2.0481,-10.1170,-6.46,13.64,0.378,,1,1,10.029,0.1700
215.388,1.0000,0.0000,1.8643,-9.7518,-6.12,13.91,0.388,,1,1,10.029,0.1700
215.414,1.0000,0.0000,1.8175,-9.5934,-5.84,14.08,0.383,,1,1,10.029,0.1700
215.449,1.0000,0.0000,1.4632,-9.3198,-5.51,14.68,0.396,,1,1,10.029,0.1700
215.483,1.0000,0.0000,1.2929,-9.0219,-5.19,14.92,0.405,,1,1,10.029,0.1700
215.515,1.0000,0.0000,1.1233,-8.6553,-4.86,15.11,0.382,,1,1,10.029,0.1700
215.547,0.9833,0.0000,0.7735,-8.4247,-4.56,15.12,0.369,,1,1,10.029,0.1700
215.578,0.8341,0.0000,0.3949,-8.2546,-4.26,15.20,0.378,,1,1,10.029,0.1700
215.609,0.6896,0.0000,0.2760,-7.9884,-4.02,15.25,0.390,,1,1,10.029,0.1700
215.643,0.5735,0.0000,0.2858,-7.9585,-3.76,15.37,0.383,,1,1,10.029,0.1700
215.674,0.4906,0.0000,0.2654,-7.7179,-3.48,15.47,0.378,,1,1,10.029,0.1700
215.708,0.4137,0.0000,0.2216,-7.5581,-3.19,15.51,0.375,,1,1,10.029,0.1700
215.738,0.3535,0.0000,0.1880,-7.2103,-2.90,15.62,0.388,,1,1,10.029,0.1700
215.771,0.3291,0.0000,0.2647,-6.9189,-2.65,15.77,0.388,,1,1,10.029,0.1700
215.801,0.3161,0.0000,0.2776,-6.7158,-2.44,15.86,0.368,,1,1,10.029,0.1700
215.835,0.3166,0.0000,0.3180,-6.4171,-2.23,15.92,0.373,,1,1,10.029,0.1700
215.866,0.3248,0.0000,0.3495,-6.2420,-2.07,15.92,0.372,,1,1,10.029,0.1700
215.913,0.3582,0.0000,0.4272,-6.0347,-1.84,15.83,0.358,,1,1,10.029,0.1700
215.946,0.3989,0.0000,0.5269,-5.9227,-1.69,15.76,0.362,,1,1,10.029,0.1700
215.977,0.4514,0.0000,0.6278,-5.9031,-1.56,15.69,0.361,,1,1,10.029,0.1700
216.011,0.5204,0.0000,0.7306,-5.8897,-1.41,15.65,0.364,,1,1,10.029,0.1700
216.043,0.5914,0.0000,0.8055,-5.8528,-1.29,15.64,0.350,,1,1,10.029,0.1700
216.073,0.6567,0.0000,0.8559,-5.7685,-1.19,15.47,0.307,,1,1,10.029,0.1700
216.107,0.7629,0.0000,1.0528,-5.7625,-1.11,15.08,0.082,,1,1,10.029,0.1700
216.139,0.8389,0.0000,1.2798,-5.6348,-1.01,14.62,0.075,,1,1,10.029,0.1700
216.171,0.8952,0.0000,1.3555,-5.6028,-0.89,14.45,0.150,,1,1,10.029,0.1700
216.204,0.9370,0.0000,1.4166,-5.6516,-0.79,14.37,0.193,,1,1,10.029,0.1700
216.236,0.9661,0.0000,1.5416,-5.6651,-0.72,14.34,0.233,,1,1,10.029,0.1700
216.268,0.9880,0.0000,1.6844,-5.6340,-0.68,14.43,0.299,,1,1,10.029,0.1700
216.299,1.0000,0.0000,1.8187,-5.5552,-0.62,14.43,0.361,,1,1,10.029,0.1700
216.331,1.0000,0.0000,1.8911,-5.5113,-0.57,14.55,0.392,,1,1,10.029,0.1700
216.363,1.0000,0.0000,2.0367,-5.4789,-0.53,14.68,0.403,,1,1,10.029,0.1700
216.395,1.0000,0.0000,2.1763,-5.4568,-0.51,14.82,0.410,,1,1,10.029,0.1700
216.427,1.0000,0.0000,2.1788,-5.3275,-0.52,14.78,0.411,,1,1,10.029,0.1700
216.459,1.0000,0.0000,2.2445,-5.2762,-0.49,14.86,0.420,,1,1,10.029,0.1700
216.507,1.0000,0.0000,2.2770,-5.2209,-0.50,14.98,0.401,,1,1,10.029,0.1700
216.538,1.0000,0.0000,2.3016,-5.1595,-0.51,14.95,0.419,,1,1,10.029,0.1700
216.571,1.0000,0.0000,2.2316,-5.0328,-0.50,14.87,0.412,,1,1,10.029,0.1700
216.602,1.0000,0.0000,2.2070,-4.9546,-0.50,14.86,0.392,,1,1,10.029,0.1700
216.634,1.0000,0.0000,2.1174,-4.7719,-0.49,14.85,0.405,,1,1,10.029,0.1700
216.666,1.0000,0.0000,1.8442,-4.4834,-0.49,14.79,0.409,,1,1,10.029,0.1700
216.699,1.0000,0.0000,1.6691,-4.2083,-0.52,14.71,0.413,,1,1,10.029,0.1700
216.731,1.0000,0.0000,1.4584,-3.8967,-0.56,14.80,0.413,,1,1,10.029,0.1700
216.766,1.0000,0.0000,1.3119,-3.6615,-0.56,14.85,0.418,,1,1,10.029,0.1700
216.803,1.0000,0.0000,1.1646,-3.4820,-0.55,14.82,0.431,,1,1,10.029,0.1700
216.839,1.0000,0.0000,1.0162,-3.3298,-0.54,14.66,0.425,,1,1,10.029,0.1700
216.871,1.0000,0.0000,0.9157,-3.2679,-0.53,14.56,0.416,,1,1,10.029,0.1700
216.904,0.9839,0.0000,0.8983,-3.2917,-0.50,14.45,0.411,,1,1,10.029,0.1700
216.931,0.9366,0.0000,0.7597,-3.3303,-0.48,14.28,0.410,,1,1,10.029,0.1700
216.957,0.9050,0.0000,0.7876,-3.3831,-0.46,14.32,0.399,,1,1,10.029,0.1700
216.987,0.8684,0.0000,0.7499,-3.4711,-0.41,14.25,0.424,,1,1,10.029,0.1700
217.068,0.8025,0.0000,0.7238,-3.6039,-0.34,14.22,0.411,,1,1,10.029,0.1700
217.099,0.7635,0.0000,0.6407,-3.6151,-0.32,14.19,0.409,,1,1,10.029,0.1700
217.127,0.7391,0.0000,0.6544,-3.6165,-0.30,14.19,0.408,,1,1,10.029,0.1700
217.155,0.7283,0.0000,0.6899,-3.6236,-0.27,14.25,0.403,,1,1,10.029,0.1700
217.181,0.7564,0.0000,0.8588,-3.6443,-0.23,14.32,0.398,,1,1,10.029,0.1700
217.208,0.8006,0.0000,0.9799,-3.6318,-0.20,14.38,0.396,,1,1,10.029,0.1700
217.233,0.8505,0.0000,1.0772,-3.6589,-0.18,14.41,0.401,,1,1,10.029,0.1700
217.262,0.8951,0.0000,1.1075,-3.6728,-0.18,14.46,0.408,,1,1,10.029,0.1700
217.291,0.9310,0.0000,1.1671,-3.7300,-0.17,14.50,0.420,,1,1,10.029,0.1700
217.323,0.9602,0.0000,1.1607,-3.7365,-0.18,14.58,0.438,,1,1,10.029,0.1700
217.355,0.9826,0.0000,1.1825,-3.7781,-0.18,14.63,0.440,,1,1,10.029,0.1700
217.388,0.9994,0.0000,1.1644,-3.7927,-0.18,14.72,0.433,,1,1,10.029,0.1700
217.452,1.0000,0.0000,1.1630,-3.8192,-0.16,15.04,0.427,,1,1,10.029,0.1700
217.484,1.0000,0.0000,1.1591,-3.8185,-0.16,15.20,0.426,,1,1,10.029,0.1700
217.514,1.0000,0.0000,1.1470,-3.8119,-0.15,15.35,0.426,,1,1,10.029,0.1700
217.547,1.0000,0.0000,1.0378,-3.7802,-0.15,15.48,0.425,,1,1,10.029,0.1700
217.578,1.0000,0.0000,0.9783,-3.7771,-0.14,15.61,0.428,,1,1,10.029,0.1700
217.625,0.9900,0.0000,0.9220,-3.7540,-0.15,15.79,0.434,,1,1,10.029,0.1700
217.659,0.9388,0.0000,0.7839,-3.7248,-0.16,15.96,0.433,,1,1,10.029,0.1700
217.688,0.9010,0.0000,0.7662,-3.7171,-0.16,16.10,0.434,,1,1,10.029,0.1700
217.713,0.8639,0.0000,0.7187,-3.6790,-0.16,16.25,0.437,,1,1,10.029,0.1700
217.739,0.8244,0.0000,0.6800,-3.6654,-0.16,16.43,0.438,,1,1,10.029,0.1700
217.766,0.7848,0.0000,0.6443,-3.6151,-0.16,16.54,0.439,,1,1,10.029,0.1700
217.792,0.7441,0.0000,0.5981,-3.5484,-0.16,16.72,0.442,,1,1,10.029,0.1700
217.851,0.6139,0.0000,0.4110,-3.4844,-0.15,17.22,0.454,,1,1,10.029,0.1700
217.883,0.5447,0.0000,0.3503,-3.4236,-0.16,17.43,0.451,,1,1,10.029,0.1700
217.917,0.4762,0.0000,0.2943,-3.3608,-0.17,17.65,0.448,,1,1,10.029,0.1700
217.946,0.3994,0.0000,0.1693,-3.3220,-0.17,17.86,0.448,,1,1,10.029,0.1700
217.978,0.3123,0.0000,0.0764,-3.2754,-0.19,18.11,0.443,,1,1,10.029,0.1700
218.010,0.2181,0.0000,-0.0284,-3.2489,-0.20,18.27,0.438,,1,1,10.029,0.1700
218.041,0.1600,0.0000,-0.0002,-3.1899,-0.21,18.54,0.443,,1,1,10.029,0.1700
218.073,0.1045,0.0000,-0.0436,-3.1635,-0.21,18.80,0.449,,1,1,10.029,0.1700
218.106,0.0688,0.0000,-0.0247,-3.1041,-0.22,19.00,0.449,,1,1,10.029,0.1700
218.139,0.0395,0.0000,-0.0425,-3.0591,-0.21,19.21,0.445,,1,1,10.029,0.1700
218.185,0.0201,0.0000,-0.0174,-3.0637,-0.21,19.50,0.445,,1,1,10.029,0.1700
218.218,0.0084,0.0000,-0.0240,-3.0545,-0.20,19.65,0.446,,1,1,10.029,0.1700
218.250,0.0000,0.0000,-0.0276,-3.0601,-0.21,19.82,0.445,,1,1,10.029,0.1700
218.282,0.0061,0.0000,0.0272,-3.0912,-0.21,20.01,0.445,,1,1,10.029,0.1700
218.315,0.0253,0.0000,0.0812,-3.1303,-0.21,20.18,0.446,,1,1,10.029,0.1700
218.347,0.0378,0.0000,0.0794,-3.1075,-0.18,20.30,0.438,,1,1,10.029,0.1700
218.380,0.0481,0.0000,0.0788,-3.1269,-0.16,20.44,0.437,,1,1,10.029,0.1700
218.410,0.0717,0.0000,0.1527,-3.1022,-0.13,20.58,0.428,,1,1,10.029,0.1700
218.442,0.0923,0.0000,0.1600,-3.0512,-0.10,20.67,0.320,,1,1,10.029,0.1700
218.476,0.1261,0.0000,0.2293,-2.9060,-0.07,20.63,0.179,,1,1,10.029,0.1700
218.506,0.1663,0.0000,0.3012,-2.8209,-0.03,20.56,0.131,,1,1,10.029,0.1700
218.539,0.1955,0.0000,0.2834,-2.7594,0.01,20.44,0.127,,1,1,10.029,0.1700
218.572,0.2341,0.0000,0.3498,-2.7381,0.05,20.34,0.179,,1,1,10.029,0.1700
218.604,0.2579,0.0000,0.3303,-2.7009,0.10,20.21,0.216,,1,1,10.029,0.1700
218.635,0.2730,0.0000,0.3201,-2.6817,0.13,20.14,0.225,,1,1,10.029,0.1700
218.667,0.2822,0.0000,0.3115,-2.6574,0.16,20.09,0.245,,1,1,10.029,0.1700
218.700,0.2836,0.0000,0.2879,-2.5929,0.18,20.03,0.256,,1,1,10.029,0.1700
218.731,0.2874,0.0000,0.2996,-2.5789,0.18,19.96,0.268,,1,1,10.029,0.1700
218.779,0.2846,0.0000,0.2788,-2.5447,0.21,19.86,0.234,,1,1,10.029,0.1700
218.810,0.2825,0.0000,0.2756,-2.5061,0.24,19.82,0.231,,1,1,10.029,0.1700
218.843,0.2702,0.0000,0.2314,-2.4980,0.24,19.74,0.234,,1,1,10.029,0.1700
218.875,0.2619,0.0000,0.2343,-2.5169,0.24,19.66,0.233,,1,1,10.029,0.1700
218.907,0.2456,0.0000,0.1928,-2.4802,0.22,19.51,0.233,,1,1,10.029,0.1700
218.939,0.2339,0.0000,0.1949,-2.4498,0.21,19.38,0.221,,1,1,10.029,0.1700
218.971,0.2155,0.0000,0.1573,-2.4324,0.21,19.26,0.228,,1,1,10.029,0.1700
219.004,0.2022,0.0000,0.1596,-2.4182,0.21,19.20,0.242,,1,1,10.029,0.1700
219.036,0.1925,0.0000,0.1620,-2.3729,0.21,19.16,0.262,,1,1,10.029,0.1700
219.068,0.1851,0.0000,0.1610,-2.3800,0.20,19.10,0.253,,1,1,10.029,0.1700
219.098,0.1782,0.0000,0.1548,-2.3799,0.20,19.05,0.252,,1,1,10.029,0.1700
219.130,0.1706,0.0000,0.1461,-2.3781,0.19,19.02,0.231,,1,1,10.029,0.1700
219.162,0.1613,0.0000,0.1315,-2.3466,0.16,18.94,0.207,,1,1,10.029,0.1700
219.194,0.1520,0.0000,0.1225,-2.2908,0.16,18.89,0.216,,1,1,10.029,0.1700
219.227,0.1531,0.0000,0.1567,-2.2978,0.16,18.86,0.197,,1,1,10.029,0.1700
219.259,0.1479,0.0000,0.1313,-2.2509,0.16,18.85,0.203,,1,1,10.029,0.1700
219.291,0.1487,0.0000,0.1516,-2.2603,0.14,18.84,0.192,,1,1,10.029,0.1700
219.339,0.1624,0.0000,0.1924,-2.2614,0.12,18.90,0.220,,1,1,10.029,0.1700
219.371,0.1671,0.0000,0.1826,-2.2523,0.09,18.90,0.197,,1,1,10.029,0.1700
219.404,0.1795,0.0000,0.2190,-2.2916,0.06,18.91,0.168,,1,1,10.029,0.1700
219.437,0.1912,0.0000,0.2287,-2.2584,0.05,18.86,0.163,,1,1,10.029,0.1700
219.467,0.2012,0.0000,0.2360,-2.2534,0.02,18.84,0.166,,1,1,10.029,0.1700
219.498,0.2143,0.0000,0.2576,-2.2437,-0.01,18.85,0.202,,1,1,10.029,0.1700
219.530,0.2225,0.0000,0.2492,-2.2344,-0.05,18.83,0.202,,1,1,10.029,0.1700
219.562,0.2260,0.0000,0.2371,-2.2053,-0.08,18.78,0.207,,1,1,10.029,0.1700
219.595,0.2316,0.0000,0.2496,-2.2021,-0.12,18.73,0.211,,1,1,10.029,0.1700
219.626,0.2345,0.0000,0.2442,-2.2140,-0.15,18.64,0.197,,1,1,10.029,0.1700
219.658,0.2405,0.0000,0.2602,-2.1878,-0.19,18.63,0.205,,1,1,10.029,0.1700
219.693,0.2483,0.0000,0.2711,-2.2133,-0.22,18.63,0.206,,1,1,10.029,0.1700
219.724,0.2527,0.0000,0.2676,-2.2233,-0.25,18.63,0.214,,1,1,10.029,0.1700
219.756,0.2627,0.0000,0.2947,-2.2529,-0.28,18.64,0.213,,1,1,10.029,0.1700
219.787,0.2889,0.0000,0.3744,-2.2885,-0.30,18.62,0.213,,1,1,10.029,0.1700
219.852,0.3217,0.0000,0.3728,-2.3230,-0.32,18.53,0.233,,1,1,10.029,0.1700
219.899,0.3406,0.0000,0.3814,-2.3521,-0.33,18.50,0.234,,1,1,10.029,0.1700
219.930,0.3505,0.0000,0.3841,-2.3636,-0.33,18.53,0.241,,1,1,10.029,0.1700
219.956,0.3599,0.0000,0.3951,-2.3677,-0.33,18.59,0.244,,1,1,10.029,0.1700
219.983,0.3674,0.0000,0.3955,-2.3757,-0.33,18.62,0.250,,1,1,10.029,0.1700
220.010,0.3793,0.0000,0.4254,-2.4083,-0.34,18.68,0.277,,1,1,10.029,0.1700
220.038,0.4022,0.0000,0.4823,-2.5335,-0.35,18.79,0.347,,1,1,10.029,0.1700
220.069,0.4283,0.0000,0.5129,-2.6581,-0.39,18.89,0.420,,1,1,10.029,0.1700
220.096,0.4610,0.0000,0.5794,-2.7347,-0.43,19.00,0.462,,1,1,10.029,0.1700
220.123,0.4898,0.0000,0.5911,-2.7782,-0.46,19.11,0.470,,1,1,10.029,0.1700
220.155,0.5262,0.0000,0.6352,-2.8247,-0.52,19.21,0.474,,1,1,10.029,0.1700
220.187,0.5603,0.0000,0.6644,-2.8886,-0.57,19.30,0.485,,1,1,10.029,0.1700
220.251,0.6276,0.0000,0.7277,-2.9344,-0.64,19.34,0.459,,1,1,10.029,0.1700
220.282,0.6612,0.0000,0.7661,-2.9838,-0.68,19.30,0.468,,1,1,10.029,0.1700
220.315,0.7037,0.0000,0.8256,-3.0497,-0.72,19.29,0.482,,1,1,10.029,0.1700
220.346,0.7423,0.0000,0.8588,-3.0745,-0.73,19.25,0.477,,1,1,10.029,0.1700
220.377,0.7738,0.0000,0.8692,-3.0919,-0.75,19.16,0.480,,1,1,10.029,0.1700
220.410,0.7962,0.0000,0.8601,-3.1422,-0.76,19.12,0.476,,1,1,10.029,0.1700
220.462,0.8167,0.0000,0.8546,-3.1437,-0.76,19.12,0.482,,1,1,10.029,0.1700
220.489,0.8292,0.0000,0.8734,-3.1730,-0.76,19.13,0.487,,1,1,10.029,0.1700
220.519,0.8390,0.0000,0.8715,-3.1867,-0.77,19.14,0.488,,1,1,10.029,0.1700
220.544,0.8453,0.0000,0.8701,-3.1919,-0.78,19.13,0.486,,1,1,10.029,0.1700
220.572,0.8499,0.0000,0.8661,-3.2003,-0.79,19.13,0.482,,1,1,10.029,0.1700
220.601,0.8519,0.0000,0.8587,-3.1917,-0.79,19.14,0.428,,1,1,10.029,0.1700
220.649,0.8583,0.0000,0.8719,-2.9830,-0.75,18.90,0.192,,1,1,10.029,0.1700
220.683,0.8675,0.0000,0.8952,-2.9724,-0.73,18.72,0.177,,1,1,10.029,0.1700
220.714,0.8702,0.0000,0.8785,-2.9686,-0.69,18.58,0.192,,1,1,10.029,0.1700
220.746,0.8710,0.0000,0.8735,-2.9482,-0.65,18.47,0.213,,1,1,10.029,0.1700
220.779,0.8680,0.0000,0.8587,-2.9280,-0.60,18.40,0.223,,1,1,10.029,0.1700
220.810,0.8645,0.0000,0.8526,-2.8871,-0.55,18.37,0.228,,1,1,10.029,0.1700
220.842,0.8626,0.0000,0.8567,-2.8899,-0.50,18.34,0.257,,1,1,10.029,0.1700
220.874,0.8618,0.0000,0.8589,-2.8904,-0.45,18.34,0.262,,1,1,10.029,0.1700
220.907,0.8620,0.0000,0.8627,-2.8815,-0.42,18.35,0.274,,1,1,10.029,0.1700
220.940,0.8620,0.0000,0.8621,-2.8669,-0.38,18.37,0.279,,1,1,10.029,0.1700
220.971,0.8691,0.0000,0.8933,-2.8683,-0.35,18.41,0.279,,1,1,10.029,0.1700
221.004,0.8745,0.0000,0.8915,-2.8520,-0.33,18.44,0.285,,1,1,10.029,0.1700
221.050,0.8741,0.0000,0.8734,-2.8284,-0.27,18.54,0.281,,1,1,10.029,0.1700
221.083,0.8690,0.0000,0.8525,-2.8132,-0.25,18.57,0.279,,1,1,10.029,0.1700
221.114,0.8666,0.0000,0.8585,-2.8049,-0.23,18.58,0.291,,1,1,10.029,0.1700
221.146,0.8696,0.0000,0.8791,-2.8259,-0.21,18.58,0.300,,1,1,10.029,0.1700
221.180,0.8659,0.0000,0.8543,-2.8551,-0.20,18.56,0.286,,1,1,10.029,0.1700
221.210,0.8438,0.0000,0.7667,-2.8379,-0.20,18.55,0.311,,1,1,10.029,0.1700
221.243,0.8161,0.0000,0.7307,-2.8588,-0.22,18.57,0.318,,1,1,10.029,0.1700
221.275,0.7877,0.0000,0.6984,-2.8512,-0.24,18.58,0.324,,1,1,10.029,0.1700
221.306,0.7676,0.0000,0.7021,-2.8635,-0.26,18.57,0.325,,1,1,10.029,0.1700
221.338,0.7488,0.0000,0.6897,-2.8498,-0.28,18.57,0.336,,1,1,10.029,0.1700
221.369,0.7399,0.0000,0.7116,-2.8705,-0.33,18.53,0.354,,1,1,10.029,0.1700
221.404,0.7256,0.0000,0.6836,-2.8643,-0.37,18.56,0.362,,1,1,10.029,0.1700
221.433,0.7173,0.0000,0.6889,-2.8550,-0.42,18.58,0.367,,1,1,10.029,0.1700
221.467,0.7080,0.0000,0.6801,-2.8547,-0.46,18.56,0.376,,1,1,10.029,0.1700
221.498,0.6990,0.0000,0.6699,-2.8480,-0.50,18.52,0.393,,1,1,10.029,0.1700
221.529,0.6931,0.0000,0.6737,-2.8584,-0.53,18.44,0.388,,1,1,10.029,0.1700
221.561,0.6886,0.0000,0.6744,-2.8739,-0.56,18.34,0.386,,1,1,10.029,0.1700
221.611,0.6854,0.0000,0.6788,-2.8858,-0.61,18.14,0.392,,1,1,10.029,0.1700
221.645,0.6768,0.0000,0.6511,-2.9151,-0.65,17.98,0.392,,1,1,10.029,0.1700
221.674,0.6715,0.0000,0.6518,-2.9213,-0.67,17.80,0.390,,1,1,10.029,0.1700
221.707,0.6640,0.0000,0.6414,-2.9767,-0.71,17.57,0.395,,1,1,10.029,0.1700
221.739,0.7050,0.0000,0.8403,-3.1045,-0.73,17.33,0.391,,1,1,10.029,0.1700
221.772,0.7855,0.0000,1.0307,-3.2383,-0.73,17.18,0.400,,1,1,10.029,0.1700
221.802,0.8483,0.0000,1.1046,-3.2489,-0.75,16.96,0.410,,1,1,10.029,0.1700
221.835,0.8999,0.0000,1.1511,-3.2397,-0.75,16.75,0.415,,1,1,10.029,0.1700
221.866,0.9374,0.0000,1.2047,-3.2572,-0.76,16.46,0.415,,1,1,10.029,0.1700
221.898,0.9659,0.0000,1.2721,-3.3840,-0.78,16.17,0.419,,1,1,10.029,0.1700
221.930,0.9869,0.0000,1.3252,-3.4068,-0.76,15.94,0.415,,1,1,10.029,0.1700
221.962,1.0000,0.0000,1.3104,-3.3008,-0.73,15.78,0.423,,1,1,10.029,0.1700
221.994,1.0000,0.0000,1.3279,-3.1956,-0.70,15.58,0.414,,1,1,10.029,0.1700
222.028,1.0000,0.0000,1.3377,-3.1755,-0.73,15.24,0.416,,1,1,10.029,0.1700
222.060,1.0000,0.0000,1.4034,-3.2616,-0.75,14.99,0.418,,1,1,10.029,0.1700
222.090,1.0000,0.0000,1.4436,-3.2976,-0.79,14.65,0.417,,1,1,10.029,0.1700
222.123,1.0000,0.0000,1.4555,-3.2424,-0.78,14.41,0.429,,1,1,10.029,0.1700
222.171,1.0000,0.0000,1.4000,-2.9891,-0.68,14.15,0.442,,1,1,10.029,0.1700
222.204,1.0000,0.0000,1.3658,-2.8802,-0.61,14.09,0.426,,1,1,10.029,0.1700
222.234,1.0000,0.0000,1.3438,-2.8112,-0.54,13.99,0.418,,1,1,10.029,0.1700
222.267,1.0000,0.0000,1.2496,-2.7058,-0.50,13.84,0.437,,1,1,10.029,0.1700
222.299,1.0000,0.0000,1.2139,-2.7142,-0.59,13.45,0.439,,1,1,10.029,0.1700
222.330,1.0000,0.0000,1.2054,-2.7060,-0.62,13.19,0.432,,1,1,10.029,0.1700
222.363,1.0000,0.0000,1.2002,-2.6913,-0.59,13.14,0.429,,1,1,10.029,0.1700
222.396,1.0000,0.0000,1.2364,-2.7308,-0.56,13.40,0.436,,1,1,10.029,0.1700
222.426,1.0000,0.0000,1.2575,-2.7680,-0.57,13.69,0.432,,1,1,10.029,0.1700
222.459,1.0000,0.0000,1.3793,-2.7207,-0.55,13.96,0.426,,1,1,10.029,0.1700
222.490,1.0000,0.0000,1.4407,-2.6378,-0.49,14.14,0.402,,1,1,10.029,0.1700
222.524,1.0000,0.0000,1.4636,-2.6389,-0.45,14.30,0.405,,1,1,10.029,0.1700
222.556,1.0000,0.0000,1.5249,-2.8517,-0.39,14.34,0.391,,1,1,10.029,0.1700
222.587,1.0000,0.0000,1.6076,-3.1997,-0.32,14.40,0.393,,1,1,10.029,0.1700
222.653,1.0000,0.0000,1.7168,-3.3473,-0.14,14.64,0.421,,1,1,10.029,0.1700
222.684,1.0000,0.0000,1.6983,-3.2573,-0.09,14.76,0.420,,1,1,10.029,0.1700
222.714,1.0000,0.0000,1.6830,-3.1989,-0.04,14.65,0.415,,1,1,10.029,0.1700
222.762,1.0000,0.0000,1.7033,-3.2338,-0.01,14.57,0.406,,1,1,10.029,0.1700
222.789,1.0000,0.0000,1.6938,-3.2401,-0.00,14.54,0.397,,1,1,10.029,0.1700
222.815,1.0000,0.0000,1.7076,-3.3150,-0.01,14.35,0.401,,1,1,10.029,0.1700
222.842,1.0000,0.0000,1.7452,-3.4042,0.01,14.23,0.405,,1,1,10.029,0.1700
222.868,1.0000,0.0000,1.8327,-3.4159,0.03,14.21,0.409,,1,1,10.029,0.1700
222.895,1.0000,0.0000,1.9196,-3.4515,0.07,14.20,0.431,,1,1,10.029,0.1700
222.924,1.0000,0.0000,2.0009,-3.4305,0.12,14.17,0.428,,1,1,10.029,0.1700
222.955,1.0000,0.0000,2.1583,-3.4055,0.14,13.83,0.418,,1,1,10.029,0.1700
222.988,1.0000,0.0000,2.2890,-3.4430,0.14,13.60,0.376,,1,1,10.029,0.1700
223.052,1.0000,0.0000,2.5334,-3.0630,0.04,12.02,0.093,,1,1,10.029,0.1700
223.083,1.0000,0.0000,2.5771,-2.8517,0.03,11.33,0.034,,1,1,10.029,0.1700
223.114,1.0000,0.0000,2.6310,-3.0511,-0.03,10.60,0.085,,1,1,10.029,0.1700
223.144,1.0000,0.0000,2.5743,-3.0956,-0.07,9.86,0.055,,1,1,10.029,0.1700
223.180,1.0000,0.0000,2.5173,-3.2072,-0.11,9.09,0.040,,1,1,10.029,0.1700
223.212,1.0000,0.0000,2.5224,-3.1800,-0.15,8.42,0.086,,1,1,10.029,0.1700
223.242,1.0000,0.0000,2.2451,-3.0030,-0.30,7.18,0.214,,1,1,10.029,0.1700
223.275,1.0000,0.0000,2.0322,-2.9384,-0.38,6.33,0.261,,1,1,10.029,0.1700
223.322,1.0000,0.0000,1.9396,-3.1407,-0.43,5.60,0.405,,1,1,10.029,0.1700
223.355,1.0000,0.0000,1.8671,-3.4293,-0.47,6.30,0.428,,1,1,10.029,0.1700
223.383,1.0000,0.0000,1.8484,-3.5194,-0.50,6.79,0.423,,1,1,10.029,0.1700
223.411,1.0000,0.0000,1.7818,-3.4580,-0.54,7.30,0.399,,1,1,10.029,0.1700
223.451,1.0000,0.0000,1.5761,-2.9515,-0.60,7.98,0.438,,1,1,10.029,0.1700
223.483,1.0000,0.0000,1.5168,-2.9290,-0.61,8.61,0.440,,1,1,10.029,0.1700
223.516,1.0000,0.0000,1.4578,-2.9268,-0.61,9.19,0.455,,1,1,10.029,0.1700
223.547,1.0000,0.0000,1.4691,-3.0602,-0.62,9.80,0.459,,1,1,10.029,0.1700
223.577,1.0000,0.0000,1.4490,-3.0321,-0.64,10.45,0.462,,1,1,10.029,0.1700
223.612,1.0000,0.0000,1.3496,-2.6900,-0.64,11.05,0.450,,1,1,10.029,0.1700
223.642,1.0000,0.0000,1.3328,-2.5855,-0.65,11.58,0.430,,1,1,10.029,0.1700
223.674,1.0000,0.0000,1.3276,-2.6284,-0.66,12.06,0.428,,1,1,10.029,0.1700
223.706,1.0000,0.0000,1.3557,-2.7286,-0.68,12.61,0.438,,1,1,10.029,0.1700
223.739,1.0000,0.0000,1.4412,-2.8348,-0.68,13.10,0.459,,1,1,10.029,0.1700
223.771,1.0000,0.0000,1.5020,-2.8565,-0.69,13.53,0.456,,1,1,10.029,0.1700
223.803,1.0000,0.0000,1.5011,-2.6918,-0.70,13.95,0.462,,1,1,10.029,0.1700
223.837,1.0000,0.0000,1.5087,-2.6975,-0.72,14.37,0.462,,1,1,10.029,0.1700
223.884,1.0000,0.0000,1.5528,-2.7770,-0.76,14.82,0.497,,1,1,10.029,0.1700
223.914,1.0000,0.0000,1.5987,-2.9570,-0.79,15.11,0.508,,1,1,10.029,0.1700
223.946,1.0000,0.0000,1.6608,-3.0354,-0.82,15.33,0.500,,1,1,10.029,0.1700
223.978,1.0000,0.0000,1.7226,-3.0143,-0.85,15.54,0.482,,1,1,10.029,0.1700
224.011,1.0000,0.0000,1.7766,-2.9886,-0.86,15.66,0.473,,1,1,10.029,0.1700
224.042,1.0000,0.0000,1.8347,-3.0372,-0.88,15.68,0.474,,1,1,10.029,0.1700
224.075,1.0000,0.0000,1.9536,-3.2167,-0.90,15.60,0.479,,1,1,10.029,0.1700
224.106,1.0000,0.0000,2.0589,-3.4066,-0.94,15.25,0.477,,1,1,10.029,0.1700
224.139,1.0000,0.0000,2.1182,-3.4361,-0.97,14.94,0.477,,1,1,10.029,0.1700
224.171,1.0000,0.0000,2.1826,-3.4211,-1.02,14.71,0.479,,1,1,10.029,0.1700
224.207,1.0000,0.0000,2.2747,-3.6540,-1.45,12.98,0.477,,1,1,10.029,0.1700
224.235,1.0000,0.0000,2.4089,-3.9969,-1.92,10.93,0.483,,1,1,10.029,0.1700
224.267,1.0000,0.0000,2.5783,-4.3830,-2.28,8.86,0.466,,1,1,10.029,0.1700
224.299,1.0000,0.0000,2.6695,-4.6669,-2.62,6.55,0.467,,1,1,10.029,0.1700
224.329,1.0000,0.0000,2.7977,-4.9188,-2.89,4.30,0.470,,1,1,10.029,0.1700
224.362,1.0000,0.0000,2.9287,-5.0777,-3.11,2.15,0.470,,1,1,10.029,0.1700
224.393,1.0000,0.0000,3.0645,-5.2446,-3.30,0.02,0.466,,1,1,10.029,0.1700
224.443,1.0000,0.0000,,,-3.38,-2.76,0.465,,1,1,10.029,0.1700
224.474,1.0000,0.0000,,,-3.43,-4.67,0.451,,1,1,10.029,0.1700
224.506,1.0000,0.0000,,,-3.48,-6.48,0.458,,1,1,10.029,0.1700
224.538,1.0000,0.0000,,,-3.53,-8.30,0.464,,1,1,10.029,0.1700
224.571,1.0000,0.0000,,,-3.53,-10.18,0.464,,1,1,10.029,0.1700
224.603,1.0000,0.0000,,,-3.50,-11.83,0.457,,1,1,10.029,0.1700
224.635,1.0000,0.0000,,,-3.44,-13.50,0.429,,1,1,10.029,0.1700
224.666,1.0000,0.0000,,,-3.32,-14.99,0.438,,1,1,10.029,0.1700
224.698,1.0000,0.0000,,,-3.20,-16.23,0.440,,1,1,10.029,0.1700
224.729,1.0000,0.0000,,,-3.07,-17.41,0.426,,1,1,10.029,0.1700
224.762,1.0000,0.0000,,,-2.95,-18.43,0.415,,1,1,10.029,0.1700
224.795,1.0000,0.0000,,,-2.83,-19.40,0.416,,1,1,10.029,0.1700
224.829,1.0000,0.0000,,,-2.76,-20.21,0.420,,1,1,10.029,0.1700
224.857,1.0000,0.0000,,,-2.69,-20.89,0.416,,1,1,10.029,0.1700
224.889,1.0000,0.0000,,,-2.58,-21.51,0.407,,1,1,10.029,0.1700
224.923,1.0000,0.0000,,,-2.46,-22.17,0.405,,1,1,10.029,0.1700
224.954,1.0000,0.0000,,,-2.38,-22.65,0.405,,1,1,10.029,0.1700
224.986,1.0000,0.0000,,,-2.31,-22.89,0.407,,1,1,10.029,0.1700
225.035,1.0000,0.0000,,,-2.23,-23.04,0.420,,1,1,10.029,0.1700
225.069,1.0000,0.0000,,,-2.18,-22.82,0.408,,1,1,10.029,0.1700
225.100,1.0000,0.0000,,,-2.15,-22.34,0.391,,1,1,10.029,0.1700
225.131,1.0000,0.0000,,,-2.51,-20.32,0.371,,1,1,10.029,0.1700
225.163,1.0000,0.0000,,,-3.03,-17.72,0.382,,1,1,10.029,0.1700
225.195,1.0000,0.0000,,,-3.61,-14.63,0.381,,1,1,10.029,0.1700
225.226,1.0000,0.0000,,,-4.03,-11.72,0.384,,1,1,10.029,0.1700
225.259,1.0000,0.0000,,,-4.33,-8.70,0.388,,1,1,10.029,0.1700
225.290,1.0000,0.0000,,,-4.54,-5.91,0.378,,1,1,10.029,0.1700
225.323,1.0000,0.0000,,,-4.64,-3.20,0.370,,1,1,10.029,0.1700
225.355,1.0000,0.0000,,,-4.67,-0.87,0.373,,1,1,10.029,0.1700
225.387,0.7450,0.0000,0.6815,-4.6794,-4.63,1.31,0.385,,1,1,10.029,0.1700
225.453,0.7007,0.0000,0.6308,-4.5380,-4.47,5.19,0.388,,1,1,10.029,0.1700
225.483,0.6512,0.0000,0.4891,-4.3978,-4.31,6.85,0.387,,1,1,10.029,0.1700
225.516,0.5451,0.0000,0.2381,-4.2248,-4.17,8.47,0.398,,1,1,10.029,0.1700
225.546,0.4141,0.0000,0.0329,-4.1447,-4.01,9.91,0.418,,1,1,10.029,0.1700
225.596,0.2470,0.0000,-0.1161,-4.0780,-3.79,11.87,0.422,,1,1,10.029,0.1700
225.626,0.1678,0.0000,-0.1588,-4.0271,-3.66,13.12,0.419,,1,1,10.029,0.1700
225.653,0.1160,0.0000,-0.1615,-3.9821,-3.55,14.07,0.420,,1,1,10.029,0.1700
225.679,0.0776,0.0000,-0.1180,-3.9035,-3.44,15.01,0.422,,1,1,10.029,0.1700
225.704,0.0489,0.0000,-0.1662,-3.8096,-3.33,15.87,0.419,,1,1,10.029,0.1700
225.730,0.0262,0.0000,-0.1659,-3.7732,-3.22,16.68,0.422,,1,1,10.029,0.1700
225.754,0.0096,0.0000,-0.2602,-3.7159,-3.09,17.44,0.417,,1,1,10.029,0.1700
225.786,0.0000,0.0000,-0.2101,-3.6352,-2.92,18.18,0.418,,1,1,10.029,0.1700
225.851,0.0000,0.0000,-0.2192,-3.4292,-2.64,19.44,0.435,,1,1,10.029,0.1700
225.881,0.0000,0.0000,-0.2075,-3.3546,-2.50,20.00,0.434,,1,1,10.029,0.1700
225.914,0.0000,0.0000,-0.1833,-3.2948,-2.37,20.58,0.437,,1,1,10.029,0.1700
225.947,0.0000,0.0000,-0.1740,-3.2324,-2.25,21.08,0.438,,1,1,10.029,0.1700
225.979,0.0000,0.0000,-0.1679,-3.1708,-2.13,21.49,0.426,,1,1,10.029,0.1700
226.011,0.0000,0.0000,-0.1656,-3.0493,-2.01,21.81,0.417,,1,1,10.029,0.1700
226.042,0.0000,0.0000,-0.1464,-2.9522,-1.93,22.02,0.407,,1,1,10.029,0.1700
226.074,0.0000,0.0000,-0.0712,-2.7734,-1.83,22.00,0.221,,1,1,10.029,0.1700
226.106,0.0000,0.0000,-0.0056,-2.5435,-1.72,21.79,0.058,,1,1,10.029,0.1700
226.154,0.0145,0.0000,0.1292,-2.3843,-1.55,21.42,0.032,,1,1,10.029,0.1700
226.187,0.0663,0.0000,0.2258,-2.3599,-1.44,21.18,0.041,,1,1,10.029,0.1700
226.215,0.1034,0.0000,0.2360,-2.2954,-1.35,20.98,0.043,,1,1,10.029,0.1700
226.252,0.1481,0.0000,0.2646,-2.2642,-1.24,20.78,0.093,,1,1,10.029,0.1700
226.283,0.1893,0.0000,0.3180,-2.2456,-1.16,20.67,0.126,,1,1,10.029,0.1700
226.315,0.2168,0.0000,0.2998,-2.2128,-1.09,20.59,0.138,,1,1,10.029,0.1700
226.347,0.2373,0.0000,0.3005,-2.1841,-1.04,20.56,0.162,,1,1,10.029,0.1700
226.378,0.2634,0.0000,0.3428,-2.1099,-1.00,20.57,0.221,,1,1,10.029,0.1700
226.410,0.2790,0.0000,0.3278,-1.9961,-0.99,20.57,0.216,,1,1,10.029,0.1700
226.441,0.2871,0.0000,0.3119,-1.9459,-0.98,20.59,0.255,,1,1,10.029,0.1700
226.475,0.3058,0.0000,0.3603,-1.9924,-1.01,20.58,0.242,,1,1,10.029,0.1700
226.506,0.3158,0.0000,0.3474,-1.9498,-1.01,20.56,0.251,,1,1,10.029,0.1700
226.540,0.3293,0.0000,0.3693,-1.9215,-0.99,20.50,0.240,,1,1,10.029,0.1700
226.572,0.3655,0.0000,0.4741,-1.8920,-0.97,20.47,0.235,,1,1,10.029,0.1700
226.603,0.3857,0.0000,0.4495,-1.8365,-0.96,20.44,0.241,,1,1,10.029,0.1700
226.634,0.4019,0.0000,0.4525,-1.8423,-0.97,20.38,0.235,,1,1,10.029,0.1700
226.668,0.4132,0.0000,0.4463,-1.8457,-0.97,20.31,0.235,,1,1,10.029,0.1700
226.714,0.4359,0.0000,0.4845,-1.8686,-0.96,20.28,0.230,,1,1,10.029,0.1700
226.747,0.4539,0.0000,0.5092,-1.8202,-0.93,20.27,0.260,,1,1,10.029,0.1700
226.780,0.4720,0.0000,0.5259,-1.8227,-0.91,20.25,0.261,,1,1,10.029,0.1700
226.811,0.4795,0.0000,0.5035,-1.8022,-0.90,20.25,0.256,,1,1,10.029,0.1700
226.843,0.4860,0.0000,0.5064,-1.8105,-0.90,20.21,0.251,,1,1,10.029,0.1700
226.874,0.4908,0.0000,0.5063,-1.8299,-0.90,20.21,0.249,,1,1,10.029,0.1700
226.906,0.5320,0.0000,0.6574,-1.8905,-0.89,20.28,0.264,,1,1,10.029,0.1700
226.938,0.5729,0.0000,0.7000,-1.8982,-0.87,20.34,0.261,,1,1,10.029,0.1700
226.970,0.6199,0.0000,0.7572,-1.9154,-0.85,20.35,0.262,,1,1,10.029,0.1700
227.003,0.6583,0.0000,0.7725,-1.8938,-0.81,20.31,0.255,,1,1,10.029,0.1700
227.037,0.7003,0.0000,0.8170,-1.8999,-0.78,20.34,0.246,,1,1,10.029,0.1700
227.068,0.7310,0.0000,0.8227,-1.8934,-0.77,20.36,0.247,,1,1,10.029,0.1700
227.098,0.7663,0.0000,0.8758,-1.8957,-0.76,20.32,0.249,,1,1,10.029,0.1700
227.131,0.7939,0.0000,0.8742,-1.8691,-0.74,20.17,0.237,,1,1,10.029,0.1700
227.161,0.8094,0.0000,0.8582,-1.8357,-0.74,20.05,0.248,,1,1,10.029,0.1700
227.195,0.8384,0.0000,0.9198,-1.8526,-0.74,19.96,0.254,,1,1,10.029,0.1700
227.226,0.8616,0.0000,0.9317,-1.8589,-0.75,19.95,0.261,,1,1,10.029,0.1700
227.260,0.8920,0.0000,0.9785,-1.8848,-0.77,19.82,0.235,,1,1,10.029,0.1700
227.305,0.9235,0.0000,0.9897,-1.8984,-0.80,19.65,0.245,,1,1,10.029,0.1700
227.339,0.9417,0.0000,0.9964,-1.9037,-0.81,19.54,0.253,,1,1,10.029,0.1700
227.370,0.9690,0.0000,1.0678,-1.9383,-0.82,19.51,0.254,,1,1,10.029,0.1700
227.406,0.9908,0.0000,1.0641,-1.9473,-0.83,19.50,0.268,,1,1,10.029,0.1700
227.435,1.0000,0.0000,1.0527,-1.9465,-0.83,19.49,0.268,,1,1,10.029,0.1700
227.467,1.0000,0.0000,1.0767,-1.9700,-0.85,19.54,0.265,,1,1,10.029,0.1700
227.499,1.0000,0.0000,1.0777,-1.9824,-0.86,19.59,0.267,,1,1,10.029,0.1700
227.531,1.0000,0.0000,1.1026,-1.9842,-0.86,19.66,0.270,,1,1,10.029,0.1700
227.563,1.0000,0.0000,1.1134,-1.9936,-0.87,19.71,0.274,,1,1,10.029,0.1700
227.595,1.0000,0.0000,1.1438,-2.0378,-0.88,19.75,0.285,,1,1,10.029,0.1700
227.626,1.0000,0.0000,1.1476,-2.0812,-0.90,19.76,0.281,,1,1,10.029,0.1700
227.659,1.0000,0.0000,1.1715,-2.1056,-0.91,19.74,0.283,,1,1,10.029,0.1700
227.691,1.0000,0.0000,1.1875,-2.1113,-0.90,19.72,0.292,,1,1,10.029,0.1700
227.721,1.0000,0.0000,1.1953,-2.1247,-0.89,19.72,0.294,,1,1,10.029,0.1700
227.755,1.0000,0.0000,1.1938,-2.1461,-0.90,19.71,0.286,,1,1,10.029,0.1700
227.787,1.0000,0.0000,1.0851,-2.1140,-0.90,19.64,0.260,,1,1,10.029,0.1700
227.868,1.0000,0.0000,1.0043,-2.0559,-0.88,19.40,0.255,,1,1,10.029,0.1700
227.900,1.0000,0.0000,1.0114,-2.0461,-0.86,19.32,0.243,,1,1,10.029,0.1700
227.926,1.0000,0.0000,1.0126,-2.0347,-0.85,19.27,0.240,,1,1,10.029,0.1700
227.951,1.0000,0.0000,0.9991,-2.0335,-0.85,19.24,0.248,,1,1,10.029,0.1700
227.975,1.0000,0.0000,0.9943,-2.0428,-0.86,19.18,0.247,,1,1,10.029,0.1700
228.002,0.9964,0.0000,0.9308,-2.0150,-0.87,19.15,0.252,,1,1,10.029,0.1700
228.027,0.9780,0.0000,0.9019,-1.9941,-0.88,19.07,0.251,,1,1,10.029,0.1700
228.061,0.9534,0.0000,0.8795,-1.9870,-0.88,19.04,0.253,,1,1,10.029,0.1700
228.090,0.9115,0.0000,0.7686,-1.9160,-0.90,18.97,0.240,,1,1,10.029,0.1700
228.121,0.8697,0.0000,0.7385,-1.9106,-0.93,18.96,0.241,,1,1,10.029,0.1700
228.154,0.8187,0.0000,0.6692,-1.8652,-0.95,18.98,0.256,,1,1,10.029,0.1700
228.186,0.7593,0.0000,0.5876,-1.8194,-0.97,18.95,0.250,,1,1,10.029,0.1700
228.251,0.6176,0.0000,0.4164,-1.7415,-1.02,19.09,0.259,,1,1,10.029,0.1700
228.282,0.5538,0.0000,0.3661,-1.7248,-1.04,19.13,0.270,,1,1,10.029,0.1700
228.313,0.4996,0.0000,0.3413,-1.7136,-1.07,19.08,0.268,,1,1,10.029,0.1700
228.346,0.4599,0.0000,0.3514,-1.7253,-1.07,19.12,0.262,,1,1,10.029,0.1700
228.378,0.4405,0.0000,0.3850,-1.7432,-1.08,19.12,0.277,,1,1,10.029,0.1700
228.426,0.4288,0.0000,0.4056,-1.7480,-1.07,19.09,0.272,,1,1,10.029,0.1700
228.457,0.4234,0.0000,0.4068,-1.7463,-1.06,19.07,0.271,,1,1,10.029,0.1700
228.484,0.4214,0.0000,0.4142,-1.7482,-1.06,19.05,0.271,,1,1,10.029,0.1700
228.511,0.4035,0.0000,0.3391,-1.7144,-1.06,19.00,0.259,,1,1,10.029,0.1700
228.536,0.3912,0.0000,0.3433,-1.7174,-1.06,19.01,0.249,,1,1,10.029,0.1700
228.567,0.3768,0.0000,0.3311,-1.7159,-1.06,19.05,0.260,,1,1,10.029,0.1700
228.594,0.3666,0.0000,0.3294,-1.7092,-1.06,19.07,0.259,,1,1,10.029,0.1700
228.650,0.3796,0.0000,0.4028,-1.7866,-1.06,19.26,0.278,,1,1,10.029,0.1700
228.681,0.4019,0.0000,0.4779,-1.8433,-1.07,19.29,0.266,,1,1,10.029,0.1700
228.716,0.4404,0.0000,0.5550,-1.9315,-1.08,19.22,0.265,,1,1,10.029,0.1700
228.746,0.4995,0.0000,0.6960,-2.0136,-1.10,19.17,0.278,,1,1,10.029,0.1700
228.778,0.5714,0.0000,0.7921,-2.0785,-1.13,19.09,0.280,,1,1,10.029,0.1700
228.811,0.6618,0.0000,0.9214,-2.1128,-1.13,19.04,0.260,,1,1,10.029,0.1700
228.845,0.7300,0.0000,0.9132,-2.1041,-1.13,19.07,0.280,,1,1,10.029,0.1700
228.874,0.7996,0.0000,1.0106,-2.1056,-1.12,19.03,0.292,,1,1,10.029,0.1700
228.906,0.8556,0.0000,1.0165,-2.1009,-1.11,18.94,0.275,,1,1,10.029,0.1700
228.939,0.8924,0.0000,0.9921,-2.1240,-1.11,18.90,0.311,,1,1,10.029,0.1700
228.971,0.9206,0.0000,0.9989,-2.1397,-1.12,18.86,0.352,,1,1,10.029,0.1700
229.018,0.9406,0.0000,0.9806,-2.1587,-1.13,18.89,0.372,,1,1,10.029,0.1700
229.053,0.9497,0.0000,0.9747,-2.2047,-1.14,18.90,0.391,,1,1,10.029,0.1700
229.083,0.9415,0.0000,0.9146,-2.2312,-1.15,18.85,0.412,,1,1,10.029,0.1700
229.114,0.9424,0.0000,0.9452,-2.2943,-1.18,18.83,0.420,,1,1,10.029,0.1700
229.148,0.9426,0.0000,0.9434,-2.3060,-1.19,18.87,0.429,,1,1,10.029,0.1700
229.179,0.9410,0.0000,0.9353,-2.3099,-1.20,18.94,0.423,,1,1,10.029,0.1700
229.210,0.9346,0.0000,0.9145,-2.3345,-1.22,19.12,0.432,,1,1,10.029,0.1700
229.243,0.9194,0.0000,0.8710,-2.3644,-1.25,19.26,0.455,,1,1,10.029,0.1700
229.275,0.9053,0.0000,0.8599,-2.4157,-1.28,19.40,0.468,,1,1,10.029,0.1700
229.306,0.9004,0.0000,0.8836,-2.4678,-1.31,19.48,0.461,,1,1,10.029,0.1700
229.338,0.9005,0.0000,0.9008,-2.5144,-1.35,19.55,0.477,,1,1,10.029,0.1700
229.372,0.9057,0.0000,0.9218,-2.5614,-1.38,19.60,0.477,,1,1,10.029,0.1700
229.402,0.9122,0.0000,0.9345,-2.6164,-1.42,19.65,0.487,,1,1,10.029,0.1700
229.436,0.9196,0.0000,0.9428,-2.6373,-1.45,19.68,0.481,,1,1,10.029,0.1700
229.469,0.9387,0.0000,0.9989,-2.6941,-1.49,19.70,0.480,,1,1,10.029,0.1700
229.500,0.9573,0.0000,1.0191,-2.7198,-1.51,19.75,0.478,,1,1,10.029,0.1700
229.532,0.9721,0.0000,1.0185,-2.7329,-1.52,19.77,0.476,,1,1,10.029,0.1700
229.579,0.9966,0.0000,1.0778,-2.7674,-1.52,19.83,0.485,,1,1,10.029,0.1700
229.610,1.0000,0.0000,1.1179,-2.8397,-1.52,19.85,0.481,,1,1,10.029,0.1700
229.642,1.0000,0.0000,1.1512,-2.8901,-1.51,19.85,0.477,,1,1,10.029,0.1700
229.673,1.0000,0.0000,1.1456,-2.9432,-1.51,19.86,0.480,,1,1,10.029,0.1700
229.706,1.0000,0.0000,1.1572,-2.9909,-1.50,19.83,0.468,,1,1,10.029,0.1700
229.739,1.0000,0.0000,1.1667,-3.0090,-1.50,19.81,0.471,,1,1,10.029,0.1700
229.774,1.0000,0.0000,1.1954,-3.0622,-1.49,19.80,0.457,,1,1,10.029,0.1700
229.803,1.0000,0.0000,1.1872,-3.0443,-1.48,19.82,0.411,,1,1,10.029,0.1700
229.835,1.0000,0.0000,1.1487,-2.8803,-1.43,19.69,0.208,,1,1,10.029,0.1700
229.867,1.0000,0.0000,1.0705,-2.6455,-1.37,19.38,0.089,,1,1,10.029,0.1700
229.899,1.0000,0.0000,1.0858,-2.6150,-1.32,18.86,0.101,,1,1,10.029,0.1700
229.932,1.0000,0.0000,1.1222,-2.5977,-1.24,18.53,0.135,,1,1,10.029,0.1700
229.964,1.0000,0.0000,1.2710,-2.6399,-1.14,18.42,0.173,,1,1,10.029,0.1700
229.994,1.0000,0.0000,1.3070,-2.6985,-1.07,18.40,0.216,,1,1,10.029,0.1700
230.026,1.0000,0.0000,1.4181,-2.7765,-0.98,18.41,0.255,,1,1,10.029,0.1700
230.060,1.0000,0.0000,1.4730,-2.7690,-0.88,18.39,0.280,,1,1,10.029,0.1700
230.090,1.0000,0.0000,1.5205,-2.7346,-0.77,18.42,0.292,,1,1,10.029,0.1700
230.137,1.0000,0.0000,1.6400,-2.7481,-0.66,18.46,0.290,,1,1,10.029,0.1700
230.171,1.0000,0.0000,1.6562,-2.7230,-0.58,18.44,0.292,,1,1,10.029,0.1700
230.203,1.0000,0.0000,1.6806,-2.7201,-0.52,18.38,0.297,,1,1,10.029,0.1700
230.235,1.0000,0.0000,1.7093,-2.7181,-0.47,18.37,0.302,,1,1,10.029,0.1700
230.268,1.0000,0.0000,1.7118,-2.7042,-0.43,18.34,0.304,,1,1,10.029,0.1700
230.298,1.0000,0.0000,1.7050,-2.6915,-0.38,18.36,0.304,,1,1,10.029,0.1700
230.331,1.0000,0.0000,1.6947,-2.6742,-0.36,18.38,0.307,,1,1,10.029,0.1700
230.363,1.0000,0.0000,1.7094,-2.6691,-0.34,18.38,0.309,,1,1,10.029,0.1700
230.395,1.0000,0.0000,1.6953,-2.6415,-0.31,18.39,0.307,,1,1,10.029,0.1700
230.427,1.0000,0.0000,1.6880,-2.6108,-0.28,18.39,0.310,,1,1,10.029,0.1700
230.459,1.0000,0.0000,1.6806,-2.5787,-0.25,18.34,0.313,,1,1,10.029,0.1700
230.491,1.0000,0.0000,1.6805,-2.5554,-0.21,18.39,0.314,,1,1,10.029,0.1700
230.522,1.0000,0.0000,1.6450,-2.5002,-0.14,18.40,0.316,,1,1,10.029,0.1700
230.556,1.0000,0.0000,1.5766,-2.4269,-0.09,18.37,0.300,,1,1,10.029,0.1700
230.588,1.0000,0.0000,1.4525,-2.3219,-0.04,18.39,0.290,,1,1,10.029,0.1700
230.651,1.0000,0.0000,1.3373,-2.2132,-0.01,18.11,0.275,,1,1,10.029,0.1700
230.698,1.0000,0.0000,1.3029,-2.1889,-0.01,17.89,0.276,,1,1,10.029,0.1700
230.731,1.0000,0.0000,1.2876,-2.1696,-0.00,17.78,0.281,,1,1,10.029,0.1700
230.757,1.0000,0.0000,1.2897,-2.1599,0.01,17.70,0.288,,1,1,10.029,0.1700
230.785,1.0000,0.0000,1.2089,-2.1324,0.01,17.69,0.303,,1,1,10.029,0.1700
230.811,1.0000,0.0000,0.9964,-2.1573,-0.01,17.67,0.380,,1,1,10.029,0.1700
230.839,1.0000,0.0000,0.9261,-2.2203,-0.04,17.65,0.433,,1,1,10.029,0.1700
230.866,0.9983,0.0000,0.9330,-2.3093,-0.07,17.63,0.454,,1,1,10.029,0.1700
230.893,0.9792,0.0000,0.9095,-2.3768,-0.11,17.62,0.468,,1,1,10.029,0.1700
230.922,0.9674,0.0000,0.9258,-2.4257,-0.16,17.60,0.468,,1,1,10.029,0.1700
230.954,0.9578,0.0000,0.9277,-2.4569,-0.20,17.59,0.457,,1,1,10.029,0.1700
230.986,0.9489,0.0000,0.9207,-2.4616,-0.24,17.56,0.454,,1,1,10.029,0.1700
231.056,0.9533,0.0000,0.9597,-2.5051,-0.33,17.58,0.446,,1,1,10.029,0.1700
231.084,0.9540,0.0000,0.9569,-2.5233,-0.38,17.61,0.449,,1,1,10.029,0.1700
231.114,0.9533,0.0000,0.9508,-2.5330,-0.44,17.65,0.456,,1,1,10.029,0.1700
231.146,0.9545,0.0000,0.9584,-2.5570,-0.49,17.74,0.456,,1,1,10.029,0.1700
231.179,0.9560,0.0000,0.9607,-2.5866,-0.55,17.87,0.455,,1,1,10.029,0.1700
231.210,0.9420,0.0000,0.8948,-2.5989,-0.59,17.95,0.450,,1,1,10.029,0.1700
231.242,0.9287,0.0000,0.8856,-2.6255,-0.64,18.04,0.451,,1,1,10.029,0.1700
231.290,0.9197,0.0000,0.9004,-2.6927,-0.69,18.19,0.451,,1,1,10.029,0.1700
231.319,0.9169,0.0000,0.9066,-2.7246,-0.71,18.28,0.449,,1,1,10.029,0.1700
231.346,0.9137,0.0000,0.9018,-2.7532,-0.72,18.44,0.444,,1,1,10.029,0.1700
231.372,0.9178,0.0000,0.9341,-2.8333,-0.71,18.58,0.441,,1,1,10.029,0.1700
231.402,0.9157,0.0000,0.9084,-2.9754,-0.68,18.71,0.443,,1,1,10.029,0.1700
231.450,0.8765,0.0000,0.7918,-3.1815,-0.54,18.82,0.457,,1,1,10.029,0.1700
231.482,0.8272,0.0000,0.6736,-3.3007,-0.47,18.95,0.452,,1,1,10.029,0.1700
231.514,0.7933,0.0000,0.6898,-3.2461,-0.39,19.10,0.436,,1,1,10.029,0.1700
231.548,0.7589,0.0000,0.6587,-3.1455,-0.30,19.19,0.437,,1,1,10.029,0.1700
231.579,0.7318,0.0000,0.6476,-3.1195,-0.23,19.29,0.417,,1,1,10.029,0.1700
231.611,0.6874,0.0000,0.5523,-2.9874,-0.18,19.29,0.417,,1,1,10.029,0.1700
231.642,0.6563,0.0000,0.5618,-2.9473,-0.13,19.33,0.423,,1,1,10.029,0.1700
231.676,0.6285,0.0000,0.5468,-2.8652,-0.11,19.44,0.408,,1,1,10.029,0.1700
231.707,0.5979,0.0000,0.5069,-2.7137,-0.05,19.54,0.396,,1,1,10.029,0.1700
231.739,0.5663,0.0000,0.4724,-2.5523,-0.04,19.66,0.418,,1,1,10.029,0.1700
231.770,0.5379,0.0000,0.4526,-2.4608,-0.03,19.75,0.413,,1,1,10.029,0.1700
231.803,0.5173,0.0000,0.4574,-2.3047,-0.01,19.76,0.421,,1,1,10.029,0.1700
231.851,0.5094,0.0000,0.4931,-2.1581,-0.01,19.84,0.421,,1,1,10.029,0.1700
231.884,0.4969,0.0000,0.4605,-1.9920,-0.01,19.87,0.435,,1,1,10.029,0.1700
231.916,0.4800,0.0000,0.4275,-1.7964,-0.04,19.84,0.424,,1,1,10.029,0.1700
231.947,0.4570,0.0000,0.3840,-1.6008,-0.07,19.80,0.429,,1,1,10.029,0.1700
231.979,0.4277,0.0000,0.3393,-1.4174,-0.16,19.80,0.439,,1,1,10.029,0.1700
232.010,0.4075,0.0000,0.3446,-1.2880,-0.26,19.78,0.429,,1,1,10.029,0.1700
232.043,0.3812,0.0000,0.3034,-1.1016,-0.35,19.68,0.443,,1,1,10.029,0.1700
232.075,0.3511,0.0000,0.2597,-0.9515,-0.44,19.57,0.432,,1,1,10.029,0.1700
232.106,0.2926,0.0000,0.1166,-0.7467,-0.56,19.44,0.443,,1,1,10.029,0.1700
232.137,0.2077,0.0000,-0.0391,-0.5550,-0.69,19.35,0.444,,1,1,10.029,0.1700
232.170,0.1389,0.0000,-0.1601,-0.4188,-0.85,19.28,0.449,,1,1,10.029,0.1700
232.204,0.0878,0.0000,-0.2184,-0.2762,-1.02,19.13,0.454,,1,1,10.029,0.1700
232.235,0.0525,0.0000,-0.2766,-0.1892,-1.19,19.06,0.459,,1,1,10.029,0.1700
232.268,0.0252,0.0000,-0.2308,-0.2163,-1.38,18.87,0.440,,1,1,10.029,0.1700
232.299,0.0060,0.0000,-0.3014,-0.1825,-1.55,18.78,0.443,,1,1,10.029,0.1700
232.331,0.0000,0.0000,-0.2912,-0.2230,-1.69,18.71,0.412,,1,1,10.029,0.1700
232.362,0.0000,0.0000,-0.2818,-0.2339,-1.84,18.60,0.433,,1,1,10.029,0.1700
232.412,0.0000,0.0000,-0.2859,-0.3079,-2.03,18.49,0.441,,1,1,10.029,0.1700
232.442,0.0000,0.0000,-0.2723,-0.3540,-2.17,18.35,0.438,,1,1,10.029,0.1700
232.473,0.0000,0.0000,-0.2113,-0.5065,-2.33,18.15,0.444,,1,1,10.029,0.1700
232.507,0.0000,0.0000,-0.1436,-0.7007,-2.47,17.96,0.436,,1,1,10.029,0.1700
232.537,0.0000,0.0000,-0.0723,-0.8398,-2.60,17.72,0.431,,1,1,10.029,0.1700
232.570,0.0000,0.0000,-0.0464,-0.9601,-2.73,17.52,0.442,,1,1,10.029,0.1700
232.603,0.0000,0.0000,-0.0351,-1.1086,-2.88,17.26,0.461,,1,1,10.029,0.1700
232.635,0.0000,0.0000,0.0669,-1.3269,-3.04,16.87,0.450,,1,1,10.029,0.1700
232.668,0.0242,0.0000,0.1566,-1.5824,-3.20,16.52,0.453,,1,1,10.029,0.1700
232.699,0.0759,0.0000,0.2355,-1.7379,-3.32,16.28,0.464,,1,1,10.029,0.1700
232.731,0.1305,0.0000,0.2979,-1.8344,-3.42,16.08,0.464,,1,1,10.029,0.1700
232.763,0.1750,0.0000,0.3094,-1.8914,-3.51,15.96,0.465,,1,1,10.029,0.1700
232.794,0.2271,0.0000,0.3843,-1.9894,-3.57,15.94,0.462,,1,1,10.029,0.1700
232.826,0.2927,0.0000,0.4840,-2.0976,-3.62,15.79,0.461,,1,1,10.029,0.1700
232.859,0.3684,0.0000,0.5761,-2.2646,-3.69,15.69,0.458,,1,1,10.029,0.1700
232.891,0.4614,0.0000,0.7214,-2.3921,-3.70,15.56,0.464,,1,1,10.029,0.1700
232.924,0.5800,0.0000,0.8824,-2.5921,-3.70,15.48,0.464,,1,1,10.029,0.1700
232.970,0.7086,0.0000,0.9478,-2.7985,-3.69,15.28,0.451,,1,1,10.029,0.1700
233.002,0.8007,0.0000,1.0419,-2.9769,-3.64,15.09,0.440,,1,1,10.029,0.1700
233.034,0.8694,0.0000,1.1374,-3.2169,-3.63,14.77,0.450,,1,1,10.029,0.1700
233.069,0.9217,0.0000,1.2124,-3.4592,-3.58,14.64,0.453,,1,1,10.029,0.1700
233.099,0.9548,0.0000,1.3250,-3.6286,-3.47,14.50,0.456,,1,1,10.029,0.1700
233.131,0.9802,0.0000,1.3778,-3.7967,-3.38,14.47,0.427,,1,1,10.029,0.1700
233.162,0.9985,0.0000,1.3491,-3.8928,-3.27,14.51,0.443,,1,1,10.029,0.1700
233.194,1.0000,0.0000,1.3815,-3.9230,-3.15,14.54,0.444,,1,1,10.029,0.1700
233.226,1.0000,0.0000,1.5093,-4.0392,-3.01,14.57,0.427,,1,1,10.029,0.1700
233.260,1.0000,0.0000,1.6715,-4.1496,-2.85,14.64,0.430,,1,1,10.029,0.1700
233.296,1.0000,0.0000,1.7551,-4.1365,-2.70,14.74,0.440,,1,1,10.029,0.1700
233.326,1.0000,0.0000,1.7666,-4.0893,-2.51,14.73,0.428,,1,1,10.029,0.1700
233.354,1.0000,0.0000,1.7779,-4.0707,-2.35,14.74,0.451,,1,1,10.029,0.1700
233.387,1.0000,0.0000,1.8323,-4.0929,-2.15,14.74,0.453,,1,1,10.029,0.1700
233.453,1.0000,0.0000,1.9639,-4.1664,-1.73,14.86,0.456,,1,1,10.029,0.1700
233.485,1.0000,0.0000,1.9796,-4.1888,-1.54,14.80,0.451,,1,1,10.029,0.1700
233.514,1.0000,0.0000,1.9837,-4.1914,-1.36,14.81,0.427,,1,1,10.029,0.1700
233.564,1.0000,0.0000,2.0058,-4.0850,-1.06,14.82,0.370,,1,1,10.029,0.1700
233.595,1.0000,0.0000,1.8241,-3.9507,-0.90,14.57,0.126,,1,1,10.029,0.1700
233.624,1.0000,0.0000,1.7347,-3.8102,-0.77,14.27,0.072,,1,1,10.029,0.1700
233.652,1.0000,0.0000,1.6623,-3.6610,-0.62,13.80,0.056,,1,1,10.029,0.1700
233.679,1.0000,0.0000,1.5846,-3.4910,-0.48,13.60,0.047,,1,1,10.029,0.1700
233.706,1.0000,0.0000,1.2942,-3.3352,-0.30,13.57,0.149,,1,1,10.029,0.1700
233.734,1.0000,0.0000,1.1681,-3.2222,-0.16,13.79,0.260,,1,1,10.029,0.1700
233.761,1.0000,0.0000,1.0464,-3.1403,-0.03,14.05,0.323,,1,1,10.029,0.1700
233.788,1.0000,0.0000,0.9622,-3.0558,0.09,14.33,0.344,,1,1,10.029,0.1700
233.852,0.9311,0.0000,0.7711,-2.8960,0.26,15.02,0.367,,1,1,10.029,0.1700
233.884,0.8621,0.0000,0.6517,-2.8226,0.32,15.38,0.358,,1,1,10.029,0.1700
233.916,0.7806,0.0000,0.5398,-2.7102,0.38,15.77,0.370,,1,1,10.029,0.1700
233.946,0.6977,0.0000,0.4460,-2.6478,0.44,16.09,0.378,,1,1,10.029,0.1700
233.979,0.5715,0.0000,0.2391,-2.5719,0.49,16.49,0.384,,1,1,10.029,0.1700
234.009,0.5000,0.0000,0.2989,-2.5093,0.54,16.84,0.390,,1,1,10.029,0.1700
234.042,0.4310,0.0000,0.2515,-2.4453,0.61,17.14,0.396,,1,1,10.029,0.1700
234.074,0.3638,0.0000,0.1776,-2.2988,0.69,17.33,0.402,,1,1,10.029,0.1700
234.121,0.2578,0.0000,0.0665,-2.2046,0.78,17.61,0.405,,1,1,10.029,0.1700
234.154,0.2089,0.0000,0.0809,-2.1753,0.82,17.84,0.400,,1,1,10.029,0.1700
234.181,0.1745,0.0000,0.0647,-2.1506,0.85,18.03,0.397,,1,1,10.029,0.1700
234.207,0.1266,0.0000,-0.0345,-2.0885,0.90,18.37,0.394,,1,1,10.029,0.1700
234.251,0.0678,0.0000,-0.1073,-2.0996,0.98,18.86,0.403,,1,1,10.029,0.1700
234.283,0.0370,0.0000,-0.2942,-2.0249,1.05,19.14,0.402,,1,1,10.029,0.1700
234.314,0.0146,0.0000,-0.4020,-2.0025,1.13,19.38,0.399,,1,1,10.029,0.1700
234.346,0.0000,0.0000,-0.4216,-1.9604,1.22,19.62,0.402,,1,1,10.029,0.1700
234.381,0.0000,0.0000,-0.4630,-1.8732,1.33,19.83,0.399,,1,1,10.029,0.1700
234.414,0.0000,0.0000,-0.4332,-1.8397,1.43,20.00,0.392,,1,1,10.029,0.1700
234.441,0.0000,0.0000,-0.4341,-1.7982,1.52,20.17,0.397,,1,1,10.029,0.1700
234.474,0.0000,0.0000,-0.4570,-1.7538,1.61,20.35,0.392,,1,1,10.029,0.1700
234.507,0.0000,0.0000,-0.4546,-1.7279,1.69,20.53,0.393,,1,1,10.029,0.1700
234.539,0.0000,0.0000,-0.5207,-1.6589,1.76,20.69,0.394,,1,1,10.029,0.1700
234.570,0.0000,0.0000,-0.5018,-1.6293,1.83,20.80,0.397,,1,1,10.029,0.1700
234.601,0.0000,0.0000,-0.4928,-1.6026,1.87,20.91,0.392,,1,1,10.029,0.1700
234.636,0.0000,0.0000,-0.4786,-1.5825,1.91,21.03,0.393,,1,1,10.029,0.1700
234.686,0.0000,0.0000,-0.3614,-1.5475,1.96,21.18,0.378,,1,1,10.029,0.1700
234.716,0.0000,0.0000,-0.0595,-1.6113,2.00,21.32,0.374,,1,1,10.029,0.1700
234.747,0.0081,0.0000,0.2002,-1.6675,2.04,21.46,0.381,,1,1,10.029,0.1700
234.780,0.0972,0.0000,0.3634,-1.7185,2.08,21.61,0.382,,1,1,10.029,0.1700
234.811,0.1819,0.0000,0.4394,-1.7553,2.10,21.65,0.399,,1,1,10.029,0.1700
234.842,0.2580,0.0000,0.4821,-1.7712,2.08,21.77,0.405,,1,1,10.029,0.1700
234.874,0.3366,0.0000,0.5531,-1.7646,2.09,21.80,0.421,,1,1,10.029,0.1700
234.907,0.4042,0.0000,0.5891,-1.7718,2.09,21.80,0.423,,1,1,10.029,0.1700
234.939,0.4597,0.0000,0.6136,-1.8094,2.08,21.80,0.427,,1,1,10.029,0.1700
234.972,0.5048,0.0000,0.6245,-1.8188,2.07,21.83,0.435,,1,1,10.029,0.1700
235.004,0.5438,0.0000,0.6546,-1.8288,2.08,21.81,0.433,,1,1,10.029,0.1700
235.035,0.5857,0.0000,0.7115,-1.8775,2.07,21.73,0.430,,1,1,10.029,0.1700
235.068,0.6242,0.0000,0.7239,-1.8675,2.07,21.72,0.432,,1,1,10.029,0.1700
235.099,0.6526,0.0000,0.7373,-1.8926,2.06,21.71,0.439,,1,1,10.029,0.1700
235.131,0.6766,0.0000,0.7452,-1.8872,2.06,21.73,0.437,,1,1,10.029,0.1700
235.163,0.7045,0.0000,0.7848,-1.8876,2.07,21.69,0.439,,1,1,10.029,0.1700
235.194,0.7300,0.0000,0.8068,-1.9078,2.06,21.64,0.438,,1,1,10.029,0.1700
235.242,0.7560,0.0000,0.8072,-1.8855,2.05,21.51,0.444,,1,1,10.029,0.1700
235.274,0.7717,0.0000,0.8174,-1.8642,2.05,21.42,0.438,,1,1,10.029,0.1700
235.307,0.7800,0.0000,0.8047,-1.8530,2.02,21.36,0.433,,1,1,10.029,0.1700
235.338,0.7833,0.0000,0.7938,-1.8449,2.01,21.32,0.433,,1,1,10.029,0.1700
235.371,0.7833,0.0000,0.7835,-1.8483,2.00,21.24,0.438,,1,1,10.029,0.1700
235.404,0.7860,0.0000,0.7941,-1.8576,1.99,21.18,0.437,,1,1,10.029,0.1700
235.435,0.7866,0.0000,0.7885,-1.8526,1.98,21.14,0.435,,1,1,10.029,0.1700
235.467,0.7856,0.0000,0.7827,-1.8419,1.98,21.09,0.432,,1,1,10.029,0.1700
235.500,0.7856,0.0000,0.7855,-1.8353,1.99,21.05,0.426,,1,1,10.029,0.1700
235.531,0.7800,0.0000,0.7617,-1.7749,2.00,21.01,0.380,,1,1,10.029,0.1700
235.562,0.7672,0.0000,0.7237,-1.6783,2.02,20.96,0.293,,1,1,10.029,0.1700
235.595,0.7164,0.0000,0.5568,-1.4487,2.05,20.72,0.119,,1,1,10.029,0.1700
235.627,0.6608,0.0000,0.4870,-1.2475,2.09,20.31,0.067,,1,1,10.029,0.1700
235.659,0.6157,0.0000,0.4779,-1.2074,2.12,19.91,0.089,,1,1,10.029,0.1700
235.690,0.5739,0.0000,0.4424,-1.1861,2.13,19.47,0.074,,1,1,10.029,0.1700
235.722,0.5444,0.0000,0.4563,-1.1560,2.14,19.03,0.096,,1,1,10.029,0.1700
235.755,0.5223,0.0000,0.4587,-1.1397,2.16,18.63,0.115,,1,1,10.029,0.1700
235.788,0.5106,0.0000,0.4754,-1.1096,2.19,18.24,0.131,,1,1,10.029,0.1700
235.869,0.4974,0.0000,0.4812,-1.0718,2.20,17.61,0.135,,1,1,10.029,0.1700
235.896,0.4957,0.0000,0.4893,-1.0713,2.21,17.43,0.132,,1,1,10.029,0.1700
235.922,0.4946,0.0000,0.4902,-1.0824,2.20,17.28,0.135,,1,1,10.029,0.1700
235.949,0.4901,0.0000,0.4738,-1.0741,2.20,17.16,0.154,,1,1,10.029,0.1700
235.976,0.4886,0.0000,0.4828,-1.0702,2.20,17.04,0.158,,1,1,10.029,0.1700
236.003,0.4879,0.0000,0.4850,-1.0661,2.21,16.90,0.150,,1,1,10.029,0.1700
236.032,0.4900,0.0000,0.4976,-1.0712,2.21,16.80,0.146,,1,1,10.029,0.1700
236.061,0.5012,0.0000,0.5421,-1.0683,2.21,16.68,0.137,,1,1,10.029,0.1700
236.089,0.5068,0.0000,0.5276,-1.0406,2.21,16.54,0.135,,1,1,10.029,0.1700
236.121,0.5042,0.0000,0.4953,-1.0174,2.19,16.35,0.124,,1,1,10.029,0.1700
236.154,0.5004,0.0000,0.4883,-1.0048,2.16,16.17,0.136,,1,1,10.029,0.1700
236.189,0.4997,0.0000,0.4977,-1.0020,2.15,16.02,0.145,,1,1,10.029,0.1700
236.252,0.5123,0.0000,0.5332,-1.0281,2.09,15.83,0.151,,1,1,10.029,0.1700
236.284,0.5191,0.0000,0.5417,-1.0327,2.07,15.72,0.141,,1,1,10.029,0.1700
236.316,0.5232,0.0000,0.5368,-1.0439,2.06,15.58,0.140,,1,1,10.029,0.1700
236.347,0.5183,0.0000,0.5018,-1.0037,2.04,15.42,0.139,,1,1,10.029,0.1700
236.395,0.5138,0.0000,0.5040,-1.0040,2.04,15.25,0.140,,1,1,10.029,0.1700
236.427,0.5121,0.0000,0.5063,-1.0032,2.04,15.12,0.131,,1,1,10.029,0.1700
236.455,0.5125,0.0000,0.5140,-1.0042,2.04,15.00,0.124,,1,1,10.029,0.1700
236.480,0.5131,0.0000,0.5158,-1.0200,2.02,14.93,0.127,,1,1,10.029,0.1700
236.506,0.5191,0.0000,0.5441,-1.0366,2.00,14.86,0.130,,1,1,10.029,0.1700
236.534,0.5271,0.0000,0.5565,-1.0419,1.99,14.86,0.144,,1,1,10.029,0.1700
236.560,0.5417,0.0000,0.5997,-1.0762,1.98,14.88,0.147,,1,1,10.029,0.1700
236.587,0.5501,0.0000,0.5825,-1.0495,1.97,14.86,0.142,,1,1,10.029,0.1700
236.651,0.5706,0.0000,0.6039,-1.0227,1.96,14.80,0.145,,1,1,10.029,0.1700
236.684,0.5815,0.0000,0.6162,-1.0282,1.95,14.78,0.148,,1,1,10.029,0.1700
236.716,0.5905,0.0000,0.6185,-1.0260,1.94,14.80,0.157,,1,1,10.029,0.1700
236.747,0.5941,0.0000,0.6059,-0.9976,1.94,14.81,0.155,,1,1,10.029,0.1700
236.777,0.5954,0.0000,0.6002,-0.9722,1.93,14.83,0.165,,1,1,10.029,0.1700
236.810,0.5962,0.0000,0.5988,-0.9525,1.92,14.81,0.153,,1,1,10.029,0.1700
236.843,0.5866,0.0000,0.5559,-0.8795,1.90,14.79,0.144,,1,1,10.029,0.1700
236.875,0.5791,0.0000,0.5545,-0.8851,1.84,14.75,0.144,,1,1,10.029,0.1700
236.907,0.5580,0.0000,0.4891,-0.8435,1.80,14.73,0.132,,1,1,10.029,0.1700
236.956,0.5041,0.0000,0.3913,-0.7675,1.71,14.50,0.087,,1,1,10.029,0.1700
236.986,0.4800,0.0000,0.3993,-0.7651,1.65,14.41,0.081,,1,1,10.029,0.1700
237.013,0.4640,0.0000,0.4041,-0.7878,1.59,14.34,0.081,,1,1,10.029,0.1700
237.053,0.4469,0.0000,0.4045,-0.7845,1.50,14.21,0.098,,1,1,10.029,0.1700
237.083,0.4351,0.0000,0.3949,-0.7277,1.46,14.07,0.073,,1,1,10.029,0.1700
237.114,0.4275,0.0000,0.4026,-0.5739,1.44,13.96,0.037,,1,1,10.029,0.1700
237.146,0.4206,0.0000,0.3991,-0.4973,1.39,13.74,0.033,,1,1,10.029,0.1700
237.179,0.4378,0.0000,0.4914,-0.5499,1.32,13.55,0.042,,1,1,10.029,0.1700
237.211,0.4507,0.0000,0.4931,-0.5770,1.29,13.45,0.064,,1,1,10.029,0.1700
237.241,0.4652,0.0000,0.5163,-0.6176,1.22,13.35,0.076,,1,1,10.029,0.1700
237.275,0.4601,0.0000,0.4443,-0.6129,1.15,13.30,0.091,,1,1,10.029,0.1700
237.305,0.4575,0.0000,0.4483,-0.6043,1.10,13.26,0.098,,1,1,10.029,0.1700
237.338,0.4522,0.0000,0.4357,-0.6060,1.02,13.25,0.125,,1,1,10.029,0.1700
237.370,0.4451,0.0000,0.4214,-0.6276,0.90,13.30,0.161,,1,1,10.029,0.1700
237.403,0.4549,0.0000,0.4863,-0.6305,0.80,13.46,0.183,,1,1,10.029,0.1700
237.434,0.4857,0.0000,0.5882,-0.7422,0.69,13.78,0.218,,1,1,10.029,0.1700
237.467,0.5251,0.0000,0.6479,-0.8424,0.55,14.15,0.287,,1,1,10.029,0.1700
237.499,0.5644,0.0000,0.6861,-0.9267,0.40,14.49,0.346,,1,1,10.029,0.1700
237.546,0.6168,0.0000,0.7261,-1.0325,0.23,14.92,0.389,,1,1,10.029,0.1700
237.578,0.6495,0.0000,0.7507,-1.0916,0.11,15.24,0.408,,1,1,10.029,0.1700
237.612,0.6717,0.0000,0.7352,-1.1188,-0.04,15.60,0.424,,1,1,10.029,0.1700
237.643,0.6838,0.0000,0.7221,-1.1376,-0.18,15.89,0.444,,1,1,10.029,0.1700
237.674,0.6893,0.0000,0.7076,-1.1137,-0.33,16.17,0.438,,1,1,10.029,0.1700
237.706,0.6500,0.0000,0.5297,-1.0415,-0.46,16.45,0.442,,1,1,10.029,0.1700
237.739,0.5795,0.0000,0.3572,-0.9457,-0.57,16.62,0.452,,1,1,10.029,0.1700
237.773,0.4885,0.0000,0.2273,-0.9541,-0.73,16.82,0.444,,1,1,10.029,0.1700
237.802,0.4396,0.0000,0.2793,-1.0054,-0.85,17.02,0.439,,1,1,10.029,0.1700
237.835,0.3835,0.0000,0.2192,-0.9832,-0.97,17.16,0.440,,1,1,10.029,0.1700
237.866,0.3436,0.0000,0.2238,-1.0067,-1.10,17.28,0.458,,1,1,10.029,0.1700
237.899,0.3146,0.0000,0.2326,-1.0664,-1.22,17.32,0.464,,1,1,10.029,0.1700
237.932,0.3086,0.0000,0.2908,-1.1712,-1.34,17.35,0.451,,1,1,10.029,0.1700
237.964,0.3060,0.0000,0.2984,-1.2375,-1.45,17.40,0.448,,1,1,10.029,0.1700
237.995,0.2911,0.0000,0.2437,-1.2640,-1.54,17.43,0.444,,1,1,10.029,0.1700
238.027,0.2795,0.0000,0.2445,-1.3308,-1.64,17.47,0.451,,1,1,10.029,0.1700
238.060,0.2647,0.0000,0.2201,-1.3521,-1.70,17.50,0.451,,1,1,10.029,0.1700
238.106,0.2483,0.0000,0.2133,-1.4179,-1.77,17.61,0.452,,1,1,10.029,0.1700
238.137,0.2318,0.0000,0.1788,-1.4400,-1.81,17.67,0.461,,1,1,10.029,0.1700
238.170,0.2075,0.0000,0.1328,-1.4334,-1.83,17.73,0.458,,1,1,10.029,0.1700
238.203,0.1962,0.0000,0.1633,-1.5364,-1.86,17.84,0.451,,1,1,10.029,0.1700
238.235,0.1893,0.0000,0.1672,-1.5966,-1.88,17.92,0.446,,1,1,10.029,0.1700
238.266,0.1853,0.0000,0.1725,-1.6443,-1.89,18.04,0.444,,1,1,10.029,0.1700
238.301,0.1761,0.0000,0.1489,-1.7004,-1.91,18.15,0.442,,1,1,10.029,0.1700
238.334,0.1712,0.0000,0.1560,-1.7789,-1.95,18.27,0.441,,1,1,10.029,0.1700
238.362,0.1741,0.0000,0.1847,-1.8435,-1.96,18.46,0.442,,1,1,10.029,0.1700
238.394,0.1710,0.0000,0.1609,-1.8740,-1.97,18.59,0.447,,1,1,10.029,0.1700
238.427,0.1707,0.0000,0.1698,-1.9073,-1.98,18.73,0.435,,1,1,10.029,0.1700
238.460,0.1667,0.0000,0.1537,-1.9328,-2.00,18.87,0.446,,1,1,10.029,0.1700
238.491,0.1716,0.0000,0.1878,-1.9932,-2.00,19.02,0.459,,1,1,10.029,0.1700
238.522,0.1893,0.0000,0.2501,-2.0672,-2.02,19.16,0.478,,1,1,10.029,0.1700
238.554,0.2134,0.0000,0.2920,-2.1646,-2.02,19.31,0.492,,1,1,10.029,0.1700
238.585,0.2415,0.0000,0.3343,-2.2825,-2.02,19.48,0.495,,1,1,10.029,0.1700
238.670,0.3870,0.0000,0.5566,-2.5322,-2.03,19.62,0.485,,1,1,10.029,0.1700
238.700,0.4600,0.0000,0.6984,-2.6871,-2.03,19.62,0.496,,1,1,10.029,0.1700
238.727,0.5208,0.0000,0.7289,-2.7364,-2.01,19.62,0.491,,1,1,10.029,0.1700
238.751,0.5778,0.0000,0.7932,-2.8430,-1.98,19.65,0.500,,1,1,10.029,0.1700
238.775,0.6411,0.0000,0.8684,-2.9322,-1.96,19.64,0.501,,1,1,10.029,0.1700
238.801,0.7084,0.0000,0.9297,-3.0589,-1.94,19.64,0.507,,1,1,10.029,0.1700
238.827,0.7618,0.0000,0.9440,-3.1523,-1.92,19.61,0.511,,1,1,10.029,0.1700
238.860,0.8292,0.0000,1.0042,-3.2477,-1.86,19.60,0.506,,1,1,10.029,0.1700
238.892,0.8827,0.0000,1.0266,-3.2789,-1.78,19.54,0.497,,1,1,10.029,0.1700
238.922,0.9244,0.0000,1.0423,-3.2905,-1.68,19.49,0.485,,1,1,10.029,0.1700
238.953,0.9569,0.0000,1.0554,-3.2819,-1.59,19.47,0.490,,1,1,10.029,0.1700
238.989,0.9837,0.0000,1.0623,-3.3001,-1.51,19.45,0.484,,1,1,10.029,0.1700
239.052,1.0000,0.0000,1.1531,-3.1883,-1.30,19.50,0.393,,1,1,10.029,0.1700
239.084,1.0000,0.0000,1.1622,-3.1569,-1.21,19.38,0.277,,1,1,10.029,0.1700
239.116,1.0000,0.0000,1.2549,-3.1291,-1.09,19.36,0.287,,1,1,10.029,0.1700
239.147,1.0000,0.0000,1.2713,-3.0646,-0.98,19.38,0.305,,1,1,10.029,0.1700
239.179,1.0000,0.0000,1.2975,-3.0483,-0.88,19.37,0.329,,1,1,10.029,0.1700
239.226,1.0000,0.0000,1.3259,-3.0024,-0.74,19.41,0.364,,1,1,10.029,0.1700
239.258,1.0000,0.0000,1.3401,-2.9733,-0.66,19.43,0.383,,1,1,10.029,0.1700
239.286,1.0000,0.0000,1.3400,-2.9416,-0.60,19.45,0.393,,1,1,10.029,0.1700
239.310,1.0000,0.0000,1.3405,-2.9023,-0.53,19.46,0.395,,1,1,10.029,0.1700
239.335,1.0000,0.0000,1.3348,-2.8676,-0.47,19.47,0.398,,1,1,10.029,0.1700
239.361,1.0000,0.0000,1.3288,-2.8273,-0.40,19.48,0.400,,1,1,10.029,0.1700
239.387,1.0000,0.0000,1.2417,-2.7487,-0.35,19.50,0.402,,1,1,10.029,0.1700
239.453,1.0000,0.0000,1.1712,-2.6986,-0.27,19.60,0.402,,1,1,10.029,0.1700
239.485,1.0000,0.0000,1.1650,-2.6912,-0.24,19.66,0.406,,1,1,10.029,0.1700
239.515,1.0000,0.0000,1.1663,-2.7205,-0.22,19.69,0.403,,1,1,10.029,0.1700
239.546,1.0000,0.0000,1.1678,-2.7046,-0.20,19.71,0.405,,1,1,10.029,0.1700
239.578,1.0000,0.0000,1.1208,-2.6828,-0.18,19.71,0.405,,1,1,10.029,0.1700
239.610,1.0000,0.0000,1.0106,-2.6199,-0.16,19.67,0.412,,1,1,10.029,0.1700
239.644,1.0000,0.0000,0.9503,-2.6527,-0.15,19.67,0.407,,1,1,10.029,0.1700
239.677,0.9878,0.0000,0.8908,-2.6936,-0.09,19.57,0.407,,1,1,10.029,0.1700
239.707,0.9681,0.0000,0.8997,-2.7286,0.01,19.45,0.414,,1,1,10.029,0.1700
239.738,0.9617,0.0000,0.9411,-2.8600,0.12,19.35,0.415,,1,1,10.029,0.1700
239.771,0.9583,0.0000,0.9479,-2.9471,0.23,19.16,0.402,,1,1,10.029,0.1700
239.818,0.9799,0.0000,1.0275,-3.1801,0.41,18.82,0.392,,1,1,10.029,0.1700
239.851,0.9898,0.0000,1.0217,-3.2581,0.55,18.63,0.399,,1,1,10.029,0.1700
239.883,0.9951,0.0000,1.0125,-3.2770,0.74,18.41,0.386,,1,1,10.029,0.1700
239.915,0.9949,0.0000,0.9945,-3.2163,0.92,18.19,0.389,,1,1,10.029,0.1700
239.948,0.9882,0.0000,0.9659,-3.2095,1.09,17.98,0.375,,1,1,10.029,0.1700
239.978,0.9857,0.0000,0.9773,-3.1375,1.30,17.78,0.374,,1,1,10.029,0.1700
240.011,0.9861,0.0000,0.9873,-3.0706,1.50,17.61,0.379,,1,1,10.029,0.1700
240.042,0.9881,0.0000,0.9952,-3.0119,1.64,17.43,0.376,,1,1,10.029,0.1700
240.072,0.9855,0.0000,0.9762,-2.9231,1.80,17.30,0.383,,1,1,10.029,0.1700
240.106,0.9813,0.0000,0.9683,-2.8292,1.98,17.16,0.371,,1,1,10.029,0.1700
240.140,0.9789,0.0000,0.9714,-2.7349,2.17,17.07,0.366,,1,1,10.029,0.1700
240.171,0.9781,0.0000,0.9754,-2.6842,2.32,17.01,0.360,,1,1,10.029,0.1700
240.204,0.9698,0.0000,0.9435,-2.5981,2.49,16.97,0.362,,1,1,10.029,0.1700
240.235,0.9640,0.0000,0.9444,-2.5142,2.62,16.94,0.361,,1,1,10.029,0.1700
240.268,0.9607,0.0000,0.9501,-2.4246,2.76,16.99,0.365,,1,1,10.029,0.1700
240.299,0.9630,0.0000,0.9706,-2.3061,2.89,16.95,0.348,,1,1,10.029,0.1700
240.330,0.9828,0.0000,1.0787,-2.1776,2.98,16.93,0.315,,1,1,10.029,0.1700
240.379,1.0000,0.0000,1.2938,-2.1784,3.11,16.92,0.199,,1,1,10.029,0.1700
240.411,1.0000,0.0000,1.2934,-1.9278,3.17,16.61,0.079,,1,1,10.029,0.1700
240.443,1.0000,0.0000,1.4857,-1.9678,3.20,16.23,0.129,,1,1,10.029,0.1700
240.476,1.0000,0.0000,1.6851,-2.0561,3.14,15.84,0.216,,1,1,10.029,0.1700
240.507,1.0000,0.0000,1.9065,-2.1712,2.97,14.96,0.271,,1,1,10.029,0.1700
240.537,1.0000,0.0000,2.1118,-2.5113,2.45,12.98,0.306,,1,1,10.029,0.1700
240.571,1.0000,0.0000,2.2556,-2.8148,1.90,10.65,0.349,,1,1,10.029,0.1700
240.601,1.0000,0.0000,2.3878,-3.1258,1.37,8.21,0.375,,1,1,10.029,0.1700
240.635,1.0000,0.0000,2.4359,-3.3092,1.02,5.99,0.386,,1,1,10.029,0.1700
240.673,1.0000,0.0000,2.4780,-3.4598,0.67,3.79,0.393,,1,1,10.029,0.1700
240.699,1.0000,0.0000,2.5022,-3.6034,0.39,1.71,0.398,,1,1,10.029,0.1700
240.732,1.0000,0.0000,2.5507,-3.7518,0.10,-0.45,0.423,,1,1,10.029,0.1700
240.763,1.0000,0.0000,,,-0.06,-2.20,0.416,,1,1,10.029,0.1700
240.795,1.0000,0.0000,,,-0.15,-3.60,0.443,,1,1,10.029,0.1700
240.827,1.0000,0.0000,,,-0.20,-5.02,0.430,,1,1,10.029,0.1700
240.858,1.0000,0.0000,,,-0.27,-6.40,0.430,,1,1,10.029,0.1700
240.892,1.0000,0.0000,,,-0.34,-7.73,0.422,,1,1,10.029,0.1700
240.938,1.0000,0.0000,,,-0.37,-9.14,0.432,,1,1,10.029,0.1700
240.969,1.0000,0.0000,,,-0.38,-10.04,0.426,,1,1,10.029,0.1700
241.003,1.0000,0.0000,,,-0.42,-10.87,0.411,,1,1,10.029,0.1700
241.036,1.0000,0.0000,,,-0.45,-11.61,0.403,,1,1,10.029,0.1700
241.070,1.0000,0.0000,,,-0.47,-12.34,0.395,,1,1,10.029,0.1700
241.099,1.0000,0.0000,,,-0.51,-13.01,0.400,,1,1,10.029,0.1700
241.130,1.0000,0.0000,,,-0.55,-13.47,0.408,,1,1,10.029,0.1700
241.163,1.0000,0.0000,,,-0.58,-13.93,0.414,,1,1,10.029,0.1700
241.194,1.0000,0.0000,,,-0.59,-14.21,0.409,,1,1,10.029,0.1700
241.227,1.0000,0.0000,,,-0.60,-14.47,0.422,,1,1,10.029,0.1700
241.259,1.0000,0.0000,,,-0.62,-14.70,0.413,,1,1,10.029,0.1700
241.291,1.0000,0.0000,,,-0.63,-14.83,0.410,,1,1,10.029,0.1700
241.322,1.0000,0.0000,,,-0.64,-15.00,0.409,,1,1,10.029,0.1700
241.355,1.0000,0.0000,,,-0.65,-15.02,0.411,,1,1,10.029,0.1700
241.387,1.0000,0.0000,,,-0.67,-15.11,0.407,,1,1,10.029,0.1700
241.455,1.0000,0.0000,,,-0.85,-14.62,0.406,,1,1,10.029,0.1700
241.499,1.0000,0.0000,,,-1.07,-13.01,0.410,,1,1,10.029,0.1700
241.532,1.0000,0.0000,,,-1.08,-12.46,0.413,,1,1,10.029,0.1700
241.559,1.0000,0.0000,,,-1.13,-12.26,0.412,,1,1,10.029,0.1700
241.585,1.0000,0.0000,,,-1.15,-11.82,0.410,,1,1,10.029,0.1700
241.609,1.0000,0.0000,,,-1.27,-10.89,0.409,,1,1,10.029,0.1700
241.635,1.0000,0.0000,,,-1.44,-9.65,0.402,,1,1,10.029,0.1700
241.662,1.0000,0.0000,,,-1.58,-8.60,0.408,,1,1,10.029,0.1700
241.690,1.0000,0.0000,,,-1.72,-7.29,0.403,,1,1,10.029,0.1700
241.722,1.0000,0.0000,,,-1.84,-5.93,0.404,,1,1,10.029,0.1700
241.755,1.0000,0.0000,,,-1.91,-4.48,0.407,,1,1,10.029,0.1700
241.785,1.0000,0.0000,,,-1.91,-3.41,0.404,,1,1,10.029,0.1700
241.854,1.0000,0.0000,,,-1.88,-1.74,0.414,,1,1,10.029,0.1700
241.882,1.0000,0.0000,,,-1.84,-0.99,0.410,,1,1,10.029,0.1700
241.917,1.0000,0.0000,1.4176,-3.7251,-1.82,-0.19,0.400,,1,1,10.029,0.1700
241.947,1.0000,0.0000,1.3908,-3.6819,-1.81,0.95,0.408,,1,1,10.029,0.1700
241.980,1.0000,0.0000,1.3173,-3.5910,-1.73,1.75,0.397,,1,1,10.029,0.1700
242.010,1.0000,0.0000,1.3227,-3.5061,-1.63,2.59,0.387,,1,1,10.029,0.1700
242.042,1.0000,0.0000,1.3380,-3.4244,-1.57,3.50,0.353,,1,1,10.029,0.1700
242.090,1.0000,0.0000,1.3786,-3.3356,-1.45,4.68,0.341,,1,1,10.029,0.1700
242.123,1.0000,0.0000,1.3732,-3.2188,-1.37,5.39,0.320,,1,1,10.029,0.1700
242.149,1.0000,0.0000,1.3599,-3.1517,-1.30,5.92,0.310,,1,1,10.029,0.1700
242.175,1.0000,0.0000,1.3105,-3.0905,-1.23,6.50,0.318,,1,1,10.029,0.1700
242.201,1.0000,0.0000,1.2653,-3.0467,-1.18,7.13,0.324,,1,1,10.029,0.1700
242.251,1.0000,0.0000,1.1099,-2.9241,-1.12,8.42,0.328,,1,1,10.029,0.1700
242.284,1.0000,0.0000,1.0022,-2.8554,-1.07,9.24,0.325,,1,1,10.029,0.1700
242.315,1.0000,0.0000,0.8976,-2.7586,-1.00,9.87,0.309,,1,1,10.029,0.1700
242.346,0.9627,0.0000,0.8239,-2.7088,-0.92,10.33,0.234,,1,1,10.029,0.1700
242.378,0.9265,0.0000,0.8107,-2.5922,-0.84,10.61,0.126,,1,1,10.029,0.1700
242.410,0.8960,0.0000,0.8062,-2.4692,-0.72,10.91,0.093,,1,1,10.029,0.1700
242.443,0.8623,0.0000,0.7616,-2.3743,-0.61,11.18,0.079,,1,1,10.029,0.1700
242.475,0.8443,0.0000,0.7896,-2.3082,-0.45,11.40,0.099,,1,1,10.029,0.1700
242.507,0.8455,0.0000,0.8491,-2.3076,-0.35,11.60,0.093,,1,1,10.029,0.1700
242.540,0.8657,0.0000,0.9297,-2.3018,-0.24,11.78,0.092,,1,1,10.029,0.1700
242.572,0.8843,0.0000,0.9431,-2.2258,-0.10,11.94,0.077,,1,1,10.029,0.1700
242.602,0.9126,0.0000,1.0117,-2.1823,0.03,12.05,0.067,,1,1,10.029,0.1700
242.653,0.9578,0.0000,1.0938,-2.1288,0.22,12.22,0.062,,1,1,10.029,0.1700
242.683,0.9786,0.0000,1.0881,-2.0890,0.33,12.30,0.060,,1,1,10.029,0.1700
242.714,0.9951,0.0000,1.1566,-2.1069,0.43,12.25,0.051,,1,1,10.029,0.1700
242.747,1.0000,0.0000,1.3060,-2.1415,0.52,12.16,0.067,,1,1,10.029,0.1700
242.779,1.0000,0.0000,1.3643,-2.1636,0.59,12.05,0.090,,1,1,10.029,0.1700
242.810,1.0000,0.0000,1.4162,-2.2041,0.68,12.02,0.111,,1,1,10.029,0.1700
242.843,1.0000,0.0000,1.5590,-2.2824,0.78,11.99,0.095,,1,1,10.029,0.1700
242.875,0.5000,0.5000,0.5000,0.5000,0.86,11.86,0.080,,1,0,,
242.906,0.5000,0.5000,0.5000,0.5000,0.94,11.81,0.094,,1,0,,
242.939,0.5000,0.5000,0.5000,0.5000,0.95,11.75,0.135,,1,0,,
242.970,0.5000,0.5000,0.5000,0.5000,0.94,12.03,0.236,,1,0,,
243.002,0.5000,0.5000,0.5000,0.5000,0.94,12.40,0.228,,1,0,,
243.035,0.5000,0.5000,0.5000,0.5000,0.92,12.76,0.381,,1,0,,
243.068,0.5000,0.5000,0.5000,0.5000,0.90,13.00,0.432,,1,0,,
243.099,0.5000,0.5000,0.5000,0.5000,0.77,13.07,0.337,,1,0,,
243.130,0.5000,0.5000,0.5000,0.5000,0.71,13.23,0.330,,1,0,,
243.163,0.5000,0.5000,0.5000,0.5000,0.64,13.36,0.366,,1,0,,
243.211,0.5000,0.5000,0.5000,0.5000,0.44,13.76,0.378,,1,0,,
243.243,0.5000,0.5000,0.5000,0.5000,0.42,13.92,0.393,,1,0,,
243.273,0.5000,0.5000,0.5000,0.5000,0.41,14.06,0.374,,1,0,,
243.306,0.5000,0.5000,0.5000,0.5000,0.38,14.12,0.376,,1,0,,
243.337,0.5000,0.5000,0.5000,0.5000,0.35,14.27,0.351,,1,0,,
243.370,0.5000,0.5000,0.5000,0.5000,0.32,14.42,0.334,,1,0,,
243.402,0.5000,0.5000,0.5000,0.5000,0.32,14.40,0.343,,1,0,,
243.434,0.5000,0.5000,0.5000,0.5000,0.34,14.46,0.370,,1,0,,
243.468,0.5000,0.5000,0.5000,0.5000,0.35,14.44,0.358,,1,0,,
243.499,0.5000,0.5000,0.5000,0.5000,0.32,14.34,0.337,,1,0,,
243.530,0.5000,0.5000,0.5000,0.5000,0.30,14.47,0.336,,1,0,,
243.563,0.5000,0.5000,0.5000,0.5000,0.28,14.58,0.335,,1,0,,
243.595,0.5000,0.5000,0.5000,0.5000,0.29,14.67,0.334,,1,0,,
243.628,0.5000,0.5000,0.5000,0.5000,0.30,14.71,0.321,,1,0,,
243.658,0.5000,0.5000,0.5000,0.5000,0.30,14.72,0.321,,1,0,,
243.690,0.5000,0.5000,0.5000,0.5000,0.30,14.82,0.338,,1,0,,
243.721,0.5000,0.5000,0.5000,0.5000,0.30,14.89,0.344,,1,0,,
243.771,0.5000,0.5000,0.5000,0.5000,0.27,15.01,0.316,,1,0,,
243.801,0.5000,0.5000,0.5000,0.5000,0.32,15.02,0.319,,1,0,,
243.833,0.5000,0.5000,0.5000,0.5000,0.37,15.02,0.336,,1,0,,
243.866,0.5000,0.5000,0.5000,0.5000,0.39,15.09,0.339,,1,0,,
243.899,0.5000,0.5000,0.5000,0.5000,0.39,15.09,0.366,,1,0,,
243.930,0.5000,0.5000,0.5000,0.5000,0.38,15.10,0.357,,1,0,,
243.964,0.5000,0.5000,0.5000,0.5000,0.39,14.91,0.356,,1,0,,
243.995,0.5000,0.5000,0.5000,0.5000,0.39,14.74,0.365,,1,0,,
244.027,0.5000,0.5000,0.5000,0.5000,0.40,14.66,0.364,,1,0,,
244.060,0.5000,0.5000,0.5000,0.5000,0.41,14.49,0.353,,1,0,,
244.089,0.5000,0.5000,0.5000,0.5000,0.41,14.31,0.355,,1,0,,
244.123,0.5000,0.5000,0.5000,0.5000,0.39,14.19,0.338,,1,0,,
244.154,0.5000,0.5000,0.5000,0.5000,0.43,14.22,0.282,,1,0,,
244.188,0.5000,0.5000,0.5000,0.5000,0.48,14.37,0.300,,1,0,,
244.252,0.5000,0.5000,0.5000,0.5000,0.56,14.47,0.302,,1,0,,
244.285,0.5000,0.5000,0.5000,0.5000,0.57,14.49,0.330,,1,0,,
244.315,0.5000,0.5000,0.5000,0.5000,0.62,14.49,0.329,,1,0,,
244.362,0.5000,0.5000,0.5000,0.5000,0.69,14.50,0.332,,1,0,,
244.395,0.5000,0.5000,0.5000,0.5000,0.71,14.46,0.327,,1,0,,
244.420,0.5000,0.5000,0.5000,0.5000,0.74,14.39,0.328,,1,0,,
244.447,0.5000,0.5000,0.5000,0.5000,0.76,14.32,0.331,,1,0,,
244.474,0.5000,0.5000,0.5000,0.5000,0.77,14.22,0.331,,1,0,,
244.500,0.5000,0.5000,0.5000,0.5000,0.80,14.03,0.330,,1,0,,
244.526,0.5000,0.5000,0.5000,0.5000,0.82,13.94,0.329,,1,0,,
244.554,0.5000,0.5000,0.5000,0.5000,0.86,13.88,0.332,,1,0,,
244.586,0.5000,0.5000,0.5000,0.5000,0.88,13.83,0.311,,1,0,,
244.650,0.5000,0.5000,0.5000,0.5000,0.89,13.70,0.326,,1,0,,
244.683,0.5000,0.5000,0.5000,0.5000,0.92,13.67,0.315,,1,0,,
244.718,0.5000,0.5000,0.5000,0.5000,0.94,13.72,0.310,,1,0,,
244.747,0.5000,0.5000,0.5000,0.5000,0.98,13.74,0.329,,1,0,,
244.779,0.5000,0.5000,0.5000,0.5000,0.99,13.79,0.323,,1,0,,
244.812,0.5000,0.5000,0.5000,0.5000,0.99,13.82,0.325,,1,0,,
244.842,0.5000,0.5000,0.5000,0.5000,0.98,13.83,0.331,,1,0,,
244.875,0.5000,0.5000,0.5000,0.5000,0.98,13.85,0.318,,1,0,,
244.924,0.5000,0.5000,0.5000,0.5000,0.96,13.98,0.323,,1,0,,
244.955,0.5000,0.5000,0.5000,0.5000,0.96,13.98,0.323,,1,0,,
244.979,0.5000,0.5000,0.5000,0.5000,0.96,13.94,0.324,,1,0,,
245.005,0.5000,0.5000,0.5000,0.5000,0.97,13.96,0.325,,1,0,,
245.052,0.5000,0.5000,0.5000,0.5000,0.96,14.02,0.368,,1,0,,
245.082,0.5000,0.5000,0.5000,0.5000,0.94,14.11,0.358,,1,0,,
245.113,0.5000,0.5000,0.5000,0.5000,0.93,14.07,0.340,,1,0,,
245.147,0.5000,0.5000,0.5000,0.5000,0.91,14.06,0.328,,1,0,,
245.180,0.5000,0.5000,0.5000,0.5000,0.88,14.02,0.322,,1,0,,
245.211,0.5000,0.5000,0.5000,0.5000,0.87,13.93,0.326,,1,0,,
245.243,0.5000,0.5000,0.5000,0.5000,0.87,13.88,0.318,,1,0,,
245.274,0.5000,0.5000,0.5000,0.5000,0.87,13.87,0.316,,1,0,,
245.306,0.5000,0.5000,0.5000,0.5000,0.88,13.78,0.320,,1,0,,
245.338,0.5000,0.5000,0.5000,0.5000,0.88,13.78,0.317,,1,0,,
245.370,0.5000,0.5000,0.5000,0.5000,0.87,13.81,0.312,,1,0,,
245.404,0.5000,0.5000,0.5000,0.5000,0.84,13.79,0.319,,1,0,,
245.434,0.5000,0.5000,0.5000,0.5000,0.83,13.76,0.321,,1,0,,
245.482,0.5000,0.5000,0.5000,0.5000,0.81,13.90,0.315,,1,0,,
245.516,0.5000,0.5000,0.5000,0.5000,0.79,14.05,0.321,,1,0,,
245.546,0.5000,0.5000,0.5000,0.5000,0.78,14.16,0.320,,1,0,,
245.580,0.5000,0.5000,0.5000,0.5000,0.77,14.19,0.327,,1,0,,
245.611,0.5000,0.5000,0.5000,0.5000,0.77,14.23,0.326,,1,0,,
245.643,0.5000,0.5000,0.5000,0.5000,0.77,14.26,0.324,,1,0,,
245.675,0.5000,0.5000,0.5000,0.5000,0.77,14.39,0.318,,1,0,,
245.706,0.5000,0.5000,0.5000,0.5000,0.77,14.51,0.296,,1,0,,
245.737,0.5000,0.5000,0.5000,0.5000,0.79,14.61,0.302,,1,0,,
245.768,0.5000,0.5000,0.5000,0.5000,0.81,14.62,0.304,,1,0,,
245.803,0.5000,0.5000,0.5000,0.5000,0.83,14.59,0.309,,1,0,,
245.833,0.5000,0.5000,0.5000,0.5000,0.86,14.64,0.305,,1,0,,
245.866,0.5000,0.5000,0.5000,0.5000,0.89,14.62,0.305,,1,0,,
245.898,0.5000,0.5000,0.5000,0.5000,0.92,14.67,0.305,,1,0,,
245.931,0.5000,0.5000,0.5000,0.5000,0.94,14.76,0.306,,1,0,,
245.964,0.5000,0.5000,0.5000,0.5000,0.95,14.87,0.299,,1,0,,
245.994,0.5000,0.5000,0.5000,0.5000,0.95,14.95,0.305,,1,0,,
246.026,0.5000,0.5000,0.5000,0.5000,0.98,15.05,0.315,,1,0,,
246.075,0.5000,0.5000,0.5000,0.5000,0.98,15.08,0.297,,1,0,,
246.106,0.5000,0.5000,0.5000,0.5000,0.98,15.11,0.299,,1,0,,
246.139,0.5000,0.5000,0.5000,0.5000,1.00,15.12,0.292,,1,0,,
246.172,0.5000,0.5000,0.5000,0.5000,1.00,15.04,0.279,,1,0,,
246.203,0.5000,0.5000,0.5000,0.5000,1.00,15.00,0.296,,1,0,,
246.233,0.5000,0.5000,0.5000,0.5000,0.98,15.07,0.311,,1,0,,
246.267,0.5000,0.5000,0.5000,0.5000,0.95,15.14,0.323,,1,0,,
246.298,0.5000,0.5000,0.5000,0.5000,0.91,15.15,0.336,,1,0,,
246.330,0.5000,0.5000,0.5000,0.5000,0.89,15.15,0.365,,1,0,,
246.363,0.5000,0.5000,0.5000,0.5000,0.86,15.18,0.371,,1,0,,
246.396,0.5000,0.5000,0.5000,0.5000,0.84,15.21,0.370,,1,0,,
246.426,0.5000,0.5000,0.5000,0.5000,0.83,15.21,0.388,,1,0,,
246.459,0.5000,0.5000,0.5000,0.5000,0.80,15.18,0.394,,1,0,,
246.490,0.5000,0.5000,0.5000,0.5000,0.77,15.16,0.391,,1,0,,
246.523,0.5000,0.5000,0.5000,0.5000,0.74,15.20,0.395,,1,0,,
246.553,0.5000,0.5000,0.5000,0.5000,0.73,15.16,0.397,,1,0,,
246.587,0.5000,0.5000,0.5000,0.5000,0.70,15.15,0.396,,1,0,,
246.670,0.5000,0.5000,0.5000,0.5000,0.63,15.18,0.393,,1,0,,
246.696,0.5000,0.5000,0.5000,0.5000,0.61,15.19,0.391,,1,0,,
246.721,0.5000,0.5000,0.5000,0.5000,0.59,15.24,0.389,,1,0,,
246.750,0.5000,0.5000,0.5000,0.5000,0.57,15.32,0.373,,1,0,,
246.776,0.5000,0.5000,0.5000,0.5000,0.57,15.29,0.375,,1,0,,
246.814,0.5000,0.5000,0.5000,0.5000,0.59,15.37,0.375,,1,0,,
246.844,0.5000,0.5000,0.5000,0.5000,0.59,15.45,0.373,,1,0,,
246.869,0.5000,0.5000,0.5000,0.5000,0.59,15.48,0.371,,1,0,,
246.894,0.5000,0.5000,0.5000,0.5000,0.58,15.51,0.375,,1,0,,
246.922,0.5000,0.5000,0.5000,0.5000,0.58,15.54,0.374,,1,0,,
246.954,0.5000,0.5000,0.5000,0.5000,0.56,15.60,0.377,,1,0,,
246.986,0.5000,0.5000,0.5000,0.5000,0.54,15.69,0.375,,1,0,,
247.051,0.5000,0.5000,0.5000,0.5000,0.49,15.86,0.363,,1,0,,
247.082,0.5000,0.5000,0.5000,0.5000,0.45,15.95,0.364,,1,0,,
247.114,0.5000,0.5000,0.5000,0.5000,0.43,16.03,0.375,,1,0,,
247.148,0.5000,0.5000,0.5000,0.5000,0.41,16.04,0.376,,1,0,,
247.196,0.5000,0.5000,0.5000,0.5000,0.40,16.00,0.368,,1,0,,
247.225,0.5000,0.5000,0.5000,0.5000,0.39,15.99,0.364,,1,0,,
247.252,0.5000,0.5000,0.5000,0.5000,0.39,15.98,0.361,,1,0,,
247.278,0.5000,0.5000,0.5000,0.5000,0.38,15.92,0.364,,1,0,,
247.303,0.5000,0.5000,0.5000,0.5000,0.39,15.89,0.366,,1,0,,
247.331,0.5000,0.5000,0.5000,0.5000,0.40,15.91,0.367,,1,0,,
247.356,0.5000,0.5000,0.5000,0.5000,0.41,15.94,0.374,,1,0,,
247.386,0.5000,0.5000,0.5000,0.5000,0.41,15.91,0.382,,1,0,,
247.451,0.5000,0.5000,0.5000,0.5000,0.42,15.89,0.374,,1,0,,
247.483,0.5000,0.5000,0.5000,0.5000,0.42,15.92,0.373,,1,0,,
247.516,0.5000,0.5000,0.5000,0.5000,0.43,15.96,0.368,,1,0,,
247.547,0.5000,0.5000,0.5000,0.5000,0.44,15.99,0.370,,1,0,,
247.578,0.5000,0.5000,0.5000,0.5000,0.44,16.02,0.367,,1,0,,
247.613,0.5000,0.5000,0.5000,0.5000,0.43,16.00,0.362,,1,0,,
247.642,0.5000,0.5000,0.5000,0.5000,0.44,15.95,0.363,,1,0,,
247.673,0.5000,0.5000,0.5000,0.5000,0.45,15.92,0.360,,1,0,,
247.706,0.5000,0.5000,0.5000,0.5000,0.47,15.91,0.365,,1,0,,
247.754,0.5000,0.5000,0.5000,0.5000,0.47,15.99,0.375,,1,0,,
247.785,0.5000,0.5000,0.5000,0.5000,0.48,16.03,0.377,,1,0,,
247.810,0.5000,0.5000,0.5000,0.5000,0.49,16.03,0.376,,1,0,,
247.849,0.5000,0.5000,0.5000,0.5000,0.52,16.08,0.371,,1,0,,
247.882,0.5000,0.5000,0.5000,0.5000,0.55,16.18,0.366,,1,0,,
247.915,0.5000,0.5000,0.5000,0.5000,0.58,16.23,0.364,,1,0,,
247.947,0.5000,0.5000,0.5000,0.5000,0.59,16.31,0.361,,1,0,,
247.979,0.5000,0.5000,0.5000,0.5000,0.61,16.37,0.359,,1,0,,
248.011,0.5000,0.5000,0.5000,0.5000,0.62,16.41,0.358,,1,0,,
248.043,0.5000,0.5000,0.5000,0.5000,0.63,16.40,0.356,,1,0,,
248.076,0.5000,0.5000,0.5000,0.5000,0.63,16.40,0.350,,1,0,,
248.106,0.5000,0.5000,0.5000,0.5000,0.64,16.45,0.357,,1,0,,
248.138,0.5000,0.5000,0.5000,0.5000,0.63,16.53,0.357,,1,0,,
248.170,0.5000,0.5000,0.5000,0.5000,0.62,16.63,0.361,,1,0,,
248.201,0.5000,0.5000,0.5000,0.5000,0.62,16.77,0.362,,1,0,,
248.234,0.5000,0.5000,0.5000,0.5000,0.63,16.85,0.369,,1,0,,
248.267,0.5000,0.5000,0.5000,0.5000,0.64,16.92,0.366,,1,0,,
248.299,0.5000,0.5000,0.5000,0.5000,0.65,17.00,0.364,,1,0,,
248.347,0.5000,0.5000,0.5000,0.5000,0.65,17.19,0.358,,1,0,,
248.380,0.5000,0.5000,0.5000,0.5000,0.64,17.32,0.359,,1,0,,
248.412,0.5000,0.5000,0.5000,0.5000,0.64,17.41,0.356,,1,0,,
248.443,0.5000,0.5000,0.5000,0.5000,0.64,17.44,0.364,,1,0,,
248.474,0.5000,0.5000,0.5000,0.5000,0.65,17.48,0.358,,1,0,,
248.507,0.5000,0.5000,0.5000,0.5000,0.64,17.52,0.362,,1,0,,
248.538,0.5000,0.5000,0.5000,0.5000,0.64,17.57,0.362,,1,0,,
248.571,0.5000,0.5000,0.5000,0.5000,0.65,17.60,0.358,,1,0,,
248.604,0.5000,0.5000,0.5000,0.5000,0.66,17.57,0.359,,1,0,,
248.633,0.5000,0.5000,0.5000,0.5000,0.65,17.55,0.351,,1,0,,
248.666,0.5000,0.5000,0.5000,0.5000,0.68,17.55,0.349,,1,0,,
248.699,0.5000,0.5000,0.5000,0.5000,0.70,17.56,0.348,,1,0,,
248.730,0.5000,0.5000,0.5000,0.5000,0.72,17.54,0.348,,1,0,,
248.763,0.5000,0.5000,0.5000,0.5000,0.72,17.57,0.337,,1,0,,
248.794,0.5000,0.5000,0.5000,0.5000,0.72,17.55,0.338,,1,0,,
248.828,0.5000,0.5000,0.5000,0.5000,0.71,17.47,0.341,,1,0,,
248.859,0.5000,0.5000,0.5000,0.5000,0.71,17.42,0.341,,1,0,,
248.910,0.5000,0.5000,0.5000,0.5000,0.70,17.36,0.347,,1,0,,
248.939,0.5000,0.5000,0.5000,0.5000,0.70,17.33,0.346,,1,0,,
248.971,0.5000,0.5000,0.5000,0.5000,0.72,17.30,0.345,,1,0,,
249.003,0.5000,0.5000,0.5000,0.5000,0.74,17.28,0.350,,1,0,,
249.034,0.5000,0.5000,0.5000,0.5000,0.76,17.27,0.346,,1,0,,
249.067,0.5000,0.5000,0.5000,0.5000,0.78,17.23,0.337,,1,0,,
249.099,0.5000,0.5000,0.5000,0.5000,0.79,17.19,0.339,,1,0,,
249.131,0.5000,0.5000,0.5000,0.5000,0.80,17.17,0.344,,1,0,,
249.163,0.5000,0.5000,0.5000,0.5000,0.81,17.14,0.347,,1,0,,
249.194,0.5000,0.5000,0.5000,0.5000,0.83,17.11,0.345,,1,0,,
249.228,0.5000,0.5000,0.5000,0.5000,0.84,17.10,0.339,,1,0,,
249.258,0.5000,0.5000,0.5000,0.5000,0.86,17.21,0.338,,1,0,,
249.292,0.5000,0.5000,0.5000,0.5000,0.86,17.37,0.341,,1,0,,
249.324,0.5000,0.5000,0.5000,0.5000,0.86,17.53,0.352,,1,0,,
249.354,0.5000,0.5000,0.5000,0.5000,0.87,17.66,0.359,,1,0,,
249.386,0.5000,0.5000,0.5000,0.5000,0.88,17.81,0.362,,1,0,,
249.465,0.5000,0.5000,0.5000,0.5000,0.96,18.05,0.386,,1,0,,
249.498,0.5000,0.5000,0.5000,0.5000,0.98,18.14,0.385,,1,0,,
249.523,0.5000,0.5000,0.5000,0.5000,1.00,18.21,0.385,,1,0,,
249.548,0.5000,0.5000,0.5000,0.5000,1.02,18.28,0.386,,1,0,,
249.576,0.5000,0.5000,0.5000,0.5000,1.03,18.35,0.384,,1,0,,
249.601,0.5000,0.5000,0.5000,0.5000,1.05,18.46,0.387,,1,0,,
249.626,0.5000,0.5000,0.5000,0.5000,1.05,18.54,0.386,,1,0,,
249.658,0.5000,0.5000,0.5000,0.5000,1.05,18.64,0.387,,1,0,,
249.691,0.5000,0.5000,0.5000,0.5000,1.06,18.73,0.389,,1,0,,
249.722,0.5000,0.5000,0.5000,0.5000,1.05,18.82,0.391,,1,0,,
249.753,0.5000,0.5000,0.5000,0.5000,1.04,18.90,0.394,,1,0,,
249.787,0.5000,0.5000,0.5000,0.5000,1.03,18.98,0.394,,1,0,,
249.854,0.5000,0.5000,0.5000,0.5000,1.08,19.03,0.396,,1,0,,
249.882,0.5000,0.5000,0.5000,0.5000,1.08,19.02,0.395,,1,0,,
249.915,0.5000,0.5000,0.5000,0.5000,1.09,19.02,0.394,,1,0,,
249.948,0.5000,0.5000,0.5000,0.5000,1.09,19.02,0.394,,1,0,,
249.981,0.5000,0.5000,0.5000,0.5000,1.09,19.01,0.393,,1,0,,
250.027,0.5000,0.5000,0.5000,0.5000,1.07,19.00,0.392,,1,0,,
250.060,0.5000,0.5000,0.5000,0.5000,1.07,19.00,0.394,,1,0,,
250.087,0.5000,0.5000,0.5000,0.5000,1.08,19.01,0.394,,1,0,,
250.114,0.5000,0.5000,0.5000,0.5000,1.09,19.06,0.393,,1,0,,
250.138,0.5000,0.5000,0.5000,0.5000,1.09,19.12,0.390,,1,0,,
250.165,0.5000,0.5000,0.5000,0.5000,1.10,19.17,0.390,,1,0,,
250.192,0.5000,0.5000,0.5000,0.5000,1.11,19.22,0.394,,1,0,,
250.254,0.5000,0.5000,0.5000,0.5000,1.12,19.25,0.390,,1,0,,
250.283,0.5000,0.5000,0.5000,0.5000,1.12,19.24,0.394,,1,0,,
250.315,0.5000,0.5000,0.5000,0.5000,1.12,19.29,0.394,,1,0,,
250.346,0.5000,0.5000,0.5000,0.5000,1.12,19.31,0.390,,1,0,,
250.380,0.5000,0.5000,0.5000,0.5000,1.13,19.32,0.386,,1,0,,
250.413,0.5000,0.5000,0.5000,0.5000,1.12,19.33,0.383,,1,0,,
250.443,0.5000,0.5000,0.5000,0.5000,1.12,19.39,0.382,,1,0,,
250.475,0.5000,0.5000,0.5000,0.5000,1.13,19.44,0.379,,1,0,,
250.508,0.5000,0.5000,0.5000,0.5000,1.13,19.46,0.382,,1,0,,
250.538,0.5000,0.5000,0.5000,0.5000,1.13,19.49,0.383,,1,0,,
250.571,0.5000,0.5000,0.5000,0.5000,1.14,19.42,0.382,,1,0,,
250.619,0.5000,0.5000,0.5000,0.5000,1.14,19.36,0.384,,1,0,,
250.650,0.5000,0.5000,0.5000,0.5000,1.14,19.34,0.378,,1,0,,
250.682,0.5000,0.5000,0.5000,0.5000,1.15,19.36,0.378,,1,0,,
250.715,0.5000,0.5000,0.5000,0.5000,1.16,19.43,0.377,,1,0,,
250.746,0.5000,0.5000,0.5000,0.5000,1.18,19.47,0.379,,1,0,,
250.779,0.5000,0.5000,0.5000,0.5000,1.19,19.51,0.380,,1,0,,
250.810,0.5000,0.5000,0.5000,0.5000,1.20,19.55,0.385,,1,0,,
250.843,0.5000,0.5000,0.5000,0.5000,1.20,19.56,0.385,,1,0,,
250.874,0.5000,0.5000,0.5000,0.5000,1.21,19.59,0.384,,1,0,,
250.906,0.5000,0.5000,0.5000,0.5000,1.20,19.68,0.385,,1,0,,
250.938,0.5000,0.5000,0.5000,0.5000,1.21,19.76,0.381,,1,0,,
250.970,0.5000,0.5000,0.5000,0.5000,1.19,19.80,0.388,,1,0,,
251.002,0.5000,0.5000,0.5000,0.5000,1.17,19.85,0.387,,1,0,,
251.034,0.5000,0.5000,0.5000,0.5000,1.14,19.85,0.380,,1,0,,
251.067,0.5000,0.5000,0.5000,0.5000,1.13,19.80,0.376,,1,0,,
251.098,0.5000,0.5000,0.5000,0.5000,1.12,19.73,0.377,,1,0,,
251.131,0.5000,0.5000,0.5000,0.5000,1.11,19.66,0.379,,1,0,,
251.178,0.5000,0.5000,0.5000,0.5000,1.11,19.57,0.373,,1,0,,
251.211,0.5000,0.5000,0.5000,0.5000,1.11,19.51,0.372,,1,0,,
251.243,0.5000,0.5000,0.5000,0.5000,1.11,19.45,0.371,,1,0,,
251.274,0.5000,0.5000,0.5000,0.5000,1.10,19.42,0.374,,1,0,,
251.305,0.5000,0.5000,0.5000,0.5000,1.11,19.39,0.376,,1,0,,
251.337,0.5000,0.5000,0.5000,0.5000,1.13,19.36,0.376,,1,0,,
251.370,0.5000,0.5000,0.5000,0.5000,1.14,19.34,0.375,,1,0,,
251.401,0.5000,0.5000,0.5000,0.5000,1.16,19.32,0.376,,1,0,,
251.434,0.5000,0.5000,0.5000,0.5000,1.19,19.30,0.374,,1,0,,
251.466,0.5000,0.5000,0.5000,0.5000,1.21,19.29,0.379,,1,0,,
251.498,0.5000,0.5000,0.5000,0.5000,1.22,19.27,0.380,,1,0,,
251.531,0.5000,0.5000,0.5000,0.5000,1.23,19.27,0.378,,1,0,,
251.564,0.5000,0.5000,0.5000,0.5000,1.24,19.27,0.376,,1,0,,
251.595,0.5000,0.5000,0.5000,0.5000,1.24,19.25,0.380,,1,0,,
251.627,0.5000,0.5000,0.5000,0.5000,1.24,19.27,0.376,,1,0,,
251.660,0.5000,0.5000,0.5000,0.5000,1.23,19.30,0.374,,1,0,,
251.690,0.5000,0.5000,0.5000,0.5000,1.23,19.31,0.375,,1,0,,
251.738,0.5000,0.5000,0.5000,0.5000,1.20,19.36,0.384,,1,0,,
251.771,0.5000,0.5000,0.5000,0.5000,1.19,19.42,0.383,,1,0,,
251.803,0.5000,0.5000,0.5000,0.5000,1.18,19.45,0.387,,1,0,,
251.834,0.5000,0.5000,0.5000,0.5000,1.16,19.48,0.383,,1,0,,
251.866,0.5000,0.5000,0.5000,0.5000,1.15,19.51,0.380,,1,0,,
251.898,0.5000,0.5000,0.5000,0.5000,1.15,19.53,0.381,,1,0,,
251.932,0.5000,0.5000,0.5000,0.5000,1.15,19.56,0.383,,1,0,,
251.963,0.5000,0.5000,0.5000,0.5000,1.16,19.55,0.384,,1,0,,
251.995,0.5000,0.5000,0.5000,0.5000,1.18,19.54,0.383,,1,0,,
252.028,0.5000,0.5000,0.5000,0.5000,1.19,19.52,0.383,,1,0,,
252.063,0.5000,0.5000,0.5000,0.5000,1.20,19.49,0.383,,1,0,,
252.092,0.5000,0.5000,0.5000,0.5000,1.21,19.45,0.383,,1,0,,
252.123,0.5000,0.5000,0.5000,0.5000,1.21,19.42,0.382,,1,0,,
252.155,0.5000,0.5000,0.5000,0.5000,1.21,19.38,0.385,,1,0,,
252.186,0.5000,0.5000,0.5000,0.5000,1.21,19.35,0.385,,1,0,,
252.253,0.5000,0.5000,0.5000,0.5000,1.18,19.29,0.378,,1,0,,
252.282,0.5000,0.5000,0.5000,0.5000,1.18,19.29,0.368,,1,0,,
252.331,0.5000,0.5000,0.5000,0.5000,1.17,19.19,0.319,,1,0,,
252.357,0.5000,0.5000,0.5000,0.5000,1.17,19.13,0.306,,1,0,,
252.382,0.5000,0.5000,0.5000,0.5000,1.17,18.92,0.203,,1,0,,
252.410,0.5000,0.5000,0.5000,0.5000,1.17,18.65,0.158,,1,0,,
252.436,0.5000,0.5000,0.5000,0.5000,1.17,18.34,0.151,,1,0,,
252.463,0.5000,0.5000,0.5000,0.5000,1.17,18.06,0.158,,1,0,,
252.490,0.5000,0.5000,0.5000,0.5000,1.19,17.80,0.168,,1,0,,
252.521,0.5000,0.5000,0.5000,0.5000,1.20,17.55,0.177,,1,0,,
252.555,0.5000,0.5000,0.5000,0.5000,1.22,17.33,0.186,,1,0,,
252.585,0.5000,0.5000,0.5000,0.5000,1.23,17.09,0.183,,1,0,,
252.650,0.5000,0.5000,0.5000,0.5000,1.25,16.72,0.187,,1,0,,
252.682,0.5000,0.5000,0.5000,0.5000,1.25,16.59,0.191,,1,0,,
252.714,0.5000,0.5000,0.5000,0.5000,1.25,16.42,0.178,,1,0,,
252.748,0.5000,0.5000,0.5000,0.5000,1.24,16.28,0.188,,1,0,,
252.779,0.5000,0.5000,0.5000,0.5000,1.23,16.17,0.185,,1,0,,
252.810,0.5000,0.5000,0.5000,0.5000,1.22,16.04,0.188,,1,0,,
252.842,0.5000,0.5000,0.5000,0.5000,1.22,15.94,0.199,,1,0,,
252.892,0.5000,0.5000,0.5000,0.5000,1.25,15.77,0.196,,1,0,,
252.923,0.5000,0.5000,0.5000,0.5000,1.24,15.62,0.199,,1,0,,
252.949,0.5000,0.5000,0.5000,0.5000,1.22,15.50,0.199,,1,0,,
252.975,0.5000,0.5000,0.5000,0.5000,1.21,15.40,0.194,,1,0,,
253.000,0.5000,0.5000,0.5000,0.5000,1.21,15.31,0.194,,1,0,,
253.052,0.5000,0.5000,0.5000,0.5000,1.22,15.20,0.212,,1,0,,
253.082,0.5000,0.5000,0.5000,0.5000,1.22,15.10,0.215,,1,0,,
253.115,0.5000,0.5000,0.5000,0.5000,1.24,15.07,0.214,,1,0,,
253.146,0.5000,0.5000,0.5000,0.5000,1.24,15.01,0.222,,1,0,,
253.179,0.5000,0.5000,0.5000,0.5000,1.25,14.95,0.224,,1,0,,
253.211,0.5000,0.5000,0.5000,0.5000,1.25,14.89,0.227,,1,0,,
253.241,0.5000,0.5000,0.5000,0.5000,1.26,14.87,0.213,,1,0,,
253.275,0.5000,0.5000,0.5000,0.5000,1.27,14.85,0.205,,1,0,,
253.305,0.5000,0.5000,0.5000,0.5000,1.27,14.85,0.210,,1,0,,
253.338,0.5000,0.5000,0.5000,0.5000,1.28,14.84,0.200,,1,0,,
253.369,0.5000,0.5000,0.5000,0.5000,1.29,14.88,0.219,,1,0,,
253.402,0.5000,0.5000,0.5000,0.5000,1.30,14.91,0.224,,1,0,,
253.450,0.5000,0.5000,0.5000,0.5000,1.29,14.91,0.204,,1,0,,
253.483,0.5000,0.5000,0.5000,0.5000,1.28,14.94,0.224,,1,0,,
253.514,0.5000,0.5000,0.5000,0.5000,1.29,14.98,0.224,,1,0,,
253.547,0.5000,0.5000,0.5000,0.5000,1.30,14.98,0.228,,1,0,,
253.579,0.5000,0.5000,0.5000,0.5000,1.31,14.96,0.228,,1,0,,
253.610,0.5000,0.5000,0.5000,0.5000,1.31,14.95,0.230,,1,0,,
253.642,0.5000,0.5000,0.5000,0.5000,1.31,14.96,0.237,,1,0,,
253.674,0.5000,0.5000,0.5000,0.5000,1.31,15.00,0.233,,1,0,,
253.707,0.5000,0.5000,0.5000,0.5000,1.32,15.02,0.234,,1,0,,
253.738,0.5000,0.5000,0.5000,0.5000,1.31,15.04,0.235,,1,0,,
253.769,0.5000,0.5000,0.5000,0.5000,1.31,15.07,0.240,,1,0,,
253.801,0.5000,0.5000,0.5000,0.5000,1.29,15.10,0.247,,1,0,,
253.834,0.5000,0.5000,0.5000,0.5000,1.28,15.11,0.241,,1,0,,
253.866,0.5000,0.5000,0.5000,0.5000,1.27,15.10,0.230,,1,0,,
253.897,0.5000,0.5000,0.5000,0.5000,1.24,15.12,0.233,,1,0,,
253.930,0.5000,0.5000,0.5000,0.5000,1.22,15.11,0.222,,1,0,,
253.962,0.5000,0.5000,0.5000,0.5000,1.21,15.08,0.226,,1,0,,
254.014,0.5000,0.5000,0.5000,0.5000,1.20,15.02,0.228,,1,0,,
254.042,0.5000,0.5000,0.5000,0.5000,1.19,15.00,0.229,,1,0,,
254.074,0.5000,0.5000,0.5000,0.5000,1.19,14.99,0.238,,1,0,,
254.107,0.5000,0.5000,0.5000,0.5000,1.19,15.00,0.238,,1,0,,
254.139,0.5000,0.5000,0.5000,0.5000,1.18,15.03,0.240,,1,0,,
254.170,0.5000,0.5000,0.5000,0.5000,1.18,15.06,0.234,,1,0,,
254.202,0.5000,0.5000,0.5000,0.5000,1.20,15.10,0.234,,1,0,,
254.234,0.5000,0.5000,0.5000,0.5000,1.22,15.11,0.224,,1,0,,
254.266,0.5000,0.5000,0.5000,0.5000,1.24,15.07,0.210,,1,0,,
254.299,0.5000,0.5000,0.5000,0.5000,1.25,15.03,0.228,,1,0,,
254.330,0.5000,0.5000,0.5000,0.5000,1.26,15.01,0.238,,1,0,,
254.363,0.5000,0.5000,0.5000,0.5000,1.29,15.00,0.244,,1,0,,
254.396,0.5000,0.5000,0.5000,0.5000,1.31,14.96,0.244,,1,0,,
254.426,0.5000,0.5000,0.5000,0.5000,1.34,14.97,0.252,,1,0,,
254.459,0.5000,0.5000,0.5000,0.5000,1.36,14.93,0.236,,1,0,,
254.491,0.5000,0.5000,0.5000,0.5000,1.38,14.87,0.218,,1,0,,
254.522,0.5000,0.5000,0.5000,0.5000,1.39,14.84,0.215,,1,0,,
254.555,0.5000,0.5000,0.5000,0.5000,1.41,14.81,0.215,,1,0,,
254.604,0.5000,0.5000,0.5000,0.5000,1.38,14.73,0.224,,1,0,,
254.635,0.5000,0.5000,0.5000,0.5000,1.37,14.72,0.222,,1,0,,
254.666,0.5000,0.5000,0.5000,0.5000,1.35,14.70,0.219,,1,0,,
254.699,0.5000,0.5000,0.5000,0.5000,1.34,14.65,0.199,,1,0,,
254.731,0.5000,0.5000,0.5000,0.5000,1.34,14.64,0.224,,1,0,,
254.763,0.5000,0.5000,0.5000,0.5000,1.34,14.63,0.229,,1,0,,
254.796,0.5000,0.5000,0.5000,0.5000,1.35,14.61,0.228,,1,0,,
254.826,0.5000,0.5000,0.5000,0.5000,1.34,14.58,0.225,,1,0,,
254.860,0.5000,0.5000,0.5000,0.5000,1.34,14.54,0.225,,1,0,,
254.891,0.5000,0.5000,0.5000,0.5000,1.33,14.49,0.222,,1,0,,
254.922,0.5000,0.5000,0.5000,0.5000,1.33,14.47,0.225,,1,0,,
254.954,0.5000,0.5000,0.5000,0.5000,1.33,14.47,0.225,,1,0,,
254.987,0.5000,0.5000,0.5000,0.5000,1.33,14.49,0.233,,1,0,,
255.055,0.5000,0.5000,0.5000,0.5000,1.35,14.64,0.247,,1,0,,
255.083,0.5000,0.5000,0.5000,0.5000,1.36,14.70,0.242,,1,0,,
255.115,0.5000,0.5000,0.5000,0.5000,1.37,14.69,0.239,,1,0,,
255.162,0.5000,0.5000,0.5000,0.5000,1.40,14.63,0.230,,1,0,,
255.194,0.5000,0.5000,0.5000,0.5000,1.41,14.61,0.222,,1,0,,
255.221,0.5000,0.5000,0.5000,0.5000,1.40,14.60,0.219,,1,0,,
255.246,0.5000,0.5000,0.5000,0.5000,1.40,14.59,0.205,,1,0,,
255.273,0.5000,0.5000,0.5000,0.5000,1.41,14.63,0.206,,1,0,,
255.296,0.5000,0.5000,0.5000,0.5000,1.42,14.73,0.212,,1,0,,
255.323,0.5000,0.5000,0.5000,0.5000,1.43,14.87,0.232,,1,0,,
255.354,0.5000,0.5000,0.5000,0.5000,1.44,15.03,0.246,,1,0,,
255.386,0.5000,0.5000,0.5000,0.5000,1.44,15.21,0.249,,1,0,,
255.454,0.5000,0.5000,0.5000,0.5000,1.45,15.67,0.258,,1,0,,
255.482,0.5000,0.5000,0.5000,0.5000,1.47,15.84,0.263,,1,0,,
255.514,0.5000,0.5000,0.5000,0.5000,1.48,16.01,0.267,,1,0,,
255.546,0.5000,0.5000,0.5000,0.5000,1.50,16.15,0.273,,1,0,,
255.579,0.5000,0.5000,0.5000,0.5000,1.51,16.31,0.274,,1,0,,
255.611,0.5000,0.5000,0.5000,0.5000,1.52,16.46,0.275,,1,0,,
255.644,0.5000,0.5000,0.5000,0.5000,1.54,16.62,0.275,,1,0,,
255.677,0.5000,0.5000,0.5000,0.5000,1.53,16.75,0.277,,1,0,,
255.722,0.5000,0.5000,0.5000,0.5000,1.54,16.92,0.279,,1,0,,
255.755,0.5000,0.5000,0.5000,0.5000,1.55,17.00,0.279,,1,0,,
255.780,0.5000,0.5000,0.5000,0.5000,1.57,17.05,0.278,,1,0,,
255.805,0.5000,0.5000,0.5000,0.5000,1.58,17.12,0.281,,1,0,,
255.850,0.5000,0.5000,0.5000,0.5000,1.60,17.19,0.275,,1,0,,
255.882,0.5000,0.5000,0.5000,0.5000,1.61,17.23,0.274,,1,0,,
255.915,0.5000,0.5000,0.5000,0.5000,1.62,17.24,0.277,,1,0,,
255.946,0.5000,0.5000,0.5000,0.5000,1.65,17.27,0.281,,1,0,,
255.978,0.5000,0.5000,0.5000,0.5000,1.66,17.34,0.279,,1,0,,
256.010,0.5000,0.5000,0.5000,0.5000,1.67,17.39,0.284,,1,0,,
256.043,0.5000,0.5000,0.5000,0.5000,1.68,17.46,0.285,,1,0,,
256.075,0.5000,0.5000,0.5000,0.5000,1.68,17.53,0.289,,1,0,,
256.106,0.5000,0.5000,0.5000,0.5000,1.68,17.56,0.285,,1,0,,
256.139,0.5000,0.5000,0.5000,0.5000,1.70,17.61,0.267,,1,0,,
256.173,0.5000,0.5000,0.5000,0.5000,1.71,17.70,0.270,,1,0,,
256.202,0.5000,0.5000,0.5000,0.5000,1.72,17.79,0.276,,1,0,,
256.236,0.5000,0.5000,0.5000,0.5000,1.72,17.86,0.280,,1,0,,
256.288,0.5000,0.5000,0.5000,0.5000,1.73,17.94,0.279,,1,0,,
256.314,0.5000,0.5000,0.5000,0.5000,1.72,18.00,0.284,,1,0,,
256.346,0.5000,0.5000,0.5000,0.5000,1.71,18.01,0.288,,1,0,,
256.379,0.5000,0.5000,0.5000,0.5000,1.70,17.99,0.285,,1,0,,
256.411,0.5000,0.5000,0.5000,0.5000,1.70,18.03,0.282,,1,0,,
256.443,0.5000,0.5000,0.5000,0.5000,1.70,18.05,0.277,,1,0,,
256.475,0.5000,0.5000,0.5000,0.5000,1.69,18.10,0.280,,1,0,,
256.507,0.5000,0.5000,0.5000,0.5000,1.67,18.16,0.274,,1,0,,
256.539,0.5000,0.5000,0.5000,0.5000,1.65,18.25,0.274,,1,0,,
256.570,0.5000,0.5000,0.5000,0.5000,1.64,18.35,0.272,,1,0,,
256.603,0.5000,0.5000,0.5000,0.5000,1.63,18.43,0.273,,1,0,,
256.635,0.5000,0.5000,0.5000,0.5000,1.63,18.48,0.281,,1,0,,
256.666,0.5000,0.5000,0.5000,0.5000,1.62,18.53,0.291,,1,0,,
256.699,0.5000,0.5000,0.5000,0.5000,1.62,18.57,0.285,,1,0,,
256.731,0.5000,0.5000,0.5000,0.5000,1.61,18.60,0.287,,1,0,,
256.763,0.5000,0.5000,0.5000,0.5000,1.61,18.58,0.282,,1,0,,
256.795,0.5000,0.5000,0.5000,0.5000,1.62,18.61,0.282,,1,0,,
256.827,0.5000,0.5000,0.5000,0.5000,1.62,18.67,0.281,,1,0,,
256.875,0.5000,0.5000,0.5000,0.5000,1.61,18.76,0.280,,1,0,,
256.907,0.5000,0.5000,0.5000,0.5000,1.62,18.81,0.275,,1,0,,
256.939,0.5000,0.5000,0.5000,0.5000,1.63,18.83,0.276,,1,0,,
256.970,0.5000,0.5000,0.5000,0.5000,1.63,18.81,0.276,,1,0,,
257.002,0.5000,0.5000,0.5000,0.5000,1.63,18.75,0.277,,1,0,,
257.033,0.5000,0.5000,0.5000,0.5000,1.65,18.71,0.283,,1,0,,
257.068,0.5000,0.5000,0.5000,0.5000,1.67,18.69,0.280,,1,0,,
257.097,0.5000,0.5000,0.5000,0.5000,1.68,18.66,0.275,,1,0,,
257.129,0.5000,0.5000,0.5000,0.5000,1.70,18.67,0.274,,1,0,,
257.163,0.5000,0.5000,0.5000,0.5000,1.71,18.69,0.273,,1,0,,
257.196,0.5000,0.5000,0.5000,0.5000,1.71,18.72,0.273,,1,0,,
257.226,0.5000,0.5000,0.5000,0.5000,1.72,18.76,0.275,,1,0,,
257.260,0.5000,0.5000,0.5000,0.5000,1.72,18.79,0.277,,1,0,,
257.291,0.5000,0.5000,0.5000,0.5000,1.71,18.81,0.279,,1,0,,
257.323,0.5000,0.5000,0.5000,0.5000,1.72,18.82,0.279,,1,0,,
257.354,0.5000,0.5000,0.5000,0.5000,1.73,18.82,0.279,,1,0,,
257.386,0.5000,0.5000,0.5000,0.5000,1.74,18.82,0.283,,1,0,,
257.471,0.5000,0.5000,0.5000,0.5000,1.79,18.88,0.279,,1,0,,
257.495,0.5000,0.5000,0.5000,0.5000,1.80,18.91,0.277,,1,0,,
257.521,0.5000,0.5000,0.5000,0.5000,1.82,18.90,0.278,,1,0,,
257.546,0.5000,0.5000,0.5000,0.5000,1.82,18.89,0.270,,1,0,,
257.571,0.5000,0.5000,0.5000,0.5000,1.81,18.85,0.268,,1,0,,
257.598,0.5000,0.5000,0.5000,0.5000,1.81,18.83,0.270,,1,0,,
257.627,0.5000,0.5000,0.5000,0.5000,1.83,18.80,0.266,,1,0,,
257.659,0.5000,0.5000,0.5000,0.5000,1.85,18.77,0.268,,1,0,,
257.690,0.5000,0.5000,0.5000,0.5000,1.85,18.76,0.274,,1,0,,
257.722,0.5000,0.5000,0.5000,0.5000,1.85,18.78,0.276,,1,0,,
257.755,0.5000,0.5000,0.5000,0.5000,1.84,18.76,0.278,,1,0,,
257.786,0.5000,0.5000,0.5000,0.5000,1.83,18.74,0.275,,1,0,,
257.853,0.5000,0.5000,0.5000,0.5000,1.83,18.72,0.286,,1,0,,
257.882,0.5000,0.5000,0.5000,0.5000,1.83,18.73,0.281,,1,0,,
257.914,0.5000,0.5000,0.5000,0.5000,1.83,18.69,0.280,,1,0,,
257.946,0.5000,0.5000,0.5000,0.5000,1.82,18.67,0.280,,1,0,,
257.998,0.5000,0.5000,0.5000,0.5000,1.78,18.62,0.278,,1,0,,
258.027,0.5000,0.5000,0.5000,0.5000,1.76,18.60,0.280,,1,0,,
258.056,0.5000,0.5000,0.5000,0.5000,1.74,18.59,0.282,,1,0,,
258.083,0.5000,0.5000,0.5000,0.5000,1.72,18.58,0.282,,1,0,,
258.110,0.5000,0.5000,0.5000,0.5000,1.72,18.56,0.279,,1,0,,
258.135,0.5000,0.5000,0.5000,0.5000,1.71,18.55,0.278,,1,0,,
258.162,0.5000,0.5000,0.5000,0.5000,1.70,18.51,0.274,,1,0,,
258.188,0.5000,0.5000,0.5000,0.5000,1.70,18.49,0.274,,1,0,,
258.253,0.5000,0.5000,0.5000,0.5000,1.67,18.53,0.267,,1,0,,
258.283,0.5000,0.5000,0.5000,0.5000,1.66,18.55,0.275,,1,0,,
258.315,0.5000,0.5000,0.5000,0.5000,1.66,18.57,0.276,,1,0,,
258.346,0.5000,0.5000,0.5000,0.5000,1.65,18.59,0.298,,1,0,,
258.378,0.5000,0.5000,0.5000,0.5000,1.63,18.61,0.311,,1,0,,
258.412,0.5000,0.5000,0.5000,0.5000,1.61,18.59,0.325,,1,0,,
258.442,0.5000,0.5000,0.5000,0.5000,1.59,18.58,0.337,,1,0,,
258.475,0.5000,0.5000,0.5000,0.5000,1.57,18.59,0.354,,1,0,,
258.509,0.5000,0.5000,0.5000,0.5000,1.55,18.62,0.358,,1,0,,
258.555,0.5000,0.5000,0.5000,0.5000,1.50,18.67,0.360,,1,0,,
258.585,0.5000,0.5000,0.5000,0.5000,1.47,18.72,0.361,,1,0,,
258.610,0.5000,0.5000,0.5000,0.5000,1.45,18.78,0.362,,1,0,,
258.651,0.5000,0.5000,0.5000,0.5000,1.40,18.86,0.361,,1,0,,
258.681,0.5000,0.5000,0.5000,0.5000,1.36,18.93,0.363,,1,0,,
258.716,0.5000,0.5000,0.5000,0.5000,1.33,18.98,0.364,,1,0,,
258.746,0.5000,0.5000,0.5000,0.5000,1.29,19.02,0.363,,1,0,,
258.779,0.5000,0.5000,0.5000,0.5000,1.25,19.05,0.366,,1,0,,
258.812,0.5000,0.5000,0.5000,0.5000,1.21,19.08,0.366,,1,0,,
258.843,0.5000,0.5000,0.5000,0.5000,1.18,19.11,0.373,,1,0,,
258.874,0.5000,0.5000,0.5000,0.5000,1.15,19.09,0.372,,1,0,,
258.906,0.5000,0.5000,0.5000,0.5000,1.13,19.09,0.369,,1,0,,
258.940,0.5000,0.5000,0.5000,0.5000,1.11,19.13,0.368,,1,0,,
258.970,0.5000,0.5000,0.5000,0.5000,1.10,19.17,0.370,,1,0,,
259.001,0.5000,0.5000,0.5000,0.5000,1.08,19.27,0.368,,1,0,,
259.035,0.5000,0.5000,0.5000,0.5000,1.07,19.37,0.365,,1,0,,
259.066,0.5000,0.5000,0.5000,0.5000,1.07,19.45,0.372,,1,0,,
259.097,0.5000,0.5000,0.5000,0.5000,1.07,19.49,0.372,,1,0,,
259.145,0.5000,0.5000,0.5000,0.5000,1.05,19.56,0.372,,1,0,,
259.179,0.5000,0.5000,0.5000,0.5000,1.03,19.61,0.357,,1,0,,
259.210,0.5000,0.5000,0.5000,0.5000,1.02,19.65,0.363,,1,0,,
259.243,0.5000,0.5000,0.5000,0.5000,1.01,19.69,0.361,,1,0,,
259.275,0.5000,0.5000,0.5000,0.5000,0.99,19.74,0.365,,1,0,,
259.307,0.5000,0.5000,0.5000,0.5000,0.98,19.74,0.364,,1,0,,
259.339,0.5000,0.5000,0.5000,0.5000,0.96,19.76,0.365,,1,0,,
259.370,0.5000,0.5000,0.5000,0.5000,0.94,19.77,0.364,,1,0,,
259.403,0.5000,0.5000,0.5000,0.5000,0.93,19.77,0.365,,1,0,,
259.435,0.5000,0.5000,0.5000,0.5000,0.93,19.77,0.363,,1,0,,
259.467,0.5000,0.5000,0.5000,0.5000,0.91,19.72,0.367,,1,0,,
259.499,0.5000,0.5000,0.5000,0.5000,0.91,19.63,0.369,,1,0,,
259.531,0.5000,0.5000,0.5000,0.5000,0.92,19.55,0.363,,1,0,,
259.564,0.5000,0.5000,0.5000,0.5000,0.92,19.52,0.363,,1,0,,
259.598,0.5000,0.5000,0.5000,0.5000,0.92,19.49,0.366,,1,0,,
259.630,0.5000,0.5000,0.5000,0.5000,0.93,19.48,0.365,,1,0,,
259.660,0.5000,0.5000,0.5000,0.5000,0.93,19.46,0.365,,1,0,,
259.705,0.5000,0.5000,0.5000,0.5000,0.95,19.39,0.366,,1,0,,
259.738,0.5000,0.5000,0.5000,0.5000,0.96,19.38,0.362,,1,0,,
259.769,0.5000,0.5000,0.5000,0.5000,0.97,19.40,0.366,,1,0,,
259.803,0.5000,0.5000,0.5000,0.5000,0.98,19.40,0.364,,1,0,,
259.834,0.5000,0.5000,0.5000,0.5000,1.00,19.39,0.362,,1,0,,
259.867,0.5000,0.5000,0.5000,0.5000,1.01,19.38,0.360,,1,0,,
259.898,0.5000,0.5000,0.5000,0.5000,1.02,19.39,0.362,,1,0,,
259.929,0.5000,0.5000,0.5000,0.5000,1.03,19.43,0.357,,1,0,,
259.962,0.5000,0.5000,0.5000,0.5000,1.03,19.47,0.356,,1,0,,
259.995,0.5000,0.5000,0.5000,0.5000,1.03,19.51,0.359,,1,0,,
260.026,0.5000,0.5000,0.5000,0.5000,1.02,19.55,0.355,,1,0,,
260.059,0.5000,0.5000,0.5000,0.5000,1.02,19.54,0.354,,1,0,,
260.090,0.5000,0.5000,0.5000,0.5000,1.02,19.55,0.353,,1,0,,
260.122,0.5000,0.5000,0.5000,0.5000,1.01,19.51,0.353,,1,0,,
260.155,0.5000,0.5000,0.5000,0.5000,1.01,19.47,0.348,,1,0,,
260.186,0.5000,0.5000,0.5000,0.5000,1.01,19.41,0.349,,1,0,,
260.266,0.5000,0.5000,0.5000,0.5000,1.00,19.30,0.351,,1,0,,
260.298,0.5000,0.5000,0.5000,0.5000,0.99,19.25,0.358,,1,0,,
260.329,0.5000,0.5000,0.5000,0.5000,0.98,19.22,0.359,,1,0,,
260.354,0.5000,0.5000,0.5000,0.5000,0.96,19.18,0.355,,1,0,,
260.377,0.5000,0.5000,0.5000,0.5000,0.96,19.13,0.354,,1,0,,
260.402,0.5000,0.5000,0.5000,0.5000,0.97,19.10,0.353,,1,0,,
260.427,0.5000,0.5000,0.5000,0.5000,0.99,19.11,0.349,,1,0,,
260.457,0.5000,0.5000,0.5000,0.5000,0.99,19.19,0.348,,1,0,,
260.489,0.5000,0.5000,0.5000,0.5000,0.98,19.27,0.344,,1,0,,
260.521,0.5000,0.5000,0.5000,0.5000,0.97,19.29,0.350,,1,0,,
260.554,0.5000,0.5000,0.5000,0.5000,0.97,19.32,0.347,,1,0,,
260.586,0.5000,0.5000,0.5000,0.5000,0.97,19.39,0.348,,1,0,,
260.657,0.5000,0.5000,0.5000,0.5000,0.99,19.34,0.350,,1,0,,
260.682,0.5000,0.5000,0.5000,0.5000,0.99,19.35,0.354,,1,0,,
260.713,0.5000,0.5000,0.5000,0.5000,1.00,19.36,0.354,,1,0,,
260.746,0.5000,0.5000,0.5000,0.5000,1.00,19.33,0.351,,1,0,,
260.779,0.5000,0.5000,0.5000,0.5000,1.02,19.33,0.352,,1,0,,
260.810,0.5000,0.5000,0.5000,0.5000,1.03,19.34,0.349,,1,0,,
260.860,0.5000,0.5000,0.5000,0.5000,1.04,19.38,0.345,,1,0,,
260.887,0.5000,0.5000,0.5000,0.5000,1.04,19.40,0.345,,1,0,,
260.912,0.5000,0.5000,0.5000,0.5000,1.02,19.45,0.342,,1,0,,
260.937,0.5000,0.5000,0.5000,0.5000,1.01,19.50,0.344,,1,0,,
260.964,0.5000,0.5000,0.5000,0.5000,1.00,19.56,0.346,,1,0,,
260.991,0.5000,0.5000,0.5000,0.5000,0.99,19.58,0.346,,1,0,,
261.054,0.5000,0.5000,0.5000,0.5000,0.99,19.55,0.349,,1,0,,
261.084,0.5000,0.5000,0.5000,0.5000,0.98,19.53,0.346,,1,0,,
261.114,0.5000,0.5000,0.5000,0.5000,0.98,19.48,0.347,,1,0,,
261.146,0.5000,0.5000,0.5000,0.5000,0.99,19.44,0.354,,1,0,,
261.179,0.5000,0.5000,0.5000,0.5000,1.00,19.39,0.359,,1,0,,
261.211,0.5000,0.5000,0.5000,0.5000,1.01,19.38,0.351,,1,0,,
261.244,0.5000,0.5000,0.5000,0.5000,1.01,19.37,0.351,,1,0,,
261.275,0.5000,0.5000,0.5000,0.5000,1.01,19.38,0.352,,1,0,,
261.307,0.5000,0.5000,0.5000,0.5000,1.00,19.39,0.354,,1,0,,
261.338,0.5000,0.5000,0.5000,0.5000,1.00,19.37,0.353,,1,0,,
261.370,0.5000,0.5000,0.5000,0.5000,0.98,19.38,0.350,,1,0,,
261.418,0.5000,0.5000,0.5000,0.5000,0.96,19.37,0.331,,1,0,,
261.449,0.5000,0.5000,0.5000,0.5000,0.95,19.31,0.328,,1,0,,
261.483,0.5000,0.5000,0.5000,0.5000,0.95,19.24,0.324,,1,0,,
261.516,0.5000,0.5000,0.5000,0.5000,0.95,19.12,0.314,,1,0,,
261.546,0.5000,0.5000,0.5000,0.5000,0.97,19.06,0.312,,1,0,,
261.577,0.5000,0.5000,0.5000,0.5000,0.98,18.98,0.312,,1,0,,
261.611,0.5000,0.5000,0.5000,0.5000,0.97,18.91,0.316,,1,0,,
261.642,0.5000,0.5000,0.5000,0.5000,0.98,18.84,0.314,,1,0,,
261.674,0.5000,0.5000,0.5000,0.5000,0.98,18.76,0.315,,1,0,,
261.705,0.5000,0.5000,0.5000,0.5000,0.97,18.69,0.311,,1,0,,
261.739,0.5000,0.5000,0.5000,0.5000,0.96,18.61,0.305,,1,0,,
261.769,0.5000,0.5000,0.5000,0.5000,0.95,18.49,0.306,,1,0,,
261.803,0.5000,0.5000,0.5000,0.5000,0.94,18.37,0.307,,1,0,,
261.835,0.5000,0.5000,0.5000,0.5000,0.93,18.29,0.310,,1,0,,
261.867,0.5000,0.5000,0.5000,0.5000,0.92,18.23,0.315,,1,0,,
261.902,0.5000,0.5000,0.5000,0.5000,0.92,18.14,0.314,,1,0,,
261.932,0.5000,0.5000,0.5000,0.5000,0.91,18.09,0.312,,1,0,,
261.977,0.5000,0.5000,0.5000,0.5000,0.90,17.99,0.312,,1,0,,
262.011,0.5000,0.5000,0.5000,0.5000,0.91,17.93,0.310,,1,0,,
262.043,0.5000,0.5000,0.5000,0.5000,0.89,17.85,0.312,,1,0,,
262.075,0.5000,0.5000,0.5000,0.5000,0.89,17.81,0.307,,1,0,,
262.107,0.5000,0.5000,0.5000,0.5000,0.89,17.78,0.303,,1,0,,
262.140,0.5000,0.5000,0.5000,0.5000,0.90,17.75,0.307,,1,0,,
262.170,0.5000,0.5000,0.5000,0.5000,0.91,17.68,0.310,,1,0,,
262.203,0.5000,0.5000,0.5000,0.5000,0.92,17.62,0.306,,1,0,,
262.235,0.5000,0.5000,0.5000,0.5000,0.94,17.55,0.301,,1,0,,
262.268,0.5000,0.5000,0.5000,0.5000,0.95,17.56,0.302,,1,0,,
262.296,0.5000,0.5000,0.5000,0.5000,0.97,17.52,0.304,,1,0,,
262.329,0.5000,0.5000,0.5000,0.5000,0.98,17.52,0.304,,1,0,,
262.363,0.5000,0.5000,0.5000,0.5000,0.98,17.51,0.303,,1,0,,
262.394,0.5000,0.5000,0.5000,0.5000,1.00,17.53,0.311,,1,0,,
262.426,0.5000,0.5000,0.5000,0.5000,1.00,17.53,0.315,,1,0,,
262.459,0.5000,0.5000,0.5000,0.5000,1.01,17.57,0.313,,1,0,,
262.492,0.5000,0.5000,0.5000,0.5000,1.02,17.64,0.314,,1,0,,
262.538,0.5000,0.5000,0.5000,0.5000,1.02,17.70,0.310,,1,0,,
262.572,0.5000,0.5000,0.5000,0.5000,1.03,17.74,0.307,,1,0,,
262.602,0.5000,0.5000,0.5000,0.5000,1.04,17.74,0.311,,1,0,,
262.635,0.5000,0.5000,0.5000,0.5000,1.06,17.72,0.307,,1,0,,
262.667,0.5000,0.5000,0.5000,0.5000,1.07,17.65,0.310,,1,0,,
262.699,0.5000,0.5000,0.5000,0.5000,1.08,17.60,0.301,,1,0,,
262.730,0.5000,0.5000,0.5000,0.5000,1.10,17.57,0.305,,1,0,,
262.762,0.5000,0.5000,0.5000,0.5000,1.10,17.60,0.297,,1,0,,
262.795,0.5000,0.5000,0.5000,0.5000,1.10,17.60,0.304,,1,0,,
262.826,0.5000,0.5000,0.5000,0.5000,1.09,17.54,0.303,,1,0,,
262.859,0.5000,0.5000,0.5000,0.5000,1.09,17.49,0.308,,1,0,,
262.891,0.5000,0.5000,0.5000,0.5000,1.09,17.43,0.312,,1,0,,
262.923,0.5000,0.5000,0.5000,0.5000,1.09,17.38,0.313,,1,0,,
262.955,0.5000,0.5000,0.5000,0.5000,1.08,17.25,0.318,,1,0,,
262.987,0.5000,0.5000,0.5000,0.5000,1.08,17.11,0.311,,1,0,,
263.057,0.5000,0.5000,0.5000,0.5000,1.08,16.95,0.305,,1,0,,
263.083,0.5000,0.5000,0.5000,0.5000,1.08,16.90,0.306,,1,0,,
263.131,0.5000,0.5000,0.5000,0.5000,1.06,16.89,0.306,,1,0,,
263.156,0.5000,0.5000,0.5000,0.5000,1.04,16.90,0.306,,1,0,,
263.183,0.5000,0.5000,0.5000,0.5000,1.02,16.89,0.307,,1,0,,
263.210,0.5000,0.5000,0.5000,0.5000,1.02,16.86,0.314,,1,0,,
263.235,0.5000,0.5000,0.5000,0.5000,1.02,16.84,0.316,,1,0,,
263.262,0.5000,0.5000,0.5000,0.5000,1.01,16.84,0.312,,1,0,,
263.289,0.5000,0.5000,0.5000,0.5000,1.01,16.81,0.315,,1,0,,
263.323,0.5000,0.5000,0.5000,0.5000,1.02,16.70,0.318,,1,0,,
263.354,0.5000,0.5000,0.5000,0.5000,1.03,16.61,0.313,,1,0,,
263.386,0.5000,0.5000,0.5000,0.5000,1.03,16.54,0.310,,1,0,,
263.452,0.5000,0.5000,0.5000,0.5000,1.05,16.58,0.312,,1,0,,
263.483,0.5000,0.5000,0.5000,0.5000,1.03,16.63,0.302,,1,0,,
263.514,0.5000,0.5000,0.5000,0.5000,1.02,16.62,0.303,,1,0,,
263.547,0.5000,0.5000,0.5000,0.5000,1.00,16.59,0.305,,1,0,,
263.579,0.5000,0.5000,0.5000,0.5000,1.00,16.56,0.297,,1,0,,
263.611,0.5000,0.5000,0.5000,0.5000,1.00,16.51,0.299,,1,0,,
263.643,0.5000,0.5000,0.5000,0.5000,1.01,16.49,0.303,,1,0,,
263.690,0.5000,0.5000,0.5000,0.5000,1.03,16.37,0.296,,1,0,,
263.724,0.5000,0.5000,0.5000,0.5000,1.04,16.30,0.302,,1,0,,
263.748,0.5000,0.5000,0.5000,0.5000,1.05,16.25,0.306,,1,0,,
263.777,0.5000,0.5000,0.5000,0.5000,1.07,16.20,0.290,,1,0,,
263.804,0.5000,0.5000,0.5000,0.5000,1.09,16.22,0.291,,1,0,,
263.851,0.5000,0.5000,0.5000,0.5000,1.11,16.26,0.301,,1,0,,
263.883,0.5000,0.5000,0.5000,0.5000,1.12,16.26,0.297,,1,0,,
263.914,0.5000,0.5000,0.5000,0.5000,1.13,16.28,0.290,,1,0,,
263.946,0.5000,0.5000,0.5000,0.5000,1.13,16.27,0.292,,1,0,,
263.978,0.5000,0.5000,0.5000,0.5000,1.14,16.25,0.294,,1,0,,
264.012,0.5000,0.5000,0.5000,0.5000,1.14,16.26,0.296,,1,0,,
264.042,0.5000,0.5000,0.5000,0.5000,1.14,16.25,0.297,,1,0,,
264.075,0.5000,0.5000,0.5000,0.5000,1.13,16.27,0.299,,1,0,,
264.108,0.5000,0.5000,0.5000,0.5000,1.12,16.32,0.301,,1,0,,
264.138,0.5000,0.5000,0.5000,0.5000,1.11,16.30,0.293,,1,0,,
264.170,0.5000,0.5000,0.5000,0.5000,1.10,16.24,0.288,,1,0,,
264.202,0.5000,0.5000,0.5000,0.5000,1.10,16.23,0.290,,1,0,,
264.251,0.5000,0.5000,0.5000,0.5000,1.10,16.24,0.283,,1,0,,
264.281,0.5000,0.5000,0.5000,0.5000,1.10,16.23,0.282,,1,0,,
264.314,0.5000,0.5000,0.5000,0.5000,1.09,16.25,0.288,,1,0,,
264.346,0.5000,0.5000,0.5000,0.5000,1.08,16.23,0.286,,1,0,,
264.378,0.5000,0.5000,0.5000,0.5000,1.09,16.23,0.268,,1,0,,
264.412,0.5000,0.5000,0.5000,0.5000,1.10,16.20,0.275,,1,0,,
264.443,0.5000,0.5000,0.5000,0.5000,1.11,16.20,0.271,,1,0,,
264.475,0.5000,0.5000,0.5000,0.5000,1.13,16.24,0.290,,1,0,,
264.507,0.5000,0.5000,0.5000,0.5000,1.15,16.32,0.299,,1,0,,
264.538,0.5000,0.5000,0.5000,0.5000,1.18,16.49,0.307,,1,0,,
264.570,0.5000,0.5000,0.5000,0.5000,1.20,16.72,0.313,,1,0,,
264.603,0.5000,0.5000,0.5000,0.5000,1.23,16.96,0.317,,1,0,,
264.634,0.5000,0.5000,0.5000,0.5000,1.24,17.12,0.323,,1,0,,
264.669,0.5000,0.5000,0.5000,0.5000,1.27,17.31,0.324,,1,0,,
264.699,0.5000,0.5000,0.5000,0.5000,1.28,17.47,0.327,,1,0,,
264.729,0.5000,0.5000,0.5000,0.5000,1.30,17.59,0.328,,1,0,,
264.762,0.5000,0.5000,0.5000,0.5000,1.31,17.70,0.331,,1,0,,
264.811,0.5000,0.5000,0.5000,0.5000,1.35,17.79,0.328,,1,0,,
264.843,0.5000,0.5000,0.5000,0.5000,1.35,17.86,0.331,,1,0,,
264.876,0.5000,0.5000,0.5000,0.5000,1.37,17.91,0.337,,1,0,,
264.906,0.5000,0.5000,0.5000,0.5000,1.38,17.97,0.335,,1,0,,
264.938,0.5000,0.5000,0.5000,0.5000,1.39,18.06,0.335,,1,0,,
264.970,0.5000,0.5000,0.5000,0.5000,1.40,18.16,0.334,,1,0,,
265.002,0.5000,0.5000,0.5000,0.5000,1.40,18.24,0.338,,1,0,,
265.033,0.5000,0.5000,0.5000,0.5000,1.42,18.31,0.334,,1,0,,
265.067,0.5000,0.5000,0.5000,0.5000,1.42,18.39,0.337,,1,0,,
265.098,0.5000,0.5000,0.5000,0.5000,1.41,18.48,0.336,,1,0,,
265.130,0.5000,0.5000,0.5000,0.5000,1.40,18.58,0.337,,1,0,,
265.163,0.5000,0.5000,0.5000,0.5000,1.40,18.61,0.340,,1,0,,
265.195,0.5000,0.5000,0.5000,0.5000,1.40,18.61,0.339,,1,0,,
265.225,0.5000,0.5000,0.5000,0.5000,1.41,18.58,0.338,,1,0,,
265.259,0.5000,0.5000,0.5000,0.5000,1.40,18.61,0.335,,1,0,,
265.292,0.5000,0.5000,0.5000,0.5000,1.39,18.64,0.333,,1,0,,
265.324,0.5000,0.5000,0.5000,0.5000,1.39,18.67,0.330,,1,0,,
265.354,0.5000,0.5000,0.5000,0.5000,1.39,18.68,0.334,,1,0,,
265.405,0.5000,0.5000,0.5000,0.5000,1.39,18.72,0.333,,1,0,,
265.436,0.5000,0.5000,0.5000,0.5000,1.37,18.77,0.333,,1,0,,
265.466,0.5000,0.5000,0.5000,0.5000,1.35,18.79,0.334,,1,0,,
265.499,0.5000,0.5000,0.5000,0.5000,1.34,18.85,0.334,,1,0,,
265.530,0.5000,0.5000,0.5000,0.5000,1.33,18.91,0.334,,1,0,,
265.564,0.5000,0.5000,0.5000,0.5000,1.32,18.99,0.340,,1,0,,
265.594,0.5000,0.5000,0.5000,0.5000,1.32,19.02,0.334,,1,0,,
265.626,0.5000,0.5000,0.5000,0.5000,1.32,19.07,0.324,,1,0,,
265.660,0.5000,0.5000,0.5000,0.5000,1.31,19.11,0.325,,1,0,,
265.691,0.5000,0.5000,0.5000,0.5000,1.32,19.13,0.326,,1,0,,
265.725,0.5000,0.5000,0.5000,0.5000,1.35,19.15,0.323,,1,0,,
265.756,0.5000,0.5000,0.5000,0.5000,1.37,19.15,0.329,,1,0,,
265.787,0.5000,0.5000,0.5000,0.5000,1.39,19.20,0.330,,1,0,,
265.853,0.5000,0.5000,0.5000,0.5000,1.40,19.23,0.333,,1,0,,
265.881,0.5000,0.5000,0.5000,0.5000,1.41,19.23,0.330,,1,0,,
265.916,0.5000,0.5000,0.5000,0.5000,1.41,19.27,0.331,,1,0,,
265.963,0.5000,0.5000,0.5000,0.5000,1.41,19.37,0.323,,1,0,,
265.995,0.5000,0.5000,0.5000,0.5000,1.40,19.41,0.319,,1,0,,
266.020,0.5000,0.5000,0.5000,0.5000,1.39,19.41,0.319,,1,0,,
266.045,0.5000,0.5000,0.5000,0.5000,1.38,19.38,0.324,,1,0,,
266.072,0.5000,0.5000,0.5000,0.5000,1.38,19.34,0.323,,1,0,,
266.099,0.5000,0.5000,0.5000,0.5000,1.38,19.31,0.325,,1,0,,
266.124,0.5000,0.5000,0.5000,0.5000,1.38,19.26,0.323,,1,0,,
266.153,0.5000,0.5000,0.5000,0.5000,1.40,19.17,0.321,,1,0,,
266.186,0.5000,0.5000,0.5000,0.5000,1.41,19.09,0.321,,1,0,,
266.252,0.5000,0.5000,0.5000,0.5000,1.43,19.08,0.321,,1,0,,
266.282,0.5000,0.5000,0.5000,0.5000,1.44,19.06,0.317,,1,0,,
266.315,0.5000,0.5000,0.5000,0.5000,1.46,19.04,0.313,,1,0,,
266.346,0.5000,0.5000,0.5000,0.5000,1.48,19.06,0.314,,1,0,,
266.378,0.5000,0.5000,0.5000,0.5000,1.49,19.10,0.316,,1,0,,
266.410,0.5000,0.5000,0.5000,0.5000,1.51,19.12,0.321,,1,0,,
266.442,0.5000,0.5000,0.5000,0.5000,1.51,19.15,0.320,,1,0,,
266.474,0.5000,0.5000,0.5000,0.5000,1.53,19.18,0.316,,1,0,,
266.522,0.5000,0.5000,0.5000,0.5000,1.56,19.19,0.323,,1,0,,
266.554,0.5000,0.5000,0.5000,0.5000,1.57,19.20,0.323,,1,0,,
266.580,0.5000,0.5000,0.5000,0.5000,1.59,19.21,0.323,,1,0,,
266.604,0.5000,0.5000,0.5000,0.5000,1.60,19.21,0.324,,1,0,,
266.651,0.5000,0.5000,0.5000,0.5000,1.61,19.17,0.323,,1,0,,
266.682,0.5000,0.5000,0.5000,0.5000,1.61,19.17,0.321,,1,0,,
266.714,0.5000,0.5000,0.5000,0.5000,1.63,19.17,0.317,,1,0,,
266.747,0.5000,0.5000,0.5000,0.5000,1.65,19.18,0.322,,1,0,,
266.779,0.5000,0.5000,0.5000,0.5000,1.67,19.20,0.314,,1,0,,
266.810,0.5000,0.5000,0.5000,0.5000,1.68,19.19,0.319,,1,0,,
266.844,0.5000,0.5000,0.5000,0.5000,1.67,19.21,0.319,,1,0,,
266.875,0.5000,0.5000,0.5000,0.5000,1.67,19.24,0.322,,1,0,,
266.906,0.5000,0.5000,0.5000,0.5000,1.66,19.26,0.325,,1,0,,
266.939,0.5000,0.5000,0.5000,0.5000,1.65,19.25,0.323,,1,0,,
266.970,0.5000,0.5000,0.5000,0.5000,1.64,19.20,0.319,,1,0,,
267.002,0.5000,0.5000,0.5000,0.5000,1.64,19.15,0.321,,1,0,,
267.034,0.5000,0.5000,0.5000,0.5000,1.64,19.11,0.320,,1,0,,
267.081,0.5000,0.5000,0.5000,0.5000,1.64,19.10,0.320,,1,0,,
267.114,0.5000,0.5000,0.5000,0.5000,1.65,19.14,0.317,,1,0,,
267.147,0.5000,0.5000,0.5000,0.5000,1.66,19.16,0.321,,1,0,,
267.178,0.5000,0.5000,0.5000,0.5000,1.68,19.15,0.319,,1,0,,
267.212,0.5000,0.5000,0.5000,0.5000,1.69,19.19,0.322,,1,0,,
267.243,0.5000,0.5000,0.5000,0.5000,1.70,19.26,0.320,,1,0,,
267.276,0.5000,0.5000,0.5000,0.5000,1.70,19.29,0.319,,1,0,,
267.308,0.5000,0.5000,0.5000,0.5000,1.69,19.34,0.320,,1,0,,
267.340,0.5000,0.5000,0.5000,0.5000,1.67,19.37,0.313,,1,0,,
267.372,0.5000,0.5000,0.5000,0.5000,1.65,19.41,0.313,,1,0,,
267.404,0.5000,0.5000,0.5000,0.5000,1.64,19.41,0.312,,1,0,,
267.434,0.5000,0.5000,0.5000,0.5000,1.63,19.42,0.298,,1,0,,
267.465,0.5000,0.5000,0.5000,0.5000,1.62,19.38,0.277,,1,0,,
267.499,0.5000,0.5000,0.5000,0.5000,1.62,19.31,0.272,,1,0,,
267.531,0.5000,0.5000,0.5000,0.5000,1.62,19.21,0.261,,1,0,,
267.563,0.5000,0.5000,0.5000,0.5000,1.61,19.11,0.250,,1,0,,
267.593,0.5000,0.5000,0.5000,0.5000,1.59,19.04,0.247,,1,0,,
267.626,0.5000,0.5000,0.5000,0.5000,1.56,18.97,0.252,,1,0,,
267.676,0.5000,0.5000,0.5000,0.5000,1.53,18.79,0.253,,1,0,,
267.706,0.5000,0.5000,0.5000,0.5000,1.53,18.66,0.257,,1,0,,
267.739,0.5000,0.5000,0.5000,0.5000,1.52,18.54,0.253,,1,0,,
267.770,0.5000,0.5000,0.5000,0.5000,1.53,18.46,0.255,,1,0,,
267.802,0.5000,0.5000,0.5000,0.5000,1.55,18.27,0.258,,1,0,,
267.834,0.5000,0.5000,0.5000,0.5000,1.57,18.15,0.251,,1,0,,
267.867,0.5000,0.5000,0.5000,0.5000,1.59,18.04,0.247,,1,0,,
267.898,0.5000,0.5000,0.5000,0.5000,1.61,17.94,0.236,,1,0,,
267.930,0.5000,0.5000,0.5000,0.5000,1.63,17.86,0.235,,1,0,,
267.963,0.5000,0.5000,0.5000,0.5000,1.64,17.87,0.240,,1,0,,
267.993,0.5000,0.5000,0.5000,0.5000,1.65,17.89,0.237,,1,0,,
268.027,0.5000,0.5000,0.5000,0.5000,1.66,17.93,0.240,,1,0,,
268.061,0.5000,0.5000,0.5000,0.5000,1.66,18.00,0.246,,1,0,,
268.091,0.5000,0.5000,0.5000,0.5000,1.65,18.06,0.252,,1,0,,
268.124,0.5000,0.5000,0.5000,0.5000,1.67,18.09,0.249,,1,0,,
268.155,0.5000,0.5000,0.5000,0.5000,1.68,18.12,0.250,,1,0,,
268.187,0.5000,0.5000,0.5000,0.5000,1.69,18.12,0.242,,1,0,,
268.273,0.5000,0.5000,0.5000,0.5000,1.71,17.99,0.227,,1,0,,
268.299,0.5000,0.5000,0.5000,0.5000,1.72,17.94,0.223,,1,0,,
268.326,0.5000,0.5000,0.5000,0.5000,1.72,17.93,0.233,,1,0,,
268.352,0.5000,0.5000,0.5000,0.5000,1.71,17.90,0.229,,1,0,,
268.377,0.5000,0.5000,0.5000,0.5000,1.70,17.87,0.230,,1,0,,
268.404,0.5000,0.5000,0.5000,0.5000,1.69,17.84,0.235,,1,0,,
268.431,0.5000,0.5000,0.5000,0.5000,1.69,17.80,0.232,,1,0,,
268.458,0.5000,0.5000,0.5000,0.5000,1.69,17.80,0.239,,1,0,,
268.491,0.5000,0.5000,0.5000,0.5000,1.69,17.83,0.248,,1,0,,
268.524,0.5000,0.5000,0.5000,0.5000,1.69,17.86,0.253,,1,0,,
268.554,0.5000,0.5000,0.5000,0.5000,1.69,17.90,0.250,,1,0,,
268.586,0.5000,0.5000,0.5000,0.5000,1.68,17.93,0.254,,1,0,,
268.652,0.5000,0.5000,0.5000,0.5000,1.69,17.87,0.228,,1,0,,
268.683,0.5000,0.5000,0.5000,0.5000,1.72,17.81,0.228,,1,0,,
268.714,0.5000,0.5000,0.5000,0.5000,1.73,17.76,0.231,,1,0,,
268.747,0.5000,0.5000,0.5000,0.5000,1.74,17.71,0.229,,1,0,,
268.795,0.5000,0.5000,0.5000,0.5000,1.76,17.67,0.231,,1,0,,
268.826,0.5000,0.5000,0.5000,0.5000,1.78,17.64,0.236,,1,0,,
268.855,0.5000,0.5000,0.5000,0.5000,1.81,17.61,0.239,,1,0,,
268.878,0.5000,0.5000,0.5000,0.5000,1.83,17.59,0.236,,1,0,,
268.903,0.5000,0.5000,0.5000,0.5000,1.85,17.58,0.230,,1,0,,
268.929,0.5000,0.5000,0.5000,0.5000,1.85,17.56,0.229,,1,0,,
268.955,0.5000,0.5000,0.5000,0.5000,1.84,17.54,0.228,,1,0,,
268.986,0.5000,0.5000,0.5000,0.5000,1.83,17.50,0.232,,1,0,,
269.058,0.5000,0.5000,0.5000,0.5000,1.79,17.44,0.228,,1,0,,
269.085,0.5000,0.5000,0.5000,0.5000,1.78,17.39,0.217,,1,0,,
269.113,0.5000,0.5000,0.5000,0.5000,1.76,17.38,0.228,,1,0,,
269.146,0.5000,0.5000,0.5000,0.5000,1.75,17.33,0.233,,1,0,,
269.177,0.5000,0.5000,0.5000,0.5000,1.75,17.28,0.232,,1,0,,
269.209,0.5000,0.5000,0.5000,0.5000,1.76,17.26,0.256,,1,0,,
269.243,0.5000,0.5000,0.5000,0.5000,1.76,17.23,0.252,,1,0,,
269.276,0.5000,0.5000,0.5000,0.5000,1.76,17.20,0.245,,1,0,,
269.308,0.5000,0.5000,0.5000,0.5000,1.77,17.19,0.249,,1,0,,
269.339,0.5000,0.5000,0.5000,0.5000,1.79,17.14,0.245,,1,0,,
269.385,0.5000,0.5000,0.5000,0.5000,1.81,17.12,0.255,,1,0,,
269.412,0.5000,0.5000,0.5000,0.5000,1.82,17.12,0.253,,1,0,,
269.451,0.5000,0.5000,0.5000,0.5000,1.82,17.12,0.256,,1,0,,
269.481,0.5000,0.5000,0.5000,0.5000,1.82,17.10,0.247,,1,0,,
269.513,0.5000,0.5000,0.5000,0.5000,1.83,17.09,0.254,,1,0,,
269.545,0.5000,0.5000,0.5000,0.5000,1.82,17.04,0.235,,1,0,,
269.577,0.5000,0.5000,0.5000,0.5000,1.81,17.06,0.241,,1,0,,
269.611,0.5000,0.5000,0.5000,0.5000,1.80,17.02,0.223,,1,0,,
269.642,0.5000,0.5000,0.5000,0.5000,1.80,16.98,0.209,,1,0,,
269.674,0.5000,0.5000,0.5000,0.5000,1.78,16.99,0.221,,1,0,,
269.707,0.5000,0.5000,0.5000,0.5000,1.76,17.02,0.231,,1,0,,
269.740,0.5000,0.5000,0.5000,0.5000,1.74,17.04,0.231,,1,0,,
269.772,0.5000,0.5000,0.5000,0.5000,1.73,17.08,0.244,,1,0,,
269.802,0.5000,0.5000,0.5000,0.5000,1.72,17.07,0.247,,1,0,,
269.834,0.5000,0.5000,0.5000,0.5000,1.71,17.06,0.248,,1,0,,
269.867,0.5000,0.5000,0.5000,0.5000,1.71,17.06,0.243,,1,0,,
269.899,0.5000,0.5000,0.5000,0.5000,1.73,17.06,0.245,,1,0,,
269.946,0.5000,0.5000,0.5000,0.5000,1.75,17.07,0.235,,1,0,,
269.978,0.5000,0.5000,0.5000,0.5000,1.75,17.05,0.208,,1,0,,
270.010,0.5000,0.5000,0.5000,0.5000,1.77,16.97,0.193,,1,0,,
270.043,0.5000,0.5000,0.5000,0.5000,1.78,16.94,0.202,,1,0,,
270.075,0.5000,0.5000,0.5000,0.5000,1.79,16.93,0.207,,1,0,,
270.107,0.5000,0.5000,0.5000,0.5000,1.79,16.94,0.216,,1,0,,
270.141,0.3791,0.7783,0.3791,0.7783,1.80,16.95,0.227,,1,1,17.036,0.2453
270.170,0.3779,0.7777,0.3734,0.7756,1.81,16.96,0.226,,1,1,17.036,0.2453
270.204,0.3787,0.7842,0.3812,0.8042,1.82,16.95,0.222,,1,1,17.036,0.2453
270.234,0.3794,0.7896,0.3817,0.8084,1.84,16.95,0.225,,1,1,17.036,0.2453
270.266,0.3792,0.7925,0.3787,0.8018,1.85,16.96,0.223,,1,1,17.036,0.2453
270.300,0.3789,0.7953,0.3778,0.8040,1.87,16.93,0.222,,1,1,17.036,0.2453
270.331,0.3792,0.8031,0.3801,0.8293,1.88,16.85,0.217,,1,1,17.036,0.2453
270.362,0.3775,0.8100,0.3718,0.8332,1.89,16.74,0.210,,1,1,17.036,0.2453
270.395,0.3762,0.8159,0.3718,0.8351,1.89,16.69,0.217,,1,1,17.036,0.2453
270.427,0.3753,0.8227,0.3727,0.8443,1.88,16.63,0.216,,1,1,17.036,0.2453
270.460,0.3773,0.8354,0.3838,0.8766,1.88,16.57,0.218,,1,1,17.036,0.2453
270.507,0.3775,0.8453,0.3779,0.8665,1.89,16.56,0.221,,1,1,17.036,0.2453
270.539,0.3743,0.8458,0.3635,0.8474,1.89,16.53,0.218,,1,1,17.036,0.2453
270.570,0.3703,0.8364,0.3571,0.8054,1.87,16.51,0.218,,1,1,17.036,0.2453
270.603,0.3670,0.8260,0.3565,0.7921,1.87,16.54,0.223,,1,1,17.036,0.2453
270.634,0.3647,0.8165,0.3567,0.7838,1.86,16.59,0.224,,1,1,17.036,0.2453
270.666,0.3614,0.8020,0.3507,0.7550,1.84,16.55,0.209,,1,1,17.036,0.2453
270.698,0.3551,0.7777,0.3345,0.6999,1.82,16.53,0.195,,1,1,17.036,0.2453
270.731,0.3503,0.7468,0.3350,0.6513,1.81,16.58,0.227,,1,1,17.036,0.2453
270.763,0.3433,0.6916,0.3207,0.5251,1.78,16.69,0.295,,1,1,17.036,0.2453
270.795,0.3351,0.6244,0.3079,0.4199,1.74,16.83,0.344,,1,1,17.036,0.2453
270.827,0.3282,0.5521,0.3053,0.3384,1.70,16.95,0.374,,1,1,17.036,0.2453
270.860,0.3216,0.4638,0.3016,0.2311,1.65,17.10,0.391,,1,1,17.036,0.2453
270.890,0.3183,0.4049,0.3071,0.2294,1.59,17.30,0.397,,1,1,17.036,0.2453
270.923,0.3158,0.3531,0.3078,0.2130,1.55,17.45,0.400,,1,1,17.036,0.2453
270.955,0.3133,0.3071,0.3053,0.1789,1.51,17.56,0.401,,1,1,17.036,0.2453
270.986,0.3123,0.2718,0.3090,0.1683,1.46,17.70,0.407,,1,1,17.036,0.2453
271.067,0.3095,0.1943,0.3058,0.1060,1.39,17.98,0.405,,1,1,17.036,0.2453
271.097,0.3074,0.1616,0.2999,0.0585,1.35,18.07,0.406,,1,1,17.036,0.2453
271.124,0.3052,0.1312,0.2970,0.0291,1.32,18.14,0.407,,1,1,17.036,0.2453
271.155,0.3075,0.1185,0.3155,0.0791,1.30,18.18,0.408,,1,1,17.036,0.2453
271.180,0.3101,0.1081,0.3209,0.0692,1.28,18.21,0.406,,1,1,17.036,0.2453
271.208,0.3134,0.0908,0.3257,0.0324,1.25,18.28,0.411,,1,1,17.036,0.2453
271.233,0.3166,0.0788,0.3305,0.0316,1.21,18.36,0.412,,1,1,17.036,0.2453
271.261,0.3264,0.0793,0.3620,0.0807,1.19,18.45,0.412,,1,1,17.036,0.2453
271.290,0.3368,0.0733,0.3737,0.0536,1.16,18.57,0.413,,1,1,17.036,0.2453
271.323,0.3481,0.0691,0.3837,0.0563,1.12,18.73,0.417,,1,1,17.036,0.2453
271.355,0.3621,0.0801,0.4077,0.1155,1.09,18.88,0.419,,1,1,17.036,0.2453
271.387,0.3768,0.0828,0.4237,0.0913,1.05,18.99,0.415,,1,1,17.036,0.2453
271.451,0.4127,0.1189,0.4705,0.1783,1.03,19.09,0.419,,1,1,17.036,0.2453
271.482,0.4281,0.1235,0.4784,0.1390,1.02,19.08,0.421,,1,1,17.036,0.2453
271.515,0.4424,0.1235,0.4857,0.1236,1.03,19.08,0.427,,1,1,17.036,0.2453
271.548,0.4570,0.1367,0.5015,0.1791,1.04,19.07,0.426,,1,1,17.036,0.2453
271.579,0.4672,0.1506,0.5008,0.1978,1.04,19.07,0.429,,1,1,17.036,0.2453
271.612,0.4775,0.1640,0.5089,0.2060,1.04,19.06,0.430,,1,1,17.036,0.2453
271.658,0.4891,0.1807,0.5150,0.2185,1.00,19.10,0.436,,1,1,17.036,0.2453
271.687,0.4947,0.1848,0.5148,0.1996,0.97,19.15,0.438,,1,1,17.036,0.2453
271.713,0.4989,0.1863,0.5149,0.1921,0.96,19.21,0.441,,1,1,17.036,0.2453
271.744,0.5022,0.1872,0.5135,0.1902,0.92,19.31,0.441,,1,1,17.036,0.2453
271.771,0.5046,0.1828,0.5135,0.1661,0.90,19.36,0.440,,1,1,17.036,0.2453
271.796,0.5059,0.1793,0.5114,0.1643,0.90,19.39,0.442,,1,1,17.036,0.2453
271.850,0.5093,0.1882,0.5158,0.2054,0.87,19.40,0.448,,1,1,17.036,0.2453
271.882,0.5107,0.1909,0.5153,0.2000,0.85,19.40,0.450,,1,1,17.036,0.2453
271.914,0.5113,0.1870,0.5132,0.1742,0.83,19.40,0.449,,1,1,17.036,0.2453
271.947,0.5118,0.1820,0.5134,0.1654,0.82,19.40,0.448,,1,1,17.036,0.2453
271.979,0.5138,0.1863,0.5203,0.2001,0.82,19.40,0.441,,1,1,17.036,0.2453
272.011,0.5161,0.1945,0.5235,0.2206,0.82,19.38,0.436,,1,1,17.036,0.2453
272.044,0.5261,0.2577,0.5574,0.4498,0.85,19.30,0.303,,1,1,17.036,0.2453
272.074,0.5282,0.3305,0.5354,0.5660,0.88,19.16,0.209,,1,1,17.036,0.2453
272.107,0.5349,0.3903,0.5564,0.5644,0.90,19.08,0.249,,1,1,17.036,0.2453
272.141,0.5448,0.4320,0.5744,0.5450,0.93,19.01,0.269,,1,1,17.036,0.2453
272.178,0.5561,0.4345,0.5880,0.4409,0.95,19.04,0.326,,1,1,17.036,0.2453
272.218,0.5651,0.4291,0.5884,0.4159,0.95,19.07,0.347,,1,1,17.036,0.2453
272.252,0.5725,0.4164,0.5951,0.3787,0.94,19.13,0.376,,1,1,17.036,0.2453
272.282,0.5789,0.3825,0.6007,0.2652,0.93,19.16,0.395,,1,1,17.036,0.2453
272.316,0.5887,0.3543,0.6188,0.2661,0.94,19.16,0.404,,1,1,17.036,0.2453
272.347,0.5953,0.3258,0.6173,0.2301,0.94,19.18,0.419,,1,1,17.036,0.2453
272.379,0.6013,0.3039,0.6206,0.2336,0.94,19.18,0.424,,1,1,17.036,0.2453
272.411,0.6055,0.2846,0.6190,0.2239,0.94,19.18,0.430,,1,1,17.036,0.2453
272.442,0.6090,0.2669,0.6206,0.2093,0.94,19.17,0.430,,1,1,17.036,0.2453
272.475,0.6113,0.2466,0.6186,0.1854,0.94,19.15,0.433,,1,1,17.036,0.2453
272.507,0.6129,0.2272,0.6181,0.1662,0.92,19.13,0.435,,1,1,17.036,0.2453
272.540,0.6157,0.2089,0.6243,0.1532,0.90,19.13,0.436,,1,1,17.036,0.2453
272.571,0.6187,0.1966,0.6289,0.1576,0.88,19.07,0.443,,1,1,17.036,0.2453
272.602,0.6201,0.1819,0.6247,0.1339,0.85,19.05,0.445,,1,1,17.036,0.2453
272.634,0.6219,0.1663,0.6278,0.1175,0.83,19.05,0.451,,1,1,17.036,0.2453
272.667,0.6262,0.1545,0.6401,0.1184,0.80,19.00,0.452,,1,1,17.036,0.2453
272.698,0.6324,0.1364,0.6532,0.0781,0.77,18.92,0.449,,1,1,17.036,0.2453
272.730,0.6429,0.1036,0.6763,0.0051,0.74,18.81,0.451,,1,1,17.036,0.2453
272.777,0.6607,0.0675,0.7003,-0.0092,0.71,18.68,0.446,,1,1,17.036,0.2453
272.811,0.6777,0.0504,0.7280,0.0017,0.69,18.58,0.449,,1,1,17.036,0.2453
272.844,0.6970,0.0413,0.7576,0.0134,0.67,18.53,0.445,,1,1,17.036,0.2453
272.875,0.7180,0.0194,0.7862,-0.0822,0.65,18.38,0.446,,1,1,17.036,0.2453
272.907,0.7401,0.0026,0.8102,-0.0778,0.64,18.22,0.446,,1,1,17.036,0.2453
272.937,0.7635,0.0000,0.8395,-0.1057,0.62,18.02,0.451,,1,1,17.036,0.2453
272.972,0.7898,0.0000,0.8660,-0.0286,0.62,17.91,0.447,,1,1,17.036,0.2453
273.003,0.8136,0.0000,0.8884,-0.1360,0.60,17.81,0.449,,1,1,17.036,0.2453
273.035,0.8432,0.0000,0.9324,-0.0634,0.60,17.77,0.444,,1,1,17.036,0.2453
273.068,0.8722,0.0000,0.9586,-0.0233,0.60,17.75,0.437,,1,1,17.036,0.2453
273.098,0.9020,0.0000,0.9978,-0.0183,0.60,17.59,0.436,,1,1,17.036,0.2453
273.129,0.9281,0.0000,1.0092,0.0185,0.61,17.51,0.439,,1,1,17.036,0.2453
273.163,0.9530,0.0000,1.0233,-0.0034,0.60,17.37,0.434,,1,1,17.036,0.2453
273.193,0.9715,0.0000,1.0312,0.0134,0.57,17.06,0.431,,1,1,17.036,0.2453
273.226,0.9878,0.0000,1.0367,-0.0200,0.53,16.76,0.431,,1,1,17.036,0.2453
273.258,1.0000,0.0084,1.0400,0.0705,0.52,16.67,0.428,,1,1,17.036,0.2453
273.291,1.0000,0.0264,1.0480,0.0817,0.50,16.32,0.427,,1,1,17.036,0.2453
273.337,1.0000,0.0225,1.0614,0.0135,0.49,16.00,0.426,,1,1,17.036,0.2453
273.371,1.0000,0.0254,1.0579,0.0345,0.49,15.87,0.427,,1,1,17.036,0.2453
273.404,1.0000,0.0258,1.0512,0.0268,0.47,15.75,0.424,,1,1,17.036,0.2453
273.434,1.0000,0.0284,1.0468,0.0375,0.47,15.61,0.422,,1,1,17.036,0.2453
273.466,1.0000,0.0361,1.0214,0.0615,0.47,15.47,0.390,,1,1,17.036,0.2453
273.498,1.0000,0.0942,1.0349,0.2762,0.49,15.24,0.284,,1,1,17.036,0.2453
273.536,1.0000,0.2257,1.0111,0.5573,0.47,14.58,0.145,,1,1,17.036,0.2453
273.562,1.0000,0.3108,0.9952,0.5982,0.47,14.05,0.136,,1,1,17.036,0.2453
273.595,1.0000,0.3986,0.9764,0.6382,0.47,13.49,0.137,,1,1,17.036,0.2453
273.627,1.0000,0.4844,0.9717,0.7149,0.50,13.20,0.168,,1,1,17.036,0.2453
273.658,0.9899,0.5328,0.9494,0.6708,0.54,13.16,0.185,,1,1,17.036,0.2453
273.690,0.9778,0.5744,0.9389,0.6875,0.58,13.16,0.207,,1,1,17.036,0.2453
273.723,0.9634,0.6039,0.9181,0.6839,0.62,13.05,0.223,,1,1,17.036,0.2453
273.756,0.9492,0.6371,0.9048,0.7278,0.68,13.01,0.234,,1,1,17.036,0.2453
273.787,0.9366,0.6708,0.8960,0.7667,0.74,13.01,0.243,,1,1,17.036,0.2453
273.851,0.9073,0.6862,0.8598,0.7090,0.82,12.97,0.256,,1,1,17.036,0.2453
273.883,0.8940,0.7005,0.8525,0.7423,0.85,13.04,0.264,,1,1,17.036,0.2453
273.930,0.8803,0.7180,0.8503,0.7542,0.90,13.18,0.264,,1,1,17.036,0.2453
273.963,0.8729,0.7324,0.8494,0.7753,0.93,13.24,0.264,,1,1,17.036,0.2453
273.991,0.8670,0.7438,0.8457,0.7828,0.94,13.26,0.265,,1,1,17.036,0.2453
274.018,0.8617,0.7511,0.8414,0.7781,0.96,13.37,0.270,,1,1,17.036,0.2453
274.042,0.8574,0.7675,0.8399,0.8321,0.97,13.44,0.282,,1,1,17.036,0.2453
274.071,0.8534,0.7833,0.8384,0.8383,0.99,13.54,0.287,,1,1,17.036,0.2453
274.098,0.8494,0.8073,0.8350,0.8908,1.02,13.60,0.299,,1,1,17.036,0.2453
274.125,0.8417,0.8174,0.8118,0.8546,1.05,13.67,0.291,,1,1,17.036,0.2453
274.154,0.8349,0.8313,0.8107,0.8785,1.07,13.77,0.291,,1,1,17.036,0.2453
274.187,0.8279,0.8394,0.8063,0.8636,1.08,13.94,0.294,,1,1,17.036,0.2453
274.250,0.8188,0.8477,0.8038,0.8611,1.07,14.27,0.294,,1,1,17.036,0.2453
274.283,0.8141,0.8499,0.7994,0.8564,1.07,14.37,0.294,,1,1,17.036,0.2453
274.315,0.8103,0.8501,0.7981,0.8507,1.07,14.37,0.290,,1,1,17.036,0.2453
274.346,0.8083,0.8642,0.8015,0.9101,1.08,14.37,0.289,,1,1,17.036,0.2453
274.378,0.7998,0.8797,0.7726,0.9285,1.08,14.26,0.273,,1,1,17.036,0.2453
274.410,0.7888,0.8855,0.7528,0.9040,1.08,14.17,0.270,,1,1,17.036,0.2453
274.442,0.7813,0.8894,0.7577,0.9016,1.08,14.11,0.270,,1,1,17.036,0.2453
274.489,0.7732,0.8942,0.7552,0.9048,1.07,14.02,0.246,,1,1,17.036,0.2453
274.523,0.7654,0.8924,0.7414,0.8868,1.06,13.94,0.246,,1,1,17.036,0.2453
274.551,0.7590,0.8894,0.7354,0.8784,1.06,13.86,0.245,,1,1,17.036,0.2453
274.576,0.7547,0.8843,0.7367,0.8629,1.06,13.81,0.243,,1,1,17.036,0.2453
274.604,0.7505,0.8875,0.7348,0.8994,1.06,13.79,0.249,,1,1,17.036,0.2453
274.651,0.7451,0.8934,0.7335,0.9064,1.07,13.76,0.245,,1,1,17.036,0.2453
274.683,0.7427,0.9003,0.7346,0.9232,1.07,13.76,0.245,,1,1,17.036,0.2453
274.715,0.7404,0.9043,0.7330,0.9169,1.06,13.74,0.251,,1,1,17.036,0.2453
274.748,0.7339,0.8954,0.7124,0.8652,1.06,13.72,0.249,,1,1,17.036,0.2453
274.779,0.7282,0.8905,0.7099,0.8744,1.06,13.67,0.255,,1,1,17.036,0.2453
274.810,0.7196,0.8864,0.6913,0.8725,1.06,13.66,0.260,,1,1,17.036,0.2453
274.843,0.7111,0.8735,0.6846,0.8325,1.05,13.68,0.264,,1,1,17.036,0.2453
274.874,0.7040,0.8705,0.6803,0.8603,1.04,13.65,0.267,,1,1,17.036,0.2453
274.907,0.6960,0.8689,0.6712,0.8638,1.04,13.63,0.273,,1,1,17.036,0.2453
274.939,0.6908,0.8739,0.6739,0.8903,1.03,13.57,0.273,,1,1,17.036,0.2453
274.971,0.6791,0.8691,0.6413,0.8531,1.02,13.58,0.278,,1,1,17.036,0.2453
275.003,0.6628,0.8657,0.6109,0.8546,1.00,13.67,0.296,,1,1,17.036,0.2453
275.049,0.6273,0.8354,0.5491,0.7670,0.96,13.85,0.305,,1,1,17.036,0.2453
275.081,0.6036,0.8122,0.5297,0.7382,0.93,14.02,0.311,,1,1,17.036,0.2453
275.114,0.5782,0.7854,0.5015,0.7031,0.92,14.16,0.324,,1,1,17.036,0.2453
275.147,0.5548,0.7540,0.4835,0.6580,0.91,14.29,0.335,,1,1,17.036,0.2453
275.179,0.5334,0.7164,0.4671,0.6006,0.90,14.35,0.341,,1,1,17.036,0.2453
275.211,0.5206,0.7077,0.4810,0.6804,0.91,14.43,0.338,,1,1,17.036,0.2453
275.243,0.5018,0.6866,0.4441,0.6222,0.92,14.50,0.335,,1,1,17.036,0.2453
275.275,0.4814,0.6602,0.4188,0.5800,0.92,14.61,0.333,,1,1,17.036,0.2453
275.308,0.4714,0.6681,0.4411,0.6919,0.92,14.72,0.339,,1,1,17.036,0.2453
275.339,0.4675,0.6814,0.4552,0.7253,0.93,14.79,0.339,,1,1,17.036,0.2453
275.370,0.4640,0.6964,0.4525,0.7472,0.95,14.87,0.340,,1,1,17.036,0.2453
275.404,0.4588,0.6999,0.4433,0.7106,0.96,14.94,0.340,,1,1,17.036,0.2453
275.435,0.4552,0.7075,0.4436,0.7330,0.97,15.00,0.338,,1,1,17.036,0.2453
275.468,0.4547,0.7154,0.4529,0.7416,0.98,15.04,0.335,,1,1,17.036,0.2453
275.500,0.4569,0.7204,0.4638,0.7366,0.98,15.07,0.332,,1,1,17.036,0.2453
275.530,0.4582,0.7210,0.4627,0.7229,0.98,15.03,0.333,,1,1,17.036,0.2453
275.563,0.4618,0.7173,0.4731,0.7052,0.98,15.03,0.328,,1,1,17.036,0.2453
275.594,0.4636,0.7169,0.4699,0.7158,1.00,15.00,0.330,,1,1,17.036,0.2453
275.642,0.4667,0.7187,0.4735,0.7225,1.02,14.93,0.326,,1,1,17.036,0.2453
275.674,0.4689,0.7268,0.4760,0.7533,1.04,14.89,0.324,,1,1,17.036,0.2453
275.706,0.4708,0.7315,0.4773,0.7468,1.05,14.86,0.320,,1,1,17.036,0.2453
275.740,0.4722,0.7403,0.4764,0.7677,1.06,14.86,0.317,,1,1,17.036,0.2453
275.771,0.4753,0.7484,0.4860,0.7756,1.06,14.86,0.304,,1,1,17.036,0.2453
275.802,0.4798,0.7629,0.4952,0.8120,1.08,14.85,0.303,,1,1,17.036,0.2453
275.834,0.4809,0.7695,0.4847,0.7903,1.08,14.87,0.303,,1,1,17.036,0.2453
275.866,0.4809,0.7785,0.4806,0.8090,1.08,14.92,0.310,,1,1,17.036,0.2453
275.898,0.4796,0.7842,0.4758,0.8019,1.07,14.99,0.311,,1,1,17.036,0.2453
275.930,0.4800,0.7940,0.4814,0.8256,1.06,15.12,0.303,,1,1,17.036,0.2453
275.962,0.4888,0.8498,0.5180,1.0271,1.08,15.07,0.121,,1,1,17.036,0.2453
275.993,0.5052,0.8986,0.5599,1.2914,1.10,14.91,0.067,,1,1,17.036,0.2453
276.026,0.5189,0.9369,0.5622,1.2684,1.10,14.71,0.086,,1,1,17.036,0.2453
276.060,0.5129,0.9462,0.4948,0.9724,1.07,14.67,0.251,,1,1,17.036,0.2453
276.090,0.5001,0.8849,0.4550,0.6737,1.03,14.66,0.339,,1,1,17.036,0.2453
276.123,0.4752,0.7790,0.3959,0.4543,0.98,14.64,0.396,,1,1,17.036,0.2453
276.154,0.4491,0.6572,0.3618,0.2846,0.93,14.69,0.420,,1,1,17.036,0.2453
276.202,0.4220,0.5224,0.3647,0.2682,0.86,14.82,0.428,,1,1,17.036,0.2453
276.235,0.4065,0.4455,0.3583,0.2360,0.82,14.97,0.434,,1,1,17.036,0.2453
276.267,0.3972,0.3892,0.3680,0.2332,0.78,15.15,0.436,,1,1,17.036,0.2453
276.298,0.3891,0.3500,0.3625,0.2368,0.74,15.18,0.447,,1,1,17.036,0.2453
276.331,0.3835,0.3139,0.3660,0.2148,0.71,15.21,0.447,,1,1,17.036,0.2453
276.363,0.3803,0.2877,0.3694,0.2099,0.67,15.26,0.449,,1,1,17.036,0.2453
276.396,0.3779,0.2643,0.3707,0.2019,0.63,15.35,0.449,,1,1,17.036,0.2453
276.427,0.3759,0.2425,0.3691,0.1764,0.60,15.44,0.441,,1,1,17.036,0.2453
276.459,0.3772,0.2315,0.3817,0.1990,0.57,15.53,0.442,,1,1,17.036,0.2453
276.491,0.3758,0.2160,0.3713,0.1708,0.54,15.65,0.445,,1,1,17.036,0.2453
276.523,0.3734,0.2009,0.3656,0.1552,0.52,15.74,0.446,,1,1,17.036,0.2453
276.555,0.3731,0.1991,0.3719,0.1936,0.52,15.78,0.447,,1,1,17.036,0.2453
276.588,0.3740,0.1987,0.3771,0.1975,0.52,15.82,0.444,,1,1,17.036,0.2453
276.650,0.3745,0.1837,0.3753,0.1599,0.49,15.89,0.446,,1,1,17.036,0.2453
276.683,0.3783,0.1844,0.3907,0.1864,0.50,15.97,0.445,,1,1,17.036,0.2453
276.713,0.3897,0.2023,0.4286,0.2630,0.51,16.07,0.442,,1,1,17.036,0.2453
276.761,0.4013,0.2158,0.4270,0.2456,0.51,16.30,0.440,,1,1,17.036,0.2453
276.796,0.4072,0.2086,0.4249,0.1874,0.51,16.47,0.434,,1,1,17.036,0.2453
276.824,0.4100,0.1991,0.4204,0.1636,0.50,16.59,0.432,,1,1,17.036,0.2453
276.850,0.4142,0.1881,0.4310,0.1445,0.47,16.80,0.427,,1,1,17.036,0.2453
276.875,0.4112,0.1798,0.3987,0.1456,0.45,16.92,0.424,,1,1,17.036,0.2453
276.904,0.3962,0.1442,0.3402,0.0189,0.42,17.05,0.419,,1,1,17.036,0.2453
276.931,0.3840,0.1281,0.3371,0.0687,0.41,17.15,0.392,,1,1,17.036,0.2453
276.958,0.3878,0.2305,0.4028,0.6171,0.44,17.01,0.099,,1,1,17.036,0.2453
276.987,0.3903,0.3276,0.3989,0.6443,0.46,16.73,0.088,,1,1,17.036,0.2453
277.050,0.3733,0.4708,0.3446,0.6874,0.51,16.29,0.207,,1,1,17.036,0.2453
277.084,0.3551,0.4910,0.3000,0.5470,0.52,16.24,0.272,,1,1,17.036,0.2453
277.114,0.3421,0.4944,0.2980,0.5052,0.51,16.29,0.340,,1,1,17.036,0.2453
277.147,0.3270,0.4586,0.2789,0.3474,0.51,16.38,0.379,,1,1,17.036,0.2453
277.180,0.3158,0.4265,0.2813,0.3265,0.49,16.46,0.407,,1,1,17.036,0.2453
277.212,0.3064,0.3973,0.2764,0.3007,0.48,16.59,0.423,,1,1,17.036,0.2453
277.240,0.2978,0.3618,0.2666,0.2315,0.47,16.69,0.431,,1,1,17.036,0.2453
277.274,0.2899,0.3270,0.2656,0.2221,0.46,16.81,0.429,,1,1,17.036,0.2453
277.324,0.2817,0.2845,0.2650,0.1997,0.44,17.05,0.434,,1,1,17.036,0.2453
277.354,0.2767,0.2629,0.2595,0.1902,0.42,17.17,0.438,,1,1,17.036,0.2453
277.379,0.2711,0.2443,0.2480,0.1709,0.41,17.28,0.440,,1,1,17.036,0.2453
277.407,0.2631,0.2160,0.2338,0.1168,0.41,17.41,0.444,,1,1,17.036,0.2453
277.448,0.2512,0.1881,0.2219,0.1226,0.38,17.58,0.443,,1,1,17.036,0.2453
277.483,0.2410,0.1716,0.2111,0.1252,0.35,17.76,0.443,,1,1,17.036,0.2453
277.515,0.2342,0.1671,0.2119,0.1527,0.33,17.92,0.450,,1,1,17.036,0.2453
277.546,0.2274,0.1655,0.2055,0.1605,0.31,18.05,0.453,,1,1,17.036,0.2453
277.578,0.2140,0.1574,0.1707,0.1316,0.32,18.18,0.451,,1,1,17.036,0.2453
277.610,0.1973,0.1371,0.1445,0.0742,0.32,18.30,0.454,,1,1,17.036,0.2453
277.642,0.1852,0.1259,0.1471,0.0909,0.32,18.42,0.456,,1,1,17.036,0.2453
277.676,0.1787,0.1187,0.1583,0.0964,0.31,18.55,0.458,,1,1,17.036,0.2453
277.707,0.1761,0.1142,0.1679,0.1000,0.29,18.66,0.458,,1,1,17.036,0.2453
277.739,0.1703,0.1048,0.1515,0.0752,0.29,18.74,0.459,,1,1,17.036,0.2453
277.771,0.1667,0.0967,0.1553,0.0709,0.28,18.82,0.456,,1,1,17.036,0.2453
277.802,0.1663,0.1007,0.1647,0.1139,0.27,18.90,0.451,,1,1,17.036,0.2453
277.834,0.1720,0.1117,0.1910,0.1474,0.25,18.99,0.446,,1,1,17.036,0.2453
277.866,0.1767,0.1244,0.1918,0.1664,0.24,19.07,0.454,,1,1,17.036,0.2453
277.914,0.1811,0.1372,0.1908,0.1653,0.20,19.26,0.449,,1,1,17.036,0.2453
277.946,0.1844,0.1524,0.1953,0.2021,0.18,19.38,0.447,,1,1,17.036,0.2453
277.979,0.1883,0.1696,0.2009,0.2239,0.18,19.43,0.444,,1,1,17.036,0.2453
278.011,0.1883,0.1783,0.1882,0.2063,0.19,19.46,0.442,,1,1,17.036,0.2453
278.043,0.1916,0.1902,0.2028,0.2287,0.20,19.45,0.443,,1,1,17.036,0.2453
278.074,0.1937,0.2017,0.2008,0.2399,0.20,19.47,0.442,,1,1,17.036,0.2453
278.106,0.1972,0.2200,0.2087,0.2782,0.20,19.46,0.443,,1,1,17.036,0.2453
278.139,0.1985,0.2405,0.2030,0.3057,0.20,19.47,0.442,,1,1,17.036,0.2453
278.170,0.2002,0.2628,0.2057,0.3315,0.20,19.47,0.452,,1,1,17.036,0.2453
278.202,0.2024,0.2875,0.2096,0.3644,0.20,19.47,0.445,,1,1,17.036,0.2453
278.235,0.2028,0.3096,0.2039,0.3775,0.20,19.48,0.442,,1,1,17.036,0.2453
278.267,0.2017,0.3290,0.1981,0.3880,0.21,19.49,0.440,,1,1,17.036,0.2453
278.299,0.1911,0.3376,0.1567,0.3640,0.21,19.50,0.389,,1,1,17.036,0.2453
278.330,0.1903,0.4161,0.1872,0.6580,0.23,19.39,0.231,,1,1,17.036,0.2453
278.362,0.1956,0.5105,0.2139,0.7916,0.28,19.27,0.162,,1,1,17.036,0.2453
278.395,0.2033,0.6168,0.2277,0.8988,0.30,19.14,0.171,,1,1,17.036,0.2453
278.427,0.2182,0.6962,0.2668,0.9117,0.33,19.04,0.196,,1,1,17.036,0.2453
278.473,0.2323,0.7704,0.2637,0.9104,0.36,18.89,0.222,,1,1,17.036,0.2453
278.507,0.2474,0.8395,0.2938,1.0203,0.38,18.80,0.244,,1,1,17.036,0.2453
278.539,0.2578,0.8815,0.2924,1.0011,0.39,18.71,0.242,,1,1,17.036,0.2453
278.572,0.2669,0.9200,0.2948,1.0216,0.42,18.62,0.248,,1,1,17.036,0.2453
278.604,0.2662,0.9380,0.2639,0.9905,0.44,18.59,0.255,,1,1,17.036,0.2453
278.635,0.2678,0.9672,0.2730,1.0503,0.47,18.59,0.253,,1,1,17.036,0.2453
278.666,0.2691,0.9882,0.2734,1.0580,0.49,18.60,0.256,,1,1,17.036,0.2453
278.697,0.2713,1.0000,0.2785,1.0677,0.48,18.64,0.257,,1,1,17.036,0.2453
278.733,0.2776,1.0000,0.2955,1.1032,0.47,18.68,0.266,,1,1,17.036,0.2453
278.766,0.2841,1.0000,0.3049,1.1195,0.48,18.71,0.273,,1,1,17.036,0.2453
278.798,0.2869,1.0000,0.2960,1.1100,0.51,18.71,0.271,,1,1,17.036,0.2453
278.827,0.2875,1.0000,0.2898,1.1208,0.53,18.64,0.263,,1,1,17.036,0.2453
278.857,0.2855,1.0000,0.2784,1.1162,0.56,18.61,0.276,,1,1,17.036,0.2453
278.891,0.2834,1.0000,0.2771,1.1314,0.60,18.57,0.278,,1,1,17.036,0.2453
278.923,0.2845,1.0000,0.2878,1.1364,0.63,18.48,0.277,,1,1,17.036,0.2453
278.955,0.2945,1.0000,0.3274,1.1542,0.67,18.45,0.276,,1,1,17.036,0.2453
278.987,0.3034,1.0000,0.3324,1.1501,0.68,18.47,0.281,,1,1,17.036,0.2453
279.069,0.3297,1.0000,0.3630,1.1991,0.73,18.57,0.300,,1,1,17.036,0.2453
279.095,0.3368,1.0000,0.3651,1.2180,0.76,18.60,0.307,,1,1,17.036,0.2453
279.122,0.3442,1.0000,0.3733,1.2267,0.78,18.64,0.310,,1,1,17.036,0.2453
279.148,0.3506,1.0000,0.3756,1.2108,0.81,18.70,0.309,,1,1,17.036,0.2453
279.174,0.3555,1.0000,0.3745,1.2209,0.84,18.76,0.311,,1,1,17.036,0.2453
279.204,0.3648,1.0000,0.3968,1.2116,0.86,18.81,0.313,,1,1,17.036,0.2453
279.233,0.3715,1.0000,0.3959,1.0967,0.86,18.83,0.323,,1,1,17.036,0.2453
279.260,0.3785,1.0000,0.4043,1.0602,0.85,18.89,0.349,,1,1,17.036,0.2453
279.295,0.3853,1.0000,0.4063,1.0039,0.86,18.91,0.370,,1,1,17.036,0.2453
279.323,0.3889,1.0000,0.4017,0.9869,0.87,18.94,0.375,,1,1,17.036,0.2453
279.355,0.3922,0.9933,0.4027,0.8848,0.85,19.01,0.403,,1,1,17.036,0.2453
279.386,0.3961,0.9525,0.4094,0.8183,0.84,19.12,0.418,,1,1,17.036,0.2453
279.451,0.4099,0.8300,0.4316,0.6476,0.79,19.16,0.450,,1,1,17.036,0.2453
279.483,0.4163,0.7770,0.4373,0.6179,0.78,19.21,0.448,,1,1,17.036,0.2453
279.514,0.4268,0.7429,0.4628,0.6341,0.78,19.26,0.450,,1,1,17.036,0.2453
279.546,0.4390,0.7039,0.4774,0.5913,0.75,19.30,0.464,,1,1,17.036,0.2453
279.593,0.4561,0.6366,0.4928,0.5036,0.70,19.34,0.464,,1,1,17.036,0.2453
279.627,0.4703,0.6024,0.5145,0.5051,0.66,19.34,0.475,,1,1,17.036,0.2453
279.655,0.4817,0.5765,0.5212,0.4929,0.62,19.33,0.474,,1,1,17.036,0.2453
279.684,0.4889,0.5382,0.5152,0.4099,0.59,19.36,0.482,,1,1,17.036,0.2453
279.709,0.4937,0.4955,0.5128,0.3436,0.56,19.39,0.481,,1,1,17.036,0.2453
279.737,0.4990,0.4380,0.5184,0.2513,0.52,19.37,0.481,,1,1,17.036,0.2453
279.763,0.5058,0.4004,0.5325,0.2709,0.50,19.28,0.472,,1,1,17.036,0.2453
279.791,0.5135,0.3678,0.5421,0.2615,0.48,19.26,0.473,,1,1,17.036,0.2453
279.851,0.5309,0.3331,0.5601,0.2801,0.45,19.10,0.474,,1,1,17.036,0.2453
279.883,0.5390,0.3186,0.5660,0.2748,0.43,19.05,0.474,,1,1,17.036,0.2453
279.915,0.5473,0.3081,0.5733,0.2772,0.39,19.04,0.473,,1,1,17.036,0.2453
279.947,0.5580,0.2939,0.5925,0.2510,0.37,19.04,0.478,,1,1,17.036,0.2453
279.977,0.5666,0.2656,0.5952,0.1770,0.32,19.03,0.475,,1,1,17.036,0.2453
280.011,0.5741,0.2424,0.5970,0.1757,0.30,19.00,0.470,,1,1,17.036,0.2453
280.042,0.5821,0.2274,0.6087,0.1807,0.28,18.99,0.467,,1,1,17.036,0.2453
280.075,0.5841,0.1839,0.5900,0.0589,0.27,18.99,0.468,,1,1,17.036,0.2453
280.107,0.5877,0.1601,0.5996,0.0881,0.27,18.96,0.464,,1,1,17.036,0.2453
280.139,0.5910,0.1410,0.6015,0.0844,0.27,18.89,0.466,,1,1,17.036,0.2453
280.188,0.6052,0.1355,0.6350,0.1245,0.29,18.83,0.464,,1,1,17.036,0.2453
280.219,0.6134,0.1325,0.6406,0.1227,0.33,18.86,0.463,,1,1,17.036,0.2453
280.250,0.6203,0.1350,0.6431,0.1431,0.35,18.80,0.459,,1,1,17.036,0.2453
280.285,0.6291,0.1438,0.6551,0.1697,0.37,18.79,0.459,,1,1,17.036,0.2453
280.314,0.6354,0.1466,0.6580,0.1563,0.39,18.79,0.458,,1,1,17.036,0.2453
280.348,0.6427,0.1470,0.6645,0.1485,0.41,18.78,0.462,,1,1,17.036,0.2453
280.378,0.6544,0.1535,0.6965,0.1773,0.43,18.79,0.463,,1,1,17.036,0.2453
280.411,0.6680,0.1495,0.7091,0.1372,0.45,18.76,0.464,,1,1,17.036,0.2453
280.443,0.6799,0.1596,0.7171,0.1925,0.47,18.73,0.465,,1,1,17.036,0.2453
280.475,0.6890,0.1570,0.7186,0.1481,0.48,18.70,0.466,,1,1,17.036,0.2453
280.507,0.6991,0.1469,0.7312,0.1140,0.48,18.66,0.466,,1,1,17.036,0.2453
280.539,0.7091,0.1438,0.7405,0.1338,0.48,18.59,0.468,,1,1,17.036,0.2453
280.572,0.7181,0.1543,0.7457,0.1873,0.49,18.55,0.467,,1,1,17.036,0.2453
280.603,0.7288,0.1802,0.7650,0.2696,0.49,18.50,0.471,,1,1,17.036,0.2453
280.635,0.7390,0.2112,0.7722,0.3124,0.47,18.44,0.473,,1,1,17.036,0.2453
280.667,0.7481,0.2296,0.7761,0.2863,0.43,18.29,0.478,,1,1,17.036,0.2453
280.699,0.7567,0.2356,0.7844,0.2550,0.40,18.19,0.473,,1,1,17.036,0.2453
280.746,0.7663,0.2407,0.7869,0.2515,0.36,17.95,0.472,,1,1,17.036,0.2453
280.779,0.7754,0.2487,0.8038,0.2740,0.33,17.84,0.474,,1,1,17.036,0.2453
280.809,0.7835,0.2512,0.8105,0.2594,0.31,17.74,0.473,,1,1,17.036,0.2453
280.843,0.7909,0.2539,0.8138,0.2623,0.28,17.68,0.473,,1,1,17.036,0.2453
280.874,0.7971,0.2587,0.8175,0.2745,0.26,17.59,0.473,,1,1,17.036,0.2453
280.906,0.8033,0.2698,0.8231,0.3051,0.24,17.49,0.472,,1,1,17.036,0.2453
280.939,0.8082,0.2742,0.8243,0.2888,0.23,17.43,0.476,,1,1,17.036,0.2453
280.971,0.8122,0.2809,0.8248,0.3018,0.21,17.34,0.480,,1,1,17.036,0.2453
281.003,0.8152,0.2800,0.8247,0.2771,0.20,17.20,0.481,,1,1,17.036,0.2453
281.034,0.8182,0.2800,0.8284,0.2799,0.19,17.11,0.479,,1,1,17.036,0.2453
281.067,0.8209,0.2811,0.8293,0.2845,0.19,17.03,0.481,,1,1,17.036,0.2453
281.098,0.8229,0.2828,0.8297,0.2886,0.19,16.92,0.487,,1,1,17.036,0.2453
281.131,0.8245,0.2874,0.8296,0.3015,0.18,16.80,0.489,,1,1,17.036,0.2453
281.163,0.8253,0.2916,0.8280,0.3054,0.17,16.74,0.486,,1,1,17.036,0.2453
281.195,0.8258,0.2929,0.8275,0.2973,0.16,16.70,0.490,,1,1,17.036,0.2453
281.227,0.8266,0.2983,0.8291,0.3154,0.15,16.65,0.488,,1,1,17.036,0.2453
281.259,0.8272,0.2983,0.8290,0.2984,0.14,16.61,0.491,,1,1,17.036,0.2453
281.306,0.8279,0.2973,0.8296,0.2951,0.13,16.64,0.485,,1,1,17.036,0.2453
281.339,0.8292,0.3115,0.8332,0.3571,0.13,16.68,0.461,,1,1,17.036,0.2453
281.370,0.8328,0.3571,0.8447,0.5031,0.17,16.70,0.372,,1,1,17.036,0.2453
281.402,0.8412,0.4629,0.8688,0.7795,0.23,16.70,0.305,,1,1,17.036,0.2453
281.436,0.8473,0.5530,0.8666,0.7994,0.29,16.72,0.299,,1,1,17.036,0.2453
281.466,0.8565,0.6378,0.8881,0.8883,0.34,16.70,0.297,,1,1,17.036,0.2453
281.500,0.8666,0.7150,0.8986,0.9242,0.39,16.68,0.312,,1,1,17.036,0.2453
281.531,0.8736,0.7778,0.8961,0.9469,0.43,16.70,0.312,,1,1,17.036,0.2453
281.563,0.8797,0.8274,0.9000,0.9680,0.46,16.63,0.317,,1,1,17.036,0.2453
281.595,0.8886,0.8687,0.9163,0.9791,0.49,16.54,0.312,,1,1,17.036,0.2453
281.626,0.8989,0.9067,0.9337,1.0166,0.52,16.49,0.305,,1,1,17.036,0.2453
281.659,0.9092,0.9455,0.9409,1.1272,0.55,16.45,0.304,,1,1,17.036,0.2453
281.691,0.9168,0.9727,0.9411,1.1385,0.58,16.35,0.304,,1,1,17.036,0.2453
281.723,0.9231,0.9926,0.9437,1.1660,0.61,16.28,0.304,,1,1,17.036,0.2453
281.755,0.9276,1.0000,0.9416,1.1873,0.63,16.18,0.309,,1,1,17.036,0.2453
281.788,0.9291,1.0000,0.9339,1.2167,0.64,16.10,0.315,,1,1,17.036,0.2453
281.871,0.9338,1.0000,0.9397,1.2040,0.68,15.90,0.316,,1,1,17.036,0.2453
281.898,0.9337,1.0000,0.9333,1.2218,0.69,15.90,0.318,,1,1,17.036,0.2453
281.924,0.9329,1.0000,0.9296,1.2259,0.70,15.94,0.320,,1,1,17.036,0.2453
281.950,0.9324,1.0000,0.9303,1.2275,0.72,15.98,0.310,,1,1,17.036,0.2453
281.977,0.9273,1.0000,0.9071,1.2402,0.72,15.98,0.307,,1,1,17.036,0.2453
282.004,0.9127,1.0000,0.8559,1.2364,0.73,15.92,0.284,,1,1,17.036,0.2453
282.030,0.8939,1.0000,0.8160,1.2358,0.73,15.87,0.283,,1,1,17.036,0.2453
282.060,0.8696,1.0000,0.7904,1.2773,0.74,15.78,0.286,,1,1,17.036,0.2453
282.091,0.8484,1.0000,0.7761,1.2528,0.74,15.72,0.295,,1,1,17.036,0.2453
282.125,0.8281,1.0000,0.7701,1.2025,0.73,15.64,0.283,,1,1,17.036,0.2453
282.155,0.8021,1.0000,0.7153,1.1420,0.72,15.52,0.295,,1,1,17.036,0.2453
282.189,0.7706,1.0000,0.6784,1.1569,0.70,15.39,0.308,,1,1,17.036,0.2453
282.249,0.7010,1.0000,0.5889,1.1611,0.71,15.60,0.332,,1,1,17.036,0.2453
282.281,0.6731,1.0000,0.5878,1.2090,0.71,15.71,0.340,,1,1,17.036,0.2453
282.314,0.6473,1.0000,0.5717,1.2613,0.70,15.77,0.350,,1,1,17.036,0.2453
282.345,0.6254,1.0000,0.5548,1.2142,0.69,15.87,0.357,,1,1,17.036,0.2453
282.380,0.5974,1.0000,0.5196,1.1846,0.67,16.03,0.367,,1,1,17.036,0.2453
282.412,0.5652,1.0000,0.4692,1.1059,0.67,16.22,0.373,,1,1,17.036,0.2453
282.457,0.5288,1.0000,0.4509,1.1003,0.67,16.31,0.381,,1,1,17.036,0.2453
282.491,0.5054,1.0000,0.4377,1.0842,0.66,16.36,0.379,,1,1,17.036,0.2453
282.517,0.4907,1.0000,0.4361,1.0827,0.65,16.39,0.380,,1,1,17.036,0.2453
282.542,0.4784,1.0000,0.4307,1.0862,0.64,16.45,0.378,,1,1,17.036,0.2453
282.567,0.4657,1.0000,0.4179,1.1251,0.62,16.51,0.386,,1,1,17.036,0.2453
282.593,0.4567,1.0000,0.4216,1.1401,0.62,16.56,0.389,,1,1,17.036,0.2453
282.653,0.4259,1.0000,0.3754,1.0985,0.58,16.87,0.382,,1,1,17.036,0.2453
282.684,0.4097,1.0000,0.3583,1.0706,0.57,17.00,0.385,,1,1,17.036,0.2453
282.715,0.3993,1.0000,0.3656,1.0655,0.56,17.12,0.382,,1,1,17.036,0.2453
282.746,0.3923,1.0000,0.3698,1.0900,0.56,17.23,0.379,,1,1,17.036,0.2453
282.778,0.3864,1.0000,0.3678,1.0848,0.57,17.32,0.377,,1,1,17.036,0.2453
282.811,0.3800,1.0000,0.3607,1.0828,0.56,17.44,0.373,,1,1,17.036,0.2453
282.842,0.3761,1.0000,0.3635,1.0697,0.56,17.57,0.371,,1,1,17.036,0.2453
282.875,0.3741,1.0000,0.3681,1.0863,0.57,17.74,0.366,,1,1,17.036,0.2453
282.907,0.3716,1.0000,0.3637,1.0947,0.58,17.86,0.360,,1,1,17.036,0.2453
282.939,0.3717,1.0000,0.3717,1.0993,0.59,17.98,0.359,,1,1,17.036,0.2453
282.971,0.3713,1.0000,0.3703,1.1038,0.59,18.06,0.346,,1,1,17.036,0.2453
283.019,0.3661,1.0000,0.3549,1.0785,0.59,18.07,0.334,,1,1,17.036,0.2453
283.052,0.3586,1.0000,0.3346,1.0487,0.59,18.08,0.340,,1,1,17.036,0.2453
283.082,0.3531,1.0000,0.3342,1.0460,0.59,18.14,0.339,,1,1,17.036,0.2453
283.113,0.3506,1.0000,0.3425,1.0623,0.59,18.19,0.335,,1,1,17.036,0.2453
283.146,0.3496,1.0000,0.3462,1.0951,0.60,18.24,0.332,,1,1,17.036,0.2453
283.180,0.3492,1.0000,0.3482,1.0924,0.60,18.26,0.329,,1,1,17.036,0.2453
283.212,0.3499,1.0000,0.3520,1.0981,0.60,18.27,0.339,,1,1,17.036,0.2453
283.242,0.3502,1.0000,0.3512,1.0962,0.60,18.26,0.345,,1,1,17.036,0.2453
283.274,0.3538,1.0000,0.3653,1.0981,0.61,18.29,0.348,,1,1,17.036,0.2453
283.307,0.3579,1.0000,0.3712,1.0969,0.62,18.28,0.334,,1,1,17.036,0.2453
283.339,0.3581,1.0000,0.3586,0.9777,0.63,18.30,0.358,,1,1,17.036,0.2453
283.371,0.3503,0.9581,0.3255,0.7300,0.62,18.36,0.403,,1,1,17.036,0.2453
283.404,0.3409,0.8638,0.3103,0.5865,0.61,18.42,0.452,,1,1,17.036,0.2453
283.435,0.3296,0.7826,0.2920,0.5435,0.59,18.49,0.457,,1,1,17.036,0.2453
283.466,0.3159,0.7214,0.2702,0.5432,0.57,18.56,0.458,,1,1,17.036,0.2453
283.498,0.3058,0.6727,0.2729,0.5337,0.54,18.57,0.453,,1,1,17.036,0.2453
283.531,0.2977,0.6385,0.2724,0.5446,0.51,18.58,0.459,,1,1,17.036,0.2453
283.580,0.2898,0.6018,0.2731,0.5322,0.46,18.63,0.463,,1,1,17.036,0.2453
283.611,0.2862,0.5863,0.2745,0.5403,0.44,18.61,0.465,,1,1,17.036,0.2453
283.643,0.2848,0.5763,0.2801,0.5465,0.41,18.62,0.465,,1,1,17.036,0.2453
283.677,0.2832,0.5688,0.2781,0.5463,0.38,18.64,0.465,,1,1,17.036,0.2453
283.706,0.2796,0.5529,0.2674,0.5032,0.35,18.68,0.471,,1,1,17.036,0.2453
283.740,0.2710,0.5281,0.2448,0.4570,0.32,18.70,0.475,,1,1,17.036,0.2453
283.770,0.2676,0.5128,0.2557,0.4639,0.29,18.74,0.476,,1,1,17.036,0.2453
283.802,0.2652,0.5012,0.2572,0.4645,0.26,18.79,0.475,,1,1,17.036,0.2453
283.837,0.2626,0.5011,0.2548,0.5008,0.25,18.82,0.474,,1,1,17.036,0.2453
283.867,0.2617,0.5008,0.2587,0.4998,0.23,18.83,0.473,,1,1,17.036,0.2453
283.899,0.2577,0.4987,0.2447,0.4919,0.21,18.82,0.473,,1,1,17.036,0.2453
283.931,0.2533,0.4946,0.2389,0.4821,0.19,18.80,0.471,,1,1,17.036,0.2453
283.962,0.2501,0.4898,0.2393,0.4736,0.17,18.82,0.473,,1,1,17.036,0.2453
283.993,0.2437,0.4789,0.2225,0.4436,0.15,18.88,0.472,,1,1,17.036,0.2453
284.028,0.2405,0.4712,0.2306,0.4486,0.13,18.91,0.469,,1,1,17.036,0.2453
284.060,0.2372,0.4639,0.2267,0.4407,0.11,18.93,0.470,,1,1,17.036,0.2453
284.090,0.2348,0.4574,0.2262,0.4350,0.10,18.94,0.472,,1,1,17.036,0.2453
284.122,0.2342,0.4518,0.2326,0.4344,0.10,18.92,0.474,,1,1,17.036,0.2453
284.171,0.2350,0.4468,0.2366,0.4360,0.08,18.91,0.477,,1,1,17.036,0.2453
284.203,0.2376,0.4482,0.2459,0.4524,0.08,18.93,0.476,,1,1,17.036,0.2453
284.235,0.2390,0.4479,0.2436,0.4471,0.08,18.95,0.476,,1,1,17.036,0.2453
284.267,0.2400,0.4472,0.2434,0.4450,0.08,18.95,0.475,,1,1,17.036,0.2453
284.298,0.2367,0.4400,0.2256,0.4157,0.07,18.96,0.477,,1,1,17.036,0.2453
284.330,0.2341,0.4317,0.2253,0.4041,0.06,18.96,0.473,,1,1,17.036,0.2453
284.362,0.2315,0.4202,0.2231,0.3837,0.05,18.99,0.471,,1,1,17.036,0.2453
284.394,0.2293,0.4105,0.2218,0.3794,0.05,18.95,0.471,,1,1,17.036,0.2453
284.426,0.2286,0.4057,0.2265,0.3903,0.05,18.92,0.467,,1,1,17.036,0.2453
284.459,0.2313,0.4047,0.2398,0.4013,0.05,18.89,0.466,,1,1,17.036,0.2453
284.492,0.2451,0.4013,0.2897,0.3906,0.05,18.92,0.456,,1,1,17.036,0.2453
284.523,0.2793,0.4022,0.3917,0.4052,0.05,19.01,0.454,,1,1,17.036,0.2453
284.555,0.3135,0.3991,0.4220,0.3888,0.05,19.11,0.458,,1,1,17.036,0.2453
284.587,0.3446,0.4004,0.4416,0.4048,0.06,19.17,0.462,,1,1,17.036,0.2453
284.652,0.4026,0.4059,0.4904,0.4146,0.08,19.34,0.456,,1,1,17.036,0.2453
284.683,0.4320,0.4218,0.5279,0.4775,0.08,19.42,0.459,,1,1,17.036,0.2453
284.730,0.4603,0.4265,0.5190,0.4370,0.10,19.51,0.458,,1,1,17.036,0.2453
284.762,0.4755,0.4218,0.5228,0.4059,0.10,19.59,0.458,,1,1,17.036,0.2453
284.789,0.4866,0.4217,0.5273,0.4213,0.10,19.65,0.457,,1,1,17.036,0.2453
284.822,0.4983,0.4248,0.5331,0.4347,0.11,19.71,0.467,,1,1,17.036,0.2453
284.855,0.5071,0.4247,0.5341,0.4244,0.11,19.78,0.469,,1,1,17.036,0.2453
284.881,0.5117,0.4163,0.5299,0.3817,0.10,19.84,0.472,,1,1,17.036,0.2453
284.909,0.5160,0.4047,0.5318,0.3605,0.10,19.85,0.469,,1,1,17.036,0.2453
284.934,0.5186,0.3953,0.5285,0.3579,0.11,19.89,0.471,,1,1,17.036,0.2453
284.959,0.5207,0.3914,0.5292,0.3755,0.11,19.92,0.472,,1,1,17.036,0.2453
284.989,0.5232,0.3864,0.5322,0.3684,0.11,19.93,0.472,,1,1,17.036,0.2453
285.053,0.5285,0.3637,0.5368,0.3270,0.12,19.82,0.472,,1,1,17.036,0.2453
285.083,0.5314,0.3534,0.5415,0.3187,0.12,19.81,0.474,,1,1,17.036,0.2453
285.115,0.5342,0.3463,0.5437,0.3227,0.11,19.80,0.476,,1,1,17.036,0.2453
285.149,0.5365,0.3418,0.5435,0.3283,0.11,19.78,0.473,,1,1,17.036,0.2453
285.178,0.5399,0.3424,0.5515,0.3445,0.11,19.78,0.472,,1,1,17.036,0.2453
285.211,0.5425,0.3426,0.5509,0.3431,0.10,19.80,0.475,,1,1,17.036,0.2453
285.244,0.5446,0.3447,0.5511,0.3517,0.10,19.82,0.477,,1,1,17.036,0.2453
285.290,0.5471,0.3455,0.5528,0.3471,0.12,19.83,0.475,,1,1,17.036,0.2453
285.323,0.5495,0.3513,0.5572,0.3697,0.13,19.82,0.475,,1,1,17.036,0.2453
285.353,0.5522,0.3587,0.5617,0.3850,0.13,19.82,0.475,,1,1,17.036,0.2453
285.380,0.5540,0.3608,0.5611,0.3692,0.14,19.82,0.470,,1,1,17.036,0.2453
285.406,0.5558,0.3649,0.5628,0.3809,0.14,19.85,0.471,,1,1,17.036,0.2453
285.450,0.5554,0.3623,0.5543,0.3560,0.14,19.95,0.476,,1,1,17.036,0.2453
285.484,0.5552,0.3613,0.5547,0.3582,0.14,20.02,0.482,,1,1,17.036,0.2453
285.515,0.5556,0.3605,0.5571,0.3577,0.15,20.06,0.483,,1,1,17.036,0.2453
285.547,0.5550,0.3596,0.5529,0.3567,0.16,20.10,0.484,,1,1,17.036,0.2453
285.577,0.5537,0.3570,0.5492,0.3479,0.17,20.11,0.484,,1,1,17.036,0.2453
285.609,0.5526,0.3543,0.5491,0.3454,0.18,20.11,0.487,,1,1,17.036,0.2453
285.642,0.5513,0.3515,0.5471,0.3426,0.19,20.11,0.489,,1,1,17.036,0.2453
285.673,0.5503,0.3500,0.5469,0.3446,0.20,20.12,0.489,,1,1,17.036,0.2453
285.707,0.5511,0.3472,0.5536,0.3385,0.21,20.10,0.490,,1,1,17.036,0.2453
285.740,0.5516,0.3442,0.5531,0.3346,0.21,20.06,0.492,,1,1,17.036,0.2453
285.771,0.5526,0.3415,0.5560,0.3326,0.21,20.02,0.490,,1,1,17.036,0.2453
285.805,0.5533,0.3431,0.5555,0.3480,0.20,19.99,0.493,,1,1,17.036,0.2453
285.850,0.5633,0.3892,0.5865,0.4955,0.19,20.00,0.462,,1,1,17.036,0.2453
285.882,0.5725,0.4502,0.6025,0.6399,0.20,20.03,0.391,,1,1,17.036,0.2453
285.915,0.5819,0.5331,0.6121,0.7769,0.22,20.02,0.317,,1,1,17.036,0.2453
285.946,0.5903,0.6200,0.6186,0.8804,0.26,19.99,0.313,,1,1,17.036,0.2453
285.978,0.5973,0.7077,0.6198,0.9515,0.29,19.97,0.318,,1,1,17.036,0.2453
286.010,0.6025,0.7754,0.6197,0.9636,0.33,19.92,0.332,,1,1,17.036,0.2453
286.043,0.6089,0.8425,0.6291,1.0254,0.38,19.86,0.344,,1,1,17.036,0.2453
286.075,0.6147,0.8991,0.6332,1.1043,0.42,19.77,0.349,,1,1,17.036,0.2453
286.109,0.6203,0.9411,0.6373,1.1388,0.46,19.68,0.351,,1,1,17.036,0.2453
286.141,0.6251,0.9700,0.6405,1.1474,0.50,19.64,0.352,,1,1,17.036,0.2453
286.170,0.6292,0.9889,0.6444,1.1495,0.51,19.60,0.353,,1,1,17.036,0.2453
286.204,0.6339,1.0000,0.6482,1.1504,0.54,19.55,0.351,,1,1,17.036,0.2453
286.236,0.6373,1.0000,0.6482,1.1802,0.58,19.51,0.353,,1,1,17.036,0.2453
286.266,0.6391,1.0000,0.6453,1.1755,0.61,19.49,0.356,,1,1,17.036,0.2453
286.298,0.6419,1.0000,0.6509,1.2238,0.64,19.46,0.365,,1,1,17.036,0.2453
286.330,0.6439,1.0000,0.6507,1.2396,0.68,19.40,0.365,,1,1,17.036,0.2453
286.361,0.6441,1.0000,0.6449,1.2456,0.72,19.38,0.358,,1,1,17.036,0.2453
286.395,0.6384,1.0000,0.6208,1.2422,0.75,19.36,0.353,,1,1,17.036,0.2453
286.443,0.6287,1.0000,0.6072,1.2683,0.80,19.33,0.355,,1,1,17.036,0.2453
286.476,0.6192,1.0000,0.5890,1.2013,0.82,19.30,0.364,,1,1,17.036,0.2453
286.507,0.6111,1.0000,0.5839,1.1236,0.84,19.27,0.367,,1,1,17.036,0.2453
286.538,0.5996,1.0000,0.5608,0.9168,0.82,19.24,0.408,,1,1,17.036,0.2453
286.571,0.5869,0.9522,0.5470,0.7499,0.79,19.27,0.446,,1,1,17.036,0.2453
286.603,0.5776,0.8982,0.5473,0.7310,0.76,19.27,0.449,,1,1,17.036,0.2453
286.637,0.5674,0.8445,0.5367,0.6916,0.72,19.26,0.465,,1,1,17.036,0.2453
286.667,0.5610,0.8097,0.5391,0.6988,0.70,19.26,0.465,,1,1,17.036,0.2453
286.700,0.5559,0.7740,0.5397,0.6705,0.67,19.23,0.467,,1,1,17.036,0.2453
286.731,0.5523,0.7457,0.5405,0.6587,0.65,19.22,0.470,,1,1,17.036,0.2453
286.766,0.5498,0.7182,0.5426,0.6443,0.62,19.22,0.476,,1,1,17.036,0.2453
286.801,0.5492,0.7000,0.5472,0.6502,0.59,19.21,0.475,,1,1,17.036,0.2453
286.837,0.5492,0.6843,0.5495,0.6411,0.56,19.20,0.476,,1,1,17.036,0.2453
286.863,0.5494,0.6754,0.5499,0.6426,0.54,19.21,0.480,,1,1,17.036,0.2453
286.890,0.5489,0.6690,0.5471,0.6451,0.51,19.21,0.479,,1,1,17.036,0.2453
286.923,0.5427,0.6409,0.5232,0.5592,0.48,19.22,0.482,,1,1,17.036,0.2453
286.954,0.5363,0.6103,0.5150,0.5148,0.47,19.27,0.481,,1,1,17.036,0.2453
287.003,0.5243,0.5568,0.4985,0.4498,0.45,19.33,0.483,,1,1,17.036,0.2453
287.037,0.5169,0.5294,0.4948,0.4528,0.44,19.36,0.482,,1,1,17.036,0.2453
287.066,0.5134,0.5159,0.5004,0.4702,0.43,19.36,0.483,,1,1,17.036,0.2453
287.099,0.5099,0.4996,0.4988,0.4510,0.42,19.34,0.487,,1,1,17.036,0.2453
287.131,0.5069,0.4846,0.4974,0.4393,0.41,19.31,0.488,,1,1,17.036,0.2453
287.162,0.5048,0.4665,0.4976,0.4092,0.39,19.30,0.487,,1,1,17.036,0.2453
287.194,0.5042,0.4461,0.5025,0.3850,0.39,19.24,0.485,,1,1,17.036,0.2453
287.227,0.5056,0.4218,0.5098,0.3480,0.38,19.16,0.477,,1,1,17.036,0.2453
287.259,0.5065,0.3901,0.5097,0.2947,0.36,19.16,0.479,,1,1,17.036,0.2453
287.290,0.5119,0.3724,0.5301,0.3179,0.34,19.16,0.473,,1,1,17.036,0.2453
287.322,0.5172,0.3528,0.5349,0.2923,0.33,19.17,0.477,,1,1,17.036,0.2453
287.354,0.5192,0.3163,0.5256,0.2068,0.31,19.24,0.462,,1,1,17.036,0.2453
287.387,0.5196,0.2706,0.5212,0.1378,0.31,19.26,0.452,,1,1,17.036,0.2453
287.453,0.5196,0.1793,0.5194,0.0478,0.37,19.35,0.453,,1,1,17.036,0.2453
287.482,0.5216,0.1501,0.5289,0.0552,0.38,19.40,0.455,,1,1,17.036,0.2453
287.514,0.5232,0.1172,0.5283,0.0206,0.41,19.45,0.453,,1,1,17.036,0.2453
287.563,0.5297,0.0895,0.5438,0.0349,0.46,19.43,0.453,,1,1,17.036,0.2453
287.595,0.5349,0.0643,0.5521,-0.0107,0.46,19.38,0.458,,1,1,17.036,0.2453
287.623,0.5383,0.0411,0.5512,-0.0400,0.47,19.34,0.458,,1,1,17.036,0.2453
287.651,0.5428,0.0205,0.5596,-0.0979,0.48,19.33,0.460,,1,1,17.036,0.2453
287.676,0.5459,0.0057,0.5587,-0.1200,0.48,19.31,0.461,,1,1,17.036,0.2453
287.704,0.5495,0.0000,0.5633,-0.1223,0.48,19.27,0.459,,1,1,17.036,0.2453
287.730,0.5542,0.0000,0.5729,-0.1073,0.50,19.25,0.455,,1,1,17.036,0.2453
287.758,0.5611,0.0000,0.5871,-0.1771,0.50,19.20,0.455,,1,1,17.036,0.2453
287.787,0.5695,0.0000,0.5986,-0.1508,0.49,19.17,0.459,,1,1,17.036,0.2453
287.851,0.5923,0.0000,0.6295,-0.1047,0.45,19.23,0.458,,1,1,17.036,0.2453
287.884,0.6055,0.0000,0.6469,-0.1052,0.45,19.25,0.453,,1,1,17.036,0.2453
287.914,0.6177,0.0000,0.6587,-0.1563,0.45,19.18,0.455,,1,1,17.036,0.2453
287.947,0.6300,0.0000,0.6685,-0.1444,0.46,19.12,0.463,,1,1,17.036,0.2453
287.979,0.6412,0.0000,0.6765,-0.1803,0.46,19.09,0.461,,1,1,17.036,0.2453
288.012,0.6523,0.0000,0.6872,-0.1411,0.46,19.04,0.466,,1,1,17.036,0.2453
288.043,0.6665,0.0000,0.7123,-0.0977,0.47,18.98,0.464,,1,1,17.036,0.2453
288.074,0.6804,0.0000,0.7252,-0.0973,0.47,18.89,0.461,,1,1,17.036,0.2453
288.122,0.6992,0.0000,0.7390,-0.0583,0.48,18.74,0.462,,1,1,17.036,0.2453
288.155,0.7118,0.0000,0.7515,-0.0502,0.47,18.63,0.467,,1,1,17.036,0.2453
288.182,0.7210,0.0000,0.7550,-0.0509,0.47,18.54,0.471,,1,1,17.036,0.2453
288.209,0.7308,0.0000,0.7669,-0.0492,0.46,18.39,0.466,,1,1,17.036,0.2453
288.250,0.7496,0.0000,0.7961,0.0484,0.42,17.99,0.465,,1,1,17.036,0.2453
288.283,0.7664,0.0071,0.8179,0.0985,0.38,17.78,0.470,,1,1,17.036,0.2453
288.315,0.7825,0.0416,0.8336,0.1522,0.34,17.57,0.474,,1,1,17.036,0.2453
288.347,0.8000,0.0621,0.8547,0.1262,0.32,17.38,0.473,,1,1,17.036,0.2453
288.378,0.8142,0.0716,0.8598,0.1022,0.28,17.20,0.476,,1,1,17.036,0.2453
288.411,0.8268,0.0753,0.8651,0.0867,0.25,17.05,0.474,,1,1,17.036,0.2453
288.442,0.8388,0.0690,0.8772,0.0485,0.22,16.89,0.478,,1,1,17.036,0.2453
288.476,0.8458,0.0656,0.8667,0.0549,0.19,16.72,0.480,,1,1,17.036,0.2453
288.509,0.8522,0.0633,0.8723,0.0562,0.16,16.56,0.473,,1,1,17.036,0.2453
288.539,0.8572,0.0604,0.8744,0.0500,0.14,16.41,0.476,,1,1,17.036,0.2453
288.571,0.8654,0.0661,0.8904,0.0838,0.12,16.20,0.469,,1,1,17.036,0.2453
288.603,0.8703,0.0662,0.8857,0.0668,0.10,16.07,0.471,,1,1,17.036,0.2453
288.636,0.8736,0.0643,0.8842,0.0581,0.07,15.98,0.474,,1,1,17.036,0.2453
288.667,0.8767,0.0575,0.8870,0.0346,0.04,15.90,0.474,,1,1,17.036,0.2453
288.715,0.8792,0.0486,0.8848,0.0288,0.01,15.73,0.474,,1,1,17.036,0.2453
288.746,0.8811,0.0475,0.8873,0.0436,0.00,15.62,0.474,,1,1,17.036,0.2453
288.777,0.8819,0.0515,0.8848,0.0653,-0.01,15.47,0.474,,1,1,17.036,0.2453
288.811,0.8824,0.0604,0.8837,0.0883,-0.01,15.38,0.475,,1,1,17.036,0.2453
288.843,0.8823,0.0778,0.8822,0.1341,0.00,15.38,0.475,,1,1,17.036,0.2453
288.874,0.8820,0.0908,0.8809,0.1341,0.01,15.31,0.479,,1,1,17.036,0.2453
288.907,0.8821,0.1053,0.8826,0.1506,0.01,15.23,0.470,,1,1,17.036,0.2453
288.938,0.8833,0.1232,0.8875,0.1824,0.03,15.14,0.456,,1,1,17.036,0.2453
288.970,0.8890,0.2049,0.9073,0.4488,0.07,15.06,0.371,,1,1,17.036,0.2453
289.004,0.8947,0.3163,0.9127,0.6261,0.13,14.91,0.286,,1,1,17.036,0.2453
289.037,0.8996,0.4400,0.9151,0.7722,0.19,14.71,0.257,,1,1,17.036,0.2453
289.070,0.9042,0.5388,0.9183,0.7942,0.25,14.60,0.273,,1,1,17.036,0.2453
289.099,0.9071,0.6126,0.9177,0.8323,0.31,14.59,0.295,,1,1,17.036,0.2453
289.131,0.9083,0.6749,0.9124,0.8409,0.38,14.66,0.304,,1,1,17.036,0.2453
289.163,0.9097,0.7325,0.9142,0.8846,0.44,14.70,0.308,,1,1,17.036,0.2453
289.195,0.9092,0.7740,0.9075,0.8869,0.50,14.76,0.302,,1,1,17.036,0.2453
289.226,0.9101,0.8255,0.9132,0.9682,0.56,14.79,0.320,,1,1,17.036,0.2453
289.273,0.9126,0.8940,0.9180,1.0223,0.60,14.80,0.314,,1,1,17.036,0.2453
289.307,0.9139,0.9292,0.9182,1.0244,0.62,14.81,0.313,,1,1,17.036,0.2453
289.339,0.9153,0.9575,0.9199,1.0362,0.64,14.87,0.309,,1,1,17.036,0.2453
289.372,0.9197,0.9776,0.9336,1.0325,0.67,14.85,0.288,,1,1,17.036,0.2453
289.404,0.9213,0.9936,0.9264,1.0405,0.70,14.85,0.272,,1,1,17.036,0.2453
289.436,0.9257,1.0000,0.9403,1.0956,0.74,14.77,0.274,,1,1,17.036,0.2453
289.467,0.9302,1.0000,0.9452,1.1499,0.77,14.69,0.277,,1,1,17.036,0.2453
289.500,0.9335,1.0000,0.9440,1.1675,0.80,14.64,0.279,,1,1,17.036,0.2453
289.530,0.9359,1.0000,0.9442,1.2022,0.82,14.58,0.273,,1,1,17.036,0.2453
289.562,0.9359,1.0000,0.9358,1.1971,0.84,14.46,0.254,,1,1,17.036,0.2453
289.595,0.9359,1.0000,0.9362,1.2095,0.86,14.39,0.259,,1,1,17.036,0.2453
289.625,0.9377,1.0000,0.9437,1.2084,0.86,14.31,0.262,,1,1,17.036,0.2453
289.659,0.9386,1.0000,0.9415,1.1898,0.87,14.21,0.264,,1,1,17.036,0.2453
289.691,0.9387,1.0000,0.9389,1.1624,0.88,14.13,0.260,,1,1,17.036,0.2453
289.723,0.9350,1.0000,0.9228,1.1948,0.89,14.03,0.278,,1,1,17.036,0.2453
289.755,0.9238,1.0000,0.8860,1.1516,0.87,13.91,0.306,,1,1,17.036,0.2453
289.787,0.9050,1.0000,0.8459,1.0890,0.84,13.98,0.333,,1,1,17.036,0.2453
289.867,0.8778,1.0000,0.8422,1.0710,0.81,14.03,0.349,,1,1,17.036,0.2453
289.895,0.8696,1.0000,0.8396,1.0605,0.80,14.06,0.354,,1,1,17.036,0.2453
289.923,0.8571,1.0000,0.8106,0.9984,0.80,14.11,0.364,,1,1,17.036,0.2453
289.949,0.8480,1.0000,0.8123,1.0008,0.80,14.14,0.367,,1,1,17.036,0.2453
289.975,0.8345,1.0000,0.7816,0.9715,0.82,14.15,0.363,,1,1,17.036,0.2453
290.002,0.8182,1.0000,0.7574,1.0025,0.83,14.16,0.363,,1,1,17.036,0.2453
290.027,0.8055,1.0000,0.7548,1.0059,0.84,14.18,0.367,,1,1,17.036,0.2453
290.063,0.7903,1.0000,0.7474,0.9626,0.85,14.20,0.361,,1,1,17.036,0.2453
290.093,0.7806,0.9922,0.7482,0.9631,0.86,14.28,0.360,,1,1,17.036,0.2453
290.123,0.7728,0.9930,0.7466,0.9957,0.88,14.33,0.357,,1,1,17.036,0.2453
290.155,0.7610,1.0000,0.7232,1.0770,0.89,14.38,0.344,,1,1,17.036,0.2453
290.189,0.7310,1.0000,0.6439,1.0592,0.90,14.38,0.340,,1,1,17.036,0.2453
290.252,0.6708,1.0000,0.5770,1.0752,0.91,14.07,0.330,,1,1,17.036,0.2453
290.284,0.6417,1.0000,0.5474,1.0671,0.91,14.01,0.332,,1,1,17.036,0.2453
290.316,0.6141,1.0000,0.5327,1.0649,0.91,13.96,0.242,,1,1,17.036,0.2453
290.347,0.6090,1.0000,0.5928,1.3707,0.93,13.76,0.092,,1,1,17.036,0.2453
290.395,0.5974,1.0000,0.5730,1.3983,0.98,13.64,0.117,,1,1,17.036,0.2453
290.427,0.5829,1.0000,0.5386,1.2419,1.00,13.62,0.169,,1,1,17.036,0.2453
290.454,0.5708,1.0000,0.5247,1.1764,1.02,13.61,0.181,,1,1,17.036,0.2453
290.483,0.5533,1.0000,0.4935,1.0610,1.02,13.71,0.235,,1,1,17.036,0.2453
290.507,0.5394,1.0000,0.4815,1.0013,1.02,13.81,0.277,,1,1,17.036,0.2453
290.536,0.5227,1.0000,0.4663,0.9710,1.03,13.92,0.296,,1,1,17.036,0.2453
290.563,0.5109,1.0000,0.4683,0.9951,1.03,14.04,0.315,,1,1,17.036,0.2453
290.589,0.5017,1.0000,0.4669,1.0073,1.03,14.16,0.333,,1,1,17.036,0.2453
290.650,0.4911,1.0000,0.4736,1.0011,1.06,14.40,0.334,,1,1,17.036,0.2453
290.682,0.4851,1.0000,0.4661,0.9982,1.07,14.46,0.339,,1,1,17.036,0.2453
290.714,0.4792,1.0000,0.4602,1.0397,1.08,14.56,0.342,,1,1,17.036,0.2453
290.746,0.4724,1.0000,0.4511,1.0163,1.09,14.65,0.348,,1,1,17.036,0.2453
290.779,0.4675,1.0000,0.4514,0.9994,1.07,14.74,0.352,,1,1,17.036,0.2453
290.810,0.4628,1.0000,0.4480,0.9778,1.06,14.83,0.355,,1,1,17.036,0.2453
290.842,0.4552,0.9914,0.4311,0.9517,1.04,14.98,0.360,,1,1,17.036,0.2453
290.874,0.4456,0.9591,0.4151,0.8578,1.04,15.11,0.374,,1,1,17.036,0.2453
290.907,0.4344,0.9018,0.3998,0.7292,1.02,15.21,0.429,,1,1,17.036,0.2453
290.938,0.4183,0.8397,0.3654,0.6466,1.01,15.29,0.461,,1,1,17.036,0.2453
290.987,0.4000,0.7685,0.3615,0.6291,0.95,15.46,0.462,,1,1,17.036,0.2453
291.020,0.3875,0.7227,0.3488,0.5909,0.93,15.60,0.455,,1,1,17.036,0.2453
291.053,0.3700,0.6909,0.3167,0.6005,0.90,15.67,0.397,,1,1,17.036,0.2453
291.083,0.3590,0.6711,0.3222,0.6090,0.89,15.76,0.350,,1,1,17.036,0.2453
291.115,0.3502,0.6597,0.3222,0.6258,0.88,15.83,0.352,,1,1,17.036,0.2453
291.149,0.3424,0.6451,0.3191,0.6032,0.88,15.96,0.357,,1,1,17.036,0.2453
291.184,0.3382,0.6353,0.3256,0.6070,0.88,16.09,0.362,,1,1,17.036,0.2453
291.211,0.3356,0.6254,0.3261,0.5914,0.87,16.22,0.373,,1,1,17.036,0.2453
291.243,0.3345,0.6169,0.3309,0.5907,0.86,16.34,0.377,,1,1,17.036,0.2453
291.275,0.3330,0.6098,0.3282,0.5867,0.85,16.44,0.379,,1,1,17.036,0.2453
291.307,0.3295,0.6015,0.3180,0.5757,0.85,16.53,0.382,,1,1,17.036,0.2453
291.338,0.3268,0.6007,0.3180,0.5984,0.87,16.62,0.381,,1,1,17.036,0.2453
291.371,0.3263,0.6020,0.3250,0.6060,0.89,16.66,0.383,,1,1,17.036,0.2453
291.404,0.3278,0.6135,0.3327,0.6500,0.91,16.70,0.385,,1,1,17.036,0.2453
291.434,0.3307,0.6309,0.3406,0.6907,0.93,16.75,0.379,,1,1,17.036,0.2453
291.468,0.3323,0.6561,0.3373,0.7379,0.95,16.78,0.373,,1,1,17.036,0.2453
291.499,0.3323,0.6687,0.3323,0.7091,0.97,16.84,0.370,,1,1,17.036,0.2453
291.545,0.3328,0.6983,0.3339,0.7642,0.99,16.96,0.371,,1,1,17.036,0.2453
291.580,0.3303,0.7117,0.3226,0.7517,1.01,17.04,0.374,,1,1,17.036,0.2453
291.610,0.3263,0.6748,0.3128,0.5476,1.00,17.15,0.410,,1,1,17.036,0.2453
291.641,0.3169,0.6242,0.2849,0.4562,0.97,17.30,0.437,,1,1,17.036,0.2453
291.676,0.3076,0.5739,0.2799,0.4307,0.93,17.42,0.447,,1,1,17.036,0.2453
291.706,0.3013,0.5302,0.2787,0.3834,0.89,17.53,0.450,,1,1,17.036,0.2453
291.738,0.2933,0.4861,0.2680,0.3570,0.85,17.62,0.452,,1,1,17.036,0.2453
291.770,0.2871,0.4488,0.2664,0.3348,0.81,17.73,0.452,,1,1,17.036,0.2453
291.802,0.2816,0.4181,0.2645,0.3299,0.76,17.87,0.454,,1,1,17.036,0.2453
291.836,0.2762,0.3900,0.2593,0.3097,0.72,17.93,0.453,,1,1,17.036,0.2453
291.868,0.2739,0.3708,0.2668,0.3134,0.69,17.98,0.453,,1,1,17.036,0.2453
291.898,0.2716,0.3548,0.2637,0.3044,0.65,18.02,0.458,,1,1,17.036,0.2453
291.931,0.2699,0.3468,0.2642,0.3226,0.63,18.06,0.456,,1,1,17.036,0.2453
291.963,0.2635,0.3293,0.2429,0.2762,0.61,18.13,0.457,,1,1,17.036,0.2453
291.995,0.2588,0.3145,0.2433,0.2691,0.60,18.25,0.458,,1,1,17.036,0.2453
292.028,0.2545,0.2936,0.2412,0.2313,0.58,18.36,0.460,,1,1,17.036,0.2453
292.060,0.2497,0.2684,0.2340,0.1909,0.54,18.45,0.461,,1,1,17.036,0.2453
292.106,0.2402,0.2402,0.2187,0.1806,0.51,18.61,0.458,,1,1,17.036,0.2453
292.138,0.2353,0.2263,0.2200,0.1846,0.50,18.71,0.460,,1,1,17.036,0.2453
292.175,0.2313,0.2212,0.2200,0.2072,0.49,18.77,0.459,,1,1,17.036,0.2453
292.204,0.2294,0.2198,0.2224,0.2152,0.48,18.77,0.458,,1,1,17.036,0.2453
292.235,0.2239,0.2166,0.2052,0.2062,0.48,18.76,0.456,,1,1,17.036,0.2453
292.268,0.2229,0.2219,0.2200,0.2382,0.48,18.76,0.454,,1,1,17.036,0.2453
292.299,0.2261,0.2283,0.2371,0.2495,0.47,18.76,0.455,,1,1,17.036,0.2453
292.331,0.2302,0.2381,0.2436,0.2698,0.45,18.76,0.449,,1,1,17.036,0.2453
292.363,0.2477,0.2579,0.3071,0.3255,0.44,18.78,0.451,,1,1,17.036,0.2453
292.395,0.2754,0.2722,0.3627,0.3177,0.44,18.83,0.454,,1,1,17.036,0.2453
292.426,0.2950,0.2823,0.3595,0.3165,0.44,18.93,0.448,,1,1,17.036,0.2453
292.459,0.3143,0.2928,0.3725,0.3251,0.44,19.02,0.448,,1,1,17.036,0.2453
292.494,0.3303,0.2895,0.3776,0.2796,0.46,19.11,0.445,,1,1,17.036,0.2453
292.523,0.3392,0.2817,0.3696,0.2539,0.48,19.21,0.444,,1,1,17.036,0.2453
292.555,0.3522,0.2823,0.3943,0.2843,0.49,19.32,0.441,,1,1,17.036,0.2453
292.586,0.3649,0.2821,0.4057,0.2814,0.51,19.44,0.440,,1,1,17.036,0.2453
292.651,0.3880,0.2972,0.4239,0.3215,0.51,19.60,0.441,,1,1,17.036,0.2453
292.698,0.3996,0.2969,0.4248,0.2963,0.52,19.68,0.443,,1,1,17.036,0.2453
292.724,0.4047,0.2967,0.4248,0.2957,0.53,19.71,0.443,,1,1,17.036,0.2453
292.752,0.4086,0.2971,0.4231,0.2986,0.54,19.73,0.443,,1,1,17.036,0.2453
292.780,0.4113,0.2964,0.4215,0.2939,0.54,19.81,0.441,,1,1,17.036,0.2453
292.805,0.4144,0.2989,0.4269,0.3090,0.53,19.92,0.440,,1,1,17.036,0.2453
292.830,0.4169,0.3035,0.4271,0.3226,0.51,20.03,0.446,,1,1,17.036,0.2453
292.859,0.4194,0.3095,0.4283,0.3310,0.50,20.12,0.446,,1,1,17.036,0.2453
292.890,0.4205,0.3074,0.4243,0.3002,0.49,20.21,0.440,,1,1,17.036,0.2453
292.923,0.4210,0.3049,0.4226,0.2972,0.49,20.25,0.439,,1,1,17.036,0.2453
292.954,0.4215,0.3014,0.4232,0.2892,0.49,20.29,0.438,,1,1,17.036,0.2453
292.987,0.4230,0.2991,0.4276,0.2916,0.49,20.32,0.440,,1,1,17.036,0.2453
293.051,0.4279,0.3006,0.4359,0.3031,0.48,20.38,0.438,,1,1,17.036,0.2453
293.083,0.4300,0.3098,0.4370,0.3402,0.47,20.41,0.442,,1,1,17.036,0.2453
293.115,0.4330,0.3263,0.4427,0.3795,0.47,20.45,0.435,,1,1,17.036,0.2453
293.148,0.4350,0.3374,0.4415,0.3724,0.47,20.49,0.439,,1,1,17.036,0.2453
293.182,0.4470,0.3435,0.4834,0.3619,0.47,20.50,0.451,,1,1,17.036,0.2453
293.210,0.4608,0.3339,0.5131,0.2972,0.46,20.50,0.480,,1,1,17.036,0.2453
293.259,0.4779,0.2472,0.5138,0.0653,0.40,20.37,0.485,,1,1,17.036,0.2453
293.291,0.4859,0.2049,0.5117,0.0727,0.36,20.31,0.499,,1,1,17.036,0.2453
293.320,0.4916,0.1737,0.5118,0.0679,0.33,20.27,0.507,,1,1,17.036,0.2453
293.347,0.4961,0.1491,0.5133,0.0601,0.30,20.24,0.505,,1,1,17.036,0.2453
293.373,0.5000,0.1291,0.5159,0.0530,0.28,20.21,0.502,,1,1,17.036,0.2453
293.401,0.5028,0.1038,0.5130,0.0162,0.28,20.17,0.500,,1,1,17.036,0.2453
293.452,0.5063,0.0745,0.5135,0.0188,0.28,20.18,0.498,,1,1,17.036,0.2453
293.482,0.5080,0.0635,0.5138,0.0280,0.29,20.18,0.496,,1,1,17.036,0.2453
293.515,0.5114,0.0562,0.5224,0.0339,0.29,20.19,0.488,,1,1,17.036,0.2453
293.548,0.5149,0.0588,0.5259,0.0665,0.29,20.19,0.489,,1,1,17.036,0.2453
293.579,0.5181,0.0540,0.5285,0.0390,0.29,20.17,0.487,,1,1,17.036,0.2453
293.612,0.5222,0.0543,0.5354,0.0551,0.29,20.15,0.487,,1,1,17.036,0.2453
293.642,0.5259,0.0633,0.5389,0.0949,0.29,20.16,0.486,,1,1,17.036,0.2453
293.676,0.5315,0.0733,0.5485,0.1032,0.31,20.13,0.481,,1,1,17.036,0.2453
293.707,0.5360,0.0618,0.5508,0.0237,0.31,20.14,0.477,,1,1,17.036,0.2453
293.738,0.5410,0.0586,0.5577,0.0476,0.31,20.14,0.459,,1,1,17.036,0.2453
293.770,0.5481,0.1215,0.5714,0.3240,0.34,20.12,0.291,,1,1,17.036,0.2453
293.817,0.5603,0.2463,0.5870,0.5056,0.42,19.94,0.245,,1,1,17.036,0.2453
293.851,0.5709,0.3149,0.6032,0.5068,0.48,19.89,0.269,,1,1,17.036,0.2453
293.884,0.5797,0.3626,0.6074,0.5004,0.53,19.82,0.276,,1,1,17.036,0.2453
293.915,0.5890,0.4054,0.6196,0.5328,0.58,19.71,0.286,,1,1,17.036,0.2453
293.948,0.5995,0.4496,0.6322,0.5737,0.64,19.61,0.292,,1,1,17.036,0.2453
293.977,0.6104,0.4821,0.6491,0.5862,0.68,19.55,0.303,,1,1,17.036,0.2453
294.011,0.6192,0.4992,0.6462,0.5471,0.72,19.51,0.323,,1,1,17.036,0.2453
294.043,0.6281,0.5157,0.6564,0.5648,0.77,19.43,0.335,,1,1,17.036,0.2453
294.075,0.6351,0.5267,0.6575,0.5594,0.82,19.37,0.346,,1,1,17.036,0.2453
294.105,0.6417,0.5389,0.6642,0.5781,0.86,19.27,0.361,,1,1,17.036,0.2453
294.139,0.6467,0.5445,0.6620,0.5604,0.87,19.18,0.372,,1,1,17.036,0.2453
294.170,0.6515,0.5471,0.6675,0.5555,0.87,19.11,0.375,,1,1,17.036,0.2453
294.203,0.6579,0.5372,0.6777,0.5075,0.87,19.04,0.390,,1,1,17.036,0.2453
294.236,0.6630,0.5258,0.6790,0.4904,0.85,19.01,0.391,,1,1,17.036,0.2453
294.268,0.6663,0.5150,0.6769,0.4805,0.84,19.00,0.406,,1,1,17.036,0.2453
294.300,0.6734,0.4997,0.6967,0.4483,0.83,18.99,0.409,,1,1,17.036,0.2453
294.331,0.6787,0.4758,0.6959,0.3967,0.82,18.94,0.421,,1,1,17.036,0.2453
294.378,0.6827,0.4362,0.6916,0.3487,0.79,18.74,0.426,,1,1,17.036,0.2453
294.412,0.6851,0.4081,0.6927,0.3229,0.78,18.62,0.434,,1,1,17.036,0.2453
294.442,0.6864,0.3750,0.6908,0.2671,0.77,18.55,0.448,,1,1,17.036,0.2453
294.475,0.6914,0.3389,0.7076,0.2296,0.75,18.48,0.460,,1,1,17.036,0.2453
294.506,0.6961,0.2958,0.7116,0.1612,0.73,18.40,0.463,,1,1,17.036,0.2453
294.537,0.7003,0.2676,0.7143,0.1817,0.70,18.35,0.465,,1,1,17.036,0.2453
294.571,0.7080,0.2399,0.7319,0.1604,0.67,18.21,0.470,,1,1,17.036,0.2453
294.603,0.7161,0.2152,0.7419,0.1412,0.65,18.09,0.478,,1,1,17.036,0.2453
294.634,0.7247,0.1974,0.7533,0.1423,0.61,17.92,0.477,,1,1,17.036,0.2453
294.668,0.7342,0.1883,0.7635,0.1619,0.61,17.81,0.482,,1,1,17.036,0.2453
294.699,0.7396,0.1719,0.7576,0.1204,0.59,17.70,0.485,,1,1,17.036,0.2453
294.731,0.7498,0.1706,0.7822,0.1667,0.58,17.64,0.479,,1,1,17.036,0.2453
294.762,0.7630,0.1851,0.8071,0.2332,0.56,17.67,0.480,,1,1,17.036,0.2453
294.794,0.7806,0.1772,0.8377,0.1517,0.53,17.52,0.477,,1,1,17.036,0.2453
294.826,0.8014,0.1689,0.8669,0.1428,0.49,17.30,0.474,,1,1,17.036,0.2453
294.857,0.8233,0.1598,0.8934,0.1300,0.45,17.18,0.466,,1,1,17.036,0.2453
294.891,0.8473,0.1640,0.9168,0.1765,0.44,16.95,0.463,,1,1,17.036,0.2453
294.922,0.8675,0.1739,0.9331,0.2075,0.44,16.80,0.457,,1,1,17.036,0.2453
294.970,0.8925,0.1849,0.9438,0.2089,0.43,16.38,0.455,,1,1,17.036,0.2453
295.003,0.9082,0.1976,0.9559,0.2385,0.44,16.05,0.454,,1,1,17.036,0.2453
295.035,0.9220,0.1916,0.9653,0.1713,0.38,15.69,0.453,,1,1,17.036,0.2453
295.068,0.9330,0.1893,0.9658,0.1821,0.35,15.50,0.450,,1,1,17.036,0.2453
295.099,0.9434,0.1940,0.9775,0.2102,0.33,15.39,0.450,,1,1,17.036,0.2453
295.130,0.9508,0.1962,0.9749,0.2039,0.31,15.33,0.451,,1,1,17.036,0.2453
295.163,0.9573,0.1920,0.9771,0.1784,0.27,15.21,0.448,,1,1,17.036,0.2453
295.194,0.9614,0.1880,0.9747,0.1745,0.24,15.09,0.449,,1,1,17.036,0.2453
295.227,0.9655,0.1886,0.9782,0.1908,0.22,15.00,0.450,,1,1,17.036,0.2453
295.259,0.9675,0.1958,0.9742,0.2198,0.21,14.93,0.453,,1,1,17.036,0.2453
295.289,0.9693,0.2035,0.9753,0.2299,0.21,14.83,0.446,,1,1,17.036,0.2453
295.324,0.9662,0.2123,0.9570,0.2392,0.21,14.75,0.445,,1,1,17.036,0.2453
295.354,0.9609,0.2222,0.9424,0.2562,0.21,14.69,0.444,,1,1,17.036,0.2453
295.386,0.9528,0.2370,0.9262,0.2851,0.21,14.67,0.444,,1,1,17.036,0.2453
295.453,0.9324,0.3564,0.8996,0.5373,0.21,13.84,0.222,,1,1,17.036,0.2453
295.484,0.9214,0.4692,0.8851,0.8028,0.24,13.51,0.158,,1,1,17.036,0.2453
295.530,0.9042,0.6404,0.8659,0.9686,0.27,12.91,0.109,,1,1,17.036,0.2453
295.563,0.9011,0.7449,0.8909,1.0260,0.30,12.53,0.134,,1,1,17.036,0.2453
295.590,0.9006,0.8183,0.8986,1.0471,0.33,12.19,0.148,,1,1,17.036,0.2453
295.618,0.8963,0.8749,0.8801,1.0543,0.38,12.06,0.163,,1,1,17.036,0.2453
295.643,0.8938,0.9146,0.8832,1.0839,0.42,12.00,0.188,,1,1,17.036,0.2453
295.669,0.8891,0.9461,0.8707,1.0941,0.45,11.94,0.196,,1,1,17.036,0.2453
295.696,0.8851,0.9710,0.8699,1.1561,0.50,11.93,0.220,,1,1,17.036,0.2453
295.722,0.8825,0.9886,0.8715,1.1621,0.54,11.94,0.228,,1,1,17.036,0.2453
295.754,0.8778,1.0000,0.8628,1.1484,0.58,12.05,0.237,,1,1,17.036,0.2453
295.787,0.8756,1.0000,0.8687,1.1588,0.62,12.18,0.236,,1,1,17.036,0.2453
295.852,0.8677,1.0000,0.8552,1.1133,0.69,12.40,0.259,,1,1,17.036,0.2453
295.886,0.8619,1.0000,0.8436,1.1518,0.72,12.52,0.260,,1,1,17.036,0.2453
295.915,0.8586,1.0000,0.8468,1.1685,0.76,12.59,0.259,,1,1,17.036,0.2453
295.945,0.8564,1.0000,0.8490,1.1727,0.77,12.68,0.263,,1,1,17.036,0.2453
295.979,0.8544,1.0000,0.8481,1.1644,0.78,12.79,0.271,,1,1,17.036,0.2453
296.010,0.8524,1.0000,0.8456,1.1750,0.80,12.88,0.274,,1,1,17.036,0.2453
296.043,0.8451,1.0000,0.8219,1.1806,0.83,12.94,0.264,,1,1,17.036,0.2453
296.089,0.8232,1.0000,0.7743,1.1105,0.84,13.01,0.270,,1,1,17.036,0.2453
296.121,0.8050,1.0000,0.7467,1.0491,0.84,13.08,0.286,,1,1,17.036,0.2453
296.153,0.7879,1.0000,0.7327,1.0186,0.85,13.15,0.292,,1,1,17.036,0.2453
296.180,0.7740,1.0000,0.7217,1.0248,0.86,13.23,0.296,,1,1,17.036,0.2453
296.207,0.7612,1.0000,0.7134,0.9936,0.86,13.40,0.300,,1,1,17.036,0.2453
296.251,0.7229,1.0000,0.6356,0.9613,0.87,13.60,0.307,,1,1,17.036,0.2453
296.283,0.6995,1.0000,0.6267,1.0514,0.88,13.69,0.309,,1,1,17.036,0.2453
296.314,0.6724,1.0000,0.5873,1.0540,0.89,13.86,0.315,,1,1,17.036,0.2453
296.348,0.6522,1.0000,0.5934,1.0850,0.89,13.97,0.320,,1,1,17.036,0.2453
296.379,0.6349,1.0000,0.5796,1.0326,0.88,14.19,0.322,,1,1,17.036,0.2453
296.411,0.6168,1.0000,0.5609,1.0304,0.90,14.38,0.326,,1,1,17.036,0.2453
296.443,0.5869,1.0000,0.4964,0.9579,0.90,14.59,0.329,,1,1,17.036,0.2453
296.475,0.5557,0.9960,0.4604,0.9362,0.90,14.74,0.339,,1,1,17.036,0.2453
296.508,0.5344,0.9806,0.4716,0.9326,0.89,14.89,0.354,,1,1,17.036,0.2453
296.537,0.5068,0.9513,0.4151,0.8495,0.89,15.01,0.377,,1,1,17.036,0.2453
296.570,0.4827,0.9325,0.4132,0.8757,0.91,15.24,0.378,,1,1,17.036,0.2453
296.603,0.4656,0.9168,0.4143,0.8678,0.92,15.39,0.396,,1,1,17.036,0.2453
296.650,0.4324,0.8818,0.3626,0.8061,0.90,15.53,0.397,,1,1,17.036,0.2453
296.685,0.4169,0.8673,0.3742,0.8266,0.89,15.60,0.402,,1,1,17.036,0.2453
296.714,0.4072,0.8551,0.3750,0.8135,0.89,15.72,0.404,,1,1,17.036,0.2453
296.747,0.4011,0.8480,0.3822,0.8260,0.89,15.84,0.401,,1,1,17.036,0.2453
296.781,0.3965,0.8454,0.3831,0.8376,0.89,15.93,0.404,,1,1,17.036,0.2453
296.809,0.3853,0.8372,0.3459,0.8081,0.89,15.98,0.404,,1,1,17.036,0.2453
296.842,0.3777,0.8414,0.3543,0.8548,0.90,15.98,0.407,,1,1,17.036,0.2453
296.875,0.3661,0.8354,0.3309,0.8169,0.90,16.05,0.404,,1,1,17.036,0.2453
296.905,0.3529,0.8268,0.3091,0.7979,0.90,16.14,0.402,,1,1,17.036,0.2453
296.940,0.3405,0.8282,0.3045,0.8322,0.90,16.20,0.390,,1,1,17.036,0.2453
296.970,0.3347,0.8340,0.3152,0.8542,0.90,16.23,0.386,,1,1,17.036,0.2453
297.003,0.3227,0.8334,0.2858,0.8313,0.91,16.30,0.378,,1,1,17.036,0.2453
297.035,0.3158,0.8376,0.2941,0.8515,0.93,16.37,0.376,,1,1,17.036,0.2453
297.066,0.3115,0.8411,0.2975,0.8530,0.94,16.50,0.365,,1,1,17.036,0.2453
297.098,0.3093,0.8467,0.3021,0.8656,0.93,16.62,0.357,,1,1,17.036,0.2453
297.135,0.3048,0.8518,0.2924,0.8662,0.94,16.75,0.354,,1,1,17.036,0.2453
297.163,0.3025,0.8547,0.2939,0.8656,0.93,16.83,0.353,,1,1,17.036,0.2453
297.195,0.3028,0.8664,0.3040,0.9045,0.92,16.83,0.346,,1,1,17.036,0.2453
297.243,0.3028,0.8723,0.3028,0.8855,0.94,16.82,0.344,,1,1,17.036,0.2453
297.273,0.3057,0.8828,0.3159,0.9192,0.96,16.85,0.336,,1,1,17.036,0.2453
297.305,0.3123,0.8849,0.3335,0.8915,0.98,16.88,0.335,,1,1,17.036,0.2453
297.337,0.3207,0.8868,0.3489,0.8932,1.00,16.91,0.319,,1,1,17.036,0.2453
297.371,0.3271,0.8862,0.3470,0.8844,1.01,17.00,0.320,,1,1,17.036,0.2453
297.402,0.3330,0.8950,0.3532,0.9246,1.02,17.05,0.320,,1,1,17.036,0.2453
297.435,0.3392,0.9014,0.3587,0.9216,1.04,17.12,0.320,,1,1,17.036,0.2453
297.467,0.3448,0.9097,0.3635,0.9370,1.05,17.21,0.321,,1,1,17.036,0.2453
297.500,0.3492,0.9161,0.3632,0.9360,1.06,17.29,0.326,,1,1,17.036,0.2453
297.530,0.3516,0.9214,0.3596,0.9398,1.06,17.28,0.322,,1,1,17.036,0.2453
297.563,0.3474,0.9167,0.3341,0.9018,1.08,17.30,0.320,,1,1,17.036,0.2453
297.594,0.3385,0.9092,0.3076,0.8836,1.11,17.28,0.328,,1,1,17.036,0.2453
297.627,0.3298,0.9009,0.3021,0.8740,1.12,17.28,0.336,,1,1,17.036,0.2453
297.659,0.3244,0.8989,0.3070,0.8924,1.13,17.27,0.337,,1,1,17.036,0.2453
297.692,0.3198,0.8992,0.3050,0.9004,1.13,17.30,0.351,,1,1,17.036,0.2453
297.723,0.3167,0.8977,0.3062,0.8926,1.12,17.33,0.362,,1,1,17.036,0.2453
297.753,0.3102,0.8908,0.2877,0.8665,1.11,17.37,0.364,,1,1,17.036,0.2453
297.801,0.2990,0.8801,0.2745,0.8566,1.13,17.41,0.364,,1,1,17.036,0.2453
297.834,0.2911,0.8739,0.2664,0.8543,1.14,17.40,0.366,,1,1,17.036,0.2453
297.866,0.2873,0.8779,0.2748,0.8912,1.15,17.40,0.369,,1,1,17.036,0.2453
297.898,0.2795,0.8758,0.2542,0.8688,1.16,17.40,0.371,,1,1,17.036,0.2453
297.932,0.2817,0.9015,0.2880,0.9796,1.16,17.34,0.372,,1,1,17.036,0.2453
297.963,0.2819,0.9156,0.2828,0.9635,1.16,17.30,0.381,,1,1,17.036,0.2453
297.993,0.2823,0.9257,0.2837,0.9601,1.16,17.31,0.380,,1,1,17.036,0.2453
298.026,0.2823,0.9284,0.2824,0.9371,1.15,17.32,0.382,,1,1,17.036,0.2453
298.060,0.2814,0.9311,0.2783,0.9394,1.15,17.31,0.382,,1,1,17.036,0.2453
298.090,0.2803,0.9296,0.2767,0.9246,1.14,17.32,0.386,,1,1,17.036,0.2453
298.125,0.2818,0.9280,0.2862,0.9231,1.14,17.33,0.392,,1,1,17.036,0.2453
298.155,0.2821,0.9189,0.2834,0.8874,1.12,17.36,0.391,,1,1,17.036,0.2453
298.184,0.2804,0.9064,0.2740,0.8613,1.12,17.39,0.386,,1,1,17.036,0.2453
298.250,0.2767,0.8821,0.2708,0.8434,1.09,17.54,0.389,,1,1,17.036,0.2453
298.283,0.2742,0.8675,0.2664,0.8224,1.08,17.62,0.386,,1,1,17.036,0.2453
298.314,0.2685,0.8497,0.2486,0.7897,1.07,17.68,0.385,,1,1,17.036,0.2453
298.362,0.2583,0.7906,0.2365,0.6677,1.04,17.79,0.415,,1,1,17.036,0.2453
298.395,0.2449,0.7198,0.2017,0.5077,1.01,17.89,0.434,,1,1,17.036,0.2453
298.422,0.2314,0.6514,0.1804,0.4172,0.97,17.98,0.443,,1,1,17.036,0.2453
298.447,0.2231,0.5988,0.1893,0.4071,0.94,18.07,0.450,,1,1,17.036,0.2453
298.471,0.2159,0.5559,0.1850,0.3942,0.91,18.09,0.452,,1,1,17.036,0.2453
298.498,0.2111,0.5200,0.1928,0.3991,0.89,18.09,0.452,,1,1,17.036,0.2453
298.524,0.2048,0.4841,0.1790,0.3557,0.87,18.13,0.456,,1,1,17.036,0.2453
298.555,0.2017,0.4483,0.1918,0.3478,0.85,18.17,0.460,,1,1,17.036,0.2453
298.586,0.2016,0.4256,0.2011,0.3591,0.82,18.22,0.459,,1,1,17.036,0.2453
298.651,0.2043,0.3915,0.2087,0.3418,0.79,18.31,0.457,,1,1,17.036,0.2453
298.684,0.2060,0.3764,0.2112,0.3333,0.76,18.37,0.458,,1,1,17.036,0.2453
298.717,0.2066,0.3533,0.2084,0.2867,0.73,18.42,0.461,,1,1,17.036,0.2453
298.748,0.2072,0.3343,0.2096,0.2753,0.70,18.47,0.457,,1,1,17.036,0.2453
298.780,0.2035,0.3156,0.1910,0.2590,0.68,18.50,0.454,,1,1,17.036,0.2453
298.812,0.2027,0.3043,0.2004,0.2706,0.66,18.55,0.456,,1,1,17.036,0.2453
298.844,0.2008,0.2936,0.1943,0.2608,0.63,18.63,0.459,,1,1,17.036,0.2453
298.874,0.2028,0.2952,0.2100,0.3005,0.60,18.69,0.461,,1,1,17.036,0.2453
298.907,0.2008,0.2907,0.1946,0.2773,0.57,18.80,0.458,,1,1,17.036,0.2453
298.954,0.1990,0.2847,0.1948,0.2716,0.54,18.92,0.460,,1,1,17.036,0.2453
298.981,0.1974,0.2798,0.1915,0.2621,0.52,18.97,0.461,,1,1,17.036,0.2453
299.010,0.1991,0.2829,0.2056,0.2942,0.51,18.99,0.458,,1,1,17.036,0.2453
299.055,0.1905,0.2822,0.1709,0.2808,0.49,19.00,0.455,,1,1,17.036,0.2453
299.094,0.1719,0.2577,0.1220,0.1935,0.47,18.95,0.455,,1,1,17.036,0.2453
299.120,0.1624,0.2451,0.1252,0.1964,0.47,18.91,0.455,,1,1,17.036,0.2453
299.148,0.1561,0.2315,0.1323,0.1821,0.46,18.91,0.453,,1,1,17.036,0.2453
299.178,0.1495,0.2212,0.1273,0.1873,0.44,18.89,0.452,,1,1,17.036,0.2453
299.210,0.1456,0.2101,0.1329,0.1746,0.42,18.92,0.451,,1,1,17.036,0.2453
299.243,0.1706,0.2280,0.2519,0.2846,0.41,18.96,0.451,,1,1,17.036,0.2453
299.273,0.1999,0.2248,0.3000,0.2142,0.42,19.04,0.449,,1,1,17.036,0.2453
299.305,0.2240,0.2104,0.3019,0.1639,0.43,19.14,0.449,,1,1,17.036,0.2453
299.338,0.2461,0.2053,0.3134,0.1892,0.44,19.26,0.447,,1,1,17.036,0.2453
299.370,0.2642,0.2015,0.3214,0.1892,0.46,19.33,0.446,,1,1,17.036,0.2453
299.402,0.2754,0.1982,0.3110,0.1876,0.48,19.41,0.437,,1,1,17.036,0.2453
299.436,0.2868,0.2021,0.3211,0.2141,0.50,19.50,0.438,,1,1,17.036,0.2453
299.468,0.2944,0.2087,0.3182,0.2304,0.52,19.58,0.443,,1,1,17.036,0.2453
299.514,0.3038,0.2147,0.3249,0.2285,0.53,19.68,0.440,,1,1,17.036,0.2453
299.546,0.3108,0.2259,0.3326,0.2622,0.54,19.76,0.447,,1,1,17.036,0.2453
299.580,0.3166,0.2335,0.3345,0.2574,0.54,19.83,0.449,,1,1,17.036,0.2453
299.610,0.3222,0.2383,0.3406,0.2545,0.54,19.90,0.450,,1,1,17.036,0.2453
299.642,0.3244,0.2368,0.3319,0.2318,0.56,19.97,0.449,,1,1,17.036,0.2453
299.674,0.3261,0.2379,0.3317,0.2418,0.56,20.05,0.448,,1,1,17.036,0.2453
299.706,0.3250,0.2292,0.3213,0.2010,0.56,20.14,0.447,,1,1,17.036,0.2453
299.741,0.3241,0.2191,0.3215,0.1872,0.55,20.24,0.445,,1,1,17.036,0.2453
299.770,0.3258,0.2198,0.3314,0.2225,0.54,20.33,0.452,,1,1,17.036,0.2453
299.803,0.3264,0.2167,0.3283,0.2069,0.52,20.45,0.447,,1,1,17.036,0.2453
299.834,0.3284,0.2187,0.3354,0.2251,0.51,20.57,0.447,,1,1,17.036,0.2453
299.868,0.3291,0.2320,0.3313,0.2746,0.49,20.59,0.451,,1,1,17.036,0.2453
299.898,0.3290,0.2369,0.3284,0.2533,0.48,20.63,0.452,,1,1,17.036,0.2453
299.931,0.3295,0.2378,0.3312,0.2407,0.48,20.63,0.452,,1,1,17.036,0.2453
299.963,0.3332,0.2425,0.3453,0.2578,0.48,20.65,0.449,,1,1,17.036,0.2453
299.999,0.3360,0.2477,0.3442,0.2633,0.49,20.62,0.450,,1,1,17.036,0.2453
300.027,0.3392,0.2567,0.3509,0.2893,0.50,20.58,0.443,,1,1,17.036,0.2453
300.074,0.3438,0.2630,0.3543,0.2773,0.53,20.51,0.445,,1,1,17.036,0.2453
300.106,0.3467,0.2650,0.3561,0.2713,0.54,20.49,0.445,,1,1,17.036,0.2453
300.138,0.3488,0.2660,0.3556,0.2693,0.55,20.51,0.446,,1,1,17.036,0.2453
300.169,0.3512,0.2722,0.3595,0.2930,0.57,20.52,0.450,,1,1,17.036,0.2453
300.205,0.3521,0.2696,0.3547,0.2621,0.57,20.54,0.446,,1,1,17.036,0.2453
300.235,0.3524,0.2647,0.3532,0.2477,0.59,20.56,0.449,,1,1,17.036,0.2453
300.266,0.3521,0.2635,0.3512,0.2593,0.60,20.58,0.443,,1,1,17.036,0.2453
300.298,0.3527,0.2700,0.3546,0.2909,0.61,20.59,0.437,,1,1,17.036,0.2453
300.329,0.3528,0.2724,0.3532,0.2808,0.62,20.62,0.437,,1,1,17.036,0.2453
300.362,0.3534,0.2783,0.3551,0.2972,0.65,20.61,0.436,,1,1,17.036,0.2453
300.394,0.3536,0.2969,0.3542,0.3567,0.67,20.62,0.365,,1,1,17.036,0.2453
300.427,0.3552,0.3430,0.3605,0.4866,0.69,20.49,0.207,,1,1,17.036,0.2453
300.459,0.3569,0.3837,0.3626,0.5090,0.72,20.36,0.241,,1,1,17.036,0.2453
300.492,0.3565,0.4031,0.3552,0.4610,0.74,20.30,0.259,,1,1,17.036,0.2453
300.523,0.3577,0.4256,0.3616,0.4975,0.76,20.25,0.287,,1,1,17.036,0.2453
300.554,0.3580,0.4338,0.3593,0.4597,0.78,20.21,0.328,,1,1,17.036,0.2453
300.586,0.3569,0.4208,0.3533,0.3799,0.79,20.23,0.355,,1,1,17.036,0.2453
300.669,0.3545,0.3761,0.3513,0.3198,0.82,20.22,0.376,,1,1,17.036,0.2453
300.695,0.3536,0.3611,0.3498,0.2997,0.82,20.22,0.378,,1,1,17.036,0.2453
300.720,0.3526,0.3465,0.3487,0.2856,0.82,20.25,0.384,,1,1,17.036,0.2453
300.746,0.3524,0.3361,0.3515,0.2947,0.81,20.26,0.393,,1,1,17.036,0.2453
300.771,0.3552,0.3361,0.3666,0.3361,0.81,20.28,0.397,,1,1,17.036,0.2453
300.798,0.3588,0.3375,0.3732,0.3431,0.82,20.29,0.402,,1,1,17.036,0.2453
300.826,0.3615,0.3423,0.3718,0.3607,0.83,20.31,0.406,,1,1,17.036,0.2453
300.857,0.3638,0.3431,0.3715,0.3458,0.84,20.32,0.407,,1,1,17.036,0.2453
300.890,0.3645,0.3368,0.3666,0.3171,0.83,20.34,0.415,,1,1,17.036,0.2453
300.921,0.3658,0.3311,0.3702,0.3118,0.83,20.37,0.418,,1,1,17.036,0.2453
300.955,0.3676,0.3251,0.3736,0.3063,0.82,20.39,0.417,,1,1,17.036,0.2453
300.987,0.3708,0.3178,0.3810,0.2946,0.80,20.42,0.420,,1,1,17.036,0.2453
301.056,0.3717,0.2908,0.3731,0.2496,0.81,20.48,0.417,,1,1,17.036,0.2453
301.088,0.3745,0.2706,0.3836,0.2058,0.82,20.52,0.422,,1,1,17.036,0.2453
301.116,0.3788,0.2535,0.3948,0.1928,0.80,20.52,0.425,,1,1,17.036,0.2453
301.147,0.3880,0.2304,0.4190,0.1552,0.81,20.50,0.430,,1,1,17.036,0.2453
301.180,0.4002,0.2169,0.4393,0.1750,0.81,20.43,0.435,,1,1,17.036,0.2453
301.227,0.4193,0.1867,0.4609,0.1227,0.78,20.41,0.436,,1,1,17.036,0.2453
301.253,0.4295,0.1748,0.4709,0.1281,0.76,20.40,0.437,,1,1,17.036,0.2453
301.277,0.4382,0.1609,0.4750,0.1035,0.74,20.38,0.439,,1,1,17.036,0.2453
301.302,0.4472,0.1476,0.4834,0.0952,0.73,20.35,0.446,,1,1,17.036,0.2453
301.328,0.4594,0.1384,0.5072,0.1033,0.73,20.32,0.446,,1,1,17.036,0.2453
301.354,0.4735,0.1241,0.5279,0.0700,0.72,20.28,0.445,,1,1,17.036,0.2453
301.387,0.4864,0.1025,0.5258,0.0373,0.70,20.19,0.445,,1,1,17.036,0.2453
301.452,0.5047,0.0721,0.5335,0.0254,0.65,19.99,0.447,,1,1,17.036,0.2453
301.483,0.5120,0.0560,0.5360,0.0034,0.63,19.86,0.447,,1,1,17.036,0.2453
301.516,0.5191,0.0384,0.5410,-0.0143,0.60,19.75,0.446,,1,1,17.036,0.2453
301.547,0.5245,0.0219,0.5424,-0.0311,0.59,19.69,0.447,,1,1,17.036,0.2453
301.579,0.5297,0.0109,0.5463,-0.0235,0.57,19.62,0.447,,1,1,17.036,0.2453
301.610,0.5347,0.0196,0.5512,0.0478,0.56,19.55,0.454,,1,1,17.036,0.2453
301.643,0.5390,0.0369,0.5525,0.0924,0.57,19.47,0.457,,1,1,17.036,0.2453
301.675,0.5409,0.0590,0.5468,0.1313,0.58,19.43,0.453,,1,1,17.036,0.2453
301.706,0.5391,0.0739,0.5335,0.1237,0.59,19.43,0.454,,1,1,17.036,0.2453
301.739,0.5380,0.0882,0.5343,0.1339,0.60,19.42,0.446,,1,1,17.036,0.2453
301.787,0.5299,0.0873,0.5123,0.0853,0.60,19.48,0.445,,1,1,17.036,0.2453
301.818,0.5222,0.0817,0.4958,0.0628,0.60,19.52,0.447,,1,1,17.036,0.2453
301.852,0.5134,0.0793,0.4862,0.0717,0.61,19.56,0.440,,1,1,17.036,0.2453
301.884,0.5083,0.0922,0.4912,0.1351,0.61,19.58,0.410,,1,1,17.036,0.2453
301.915,0.5107,0.1581,0.5186,0.3685,0.64,19.54,0.301,,1,1,17.036,0.2453
301.948,0.5156,0.2825,0.5324,0.6515,0.68,19.36,0.185,,1,1,17.036,0.2453
301.982,0.5230,0.4167,0.5447,0.7518,0.72,19.20,0.193,,1,1,17.036,0.2453
302.012,0.5252,0.4927,0.5332,0.7191,0.73,19.06,0.216,,1,1,17.036,0.2453
302.042,0.5281,0.5577,0.5384,0.7448,0.74,18.95,0.242,,1,1,17.036,0.2453
302.075,0.5302,0.6200,0.5368,0.7833,0.74,18.82,0.249,,1,1,17.036,0.2453
302.105,0.5321,0.6775,0.5385,0.8415,0.78,18.64,0.263,,1,1,17.036,0.2453
302.137,0.5318,0.7208,0.5308,0.8387,0.82,18.54,0.273,,1,1,17.036,0.2453
302.170,0.5299,0.7625,0.5237,0.8747,0.86,18.51,0.278,,1,1,17.036,0.2453
302.203,0.5282,0.7945,0.5230,0.8799,0.89,18.46,0.285,,1,1,17.036,0.2453
302.235,0.5270,0.8228,0.5230,0.9038,0.93,18.44,0.287,,1,1,17.036,0.2453
302.268,0.5241,0.8395,0.5149,0.8850,0.97,18.48,0.289,,1,1,17.036,0.2453
302.299,0.5214,0.8537,0.5121,0.8960,1.00,18.52,0.295,,1,1,17.036,0.2453
302.345,0.5196,0.8743,0.5155,0.9169,1.04,18.56,0.293,,1,1,17.036,0.2453
302.379,0.5189,0.8934,0.5167,0.9479,1.07,18.58,0.280,,1,1,17.036,0.2453
302.410,0.5166,0.9324,0.5090,1.0499,1.10,18.43,0.213,,1,1,17.036,0.2453
302.444,0.5157,0.9634,0.5129,1.0624,1.13,18.32,0.219,,1,1,17.036,0.2453
302.475,0.5157,0.9847,0.5154,1.0913,1.16,18.21,0.212,,1,1,17.036,0.2453
302.507,0.5154,1.0000,0.5146,1.0909,1.20,18.10,0.204,,1,1,17.036,0.2453
302.539,0.5155,1.0000,0.5159,1.1139,1.23,17.96,0.202,,1,1,17.036,0.2453
302.570,0.5167,1.0000,0.5207,1.1646,1.26,17.84,0.198,,1,1,17.036,0.2453
302.602,0.5164,1.0000,0.5154,1.1777,1.29,17.65,0.180,,1,1,17.036,0.2453
302.635,0.5162,1.0000,0.5158,1.1826,1.31,17.44,0.186,,1,1,17.036,0.2453
302.667,0.5093,1.0000,0.4862,1.2229,1.31,17.27,0.191,,1,1,17.036,0.2453
302.699,0.5010,1.0000,0.4740,1.2047,1.30,17.17,0.207,,1,1,17.036,0.2453
302.730,0.4898,1.0000,0.4524,1.1718,1.31,17.11,0.241,,1,1,17.036,0.2453
302.763,0.4759,1.0000,0.4326,1.1331,1.31,17.08,0.286,,1,1,17.036,0.2453
302.795,0.4618,1.0000,0.4156,1.0375,1.29,16.99,0.314,,1,1,17.036,0.2453
302.827,0.4436,1.0000,0.3853,0.9828,1.27,16.94,0.351,,1,1,17.036,0.2453
302.859,0.4252,1.0000,0.3670,0.9280,1.26,16.91,0.364,,1,1,17.036,0.2453
302.906,0.4050,0.9725,0.3612,0.8991,1.23,16.96,0.368,,1,1,17.036,0.2453
302.939,0.3939,0.9559,0.3600,0.9048,1.21,16.99,0.387,,1,1,17.036,0.2453
302.971,0.3841,0.9278,0.3537,0.8403,1.19,17.03,0.398,,1,1,17.036,0.2453
303.003,0.3739,0.9000,0.3414,0.8117,1.17,17.13,0.403,,1,1,17.036,0.2453
303.034,0.3643,0.8745,0.3323,0.7916,1.14,17.20,0.403,,1,1,17.036,0.2453
303.067,0.3524,0.8506,0.3157,0.7792,1.11,17.28,0.404,,1,1,17.036,0.2453
303.100,0.3411,0.8263,0.3059,0.7524,1.10,17.32,0.396,,1,1,17.036,0.2453
303.132,0.3233,0.7894,0.2672,0.6776,1.11,17.39,0.394,,1,1,17.036,0.2453
303.163,0.3138,0.7657,0.2827,0.6912,1.10,17.47,0.393,,1,1,17.036,0.2453
303.196,0.3060,0.7481,0.2825,0.6968,1.10,17.57,0.391,,1,1,17.036,0.2453
303.227,0.3014,0.7413,0.2864,0.7198,1.10,17.66,0.380,,1,1,17.036,0.2453
303.259,0.2978,0.7324,0.2862,0.7052,1.07,17.80,0.380,,1,1,17.036,0.2453
303.290,0.2943,0.7255,0.2827,0.7033,1.06,17.89,0.380,,1,1,17.036,0.2453
303.322,0.2897,0.6969,0.2748,0.6077,1.05,17.97,0.402,,1,1,17.036,0.2453
303.354,0.2831,0.6532,0.2623,0.5226,1.03,18.02,0.434,,1,1,17.036,0.2453
303.386,0.2769,0.6089,0.2570,0.4764,1.01,18.11,0.448,,1,1,17.036,0.2453
303.455,0.2649,0.5196,0.2468,0.3956,0.96,18.26,0.447,,1,1,17.036,0.2453
303.499,0.2586,0.4875,0.2435,0.4162,0.93,18.30,0.442,,1,1,17.036,0.2453
303.531,0.2531,0.4796,0.2357,0.4559,0.92,18.30,0.395,,1,1,17.036,0.2453
303.558,0.2484,0.4803,0.2302,0.4831,0.91,18.30,0.377,,1,1,17.036,0.2453
303.585,0.2528,0.5351,0.2694,0.7451,0.94,18.20,0.238,,1,1,17.036,0.2453
303.611,0.2590,0.6076,0.2848,0.8939,0.96,18.15,0.217,,1,1,17.036,0.2453
303.640,0.2650,0.6796,0.2870,0.9210,0.98,18.04,0.203,,1,1,17.036,0.2453
303.667,0.2675,0.7338,0.2773,0.9206,0.99,17.97,0.210,,1,1,17.036,0.2453
303.692,0.2696,0.7743,0.2784,0.9245,1.00,17.95,0.221,,1,1,17.036,0.2453
303.721,0.2674,0.8136,0.2595,0.9363,1.03,17.89,0.233,,1,1,17.036,0.2453
303.755,0.2645,0.8491,0.2551,0.9479,1.05,17.85,0.238,,1,1,17.036,0.2453
303.788,0.2657,0.8867,0.2697,0.9921,1.07,17.80,0.253,,1,1,17.036,0.2453
303.854,0.2647,0.9224,0.2632,0.9737,1.09,17.63,0.246,,1,1,17.036,0.2453
303.883,0.2639,0.9396,0.2608,0.9957,1.10,17.58,0.253,,1,1,17.036,0.2453
303.914,0.2609,0.9487,0.2506,0.9775,1.11,17.57,0.252,,1,1,17.036,0.2453
303.946,0.2565,0.9549,0.2423,0.9731,1.11,17.56,0.249,,1,1,17.036,0.2453
303.978,0.2551,0.9605,0.2504,0.9781,1.11,17.56,0.257,,1,1,17.036,0.2453
304.010,0.2525,0.9649,0.2439,0.9786,1.10,17.58,0.263,,1,1,17.036,0.2453
304.061,0.2513,0.9720,0.2487,0.9860,1.11,17.58,0.265,,1,1,17.036,0.2453
304.091,0.2504,0.9751,0.2474,0.9853,1.11,17.56,0.264,,1,1,17.036,0.2453
304.117,0.2490,0.9770,0.2435,0.9846,1.11,17.55,0.266,,1,1,17.036,0.2453
304.143,0.2481,0.9811,0.2444,0.9974,1.11,17.56,0.268,,1,1,17.036,0.2453
304.168,0.2463,0.9863,0.2388,1.0073,1.11,17.58,0.271,,1,1,17.036,0.2453
304.194,0.2442,0.9833,0.2354,0.9714,1.11,17.61,0.281,,1,1,17.036,0.2453
304.253,0.2339,0.9711,0.2156,0.9496,1.11,17.70,0.292,,1,1,17.036,0.2453
304.283,0.2263,0.9575,0.1999,0.9102,1.11,17.75,0.299,,1,1,17.036,0.2453
304.315,0.2146,0.9352,0.1766,0.8623,1.11,17.81,0.298,,1,1,17.036,0.2453
304.347,0.2061,0.9187,0.1784,0.8642,1.11,17.88,0.300,,1,1,17.036,0.2453
304.379,0.1999,0.9139,0.1801,0.8987,1.10,18.00,0.306,,1,1,17.036,0.2453
304.412,0.1967,0.9096,0.1863,0.8955,1.09,18.08,0.306,,1,1,17.036,0.2453
304.443,0.1939,0.9063,0.1846,0.8954,1.09,18.14,0.302,,1,1,17.036,0.2453
304.475,0.1892,0.8773,0.1738,0.7833,1.08,18.22,0.331,,1,1,17.036,0.2453
304.506,0.1786,0.8083,0.1437,0.5919,1.06,18.32,0.384,,1,1,17.036,0.2453
304.538,0.1680,0.7349,0.1341,0.5200,1.03,18.41,0.415,,1,1,17.036,0.2453
304.569,0.1507,0.6550,0.0940,0.4190,1.01,18.49,0.425,,1,1,17.036,0.2453
304.621,0.1286,0.5343,0.0846,0.3211,0.93,18.59,0.432,,1,1,17.036,0.2453
304.651,0.1150,0.4714,0.0695,0.2856,0.89,18.63,0.432,,1,1,17.036,0.2453
304.683,0.1054,0.4262,0.0749,0.3003,0.86,18.67,0.433,,1,1,17.036,0.2453
304.715,0.0993,0.3957,0.0796,0.3090,0.82,18.74,0.438,,1,1,17.036,0.2453
304.746,0.0937,0.3696,0.0751,0.2924,0.79,18.81,0.433,,1,1,17.036,0.2453
304.779,0.0897,0.3462,0.0772,0.2806,0.75,18.88,0.435,,1,1,17.036,0.2453
304.812,0.0868,0.3240,0.0780,0.2616,0.72,18.94,0.435,,1,1,17.036,0.2453
304.842,0.0855,0.3127,0.0809,0.2776,0.70,18.99,0.436,,1,1,17.036,0.2453
304.875,0.0867,0.3051,0.0905,0.2830,0.68,19.07,0.437,,1,1,17.036,0.2453
304.907,0.0873,0.2936,0.0890,0.2592,0.66,19.13,0.438,,1,1,17.036,0.2453
304.939,0.0880,0.2851,0.0905,0.2585,0.63,19.20,0.442,,1,1,17.036,0.2453
304.970,0.0862,0.2757,0.0802,0.2469,0.61,19.23,0.441,,1,1,17.036,0.2453
305.003,0.0842,0.2633,0.0780,0.2261,0.59,19.26,0.443,,1,1,17.036,0.2453
305.034,0.0830,0.2552,0.0788,0.2290,0.55,19.33,0.440,,1,1,17.036,0.2453
305.069,0.0837,0.2460,0.0861,0.2190,0.51,19.41,0.448,,1,1,17.036,0.2453
305.099,0.0858,0.2401,0.0928,0.2206,0.48,19.49,0.446,,1,1,17.036,0.2453
305.132,0.0950,0.2371,0.1245,0.2282,0.45,19.57,0.439,,1,1,17.036,0.2453
305.179,0.1223,0.2291,0.1825,0.2118,0.42,19.77,0.437,,1,1,17.036,0.2453
305.210,0.1405,0.2283,0.2007,0.2259,0.42,19.85,0.438,,1,1,17.036,0.2453
305.244,0.1574,0.2271,0.2092,0.2235,0.43,19.95,0.432,,1,1,17.036,0.2453
305.275,0.1710,0.2289,0.2174,0.2349,0.45,20.05,0.431,,1,1,17.036,0.2453
305.310,0.1891,0.2403,0.2393,0.2728,0.45,20.14,0.430,,1,1,17.036,0.2453
305.339,0.2056,0.2512,0.2646,0.2923,0.45,20.19,0.429,,1,1,17.036,0.2453
305.370,0.2203,0.2467,0.2674,0.2317,0.47,20.25,0.425,,1,1,17.036,0.2453
305.403,0.2344,0.2422,0.2777,0.2277,0.47,20.31,0.430,,1,1,17.036,0.2453
305.434,0.2459,0.2431,0.2829,0.2461,0.47,20.35,0.432,,1,1,17.036,0.2453
305.468,0.2601,0.2462,0.3019,0.2560,0.46,20.40,0.432,,1,1,17.036,0.2453
305.499,0.2709,0.2472,0.3063,0.2505,0.45,20.46,0.431,,1,1,17.036,0.2453
305.531,0.2786,0.2450,0.3030,0.2379,0.46,20.50,0.432,,1,1,17.036,0.2453
305.564,0.2846,0.2438,0.3040,0.2397,0.46,20.53,0.431,,1,1,17.036,0.2453
305.596,0.2906,0.2494,0.3092,0.2671,0.47,20.53,0.432,,1,1,17.036,0.2453
305.627,0.2945,0.2483,0.3070,0.2448,0.48,20.52,0.438,,1,1,17.036,0.2453
305.658,0.2986,0.2474,0.3120,0.2441,0.49,20.51,0.440,,1,1,17.036,0.2453
305.690,0.3038,0.2542,0.3206,0.2768,0.50,20.50,0.441,,1,1,17.036,0.2453
305.721,0.3077,0.2580,0.3204,0.2708,0.50,20.50,0.443,,1,1,17.036,0.2453
305.771,0.3143,0.2620,0.3282,0.2705,0.50,20.53,0.440,,1,1,17.036,0.2453
305.803,0.3178,0.2631,0.3290,0.2668,0.50,20.57,0.442,,1,1,17.036,0.2453
305.835,0.3204,0.2593,0.3287,0.2466,0.50,20.59,0.445,,1,1,17.036,0.2453
305.866,0.3213,0.2498,0.3246,0.2179,0.50,20.62,0.444,,1,1,17.036,0.2453
305.899,0.3271,0.2468,0.3452,0.2373,0.52,20.59,0.443,,1,1,17.036,0.2453
305.931,0.3321,0.2447,0.3484,0.2377,0.51,20.61,0.447,,1,1,17.036,0.2453
305.962,0.3363,0.2467,0.3505,0.2537,0.52,20.62,0.450,,1,1,17.036,0.2453
305.995,0.3442,0.2553,0.3689,0.2825,0.52,20.60,0.451,,1,1,17.036,0.2453
306.026,0.3513,0.2643,0.3749,0.2951,0.50,20.60,0.446,,1,1,17.036,0.2453
306.061,0.3563,0.2672,0.3713,0.2760,0.49,20.60,0.444,,1,1,17.036,0.2453
306.090,0.3606,0.2682,0.3759,0.2719,0.47,20.57,0.441,,1,1,17.036,0.2453
306.123,0.3645,0.2623,0.3766,0.2434,0.47,20.55,0.442,,1,1,17.036,0.2453
306.155,0.3686,0.2620,0.3817,0.2610,0.47,20.50,0.440,,1,1,17.036,0.2453
306.187,0.3715,0.2705,0.3816,0.3000,0.49,20.51,0.387,,1,1,17.036,0.2453
306.250,0.3917,0.3971,0.4241,0.5947,0.55,20.22,0.207,,1,1,17.036,0.2453
306.282,0.4012,0.4462,0.4332,0.6027,0.56,20.14,0.235,,1,1,17.036,0.2453
306.330,0.4084,0.4691,0.4237,0.5155,0.59,20.08,0.259,,1,1,17.036,0.2453
306.364,0.4107,0.4677,0.4182,0.4632,0.62,20.08,0.295,,1,1,17.036,0.2453
306.392,0.4106,0.4585,0.4100,0.4270,0.64,20.11,0.312,,1,1,17.036,0.2453
306.418,0.4091,0.4436,0.4031,0.3831,0.66,20.15,0.328,,1,1,17.036,0.2453
306.446,0.4083,0.4338,0.4055,0.3980,0.68,20.15,0.342,,1,1,17.036,0.2453
306.472,0.4073,0.4250,0.4029,0.3885,0.70,20.13,0.349,,1,1,17.036,0.2453
306.501,0.4052,0.4202,0.3976,0.4028,0.72,20.09,0.356,,1,1,17.036,0.2453
306.526,0.4028,0.4170,0.3929,0.4036,0.74,20.08,0.366,,1,1,17.036,0.2453
306.556,0.3983,0.4014,0.3822,0.3457,0.74,20.09,0.372,,1,1,17.036,0.2453
306.586,0.3937,0.3856,0.3775,0.3321,0.75,20.14,0.381,,1,1,17.036,0.2453
306.650,0.3832,0.3462,0.3661,0.2832,0.78,20.28,0.394,,1,1,17.036,0.2453
306.683,0.3789,0.3238,0.3649,0.2546,0.79,20.31,0.398,,1,1,17.036,0.2453
306.715,0.3760,0.3112,0.3668,0.2714,0.79,20.36,0.399,,1,1,17.036,0.2453
306.747,0.3742,0.3016,0.3679,0.2710,0.81,20.41,0.400,,1,1,17.036,0.2453
306.780,0.3727,0.2920,0.3681,0.2621,0.81,20.47,0.402,,1,1,17.036,0.2453
306.811,0.3716,0.2839,0.3677,0.2573,0.81,20.51,0.402,,1,1,17.036,0.2453
306.842,0.3729,0.2781,0.3775,0.2593,0.82,20.52,0.403,,1,1,17.036,0.2453
306.890,0.3723,0.2640,0.3711,0.2338,0.82,20.54,0.414,,1,1,17.036,0.2453
306.921,0.3755,0.2620,0.3860,0.2554,0.82,20.56,0.418,,1,1,17.036,0.2453
306.950,0.3792,0.2596,0.3931,0.2510,0.83,20.60,0.421,,1,1,17.036,0.2453
306.976,0.3845,0.2552,0.4059,0.2380,0.83,20.62,0.426,,1,1,17.036,0.2453
307.001,0.3923,0.2531,0.4244,0.2444,0.83,20.63,0.428,,1,1,17.036,0.2453
307.049,0.4079,0.2153,0.4418,0.1350,0.82,20.55,0.455,,1,1,17.036,0.2453
307.082,0.4230,0.1919,0.4706,0.1199,0.82,20.47,0.460,,1,1,17.036,0.2453
307.114,0.4448,0.1608,0.5138,0.0646,0.81,20.45,0.457,,1,1,17.036,0.2453
307.148,0.4659,0.1207,0.5326,-0.0013,0.79,20.35,0.464,,1,1,17.036,0.2453
307.179,0.4864,0.0782,0.5506,-0.0508,0.77,20.31,0.456,,1,1,17.036,0.2453
307.211,0.5070,0.0460,0.5712,-0.0880,0.73,20.20,0.460,,1,1,17.036,0.2453
307.243,0.5279,0.0219,0.5925,-0.0668,0.72,20.12,0.457,,1,1,17.036,0.2453
307.275,0.5432,0.0042,0.5914,-0.1034,0.71,20.05,0.453,,1,1,17.036,0.2453
307.306,0.5570,0.0000,0.6012,-0.0808,0.72,20.00,0.455,,1,1,17.036,0.2453
307.339,0.5690,0.0000,0.6055,-0.1056,0.72,19.90,0.454,,1,1,17.036,0.2453
307.370,0.5782,0.0000,0.6079,-0.0935,0.72,19.78,0.450,,1,1,17.036,0.2453
307.402,0.5861,0.0000,0.6113,-0.0902,0.72,19.64,0.451,,1,1,17.036,0.2453
307.435,0.5923,0.0000,0.6109,-0.0939,0.72,19.51,0.452,,1,1,17.036,0.2453
307.481,0.5969,0.0000,0.6071,-0.0808,0.72,19.34,0.449,,1,1,17.036,0.2453
307.515,0.5989,0.0000,0.6048,-0.0903,0.73,19.23,0.445,,1,1,17.036,0.2453
307.546,0.6017,0.0000,0.6109,-0.0351,0.74,19.16,0.444,,1,1,17.036,0.2453
307.578,0.6035,0.0000,0.6097,-0.0099,0.76,19.08,0.438,,1,1,17.036,0.2453
307.610,0.6040,0.0000,0.6056,0.0051,0.75,18.97,0.433,,1,1,17.036,0.2453
307.643,0.6028,0.0000,0.5990,0.0193,0.74,18.92,0.432,,1,1,17.036,0.2453
307.675,0.5991,0.0000,0.5869,0.0101,0.75,18.86,0.431,,1,1,17.036,0.2453
307.707,0.5944,0.0184,0.5787,0.1073,0.76,18.79,0.431,,1,1,17.036,0.2453
307.738,0.5886,0.0398,0.5689,0.1094,0.76,18.79,0.430,,1,1,17.036,0.2453
307.771,0.5807,0.0753,0.5553,0.1852,0.78,18.75,0.428,,1,1,17.036,0.2453
307.803,0.5725,0.1143,0.5456,0.2341,0.79,18.67,0.427,,1,1,17.036,0.2453
307.835,0.5633,0.1551,0.5324,0.2823,0.82,18.62,0.419,,1,1,17.036,0.2453
307.867,0.5514,0.1848,0.5140,0.2723,0.84,18.64,0.420,,1,1,17.036,0.2453
307.899,0.5413,0.2195,0.5086,0.3232,0.87,18.75,0.405,,1,1,17.036,0.2453
307.932,0.5345,0.2506,0.5133,0.3415,0.88,18.88,0.400,,1,1,17.036,0.2453
307.963,0.5278,0.2932,0.5050,0.4246,0.89,18.99,0.394,,1,1,17.036,0.2453
307.995,0.5197,0.3238,0.4935,0.4151,0.89,19.09,0.393,,1,1,17.036,0.2453
308.041,0.5078,0.3507,0.4816,0.4057,0.90,19.26,0.396,,1,1,17.036,0.2453
308.074,0.4983,0.3703,0.4684,0.4281,0.90,19.34,0.399,,1,1,17.036,0.2453
308.105,0.4932,0.3921,0.4764,0.4596,0.90,19.39,0.399,,1,1,17.036,0.2453
308.137,0.4895,0.4144,0.4773,0.4814,0.90,19.44,0.398,,1,1,17.036,0.2453
308.171,0.4848,0.4345,0.4708,0.4912,0.90,19.42,0.398,,1,1,17.036,0.2453
308.201,0.4821,0.4454,0.4727,0.4814,0.88,19.41,0.399,,1,1,17.036,0.2453
308.234,0.4793,0.4544,0.4702,0.4813,0.86,19.43,0.398,,1,1,17.036,0.2453
308.266,0.4773,0.4592,0.4709,0.4741,0.84,19.46,0.395,,1,1,17.036,0.2453
308.299,0.4739,0.4577,0.4632,0.4530,0.85,19.49,0.401,,1,1,17.036,0.2453
308.331,0.4702,0.4398,0.4583,0.3827,0.86,19.53,0.410,,1,1,17.036,0.2453
308.362,0.4662,0.4152,0.4527,0.3329,0.86,19.59,0.430,,1,1,17.036,0.2453
308.393,0.4627,0.3803,0.4509,0.2620,0.85,19.65,0.451,,1,1,17.036,0.2453
308.428,0.4597,0.3468,0.4508,0.2497,0.84,19.70,0.455,,1,1,17.036,0.2453
308.458,0.4591,0.3178,0.4572,0.2198,0.84,19.73,0.463,,1,1,17.036,0.2453
308.490,0.4598,0.2944,0.4621,0.2212,0.83,19.77,0.468,,1,1,17.036,0.2453
308.524,0.4601,0.2700,0.4610,0.1988,0.81,19.81,0.464,,1,1,17.036,0.2453
308.555,0.4610,0.2640,0.4638,0.2447,0.82,19.77,0.468,,1,1,17.036,0.2453
308.603,0.4624,0.2582,0.4655,0.2461,0.81,19.73,0.466,,1,1,17.036,0.2453
308.636,0.4633,0.2531,0.4662,0.2370,0.80,19.70,0.463,,1,1,17.036,0.2453
308.666,0.4630,0.2473,0.4622,0.2277,0.80,19.65,0.462,,1,1,17.036,0.2453
308.699,0.4635,0.2432,0.4650,0.2307,0.81,19.58,0.460,,1,1,17.036,0.2453
308.731,0.4630,0.2407,0.4614,0.2325,0.81,19.52,0.457,,1,1,17.036,0.2453
308.764,0.4620,0.2356,0.4587,0.2194,0.80,19.52,0.457,,1,1,17.036,0.2453
308.795,0.4620,0.2356,0.4619,0.2356,0.79,19.52,0.456,,1,1,17.036,0.2453
308.826,0.4608,0.2322,0.4566,0.2206,0.77,19.51,0.454,,1,1,17.036,0.2453
308.858,0.4602,0.2284,0.4585,0.2163,0.76,19.54,0.451,,1,1,17.036,0.2453
308.890,0.4594,0.2193,0.4565,0.1900,0.75,19.57,0.447,,1,1,17.036,0.2453
308.923,0.4591,0.2161,0.4580,0.2058,0.73,19.60,0.442,,1,1,17.036,0.2453
308.954,0.4631,0.2151,0.4768,0.2117,0.72,19.60,0.438,,1,1,17.036,0.2453
308.987,0.4682,0.2040,0.4849,0.1685,0.72,19.70,0.440,,1,1,17.036,0.2453
309.050,0.4899,0.1986,0.5254,0.1898,0.70,19.72,0.443,,1,1,17.036,0.2453
309.083,0.5031,0.2023,0.5448,0.2142,0.70,19.73,0.444,,1,1,17.036,0.2453
309.115,0.5127,0.2060,0.5444,0.2184,0.69,19.74,0.447,,1,1,17.036,0.2453
309.163,0.5242,0.2163,0.5487,0.2386,0.69,19.73,0.453,,1,1,17.036,0.2453
309.195,0.5309,0.2157,0.5527,0.2140,0.69,19.70,0.458,,1,1,17.036,0.2453
309.224,0.5355,0.2105,0.5517,0.1915,0.69,19.67,0.461,,1,1,17.036,0.2453
309.251,0.5385,0.2005,0.5505,0.1612,0.69,19.64,0.469,,1,1,17.036,0.2453
309.278,0.5404,0.1863,0.5478,0.1310,0.68,19.60,0.475,,1,1,17.036,0.2453
309.302,0.5435,0.1743,0.5567,0.1241,0.68,19.57,0.478,,1,1,17.036,0.2453
309.330,0.5467,0.1679,0.5583,0.1443,0.67,19.51,0.476,,1,1,17.036,0.2453
309.359,0.5490,0.1602,0.5573,0.1330,0.66,19.54,0.475,,1,1,17.036,0.2453
309.387,0.5506,0.1483,0.5568,0.1045,0.64,19.59,0.476,,1,1,17.036,0.2453
309.450,0.5537,0.1267,0.5588,0.0918,0.62,19.80,0.474,,1,1,17.036,0.2453
309.482,0.5566,0.1162,0.5661,0.0830,0.62,19.89,0.472,,1,1,17.036,0.2453
309.516,0.5593,0.1059,0.5677,0.0743,0.62,19.91,0.479,,1,1,17.036,0.2453
309.548,0.5644,0.0992,0.5816,0.0772,0.60,19.93,0.475,,1,1,17.036,0.2453
309.580,0.5728,0.0957,0.5991,0.0847,0.59,19.95,0.476,,1,1,17.036,0.2453
309.611,0.5841,0.1025,0.6222,0.1257,0.59,19.89,0.463,,1,1,17.036,0.2453
309.642,0.5966,0.1104,0.6372,0.1365,0.59,19.86,0.461,,1,1,17.036,0.2453
309.675,0.6105,0.1309,0.6547,0.1977,0.60,19.82,0.416,,1,1,17.036,0.2453
309.707,0.6261,0.2092,0.6753,0.4514,0.64,19.66,0.215,,1,1,17.036,0.2453
309.756,0.6525,0.3616,0.7077,0.6594,0.66,19.08,0.169,,1,1,17.036,0.2453
309.782,0.6660,0.4412,0.7179,0.7174,0.66,18.76,0.159,,1,1,17.036,0.2453
309.808,0.6775,0.4958,0.7223,0.6844,0.69,18.51,0.190,,1,1,17.036,0.2453
309.850,0.6939,0.5036,0.7333,0.5208,0.74,18.32,0.298,,1,1,17.036,0.2453
309.883,0.7101,0.5011,0.7594,0.4941,0.76,18.17,0.338,,1,1,17.036,0.2453
309.916,0.7207,0.4814,0.7536,0.4223,0.77,18.04,0.377,,1,1,17.036,0.2453
309.948,0.7326,0.4673,0.7697,0.4236,0.78,17.90,0.386,,1,1,17.036,0.2453
309.978,0.7396,0.4501,0.7628,0.3925,0.78,17.82,0.403,,1,1,17.036,0.2453
310.010,0.7451,0.4262,0.7624,0.3487,0.77,17.75,0.410,,1,1,17.036,0.2453
310.047,0.7522,0.4049,0.7721,0.3427,0.77,17.71,0.414,,1,1,17.036,0.2453
310.081,0.7561,0.3824,0.7678,0.3134,0.78,17.69,0.415,,1,1,17.036,0.2453
310.110,0.7572,0.3643,0.7610,0.2994,0.76,17.65,0.422,,1,1,17.036,0.2453
310.137,0.7584,0.3518,0.7633,0.3044,0.74,17.56,0.429,,1,1,17.036,0.2453
310.170,0.7589,0.3322,0.7605,0.2721,0.73,17.46,0.433,,1,1,17.036,0.2453
310.202,0.7595,0.3153,0.7612,0.2618,0.72,17.36,0.436,,1,1,17.036,0.2453
310.232,0.7597,0.2986,0.7606,0.2436,0.72,17.27,0.438,,1,1,17.036,0.2453
310.265,0.7599,0.2813,0.7604,0.2288,0.70,17.14,0.440,,1,1,17.036,0.2453
310.314,0.7644,0.2689,0.7742,0.2429,0.68,17.03,0.438,,1,1,17.036,0.2453
310.347,0.7685,0.2593,0.7813,0.2300,0.66,16.94,0.440,,1,1,17.036,0.2453
310.379,0.7734,0.2475,0.7897,0.2099,0.65,16.86,0.439,,1,1,17.036,0.2453
310.411,0.7815,0.2430,0.8080,0.2288,0.65,16.71,0.437,,1,1,17.036,0.2453
310.444,0.7892,0.2226,0.8132,0.1607,0.63,16.58,0.444,,1,1,17.036,0.2453
310.476,0.7991,0.1977,0.8322,0.1169,0.61,16.55,0.450,,1,1,17.036,0.2453
310.507,0.8092,0.1699,0.8413,0.0851,0.58,16.50,0.456,,1,1,17.036,0.2453
310.538,0.8222,0.1321,0.8658,0.0111,0.55,16.42,0.456,,1,1,17.036,0.2453
310.570,0.8371,0.0929,0.8841,-0.0232,0.47,16.16,0.461,,1,1,17.036,0.2453
310.603,0.8492,0.0570,0.8876,-0.0782,0.42,16.04,0.464,,1,1,17.036,0.2453
310.634,0.8640,0.0305,0.9113,-0.0493,0.38,16.04,0.463,,1,1,17.036,0.2453
310.667,0.8796,0.0115,0.9281,-0.0450,0.33,15.88,0.460,,1,1,17.036,0.2453
310.699,0.8951,0.0000,0.9440,-0.0810,0.30,15.77,0.463,,1,1,17.036,0.2453
310.730,0.9053,0.0000,0.9378,-0.0919,0.27,15.63,0.471,,1,1,17.036,0.2453
310.762,0.9131,0.0000,0.9381,-0.0636,0.24,15.56,0.471,,1,1,17.036,0.2453
310.796,0.9185,0.0000,0.9348,-0.0636,0.21,15.44,0.468,,1,1,17.036,0.2453
310.826,0.9221,0.0000,0.9348,-0.0486,0.20,15.29,0.461,,1,1,17.036,0.2453
310.877,0.9298,0.0000,0.9452,-0.0566,0.13,15.15,0.460,,1,1,17.036,0.2453
310.906,0.9331,0.0000,0.9445,-0.0336,0.10,15.05,0.454,,1,1,17.036,0.2453
310.938,0.9338,0.0000,0.9360,-0.0209,0.06,14.92,0.454,,1,1,17.036,0.2453
310.970,0.9336,0.0000,0.9329,0.0150,0.05,14.88,0.447,,1,1,17.036,0.2453
311.002,0.9340,0.0210,0.9354,0.1633,0.05,14.86,0.451,,1,1,17.036,0.2453
311.034,0.9358,0.0878,0.9418,0.2954,0.05,14.80,0.425,,1,1,17.036,0.2453
311.067,0.9386,0.1687,0.9475,0.4069,0.06,14.75,0.416,,1,1,17.036,0.2453
311.099,0.9404,0.2325,0.9464,0.4192,0.04,14.65,0.403,,1,1,17.036,0.2453
311.131,0.9412,0.2864,0.9438,0.4391,0.03,14.67,0.408,,1,1,17.036,0.2453
311.162,0.9421,0.3282,0.9452,0.4525,0.02,14.69,0.407,,1,1,17.036,0.2453
311.194,0.9428,0.3615,0.9451,0.4590,0.02,14.77,0.406,,1,1,17.036,0.2453
311.226,0.9440,0.4035,0.9480,0.5223,0.02,14.83,0.404,,1,1,17.036,0.2453
311.258,0.9444,0.4325,0.9454,0.5164,0.03,14.83,0.405,,1,1,17.036,0.2453
311.291,0.9448,0.4550,0.9463,0.5183,0.04,14.82,0.406,,1,1,17.036,0.2453
311.323,0.9452,0.4720,0.9465,0.5230,0.06,14.79,0.407,,1,1,17.036,0.2453
311.354,0.9435,0.4795,0.9378,0.5023,0.08,14.87,0.406,,1,1,17.036,0.2453
311.387,0.9405,0.4797,0.9308,0.4805,0.11,14.93,0.410,,1,1,17.036,0.2453
311.466,0.9330,0.5142,0.9230,0.5572,0.17,15.05,0.380,,1,1,17.036,0.2453
311.493,0.9310,0.5280,0.9227,0.5796,0.18,15.08,0.373,,1,1,17.036,0.2453
311.520,0.9273,0.5565,0.9133,0.6580,0.21,14.92,0.249,,1,1,17.036,0.2453
311.548,0.9205,0.5928,0.8947,0.7183,0.23,14.62,0.194,,1,1,17.036,0.2453
311.577,0.9147,0.6204,0.8937,0.7118,0.25,14.22,0.200,,1,1,17.036,0.2453
311.603,0.9108,0.6459,0.8956,0.7382,0.26,13.84,0.226,,1,1,17.036,0.2453
311.630,0.9087,0.6698,0.9003,0.7537,0.28,13.51,0.233,,1,1,17.036,0.2453
311.659,0.9063,0.6916,0.8973,0.7644,0.30,13.23,0.241,,1,1,17.036,0.2453
311.690,0.9064,0.7328,0.9067,0.8557,0.31,12.96,0.253,,1,1,17.036,0.2453
311.721,0.9077,0.7660,0.9124,0.8682,0.32,12.68,0.257,,1,1,17.036,0.2453
311.755,0.9086,0.7909,0.9112,0.8596,0.35,12.51,0.261,,1,1,17.036,0.2453
311.786,0.9098,0.8151,0.9141,0.8893,0.38,12.44,0.258,,1,1,17.036,0.2453
311.851,0.9139,0.8686,0.9206,0.9482,0.47,12.16,0.272,,1,1,17.036,0.2453
311.886,0.9153,0.8905,0.9196,0.9505,0.51,12.01,0.267,,1,1,17.036,0.2453
311.915,0.9156,0.9051,0.9164,0.9532,0.54,11.82,0.236,,1,1,17.036,0.2453
311.948,0.9157,0.9209,0.9162,0.9684,0.58,11.66,0.235,,1,1,17.036,0.2453
311.981,0.9158,0.9400,0.9163,0.9960,0.61,11.53,0.235,,1,1,17.036,0.2453
312.026,0.9197,0.9748,0.9287,1.0586,0.66,11.50,0.239,,1,1,17.036,0.2453
312.062,0.9210,0.9946,0.9250,1.0580,0.69,11.47,0.241,,1,1,17.036,0.2453
312.088,0.9218,1.0000,0.9248,1.0670,0.72,11.46,0.243,,1,1,17.036,0.2453
312.117,0.9221,1.0000,0.9233,1.0777,0.74,11.44,0.244,,1,1,17.036,0.2453
312.142,0.9214,1.0000,0.9182,1.0812,0.77,11.43,0.249,,1,1,17.036,0.2453
312.167,0.9205,1.0000,0.9168,1.0729,0.79,11.44,0.249,,1,1,17.036,0.2453
312.193,0.9160,1.0000,0.8982,0.9760,0.80,11.45,0.280,,1,1,17.036,0.2453
312.250,0.9017,0.9664,0.8750,0.8711,0.81,11.72,0.359,,1,1,17.036,0.2453
312.282,0.8891,0.9236,0.8486,0.7865,0.80,11.93,0.390,,1,1,17.036,0.2453
312.314,0.8742,0.8811,0.8258,0.7458,0.79,12.15,0.396,,1,1,17.036,0.2453
312.348,0.8606,0.8467,0.8192,0.7454,0.79,12.32,0.398,,1,1,17.036,0.2453
312.380,0.8477,0.8256,0.8061,0.7598,0.77,12.52,0.398,,1,1,17.036,0.2453
312.411,0.8321,0.7980,0.7810,0.7107,0.75,12.76,0.398,,1,1,17.036,0.2453
312.443,0.8163,0.7824,0.7658,0.7337,0.75,12.87,0.394,,1,1,17.036,0.2453
312.475,0.8014,0.7712,0.7546,0.7366,0.74,12.96,0.397,,1,1,17.036,0.2453
312.507,0.7834,0.7573,0.7267,0.7146,0.75,13.09,0.392,,1,1,17.036,0.2453
312.538,0.7672,0.7462,0.7154,0.7108,0.74,13.32,0.390,,1,1,17.036,0.2453
312.587,0.7443,0.7448,0.6967,0.7419,0.75,13.69,0.388,,1,1,17.036,0.2453
312.620,0.7301,0.7505,0.6877,0.7677,0.76,13.87,0.380,,1,1,17.036,0.2453
312.651,0.7200,0.7532,0.6872,0.7620,0.77,14.09,0.368,,1,1,17.036,0.2453
312.685,0.7091,0.7526,0.6762,0.7510,0.78,14.26,0.361,,1,1,17.036,0.2453
312.715,0.7004,0.7536,0.6715,0.7568,0.80,14.43,0.350,,1,1,17.036,0.2453
312.747,0.6961,0.7662,0.6823,0.8080,0.81,14.60,0.337,,1,1,17.036,0.2453
312.780,0.6924,0.7912,0.6806,0.8732,0.83,14.67,0.328,,1,1,17.036,0.2453
312.811,0.6868,0.8170,0.6693,0.8988,0.85,14.74,0.323,,1,1,17.036,0.2453
312.844,0.6814,0.8366,0.6642,0.8979,0.87,14.83,0.322,,1,1,17.036,0.2453
312.877,0.6759,0.8462,0.6591,0.8760,0.88,14.92,0.318,,1,1,17.036,0.2453
312.907,0.6729,0.8617,0.6628,0.9136,0.90,15.05,0.322,,1,1,17.036,0.2453
312.940,0.6716,0.8713,0.6672,0.9024,0.92,15.18,0.320,,1,1,17.036,0.2453
312.972,0.6666,0.8669,0.6513,0.8536,0.94,15.28,0.314,,1,1,17.036,0.2453
313.002,0.6620,0.8597,0.6458,0.8340,0.95,15.35,0.316,,1,1,17.036,0.2453
313.034,0.6578,0.8525,0.6440,0.8286,0.96,15.38,0.311,,1,1,17.036,0.2453
313.066,0.6553,0.8486,0.6473,0.8360,0.98,15.36,0.305,,1,1,17.036,0.2453
313.099,0.6541,0.8529,0.6501,0.8672,0.99,15.32,0.307,,1,1,17.036,0.2453
313.147,0.6471,0.8563,0.6321,0.8637,1.02,15.35,0.290,,1,1,17.036,0.2453
313.178,0.6438,0.8573,0.6324,0.8607,1.03,15.41,0.295,,1,1,17.036,0.2453
313.212,0.6385,0.8587,0.6224,0.8631,1.04,15.49,0.301,,1,1,17.036,0.2453
313.242,0.6386,0.8670,0.6388,0.8959,1.04,15.49,0.298,,1,1,17.036,0.2453
313.273,0.6382,0.8734,0.6371,0.8947,1.05,15.46,0.297,,1,1,17.036,0.2453
313.306,0.6378,0.8877,0.6363,0.9333,1.08,15.47,0.301,,1,1,17.036,0.2453
313.338,0.6343,0.8963,0.6230,0.9240,1.08,15.49,0.297,,1,1,17.036,0.2453
313.370,0.6316,0.9020,0.6230,0.9201,1.09,15.53,0.301,,1,1,17.036,0.2453
313.402,0.6298,0.9027,0.6235,0.9050,1.10,15.58,0.302,,1,1,17.036,0.2453
313.436,0.6284,0.9068,0.6241,0.9194,1.11,15.61,0.294,,1,1,17.036,0.2453
313.467,0.6267,0.9082,0.6212,0.9128,1.11,15.69,0.294,,1,1,17.036,0.2453
313.498,0.6206,0.8994,0.6002,0.8699,1.11,15.79,0.291,,1,1,17.036,0.2453
313.531,0.6142,0.8942,0.5935,0.8772,1.11,15.86,0.301,,1,1,17.036,0.2453
313.564,0.6083,0.8860,0.5900,0.8603,1.11,15.94,0.305,,1,1,17.036,0.2453
313.595,0.6061,0.8817,0.5987,0.8669,1.10,15.99,0.308,,1,1,17.036,0.2453
313.628,0.6072,0.8786,0.6105,0.8689,1.08,16.08,0.305,,1,1,17.036,0.2453
313.660,0.6080,0.8772,0.6110,0.8721,1.06,16.16,0.307,,1,1,17.036,0.2453
313.706,0.6079,0.8763,0.6076,0.8743,1.03,16.19,0.303,,1,1,17.036,0.2453
313.738,0.6059,0.8714,0.5993,0.8554,1.03,16.12,0.304,,1,1,17.036,0.2453
313.771,0.6039,0.8703,0.5973,0.8666,1.04,16.07,0.305,,1,1,17.036,0.2453
313.803,0.6028,0.8701,0.5993,0.8696,1.06,15.98,0.304,,1,1,17.036,0.2453
313.835,0.6003,0.8721,0.5922,0.8784,1.08,15.91,0.302,,1,1,17.036,0.2453
313.868,0.6025,0.8771,0.6094,0.8933,1.10,15.92,0.303,,1,1,17.036,0.2453
313.898,0.6039,0.8871,0.6092,0.9230,1.12,15.97,0.305,,1,1,17.036,0.2453
313.931,0.5996,0.8834,0.5865,0.8722,1.13,16.00,0.287,,1,1,17.036,0.2453
313.965,0.5936,0.8832,0.5746,0.8824,1.14,16.04,0.288,,1,1,17.036,0.2453
313.994,0.5896,0.8917,0.5755,0.9220,1.16,16.04,0.294,,1,1,17.036,0.2453
314.027,0.5829,0.8936,0.5612,0.8999,1.17,16.11,0.299,,1,1,17.036,0.2453
314.061,0.5746,0.8721,0.5494,0.8060,1.17,16.19,0.323,,1,1,17.036,0.2453
314.091,0.5647,0.8276,0.5306,0.6767,1.15,16.30,0.359,,1,1,17.036,0.2453
314.121,0.5538,0.7630,0.5163,0.5530,1.13,16.39,0.392,,1,1,17.036,0.2453
314.154,0.5401,0.6586,0.4979,0.3658,1.12,16.56,0.396,,1,1,17.036,0.2453
314.184,0.5294,0.5884,0.4927,0.3754,1.09,16.74,0.399,,1,1,17.036,0.2453
314.253,0.5122,0.4778,0.4862,0.3285,1.01,17.05,0.414,,1,1,17.036,0.2453
314.299,0.5021,0.4048,0.4801,0.2613,0.94,17.16,0.424,,1,1,17.036,0.2453
314.331,0.4972,0.3665,0.4813,0.2561,0.91,17.23,0.423,,1,1,17.036,0.2453
314.358,0.4940,0.3406,0.4819,0.2525,0.89,17.28,0.422,,1,1,17.036,0.2453
314.384,0.4907,0.3172,0.4775,0.2344,0.87,17.34,0.420,,1,1,17.036,0.2453
314.418,0.4875,0.2923,0.4774,0.2219,0.86,17.43,0.420,,1,1,17.036,0.2453
314.454,0.4850,0.2700,0.4780,0.2135,0.84,17.55,0.420,,1,1,17.036,0.2453
314.485,0.4822,0.2662,0.4726,0.2541,0.82,17.67,0.421,,1,1,17.036,0.2453
314.511,0.4794,0.2604,0.4682,0.2391,0.80,17.77,0.421,,1,1,17.036,0.2453
314.537,0.4768,0.2516,0.4661,0.2182,0.78,17.83,0.431,,1,1,17.036,0.2453
314.565,0.4746,0.2431,0.4665,0.2137,0.76,17.92,0.430,,1,1,17.036,0.2453
314.592,0.4721,0.2448,0.4628,0.2508,0.73,18.00,0.435,,1,1,17.036,0.2453
314.650,0.4682,0.2403,0.4611,0.2324,0.71,18.16,0.433,,1,1,17.036,0.2453
314.681,0.4629,0.2330,0.4452,0.2098,0.70,18.22,0.429,,1,1,17.036,0.2453
314.714,0.4583,0.2304,0.4438,0.2220,0.68,18.28,0.431,,1,1,17.036,0.2453
314.748,0.4521,0.2254,0.4329,0.2102,0.68,18.34,0.429,,1,1,17.036,0.2453
314.780,0.4325,0.2121,0.3697,0.1702,0.66,18.41,0.425,,1,1,17.036,0.2453
314.812,0.4124,0.2059,0.3482,0.1862,0.65,18.39,0.423,,1,1,17.036,0.2453
314.859,0.3898,0.1817,0.3411,0.1296,0.63,18.39,0.416,,1,1,17.036,0.2453
314.891,0.3786,0.1714,0.3431,0.1391,0.62,18.36,0.415,,1,1,17.036,0.2453
314.918,0.3714,0.1628,0.3438,0.1296,0.60,18.32,0.415,,1,1,17.036,0.2453
314.947,0.3638,0.1582,0.3375,0.1421,0.59,18.28,0.404,,1,1,17.036,0.2453
314.975,0.3556,0.1473,0.3261,0.1080,0.57,18.26,0.409,,1,1,17.036,0.2453
315.002,0.3506,0.1405,0.3315,0.1145,0.55,18.24,0.408,,1,1,17.036,0.2453
315.053,0.3454,0.1330,0.3350,0.1180,0.52,18.19,0.405,,1,1,17.036,0.2453
315.082,0.3433,0.1241,0.3353,0.0919,0.51,18.15,0.406,,1,1,17.036,0.2453
315.114,0.3450,0.1235,0.3504,0.1216,0.50,18.09,0.406,,1,1,17.036,0.2453
315.146,0.3386,0.1122,0.3176,0.0757,0.49,18.09,0.406,,1,1,17.036,0.2453
315.180,0.3295,0.0938,0.3016,0.0380,0.47,18.12,0.409,,1,1,17.036,0.2453
315.212,0.3179,0.0888,0.2808,0.0728,0.45,18.04,0.408,,1,1,17.036,0.2453
315.242,0.3085,0.0793,0.2770,0.0477,0.43,17.98,0.413,,1,1,17.036,0.2453
315.275,0.2986,0.0700,0.2662,0.0397,0.42,17.92,0.416,,1,1,17.036,0.2453
315.307,0.2866,0.0645,0.2497,0.0475,0.40,17.85,0.423,,1,1,17.036,0.2453
315.337,0.2783,0.0659,0.2503,0.0705,0.40,17.82,0.419,,1,1,17.036,0.2453
315.370,0.2665,0.0611,0.2300,0.0461,0.39,17.81,0.411,,1,1,17.036,0.2453
315.418,0.2800,0.1643,0.3093,0.3863,0.41,17.54,0.168,,1,1,17.036,0.2453
315.450,0.2935,0.2537,0.3384,0.5297,0.44,17.33,0.154,,1,1,17.036,0.2453
315.483,0.2825,0.3032,0.2473,0.4479,0.48,17.14,0.176,,1,1,17.036,0.2453
315.515,0.2687,0.3332,0.2252,0.4204,0.52,17.03,0.247,,1,1,17.036,0.2453
315.547,0.2584,0.3197,0.2249,0.2781,0.57,17.01,0.304,,1,1,17.036,0.2453
315.579,0.2508,0.3200,0.2264,0.3207,0.60,17.01,0.342,,1,1,17.036,0.2453
315.611,0.2453,0.3173,0.2273,0.3087,0.62,17.03,0.370,,1,1,17.036,0.2453
315.642,0.2412,0.3168,0.2277,0.3151,0.65,17.09,0.388,,1,1,17.036,0.2453
315.675,0.2371,0.3140,0.2242,0.3055,0.67,17.17,0.402,,1,1,17.036,0.2453
315.707,0.2336,0.3049,0.2224,0.2754,0.67,17.23,0.407,,1,1,17.036,0.2453
315.740,0.2294,0.2972,0.2158,0.2723,0.68,17.30,0.409,,1,1,17.036,0.2453
315.769,0.2285,0.2939,0.2254,0.2823,0.69,17.34,0.413,,1,1,17.036,0.2453
315.802,0.2274,0.2933,0.2242,0.2915,0.69,17.39,0.419,,1,1,17.036,0.2453
315.835,0.2262,0.2856,0.2223,0.2606,0.70,17.41,0.423,,1,1,17.036,0.2453
315.867,0.2224,0.2790,0.2100,0.2573,0.70,17.38,0.424,,1,1,17.036,0.2453
315.899,0.2184,0.2708,0.2054,0.2437,0.69,17.37,0.426,,1,1,17.036,0.2453
315.930,0.2095,0.2547,0.1802,0.2018,0.70,17.40,0.425,,1,1,17.036,0.2453
315.964,0.2061,0.2465,0.1955,0.2207,0.71,17.45,0.425,,1,1,17.036,0.2453
316.011,0.2107,0.2690,0.2210,0.3201,0.71,17.51,0.428,,1,1,17.036,0.2453
316.041,0.2117,0.2760,0.2150,0.3000,0.71,17.53,0.426,,1,1,17.036,0.2453
316.075,0.2061,0.2764,0.1885,0.2774,0.70,17.60,0.422,,1,1,17.036,0.2453
316.106,0.2062,0.2831,0.2065,0.3061,0.69,17.66,0.419,,1,1,17.036,0.2453
316.137,0.2053,0.2875,0.2023,0.3019,0.68,17.72,0.421,,1,1,17.036,0.2453
316.170,0.2070,0.2946,0.2127,0.3176,0.68,17.79,0.423,,1,1,17.036,0.2453
316.202,0.2103,0.3061,0.2210,0.3435,0.67,17.83,0.427,,1,1,17.036,0.2453
316.234,0.2113,0.3155,0.2149,0.3461,0.68,17.87,0.427,,1,1,17.036,0.2453
316.267,0.2175,0.3223,0.2371,0.3438,0.67,17.93,0.426,,1,1,17.036,0.2453
316.298,0.2219,0.3250,0.2368,0.3338,0.65,17.97,0.427,,1,1,17.036,0.2453
316.332,0.2262,0.3293,0.2396,0.3426,0.63,18.01,0.425,,1,1,17.036,0.2453
316.362,0.2252,0.3214,0.2218,0.2942,0.62,18.07,0.423,,1,1,17.036,0.2453
316.394,0.2212,0.3008,0.2080,0.2337,0.62,18.17,0.425,,1,1,17.036,0.2453
316.427,0.2182,0.2868,0.2085,0.2419,0.61,18.25,0.431,,1,1,17.036,0.2453
316.458,0.2166,0.2766,0.2110,0.2426,0.60,18.29,0.435,,1,1,17.036,0.2453
316.491,0.2166,0.2664,0.2168,0.2341,0.57,18.32,0.435,,1,1,17.036,0.2453
316.522,0.2132,0.2487,0.2016,0.1901,0.55,18.34,0.442,,1,1,17.036,0.2453
316.571,0.2032,0.2179,0.1818,0.1540,0.53,18.37,0.460,,1,1,17.036,0.2453
316.602,0.1989,0.1960,0.1840,0.1226,0.50,18.38,0.474,,1,1,17.036,0.2453
316.633,0.1941,0.1674,0.1780,0.0768,0.46,18.40,0.478,,1,1,17.036,0.2453
316.667,0.1889,0.1431,0.1728,0.0719,0.43,18.42,0.483,,1,1,17.036,0.2453
316.699,0.1838,0.1175,0.1673,0.0396,0.40,18.43,0.481,,1,1,17.036,0.2453
316.731,0.1804,0.0965,0.1691,0.0321,0.37,18.44,0.479,,1,1,17.036,0.2453
316.763,0.1787,0.0858,0.1733,0.0523,0.35,18.42,0.487,,1,1,17.036,0.2453
316.795,0.1761,0.0747,0.1677,0.0408,0.33,18.43,0.486,,1,1,17.036,0.2453
316.829,0.1728,0.0659,0.1625,0.0398,0.31,18.44,0.486,,1,1,17.036,0.2453
316.859,0.1701,0.0651,0.1609,0.0623,0.29,18.45,0.485,,1,1,17.036,0.2453
316.890,0.1681,0.0631,0.1615,0.0566,0.29,18.45,0.482,,1,1,17.036,0.2453
316.922,0.1665,0.0732,0.1610,0.1060,0.27,18.44,0.478,,1,1,17.036,0.2453
316.955,0.1604,0.0773,0.1408,0.0903,0.25,18.48,0.479,,1,1,17.036,0.2453
316.985,0.1484,0.0733,0.1076,0.0598,0.24,18.54,0.476,,1,1,17.036,0.2453
317.052,0.1271,0.0601,0.0943,0.0395,0.23,18.72,0.476,,1,1,17.036,0.2453
317.082,0.1189,0.0581,0.0904,0.0512,0.22,18.74,0.472,,1,1,17.036,0.2453
317.130,0.1154,0.0818,0.1078,0.1348,0.21,18.77,0.475,,1,1,17.036,0.2453
317.162,0.1141,0.1042,0.1096,0.1770,0.19,18.81,0.473,,1,1,17.036,0.2453
317.191,0.1121,0.1227,0.1048,0.1886,0.17,18.87,0.472,,1,1,17.036,0.2453
317.220,0.1074,0.1257,0.0908,0.1364,0.14,18.93,0.466,,1,1,17.036,0.2453
317.250,0.1036,0.1235,0.0903,0.1158,0.10,19.04,0.464,,1,1,17.036,0.2453
317.275,0.1006,0.1196,0.0882,0.1031,0.08,19.11,0.464,,1,1,17.036,0.2453
317.303,0.0993,0.1166,0.0944,0.1052,0.06,19.19,0.462,,1,1,17.036,0.2453
317.333,0.0960,0.1096,0.0846,0.0854,0.04,19.27,0.461,,1,1,17.036,0.2453
317.359,0.0958,0.1088,0.0950,0.1053,0.03,19.31,0.461,,1,1,17.036,0.2453
317.385,0.0997,0.1142,0.1158,0.1366,0.02,19.35,0.457,,1,1,17.036,0.2453
317.450,0.1142,0.1304,0.1378,0.1564,0.02,19.53,0.447,,1,1,17.036,0.2453
317.482,0.1188,0.1350,0.1340,0.1500,0.02,19.58,0.445,,1,1,17.036,0.2453
317.516,0.1227,0.1400,0.1349,0.1559,0.03,19.60,0.442,,1,1,17.036,0.2453
317.547,0.1216,0.1549,0.1180,0.2040,0.04,19.60,0.442,,1,1,17.036,0.2453
317.579,0.1168,0.1695,0.1011,0.2162,0.08,19.60,0.437,,1,1,17.036,0.2453
317.611,0.1132,0.1813,0.1009,0.2202,0.10,19.58,0.432,,1,1,17.036,0.2453
317.644,0.1134,0.2215,0.1143,0.3442,0.13,19.55,0.390,,1,1,17.036,0.2453
317.690,0.1370,0.3901,0.1909,0.7351,0.19,19.25,0.181,,1,1,17.036,0.2453
317.723,0.1576,0.5368,0.2217,0.9277,0.22,18.99,0.137,,1,1,17.036,0.2453
317.751,0.1756,0.6528,0.2434,1.0142,0.26,18.75,0.123,,1,1,17.036,0.2453
317.776,0.1914,0.7482,0.2534,1.0720,0.30,18.60,0.118,,1,1,17.036,0.2453
317.801,0.2068,0.8198,0.2681,1.1582,0.33,18.41,0.131,,1,1,17.036,0.2453
317.850,0.2166,0.9042,0.2371,1.1288,0.39,18.12,0.153,,1,1,17.036,0.2453
317.883,0.2147,0.9454,0.2090,1.1014,0.41,17.93,0.160,,1,1,17.036,0.2453
317.913,0.2117,0.9726,0.2014,1.1396,0.44,17.77,0.159,,1,1,17.036,0.2453
317.946,0.2085,0.9934,0.1982,1.1548,0.46,17.58,0.164,,1,1,17.036,0.2453
317.980,0.2117,1.0000,0.2217,1.2268,0.50,17.43,0.172,,1,1,17.036,0.2453
318.011,0.2136,1.0000,0.2199,1.1964,0.52,17.35,0.182,,1,1,17.036,0.2453
318.044,0.2119,1.0000,0.2067,1.1967,0.53,17.23,0.182,,1,1,17.036,0.2453
318.075,0.2084,1.0000,0.1968,1.1889,0.56,17.07,0.191,,1,1,17.036,0.2453
318.107,0.2088,1.0000,0.2101,1.2438,0.59,16.97,0.195,,1,1,17.036,0.2453
318.137,0.2095,1.0000,0.2117,1.2619,0.63,16.91,0.212,,1,1,17.036,0.2453
318.171,0.2101,1.0000,0.2120,1.2521,0.67,16.88,0.238,,1,1,17.036,0.2453
318.203,0.2133,1.0000,0.2240,1.2701,0.70,16.91,0.266,,1,1,17.036,0.2453
318.234,0.2104,1.0000,0.2006,1.2103,0.72,16.99,0.281,,1,1,17.036,0.2453
318.282,0.2011,1.0000,0.1805,1.2099,0.73,17.07,0.310,,1,1,17.036,0.2453
318.314,0.1942,1.0000,0.1710,1.1786,0.75,17.13,0.313,,1,1,17.036,0.2453
318.347,0.1871,1.0000,0.1650,1.1658,0.76,17.19,0.333,,1,1,17.036,0.2453
318.380,0.1802,1.0000,0.1580,1.1178,0.78,17.26,0.358,,1,1,17.036,0.2453
318.412,0.1621,1.0000,0.1029,1.0185,0.79,17.34,0.352,,1,1,17.036,0.2453
318.442,0.1505,1.0000,0.1115,1.0127,0.80,17.46,0.354,,1,1,17.036,0.2453
318.475,0.1427,1.0000,0.1180,1.0178,0.79,17.56,0.369,,1,1,17.036,0.2453
318.507,0.1384,1.0000,0.1245,1.0581,0.80,17.70,0.374,,1,1,17.036,0.2453
318.540,0.1346,1.0000,0.1227,1.0839,0.80,17.82,0.378,,1,1,17.036,0.2453
318.572,0.1273,1.0000,0.1035,1.0482,0.80,17.91,0.379,,1,1,17.036,0.2453
318.601,0.1224,1.0000,0.1053,1.0745,0.82,17.98,0.384,,1,1,17.036,0.2453
318.635,0.1168,1.0000,0.0993,1.0558,0.84,18.09,0.383,,1,1,17.036,0.2453
318.667,0.1106,1.0000,0.0912,1.0707,0.86,18.18,0.374,,1,1,17.036,0.2453
318.698,0.1089,1.0000,0.1030,1.1001,0.85,18.22,0.376,,1,1,17.036,0.2453
318.730,0.1069,1.0000,0.1007,1.0849,0.85,18.27,0.376,,1,1,17.036,0.2453
318.764,0.1061,1.0000,0.1036,1.1215,0.84,18.31,0.369,,1,1,17.036,0.2453
318.794,0.1056,1.0000,0.1037,1.1030,0.84,18.37,0.368,,1,1,17.036,0.2453
318.842,0.1023,1.0000,0.0950,1.0690,0.83,18.49,0.369,,1,1,17.036,0.2453
318.876,0.1014,1.0000,0.0988,1.0701,0.81,18.57,0.361,,1,1,17.036,0.2453
318.905,0.1014,1.0000,0.1014,1.0757,0.81,18.59,0.366,,1,1,17.036,0.2453
318.939,0.0999,1.0000,0.0951,1.0897,0.82,18.64,0.372,,1,1,17.036,0.2453
318.970,0.0987,1.0000,0.0947,1.0786,0.82,18.67,0.371,,1,1,17.036,0.2453
319.003,0.0973,1.0000,0.0929,1.0650,0.83,18.71,0.370,,1,1,17.036,0.2453
319.035,0.0968,1.0000,0.0952,1.0717,0.85,18.77,0.370,,1,1,17.036,0.2453
319.066,0.0972,1.0000,0.0983,1.0930,0.86,18.87,0.374,,1,1,17.036,0.2453
319.101,0.1000,1.0000,0.1088,1.1087,0.87,18.96,0.367,,1,1,17.036,0.2453
319.130,0.0977,1.0000,0.0896,1.0920,0.88,19.02,0.367,,1,1,17.036,0.2453
319.163,0.0943,1.0000,0.0833,1.0582,0.88,19.13,0.364,,1,1,17.036,0.2453
319.195,0.0925,1.0000,0.0868,1.0632,0.89,19.22,0.361,,1,1,17.036,0.2453
319.226,0.0893,1.0000,0.0780,1.0574,0.90,19.28,0.357,,1,1,17.036,0.2453
319.260,0.0880,1.0000,0.0840,1.0744,0.93,19.33,0.342,,1,1,17.036,0.2453
319.291,0.0879,1.0000,0.0876,1.1086,0.95,19.38,0.341,,1,1,17.036,0.2453
319.324,0.0888,1.0000,0.0918,1.1092,0.95,19.43,0.338,,1,1,17.036,0.2453
319.355,0.0903,1.0000,0.0951,1.1217,0.96,19.46,0.332,,1,1,17.036,0.2453
319.402,0.0963,1.0000,0.1098,1.1048,0.94,19.47,0.320,,1,1,17.036,0.2453
319.436,0.0983,1.0000,0.1046,1.1110,0.94,19.49,0.315,,1,1,17.036,0.2453
319.466,0.0998,1.0000,0.1052,1.1065,0.94,19.48,0.315,,1,1,17.036,0.2453
319.499,0.1012,1.0000,0.1057,1.0832,0.94,19.51,0.313,,1,1,17.036,0.2453
319.531,0.1121,1.0000,0.1487,1.0872,0.94,19.53,0.299,,1,1,17.036,0.2453
319.564,0.1233,1.0000,0.1572,1.3143,0.99,19.38,0.089,,1,1,17.036,0.2453
319.594,0.1361,1.0000,0.1796,1.4592,1.03,19.21,0.076,,1,1,17.036,0.2453
319.628,0.1478,1.0000,0.1836,1.4648,1.07,19.00,0.080,,1,1,17.036,0.2453
319.658,0.1452,1.0000,0.1362,1.2758,1.08,18.80,0.082,,1,1,17.036,0.2453
319.692,0.1449,1.0000,0.1439,1.2724,1.08,18.64,0.124,,1,1,17.036,0.2453
319.724,0.1391,1.0000,0.1201,1.1180,1.07,18.49,0.170,,1,1,17.036,0.2453
319.755,0.1355,1.0000,0.1235,1.0914,1.06,18.38,0.197,,1,1,17.036,0.2453
319.786,0.1310,1.0000,0.1154,1.0673,1.06,18.26,0.206,,1,1,17.036,0.2453
319.852,0.1176,0.9836,0.0964,0.8803,1.03,18.12,0.233,,1,1,17.036,0.2453
319.883,0.1140,0.9700,0.1014,0.9245,1.01,18.09,0.253,,1,1,17.036,0.2453
319.913,0.1079,0.9509,0.0869,0.8865,1.00,18.11,0.269,,1,1,17.036,0.2453
319.963,0.0916,0.9116,0.0574,0.8321,1.02,18.20,0.282,,1,1,17.036,0.2453
319.995,0.0847,0.8845,0.0619,0.7992,1.02,18.30,0.305,,1,1,17.036,0.2453
320.021,0.0805,0.8632,0.0644,0.7838,1.02,18.39,0.315,,1,1,17.036,0.2453
320.048,0.0766,0.8402,0.0611,0.7540,1.03,18.47,0.317,,1,1,17.036,0.2453
320.074,0.0717,0.8227,0.0524,0.7582,1.04,18.54,0.323,,1,1,17.036,0.2453
320.100,0.0599,0.7974,0.0128,0.7025,1.05,18.62,0.336,,1,1,17.036,0.2453
320.127,0.0425,0.7572,-0.0223,0.6168,1.06,18.70,0.345,,1,1,17.036,0.2453
320.156,0.0229,0.7030,-0.0473,0.5244,1.06,18.83,0.364,,1,1,17.036,0.2453
320.186,0.0100,0.6686,-0.0332,0.5628,1.08,18.95,0.361,,1,1,17.036,0.2453
320.252,0.0000,0.6146,-0.0297,0.5367,1.12,19.35,0.356,,1,1,17.036,0.2453
320.282,0.0000,0.5969,-0.0334,0.5418,1.13,19.51,0.353,,1,1,17.036,0.2453
320.313,0.0000,0.5821,-0.0425,0.5362,1.14,19.63,0.344,,1,1,17.036,0.2453
320.347,0.0000,0.5762,-0.0398,0.5591,1.15,19.71,0.346,,1,1,17.036,0.2453
320.378,0.0000,0.5706,-0.0433,0.5531,1.17,19.76,0.341,,1,1,17.036,0.2453
320.411,0.0000,0.5792,-0.0096,0.6054,1.19,19.82,0.337,,1,1,17.036,0.2453
320.442,0.0000,0.5880,-0.0064,0.6169,1.20,19.95,0.331,,1,1,17.036,0.2453
320.476,0.0000,0.5981,-0.0040,0.6292,1.22,20.03,0.316,,1,1,17.036,0.2453
320.507,0.0000,0.6131,0.0144,0.6636,1.22,20.10,0.315,,1,1,17.036,0.2453
320.554,0.0060,0.6471,0.0402,0.7232,1.19,20.20,0.302,,1,1,17.036,0.2453
320.586,0.0399,0.6967,0.1490,0.8542,1.21,20.19,0.229,,1,1,17.036,0.2453
320.614,0.0685,0.7387,0.1770,0.8946,1.23,20.18,0.207,,1,1,17.036,0.2453
320.650,0.1022,0.7833,0.1938,0.9014,1.25,20.17,0.217,,1,1,17.036,0.2453
320.683,0.1242,0.8164,0.1896,0.9127,1.27,20.20,0.242,,1,1,17.036,0.2453
320.714,0.1413,0.8504,0.1960,0.9556,1.29,20.24,0.255,,1,1,17.036,0.2453
320.748,0.1599,0.8829,0.2147,0.9750,1.32,20.28,0.262,,1,1,17.036,0.2453
320.779,0.1779,0.9146,0.2342,1.0102,1.36,20.29,0.269,,1,1,17.036,0.2453
320.811,0.1930,0.9415,0.2395,1.0215,1.38,20.34,0.270,,1,1,17.036,0.2453
320.844,0.2101,0.9685,0.2623,1.0478,1.39,20.37,0.275,,1,1,17.036,0.2453
320.875,0.2221,0.9800,0.2605,1.0155,1.39,20.43,0.283,,1,1,17.036,0.2453
320.907,0.2348,0.9863,0.2746,1.0059,1.38,20.52,0.290,,1,1,17.036,0.2453
320.939,0.2469,0.9910,0.2842,1.0052,1.37,20.58,0.286,,1,1,17.036,0.2453
320.971,0.2615,1.0000,0.3075,1.0432,1.37,20.63,0.288,,1,1,17.036,0.2453
321.005,0.2737,1.0000,0.3099,1.0543,1.34,20.68,0.297,,1,1,17.036,0.2453
321.034,0.2840,1.0000,0.3197,0.9982,1.32,20.71,0.301,,1,1,17.036,0.2453
321.070,0.2973,1.0000,0.3345,1.0050,1.31,20.70,0.299,,1,1,17.036,0.2453
321.115,0.3201,1.0000,0.3709,1.0128,1.31,20.67,0.307,,1,1,17.036,0.2453
321.146,0.3375,1.0000,0.3937,0.9901,1.32,20.66,0.311,,1,1,17.036,0.2453
321.179,0.3562,1.0000,0.4129,1.0149,1.31,20.58,0.323,,1,1,17.036,0.2453
321.211,0.3800,1.0000,0.4540,1.0505,1.31,20.46,0.330,,1,1,17.036,0.2453
321.244,0.4118,1.0000,0.5051,1.0612,1.32,20.36,0.336,,1,1,17.036,0.2453
321.276,0.4444,1.0000,0.5431,0.9825,1.31,20.27,0.342,,1,1,17.036,0.2453
321.307,0.4762,1.0000,0.5760,1.0098,1.30,20.13,0.346,,1,1,17.036,0.2453
321.339,0.5115,1.0000,0.6187,1.0288,1.27,19.98,0.348,,1,1,17.036,0.2453
321.372,0.5448,1.0000,0.6421,0.9479,1.25,19.90,0.363,,1,1,17.036,0.2453
321.401,0.5745,0.9728,0.6689,0.8747,1.22,19.84,0.363,,1,1,17.036,0.2453
321.434,0.6132,0.9562,0.7241,0.9044,1.19,19.51,0.359,,1,1,17.036,0.2453
321.469,0.6477,0.9357,0.7463,0.8725,1.16,19.16,0.358,,1,1,17.036,0.2453
321.498,0.6714,0.9132,0.7449,0.8388,1.15,18.92,0.362,,1,1,17.036,0.2453
321.530,0.6949,0.9036,0.7647,0.8731,1.13,18.64,0.357,,1,1,17.036,0.2453
321.563,0.7154,0.8931,0.7751,0.8606,1.12,18.50,0.360,,1,1,17.036,0.2453
321.595,0.7302,0.8802,0.7741,0.8401,1.11,18.33,0.364,,1,1,17.036,0.2453
321.628,0.7422,0.8549,0.7779,0.7772,1.07,18.17,0.356,,1,1,17.036,0.2453
321.673,0.7437,0.7685,0.7469,0.5802,1.02,18.03,0.405,,1,1,17.036,0.2453
321.708,0.7394,0.6803,0.7274,0.4488,0.98,17.95,0.440,,1,1,17.036,0.2453
321.739,0.7352,0.6079,0.7211,0.3905,0.95,17.89,0.454,,1,1,17.036,0.2453
321.769,0.7303,0.5380,0.7139,0.3325,0.91,17.81,0.456,,1,1,17.036,0.2453
321.803,0.7214,0.4752,0.6938,0.3080,0.88,17.74,0.455,,1,1,17.036,0.2453
321.834,0.7088,0.4101,0.6664,0.2260,0.87,17.75,0.464,,1,1,17.036,0.2453
321.867,0.6923,0.3645,0.6391,0.2410,0.86,17.73,0.460,,1,1,17.036,0.2453
321.898,0.6763,0.3439,0.6233,0.2850,0.83,17.79,0.459,,1,1,17.036,0.2453
321.929,0.6551,0.3278,0.5847,0.2804,0.79,17.84,0.457,,1,1,17.036,0.2453
321.964,0.6321,0.3121,0.5642,0.2697,0.76,17.82,0.459,,1,1,17.036,0.2453
321.994,0.6110,0.2950,0.5410,0.2425,0.74,17.84,0.459,,1,1,17.036,0.2453
322.027,0.5886,0.2803,0.5199,0.2378,0.72,17.84,0.463,,1,1,17.036,0.2453
322.061,0.5713,0.2629,0.5195,0.2130,0.69,17.85,0.460,,1,1,17.036,0.2453
322.090,0.5601,0.2582,0.5216,0.2426,0.67,17.83,0.453,,1,1,17.036,0.2453
322.122,0.5448,0.2343,0.4971,0.1621,0.64,17.93,0.457,,1,1,17.036,0.2453
322.155,0.5302,0.2217,0.4856,0.1843,0.60,18.04,0.457,,1,1,17.036,0.2453
322.186,0.5191,0.2151,0.4839,0.1947,0.57,18.23,0.454,,1,1,17.036,0.2453
322.269,0.5074,0.2306,0.4929,0.2497,0.55,18.52,0.447,,1,1,17.036,0.2453
322.295,0.5050,0.2368,0.4956,0.2613,0.55,18.60,0.445,,1,1,17.036,0.2453
322.321,0.5030,0.2410,0.4955,0.2576,0.55,18.68,0.443,,1,1,17.036,0.2453
322.346,0.5026,0.2453,0.5007,0.2631,0.56,18.72,0.442,,1,1,17.036,0.2453
322.372,0.5010,0.2467,0.4950,0.2525,0.56,18.77,0.447,,1,1,17.036,0.2453
322.400,0.4997,0.2433,0.4948,0.2301,0.56,18.81,0.446,,1,1,17.036,0.2453
322.427,0.5020,0.2424,0.5108,0.2391,0.57,18.86,0.440,,1,1,17.036,0.2453
322.460,0.5118,0.2528,0.5422,0.2854,0.57,18.94,0.441,,1,1,17.036,0.2453
322.491,0.5237,0.2626,0.5648,0.2962,0.57,19.02,0.444,,1,1,17.036,0.2453
322.523,0.5401,0.2547,0.5935,0.2288,0.56,19.11,0.443,,1,1,17.036,0.2453
322.554,0.5545,0.2480,0.6025,0.2250,0.54,19.22,0.449,,1,1,17.036,0.2453
322.587,0.5674,0.2426,0.6082,0.2255,0.53,19.31,0.452,,1,1,17.036,0.2453
322.650,0.5879,0.2100,0.6216,0.1560,0.49,19.42,0.458,,1,1,17.036,0.2453
322.682,0.5979,0.1912,0.6292,0.1318,0.47,19.46,0.460,,1,1,17.036,0.2453
322.715,0.6054,0.1800,0.6292,0.1444,0.47,19.50,0.468,,1,1,17.036,0.2453
322.747,0.6121,0.1711,0.6337,0.1427,0.47,19.57,0.472,,1,1,17.036,0.2453
322.780,0.6161,0.1519,0.6286,0.0922,0.46,19.59,0.475,,1,1,17.036,0.2453
322.827,0.6231,0.1410,0.6386,0.1172,0.45,19.62,0.478,,1,1,17.036,0.2453
322.859,0.6294,0.1439,0.6494,0.1533,0.44,19.58,0.484,,1,1,17.036,0.2453
322.886,0.6349,0.1505,0.6559,0.1757,0.45,19.52,0.486,,1,1,17.036,0.2453
322.913,0.6390,0.1584,0.6545,0.1889,0.45,19.48,0.486,,1,1,17.036,0.2453
322.940,0.6414,0.1591,0.6510,0.1619,0.46,19.40,0.483,,1,1,17.036,0.2453
322.966,0.6435,0.1604,0.6518,0.1658,0.46,19.36,0.482,,1,1,17.036,0.2453
322.993,0.6455,0.1608,0.6530,0.1622,0.46,19.33,0.482,,1,1,17.036,0.2453
323.055,0.6486,0.1554,0.6538,0.1463,0.40,19.12,0.479,,1,1,17.036,0.2453
323.092,0.6528,0.1556,0.6648,0.1561,0.38,18.99,0.476,,1,1,17.036,0.2453
323.122,0.6562,0.1556,0.6679,0.1556,0.35,18.87,0.481,,1,1,17.036,0.2453
323.148,0.6514,0.1557,0.6326,0.1562,0.33,18.79,0.479,,1,1,17.036,0.2453
323.179,0.6463,0.1631,0.6285,0.1891,0.30,18.72,0.476,,1,1,17.036,0.2453
323.213,0.6373,0.1626,0.6096,0.1610,0.28,18.70,0.468,,1,1,17.036,0.2453
323.245,0.6263,0.1702,0.5903,0.1949,0.26,18.70,0.453,,1,1,17.036,0.2453
323.275,0.6179,0.1809,0.5886,0.2180,0.26,18.68,0.447,,1,1,17.036,0.2453
323.306,0.6058,0.1899,0.5646,0.2209,0.27,18.69,0.431,,1,1,17.036,0.2453
323.339,0.5969,0.2008,0.5694,0.2341,0.29,18.65,0.422,,1,1,17.036,0.2453
323.386,0.5894,0.2274,0.5728,0.2857,0.31,18.63,0.418,,1,1,17.036,0.2453
323.419,0.5840,0.2441,0.5668,0.2964,0.33,18.63,0.415,,1,1,17.036,0.2453
323.450,0.5818,0.2708,0.5746,0.3564,0.35,18.65,0.401,,1,1,17.036,0.2453
323.483,0.5805,0.2899,0.5764,0.3488,0.37,18.70,0.394,,1,1,17.036,0.2453
323.515,0.5791,0.3068,0.5747,0.3589,0.40,18.73,0.385,,1,1,17.036,0.2453
323.546,0.5787,0.3308,0.5770,0.4086,0.43,18.75,0.382,,1,1,17.036,0.2453
323.579,0.5768,0.3556,0.5708,0.4290,0.46,18.77,0.357,,1,1,17.036,0.2453
323.611,0.5768,0.3891,0.5770,0.4913,0.51,18.77,0.351,,1,1,17.036,0.2453
323.643,0.5744,0.4262,0.5664,0.5387,0.55,18.76,0.343,,1,1,17.036,0.2453
323.675,0.5705,0.4649,0.5578,0.5817,0.58,18.79,0.339,,1,1,17.036,0.2453
323.706,0.5692,0.5081,0.5647,0.6389,0.61,18.80,0.338,,1,1,17.036,0.2453
323.738,0.5664,0.5409,0.5574,0.6380,0.64,18.80,0.326,,1,1,17.036,0.2453
323.772,0.5640,0.5749,0.5564,0.6712,0.68,18.81,0.318,,1,1,17.036,0.2453
323.804,0.5595,0.5961,0.5443,0.6597,0.68,18.85,0.311,,1,1,17.036,0.2453
323.836,0.5528,0.6153,0.5313,0.6717,0.69,18.89,0.312,,1,1,17.036,0.2453
323.871,0.5493,0.6460,0.5391,0.7292,0.70,18.91,0.309,,1,1,17.036,0.2453
323.898,0.5480,0.6686,0.5428,0.7486,0.72,18.86,0.303,,1,1,17.036,0.2453
323.947,0.5435,0.7069,0.5339,0.7822,0.76,18.80,0.304,,1,1,17.036,0.2453
323.981,0.5379,0.7247,0.5201,0.7767,0.78,18.76,0.302,,1,1,17.036,0.2453
324.010,0.5336,0.7417,0.5188,0.7969,0.79,18.74,0.304,,1,1,17.036,0.2453
324.043,0.5304,0.7529,0.5203,0.7855,0.81,18.73,0.294,,1,1,17.036,0.2453
324.076,0.5285,0.7651,0.5226,0.8019,0.83,18.73,0.292,,1,1,17.036,0.2453
324.108,0.5269,0.7733,0.5213,0.7986,0.86,18.72,0.297,,1,1,17.036,0.2453
324.140,0.5286,0.7839,0.5343,0.8169,0.87,18.66,0.303,,1,1,17.036,0.2453
324.171,0.5311,0.7906,0.5395,0.8119,0.89,18.66,0.300,,1,1,17.036,0.2453
324.202,0.5355,0.8013,0.5507,0.8356,0.92,18.67,0.299,,1,1,17.036,0.2453
324.233,0.5408,0.8080,0.5588,0.8299,0.93,18.72,0.290,,1,1,17.036,0.2453
324.267,0.5437,0.8143,0.5527,0.8331,0.97,18.72,0.299,,1,1,17.036,0.2453
324.298,0.5467,0.8266,0.5568,0.8664,1.00,18.67,0.296,,1,1,17.036,0.2453
324.330,0.5474,0.8545,0.5498,0.9438,1.06,18.53,0.221,,1,1,17.036,0.2453
324.363,0.5487,0.8850,0.5526,0.9747,1.10,18.40,0.205,,1,1,17.036,0.2453
324.394,0.5511,0.9205,0.5595,1.0314,1.14,18.30,0.215,,1,1,17.036,0.2453
324.428,0.5503,0.9480,0.5475,1.0281,1.18,18.18,0.214,,1,1,17.036,0.2453
324.461,0.5510,0.9741,0.5533,1.0646,1.21,18.12,0.220,,1,1,17.036,0.2453
324.491,0.5508,0.9920,0.5502,1.0972,1.24,18.05,0.235,,1,1,17.036,0.2453
324.537,0.5489,1.0000,0.5445,1.0814,1.28,18.01,0.236,,1,1,17.036,0.2453
324.569,0.5468,1.0000,0.5398,1.0942,1.31,18.00,0.246,,1,1,17.036,0.2453
324.603,0.5461,1.0000,0.5437,1.1102,1.34,18.03,0.251,,1,1,17.036,0.2453
324.635,0.5480,1.0000,0.5546,1.1217,1.37,18.06,0.266,,1,1,17.036,0.2453
324.666,0.5499,1.0000,0.5563,1.1674,1.40,18.08,0.275,,1,1,17.036,0.2453
324.698,0.5511,1.0000,0.5551,1.1762,1.42,18.09,0.281,,1,1,17.036,0.2453
324.730,0.5510,1.0000,0.5504,1.1249,1.43,18.16,0.312,,1,1,17.036,0.2453
324.764,0.5543,1.0000,0.5649,1.1274,1.44,18.19,0.329,,1,1,17.036,0.2453
324.796,0.5559,1.0000,0.5612,1.0259,1.44,18.24,0.351,,1,1,17.036,0.2453
324.829,0.5588,1.0000,0.5679,1.0407,1.46,18.26,0.359,,1,1,17.036,0.2453
324.862,0.5614,1.0000,0.5699,0.9844,1.46,18.33,0.371,,1,1,17.036,0.2453
324.893,0.5673,1.0000,0.5868,1.0013,1.45,18.37,0.381,,1,1,17.036,0.2453
324.925,0.5734,1.0000,0.5934,0.9837,1.43,18.41,0.381,,1,1,17.036,0.2453
324.956,0.5794,1.0000,0.5995,0.9888,1.43,18.38,0.380,,1,1,17.036,0.2453
324.987,0.5844,0.9961,0.6011,0.9591,1.42,18.35,0.382,,1,1,17.036,0.2453
325.052,0.5933,0.9877,0.6077,0.9740,1.44,18.36,0.383,,1,1,17.036,0.2453
325.098,0.6018,0.9948,0.6211,1.0111,1.42,18.39,0.394,,1,1,17.036,0.2453
325.131,0.6066,0.9985,0.6218,1.0104,1.40,18.43,0.397,,1,1,17.036,0.2453
325.157,0.6104,1.0000,0.6252,1.0093,1.38,18.48,0.399,,1,1,17.036,0.2453
325.184,0.6170,1.0000,0.6423,1.0026,1.36,18.52,0.402,,1,1,17.036,0.2453
325.209,0.6216,0.9981,0.6404,0.9856,1.35,18.54,0.406,,1,1,17.036,0.2453
325.236,0.6282,1.0000,0.6540,1.0105,1.33,18.55,0.404,,1,1,17.036,0.2453
325.261,0.6340,0.9964,0.6578,0.9791,1.31,18.56,0.407,,1,1,17.036,0.2453
325.290,0.6395,0.9900,0.6593,0.9666,1.28,18.57,0.406,,1,1,17.036,0.2453
325.323,0.6459,0.9848,0.6658,0.9681,1.27,18.56,0.407,,1,1,17.036,0.2453
325.354,0.6515,0.9767,0.6702,0.9496,1.25,18.61,0.405,,1,1,17.036,0.2453
325.387,0.6564,0.9691,0.6717,0.9449,1.22,18.65,0.406,,1,1,17.036,0.2453
325.453,0.6643,0.9655,0.6768,0.9599,1.17,18.73,0.410,,1,1,17.036,0.2453
325.485,0.6675,0.9615,0.6776,0.9486,1.14,18.74,0.405,,1,1,17.036,0.2453
325.514,0.6692,0.9564,0.6752,0.9382,1.13,18.71,0.400,,1,1,17.036,0.2453
325.547,0.6699,0.9506,0.6722,0.9317,1.13,18.69,0.399,,1,1,17.036,0.2453
325.579,0.6688,0.9366,0.6652,0.8925,1.12,18.72,0.402,,1,1,17.036,0.2453
325.610,0.6658,0.8988,0.6555,0.7736,1.11,18.77,0.414,,1,1,17.036,0.2453
325.659,0.6579,0.7902,0.6408,0.5751,1.09,18.83,0.451,,1,1,17.036,0.2453
325.691,0.6505,0.6901,0.6262,0.4007,1.08,18.92,0.458,,1,1,17.036,0.2453
325.716,0.6444,0.6074,0.6187,0.3103,1.07,19.02,0.458,,1,1,17.036,0.2453
325.744,0.6365,0.5221,0.6072,0.2589,1.05,19.07,0.473,,1,1,17.036,0.2453
325.773,0.6310,0.4580,0.6102,0.2603,1.02,19.12,0.472,,1,1,17.036,0.2453
325.801,0.6264,0.4095,0.6099,0.2658,0.99,19.18,0.476,,1,1,17.036,0.2453
325.852,0.6192,0.3318,0.6046,0.1991,0.93,19.27,0.476,,1,1,17.036,0.2453
325.883,0.6186,0.3003,0.6165,0.2105,0.90,19.31,0.473,,1,1,17.036,0.2453
325.915,0.6237,0.2818,0.6409,0.2289,0.87,19.29,0.473,,1,1,17.036,0.2453
325.947,0.6316,0.2677,0.6577,0.2272,0.83,19.29,0.472,,1,1,17.036,0.2453
325.979,0.6381,0.2509,0.6591,0.2032,0.78,19.31,0.473,,1,1,17.036,0.2453
326.012,0.6474,0.2334,0.6770,0.1836,0.75,19.34,0.473,,1,1,17.036,0.2453
326.043,0.6551,0.2212,0.6812,0.1833,0.72,19.31,0.476,,1,1,17.036,0.2453
326.074,0.6631,0.2087,0.6900,0.1704,0.69,19.30,0.478,,1,1,17.036,0.2453
326.106,0.6698,0.1962,0.6916,0.1587,0.65,19.26,0.477,,1,1,17.036,0.2453
326.139,0.6754,0.1832,0.6930,0.1445,0.61,19.24,0.476,,1,1,17.036,0.2453
326.170,0.6811,0.1808,0.7002,0.1731,0.59,19.20,0.475,,1,1,17.036,0.2453
326.218,0.6852,0.1665,0.6941,0.1369,0.57,19.16,0.481,,1,1,17.036,0.2453
326.250,0.6899,0.1806,0.7052,0.2259,0.56,19.10,0.481,,1,1,17.036,0.2453
326.283,0.6933,0.1958,0.7042,0.2433,0.55,19.05,0.479,,1,1,17.036,0.2453
326.314,0.6951,0.2033,0.7012,0.2289,0.54,19.02,0.480,,1,1,17.036,0.2453
326.347,0.6982,0.1979,0.7079,0.1806,0.54,18.89,0.480,,1,1,17.036,0.2453
326.377,0.6999,0.1934,0.7060,0.1781,0.53,18.78,0.479,,1,1,17.036,0.2453
326.409,0.6980,0.1792,0.6918,0.1331,0.52,18.70,0.485,,1,1,17.036,0.2453
326.442,0.6962,0.1618,0.6907,0.1090,0.48,18.67,0.483,,1,1,17.036,0.2453
326.475,0.6945,0.1456,0.6886,0.0946,0.45,18.66,0.485,,1,1,17.036,0.2453
326.511,0.6932,0.1344,0.6893,0.1024,0.42,18.64,0.484,,1,1,17.036,0.2453
326.540,0.6936,0.1293,0.6954,0.1108,0.40,18.59,0.487,,1,1,17.036,0.2453
326.570,0.6995,0.1020,0.7196,0.0130,0.37,18.57,0.489,,1,1,17.036,0.2453
326.601,0.7066,0.0844,0.7301,0.0282,0.35,18.52,0.489,,1,1,17.036,0.2453
326.634,0.7140,0.0841,0.7377,0.0833,0.33,18.36,0.487,,1,1,17.036,0.2453
326.667,0.7241,0.0991,0.7562,0.1460,0.32,18.23,0.486,,1,1,17.036,0.2453
326.699,0.7312,0.1065,0.7545,0.1309,0.31,18.12,0.485,,1,1,17.036,0.2453
326.732,0.7435,0.1097,0.7830,0.1201,0.30,17.99,0.483,,1,1,17.036,0.2453
326.763,0.7522,0.1118,0.7803,0.1187,0.30,17.91,0.487,,1,1,17.036,0.2453
326.809,0.7628,0.0983,0.7861,0.0682,0.31,17.84,0.484,,1,1,17.036,0.2453
326.844,0.7682,0.0940,0.7846,0.0810,0.32,17.80,0.479,,1,1,17.036,0.2453
326.875,0.7648,0.0961,0.7533,0.1031,0.33,17.65,0.438,,1,1,17.036,0.2453
326.907,0.7629,0.1161,0.7570,0.1811,0.34,17.52,0.403,,1,1,17.036,0.2453
326.940,0.7632,0.1538,0.7644,0.2755,0.36,17.48,0.396,,1,1,17.036,0.2453
326.971,0.7643,0.1918,0.7677,0.3103,0.39,17.44,0.407,,1,1,17.036,0.2453
327.001,0.7641,0.2154,0.7636,0.2941,0.40,17.44,0.425,,1,1,17.036,0.2453
327.034,0.7634,0.2276,0.7613,0.2648,0.41,17.43,0.434,,1,1,17.036,0.2453
327.066,0.7626,0.2337,0.7598,0.2527,0.41,17.41,0.439,,1,1,17.036,0.2453
327.100,0.7586,0.2510,0.7462,0.3022,0.41,17.38,0.447,,1,1,17.036,0.2453
327.131,0.7559,0.2615,0.7463,0.2959,0.41,17.41,0.449,,1,1,17.036,0.2453
327.161,0.7538,0.2649,0.7464,0.2764,0.41,17.43,0.453,,1,1,17.036,0.2453
327.194,0.7517,0.2641,0.7451,0.2614,0.41,17.52,0.460,,1,1,17.036,0.2453
327.228,0.7504,0.2620,0.7462,0.2557,0.41,17.59,0.462,,1,1,17.036,0.2453
327.259,0.7493,0.2606,0.7456,0.2560,0.41,17.62,0.464,,1,1,17.036,0.2453
327.293,0.7473,0.2547,0.7413,0.2367,0.39,17.59,0.468,,1,1,17.036,0.2453
327.323,0.7486,0.2534,0.7531,0.2488,0.37,17.57,0.468,,1,1,17.036,0.2453
327.369,0.7505,0.2342,0.7548,0.1894,0.34,17.51,0.467,,1,1,17.036,0.2453
327.401,0.7526,0.2185,0.7595,0.1667,0.32,17.48,0.468,,1,1,17.036,0.2453
327.433,0.7555,0.2056,0.7651,0.1643,0.31,17.44,0.467,,1,1,17.036,0.2453
327.466,0.7573,0.1998,0.7631,0.1815,0.28,17.40,0.467,,1,1,17.036,0.2453
327.499,0.7571,0.1921,0.7562,0.1674,0.27,17.44,0.466,,1,1,17.036,0.2453
327.530,0.7544,0.1817,0.7454,0.1480,0.25,17.50,0.465,,1,1,17.036,0.2453
327.564,0.7405,0.1669,0.6972,0.1216,0.23,17.53,0.442,,1,1,17.036,0.2453
327.595,0.7204,0.1572,0.6524,0.1246,0.24,17.51,0.349,,1,1,17.036,0.2453
327.628,0.6846,0.1638,0.5748,0.1845,0.25,17.46,0.324,,1,1,17.036,0.2453
327.659,0.6515,0.1707,0.5451,0.1940,0.26,17.40,0.329,,1,1,17.036,0.2453
327.691,0.6176,0.1815,0.5136,0.2170,0.28,17.30,0.338,,1,1,17.036,0.2453
327.723,0.5883,0.1797,0.4982,0.1739,0.29,17.15,0.373,,1,1,17.036,0.2453
327.756,0.5615,0.1801,0.4820,0.1811,0.29,17.06,0.385,,1,1,17.036,0.2453
327.786,0.5393,0.1743,0.4688,0.1546,0.30,17.00,0.399,,1,1,17.036,0.2453
327.851,0.4895,0.1308,0.4141,0.0611,0.31,16.89,0.415,,1,1,17.036,0.2453
327.883,0.4749,0.1278,0.4294,0.1177,0.31,16.87,0.423,,1,1,17.036,0.2453
327.931,0.4595,0.1169,0.4276,0.0935,0.33,16.87,0.432,,1,1,17.036,0.2453
327.963,0.4509,0.1152,0.4237,0.1093,0.33,16.89,0.437,,1,1,17.036,0.2453
327.990,0.4443,0.1119,0.4208,0.0997,0.33,16.90,0.441,,1,1,17.036,0.2453
328.017,0.4350,0.1072,0.4001,0.0888,0.34,16.86,0.439,,1,1,17.036,0.2453
328.043,0.4298,0.1118,0.4095,0.1302,0.35,16.83,0.445,,1,1,17.036,0.2453
328.071,0.4258,0.1171,0.4112,0.1377,0.35,16.80,0.446,,1,1,17.036,0.2453
328.098,0.4224,0.1314,0.4098,0.1865,0.36,16.79,0.448,,1,1,17.036,0.2453
328.126,0.4186,0.1403,0.4047,0.1734,0.36,16.80,0.450,,1,1,17.036,0.2453
328.154,0.4096,0.1370,0.3771,0.1245,0.36,16.83,0.450,,1,1,17.036,0.2453
328.187,0.3953,0.1203,0.3511,0.0666,0.36,16.86,0.455,,1,1,17.036,0.2453
328.250,0.3647,0.0651,0.3158,-0.0248,0.39,16.88,0.464,,1,1,17.036,0.2453
328.281,0.3561,0.0499,0.3278,-0.0008,0.41,16.83,0.462,,1,1,17.036,0.2453
328.314,0.3490,0.0346,0.3271,-0.0127,0.43,16.80,0.464,,1,1,17.036,0.2453
328.346,0.3420,0.0194,0.3194,-0.0289,0.44,16.81,0.462,,1,1,17.036,0.2453
328.378,0.3419,0.0324,0.3416,0.0743,0.45,16.83,0.372,,1,1,17.036,0.2453
328.411,0.3448,0.0733,0.3542,0.2054,0.47,16.90,0.291,,1,1,17.036,0.2453
328.444,0.3467,0.1068,0.3525,0.2115,0.48,16.98,0.307,,1,1,17.036,0.2453
328.490,0.3430,0.1218,0.3347,0.1550,0.53,17.05,0.349,,1,1,17.036,0.2453
328.523,0.3357,0.1177,0.3126,0.1049,0.54,17.08,0.383,,1,1,17.036,0.2453
328.549,0.3305,0.1137,0.3087,0.0967,0.54,17.10,0.398,,1,1,17.036,0.2453
328.577,0.3251,0.1062,0.3056,0.0790,0.53,17.15,0.409,,1,1,17.036,0.2453
328.600,0.3210,0.0968,0.3030,0.0546,0.53,17.19,0.412,,1,1,17.036,0.2453
328.650,0.3191,0.1121,0.3150,0.1452,0.54,17.08,0.419,,1,1,17.036,0.2453
328.683,0.3145,0.1017,0.3005,0.0689,0.55,17.15,0.426,,1,1,17.036,0.2453
328.715,0.3075,0.0983,0.2851,0.0871,0.54,17.22,0.429,,1,1,17.036,0.2453
328.746,0.3012,0.0930,0.2800,0.0747,0.52,17.29,0.432,,1,1,17.036,0.2453
328.780,0.2953,0.0839,0.2772,0.0558,0.51,17.36,0.436,,1,1,17.036,0.2453
328.811,0.2915,0.0811,0.2784,0.0718,0.50,17.42,0.438,,1,1,17.036,0.2453
328.843,0.2894,0.0820,0.2827,0.0849,0.49,17.46,0.435,,1,1,17.036,0.2453
328.875,0.2867,0.0837,0.2779,0.0890,0.48,17.50,0.437,,1,1,17.036,0.2453
328.907,0.2923,0.1122,0.3110,0.2052,0.49,17.53,0.435,,1,1,17.036,0.2453
328.938,0.3026,0.1351,0.3377,0.2110,0.48,17.65,0.435,,1,1,17.036,0.2453
328.970,0.3142,0.1470,0.3522,0.1851,0.47,17.77,0.434,,1,1,17.036,0.2453
329.002,0.3244,0.1508,0.3583,0.1633,0.46,17.88,0.434,,1,1,17.036,0.2453
329.034,0.3326,0.1517,0.3591,0.1543,0.45,18.01,0.432,,1,1,17.036,0.2453
329.084,0.3403,0.1521,0.3568,0.1531,0.44,18.20,0.439,,1,1,17.036,0.2453
329.116,0.3456,0.1483,0.3625,0.1362,0.42,18.33,0.439,,1,1,17.036,0.2453
329.148,0.3490,0.1365,0.3603,0.0975,0.42,18.43,0.436,,1,1,17.036,0.2453
329.180,0.3391,0.1162,0.3073,0.0513,0.42,18.42,0.435,,1,1,17.036,0.2453
329.211,0.3302,0.1182,0.2992,0.1251,0.42,18.45,0.430,,1,1,17.036,0.2453
329.243,0.3184,0.1147,0.2795,0.1033,0.42,18.53,0.436,,1,1,17.036,0.2453
329.276,0.3066,0.1119,0.2693,0.1027,0.41,18.58,0.440,,1,1,17.036,0.2453
329.307,0.2967,0.1164,0.2633,0.1318,0.41,18.60,0.437,,1,1,17.036,0.2453
329.340,0.2825,0.1073,0.2391,0.0790,0.40,18.64,0.445,,1,1,17.036,0.2453
329.372,0.2707,0.0997,0.2324,0.0747,0.39,18.66,0.446,,1,1,17.036,0.2453
329.402,0.2605,0.0993,0.2258,0.0981,0.39,18.67,0.444,,1,1,17.036,0.2453
329.435,0.2527,0.1004,0.2284,0.1040,0.39,18.73,0.441,,1,1,17.036,0.2453
329.466,0.2436,0.0984,0.2132,0.0912,0.40,18.76,0.442,,1,1,17.036,0.2453
329.497,0.2394,0.1055,0.2253,0.1297,0.39,18.76,0.442,,1,1,17.036,0.2453
329.530,0.2359,0.1177,0.2251,0.1564,0.38,18.77,0.436,,1,1,17.036,0.2453
329.565,0.2276,0.1148,0.2027,0.1057,0.38,18.77,0.444,,1,1,17.036,0.2453
329.594,0.2198,0.1059,0.1926,0.0741,0.38,18.80,0.456,,1,1,17.036,0.2453
329.644,0.2087,0.0938,0.1861,0.0687,0.38,18.89,0.469,,1,1,17.036,0.2453
329.674,0.2029,0.0828,0.1827,0.0445,0.38,18.95,0.478,,1,1,17.036,0.2453
329.706,0.1984,0.0752,0.1833,0.0496,0.37,18.98,0.480,,1,1,17.036,0.2453
329.739,0.1936,0.0583,0.1792,0.0068,0.36,19.01,0.480,,1,1,17.036,0.2453
329.772,0.1883,0.0425,0.1714,-0.0065,0.35,19.01,0.479,,1,1,17.036,0.2453
329.803,0.1845,0.0299,0.1719,-0.0112,0.33,19.02,0.480,,1,1,17.036,0.2453
329.834,0.1825,0.0126,0.1758,-0.0447,0.32,19.03,0.481,,1,1,17.036,0.2453
329.865,0.1832,0.0012,0.1856,-0.0354,0.29,19.06,0.480,,1,1,17.036,0.2453
329.901,0.1828,0.0000,0.1817,-0.0543,0.28,19.07,0.481,,1,1,17.036,0.2453
329.931,0.1809,0.0000,0.1743,-0.0682,0.26,19.07,0.484,,1,1,17.036,0.2453
329.963,0.1780,0.0000,0.1687,-0.0862,0.26,19.08,0.484,,1,1,17.036,0.2453
329.996,0.1762,0.0000,0.1704,-0.0757,0.26,19.10,0.483,,1,1,17.036,0.2453
330.026,0.1756,0.0000,0.1736,-0.1114,0.25,19.13,0.482,,1,1,17.036,0.2453
330.061,0.1745,0.0000,0.1709,-0.1158,0.24,19.13,0.484,,1,1,17.036,0.2453
330.090,0.1735,0.0000,0.1702,-0.0958,0.23,19.13,0.480,,1,1,17.036,0.2453
330.123,0.1757,0.0000,0.1825,0.0085,0.23,19.12,0.442,,1,1,17.036,0.2453
330.156,0.1857,0.0475,0.2181,0.2875,0.24,19.06,0.302,,1,1,17.036,0.2453
330.201,0.2262,0.2586,0.3189,0.6934,0.32,18.87,0.156,,1,1,17.036,0.2453
330.233,0.2520,0.4121,0.3342,0.8293,0.37,18.61,0.126,,1,1,17.036,0.2453
330.266,0.2745,0.5499,0.3434,0.9004,0.41,18.40,0.171,,1,1,17.036,0.2453
330.298,0.2904,0.6480,0.3406,0.9032,0.44,18.19,0.165,,1,1,17.036,0.2453
330.332,0.3024,0.7352,0.3382,0.9468,0.48,18.04,0.195,,1,1,17.036,0.2453
330.361,0.3139,0.7873,0.3538,0.9379,0.50,17.95,0.212,,1,1,17.036,0.2453
330.394,0.3261,0.8341,0.3636,0.9535,0.52,17.89,0.220,,1,1,17.036,0.2453
330.427,0.3339,0.8712,0.3581,0.9688,0.54,17.86,0.227,,1,1,17.036,0.2453
330.460,0.3330,0.8898,0.3303,0.9395,0.58,17.76,0.211,,1,1,17.036,0.2453
330.491,0.3325,0.9052,0.3306,0.9496,0.60,17.67,0.217,,1,1,17.036,0.2453
330.521,0.3281,0.9074,0.3131,0.9144,0.63,17.60,0.213,,1,1,17.036,0.2453
330.555,0.3268,0.9138,0.3229,0.9315,0.67,17.55,0.231,,1,1,17.036,0.2453
330.587,0.3240,0.9211,0.3147,0.9429,0.71,17.54,0.231,,1,1,17.036,0.2453
330.654,0.3200,0.9326,0.3137,0.9492,0.79,17.36,0.232,,1,1,17.036,0.2453
330.682,0.3185,0.9376,0.3130,0.9551,0.82,17.32,0.232,,1,1,17.036,0.2453
330.715,0.3182,0.9339,0.3171,0.9227,0.85,17.33,0.253,,1,1,17.036,0.2453
330.747,0.3168,0.9312,0.3123,0.9227,0.87,17.34,0.272,,1,1,17.036,0.2453
330.795,0.3103,0.9110,0.2959,0.8674,0.90,17.46,0.347,,1,1,17.036,0.2453
330.822,0.3067,0.8969,0.2926,0.8428,0.91,17.53,0.367,,1,1,17.036,0.2453
330.849,0.3012,0.8688,0.2800,0.7600,0.92,17.64,0.400,,1,1,17.036,0.2453
330.875,0.2960,0.8454,0.2748,0.7534,0.92,17.74,0.414,,1,1,17.036,0.2453
330.903,0.2853,0.8167,0.2447,0.7105,0.92,17.84,0.413,,1,1,17.036,0.2453
330.930,0.2771,0.7980,0.2453,0.7286,0.91,17.94,0.417,,1,1,17.036,0.2453
330.957,0.2698,0.7768,0.2425,0.7005,0.90,18.00,0.422,,1,1,17.036,0.2453
330.986,0.2639,0.7597,0.2424,0.7003,0.88,18.05,0.424,,1,1,17.036,0.2453
331.056,0.2446,0.7043,0.2163,0.6262,0.82,18.10,0.424,,1,1,17.036,0.2453
331.084,0.2417,0.6818,0.2308,0.6021,0.82,18.13,0.422,,1,1,17.036,0.2453
331.114,0.2393,0.6624,0.2310,0.6000,0.81,18.18,0.424,,1,1,17.036,0.2453
331.146,0.2378,0.6455,0.2328,0.5929,0.80,18.22,0.422,,1,1,17.036,0.2453
331.179,0.2386,0.6419,0.2413,0.6312,0.80,18.25,0.426,,1,1,17.036,0.2453
331.211,0.2379,0.6369,0.2354,0.6209,0.79,18.28,0.422,,1,1,17.036,0.2453
331.244,0.2378,0.6365,0.2375,0.6352,0.78,18.33,0.417,,1,1,17.036,0.2453
331.275,0.2394,0.6374,0.2448,0.6406,0.76,18.36,0.417,,1,1,17.036,0.2453
331.307,0.2400,0.6409,0.2420,0.6522,0.74,18.40,0.415,,1,1,17.036,0.2453
331.355,0.2385,0.6345,0.2352,0.6208,0.71,18.45,0.413,,1,1,17.036,0.2453
331.387,0.2384,0.6392,0.2379,0.6546,0.70,18.50,0.394,,1,1,17.036,0.2453
331.414,0.2377,0.6424,0.2354,0.6549,0.69,18.55,0.390,,1,1,17.036,0.2453
331.450,0.2519,0.7368,0.2934,1.0011,0.73,18.50,0.168,,1,1,17.036,0.2453
331.482,0.2693,0.8148,0.3257,1.1011,0.75,18.34,0.116,,1,1,17.036,0.2453
331.514,0.2877,0.8750,0.3459,1.1745,0.77,18.17,0.134,,1,1,17.036,0.2453
331.546,0.3077,0.9196,0.3716,1.2440,0.79,18.00,0.146,,1,1,17.036,0.2453
331.578,0.3221,0.9528,0.3678,1.2046,0.82,17.84,0.158,,1,1,17.036,0.2453
331.610,0.3315,0.9769,0.3621,1.2009,0.83,17.75,0.168,,1,1,17.036,0.2453
331.643,0.3402,0.9960,0.3668,1.1831,0.84,17.62,0.169,,1,1,17.036,0.2453
331.675,0.3444,1.0000,0.3575,1.1905,0.85,17.49,0.177,,1,1,17.036,0.2453
331.707,0.3473,1.0000,0.3568,1.1942,0.85,17.38,0.177,,1,1,17.036,0.2453
331.740,0.3510,1.0000,0.3626,1.1998,0.86,17.29,0.182,,1,1,17.036,0.2453
331.771,0.3543,1.0000,0.3654,1.1741,0.86,17.25,0.195,,1,1,17.036,0.2453
331.805,0.3551,1.0000,0.3576,1.1504,0.87,17.20,0.202,,1,1,17.036,0.2453
331.836,0.3602,1.0000,0.3778,1.1617,0.88,17.21,0.219,,1,1,17.036,0.2453
331.866,0.3708,1.0000,0.4049,1.2124,0.90,17.24,0.241,,1,1,17.036,0.2453
331.914,0.3804,1.0000,0.4013,1.2082,0.92,17.21,0.236,,1,1,17.036,0.2453
331.946,0.3831,1.0000,0.3918,1.1991,0.94,17.24,0.246,,1,1,17.036,0.2453
331.980,0.3857,1.0000,0.3936,1.1790,0.96,17.27,0.262,,1,1,17.036,0.2453
332.011,0.3854,1.0000,0.3843,1.1394,0.97,17.29,0.254,,1,1,17.036,0.2453
332.043,0.3917,1.0000,0.4123,1.1309,0.98,17.34,0.279,,1,1,17.036,0.2453
332.075,0.3962,1.0000,0.4105,1.0161,0.97,17.41,0.343,,1,1,17.036,0.2453
332.109,0.4030,1.0000,0.4242,1.0022,0.96,17.50,0.363,,1,1,17.036,0.2453
332.139,0.4078,1.0000,0.4241,0.9636,0.94,17.64,0.385,,1,1,17.036,0.2453
332.172,0.4123,1.0000,0.4269,0.9712,0.94,17.75,0.386,,1,1,17.036,0.2453
332.203,0.4193,0.9868,0.4419,0.9264,0.94,17.84,0.392,,1,1,17.036,0.2453
332.234,0.4274,0.9682,0.4544,0.9066,0.93,17.94,0.396,,1,1,17.036,0.2453
332.266,0.4307,0.9008,0.4416,0.6904,0.90,18.06,0.441,,1,1,17.036,0.2453
332.299,0.4317,0.8081,0.4347,0.5421,0.86,18.16,0.490,,1,1,17.036,0.2453
332.330,0.4324,0.7090,0.4350,0.4245,0.81,18.29,0.516,,1,1,17.036,0.2453
332.363,0.4366,0.6248,0.4501,0.3961,0.76,18.32,0.514,,1,1,17.036,0.2453
332.394,0.4409,0.5291,0.4549,0.2668,0.70,18.39,0.519,,1,1,17.036,0.2453
332.427,0.4490,0.4540,0.4750,0.2562,0.64,18.45,0.513,,1,1,17.036,0.2453
332.474,0.4617,0.3631,0.4897,0.1955,0.55,18.53,0.510,,1,1,17.036,0.2453
332.507,0.4708,0.2985,0.4987,0.1327,0.53,18.59,0.506,,1,1,17.036,0.2453
332.542,0.4825,0.2590,0.5181,0.1574,0.49,18.59,0.506,,1,1,17.036,0.2453
332.570,0.4918,0.2286,0.5249,0.1347,0.48,18.60,0.501,,1,1,17.036,0.2453
332.603,0.5015,0.1976,0.5317,0.1134,0.46,18.56,0.499,,1,1,17.036,0.2453
332.634,0.5105,0.1734,0.5404,0.1028,0.45,18.52,0.498,,1,1,17.036,0.2453
332.666,0.5200,0.1657,0.5501,0.1434,0.43,18.37,0.499,,1,1,17.036,0.2453
332.698,0.5275,0.1558,0.5519,0.1267,0.40,18.30,0.501,,1,1,17.036,0.2453
332.732,0.5331,0.1461,0.5497,0.1194,0.38,18.23,0.500,,1,1,17.036,0.2453
332.764,0.5375,0.1399,0.5518,0.1205,0.37,18.20,0.494,,1,1,17.036,0.2453
332.794,0.5462,0.1460,0.5756,0.1658,0.37,18.18,0.483,,1,1,17.036,0.2453
332.826,0.5563,0.1310,0.5884,0.0852,0.37,18.20,0.477,,1,1,17.036,0.2453
332.861,0.5756,0.0967,0.6330,-0.0010,0.37,18.20,0.476,,1,1,17.036,0.2453
332.891,0.5893,0.0794,0.6356,0.0231,0.37,18.18,0.481,,1,1,17.036,0.2453
332.923,0.5998,0.0734,0.6332,0.0551,0.37,18.20,0.481,,1,1,17.036,0.2453
332.955,0.6090,0.0696,0.6379,0.0577,0.38,18.19,0.480,,1,1,17.036,0.2453
332.987,0.6164,0.0722,0.6401,0.0804,0.38,18.24,0.482,,1,1,17.036,0.2453
333.069,0.6358,0.0879,0.6600,0.1075,0.34,18.39,0.482,,1,1,17.036,0.2453
333.094,0.6415,0.0939,0.6656,0.1197,0.32,18.45,0.482,,1,1,17.036,0.2453
333.121,0.6490,0.0932,0.6769,0.0906,0.30,18.49,0.485,,1,1,17.036,0.2453
333.147,0.6552,0.0778,0.6806,0.0134,0.29,18.52,0.490,,1,1,17.036,0.2453
333.173,0.6632,0.0723,0.6928,0.0517,0.27,18.56,0.497,,1,1,17.036,0.2453
333.200,0.6710,0.0716,0.7006,0.0690,0.25,18.57,0.497,,1,1,17.036,0.2453
333.226,0.6802,0.0758,0.7168,0.0927,0.23,18.54,0.498,,1,1,17.036,0.2453
333.259,0.6932,0.0796,0.7328,0.0916,0.22,18.37,0.493,,1,1,17.036,0.2453
333.291,0.7078,0.0831,0.7548,0.0950,0.22,18.26,0.487,,1,1,17.036,0.2453
333.323,0.7274,0.1132,0.7886,0.2109,0.21,18.06,0.475,,1,1,17.036,0.2453
333.356,0.7474,0.1346,0.8082,0.2018,0.20,17.91,0.476,,1,1,17.036,0.2453
333.387,0.7652,0.1498,0.8217,0.1992,0.20,17.81,0.473,,1,1,17.036,0.2453
333.453,0.8067,0.1320,0.8700,0.1037,0.17,17.32,0.471,,1,1,17.036,0.2453
333.481,0.8220,0.1142,0.8759,0.0475,0.15,17.30,0.476,,1,1,17.036,0.2453
333.514,0.8435,0.1051,0.9089,0.0760,0.13,17.18,0.473,,1,1,17.036,0.2453
333.545,0.8583,0.1063,0.9055,0.1101,0.13,17.05,0.472,,1,1,17.036,0.2453
333.578,0.8723,0.1156,0.9148,0.1459,0.11,16.96,0.469,,1,1,17.036,0.2453
333.626,0.8847,0.1120,0.9106,0.1041,0.09,16.88,0.472,,1,1,17.036,0.2453
333.659,0.8949,0.1131,0.9265,0.1164,0.07,16.79,0.469,,1,1,17.036,0.2453
333.685,0.9024,0.1157,0.9312,0.1262,0.07,16.72,0.468,,1,1,17.036,0.2453
333.712,0.9079,0.1183,0.9283,0.1285,0.05,16.65,0.468,,1,1,17.036,0.2453
333.742,0.9116,0.1159,0.9244,0.1071,0.04,16.57,0.469,,1,1,17.036,0.2453
333.769,0.9151,0.1197,0.9281,0.1348,0.02,16.48,0.467,,1,1,17.036,0.2453
333.795,0.9172,0.1212,0.9255,0.1273,0.01,16.41,0.468,,1,1,17.036,0.2453
333.851,0.9194,0.1138,0.9235,0.1000,-0.01,16.24,0.465,,1,1,17.036,0.2453
333.884,0.9207,0.1100,0.9248,0.0978,-0.01,16.18,0.463,,1,1,17.036,0.2453
333.916,0.9215,0.1127,0.9241,0.1218,-0.01,16.10,0.463,,1,1,17.036,0.2453
333.948,0.9199,0.1149,0.9145,0.1223,-0.00,16.02,0.456,,1,1,17.036,0.2453
333.978,0.9186,0.1488,0.9143,0.2628,0.01,15.98,0.411,,1,1,17.036,0.2453
334.011,0.9232,0.2345,0.9375,0.4875,0.04,15.91,0.297,,1,1,17.036,0.2453
334.043,0.9276,0.3357,0.9417,0.6255,0.09,15.86,0.259,,1,1,17.036,0.2453
334.074,0.9262,0.4226,0.9212,0.6815,0.13,15.76,0.254,,1,1,17.036,0.2453
334.108,0.9199,0.5190,0.9000,0.7768,0.18,15.53,0.265,,1,1,17.036,0.2453
334.139,0.9138,0.5923,0.8936,0.7896,0.23,15.52,0.274,,1,1,17.036,0.2453
334.187,0.9024,0.7020,0.8772,0.9020,0.31,15.48,0.289,,1,1,17.036,0.2453
334.220,0.8922,0.7754,0.8604,0.9651,0.36,15.38,0.296,,1,1,17.036,0.2453
334.251,0.8819,0.8241,0.8469,0.9627,0.39,15.28,0.297,,1,1,17.036,0.2453
334.284,0.8701,0.8576,0.8326,0.9476,0.43,15.20,0.300,,1,1,17.036,0.2453
334.314,0.8598,0.8847,0.8252,0.9634,0.46,15.08,0.302,,1,1,17.036,0.2453
334.348,0.8492,0.9071,0.8169,0.9676,0.48,14.95,0.293,,1,1,17.036,0.2453
334.379,0.8407,0.9237,0.8124,0.9725,0.50,14.93,0.292,,1,1,17.036,0.2453
334.410,0.8339,0.9375,0.8119,0.9784,0.53,14.87,0.288,,1,1,17.036,0.2453
334.443,0.8264,0.9464,0.8017,0.9732,0.56,14.81,0.287,,1,1,17.036,0.2453
334.475,0.8159,0.9653,0.7837,1.0191,0.58,14.72,0.288,,1,1,17.036,0.2453
334.506,0.8117,0.9836,0.7978,1.0401,0.60,14.54,0.290,,1,1,17.036,0.2453
334.543,0.8072,1.0000,0.7944,1.1002,0.61,14.34,0.298,,1,1,17.036,0.2453
334.576,0.8027,1.0000,0.7886,1.1131,0.63,14.18,0.291,,1,1,17.036,0.2453
334.604,0.7986,1.0000,0.7835,1.1212,0.64,14.15,0.292,,1,1,17.036,0.2453
334.635,0.7861,1.0000,0.7444,1.0608,0.66,14.13,0.311,,1,1,17.036,0.2453
334.668,0.7690,1.0000,0.7166,1.0327,0.65,14.11,0.340,,1,1,17.036,0.2453
334.700,0.7505,1.0000,0.6921,1.0026,0.64,14.27,0.364,,1,1,17.036,0.2453
334.747,0.7286,1.0000,0.6810,0.9964,0.61,14.49,0.374,,1,1,17.036,0.2453
334.779,0.7134,1.0000,0.6653,0.9708,0.61,14.56,0.379,,1,1,17.036,0.2453
334.811,0.6846,0.9865,0.5948,0.9268,0.62,14.57,0.389,,1,1,17.036,0.2453
334.843,0.6525,0.9562,0.5548,0.8589,0.61,14.78,0.403,,1,1,17.036,0.2453
334.876,0.6223,0.9202,0.5316,0.8079,0.59,15.04,0.404,,1,1,17.036,0.2453
334.906,0.5941,0.8871,0.5037,0.7786,0.60,15.36,0.393,,1,1,17.036,0.2453
334.940,0.5558,0.8304,0.4463,0.6665,0.59,15.75,0.381,,1,1,17.036,0.2453
334.971,0.5253,0.7821,0.4323,0.6350,0.61,16.10,0.381,,1,1,17.036,0.2453
335.002,0.5015,0.7470,0.4273,0.6388,0.62,16.35,0.384,,1,1,17.036,0.2453
335.036,0.4701,0.6811,0.3776,0.4924,0.63,16.60,0.388,,1,1,17.036,0.2453
335.067,0.4462,0.6366,0.3758,0.5095,0.65,16.82,0.378,,1,1,17.036,0.2453
335.097,0.4297,0.6043,0.3765,0.5048,0.66,16.90,0.380,,1,1,17.036,0.2453
335.132,0.4042,0.5672,0.3339,0.4684,0.68,17.13,0.380,,1,1,17.036,0.2453
335.163,0.3818,0.5363,0.3109,0.4420,0.71,17.40,0.385,,1,1,17.036,0.2453
335.195,0.3571,0.4914,0.2830,0.3623,0.72,17.62,0.381,,1,1,17.036,0.2453
335.228,0.3333,0.4285,0.2638,0.2555,0.75,17.84,0.397,,1,1,17.036,0.2453
335.257,0.3165,0.3787,0.2614,0.2254,0.77,18.03,0.407,,1,1,17.036,0.2453
335.290,0.3004,0.3064,0.2529,0.1113,0.79,18.23,0.418,,1,1,17.036,0.2453
335.338,0.2853,0.1979,0.2542,-0.0028,0.79,18.52,0.432,,1,1,17.036,0.2453
335.371,0.2790,0.1305,0.2602,-0.1254,0.81,18.70,0.439,,1,1,17.036,0.2453
335.403,0.2840,0.0823,0.2996,-0.2314,0.83,18.80,0.429,,1,1,17.036,0.2453
335.435,0.2976,0.0474,0.3415,-0.3579,0.81,18.78,0.423,,1,1,17.036,0.2453
335.466,0.3183,0.0224,0.3878,-0.4784,0.80,18.78,0.421,,1,1,17.036,0.2453
335.499,0.3424,0.0034,0.4201,-0.5747,0.78,18.80,0.416,,1,1,17.036,0.2453
335.530,0.3712,0.0000,0.4668,-0.5962,0.76,18.80,0.417,,1,1,17.036,0.2453
335.563,0.4019,0.0000,0.4970,-0.6329,0.78,18.66,0.414,,1,1,17.036,0.2453
335.594,0.4408,0.0000,0.5653,-0.5830,0.79,18.40,0.417,,1,1,17.036,0.2453
335.627,0.4768,0.0000,0.5845,-0.6590,0.78,18.37,0.428,,1,1,17.036,0.2453
335.659,0.5157,0.0000,0.6339,-0.5924,0.78,18.18,0.423,,1,1,17.036,0.2453
335.692,0.5540,0.0000,0.6646,-0.5779,0.78,18.00,0.418,,1,1,17.036,0.2453
335.723,0.5834,0.0000,0.6746,-0.5576,0.46,16.51,0.423,,1,1,17.036,0.2453
335.756,0.6152,0.0000,0.7073,-0.5721,0.30,15.35,0.421,,1,1,17.036,0.2453
335.786,0.6407,0.0000,0.7198,-0.6149,0.21,15.05,0.423,,1,1,17.036,0.2453
335.851,0.6899,0.0000,0.7638,-0.5641,0.02,13.45,0.424,,1,1,17.036,0.2453
335.899,0.7213,0.0000,0.7845,-0.5327,0.02,13.28,0.423,,1,1,17.036,0.2453
335.932,0.7445,0.0000,0.8141,-0.4372,-0.08,13.04,0.426,,1,1,17.036,0.2453
335.959,0.7625,0.0000,0.8259,-0.4331,-0.17,12.82,0.427,,1,1,17.036,0.2453
335.987,0.7751,0.0000,0.8196,-0.4332,-0.25,12.54,0.432,,1,1,17.036,0.2453
336.014,0.7831,0.0000,0.8123,-0.4094,-0.32,12.43,0.420,,1,1,17.036,0.2453
336.042,0.7818,0.0000,0.7770,-0.4721,-0.32,12.40,0.413,,1,1,17.036,0.2453
336.071,0.7756,0.0000,0.7538,-0.3430,-0.30,12.30,0.414,,1,1,17.036,0.2453
336.098,0.7596,0.0000,0.6986,-0.3275,-0.29,12.40,0.414,,1,1,17.036,0.2453
336.126,0.7361,0.0000,0.6457,-0.1712,-0.27,12.50,0.407,,1,1,17.036,0.2453
336.156,0.7086,0.0000,0.6170,-0.0351,-0.25,12.78,0.408,,1,1,17.036,0.2453
336.186,0.6811,0.0000,0.5872,0.0314,-0.24,13.11,0.411,,1,1,17.036,0.2453
336.251,0.6178,0.0090,0.5196,0.0695,-0.22,13.66,0.412,,1,1,17.036,0.2453
336.283,0.5934,0.0279,0.5120,0.0927,-0.22,13.94,0.409,,1,1,17.036,0.2453
336.315,0.5645,0.0476,0.4780,0.1081,-0.19,14.04,0.401,,1,1,17.036,0.2453
336.345,0.5446,0.0693,0.4808,0.1402,-0.17,14.27,0.405,,1,1,17.036,0.2453
336.379,0.5159,0.0701,0.4286,0.0726,-0.16,14.53,0.414,,1,1,17.036,0.2453
336.409,0.4917,0.1038,0.4161,0.2116,-0.14,14.84,0.405,,1,1,17.036,0.2453
336.458,0.4552,0.1358,0.3827,0.2006,-0.08,15.20,0.404,,1,1,17.036,0.2453
336.492,0.4348,0.1786,0.3746,0.3047,-0.06,15.37,0.405,,1,1,17.036,0.2453
336.519,0.4198,0.2031,0.3657,0.2910,-0.04,15.51,0.404,,1,1,17.036,0.2453
336.546,0.4093,0.2353,0.3696,0.3542,-0.02,15.75,0.392,,1,1,17.036,0.2453
336.573,0.3980,0.2674,0.3581,0.3773,-0.02,15.95,0.387,,1,1,17.036,0.2453
336.601,0.3933,0.3038,0.3758,0.4323,0.00,16.13,0.391,,1,1,17.036,0.2453
336.652,0.3888,0.3612,0.3800,0.4656,0.03,16.46,0.390,,1,1,17.036,0.2453
336.682,0.3938,0.4070,0.4110,0.5496,0.03,16.63,0.396,,1,1,17.036,0.2453
336.714,0.4014,0.4441,0.4259,0.5522,0.03,16.83,0.397,,1,1,17.036,0.2453
336.748,0.4122,0.4747,0.4447,0.5572,0.02,17.02,0.399,,1,1,17.036,0.2453
336.777,0.4251,0.4944,0.4724,0.5592,0.02,17.17,0.395,,1,1,17.036,0.2453
336.810,0.4413,0.5182,0.4931,0.5864,0.02,17.25,0.396,,1,1,17.036,0.2453
336.843,0.4576,0.5494,0.5086,0.6380,0.03,17.35,0.400,,1,1,17.036,0.2453
336.876,0.4710,0.5743,0.5140,0.6476,0.04,17.36,0.400,,1,1,17.036,0.2453
336.908,0.4847,0.6103,0.5278,0.7143,0.04,17.41,0.406,,1,1,17.036,0.2453
336.939,0.4938,0.6342,0.5240,0.7073,0.03,17.47,0.407,,1,1,17.036,0.2453
336.971,0.4984,0.6374,0.5132,0.6469,0.03,17.55,0.421,,1,1,17.036,0.2453
337.019,0.5111,0.6453,0.5386,0.6617,0.01,17.70,0.439,,1,1,17.036,0.2453
337.053,0.5188,0.6452,0.5417,0.6447,-0.00,17.82,0.447,,1,1,17.036,0.2453
337.082,0.5239,0.6471,0.5424,0.6538,-0.00,17.86,0.445,,1,1,17.036,0.2453
337.113,0.5282,0.6414,0.5424,0.6227,-0.02,17.89,0.450,,1,1,17.036,0.2453
337.147,0.5308,0.6265,0.5389,0.5811,-0.03,17.90,0.456,,1,1,17.036,0.2453
337.178,0.5325,0.6143,0.5379,0.5730,-0.03,17.89,0.459,,1,1,17.036,0.2453
337.209,0.5335,0.6053,0.5371,0.5751,-0.01,17.89,0.459,,1,1,17.036,0.2453
337.243,0.5324,0.5896,0.5287,0.5405,0.01,17.91,0.448,,1,1,17.036,0.2453
337.276,0.5307,0.5694,0.5252,0.5055,0.02,17.92,0.456,,1,1,17.036,0.2453
337.307,0.5219,0.5257,0.4921,0.3832,0.03,17.98,0.458,,1,1,17.036,0.2453
337.340,0.5154,0.4886,0.4951,0.3791,0.04,18.01,0.466,,1,1,17.036,0.2453
337.372,0.5092,0.4549,0.4886,0.3508,0.06,18.05,0.471,,1,1,17.036,0.2453
337.404,0.5043,0.4291,0.4876,0.3475,0.07,18.10,0.471,,1,1,17.036,0.2453
337.434,0.4983,0.3949,0.4780,0.2877,0.07,18.12,0.477,,1,1,17.036,0.2453
337.468,0.4923,0.3663,0.4740,0.2858,0.07,18.15,0.478,,1,1,17.036,0.2453
337.499,0.4877,0.3369,0.4722,0.2457,0.07,18.19,0.472,,1,1,17.036,0.2453
337.530,0.4835,0.3111,0.4694,0.2320,0.08,18.28,0.474,,1,1,17.036,0.2453
337.563,0.4814,0.2966,0.4745,0.2530,0.07,18.32,0.470,,1,1,17.036,0.2453
337.610,0.4787,0.2817,0.4728,0.2511,0.06,18.36,0.468,,1,1,17.036,0.2453
337.643,0.4780,0.2712,0.4757,0.2398,0.05,18.39,0.469,,1,1,17.036,0.2453
337.675,0.4777,0.2611,0.4767,0.2292,0.03,18.44,0.470,,1,1,17.036,0.2453
337.707,0.4779,0.2498,0.4787,0.2148,0.03,18.49,0.473,,1,1,17.036,0.2453
337.741,0.4781,0.2400,0.4788,0.2112,0.03,18.53,0.472,,1,1,17.036,0.2453
337.771,0.4787,0.2345,0.4805,0.2162,0.03,18.61,0.464,,1,1,17.036,0.2453
337.804,0.4796,0.2532,0.4825,0.3122,0.06,18.68,0.390,,1,1,17.036,0.2453
337.835,0.4899,0.3632,0.5247,0.7156,0.12,18.50,0.201,,1,1,17.036,0.2453
337.868,0.5010,0.4503,0.5364,0.7069,0.18,18.30,0.205,,1,1,17.036,0.2453
337.898,0.5113,0.5276,0.5471,0.7649,0.24,18.14,0.239,,1,1,17.036,0.2453
337.930,0.5195,0.5871,0.5459,0.7563,0.29,18.04,0.264,,1,1,17.036,0.2453
337.963,0.5241,0.6355,0.5392,0.7748,0.34,18.01,0.276,,1,1,17.036,0.2453
337.995,0.5274,0.6709,0.5380,0.7698,0.38,17.98,0.277,,1,1,17.036,0.2453
338.026,0.5301,0.7064,0.5391,0.8115,0.41,17.96,0.296,,1,1,17.036,0.2453
338.061,0.5325,0.7410,0.5397,0.8310,0.45,17.88,0.302,,1,1,17.036,0.2453
338.091,0.5367,0.7669,0.5515,0.8481,0.48,17.86,0.305,,1,1,17.036,0.2453
338.124,0.5379,0.7900,0.5415,0.8542,0.52,17.86,0.312,,1,1,17.036,0.2453
338.171,0.5399,0.8141,0.5446,0.8643,0.56,17.91,0.332,,1,1,17.036,0.2453
338.203,0.5409,0.8252,0.5439,0.8576,0.58,17.94,0.329,,1,1,17.036,0.2453
338.233,0.5407,0.8312,0.5399,0.8504,0.61,17.94,0.335,,1,1,17.036,0.2453
338.266,0.5460,0.8234,0.5630,0.7996,0.62,17.97,0.346,,1,1,17.036,0.2453
338.298,0.5508,0.7817,0.5663,0.6500,0.62,17.83,0.357,,1,1,17.036,0.2453
338.331,0.5648,0.7221,0.6102,0.5293,0.61,17.63,0.355,,1,1,17.036,0.2453
338.363,0.5797,0.6219,0.6270,0.3198,0.42,17.02,0.365,,1,1,17.036,0.2453
338.394,0.6073,0.5006,0.6985,0.1394,0.17,15.57,0.381,,1,1,17.036,0.2453
338.426,0.6296,0.3505,0.6988,-0.3000,-0.17,13.91,0.373,,1,1,17.036,0.2453
338.459,0.6570,0.2394,0.7414,-0.4308,-0.56,11.95,0.382,,1,1,17.036,0.2453
338.493,0.6824,0.1558,0.7562,-0.6314,-0.95,9.62,0.377,,1,1,17.036,0.2453
338.523,0.7000,0.1016,0.7579,-0.6205,-0.93,8.85,0.370,,1,1,17.036,0.2453
338.556,0.7143,0.0591,0.7568,-0.6408,-0.91,8.05,0.373,,1,1,17.036,0.2453
338.587,0.7262,0.0308,0.7650,-0.5678,-0.86,7.65,0.368,,1,1,17.036,0.2453
338.653,0.7437,0.0000,0.7700,-0.5497,-0.76,6.45,0.370,,1,1,17.036,0.2453
338.683,0.7513,0.0000,0.7767,-0.4994,-0.70,6.07,0.371,,1,1,17.036,0.2453
338.732,0.7591,0.0000,0.7760,-0.5683,-0.91,4.37,0.372,,1,1,17.036,0.2453
338.763,0.7632,0.0000,0.7764,-0.5717,-1.03,3.35,0.369,,1,1,17.036,0.2453
338.791,0.7663,0.0000,0.7778,-0.5883,-1.09,2.66,0.368,,1,1,17.036,0.2453
338.817,0.7679,0.0000,0.7743,-0.5831,-1.07,2.11,0.367,,1,1,17.036,0.2453
338.842,0.7687,0.0000,0.7715,-0.5487,-1.03,2.25,0.364,,1,1,17.036,0.2453
338.868,0.7688,0.0000,0.7696,-0.4964,-0.99,2.67,0.363,,1,1,17.036,0.2453
338.893,0.7648,0.0000,0.7482,-0.4000,-0.94,3.12,0.359,,1,1,17.036,0.2453
338.923,0.7532,0.0000,0.7120,-0.2968,-0.88,3.69,0.346,,1,1,17.036,0.2453
338.954,0.7270,0.0000,0.6399,-0.0541,-0.83,4.41,0.347,,1,1,17.036,0.2453
338.987,0.6913,0.0000,0.5787,0.0621,-0.80,5.23,0.345,,1,1,17.036,0.2453
339.054,0.6005,0.0250,0.4655,0.0971,-0.79,6.92,0.338,,1,1,17.036,0.2453
339.083,0.5639,0.0590,0.4381,0.1805,-0.75,7.79,0.332,,1,1,17.036,0.2453
339.116,0.5262,0.1176,0.4146,0.2950,-0.67,8.60,0.344,,1,1,17.036,0.2453
339.147,0.4908,0.1582,0.3839,0.2829,-0.63,9.42,0.353,,1,1,17.036,0.2453
339.179,0.4542,0.2000,0.3442,0.3267,-0.58,10.16,0.348,,1,1,17.036,0.2453
339.210,0.4302,0.2479,0.3569,0.3927,-0.54,10.91,0.349,,1,1,17.036,0.2453
339.242,0.4123,0.2963,0.3582,0.4395,-0.47,11.59,0.350,,1,1,17.036,0.2453
339.275,0.3971,0.3461,0.3519,0.4880,-0.41,12.21,0.346,,1,1,17.036,0.2453
339.323,0.3766,0.4231,0.3348,0.5715,-0.31,13.04,0.343,,1,1,17.036,0.2453
339.349,0.3676,0.4664,0.3341,0.6177,-0.26,13.48,0.340,,1,1,17.036,0.2453
339.375,0.3636,0.5038,0.3481,0.6331,-0.21,13.99,0.342,,1,1,17.036,0.2453
339.400,0.3620,0.5497,0.3556,0.7182,-0.15,14.42,0.338,,1,1,17.036,0.2453
339.450,0.3601,0.6367,0.3565,0.7920,-0.06,15.18,0.351,,1,1,17.036,0.2453
339.482,0.3612,0.6834,0.3647,0.8143,-0.00,15.63,0.343,,1,1,17.036,0.2453
339.514,0.3644,0.7189,0.3747,0.8191,0.06,16.08,0.342,,1,1,17.036,0.2453
339.546,0.3661,0.7471,0.3716,0.8290,0.11,16.45,0.337,,1,1,17.036,0.2453
339.579,0.3707,0.7802,0.3852,0.8716,0.15,16.76,0.332,,1,1,17.036,0.2453
339.610,0.3783,0.8184,0.4043,0.9332,0.18,17.07,0.339,,1,1,17.036,0.2453
339.643,0.3935,0.8607,0.4413,0.9759,0.21,17.38,0.338,,1,1,17.036,0.2453
339.676,0.4078,0.8984,0.4535,1.0033,0.26,17.58,0.334,,1,1,17.036,0.2453
339.711,0.4203,0.9291,0.4573,1.0104,0.31,17.72,0.336,,1,1,17.036,0.2453
339.740,0.4312,0.9462,0.4702,1.0016,0.34,17.80,0.333,,1,1,17.036,0.2453
339.771,0.4433,0.9619,0.4832,1.0090,0.37,17.84,0.332,,1,1,17.036,0.2453
339.802,0.4533,0.9762,0.4864,1.0202,0.40,17.94,0.336,,1,1,17.036,0.2453
339.837,0.4657,0.9946,0.5021,1.0449,0.43,18.08,0.342,,1,1,17.036,0.2453
339.882,0.4777,1.0000,0.5050,1.0680,0.46,18.17,0.347,,1,1,17.036,0.2453
339.914,0.4825,1.0000,0.4981,1.0393,0.48,18.26,0.345,,1,1,17.036,0.2453
339.946,0.4861,1.0000,0.4974,1.0387,0.49,18.39,0.347,,1,1,17.036,0.2453
339.979,0.4885,1.0000,0.4961,1.0532,0.49,18.51,0.346,,1,1,17.036,0.2453
340.010,0.4844,1.0000,0.4706,1.0413,0.50,18.69,0.354,,1,1,17.036,0.2453
340.040,0.4761,1.0000,0.4479,0.9879,0.50,18.82,0.362,,1,1,17.036,0.2453
340.075,0.4627,1.0000,0.4214,1.0211,0.52,18.97,0.358,,1,1,17.036,0.2453
340.106,0.4465,1.0000,0.3918,1.0276,0.55,19.19,0.354,,1,1,17.036,0.2453
340.139,0.4220,1.0000,0.3465,0.9983,0.60,19.46,0.353,,1,1,17.036,0.2453
340.170,0.3913,0.9867,0.2899,0.8816,0.63,19.69,0.352,,1,1,17.036,0.2453
340.202,0.3555,0.9444,0.2407,0.8052,0.66,19.97,0.360,,1,1,17.036,0.2453
340.233,0.3206,0.9089,0.2140,0.7983,0.69,20.21,0.354,,1,1,17.036,0.2453
340.267,0.2884,0.8669,0.1947,0.7432,0.73,20.40,0.354,,1,1,17.036,0.2453
340.298,0.2598,0.8299,0.1706,0.7143,0.75,20.63,0.350,,1,1,17.036,0.2453
340.331,0.2346,0.7950,0.1615,0.6942,0.76,20.87,0.352,,1,1,17.036,0.2453
340.363,0.2173,0.7710,0.1642,0.6980,0.78,21.05,0.353,,1,1,17.036,0.2453
340.395,0.2063,0.7459,0.1726,0.6702,0.81,21.22,0.354,,1,1,17.036,0.2453
340.443,0.1977,0.7221,0.1799,0.6736,0.84,21.44,0.360,,1,1,17.036,0.2453
340.475,0.1958,0.7020,0.1897,0.6403,0.86,21.58,0.356,,1,1,17.036,0.2453
340.506,0.1924,0.6641,0.1816,0.5485,0.88,21.67,0.363,,1,1,17.036,0.2453
340.540,0.2014,0.6529,0.2292,0.6204,0.91,21.70,0.357,,1,1,17.036,0.2453
340.571,0.2134,0.6395,0.2528,0.5980,0.95,21.61,0.358,,1,1,17.036,0.2453
340.602,0.2369,0.6401,0.3164,0.6420,0.97,21.58,0.353,,1,1,17.036,0.2453
340.635,0.2615,0.6393,0.3407,0.6368,0.99,21.56,0.350,,1,1,17.036,0.2453
340.668,0.2982,0.6604,0.4110,0.7256,0.99,21.37,0.348,,1,1,17.036,0.2453
340.698,0.3327,0.6777,0.4473,0.7378,1.00,21.30,0.351,,1,1,17.036,0.2453
340.730,0.3689,0.7029,0.4799,0.7854,0.98,21.06,0.357,,1,1,17.036,0.2453
340.762,0.4103,0.7299,0.5356,0.8172,0.96,20.74,0.361,,1,1,17.036,0.2453
340.794,0.4587,0.7468,0.6046,0.8013,0.95,20.54,0.362,,1,1,17.036,0.2453
340.826,0.5022,0.7517,0.6318,0.7676,0.95,20.34,0.358,,1,1,17.036,0.2453
340.859,0.5465,0.7642,0.6724,0.8031,0.94,20.14,0.353,,1,1,17.036,0.2453
340.891,0.5775,0.7710,0.6673,0.7924,0.92,19.81,0.349,,1,1,17.036,0.2453
340.923,0.6071,0.7738,0.6947,0.7828,0.89,19.31,0.343,,1,1,17.036,0.2453
340.955,0.6332,0.7788,0.7105,0.7952,0.88,18.95,0.343,,1,1,17.036,0.2453
341.005,0.6574,0.7733,0.7034,0.7618,0.85,18.37,0.344,,1,1,17.036,0.2453
341.035,0.6676,0.7395,0.7006,0.6209,0.82,17.97,0.346,,1,1,17.036,0.2453
341.065,0.6762,0.7144,0.7039,0.6285,0.79,17.65,0.349,,1,1,17.036,0.2453
341.098,0.6855,0.6953,0.7134,0.6358,0.77,17.33,0.351,,1,1,17.036,0.2453
341.131,0.6919,0.6782,0.7118,0.6239,0.74,17.04,0.354,,1,1,17.036,0.2453
341.163,0.6956,0.6642,0.7068,0.6212,0.72,16.81,0.358,,1,1,17.036,0.2453
341.194,0.6961,0.6464,0.6976,0.5883,0.70,16.59,0.358,,1,1,17.036,0.2453
341.228,0.6953,0.6264,0.6929,0.5656,0.69,16.41,0.368,,1,1,17.036,0.2453
341.258,0.6872,0.5835,0.6608,0.4500,0.70,16.34,0.378,,1,1,17.036,0.2453
341.291,0.6785,0.5349,0.6509,0.3917,0.71,16.26,0.386,,1,1,17.036,0.2453
341.322,0.6669,0.4953,0.6275,0.3740,0.72,16.28,0.391,,1,1,17.036,0.2453
341.355,0.6562,0.4680,0.6213,0.3868,0.72,16.40,0.385,,1,1,17.036,0.2453
341.386,0.6371,0.4409,0.5736,0.3589,0.72,16.55,0.391,,1,1,17.036,0.2453
341.452,0.5806,0.4348,0.4932,0.4256,0.71,16.95,0.381,,1,1,17.036,0.2453
341.482,0.5555,0.4333,0.4688,0.4286,0.70,17.10,0.380,,1,1,17.036,0.2453
341.513,0.5260,0.4299,0.4308,0.4189,0.69,17.33,0.382,,1,1,17.036,0.2453
341.547,0.4943,0.4188,0.4027,0.3863,0.68,17.53,0.380,,1,1,17.036,0.2453
341.594,0.4581,0.4169,0.3819,0.4126,0.67,17.81,0.380,,1,1,17.036,0.2453
341.620,0.4397,0.4109,0.3702,0.3879,0.68,17.97,0.380,,1,1,17.036,0.2453
341.644,0.4234,0.4066,0.3570,0.3883,0.68,18.17,0.378,,1,1,17.036,0.2453
341.670,0.4091,0.4272,0.3558,0.5093,0.69,18.37,0.384,,1,1,17.036,0.2453
341.702,0.3929,0.4666,0.3433,0.5951,0.70,18.55,0.379,,1,1,17.036,0.2453
341.726,0.3818,0.4949,0.3362,0.6157,0.71,18.69,0.374,,1,1,17.036,0.2453
341.756,0.3669,0.5272,0.3172,0.6371,0.71,18.86,0.376,,1,1,17.036,0.2453
341.788,0.3507,0.5503,0.3013,0.6217,0.72,19.10,0.374,,1,1,17.036,0.2453
341.854,0.3196,0.5819,0.2729,0.6300,0.73,19.48,0.374,,1,1,17.036,0.2453
341.882,0.3050,0.5988,0.2543,0.6574,0.74,19.66,0.370,,1,1,17.036,0.2453
341.914,0.2922,0.6135,0.2513,0.6607,0.75,19.77,0.370,,1,1,17.036,0.2453
341.945,0.2788,0.6232,0.2364,0.6540,0.76,19.91,0.367,,1,1,17.036,0.2453
341.979,0.2704,0.6264,0.2455,0.6361,0.80,20.03,0.363,,1,1,17.036,0.2453
342.010,0.2640,0.6197,0.2430,0.5974,0.82,20.14,0.360,,1,1,17.036,0.2453
342.042,0.2570,0.5923,0.2353,0.5041,0.84,20.30,0.367,,1,1,17.036,0.2453
342.074,0.2472,0.5402,0.2161,0.3724,0.86,20.43,0.365,,1,1,17.036,0.2453
342.108,0.2482,0.5018,0.2514,0.3811,0.89,20.57,0.365,,1,1,17.036,0.2453
342.155,0.2551,0.4452,0.2701,0.3287,0.93,20.68,0.366,,1,1,17.036,0.2453
342.187,0.2678,0.4043,0.3089,0.2803,0.96,20.67,0.364,,1,1,17.036,0.2453
342.213,0.2796,0.3819,0.3285,0.2967,0.99,20.65,0.364,,1,1,17.036,0.2453
342.250,0.3096,0.3518,0.3935,0.2736,1.02,20.64,0.357,,1,1,17.036,0.2453
342.283,0.3467,0.3335,0.4625,0.2787,1.04,20.58,0.358,,1,1,17.036,0.2453
342.313,0.3920,0.3506,0.5394,0.4068,1.05,20.43,0.354,,1,1,17.036,0.2453
342.347,0.4378,0.3671,0.5693,0.4167,1.04,20.19,0.360,,1,1,17.036,0.2453
342.378,0.4755,0.3671,0.5935,0.3672,1.01,19.83,0.364,,1,1,17.036,0.2453
342.409,0.5209,0.3827,0.6577,0.4340,0.98,19.42,0.365,,1,1,17.036,0.2453
342.443,0.5694,0.4051,0.7066,0.4765,0.96,19.08,0.371,,1,1,17.036,0.2453
342.473,0.6072,0.4243,0.7229,0.4898,0.88,18.40,0.360,,1,1,17.036,0.2453
342.507,0.6489,0.4404,0.7634,0.4893,0.69,17.46,0.360,,1,1,17.036,0.2453
342.539,0.6835,0.4625,0.7883,0.5363,0.62,16.88,0.355,,1,1,17.036,0.2453
342.572,0.7147,0.4977,0.7993,0.6004,0.60,16.54,0.356,,1,1,17.036,0.2453
342.602,0.7383,0.5206,0.8120,0.5966,0.58,16.27,0.364,,1,1,17.036,0.2453
342.635,0.7577,0.5375,0.8146,0.5896,0.56,15.95,0.359,,1,1,17.036,0.2453
342.667,0.7675,0.5449,0.7968,0.5679,0.53,15.61,0.358,,1,1,17.036,0.2453
342.714,0.7736,0.5421,0.7863,0.5362,0.49,15.25,0.355,,1,1,17.036,0.2453
342.747,0.7753,0.5386,0.7806,0.5276,0.46,15.02,0.356,,1,1,17.036,0.2453
342.778,0.7760,0.5375,0.7784,0.5339,0.44,14.87,0.356,,1,1,17.036,0.2453
342.811,0.7772,0.5458,0.7805,0.5711,0.44,14.76,0.346,,1,1,17.036,0.2453
342.843,0.7707,0.5419,0.7497,0.5287,0.44,14.78,0.339,,1,1,17.036,0.2453
342.875,0.7539,0.5506,0.6997,0.5786,0.44,14.83,0.338,,1,1,17.036,0.2453
342.906,0.7323,0.5701,0.6608,0.6325,0.47,14.88,0.340,,1,1,17.036,0.2453
342.939,0.7063,0.5946,0.6230,0.6708,0.49,15.09,0.341,,1,1,17.036,0.2453
342.973,0.6694,0.6129,0.5585,0.6678,0.47,15.35,0.342,,1,1,17.036,0.2453
343.003,0.6337,0.6330,0.5169,0.6986,0.47,15.66,0.338,,1,1,17.036,0.2453
343.034,0.5879,0.6510,0.4417,0.7099,0.47,16.00,0.339,,1,1,17.036,0.2453
343.068,0.5453,0.6849,0.4215,0.7856,0.46,16.29,0.343,,1,1,17.036,0.2453
343.099,0.5063,0.7173,0.3884,0.8174,0.45,16.58,0.340,,1,1,17.036,0.2453
343.129,0.4620,0.7325,0.3235,0.7819,0.44,16.93,0.344,,1,1,17.036,0.2453
343.161,0.4206,0.7479,0.3001,0.7948,0.43,17.29,0.345,,1,1,17.036,0.2453
343.194,0.3804,0.7512,0.2654,0.7612,0.44,17.60,0.351,,1,1,17.036,0.2453
343.225,0.3558,0.7742,0.2824,0.8469,0.43,17.89,0.345,,1,1,17.036,0.2453
343.273,0.3328,0.8151,0.2872,0.8988,0.48,18.22,0.349,,1,1,17.036,0.2453
343.306,0.3167,0.8291,0.2688,0.8717,0.51,18.50,0.342,,1,1,17.036,0.2453
343.339,0.3024,0.8495,0.2606,0.9105,0.54,18.71,0.338,,1,1,17.036,0.2453
343.370,0.2747,0.8520,0.1889,0.8601,0.58,18.96,0.345,,1,1,17.036,0.2453
343.402,0.2390,0.8369,0.1312,0.7881,0.60,19.16,0.357,,1,1,17.036,0.2453
343.436,0.2005,0.8047,0.0927,0.7057,0.62,19.36,0.375,,1,1,17.036,0.2453
343.466,0.1774,0.7739,0.1041,0.6666,0.63,19.53,0.392,,1,1,17.036,0.2453
343.498,0.1420,0.7175,0.0345,0.5351,0.62,19.70,0.411,,1,1,17.036,0.2453
343.529,0.1147,0.6616,0.0338,0.4909,0.61,19.88,0.422,,1,1,17.036,0.2453
343.562,0.0928,0.6164,0.0294,0.4841,0.59,20.06,0.426,,1,1,17.036,0.2453
343.594,0.0710,0.5680,0.0059,0.4243,0.56,20.12,0.441,,1,1,17.036,0.2453
343.626,0.0602,0.5411,0.0276,0.4613,0.57,20.19,0.442,,1,1,17.036,0.2453
343.659,0.0561,0.5246,0.0441,0.4763,0.57,20.29,0.445,,1,1,17.036,0.2453
343.690,0.0535,0.5110,0.0450,0.4680,0.56,20.38,0.442,,1,1,17.036,0.2453
343.723,0.0469,0.4914,0.0277,0.4356,0.55,20.47,0.442,,1,1,17.036,0.2453
343.757,0.0418,0.4744,0.0268,0.4260,0.53,20.59,0.441,,1,1,17.036,0.2453
343.790,0.0390,0.4574,0.0301,0.4067,0.51,20.73,0.444,,1,1,17.036,0.2453
343.874,0.0554,0.4650,0.0756,0.4742,0.44,20.86,0.444,,1,1,17.036,0.2453
343.902,0.0612,0.4640,0.0829,0.4602,0.41,20.91,0.442,,1,1,17.036,0.2453
343.928,0.0670,0.4618,0.0900,0.4535,0.38,20.96,0.442,,1,1,17.036,0.2453
343.954,0.0776,0.4562,0.1209,0.4344,0.37,21.00,0.441,,1,1,17.036,0.2453
343.982,0.0925,0.4480,0.1501,0.4170,0.36,21.06,0.444,,1,1,17.036,0.2453
344.007,0.1083,0.4388,0.1715,0.4027,0.35,21.09,0.447,,1,1,17.036,0.2453
344.033,0.1284,0.4320,0.2070,0.4057,0.34,21.12,0.457,,1,1,17.036,0.2453
344.062,0.1481,0.4187,0.2176,0.3715,0.33,21.13,0.457,,1,1,17.036,0.2453
344.091,0.1815,0.4003,0.2950,0.3371,0.31,21.15,0.460,,1,1,17.036,0.2453
344.123,0.2236,0.3902,0.3538,0.3578,0.30,21.19,0.462,,1,1,17.036,0.2453
344.156,0.2667,0.3845,0.3918,0.3671,0.31,21.21,0.467,,1,1,17.036,0.2453
344.187,0.2988,0.3826,0.3991,0.3763,0.32,21.23,0.473,,1,1,17.036,0.2453
344.253,0.3449,0.3525,0.4119,0.3064,0.36,21.32,0.478,,1,1,17.036,0.2453
344.282,0.3636,0.3278,0.4265,0.2417,0.36,21.35,0.478,,1,1,17.036,0.2453
344.313,0.3788,0.2919,0.4273,0.1760,0.37,21.40,0.483,,1,1,17.036,0.2453
344.347,0.3933,0.2687,0.4344,0.2017,0.35,21.48,0.483,,1,1,17.036,0.2453
344.379,0.4042,0.2459,0.4380,0.1757,0.34,21.54,0.485,,1,1,17.036,0.2453
344.426,0.4176,0.2292,0.4455,0.1945,0.32,21.52,0.482,,1,1,17.036,0.2453
344.457,0.4254,0.2192,0.4505,0.1871,0.31,21.48,0.482,,1,1,17.036,0.2453
344.484,0.4322,0.2165,0.4578,0.2061,0.30,21.45,0.483,,1,1,17.036,0.2453
344.512,0.4376,0.2164,0.4577,0.2161,0.30,21.42,0.485,,1,1,17.036,0.2453
344.540,0.4420,0.2116,0.4586,0.1936,0.29,21.39,0.489,,1,1,17.036,0.2453
344.568,0.4453,0.2032,0.4567,0.1740,0.29,21.35,0.488,,1,1,17.036,0.2453
344.593,0.4473,0.1973,0.4556,0.1728,0.29,21.34,0.486,,1,1,17.036,0.2453
344.650,0.4517,0.1648,0.4594,0.1081,0.27,21.26,0.486,,1,1,17.036,0.2453
344.684,0.4573,0.1439,0.4747,0.0814,0.26,21.18,0.481,,1,1,17.036,0.2453
344.716,0.4651,0.1313,0.4902,0.0912,0.27,21.14,0.482,,1,1,17.036,0.2453
344.747,0.4787,0.1431,0.5230,0.1814,0.26,21.13,0.473,,1,1,17.036,0.2453
344.778,0.4968,0.1530,0.5564,0.1861,0.25,20.97,0.472,,1,1,17.036,0.2453
344.810,0.5192,0.1817,0.5895,0.2765,0.23,20.80,0.470,,1,1,17.036,0.2453
344.842,0.5468,0.1786,0.6342,0.1679,0.20,20.64,0.470,,1,1,17.036,0.2453
344.875,0.5736,0.1913,0.6522,0.2308,0.17,20.45,0.464,,1,1,17.036,0.2453
344.907,0.6007,0.2051,0.6846,0.2504,0.15,20.30,0.463,,1,1,17.036,0.2453
344.939,0.6264,0.2048,0.7064,0.2040,0.14,20.17,0.465,,1,1,17.036,0.2453
344.987,0.6598,0.2130,0.7280,0.2308,0.08,19.84,0.463,,1,1,17.036,0.2453
345.020,0.6829,0.2135,0.7535,0.2152,0.07,19.68,0.465,,1,1,17.036,0.2453
345.056,0.7086,0.2298,0.7779,0.2766,0.06,19.58,0.458,,1,1,17.036,0.2453
345.092,0.7292,0.2551,0.7832,0.3243,0.06,19.20,0.304,,1,1,17.036,0.2453
345.120,0.7442,0.2893,0.7988,0.4159,0.09,19.12,0.295,,1,1,17.036,0.2453
345.147,0.7589,0.3207,0.8111,0.4336,0.11,19.00,0.308,,1,1,17.036,0.2453
345.179,0.7756,0.3460,0.8261,0.4224,0.13,18.78,0.326,,1,1,17.036,0.2453
345.211,0.7893,0.3686,0.8330,0.4403,0.14,18.69,0.354,,1,1,17.036,0.2453
345.243,0.8009,0.3740,0.8362,0.3902,0.13,18.55,0.390,,1,1,17.036,0.2453
345.273,0.8089,0.3773,0.8358,0.3883,0.13,18.44,0.398,,1,1,17.036,0.2453
345.306,0.8142,0.3806,0.8301,0.3908,0.12,18.32,0.414,,1,1,17.036,0.2453
345.340,0.8175,0.3776,0.8272,0.3687,0.12,18.16,0.419,,1,1,17.036,0.2453
345.370,0.8187,0.3606,0.8228,0.3016,0.12,18.06,0.428,,1,1,17.036,0.2453
345.402,0.8198,0.3480,0.8234,0.3056,0.12,17.97,0.430,,1,1,17.036,0.2453
345.435,0.8200,0.3340,0.8205,0.2901,0.13,17.88,0.434,,1,1,17.036,0.2453
345.468,0.8193,0.3294,0.8172,0.3141,0.13,17.76,0.446,,1,1,17.036,0.2453
345.498,0.8184,0.3235,0.8154,0.3034,0.13,17.65,0.445,,1,1,17.036,0.2453
345.529,0.8175,0.3188,0.8142,0.3028,0.14,17.50,0.453,,1,1,17.036,0.2453
345.578,0.8161,0.3127,0.8132,0.2999,0.14,17.35,0.457,,1,1,17.036,0.2453
345.610,0.8142,0.3062,0.8078,0.2845,0.13,17.34,0.460,,1,1,17.036,0.2453
345.643,0.8125,0.2982,0.8072,0.2723,0.13,17.30,0.461,,1,1,17.036,0.2453
345.676,0.8102,0.2842,0.8027,0.2409,0.12,17.18,0.461,,1,1,17.036,0.2453
345.706,0.8083,0.2699,0.8017,0.2209,0.12,17.12,0.461,,1,1,17.036,0.2453
345.740,0.8075,0.2579,0.8049,0.2224,0.11,16.96,0.460,,1,1,17.036,0.2453
345.772,0.8060,0.2489,0.8009,0.2197,0.12,16.72,0.461,,1,1,17.036,0.2453
345.803,0.8044,0.2359,0.7992,0.1931,0.10,16.52,0.457,,1,1,17.036,0.2453
345.836,0.8050,0.2393,0.8066,0.2500,0.09,16.32,0.431,,1,1,17.036,0.2453
345.868,0.8127,0.2745,0.8384,0.3911,0.11,16.17,0.346,,1,1,17.036,0.2453
345.899,0.8207,0.3398,0.8475,0.5524,0.13,15.97,0.245,,1,1,17.036,0.2453
345.931,0.8312,0.4343,0.8660,0.7218,0.17,15.70,0.219,,1,1,17.036,0.2453
345.965,0.8410,0.5285,0.8710,0.7834,0.22,15.48,0.227,,1,1,17.036,0.2453
345.995,0.8495,0.6121,0.8786,0.8594,0.27,15.29,0.244,,1,1,17.036,0.2453
346.030,0.8569,0.6873,0.8788,0.8785,0.32,15.09,0.253,,1,1,17.036,0.2453
346.063,0.8636,0.7529,0.8848,0.9293,0.37,14.93,0.257,,1,1,17.036,0.2453
346.098,0.8693,0.8168,0.8862,0.9780,0.42,14.78,0.271,,1,1,17.036,0.2453
346.141,0.8772,0.8936,0.8960,1.0633,0.47,14.56,0.272,,1,1,17.036,0.2453
346.171,0.8816,0.9333,0.8969,1.0683,0.50,14.45,0.278,,1,1,17.036,0.2453
346.203,0.8871,0.9640,0.9048,1.1371,0.53,14.33,0.286,,1,1,17.036,0.2453
346.236,0.8907,0.9866,0.9024,1.1394,0.57,14.30,0.278,,1,1,17.036,0.2453
346.270,0.8921,1.0000,0.8962,1.1625,0.59,14.19,0.292,,1,1,17.036,0.2453
346.300,0.8934,1.0000,0.8978,1.1829,0.61,14.10,0.293,,1,1,17.036,0.2453
346.332,0.8947,1.0000,0.8988,1.1785,0.63,13.99,0.286,,1,1,17.036,0.2453
346.363,0.8940,1.0000,0.8918,1.1605,0.65,13.95,0.286,,1,1,17.036,0.2453
346.396,0.8912,1.0000,0.8823,1.1618,0.67,13.94,0.289,,1,1,17.036,0.2453
346.428,0.8885,1.0000,0.8794,1.1801,0.68,13.94,0.293,,1,1,17.036,0.2453
346.459,0.8860,1.0000,0.8775,1.1925,0.69,13.95,0.294,,1,1,17.036,0.2453
346.491,0.8764,1.0000,0.8446,1.1923,0.70,13.91,0.294,,1,1,17.036,0.2453
346.523,0.8538,1.0000,0.7800,1.1742,0.71,13.81,0.298,,1,1,17.036,0.2453
346.557,0.8243,1.0000,0.7366,1.0053,0.68,13.66,0.312,,1,1,17.036,0.2453
346.590,0.7939,1.0000,0.6997,0.9487,0.68,13.45,0.322,,1,1,17.036,0.2453
346.652,0.7408,0.9710,0.6560,0.8978,0.67,13.11,0.352,,1,1,17.036,0.2453
346.700,0.7030,0.9694,0.6238,0.9657,0.66,13.33,0.373,,1,1,17.036,0.2453
346.733,0.6789,0.9551,0.6058,0.9096,0.66,13.42,0.376,,1,1,17.036,0.2453
346.760,0.6624,0.9430,0.6025,0.8967,0.65,13.47,0.375,,1,1,17.036,0.2453
346.787,0.6426,0.9260,0.5722,0.8628,0.65,13.43,0.375,,1,1,17.036,0.2453
346.815,0.6142,0.8879,0.5147,0.7509,0.64,13.60,0.377,,1,1,17.036,0.2453
346.840,0.5983,0.8707,0.5365,0.8023,0.63,13.72,0.382,,1,1,17.036,0.2453
346.866,0.5840,0.8546,0.5305,0.7938,0.63,13.80,0.376,,1,1,17.036,0.2453
346.893,0.5717,0.8458,0.5268,0.8128,0.62,13.87,0.374,,1,1,17.036,0.2453
346.923,0.5534,0.8367,0.4938,0.8065,0.61,14.02,0.374,,1,1,17.036,0.2453
346.955,0.5288,0.8217,0.4544,0.7752,0.60,14.23,0.373,,1,1,17.036,0.2453
346.986,0.5103,0.8205,0.4514,0.8164,0.59,14.31,0.366,,1,1,17.036,0.2453
347.054,0.4707,0.8268,0.4137,0.8364,0.56,14.58,0.372,,1,1,17.036,0.2453
347.082,0.4393,0.8156,0.3259,0.7728,0.55,14.83,0.366,,1,1,17.036,0.2453
347.114,0.3970,0.7905,0.2744,0.7139,0.54,15.02,0.365,,1,1,17.036,0.2453
347.146,0.3737,0.8080,0.3035,0.8642,0.52,15.22,0.364,,1,1,17.036,0.2453
347.179,0.3479,0.8129,0.2726,0.8286,0.50,15.35,0.359,,1,1,17.036,0.2453
347.211,0.3294,0.8282,0.2741,0.8780,0.50,15.42,0.345,,1,1,17.036,0.2453
347.258,0.3117,0.8656,0.2747,0.9491,0.51,15.51,0.320,,1,1,17.036,0.2453
347.290,0.3010,0.8865,0.2685,0.9537,0.50,15.52,0.296,,1,1,17.036,0.2453
347.318,0.2933,0.9044,0.2655,0.9714,0.49,15.56,0.291,,1,1,17.036,0.2453
347.344,0.2826,0.9116,0.2424,0.9392,0.49,15.56,0.269,,1,1,17.036,0.2453
347.371,0.2739,0.9222,0.2408,0.9634,0.48,15.58,0.272,,1,1,17.036,0.2453
347.398,0.2629,0.9245,0.2231,0.9333,0.47,15.61,0.272,,1,1,17.036,0.2453
347.449,0.2525,0.9167,0.2322,0.9009,0.47,15.71,0.275,,1,1,17.036,0.2453
347.482,0.2509,0.9184,0.2461,0.9239,0.48,15.74,0.270,,1,1,17.036,0.2453
347.514,0.2506,0.9168,0.2494,0.9118,0.50,15.79,0.267,,1,1,17.036,0.2453
347.545,0.2477,0.9172,0.2379,0.9184,0.52,15.81,0.275,,1,1,17.036,0.2453
347.579,0.2471,0.9228,0.2453,0.9400,0.54,15.84,0.269,,1,1,17.036,0.2453
347.614,0.2484,0.9234,0.2522,0.9252,0.55,15.85,0.265,,1,1,17.036,0.2453
347.643,0.2456,0.9270,0.2358,0.9395,0.56,15.90,0.275,,1,1,17.036,0.2453
347.675,0.2445,0.9296,0.2411,0.9380,0.57,15.94,0.280,,1,1,17.036,0.2453
347.707,0.2443,0.9333,0.2434,0.9458,0.58,16.02,0.288,,1,1,17.036,0.2453
347.739,0.2451,0.9149,0.2479,0.8550,0.58,16.16,0.334,,1,1,17.036,0.2453
347.770,0.2420,0.8656,0.2313,0.7029,0.56,16.34,0.395,,1,1,17.036,0.2453
347.802,0.2389,0.8169,0.2289,0.6631,0.54,16.55,0.417,,1,1,17.036,0.2453
347.850,0.2261,0.7214,0.1982,0.5289,0.50,16.84,0.435,,1,1,17.036,0.2453
347.883,0.2128,0.6563,0.1702,0.4664,0.47,17.00,0.451,,1,1,17.036,0.2453
347.915,0.2021,0.5933,0.1682,0.4141,0.45,17.11,0.464,,1,1,17.036,0.2453
347.947,0.1954,0.5389,0.1738,0.3845,0.42,17.23,0.465,,1,1,17.036,0.2453
347.979,0.1905,0.5068,0.1746,0.4151,0.39,17.34,0.461,,1,1,17.036,0.2453
348.010,0.1805,0.4653,0.1473,0.3427,0.35,17.47,0.466,,1,1,17.036,0.2453
348.043,0.1706,0.4177,0.1397,0.2845,0.33,17.62,0.473,,1,1,17.036,0.2453
348.074,0.1629,0.3720,0.1376,0.2407,0.31,17.74,0.470,,1,1,17.036,0.2453
348.106,0.1556,0.3349,0.1321,0.2280,0.29,17.82,0.470,,1,1,17.036,0.2453
348.138,0.1469,0.3056,0.1192,0.2220,0.28,17.89,0.469,,1,1,17.036,0.2453
348.171,0.1395,0.2844,0.1163,0.2248,0.27,17.93,0.471,,1,1,17.036,0.2453
348.204,0.1322,0.2627,0.1090,0.2000,0.26,17.99,0.467,,1,1,17.036,0.2453
348.236,0.1270,0.2482,0.1102,0.2054,0.24,18.05,0.466,,1,1,17.036,0.2453
348.267,0.1207,0.2354,0.1002,0.1964,0.24,18.08,0.466,,1,1,17.036,0.2453
348.298,0.1164,0.2313,0.1019,0.2184,0.24,18.11,0.462,,1,1,17.036,0.2453
348.330,0.1121,0.2162,0.0984,0.1702,0.24,18.19,0.459,,1,1,17.036,0.2453
348.363,0.1095,0.2057,0.1011,0.1742,0.23,18.30,0.459,,1,1,17.036,0.2453
348.410,0.1127,0.2046,0.1201,0.2021,0.20,18.42,0.450,,1,1,17.036,0.2453
348.443,0.1121,0.1957,0.1101,0.1702,0.19,18.52,0.448,,1,1,17.036,0.2453
348.474,0.1165,0.1997,0.1316,0.2128,0.17,18.58,0.457,,1,1,17.036,0.2453
348.507,0.1259,0.2109,0.1563,0.2461,0.15,18.62,0.456,,1,1,17.036,0.2453
348.538,0.1329,0.2183,0.1563,0.2427,0.14,18.66,0.457,,1,1,17.036,0.2453
348.571,0.1516,0.2318,0.2106,0.2750,0.12,18.71,0.453,,1,1,17.036,0.2453
348.603,0.1918,0.2577,0.3208,0.3431,0.13,18.80,0.450,,1,1,17.036,0.2453
348.637,0.2373,0.2698,0.3691,0.3065,0.15,18.91,0.451,,1,1,17.036,0.2453
348.668,0.2744,0.2921,0.3916,0.3661,0.16,19.01,0.450,,1,1,17.036,0.2453
348.698,0.3006,0.3070,0.3873,0.3586,0.18,19.11,0.450,,1,1,17.036,0.2453
348.731,0.3231,0.3182,0.3893,0.3525,0.20,19.24,0.455,,1,1,17.036,0.2453
348.763,0.3435,0.3278,0.4049,0.3583,0.21,19.36,0.456,,1,1,17.036,0.2453
348.793,0.3602,0.3199,0.4150,0.2924,0.22,19.47,0.457,,1,1,17.036,0.2453
348.827,0.3795,0.3107,0.4346,0.2827,0.22,19.57,0.458,,1,1,17.036,0.2453
348.858,0.3957,0.3162,0.4468,0.3347,0.21,19.56,0.456,,1,1,17.036,0.2453
348.891,0.4134,0.3194,0.4669,0.3299,0.21,19.59,0.452,,1,1,17.036,0.2453
348.923,0.4260,0.3177,0.4648,0.3122,0.21,19.62,0.452,,1,1,17.036,0.2453
348.972,0.4392,0.3143,0.4659,0.3069,0.21,19.69,0.457,,1,1,17.036,0.2453
349.004,0.4484,0.3231,0.4777,0.3522,0.20,19.75,0.466,,1,1,17.036,0.2453
349.037,0.4560,0.3403,0.4790,0.3941,0.20,19.80,0.464,,1,1,17.036,0.2453
349.068,0.4666,0.3626,0.5001,0.4345,0.19,19.80,0.464,,1,1,17.036,0.2453
349.098,0.4779,0.3677,0.5172,0.3860,0.17,19.79,0.469,,1,1,17.036,0.2453
349.130,0.4929,0.3693,0.5393,0.3744,0.16,19.76,0.474,,1,1,17.036,0.2453
349.163,0.5043,0.3668,0.5395,0.3590,0.15,19.73,0.466,,1,1,17.036,0.2453
349.193,0.5122,0.3826,0.5383,0.4358,0.16,19.80,0.325,,1,1,17.036,0.2453
349.227,0.5282,0.4596,0.5753,0.6819,0.20,19.67,0.220,,1,1,17.036,0.2453
349.259,0.5440,0.4988,0.5945,0.6200,0.24,19.62,0.243,,1,1,17.036,0.2453
349.290,0.5654,0.5267,0.6343,0.6137,0.27,19.58,0.279,,1,1,17.036,0.2453
349.323,0.5812,0.5392,0.6291,0.5763,0.29,19.52,0.335,,1,1,17.036,0.2453
349.355,0.5946,0.5401,0.6358,0.5426,0.30,19.44,0.381,,1,1,17.036,0.2453
349.388,0.6072,0.5421,0.6460,0.5484,0.32,19.33,0.397,,1,1,17.036,0.2453
349.452,0.6197,0.5185,0.6394,0.4808,0.36,19.11,0.435,,1,1,17.036,0.2453
349.484,0.6232,0.4918,0.6343,0.4040,0.37,19.03,0.448,,1,1,17.036,0.2453
349.529,0.6272,0.4612,0.6362,0.3904,0.39,18.91,0.450,,1,1,17.036,0.2453
349.562,0.6290,0.4376,0.6348,0.3618,0.38,18.82,0.451,,1,1,17.036,0.2453
349.590,0.6300,0.4152,0.6338,0.3339,0.37,18.76,0.453,,1,1,17.036,0.2453
349.620,0.6324,0.3941,0.6405,0.3232,0.36,18.70,0.455,,1,1,17.036,0.2453
349.646,0.6349,0.3737,0.6448,0.2954,0.35,18.62,0.461,,1,1,17.036,0.2453
349.671,0.6380,0.3506,0.6511,0.2581,0.34,18.56,0.468,,1,1,17.036,0.2453
349.696,0.6408,0.3154,0.6523,0.1814,0.32,18.48,0.464,,1,1,17.036,0.2453
349.723,0.6456,0.2944,0.6637,0.2201,0.32,18.32,0.461,,1,1,17.036,0.2453
349.756,0.6531,0.2756,0.6773,0.2190,0.33,18.19,0.463,,1,1,17.036,0.2453
349.787,0.6620,0.2542,0.6910,0.1884,0.34,18.06,0.467,,1,1,17.036,0.2453
349.852,0.6838,0.2329,0.7186,0.2004,0.32,17.85,0.459,,1,1,17.036,0.2453
349.883,0.6946,0.2157,0.7308,0.1605,0.32,17.66,0.461,,1,1,17.036,0.2453
349.914,0.7034,0.1980,0.7320,0.1426,0.30,17.41,0.465,,1,1,17.036,0.2453
349.946,0.7141,0.1789,0.7498,0.1178,0.28,17.17,0.465,,1,1,17.036,0.2453
349.978,0.7258,0.1495,0.7622,0.0621,0.26,17.14,0.469,,1,1,17.036,0.2453
350.011,0.7374,0.1182,0.7732,0.0257,0.25,17.01,0.466,,1,1,17.036,0.2453
350.043,0.7520,0.0913,0.7980,0.0101,0.22,16.98,0.466,,1,1,17.036,0.2453
350.075,0.7711,0.0617,0.8310,-0.0270,0.19,16.80,0.464,,1,1,17.036,0.2453
350.123,0.7924,0.0250,0.8379,-0.0604,0.16,16.63,0.464,,1,1,17.036,0.2453
350.155,0.8040,0.0064,0.8405,-0.0502,0.14,16.36,0.469,,1,1,17.036,0.2453
350.181,0.8118,0.0000,0.8421,-0.0505,0.12,16.08,0.470,,1,1,17.036,0.2453
350.207,0.8191,0.0000,0.8474,-0.0866,0.10,15.81,0.470,,1,1,17.036,0.2453
350.251,0.8278,0.0000,0.8476,-0.0563,0.10,15.65,0.465,,1,1,17.036,0.2453
350.282,0.8328,0.0000,0.8493,-0.0336,0.10,15.56,0.471,,1,1,17.036,0.2453
350.312,0.8360,0.0000,0.8468,-0.0373,0.10,15.50,0.472,,1,1,17.036,0.2453
350.347,0.8398,0.0000,0.8512,-0.0211,0.09,15.33,0.470,,1,1,17.036,0.2453
350.378,0.8426,0.0000,0.8519,0.0227,0.08,15.22,0.470,,1,1,17.036,0.2453
350.410,0.8458,0.0000,0.8561,0.0215,0.08,15.13,0.467,,1,1,17.036,0.2453
350.443,0.8494,0.0002,0.8606,0.0239,0.08,15.05,0.464,,1,1,17.036,0.2453
350.475,0.8530,0.0061,0.8649,0.0257,0.07,14.97,0.463,,1,1,17.036,0.2453
350.507,0.8562,0.0172,0.8666,0.0540,0.04,14.79,0.459,,1,1,17.036,0.2453
350.539,0.8597,0.0453,0.8713,0.1365,0.02,14.69,0.461,,1,1,17.036,0.2453
350.571,0.8618,0.0660,0.8688,0.1327,0.00,14.63,0.458,,1,1,17.036,0.2453
350.604,0.8640,0.0922,0.8704,0.1705,-0.02,14.64,0.457,,1,1,17.036,0.2453
350.636,0.8669,0.1331,0.8764,0.2596,-0.04,14.62,0.452,,1,1,17.036,0.2453
350.682,0.8697,0.1759,0.8762,0.2671,-0.07,14.59,0.452,,1,1,17.036,0.2453
350.714,0.8716,0.1979,0.8778,0.2663,-0.08,14.54,0.448,,1,1,17.036,0.2453
350.747,0.8726,0.2125,0.8758,0.2567,-0.10,14.40,0.450,,1,1,17.036,0.2453
350.778,0.8737,0.2255,0.8775,0.2675,-0.11,14.28,0.444,,1,1,17.036,0.2453
350.811,0.8757,0.2450,0.8817,0.3018,-0.12,14.08,0.444,,1,1,17.036,0.2453
350.841,0.8763,0.2560,0.8787,0.2920,-0.11,14.04,0.439,,1,1,17.036,0.2453
350.874,0.8787,0.2719,0.8861,0.3199,-0.09,13.95,0.433,,1,1,17.036,0.2453
350.907,0.8804,0.2937,0.8859,0.3594,-0.06,13.89,0.429,,1,1,17.036,0.2453
350.940,0.8804,0.3186,0.8805,0.3938,-0.04,13.79,0.407,,1,1,17.036,0.2453
350.970,0.8821,0.3694,0.8879,0.5286,-0.01,13.68,0.361,,1,1,17.036,0.2453
351.004,0.8846,0.4325,0.8923,0.6105,0.03,13.64,0.336,,1,1,17.036,0.2453
351.036,0.8873,0.4897,0.8961,0.6525,0.06,13.52,0.321,,1,1,17.036,0.2453
351.067,0.8899,0.5449,0.8986,0.7078,0.09,13.46,0.320,,1,1,17.036,0.2453
351.099,0.8896,0.5984,0.8889,0.7530,0.11,13.32,0.311,,1,1,17.036,0.2453
351.130,0.8914,0.6488,0.8972,0.7956,0.14,13.27,0.306,,1,1,17.036,0.2453
351.162,0.8910,0.6877,0.8896,0.7977,0.17,13.18,0.305,,1,1,17.036,0.2453
351.194,0.8897,0.7156,0.8854,0.7939,0.20,13.13,0.301,,1,1,17.036,0.2453
351.242,0.8920,0.7844,0.8974,0.9177,0.25,12.95,0.283,,1,1,17.036,0.2453
351.274,0.8952,0.8232,0.9057,0.9346,0.30,12.83,0.282,,1,1,17.036,0.2453
351.307,0.8977,0.8583,0.9056,0.9561,0.34,12.73,0.270,,1,1,17.036,0.2453
351.338,0.9008,0.8846,0.9111,0.9616,0.36,12.61,0.273,,1,1,17.036,0.2453
351.371,0.9056,0.9080,0.9213,0.9753,0.37,12.56,0.276,,1,1,17.036,0.2453
351.404,0.9115,0.9453,0.9300,1.0612,0.40,12.43,0.281,,1,1,17.036,0.2453
351.434,0.9168,0.9709,0.9353,1.1352,0.42,12.28,0.285,,1,1,17.036,0.2453
351.468,0.9203,0.9911,0.9313,1.1417,0.44,12.15,0.284,,1,1,17.036,0.2453
351.499,0.9224,1.0000,0.9291,1.1303,0.46,12.01,0.287,,1,1,17.036,0.2453
351.531,0.9231,1.0000,0.9257,1.0746,0.47,11.93,0.293,,1,1,17.036,0.2453
351.563,0.9237,1.0000,0.9257,1.0745,0.49,11.81,0.295,,1,1,17.036,0.2453
351.596,0.9235,1.0000,0.9230,1.0498,0.50,11.71,0.294,,1,1,17.036,0.2453
351.627,0.9226,1.0000,0.9193,1.0552,0.50,11.60,0.290,,1,1,17.036,0.2453
351.659,0.9187,1.0000,0.9057,1.0224,0.52,11.53,0.282,,1,1,17.036,0.2453
351.691,0.8995,1.0000,0.8365,0.9467,0.52,11.32,0.260,,1,1,17.036,0.2453
351.723,0.8794,0.9993,0.8147,0.9573,0.54,11.11,0.264,,1,1,17.036,0.2453
351.757,0.8548,0.9961,0.7803,0.9861,0.55,10.93,0.272,,1,1,17.036,0.2453
351.806,0.8220,0.9849,0.7538,0.9608,0.57,10.87,0.277,,1,1,17.036,0.2453
351.842,0.7935,0.9779,0.7152,0.9576,0.59,10.90,0.287,,1,1,17.036,0.2453
351.870,0.7690,0.9729,0.6827,0.9542,0.61,10.96,0.289,,1,1,17.036,0.2453
351.900,0.7417,0.9707,0.6499,0.9628,0.63,10.98,0.290,,1,1,17.036,0.2453
351.931,0.7068,0.9667,0.5992,0.9532,0.63,11.06,0.294,,1,1,17.036,0.2453
351.963,0.6742,0.9776,0.5743,1.0144,0.62,11.16,0.308,,1,1,17.036,0.2453
351.993,0.6411,0.9803,0.5363,0.9897,0.59,11.43,0.312,,1,1,17.036,0.2453
352.026,0.6118,0.9776,0.5262,0.9691,0.58,11.65,0.304,,1,1,17.036,0.2453
352.062,0.5765,0.9739,0.4835,0.9629,0.59,11.78,0.297,,1,1,17.036,0.2453
352.090,0.5533,0.9770,0.4743,0.9887,0.58,11.90,0.302,,1,1,17.036,0.2453
352.123,0.5227,0.9799,0.4338,0.9893,0.57,12.00,0.299,,1,1,17.036,0.2453
352.154,0.4949,0.9799,0.4093,0.9800,0.57,12.15,0.297,,1,1,17.036,0.2453
352.187,0.4684,0.9964,0.3912,1.0492,0.60,12.31,0.299,,1,1,17.036,0.2453
352.254,0.4162,1.0000,0.3410,1.0246,0.58,12.82,0.275,,1,1,17.036,0.2453
352.284,0.3867,1.0000,0.2894,1.0666,0.59,13.08,0.288,,1,1,17.036,0.2453
352.314,0.3679,1.0000,0.3103,1.1507,0.60,13.31,0.274,,1,1,17.036,0.2453
352.348,0.3389,1.0000,0.2555,1.2000,0.61,13.54,0.287,,1,1,17.036,0.2453
352.394,0.3043,1.0000,0.2326,1.1677,0.62,13.80,0.272,,1,1,17.036,0.2453
352.427,0.2831,1.0000,0.2193,1.1485,0.61,14.01,0.285,,1,1,17.036,0.2453
352.453,0.2695,1.0000,0.2206,1.1485,0.61,14.20,0.291,,1,1,17.036,0.2453
352.481,0.2613,1.0000,0.2311,1.1538,0.61,14.40,0.296,,1,1,17.036,0.2453
352.508,0.2525,1.0000,0.2213,1.1561,0.62,14.59,0.304,,1,1,17.036,0.2453
352.535,0.2416,1.0000,0.2025,1.1147,0.62,14.78,0.314,,1,1,17.036,0.2453
352.561,0.2346,1.0000,0.2077,1.1090,0.62,14.99,0.323,,1,1,17.036,0.2453
352.588,0.2282,1.0000,0.2047,1.0986,0.62,15.18,0.332,,1,1,17.036,0.2453
352.653,0.2191,1.0000,0.2047,0.9747,0.62,15.42,0.367,,1,1,17.036,0.2453
352.682,0.2233,1.0000,0.2373,1.0054,0.64,15.53,0.371,,1,1,17.036,0.2453
352.715,0.2225,1.0000,0.2199,0.9561,0.65,15.68,0.375,,1,1,17.036,0.2453
352.746,0.2228,0.9740,0.2239,0.8811,0.64,15.85,0.388,,1,1,17.036,0.2453
352.777,0.2203,0.9379,0.2119,0.8207,0.64,16.01,0.414,,1,1,17.036,0.2453
352.811,0.2166,0.8891,0.2055,0.7495,0.64,16.21,0.426,,1,1,17.036,0.2453
352.843,0.2150,0.8504,0.2095,0.7309,0.65,16.33,0.425,,1,1,17.036,0.2453
352.874,0.2110,0.8124,0.1979,0.6960,0.65,16.45,0.440,,1,1,17.036,0.2453
352.907,0.2081,0.7883,0.1989,0.7172,0.64,16.58,0.442,,1,1,17.036,0.2453
352.955,0.2034,0.7465,0.1931,0.6630,0.62,16.74,0.451,,1,1,17.036,0.2453
352.987,0.2021,0.7267,0.1980,0.6654,0.60,16.82,0.455,,1,1,17.036,0.2453
353.013,0.2015,0.7139,0.1988,0.6667,0.58,16.87,0.458,,1,1,17.036,0.2453
353.053,0.1969,0.6718,0.1848,0.5699,0.54,16.99,0.476,,1,1,17.036,0.2453
353.084,0.1937,0.6473,0.1832,0.5711,0.53,17.09,0.481,,1,1,17.036,0.2453
353.115,0.1896,0.6179,0.1757,0.5271,0.50,17.22,0.483,,1,1,17.036,0.2453
353.147,0.1850,0.5743,0.1704,0.4473,0.47,17.33,0.486,,1,1,17.036,0.2453
353.178,0.1814,0.5388,0.1691,0.4312,0.43,17.41,0.484,,1,1,17.036,0.2453
353.213,0.1800,0.5086,0.1756,0.4247,0.40,17.50,0.481,,1,1,17.036,0.2453
353.244,0.1794,0.4850,0.1774,0.4099,0.38,17.59,0.478,,1,1,17.036,0.2453
353.274,0.1780,0.4627,0.1731,0.3951,0.36,17.69,0.479,,1,1,17.036,0.2453
353.305,0.1770,0.4461,0.1738,0.3949,0.34,17.75,0.476,,1,1,17.036,0.2453
353.338,0.1743,0.4130,0.1658,0.3170,0.32,17.81,0.479,,1,1,17.036,0.2453
353.371,0.1736,0.3792,0.1712,0.2821,0.29,17.87,0.469,,1,1,17.036,0.2453
353.404,0.1730,0.3546,0.1709,0.2831,0.28,17.88,0.467,,1,1,17.036,0.2453
353.435,0.1760,0.3378,0.1865,0.2862,0.27,17.91,0.462,,1,1,17.036,0.2453
353.468,0.1696,0.3057,0.1491,0.2134,0.25,17.94,0.464,,1,1,17.036,0.2453
353.514,0.1625,0.2760,0.1463,0.2135,0.25,18.00,0.464,,1,1,17.036,0.2453
353.546,0.1609,0.2644,0.1558,0.2293,0.25,18.03,0.461,,1,1,17.036,0.2453
353.581,0.1585,0.2526,0.1511,0.2193,0.26,18.01,0.460,,1,1,17.036,0.2453
353.609,0.1606,0.2491,0.1683,0.2369,0.26,17.98,0.460,,1,1,17.036,0.2453
353.640,0.1608,0.2411,0.1617,0.2145,0.25,18.00,0.462,,1,1,17.036,0.2453
353.675,0.1620,0.2330,0.1655,0.2104,0.24,18.04,0.459,,1,1,17.036,0.2453
353.706,0.1663,0.2297,0.1808,0.2192,0.22,18.09,0.459,,1,1,17.036,0.2453
353.740,0.1719,0.2264,0.1897,0.2165,0.21,18.14,0.454,,1,1,17.036,0.2453
353.772,0.1807,0.2315,0.2094,0.2478,0.22,18.18,0.450,,1,1,17.036,0.2453
353.804,0.1869,0.2307,0.2072,0.2279,0.22,18.22,0.448,,1,1,17.036,0.2453
353.834,0.1919,0.2317,0.2092,0.2354,0.23,18.24,0.449,,1,1,17.036,0.2453
353.867,0.1961,0.2345,0.2093,0.2431,0.24,18.23,0.447,,1,1,17.036,0.2453
353.900,0.2028,0.2406,0.2240,0.2599,0.25,18.25,0.444,,1,1,17.036,0.2453
353.932,0.2282,0.2606,0.3103,0.3270,0.25,18.30,0.446,,1,1,17.036,0.2453
353.963,0.2496,0.2679,0.3207,0.2932,0.26,18.36,0.453,,1,1,17.036,0.2453
353.995,0.2795,0.2733,0.3728,0.2909,0.27,18.44,0.452,,1,1,17.036,0.2453
354.028,0.3135,0.2901,0.4154,0.3427,0.28,18.55,0.453,,1,1,17.036,0.2453
354.059,0.3417,0.3072,0.4305,0.3636,0.28,18.63,0.452,,1,1,17.036,0.2453
354.105,0.3726,0.3192,0.4389,0.3460,0.27,18.81,0.447,,1,1,17.036,0.2453
354.138,0.3897,0.3183,0.4405,0.3154,0.26,18.93,0.446,,1,1,17.036,0.2453
354.173,0.4058,0.3157,0.4512,0.3083,0.27,19.04,0.447,,1,1,17.036,0.2453
354.205,0.4180,0.3092,0.4560,0.2877,0.26,19.10,0.452,,1,1,17.036,0.2453
354.234,0.4283,0.3118,0.4631,0.3211,0.25,19.17,0.453,,1,1,17.036,0.2453
354.268,0.4417,0.2949,0.4818,0.2408,0.21,19.21,0.458,,1,1,17.036,0.2453
354.299,0.4567,0.2885,0.5041,0.2672,0.17,19.27,0.465,,1,1,17.036,0.2453
354.331,0.4717,0.2810,0.5195,0.2559,0.15,19.30,0.473,,1,1,17.036,0.2453
354.363,0.4826,0.2589,0.5163,0.1876,0.13,19.32,0.476,,1,1,17.036,0.2453
354.394,0.4954,0.2443,0.5366,0.1966,0.12,19.24,0.467,,1,1,17.036,0.2453
354.425,0.5111,0.2491,0.5627,0.2654,0.11,19.21,0.470,,1,1,17.036,0.2453
354.458,0.5274,0.2303,0.5751,0.1736,0.10,19.13,0.471,,1,1,17.036,0.2453
354.490,0.5396,0.2246,0.5788,0.2058,0.11,19.15,0.464,,1,1,17.036,0.2453
354.526,0.5550,0.2466,0.5977,0.3107,0.13,19.06,0.338,,1,1,17.036,0.2453
354.554,0.5660,0.2572,0.6047,0.2966,0.16,19.05,0.355,,1,1,17.036,0.2453
354.587,0.5801,0.2746,0.6225,0.3295,0.18,19.00,0.361,,1,1,17.036,0.2453
354.669,0.5982,0.2766,0.6206,0.2793,0.16,19.07,0.437,,1,1,17.036,0.2453
354.699,0.6049,0.2718,0.6274,0.2546,0.16,18.98,0.434,,1,1,17.036,0.2453
354.727,0.6106,0.2686,0.6319,0.2564,0.17,18.85,0.437,,1,1,17.036,0.2453
354.754,0.6153,0.2680,0.6330,0.2657,0.18,18.75,0.440,,1,1,17.036,0.2453
354.780,0.6183,0.2599,0.6304,0.2271,0.17,18.66,0.441,,1,1,17.036,0.2453
354.807,0.6225,0.2432,0.6380,0.1796,0.17,18.54,0.445,,1,1,17.036,0.2453
354.833,0.6258,0.2302,0.6388,0.1786,0.15,18.43,0.449,,1,1,17.036,0.2453
354.859,0.6284,0.2172,0.6388,0.1651,0.14,18.36,0.451,,1,1,17.036,0.2453
354.889,0.6312,0.2089,0.6405,0.1814,0.14,18.26,0.458,,1,1,17.036,0.2453
354.922,0.6334,0.1893,0.6406,0.1290,0.13,18.18,0.465,,1,1,17.036,0.2453
354.955,0.6360,0.1745,0.6442,0.1282,0.13,18.11,0.461,,1,1,17.036,0.2453
354.987,0.6372,0.1522,0.6410,0.0835,0.12,18.04,0.466,,1,1,17.036,0.2453
355.057,0.6413,0.1254,0.6474,0.0864,0.12,17.89,0.468,,1,1,17.036,0.2453
355.083,0.6428,0.1130,0.6490,0.0642,0.11,17.84,0.468,,1,1,17.036,0.2453
355.115,0.6446,0.0961,0.6506,0.0442,0.11,17.68,0.466,,1,1,17.036,0.2453
355.148,0.6487,0.0820,0.6622,0.0369,0.09,17.42,0.467,,1,1,17.036,0.2453
355.179,0.6517,0.0615,0.6616,-0.0019,0.08,17.24,0.468,,1,1,17.036,0.2453
355.229,0.6551,0.0241,0.6621,-0.0915,0.06,17.09,0.472,,1,1,17.036,0.2453
355.259,0.6598,0.0069,0.6763,-0.1792,0.04,16.89,0.475,,1,1,17.036,0.2453
355.286,0.6645,0.0000,0.6822,-0.2327,0.03,16.75,0.474,,1,1,17.036,0.2453
355.312,0.6706,0.0000,0.6967,-0.1811,0.02,16.56,0.475,,1,1,17.036,0.2453
355.337,0.6796,0.0000,0.7150,-0.2047,-0.08,16.00,0.475,,1,1,17.036,0.2453
355.364,0.6919,0.0000,0.7385,-0.1781,-0.08,15.83,0.473,,1,1,17.036,0.2453
355.390,0.7036,0.0000,0.7500,-0.2161,-0.12,15.49,0.474,,1,1,17.036,0.2453
355.451,0.7361,0.0000,0.7906,-0.3164,-0.36,14.66,0.473,,1,1,17.036,0.2453
355.482,0.7512,0.0000,0.8001,-0.3447,-0.37,14.74,0.469,,1,1,17.036,0.2453
355.516,0.7644,0.0000,0.8035,-0.3034,-0.38,14.65,0.470,,1,1,17.036,0.2453
355.546,0.7759,0.0000,0.8152,-0.3196,-0.39,14.58,0.466,,1,1,17.036,0.2453
355.579,0.7862,0.0000,0.8183,-0.2749,-0.40,14.47,0.469,,1,1,17.036,0.2453
355.610,0.7947,0.0000,0.8222,-0.3064,-0.42,14.40,0.477,,1,1,17.036,0.2453
355.643,0.8047,0.0000,0.8355,-0.2977,-0.44,14.24,0.475,,1,1,17.036,0.2453
355.675,0.8132,0.0000,0.8401,-0.2617,-0.46,14.12,0.471,,1,1,17.036,0.2453
355.706,0.8207,0.0000,0.8455,-0.2186,-0.48,14.04,0.465,,1,1,17.036,0.2453
355.740,0.8290,0.0000,0.8540,-0.2332,-0.50,13.96,0.470,,1,1,17.036,0.2453
355.787,0.8359,0.0000,0.8509,-0.2291,-0.50,13.89,0.469,,1,1,17.036,0.2453
355.818,0.8431,0.0000,0.8666,-0.2299,-0.51,13.81,0.470,,1,1,17.036,0.2453
355.849,0.8496,0.0000,0.8710,-0.1859,-0.55,13.59,0.463,,1,1,17.036,0.2453
355.884,0.8557,0.0000,0.8736,-0.1886,-0.56,13.46,0.460,,1,1,17.036,0.2453
355.916,0.8602,0.0000,0.8754,-0.1765,-0.64,13.20,0.458,,1,1,17.036,0.2453
355.950,0.8659,0.0000,0.8826,-0.2026,-0.74,12.85,0.460,,1,1,17.036,0.2453
355.979,0.8678,0.0000,0.8743,-0.1539,-0.76,12.67,0.459,,1,1,17.036,0.2453
356.011,0.8678,0.0000,0.8681,-0.1820,-0.79,12.56,0.459,,1,1,17.036,0.2453
356.042,0.8688,0.0000,0.8720,-0.1543,-0.82,12.43,0.460,,1,1,17.036,0.2453
356.075,0.8701,0.0000,0.8743,-0.1337,-0.85,12.31,0.459,,1,1,17.036,0.2453
356.106,0.8718,0.0000,0.8776,-0.1279,-0.90,12.05,0.459,,1,1,17.036,0.2453
356.137,0.8718,0.0000,0.8716,-0.1326,-0.93,11.80,0.454,,1,1,17.036,0.2453
356.170,0.8704,0.0000,0.8660,-0.1191,-0.93,11.68,0.449,,1,1,17.036,0.2453
356.203,0.8691,0.0000,0.8651,-0.0971,-0.92,11.64,0.449,,1,1,17.036,0.2453
356.235,0.8687,0.0000,0.8671,-0.0599,-0.89,11.64,0.442,,1,1,17.036,0.2453
356.267,0.8710,0.0000,0.8785,0.0764,-0.86,11.57,0.428,,1,1,17.036,0.2453
356.299,0.8764,0.0507,0.8940,0.2665,-0.79,11.50,0.329,,1,1,17.036,0.2453
356.331,0.8800,0.1522,0.8921,0.4553,-0.71,11.32,0.265,,1,1,17.036,0.2453
356.378,0.8837,0.3207,0.8919,0.6405,-0.57,11.23,0.251,,1,1,17.036,0.2453
356.411,0.8826,0.4171,0.8791,0.6748,-0.47,11.23,0.270,,1,1,17.036,0.2453
356.443,0.8825,0.4917,0.8823,0.6944,-0.39,11.25,0.273,,1,1,17.036,0.2453
356.475,0.8832,0.5643,0.8853,0.7591,-0.30,11.27,0.270,,1,1,17.036,0.2453
356.507,0.8845,0.6272,0.8890,0.7992,-0.23,11.31,0.281,,1,1,17.036,0.2453
356.538,0.8867,0.6930,0.8938,0.8707,-0.14,11.31,0.298,,1,1,17.036,0.2453
356.572,0.8822,0.7387,0.8680,0.8581,-0.06,11.30,0.299,,1,1,17.036,0.2453
356.603,0.8805,0.7805,0.8748,0.8971,0.01,11.38,0.299,,1,1,17.036,0.2453
356.635,0.8804,0.8170,0.8799,0.9187,0.06,11.51,0.303,,1,1,17.036,0.2453
356.666,0.8806,0.8460,0.8813,0.9271,0.10,11.58,0.305,,1,1,17.036,0.2453
356.700,0.8818,0.8731,0.8858,0.9456,0.15,11.60,0.304,,1,1,17.036,0.2453
356.730,0.8832,0.8953,0.8879,0.9633,0.19,11.62,0.307,,1,1,17.036,0.2453
356.763,0.8844,0.9184,0.8883,0.9825,0.23,11.67,0.310,,1,1,17.036,0.2453
356.795,0.8875,0.9424,0.8978,1.0119,0.27,11.63,0.313,,1,1,17.036,0.2453
356.826,0.8927,0.9649,0.9103,1.0328,0.30,11.64,0.315,,1,1,17.036,0.2453
356.860,0.8979,0.9864,0.9142,1.0471,0.33,11.60,0.313,,1,1,17.036,0.2453
356.893,0.9040,1.0000,0.9234,1.0445,0.35,11.46,0.314,,1,1,17.036,0.2453
356.940,0.9101,1.0000,0.9236,1.0211,0.38,11.37,0.311,,1,1,17.036,0.2453
356.970,0.9134,1.0000,0.9251,1.0030,0.39,11.29,0.311,,1,1,17.036,0.2453
357.003,0.9164,1.0000,0.9257,1.0097,0.41,11.07,0.302,,1,1,17.036,0.2453
357.036,0.9153,1.0000,0.9117,1.0376,0.42,10.88,0.304,,1,1,17.036,0.2453
357.067,0.9113,1.0000,0.8982,1.0002,0.41,10.57,0.297,,1,1,17.036,0.2453
357.103,0.9079,1.0000,0.8981,1.0141,0.41,10.29,0.299,,1,1,17.036,0.2453
357.136,0.8968,1.0000,0.8611,1.0110,0.41,10.09,0.301,,1,1,17.036,0.2453
357.163,0.8855,0.9895,0.8422,0.9039,0.40,10.00,0.328,,1,1,17.036,0.2453
357.193,0.8722,0.9268,0.8262,0.7146,0.37,9.99,0.396,,1,1,17.036,0.2453
357.226,0.8580,0.8395,0.8139,0.5830,0.29,9.91,0.446,,1,1,17.036,0.2453
357.258,0.8435,0.7492,0.7972,0.4884,0.24,10.00,0.476,,1,1,17.036,0.2453
357.291,0.8298,0.6501,0.7870,0.3777,0.19,10.32,0.491,,1,1,17.036,0.2453
357.322,0.8146,0.5758,0.7642,0.3618,0.14,10.59,0.478,,1,1,17.036,0.2453
357.355,0.8023,0.5153,0.7647,0.3541,0.10,10.95,0.467,,1,1,17.036,0.2453
357.387,0.7925,0.4744,0.7614,0.3619,0.06,11.25,0.459,,1,1,17.036,0.2453
357.453,0.7801,0.4710,0.7607,0.4662,0.03,11.57,0.463,,1,1,17.036,0.2453
357.498,0.7696,0.4702,0.7460,0.4684,0.02,11.94,0.455,,1,1,17.036,0.2453
357.531,0.7628,0.4712,0.7408,0.4744,0.03,12.17,0.452,,1,1,17.036,0.2453
357.560,0.7566,0.4730,0.7357,0.4786,0.04,12.38,0.450,,1,1,17.036,0.2453
357.587,0.7521,0.4815,0.7347,0.5140,0.05,12.53,0.449,,1,1,17.036,0.2453
357.612,0.7476,0.4910,0.7290,0.5299,0.07,12.72,0.444,,1,1,17.036,0.2453
357.639,0.7432,0.5016,0.7266,0.5422,0.08,12.87,0.443,,1,1,17.036,0.2453
357.665,0.7405,0.5146,0.7301,0.5660,0.09,13.00,0.437,,1,1,17.036,0.2453
357.692,0.7370,0.5215,0.7232,0.5494,0.10,13.20,0.436,,1,1,17.036,0.2453
357.722,0.7293,0.5248,0.7033,0.5359,0.11,13.41,0.427,,1,1,17.036,0.2453
357.754,0.7190,0.5259,0.6862,0.5294,0.11,13.59,0.411,,1,1,17.036,0.2453
357.787,0.7129,0.5405,0.6929,0.5891,0.14,13.73,0.402,,1,1,17.036,0.2453
357.851,0.7050,0.5836,0.6926,0.6519,0.15,13.64,0.371,,1,1,17.036,0.2453
357.883,0.7003,0.6085,0.6850,0.6886,0.16,13.60,0.368,,1,1,17.036,0.2453
357.916,0.6949,0.6277,0.6777,0.6874,0.18,13.58,0.364,,1,1,17.036,0.2453
357.948,0.6959,0.6571,0.6989,0.7486,0.19,13.52,0.360,,1,1,17.036,0.2453
357.979,0.6947,0.6741,0.6908,0.7293,0.20,13.48,0.359,,1,1,17.036,0.2453
358.011,0.6939,0.6928,0.6912,0.7505,0.21,13.45,0.351,,1,1,17.036,0.2453
358.058,0.6883,0.7192,0.6761,0.7747,0.23,13.42,0.351,,1,1,17.036,0.2453
358.090,0.6836,0.7243,0.6679,0.7404,0.24,13.45,0.349,,1,1,17.036,0.2453
358.117,0.6800,0.7248,0.6661,0.7266,0.25,13.50,0.350,,1,1,17.036,0.2453
358.143,0.6779,0.7315,0.6696,0.7580,0.25,13.49,0.350,,1,1,17.036,0.2453
358.168,0.6761,0.7378,0.6687,0.7630,0.26,13.51,0.342,,1,1,17.036,0.2453
358.193,0.6749,0.7474,0.6701,0.7854,0.28,13.55,0.341,,1,1,17.036,0.2453
358.253,0.6723,0.7712,0.6676,0.8120,0.29,13.58,0.335,,1,1,17.036,0.2453
358.283,0.6706,0.7783,0.6647,0.8025,0.30,13.50,0.331,,1,1,17.036,0.2453
358.317,0.6680,0.7874,0.6598,0.8145,0.32,13.44,0.331,,1,1,17.036,0.2453
358.347,0.6680,0.7948,0.6681,0.8201,0.34,13.39,0.325,,1,1,17.036,0.2453
358.380,0.6677,0.8030,0.6666,0.8281,0.35,13.35,0.327,,1,1,17.036,0.2453
358.410,0.6659,0.8085,0.6597,0.8270,0.36,13.35,0.329,,1,1,17.036,0.2453
358.443,0.6645,0.8157,0.6600,0.8383,0.37,13.39,0.327,,1,1,17.036,0.2453
358.475,0.6622,0.8201,0.6548,0.8339,0.37,13.40,0.317,,1,1,17.036,0.2453
358.506,0.6590,0.8211,0.6482,0.8246,0.39,13.44,0.316,,1,1,17.036,0.2453
358.539,0.6562,0.8217,0.6472,0.8235,0.42,13.49,0.316,,1,1,17.036,0.2453
358.570,0.6538,0.8256,0.6455,0.8389,0.45,13.54,0.316,,1,1,17.036,0.2453
358.603,0.6503,0.8241,0.6389,0.8192,0.46,13.49,0.312,,1,1,17.036,0.2453
358.650,0.6514,0.8254,0.6538,0.8283,0.49,13.39,0.310,,1,1,17.036,0.2453
358.682,0.6534,0.8376,0.6599,0.8769,0.52,13.31,0.320,,1,1,17.036,0.2453
358.716,0.6547,0.8470,0.6589,0.8773,0.54,13.23,0.320,,1,1,17.036,0.2453
358.747,0.6556,0.8598,0.6584,0.9004,0.55,13.00,0.322,,1,1,17.036,0.2453
358.778,0.6527,0.8387,0.6428,0.7670,0.56,13.03,0.352,,1,1,17.036,0.2453
358.810,0.6435,0.7583,0.6136,0.5064,0.54,13.11,0.413,,1,1,17.036,0.2453
358.842,0.6326,0.6502,0.5958,0.3178,0.51,13.26,0.457,,1,1,17.036,0.2453
358.875,0.6222,0.5440,0.5902,0.2571,0.48,13.38,0.473,,1,1,17.036,0.2453
358.906,0.6136,0.4641,0.5845,0.2338,0.44,13.54,0.470,,1,1,17.036,0.2453
358.938,0.6067,0.3977,0.5846,0.2175,0.40,13.68,0.472,,1,1,17.036,0.2453
358.970,0.6012,0.3490,0.5837,0.2152,0.38,13.76,0.473,,1,1,17.036,0.2453
359.004,0.5963,0.3040,0.5812,0.1851,0.37,13.97,0.474,,1,1,17.036,0.2453
359.035,0.5928,0.2712,0.5811,0.1775,0.34,14.11,0.473,,1,1,17.036,0.2453
359.068,0.5893,0.2415,0.5780,0.1590,0.30,14.26,0.478,,1,1,17.036,0.2453
359.099,0.5848,0.2183,0.5696,0.1496,0.26,14.34,0.479,,1,1,17.036,0.2453
359.132,0.5797,0.1922,0.5641,0.1202,0.24,14.45,0.478,,1,1,17.036,0.2453
359.163,0.5735,0.1850,0.5526,0.1631,0.21,14.58,0.473,,1,1,17.036,0.2453
359.209,0.5700,0.1857,0.5620,0.1872,0.18,14.68,0.472,,1,1,17.036,0.2453
359.244,0.5660,0.1849,0.5541,0.1825,0.17,14.76,0.471,,1,1,17.036,0.2453
359.275,0.5612,0.1814,0.5452,0.1704,0.17,14.78,0.471,,1,1,17.036,0.2453
359.307,0.5579,0.1816,0.5469,0.1821,0.16,14.83,0.472,,1,1,17.036,0.2453
359.339,0.5550,0.1800,0.5457,0.1749,0.16,14.95,0.468,,1,1,17.036,0.2453
359.370,0.5522,0.1757,0.5426,0.1613,0.15,15.06,0.469,,1,1,17.036,0.2453
359.402,0.5497,0.1708,0.5417,0.1556,0.14,15.20,0.470,,1,1,17.036,0.2453
359.436,0.5469,0.1561,0.5384,0.1125,0.13,15.36,0.472,,1,1,17.036,0.2453
359.467,0.5447,0.1433,0.5373,0.1011,0.12,15.52,0.468,,1,1,17.036,0.2453
359.500,0.5434,0.1365,0.5393,0.1151,0.10,15.72,0.466,,1,1,17.036,0.2453
359.533,0.5425,0.1305,0.5395,0.1122,0.08,15.89,0.459,,1,1,17.036,0.2453
359.564,0.5420,0.1323,0.5402,0.1385,0.07,16.04,0.445,,1,1,17.036,0.2453
359.596,0.5415,0.1378,0.5399,0.1555,0.05,16.11,0.446,,1,1,17.036,0.2453
359.626,0.5406,0.1378,0.5377,0.1377,0.03,16.23,0.446,,1,1,17.036,0.2453
359.661,0.5365,0.1286,0.5240,0.1005,0.02,16.37,0.437,,1,1,17.036,0.2453
359.690,0.5109,0.1146,0.4220,0.0661,0.01,16.45,0.433,,1,1,17.036,0.2453
359.724,0.4878,0.1033,0.4174,0.0687,0.00,16.47,0.427,,1,1,17.036,0.2453
359.771,0.4545,0.0840,0.3824,0.0418,-0.01,16.47,0.429,,1,1,17.036,0.2453
359.803,0.4311,0.0675,0.3585,0.0154,-0.00,16.47,0.431,,1,1,17.036,0.2453
359.834,0.4165,0.0727,0.3698,0.0900,0.00,16.45,0.435,,1,1,17.036,0.2453
359.867,0.4025,0.0778,0.3596,0.0940,0.01,16.46,0.439,,1,1,17.036,0.2453
359.898,0.3908,0.0790,0.3527,0.0827,0.00,16.49,0.442,,1,1,17.036,0.2453
359.932,0.3828,0.0926,0.3589,0.1353,-0.00,16.48,0.431,,1,1,17.036,0.2453
359.961,0.3719,0.0991,0.3345,0.1224,0.00,16.46,0.432,,1,1,17.036,0.2453
359.993,0.3557,0.1043,0.3048,0.1215,-0.01,16.49,0.436,,1,1,17.036,0.2453
360.025,0.3433,0.1067,0.3037,0.1148,-0.01,16.58,0.437,,1,1,17.036,0.2453
360.062,0.3358,0.1193,0.3153,0.1550,-0.00,16.63,0.438,,1,1,17.036,0.2453
360.089,0.3293,0.1350,0.3056,0.1940,0.00,16.73,0.438,,1,1,17.036,0.2453
360.123,0.3148,0.1331,0.2712,0.1271,0.01,16.74,0.443,,1,1,17.036,0.2453
360.153,0.3056,0.1438,0.2746,0.1809,0.02,16.72,0.445,,1,1,17.036,0.2453
360.187,0.2967,0.1482,0.2701,0.1615,0.03,16.74,0.440,,1,1,17.036,0.2453
360.251,0.2711,0.1446,0.2304,0.1386,0.03,16.84,0.444,,1,1,17.036,0.2453
360.285,0.2624,0.1419,0.2360,0.1336,0.03,16.90,0.439,,1,1,17.036,0.2453
360.333,0.2573,0.1371,0.2464,0.1265,0.01,17.07,0.440,,1,1,17.036,0.2453
360.364,0.2521,0.1273,0.2347,0.0937,-0.01,17.16,0.444,,1,1,17.036,0.2453
360.390,0.2478,0.1168,0.2314,0.0755,-0.02,17.23,0.446,,1,1,17.036,0.2453
360.416,0.2415,0.1084,0.2163,0.0744,-0.03,17.31,0.448,,1,1,17.036,0.2453
360.440,0.2365,0.1012,0.2153,0.0706,-0.03,17.42,0.450,,1,1,17.036,0.2453
360.469,0.2305,0.0944,0.2088,0.0692,-0.03,17.48,0.452,,1,1,17.036,0.2453
360.494,0.2273,0.1030,0.2137,0.1393,-0.02,17.53,0.459,,1,1,17.036,0.2453
360.524,0.2246,0.1125,0.2159,0.1450,-0.00,17.58,0.458,,1,1,17.036,0.2453
360.555,0.2230,0.1288,0.2174,0.1852,0.02,17.60,0.461,,1,1,17.036,0.2453
360.586,0.2251,0.1536,0.2320,0.2358,0.04,17.59,0.463,,1,1,17.036,0.2453
360.654,0.2064,0.1335,0.1778,0.1024,0.05,17.72,0.469,,1,1,17.036,0.2453
360.682,0.2001,0.1236,0.1771,0.0867,0.05,17.73,0.464,,1,1,17.036,0.2453
360.714,0.1936,0.1192,0.1725,0.1047,0.06,17.76,0.464,,1,1,17.036,0.2453
360.747,0.1888,0.1215,0.1736,0.1291,0.05,17.84,0.464,,1,1,17.036,0.2453
360.781,0.1854,0.1306,0.1749,0.1586,0.06,17.88,0.465,,1,1,17.036,0.2453
360.810,0.1855,0.1385,0.1861,0.1677,0.06,17.94,0.465,,1,1,17.036,0.2453
360.844,0.1847,0.1444,0.1822,0.1619,0.08,17.95,0.465,,1,1,17.036,0.2453
360.874,0.1861,0.1573,0.1908,0.2017,0.10,17.94,0.469,,1,1,17.036,0.2453
360.922,0.1862,0.1687,0.1864,0.1940,0.11,17.90,0.469,,1,1,17.036,0.2453
360.955,0.1870,0.1742,0.1898,0.1912,0.10,17.90,0.470,,1,1,17.036,0.2453
360.980,0.1873,0.1754,0.1883,0.1803,0.10,17.91,0.470,,1,1,17.036,0.2453
361.005,0.1907,0.1827,0.2054,0.2131,0.10,17.93,0.466,,1,1,17.036,0.2453
361.053,0.2036,0.1978,0.2316,0.2301,0.10,17.97,0.462,,1,1,17.036,0.2453
361.082,0.2088,0.2028,0.2279,0.2207,0.09,17.96,0.465,,1,1,17.036,0.2453
361.115,0.2136,0.2151,0.2289,0.2533,0.08,17.92,0.445,,1,1,17.036,0.2453
361.147,0.2155,0.2441,0.2215,0.3361,0.08,17.84,0.413,,1,1,17.036,0.2453
361.178,0.2122,0.2745,0.2012,0.3720,0.09,17.74,0.400,,1,1,17.036,0.2453
361.209,0.2102,0.3061,0.2035,0.4063,0.10,17.68,0.397,,1,1,17.036,0.2453
361.242,0.2098,0.3408,0.2085,0.4430,0.11,17.65,0.403,,1,1,17.036,0.2453
361.274,0.2110,0.3763,0.2150,0.4845,0.13,17.61,0.391,,1,1,17.036,0.2453
361.307,0.2139,0.4125,0.2233,0.5186,0.15,17.58,0.384,,1,1,17.036,0.2453
361.340,0.2160,0.4443,0.2225,0.5360,0.18,17.55,0.370,,1,1,17.036,0.2453
361.371,0.2183,0.4788,0.2263,0.5848,0.22,17.54,0.354,,1,1,17.036,0.2453
361.402,0.2203,0.5081,0.2270,0.5976,0.26,17.52,0.344,,1,1,17.036,0.2453
361.435,0.2206,0.5376,0.2217,0.6230,0.29,17.51,0.338,,1,1,17.036,0.2453
361.481,0.2224,0.5826,0.2265,0.6763,0.34,17.51,0.335,,1,1,17.036,0.2453
361.515,0.2196,0.6215,0.2111,0.7286,0.37,17.48,0.327,,1,1,17.036,0.2453
361.547,0.2190,0.6547,0.2169,0.7567,0.40,17.49,0.326,,1,1,17.036,0.2453
361.579,0.2194,0.6915,0.2207,0.7975,0.44,17.42,0.326,,1,1,17.036,0.2453
361.611,0.2193,0.7226,0.2191,0.8121,0.48,17.46,0.325,,1,1,17.036,0.2453
361.643,0.2181,0.7474,0.2139,0.8222,0.52,17.48,0.319,,1,1,17.036,0.2453
361.674,0.2168,0.7718,0.2122,0.8461,0.57,17.50,0.307,,1,1,17.036,0.2453
361.708,0.2168,0.7973,0.2169,0.8689,0.61,17.54,0.309,,1,1,17.036,0.2453
361.741,0.2178,0.8190,0.2209,0.8812,0.62,17.54,0.308,,1,1,17.036,0.2453
361.770,0.2191,0.8388,0.2238,0.9043,0.64,17.52,0.305,,1,1,17.036,0.2453
361.803,0.2178,0.8475,0.2137,0.8733,0.64,17.49,0.312,,1,1,17.036,0.2453
361.835,0.2199,0.8595,0.2270,0.8957,0.64,17.49,0.311,,1,1,17.036,0.2453
361.867,0.2224,0.8688,0.2304,0.8972,0.64,17.49,0.310,,1,1,17.036,0.2453
361.899,0.2265,0.8838,0.2399,0.9296,0.65,17.48,0.312,,1,1,17.036,0.2453
361.932,0.2292,0.8939,0.2380,0.9242,0.66,17.49,0.311,,1,1,17.036,0.2453
361.962,0.2330,0.9064,0.2461,0.9478,0.66,17.50,0.310,,1,1,17.036,0.2453
361.994,0.2413,0.9146,0.2688,0.9407,0.65,17.57,0.317,,1,1,17.036,0.2453
362.043,0.2548,0.9167,0.2831,0.9208,0.65,17.66,0.325,,1,1,17.036,0.2453
362.074,0.2607,0.9103,0.2807,0.8892,0.67,17.67,0.330,,1,1,17.036,0.2453
362.105,0.2635,0.9014,0.2732,0.8716,0.69,17.74,0.332,,1,1,17.036,0.2453
362.139,0.2662,0.8895,0.2745,0.8524,0.70,17.78,0.320,,1,1,17.036,0.2453
362.171,0.2717,0.8834,0.2894,0.8636,0.71,17.80,0.320,,1,1,17.036,0.2453
362.203,0.2858,0.8827,0.3310,0.8802,0.72,17.82,0.320,,1,1,17.036,0.2453
362.236,0.2994,0.8733,0.3431,0.8425,0.74,17.83,0.322,,1,1,17.036,0.2453
362.268,0.3145,0.8765,0.3621,0.8868,0.75,17.86,0.337,,1,1,17.036,0.2453
362.299,0.3247,0.8785,0.3582,0.8855,0.76,17.93,0.340,,1,1,17.036,0.2453
362.331,0.3321,0.8815,0.3554,0.8912,0.78,18.00,0.341,,1,1,17.036,0.2453
362.366,0.3388,0.8929,0.3584,0.9271,0.79,18.05,0.334,,1,1,17.036,0.2453
362.394,0.3440,0.9038,0.3632,0.9445,0.81,18.10,0.338,,1,1,17.036,0.2453
362.427,0.3483,0.9137,0.3619,0.9456,0.83,18.16,0.337,,1,1,17.036,0.2453
362.458,0.3492,0.9189,0.3522,0.9358,0.85,18.22,0.339,,1,1,17.036,0.2453
362.491,0.3513,0.9294,0.3581,0.9628,0.87,18.23,0.341,,1,1,17.036,0.2453
362.522,0.3589,0.9359,0.3840,0.9577,0.89,18.26,0.340,,1,1,17.036,0.2453
362.555,0.3675,0.9578,0.3939,1.0242,0.91,18.29,0.354,,1,1,17.036,0.2453
362.586,0.3731,0.9692,0.3922,1.0075,0.93,18.32,0.345,,1,1,17.036,0.2453
362.634,0.3798,0.9754,0.3939,0.9883,0.94,18.38,0.337,,1,1,17.036,0.2453
362.667,0.3839,0.9824,0.3970,1.0044,0.95,18.39,0.332,,1,1,17.036,0.2453
362.698,0.3874,0.9869,0.3991,1.0018,0.95,18.39,0.332,,1,1,17.036,0.2453
362.731,0.3906,0.9937,0.4007,1.0150,0.95,18.38,0.328,,1,1,17.036,0.2453
362.763,0.3946,1.0000,0.4078,1.0231,0.95,18.37,0.321,,1,1,17.036,0.2453
362.794,0.3975,1.0000,0.4072,1.0200,0.94,18.36,0.321,,1,1,17.036,0.2453
362.826,0.4013,1.0000,0.4134,1.0264,0.94,18.34,0.310,,1,1,17.036,0.2453
362.857,0.4037,1.0000,0.4119,1.0102,0.93,18.30,0.309,,1,1,17.036,0.2453
362.891,0.4057,1.0000,0.4119,1.0142,0.93,18.27,0.306,,1,1,17.036,0.2453
362.923,0.4058,1.0000,0.4060,0.9942,0.91,18.24,0.307,,1,1,17.036,0.2453
362.954,0.4038,1.0000,0.3971,0.9887,0.91,18.25,0.305,,1,1,17.036,0.2453
362.987,0.4031,1.0000,0.4009,1.0187,0.92,18.20,0.312,,1,1,17.036,0.2453
363.055,0.3916,0.8917,0.3735,0.7181,0.90,18.24,0.385,,1,1,17.036,0.2453
363.085,0.3865,0.8322,0.3685,0.6370,0.88,18.26,0.412,,1,1,17.036,0.2453
363.114,0.3817,0.7753,0.3644,0.5878,0.87,18.29,0.424,,1,1,17.036,0.2453
363.147,0.3763,0.7258,0.3589,0.5839,0.86,18.32,0.430,,1,1,17.036,0.2453
363.194,0.3634,0.6614,0.3348,0.5325,0.85,18.36,0.428,,1,1,17.036,0.2453
363.228,0.3596,0.6308,0.3477,0.5446,0.84,18.38,0.428,,1,1,17.036,0.2453
363.254,0.3585,0.6128,0.3540,0.5484,0.83,18.41,0.430,,1,1,17.036,0.2453
363.283,0.3575,0.5952,0.3542,0.5366,0.82,18.44,0.429,,1,1,17.036,0.2453
363.310,0.3568,0.5788,0.3539,0.5204,0.80,18.52,0.431,,1,1,17.036,0.2453
363.337,0.3578,0.5610,0.3618,0.4981,0.78,18.61,0.428,,1,1,17.036,0.2453
363.364,0.3624,0.5499,0.3807,0.5097,0.76,18.67,0.422,,1,1,17.036,0.2453
363.392,0.3680,0.5375,0.3887,0.4963,0.74,18.69,0.420,,1,1,17.036,0.2453
363.449,0.3730,0.5048,0.3822,0.4483,0.70,18.83,0.424,,1,1,17.036,0.2453
363.484,0.3773,0.4924,0.3909,0.4564,0.67,18.90,0.421,,1,1,17.036,0.2453
363.515,0.3819,0.4838,0.3967,0.4576,0.65,18.95,0.419,,1,1,17.036,0.2453
363.546,0.3891,0.4848,0.4132,0.4880,0.63,18.96,0.416,,1,1,17.036,0.2453
363.578,0.3955,0.4962,0.4168,0.5332,0.62,18.94,0.408,,1,1,17.036,0.2453
363.610,0.4031,0.5093,0.4277,0.5513,0.62,18.92,0.407,,1,1,17.036,0.2453
363.642,0.4073,0.5126,0.4211,0.5234,0.61,18.90,0.408,,1,1,17.036,0.2453
363.674,0.4115,0.5159,0.4254,0.5270,0.60,18.89,0.406,,1,1,17.036,0.2453
363.706,0.4150,0.5173,0.4261,0.5216,0.59,18.89,0.406,,1,1,17.036,0.2453
363.755,0.4182,0.5148,0.4251,0.5094,0.56,18.90,0.404,,1,1,17.036,0.2453
363.787,0.4213,0.5122,0.4316,0.5034,0.55,18.89,0.402,,1,1,17.036,0.2453
363.813,0.4240,0.5108,0.4348,0.5050,0.54,18.87,0.401,,1,1,17.036,0.2453
363.851,0.4265,0.5092,0.4332,0.5050,0.54,18.83,0.398,,1,1,17.036,0.2453
363.884,0.4315,0.5181,0.4476,0.5469,0.55,18.84,0.395,,1,1,17.036,0.2453
363.917,0.4423,0.5239,0.4765,0.5426,0.55,18.85,0.402,,1,1,17.036,0.2453
363.947,0.4571,0.5290,0.5072,0.5467,0.55,18.88,0.420,,1,1,17.036,0.2453
363.979,0.4683,0.5255,0.5043,0.5141,0.54,18.92,0.431,,1,1,17.036,0.2453
364.011,0.4800,0.5230,0.5173,0.5147,0.54,18.97,0.432,,1,1,17.036,0.2453
364.042,0.4914,0.5233,0.5293,0.5242,0.54,19.01,0.433,,1,1,17.036,0.2453
364.074,0.5001,0.5196,0.5274,0.5075,0.54,19.02,0.434,,1,1,17.036,0.2453
364.107,0.5091,0.5254,0.5375,0.5447,0.54,19.03,0.434,,1,1,17.036,0.2453
364.138,0.5195,0.5299,0.5534,0.5452,0.54,19.02,0.435,,1,1,17.036,0.2453
364.170,0.5292,0.5347,0.5605,0.5502,0.54,19.02,0.437,,1,1,17.036,0.2453
364.202,0.5400,0.5312,0.5738,0.5201,0.53,18.97,0.437,,1,1,17.036,0.2453
364.234,0.5527,0.5398,0.5931,0.5679,0.53,18.97,0.439,,1,1,17.036,0.2453
364.268,0.5669,0.5546,0.6114,0.6023,0.52,18.91,0.448,,1,1,17.036,0.2453
364.313,0.5833,0.5779,0.6190,0.6295,0.50,18.79,0.459,,1,1,17.036,0.2453
364.348,0.6031,0.5774,0.6614,0.5758,0.48,18.57,0.459,,1,1,17.036,0.2453
364.379,0.6282,0.5822,0.7083,0.5985,0.46,18.40,0.464,,1,1,17.036,0.2453
364.410,0.6518,0.5858,0.7282,0.5980,0.43,18.38,0.464,,1,1,17.036,0.2453
364.443,0.6731,0.5925,0.7388,0.6139,0.42,18.33,0.464,,1,1,17.036,0.2453
364.476,0.6964,0.5979,0.7626,0.6144,0.39,18.15,0.456,,1,1,17.036,0.2453
364.507,0.7144,0.6006,0.7726,0.6098,0.38,18.07,0.450,,1,1,17.036,0.2453
364.539,0.7305,0.5899,0.7804,0.5544,0.34,17.84,0.451,,1,1,17.036,0.2453
364.570,0.7425,0.5812,0.7802,0.5517,0.31,17.70,0.450,,1,1,17.036,0.2453
364.603,0.7520,0.5743,0.7811,0.5519,0.30,17.59,0.449,,1,1,17.036,0.2453
364.634,0.7616,0.5755,0.7923,0.5794,0.29,17.53,0.445,,1,1,17.036,0.2453
364.667,0.7713,0.5737,0.8015,0.5678,0.27,17.50,0.447,,1,1,17.036,0.2453
364.700,0.7787,0.5771,0.8010,0.5880,0.26,17.45,0.443,,1,1,17.036,0.2453
364.732,0.7819,0.5757,0.7921,0.5712,0.28,17.37,0.442,,1,1,17.036,0.2453
364.763,0.7827,0.5731,0.7855,0.5642,0.28,17.29,0.443,,1,1,17.036,0.2453
364.795,0.7805,0.5714,0.7731,0.5654,0.28,17.27,0.446,,1,1,17.036,0.2453
364.827,0.7783,0.5744,0.7715,0.5844,0.29,17.25,0.441,,1,1,17.036,0.2453
364.859,0.7735,0.5698,0.7580,0.5547,0.28,17.19,0.446,,1,1,17.036,0.2453
364.907,0.7671,0.5689,0.7529,0.5668,0.27,16.99,0.444,,1,1,17.036,0.2453
364.938,0.7623,0.5714,0.7466,0.5799,0.27,16.88,0.441,,1,1,17.036,0.2453
364.970,0.7595,0.5786,0.7497,0.6025,0.27,16.72,0.439,,1,1,17.036,0.2453
365.002,0.7571,0.5799,0.7496,0.5842,0.27,16.55,0.439,,1,1,17.036,0.2453
365.035,0.7522,0.5507,0.7364,0.4577,0.27,16.42,0.446,,1,1,17.036,0.2453
365.068,0.7464,0.4961,0.7281,0.3315,0.27,16.34,0.460,,1,1,17.036,0.2453
365.100,0.7419,0.4476,0.7264,0.2910,0.25,16.26,0.467,,1,1,17.036,0.2453
365.131,0.7379,0.3965,0.7248,0.2450,0.22,16.21,0.484,,1,1,17.036,0.2453
365.163,0.7333,0.3373,0.7178,0.1588,0.19,16.26,0.475,,1,1,17.036,0.2453
365.195,0.7317,0.2893,0.7268,0.1505,0.15,16.25,0.471,,1,1,17.036,0.2453
365.227,0.7318,0.2509,0.7320,0.1392,0.12,16.21,0.473,,1,1,17.036,0.2453
365.259,0.7328,0.2152,0.7359,0.1119,0.10,16.19,0.474,,1,1,17.036,0.2453
365.291,0.7387,0.1878,0.7584,0.1078,0.08,16.13,0.476,,1,1,17.036,0.2453
365.323,0.7442,0.1578,0.7624,0.0696,0.06,16.07,0.474,,1,1,17.036,0.2453
365.354,0.7490,0.1341,0.7649,0.0634,0.05,15.97,0.480,,1,1,17.036,0.2453
365.386,0.7544,0.1187,0.7725,0.0733,0.03,15.84,0.481,,1,1,17.036,0.2453
365.469,0.7720,0.1322,0.7944,0.1483,-0.03,15.68,0.474,,1,1,17.036,0.2453
365.499,0.7790,0.1333,0.8032,0.1370,-0.05,15.62,0.471,,1,1,17.036,0.2453
365.525,0.7855,0.1273,0.8112,0.1043,-0.05,15.60,0.469,,1,1,17.036,0.2453
365.551,0.7891,0.1195,0.8034,0.0901,-0.05,15.63,0.472,,1,1,17.036,0.2453
365.577,0.7924,0.1163,0.8057,0.1039,-0.05,15.64,0.476,,1,1,17.036,0.2453
365.605,0.7957,0.1089,0.8080,0.0812,-0.05,15.61,0.477,,1,1,17.036,0.2453
365.632,0.7968,0.1059,0.8011,0.0950,-0.04,15.57,0.478,,1,1,17.036,0.2453
365.659,0.7965,0.1004,0.7953,0.0798,-0.04,15.52,0.471,,1,1,17.036,0.2453
365.691,0.7945,0.0992,0.7876,0.0954,-0.04,15.49,0.470,,1,1,17.036,0.2453
365.722,0.7930,0.1012,0.7882,0.1075,-0.02,15.45,0.469,,1,1,17.036,0.2453
365.754,0.7914,0.1081,0.7860,0.1312,-0.01,15.44,0.467,,1,1,17.036,0.2453
365.787,0.7886,0.1139,0.7794,0.1322,0.01,15.46,0.467,,1,1,17.036,0.2453
365.853,0.7559,0.1186,0.7037,0.1260,0.02,15.49,0.465,,1,1,17.036,0.2453
365.883,0.7405,0.1165,0.6879,0.1091,0.02,15.48,0.461,,1,1,17.036,0.2453
365.916,0.7249,0.1020,0.6755,0.0559,0.03,15.50,0.454,,1,1,17.036,0.2453
365.947,0.7102,0.0887,0.6625,0.0450,0.02,15.53,0.454,,1,1,17.036,0.2453
365.980,0.6936,0.0659,0.6417,-0.0059,0.02,15.58,0.443,,1,1,17.036,0.2453
366.026,0.6755,0.0418,0.6356,-0.0109,0.03,15.72,0.435,,1,1,17.036,0.2453
366.060,0.6623,0.0302,0.6231,-0.0046,0.03,15.80,0.436,,1,1,17.036,0.2453
366.086,0.6536,0.0248,0.6179,0.0028,0.03,15.87,0.436,,1,1,17.036,0.2453
366.111,0.6451,0.0156,0.6121,-0.0203,0.04,15.94,0.436,,1,1,17.036,0.2453
366.137,0.6354,0.0024,0.5969,-0.0655,0.05,16.02,0.429,,1,1,17.036,0.2453
366.164,0.6288,0.0000,0.6042,-0.0408,0.06,16.09,0.431,,1,1,17.036,0.2453
366.190,0.6232,0.0000,0.6014,-0.0234,0.06,16.10,0.428,,1,1,17.036,0.2453
366.252,0.6164,0.0104,0.6050,0.0448,0.10,15.97,0.424,,1,1,17.036,0.2453
366.283,0.6137,0.0232,0.6050,0.0655,0.13,15.96,0.425,,1,1,17.036,0.2453
366.315,0.6102,0.0329,0.5991,0.0656,0.14,16.00,0.424,,1,1,17.036,0.2453
366.347,0.6064,0.0435,0.5941,0.0783,0.16,16.05,0.426,,1,1,17.036,0.2453
366.379,0.6009,0.0496,0.5830,0.0694,0.18,16.09,0.426,,1,1,17.036,0.2453
366.412,0.5975,0.0617,0.5870,0.1000,0.19,16.13,0.423,,1,1,17.036,0.2453
366.442,0.5943,0.0720,0.5829,0.1084,0.19,16.20,0.423,,1,1,17.036,0.2453
366.475,0.5864,0.0755,0.5619,0.0866,0.20,16.22,0.427,,1,1,17.036,0.2453
366.506,0.5828,0.0917,0.5705,0.1452,0.20,16.22,0.427,,1,1,17.036,0.2453
366.540,0.5804,0.1088,0.5727,0.1623,0.21,16.27,0.423,,1,1,17.036,0.2453
366.585,0.5780,0.1299,0.5727,0.1761,0.24,16.29,0.423,,1,1,17.036,0.2453
366.618,0.5769,0.1451,0.5733,0.1921,0.26,16.33,0.415,,1,1,17.036,0.2453
366.650,0.5784,0.1948,0.5834,0.3473,0.31,16.25,0.363,,1,1,17.036,0.2453
366.684,0.5900,0.2960,0.6264,0.5791,0.34,16.06,0.221,,1,1,17.036,0.2453
366.715,0.6056,0.4278,0.6585,0.8047,0.35,15.69,0.153,,1,1,17.036,0.2453
366.747,0.6246,0.5717,0.6868,0.9565,0.38,15.33,0.151,,1,1,17.036,0.2453
366.780,0.6361,0.6792,0.6729,0.9559,0.40,14.96,0.154,,1,1,17.036,0.2453
366.809,0.6399,0.7374,0.6529,0.8999,0.40,14.58,0.159,,1,1,17.036,0.2453
366.842,0.6424,0.7897,0.6502,0.9215,0.40,14.15,0.149,,1,1,17.036,0.2453
366.874,0.6464,0.8235,0.6597,0.9156,0.40,13.83,0.163,,1,1,17.036,0.2453
366.907,0.6496,0.8477,0.6596,0.9123,0.42,13.60,0.176,,1,1,17.036,0.2453
366.939,0.6507,0.8585,0.6543,0.8882,0.44,13.51,0.184,,1,1,17.036,0.2453
366.970,0.6493,0.8655,0.6447,0.8862,0.45,13.51,0.192,,1,1,17.036,0.2453
367.002,0.6490,0.8781,0.6479,0.9146,0.47,13.47,0.198,,1,1,17.036,0.2453
367.034,0.6439,0.8913,0.6268,0.9305,0.49,13.47,0.210,,1,1,17.036,0.2453
367.070,0.6400,0.8994,0.6283,0.9214,0.52,13.49,0.221,,1,1,17.036,0.2453
367.099,0.6354,0.9102,0.6191,0.9455,0.55,13.50,0.242,,1,1,17.036,0.2453
367.130,0.6296,0.9018,0.6096,0.8749,0.57,13.51,0.281,,1,1,17.036,0.2453
367.178,0.6209,0.8850,0.6020,0.8498,0.62,13.60,0.323,,1,1,17.036,0.2453
367.212,0.6136,0.8685,0.5906,0.8178,0.63,13.73,0.340,,1,1,17.036,0.2453
367.242,0.6053,0.8454,0.5753,0.7614,0.64,13.86,0.355,,1,1,17.036,0.2453
367.275,0.5959,0.8162,0.5676,0.7268,0.65,13.97,0.363,,1,1,17.036,0.2453
367.306,0.5880,0.7844,0.5612,0.6788,0.64,14.07,0.380,,1,1,17.036,0.2453
367.339,0.5813,0.7550,0.5607,0.6666,0.63,14.21,0.383,,1,1,17.036,0.2453
367.370,0.5764,0.7290,0.5597,0.6427,0.63,14.37,0.384,,1,1,17.036,0.2453
367.403,0.5721,0.7081,0.5591,0.6472,0.62,14.49,0.386,,1,1,17.036,0.2453
367.434,0.5691,0.6937,0.5591,0.6468,0.63,14.60,0.386,,1,1,17.036,0.2453
367.467,0.5667,0.6792,0.5590,0.6353,0.63,14.70,0.384,,1,1,17.036,0.2453
367.499,0.5664,0.6691,0.5655,0.6376,0.63,14.80,0.382,,1,1,17.036,0.2453
367.532,0.5663,0.6625,0.5660,0.6422,0.63,14.89,0.381,,1,1,17.036,0.2453
367.564,0.5654,0.6510,0.5623,0.6147,0.64,15.01,0.378,,1,1,17.036,0.2453
367.594,0.5651,0.6475,0.5639,0.6360,0.64,15.14,0.381,,1,1,17.036,0.2453
367.628,0.5651,0.6494,0.5654,0.6553,0.64,15.24,0.380,,1,1,17.036,0.2453
367.658,0.5634,0.6502,0.5574,0.6525,0.64,15.32,0.385,,1,1,17.036,0.2453
367.692,0.5621,0.6525,0.5580,0.6597,0.66,15.38,0.383,,1,1,17.036,0.2453
367.739,0.5610,0.6513,0.5585,0.6488,0.68,15.43,0.380,,1,1,17.036,0.2453
367.771,0.5573,0.6446,0.5451,0.6227,0.69,15.47,0.382,,1,1,17.036,0.2453
367.802,0.5529,0.6383,0.5376,0.6165,0.70,15.56,0.387,,1,1,17.036,0.2453
367.833,0.5480,0.6363,0.5322,0.6297,0.70,15.65,0.385,,1,1,17.036,0.2453
367.868,0.5441,0.6291,0.5322,0.6078,0.70,15.75,0.381,,1,1,17.036,0.2453
367.900,0.5375,0.6260,0.5159,0.6157,0.70,15.83,0.377,,1,1,17.036,0.2453
367.932,0.5235,0.6154,0.4787,0.5816,0.70,15.88,0.376,,1,1,17.036,0.2453
367.963,0.5058,0.6055,0.4467,0.5722,0.69,15.90,0.378,,1,1,17.036,0.2453
367.996,0.4921,0.5901,0.4490,0.5415,0.68,15.98,0.385,,1,1,17.036,0.2453
368.029,0.4699,0.5566,0.4011,0.4536,0.64,16.10,0.394,,1,1,17.036,0.2453
368.061,0.4536,0.5207,0.4034,0.4114,0.61,16.19,0.417,,1,1,17.036,0.2453
368.090,0.4427,0.4917,0.4050,0.3948,0.58,16.24,0.421,,1,1,17.036,0.2453
368.122,0.4340,0.4650,0.4066,0.3831,0.55,16.27,0.427,,1,1,17.036,0.2453
368.155,0.4211,0.4390,0.3808,0.3611,0.52,16.28,0.427,,1,1,17.036,0.2453
368.189,0.4039,0.4205,0.3531,0.3674,0.50,16.32,0.423,,1,1,17.036,0.2453
368.251,0.3760,0.4318,0.3308,0.4499,0.49,16.32,0.420,,1,1,17.036,0.2453
368.298,0.3418,0.4090,0.2671,0.3594,0.47,16.49,0.423,,1,1,17.036,0.2453
368.329,0.3271,0.4112,0.2807,0.4185,0.45,16.55,0.412,,1,1,17.036,0.2453
368.359,0.3162,0.4142,0.2795,0.4241,0.44,16.61,0.407,,1,1,17.036,0.2453
368.385,0.3034,0.4237,0.2545,0.4616,0.44,16.62,0.403,,1,1,17.036,0.2453
368.409,0.2981,0.4616,0.2757,0.6268,0.44,16.60,0.253,,1,1,17.036,0.2453
368.437,0.3079,0.5976,0.3428,1.3009,0.49,16.39,0.055,,1,1,17.036,0.2453
368.463,0.3179,0.6984,0.3582,1.3380,0.54,16.22,0.071,,1,1,17.036,0.2453
368.491,0.3072,0.7833,0.2676,1.2181,0.58,16.06,0.120,,1,1,17.036,0.2453
368.522,0.2826,0.8379,0.2018,0.9914,0.62,15.97,0.179,,1,1,17.036,0.2453
368.556,0.2623,0.8862,0.2030,1.0086,0.66,16.00,0.229,,1,1,17.036,0.2453
368.587,0.2450,0.9107,0.1888,0.9812,0.69,16.02,0.278,,1,1,17.036,0.2453
368.651,0.2151,0.9231,0.1677,0.9411,0.75,16.09,0.316,,1,1,17.036,0.2453
368.683,0.2066,0.9283,0.1803,0.9434,0.80,16.18,0.327,,1,1,17.036,0.2453
368.716,0.2015,0.9343,0.1855,0.9521,0.83,16.32,0.343,,1,1,17.036,0.2453
368.748,0.1929,0.9278,0.1654,0.9076,0.86,16.44,0.350,,1,1,17.036,0.2453
368.781,0.1846,0.9234,0.1591,0.9103,0.88,16.56,0.361,,1,1,17.036,0.2453
368.811,0.1787,0.9147,0.1580,0.8848,0.89,16.68,0.369,,1,1,17.036,0.2453
368.842,0.1730,0.9025,0.1549,0.8632,0.89,16.80,0.381,,1,1,17.036,0.2453
368.891,0.1675,0.8857,0.1557,0.8494,0.92,16.97,0.387,,1,1,17.036,0.2453
368.915,0.1648,0.8767,0.1537,0.8380,0.93,17.05,0.390,,1,1,17.036,0.2453
368.940,0.1648,0.8710,0.1647,0.8462,0.95,17.15,0.391,,1,1,17.036,0.2453
368.966,0.1647,0.8613,0.1645,0.8220,0.95,17.24,0.389,,1,1,17.036,0.2453
368.993,0.1623,0.8490,0.1528,0.8020,0.95,17.34,0.389,,1,1,17.036,0.2453
369.051,0.1582,0.8196,0.1510,0.7675,0.92,17.59,0.395,,1,1,17.036,0.2453
369.082,0.1566,0.7961,0.1509,0.7181,0.90,17.69,0.408,,1,1,17.036,0.2453
369.114,0.1521,0.7670,0.1377,0.6767,0.88,17.77,0.410,,1,1,17.036,0.2453
369.146,0.1503,0.7408,0.1443,0.6596,0.86,17.82,0.411,,1,1,17.036,0.2453
369.178,0.1501,0.7192,0.1496,0.6522,0.85,17.86,0.415,,1,1,17.036,0.2453
369.211,0.1492,0.6990,0.1463,0.6372,0.83,17.85,0.413,,1,1,17.036,0.2453
369.243,0.1432,0.6737,0.1232,0.5950,0.82,17.86,0.422,,1,1,17.036,0.2453
369.273,0.1386,0.6309,0.1232,0.4971,0.80,17.86,0.427,,1,1,17.036,0.2453
369.306,0.1378,0.5947,0.1351,0.4871,0.80,17.86,0.438,,1,1,17.036,0.2453
369.338,0.1335,0.5472,0.1197,0.4090,0.80,17.87,0.450,,1,1,17.036,0.2453
369.370,0.1319,0.5120,0.1269,0.4080,0.80,17.88,0.451,,1,1,17.036,0.2453
369.402,0.1332,0.4889,0.1375,0.4186,0.81,17.92,0.447,,1,1,17.036,0.2453
369.450,0.1337,0.4700,0.1347,0.4323,0.81,17.98,0.446,,1,1,17.036,0.2453
369.483,0.1335,0.4502,0.1330,0.3919,0.81,18.07,0.438,,1,1,17.036,0.2453
369.516,0.1317,0.4345,0.1256,0.3865,0.80,18.14,0.437,,1,1,17.036,0.2453
369.547,0.1303,0.4245,0.1259,0.3945,0.77,18.17,0.438,,1,1,17.036,0.2453
369.579,0.1311,0.4204,0.1338,0.4074,0.75,18.21,0.435,,1,1,17.036,0.2453
369.611,0.1273,0.4153,0.1149,0.3996,0.74,18.24,0.428,,1,1,17.036,0.2453
369.642,0.1247,0.4094,0.1160,0.3905,0.71,18.27,0.428,,1,1,17.036,0.2453
369.675,0.1233,0.4156,0.1187,0.4347,0.70,18.30,0.430,,1,1,17.036,0.2453
369.707,0.1216,0.4139,0.1160,0.4087,0.70,18.31,0.431,,1,1,17.036,0.2453
369.738,0.1245,0.4045,0.1342,0.3740,0.69,18.32,0.441,,1,1,17.036,0.2453
369.773,0.1234,0.3851,0.1199,0.3258,0.70,18.33,0.443,,1,1,17.036,0.2453
369.803,0.1240,0.3707,0.1260,0.3234,0.69,18.32,0.450,,1,1,17.036,0.2453
369.835,0.1240,0.3519,0.1242,0.2926,0.67,18.33,0.455,,1,1,17.036,0.2453
369.867,0.1231,0.3346,0.1200,0.2814,0.65,18.33,0.466,,1,1,17.036,0.2453
369.900,0.1231,0.3185,0.1233,0.2689,0.62,18.35,0.469,,1,1,17.036,0.2453
369.930,0.1150,0.2914,0.0873,0.2041,0.60,18.41,0.475,,1,1,17.036,0.2453
369.964,0.1050,0.2430,0.0736,0.1019,0.55,18.49,0.488,,1,1,17.036,0.2453
370.011,0.0899,0.1798,0.0565,0.0508,0.49,18.58,0.488,,1,1,17.036,0.2453
370.042,0.0827,0.1441,0.0590,0.0354,0.46,18.64,0.487,,1,1,17.036,0.2453
370.074,0.0780,0.1136,0.0623,0.0214,0.42,18.69,0.487,,1,1,17.036,0.2453
370.107,0.0757,0.0977,0.0687,0.0517,0.39,18.75,0.486,,1,1,17.036,0.2453
370.138,0.0744,0.0920,0.0698,0.0743,0.38,18.78,0.483,,1,1,17.036,0.2453
370.171,0.0706,0.0820,0.0586,0.0524,0.36,18.77,0.482,,1,1,17.036,0.2453
370.206,0.0651,0.0731,0.0490,0.0480,0.35,18.79,0.484,,1,1,17.036,0.2453
370.238,0.0598,0.0651,0.0425,0.0401,0.34,18.82,0.481,,1,1,17.036,0.2453
370.267,0.0569,0.0623,0.0465,0.0525,0.33,18.85,0.478,,1,1,17.036,0.2453
370.299,0.0548,0.0622,0.0476,0.0619,0.32,18.88,0.470,,1,1,17.036,0.2453
370.333,0.0552,0.0839,0.0564,0.1506,0.33,18.91,0.384,,1,1,17.036,0.2453
370.363,0.0761,0.1772,0.1480,0.4836,0.38,18.82,0.222,,1,1,17.036,0.2453
370.396,0.1079,0.3455,0.2103,0.8278,0.44,18.61,0.116,,1,1,17.036,0.2453
370.427,0.1317,0.4963,0.2079,0.9067,0.47,18.37,0.141,,1,1,17.036,0.2453
370.460,0.1492,0.6060,0.2056,0.9005,0.50,18.15,0.166,,1,1,17.036,0.2453
370.491,0.1610,0.6830,0.1992,0.8874,0.52,17.97,0.190,,1,1,17.036,0.2453
370.523,0.1686,0.7365,0.1922,0.8748,0.53,17.80,0.197,,1,1,17.036,0.2453
370.570,0.1769,0.7835,0.1950,0.8705,0.56,17.72,0.210,,1,1,17.036,0.2453
370.602,0.1772,0.8171,0.1782,0.9091,0.61,17.69,0.219,,1,1,17.036,0.2453
370.632,0.1771,0.8410,0.1768,0.9118,0.64,17.69,0.237,,1,1,17.036,0.2453
370.666,0.1735,0.8608,0.1622,0.9136,0.68,17.71,0.245,,1,1,17.036,0.2453
370.698,0.1673,0.8696,0.1466,0.8956,0.69,17.67,0.249,,1,1,17.036,0.2453
370.731,0.1620,0.8784,0.1454,0.9034,0.71,17.63,0.251,,1,1,17.036,0.2453
370.763,0.1573,0.8833,0.1417,0.8979,0.72,17.59,0.254,,1,1,17.036,0.2453
370.796,0.1536,0.8868,0.1416,0.8970,0.72,17.57,0.251,,1,1,17.036,0.2453
370.827,0.1503,0.8854,0.1387,0.8811,0.72,17.56,0.236,,1,1,17.036,0.2453
370.858,0.1410,0.8829,0.1102,0.8748,0.73,17.55,0.237,,1,1,17.036,0.2453
370.890,0.1348,0.8857,0.1144,0.8944,0.74,17.53,0.236,,1,1,17.036,0.2453
370.922,0.1355,0.8946,0.1378,0.9233,0.75,17.53,0.243,,1,1,17.036,0.2453
370.954,0.1354,0.9014,0.1353,0.9227,0.76,17.53,0.248,,1,1,17.036,0.2453
370.987,0.1361,0.9076,0.1384,0.9266,0.76,17.51,0.260,,1,1,17.036,0.2453
371.053,0.1520,0.9173,0.1775,0.9324,0.78,17.55,0.261,,1,1,17.036,0.2453
371.083,0.1582,0.9119,0.1800,0.8928,0.79,17.59,0.253,,1,1,17.036,0.2453
371.115,0.1624,0.9091,0.1764,0.9002,0.81,17.65,0.268,,1,1,17.036,0.2453
371.163,0.1806,0.9155,0.2204,0.9295,0.82,17.75,0.297,,1,1,17.036,0.2453
371.190,0.1895,0.9177,0.2248,0.9266,0.82,17.81,0.306,,1,1,17.036,0.2453
371.217,0.1963,0.9047,0.2223,0.8540,0.83,17.91,0.334,,1,1,17.036,0.2453
371.244,0.2042,0.8989,0.2339,0.8764,0.84,18.05,0.349,,1,1,17.036,0.2453
371.271,0.2099,0.8933,0.2317,0.8714,0.83,18.19,0.363,,1,1,17.036,0.2453
371.300,0.2135,0.8745,0.2261,0.8071,0.83,18.35,0.367,,1,1,17.036,0.2453
371.327,0.2191,0.8637,0.2403,0.8229,0.83,18.51,0.372,,1,1,17.036,0.2453
371.353,0.2230,0.8585,0.2390,0.8377,0.82,18.64,0.377,,1,1,17.036,0.2453
371.386,0.2275,0.8514,0.2414,0.8297,0.82,18.77,0.385,,1,1,17.036,0.2453
371.451,0.2355,0.8448,0.2485,0.8342,0.81,19.00,0.385,,1,1,17.036,0.2453
371.483,0.2390,0.8390,0.2502,0.8200,0.80,19.07,0.383,,1,1,17.036,0.2453
371.515,0.2434,0.8493,0.2575,0.8828,0.79,19.13,0.393,,1,1,17.036,0.2453
371.547,0.2463,0.8525,0.2556,0.8630,0.78,19.15,0.393,,1,1,17.036,0.2453
371.578,0.2528,0.8508,0.2749,0.8447,0.77,19.19,0.392,,1,1,17.036,0.2453
371.611,0.2644,0.8551,0.3008,0.8690,0.75,19.24,0.392,,1,1,17.036,0.2453
371.642,0.2753,0.8594,0.3107,0.8738,0.75,19.28,0.379,,1,1,17.036,0.2453
371.675,0.2895,0.8764,0.3338,0.9303,0.75,19.27,0.370,,1,1,17.036,0.2453
371.724,0.3078,0.8905,0.3461,0.9208,0.73,19.31,0.365,,1,1,17.036,0.2453
371.753,0.3156,0.8933,0.3433,0.9033,0.72,19.35,0.344,,1,1,17.036,0.2453
371.782,0.3225,0.8955,0.3471,0.9033,0.71,19.39,0.336,,1,1,17.036,0.2453
371.808,0.3271,0.9013,0.3448,0.9246,0.70,19.39,0.317,,1,1,17.036,0.2453
371.852,0.3389,0.9208,0.3668,0.9672,0.72,19.31,0.263,,1,1,17.036,0.2453
371.883,0.3453,0.9386,0.3666,0.9972,0.74,19.20,0.268,,1,1,17.036,0.2453
371.916,0.3534,0.9627,0.3787,1.0375,0.78,19.11,0.274,,1,1,17.036,0.2453
371.947,0.3595,0.9789,0.3793,1.0309,0.81,19.04,0.262,,1,1,17.036,0.2453
371.979,0.3686,0.9959,0.3984,1.0851,0.84,18.97,0.274,,1,1,17.036,0.2453
372.011,0.3762,1.0000,0.4003,1.0862,0.85,18.94,0.287,,1,1,17.036,0.2453
372.041,0.3811,1.0000,0.3975,1.0825,0.84,18.91,0.294,,1,1,17.036,0.2453
372.074,0.3834,1.0000,0.3910,1.0452,0.84,18.91,0.314,,1,1,17.036,0.2453
372.105,0.3853,1.0000,0.3914,1.0508,0.83,18.88,0.317,,1,1,17.036,0.2453
372.138,0.3889,1.0000,0.4000,1.0834,0.82,18.84,0.326,,1,1,17.036,0.2453
372.170,0.3910,1.0000,0.3983,1.0862,0.82,18.81,0.328,,1,1,17.036,0.2453
372.202,0.3942,1.0000,0.4043,1.0771,0.81,18.79,0.331,,1,1,17.036,0.2453
372.234,0.3957,1.0000,0.4005,1.0629,0.81,18.76,0.335,,1,1,17.036,0.2453
372.281,0.3959,1.0000,0.3966,1.0638,0.82,18.66,0.341,,1,1,17.036,0.2453
372.315,0.3945,1.0000,0.3901,0.9970,0.82,18.60,0.362,,1,1,17.036,0.2453
372.347,0.3943,1.0000,0.3938,1.0218,0.81,18.58,0.371,,1,1,17.036,0.2453
372.380,0.3933,1.0000,0.3899,0.9785,0.83,18.59,0.380,,1,1,17.036,0.2453
372.411,0.3926,1.0000,0.3905,0.9759,0.84,18.61,0.383,,1,1,17.036,0.2453
372.444,0.3909,0.9985,0.3851,0.9661,0.84,18.63,0.385,,1,1,17.036,0.2453
372.474,0.3896,0.9783,0.3852,0.9097,0.81,18.65,0.380,,1,1,17.036,0.2453
372.507,0.3887,0.9599,0.3858,0.9018,0.79,18.66,0.378,,1,1,17.036,0.2453
372.539,0.3920,0.9616,0.4032,0.9673,0.78,18.67,0.384,,1,1,17.036,0.2453
372.571,0.3974,0.9595,0.4151,0.9529,0.78,18.70,0.385,,1,1,17.036,0.2453
372.602,0.4026,0.9555,0.4199,0.9422,0.79,18.66,0.384,,1,1,17.036,0.2453
372.633,0.4076,0.9537,0.4246,0.9479,0.81,18.61,0.380,,1,1,17.036,0.2453
372.666,0.4119,0.9475,0.4257,0.9275,0.83,18.55,0.376,,1,1,17.036,0.2453
372.699,0.4163,0.9475,0.4302,0.9474,0.85,18.41,0.383,,1,1,17.036,0.2453
372.731,0.4187,0.9396,0.4265,0.9142,0.87,18.32,0.385,,1,1,17.036,0.2453
372.763,0.4202,0.9386,0.4251,0.9355,0.86,18.25,0.389,,1,1,17.036,0.2453
372.794,0.4223,0.9365,0.4295,0.9293,0.88,18.18,0.390,,1,1,17.036,0.2453
372.843,0.4342,0.9609,0.4595,1.0133,0.91,18.04,0.388,,1,1,17.036,0.2453
372.875,0.4447,0.9722,0.4792,1.0100,0.91,17.94,0.391,,1,1,17.036,0.2453
372.906,0.4528,0.9795,0.4794,1.0036,0.88,17.88,0.394,,1,1,17.036,0.2453
372.938,0.4602,0.9747,0.4838,0.9591,0.86,17.91,0.397,,1,1,17.036,0.2453
372.970,0.4696,0.9636,0.5004,0.9265,0.83,17.94,0.391,,1,1,17.036,0.2453
373.003,0.4797,0.9646,0.5112,0.9676,0.81,17.92,0.396,,1,1,17.036,0.2453
373.034,0.4851,0.9464,0.5030,0.8856,0.79,17.89,0.399,,1,1,17.036,0.2453
373.069,0.4841,0.8752,0.4809,0.6705,0.75,17.91,0.417,,1,1,17.036,0.2453
373.098,0.4815,0.8071,0.4721,0.5818,0.70,17.91,0.448,,1,1,17.036,0.2453
373.130,0.4804,0.7308,0.4768,0.5083,0.65,17.93,0.456,,1,1,17.036,0.2453
373.163,0.4810,0.6741,0.4828,0.5142,0.60,17.93,0.453,,1,1,17.036,0.2453
373.196,0.4796,0.6171,0.4752,0.4589,0.55,17.96,0.455,,1,1,17.036,0.2453
373.228,0.4808,0.5687,0.4848,0.4264,0.50,17.99,0.458,,1,1,17.036,0.2453
373.258,0.4826,0.5203,0.4889,0.3790,0.46,18.03,0.454,,1,1,17.036,0.2453
373.292,0.4836,0.4739,0.4869,0.3503,0.42,18.04,0.455,,1,1,17.036,0.2453
373.324,0.4856,0.4378,0.4920,0.3363,0.38,18.05,0.455,,1,1,17.036,0.2453
373.355,0.4876,0.3993,0.4943,0.2874,0.35,18.10,0.457,,1,1,17.036,0.2453
373.389,0.4915,0.3835,0.5037,0.3398,0.30,18.14,0.457,,1,1,17.036,0.2453
373.466,0.5032,0.3690,0.5190,0.3511,0.19,18.14,0.455,,1,1,17.036,0.2453
373.495,0.5066,0.3634,0.5191,0.3442,0.16,18.13,0.453,,1,1,17.036,0.2453
373.523,0.5096,0.3583,0.5210,0.3407,0.14,18.13,0.454,,1,1,17.036,0.2453
373.551,0.5124,0.3529,0.5227,0.3336,0.12,18.09,0.462,,1,1,17.036,0.2453
373.577,0.5158,0.3477,0.5293,0.3282,0.10,18.06,0.462,,1,1,17.036,0.2453
373.605,0.5187,0.3437,0.5300,0.3294,0.09,17.96,0.464,,1,1,17.036,0.2453
373.634,0.5211,0.3386,0.5294,0.3211,0.08,17.88,0.466,,1,1,17.036,0.2453
373.661,0.5228,0.3337,0.5293,0.3157,0.07,17.80,0.467,,1,1,17.036,0.2453
373.690,0.5236,0.3262,0.5267,0.3002,0.06,17.75,0.468,,1,1,17.036,0.2453
373.722,0.5245,0.3210,0.5275,0.3038,0.04,17.69,0.472,,1,1,17.036,0.2453
373.755,0.5246,0.3119,0.5247,0.2844,0.04,17.63,0.474,,1,1,17.036,0.2453
373.786,0.5257,0.3046,0.5295,0.2807,0.03,17.61,0.472,,1,1,17.036,0.2453
373.851,0.5261,0.2759,0.5267,0.2308,-0.01,17.53,0.473,,1,1,17.036,0.2453
373.882,0.5264,0.2574,0.5276,0.1971,-0.01,17.55,0.479,,1,1,17.036,0.2453
373.915,0.5255,0.2303,0.5224,0.1477,-0.02,17.57,0.477,,1,1,17.036,0.2453
373.947,0.5244,0.2088,0.5208,0.1425,-0.03,17.64,0.477,,1,1,17.036,0.2453
373.994,0.5234,0.1836,0.5213,0.1295,-0.03,17.70,0.483,,1,1,17.036,0.2453
374.027,0.5225,0.1690,0.5196,0.1251,-0.03,17.69,0.479,,1,1,17.036,0.2453
374.056,0.5218,0.1591,0.5189,0.1246,-0.03,17.67,0.477,,1,1,17.036,0.2453
374.085,0.5235,0.1611,0.5297,0.1679,-0.03,17.66,0.467,,1,1,17.036,0.2453
374.112,0.5317,0.1623,0.5637,0.1667,-0.03,17.67,0.466,,1,1,17.036,0.2453
374.139,0.5407,0.1624,0.5755,0.1630,-0.05,17.69,0.474,,1,1,17.036,0.2453
374.169,0.5518,0.1635,0.5910,0.1671,-0.08,17.72,0.473,,1,1,17.036,0.2453
374.195,0.5624,0.1625,0.6043,0.1586,-0.10,17.74,0.475,,1,1,17.036,0.2453
374.251,0.5855,0.1648,0.6280,0.1691,-0.14,17.80,0.484,,1,1,17.036,0.2453
374.283,0.5983,0.1681,0.6394,0.1791,-0.16,17.77,0.486,,1,1,17.036,0.2453
374.315,0.6082,0.1698,0.6397,0.1753,-0.16,17.74,0.489,,1,1,17.036,0.2453
374.349,0.6159,0.1658,0.6390,0.1537,-0.16,17.71,0.487,,1,1,17.036,0.2453
374.383,0.6241,0.1741,0.6486,0.1996,-0.17,17.69,0.483,,1,1,17.036,0.2453
374.410,0.6301,0.1805,0.6533,0.2057,-0.17,17.62,0.481,,1,1,17.036,0.2453
374.442,0.6337,0.1782,0.6451,0.1707,-0.17,17.55,0.489,,1,1,17.036,0.2453
374.475,0.6379,0.1812,0.6511,0.1910,-0.18,17.48,0.490,,1,1,17.036,0.2453
374.508,0.6429,0.1831,0.6585,0.1890,-0.19,17.46,0.490,,1,1,17.036,0.2453
374.554,0.6499,0.1982,0.6656,0.2327,-0.20,17.47,0.487,,1,1,17.036,0.2453
374.586,0.6538,0.2063,0.6663,0.2322,-0.20,17.50,0.489,,1,1,17.036,0.2453
374.612,0.6563,0.2126,0.6662,0.2380,-0.19,17.53,0.490,,1,1,17.036,0.2453
374.651,0.6582,0.1976,0.6633,0.1573,-0.20,17.50,0.490,,1,1,17.036,0.2453
374.683,0.6597,0.1834,0.6649,0.1349,-0.23,17.48,0.488,,1,1,17.036,0.2453
374.715,0.6629,0.1708,0.6732,0.1307,-0.25,17.46,0.487,,1,1,17.036,0.2453
374.747,0.6658,0.1738,0.6753,0.1838,-0.26,17.42,0.480,,1,1,17.036,0.2453
374.778,0.6704,0.1857,0.6859,0.2262,-0.28,17.42,0.478,,1,1,17.036,0.2453
374.811,0.6733,0.1918,0.6823,0.2116,-0.29,17.41,0.481,,1,1,17.036,0.2453
374.844,0.6767,0.1970,0.6876,0.2133,-0.29,17.37,0.484,,1,1,17.036,0.2453
374.875,0.6813,0.2023,0.6965,0.2201,-0.30,17.34,0.483,,1,1,17.036,0.2453
374.906,0.6849,0.2072,0.6972,0.2239,-0.31,17.32,0.483,,1,1,17.036,0.2453
374.939,0.6884,0.2112,0.6995,0.2239,-0.31,17.31,0.483,,1,1,17.036,0.2453
374.972,0.6918,0.2156,0.7024,0.2294,-0.31,17.28,0.481,,1,1,17.036,0.2453
375.002,0.6945,0.2211,0.7041,0.2404,-0.31,17.26,0.480,,1,1,17.036,0.2453
375.035,0.6963,0.2112,0.7018,0.1798,-0.31,17.26,0.484,,1,1,17.036,0.2453
375.066,0.6973,0.2057,0.7007,0.1869,-0.30,17.26,0.477,,1,1,17.036,0.2453
375.113,0.6978,0.1985,0.6990,0.1823,-0.29,17.30,0.484,,1,1,17.036,0.2453
375.146,0.7003,0.1886,0.7086,0.1570,-0.29,17.34,0.484,,1,1,17.036,0.2453
375.179,0.7026,0.1856,0.7096,0.1760,-0.29,17.37,0.474,,1,1,17.036,0.2453
375.209,0.7045,0.1843,0.7111,0.1799,-0.29,17.40,0.475,,1,1,17.036,0.2453
375.242,0.7063,0.1811,0.7120,0.1710,-0.30,17.44,0.474,,1,1,17.036,0.2453
375.273,0.7074,0.1790,0.7113,0.1716,-0.29,17.47,0.472,,1,1,17.036,0.2453
375.305,0.7070,0.1781,0.7056,0.1752,-0.30,17.49,0.472,,1,1,17.036,0.2453
375.337,0.7065,0.1783,0.7047,0.1789,-0.29,17.49,0.471,,1,1,17.036,0.2453
375.372,0.7060,0.1769,0.7047,0.1729,-0.27,17.49,0.467,,1,1,17.036,0.2453
375.401,0.7031,0.1816,0.6924,0.1989,-0.25,17.52,0.465,,1,1,17.036,0.2453
375.433,0.7008,0.1863,0.6931,0.2020,-0.25,17.54,0.468,,1,1,17.036,0.2453
375.466,0.6994,0.1898,0.6951,0.2008,-0.25,17.57,0.466,,1,1,17.036,0.2453
375.499,0.6964,0.2003,0.6865,0.2336,-0.25,17.60,0.461,,1,1,17.036,0.2453
375.532,0.6927,0.2098,0.6811,0.2400,-0.24,17.63,0.464,,1,1,17.036,0.2453
375.563,0.6898,0.2179,0.6801,0.2447,-0.24,17.67,0.464,,1,1,17.036,0.2453
375.596,0.6872,0.2299,0.6785,0.2696,-0.24,17.72,0.460,,1,1,17.036,0.2453
375.627,0.6849,0.2362,0.6773,0.2563,-0.24,17.79,0.459,,1,1,17.036,0.2453
375.658,0.6833,0.2429,0.6780,0.2651,-0.24,17.81,0.459,,1,1,17.036,0.2453
375.706,0.6804,0.2600,0.6738,0.2967,-0.23,17.85,0.457,,1,1,17.036,0.2453
375.738,0.6785,0.2639,0.6727,0.2762,-0.22,17.90,0.462,,1,1,17.036,0.2453
375.770,0.6760,0.2633,0.6677,0.2614,-0.22,17.95,0.463,,1,1,17.036,0.2453
375.804,0.6726,0.2606,0.6618,0.2523,-0.21,18.00,0.461,,1,1,17.036,0.2453
375.835,0.6698,0.2570,0.6607,0.2453,-0.20,18.04,0.459,,1,1,17.036,0.2453
375.866,0.6669,0.2513,0.6569,0.2316,-0.20,18.06,0.460,,1,1,17.036,0.2453
375.899,0.6648,0.2469,0.6579,0.2327,-0.20,18.02,0.460,,1,1,17.036,0.2453
375.931,0.6630,0.2479,0.6570,0.2515,-0.19,17.97,0.463,,1,1,17.036,0.2453
375.964,0.6582,0.2411,0.6434,0.2203,-0.18,17.94,0.467,,1,1,17.036,0.2453
375.995,0.6552,0.2353,0.6449,0.2157,-0.17,17.92,0.469,,1,1,17.036,0.2453
376.026,0.6535,0.2362,0.6480,0.2393,-0.16,17.88,0.465,,1,1,17.036,0.2453
376.062,0.6520,0.2378,0.6475,0.2425,-0.14,17.87,0.467,,1,1,17.036,0.2453
376.091,0.6526,0.2287,0.6551,0.1955,-0.13,17.87,0.467,,1,1,17.036,0.2453
376.121,0.6539,0.2283,0.6584,0.2269,-0.11,17.86,0.469,,1,1,17.036,0.2453
376.156,0.6598,0.2376,0.6779,0.2662,-0.10,17.86,0.467,,1,1,17.036,0.2453
376.187,0.6638,0.2499,0.6774,0.2913,-0.08,17.80,0.463,,1,1,17.036,0.2453
376.268,0.6740,0.2561,0.6874,0.2643,-0.02,17.63,0.469,,1,1,17.036,0.2453
376.299,0.6800,0.2622,0.7000,0.2822,-0.00,17.59,0.471,,1,1,17.036,0.2453
376.325,0.6853,0.2666,0.7068,0.2845,0.01,17.57,0.471,,1,1,17.036,0.2453
376.352,0.6905,0.2702,0.7111,0.2845,0.02,17.55,0.471,,1,1,17.036,0.2453
376.379,0.6952,0.2693,0.7131,0.2656,0.01,17.50,0.472,,1,1,17.036,0.2453
376.405,0.6993,0.2663,0.7156,0.2542,0.00,17.42,0.477,,1,1,17.036,0.2453
376.432,0.7033,0.2584,0.7187,0.2270,-0.01,17.32,0.478,,1,1,17.036,0.2453
376.460,0.7067,0.2494,0.7193,0.2162,-0.02,17.23,0.479,,1,1,17.036,0.2453
376.490,0.7106,0.2424,0.7242,0.2177,-0.04,17.17,0.482,,1,1,17.036,0.2453
376.521,0.7147,0.2282,0.7284,0.1810,-0.05,17.10,0.489,,1,1,17.036,0.2453
376.555,0.7189,0.2203,0.7320,0.1956,-0.07,17.07,0.492,,1,1,17.036,0.2453
376.586,0.7232,0.2105,0.7375,0.1785,-0.10,17.07,0.497,,1,1,17.036,0.2453
376.652,0.7458,0.1871,0.7814,0.1503,-0.15,16.76,0.515,,1,1,17.036,0.2453
376.682,0.7560,0.1717,0.7906,0.1197,-0.17,16.59,0.515,,1,1,17.036,0.2453
376.715,0.7684,0.1542,0.8072,0.1002,-0.19,16.44,0.520,,1,1,17.036,0.2453
376.748,0.7806,0.1235,0.8189,0.0287,-0.22,16.27,0.520,,1,1,17.036,0.2453
376.778,0.7916,0.1025,0.8285,0.0345,-0.23,16.16,0.522,,1,1,17.036,0.2453
376.826,0.8088,0.0528,0.8456,-0.1129,-0.28,15.97,0.533,,1,1,17.036,0.2453
376.861,0.8171,0.0261,0.8415,-0.2075,-0.30,15.87,0.540,,1,1,17.036,0.2453
376.886,0.8215,0.0106,0.8395,-0.2578,-0.32,15.80,0.541,,1,1,17.036,0.2453
376.913,0.8255,0.0000,0.8414,-0.2725,-0.33,15.78,0.536,,1,1,17.036,0.2453
376.937,0.8287,0.0000,0.8417,-0.2971,-0.34,15.76,0.536,,1,1,17.036,0.2453
376.964,0.8319,0.0000,0.8442,-0.2850,-0.35,15.78,0.535,,1,1,17.036,0.2453
376.990,0.8364,0.0000,0.8542,-0.2927,-0.37,15.81,0.534,,1,1,17.036,0.2453
377.052,0.8445,0.0000,0.8580,-0.3649,-0.41,15.57,0.534,,1,1,17.036,0.2453
377.082,0.8502,0.0000,0.8700,-0.4162,-0.42,15.38,0.532,,1,1,17.036,0.2453
377.115,0.8548,0.0000,0.8692,-0.4200,-0.44,15.22,0.534,,1,1,17.036,0.2453
377.147,0.8575,0.0000,0.8663,-0.4508,-0.46,15.07,0.539,,1,1,17.036,0.2453
377.179,0.8610,0.0000,0.8722,-0.4105,-0.46,14.96,0.532,,1,1,17.036,0.2453
377.213,0.8642,0.0000,0.8740,-0.3686,-0.47,14.93,0.526,,1,1,17.036,0.2453
377.243,0.8664,0.0000,0.8741,-0.3516,-0.46,14.92,0.524,,1,1,17.036,0.2453
377.275,0.8699,0.0000,0.8816,-0.2338,-0.44,14.91,0.508,,1,1,17.036,0.2453
377.306,0.8734,0.0000,0.8854,-0.0978,-0.42,14.87,0.497,,1,1,17.036,0.2453
377.340,0.8788,0.0000,0.8955,0.0162,-0.40,14.86,0.491,,1,1,17.036,0.2453
377.370,0.8805,0.0000,0.8862,-0.0117,-0.38,14.83,0.493,,1,1,17.036,0.2453
377.417,0.8844,0.0029,0.8930,0.0705,-0.40,14.70,0.485,,1,1,17.036,0.2453
377.452,0.8857,0.0224,0.8898,0.0827,-0.40,14.71,0.489,,1,1,17.036,0.2453
377.481,0.8873,0.0377,0.8929,0.0898,-0.40,14.72,0.483,,1,1,17.036,0.2453
377.514,0.8850,0.0631,0.8777,0.1404,-0.39,14.75,0.482,,1,1,17.036,0.2453
377.548,0.8772,0.0876,0.8524,0.1607,-0.37,14.73,0.477,,1,1,17.036,0.2453
377.579,0.8705,0.1086,0.8483,0.1755,-0.35,14.74,0.474,,1,1,17.036,0.2453
377.611,0.8656,0.1391,0.8488,0.2354,-0.34,14.73,0.468,,1,1,17.036,0.2453
377.644,0.8592,0.1716,0.8396,0.2658,-0.32,14.74,0.469,,1,1,17.036,0.2453
377.674,0.8551,0.1952,0.8404,0.2731,-0.31,14.75,0.466,,1,1,17.036,0.2453
377.708,0.8517,0.2183,0.8411,0.2851,-0.30,14.76,0.463,,1,1,17.036,0.2453
377.738,0.8501,0.2376,0.8447,0.2987,-0.29,14.77,0.462,,1,1,17.036,0.2453
377.771,0.8491,0.2546,0.8458,0.3080,-0.29,14.85,0.462,,1,1,17.036,0.2453
377.802,0.8474,0.2653,0.8420,0.2975,-0.28,14.97,0.463,,1,1,17.036,0.2453
377.835,0.8459,0.2744,0.8411,0.3020,-0.27,15.04,0.462,,1,1,17.036,0.2453
377.867,0.8432,0.2857,0.8342,0.3204,-0.25,15.11,0.453,,1,1,17.036,0.2453
377.898,0.8453,0.3427,0.8529,0.5236,-0.23,15.14,0.389,,1,1,17.036,0.2453
377.931,0.8493,0.4372,0.8620,0.7023,-0.18,15.14,0.308,,1,1,17.036,0.2453
377.980,0.8539,0.5888,0.8640,0.8662,-0.08,14.91,0.238,,1,1,17.036,0.2453
378.011,0.8562,0.6730,0.8637,0.9099,-0.00,14.71,0.215,,1,1,17.036,0.2453
378.044,0.8553,0.7538,0.8527,0.9681,0.07,14.44,0.213,,1,1,17.036,0.2453
378.076,0.8535,0.8200,0.8473,0.9996,0.14,14.25,0.229,,1,1,17.036,0.2453
378.106,0.8512,0.8775,0.8431,1.0426,0.19,14.13,0.232,,1,1,17.036,0.2453
378.140,0.8494,0.9255,0.8438,1.0550,0.23,14.02,0.234,,1,1,17.036,0.2453
378.172,0.8511,0.9587,0.8565,1.1129,0.29,14.00,0.240,,1,1,17.036,0.2453
378.203,0.8537,0.9820,0.8627,1.1441,0.33,13.96,0.251,,1,1,17.036,0.2453
378.234,0.8544,0.9997,0.8567,1.1407,0.37,13.92,0.254,,1,1,17.036,0.2453
378.267,0.8520,1.0000,0.8442,1.0850,0.40,13.91,0.264,,1,1,17.036,0.2453
378.300,0.8502,1.0000,0.8446,1.1081,0.43,13.89,0.270,,1,1,17.036,0.2453
378.334,0.8485,1.0000,0.8429,1.1171,0.45,13.86,0.271,,1,1,17.036,0.2453
378.363,0.8467,1.0000,0.8405,1.1316,0.47,13.86,0.277,,1,1,17.036,0.2453
378.396,0.8450,1.0000,0.8394,1.1303,0.51,13.88,0.278,,1,1,17.036,0.2453
378.428,0.8410,1.0000,0.8276,1.1307,0.55,14.00,0.293,,1,1,17.036,0.2453
378.459,0.8378,1.0000,0.8269,1.1251,0.58,14.11,0.297,,1,1,17.036,0.2453
378.492,0.8352,1.0000,0.8267,1.1152,0.61,14.23,0.300,,1,1,17.036,0.2453
378.539,0.8328,1.0000,0.8275,1.1067,0.64,14.35,0.313,,1,1,17.036,0.2453
378.571,0.8332,1.0000,0.8344,1.1254,0.66,14.35,0.320,,1,1,17.036,0.2453
378.604,0.8328,1.0000,0.8316,1.0692,0.67,14.38,0.323,,1,1,17.036,0.2453
378.634,0.8309,1.0000,0.8243,0.9591,0.67,14.24,0.332,,1,1,17.036,0.2453
378.665,0.8282,0.9957,0.8190,0.8857,0.65,14.05,0.337,,1,1,17.036,0.2453
378.700,0.8285,0.9603,0.8295,0.8558,0.60,13.77,0.341,,1,1,17.036,0.2453
378.731,0.8304,0.9300,0.8367,0.8333,0.57,13.63,0.347,,1,1,17.036,0.2453
378.763,0.8353,0.8876,0.8514,0.7581,0.47,13.09,0.344,,1,1,17.036,0.2453
378.796,0.8431,0.8625,0.8682,0.7864,0.35,12.52,0.353,,1,1,17.036,0.2453
378.827,0.8513,0.8441,0.8793,0.7858,0.23,11.56,0.353,,1,1,17.036,0.2453
378.858,0.8614,0.8189,0.8949,0.7398,-0.03,10.04,0.355,,1,1,17.036,0.2453
378.891,0.8682,0.7536,0.8906,0.5573,-0.36,8.19,0.354,,1,1,17.036,0.2453
378.923,0.8771,0.6711,0.9046,0.4443,-0.64,6.27,0.361,,1,1,17.036,0.2453
378.956,0.8863,0.5864,0.9156,0.3520,-0.74,4.98,0.358,,1,1,17.036,0.2453
378.987,0.8992,0.4719,0.9434,0.1416,-0.92,3.41,0.350,,1,1,17.036,0.2453
379.056,0.9117,0.2360,0.9299,-0.0532,-1.05,0.68,0.364,,1,1,17.036,0.2453
379.098,0.9151,0.1425,0.9236,-0.2693,-1.06,-0.93,0.357,,1,1,17.036,0.2453
379.131,0.9134,0.0892,0.9081,-0.4029,-1.10,-2.17,0.378,,1,1,17.036,0.2453
379.158,0.9134,0.0892,,,-1.13,-3.06,0.383,,1,1,17.036,0.2453
379.183,0.9134,0.0892,,,-1.12,-3.90,0.387,,1,1,17.036,0.2453
379.209,0.9134,0.0892,,,-1.11,-4.59,0.391,,1,1,17.036,0.2453
379.234,0.9134,0.0892,,,-1.11,-5.28,0.399,,1,1,17.036,0.2453
379.262,0.9134,0.0892,,,-1.15,-5.86,0.407,,1,1,17.036,0.2453
379.292,0.9134,0.0892,,,-1.13,-5.55,0.419,,1,1,17.036,0.2453
379.325,0.9134,0.0892,,,-1.16,-5.05,0.428,,1,1,17.036,0.2453
379.354,0.9134,0.0892,,,-1.29,-4.34,0.412,,1,1,17.036,0.2453
379.388,0.9134,0.0892,,,-1.47,-3.54,0.408,,1,1,17.036,0.2453
379.454,0.9134,0.0892,,,-1.54,-3.66,0.416,,1,1,17.036,0.2453
379.482,0.9134,0.0892,,,-1.65,-3.06,0.402,,1,1,17.036,0.2453
379.515,0.9468,0.8430,0.9560,2.7667,-1.74,-2.09,0.398,,1,1,17.036,0.2453
379.548,0.9493,0.8931,0.9575,2.8669,-1.93,-0.95,0.398,,1,1,17.036,0.2453
379.580,0.9489,0.9314,0.9475,2.8924,-2.08,0.13,0.406,,1,1,17.036,0.2453
379.613,0.9507,0.9604,0.9567,2.9380,-2.15,0.98,0.418,,1,1,17.036,0.2453
379.641,0.9531,0.9806,0.9617,2.9264,-2.21,1.69,0.414,,1,1,17.036,0.2453
379.691,0.9610,1.0000,0.9780,3.0299,-2.25,2.86,0.417,,1,1,17.036,0.2453
379.718,0.9658,1.0000,0.9844,3.0597,-2.26,3.53,0.413,,1,1,17.036,0.2453
379.745,0.9703,1.0000,0.9875,3.1045,-2.29,4.14,0.433,,1,1,17.036,0.2453
379.773,0.9760,1.0000,0.9973,3.2589,-2.32,4.64,0.419,,1,1,17.036,0.2453
379.799,0.9831,1.0000,1.0108,3.5499,-2.35,5.05,0.425,,1,1,17.036,0.2453
379.852,1.0000,1.0000,1.0403,4.2491,-2.35,5.92,0.442,,1,1,17.036,0.2453
379.882,1.0000,1.0000,1.0425,4.3606,-2.39,6.39,0.417,,1,1,17.036,0.2453
379.914,1.0000,1.0000,1.0107,4.3384,-2.42,6.84,0.431,,1,1,17.036,0.2453
379.948,1.0000,1.0000,1.0029,4.2911,-2.46,7.42,0.431,,1,1,17.036,0.2453
379.978,1.0000,1.0000,0.9793,4.2427,-2.50,7.88,0.423,,1,1,17.036,0.2453
380.011,0.9896,1.0000,0.9480,4.1818,-2.56,8.45,0.418,,1,1,17.036,0.2453
380.043,0.9757,1.0000,0.9293,4.1350,-2.61,8.97,0.415,,1,1,17.036,0.2453
380.076,0.9588,1.0000,0.9065,4.1271,-2.64,9.61,0.416,,1,1,17.036,0.2453
380.104,0.9398,1.0000,0.8705,4.0958,-2.68,10.20,0.409,,1,1,17.036,0.2453
380.139,0.9112,1.0000,0.8264,4.0858,-2.72,10.64,0.410,,1,1,17.036,0.2453
380.172,0.8755,1.0000,0.7679,4.1197,-2.76,11.17,0.412,,1,1,17.036,0.2453
380.202,0.8370,1.0000,0.7112,4.0988,-2.78,11.72,0.408,,1,1,17.036,0.2453
380.251,0.7755,1.0000,0.6542,3.9935,-2.79,12.50,0.409,,1,1,17.036,0.2453
380.282,0.7377,1.0000,0.6219,3.9144,-2.77,13.00,0.414,,1,1,17.036,0.2453
380.314,0.7004,1.0000,0.5900,3.8961,-2.78,13.55,0.406,,1,1,17.036,0.2453
380.347,0.6631,1.0000,0.5546,3.8230,-2.78,14.04,0.403,,1,1,17.036,0.2453
380.379,0.6384,1.0000,0.5660,3.7855,-2.75,14.38,0.403,,1,1,17.036,0.2453
380.412,0.6166,1.0000,0.5518,3.7134,-2.70,14.74,0.416,,1,1,17.036,0.2453
380.442,0.5971,1.0000,0.5367,3.6055,-2.68,14.97,0.424,,1,1,17.036,0.2453
380.474,0.5801,1.0000,0.5284,3.4989,-2.64,15.25,0.422,,1,1,17.036,0.2453
380.506,0.5635,1.0000,0.5107,3.3965,-2.60,15.60,0.419,,1,1,17.036,0.2453
380.537,0.5490,1.0000,0.5052,3.2365,-2.57,15.94,0.426,,1,1,17.036,0.2453
380.570,0.5345,1.0000,0.4923,3.1492,-2.52,16.27,0.431,,1,1,17.036,0.2453
380.601,0.5250,1.0000,0.4947,3.0125,-2.50,16.56,0.454,,1,1,17.036,0.2453
380.636,0.5146,1.0000,0.4838,2.8511,-2.50,16.85,0.465,,1,1,17.036,0.2453
380.666,0.5085,1.0000,0.4892,2.7108,-2.51,17.11,0.486,,1,1,17.036,0.2453
380.699,0.5121,1.0000,0.5231,2.6304,-2.51,17.32,0.500,,1,1,17.036,0.2453
380.731,0.5157,1.0000,0.5271,2.4307,-2.52,17.54,0.498,,1,1,17.036,0.2453
380.763,0.5166,1.0000,0.5197,2.2898,-2.53,17.75,0.522,,1,1,17.036,0.2453
380.811,0.5231,1.0000,0.5369,2.2505,-2.51,17.87,0.500,,1,1,17.036,0.2453
380.844,0.5259,1.0000,0.5352,2.1737,-2.49,17.96,0.501,,1,1,17.036,0.2453
380.875,0.5268,1.0000,0.5300,2.0956,-2.49,18.03,0.513,,1,1,17.036,0.2453
380.909,0.5256,1.0000,0.5219,2.0075,-2.47,18.09,0.510,,1,1,17.036,0.2453
380.940,0.5250,1.0000,0.5229,1.9777,-2.46,18.13,0.508,,1,1,17.036,0.2453
380.971,0.5226,1.0000,0.5144,1.8924,-2.45,18.16,0.513,,1,1,17.036,0.2453
381.002,0.5185,1.0000,0.5047,1.7798,-2.41,18.22,0.515,,1,1,17.036,0.2453
381.035,0.5096,1.0000,0.4820,1.5216,-2.38,18.26,0.534,,1,1,17.036,0.2453
381.068,0.4987,1.0000,0.4641,1.2961,-2.34,18.32,0.532,,1,1,17.036,0.2453
381.098,0.4874,1.0000,0.4485,1.0642,-2.29,18.36,0.515,,1,1,17.036,0.2453
381.130,0.4765,1.0000,0.4408,0.9331,-2.23,18.37,0.499,,1,1,17.036,0.2453
381.162,0.4630,0.9609,0.4203,0.7703,-2.16,18.43,0.501,,1,1,17.036,0.2453
381.195,0.4518,0.9082,0.4170,0.7510,-2.12,18.46,0.485,,1,1,17.036,0.2453
381.226,0.4436,0.8662,0.4168,0.7366,-2.04,18.52,0.458,,1,1,17.036,0.2453
381.259,0.4411,0.8273,0.4330,0.7131,-1.95,18.64,0.394,,1,1,17.036,0.2453
381.291,0.4397,0.7942,0.4350,0.6959,-1.85,18.80,0.382,,1,1,17.036,0.2453
381.322,0.4397,0.7572,0.4397,0.6436,-1.75,18.97,0.417,,1,1,17.036,0.2453
381.372,0.4362,0.6401,0.4289,0.4231,-1.59,19.19,0.469,,1,1,17.036,0.2453
381.402,0.4365,0.5564,0.4374,0.3100,-1.49,19.34,0.482,,1,1,17.036,0.2453
381.432,0.4406,0.5013,0.4551,0.3394,-1.41,19.39,0.487,,1,1,17.036,0.2453
381.467,0.4446,0.3941,0.4568,0.1260,-1.32,19.39,0.486,,1,1,17.036,0.2453
381.499,0.4547,0.3181,0.4878,0.1155,-1.24,19.40,0.486,,1,1,17.036,0.2453
381.531,0.4621,0.2530,0.4870,0.0733,-1.16,19.39,0.480,,1,1,17.036,0.2453
381.563,0.4714,0.2051,0.5014,0.0781,-1.09,19.39,0.476,,1,1,17.036,0.2453
381.596,0.4794,0.1713,0.5049,0.0806,-1.01,19.39,0.481,,1,1,17.036,0.2453
381.628,0.4852,0.1513,0.5040,0.0960,-0.92,19.38,0.474,,1,1,17.036,0.2453
381.658,0.4899,0.1332,0.5068,0.0773,-0.86,19.39,0.479,,1,1,17.036,0.2453
381.691,0.4930,0.1170,0.5025,0.0721,-0.79,19.41,0.479,,1,1,17.036,0.2453
381.722,0.4936,0.1056,0.4958,0.0722,-0.73,19.45,0.482,,1,1,17.036,0.2453
381.755,0.4939,0.1034,0.4946,0.0969,-0.67,19.46,0.482,,1,1,17.036,0.2453
381.786,0.4963,0.1098,0.5043,0.1298,-0.61,19.45,0.481,,1,1,17.036,0.2453
381.853,0.4977,0.1410,0.4999,0.1881,-0.48,19.39,0.483,,1,1,17.036,0.2453
381.883,0.4944,0.1559,0.4827,0.2079,-0.43,19.37,0.482,,1,1,17.036,0.2453
381.915,0.4801,0.1574,0.4342,0.1621,-0.40,19.38,0.482,,1,1,17.036,0.2453
381.963,0.4482,0.1696,0.3784,0.1966,-0.38,19.42,0.478,,1,1,17.036,0.2453
381.995,0.4261,0.1814,0.3555,0.2204,-0.38,19.46,0.479,,1,1,17.036,0.2453
382.022,0.4098,0.1954,0.3488,0.2494,-0.38,19.49,0.477,,1,1,17.036,0.2453
382.050,0.3950,0.2261,0.3406,0.3405,-0.38,19.57,0.462,,1,1,17.036,0.2453
382.080,0.3834,0.2890,0.3450,0.4910,-0.37,19.62,0.449,,1,1,17.036,0.2453
382.106,0.3654,0.3661,0.2941,0.6519,-0.35,19.66,0.463,,1,1,17.036,0.2453
382.133,0.3411,0.4602,0.2492,0.7820,-0.34,19.71,0.456,,1,1,17.036,0.2453
382.159,0.3168,0.5602,0.2294,0.8749,-0.33,19.90,0.460,,1,1,17.036,0.2453
382.187,0.2793,0.6324,0.1479,0.8548,-0.32,20.09,0.465,,1,1,17.036,0.2453
382.253,0.2237,0.7574,0.1424,0.9204,-0.35,20.65,0.460,,1,1,17.036,0.2453
382.283,0.1744,0.7786,0.0164,0.8418,-0.37,20.96,0.466,,1,1,17.036,0.2453
382.313,0.1307,0.7895,-0.0062,0.8218,-0.39,21.22,0.467,,1,1,17.036,0.2453
382.346,0.0889,0.7904,-0.0290,0.7930,-0.40,21.46,0.465,,1,1,17.036,0.2453
382.379,0.0603,0.7970,-0.0221,0.8160,-0.41,21.67,0.459,,1,1,17.036,0.2453
382.410,0.0387,0.7954,-0.0268,0.7907,-0.42,21.95,0.462,,1,1,17.036,0.2453
382.441,0.0247,0.7967,-0.0186,0.8006,-0.43,22.19,0.462,,1,1,17.036,0.2453
382.476,0.0100,0.7944,-0.0310,0.7879,-0.45,22.46,0.462,,1,1,17.036,0.2453
382.522,0.0000,0.7890,-0.0599,0.7771,-0.46,22.75,0.458,,1,1,17.036,0.2453
382.554,0.0000,0.7805,-0.0726,0.7544,-0.46,22.92,0.460,,1,1,17.036,0.2453
382.580,0.0000,0.7739,-0.0742,0.7474,-0.46,23.04,0.461,,1,1,17.036,0.2453
382.603,0.0000,0.7693,-0.0837,0.7485,-0.46,23.19,0.464,,1,1,17.036,0.2453
382.651,0.0000,0.7467,-0.0731,0.6967,-0.47,23.46,0.469,,1,1,17.036,0.2453
382.682,0.0000,0.7320,-0.0631,0.6804,-0.48,23.59,0.473,,1,1,17.036,0.2453
382.714,0.0000,0.7180,-0.0634,0.6732,-0.51,23.75,0.473,,1,1,17.036,0.2453
382.747,0.0000,0.7023,-0.1003,0.6532,-0.54,23.85,0.471,,1,1,17.036,0.2453
382.778,0.0000,0.6878,-0.1132,0.6398,-0.56,23.85,0.468,,1,1,17.036,0.2453
382.812,0.0000,0.6802,-0.0800,0.6564,-0.58,23.78,0.468,,1,1,17.036,0.2453
382.843,0.0000,0.6630,-0.0742,0.6083,-0.61,23.69,0.467,,1,1,17.036,0.2453
382.874,0.0000,0.6639,0.0058,0.6669,-0.63,23.64,0.467,,1,1,17.036,0.2453
382.907,0.0000,0.6487,0.0090,0.5999,-0.66,23.57,0.468,,1,1,17.036,0.2453
382.939,0.0028,0.6317,0.0917,0.5784,-0.68,23.37,0.467,,1,1,17.036,0.2453
382.971,0.0489,0.6126,0.1982,0.5510,-0.68,23.13,0.471,,1,1,17.036,0.2453
383.002,0.1110,0.6031,0.2978,0.5736,-0.68,22.82,0.468,,1,1,17.036,0.2453
383.035,0.1600,0.5502,0.3037,0.3910,-0.68,22.56,0.462,,1,1,17.036,0.2453
383.082,0.2232,0.4819,0.3519,0.3407,-0.68,22.07,0.458,,1,1,17.036,0.2453
383.115,0.2713,0.4296,0.4093,0.2776,-0.66,21.59,0.465,,1,1,17.036,0.2453
383.147,0.3197,0.3717,0.4614,0.2021,-0.67,21.21,0.462,,1,1,17.036,0.2453
383.179,0.3557,0.3169,0.4590,0.1609,-0.66,20.97,0.462,,1,1,17.036,0.2453
383.211,0.3763,0.2539,0.4371,0.0732,-0.67,20.70,0.462,,1,1,17.036,0.2453
383.244,0.3909,0.2034,0.4327,0.0655,-0.66,20.45,0.455,,1,1,17.036,0.2453
383.276,0.4022,0.1460,0.4361,-0.0160,-0.63,20.31,0.470,,1,1,17.036,0.2453
383.308,0.4071,0.0960,0.4227,-0.0492,-0.61,20.21,0.480,,1,1,17.036,0.2453
383.339,0.4120,0.0621,0.4268,-0.0323,-0.59,20.11,0.474,,1,1,17.036,0.2453
383.371,0.4161,0.0424,0.4288,-0.0139,-0.56,20.00,0.473,,1,1,17.036,0.2453
383.402,0.4017,0.0193,0.3543,-0.1373,-0.52,19.88,0.474,,1,1,17.036,0.2453
383.435,0.3793,0.0011,0.3095,-0.1955,-0.46,19.65,0.469,,1,1,17.036,0.2453
383.466,0.3654,0.0000,0.3172,-0.1240,-0.41,19.52,0.469,,1,1,17.036,0.2453
383.499,0.3496,0.0000,0.2990,-0.1144,-0.35,19.43,0.465,,1,1,17.036,0.2453
383.530,0.3364,0.0000,0.2927,-0.0571,-0.31,19.32,0.465,,1,1,17.036,0.2453
383.562,0.3155,0.0000,0.2483,-0.0789,-0.27,19.28,0.466,,1,1,17.036,0.2453
383.596,0.2931,0.0000,0.2253,-0.0117,-0.24,19.28,0.468,,1,1,17.036,0.2453
383.641,0.2639,0.0098,0.1983,0.0963,-0.17,19.23,0.466,,1,1,17.036,0.2453
383.674,0.2440,0.0530,0.1832,0.1905,-0.14,19.24,0.469,,1,1,17.036,0.2453
383.706,0.2193,0.1021,0.1416,0.2596,-0.12,19.33,0.465,,1,1,17.036,0.2453
383.738,0.1910,0.1552,0.1032,0.3198,-0.11,19.48,0.466,,1,1,17.036,0.2453
383.770,0.1607,0.2052,0.0690,0.3544,-0.12,19.75,0.471,,1,1,17.036,0.2453
383.804,0.1387,0.2373,0.0742,0.3300,-0.14,19.94,0.472,,1,1,17.036,0.2453
383.835,0.1231,0.2701,0.0737,0.3714,-0.16,20.08,0.464,,1,1,17.036,0.2453
383.867,0.1138,0.2951,0.0847,0.3705,-0.16,20.19,0.463,,1,1,17.036,0.2453
383.899,0.1077,0.3159,0.0889,0.3784,-0.16,20.24,0.462,,1,1,17.036,0.2453
383.930,0.1050,0.3306,0.0963,0.3754,-0.17,20.33,0.459,,1,1,17.036,0.2453
383.963,0.1044,0.3524,0.1023,0.4179,-0.18,20.41,0.458,,1,1,17.036,0.2453
383.995,0.0995,0.3694,0.0843,0.4207,-0.18,20.48,0.454,,1,1,17.036,0.2453
384.029,0.0969,0.3904,0.0890,0.4508,-0.17,20.53,0.448,,1,1,17.036,0.2453
384.062,0.0976,0.4281,0.0999,0.5381,-0.16,20.59,0.457,,1,1,17.036,0.2453
384.093,0.0977,0.4565,0.0979,0.5440,-0.16,20.63,0.456,,1,1,17.036,0.2453
384.124,0.0971,0.4804,0.0952,0.5554,-0.16,20.68,0.453,,1,1,17.036,0.2453
384.155,0.0962,0.5011,0.0930,0.5655,-0.16,20.68,0.451,,1,1,17.036,0.2453
384.187,0.0975,0.5384,0.1017,0.6493,-0.17,20.67,0.443,,1,1,17.036,0.2453
384.270,0.1089,0.6432,0.1234,0.7645,-0.13,20.49,0.440,,1,1,17.036,0.2453
384.296,0.1123,0.6744,0.1264,0.7881,-0.12,20.42,0.439,,1,1,17.036,0.2453
384.322,0.1217,0.7053,0.1595,0.8176,-0.11,20.38,0.437,,1,1,17.036,0.2453
384.350,0.1355,0.7592,0.1858,0.9336,-0.09,20.32,0.417,,1,1,17.036,0.2453
384.377,0.1511,0.8262,0.2109,1.1002,-0.07,20.24,0.277,,1,1,17.036,0.2453
384.404,0.1830,0.8782,0.3023,1.3799,-0.04,20.05,0.162,,1,1,17.036,0.2453
384.431,0.2074,0.9177,0.2992,1.4637,-0.01,19.87,0.164,,1,1,17.036,0.2453
384.460,0.2280,0.9504,0.2978,1.4639,0.02,19.69,0.206,,1,1,17.036,0.2453
384.491,0.2430,0.9757,0.2913,1.4495,0.05,19.53,0.227,,1,1,17.036,0.2453
384.522,0.2535,0.9946,0.2871,1.4404,0.07,19.41,0.242,,1,1,17.036,0.2453
384.555,0.2651,1.0000,0.3001,1.4676,0.10,19.34,0.264,,1,1,17.036,0.2453
384.586,0.2739,1.0000,0.3021,1.4831,0.13,19.33,0.263,,1,1,17.036,0.2453
384.651,0.2808,1.0000,0.2915,1.5201,0.18,19.22,0.270,,1,1,17.036,0.2453
384.682,0.2910,1.0000,0.3256,1.5371,0.20,19.19,0.283,,1,1,17.036,0.2453
384.714,0.3035,1.0000,0.3422,1.4989,0.22,19.21,0.309,,1,1,17.036,0.2453
384.747,0.3151,1.0000,0.3506,1.4418,0.23,19.25,0.327,,1,1,17.036,0.2453
384.794,0.3282,1.0000,0.3568,1.3966,0.27,19.26,0.344,,1,1,17.036,0.2453
384.827,0.3307,1.0000,0.3381,1.2944,0.28,19.31,0.355,,1,1,17.036,0.2453
384.854,0.3305,1.0000,0.3300,1.2479,0.28,19.36,0.359,,1,1,17.036,0.2453
384.882,0.3341,1.0000,0.3476,1.2380,0.29,19.41,0.366,,1,1,17.036,0.2453
384.910,0.3388,1.0000,0.3558,1.2162,0.32,19.45,0.372,,1,1,17.036,0.2453
384.937,0.3475,1.0000,0.3803,1.1491,0.33,19.48,0.394,,1,1,17.036,0.2453
384.964,0.3590,1.0000,0.4030,0.9823,0.33,19.53,0.430,,1,1,17.036,0.2453
384.992,0.3694,0.9906,0.4073,0.8271,0.32,19.61,0.451,,1,1,17.036,0.2453
385.055,0.3976,0.8976,0.4435,0.7487,0.25,19.85,0.472,,1,1,17.036,0.2453
385.083,0.4079,0.8504,0.4456,0.6856,0.25,19.90,0.476,,1,1,17.036,0.2453
385.114,0.4185,0.7995,0.4529,0.6433,0.24,19.92,0.479,,1,1,17.036,0.2453
385.148,0.4330,0.7536,0.4765,0.6248,0.22,19.92,0.472,,1,1,17.036,0.2453
385.179,0.4463,0.7167,0.4894,0.6061,0.20,19.94,0.474,,1,1,17.036,0.2453
385.211,0.4605,0.6728,0.5047,0.5465,0.17,19.85,0.486,,1,1,17.036,0.2453
385.245,0.4726,0.6149,0.5093,0.4532,0.15,19.70,0.504,,1,1,17.036,0.2453
385.276,0.4861,0.5787,0.5295,0.4724,0.12,19.62,0.507,,1,1,17.036,0.2453
385.306,0.4976,0.5438,0.5361,0.4365,0.09,19.52,0.511,,1,1,17.036,0.2453
385.356,0.5098,0.4885,0.5346,0.3857,0.03,19.40,0.512,,1,1,17.036,0.2453
385.387,0.5144,0.4511,0.5300,0.3372,-0.02,19.30,0.510,,1,1,17.036,0.2453
385.414,0.5171,0.4206,0.5271,0.3174,-0.07,19.21,0.509,,1,1,17.036,0.2453
385.451,0.5215,0.3953,0.5337,0.3312,-0.12,19.10,0.513,,1,1,17.036,0.2453
385.482,0.5250,0.3784,0.5365,0.3278,-0.15,19.05,0.510,,1,1,17.036,0.2453
385.515,0.5271,0.3644,0.5338,0.3230,-0.17,19.00,0.510,,1,1,17.036,0.2453
385.546,0.5330,0.3603,0.5523,0.3476,-0.21,18.98,0.515,,1,1,17.036,0.2453
385.578,0.5382,0.3528,0.5549,0.3300,-0.23,18.97,0.517,,1,1,17.036,0.2453
385.612,0.5441,0.3559,0.5623,0.3650,-0.26,18.97,0.517,,1,1,17.036,0.2453
385.642,0.5486,0.3642,0.5639,0.3923,-0.29,18.98,0.515,,1,1,17.036,0.2453
385.676,0.5512,0.3688,0.5591,0.3826,-0.30,18.92,0.514,,1,1,17.036,0.2453
385.707,0.5539,0.3779,0.5631,0.4087,-0.31,18.86,0.511,,1,1,17.036,0.2453
385.740,0.5565,0.3821,0.5649,0.3954,-0.31,18.85,0.509,,1,1,17.036,0.2453
385.771,0.5598,0.3723,0.5708,0.3395,-0.32,18.84,0.509,,1,1,17.036,0.2453
385.803,0.5641,0.3673,0.5782,0.3508,-0.33,18.84,0.509,,1,1,17.036,0.2453
385.835,0.5717,0.3653,0.5972,0.3585,-0.34,18.86,0.506,,1,1,17.036,0.2453
385.870,0.5785,0.3662,0.5980,0.3688,-0.35,18.89,0.507,,1,1,17.036,0.2453
385.899,0.5834,0.3690,0.6013,0.3792,-0.36,18.93,0.508,,1,1,17.036,0.2453
385.947,0.5902,0.3866,0.6048,0.4256,-0.39,18.98,0.504,,1,1,17.036,0.2453
385.980,0.5946,0.3950,0.6083,0.4215,-0.39,18.99,0.495,,1,1,17.036,0.2453
386.012,0.5978,0.4036,0.6085,0.4320,-0.38,18.99,0.498,,1,1,17.036,0.2453
386.043,0.5977,0.4000,0.5974,0.3880,-0.38,18.96,0.498,,1,1,17.036,0.2453
386.075,0.5962,0.3943,0.5911,0.3751,-0.38,18.98,0.498,,1,1,17.036,0.2453
386.107,0.5939,0.3914,0.5863,0.3817,-0.36,19.02,0.496,,1,1,17.036,0.2453
386.138,0.5928,0.3914,0.5889,0.3913,-0.34,19.06,0.496,,1,1,17.036,0.2453
386.170,0.5922,0.3898,0.5905,0.3847,-0.32,19.09,0.493,,1,1,17.036,0.2453
386.202,0.5916,0.3891,0.5897,0.3866,-0.30,19.10,0.485,,1,1,17.036,0.2453
386.234,0.5943,0.3910,0.6030,0.3975,-0.29,19.09,0.462,,1,1,17.036,0.2453
386.269,0.5910,0.4635,0.5808,0.6765,-0.26,18.93,0.223,,1,1,17.036,0.2453
386.299,0.5882,0.5578,0.5785,0.8581,-0.22,18.67,0.180,,1,1,17.036,0.2453
386.331,0.5892,0.6293,0.5925,0.8335,-0.18,18.45,0.231,,1,1,17.036,0.2453
386.363,0.5968,0.6815,0.6224,0.8356,-0.16,18.25,0.264,,1,1,17.036,0.2453
386.395,0.6043,0.7009,0.6283,0.7562,-0.13,18.18,0.317,,1,1,17.036,0.2453
386.427,0.6111,0.6993,0.6339,0.6945,-0.10,18.12,0.354,,1,1,17.036,0.2453
386.459,0.6198,0.6845,0.6477,0.6396,-0.08,18.05,0.389,,1,1,17.036,0.2453
386.506,0.6304,0.6590,0.6540,0.6043,-0.09,18.10,0.412,,1,1,17.036,0.2453
386.538,0.6393,0.6260,0.6676,0.5204,-0.09,18.15,0.426,,1,1,17.036,0.2453
386.569,0.6451,0.5860,0.6646,0.4506,-0.09,18.18,0.441,,1,1,17.036,0.2453
386.602,0.6478,0.5308,0.6563,0.3625,-0.10,18.15,0.443,,1,1,17.036,0.2453
386.634,0.6489,0.4686,0.6526,0.2755,-0.09,18.04,0.451,,1,1,17.036,0.2453
386.666,0.6502,0.4099,0.6545,0.2339,-0.09,17.93,0.462,,1,1,17.036,0.2453
386.698,0.6515,0.3368,0.6557,0.1250,-0.09,17.86,0.460,,1,1,17.036,0.2453
386.731,0.6544,0.2611,0.6637,0.0537,-0.09,17.74,0.467,,1,1,17.036,0.2453
386.764,0.6564,0.1947,0.6629,0.0085,-0.09,17.67,0.467,,1,1,17.036,0.2453
386.795,0.6603,0.1511,0.6727,0.0311,-0.09,17.61,0.466,,1,1,17.036,0.2453
386.827,0.6664,0.1217,0.6866,0.0379,-0.07,17.55,0.466,,1,1,17.036,0.2453
386.859,0.6718,0.0843,0.6898,-0.0238,-0.06,17.52,0.465,,1,1,17.036,0.2453
386.891,0.6785,0.0548,0.6999,-0.0283,-0.06,17.57,0.463,,1,1,17.036,0.2453
386.922,0.6848,0.0282,0.7054,-0.0650,-0.07,17.42,0.466,,1,1,17.036,0.2453
386.954,0.6956,0.0082,0.7306,-0.0799,-0.07,17.42,0.466,,1,1,17.036,0.2453
386.987,0.7113,0.0000,0.7614,-0.0740,-0.14,17.11,0.468,,1,1,17.036,0.2453
387.068,0.7497,0.0000,0.7983,-0.1397,-0.37,15.04,0.472,,1,1,17.036,0.2453
387.098,0.7689,0.0000,0.8334,-0.2050,-0.52,13.84,0.466,,1,1,17.036,0.2453
387.126,0.7858,0.0000,0.8460,-0.2506,-0.69,12.69,0.463,,1,1,17.036,0.2453
387.154,0.8037,0.0000,0.8673,-0.3093,-0.96,11.27,0.461,,1,1,17.036,0.2453
387.180,0.8199,0.0000,0.8834,-0.3090,-1.26,9.59,0.466,,1,1,17.036,0.2453
387.206,0.8384,0.0000,0.9088,-0.3516,-1.47,8.06,0.460,,1,1,17.036,0.2453
387.231,0.8560,0.0000,0.9248,-0.3458,-1.61,6.72,0.460,,1,1,17.036,0.2453
387.261,0.8760,0.0000,0.9420,-0.4028,-1.78,5.16,0.459,,1,1,17.036,0.2453
387.290,0.8932,0.0000,0.9511,-0.4484,-1.96,3.35,0.465,,1,1,17.036,0.2453
387.324,0.9146,0.0000,0.9768,-0.4177,-2.10,1.67,0.460,,1,1,17.036,0.2453
387.355,0.9349,0.0000,0.9988,-0.4031,-2.21,0.38,0.447,,1,1,17.036,0.2453
387.387,0.9527,0.0000,1.0073,-0.3589,-2.26,-1.16,0.447,,1,1,17.036,0.2453
387.454,0.9527,0.0000,,,-2.29,-3.56,0.459,,1,1,17.036,0.2453
387.482,0.9527,0.0000,,,-2.27,-4.57,0.457,,1,1,17.036,0.2453
387.515,0.9527,0.0000,,,-2.24,-5.45,0.452,,1,1,17.036,0.2453
387.547,0.9527,0.0000,,,-2.20,-6.17,0.445,,1,1,17.036,0.2453
387.578,0.9527,0.0000,,,-2.14,-6.88,0.433,,1,1,17.036,0.2453
387.627,0.9527,0.0000,,,-2.05,-7.94,0.402,,1,1,17.036,0.2453
387.660,0.9527,0.0000,,,-1.98,-8.57,0.331,,1,1,17.036,0.2453
387.687,0.9527,0.0000,,,-1.94,-9.09,0.302,,1,1,17.036,0.2453
387.713,0.9527,0.0000,,,-1.88,-9.48,0.231,,1,1,17.036,0.2453
387.740,0.9527,0.0000,,,-1.81,-9.84,0.212,,1,1,17.036,0.2453
387.765,0.9527,0.0000,,,-1.74,-10.18,0.227,,1,1,17.036,0.2453
387.793,0.9527,0.0000,,,-1.67,-10.51,0.250,,1,1,17.036,0.2453
387.850,0.9527,0.0000,,,-1.53,-10.68,0.283,,1,1,17.036,0.2453
387.883,0.9527,0.0000,,,-1.46,-10.59,0.291,,1,1,17.036,0.2453
387.916,0.9527,0.0000,,,-1.39,-10.52,0.301,,1,1,17.036,0.2453
387.946,0.9527,0.0000,,,-1.34,-10.48,0.309,,1,1,17.036,0.2453
387.978,0.9527,0.0000,,,-1.29,-10.57,0.313,,1,1,17.036,0.2453
388.010,0.9527,0.0000,,,-1.26,-10.63,0.325,,1,1,17.036,0.2453
388.044,0.9527,0.0000,,,-1.20,-10.14,0.335,,1,1,17.036,0.2453
388.075,0.9527,0.0000,,,-1.16,-9.55,0.346,,1,1,17.036,0.2453
388.108,0.9527,0.0000,,,-1.12,-9.15,0.384,,1,1,17.036,0.2453
388.139,0.9527,0.0000,,,-1.13,-8.96,0.435,,1,1,17.036,0.2453
388.171,0.9527,0.0000,,,-1.13,-8.71,0.464,,1,1,17.036,0.2453
388.219,0.9527,0.0000,,,-1.18,-8.42,0.471,,1,1,17.036,0.2453
388.252,0.9527,0.0000,,,-1.28,-7.59,0.479,,1,1,17.036,0.2453
388.283,0.9527,0.0000,,,-1.35,-7.74,0.485,,1,1,17.036,0.2453
388.317,0.9527,0.0000,,,-1.39,-7.93,0.485,,1,1,17.036,0.2453
388.346,0.9527,0.0000,,,-1.43,-8.19,0.491,,1,1,17.036,0.2453
388.380,0.9527,0.0000,,,-1.46,-8.36,0.495,,1,1,17.036,0.2453
388.412,0.9527,0.0000,,,-1.45,-8.13,0.496,,1,1,17.036,0.2453
388.444,0.9527,0.0000,,,-1.51,-8.13,0.500,,1,1,17.036,0.2453
388.474,0.9527,0.0000,,,-1.56,-8.09,0.497,,1,1,17.036,0.2453
388.508,0.9527,0.0000,,,-1.65,-7.31,0.501,,1,1,17.036,0.2453
388.539,0.9527,0.0000,,,-1.77,-6.06,0.502,,1,1,17.036,0.2453
388.570,0.9527,0.0000,,,-2.03,-4.25,0.509,,1,1,17.036,0.2453
388.603,0.8216,0.4299,0.7941,0.5290,-2.19,-2.53,0.511,,1,1,17.036,0.2453
388.635,0.8040,0.4618,0.7460,0.5624,-2.33,-0.82,0.503,,1,1,17.036,0.2453
388.666,0.7848,0.5388,0.7199,0.7816,-2.41,0.70,0.497,,1,1,17.036,0.2453
388.698,0.7640,0.6736,0.6983,1.0916,-2.43,2.17,0.477,,1,1,17.036,0.2453
388.731,0.7474,0.7750,0.6949,1.1791,-2.46,3.66,0.479,,1,1,17.036,0.2453
388.778,0.7259,0.8703,0.6792,1.2732,-2.50,5.26,0.471,,1,1,17.036,0.2453
388.809,0.7150,0.9173,0.6797,1.4811,-2.49,6.42,0.470,,1,1,17.036,0.2453
388.843,0.7112,0.9536,0.6994,1.6025,-2.49,7.51,0.473,,1,1,17.036,0.2453
388.875,0.7093,0.9788,0.7033,1.6887,-2.46,8.43,0.475,,1,1,17.036,0.2453
388.907,0.7048,0.9973,0.6903,1.6777,-2.44,9.26,0.488,,1,1,17.036,0.2453
388.940,0.7010,1.0000,0.6893,1.6827,-2.43,10.11,0.488,,1,1,17.036,0.2453
388.971,0.6995,1.0000,0.6943,1.6873,-2.41,10.81,0.487,,1,1,17.036,0.2453
389.002,0.6982,1.0000,0.6941,1.6890,-2.37,11.44,0.491,,1,1,17.036,0.2453
389.035,0.7015,1.0000,0.7118,1.6906,-2.34,11.94,0.494,,1,1,17.036,0.2453
389.067,0.7142,1.0000,0.7560,1.7345,-2.32,12.32,0.484,,1,1,17.036,0.2453
389.098,0.7287,1.0000,0.7776,1.7229,-2.30,12.59,0.483,,1,1,17.036,0.2453
389.131,0.7497,1.0000,0.8165,1.6681,-2.28,12.97,0.496,,1,1,17.036,0.2453
389.162,0.7702,1.0000,0.8367,1.5706,-2.22,13.21,0.492,,1,1,17.036,0.2453
389.195,0.7871,1.0000,0.8400,1.2888,-2.19,13.38,0.507,,1,1,17.036,0.2453
389.228,0.8023,1.0000,0.8492,1.1055,-2.14,13.65,0.513,,1,1,17.036,0.2453
389.259,0.8117,1.0000,0.8427,0.9666,-2.10,13.81,0.505,,1,1,17.036,0.2453
389.290,0.8218,0.9925,0.8546,0.8711,-2.05,13.99,0.508,,1,1,17.036,0.2453
389.338,0.8285,0.9186,0.8429,0.7611,-1.99,14.29,0.513,,1,1,17.036,0.2453
389.369,0.8321,0.8602,0.8436,0.6810,-1.95,14.52,0.517,,1,1,17.036,0.2453
389.404,0.8347,0.7962,0.8427,0.6116,-1.91,14.76,0.518,,1,1,17.036,0.2453
389.435,0.8367,0.7337,0.8432,0.5544,-1.87,14.84,0.516,,1,1,17.036,0.2453
389.466,0.8383,0.6848,0.8439,0.5363,-1.82,14.92,0.518,,1,1,17.036,0.2453
389.499,0.8380,0.6188,0.8371,0.4370,-1.77,14.99,0.522,,1,1,17.036,0.2453
389.530,0.8341,0.5507,0.8212,0.3573,-1.71,15.09,0.511,,1,1,17.036,0.2453
389.562,0.8294,0.4852,0.8137,0.3007,-1.65,15.14,0.500,,1,1,17.036,0.2453
389.594,0.8229,0.4100,0.8015,0.2056,-1.59,15.20,0.493,,1,1,17.036,0.2453
389.626,0.8132,0.3300,0.7814,0.1153,-1.52,15.22,0.500,,1,1,17.036,0.2453
389.659,0.8045,0.2554,0.7767,0.0588,-1.48,15.30,0.503,,1,1,17.036,0.2453
389.691,0.7984,0.1975,0.7785,0.0449,-1.44,15.35,0.504,,1,1,17.036,0.2453
389.723,0.7917,0.1454,0.7696,0.0018,-1.41,15.36,0.500,,1,1,17.036,0.2453
389.754,0.7890,0.1061,0.7801,-0.0017,-1.38,15.31,0.500,,1,1,17.036,0.2453
389.786,0.7891,0.0867,0.7895,0.0296,-1.36,15.28,0.499,,1,1,17.036,0.2453
389.855,0.7960,0.0784,0.8062,0.0676,-1.33,15.13,0.491,,1,1,17.036,0.2453
389.898,0.7997,0.0861,0.8090,0.1033,-1.30,15.00,0.492,,1,1,17.036,0.2453
389.930,0.8031,0.0953,0.8145,0.1240,-1.29,14.92,0.495,,1,1,17.036,0.2453
389.959,0.8057,0.1056,0.8153,0.1413,-1.27,14.87,0.496,,1,1,17.036,0.2453
389.984,0.8084,0.1124,0.8195,0.1399,-1.26,14.94,0.494,,1,1,17.036,0.2453
390.010,0.8130,0.1311,0.8318,0.2061,-1.23,15.02,0.491,,1,1,17.036,0.2453
390.036,0.8171,0.1522,0.8338,0.2383,-1.22,15.17,0.492,,1,1,17.036,0.2453
390.065,0.8239,0.1888,0.8485,0.3189,-1.20,15.30,0.484,,1,1,17.036,0.2453
390.092,0.8291,0.2233,0.8490,0.3519,-1.18,15.45,0.478,,1,1,17.036,0.2453
390.123,0.8388,0.2690,0.8709,0.4130,-1.16,15.41,0.477,,1,1,17.036,0.2453
390.154,0.8474,0.3328,0.8765,0.5308,-1.12,15.42,0.444,,1,1,17.036,0.2453
390.186,0.8573,0.4335,0.8890,0.7182,-1.07,15.51,0.376,,1,1,17.036,0.2453
390.250,0.8759,0.6229,0.9060,0.8896,-0.96,15.55,0.373,,1,1,17.036,0.2453
390.285,0.8852,0.7182,0.9131,0.9632,-0.93,15.55,0.384,,1,1,17.036,0.2453
390.315,0.8909,0.7830,0.9098,0.9635,-0.91,15.52,0.389,,1,1,17.036,0.2453
390.347,0.8957,0.8394,0.9115,0.9939,-0.90,15.51,0.384,,1,1,17.036,0.2453
390.379,0.9003,0.8884,0.9148,1.0209,-0.89,15.49,0.379,,1,1,17.036,0.2453
390.411,0.9060,0.9312,0.9247,1.0761,-0.86,15.46,0.363,,1,1,17.036,0.2453
390.442,0.9122,0.9622,0.9325,1.0931,-0.84,15.44,0.342,,1,1,17.036,0.2453
390.491,0.9251,0.9927,0.9523,1.3050,-0.81,15.32,0.314,,1,1,17.036,0.2453
390.523,0.9338,1.0000,0.9619,1.3266,-0.79,15.17,0.319,,1,1,17.036,0.2453
390.551,0.9405,1.0000,0.9659,1.3249,-0.78,15.02,0.322,,1,1,17.036,0.2453
390.578,0.9448,1.0000,0.9611,1.3157,-0.77,14.82,0.324,,1,1,17.036,0.2453
390.602,0.9484,1.0000,0.9638,1.3565,-0.75,14.75,0.332,,1,1,17.036,0.2453
390.650,0.9534,1.0000,0.9640,1.3758,-0.71,14.63,0.344,,1,1,17.036,0.2453
390.682,0.9555,1.0000,0.9625,1.3757,-0.67,14.59,0.353,,1,1,17.036,0.2453
390.714,0.9572,1.0000,0.9625,1.3670,-0.65,14.52,0.357,,1,1,17.036,0.2453
390.748,0.9566,1.0000,0.9548,1.3852,-0.64,14.39,0.362,,1,1,17.036,0.2453
390.779,0.9552,1.0000,0.9504,1.3812,-0.63,14.34,0.362,,1,1,17.036,0.2453
390.813,0.9540,1.0000,0.9505,1.3662,-0.61,14.28,0.360,,1,1,17.036,0.2453
390.843,0.9514,1.0000,0.9423,1.3646,-0.60,14.21,0.363,,1,1,17.036,0.2453
390.874,0.9487,1.0000,0.9395,1.3355,-0.58,14.12,0.369,,1,1,17.036,0.2453
390.907,0.9467,1.0000,0.9402,1.3024,-0.57,14.03,0.370,,1,1,17.036,0.2453
390.939,0.9441,1.0000,0.9353,1.2418,-0.58,13.93,0.383,,1,1,17.036,0.2453
390.972,0.9400,1.0000,0.9269,1.2029,-0.57,13.87,0.395,,1,1,17.036,0.2453
391.004,0.9362,1.0000,0.9236,1.1327,-0.58,13.73,0.415,,1,1,17.036,0.2453
391.052,0.9295,1.0000,0.9149,1.0549,-0.58,13.75,0.441,,1,1,17.036,0.2453
391.083,0.9244,1.0000,0.9070,0.9737,-0.59,13.81,0.456,,1,1,17.036,0.2453
391.115,0.9191,0.9890,0.9022,0.8524,-0.60,13.88,0.499,,1,1,17.036,0.2453
391.147,0.9142,0.9437,0.8977,0.7987,-0.62,13.92,0.509,,1,1,17.036,0.2453
391.179,0.9099,0.8929,0.8960,0.7406,-0.64,13.89,0.518,,1,1,17.036,0.2453
391.211,0.9061,0.8498,0.8934,0.7182,-0.65,14.00,0.519,,1,1,17.036,0.2453
391.244,0.9014,0.8050,0.8867,0.6757,-0.67,14.05,0.516,,1,1,17.036,0.2453
391.276,0.8976,0.7671,0.8852,0.6551,-0.70,14.11,0.516,,1,1,17.036,0.2453
391.309,0.8938,0.7345,0.8819,0.6433,-0.73,14.21,0.509,,1,1,17.036,0.2453
391.340,0.8915,0.7116,0.8839,0.6409,-0.74,14.21,0.506,,1,1,17.036,0.2453
391.371,0.8894,0.6886,0.8820,0.6160,-0.75,14.18,0.508,,1,1,17.036,0.2453
391.401,0.8884,0.6766,0.8849,0.6387,-0.77,14.14,0.511,,1,1,17.036,0.2453
391.435,0.8885,0.6675,0.8889,0.6420,-0.79,14.19,0.510,,1,1,17.036,0.2453
391.467,0.8907,0.6578,0.8981,0.6273,-0.84,14.09,0.508,,1,1,17.036,0.2453
391.498,0.8923,0.6470,0.8977,0.6134,-0.88,14.10,0.506,,1,1,17.036,0.2453
391.531,0.8935,0.6357,0.8974,0.6019,-0.91,14.11,0.506,,1,1,17.036,0.2453
391.562,0.8948,0.6253,0.8990,0.5926,-0.93,14.23,0.506,,1,1,17.036,0.2453
391.611,0.8971,0.6147,0.9022,0.5927,-0.95,14.31,0.507,,1,1,17.036,0.2453
391.644,0.8995,0.6051,0.9076,0.5750,-0.96,14.32,0.507,,1,1,17.036,0.2453
391.676,0.9004,0.5877,0.9032,0.5332,-1.01,14.12,0.508,,1,1,17.036,0.2453
391.707,0.9004,0.5724,0.9006,0.5246,-1.00,14.12,0.509,,1,1,17.036,0.2453
391.738,0.9001,0.5627,0.8990,0.5310,-1.00,14.20,0.508,,1,1,17.036,0.2453
391.771,0.8996,0.5480,0.8981,0.5034,-0.99,14.22,0.499,,1,1,17.036,0.2453
391.802,0.8991,0.5303,0.8970,0.4716,-0.97,14.21,0.498,,1,1,17.036,0.2453
391.838,0.8988,0.5237,0.8979,0.5059,-0.97,14.11,0.492,,1,1,17.036,0.2453
391.865,0.8995,0.5337,0.9025,0.5704,-0.95,14.15,0.447,,1,1,17.036,0.2453
391.899,0.9054,0.5859,0.9241,0.7522,-0.93,14.05,0.346,,1,1,17.036,0.2453
391.931,0.9098,0.6640,0.9243,0.9067,-0.97,13.36,0.261,,1,1,17.036,0.2453
391.964,0.9108,0.7574,0.9139,1.0268,-1.00,12.57,0.221,,1,1,17.036,0.2453
391.998,0.9114,0.8362,0.9133,1.0612,-1.02,11.72,0.237,,1,1,17.036,0.2453
392.028,0.9111,0.8890,0.9098,1.1143,-1.02,11.10,0.259,,1,1,17.036,0.2453
392.060,0.9118,0.9310,0.9144,1.1728,-0.96,10.73,0.268,,1,1,17.036,0.2453
392.092,0.9105,0.9614,0.9060,1.1369,-0.97,10.37,0.284,,1,1,17.036,0.2453
392.123,0.9099,0.9837,0.9078,1.1634,-0.87,10.41,0.288,,1,1,17.036,0.2453
392.156,0.9103,1.0000,0.9117,1.2674,-0.78,10.48,0.290,,1,1,17.036,0.2453
392.202,0.9116,1.0000,0.9147,1.3200,-0.69,10.65,0.301,,1,1,17.036,0.2453
392.236,0.9123,1.0000,0.9144,1.3346,-0.65,10.73,0.304,,1,1,17.036,0.2453
392.267,0.9137,1.0000,0.9182,1.3601,-0.61,10.80,0.311,,1,1,17.036,0.2453
392.298,0.9137,1.0000,0.9141,1.3584,-0.64,10.51,0.313,,1,1,17.036,0.2453
392.331,0.9142,1.0000,0.9157,1.3572,-0.64,10.45,0.313,,1,1,17.036,0.2453
392.363,0.9155,1.0000,0.9196,1.3921,-0.60,10.48,0.311,,1,1,17.036,0.2453
392.395,0.9163,1.0000,0.9188,1.3958,-0.56,10.61,0.313,,1,1,17.036,0.2453
392.427,0.9166,1.0000,0.9179,1.3994,-0.53,10.69,0.315,,1,1,17.036,0.2453
392.459,0.9143,1.0000,0.9068,1.3671,-0.49,10.90,0.319,,1,1,17.036,0.2453
392.490,0.9126,1.0000,0.9067,1.3780,-0.46,11.16,0.320,,1,1,17.036,0.2453
392.522,0.9128,1.0000,0.9135,1.3910,-0.44,11.41,0.313,,1,1,17.036,0.2453
392.555,0.9077,1.0000,0.8912,1.3966,-0.41,11.65,0.312,,1,1,17.036,0.2453
392.588,0.9026,1.0000,0.8864,1.4150,-0.39,11.73,0.318,,1,1,17.036,0.2453
392.651,0.8936,1.0000,0.8787,1.4283,-0.34,11.93,0.320,,1,1,17.036,0.2453
392.682,0.8861,1.0000,0.8609,1.4168,-0.32,12.04,0.325,,1,1,17.036,0.2453
392.715,0.8790,1.0000,0.8563,1.4078,-0.30,12.17,0.338,,1,1,17.036,0.2453
392.762,0.8626,1.0000,0.8266,1.4033,-0.27,12.31,0.381,,1,1,17.036,0.2453
392.795,0.8511,1.0000,0.8146,1.3931,-0.26,12.40,0.409,,1,1,17.036,0.2453
392.821,0.8415,1.0000,0.8026,1.3754,-0.25,12.50,0.425,,1,1,17.036,0.2453
392.848,0.8325,1.0000,0.7989,1.3396,-0.24,12.60,0.432,,1,1,17.036,0.2453
392.873,0.8258,1.0000,0.7982,1.3258,-0.24,12.68,0.435,,1,1,17.036,0.2453
392.901,0.8216,1.0000,0.8066,1.3341,-0.24,12.77,0.431,,1,1,17.036,0.2453
392.928,0.8173,1.0000,0.8006,1.3326,-0.24,12.79,0.438,,1,1,17.036,0.2453
392.955,0.8143,1.0000,0.8032,1.3500,-0.23,12.79,0.440,,1,1,17.036,0.2453
392.987,0.8116,1.0000,0.8028,1.3569,-0.23,12.82,0.438,,1,1,17.036,0.2453
393.052,0.8079,1.0000,0.8020,1.3349,-0.26,12.99,0.438,,1,1,17.036,0.2453
393.081,0.8061,1.0000,0.7996,1.3367,-0.27,13.05,0.436,,1,1,17.036,0.2453
393.113,0.8036,1.0000,0.7957,1.3276,-0.27,13.12,0.436,,1,1,17.036,0.2453
393.146,0.8018,1.0000,0.7958,1.3057,-0.29,13.22,0.434,,1,1,17.036,0.2453
393.181,0.7998,1.0000,0.7938,1.3042,-0.30,13.29,0.436,,1,1,17.036,0.2453
393.212,0.7985,1.0000,0.7940,1.2945,-0.32,13.38,0.435,,1,1,17.036,0.2453
393.243,0.7980,1.0000,0.7964,1.3164,-0.32,13.44,0.433,,1,1,17.036,0.2453
393.278,0.7978,1.0000,0.7974,1.3081,-0.34,13.50,0.431,,1,1,17.036,0.2453
393.325,0.7974,1.0000,0.7962,1.2924,-0.33,13.59,0.434,,1,1,17.036,0.2453
393.356,0.7963,1.0000,0.7925,1.2744,-0.32,13.61,0.433,,1,1,17.036,0.2453
393.382,0.7952,1.0000,0.7909,1.2626,-0.32,13.62,0.434,,1,1,17.036,0.2453
393.412,0.7923,1.0000,0.7823,1.1459,-0.33,13.70,0.422,,1,1,17.036,0.2453
393.451,0.7837,1.0000,0.7598,0.8656,-0.37,13.85,0.452,,1,1,17.036,0.2453
393.482,0.7772,0.9582,0.7564,0.8284,-0.40,13.98,0.471,,1,1,17.036,0.2453
393.515,0.7700,0.9083,0.7468,0.7572,-0.43,14.13,0.488,,1,1,17.036,0.2453
393.547,0.7642,0.8655,0.7453,0.7359,-0.46,14.35,0.501,,1,1,17.036,0.2453
393.579,0.7599,0.8306,0.7459,0.7260,-0.50,14.53,0.505,,1,1,17.036,0.2453
393.611,0.7558,0.7915,0.7425,0.6766,-0.54,14.68,0.505,,1,1,17.036,0.2453
393.642,0.7517,0.7613,0.7380,0.6694,-0.57,14.87,0.499,,1,1,17.036,0.2453
393.676,0.7465,0.7323,0.7304,0.6501,-0.60,15.06,0.499,,1,1,17.036,0.2453
393.708,0.7424,0.7109,0.7289,0.6464,-0.62,15.17,0.501,,1,1,17.036,0.2453
393.740,0.7389,0.6898,0.7276,0.6265,-0.64,15.29,0.499,,1,1,17.036,0.2453
393.773,0.7357,0.6716,0.7254,0.6185,-0.66,15.39,0.499,,1,1,17.036,0.2453
393.804,0.7326,0.6501,0.7227,0.5848,-0.67,15.47,0.500,,1,1,17.036,0.2453
393.835,0.7301,0.6312,0.7217,0.5720,-0.69,15.53,0.503,,1,1,17.036,0.2453
393.882,0.7265,0.6074,0.7183,0.5573,-0.67,15.62,0.498,,1,1,17.036,0.2453
393.914,0.7247,0.5935,0.7187,0.5513,-0.67,15.70,0.498,,1,1,17.036,0.2453
393.947,0.7238,0.5850,0.7209,0.5596,-0.67,15.76,0.496,,1,1,17.036,0.2453
393.978,0.7240,0.5809,0.7247,0.5677,-0.67,15.81,0.497,,1,1,17.036,0.2453
394.013,0.7246,0.5855,0.7264,0.5985,-0.68,15.84,0.494,,1,1,17.036,0.2453
394.044,0.7256,0.5926,0.7291,0.6160,-0.67,15.85,0.495,,1,1,17.036,0.2453
394.076,0.7264,0.5975,0.7289,0.6130,-0.67,15.88,0.493,,1,1,17.036,0.2453
394.106,0.7269,0.6007,0.7286,0.6119,-0.67,15.93,0.494,,1,1,17.036,0.2453
394.140,0.7274,0.6047,0.7289,0.6169,-0.67,15.97,0.495,,1,1,17.036,0.2453
394.171,0.7288,0.6108,0.7339,0.6322,-0.67,15.99,0.494,,1,1,17.036,0.2453
394.202,0.7289,0.6172,0.7293,0.6387,-0.67,16.03,0.494,,1,1,17.036,0.2453
394.234,0.7296,0.6243,0.7318,0.6479,-0.67,16.06,0.497,,1,1,17.036,0.2453
394.266,0.7296,0.6271,0.7298,0.6361,-0.67,16.13,0.501,,1,1,17.036,0.2453
394.299,0.7295,0.6361,0.7289,0.6644,-0.67,16.20,0.500,,1,1,17.036,0.2453
394.332,0.7287,0.6391,0.7262,0.6490,-0.67,16.26,0.502,,1,1,17.036,0.2453
394.363,0.7276,0.6364,0.7238,0.6272,-0.68,16.30,0.501,,1,1,17.036,0.2453
394.395,0.7248,0.6251,0.7152,0.5862,-0.70,16.36,0.500,,1,1,17.036,0.2453
394.427,0.7168,0.6166,0.6917,0.5897,-0.71,16.40,0.487,,1,1,17.036,0.2453
394.473,0.6986,0.6003,0.6575,0.5636,-0.70,16.50,0.481,,1,1,17.036,0.2453
394.507,0.6822,0.6189,0.6309,0.6786,-0.68,16.43,0.411,,1,1,17.036,0.2453
394.539,0.6678,0.6534,0.6223,0.7628,-0.67,16.26,0.266,,1,1,17.036,0.2453
394.571,0.6568,0.6908,0.6214,0.8101,-0.67,15.89,0.274,,1,1,17.036,0.2453
394.604,0.6327,0.7169,0.5586,0.7961,-0.65,15.82,0.289,,1,1,17.036,0.2453
394.635,0.6129,0.7341,0.5483,0.7893,-0.62,15.86,0.332,,1,1,17.036,0.2453
394.666,0.5954,0.7479,0.5384,0.7926,-0.59,15.86,0.378,,1,1,17.036,0.2453
394.700,0.5773,0.7482,0.5236,0.7491,-0.56,15.87,0.401,,1,1,17.036,0.2453
394.733,0.5592,0.7235,0.5042,0.6460,-0.55,15.92,0.413,,1,1,17.036,0.2453
394.763,0.5424,0.6932,0.4873,0.5877,-0.54,15.95,0.436,,1,1,17.036,0.2453
394.795,0.5276,0.6665,0.4817,0.5802,-0.53,16.05,0.438,,1,1,17.036,0.2453
394.828,0.5183,0.6401,0.4900,0.5584,-0.53,16.16,0.445,,1,1,17.036,0.2453
394.860,0.5175,0.6337,0.5150,0.6133,-0.52,16.25,0.457,,1,1,17.036,0.2453
394.891,0.5218,0.6358,0.5360,0.6425,-0.52,16.33,0.464,,1,1,17.036,0.2453
394.923,0.5264,0.6342,0.5415,0.6292,-0.51,16.42,0.469,,1,1,17.036,0.2453
394.955,0.5304,0.6304,0.5428,0.6181,-0.51,16.50,0.471,,1,1,17.036,0.2453
394.986,0.5366,0.6272,0.5578,0.6165,-0.49,16.62,0.473,,1,1,17.036,0.2453
395.068,0.5524,0.6136,0.5730,0.5960,-0.47,17.08,0.475,,1,1,17.036,0.2453
395.093,0.5571,0.6082,0.5766,0.5862,-0.47,17.22,0.474,,1,1,17.036,0.2453
395.119,0.5606,0.6025,0.5750,0.5798,-0.46,17.36,0.471,,1,1,17.036,0.2453
395.144,0.5621,0.5905,0.5683,0.5412,-0.46,17.50,0.470,,1,1,17.036,0.2453
395.172,0.5647,0.5729,0.5745,0.5084,-0.46,17.63,0.471,,1,1,17.036,0.2453
395.197,0.5669,0.5566,0.5758,0.4921,-0.46,17.72,0.474,,1,1,17.036,0.2453
395.227,0.5703,0.5519,0.5827,0.5352,-0.45,17.79,0.473,,1,1,17.036,0.2453
395.259,0.5737,0.5544,0.5845,0.5620,-0.43,17.82,0.475,,1,1,17.036,0.2453
395.291,0.5769,0.5626,0.5874,0.5890,-0.42,17.83,0.473,,1,1,17.036,0.2453
395.322,0.5796,0.5710,0.5890,0.5996,-0.42,17.84,0.470,,1,1,17.036,0.2453
395.356,0.5825,0.5751,0.5912,0.5879,-0.42,17.86,0.472,,1,1,17.036,0.2453
395.386,0.5844,0.5794,0.5910,0.5944,-0.41,17.91,0.470,,1,1,17.036,0.2453
395.455,0.5876,0.5619,0.5924,0.5354,-0.41,17.90,0.467,,1,1,17.036,0.2453
395.482,0.5881,0.5342,0.5902,0.4244,-0.40,17.94,0.472,,1,1,17.036,0.2453
395.516,0.5910,0.4927,0.5999,0.3738,-0.41,17.96,0.469,,1,1,17.036,0.2453
395.546,0.5939,0.4586,0.6042,0.3435,-0.41,17.96,0.472,,1,1,17.036,0.2453
395.597,0.5978,0.3957,0.6059,0.2753,-0.42,17.93,0.462,,1,1,17.036,0.2453
395.627,0.5999,0.3712,0.6072,0.2907,-0.41,17.93,0.460,,1,1,17.036,0.2453
395.653,0.6016,0.3596,0.6082,0.3162,-0.41,17.93,0.460,,1,1,17.036,0.2453
395.677,0.6021,0.3532,0.6043,0.3273,-0.40,17.90,0.462,,1,1,17.036,0.2453
395.702,0.6005,0.3493,0.5941,0.3343,-0.40,17.91,0.464,,1,1,17.036,0.2453
395.728,0.5991,0.3464,0.5934,0.3353,-0.39,17.87,0.464,,1,1,17.036,0.2453
395.755,0.5942,0.3403,0.5747,0.3175,-0.39,17.85,0.470,,1,1,17.036,0.2453
395.789,0.5874,0.3186,0.5653,0.2522,-0.39,17.91,0.466,,1,1,17.036,0.2453
395.850,0.5727,0.2269,0.5482,0.0833,-0.41,17.99,0.465,,1,1,17.036,0.2453
395.883,0.5717,0.1560,0.5682,-0.0508,-0.41,17.93,0.472,,1,1,17.036,0.2453
395.915,0.5723,0.1054,0.5746,-0.2714,-0.40,17.94,0.476,,1,1,17.036,0.2453
395.947,0.5830,0.0645,0.6172,-0.4708,-0.40,17.83,0.469,,1,1,17.036,0.2453
395.978,0.5910,0.0362,0.6181,-0.5699,-0.43,17.86,0.471,,1,1,17.036,0.2453
396.011,0.6066,0.0137,0.6556,-0.5666,-0.43,17.78,0.472,,1,1,17.036,0.2453
396.043,0.6233,0.0000,0.6768,-0.4877,-0.44,17.69,0.459,,1,1,17.036,0.2453
396.076,0.6383,0.0000,0.6855,-0.5130,-0.44,17.57,0.465,,1,1,17.036,0.2453
396.106,0.6517,0.0000,0.6962,-0.4491,-0.43,17.41,0.465,,1,1,17.036,0.2453
396.154,0.6788,0.0000,0.7366,-0.4151,-0.43,17.06,0.461,,1,1,17.036,0.2453
396.188,0.6932,0.0000,0.7362,-0.5039,-0.44,16.90,0.462,,1,1,17.036,0.2453
396.212,0.7012,0.0000,0.7349,-0.5409,-0.45,16.81,0.459,,1,1,17.036,0.2453
396.251,0.7229,0.0000,0.7817,-0.1404,-0.46,16.41,0.467,,1,1,17.036,0.2453
396.283,0.7397,0.0000,0.7905,0.0167,-0.48,16.05,0.466,,1,1,17.036,0.2453
396.314,0.7507,0.0000,0.7863,-0.0408,-0.48,15.86,0.460,,1,1,17.036,0.2453
396.346,0.7481,0.0000,0.7398,-0.6327,-0.51,15.70,0.449,,1,1,17.036,0.2453
396.379,0.7407,0.0000,0.7175,-0.8260,-0.51,15.70,0.448,,1,1,17.036,0.2453
396.411,0.7367,0.0000,0.7237,-0.6497,-0.50,15.64,0.454,,1,1,17.036,0.2453
396.442,0.7330,0.0000,0.7203,-0.3161,-0.48,15.63,0.449,,1,1,17.036,0.2453
396.474,0.7276,0.0000,0.7102,-0.2334,-0.45,15.59,0.451,,1,1,17.036,0.2453
396.508,0.7106,0.0000,0.6573,-0.4708,-0.47,15.50,0.457,,1,1,17.036,0.2453
396.538,0.6892,0.0000,0.6155,-0.7482,-0.47,15.53,0.463,,1,1,17.036,0.2453
396.570,0.6831,0.0000,0.6635,0.0364,-0.46,15.60,0.462,,1,1,17.036,0.2453
396.602,0.6810,0.0839,0.6741,0.4294,-0.44,15.71,0.460,,1,1,17.036,0.2453
396.633,0.6827,0.3007,0.6886,0.9074,-0.39,15.78,0.456,,1,1,17.036,0.2453
396.667,0.6822,0.4928,0.6807,0.9594,-0.36,15.87,0.460,,1,1,17.036,0.2453
396.700,0.6782,0.5879,0.6650,0.8269,-0.35,15.93,0.451,,1,1,17.036,0.2453
396.747,0.6530,0.4203,0.5983,0.0953,-0.42,15.92,0.449,,1,1,17.036,0.2453
396.778,0.6379,0.3110,0.5875,-0.0961,-0.43,15.84,0.450,,1,1,17.036,0.2453
396.810,0.6321,0.3145,0.6134,0.3257,-0.41,15.83,0.441,,1,1,17.036,0.2453
396.843,0.6370,0.4525,0.6523,0.8445,-0.41,15.80,0.430,,1,1,17.036,0.2453
396.875,0.6402,0.5477,0.6509,0.8204,-0.42,15.79,0.434,,1,1,17.036,0.2453
396.907,0.6344,0.5114,0.6154,0.4026,-0.41,15.82,0.446,,1,1,17.036,0.2453
396.942,0.6252,0.4212,0.5980,0.1584,-0.40,15.85,0.450,,1,1,17.036,0.2453
396.976,0.6189,0.3482,0.5998,0.1288,-0.40,15.91,0.451,,1,1,17.036,0.2453
397.003,0.6172,0.3194,0.6105,0.2080,-0.41,15.97,0.438,,1,1,17.036,0.2453
397.034,0.6145,0.2914,0.6057,0.2023,-0.40,16.04,0.442,,1,1,17.036,0.2453
397.066,0.6120,0.2615,0.6037,0.1694,-0.39,16.12,0.440,,1,1,17.036,0.2453
397.097,0.6076,0.1920,0.5930,-0.0253,-0.38,16.23,0.443,,1,1,17.036,0.2453
397.129,0.6041,0.1335,0.5925,-0.0374,-0.37,16.31,0.441,,1,1,17.036,0.2453
397.163,0.6018,0.1122,0.5948,0.0522,-0.36,16.38,0.441,,1,1,17.036,0.2453
397.194,0.6012,0.1229,0.5989,0.1558,-0.34,16.36,0.436,,1,1,17.036,0.2453
397.227,0.6007,0.1310,0.5993,0.1558,-0.35,16.40,0.437,,1,1,17.036,0.2453
397.260,0.5993,0.1254,0.5950,0.1080,-0.36,16.40,0.454,,1,1,17.036,0.2453
397.307,0.5955,0.0681,0.5872,-0.0507,-0.41,16.05,0.455,,1,1,17.036,0.2453
397.338,0.5937,0.0396,0.5874,-0.0512,-0.44,15.84,0.454,,1,1,17.036,0.2453
397.371,0.5941,0.0451,0.5955,0.0615,-0.44,15.71,0.447,,1,1,17.036,0.2453
397.402,0.5941,0.0538,0.5941,0.0823,-0.45,15.61,0.441,,1,1,17.036,0.2453
397.435,0.5907,0.0478,0.5797,0.0294,-0.45,15.59,0.441,,1,1,17.036,0.2453
397.467,0.5756,0.0336,0.5270,-0.0106,-0.45,15.64,0.436,,1,1,17.036,0.2453
397.499,0.5403,0.0134,0.4286,-0.1552,-0.44,15.71,0.432,,1,1,17.036,0.2453
397.532,0.5127,0.0000,0.4273,-0.0870,-0.45,15.73,0.429,,1,1,17.036,0.2453
397.562,0.4879,0.0000,0.4058,-0.0180,-0.43,15.79,0.429,,1,1,17.036,0.2453
397.593,0.4699,0.0230,0.4129,0.1181,-0.42,15.92,0.424,,1,1,17.036,0.2453
397.627,0.4425,0.0320,0.3623,0.0603,-0.43,16.13,0.417,,1,1,17.036,0.2453
397.659,0.4232,0.0475,0.3633,0.0990,-0.42,16.27,0.412,,1,1,17.036,0.2453
397.691,0.4195,0.1314,0.4080,0.3931,-0.38,16.28,0.283,,1,1,17.036,0.2453
397.724,0.4087,0.2171,0.3758,0.4659,-0.33,16.24,0.225,,1,1,17.036,0.2453
397.754,0.3803,0.3096,0.2884,0.5871,-0.32,16.31,0.291,,1,1,17.036,0.2453
397.787,0.3473,0.3763,0.2484,0.5611,-0.27,16.35,0.319,,1,1,17.036,0.2453
397.872,0.2873,0.3885,0.2169,0.4021,-0.21,16.73,0.413,,1,1,17.036,0.2453
397.899,0.2740,0.4032,0.2240,0.4568,-0.18,16.79,0.426,,1,1,17.036,0.2453
397.927,0.2630,0.4117,0.2254,0.4399,-0.16,16.88,0.433,,1,1,17.036,0.2453
397.954,0.2586,0.4452,0.2425,0.5628,-0.17,16.96,0.438,,1,1,17.036,0.2453
397.979,0.2567,0.4831,0.2487,0.6286,-0.20,17.06,0.444,,1,1,17.036,0.2453
398.007,0.2491,0.4852,0.2223,0.4923,-0.24,17.17,0.457,,1,1,17.036,0.2453
398.034,0.2355,0.4221,0.1849,0.1841,-0.25,17.29,0.456,,1,1,17.036,0.2453
398.061,0.2226,0.3649,0.1752,0.1449,-0.27,17.40,0.453,,1,1,17.036,0.2453
398.091,0.2219,0.3661,0.2197,0.3703,-0.29,17.44,0.459,,1,1,17.036,0.2453
398.122,0.2228,0.3981,0.2257,0.5078,-0.29,17.51,0.481,,1,1,17.036,0.2453
398.158,0.2233,0.4280,0.2248,0.5124,-0.30,17.62,0.482,,1,1,17.036,0.2453
398.187,0.2194,0.4279,0.2053,0.4276,-0.29,17.72,0.474,,1,1,17.036,0.2453
398.251,0.2165,0.4283,0.2120,0.4290,-0.30,17.96,0.466,,1,1,17.036,0.2453
398.281,0.2166,0.4382,0.2169,0.4727,-0.30,18.11,0.466,,1,1,17.036,0.2453
398.315,0.2177,0.4666,0.2212,0.5518,-0.31,18.28,0.459,,1,1,17.036,0.2453
398.348,0.2182,0.4882,0.2198,0.5530,-0.32,18.41,0.460,,1,1,17.036,0.2453
398.378,0.2108,0.4635,0.1847,0.3779,-0.34,18.54,0.466,,1,1,17.036,0.2453
398.426,0.2012,0.4230,0.1802,0.3337,-0.38,18.60,0.467,,1,1,17.036,0.2453
398.458,0.1977,0.4073,0.1865,0.3553,-0.40,18.61,0.463,,1,1,17.036,0.2453
398.486,0.1945,0.3934,0.1821,0.3401,-0.41,18.62,0.462,,1,1,17.036,0.2453
398.512,0.1930,0.4032,0.1870,0.4417,-0.42,18.65,0.464,,1,1,17.036,0.2453
398.536,0.1930,0.4202,0.1928,0.4948,-0.41,18.71,0.466,,1,1,17.036,0.2453
398.561,0.1869,0.4264,0.1609,0.4534,-0.41,18.73,0.459,,1,1,17.036,0.2453
398.588,0.1769,0.4094,0.1383,0.3421,-0.41,18.77,0.456,,1,1,17.036,0.2453
398.651,0.1590,0.3895,0.1301,0.3571,-0.41,18.86,0.471,,1,1,17.036,0.2453
398.682,0.1486,0.3783,0.1140,0.3401,-0.40,18.87,0.463,,1,1,17.036,0.2453
398.715,0.1313,0.3499,0.0775,0.2623,-0.38,18.90,0.456,,1,1,17.036,0.2453
398.748,0.1182,0.3206,0.0778,0.2307,-0.37,18.93,0.459,,1,1,17.036,0.2453
398.778,0.1087,0.2795,0.0763,0.1445,-0.37,18.96,0.444,,1,1,17.036,0.2453
398.811,0.1029,0.2479,0.0849,0.1536,-0.36,19.01,0.444,,1,1,17.036,0.2453
398.843,0.1038,0.2382,0.1066,0.2088,-0.37,19.06,0.450,,1,1,17.036,0.2453
398.875,0.1054,0.2395,0.1105,0.2435,-0.38,19.14,0.452,,1,1,17.036,0.2453
398.907,0.1102,0.2402,0.1261,0.2423,-0.40,19.22,0.446,,1,1,17.036,0.2453
398.939,0.1174,0.2392,0.1419,0.2361,-0.41,19.31,0.451,,1,1,17.036,0.2453
398.971,0.1268,0.2311,0.1570,0.2058,-0.44,19.36,0.452,,1,1,17.036,0.2453
399.019,0.1349,0.2182,0.1528,0.1909,-0.47,19.41,0.451,,1,1,17.036,0.2453
399.050,0.1399,0.2262,0.1570,0.2524,-0.48,19.40,0.445,,1,1,17.036,0.2453
399.081,0.1449,0.2254,0.1617,0.2225,-0.49,19.45,0.449,,1,1,17.036,0.2453
399.114,0.1481,0.2190,0.1585,0.1991,-0.49,19.48,0.449,,1,1,17.036,0.2453
399.146,0.1498,0.2034,0.1552,0.1533,-0.51,19.49,0.450,,1,1,17.036,0.2453
399.178,0.1516,0.1867,0.1577,0.1331,-0.52,19.50,0.449,,1,1,17.036,0.2453
399.210,0.1531,0.1753,0.1578,0.1394,-0.53,19.51,0.448,,1,1,17.036,0.2453
399.244,0.1548,0.1714,0.1601,0.1597,-0.55,19.51,0.443,,1,1,17.036,0.2453
399.275,0.1555,0.1687,0.1576,0.1597,-0.55,19.50,0.443,,1,1,17.036,0.2453
399.308,0.1554,0.1598,0.1551,0.1316,-0.56,19.50,0.443,,1,1,17.036,0.2453
399.338,0.1544,0.1358,0.1511,0.0556,-0.54,19.50,0.432,,1,1,17.036,0.2453
399.371,0.1511,0.1143,0.1405,0.0482,-0.54,19.50,0.438,,1,1,17.036,0.2453
399.403,0.1487,0.1019,0.1409,0.0629,-0.54,19.52,0.435,,1,1,17.036,0.2453
399.435,0.1472,0.0904,0.1423,0.0545,-0.54,19.51,0.432,,1,1,17.036,0.2453
399.466,0.1431,0.0659,0.1292,-0.0127,-0.54,19.49,0.434,,1,1,17.036,0.2453
399.499,0.1421,0.0428,0.1390,-0.0264,-0.54,19.47,0.437,,1,1,17.036,0.2453
399.530,0.1366,0.0207,0.1179,-0.0823,-0.54,19.46,0.433,,1,1,17.036,0.2453
399.579,0.1319,0.0111,0.1217,-0.0083,-0.53,19.41,0.437,,1,1,17.036,0.2453
399.611,0.1449,0.0581,0.1890,0.2152,-0.52,19.36,0.434,,1,1,17.036,0.2453
399.642,0.1489,0.0741,0.1621,0.1277,-0.51,19.33,0.434,,1,1,17.036,0.2453
399.675,0.1537,0.0821,0.1700,0.1090,-0.50,19.30,0.426,,1,1,17.036,0.2453
399.708,0.1579,0.0836,0.1711,0.0884,-0.50,19.32,0.427,,1,1,17.036,0.2453
399.739,0.1534,0.0598,0.1388,-0.0171,-0.50,19.35,0.423,,1,1,17.036,0.2453
399.771,0.1620,0.0894,0.1906,0.1873,-0.48,19.34,0.434,,1,1,17.036,0.2453
399.804,0.1649,0.1039,0.1744,0.1500,-0.47,19.33,0.441,,1,1,17.036,0.2453
399.835,0.1651,0.0849,0.1658,0.0194,-0.49,19.30,0.449,,1,1,17.036,0.2453
399.867,0.1620,0.0537,0.1521,-0.0445,-0.48,19.30,0.440,,1,1,17.036,0.2453
399.898,0.1602,0.0371,0.1537,-0.0186,-0.48,19.31,0.430,,1,1,17.036,0.2453
399.931,0.1577,0.0365,0.1501,0.0346,-0.47,19.31,0.428,,1,1,17.036,0.2453
399.962,0.1551,0.0383,0.1460,0.0444,-0.45,19.29,0.432,,1,1,17.036,0.2453
399.994,0.1498,0.0342,0.1324,0.0209,-0.46,19.31,0.435,,1,1,17.036,0.2453
400.028,0.1478,0.0347,0.1416,0.0361,-0.47,19.38,0.436,,1,1,17.036,0.2453
400.061,0.1380,0.0141,0.1068,-0.1003,-0.51,19.43,0.431,,1,1,17.036,0.2453
400.091,0.1338,0.0000,0.1189,-0.0813,-0.53,19.41,0.431,,1,1,17.036,0.2453
400.138,0.1345,0.0476,0.1363,0.1547,-0.51,19.29,0.408,,1,1,17.036,0.2453
400.173,0.1386,0.1140,0.1508,0.3075,-0.50,19.26,0.312,,1,1,17.036,0.2453
400.203,0.1601,0.2292,0.2358,0.5952,-0.47,19.16,0.202,,1,1,17.036,0.2453
400.235,0.1808,0.3448,0.2474,0.6696,-0.42,18.97,0.143,,1,1,17.036,0.2453
400.267,0.2014,0.4331,0.2674,0.6761,-0.39,18.71,0.132,,1,1,17.036,0.2453
400.298,0.2219,0.5136,0.2888,0.7375,-0.36,18.45,0.131,,1,1,17.036,0.2453
400.331,0.2413,0.6265,0.3003,0.9148,-0.30,18.10,0.141,,1,1,17.036,0.2453
400.364,0.2601,0.7119,0.3170,0.9281,-0.27,17.87,0.156,,1,1,17.036,0.2453
400.396,0.2749,0.7749,0.3219,0.9414,-0.24,17.76,0.167,,1,1,17.036,0.2453
400.427,0.2860,0.8263,0.3217,0.9671,-0.23,17.67,0.161,,1,1,17.036,0.2453
400.459,0.2836,0.8600,0.2762,0.9508,-0.23,17.56,0.174,,1,1,17.036,0.2453
400.492,0.2819,0.8898,0.2766,0.9698,-0.24,17.49,0.191,,1,1,17.036,0.2453
400.522,0.2737,0.9313,0.2460,1.0741,-0.24,17.51,0.233,,1,1,17.036,0.2453
400.555,0.2555,0.9617,0.1974,1.0439,-0.23,17.53,0.238,,1,1,17.036,0.2453
400.586,0.2427,0.9843,0.1995,1.0537,-0.24,17.49,0.233,,1,1,17.036,0.2453
400.652,0.2201,0.9863,0.1835,0.9893,-0.23,17.45,0.274,,1,1,17.036,0.2453
400.682,0.2132,0.9956,0.1901,1.0242,-0.24,17.46,0.284,,1,1,17.036,0.2453
400.731,0.2077,1.0000,0.1957,1.0663,-0.23,17.44,0.280,,1,1,17.036,0.2453
400.756,0.2057,1.0000,0.1972,1.0793,-0.22,17.42,0.277,,1,1,17.036,0.2453
400.782,0.2038,1.0000,0.1960,1.0779,-0.20,17.44,0.282,,1,1,17.036,0.2453
400.808,0.2004,1.0000,0.1874,0.9732,-0.17,17.46,0.279,,1,1,17.036,0.2453
400.836,0.1968,1.0000,0.1834,0.9601,-0.14,17.49,0.290,,1,1,17.036,0.2453
400.862,0.1939,0.9936,0.1825,0.9539,-0.11,17.51,0.291,,1,1,17.036,0.2453
400.892,0.1915,0.9914,0.1826,0.9835,-0.12,17.56,0.279,,1,1,17.036,0.2453
400.924,0.1889,1.0000,0.1807,1.0404,-0.11,17.61,0.293,,1,1,17.036,0.2453
400.956,0.1850,1.0000,0.1720,1.0134,-0.12,17.66,0.302,,1,1,17.036,0.2453
400.987,0.1785,0.9856,0.1570,0.9188,-0.13,17.70,0.310,,1,1,17.036,0.2453
401.051,0.1693,0.9403,0.1543,0.8658,-0.13,17.77,0.307,,1,1,17.036,0.2453
401.082,0.1672,0.9269,0.1601,0.8829,-0.13,17.80,0.298,,1,1,17.036,0.2453
401.119,0.1672,0.9215,0.1674,0.9065,-0.14,17.87,0.303,,1,1,17.036,0.2453
401.146,0.1649,0.9067,0.1560,0.8506,-0.13,17.92,0.311,,1,1,17.036,0.2453
401.181,0.1614,0.8817,0.1504,0.8052,-0.10,17.96,0.303,,1,1,17.036,0.2453
401.211,0.1601,0.8690,0.1556,0.8257,-0.08,18.01,0.302,,1,1,17.036,0.2453
401.244,0.1577,0.8638,0.1501,0.8484,-0.06,18.05,0.305,,1,1,17.036,0.2453
401.290,0.1557,0.8560,0.1514,0.8389,-0.07,18.16,0.317,,1,1,17.036,0.2453
401.324,0.1554,0.8525,0.1543,0.8418,-0.08,18.19,0.314,,1,1,17.036,0.2453
401.350,0.1552,0.8502,0.1546,0.8411,-0.07,18.19,0.314,,1,1,17.036,0.2453
401.378,0.1565,0.8492,0.1614,0.8456,-0.07,18.19,0.325,,1,1,17.036,0.2453
401.404,0.1569,0.8421,0.1584,0.8139,-0.07,18.20,0.326,,1,1,17.036,0.2453
401.452,0.1636,0.8549,0.1785,0.8830,-0.08,18.28,0.312,,1,1,17.036,0.2453
401.482,0.1666,0.8621,0.1769,0.8867,-0.07,18.32,0.322,,1,1,17.036,0.2453
401.516,0.1663,0.8654,0.1657,0.8758,-0.06,18.34,0.317,,1,1,17.036,0.2453
401.548,0.1669,0.8714,0.1689,0.8913,-0.04,18.35,0.310,,1,1,17.036,0.2453
401.578,0.1668,0.8679,0.1664,0.8556,-0.03,18.34,0.312,,1,1,17.036,0.2453
401.610,0.1688,0.8797,0.1751,0.9184,-0.02,18.32,0.310,,1,1,17.036,0.2453
401.642,0.1703,0.8875,0.1756,0.9138,-0.03,18.31,0.308,,1,1,17.036,0.2453
401.675,0.1721,0.8926,0.1776,0.9082,-0.04,18.29,0.305,,1,1,17.036,0.2453
401.708,0.1726,0.8832,0.1742,0.8529,-0.05,18.28,0.304,,1,1,17.036,0.2453
401.740,0.1762,0.8749,0.1882,0.8470,-0.06,18.27,0.305,,1,1,17.036,0.2453
401.772,0.1788,0.8688,0.1872,0.8487,-0.08,18.25,0.309,,1,1,17.036,0.2453
401.803,0.1818,0.8782,0.1920,0.9100,-0.10,18.22,0.310,,1,1,17.036,0.2453
401.850,0.1838,0.8924,0.1882,0.9238,-0.11,18.21,0.304,,1,1,17.036,0.2453
401.883,0.1820,0.9049,0.1763,0.9455,-0.11,18.20,0.314,,1,1,17.036,0.2453
401.914,0.1701,0.9001,0.1294,0.8839,-0.10,18.18,0.316,,1,1,17.036,0.2453
401.948,0.1611,0.8862,0.1338,0.8433,-0.11,18.20,0.312,,1,1,17.036,0.2453
401.977,0.1558,0.8805,0.1363,0.8597,-0.11,18.21,0.310,,1,1,17.036,0.2453
402.011,0.1519,0.8787,0.1401,0.8730,-0.12,18.22,0.315,,1,1,17.036,0.2453
402.042,0.1510,0.8780,0.1479,0.8759,-0.12,18.24,0.314,,1,1,17.036,0.2453
402.076,0.1508,0.8764,0.1500,0.8712,-0.13,18.26,0.317,,1,1,17.036,0.2453
402.108,0.1509,0.8800,0.1511,0.8918,-0.14,18.30,0.316,,1,1,17.036,0.2453
402.138,0.1505,0.8787,0.1493,0.8742,-0.14,18.30,0.322,,1,1,17.036,0.2453
402.171,0.1543,0.8815,0.1665,0.8903,-0.13,18.32,0.324,,1,1,17.036,0.2453
402.207,0.1548,0.8805,0.1563,0.8777,-0.13,18.36,0.323,,1,1,17.036,0.2453
402.234,0.1545,0.8786,0.1531,0.8712,-0.12,18.40,0.324,,1,1,17.036,0.2453
402.266,0.1539,0.8751,0.1520,0.8632,-0.12,18.45,0.319,,1,1,17.036,0.2453
402.299,0.1534,0.8749,0.1518,0.8743,-0.12,18.50,0.327,,1,1,17.036,0.2453
402.331,0.1531,0.8740,0.1521,0.8708,-0.13,18.52,0.323,,1,1,17.036,0.2453
402.362,0.1541,0.8832,0.1577,0.9149,-0.14,18.54,0.331,,1,1,17.036,0.2453
402.410,0.1559,0.8897,0.1598,0.9041,-0.14,18.56,0.308,,1,1,17.036,0.2453
402.443,0.1713,0.8956,0.2203,0.9142,-0.13,18.60,0.315,,1,1,17.036,0.2453
402.475,0.1991,0.9051,0.2883,0.9360,-0.12,18.62,0.313,,1,1,17.036,0.2453
402.507,0.2299,0.9130,0.3287,0.9392,-0.11,18.68,0.327,,1,1,17.036,0.2453
402.540,0.2545,0.9099,0.3300,0.9001,-0.11,18.74,0.366,,1,1,17.036,0.2453
402.572,0.2744,0.9018,0.3361,0.8752,-0.11,18.81,0.428,,1,1,17.036,0.2453
402.602,0.2899,0.8900,0.3415,0.8484,-0.13,18.91,0.455,,1,1,17.036,0.2453
402.635,0.3077,0.8730,0.3611,0.8198,-0.17,19.06,0.456,,1,1,17.036,0.2453
402.666,0.3190,0.8549,0.3563,0.7931,-0.22,19.20,0.460,,1,1,17.036,0.2453
402.699,0.3334,0.8361,0.3759,0.7791,-0.27,19.31,0.460,,1,1,17.036,0.2453
402.730,0.3492,0.8562,0.3999,0.9235,-0.30,19.33,0.460,,1,1,17.036,0.2453
402.762,0.3672,0.8728,0.4230,0.9280,-0.31,19.33,0.449,,1,1,17.036,0.2453
402.796,0.3882,0.9040,0.4495,0.9993,-0.33,19.31,0.448,,1,1,17.036,0.2453
402.828,0.4030,0.9222,0.4504,0.9827,-0.35,19.32,0.452,,1,1,17.036,0.2453
402.859,0.4182,0.9333,0.4663,0.9695,-0.36,19.28,0.445,,1,1,17.036,0.2453
402.891,0.4347,0.9449,0.4857,0.9817,-0.37,19.20,0.443,,1,1,17.036,0.2453
402.923,0.4519,0.9599,0.5060,1.0082,-0.37,19.19,0.437,,1,1,17.036,0.2453
402.954,0.4687,0.9748,0.5219,1.0230,-0.39,19.19,0.435,,1,1,17.036,0.2453
403.003,0.4848,0.9817,0.5174,0.9960,-0.42,19.19,0.438,,1,1,17.036,0.2453
403.035,0.4958,0.9860,0.5300,0.9997,-0.43,19.20,0.437,,1,1,17.036,0.2453
403.066,0.5045,0.9855,0.5330,0.9836,-0.44,19.21,0.437,,1,1,17.036,0.2453
403.099,0.5114,0.9869,0.5323,0.9915,-0.45,19.17,0.438,,1,1,17.036,0.2453
403.130,0.5167,0.9889,0.5343,0.9957,-0.45,19.15,0.438,,1,1,17.036,0.2453
403.162,0.5207,0.9920,0.5334,1.0018,-0.46,19.10,0.438,,1,1,17.036,0.2453
403.193,0.5230,0.9917,0.5307,0.9906,-0.47,19.05,0.435,,1,1,17.036,0.2453
403.226,0.5240,0.9971,0.5272,1.0147,-0.47,19.03,0.441,,1,1,17.036,0.2453
403.258,0.5253,0.9988,0.5293,1.0043,-0.47,18.98,0.440,,1,1,17.036,0.2453
403.292,0.5255,0.9947,0.5262,0.9815,-0.47,18.98,0.433,,1,1,17.036,0.2453
403.323,0.5251,0.9900,0.5238,0.9745,-0.47,18.97,0.435,,1,1,17.036,0.2453
403.355,0.5234,0.9868,0.5180,0.9762,-0.47,18.95,0.434,,1,1,17.036,0.2453
403.387,0.5215,0.9848,0.5151,0.9783,-0.48,18.95,0.431,,1,1,17.036,0.2453
403.451,0.5153,0.9833,0.5051,0.9807,-0.48,18.99,0.428,,1,1,17.036,0.2453
403.483,0.5122,0.9824,0.5018,0.9794,-0.49,19.00,0.432,,1,1,17.036,0.2453
403.515,0.5089,0.9712,0.4982,0.9348,-0.49,19.03,0.431,,1,1,17.036,0.2453
403.562,0.5050,0.9573,0.4963,0.9263,-0.50,19.04,0.434,,1,1,17.036,0.2453
403.596,0.5031,0.9452,0.4971,0.9074,-0.51,19.03,0.437,,1,1,17.036,0.2453
403.622,0.5018,0.9352,0.4966,0.8969,-0.52,19.02,0.438,,1,1,17.036,0.2453
403.650,0.5002,0.9229,0.4937,0.8761,-0.53,19.04,0.437,,1,1,17.036,0.2453
403.675,0.4990,0.9135,0.4942,0.8758,-0.54,19.05,0.435,,1,1,17.036,0.2453
403.702,0.4980,0.9043,0.4940,0.8682,-0.54,19.05,0.435,,1,1,17.036,0.2453
403.726,0.4975,0.8973,0.4955,0.8684,-0.54,19.05,0.432,,1,1,17.036,0.2453
403.755,0.4975,0.8920,0.4975,0.8736,-0.53,19.07,0.430,,1,1,17.036,0.2453
403.787,0.4982,0.8870,0.5005,0.8710,-0.52,19.08,0.426,,1,1,17.036,0.2453
403.855,0.4934,0.8816,0.4859,0.8733,-0.50,19.23,0.426,,1,1,17.036,0.2453
403.883,0.4915,0.8817,0.4845,0.8824,-0.49,19.29,0.423,,1,1,17.036,0.2453
403.915,0.4901,0.8881,0.4853,0.9089,-0.49,19.31,0.422,,1,1,17.036,0.2453
403.946,0.4889,0.8918,0.4851,0.9043,-0.49,19.32,0.421,,1,1,17.036,0.2453
403.977,0.4878,0.8956,0.4839,0.9085,-0.49,19.32,0.419,,1,1,17.036,0.2453
404.011,0.4840,0.8923,0.4721,0.8823,-0.46,19.28,0.420,,1,1,17.036,0.2453
404.043,0.4784,0.8957,0.4598,0.9070,-0.45,19.28,0.419,,1,1,17.036,0.2453
404.074,0.4715,0.9049,0.4485,0.9358,-0.43,19.22,0.422,,1,1,17.036,0.2453
404.123,0.4615,0.9156,0.4398,0.9389,-0.41,19.18,0.424,,1,1,17.036,0.2453
404.156,0.4563,0.9239,0.4404,0.9493,-0.40,19.18,0.426,,1,1,17.036,0.2453
404.184,0.4532,0.9308,0.4418,0.9566,-0.40,19.18,0.425,,1,1,17.036,0.2453
404.210,0.4501,0.9249,0.4377,0.9014,-0.40,19.22,0.419,,1,1,17.036,0.2453
404.251,0.4467,0.9223,0.4377,0.9154,-0.40,19.20,0.419,,1,1,17.036,0.2453
404.282,0.4454,0.9297,0.4413,0.9538,-0.39,19.24,0.417,,1,1,17.036,0.2453
404.314,0.4450,0.9419,0.4435,0.9821,-0.38,19.26,0.416,,1,1,17.036,0.2453
404.348,0.4447,0.9418,0.4436,0.9414,-0.39,19.26,0.414,,1,1,17.036,0.2453
404.379,0.4434,0.9208,0.4392,0.8509,-0.40,19.28,0.418,,1,1,17.036,0.2453
404.410,0.4454,0.9072,0.4522,0.8615,-0.40,19.30,0.418,,1,1,17.036,0.2453
404.443,0.4496,0.9226,0.4631,0.9719,-0.38,19.29,0.417,,1,1,17.036,0.2453
404.474,0.4537,0.9519,0.4677,1.0498,-0.38,19.31,0.414,,1,1,17.036,0.2453
404.507,0.4552,0.9517,0.4599,0.9514,-0.38,19.31,0.424,,1,1,17.036,0.2453
404.540,0.4549,0.9315,0.4539,0.8673,-0.38,19.22,0.412,,1,1,17.036,0.2453
404.571,0.4544,0.9055,0.4528,0.8170,-0.37,19.20,0.412,,1,1,17.036,0.2453
404.602,0.4544,0.8820,0.4543,0.8051,-0.37,19.20,0.412,,1,1,17.036,0.2453
404.635,0.4533,0.8810,0.4497,0.8781,-0.36,19.20,0.407,,1,1,17.036,0.2453
404.683,0.4550,0.9192,0.4588,1.0035,-0.31,19.24,0.403,,1,1,17.036,0.2453
404.715,0.4559,0.9353,0.4589,0.9886,-0.28,19.24,0.406,,1,1,17.036,0.2453
404.748,0.4532,0.9131,0.4443,0.8421,-0.25,19.28,0.408,,1,1,17.036,0.2453
404.778,0.4517,0.8811,0.4465,0.7731,-0.23,19.28,0.420,,1,1,17.036,0.2453
404.811,0.4503,0.8587,0.4458,0.7883,-0.22,19.31,0.416,,1,1,17.036,0.2453
404.843,0.4505,0.8535,0.4511,0.8372,-0.23,19.37,0.419,,1,1,17.036,0.2453
404.875,0.4503,0.8474,0.4497,0.8274,-0.25,19.40,0.418,,1,1,17.036,0.2453
404.907,0.4454,0.7863,0.4292,0.5973,-0.27,19.46,0.441,,1,1,17.036,0.2453
404.940,0.4361,0.6445,0.4068,0.2516,-0.30,19.52,0.484,,1,1,17.036,0.2453
404.971,0.4269,0.5289,0.3957,0.2018,-0.32,19.57,0.482,,1,1,17.036,0.2453
405.002,0.4212,0.4498,0.4024,0.2310,-0.36,19.61,0.475,,1,1,17.036,0.2453
405.036,0.4190,0.3882,0.4121,0.2251,-0.39,19.68,0.472,,1,1,17.036,0.2453
405.067,0.4185,0.3273,0.4166,0.1627,-0.42,19.75,0.494,,1,1,17.036,0.2453
405.099,0.4152,0.2337,0.4046,-0.0116,-0.48,19.81,0.517,,1,1,17.036,0.2453
405.130,0.4105,0.1594,0.3944,-0.1793,-0.54,19.87,0.523,,1,1,17.036,0.2453
405.162,0.4085,0.1010,0.4018,-0.2077,-0.60,19.88,0.516,,1,1,17.036,0.2453
405.197,0.4149,0.0573,0.4342,-0.0754,-0.63,19.89,0.523,,1,1,17.036,0.2453
405.226,0.4221,0.0422,0.4488,-0.0042,-0.66,19.93,0.528,,1,1,17.036,0.2453
405.274,0.4339,0.0202,0.4594,-0.0208,-0.71,19.99,0.531,,1,1,17.036,0.2453
405.307,0.4436,0.0019,0.4749,-0.0534,-0.73,20.03,0.530,,1,1,17.036,0.2453
405.339,0.4541,0.0000,0.4883,-0.1431,-0.76,20.00,0.526,,1,1,17.036,0.2453
405.369,0.4620,0.0000,0.4888,-0.1170,-0.78,19.97,0.530,,1,1,17.036,0.2453
405.403,0.4707,0.0000,0.4979,0.0212,-0.79,19.92,0.519,,1,1,17.036,0.2453
405.434,0.4794,0.0078,0.5082,0.0648,-0.81,19.93,0.509,,1,1,17.036,0.2453
405.467,0.4879,0.0153,0.5147,0.0388,-0.81,19.92,0.512,,1,1,17.036,0.2453
405.497,0.4940,0.0039,0.5148,-0.0337,-0.83,19.87,0.518,,1,1,17.036,0.2453
405.530,0.4998,0.0000,0.5176,-0.0430,-0.84,19.80,0.515,,1,1,17.036,0.2453
405.564,0.5075,0.0040,0.5316,0.0404,-0.84,19.74,0.506,,1,1,17.036,0.2453
405.595,0.5140,0.0200,0.5355,0.0736,-0.86,19.74,0.501,,1,1,17.036,0.2453
405.627,0.5210,0.0401,0.5432,0.1054,-0.86,19.70,0.501,,1,1,17.036,0.2453
405.659,0.5254,0.0299,0.5395,-0.0035,-0.88,19.68,0.501,,1,1,17.036,0.2453
405.691,0.5308,0.0113,0.5486,-0.0982,-0.91,19.62,0.502,,1,1,17.036,0.2453
405.724,0.5364,0.0000,0.5547,-0.0858,-0.92,19.56,0.493,,1,1,17.036,0.2453
405.756,0.5433,0.0051,0.5649,0.0313,-0.95,19.52,0.487,,1,1,17.036,0.2453
405.787,0.5484,0.0144,0.5657,0.0463,-0.96,19.49,0.488,,1,1,17.036,0.2453
405.868,0.5521,0.0000,0.5568,-0.0473,-0.99,19.45,0.487,,1,1,17.036,0.2453
405.894,0.5518,0.0000,0.5507,-0.0693,-0.99,19.44,0.485,,1,1,17.036,0.2453
405.919,0.5514,0.0000,0.5498,-0.0985,-1.01,19.43,0.479,,1,1,17.036,0.2453
405.942,0.5514,0.0000,0.5512,-0.0676,-1.03,19.42,0.479,,1,1,17.036,0.2453
405.969,0.5508,0.0000,0.5488,-0.0586,-1.05,19.40,0.482,,1,1,17.036,0.2453
405.994,0.5510,0.0000,0.5517,-0.0100,-1.06,19.39,0.487,,1,1,17.036,0.2453
406.027,0.5490,0.0000,0.5426,-0.0298,-1.08,19.39,0.488,,1,1,17.036,0.2453
406.060,0.5430,0.0000,0.5239,-0.1189,-1.08,19.42,0.500,,1,1,17.036,0.2453
406.090,0.5375,0.0000,0.5178,-0.1372,-1.08,19.45,0.495,,1,1,17.036,0.2453
406.122,0.5336,0.0000,0.5209,-0.0625,-1.08,19.49,0.487,,1,1,17.036,0.2453
406.154,0.5310,0.0000,0.5222,-0.0377,-1.09,19.52,0.483,,1,1,17.036,0.2453
406.188,0.5262,0.0000,0.5116,-0.0456,-1.10,19.54,0.487,,1,1,17.036,0.2453
406.255,0.5216,0.0000,0.5145,-0.0447,-1.09,19.44,0.490,,1,1,17.036,0.2453
406.283,0.5208,0.0000,0.5175,0.0035,-1.09,19.38,0.487,,1,1,17.036,0.2453
406.315,0.5213,0.0000,0.5232,0.0545,-1.08,19.33,0.484,,1,1,17.036,0.2453
406.346,0.5221,0.0047,0.5249,0.0615,-1.07,19.24,0.480,,1,1,17.036,0.2453
406.393,0.5215,0.0000,0.5202,-0.0229,-1.06,19.15,0.487,,1,1,17.036,0.2453
406.426,0.5209,0.0000,0.5189,-0.0408,-1.06,19.11,0.482,,1,1,17.036,0.2453
406.451,0.5204,0.0000,0.5184,-0.0524,-1.06,19.09,0.481,,1,1,17.036,0.2453
406.476,0.5216,0.0000,0.5267,0.0750,-1.05,19.08,0.481,,1,1,17.036,0.2453
406.504,0.5228,0.0155,0.5274,0.0827,-1.06,19.08,0.482,,1,1,17.036,0.2453
406.529,0.5246,0.0229,0.5323,0.0521,-1.05,19.04,0.483,,1,1,17.036,0.2453
406.555,0.5243,0.0084,0.5229,-0.0851,-1.05,19.05,0.492,,1,1,17.036,0.2453
406.588,0.5261,0.0000,0.5317,-0.0463,-1.06,19.04,0.479,,1,1,17.036,0.2453
406.653,0.5145,0.0400,0.4959,0.1107,-1.08,18.97,0.474,,1,1,17.036,0.2453
406.684,0.5049,0.0537,0.4727,0.0991,-1.09,18.98,0.469,,1,1,17.036,0.2453
406.716,0.4938,0.0508,0.4561,0.0409,-1.07,19.05,0.457,,1,1,17.036,0.2453
406.746,0.4852,0.0425,0.4562,0.0145,-1.07,19.10,0.450,,1,1,17.036,0.2453
406.779,0.4809,0.0728,0.4676,0.1669,-1.04,19.15,0.449,,1,1,17.036,0.2453
406.810,0.4812,0.1486,0.4823,0.3897,-1.01,19.17,0.430,,1,1,17.036,0.2453
406.842,0.4887,0.3075,0.5133,0.7551,-0.96,19.17,0.323,,1,1,17.036,0.2453
406.874,0.4969,0.4486,0.5248,0.8363,-0.89,19.06,0.204,,1,1,17.036,0.2453
406.907,0.5161,0.5672,0.5767,0.8670,-0.81,18.97,0.251,,1,1,17.036,0.2453
406.955,0.5324,0.6382,0.5677,0.7651,-0.69,19.00,0.249,,1,1,17.036,0.2453
406.988,0.5453,0.6638,0.5860,0.7317,-0.61,19.01,0.271,,1,1,17.036,0.2453
407.014,0.5554,0.6778,0.5953,0.7251,-0.54,19.03,0.284,,1,1,17.036,0.2453
407.055,0.5759,0.7036,0.6261,0.7601,-0.45,19.09,0.295,,1,1,17.036,0.2453
407.089,0.5958,0.7276,0.6567,0.7935,-0.35,19.12,0.313,,1,1,17.036,0.2453
407.115,0.6092,0.7190,0.6601,0.6886,-0.29,19.23,0.335,,1,1,17.036,0.2453
407.148,0.6289,0.7202,0.6890,0.7237,-0.23,19.36,0.339,,1,1,17.036,0.2453
407.178,0.6452,0.7250,0.7005,0.7405,-0.19,19.50,0.348,,1,1,17.036,0.2453
407.210,0.6622,0.7380,0.7147,0.7774,-0.16,19.64,0.358,,1,1,17.036,0.2453
407.242,0.6741,0.7287,0.7115,0.6997,-0.13,19.76,0.367,,1,1,17.036,0.2453
407.275,0.6854,0.7115,0.7209,0.6566,-0.10,19.86,0.376,,1,1,17.036,0.2453
407.307,0.6933,0.6804,0.7175,0.5809,-0.06,19.89,0.387,,1,1,17.036,0.2453
407.339,0.7048,0.6602,0.7412,0.5932,-0.03,19.94,0.387,,1,1,17.036,0.2453
407.373,0.7194,0.6684,0.7622,0.6941,0.00,19.99,0.396,,1,1,17.036,0.2453
407.404,0.7281,0.6790,0.7564,0.7148,0.02,20.00,0.395,,1,1,17.036,0.2453
407.434,0.7337,0.6882,0.7529,0.7201,0.04,20.04,0.399,,1,1,17.036,0.2453
407.465,0.7347,0.6964,0.7377,0.7240,0.06,20.08,0.404,,1,1,17.036,0.2453
407.499,0.7265,0.7162,0.7015,0.7765,0.06,20.15,0.397,,1,1,17.036,0.2453
407.547,0.7090,0.7806,0.6713,0.9141,0.11,20.23,0.399,,1,1,17.036,0.2453
407.579,0.6947,0.8306,0.6468,0.9857,0.13,20.33,0.398,,1,1,17.036,0.2453
407.609,0.6755,0.8653,0.6085,0.9777,0.14,20.45,0.395,,1,1,17.036,0.2453
407.642,0.6443,0.8881,0.5483,0.9546,0.15,20.56,0.363,,1,1,17.036,0.2453
407.674,0.6121,0.9280,0.5085,1.3824,0.17,20.39,0.151,,1,1,17.036,0.2453
407.707,0.5917,0.9594,0.5299,1.6760,0.22,20.29,0.087,,1,1,17.036,0.2453
407.738,0.5744,0.9818,0.5197,1.7094,0.28,20.21,0.113,,1,1,17.036,0.2453
407.773,0.5595,0.9998,0.5161,1.7189,0.32,20.20,0.149,,1,1,17.036,0.2453
407.803,0.5426,1.0000,0.4866,1.6116,0.37,20.27,0.219,,1,1,17.036,0.2453
407.836,0.5217,1.0000,0.4590,1.4718,0.41,20.44,0.295,,1,1,17.036,0.2453
407.868,0.5019,1.0000,0.4403,1.3572,0.44,20.64,0.333,,1,1,17.036,0.2453
407.899,0.4865,1.0000,0.4374,1.3763,0.47,20.77,0.350,,1,1,17.036,0.2453
407.930,0.4713,1.0000,0.4231,1.3750,0.49,20.90,0.361,,1,1,17.036,0.2453
407.962,0.4609,1.0000,0.4286,1.4087,0.50,20.97,0.374,,1,1,17.036,0.2453
407.994,0.4539,1.0000,0.4320,1.3982,0.52,21.05,0.378,,1,1,17.036,0.2453
408.027,0.4475,1.0000,0.4278,1.3895,0.54,21.14,0.382,,1,1,17.036,0.2453
408.062,0.4388,1.0000,0.4140,1.3610,0.55,21.22,0.384,,1,1,17.036,0.2453
408.107,0.4319,1.0000,0.4162,1.3829,0.55,21.40,0.402,,1,1,17.036,0.2453
408.139,0.4340,1.0000,0.4406,1.3986,0.54,21.52,0.402,,1,1,17.036,0.2453
408.172,0.4374,1.0000,0.4478,1.3654,0.52,21.60,0.417,,1,1,17.036,0.2453
408.203,0.4381,1.0000,0.4407,1.1923,0.50,21.62,0.427,,1,1,17.036,0.2453
408.234,0.4431,1.0000,0.4600,1.1037,0.50,21.62,0.430,,1,1,17.036,0.2453
408.266,0.4530,1.0000,0.4856,1.1180,0.49,21.60,0.431,,1,1,17.036,0.2453
408.301,0.4716,1.0000,0.5302,1.1222,0.50,21.49,0.426,,1,1,17.036,0.2453
408.328,0.4932,1.0000,0.5725,1.0298,0.50,21.33,0.441,,1,1,17.036,0.2453
408.363,0.5226,1.0000,0.6078,0.9753,0.50,21.13,0.457,,1,1,17.036,0.2453
408.395,0.5540,0.9853,0.6527,0.8497,0.48,20.96,0.465,,1,1,17.036,0.2453
408.425,0.5778,0.9001,0.6567,0.6250,0.46,20.74,0.472,,1,1,17.036,0.2453
408.461,0.6096,0.8204,0.6965,0.6124,0.44,20.53,0.473,,1,1,17.036,0.2453
408.497,0.6350,0.7200,0.7051,0.4638,0.41,20.24,0.475,,1,1,17.036,0.2453
408.528,0.6560,0.6401,0.7228,0.4107,0.37,19.93,0.474,,1,1,17.036,0.2453
408.556,0.6748,0.5744,0.7389,0.3732,0.36,19.70,0.470,,1,1,17.036,0.2453
408.590,0.6882,0.4868,0.7277,0.2610,0.37,19.39,0.469,,1,1,17.036,0.2453
408.676,0.7268,0.3457,0.7717,0.1993,0.43,19.07,0.476,,1,1,17.036,0.2453
408.716,0.7413,0.2845,0.7780,0.1456,0.45,19.01,0.468,,1,1,17.036,0.2453
408.745,0.7487,0.2429,0.7744,0.1144,0.47,19.00,0.469,,1,1,17.036,0.2453
408.771,0.7548,0.2123,0.7786,0.1070,0.46,18.97,0.475,,1,1,17.036,0.2453
408.801,0.7612,0.1763,0.7825,0.0694,0.46,18.90,0.466,,1,1,17.036,0.2453
408.836,0.7646,0.1314,0.7744,0.0148,0.46,18.80,0.460,,1,1,17.036,0.2453
408.862,0.7648,0.1000,0.7656,-0.0086,0.46,18.75,0.462,,1,1,17.036,0.2453
408.888,0.7640,0.0777,0.7609,0.0007,0.47,18.69,0.462,,1,1,17.036,0.2453
408.915,0.7605,0.0550,0.7467,-0.0230,0.48,18.60,0.462,,1,1,17.036,0.2453
408.942,0.7558,0.0368,0.7378,-0.0247,0.50,18.49,0.463,,1,1,17.036,0.2453
408.970,0.7497,0.0192,0.7269,-0.0390,0.51,18.38,0.463,,1,1,17.036,0.2453
408.998,0.7459,0.0118,0.7321,-0.0125,0.53,18.22,0.459,,1,1,17.036,0.2453
409.053,0.7477,0.0018,0.7511,-0.0157,0.55,17.95,0.464,,1,1,17.036,0.2453
409.085,0.7504,0.0095,0.7592,0.0333,0.57,17.80,0.462,,1,1,17.036,0.2453
409.116,0.7558,0.0064,0.7743,-0.0036,0.58,17.70,0.464,,1,1,17.036,0.2453
409.149,0.7619,0.0252,0.7813,0.0823,0.60,17.59,0.459,,1,1,17.036,0.2453
409.179,0.7661,0.0419,0.7809,0.1013,0.60,17.45,0.455,,1,1,17.036,0.2453
409.209,0.7720,0.0760,0.7922,0.1925,0.60,17.31,0.466,,1,1,17.036,0.2453
409.266,0.7834,0.1465,0.8044,0.2733,0.58,17.17,0.457,,1,1,17.036,0.2453
409.291,0.7891,0.1775,0.8126,0.3012,0.58,17.10,0.456,,1,1,17.036,0.2453
409.319,0.7952,0.2047,0.8184,0.3030,0.56,17.00,0.454,,1,1,17.036,0.2453
409.346,0.8027,0.2232,0.8327,0.2934,0.55,16.90,0.456,,1,1,17.036,0.2453
409.376,0.8100,0.2220,0.8343,0.2182,0.53,16.81,0.456,,1,1,17.036,0.2453
409.402,0.8137,0.2181,0.8278,0.2032,0.51,16.74,0.455,,1,1,17.036,0.2453
409.450,0.8150,0.2238,0.8180,0.2358,0.46,16.79,0.458,,1,1,17.036,0.2453
409.483,0.8133,0.2195,0.8078,0.2059,0.43,16.83,0.455,,1,1,17.036,0.2453
409.515,0.8089,0.2198,0.7943,0.2206,0.40,16.80,0.452,,1,1,17.036,0.2453
409.547,0.8001,0.2252,0.7717,0.2425,0.38,16.79,0.453,,1,1,17.036,0.2453
409.581,0.7905,0.2500,0.7602,0.3250,0.36,16.82,0.448,,1,1,17.036,0.2453
409.610,0.7792,0.2759,0.7390,0.3655,0.35,16.78,0.450,,1,1,17.036,0.2453
409.642,0.7652,0.2868,0.7199,0.3209,0.34,16.84,0.444,,1,1,17.036,0.2453
409.674,0.7496,0.2923,0.6992,0.3096,0.32,16.99,0.443,,1,1,17.036,0.2453
409.706,0.7350,0.3043,0.6885,0.3420,0.31,17.17,0.435,,1,1,17.036,0.2453
409.738,0.7178,0.3181,0.6627,0.3617,0.31,17.29,0.435,,1,1,17.036,0.2453
409.770,0.6961,0.3474,0.6282,0.4385,0.32,17.37,0.432,,1,1,17.036,0.2453
409.819,0.6555,0.3526,0.5712,0.3635,0.31,17.62,0.438,,1,1,17.036,0.2453
409.856,0.6245,0.3659,0.5429,0.4015,0.31,17.81,0.437,,1,1,17.036,0.2453
409.888,0.5988,0.3676,0.5186,0.3731,0.32,17.98,0.437,,1,1,17.036,0.2453
409.915,0.5794,0.3793,0.5090,0.4231,0.33,18.08,0.435,,1,1,17.036,0.2453
409.946,0.5606,0.3961,0.5011,0.4511,0.36,18.15,0.433,,1,1,17.036,0.2453
409.978,0.5472,0.4191,0.5055,0.4919,0.38,18.25,0.432,,1,1,17.036,0.2453
410.012,0.5315,0.4349,0.4857,0.4814,0.41,18.36,0.432,,1,1,17.036,0.2453
410.042,0.5214,0.4481,0.4885,0.4917,0.43,18.43,0.433,,1,1,17.036,0.2453
410.075,0.5108,0.4543,0.4785,0.4736,0.46,18.49,0.434,,1,1,17.036,0.2453
410.106,0.5049,0.4685,0.4862,0.5134,0.46,18.51,0.429,,1,1,17.036,0.2453
410.138,0.5001,0.4779,0.4848,0.5080,0.47,18.55,0.430,,1,1,17.036,0.2453
410.170,0.4968,0.4881,0.4866,0.5195,0.49,18.65,0.428,,1,1,17.036,0.2453
410.205,0.4947,0.4964,0.4885,0.5210,0.51,18.75,0.428,,1,1,17.036,0.2453
410.236,0.4955,0.5026,0.4982,0.5228,0.51,18.89,0.430,,1,1,17.036,0.2453
410.267,0.4971,0.5173,0.5023,0.5652,0.52,18.97,0.424,,1,1,17.036,0.2453
410.299,0.4996,0.5417,0.5077,0.6194,0.53,19.05,0.350,,1,1,17.036,0.2453
410.332,0.5205,0.6772,0.5859,1.0506,0.56,18.93,0.210,,1,1,17.036,0.2453
410.378,0.5478,0.8005,0.6114,1.2225,0.58,18.70,0.153,,1,1,17.036,0.2453
410.410,0.5717,0.8666,0.6480,1.2745,0.61,18.61,0.197,,1,1,17.036,0.2453
410.443,0.5931,0.9150,0.6608,1.4060,0.65,18.47,0.189,,1,1,17.036,0.2453
410.473,0.6108,0.9502,0.6675,1.4819,0.69,18.37,0.227,,1,1,17.036,0.2453
410.506,0.6276,0.9762,0.6801,1.5343,0.73,18.32,0.249,,1,1,17.036,0.2453
410.538,0.6399,0.9955,0.6779,1.5333,0.77,18.31,0.260,,1,1,17.036,0.2453
410.572,0.6503,1.0000,0.6820,1.5715,0.80,18.31,0.275,,1,1,17.036,0.2453
410.602,0.6572,1.0000,0.6806,1.5740,0.82,18.34,0.276,,1,1,17.036,0.2453
410.636,0.6633,1.0000,0.6813,1.6154,0.84,18.38,0.285,,1,1,17.036,0.2453
410.666,0.6676,1.0000,0.6820,1.6418,0.86,18.37,0.285,,1,1,17.036,0.2453
410.699,0.6724,1.0000,0.6878,1.6966,0.88,18.34,0.293,,1,1,17.036,0.2453
410.731,0.6805,1.0000,0.7062,1.7403,0.89,18.29,0.293,,1,1,17.036,0.2453
410.763,0.6902,1.0000,0.7222,1.7324,0.91,18.23,0.300,,1,1,17.036,0.2453
410.796,0.7038,1.0000,0.7444,1.7178,0.92,18.18,0.307,,1,1,17.036,0.2453
410.826,0.7133,1.0000,0.7453,1.7135,0.92,18.12,0.317,,1,1,17.036,0.2453
410.860,0.7262,1.0000,0.7654,1.6907,0.93,18.09,0.331,,1,1,17.036,0.2453
410.891,0.7385,1.0000,0.7785,1.6671,0.93,18.09,0.335,,1,1,17.036,0.2453
410.939,0.7557,1.0000,0.7926,1.7179,0.92,18.03,0.343,,1,1,17.036,0.2453
410.972,0.7668,1.0000,0.8007,1.6945,0.91,17.94,0.352,,1,1,17.036,0.2453
411.004,0.7812,1.0000,0.8260,1.3870,0.89,17.99,0.401,,1,1,17.036,0.2453
411.034,0.7943,1.0000,0.8389,1.3055,0.85,17.96,0.425,,1,1,17.036,0.2453
411.069,0.8139,1.0000,0.8702,1.1767,0.82,17.87,0.437,,1,1,17.036,0.2453
411.098,0.8284,1.0000,0.8787,1.1245,0.76,17.77,0.454,,1,1,17.036,0.2453
411.129,0.8472,1.0000,0.9075,1.0986,0.62,17.33,0.453,,1,1,17.036,0.2453
411.163,0.8701,1.0000,0.9403,1.0152,0.48,16.90,0.468,,1,1,17.036,0.2453
411.194,0.8951,1.0000,0.9727,0.9494,0.40,16.53,0.476,,1,1,17.036,0.2453
411.226,0.9212,1.0000,1.0004,0.9388,0.33,16.32,0.480,,1,1,17.036,0.2453
411.259,0.9506,0.9665,1.0365,0.8627,0.16,15.85,0.486,,1,1,17.036,0.2453
411.291,0.9750,0.8899,1.0531,0.6557,-0.40,13.85,0.486,,1,1,17.036,0.2453
411.324,0.9935,0.8206,1.0874,0.6162,-0.52,12.99,0.483,,1,1,17.036,0.2453
411.355,1.0000,0.7462,1.1031,0.5314,-0.76,11.67,0.483,,1,1,17.036,0.2453
411.387,1.0000,0.6591,1.1069,0.4173,-1.13,9.71,0.478,,1,1,17.036,0.2453
411.453,1.0000,0.5239,1.1352,0.3383,-1.12,8.63,0.475,,1,1,17.036,0.2453
411.484,1.0000,0.4598,1.1483,0.2776,-1.38,7.06,0.472,,1,1,17.036,0.2453
411.531,1.0000,0.3712,1.1366,0.2029,-1.58,5.02,0.471,,1,1,17.036,0.2453
411.557,1.0000,0.3273,1.1322,0.1781,-1.66,4.09,0.471,,1,1,17.036,0.2453
411.584,1.0000,0.3005,1.1357,0.2088,-1.61,3.76,0.472,,1,1,17.036,0.2453
411.609,1.0000,0.2734,1.1326,0.1791,-1.55,3.45,0.468,,1,1,17.036,0.2453
411.638,1.0000,0.2505,1.1266,0.1800,-1.51,3.07,0.468,,1,1,17.036,0.2453
411.665,1.0000,0.2306,1.1253,0.1638,-1.53,2.41,0.469,,1,1,17.036,0.2453
411.693,1.0000,0.2078,1.1154,0.1333,-1.50,2.00,0.468,,1,1,17.036,0.2453
411.722,1.0000,0.1917,1.1096,0.1393,-1.47,2.17,0.472,,1,1,17.036,0.2453
411.755,1.0000,0.1623,1.0863,0.0793,-1.40,2.02,0.476,,1,1,17.036,0.2453
411.788,1.0000,0.1316,1.0753,0.0456,-1.37,2.12,0.474,,1,1,17.036,0.2453
411.850,1.0000,0.1130,1.0220,0.0838,-1.32,3.41,0.476,,1,1,17.036,0.2453
411.883,1.0000,0.1075,0.9432,0.0917,-1.35,4.00,0.471,,1,1,17.036,0.2453
411.915,0.9851,0.1092,0.8869,0.1143,-1.38,4.52,0.467,,1,1,17.036,0.2453
411.946,0.9520,0.1001,0.8459,0.0716,-1.36,5.24,0.470,,1,1,17.036,0.2453
411.980,0.9099,0.0916,0.7868,0.0663,-1.35,6.17,0.468,,1,1,17.036,0.2453
412.015,0.8705,0.1057,0.7591,0.1474,-1.31,6.85,0.455,,1,1,17.036,0.2453
412.044,0.8352,0.1265,0.7178,0.2012,-1.26,7.61,0.446,,1,1,17.036,0.2453
412.090,0.7844,0.1464,0.6777,0.1920,-1.21,8.72,0.446,,1,1,17.036,0.2453
412.122,0.7475,0.1637,0.6388,0.2198,-1.15,9.41,0.444,,1,1,17.036,0.2453
412.157,0.7156,0.1801,0.6288,0.2288,-1.08,10.11,0.442,,1,1,17.036,0.2453
412.183,0.6919,0.2011,0.6046,0.2840,-1.01,10.55,0.442,,1,1,17.036,0.2453
412.211,0.6648,0.2386,0.5730,0.3731,-0.96,11.10,0.440,,1,1,17.036,0.2453
412.252,0.6274,0.2636,0.5399,0.3250,-0.86,11.81,0.433,,1,1,17.036,0.2453
412.283,0.6018,0.2787,0.5249,0.3262,-0.78,12.31,0.438,,1,1,17.036,0.2453
412.315,0.5817,0.3016,0.5213,0.3728,-0.71,12.81,0.434,,1,1,17.036,0.2453
412.347,0.5648,0.3139,0.5127,0.3533,-0.63,13.24,0.432,,1,1,17.036,0.2453
412.378,0.5516,0.3334,0.5116,0.3941,-0.56,13.63,0.435,,1,1,17.036,0.2453
412.410,0.5411,0.3616,0.5091,0.4482,-0.48,13.89,0.430,,1,1,17.036,0.2453
412.442,0.5341,0.3885,0.5121,0.4725,-0.43,14.14,0.432,,1,1,17.036,0.2453
412.474,0.5287,0.4120,0.5112,0.4858,-0.38,14.39,0.433,,1,1,17.036,0.2453
412.506,0.5221,0.4370,0.5028,0.5089,-0.33,14.70,0.432,,1,1,17.036,0.2453
412.538,0.5159,0.4609,0.4962,0.5342,-0.29,15.07,0.431,,1,1,17.036,0.2453
412.571,0.5105,0.4950,0.4937,0.5969,-0.25,15.41,0.429,,1,1,17.036,0.2453
412.605,0.4904,0.5091,0.4317,0.5488,-0.21,15.73,0.430,,1,1,17.036,0.2453
412.652,0.4408,0.5255,0.3357,0.5601,-0.15,15.97,0.421,,1,1,17.036,0.2453
412.684,0.4114,0.5383,0.3204,0.5777,-0.12,16.15,0.417,,1,1,17.036,0.2453
412.715,0.3822,0.5524,0.2921,0.5967,-0.07,16.30,0.414,,1,1,17.036,0.2453
412.747,0.3572,0.5711,0.2795,0.6302,-0.06,16.48,0.415,,1,1,17.036,0.2453
412.778,0.3351,0.5860,0.2664,0.6327,-0.04,16.67,0.412,,1,1,17.036,0.2453
412.809,0.3153,0.6045,0.2537,0.6633,-0.01,16.94,0.417,,1,1,17.036,0.2453
412.843,0.2939,0.6275,0.2313,0.6955,0.02,17.23,0.421,,1,1,17.036,0.2453
412.875,0.2700,0.6444,0.1979,0.6960,0.03,17.54,0.426,,1,1,17.036,0.2453
412.908,0.2421,0.6401,0.1591,0.6268,0.05,17.86,0.431,,1,1,17.036,0.2453
412.939,0.2257,0.6446,0.1757,0.6589,0.06,18.14,0.432,,1,1,17.036,0.2453
412.971,0.2152,0.6528,0.1829,0.6790,0.07,18.43,0.433,,1,1,17.036,0.2453
413.005,0.2040,0.6544,0.1700,0.6593,0.08,18.74,0.434,,1,1,17.036,0.2453
413.035,0.1927,0.6504,0.1574,0.6373,0.10,19.01,0.436,,1,1,17.036,0.2453
413.067,0.1808,0.6387,0.1420,0.5989,0.12,19.22,0.438,,1,1,17.036,0.2453
413.100,0.1700,0.6232,0.1379,0.5747,0.14,19.41,0.443,,1,1,17.036,0.2453
413.131,0.1648,0.6108,0.1479,0.5680,0.16,19.53,0.443,,1,1,17.036,0.2453
413.163,0.1612,0.6043,0.1501,0.5837,0.18,19.63,0.441,,1,1,17.036,0.2453
413.210,0.1592,0.5931,0.1549,0.5684,0.19,19.80,0.449,,1,1,17.036,0.2453
413.241,0.1566,0.5871,0.1479,0.5668,0.21,19.90,0.451,,1,1,17.036,0.2453
413.274,0.1556,0.5753,0.1525,0.5381,0.22,19.98,0.451,,1,1,17.036,0.2453
413.306,0.1570,0.5629,0.1616,0.5225,0.20,20.05,0.449,,1,1,17.036,0.2453
413.340,0.1587,0.5464,0.1639,0.4961,0.20,20.07,0.450,,1,1,17.036,0.2453
413.371,0.1623,0.5252,0.1744,0.4569,0.19,20.09,0.447,,1,1,17.036,0.2453
413.403,0.1714,0.5113,0.2016,0.4669,0.18,20.09,0.445,,1,1,17.036,0.2453
413.436,0.1824,0.4872,0.2190,0.4111,0.19,20.05,0.445,,1,1,17.036,0.2453
413.467,0.1943,0.4440,0.2330,0.3116,0.22,20.06,0.443,,1,1,17.036,0.2453
413.498,0.2042,0.3777,0.2371,0.1769,0.25,20.00,0.420,,1,1,17.036,0.2453
413.530,0.2296,0.3459,0.3123,0.2497,0.33,19.80,0.214,,1,1,17.036,0.2453
413.562,0.2695,0.3706,0.3933,0.4456,0.42,19.63,0.210,,1,1,17.036,0.2453
413.594,0.2931,0.3570,0.3668,0.3150,0.49,19.32,0.198,,1,1,17.036,0.2453
413.628,0.3070,0.3187,0.3498,0.2036,0.58,19.10,0.269,,1,1,17.036,0.2453
413.658,0.3162,0.2783,0.3453,0.1547,0.65,19.02,0.323,,1,1,17.036,0.2453
413.691,0.3170,0.2034,0.3195,-0.0098,0.76,18.99,0.357,,1,1,17.036,0.2453
413.723,0.3222,0.1664,0.3388,0.0582,0.85,18.95,0.365,,1,1,17.036,0.2453
413.755,0.3245,0.1410,0.3320,0.0668,0.91,18.89,0.379,,1,1,17.036,0.2453
413.803,0.3248,0.1131,0.3254,0.0581,0.99,18.89,0.386,,1,1,17.036,0.2453
413.836,0.3241,0.0921,0.3219,0.0309,1.03,18.92,0.391,,1,1,17.036,0.2453
413.867,0.3195,0.0633,0.3041,-0.0253,1.07,18.97,0.399,,1,1,17.036,0.2453
413.898,0.3113,0.0354,0.2835,-0.0650,1.11,19.01,0.398,,1,1,17.036,0.2453
413.930,0.2960,0.0146,0.2432,-0.1516,1.15,19.06,0.401,,1,1,17.036,0.2453
413.963,0.2763,0.0000,0.2157,-0.1527,1.18,19.06,0.399,,1,1,17.036,0.2453
413.994,0.2638,0.0000,0.2226,-0.0800,1.20,19.10,0.397,,1,1,17.036,0.2453
414.025,0.2560,0.0013,0.2302,0.0499,1.20,19.07,0.399,,1,1,17.036,0.2453
414.062,0.2436,0.0081,0.2089,0.0265,1.19,19.01,0.404,,1,1,17.036,0.2453
414.092,0.2309,0.0234,0.1860,0.0779,1.18,18.99,0.411,,1,1,17.036,0.2453
414.122,0.2241,0.0738,0.2015,0.2454,1.16,19.03,0.423,,1,1,17.036,0.2453
414.156,0.2039,0.1222,0.1445,0.2642,1.13,19.05,0.419,,1,1,17.036,0.2453
414.187,0.1804,0.1540,0.1039,0.2568,1.10,19.12,0.422,,1,1,17.036,0.2453
414.250,0.1586,0.2926,0.1233,0.5062,1.10,19.17,0.421,,1,1,17.036,0.2453
414.283,0.1501,0.3675,0.1235,0.5845,1.11,19.23,0.427,,1,1,17.036,0.2453
414.316,0.1405,0.4392,0.1108,0.6385,1.09,19.31,0.425,,1,1,17.036,0.2453
414.362,0.1355,0.5200,0.1245,0.6797,1.04,19.42,0.427,,1,1,17.036,0.2453
414.395,0.1329,0.5679,0.1250,0.7002,1.02,19.48,0.422,,1,1,17.036,0.2453
414.422,0.1304,0.5962,0.1209,0.6912,1.00,19.52,0.422,,1,1,17.036,0.2453
414.451,0.1251,0.6091,0.1054,0.6518,0.97,19.56,0.422,,1,1,17.036,0.2453
414.475,0.1218,0.6211,0.1086,0.6653,0.95,19.63,0.423,,1,1,17.036,0.2453
414.505,0.1198,0.6331,0.1127,0.6714,0.91,19.74,0.419,,1,1,17.036,0.2453
414.530,0.1163,0.6418,0.1017,0.6749,0.88,19.82,0.419,,1,1,17.036,0.2453
414.557,0.1157,0.6509,0.1135,0.6832,0.85,19.86,0.419,,1,1,17.036,0.2453
414.587,0.1129,0.6530,0.1033,0.6597,0.83,19.92,0.419,,1,1,17.036,0.2453
414.650,0.1149,0.7185,0.1183,0.8220,0.80,20.03,0.339,,1,1,17.036,0.2453
414.682,0.1331,0.8054,0.1908,1.1319,0.83,19.96,0.164,,1,1,17.036,0.2453
414.714,0.1670,0.8690,0.2757,1.3428,0.87,19.86,0.134,,1,1,17.036,0.2453
414.747,0.1994,0.9160,0.3014,1.4569,0.91,19.75,0.158,,1,1,17.036,0.2453
414.779,0.2269,0.9506,0.3135,1.4886,0.95,19.66,0.177,,1,1,17.036,0.2453
414.810,0.2477,0.9760,0.3133,1.4815,0.97,19.62,0.189,,1,1,17.036,0.2453
414.843,0.2615,0.9954,0.3029,1.4569,1.00,19.54,0.200,,1,1,17.036,0.2453
414.874,0.2769,1.0000,0.3269,1.4966,1.03,19.52,0.213,,1,1,17.036,0.2453
414.924,0.2925,1.0000,0.3240,1.4984,1.07,19.50,0.225,,1,1,17.036,0.2453
414.955,0.2994,1.0000,0.3220,1.4998,1.09,19.40,0.223,,1,1,17.036,0.2453
414.982,0.3040,1.0000,0.3212,1.5066,1.10,19.26,0.224,,1,1,17.036,0.2453
415.008,0.3110,1.0000,0.3384,1.4950,1.12,19.17,0.234,,1,1,17.036,0.2453
415.052,0.3249,1.0000,0.3569,1.5101,1.16,19.11,0.262,,1,1,17.036,0.2453
415.083,0.3341,1.0000,0.3642,1.5152,1.20,19.14,0.276,,1,1,17.036,0.2453
415.116,0.3451,1.0000,0.3794,1.5440,1.23,19.18,0.283,,1,1,17.036,0.2453
415.147,0.3532,1.0000,0.3795,1.5215,1.25,19.25,0.287,,1,1,17.036,0.2453
415.178,0.3574,1.0000,0.3713,1.4782,1.26,19.33,0.289,,1,1,17.036,0.2453
415.211,0.3656,1.0000,0.3910,1.4790,1.27,19.40,0.294,,1,1,17.036,0.2453
415.243,0.3751,1.0000,0.4049,1.4927,1.27,19.43,0.302,,1,1,17.036,0.2453
415.274,0.3793,1.0000,0.3934,1.3260,1.26,19.45,0.331,,1,1,17.036,0.2453
415.306,0.3854,1.0000,0.4049,1.0886,1.23,19.48,0.389,,1,1,17.036,0.2453
415.339,0.3905,1.0000,0.4063,0.9772,1.19,19.51,0.408,,1,1,17.036,0.2453
415.370,0.3934,0.9941,0.4035,0.8671,1.16,19.50,0.409,,1,1,17.036,0.2453
415.404,0.4008,0.9753,0.4229,0.9195,1.13,19.53,0.411,,1,1,17.036,0.2453
415.435,0.4118,0.9558,0.4475,0.8928,1.10,19.56,0.410,,1,1,17.036,0.2453
415.482,0.4307,0.9208,0.4721,0.8453,1.05,19.52,0.411,,1,1,17.036,0.2453
415.515,0.4441,0.8864,0.4859,0.7825,1.02,19.56,0.417,,1,1,17.036,0.2453
415.546,0.4539,0.8458,0.4857,0.7194,1.01,19.56,0.419,,1,1,17.036,0.2453
415.578,0.4733,0.8377,0.5361,0.8121,1.01,19.55,0.409,,1,1,17.036,0.2453
415.611,0.4991,0.8569,0.5779,0.9160,1.02,19.46,0.384,,1,1,17.036,0.2453
415.643,0.5261,0.8900,0.6093,0.9968,1.04,19.46,0.367,,1,1,17.036,0.2453
415.675,0.5589,0.9271,0.6607,1.1153,1.05,19.34,0.352,,1,1,17.036,0.2453
415.708,0.5901,0.9572,0.6812,1.0780,1.05,19.16,0.349,,1,1,17.036,0.2453
415.739,0.6202,0.9787,0.7153,1.1538,1.05,18.98,0.351,,1,1,17.036,0.2453
415.772,0.6407,0.9959,0.7024,1.0805,1.06,18.89,0.352,,1,1,17.036,0.2453
415.804,0.6553,1.0000,0.6998,1.0834,1.06,18.78,0.351,,1,1,17.036,0.2453
415.837,0.6666,1.0000,0.6994,1.0726,1.06,18.68,0.352,,1,1,17.036,0.2453
415.867,0.6759,1.0000,0.7062,1.0987,1.05,18.58,0.350,,1,1,17.036,0.2453
415.899,0.6830,1.0000,0.7047,1.1083,1.05,18.48,0.355,,1,1,17.036,0.2453
415.931,0.6869,1.0000,0.6995,1.0786,1.05,18.39,0.351,,1,1,17.036,0.2453
415.962,0.6902,1.0000,0.7008,1.0844,1.06,18.29,0.354,,1,1,17.036,0.2453
415.996,0.6922,1.0000,0.6983,1.0353,1.07,18.22,0.347,,1,1,17.036,0.2453
416.028,0.6902,0.9975,0.6838,0.8608,1.10,18.17,0.386,,1,1,17.036,0.2453
416.076,0.6845,0.9334,0.6724,0.7988,1.13,18.07,0.393,,1,1,17.036,0.2453
416.107,0.6773,0.8837,0.6526,0.7217,1.15,18.11,0.403,,1,1,17.036,0.2453
416.139,0.6691,0.8344,0.6429,0.6890,1.17,18.10,0.406,,1,1,17.036,0.2453
416.171,0.6584,0.7758,0.6225,0.6004,1.17,18.07,0.413,,1,1,17.036,0.2453
416.204,0.6474,0.7336,0.6119,0.6116,1.16,18.13,0.410,,1,1,17.036,0.2453
416.236,0.6349,0.6994,0.5955,0.6012,1.15,18.19,0.414,,1,1,17.036,0.2453
416.267,0.6224,0.6637,0.5805,0.5556,1.13,18.25,0.416,,1,1,17.036,0.2453
416.299,0.6095,0.6190,0.5670,0.4861,1.12,18.33,0.427,,1,1,17.036,0.2453
416.332,0.5960,0.5837,0.5533,0.4826,1.12,18.36,0.438,,1,1,17.036,0.2453
416.364,0.5862,0.5626,0.5551,0.5015,1.11,18.36,0.440,,1,1,17.036,0.2453
416.396,0.5789,0.5451,0.5561,0.4940,1.10,18.39,0.440,,1,1,17.036,0.2453
416.426,0.5743,0.5303,0.5585,0.4837,1.08,18.44,0.437,,1,1,17.036,0.2453
416.459,0.5703,0.5166,0.5578,0.4760,1.07,18.54,0.433,,1,1,17.036,0.2453
416.492,0.5680,0.5043,0.5607,0.4686,1.05,18.62,0.436,,1,1,17.036,0.2453
416.522,0.5666,0.4925,0.5618,0.4545,1.04,18.68,0.436,,1,1,17.036,0.2453
416.554,0.5649,0.4847,0.5593,0.4605,1.03,18.77,0.439,,1,1,17.036,0.2453
416.588,0.5614,0.4713,0.5503,0.4303,1.01,18.89,0.440,,1,1,17.036,0.2453
416.671,0.5641,0.4689,0.5675,0.4660,1.01,19.01,0.437,,1,1,17.036,0.2453
416.698,0.5655,0.4701,0.5709,0.4749,1.01,19.03,0.436,,1,1,17.036,0.2453
416.724,0.5662,0.4681,0.5692,0.4600,0.99,19.03,0.435,,1,1,17.036,0.2453
416.758,0.5687,0.4588,0.5764,0.4313,0.97,19.05,0.432,,1,1,17.036,0.2453
416.796,0.5854,0.4473,0.6317,0.4163,0.94,19.13,0.432,,1,1,17.036,0.2453
416.831,0.6010,0.4229,0.6470,0.3529,0.93,19.17,0.432,,1,1,17.036,0.2453
416.863,0.6151,0.4035,0.6607,0.3427,0.92,19.22,0.433,,1,1,17.036,0.2453
416.889,0.6246,0.4012,0.6638,0.3918,0.91,19.25,0.439,,1,1,17.036,0.2453
416.917,0.6347,0.4050,0.6703,0.4185,0.90,19.26,0.439,,1,1,17.036,0.2453
416.942,0.6416,0.4104,0.6700,0.4324,0.89,19.30,0.445,,1,1,17.036,0.2453
416.971,0.6481,0.4141,0.6710,0.4274,0.88,19.34,0.446,,1,1,17.036,0.2453
416.999,0.6527,0.4148,0.6697,0.4175,0.88,19.35,0.448,,1,1,17.036,0.2453
417.051,0.6609,0.4062,0.6769,0.3892,0.81,19.27,0.450,,1,1,17.036,0.2453
417.083,0.6644,0.4039,0.6763,0.3962,0.79,19.30,0.453,,1,1,17.036,0.2453
417.115,0.6688,0.3918,0.6830,0.3519,0.79,19.31,0.450,,1,1,17.036,0.2453
417.148,0.6723,0.3828,0.6834,0.3550,0.79,19.30,0.450,,1,1,17.036,0.2453
417.196,0.6759,0.3726,0.6837,0.3503,0.78,19.33,0.452,,1,1,17.036,0.2453
417.226,0.6780,0.3661,0.6851,0.3446,0.78,19.26,0.454,,1,1,17.036,0.2453
417.253,0.6794,0.3594,0.6846,0.3333,0.78,19.14,0.454,,1,1,17.036,0.2453
417.277,0.6810,0.3549,0.6887,0.3344,0.77,19.00,0.452,,1,1,17.036,0.2453
417.302,0.6837,0.3537,0.6939,0.3493,0.76,18.88,0.451,,1,1,17.036,0.2453
417.330,0.6893,0.3503,0.7107,0.3373,0.77,18.77,0.452,,1,1,17.036,0.2453
417.359,0.6956,0.3510,0.7180,0.3534,0.76,18.77,0.455,,1,1,17.036,0.2453
417.391,0.7012,0.3559,0.7196,0.3726,0.74,18.82,0.450,,1,1,17.036,0.2453
417.453,0.7163,0.3519,0.7416,0.3452,0.73,18.77,0.445,,1,1,17.036,0.2453
417.487,0.7234,0.3566,0.7455,0.3713,0.72,18.75,0.445,,1,1,17.036,0.2453
417.515,0.7288,0.3546,0.7479,0.3473,0.71,18.74,0.445,,1,1,17.036,0.2453
417.549,0.7364,0.3532,0.7595,0.3488,0.70,18.75,0.416,,1,1,17.036,0.2453
417.585,0.7497,0.4295,0.7889,0.6509,0.71,18.62,0.315,,1,1,17.036,0.2453
417.616,0.7604,0.5439,0.7949,0.8868,0.74,18.37,0.222,,1,1,17.036,0.2453
417.645,0.7696,0.6358,0.8022,0.9216,0.76,18.14,0.238,,1,1,17.036,0.2453
417.675,0.7798,0.7336,0.8147,1.0226,0.80,17.95,0.254,,1,1,17.036,0.2453
417.707,0.7881,0.8139,0.8145,1.0310,0.84,17.81,0.267,,1,1,17.036,0.2453
417.740,0.7942,0.8693,0.8137,1.0187,0.85,17.64,0.270,,1,1,17.036,0.2453
417.787,0.8033,0.9328,0.8229,1.0604,0.88,17.48,0.275,,1,1,17.036,0.2453
417.816,0.8088,0.9617,0.8279,1.0998,0.89,17.40,0.279,,1,1,17.036,0.2453
417.853,0.8209,0.9866,0.8560,1.1749,0.89,17.27,0.286,,1,1,17.036,0.2453
417.884,0.8293,1.0000,0.8559,1.2010,0.90,17.16,0.292,,1,1,17.036,0.2453
417.915,0.8352,1.0000,0.8548,1.1965,0.91,17.09,0.296,,1,1,17.036,0.2453
417.947,0.8419,1.0000,0.8637,1.2322,0.90,16.95,0.303,,1,1,17.036,0.2453
417.978,0.8463,1.0000,0.8606,1.2075,0.90,16.84,0.291,,1,1,17.036,0.2453
418.011,0.8395,1.0000,0.8177,1.1640,0.89,16.72,0.285,,1,1,17.036,0.2453
418.043,0.8317,1.0000,0.8056,1.1811,0.89,16.58,0.290,,1,1,17.036,0.2453
418.074,0.8239,1.0000,0.7981,1.1164,0.89,16.46,0.282,,1,1,17.036,0.2453
418.107,0.8151,1.0000,0.7864,1.0966,0.89,16.49,0.276,,1,1,17.036,0.2453
418.138,0.8109,1.0000,0.7967,1.1573,0.89,16.45,0.283,,1,1,17.036,0.2453
418.171,0.7997,1.0000,0.7634,1.1556,0.91,16.36,0.287,,1,1,17.036,0.2453
418.203,0.7759,1.0000,0.7015,1.2079,0.93,16.17,0.287,,1,1,17.036,0.2453
418.236,0.7455,1.0000,0.6511,1.2135,0.94,16.16,0.291,,1,1,17.036,0.2453
418.269,0.7157,1.0000,0.6257,1.1462,0.95,16.30,0.297,,1,1,17.036,0.2453
418.299,0.6892,1.0000,0.6006,1.1676,0.96,16.45,0.299,,1,1,17.036,0.2453
418.348,0.6509,1.0000,0.5743,1.1737,0.96,16.86,0.301,,1,1,17.036,0.2453
418.378,0.6372,1.0000,0.5920,1.2401,0.98,17.03,0.298,,1,1,17.036,0.2453
418.410,0.6227,1.0000,0.5778,1.2145,1.01,17.20,0.298,,1,1,17.036,0.2453
418.443,0.6053,1.0000,0.5519,1.1594,1.04,17.40,0.296,,1,1,17.036,0.2453
418.474,0.5917,1.0000,0.5488,1.2264,1.05,17.55,0.312,,1,1,17.036,0.2453
418.506,0.5806,1.0000,0.5455,1.1924,1.08,17.67,0.310,,1,1,17.036,0.2453
418.539,0.5682,1.0000,0.5312,1.1830,1.10,17.76,0.312,,1,1,17.036,0.2453
418.572,0.5555,1.0000,0.5167,1.1980,1.12,17.84,0.314,,1,1,17.036,0.2453
418.603,0.5449,1.0000,0.5114,1.1422,1.13,17.90,0.340,,1,1,17.036,0.2453
418.635,0.5328,1.0000,0.4943,0.9109,1.12,17.97,0.411,,1,1,17.036,0.2453
418.667,0.5212,0.9551,0.4845,0.7589,1.10,18.05,0.459,,1,1,17.036,0.2453
418.699,0.5097,0.8731,0.4744,0.6318,1.06,18.13,0.492,,1,1,17.036,0.2453
418.731,0.5036,0.8020,0.4842,0.5923,1.01,18.22,0.493,,1,1,17.036,0.2453
418.764,0.5001,0.7343,0.4890,0.5464,0.95,18.35,0.488,,1,1,17.036,0.2453
418.795,0.4967,0.6759,0.4858,0.5063,0.90,18.50,0.483,,1,1,17.036,0.2453
418.828,0.4974,0.6220,0.4994,0.4765,0.87,18.61,0.488,,1,1,17.036,0.2453
418.859,0.4968,0.5580,0.4949,0.3697,0.83,18.78,0.486,,1,1,17.036,0.2453
418.906,0.5054,0.5041,0.5244,0.4014,0.81,18.91,0.487,,1,1,17.036,0.2453
418.942,0.5132,0.4734,0.5360,0.3945,0.79,18.96,0.482,,1,1,17.036,0.2453
418.970,0.5204,0.4503,0.5471,0.3765,0.79,19.00,0.479,,1,1,17.036,0.2453
419.004,0.5280,0.4168,0.5516,0.3253,0.78,19.04,0.476,,1,1,17.036,0.2453
419.036,0.5349,0.3816,0.5580,0.2791,0.77,19.01,0.473,,1,1,17.036,0.2453
419.070,0.5404,0.3477,0.5574,0.2551,0.76,18.98,0.471,,1,1,17.036,0.2453
419.104,0.5458,0.3254,0.5622,0.2641,0.75,18.92,0.470,,1,1,17.036,0.2453
419.133,0.5505,0.3097,0.5676,0.2587,0.75,18.89,0.469,,1,1,17.036,0.2453
419.163,0.5539,0.2867,0.5655,0.2142,0.74,18.90,0.462,,1,1,17.036,0.2453
419.196,0.5560,0.2657,0.5628,0.2049,0.74,18.88,0.464,,1,1,17.036,0.2453
419.226,0.5572,0.2501,0.5611,0.2012,0.75,18.87,0.461,,1,1,17.036,0.2453
419.258,0.5584,0.2407,0.5623,0.2123,0.76,18.86,0.460,,1,1,17.036,0.2453
419.291,0.5601,0.2430,0.5659,0.2500,0.76,18.86,0.458,,1,1,17.036,0.2453
419.323,0.5546,0.2397,0.5371,0.2298,0.76,18.86,0.449,,1,1,17.036,0.2453
419.355,0.5392,0.2478,0.4885,0.2733,0.76,18.88,0.444,,1,1,17.036,0.2453
419.387,0.5212,0.2615,0.4617,0.3064,0.75,18.84,0.443,,1,1,17.036,0.2453
419.467,0.4729,0.2630,0.4108,0.2650,0.79,18.73,0.445,,1,1,17.036,0.2453
419.499,0.4527,0.2659,0.3856,0.2756,0.81,18.80,0.432,,1,1,17.036,0.2453
419.527,0.4374,0.2713,0.3818,0.2917,0.83,18.87,0.427,,1,1,17.036,0.2453
419.555,0.4144,0.2747,0.3350,0.2871,0.85,18.90,0.430,,1,1,17.036,0.2453
419.581,0.4028,0.2997,0.3582,0.3991,0.86,18.90,0.425,,1,1,17.036,0.2453
419.606,0.3843,0.3217,0.3106,0.4118,0.85,18.87,0.422,,1,1,17.036,0.2453
419.634,0.3668,0.3431,0.3043,0.4214,0.84,18.88,0.430,,1,1,17.036,0.2453
419.660,0.3527,0.3706,0.3007,0.4734,0.85,18.85,0.427,,1,1,17.036,0.2453
419.692,0.3276,0.3741,0.2500,0.3851,0.83,18.87,0.433,,1,1,17.036,0.2453
419.722,0.3097,0.3918,0.2517,0.4497,0.82,18.89,0.431,,1,1,17.036,0.2453
419.755,0.2908,0.3980,0.2338,0.4174,0.81,18.92,0.433,,1,1,17.036,0.2453
419.786,0.2804,0.4054,0.2477,0.4291,0.79,18.93,0.437,,1,1,17.036,0.2453
419.854,0.2664,0.4082,0.2456,0.4123,0.74,19.02,0.436,,1,1,17.036,0.2453
419.883,0.2611,0.4024,0.2421,0.3810,0.72,19.05,0.438,,1,1,17.036,0.2453
419.914,0.2508,0.3843,0.2179,0.3240,0.70,19.08,0.439,,1,1,17.036,0.2453
419.947,0.2431,0.3791,0.2196,0.3626,0.72,19.13,0.440,,1,1,17.036,0.2453
419.978,0.2384,0.3773,0.2230,0.3711,0.72,19.19,0.442,,1,1,17.036,0.2453
420.012,0.2361,0.3780,0.2293,0.3802,0.73,19.24,0.441,,1,1,17.036,0.2453
420.060,0.2314,0.3606,0.2213,0.3231,0.72,19.27,0.453,,1,1,17.036,0.2453
420.091,0.2332,0.3498,0.2396,0.3130,0.70,19.33,0.461,,1,1,17.036,0.2453
420.116,0.2348,0.3421,0.2416,0.3089,0.68,19.37,0.463,,1,1,17.036,0.2453
420.140,0.2357,0.3318,0.2393,0.2896,0.67,19.42,0.466,,1,1,17.036,0.2453
420.166,0.2370,0.3202,0.2426,0.2730,0.65,19.46,0.468,,1,1,17.036,0.2453
420.195,0.2381,0.2948,0.2418,0.2075,0.64,19.45,0.480,,1,1,17.036,0.2453
420.251,0.2357,0.2393,0.2311,0.1392,0.60,19.55,0.493,,1,1,17.036,0.2453
420.282,0.2355,0.2072,0.2348,0.1055,0.57,19.63,0.492,,1,1,17.036,0.2453
420.315,0.2382,0.1859,0.2468,0.1224,0.56,19.63,0.490,,1,1,17.036,0.2453
420.346,0.2385,0.1683,0.2394,0.1134,0.55,19.62,0.492,,1,1,17.036,0.2453
420.379,0.2404,0.1537,0.2467,0.1089,0.52,19.62,0.489,,1,1,17.036,0.2453
420.410,0.2370,0.1353,0.2256,0.0769,0.50,19.59,0.487,,1,1,17.036,0.2453
420.443,0.2346,0.1255,0.2268,0.0957,0.49,19.57,0.485,,1,1,17.036,0.2453
420.474,0.2335,0.1215,0.2298,0.1090,0.48,19.53,0.482,,1,1,17.036,0.2453
420.506,0.2352,0.1340,0.2408,0.1735,0.48,19.53,0.480,,1,1,17.036,0.2453
420.539,0.2324,0.1404,0.2232,0.1607,0.48,19.48,0.481,,1,1,17.036,0.2453
420.570,0.2312,0.1466,0.2273,0.1674,0.48,19.53,0.482,,1,1,17.036,0.2453
420.618,0.2246,0.1370,0.2100,0.1160,0.50,19.41,0.481,,1,1,17.036,0.2453
420.652,0.2181,0.1327,0.1983,0.1195,0.52,19.32,0.474,,1,1,17.036,0.2453
420.684,0.2137,0.1313,0.1991,0.1269,0.53,19.28,0.471,,1,1,17.036,0.2453
420.713,0.2106,0.1289,0.1994,0.1202,0.53,19.30,0.466,,1,1,17.036,0.2453
420.746,0.2056,0.1296,0.1901,0.1317,0.53,19.38,0.463,,1,1,17.036,0.2453
420.778,0.2022,0.1371,0.1905,0.1624,0.52,19.44,0.462,,1,1,17.036,0.2453
420.811,0.2016,0.1522,0.2000,0.2006,0.51,19.50,0.459,,1,1,17.036,0.2453
420.843,0.2003,0.1655,0.1958,0.2084,0.50,19.55,0.456,,1,1,17.036,0.2453
420.876,0.1992,0.1740,0.1959,0.2010,0.49,19.60,0.456,,1,1,17.036,0.2453
420.906,0.1989,0.1826,0.1977,0.2124,0.47,19.65,0.458,,1,1,17.036,0.2453
420.940,0.1952,0.1867,0.1840,0.1991,0.47,19.70,0.456,,1,1,17.036,0.2453
420.972,0.1897,0.1908,0.1713,0.2040,0.46,19.73,0.456,,1,1,17.036,0.2453
421.004,0.1865,0.1990,0.1761,0.2258,0.46,19.76,0.455,,1,1,17.036,0.2453
421.035,0.1835,0.2061,0.1735,0.2290,0.47,19.79,0.457,,1,1,17.036,0.2453
421.069,0.1826,0.2339,0.1798,0.3192,0.48,19.84,0.435,,1,1,17.036,0.2453
421.100,0.1933,0.3413,0.2302,0.6732,0.52,19.83,0.279,,1,1,17.036,0.2453
421.130,0.2058,0.4695,0.2488,0.8468,0.58,19.74,0.233,,1,1,17.036,0.2453
421.178,0.2133,0.5987,0.2301,0.8422,0.66,19.69,0.250,,1,1,17.036,0.2453
421.210,0.2148,0.6746,0.2196,0.8766,0.70,19.74,0.283,,1,1,17.036,0.2453
421.242,0.2162,0.7313,0.2209,0.8839,0.75,19.79,0.293,,1,1,17.036,0.2453
421.275,0.2171,0.7769,0.2201,0.9008,0.79,19.84,0.301,,1,1,17.036,0.2453
421.309,0.2164,0.8143,0.2142,0.9112,0.82,19.94,0.307,,1,1,17.036,0.2453
421.339,0.2128,0.8390,0.2001,0.9133,0.85,20.02,0.313,,1,1,17.036,0.2453
421.369,0.2112,0.8674,0.2054,0.9526,0.88,20.10,0.305,,1,1,17.036,0.2453
421.404,0.2077,0.8966,0.1970,0.9754,0.89,20.14,0.304,,1,1,17.036,0.2453
421.434,0.2061,0.9348,0.2007,1.0474,0.92,20.15,0.310,,1,1,17.036,0.2453
421.468,0.2065,0.9661,0.2077,1.0903,0.95,20.19,0.311,,1,1,17.036,0.2453
421.498,0.2055,0.9865,0.2017,1.1070,0.96,20.24,0.316,,1,1,17.036,0.2453
421.530,0.1982,1.0000,0.1744,1.0769,0.98,20.29,0.321,,1,1,17.036,0.2453
421.563,0.1913,1.0000,0.1695,1.0374,0.99,20.35,0.319,,1,1,17.036,0.2453
421.595,0.1852,1.0000,0.1649,1.0056,0.99,20.36,0.313,,1,1,17.036,0.2453
421.627,0.1797,1.0000,0.1615,1.0247,1.01,20.37,0.318,,1,1,17.036,0.2453
421.657,0.1753,1.0000,0.1605,1.0079,1.02,20.40,0.314,,1,1,17.036,0.2453
421.691,0.1691,1.0000,0.1502,0.9805,1.05,20.44,0.318,,1,1,17.036,0.2453
421.738,0.1659,0.9987,0.1587,0.9864,1.06,20.48,0.310,,1,1,17.036,0.2453
421.771,0.1645,1.0000,0.1598,1.0039,1.07,20.49,0.312,,1,1,17.036,0.2453
421.802,0.1633,0.9969,0.1594,0.9867,1.07,20.49,0.310,,1,1,17.036,0.2453
421.836,0.1605,0.9922,0.1516,0.9774,1.08,20.51,0.309,,1,1,17.036,0.2453
421.869,0.1604,0.9857,0.1600,0.9649,1.08,20.52,0.312,,1,1,17.036,0.2453
421.899,0.1623,0.9847,0.1690,0.9812,1.07,20.53,0.313,,1,1,17.036,0.2453
421.931,0.1754,0.9810,0.2186,0.9688,1.07,20.54,0.307,,1,1,17.036,0.2453
421.963,0.1988,0.9842,0.2758,0.9950,1.07,20.59,0.302,,1,1,17.036,0.2453
421.994,0.2246,0.9915,0.3099,1.0162,1.08,20.64,0.308,,1,1,17.036,0.2453
422.026,0.2495,0.9930,0.3271,0.9977,1.09,20.66,0.313,,1,1,17.036,0.2453
422.062,0.2758,0.9879,0.3505,0.9726,1.11,20.70,0.320,,1,1,17.036,0.2453
422.090,0.2994,0.9921,0.3824,1.0080,1.12,20.72,0.321,,1,1,17.036,0.2453
422.123,0.3277,1.0000,0.4121,1.0441,1.15,20.69,0.321,,1,1,17.036,0.2453
422.155,0.3590,1.0000,0.4558,1.0751,1.17,20.62,0.320,,1,1,17.036,0.2453
422.186,0.3859,1.0000,0.4693,1.1152,1.17,20.58,0.328,,1,1,17.036,0.2453
422.251,0.4208,1.0000,0.4744,1.1453,1.22,20.35,0.325,,1,1,17.036,0.2453
422.283,0.4431,1.0000,0.5093,1.1960,1.24,20.25,0.323,,1,1,17.036,0.2453
422.333,0.4640,1.0000,0.5057,1.1474,1.24,20.15,0.325,,1,1,17.036,0.2453
422.362,0.4731,1.0000,0.5039,1.1055,1.26,20.09,0.323,,1,1,17.036,0.2453
422.388,0.4790,1.0000,0.5015,1.0838,1.27,20.05,0.322,,1,1,17.036,0.2453
422.414,0.4860,1.0000,0.5135,1.0863,1.27,20.05,0.320,,1,1,17.036,0.2453
422.441,0.4924,1.0000,0.5159,1.0808,1.29,19.99,0.322,,1,1,17.036,0.2453
422.468,0.4979,1.0000,0.5186,1.0875,1.29,19.93,0.326,,1,1,17.036,0.2453
422.495,0.5027,1.0000,0.5205,1.0863,1.30,19.89,0.330,,1,1,17.036,0.2453
422.523,0.5024,1.0000,0.5013,0.8691,1.29,19.87,0.386,,1,1,17.036,0.2453
422.554,0.5005,0.9470,0.4944,0.7468,1.26,19.88,0.429,,1,1,17.036,0.2453
422.588,0.4976,0.8605,0.4886,0.6112,1.23,19.87,0.440,,1,1,17.036,0.2453
422.651,0.5059,0.7075,0.5193,0.4819,1.15,19.91,0.448,,1,1,17.036,0.2453
422.682,0.5131,0.6558,0.5371,0.5049,1.12,19.96,0.443,,1,1,17.036,0.2453
422.715,0.5216,0.6140,0.5484,0.4967,1.08,19.97,0.443,,1,1,17.036,0.2453
422.749,0.5298,0.5737,0.5558,0.4601,1.04,19.91,0.448,,1,1,17.036,0.2453
422.778,0.5371,0.5350,0.5617,0.4177,1.00,19.88,0.463,,1,1,17.036,0.2453
422.810,0.5437,0.4859,0.5656,0.3427,0.95,19.85,0.474,,1,1,17.036,0.2453
422.842,0.5496,0.4347,0.5686,0.2900,0.92,19.80,0.475,,1,1,17.036,0.2453
422.890,0.5543,0.3853,0.5642,0.2914,0.88,19.67,0.480,,1,1,17.036,0.2453
422.923,0.5581,0.3641,0.5706,0.3023,0.86,19.62,0.481,,1,1,17.036,0.2453
422.950,0.5611,0.3489,0.5724,0.2980,0.84,19.59,0.480,,1,1,17.036,0.2453
422.977,0.5640,0.3341,0.5748,0.2829,0.83,19.57,0.481,,1,1,17.036,0.2453
423.004,0.5669,0.3198,0.5782,0.2685,0.81,19.58,0.481,,1,1,17.036,0.2453
423.051,0.5704,0.3032,0.5781,0.2696,0.80,19.54,0.478,,1,1,17.036,0.2453
423.083,0.5724,0.2925,0.5793,0.2589,0.79,19.50,0.477,,1,1,17.036,0.2453
423.116,0.5757,0.2893,0.5862,0.2798,0.79,19.43,0.477,,1,1,17.036,0.2453
423.147,0.5777,0.2785,0.5840,0.2457,0.79,19.36,0.480,,1,1,17.036,0.2453
423.179,0.5799,0.2695,0.5870,0.2411,0.79,19.34,0.478,,1,1,17.036,0.2453
423.209,0.5807,0.2607,0.5838,0.2317,0.78,19.29,0.474,,1,1,17.036,0.2453
423.244,0.5809,0.2498,0.5816,0.2182,0.79,19.23,0.469,,1,1,17.036,0.2453
423.275,0.5821,0.2466,0.5858,0.2360,0.79,19.23,0.467,,1,1,17.036,0.2453
423.306,0.5828,0.2421,0.5854,0.2278,0.78,19.25,0.468,,1,1,17.036,0.2453
423.338,0.5835,0.2375,0.5859,0.2228,0.77,19.26,0.465,,1,1,17.036,0.2453
423.370,0.5844,0.2345,0.5874,0.2250,0.76,19.26,0.466,,1,1,17.036,0.2453
423.403,0.5856,0.2335,0.5894,0.2303,0.76,19.26,0.461,,1,1,17.036,0.2453
423.451,0.5867,0.2237,0.5890,0.2029,0.77,19.31,0.458,,1,1,17.036,0.2453
423.484,0.5886,0.2076,0.5949,0.1574,0.75,19.31,0.454,,1,1,17.036,0.2453
423.515,0.5946,0.2022,0.6152,0.1838,0.73,19.25,0.446,,1,1,17.036,0.2453
423.547,0.6170,0.2021,0.6882,0.2020,0.73,19.15,0.443,,1,1,17.036,0.2453
423.579,0.6401,0.1873,0.7138,0.1397,0.73,19.08,0.444,,1,1,17.036,0.2453
423.612,0.6629,0.1821,0.7338,0.1658,0.73,19.02,0.450,,1,1,17.036,0.2453
423.643,0.6839,0.2009,0.7528,0.2652,0.72,18.95,0.454,,1,1,17.036,0.2453
423.674,0.7051,0.2192,0.7727,0.2808,0.69,18.91,0.457,,1,1,17.036,0.2453
423.707,0.7286,0.2351,0.7991,0.2855,0.66,18.85,0.459,,1,1,17.036,0.2453
423.740,0.7540,0.2551,0.8302,0.3179,0.62,18.74,0.452,,1,1,17.036,0.2453
423.771,0.7731,0.2704,0.8346,0.3215,0.59,18.67,0.451,,1,1,17.036,0.2453
423.803,0.7870,0.2840,0.8295,0.3274,0.55,18.54,0.454,,1,1,17.036,0.2453
423.836,0.7995,0.2937,0.8374,0.3236,0.53,18.46,0.454,,1,1,17.036,0.2453
423.868,0.8082,0.2954,0.8354,0.3011,0.51,18.41,0.461,,1,1,17.036,0.2453
423.899,0.8173,0.2930,0.8461,0.2853,0.50,18.33,0.462,,1,1,17.036,0.2453
423.932,0.8241,0.2865,0.8449,0.2655,0.47,18.20,0.462,,1,1,17.036,0.2453
423.964,0.8308,0.2855,0.8522,0.2821,0.45,18.03,0.456,,1,1,17.036,0.2453
423.995,0.8395,0.2780,0.8672,0.2534,0.44,17.83,0.457,,1,1,17.036,0.2453
424.046,0.8504,0.2792,0.8725,0.2818,0.44,17.61,0.458,,1,1,17.036,0.2453
424.074,0.8586,0.2951,0.8876,0.3524,0.44,17.42,0.458,,1,1,17.036,0.2453
424.106,0.8689,0.3205,0.9025,0.4044,0.44,17.21,0.452,,1,1,17.036,0.2453
424.139,0.8783,0.3237,0.9071,0.3337,0.44,17.00,0.452,,1,1,17.036,0.2453
424.170,0.8856,0.3289,0.9095,0.3462,0.43,16.82,0.458,,1,1,17.036,0.2453
424.202,0.8921,0.3439,0.9131,0.3919,0.42,16.70,0.456,,1,1,17.036,0.2453
424.236,0.8975,0.3566,0.9139,0.3948,0.40,16.56,0.457,,1,1,17.036,0.2453
424.266,0.9023,0.3425,0.9181,0.2952,0.37,16.43,0.451,,1,1,17.036,0.2453
424.299,0.9064,0.3318,0.9198,0.2966,0.35,16.32,0.450,,1,1,17.036,0.2453
424.330,0.9099,0.3274,0.9214,0.3128,0.33,16.23,0.449,,1,1,17.036,0.2453
424.362,0.9128,0.3207,0.9219,0.2983,0.31,16.16,0.446,,1,1,17.036,0.2453
424.394,0.9189,0.3663,0.9386,0.5128,0.33,16.10,0.380,,1,1,17.036,0.2453
424.425,0.9274,0.4563,0.9552,0.7337,0.36,15.97,0.296,,1,1,17.036,0.2453
424.457,0.9361,0.5438,0.9643,0.7995,0.40,15.81,0.283,,1,1,17.036,0.2453
424.492,0.9446,0.6407,0.9701,0.8976,0.44,15.58,0.296,,1,1,17.036,0.2453
424.523,0.9504,0.7106,0.9690,0.9052,0.48,15.41,0.302,,1,1,17.036,0.2453
424.554,0.9570,0.7932,0.9792,1.0281,0.51,15.23,0.308,,1,1,17.036,0.2453
424.602,0.9619,0.8842,0.9724,1.1045,0.55,14.84,0.313,,1,1,17.036,0.2453
424.636,0.9639,0.9296,0.9700,1.1170,0.58,14.71,0.321,,1,1,17.036,0.2453
424.668,0.9639,0.9617,0.9641,1.1489,0.60,14.65,0.329,,1,1,17.036,0.2453
424.699,0.9625,0.9841,0.9575,1.1439,0.61,14.67,0.331,,1,1,17.036,0.2453
424.730,0.9613,1.0000,0.9573,1.1476,0.63,14.66,0.331,,1,1,17.036,0.2453
424.763,0.9590,1.0000,0.9517,1.1651,0.63,14.67,0.335,,1,1,17.036,0.2453
424.795,0.9566,1.0000,0.9484,1.1691,0.65,14.73,0.337,,1,1,17.036,0.2453
424.828,0.9532,1.0000,0.9427,1.1833,0.66,14.67,0.336,,1,1,17.036,0.2453
424.859,0.9498,1.0000,0.9383,1.1845,0.67,14.68,0.336,,1,1,17.036,0.2453
424.891,0.9455,1.0000,0.9314,1.2087,0.69,14.66,0.339,,1,1,17.036,0.2453
424.923,0.9392,1.0000,0.9180,1.2568,0.70,14.56,0.336,,1,1,17.036,0.2453
424.956,0.9276,1.0000,0.8913,1.2174,0.72,14.44,0.348,,1,1,17.036,0.2453
424.986,0.9024,1.0000,0.8173,0.9645,0.73,14.39,0.392,,1,1,17.036,0.2453
425.055,0.8415,0.8814,0.7510,0.6644,0.72,14.37,0.439,,1,1,17.036,0.2453
425.083,0.8201,0.8329,0.7422,0.6573,0.71,14.44,0.442,,1,1,17.036,0.2453
425.114,0.7966,0.7673,0.7232,0.5694,0.69,14.59,0.446,,1,1,17.036,0.2453
425.161,0.7672,0.6932,0.7046,0.5425,0.69,14.85,0.448,,1,1,17.036,0.2453
425.195,0.7478,0.6419,0.6885,0.4932,0.69,15.02,0.452,,1,1,17.036,0.2453
425.220,0.7335,0.6067,0.6792,0.4811,0.70,15.13,0.453,,1,1,17.036,0.2453
425.248,0.7190,0.5880,0.6689,0.5270,0.70,15.20,0.465,,1,1,17.036,0.2453
425.274,0.7012,0.5599,0.6339,0.4592,0.70,15.19,0.478,,1,1,17.036,0.2453
425.303,0.6794,0.5249,0.6006,0.4055,0.70,15.27,0.491,,1,1,17.036,0.2453
425.330,0.6588,0.5016,0.5880,0.4255,0.69,15.34,0.493,,1,1,17.036,0.2453
425.357,0.6397,0.4681,0.5702,0.3524,0.68,15.50,0.494,,1,1,17.036,0.2453
425.386,0.6227,0.4411,0.5664,0.3558,0.67,15.59,0.490,,1,1,17.036,0.2453
425.451,0.5962,0.3997,0.5558,0.3391,0.64,15.91,0.482,,1,1,17.036,0.2453
425.483,0.5852,0.3820,0.5511,0.3292,0.62,16.09,0.477,,1,1,17.036,0.2453
425.514,0.5781,0.3708,0.5554,0.3366,0.62,16.25,0.478,,1,1,17.036,0.2453
425.547,0.5742,0.3658,0.5616,0.3503,0.61,16.40,0.482,,1,1,17.036,0.2453
425.579,0.5718,0.3664,0.5644,0.3680,0.61,16.55,0.482,,1,1,17.036,0.2453
425.610,0.5702,0.3658,0.5648,0.3641,0.59,16.69,0.483,,1,1,17.036,0.2453
425.642,0.5707,0.3691,0.5725,0.3793,0.58,16.81,0.481,,1,1,17.036,0.2453
425.673,0.5725,0.3687,0.5783,0.3674,0.56,16.92,0.485,,1,1,17.036,0.2453
425.724,0.5793,0.3721,0.5931,0.3788,0.54,17.07,0.477,,1,1,17.036,0.2453
425.754,0.5830,0.3652,0.5960,0.3420,0.52,17.22,0.478,,1,1,17.036,0.2453
425.779,0.5859,0.3575,0.5983,0.3254,0.50,17.34,0.478,,1,1,17.036,0.2453
425.806,0.5898,0.3528,0.6055,0.3346,0.46,17.45,0.479,,1,1,17.036,0.2453
425.852,0.5950,0.3483,0.6068,0.3381,0.42,17.64,0.474,,1,1,17.036,0.2453
425.883,0.5972,0.3390,0.6048,0.3079,0.40,17.75,0.473,,1,1,17.036,0.2453
425.915,0.5904,0.3267,0.5679,0.2873,0.38,17.86,0.472,,1,1,17.036,0.2453
425.947,0.5701,0.3174,0.5043,0.2876,0.34,17.83,0.467,,1,1,17.036,0.2453
425.978,0.5470,0.3034,0.4722,0.2586,0.31,17.79,0.463,,1,1,17.036,0.2453
426.010,0.5290,0.2958,0.4712,0.2714,0.30,17.86,0.466,,1,1,17.036,0.2453
426.043,0.5106,0.2933,0.4528,0.2851,0.27,17.90,0.466,,1,1,17.036,0.2453
426.073,0.4888,0.2773,0.4161,0.2232,0.26,17.92,0.470,,1,1,17.036,0.2453
426.108,0.4708,0.2654,0.4180,0.2298,0.26,17.94,0.468,,1,1,17.036,0.2453
426.138,0.4532,0.2521,0.3971,0.2092,0.25,17.99,0.471,,1,1,17.036,0.2453
426.171,0.4327,0.2276,0.3698,0.1519,0.26,18.05,0.470,,1,1,17.036,0.2453
426.203,0.4196,0.2311,0.3785,0.2421,0.25,18.14,0.467,,1,1,17.036,0.2453
426.235,0.4015,0.2388,0.3455,0.2635,0.25,18.17,0.466,,1,1,17.036,0.2453
426.268,0.3770,0.2369,0.3044,0.2309,0.23,18.15,0.462,,1,1,17.036,0.2453
426.315,0.3587,0.2373,0.3197,0.2383,0.22,18.13,0.462,,1,1,17.036,0.2453
426.346,0.3504,0.2419,0.3237,0.2574,0.22,18.17,0.465,,1,1,17.036,0.2453
426.379,0.3437,0.2477,0.3232,0.2659,0.21,18.24,0.466,,1,1,17.036,0.2453
426.411,0.3357,0.2511,0.3097,0.2629,0.21,18.30,0.463,,1,1,17.036,0.2453
426.442,0.3305,0.2546,0.3140,0.2662,0.20,18.36,0.462,,1,1,17.036,0.2453
426.473,0.3205,0.2526,0.2878,0.2459,0.18,18.42,0.463,,1,1,17.036,0.2453
426.507,0.3144,0.2633,0.2960,0.2966,0.16,18.48,0.460,,1,1,17.036,0.2453
426.538,0.3059,0.2739,0.2787,0.3088,0.15,18.53,0.460,,1,1,17.036,0.2453
426.572,0.2986,0.2962,0.2755,0.3677,0.15,18.63,0.459,,1,1,17.036,0.2453
426.604,0.2911,0.3129,0.2680,0.3645,0.15,18.74,0.460,,1,1,17.036,0.2453
426.636,0.2838,0.3240,0.2605,0.3597,0.12,18.84,0.460,,1,1,17.036,0.2453
426.667,0.2754,0.3323,0.2476,0.3598,0.10,18.90,0.460,,1,1,17.036,0.2453
426.700,0.2635,0.3346,0.2256,0.3417,0.09,18.96,0.457,,1,1,17.036,0.2453
426.733,0.2514,0.3334,0.2150,0.3299,0.06,19.03,0.463,,1,1,17.036,0.2453
426.764,0.2385,0.3278,0.1972,0.3093,0.05,19.11,0.465,,1,1,17.036,0.2453
426.795,0.2300,0.3287,0.2020,0.3317,0.04,19.18,0.468,,1,1,17.036,0.2453
426.826,0.2158,0.3183,0.1689,0.2826,0.04,19.26,0.468,,1,1,17.036,0.2453
426.876,0.2025,0.3161,0.1757,0.3114,0.02,19.32,0.464,,1,1,17.036,0.2453
426.906,0.1987,0.3249,0.1855,0.3558,0.01,19.33,0.465,,1,1,17.036,0.2453
426.938,0.1951,0.3295,0.1837,0.3445,-0.00,19.38,0.465,,1,1,17.036,0.2453
426.971,0.1934,0.3337,0.1883,0.3471,0.00,19.43,0.461,,1,1,17.036,0.2453
427.002,0.1926,0.3385,0.1900,0.3550,0.01,19.44,0.461,,1,1,17.036,0.2453
427.037,0.1882,0.3455,0.1749,0.3664,0.03,19.47,0.461,,1,1,17.036,0.2453
427.068,0.1857,0.3539,0.1776,0.3821,0.04,19.53,0.457,,1,1,17.036,0.2453
427.099,0.1838,0.3610,0.1775,0.3847,0.04,19.60,0.454,,1,1,17.036,0.2453
427.130,0.1813,0.3744,0.1730,0.4182,0.04,19.64,0.457,,1,1,17.036,0.2453
427.164,0.1843,0.3985,0.1936,0.4721,0.05,19.64,0.455,,1,1,17.036,0.2453
427.194,0.1818,0.4114,0.1731,0.4550,0.05,19.66,0.456,,1,1,17.036,0.2453
427.226,0.1777,0.4203,0.1644,0.4485,0.05,19.69,0.456,,1,1,17.036,0.2453
427.259,0.1786,0.4454,0.1815,0.5221,0.07,19.68,0.434,,1,1,17.036,0.2453
427.289,0.1840,0.5215,0.2031,0.7658,0.11,19.65,0.288,,1,1,17.036,0.2453
427.323,0.1957,0.6081,0.2328,0.8491,0.17,19.59,0.229,,1,1,17.036,0.2453
427.354,0.2068,0.6885,0.2434,0.9178,0.21,19.59,0.245,,1,1,17.036,0.2453
427.386,0.2161,0.7637,0.2465,0.9726,0.25,19.59,0.255,,1,1,17.036,0.2453
427.468,0.2342,0.8923,0.2575,1.0367,0.32,19.57,0.286,,1,1,17.036,0.2453
427.497,0.2400,0.9308,0.2605,1.0615,0.34,19.57,0.291,,1,1,17.036,0.2453
427.524,0.2437,0.9581,0.2580,1.0668,0.36,19.56,0.285,,1,1,17.036,0.2453
427.552,0.2465,0.9794,0.2571,1.0793,0.39,19.56,0.289,,1,1,17.036,0.2453
427.577,0.2485,0.9948,0.2563,1.1287,0.41,19.57,0.306,,1,1,17.036,0.2453
427.603,0.2503,1.0000,0.2576,1.1740,0.43,19.57,0.311,,1,1,17.036,0.2453
427.630,0.2516,1.0000,0.2567,1.2132,0.45,19.58,0.311,,1,1,17.036,0.2453
427.661,0.2498,1.0000,0.2434,1.2379,0.46,19.59,0.321,,1,1,17.036,0.2453
427.690,0.2467,1.0000,0.2359,1.1948,0.47,19.59,0.316,,1,1,17.036,0.2453
427.722,0.2447,1.0000,0.2380,1.1988,0.47,19.60,0.316,,1,1,17.036,0.2453
427.757,0.2412,1.0000,0.2305,1.1668,0.49,19.60,0.303,,1,1,17.036,0.2453
427.787,0.2333,1.0000,0.2055,1.1717,0.50,19.58,0.320,,1,1,17.036,0.2453
427.855,0.2409,1.0000,0.2528,1.2620,0.52,19.73,0.322,,1,1,17.036,0.2453
427.883,0.2472,1.0000,0.2706,1.2359,0.52,19.80,0.325,,1,1,17.036,0.2453
427.916,0.2545,1.0000,0.2781,1.2552,0.54,19.86,0.330,,1,1,17.036,0.2453
427.948,0.2623,1.0000,0.2891,1.2588,0.55,19.91,0.334,,1,1,17.036,0.2453
427.993,0.2715,1.0000,0.2921,1.2657,0.57,19.99,0.339,,1,1,17.036,0.2453
428.026,0.2804,1.0000,0.3084,1.2535,0.58,20.10,0.335,,1,1,17.036,0.2453
428.055,0.2896,1.0000,0.3229,1.3059,0.58,20.19,0.334,,1,1,17.036,0.2453
428.082,0.2997,1.0000,0.3383,1.3421,0.60,20.28,0.331,,1,1,17.036,0.2453
428.107,0.3068,1.0000,0.3356,1.3162,0.63,20.36,0.332,,1,1,17.036,0.2453
428.133,0.3161,1.0000,0.3527,1.3033,0.66,20.41,0.333,,1,1,17.036,0.2453
428.163,0.3379,1.0000,0.4118,1.2841,0.69,20.43,0.328,,1,1,17.036,0.2453
428.190,0.3557,1.0000,0.4257,1.2927,0.73,20.43,0.326,,1,1,17.036,0.2453
428.250,0.3999,1.0000,0.4725,1.2812,0.80,20.51,0.312,,1,1,17.036,0.2453
428.283,0.4193,1.0000,0.4773,1.2487,0.82,20.52,0.316,,1,1,17.036,0.2453
428.319,0.4413,1.0000,0.5031,1.2971,0.84,20.51,0.324,,1,1,17.036,0.2453
428.348,0.4567,1.0000,0.5098,1.2523,0.85,20.47,0.322,,1,1,17.036,0.2453
428.379,0.4709,1.0000,0.5159,1.2576,0.85,20.41,0.322,,1,1,17.036,0.2453
428.411,0.4812,1.0000,0.5131,1.2156,0.86,20.35,0.326,,1,1,17.036,0.2453
428.443,0.4903,1.0000,0.5190,1.2296,0.88,20.27,0.328,,1,1,17.036,0.2453
428.475,0.4968,1.0000,0.5173,1.2360,0.91,20.20,0.329,,1,1,17.036,0.2453
428.508,0.5007,1.0000,0.5127,1.1645,0.94,20.12,0.335,,1,1,17.036,0.2453
428.539,0.5027,1.0000,0.5095,1.1588,0.96,20.01,0.334,,1,1,17.036,0.2453
428.587,0.5047,1.0000,0.5090,1.1523,1.02,19.97,0.325,,1,1,17.036,0.2453
428.619,0.5047,1.0000,0.5048,1.1452,1.05,19.94,0.331,,1,1,17.036,0.2453
428.651,0.5048,1.0000,0.5048,1.1532,1.08,19.85,0.336,,1,1,17.036,0.2453
428.684,0.5034,1.0000,0.4990,1.1196,1.11,19.81,0.338,,1,1,17.036,0.2453
428.715,0.5007,1.0000,0.4919,0.9909,1.12,19.79,0.368,,1,1,17.036,0.2453
428.746,0.4977,1.0000,0.4873,0.9221,1.13,19.80,0.407,,1,1,17.036,0.2453
428.782,0.4945,0.9649,0.4851,0.8383,1.13,19.75,0.428,,1,1,17.036,0.2453
428.812,0.4939,0.9354,0.4917,0.8366,1.13,19.71,0.432,,1,1,17.036,0.2453
428.845,0.4933,0.9016,0.4917,0.8026,1.09,19.73,0.449,,1,1,17.036,0.2453
428.876,0.4945,0.8747,0.4986,0.7849,1.06,19.74,0.453,,1,1,17.036,0.2453
428.907,0.4979,0.8356,0.5090,0.7203,1.03,19.76,0.457,,1,1,17.036,0.2453
428.939,0.5014,0.7977,0.5137,0.6781,0.99,19.77,0.463,,1,1,17.036,0.2453
428.971,0.5099,0.7712,0.5368,0.6943,0.95,19.79,0.463,,1,1,17.036,0.2453
429.003,0.5169,0.7373,0.5401,0.6353,0.90,19.76,0.471,,1,1,17.036,0.2453
429.035,0.5210,0.6920,0.5341,0.5608,0.86,19.72,0.483,,1,1,17.036,0.2453
429.069,0.5258,0.6313,0.5401,0.4689,0.81,19.69,0.500,,1,1,17.036,0.2453
429.099,0.5301,0.5605,0.5454,0.3448,0.76,19.62,0.508,,1,1,17.036,0.2453
429.147,0.5359,0.4515,0.5485,0.2461,0.67,19.53,0.510,,1,1,17.036,0.2453
429.179,0.5471,0.4098,0.5852,0.2872,0.63,19.45,0.507,,1,1,17.036,0.2453
429.210,0.5608,0.3794,0.6038,0.2958,0.59,19.40,0.504,,1,1,17.036,0.2453
429.241,0.5712,0.3511,0.6054,0.2677,0.57,19.45,0.484,,1,1,17.036,0.2453
429.274,0.5828,0.3264,0.6191,0.2573,0.57,19.53,0.455,,1,1,17.036,0.2453
429.306,0.5911,0.3018,0.6176,0.2299,0.58,19.59,0.443,,1,1,17.036,0.2453
429.337,0.5952,0.2787,0.6089,0.2083,0.61,19.63,0.438,,1,1,17.036,0.2453
429.370,0.5983,0.2533,0.6081,0.1812,0.63,19.62,0.440,,1,1,17.036,0.2453
429.401,0.6010,0.2302,0.6099,0.1596,0.64,19.63,0.432,,1,1,17.036,0.2453
429.433,0.6044,0.2160,0.6153,0.1744,0.63,19.60,0.434,,1,1,17.036,0.2453
429.466,0.6065,0.2046,0.6131,0.1712,0.62,19.56,0.437,,1,1,17.036,0.2453
429.499,0.6100,0.2095,0.6211,0.2240,0.63,19.53,0.436,,1,1,17.036,0.2453
429.530,0.6125,0.2141,0.6209,0.2289,0.63,19.49,0.436,,1,1,17.036,0.2453
429.562,0.6143,0.2165,0.6204,0.2244,0.63,19.47,0.436,,1,1,17.036,0.2453
429.596,0.6157,0.2166,0.6199,0.2170,0.65,19.44,0.436,,1,1,17.036,0.2453
429.627,0.6161,0.2139,0.6176,0.2048,0.67,19.40,0.436,,1,1,17.036,0.2453
429.659,0.6165,0.2134,0.6176,0.2117,0.68,19.34,0.435,,1,1,17.036,0.2453
429.707,0.6171,0.2125,0.6183,0.2106,0.68,19.30,0.441,,1,1,17.036,0.2453
429.740,0.6192,0.2155,0.6261,0.2251,0.68,19.27,0.434,,1,1,17.036,0.2453
429.770,0.6239,0.2212,0.6404,0.2410,0.67,19.25,0.435,,1,1,17.036,0.2453
429.803,0.6326,0.2343,0.6598,0.2759,0.66,19.29,0.440,,1,1,17.036,0.2453
429.836,0.6426,0.2490,0.6748,0.2963,0.65,19.30,0.441,,1,1,17.036,0.2453
429.868,0.6562,0.2647,0.6999,0.3158,0.66,19.30,0.435,,1,1,17.036,0.2453
429.899,0.6736,0.2749,0.7305,0.3086,0.66,19.28,0.438,,1,1,17.036,0.2453
429.931,0.6941,0.2752,0.7617,0.2764,0.65,19.27,0.438,,1,1,17.036,0.2453
429.963,0.7180,0.2807,0.7914,0.2983,0.64,19.24,0.440,,1,1,17.036,0.2453
429.996,0.7386,0.2823,0.8004,0.2870,0.63,19.11,0.447,,1,1,17.036,0.2453
430.027,0.7587,0.2867,0.8230,0.3017,0.63,19.01,0.452,,1,1,17.036,0.2453
430.060,0.7808,0.3054,0.8471,0.3633,0.63,18.87,0.460,,1,1,17.036,0.2453
430.089,0.8013,0.3141,0.8712,0.3452,0.62,18.79,0.462,,1,1,17.036,0.2453
430.122,0.8171,0.3111,0.8648,0.3014,0.61,18.77,0.464,,1,1,17.036,0.2453
430.155,0.8284,0.2945,0.8625,0.2417,0.61,18.72,0.468,,1,1,17.036,0.2453
430.186,0.8385,0.2940,0.8713,0.2924,0.59,18.62,0.467,,1,1,17.036,0.2453
430.270,0.8609,0.3054,0.8879,0.3198,0.56,18.32,0.462,,1,1,17.036,0.2453
430.301,0.8686,0.3080,0.8940,0.3169,0.54,18.24,0.464,,1,1,17.036,0.2453
430.327,0.8751,0.3090,0.8996,0.3128,0.53,18.16,0.466,,1,1,17.036,0.2453
430.354,0.8807,0.2974,0.9018,0.2521,0.51,18.10,0.463,,1,1,17.036,0.2453
430.382,0.8857,0.2904,0.9046,0.2636,0.49,18.05,0.462,,1,1,17.036,0.2453
430.407,0.8889,0.2886,0.9019,0.2809,0.48,17.98,0.462,,1,1,17.036,0.2453
430.434,0.8915,0.2881,0.9012,0.2863,0.47,17.91,0.460,,1,1,17.036,0.2453
430.460,0.8946,0.3011,0.9066,0.3533,0.47,17.85,0.450,,1,1,17.036,0.2453
430.491,0.8920,0.3252,0.8833,0.4073,0.47,17.81,0.434,,1,1,17.036,0.2453
430.523,0.8857,0.3502,0.8657,0.4282,0.49,17.85,0.436,,1,1,17.036,0.2453
430.555,0.8778,0.3841,0.8511,0.4937,0.51,17.81,0.416,,1,1,17.036,0.2453
430.586,0.8691,0.4382,0.8390,0.6096,0.52,17.72,0.414,,1,1,17.036,0.2453
430.652,0.8438,0.5202,0.8038,0.6399,0.57,17.63,0.415,,1,1,17.036,0.2453
430.684,0.8330,0.5691,0.7984,0.7139,0.60,17.61,0.411,,1,1,17.036,0.2453
430.716,0.8258,0.6150,0.8014,0.7560,0.63,17.60,0.413,,1,1,17.036,0.2453
430.747,0.8206,0.6566,0.8035,0.7788,0.66,17.54,0.410,,1,1,17.036,0.2453
430.778,0.8155,0.6903,0.7989,0.7904,0.68,17.50,0.404,,1,1,17.036,0.2453
430.812,0.8077,0.7127,0.7836,0.7758,0.70,17.46,0.400,,1,1,17.036,0.2453
430.859,0.7986,0.7335,0.7781,0.7763,0.72,17.43,0.399,,1,1,17.036,0.2453
430.891,0.7929,0.7460,0.7750,0.7828,0.75,17.42,0.399,,1,1,17.036,0.2453
430.919,0.7891,0.7557,0.7748,0.7906,0.78,17.41,0.399,,1,1,17.036,0.2453
430.946,0.7850,0.7599,0.7694,0.7744,0.81,17.41,0.398,,1,1,17.036,0.2453
430.971,0.7820,0.7672,0.7697,0.7966,0.83,17.41,0.401,,1,1,17.036,0.2453
430.999,0.7814,0.7822,0.7793,0.8338,0.85,17.39,0.398,,1,1,17.036,0.2453
431.050,0.7823,0.8012,0.7841,0.8385,0.89,17.31,0.394,,1,1,17.036,0.2453
431.083,0.7865,0.8089,0.8000,0.8322,0.89,17.27,0.394,,1,1,17.036,0.2453
431.114,0.7921,0.8122,0.8110,0.8230,0.92,17.19,0.400,,1,1,17.036,0.2453
431.146,0.7972,0.8055,0.8142,0.7839,0.93,17.18,0.401,,1,1,17.036,0.2453
431.179,0.8058,0.8041,0.8331,0.7997,0.94,17.19,0.400,,1,1,17.036,0.2453
431.210,0.8136,0.7853,0.8403,0.7211,0.95,17.23,0.408,,1,1,17.036,0.2453
431.242,0.8193,0.7369,0.8379,0.5818,0.94,17.29,0.445,,1,1,17.036,0.2453
431.274,0.8251,0.6787,0.8439,0.4951,0.93,17.32,0.455,,1,1,17.036,0.2453
431.306,0.8298,0.6254,0.8451,0.4659,0.91,17.34,0.454,,1,1,17.036,0.2453
431.338,0.8370,0.5884,0.8605,0.4765,0.89,17.33,0.456,,1,1,17.036,0.2453
431.372,0.8436,0.5542,0.8638,0.4582,0.87,17.32,0.458,,1,1,17.036,0.2453
431.418,0.8485,0.4977,0.8595,0.3791,0.84,17.24,0.468,,1,1,17.036,0.2453
431.450,0.8516,0.4634,0.8616,0.3623,0.81,17.14,0.475,,1,1,17.036,0.2453
431.483,0.8536,0.4350,0.8601,0.3528,0.77,17.11,0.474,,1,1,17.036,0.2453
431.514,0.8558,0.4134,0.8630,0.3472,0.74,17.06,0.474,,1,1,17.036,0.2453
431.549,0.8593,0.3784,0.8699,0.2823,0.71,17.02,0.473,,1,1,17.036,0.2453
431.578,0.8633,0.3554,0.8778,0.2804,0.69,17.02,0.468,,1,1,17.036,0.2453
431.610,0.8684,0.3358,0.8848,0.2776,0.66,16.99,0.469,,1,1,17.036,0.2453
431.644,0.8729,0.3225,0.8869,0.2840,0.63,17.08,0.467,,1,1,17.036,0.2453
431.675,0.8764,0.3111,0.8884,0.2752,0.60,17.10,0.466,,1,1,17.036,0.2453
431.707,0.8794,0.3026,0.8890,0.2770,0.58,17.11,0.466,,1,1,17.036,0.2453
431.739,0.8830,0.2937,0.8951,0.2654,0.55,17.10,0.465,,1,1,17.036,0.2453
431.772,0.8857,0.2843,0.8940,0.2562,0.53,17.08,0.466,,1,1,17.036,0.2453
431.802,0.8866,0.2783,0.8896,0.2589,0.52,17.02,0.466,,1,1,17.036,0.2453
431.835,0.8875,0.2682,0.8905,0.2365,0.51,16.99,0.464,,1,1,17.036,0.2453
431.866,0.8883,0.2673,0.8908,0.2644,0.49,16.95,0.456,,1,1,17.036,0.2453
431.900,0.8881,0.2684,0.8878,0.2720,0.50,16.86,0.457,,1,1,17.036,0.2453
431.930,0.8882,0.2655,0.8883,0.2553,0.50,16.77,0.455,,1,1,17.036,0.2453
431.979,0.8873,0.2601,0.8854,0.2489,0.51,16.76,0.451,,1,1,17.036,0.2453
432.011,0.8843,0.2439,0.8745,0.1915,0.51,16.75,0.456,,1,1,17.036,0.2453
432.042,0.8824,0.2345,0.8759,0.2042,0.51,16.79,0.452,,1,1,17.036,0.2453
432.075,0.8810,0.2311,0.8764,0.2205,0.52,16.75,0.447,,1,1,17.036,0.2453
432.105,0.8781,0.2310,0.8679,0.2303,0.53,16.73,0.444,,1,1,17.036,0.2453
432.137,0.8743,0.2387,0.8620,0.2636,0.55,16.62,0.440,,1,1,17.036,0.2453
432.169,0.8595,0.2597,0.8109,0.3294,0.57,16.50,0.350,,1,1,17.036,0.2453
432.202,0.8386,0.2983,0.7733,0.4188,0.60,16.35,0.260,,1,1,17.036,0.2453
432.234,0.8160,0.3427,0.7437,0.4829,0.62,16.33,0.278,,1,1,17.036,0.2453
432.266,0.7924,0.3798,0.7173,0.4952,0.63,16.40,0.299,,1,1,17.036,0.2453
432.299,0.7690,0.3944,0.6970,0.4390,0.65,16.46,0.326,,1,1,17.036,0.2453
432.331,0.7423,0.3774,0.6593,0.3233,0.68,16.54,0.346,,1,1,17.036,0.2453
432.364,0.7231,0.3710,0.6630,0.3503,0.71,16.65,0.348,,1,1,17.036,0.2453
432.395,0.7042,0.3575,0.6461,0.3138,0.72,16.76,0.356,,1,1,17.036,0.2453
432.426,0.6893,0.3488,0.6425,0.3198,0.74,16.76,0.358,,1,1,17.036,0.2453
432.458,0.6744,0.3310,0.6284,0.2725,0.75,16.79,0.368,,1,1,17.036,0.2453
432.491,0.6654,0.3309,0.6384,0.3306,0.76,16.91,0.373,,1,1,17.036,0.2453
432.522,0.6581,0.3345,0.6340,0.3471,0.78,17.04,0.382,,1,1,17.036,0.2453
432.570,0.6466,0.3380,0.6222,0.3456,0.80,17.19,0.385,,1,1,17.036,0.2453
432.603,0.6415,0.3436,0.6260,0.3615,0.80,17.28,0.394,,1,1,17.036,0.2453
432.634,0.6390,0.3502,0.6311,0.3720,0.80,17.33,0.396,,1,1,17.036,0.2453
432.666,0.6350,0.3478,0.6222,0.3401,0.81,17.39,0.402,,1,1,17.036,0.2453
432.700,0.6313,0.3336,0.6201,0.2894,0.80,17.46,0.421,,1,1,17.036,0.2453
432.730,0.6274,0.3217,0.6139,0.2801,0.79,17.52,0.422,,1,1,17.036,0.2453
432.762,0.6227,0.3136,0.6074,0.2869,0.79,17.58,0.424,,1,1,17.036,0.2453
432.795,0.6192,0.3094,0.6081,0.2961,0.79,17.67,0.421,,1,1,17.036,0.2453
432.826,0.6177,0.3169,0.6129,0.3418,0.80,17.71,0.420,,1,1,17.036,0.2453
432.859,0.6142,0.3199,0.6027,0.3299,0.81,17.78,0.417,,1,1,17.036,0.2453
432.890,0.6080,0.3185,0.5877,0.3139,0.81,17.84,0.418,,1,1,17.036,0.2453
432.921,0.6009,0.3175,0.5776,0.3141,0.80,17.92,0.419,,1,1,17.036,0.2453
432.954,0.5867,0.3153,0.5423,0.3082,0.79,17.95,0.418,,1,1,17.036,0.2453
432.989,0.5631,0.3165,0.4934,0.3202,0.77,17.98,0.419,,1,1,17.036,0.2453
433.052,0.5215,0.3162,0.4537,0.3157,0.74,17.98,0.417,,1,1,17.036,0.2453
433.082,0.5060,0.3150,0.4560,0.3112,0.74,17.97,0.419,,1,1,17.036,0.2453
433.130,0.4886,0.3193,0.4520,0.3287,0.74,18.02,0.417,,1,1,17.036,0.2453
433.163,0.4623,0.2909,0.3812,0.2002,0.73,18.04,0.421,,1,1,17.036,0.2453
433.189,0.4410,0.2679,0.3594,0.1775,0.72,18.05,0.423,,1,1,17.036,0.2453
433.217,0.4260,0.2575,0.3732,0.2198,0.72,18.06,0.422,,1,1,17.036,0.2453
433.243,0.4179,0.2485,0.3874,0.2137,0.72,18.10,0.424,,1,1,17.036,0.2453
433.272,0.4107,0.2469,0.3854,0.2411,0.72,18.12,0.434,,1,1,17.036,0.2453
433.300,0.4051,0.2380,0.3845,0.2049,0.71,18.13,0.435,,1,1,17.036,0.2453
433.325,0.4018,0.2263,0.3893,0.1812,0.69,18.20,0.436,,1,1,17.036,0.2453
433.355,0.3999,0.2121,0.3931,0.1630,0.68,18.28,0.436,,1,1,17.036,0.2453
433.386,0.3981,0.1945,0.3922,0.1391,0.67,18.37,0.436,,1,1,17.036,0.2453
433.450,0.3960,0.1741,0.3926,0.1417,0.65,18.43,0.437,,1,1,17.036,0.2453
433.485,0.3947,0.1666,0.3907,0.1438,0.64,18.45,0.439,,1,1,17.036,0.2453
433.517,0.3938,0.1612,0.3912,0.1442,0.63,18.49,0.442,,1,1,17.036,0.2453
433.547,0.3933,0.1556,0.3915,0.1365,0.62,18.50,0.441,,1,1,17.036,0.2453
433.578,0.3920,0.1525,0.3873,0.1421,0.61,18.55,0.445,,1,1,17.036,0.2453
433.610,0.3865,0.1499,0.3691,0.1418,0.61,18.57,0.442,,1,1,17.036,0.2453
433.642,0.3808,0.1452,0.3621,0.1296,0.60,18.59,0.442,,1,1,17.036,0.2453
433.690,0.3705,0.1447,0.3485,0.1437,0.61,18.53,0.447,,1,1,17.036,0.2453
433.723,0.3638,0.1425,0.3428,0.1356,0.62,18.47,0.449,,1,1,17.036,0.2453
433.749,0.3568,0.1357,0.3292,0.1088,0.62,18.43,0.451,,1,1,17.036,0.2453
433.777,0.3538,0.1428,0.3428,0.1693,0.62,18.37,0.450,,1,1,17.036,0.2453
433.803,0.3491,0.1506,0.3290,0.1838,0.62,18.34,0.448,,1,1,17.036,0.2453
433.849,0.3437,0.1702,0.3319,0.2141,0.64,18.27,0.454,,1,1,17.036,0.2453
433.883,0.3409,0.1902,0.3322,0.2512,0.65,18.26,0.446,,1,1,17.036,0.2453
433.916,0.3388,0.2124,0.3324,0.2817,0.65,18.30,0.441,,1,1,17.036,0.2453
433.948,0.3372,0.2251,0.3316,0.2663,0.64,18.37,0.447,,1,1,17.036,0.2453
433.980,0.3369,0.2314,0.3362,0.2514,0.63,18.41,0.446,,1,1,17.036,0.2453
434.011,0.3369,0.2357,0.3368,0.2502,0.62,18.43,0.440,,1,1,17.036,0.2453
434.044,0.3369,0.2378,0.3367,0.2443,0.61,18.44,0.437,,1,1,17.036,0.2453
434.074,0.3396,0.2424,0.3492,0.2581,0.61,18.45,0.433,,1,1,17.036,0.2453
434.106,0.3362,0.2335,0.3249,0.2045,0.60,18.48,0.435,,1,1,17.036,0.2453
434.139,0.3332,0.2217,0.3235,0.1836,0.60,18.50,0.429,,1,1,17.036,0.2453
434.172,0.3310,0.2130,0.3238,0.1840,0.60,18.48,0.429,,1,1,17.036,0.2453
434.203,0.3351,0.2145,0.3484,0.2193,0.60,18.52,0.423,,1,1,17.036,0.2453
434.252,0.3406,0.2181,0.3526,0.2260,0.59,18.57,0.413,,1,1,17.036,0.2453
434.283,0.3433,0.2230,0.3525,0.2396,0.59,18.61,0.410,,1,1,17.036,0.2453
434.314,0.3443,0.2296,0.3478,0.2516,0.59,18.65,0.409,,1,1,17.036,0.2453
434.345,0.3451,0.2394,0.3476,0.2725,0.60,18.67,0.386,,1,1,17.036,0.2453
434.378,0.3535,0.3108,0.3803,0.5263,0.63,18.59,0.189,,1,1,17.036,0.2453
434.410,0.3609,0.4075,0.3852,0.6966,0.66,18.39,0.135,,1,1,17.036,0.2453
434.443,0.3638,0.4962,0.3731,0.7439,0.69,18.22,0.173,,1,1,17.036,0.2453
434.474,0.3519,0.5394,0.3119,0.6645,0.72,18.15,0.230,,1,1,17.036,0.2453
434.506,0.3401,0.5711,0.3005,0.6635,0.74,18.15,0.299,,1,1,17.036,0.2453
434.538,0.3279,0.5831,0.2874,0.6187,0.76,18.15,0.344,,1,1,17.036,0.2453
434.571,0.3152,0.5718,0.2764,0.5400,0.77,18.16,0.371,,1,1,17.036,0.2453
434.603,0.3050,0.5540,0.2723,0.4992,0.77,18.18,0.391,,1,1,17.036,0.2453
434.634,0.2985,0.5376,0.2765,0.4841,0.77,18.26,0.397,,1,1,17.036,0.2453
434.666,0.2890,0.5149,0.2586,0.4418,0.78,18.36,0.399,,1,1,17.036,0.2453
434.700,0.2823,0.5030,0.2616,0.4659,0.79,18.44,0.400,,1,1,17.036,0.2453
434.731,0.2773,0.4906,0.2607,0.4479,0.78,18.53,0.403,,1,1,17.036,0.2453
434.763,0.2727,0.4685,0.2579,0.3980,0.76,18.62,0.407,,1,1,17.036,0.2453
434.798,0.2685,0.4401,0.2559,0.3555,0.75,18.72,0.417,,1,1,17.036,0.2453
434.843,0.2614,0.3859,0.2452,0.2646,0.75,18.82,0.427,,1,1,17.036,0.2453
434.875,0.2570,0.3425,0.2424,0.2087,0.74,18.89,0.427,,1,1,17.036,0.2453
434.908,0.2536,0.3086,0.2426,0.2038,0.74,18.99,0.428,,1,1,17.036,0.2453
434.939,0.2522,0.2840,0.2477,0.2095,0.75,19.07,0.429,,1,1,17.036,0.2453
434.971,0.2492,0.2684,0.2395,0.2211,0.75,19.15,0.428,,1,1,17.036,0.2453
435.003,0.2471,0.2684,0.2400,0.2683,0.76,19.21,0.429,,1,1,17.036,0.2453
435.035,0.2429,0.2475,0.2293,0.1837,0.77,19.25,0.435,,1,1,17.036,0.2453
435.070,0.2353,0.2218,0.2128,0.1495,0.77,19.33,0.437,,1,1,17.036,0.2453
435.098,0.2284,0.1988,0.2029,0.1189,0.76,19.48,0.438,,1,1,17.036,0.2453
435.130,0.2233,0.1899,0.2069,0.1623,0.78,19.61,0.437,,1,1,17.036,0.2453
435.164,0.2169,0.1827,0.1973,0.1621,0.80,19.77,0.440,,1,1,17.036,0.2453
435.194,0.2093,0.1760,0.1832,0.1534,0.83,19.88,0.443,,1,1,17.036,0.2453
435.225,0.2027,0.1525,0.1805,0.0775,0.86,20.02,0.436,,1,1,17.036,0.2453
435.258,0.1961,0.1321,0.1751,0.0703,0.88,20.14,0.444,,1,1,17.036,0.2453
435.290,0.1899,0.1169,0.1700,0.0695,0.88,20.32,0.443,,1,1,17.036,0.2453
435.323,0.1840,0.0848,0.1647,-0.0145,0.89,20.47,0.448,,1,1,17.036,0.2453
435.355,0.1772,0.0503,0.1563,-0.0696,0.91,20.65,0.451,,1,1,17.036,0.2453
435.403,0.1696,0.0173,0.1532,-0.0927,0.95,20.89,0.448,,1,1,17.036,0.2453
435.435,0.1673,0.0008,0.1597,-0.0632,0.98,21.03,0.449,,1,1,17.036,0.2453
435.467,0.1620,0.0000,0.1448,-0.0865,1.00,21.15,0.449,,1,1,17.036,0.2453
435.499,0.1577,0.0000,0.1437,-0.0792,1.02,21.25,0.449,,1,1,17.036,0.2453
435.531,0.1544,0.0000,0.1437,-0.0761,1.04,21.36,0.451,,1,1,17.036,0.2453
435.563,0.1519,0.0000,0.1439,-0.0780,1.06,21.48,0.448,,1,1,17.036,0.2453
435.596,0.1515,0.0000,0.1503,-0.0580,1.07,21.61,0.446,,1,1,17.036,0.2453
435.630,0.1476,0.0000,0.1350,-0.1317,1.07,21.75,0.444,,1,1,17.036,0.2453
435.660,0.1474,0.0000,0.1467,-0.0870,1.07,21.87,0.448,,1,1,17.036,0.2453
435.690,0.1478,0.0000,0.1490,-0.0536,1.06,21.97,0.444,,1,1,17.036,0.2453
435.722,0.1348,0.0000,0.0935,-0.1609,1.06,22.05,0.442,,1,1,17.036,0.2453
435.753,0.1230,0.0000,0.0832,-0.0909,1.07,22.10,0.438,,1,1,17.036,0.2453
435.789,0.1155,0.0000,0.0939,-0.0256,1.08,22.14,0.436,,1,1,17.036,0.2453
435.852,0.1098,0.0000,0.1004,0.0454,1.06,22.31,0.443,,1,1,17.036,0.2453
435.883,0.1075,0.0122,0.0994,0.0849,1.05,22.39,0.432,,1,1,17.036,0.2453
435.915,0.1070,0.0499,0.1057,0.1680,1.02,22.51,0.424,,1,1,17.036,0.2453
435.962,0.1066,0.1174,0.1057,0.2592,0.99,22.65,0.414,,1,1,17.036,0.2453
435.995,0.1022,0.1466,0.0879,0.2344,0.96,22.72,0.417,,1,1,17.036,0.2453
436.021,0.0977,0.1624,0.0797,0.2227,0.94,22.77,0.418,,1,1,17.036,0.2453
436.050,0.0939,0.1764,0.0800,0.2248,0.91,22.81,0.416,,1,1,17.036,0.2453
436.080,0.0945,0.2087,0.0965,0.3134,0.88,22.86,0.417,,1,1,17.036,0.2453
436.105,0.0932,0.2297,0.0879,0.3113,0.87,22.90,0.420,,1,1,17.036,0.2453
436.132,0.0902,0.2503,0.0780,0.3265,0.85,22.94,0.424,,1,1,17.036,0.2453
436.156,0.0860,0.2643,0.0689,0.3173,0.83,22.96,0.423,,1,1,17.036,0.2453
436.187,0.0840,0.2790,0.0771,0.3250,0.82,23.00,0.423,,1,1,17.036,0.2453
436.249,0.0736,0.3215,0.0562,0.3885,0.78,23.03,0.429,,1,1,17.036,0.2453
436.283,0.0702,0.3433,0.0597,0.4070,0.77,23.08,0.428,,1,1,17.036,0.2453
436.315,0.0677,0.3608,0.0597,0.4141,0.76,23.10,0.427,,1,1,17.036,0.2453
436.348,0.0672,0.3898,0.0654,0.4777,0.76,23.13,0.407,,1,1,17.036,0.2453
436.379,0.0684,0.4361,0.0722,0.5754,0.77,23.14,0.339,,1,1,17.036,0.2453
436.410,0.0820,0.5449,0.1281,0.8629,0.79,23.07,0.221,,1,1,17.036,0.2453
436.444,0.0924,0.6852,0.1254,1.1227,0.81,22.92,0.176,,1,1,17.036,0.2453
436.475,0.1033,0.7832,0.1397,1.1518,0.84,22.79,0.221,,1,1,17.036,0.2453
436.524,0.1134,0.8797,0.1350,1.1184,0.85,22.60,0.220,,1,1,17.036,0.2453
436.554,0.1186,0.9238,0.1364,1.1349,0.86,22.48,0.240,,1,1,17.036,0.2453
436.583,0.1260,0.9547,0.1534,1.1786,0.86,22.39,0.255,,1,1,17.036,0.2453
436.608,0.1321,0.9763,0.1565,1.2197,0.86,22.29,0.269,,1,1,17.036,0.2453
436.651,0.1442,1.0000,0.1732,1.2630,0.84,22.18,0.293,,1,1,17.036,0.2453
436.683,0.1417,1.0000,0.1333,1.2202,0.82,22.11,0.305,,1,1,17.036,0.2453
436.714,0.1392,1.0000,0.1312,1.2168,0.82,22.04,0.305,,1,1,17.036,0.2453
436.749,0.1383,1.0000,0.1354,1.2130,0.81,21.99,0.306,,1,1,17.036,0.2453
436.783,0.1405,1.0000,0.1473,1.2510,0.81,21.92,0.308,,1,1,17.036,0.2453
436.812,0.1414,1.0000,0.1448,1.2672,0.81,21.88,0.308,,1,1,17.036,0.2453
436.843,0.1410,1.0000,0.1396,1.2882,0.81,21.85,0.310,,1,1,17.036,0.2453
436.875,0.1404,1.0000,0.1385,1.2938,0.81,21.82,0.310,,1,1,17.036,0.2453
436.907,0.1434,1.0000,0.1534,1.2903,0.81,21.84,0.310,,1,1,17.036,0.2453
436.939,0.1695,1.0000,0.2533,1.3222,0.81,21.87,0.314,,1,1,17.036,0.2453
436.978,0.2050,1.0000,0.2975,1.3295,0.82,21.98,0.323,,1,1,17.036,0.2453
437.008,0.2245,1.0000,0.2894,1.2717,0.81,22.10,0.328,,1,1,17.036,0.2453
437.036,0.2436,1.0000,0.3122,1.2807,0.81,22.15,0.333,,1,1,17.036,0.2453
437.067,0.2608,1.0000,0.3157,1.2725,0.81,22.20,0.333,,1,1,17.036,0.2453
437.114,0.2787,1.0000,0.3166,1.2393,0.82,22.27,0.337,,1,1,17.036,0.2453
437.148,0.2945,1.0000,0.3437,1.2635,0.82,22.20,0.340,,1,1,17.036,0.2453
437.179,0.3114,1.0000,0.3634,1.2983,0.82,22.06,0.345,,1,1,17.036,0.2453
437.211,0.3318,1.0000,0.3960,1.2970,0.83,21.95,0.348,,1,1,17.036,0.2453
437.243,0.3578,1.0000,0.4374,1.2690,0.84,21.82,0.348,,1,1,17.036,0.2453
437.276,0.3806,1.0000,0.4496,1.2702,0.85,21.72,0.351,,1,1,17.036,0.2453
437.307,0.4078,1.0000,0.4936,1.3092,0.86,21.61,0.349,,1,1,17.036,0.2453
437.339,0.4330,1.0000,0.5101,1.3275,0.86,21.53,0.346,,1,1,17.036,0.2453
437.370,0.4586,1.0000,0.5391,1.2748,0.88,21.46,0.349,,1,1,17.036,0.2453
437.403,0.4927,1.0000,0.5927,1.3711,0.89,21.24,0.348,,1,1,17.036,0.2453
437.435,0.5167,1.0000,0.5891,1.3418,0.90,21.11,0.348,,1,1,17.036,0.2453
437.467,0.5353,1.0000,0.5914,1.3124,0.91,21.03,0.351,,1,1,17.036,0.2453
437.500,0.5521,1.0000,0.6013,1.3230,0.92,20.93,0.352,,1,1,17.036,0.2453
437.531,0.5667,1.0000,0.6130,1.3045,0.94,20.82,0.353,,1,1,17.036,0.2453
437.564,0.5779,1.0000,0.6114,1.3071,0.96,20.78,0.352,,1,1,17.036,0.2453
437.595,0.5879,1.0000,0.6195,1.3225,0.97,20.68,0.350,,1,1,17.036,0.2453
437.627,0.5929,1.0000,0.6084,1.2458,0.97,20.55,0.348,,1,1,17.036,0.2453
437.674,0.5979,1.0000,0.6086,1.0853,0.98,20.33,0.373,,1,1,17.036,0.2453
437.706,0.5978,1.0000,0.5975,0.9052,0.96,20.30,0.396,,1,1,17.036,0.2453
437.739,0.5974,0.9763,0.5961,0.8538,0.94,20.30,0.413,,1,1,17.036,0.2453
437.772,0.6028,0.9393,0.6196,0.8288,0.93,20.28,0.424,,1,1,17.036,0.2453
437.802,0.6048,0.8885,0.6115,0.7241,0.91,20.26,0.430,,1,1,17.036,0.2453
437.836,0.6077,0.8394,0.6167,0.7004,0.89,20.23,0.443,,1,1,17.036,0.2453
437.868,0.6085,0.7705,0.6111,0.5650,0.86,20.21,0.441,,1,1,17.036,0.2453
437.899,0.6099,0.7197,0.6143,0.5735,0.84,20.19,0.449,,1,1,17.036,0.2453
437.931,0.6094,0.6539,0.6078,0.4677,0.82,20.17,0.459,,1,1,17.036,0.2453
437.965,0.6092,0.6080,0.6087,0.4832,0.79,20.17,0.455,,1,1,17.036,0.2453
437.995,0.6088,0.5697,0.6075,0.4564,0.76,20.15,0.469,,1,1,17.036,0.2453
438.028,0.6078,0.5292,0.6045,0.4147,0.73,20.14,0.473,,1,1,17.036,0.2453
438.059,0.6063,0.4881,0.6014,0.3700,0.69,20.16,0.478,,1,1,17.036,0.2453
438.091,0.6049,0.4513,0.6000,0.3470,0.66,20.19,0.477,,1,1,17.036,0.2453
438.122,0.6051,0.4258,0.6059,0.3507,0.62,20.20,0.472,,1,1,17.036,0.2453
438.153,0.6051,0.4020,0.6053,0.3312,0.59,20.20,0.473,,1,1,17.036,0.2453
438.186,0.6062,0.3823,0.6096,0.3257,0.57,20.17,0.472,,1,1,17.036,0.2453
438.234,0.6089,0.3663,0.6149,0.3339,0.55,20.11,0.469,,1,1,17.036,0.2453
438.266,0.6108,0.3516,0.6170,0.3082,0.54,20.08,0.470,,1,1,17.036,0.2453
438.298,0.6120,0.3401,0.6161,0.3055,0.53,20.03,0.466,,1,1,17.036,0.2453
438.331,0.6123,0.3313,0.6131,0.3055,0.52,19.98,0.469,,1,1,17.036,0.2453
438.364,0.6127,0.3271,0.6140,0.3141,0.52,19.96,0.467,,1,1,17.036,0.2453
438.396,0.6115,0.3069,0.6073,0.2430,0.53,19.93,0.462,,1,1,17.036,0.2453
438.428,0.6097,0.2810,0.6040,0.2046,0.54,19.94,0.456,,1,1,17.036,0.2453
438.459,0.6085,0.2622,0.6043,0.2035,0.54,19.93,0.456,,1,1,17.036,0.2453
438.489,0.6082,0.2444,0.6074,0.1850,0.56,19.90,0.456,,1,1,17.036,0.2453
438.522,0.6110,0.2334,0.6200,0.2006,0.57,19.91,0.456,,1,1,17.036,0.2453
438.555,0.6133,0.2217,0.6208,0.1865,0.58,19.95,0.455,,1,1,17.036,0.2453
438.587,0.6180,0.2133,0.6334,0.1872,0.60,19.96,0.449,,1,1,17.036,0.2453
438.655,0.6357,0.2334,0.6630,0.2636,0.65,19.86,0.446,,1,1,17.036,0.2453
438.684,0.6499,0.2475,0.7028,0.3003,0.68,19.80,0.442,,1,1,17.036,0.2453
438.716,0.6657,0.2552,0.7157,0.2798,0.73,19.77,0.444,,1,1,17.036,0.2453
438.747,0.6823,0.2501,0.7359,0.2332,0.77,19.80,0.453,,1,1,17.036,0.2453
438.794,0.7131,0.2617,0.7806,0.2881,0.81,19.79,0.450,,1,1,17.036,0.2453
438.827,0.7323,0.2634,0.7903,0.2690,0.83,19.78,0.457,,1,1,17.036,0.2453
438.853,0.7447,0.2587,0.7926,0.2396,0.83,19.77,0.461,,1,1,17.036,0.2453
438.881,0.7559,0.2541,0.7962,0.2369,0.84,19.77,0.461,,1,1,17.036,0.2453
438.905,0.7665,0.2357,0.8101,0.1571,0.84,19.79,0.461,,1,1,17.036,0.2453
438.933,0.7770,0.2337,0.8156,0.2261,0.85,19.79,0.461,,1,1,17.036,0.2453
438.963,0.7869,0.2335,0.8198,0.2329,0.87,19.80,0.462,,1,1,17.036,0.2453
438.990,0.7986,0.2173,0.8423,0.1554,0.88,19.80,0.462,,1,1,17.036,0.2453
439.053,0.8147,0.2169,0.8411,0.2162,0.90,19.86,0.461,,1,1,17.036,0.2453
439.081,0.8217,0.2156,0.8456,0.2109,0.89,19.83,0.460,,1,1,17.036,0.2453
439.117,0.8280,0.2160,0.8466,0.2175,0.89,19.80,0.462,,1,1,17.036,0.2453
439.147,0.8331,0.2152,0.8496,0.2123,0.88,19.73,0.465,,1,1,17.036,0.2453
439.181,0.8369,0.2117,0.8487,0.2010,0.87,19.64,0.464,,1,1,17.036,0.2453
439.211,0.8393,0.2114,0.8472,0.2103,0.86,19.55,0.465,,1,1,17.036,0.2453
439.243,0.8417,0.2097,0.8496,0.2042,0.84,19.43,0.463,,1,1,17.036,0.2453
439.276,0.8439,0.2049,0.8507,0.1895,0.84,19.23,0.463,,1,1,17.036,0.2453
439.307,0.8452,0.2032,0.8499,0.1970,0.83,19.05,0.461,,1,1,17.036,0.2453
439.338,0.8461,0.2046,0.8491,0.2093,0.83,18.89,0.458,,1,1,17.036,0.2453
439.387,0.8475,0.2102,0.8503,0.2224,0.82,18.77,0.451,,1,1,17.036,0.2453
439.418,0.8481,0.2147,0.8502,0.2299,0.82,18.68,0.446,,1,1,17.036,0.2453
439.453,0.8494,0.2446,0.8536,0.3366,0.83,18.52,0.440,,1,1,17.036,0.2453
439.483,0.8528,0.2870,0.8643,0.4256,0.83,18.41,0.435,,1,1,17.036,0.2453
439.515,0.8573,0.3540,0.8721,0.5617,0.85,18.27,0.368,,1,1,17.036,0.2453
439.547,0.8657,0.4755,0.8922,0.8136,0.86,18.08,0.300,,1,1,17.036,0.2453
439.579,0.8725,0.6203,0.8945,1.0114,0.88,17.90,0.299,,1,1,17.036,0.2453
439.610,0.8819,0.7360,0.9135,1.2109,0.92,17.71,0.310,,1,1,17.036,0.2453
439.643,0.8885,0.8249,0.9091,1.2480,0.94,17.61,0.334,,1,1,17.036,0.2453
439.675,0.8908,0.8863,0.8986,1.2731,0.94,17.50,0.337,,1,1,17.036,0.2453
439.706,0.8886,0.9299,0.8810,1.2641,0.93,17.40,0.338,,1,1,17.036,0.2453
439.738,0.8827,0.9628,0.8636,1.2670,0.95,17.35,0.345,,1,1,17.036,0.2453
439.770,0.8763,0.9860,0.8551,1.2599,0.96,17.28,0.350,,1,1,17.036,0.2453
439.804,0.8708,1.0000,0.8529,1.3052,0.98,17.20,0.354,,1,1,17.036,0.2453
439.834,0.8615,1.0000,0.8308,1.3006,1.00,17.14,0.355,,1,1,17.036,0.2453
439.867,0.8534,1.0000,0.8272,1.2680,1.00,17.08,0.352,,1,1,17.036,0.2453
439.898,0.8464,1.0000,0.8225,1.2772,1.02,17.03,0.353,,1,1,17.036,0.2453
439.947,0.8370,1.0000,0.8170,1.2859,1.05,16.97,0.350,,1,1,17.036,0.2453
439.980,0.8307,1.0000,0.8109,1.3343,1.08,16.94,0.356,,1,1,17.036,0.2453
440.012,0.8261,1.0000,0.8111,1.3289,1.09,16.92,0.354,,1,1,17.036,0.2453
440.044,0.8241,1.0000,0.8176,1.3440,1.11,16.91,0.359,,1,1,17.036,0.2453
440.075,0.8207,1.0000,0.8095,1.2285,1.11,16.93,0.364,,1,1,17.036,0.2453
440.106,0.8160,1.0000,0.8002,1.0300,1.09,16.98,0.408,,1,1,17.036,0.2453
440.138,0.8095,1.0000,0.7877,0.8872,1.06,17.06,0.429,,1,1,17.036,0.2453
440.170,0.8050,0.9706,0.7906,0.8546,1.02,17.16,0.449,,1,1,17.036,0.2453
440.203,0.8005,0.9096,0.7864,0.7241,0.98,17.23,0.475,,1,1,17.036,0.2453
440.234,0.7974,0.8429,0.7873,0.6404,0.93,17.37,0.480,,1,1,17.036,0.2453
440.267,0.7979,0.7600,0.7995,0.5230,0.89,17.41,0.483,,1,1,17.036,0.2453
440.300,0.8015,0.7060,0.8130,0.5529,0.85,17.43,0.478,,1,1,17.036,0.2453
440.332,0.8061,0.6536,0.8211,0.5056,0.82,17.39,0.482,,1,1,17.036,0.2453
440.364,0.8104,0.5914,0.8248,0.4156,0.78,17.38,0.492,,1,1,17.036,0.2453
440.396,0.8115,0.5173,0.8152,0.3137,0.73,17.40,0.504,,1,1,17.036,0.2453
440.427,0.8108,0.4513,0.8083,0.2620,0.69,17.44,0.507,,1,1,17.036,0.2453
440.459,0.8103,0.3980,0.8084,0.2504,0.67,17.48,0.509,,1,1,17.036,0.2453
440.507,0.8110,0.3409,0.8127,0.2352,0.63,17.44,0.507,,1,1,17.036,0.2453
440.538,0.8115,0.3060,0.8129,0.2055,0.59,17.40,0.505,,1,1,17.036,0.2453
440.571,0.8115,0.2738,0.8116,0.1830,0.55,17.36,0.507,,1,1,17.036,0.2453
440.605,0.8132,0.2494,0.8184,0.1836,0.51,17.32,0.507,,1,1,17.036,0.2453
440.634,0.8157,0.2323,0.8246,0.1790,0.49,17.32,0.508,,1,1,17.036,0.2453
440.667,0.8215,0.2233,0.8407,0.1969,0.45,17.34,0.509,,1,1,17.036,0.2453
440.699,0.8263,0.2092,0.8415,0.1681,0.41,17.39,0.511,,1,1,17.036,0.2453
440.731,0.8304,0.1871,0.8440,0.1205,0.37,17.43,0.507,,1,1,17.036,0.2453
440.764,0.8327,0.1703,0.8401,0.1200,0.34,17.45,0.503,,1,1,17.036,0.2453
440.797,0.8350,0.1681,0.8423,0.1615,0.31,17.45,0.497,,1,1,17.036,0.2453
440.826,0.8344,0.1663,0.8320,0.1604,0.30,17.43,0.493,,1,1,17.036,0.2453
440.859,0.8323,0.1745,0.8260,0.1989,0.29,17.35,0.491,,1,1,17.036,0.2453
440.891,0.8281,0.1806,0.8139,0.2001,0.28,17.25,0.487,,1,1,17.036,0.2453
440.922,0.8213,0.1919,0.7975,0.2305,0.28,17.15,0.481,,1,1,17.036,0.2453
440.955,0.8076,0.2008,0.7656,0.2281,0.29,17.01,0.476,,1,1,17.036,0.2453
440.987,0.7928,0.2049,0.7451,0.2181,0.30,16.94,0.472,,1,1,17.036,0.2453
441.054,0.7636,0.1990,0.7181,0.1898,0.32,16.87,0.468,,1,1,17.036,0.2453
441.098,0.7448,0.2058,0.7009,0.2221,0.35,16.87,0.467,,1,1,17.036,0.2453
441.125,0.7350,0.2088,0.6983,0.2202,0.35,16.88,0.467,,1,1,17.036,0.2453
441.153,0.7275,0.2112,0.7001,0.2201,0.38,16.87,0.454,,1,1,17.036,0.2453
441.182,0.7145,0.2070,0.6685,0.1916,0.40,16.95,0.456,,1,1,17.036,0.2453
441.209,0.6991,0.1921,0.6393,0.1328,0.43,16.97,0.451,,1,1,17.036,0.2453
441.237,0.6832,0.1809,0.6276,0.1404,0.46,16.98,0.452,,1,1,17.036,0.2453
441.264,0.6705,0.1825,0.6236,0.1887,0.47,17.01,0.449,,1,1,17.036,0.2453
441.292,0.6566,0.1830,0.6074,0.1848,0.49,17.01,0.446,,1,1,17.036,0.2453
441.323,0.6426,0.1745,0.5946,0.1444,0.51,17.06,0.448,,1,1,17.036,0.2453
441.355,0.6310,0.1701,0.5958,0.1560,0.54,17.08,0.445,,1,1,17.036,0.2453
441.386,0.6258,0.1829,0.6094,0.2251,0.56,17.16,0.438,,1,1,17.036,0.2453
441.451,0.6191,0.2008,0.6084,0.2303,0.61,17.35,0.441,,1,1,17.036,0.2453
441.482,0.6140,0.2077,0.5973,0.2310,0.62,17.46,0.443,,1,1,17.036,0.2453
441.516,0.6081,0.2112,0.5897,0.2223,0.63,17.58,0.446,,1,1,17.036,0.2453
441.547,0.6018,0.2148,0.5819,0.2266,0.65,17.65,0.447,,1,1,17.036,0.2453
441.580,0.5976,0.2190,0.5843,0.2323,0.68,17.74,0.447,,1,1,17.036,0.2453
441.611,0.5945,0.2291,0.5842,0.2634,0.70,17.80,0.449,,1,1,17.036,0.2453
441.658,0.5907,0.2514,0.5823,0.3000,0.71,18.04,0.447,,1,1,17.036,0.2453
441.690,0.5842,0.2544,0.5628,0.2642,0.71,18.17,0.449,,1,1,17.036,0.2453
441.716,0.5789,0.2563,0.5581,0.2639,0.72,18.29,0.448,,1,1,17.036,0.2453
441.743,0.5748,0.2608,0.5595,0.2779,0.73,18.40,0.446,,1,1,17.036,0.2453
441.769,0.5725,0.2674,0.5632,0.2944,0.73,18.48,0.446,,1,1,17.036,0.2453
441.796,0.5691,0.2694,0.5553,0.2771,0.74,18.57,0.444,,1,1,17.036,0.2453
441.850,0.5627,0.2780,0.5506,0.2943,0.73,18.69,0.442,,1,1,17.036,0.2453
441.884,0.5606,0.2935,0.5542,0.3424,0.74,18.80,0.443,,1,1,17.036,0.2453
441.915,0.5585,0.3128,0.5517,0.3743,0.75,18.89,0.438,,1,1,17.036,0.2453
441.947,0.5479,0.3192,0.5134,0.3395,0.76,18.97,0.390,,1,1,17.036,0.2453
441.980,0.5385,0.3348,0.5091,0.3834,0.78,19.02,0.283,,1,1,17.036,0.2453
442.012,0.5204,0.3392,0.4606,0.3537,0.79,19.07,0.288,,1,1,17.036,0.2453
442.044,0.4952,0.3391,0.4172,0.3387,0.80,19.13,0.294,,1,1,17.036,0.2453
442.075,0.4744,0.3405,0.4068,0.3451,0.81,19.14,0.315,,1,1,17.036,0.2453
442.106,0.4594,0.3466,0.4118,0.3667,0.82,19.11,0.342,,1,1,17.036,0.2453
442.138,0.4488,0.3499,0.4151,0.3605,0.82,19.08,0.351,,1,1,17.036,0.2453
442.171,0.4415,0.3507,0.4194,0.3531,0.82,19.05,0.360,,1,1,17.036,0.2453
442.218,0.4354,0.3482,0.4222,0.3429,0.84,19.01,0.375,,1,1,17.036,0.2453
442.251,0.4323,0.3517,0.4227,0.3626,0.84,18.94,0.388,,1,1,17.036,0.2453
442.282,0.4293,0.3469,0.4193,0.3310,0.84,18.85,0.393,,1,1,17.036,0.2453
442.315,0.4265,0.3403,0.4175,0.3189,0.83,18.80,0.395,,1,1,17.036,0.2453
442.346,0.4210,0.3209,0.4030,0.2557,0.82,18.77,0.402,,1,1,17.036,0.2453
442.380,0.4172,0.3077,0.4053,0.2665,0.82,18.77,0.404,,1,1,17.036,0.2453
442.411,0.4157,0.3029,0.4110,0.2871,0.81,18.74,0.413,,1,1,17.036,0.2453
442.443,0.4125,0.2914,0.4014,0.2527,0.81,18.73,0.416,,1,1,17.036,0.2453
442.475,0.4081,0.2795,0.3941,0.2419,0.81,18.74,0.418,,1,1,17.036,0.2453
442.507,0.3929,0.2509,0.3433,0.1586,0.81,18.74,0.423,,1,1,17.036,0.2453
442.553,0.3766,0.2336,0.3407,0.1961,0.81,18.78,0.427,,1,1,17.036,0.2453
442.580,0.3640,0.2189,0.3159,0.1634,0.80,18.80,0.429,,1,1,17.036,0.2453
442.605,0.3469,0.1949,0.2776,0.0992,0.80,18.78,0.441,,1,1,17.036,0.2453
442.633,0.3304,0.1724,0.2725,0.0949,0.78,18.78,0.449,,1,1,17.036,0.2453
442.665,0.3109,0.1463,0.2500,0.0661,0.79,18.75,0.454,,1,1,17.036,0.2453
442.699,0.2891,0.1202,0.2240,0.0439,0.78,18.76,0.454,,1,1,17.036,0.2453
442.730,0.2773,0.1151,0.2395,0.0988,0.78,18.73,0.460,,1,1,17.036,0.2453
442.779,0.2627,0.1198,0.2328,0.1295,0.75,18.75,0.464,,1,1,17.036,0.2453
442.811,0.2501,0.1102,0.2102,0.0795,0.73,18.81,0.467,,1,1,17.036,0.2453
442.843,0.2449,0.1117,0.2289,0.1165,0.70,18.89,0.462,,1,1,17.036,0.2453
442.875,0.2411,0.1125,0.2286,0.1154,0.67,18.95,0.467,,1,1,17.036,0.2453
442.907,0.2375,0.1107,0.2262,0.1050,0.64,19.04,0.466,,1,1,17.036,0.2453
442.938,0.2361,0.1118,0.2315,0.1155,0.62,19.11,0.467,,1,1,17.036,0.2453
442.971,0.2337,0.1125,0.2258,0.1145,0.60,19.21,0.467,,1,1,17.036,0.2453
443.002,0.2293,0.1047,0.2156,0.0798,0.58,19.30,0.469,,1,1,17.036,0.2453
443.036,0.2275,0.0992,0.2218,0.0823,0.57,19.37,0.467,,1,1,17.036,0.2453
443.066,0.2259,0.1000,0.2206,0.1029,0.56,19.42,0.457,,1,1,17.036,0.2453
443.098,0.2238,0.0981,0.2171,0.0918,0.55,19.46,0.458,,1,1,17.036,0.2453
443.131,0.2223,0.0946,0.2175,0.0837,0.53,19.51,0.457,,1,1,17.036,0.2453
443.163,0.2196,0.0880,0.2109,0.0661,0.53,19.56,0.456,,1,1,17.036,0.2453
443.194,0.2151,0.0766,0.2000,0.0391,0.52,19.59,0.455,,1,1,17.036,0.2453
443.227,0.2118,0.0690,0.2010,0.0446,0.52,19.60,0.454,,1,1,17.036,0.2453
443.260,0.2113,0.0723,0.2099,0.0830,0.52,19.60,0.457,,1,1,17.036,0.2453
443.292,0.2112,0.0738,0.2107,0.0788,0.51,19.62,0.457,,1,1,17.036,0.2453
443.323,0.2118,0.0760,0.2141,0.0836,0.53,19.65,0.459,,1,1,17.036,0.2453
443.371,0.2136,0.0800,0.2176,0.0887,0.55,19.67,0.463,,1,1,17.036,0.2453
443.401,0.2064,0.0761,0.1813,0.0625,0.56,19.71,0.459,,1,1,17.036,0.2453
443.434,0.1959,0.0585,0.1632,0.0038,0.57,19.75,0.465,,1,1,17.036,0.2453
443.466,0.1852,0.0490,0.1504,0.0185,0.57,19.79,0.468,,1,1,17.036,0.2453
443.499,0.1727,0.0336,0.1328,-0.0158,0.55,19.83,0.462,,1,1,17.036,0.2453
443.530,0.1600,0.0140,0.1182,-0.0550,0.54,19.93,0.465,,1,1,17.036,0.2453
443.565,0.1497,0.0018,0.1182,-0.0352,0.54,20.03,0.460,,1,1,17.036,0.2453
443.594,0.1458,0.0261,0.1327,0.1087,0.54,20.19,0.455,,1,1,17.036,0.2453
443.629,0.1452,0.0618,0.1435,0.1687,0.55,20.33,0.446,,1,1,17.036,0.2453
443.658,0.1472,0.0962,0.1543,0.2199,0.55,20.50,0.443,,1,1,17.036,0.2453
443.692,0.1494,0.1333,0.1564,0.2431,0.55,20.64,0.446,,1,1,17.036,0.2453
443.722,0.1452,0.1488,0.1304,0.2003,0.53,20.80,0.444,,1,1,17.036,0.2453
443.755,0.1424,0.1675,0.1338,0.2232,0.52,20.96,0.443,,1,1,17.036,0.2453
443.786,0.1375,0.1758,0.1210,0.2027,0.50,21.05,0.443,,1,1,17.036,0.2453
443.852,0.1269,0.1963,0.1100,0.2277,0.49,21.16,0.448,,1,1,17.036,0.2453
443.882,0.1277,0.2104,0.1305,0.2580,0.49,21.24,0.453,,1,1,17.036,0.2453
443.930,0.1282,0.2265,0.1295,0.2609,0.48,21.32,0.455,,1,1,17.036,0.2453
443.964,0.1314,0.2433,0.1412,0.2930,0.46,21.36,0.452,,1,1,17.036,0.2453
443.991,0.1334,0.2549,0.1412,0.2978,0.46,21.40,0.450,,1,1,17.036,0.2453
444.018,0.1353,0.2653,0.1427,0.3042,0.45,21.42,0.451,,1,1,17.036,0.2453
444.043,0.1356,0.2747,0.1369,0.3132,0.43,21.44,0.445,,1,1,17.036,0.2453
444.073,0.1400,0.2904,0.1558,0.3428,0.43,21.47,0.445,,1,1,17.036,0.2453
444.100,0.1399,0.2953,0.1393,0.3135,0.43,21.51,0.447,,1,1,17.036,0.2453
444.126,0.1397,0.2981,0.1389,0.3090,0.43,21.56,0.444,,1,1,17.036,0.2453
444.155,0.1369,0.2965,0.1262,0.2905,0.42,21.59,0.441,,1,1,17.036,0.2453
444.186,0.1362,0.3173,0.1338,0.3815,0.43,21.63,0.437,,1,1,17.036,0.2453
444.251,0.1428,0.4980,0.1535,0.7663,0.50,21.52,0.288,,1,1,17.036,0.2453
444.283,0.1443,0.5797,0.1496,0.8199,0.53,21.55,0.284,,1,1,17.036,0.2453
444.316,0.1449,0.6583,0.1467,0.8770,0.55,21.61,0.316,,1,1,17.036,0.2453
444.348,0.1404,0.7255,0.1253,0.9160,0.58,21.68,0.328,,1,1,17.036,0.2453
444.379,0.1413,0.8129,0.1443,1.0507,0.61,21.70,0.331,,1,1,17.036,0.2453
444.411,0.1395,0.8757,0.1335,1.0523,0.65,21.74,0.336,,1,1,17.036,0.2453
444.442,0.1372,0.9214,0.1291,1.1067,0.69,21.75,0.339,,1,1,17.036,0.2453
444.491,0.1359,0.9667,0.1333,1.1038,0.74,21.78,0.338,,1,1,17.036,0.2453
444.523,0.1314,0.9882,0.1164,1.1114,0.77,21.81,0.341,,1,1,17.036,0.2453
444.549,0.1270,1.0000,0.1099,1.1193,0.79,21.85,0.343,,1,1,17.036,0.2453
444.576,0.1232,1.0000,0.1082,1.1305,0.78,21.91,0.347,,1,1,17.036,0.2453
444.602,0.1194,1.0000,0.1041,1.1351,0.77,22.01,0.348,,1,1,17.036,0.2453
444.651,0.1136,1.0000,0.1012,1.0998,0.78,22.10,0.353,,1,1,17.036,0.2453
444.683,0.1101,1.0000,0.0982,1.0779,0.79,22.13,0.354,,1,1,17.036,0.2453
444.715,0.1086,1.0000,0.1036,1.1163,0.82,22.17,0.353,,1,1,17.036,0.2453
444.747,0.1068,1.0000,0.1012,1.1078,0.84,22.20,0.351,,1,1,17.036,0.2453
444.780,0.1063,1.0000,0.1045,1.0930,0.87,22.23,0.353,,1,1,17.036,0.2453
444.811,0.1056,1.0000,0.1035,1.0976,0.88,22.27,0.357,,1,1,17.036,0.2453
444.842,0.1183,1.0000,0.1612,1.1359,0.89,22.29,0.353,,1,1,17.036,0.2453
444.876,0.1318,1.0000,0.1729,1.1021,0.91,22.32,0.358,,1,1,17.036,0.2453
444.909,0.1509,1.0000,0.2141,1.1359,0.93,22.35,0.357,,1,1,17.036,0.2453
444.939,0.1671,1.0000,0.2197,1.1090,0.94,22.35,0.358,,1,1,17.036,0.2453
444.971,0.1852,1.0000,0.2435,1.1158,0.97,22.35,0.360,,1,1,17.036,0.2453
445.002,0.1973,1.0000,0.2375,1.0719,0.99,22.37,0.354,,1,1,17.036,0.2453
445.050,0.2243,1.0000,0.2808,1.1460,1.04,22.37,0.350,,1,1,17.036,0.2453
445.084,0.2369,1.0000,0.2750,1.0395,1.06,22.36,0.353,,1,1,17.036,0.2453
445.115,0.2494,1.0000,0.2902,1.0600,1.09,22.35,0.353,,1,1,17.036,0.2453
445.147,0.2647,1.0000,0.3132,1.0449,1.10,22.32,0.353,,1,1,17.036,0.2453
445.178,0.2820,1.0000,0.3365,1.0619,1.11,22.27,0.345,,1,1,17.036,0.2453
445.212,0.3074,1.0000,0.3838,1.1270,1.13,22.20,0.350,,1,1,17.036,0.2453
445.244,0.3322,1.0000,0.4098,1.1437,1.15,22.09,0.347,,1,1,17.036,0.2453
445.275,0.3545,1.0000,0.4234,1.1147,1.16,22.01,0.351,,1,1,17.036,0.2453
445.307,0.3786,1.0000,0.4535,1.1174,1.16,21.91,0.349,,1,1,17.036,0.2453
445.338,0.3991,1.0000,0.4641,1.1039,1.17,21.83,0.354,,1,1,17.036,0.2453
445.370,0.4183,1.0000,0.4771,1.1037,1.16,21.73,0.350,,1,1,17.036,0.2453
445.402,0.4328,1.0000,0.4779,1.0874,1.16,21.65,0.349,,1,1,17.036,0.2453
445.435,0.4493,1.0000,0.4981,1.0948,1.15,21.60,0.347,,1,1,17.036,0.2453
445.467,0.4592,1.0000,0.4904,1.0798,1.15,21.46,0.339,,1,1,17.036,0.2453
445.498,0.4666,1.0000,0.4895,1.1020,1.13,21.30,0.335,,1,1,17.036,0.2453
445.531,0.4706,1.0000,0.4828,1.0960,1.13,21.18,0.335,,1,1,17.036,0.2453
445.565,0.4761,1.0000,0.4927,1.0831,1.12,21.05,0.334,,1,1,17.036,0.2453
445.596,0.4831,1.0000,0.5062,1.0910,1.12,20.88,0.330,,1,1,17.036,0.2453
445.644,0.4890,1.0000,0.5015,1.0963,1.12,20.65,0.329,,1,1,17.036,0.2453
445.675,0.4918,1.0000,0.5010,1.1200,1.12,20.54,0.326,,1,1,17.036,0.2453
445.706,0.4936,1.0000,0.4995,1.1176,1.13,20.45,0.325,,1,1,17.036,0.2453
445.738,0.4945,1.0000,0.4975,1.1063,1.14,20.40,0.324,,1,1,17.036,0.2453
445.769,0.4969,1.0000,0.5049,1.1487,1.15,20.34,0.316,,1,1,17.036,0.2453
445.802,0.4963,1.0000,0.4941,1.1320,1.18,20.31,0.319,,1,1,17.036,0.2453
445.835,0.4960,1.0000,0.4950,1.1450,1.20,20.32,0.303,,1,1,17.036,0.2453
445.866,0.4893,1.0000,0.4669,1.1422,1.23,20.32,0.305,,1,1,17.036,0.2453
445.900,0.4816,1.0000,0.4578,1.1439,1.26,20.32,0.304,,1,1,17.036,0.2453
445.931,0.4762,1.0000,0.4576,1.1397,1.27,20.32,0.306,,1,1,17.036,0.2453
445.963,0.4701,1.0000,0.4498,1.1706,1.28,20.33,0.318,,1,1,17.036,0.2453
445.995,0.4632,1.0000,0.4413,1.0681,1.28,20.36,0.324,,1,1,17.036,0.2453
446.027,0.4555,1.0000,0.4290,0.9379,1.26,20.34,0.315,,1,1,17.036,0.2453
446.061,0.4476,0.9684,0.4245,0.8089,1.24,20.36,0.360,,1,1,17.036,0.2453
446.092,0.4423,0.9097,0.4241,0.7229,1.21,20.36,0.396,,1,1,17.036,0.2453
446.123,0.4365,0.8374,0.4173,0.6171,1.19,20.35,0.428,,1,1,17.036,0.2453
446.155,0.4363,0.7685,0.4356,0.5705,1.15,20.33,0.443,,1,1,17.036,0.2453
446.203,0.4430,0.6659,0.4577,0.4707,1.11,20.37,0.457,,1,1,17.036,0.2453
446.235,0.4455,0.5981,0.4538,0.4096,1.08,20.34,0.465,,1,1,17.036,0.2453
446.268,0.4496,0.5418,0.4629,0.3876,1.05,20.38,0.461,,1,1,17.036,0.2453
446.299,0.4557,0.5040,0.4762,0.3951,1.01,20.41,0.466,,1,1,17.036,0.2453
446.332,0.4615,0.4750,0.4803,0.3943,0.98,20.41,0.469,,1,1,17.036,0.2453
446.362,0.4683,0.4601,0.4922,0.4140,0.95,20.42,0.466,,1,1,17.036,0.2453
446.395,0.4775,0.4402,0.5063,0.3854,0.92,20.40,0.470,,1,1,17.036,0.2453
446.427,0.4837,0.4200,0.5038,0.3610,0.89,20.39,0.473,,1,1,17.036,0.2453
446.459,0.4872,0.3950,0.4988,0.3194,0.85,20.37,0.476,,1,1,17.036,0.2453
446.491,0.4899,0.3649,0.4986,0.2769,0.81,20.37,0.473,,1,1,17.036,0.2453
446.522,0.4914,0.3403,0.4964,0.2663,0.78,20.35,0.472,,1,1,17.036,0.2453
446.555,0.4926,0.3177,0.4964,0.2522,0.75,20.34,0.470,,1,1,17.036,0.2453
446.587,0.4935,0.2992,0.4965,0.2440,0.72,20.32,0.473,,1,1,17.036,0.2453
446.653,0.4944,0.2738,0.4958,0.2364,0.71,20.27,0.473,,1,1,17.036,0.2453
446.683,0.4946,0.2638,0.4953,0.2292,0.71,20.29,0.473,,1,1,17.036,0.2453
446.714,0.4946,0.2553,0.4947,0.2294,0.72,20.35,0.476,,1,1,17.036,0.2453
446.762,0.4937,0.2442,0.4917,0.2207,0.73,20.41,0.473,,1,1,17.036,0.2453
446.796,0.4939,0.2441,0.4944,0.2439,0.72,20.46,0.465,,1,1,17.036,0.2453
446.822,0.4941,0.2454,0.4951,0.2504,0.71,20.51,0.460,,1,1,17.036,0.2453
446.848,0.4952,0.2467,0.4997,0.2519,0.70,20.55,0.459,,1,1,17.036,0.2453
446.874,0.4964,0.2456,0.5013,0.2409,0.69,20.58,0.457,,1,1,17.036,0.2453
446.900,0.4969,0.2469,0.4988,0.2523,0.68,20.60,0.461,,1,1,17.036,0.2453
446.929,0.4969,0.2467,0.4971,0.2459,0.68,20.63,0.456,,1,1,17.036,0.2453
446.957,0.4982,0.2564,0.5028,0.2929,0.68,20.64,0.436,,1,1,17.036,0.2453
446.988,0.5004,0.2848,0.5081,0.3796,0.69,20.64,0.381,,1,1,17.036,0.2453
447.053,0.5074,0.3691,0.5187,0.5032,0.72,20.59,0.340,,1,1,17.036,0.2453
447.082,0.5102,0.4061,0.5204,0.5291,0.74,20.55,0.331,,1,1,17.036,0.2453
447.115,0.5104,0.4403,0.5111,0.5422,0.76,20.50,0.332,,1,1,17.036,0.2453
447.147,0.5113,0.4706,0.5143,0.5658,0.77,20.45,0.334,,1,1,17.036,0.2453
447.179,0.5127,0.5100,0.5174,0.6290,0.77,20.40,0.338,,1,1,17.036,0.2453
447.210,0.5172,0.5619,0.5321,0.7197,0.78,20.32,0.339,,1,1,17.036,0.2453
447.243,0.5197,0.6098,0.5277,0.7460,0.79,20.25,0.344,,1,1,17.036,0.2453
447.276,0.5216,0.6469,0.5275,0.7519,0.80,20.22,0.344,,1,1,17.036,0.2453
447.306,0.5236,0.6807,0.5310,0.7860,0.81,20.19,0.345,,1,1,17.036,0.2453
447.353,0.5258,0.7115,0.5304,0.7729,0.82,20.15,0.343,,1,1,17.036,0.2453
447.379,0.5266,0.7235,0.5298,0.7675,0.83,20.13,0.344,,1,1,17.036,0.2453
447.405,0.5269,0.7313,0.5281,0.7601,0.84,20.06,0.343,,1,1,17.036,0.2453
447.450,0.5322,0.7535,0.5446,0.8018,0.85,19.90,0.353,,1,1,17.036,0.2453
447.482,0.5350,0.7646,0.5444,0.7988,0.86,19.79,0.349,,1,1,17.036,0.2453
447.514,0.5366,0.7725,0.5416,0.7965,0.86,19.66,0.347,,1,1,17.036,0.2453
447.548,0.5377,0.7782,0.5415,0.7955,0.87,19.55,0.347,,1,1,17.036,0.2453
447.578,0.5393,0.7891,0.5449,0.8251,0.87,19.46,0.346,,1,1,17.036,0.2453
447.611,0.5410,0.8020,0.5462,0.8395,0.88,19.41,0.347,,1,1,17.036,0.2453
447.643,0.5419,0.8097,0.5449,0.8343,0.89,19.38,0.351,,1,1,17.036,0.2453
447.675,0.5424,0.8152,0.5439,0.8324,0.91,19.30,0.354,,1,1,17.036,0.2453
447.709,0.5444,0.8208,0.5508,0.8378,0.93,19.23,0.355,,1,1,17.036,0.2453
447.741,0.5455,0.8208,0.5490,0.8206,0.95,19.18,0.357,,1,1,17.036,0.2453
447.772,0.5463,0.8158,0.5491,0.7994,0.97,19.14,0.360,,1,1,17.036,0.2453
447.803,0.5488,0.8048,0.5570,0.7679,0.99,19.13,0.370,,1,1,17.036,0.2453
447.835,0.5581,0.7973,0.5883,0.7730,0.98,19.17,0.400,,1,1,17.036,0.2453
447.869,0.5665,0.7745,0.5926,0.7030,0.99,19.24,0.440,,1,1,17.036,0.2453
447.914,0.5726,0.7415,0.5865,0.6667,1.01,19.33,0.450,,1,1,17.036,0.2453
447.946,0.5779,0.7284,0.5953,0.6862,1.00,19.38,0.459,,1,1,17.036,0.2453
447.979,0.5862,0.7223,0.6125,0.7032,0.97,19.43,0.456,,1,1,17.036,0.2453
448.011,0.5932,0.7129,0.6159,0.6827,0.93,19.50,0.456,,1,1,17.036,0.2453
448.043,0.6005,0.7048,0.6241,0.6786,0.90,19.56,0.454,,1,1,17.036,0.2453
448.075,0.6051,0.6928,0.6205,0.6543,0.88,19.61,0.455,,1,1,17.036,0.2453
448.106,0.6099,0.6729,0.6257,0.6085,0.87,19.65,0.457,,1,1,17.036,0.2453
448.138,0.6159,0.6520,0.6352,0.5861,0.85,19.70,0.460,,1,1,17.036,0.2453
448.170,0.6230,0.6389,0.6461,0.5977,0.84,19.69,0.462,,1,1,17.036,0.2453
448.203,0.6340,0.6163,0.6687,0.5469,0.85,19.66,0.459,,1,1,17.036,0.2453
448.234,0.6437,0.6148,0.6760,0.6096,0.83,19.59,0.457,,1,1,17.036,0.2453
448.266,0.6504,0.6047,0.6715,0.5734,0.82,19.52,0.459,,1,1,17.036,0.2453
448.299,0.6584,0.5954,0.6837,0.5663,0.80,19.48,0.458,,1,1,17.036,0.2453
448.331,0.6677,0.6043,0.6976,0.6334,0.78,19.45,0.459,,1,1,17.036,0.2453
448.362,0.6763,0.6157,0.7041,0.6529,0.78,19.42,0.457,,1,1,17.036,0.2453
448.395,0.6849,0.6193,0.7126,0.6310,0.78,19.32,0.457,,1,1,17.036,0.2453
448.427,0.6943,0.6192,0.7243,0.6191,0.76,19.19,0.448,,1,1,17.036,0.2453
448.476,0.7043,0.6065,0.7253,0.5796,0.75,19.06,0.452,,1,1,17.036,0.2453
448.506,0.7130,0.6067,0.7427,0.6072,0.75,18.94,0.449,,1,1,17.036,0.2453
448.538,0.7207,0.6098,0.7452,0.6198,0.76,18.83,0.444,,1,1,17.036,0.2453
448.570,0.7280,0.6152,0.7514,0.6335,0.76,18.74,0.439,,1,1,17.036,0.2453
448.602,0.7335,0.6204,0.7514,0.6374,0.76,18.67,0.439,,1,1,17.036,0.2453
448.634,0.7380,0.6278,0.7521,0.6521,0.77,18.64,0.434,,1,1,17.036,0.2453
448.667,0.7406,0.6337,0.7489,0.6525,0.78,18.63,0.434,,1,1,17.036,0.2453
448.698,0.7416,0.6349,0.7448,0.6393,0.79,18.63,0.433,,1,1,17.036,0.2453
448.731,0.7404,0.6306,0.7366,0.6168,0.79,18.62,0.426,,1,1,17.036,0.2453
448.765,0.7395,0.6262,0.7367,0.6125,0.79,18.63,0.424,,1,1,17.036,0.2453
448.796,0.7390,0.6243,0.7374,0.6176,0.81,18.58,0.425,,1,1,17.036,0.2453
448.827,0.7367,0.6205,0.7292,0.6079,0.82,18.51,0.426,,1,1,17.036,0.2453
448.858,0.7349,0.6200,0.7288,0.6183,0.87,18.45,0.421,,1,1,17.036,0.2453
448.889,0.7335,0.6228,0.7285,0.6325,0.91,18.40,0.418,,1,1,17.036,0.2453
448.921,0.7325,0.6316,0.7291,0.6609,0.96,18.30,0.416,,1,1,17.036,0.2453
448.953,0.7318,0.6398,0.7296,0.6666,1.01,18.22,0.414,,1,1,17.036,0.2453
448.987,0.7313,0.6421,0.7298,0.6491,1.04,18.16,0.417,,1,1,17.036,0.2453
449.067,0.7288,0.6388,0.7254,0.6344,1.12,18.10,0.417,,1,1,17.036,0.2453
449.095,0.7281,0.6380,0.7253,0.6349,1.14,18.08,0.417,,1,1,17.036,0.2453
449.132,0.7262,0.6348,0.7208,0.6258,1.16,18.12,0.419,,1,1,17.036,0.2453
449.158,0.7258,0.6387,0.7240,0.6542,1.18,18.15,0.420,,1,1,17.036,0.2453
449.184,0.7252,0.6384,0.7228,0.6374,1.19,18.17,0.420,,1,1,17.036,0.2453
449.209,0.7246,0.6343,0.7221,0.6171,1.20,18.20,0.421,,1,1,17.036,0.2453
449.235,0.7231,0.6317,0.7173,0.6213,1.22,18.22,0.416,,1,1,17.036,0.2453
449.262,0.7218,0.6379,0.7167,0.6622,1.23,18.24,0.413,,1,1,17.036,0.2453
449.290,0.7205,0.6448,0.7157,0.6700,1.26,18.30,0.414,,1,1,17.036,0.2453
449.322,0.7151,0.6540,0.6967,0.6852,1.30,18.29,0.416,,1,1,17.036,0.2453
449.354,0.7098,0.6586,0.6918,0.6739,1.33,18.35,0.417,,1,1,17.036,0.2453
449.386,0.7049,0.6564,0.6895,0.6494,1.35,18.44,0.413,,1,1,17.036,0.2453
449.454,0.6927,0.5582,0.6742,0.4099,1.34,18.51,0.451,,1,1,17.036,0.2453
449.482,0.6859,0.5071,0.6601,0.3253,1.33,18.55,0.482,,1,1,17.036,0.2453
449.514,0.6767,0.4495,0.6465,0.2731,1.30,18.59,0.485,,1,1,17.036,0.2453
449.547,0.6684,0.3900,0.6427,0.2203,1.27,18.64,0.488,,1,1,17.036,0.2453
449.579,0.6618,0.3378,0.6401,0.1823,1.25,18.65,0.491,,1,1,17.036,0.2453
449.627,0.6549,0.2826,0.6400,0.1746,1.21,18.68,0.489,,1,1,17.036,0.2453
449.654,0.6519,0.2544,0.6404,0.1565,1.19,18.71,0.490,,1,1,17.036,0.2453
449.681,0.6486,0.2231,0.6358,0.1170,1.17,18.72,0.494,,1,1,17.036,0.2453
449.706,0.6457,0.1946,0.6337,0.0897,1.14,18.74,0.496,,1,1,17.036,0.2453
449.733,0.6471,0.1791,0.6526,0.1255,1.11,18.74,0.500,,1,1,17.036,0.2453
449.763,0.6503,0.1560,0.6617,0.0837,1.08,18.72,0.499,,1,1,17.036,0.2453
449.790,0.6544,0.1254,0.6707,0.0180,1.05,18.68,0.497,,1,1,17.036,0.2453
449.853,0.6660,0.0887,0.6854,0.0331,1.00,18.88,0.505,,1,1,17.036,0.2453
449.883,0.6764,0.0852,0.7129,0.0738,0.97,18.94,0.498,,1,1,17.036,0.2453
449.915,0.6860,0.0689,0.7176,0.0194,0.94,18.94,0.498,,1,1,17.036,0.2453
449.946,0.6967,0.0787,0.7318,0.1093,0.92,18.94,0.498,,1,1,17.036,0.2453
449.980,0.7066,0.0759,0.7370,0.0677,0.91,18.92,0.494,,1,1,17.036,0.2453
450.012,0.7129,0.0685,0.7333,0.0452,0.88,18.86,0.493,,1,1,17.036,0.2453
450.043,0.7180,0.0623,0.7349,0.0421,0.85,18.80,0.488,,1,1,17.036,0.2453
450.075,0.7195,0.0716,0.7246,0.1014,0.81,18.74,0.489,,1,1,17.036,0.2453
450.107,0.7214,0.0662,0.7277,0.0488,0.77,18.68,0.487,,1,1,17.036,0.2453
450.141,0.7233,0.0668,0.7289,0.0684,0.74,18.65,0.487,,1,1,17.036,0.2453
450.185,0.7243,0.0641,0.7268,0.0579,0.69,18.63,0.481,,1,1,17.036,0.2453
450.218,0.7247,0.0614,0.7261,0.0527,0.66,18.59,0.481,,1,1,17.036,0.2453
450.251,0.7263,0.0605,0.7311,0.0578,0.63,18.60,0.476,,1,1,17.036,0.2453
450.283,0.7247,0.0523,0.7194,0.0243,0.61,18.63,0.478,,1,1,17.036,0.2453
450.314,0.7235,0.0419,0.7195,0.0086,0.59,18.62,0.481,,1,1,17.036,0.2453
450.346,0.7235,0.0574,0.7237,0.1077,0.57,18.57,0.478,,1,1,17.036,0.2453
450.380,0.7234,0.0695,0.7230,0.1075,0.56,18.52,0.479,,1,1,17.036,0.2453
450.412,0.7236,0.0833,0.7240,0.1286,0.54,18.46,0.476,,1,1,17.036,0.2453
450.444,0.7236,0.0878,0.7236,0.1024,0.53,18.42,0.476,,1,1,17.036,0.2453
450.475,0.7241,0.0932,0.7258,0.1112,0.52,18.40,0.475,,1,1,17.036,0.2453
450.507,0.7246,0.0983,0.7262,0.1152,0.51,18.41,0.478,,1,1,17.036,0.2453
450.538,0.7256,0.0960,0.7293,0.0885,0.51,18.43,0.479,,1,1,17.036,0.2453
450.571,0.7254,0.1061,0.7247,0.1386,0.51,18.42,0.462,,1,1,17.036,0.2453
450.602,0.7168,0.1281,0.6877,0.2004,0.51,18.39,0.416,,1,1,17.036,0.2453
450.635,0.7009,0.1502,0.6515,0.2175,0.53,18.42,0.388,,1,1,17.036,0.2453
450.667,0.6803,0.1606,0.6121,0.1946,0.54,18.46,0.373,,1,1,17.036,0.2453
450.698,0.6569,0.1609,0.5802,0.1620,0.56,18.50,0.381,,1,1,17.036,0.2453
450.746,0.6275,0.1477,0.5658,0.1192,0.59,18.64,0.395,,1,1,17.036,0.2453
450.779,0.6093,0.1458,0.5538,0.1399,0.60,18.67,0.407,,1,1,17.036,0.2453
450.812,0.5884,0.1300,0.5243,0.0788,0.60,18.74,0.411,,1,1,17.036,0.2453
450.846,0.5665,0.1236,0.4997,0.1030,0.62,18.72,0.418,,1,1,17.036,0.2453
450.875,0.5436,0.1230,0.4691,0.1207,0.64,18.72,0.418,,1,1,17.036,0.2453
450.908,0.5130,0.1315,0.4221,0.1586,0.66,18.72,0.424,,1,1,17.036,0.2453
450.940,0.4842,0.1400,0.3920,0.1692,0.67,18.62,0.429,,1,1,17.036,0.2453
450.971,0.4470,0.1387,0.3366,0.1345,0.66,18.54,0.431,,1,1,17.036,0.2453
451.002,0.4219,0.1442,0.3438,0.1630,0.66,18.52,0.436,,1,1,17.036,0.2453
451.035,0.3994,0.1605,0.3321,0.2128,0.65,18.53,0.438,,1,1,17.036,0.2453
451.069,0.3771,0.1658,0.3145,0.1820,0.65,18.60,0.444,,1,1,17.036,0.2453
451.097,0.3571,0.1679,0.2888,0.1757,0.65,18.61,0.443,,1,1,17.036,0.2453
451.130,0.3437,0.1810,0.3040,0.2218,0.62,18.63,0.441,,1,1,17.036,0.2453
451.162,0.3285,0.1835,0.2820,0.1918,0.60,18.64,0.444,,1,1,17.036,0.2453
451.195,0.3169,0.1877,0.2816,0.2011,0.59,18.68,0.443,,1,1,17.036,0.2453
451.227,0.3066,0.1826,0.2741,0.1655,0.58,18.75,0.447,,1,1,17.036,0.2453
451.259,0.2966,0.1774,0.2667,0.1608,0.58,18.79,0.446,,1,1,17.036,0.2453
451.307,0.2826,0.1675,0.2530,0.1455,0.56,18.86,0.449,,1,1,17.036,0.2453
451.338,0.2778,0.1600,0.2620,0.1340,0.56,18.90,0.448,,1,1,17.036,0.2453
451.371,0.2737,0.1496,0.2612,0.1168,0.54,18.96,0.450,,1,1,17.036,0.2453
451.403,0.2661,0.1342,0.2422,0.0847,0.52,19.05,0.451,,1,1,17.036,0.2453
451.434,0.2610,0.1273,0.2441,0.1042,0.50,19.14,0.457,,1,1,17.036,0.2453
451.465,0.2575,0.1197,0.2461,0.0943,0.47,19.18,0.458,,1,1,17.036,0.2453
451.498,0.2528,0.1028,0.2384,0.0512,0.45,19.18,0.461,,1,1,17.036,0.2453
451.530,0.2496,0.0877,0.2396,0.0393,0.43,19.18,0.460,,1,1,17.036,0.2453
451.562,0.2453,0.0703,0.2309,0.0141,0.41,19.20,0.456,,1,1,17.036,0.2453
451.595,0.2419,0.0562,0.2313,0.0131,0.40,19.22,0.456,,1,1,17.036,0.2453
451.628,0.2396,0.0442,0.2321,0.0066,0.39,19.24,0.454,,1,1,17.036,0.2453
451.659,0.2380,0.0349,0.2330,0.0048,0.38,19.25,0.458,,1,1,17.036,0.2453
451.690,0.2372,0.0243,0.2345,-0.0098,0.36,19.30,0.458,,1,1,17.036,0.2453
451.723,0.2329,0.0095,0.2193,-0.0355,0.36,19.35,0.461,,1,1,17.036,0.2453
451.754,0.2292,0.0000,0.2166,-0.0607,0.35,19.38,0.459,,1,1,17.036,0.2453
451.786,0.2267,0.0000,0.2185,-0.0501,0.35,19.41,0.460,,1,1,17.036,0.2453
451.850,0.2354,0.1271,0.2496,0.3584,0.41,19.32,0.255,,1,1,17.036,0.2453
451.898,0.2489,0.2293,0.2792,0.4445,0.48,19.13,0.170,,1,1,17.036,0.2453
451.930,0.2563,0.2879,0.2798,0.4601,0.51,19.01,0.195,,1,1,17.036,0.2453
451.957,0.2623,0.3326,0.2864,0.4927,0.53,18.91,0.199,,1,1,17.036,0.2453
451.984,0.2698,0.3776,0.2982,0.5319,0.56,18.83,0.227,,1,1,17.036,0.2453
452.012,0.2777,0.4241,0.3067,0.5749,0.60,18.77,0.236,,1,1,17.036,0.2453
452.040,0.2832,0.4720,0.3041,0.6304,0.61,18.71,0.253,,1,1,17.036,0.2453
452.069,0.2889,0.5266,0.3092,0.6948,0.63,18.67,0.263,,1,1,17.036,0.2453
452.096,0.2894,0.5668,0.2915,0.7046,0.64,18.65,0.275,,1,1,17.036,0.2453
452.123,0.2873,0.5996,0.2788,0.7082,0.66,18.64,0.281,,1,1,17.036,0.2453
452.153,0.2811,0.6261,0.2603,0.7026,0.68,18.68,0.289,,1,1,17.036,0.2453
452.186,0.2771,0.6499,0.2638,0.7179,0.70,18.71,0.294,,1,1,17.036,0.2453
452.250,0.2732,0.6891,0.2669,0.7460,0.75,18.80,0.296,,1,1,17.036,0.2453
452.282,0.2684,0.7060,0.2526,0.7563,0.78,18.81,0.299,,1,1,17.036,0.2453
452.315,0.2616,0.7185,0.2399,0.7546,0.82,18.85,0.305,,1,1,17.036,0.2453
452.347,0.2580,0.7323,0.2455,0.7766,0.86,18.87,0.312,,1,1,17.036,0.2453
452.378,0.2529,0.7494,0.2367,0.7997,0.89,18.87,0.303,,1,1,17.036,0.2453
452.411,0.2528,0.7753,0.2523,0.8516,0.91,18.89,0.306,,1,1,17.036,0.2453
452.460,0.2408,0.8123,0.2150,0.8864,0.95,18.97,0.310,,1,1,17.036,0.2453
452.492,0.2309,0.8362,0.1992,0.9075,0.98,19.00,0.309,,1,1,17.036,0.2453
452.519,0.2252,0.8587,0.2031,0.9396,1.00,19.01,0.307,,1,1,17.036,0.2453
452.546,0.2205,0.8820,0.2022,0.9668,1.01,19.02,0.287,,1,1,17.036,0.2453
452.571,0.2162,0.8985,0.1986,0.9604,1.03,19.02,0.284,,1,1,17.036,0.2453
452.598,0.2113,0.9134,0.1925,0.9670,1.05,19.02,0.284,,1,1,17.036,0.2453
452.650,0.1982,0.9199,0.1719,0.9322,1.06,19.04,0.283,,1,1,17.036,0.2453
452.683,0.1955,0.9394,0.1871,0.9980,1.07,19.07,0.262,,1,1,17.036,0.2453
452.714,0.1937,0.9524,0.1875,0.9941,1.09,19.10,0.271,,1,1,17.036,0.2453
452.747,0.1926,0.9611,0.1891,0.9871,1.10,19.12,0.271,,1,1,17.036,0.2453
452.778,0.1929,0.9729,0.1941,1.0099,1.13,19.14,0.272,,1,1,17.036,0.2453
452.812,0.2066,0.9923,0.2498,1.0804,1.16,19.14,0.271,,1,1,17.036,0.2453
452.844,0.2233,1.0000,0.2771,1.1229,1.19,19.18,0.271,,1,1,17.036,0.2453
452.875,0.2395,1.0000,0.2936,1.1120,1.23,19.16,0.272,,1,1,17.036,0.2453
452.907,0.2561,1.0000,0.3095,1.1321,1.26,19.16,0.276,,1,1,17.036,0.2453
452.939,0.2680,1.0000,0.3070,1.1072,1.29,19.17,0.281,,1,1,17.036,0.2453
452.971,0.2754,1.0000,0.2992,1.0790,1.33,19.20,0.290,,1,1,17.036,0.2453
453.017,0.2988,1.0000,0.3503,1.0853,1.37,19.33,0.305,,1,1,17.036,0.2453
453.050,0.3095,1.0000,0.3429,0.9942,1.38,19.45,0.324,,1,1,17.036,0.2453
453.085,0.3208,1.0000,0.3541,0.9494,1.39,19.60,0.354,,1,1,17.036,0.2453
453.114,0.3342,1.0000,0.3805,0.9710,1.40,19.70,0.361,,1,1,17.036,0.2453
453.145,0.3495,0.9972,0.3993,0.9844,1.41,19.81,0.361,,1,1,17.036,0.2453
453.179,0.3689,1.0000,0.4260,1.0278,1.42,19.85,0.360,,1,1,17.036,0.2453
453.214,0.3883,1.0000,0.4434,1.0200,1.43,19.87,0.363,,1,1,17.036,0.2453
453.243,0.3994,1.0000,0.4391,1.0057,1.43,19.85,0.365,,1,1,17.036,0.2453
453.273,0.4111,0.9972,0.4494,0.9603,1.43,19.84,0.363,,1,1,17.036,0.2453
453.306,0.4275,1.0000,0.4769,1.0152,1.43,19.84,0.361,,1,1,17.036,0.2453
453.338,0.4421,0.9992,0.4880,0.9916,1.42,19.84,0.354,,1,1,17.036,0.2453
453.370,0.4509,0.9931,0.4788,0.9729,1.42,19.79,0.357,,1,1,17.036,0.2453
453.402,0.4588,0.9888,0.4834,0.9746,1.41,19.73,0.347,,1,1,17.036,0.2453
453.433,0.4647,0.9852,0.4842,0.9731,1.39,19.67,0.347,,1,1,17.036,0.2453
453.465,0.4708,0.9886,0.4899,0.9997,1.38,19.63,0.349,,1,1,17.036,0.2453
453.498,0.4781,0.9963,0.5009,1.0214,1.37,19.57,0.350,,1,1,17.036,0.2453
453.531,0.4856,1.0000,0.5088,1.0283,1.35,19.51,0.350,,1,1,17.036,0.2453
453.579,0.4929,1.0000,0.5086,0.9946,1.33,19.47,0.345,,1,1,17.036,0.2453
453.612,0.4966,0.9845,0.5078,0.9321,1.30,19.47,0.365,,1,1,17.036,0.2453
453.640,0.4972,0.9416,0.4996,0.7856,1.27,19.49,0.431,,1,1,17.036,0.2453
453.676,0.4966,0.8795,0.4948,0.7074,1.23,19.49,0.460,,1,1,17.036,0.2453
453.708,0.4959,0.8300,0.4936,0.6835,1.20,19.50,0.465,,1,1,17.036,0.2453
453.739,0.4959,0.7815,0.4962,0.6292,1.16,19.55,0.471,,1,1,17.036,0.2453
453.770,0.4960,0.7366,0.4961,0.6027,1.12,19.56,0.473,,1,1,17.036,0.2453
453.801,0.4962,0.6988,0.4971,0.5838,1.10,19.57,0.475,,1,1,17.036,0.2453
453.835,0.4959,0.6663,0.4949,0.5773,1.07,19.61,0.476,,1,1,17.036,0.2453
453.867,0.4946,0.6386,0.4901,0.5575,1.04,19.66,0.476,,1,1,17.036,0.2453
453.900,0.4936,0.6143,0.4904,0.5439,1.02,19.69,0.474,,1,1,17.036,0.2453
453.931,0.4933,0.5862,0.4922,0.4997,1.00,19.71,0.471,,1,1,17.036,0.2453
453.963,0.4932,0.5541,0.4931,0.4602,0.98,19.72,0.467,,1,1,17.036,0.2453
453.995,0.4936,0.5293,0.4948,0.4556,0.96,19.71,0.467,,1,1,17.036,0.2453
454.028,0.4938,0.5087,0.4944,0.4495,0.94,19.71,0.466,,1,1,17.036,0.2453
454.059,0.4941,0.4888,0.4952,0.4279,0.91,19.71,0.464,,1,1,17.036,0.2453
454.090,0.4953,0.4775,0.4993,0.4426,0.89,19.72,0.455,,1,1,17.036,0.2453
454.122,0.4989,0.4681,0.5110,0.4390,0.88,19.70,0.454,,1,1,17.036,0.2453
454.171,0.5009,0.4525,0.5054,0.4210,0.87,19.68,0.451,,1,1,17.036,0.2453
454.202,0.5014,0.4420,0.5031,0.4079,0.87,19.66,0.448,,1,1,17.036,0.2453
454.236,0.5010,0.4233,0.4997,0.3682,0.87,19.62,0.457,,1,1,17.036,0.2453
454.266,0.5023,0.4118,0.5066,0.3758,0.88,19.59,0.459,,1,1,17.036,0.2453
454.297,0.5037,0.4061,0.5084,0.3876,0.88,19.55,0.460,,1,1,17.036,0.2453
454.330,0.5049,0.4016,0.5088,0.3876,0.87,19.53,0.457,,1,1,17.036,0.2453
454.362,0.5070,0.4037,0.5138,0.4102,0.86,19.51,0.458,,1,1,17.036,0.2453
454.395,0.5106,0.4015,0.5227,0.3944,0.84,19.49,0.463,,1,1,17.036,0.2453
454.427,0.5138,0.3902,0.5240,0.3544,0.83,19.51,0.467,,1,1,17.036,0.2453
454.460,0.5169,0.3729,0.5269,0.3203,0.81,19.53,0.470,,1,1,17.036,0.2453
454.491,0.5206,0.3563,0.5329,0.3021,0.78,19.56,0.473,,1,1,17.036,0.2453
454.523,0.5239,0.3376,0.5349,0.2779,0.75,19.57,0.472,,1,1,17.036,0.2453
454.555,0.5293,0.3256,0.5465,0.2889,0.74,19.56,0.474,,1,1,17.036,0.2453
454.587,0.5352,0.3162,0.5550,0.2862,0.74,19.50,0.477,,1,1,17.036,0.2453
454.650,0.5642,0.2949,0.6117,0.2607,0.78,19.51,0.475,,1,1,17.036,0.2453
454.682,0.5787,0.2785,0.6258,0.2263,0.79,19.52,0.480,,1,1,17.036,0.2453
454.729,0.5990,0.2573,0.6431,0.2119,0.79,19.59,0.486,,1,1,17.036,0.2453
454.763,0.6110,0.2299,0.6470,0.1493,0.78,19.52,0.486,,1,1,17.036,0.2453
454.789,0.6185,0.2116,0.6480,0.1420,0.77,19.44,0.486,,1,1,17.036,0.2453
454.817,0.6246,0.1972,0.6475,0.1447,0.78,19.37,0.488,,1,1,17.036,0.2453
454.844,0.6349,0.1679,0.6740,0.0616,0.76,19.35,0.492,,1,1,17.036,0.2453
454.872,0.6470,0.1491,0.6904,0.0837,0.75,19.27,0.486,,1,1,17.036,0.2453
454.900,0.6590,0.1166,0.7026,0.0044,0.75,19.15,0.485,,1,1,17.036,0.2453
454.928,0.6735,0.0968,0.7251,0.0293,0.75,19.06,0.480,,1,1,17.036,0.2453
454.956,0.6871,0.0797,0.7364,0.0202,0.75,19.02,0.482,,1,1,17.036,0.2453
454.986,0.7010,0.0680,0.7466,0.0306,0.74,18.91,0.478,,1,1,17.036,0.2453
455.053,0.7278,0.0454,0.7683,0.0120,0.70,18.78,0.477,,1,1,17.036,0.2453
455.083,0.7410,0.0537,0.7864,0.0823,0.66,18.72,0.474,,1,1,17.036,0.2453
455.114,0.7565,0.0388,0.8054,-0.0082,0.63,18.62,0.474,,1,1,17.036,0.2453
455.147,0.7717,0.0447,0.8186,0.0632,0.60,18.51,0.470,,1,1,17.036,0.2453
455.181,0.7906,0.0505,0.8467,0.0681,0.55,18.45,0.474,,1,1,17.036,0.2453
455.212,0.8085,0.0723,0.8652,0.1455,0.52,18.19,0.471,,1,1,17.036,0.2453
455.244,0.8254,0.0910,0.8788,0.1534,0.50,18.00,0.461,,1,1,17.036,0.2453
455.291,0.8428,0.1146,0.8798,0.1668,0.48,17.88,0.462,,1,1,17.036,0.2453
455.323,0.8580,0.1253,0.9054,0.1599,0.46,17.91,0.461,,1,1,17.036,0.2453
455.349,0.8691,0.1336,0.9117,0.1663,0.46,17.96,0.463,,1,1,17.036,0.2453
455.377,0.8812,0.1196,0.9240,0.0675,0.45,17.97,0.458,,1,1,17.036,0.2453
455.404,0.8923,0.1194,0.9342,0.1188,0.45,17.96,0.451,,1,1,17.036,0.2453
455.450,0.9110,0.0927,0.9520,0.0314,0.43,17.93,0.452,,1,1,17.036,0.2453
455.481,0.9199,0.0889,0.9483,0.0762,0.42,17.90,0.456,,1,1,17.036,0.2453
455.514,0.9290,0.0948,0.9566,0.1137,0.41,17.87,0.455,,1,1,17.036,0.2453
455.547,0.9363,0.1126,0.9587,0.1696,0.40,17.78,0.449,,1,1,17.036,0.2453
455.579,0.9420,0.1253,0.9603,0.1666,0.39,17.68,0.449,,1,1,17.036,0.2453
455.610,0.9473,0.1376,0.9643,0.1785,0.39,17.60,0.445,,1,1,17.036,0.2453
455.644,0.9513,0.1531,0.9637,0.2006,0.40,17.54,0.445,,1,1,17.036,0.2453
455.675,0.9541,0.1733,0.9632,0.2391,0.40,17.45,0.448,,1,1,17.036,0.2453
455.708,0.9567,0.1994,0.9647,0.2783,0.40,17.34,0.436,,1,1,17.036,0.2453
455.740,0.9615,0.2616,0.9773,0.4555,0.42,17.25,0.354,,1,1,17.036,0.2453
455.771,0.9721,0.3828,1.0071,0.7367,0.47,17.08,0.290,,1,1,17.036,0.2453
455.803,0.9808,0.4969,1.0089,0.8120,0.51,16.88,0.269,,1,1,17.036,0.2453
455.833,0.9875,0.6073,1.0103,0.9186,0.55,16.80,0.282,,1,1,17.036,0.2453
455.882,0.9941,0.7574,1.0078,1.0145,0.63,16.60,0.303,,1,1,17.036,0.2453
455.915,0.9944,0.8303,0.9954,1.0257,0.65,16.47,0.316,,1,1,17.036,0.2453
455.946,0.9909,0.8905,0.9795,1.0671,0.68,16.33,0.325,,1,1,17.036,0.2453
455.979,0.9883,0.9352,0.9801,1.1264,0.70,16.21,0.331,,1,1,17.036,0.2453
456.012,0.9841,0.9665,0.9704,1.0693,0.71,16.15,0.332,,1,1,17.036,0.2453
456.043,0.9788,0.9880,0.9606,1.0614,0.72,16.08,0.334,,1,1,17.036,0.2453
456.076,0.9712,1.0000,0.9465,1.1015,0.73,16.03,0.338,,1,1,17.036,0.2453
456.108,0.9621,1.0000,0.9320,1.0729,0.74,15.96,0.339,,1,1,17.036,0.2453
456.139,0.9538,1.0000,0.9269,1.1305,0.75,15.89,0.341,,1,1,17.036,0.2453
456.171,0.9468,1.0000,0.9244,1.1375,0.75,15.87,0.340,,1,1,17.036,0.2453
456.202,0.9429,1.0000,0.9294,1.1564,0.76,15.84,0.337,,1,1,17.036,0.2453
456.234,0.9404,1.0000,0.9322,1.2008,0.78,15.77,0.330,,1,1,17.036,0.2453
456.266,0.9383,1.0000,0.9316,1.2069,0.79,15.76,0.329,,1,1,17.036,0.2453
456.297,0.9332,1.0000,0.9160,1.2613,0.80,15.68,0.328,,1,1,17.036,0.2453
456.331,0.9178,1.0000,0.8714,1.1738,0.82,15.50,0.324,,1,1,17.036,0.2453
456.363,0.8992,1.0000,0.8386,1.1057,0.82,15.34,0.316,,1,1,17.036,0.2453
456.395,0.8792,1.0000,0.8168,1.1338,0.82,15.18,0.312,,1,1,17.036,0.2453
456.442,0.8580,1.0000,0.8107,1.0929,0.80,15.01,0.310,,1,1,17.036,0.2453
456.474,0.8399,1.0000,0.7844,1.0542,0.80,14.97,0.308,,1,1,17.036,0.2453
456.507,0.8228,1.0000,0.7704,1.0823,0.79,14.94,0.311,,1,1,17.036,0.2453
456.539,0.8081,1.0000,0.7624,1.0821,0.79,14.98,0.315,,1,1,17.036,0.2453
456.571,0.7942,1.0000,0.7502,1.1272,0.80,14.98,0.319,,1,1,17.036,0.2453
456.605,0.7667,1.0000,0.6851,1.0643,0.81,15.02,0.320,,1,1,17.036,0.2453
456.636,0.7347,1.0000,0.6348,1.0845,0.80,15.16,0.316,,1,1,17.036,0.2453
456.666,0.7066,1.0000,0.6146,1.1124,0.80,15.30,0.317,,1,1,17.036,0.2453
456.697,0.6763,1.0000,0.5816,1.0976,0.79,15.47,0.306,,1,1,17.036,0.2453
456.730,0.6344,1.0000,0.5134,1.1031,0.80,15.60,0.311,,1,1,17.036,0.2453
456.762,0.5927,1.0000,0.4691,1.0963,0.80,15.80,0.311,,1,1,17.036,0.2453
456.795,0.5581,1.0000,0.4563,1.1380,0.80,15.98,0.309,,1,1,17.036,0.2453
456.828,0.5200,1.0000,0.4118,1.1794,0.80,16.11,0.314,,1,1,17.036,0.2453
456.860,0.4871,1.0000,0.3919,1.1765,0.78,16.26,0.314,,1,1,17.036,0.2453
456.893,0.4487,1.0000,0.3368,1.1087,0.76,16.49,0.305,,1,1,17.036,0.2453
456.923,0.4161,1.0000,0.3159,1.1421,0.78,16.40,0.195,,1,1,17.036,0.2453
456.954,0.3916,1.0000,0.3174,1.3619,0.80,16.22,0.069,,1,1,17.036,0.2453
457.001,0.3743,1.0000,0.3390,1.5082,0.86,16.14,0.056,,1,1,17.036,0.2453
457.034,0.3549,1.0000,0.2988,1.5121,0.89,16.15,0.070,,1,1,17.036,0.2453
457.068,0.3283,1.0000,0.2515,1.2791,0.91,16.27,0.160,,1,1,17.036,0.2453
457.098,0.3131,1.0000,0.2644,1.2569,0.92,16.48,0.239,,1,1,17.036,0.2453
457.131,0.2982,1.0000,0.2542,1.2328,0.94,16.67,0.262,,1,1,17.036,0.2453
457.162,0.2858,1.0000,0.2472,1.1990,0.96,16.82,0.275,,1,1,17.036,0.2453
457.194,0.2735,1.0000,0.2362,1.1992,0.98,17.01,0.291,,1,1,17.036,0.2453
457.227,0.2584,1.0000,0.2130,1.2045,0.99,17.18,0.302,,1,1,17.036,0.2453
457.260,0.2439,1.0000,0.1997,1.1970,1.00,17.34,0.312,,1,1,17.036,0.2453
457.292,0.2328,1.0000,0.1990,1.1979,1.02,17.49,0.315,,1,1,17.036,0.2453
457.323,0.2251,1.0000,0.2002,1.1972,1.03,17.63,0.316,,1,1,17.036,0.2453
457.354,0.2190,1.0000,0.1991,1.1683,1.03,17.79,0.308,,1,1,17.036,0.2453
457.386,0.2158,1.0000,0.2059,1.1707,1.04,17.95,0.310,,1,1,17.036,0.2453
457.453,0.2127,1.0000,0.2079,1.1776,1.05,18.28,0.311,,1,1,17.036,0.2453
457.483,0.2130,1.0000,0.2138,1.1825,1.06,18.40,0.302,,1,1,17.036,0.2453
457.514,0.2105,1.0000,0.2026,1.1924,1.06,18.54,0.304,,1,1,17.036,0.2453
457.562,0.2084,1.0000,0.2038,1.1798,1.05,18.71,0.293,,1,1,17.036,0.2453
457.594,0.2004,1.0000,0.1742,1.1307,1.04,18.78,0.295,,1,1,17.036,0.2453
457.620,0.1939,1.0000,0.1687,1.1203,1.03,18.83,0.297,,1,1,17.036,0.2453
457.647,0.1889,1.0000,0.1695,1.1004,1.02,18.87,0.297,,1,1,17.036,0.2453
457.672,0.1872,1.0000,0.1801,1.1183,1.01,18.91,0.310,,1,1,17.036,0.2453
457.698,0.1853,1.0000,0.1777,1.0922,1.00,18.97,0.327,,1,1,17.036,0.2453
457.728,0.1796,1.0000,0.1589,0.8661,0.98,19.09,0.384,,1,1,17.036,0.2453
457.755,0.1735,0.9491,0.1519,0.7411,0.97,19.22,0.453,,1,1,17.036,0.2453
457.788,0.1665,0.8560,0.1442,0.5872,0.93,19.40,0.484,,1,1,17.036,0.2453
457.850,0.1519,0.7035,0.1276,0.4775,0.86,19.62,0.493,,1,1,17.036,0.2453
457.883,0.1474,0.6412,0.1332,0.4665,0.82,19.69,0.477,,1,1,17.036,0.2453
457.916,0.1448,0.5939,0.1369,0.4650,0.78,19.78,0.476,,1,1,17.036,0.2453
457.947,0.1426,0.5461,0.1348,0.4048,0.74,19.86,0.475,,1,1,17.036,0.2453
457.979,0.1387,0.5075,0.1263,0.3978,0.71,19.91,0.474,,1,1,17.036,0.2453
458.012,0.1379,0.4855,0.1352,0.4248,0.69,20.00,0.474,,1,1,17.036,0.2453
458.043,0.1377,0.4707,0.1373,0.4265,0.68,20.11,0.476,,1,1,17.036,0.2453
458.074,0.1352,0.4474,0.1266,0.3777,0.65,20.20,0.475,,1,1,17.036,0.2453
458.107,0.1304,0.4069,0.1150,0.2911,0.63,20.31,0.471,,1,1,17.036,0.2453
458.153,0.1221,0.3621,0.1035,0.2705,0.61,20.42,0.466,,1,1,17.036,0.2453
458.181,0.1160,0.3373,0.0935,0.2550,0.61,20.48,0.465,,1,1,17.036,0.2453
458.209,0.1125,0.3217,0.0992,0.2679,0.60,20.54,0.466,,1,1,17.036,0.2453
458.251,0.1095,0.3097,0.1019,0.2821,0.58,20.60,0.468,,1,1,17.036,0.2453
458.282,0.1084,0.3030,0.1047,0.2822,0.57,20.64,0.467,,1,1,17.036,0.2453
458.316,0.1082,0.2982,0.1075,0.2840,0.56,20.68,0.467,,1,1,17.036,0.2453
458.345,0.1083,0.2945,0.1086,0.2821,0.56,20.74,0.467,,1,1,17.036,0.2453
458.380,0.1077,0.2900,0.1060,0.2770,0.56,20.82,0.468,,1,1,17.036,0.2453
458.411,0.1090,0.2908,0.1135,0.2935,0.55,20.87,0.467,,1,1,17.036,0.2453
458.443,0.1114,0.2908,0.1192,0.2909,0.53,20.90,0.468,,1,1,17.036,0.2453
458.477,0.1122,0.2721,0.1147,0.2159,0.53,20.92,0.467,,1,1,17.036,0.2453
458.508,0.1426,0.2846,0.2438,0.3261,0.52,20.96,0.459,,1,1,17.036,0.2453
458.539,0.1752,0.2860,0.2828,0.2907,0.52,21.03,0.464,,1,1,17.036,0.2453
458.574,0.2064,0.2890,0.2956,0.2979,0.52,21.10,0.461,,1,1,17.036,0.2453
458.603,0.2323,0.2979,0.3201,0.3298,0.53,21.16,0.451,,1,1,17.036,0.2453
458.635,0.2553,0.3119,0.3278,0.3588,0.55,21.21,0.445,,1,1,17.036,0.2453
458.667,0.2806,0.3206,0.3579,0.3492,0.57,21.25,0.442,,1,1,17.036,0.2453
458.715,0.3211,0.3149,0.4037,0.3024,0.60,21.37,0.440,,1,1,17.036,0.2453
458.746,0.3461,0.3195,0.4274,0.3356,0.62,21.44,0.443,,1,1,17.036,0.2453
458.779,0.3666,0.3126,0.4265,0.2909,0.63,21.51,0.447,,1,1,17.036,0.2453
458.811,0.3796,0.3073,0.4194,0.2898,0.64,21.59,0.447,,1,1,17.036,0.2453
458.844,0.3888,0.3053,0.4158,0.2989,0.65,21.67,0.446,,1,1,17.036,0.2453
458.875,0.3978,0.3114,0.4267,0.3323,0.65,21.70,0.447,,1,1,17.036,0.2453
458.907,0.4042,0.3222,0.4243,0.3579,0.64,21.75,0.443,,1,1,17.036,0.2453
458.938,0.4120,0.3278,0.4375,0.3469,0.65,21.81,0.445,,1,1,17.036,0.2453
458.972,0.4181,0.3250,0.4368,0.3159,0.65,21.86,0.450,,1,1,17.036,0.2453
459.003,0.4230,0.3217,0.4389,0.3108,0.65,21.88,0.447,,1,1,17.036,0.2453
459.035,0.4313,0.3147,0.4575,0.2917,0.64,21.88,0.447,,1,1,17.036,0.2453
459.068,0.4395,0.3095,0.4648,0.2928,0.64,21.88,0.445,,1,1,17.036,0.2453
459.099,0.4480,0.3028,0.4762,0.2799,0.62,21.90,0.447,,1,1,17.036,0.2453
459.131,0.4575,0.2925,0.4874,0.2592,0.63,21.92,0.446,,1,1,17.036,0.2453
459.163,0.4698,0.2944,0.5108,0.3011,0.62,21.87,0.449,,1,1,17.036,0.2453
459.195,0.4836,0.2956,0.5256,0.2992,0.63,21.82,0.443,,1,1,17.036,0.2453
459.227,0.4960,0.2887,0.5352,0.2661,0.64,21.75,0.444,,1,1,17.036,0.2453
459.274,0.5117,0.2786,0.5450,0.2564,0.63,21.69,0.449,,1,1,17.036,0.2453
459.307,0.5227,0.2746,0.5570,0.2619,0.63,21.65,0.451,,1,1,17.036,0.2453
459.339,0.5320,0.2713,0.5620,0.2603,0.62,21.63,0.455,,1,1,17.036,0.2453
459.370,0.5396,0.2642,0.5648,0.2403,0.61,21.62,0.461,,1,1,17.036,0.2453
459.403,0.5476,0.2393,0.5731,0.1593,0.60,21.59,0.456,,1,1,17.036,0.2453
459.434,0.5544,0.2135,0.5766,0.1299,0.60,21.56,0.457,,1,1,17.036,0.2453
459.465,0.5595,0.1988,0.5759,0.1523,0.59,21.51,0.453,,1,1,17.036,0.2453
459.497,0.5669,0.2002,0.5899,0.2046,0.60,21.45,0.456,,1,1,17.036,0.2453
459.531,0.5730,0.2041,0.5924,0.2166,0.59,21.37,0.454,,1,1,17.036,0.2453
459.562,0.5773,0.2038,0.5910,0.2027,0.59,21.28,0.458,,1,1,17.036,0.2453
459.594,0.5817,0.2040,0.5962,0.2050,0.58,21.17,0.451,,1,1,17.036,0.2453
459.628,0.5871,0.1916,0.6032,0.1540,0.57,21.11,0.458,,1,1,17.036,0.2453
459.660,0.5917,0.1820,0.6070,0.1505,0.57,21.04,0.458,,1,1,17.036,0.2453
459.691,0.5965,0.1775,0.6119,0.1631,0.58,20.99,0.454,,1,1,17.036,0.2453
459.724,0.6036,0.1684,0.6264,0.1392,0.59,20.93,0.455,,1,1,17.036,0.2453
459.754,0.6103,0.1628,0.6331,0.1434,0.59,20.89,0.455,,1,1,17.036,0.2453
459.786,0.6190,0.1721,0.6466,0.2019,0.60,20.83,0.452,,1,1,17.036,0.2453
459.870,0.6334,0.1797,0.6513,0.1892,0.62,20.74,0.454,,1,1,17.036,0.2453
459.896,0.6374,0.1818,0.6531,0.1904,0.63,20.71,0.453,,1,1,17.036,0.2453
459.923,0.6442,0.1984,0.6703,0.2629,0.64,20.64,0.456,,1,1,17.036,0.2453
459.948,0.6494,0.2098,0.6707,0.2567,0.65,20.55,0.459,,1,1,17.036,0.2453
459.975,0.6569,0.2204,0.6854,0.2611,0.65,20.46,0.461,,1,1,17.036,0.2453
460.003,0.6627,0.2151,0.6847,0.1947,0.66,20.37,0.461,,1,1,17.036,0.2453
460.029,0.6664,0.2103,0.6808,0.1910,0.66,20.28,0.462,,1,1,17.036,0.2453
460.061,0.6701,0.2033,0.6820,0.1804,0.67,20.21,0.455,,1,1,17.036,0.2453
460.090,0.6731,0.1995,0.6840,0.1852,0.68,20.18,0.455,,1,1,17.036,0.2453
460.122,0.6768,0.1982,0.6892,0.1942,0.68,20.12,0.459,,1,1,17.036,0.2453
460.154,0.6813,0.1967,0.6955,0.1918,0.69,20.11,0.460,,1,1,17.036,0.2453
460.186,0.6843,0.1896,0.6938,0.1667,0.69,20.10,0.460,,1,1,17.036,0.2453
460.249,0.6873,0.1808,0.6924,0.1662,0.71,20.07,0.460,,1,1,17.036,0.2453
460.281,0.6896,0.1791,0.6968,0.1735,0.73,20.02,0.464,,1,1,17.036,0.2453
460.315,0.6917,0.1813,0.6985,0.1885,0.73,19.99,0.463,,1,1,17.036,0.2453
460.347,0.6914,0.1870,0.6903,0.2054,0.72,19.94,0.463,,1,1,17.036,0.2453
460.379,0.6898,0.1851,0.6848,0.1788,0.71,19.92,0.467,,1,1,17.036,0.2453
460.428,0.6887,0.1843,0.6863,0.1825,0.70,19.88,0.467,,1,1,17.036,0.2453
460.459,0.6894,0.1841,0.6915,0.1836,0.69,19.86,0.464,,1,1,17.036,0.2453
460.484,0.6900,0.1826,0.6928,0.1762,0.69,19.84,0.463,,1,1,17.036,0.2453
460.511,0.6906,0.1780,0.6927,0.1601,0.68,19.81,0.464,,1,1,17.036,0.2453
460.536,0.6905,0.1692,0.6901,0.1311,0.68,19.80,0.462,,1,1,17.036,0.2453
460.563,0.6905,0.1647,0.6908,0.1481,0.70,19.79,0.466,,1,1,17.036,0.2453
460.590,0.6909,0.1605,0.6922,0.1440,0.71,19.78,0.466,,1,1,17.036,0.2453
460.653,0.6930,0.1587,0.6967,0.1557,0.71,19.83,0.465,,1,1,17.036,0.2453
460.682,0.6946,0.1517,0.7003,0.1260,0.72,19.86,0.465,,1,1,17.036,0.2453
460.716,0.6983,0.1458,0.7104,0.1274,0.72,19.88,0.461,,1,1,17.036,0.2453
460.746,0.7016,0.1436,0.7125,0.1361,0.72,19.86,0.462,,1,1,17.036,0.2453
460.779,0.7064,0.1424,0.7214,0.1386,0.72,19.83,0.461,,1,1,17.036,0.2453
460.810,0.7106,0.1464,0.7252,0.1606,0.73,19.80,0.462,,1,1,17.036,0.2453
460.843,0.7137,0.1481,0.7234,0.1533,0.74,19.74,0.463,,1,1,17.036,0.2453
460.874,0.7180,0.1525,0.7324,0.1675,0.74,19.77,0.466,,1,1,17.036,0.2453
460.907,0.7209,0.1442,0.7302,0.1170,0.73,19.72,0.472,,1,1,17.036,0.2453
460.940,0.7247,0.1373,0.7367,0.1158,0.72,19.66,0.472,,1,1,17.036,0.2453
460.988,0.7338,0.1123,0.7539,0.0572,0.68,19.57,0.470,,1,1,17.036,0.2453
461.019,0.7381,0.0955,0.7523,0.0415,0.65,19.42,0.471,,1,1,17.036,0.2453
461.050,0.7403,0.0872,0.7478,0.0594,0.63,19.32,0.473,,1,1,17.036,0.2453
461.082,0.7423,0.0812,0.7489,0.0619,0.62,19.23,0.473,,1,1,17.036,0.2453
461.116,0.7446,0.0835,0.7516,0.0906,0.61,19.16,0.481,,1,1,17.036,0.2453
461.146,0.7465,0.0836,0.7530,0.0842,0.60,19.01,0.484,,1,1,17.036,0.2453
461.177,0.7469,0.0836,0.7484,0.0836,0.58,18.88,0.484,,1,1,17.036,0.2453
461.212,0.7474,0.0899,0.7488,0.1090,0.57,18.78,0.481,,1,1,17.036,0.2453
461.244,0.7477,0.0931,0.7487,0.1035,0.56,18.70,0.483,,1,1,17.036,0.2453
461.274,0.7477,0.0928,0.7477,0.0919,0.55,18.61,0.484,,1,1,17.036,0.2453
461.308,0.7485,0.0959,0.7508,0.1053,0.54,18.56,0.476,,1,1,17.036,0.2453
461.339,0.7492,0.0993,0.7515,0.1114,0.53,18.49,0.477,,1,1,17.036,0.2453
461.371,0.7499,0.1049,0.7524,0.1234,0.53,18.47,0.474,,1,1,17.036,0.2453
461.405,0.7495,0.1068,0.7481,0.1125,0.53,18.48,0.472,,1,1,17.036,0.2453
461.437,0.7490,0.1066,0.7473,0.1057,0.54,18.48,0.472,,1,1,17.036,0.2453
461.467,0.7488,0.1092,0.7481,0.1186,0.56,18.50,0.474,,1,1,17.036,0.2453
461.498,0.7486,0.1103,0.7479,0.1138,0.56,18.52,0.474,,1,1,17.036,0.2453
461.545,0.7486,0.1175,0.7486,0.1334,0.57,18.48,0.471,,1,1,17.036,0.2453
461.578,0.7485,0.1256,0.7484,0.1517,0.58,18.46,0.469,,1,1,17.036,0.2453
461.611,0.7484,0.1292,0.7481,0.1405,0.59,18.44,0.467,,1,1,17.036,0.2453
461.642,0.7492,0.1380,0.7517,0.1671,0.60,18.41,0.469,,1,1,17.036,0.2453
461.676,0.7502,0.1487,0.7535,0.1818,0.60,18.38,0.470,,1,1,17.036,0.2453
461.708,0.7500,0.1554,0.7491,0.1774,0.59,18.39,0.465,,1,1,17.036,0.2453
461.739,0.7501,0.1620,0.7506,0.1836,0.58,18.33,0.463,,1,1,17.036,0.2453
461.774,0.7503,0.1668,0.7507,0.1815,0.58,18.27,0.463,,1,1,17.036,0.2453
461.803,0.7504,0.1711,0.7509,0.1859,0.58,18.24,0.461,,1,1,17.036,0.2453
461.835,0.7494,0.1672,0.7462,0.1547,0.57,18.25,0.462,,1,1,17.036,0.2453
461.867,0.7480,0.1609,0.7435,0.1405,0.56,18.27,0.469,,1,1,17.036,0.2453
461.900,0.7478,0.1610,0.7470,0.1614,0.54,18.22,0.471,,1,1,17.036,0.2453
461.931,0.7476,0.1595,0.7469,0.1544,0.54,18.16,0.472,,1,1,17.036,0.2453
461.963,0.7467,0.1554,0.7436,0.1415,0.53,18.12,0.472,,1,1,17.036,0.2453
461.995,0.7458,0.1476,0.7430,0.1225,0.53,18.09,0.472,,1,1,17.036,0.2453
462.027,0.7454,0.1415,0.7442,0.1213,0.52,18.09,0.472,,1,1,17.036,0.2453
462.065,0.7450,0.1318,0.7439,0.1053,0.52,18.03,0.480,,1,1,17.036,0.2453
462.109,0.7440,0.1203,0.7416,0.0930,0.51,17.99,0.483,,1,1,17.036,0.2453
462.139,0.7435,0.1143,0.7415,0.0930,0.51,17.99,0.483,,1,1,17.036,0.2453
462.172,0.7432,0.1176,0.7425,0.1280,0.50,17.99,0.484,,1,1,17.036,0.2453
462.201,0.7430,0.1158,0.7419,0.1094,0.50,18.01,0.482,,1,1,17.036,0.2453
462.233,0.7434,0.1254,0.7450,0.1574,0.50,17.98,0.487,,1,1,17.036,0.2453
462.264,0.7439,0.1342,0.7454,0.1640,0.50,17.99,0.486,,1,1,17.036,0.2453
462.296,0.7438,0.1417,0.7437,0.1660,0.50,17.99,0.485,,1,1,17.036,0.2453
462.329,0.7434,0.1448,0.7419,0.1549,0.51,18.02,0.491,,1,1,17.036,0.2453
462.365,0.7440,0.1555,0.7457,0.1867,0.52,18.06,0.485,,1,1,17.036,0.2453
462.394,0.7433,0.1626,0.7410,0.1879,0.53,18.09,0.484,,1,1,17.036,0.2453
462.427,0.7424,0.1665,0.7394,0.1790,0.52,18.12,0.483,,1,1,17.036,0.2453
462.459,0.7409,0.1735,0.7361,0.1962,0.52,18.14,0.483,,1,1,17.036,0.2453
462.492,0.7409,0.1865,0.7408,0.2277,0.51,18.16,0.475,,1,1,17.036,0.2453
462.524,0.7410,0.1927,0.7413,0.2126,0.51,18.19,0.475,,1,1,17.036,0.2453
462.554,0.7418,0.2019,0.7447,0.2339,0.51,18.23,0.474,,1,1,17.036,0.2453
462.586,0.7422,0.2060,0.7435,0.2187,0.51,18.28,0.472,,1,1,17.036,0.2453
462.652,0.7468,0.1979,0.7543,0.1850,0.54,18.32,0.473,,1,1,17.036,0.2453
462.699,0.7479,0.2177,0.7503,0.2611,0.55,18.35,0.465,,1,1,17.036,0.2453
462.731,0.7485,0.2259,0.7503,0.2519,0.56,18.35,0.468,,1,1,17.036,0.2453
462.758,0.7488,0.2313,0.7501,0.2523,0.56,18.35,0.470,,1,1,17.036,0.2453
462.787,0.7488,0.2342,0.7489,0.2445,0.56,18.30,0.470,,1,1,17.036,0.2453
462.813,0.7491,0.2374,0.7500,0.2502,0.57,18.23,0.468,,1,1,17.036,0.2453
462.841,0.7492,0.2384,0.7497,0.2421,0.56,18.18,0.467,,1,1,17.036,0.2453
462.867,0.7495,0.2397,0.7507,0.2450,0.56,18.14,0.466,,1,1,17.036,0.2453
462.893,0.7494,0.2392,0.7490,0.2372,0.57,18.10,0.466,,1,1,17.036,0.2453
462.922,0.7494,0.2367,0.7491,0.2275,0.57,18.06,0.467,,1,1,17.036,0.2453
462.955,0.7504,0.2309,0.7538,0.2123,0.55,18.08,0.469,,1,1,17.036,0.2453
462.987,0.7495,0.2013,0.7464,0.1056,0.53,18.09,0.475,,1,1,17.036,0.2453
463.057,0.7518,0.1338,0.7553,0.0354,0.51,18.05,0.478,,1,1,17.036,0.2453
463.084,0.7524,0.1162,0.7549,0.0475,0.49,18.04,0.479,,1,1,17.036,0.2453
463.115,0.7530,0.0922,0.7550,0.0157,0.46,18.06,0.480,,1,1,17.036,0.2453
463.146,0.7546,0.0706,0.7599,0.0015,0.44,18.05,0.481,,1,1,17.036,0.2453
463.178,0.7576,0.0410,0.7677,-0.0775,0.41,18.03,0.482,,1,1,17.036,0.2453
463.210,0.7606,0.0190,0.7707,-0.0684,0.39,17.98,0.487,,1,1,17.036,0.2453
463.260,0.7659,0.0000,0.7770,-0.0796,0.37,17.85,0.492,,1,1,17.036,0.2453
463.292,0.7692,0.0000,0.7801,-0.0756,0.36,17.76,0.491,,1,1,17.036,0.2453
463.317,0.7716,0.0000,0.7816,-0.0917,0.36,17.69,0.492,,1,1,17.036,0.2453
463.342,0.7738,0.0000,0.7826,-0.0831,0.35,17.64,0.491,,1,1,17.036,0.2453
463.368,0.7758,0.0000,0.7842,-0.0812,0.35,17.62,0.494,,1,1,17.036,0.2453
463.394,0.7780,0.0000,0.7867,-0.0705,0.34,17.55,0.495,,1,1,17.036,0.2453
463.450,0.7806,0.0000,0.7855,0.0227,0.34,17.42,0.492,,1,1,17.036,0.2453
463.482,0.7818,0.0000,0.7858,-0.0022,0.35,17.38,0.495,,1,1,17.036,0.2453
463.515,0.7825,0.0000,0.7847,-0.0040,0.35,17.33,0.495,,1,1,17.036,0.2453
463.546,0.7829,0.0000,0.7843,-0.0329,0.34,17.33,0.492,,1,1,17.036,0.2453
463.578,0.7834,0.0000,0.7851,-0.0025,0.34,17.33,0.489,,1,1,17.036,0.2453
463.612,0.7846,0.0000,0.7881,0.0332,0.34,17.33,0.488,,1,1,17.036,0.2453
463.642,0.7865,0.0155,0.7933,0.0742,0.34,17.29,0.479,,1,1,17.036,0.2453
463.675,0.7885,0.0335,0.7951,0.0904,0.33,17.27,0.482,,1,1,17.036,0.2453
463.710,0.7906,0.0496,0.7971,0.0990,0.33,17.30,0.474,,1,1,17.036,0.2453
463.740,0.7928,0.0794,0.8000,0.1751,0.33,17.37,0.471,,1,1,17.036,0.2453
463.772,0.7973,0.0890,0.8122,0.1199,0.34,17.43,0.471,,1,1,17.036,0.2453
463.818,0.8023,0.1076,0.8136,0.1482,0.34,17.51,0.472,,1,1,17.036,0.2453
463.850,0.8069,0.1165,0.8222,0.1451,0.33,17.55,0.467,,1,1,17.036,0.2453
463.883,0.8126,0.1336,0.8310,0.1870,0.32,17.55,0.463,,1,1,17.036,0.2453
463.917,0.8174,0.1504,0.8324,0.2006,0.32,17.55,0.464,,1,1,17.036,0.2453
463.947,0.8207,0.1618,0.8320,0.1987,0.32,17.56,0.462,,1,1,17.036,0.2453
463.978,0.8234,0.1715,0.8323,0.2030,0.31,17.55,0.459,,1,1,17.036,0.2453
464.010,0.8251,0.1845,0.8306,0.2251,0.31,17.57,0.459,,1,1,17.036,0.2453
464.043,0.8293,0.1999,0.8431,0.2490,0.31,17.58,0.457,,1,1,17.036,0.2453
464.075,0.8332,0.2197,0.8458,0.2815,0.32,17.61,0.463,,1,1,17.036,0.2453
464.107,0.8363,0.2336,0.8463,0.2765,0.33,17.64,0.457,,1,1,17.036,0.2453
464.138,0.8409,0.2484,0.8560,0.2950,0.34,17.69,0.457,,1,1,17.036,0.2453
464.171,0.8458,0.2692,0.8619,0.3334,0.36,17.74,0.452,,1,1,17.036,0.2453
464.201,0.8494,0.2837,0.8616,0.3314,0.38,17.78,0.451,,1,1,17.036,0.2453
464.235,0.8524,0.2998,0.8615,0.3467,0.39,17.81,0.453,,1,1,17.036,0.2453
464.266,0.8547,0.3116,0.8625,0.3500,0.40,17.85,0.451,,1,1,17.036,0.2453
464.300,0.8556,0.3213,0.8583,0.3500,0.41,17.86,0.446,,1,1,17.036,0.2453
464.331,0.8561,0.3292,0.8579,0.3548,0.42,17.85,0.445,,1,1,17.036,0.2453
464.362,0.8563,0.3356,0.8570,0.3564,0.43,17.83,0.446,,1,1,17.036,0.2453
464.411,0.8507,0.3188,0.8387,0.2834,0.45,17.85,0.456,,1,1,17.036,0.2453
464.443,0.8477,0.3147,0.8375,0.3015,0.44,17.88,0.455,,1,1,17.036,0.2453
464.476,0.8422,0.3103,0.8250,0.2966,0.44,17.91,0.446,,1,1,17.036,0.2453
464.507,0.8286,0.3408,0.7824,0.4418,0.44,17.93,0.445,,1,1,17.036,0.2453
464.540,0.8180,0.3874,0.7837,0.5316,0.45,17.97,0.445,,1,1,17.036,0.2453
464.572,0.8080,0.4146,0.7757,0.4983,0.46,18.02,0.442,,1,1,17.036,0.2453
464.603,0.7994,0.4389,0.7712,0.5147,0.45,18.04,0.440,,1,1,17.036,0.2453
464.635,0.7902,0.4442,0.7593,0.4616,0.46,18.04,0.434,,1,1,17.036,0.2453
464.667,0.7800,0.4660,0.7482,0.5315,0.48,18.02,0.417,,1,1,17.036,0.2453
464.698,0.7686,0.4776,0.7311,0.5142,0.51,18.06,0.324,,1,1,17.036,0.2453
464.731,0.7564,0.5608,0.7172,0.8096,0.57,17.99,0.195,,1,1,17.036,0.2453
464.763,0.7384,0.6647,0.6827,0.9533,0.61,17.71,0.117,,1,1,17.036,0.2453
464.795,0.7251,0.7520,0.6811,1.0051,0.66,17.38,0.110,,1,1,17.036,0.2453
464.827,0.7169,0.8309,0.6918,1.0398,0.71,17.10,0.150,,1,1,17.036,0.2453
464.860,0.7123,0.8914,0.6983,1.0832,0.77,16.93,0.178,,1,1,17.036,0.2453
464.891,0.7114,0.9327,0.7085,1.1108,0.82,16.78,0.194,,1,1,17.036,0.2453
464.924,0.7130,0.9642,0.7177,1.1219,0.87,16.63,0.202,,1,1,17.036,0.2453
464.970,0.7150,0.9931,0.7195,1.1244,0.93,16.57,0.219,,1,1,17.036,0.2453
465.003,0.7157,1.0000,0.7180,1.1277,0.98,16.48,0.221,,1,1,17.036,0.2453
465.035,0.7164,1.0000,0.7185,1.1318,1.02,16.42,0.225,,1,1,17.036,0.2453
465.067,0.7156,1.0000,0.7133,1.1302,1.08,16.39,0.224,,1,1,17.036,0.2453
465.097,0.7159,1.0000,0.7167,1.1421,1.13,16.37,0.224,,1,1,17.036,0.2453
465.130,0.7163,1.0000,0.7175,1.1648,1.18,16.36,0.231,,1,1,17.036,0.2453
465.162,0.7154,1.0000,0.7124,1.1393,1.21,16.36,0.254,,1,1,17.036,0.2453
465.194,0.7120,1.0000,0.7012,1.0702,1.23,16.38,0.303,,1,1,17.036,0.2453
465.227,0.7054,1.0000,0.6838,0.9592,1.23,16.44,0.323,,1,1,17.036,0.2453
465.258,0.6979,1.0000,0.6728,0.9323,1.24,16.54,0.344,,1,1,17.036,0.2453
465.292,0.6877,0.9555,0.6558,0.8103,1.24,16.69,0.360,,1,1,17.036,0.2453
465.324,0.6726,0.8907,0.6251,0.6943,1.24,16.83,0.398,,1,1,17.036,0.2453
465.355,0.6619,0.8345,0.6261,0.6570,1.22,16.99,0.417,,1,1,17.036,0.2453
465.388,0.6499,0.7757,0.6115,0.6022,1.19,17.18,0.438,,1,1,17.036,0.2453
465.451,0.6473,0.6669,0.6431,0.5072,1.09,17.47,0.451,,1,1,17.036,0.2453
465.483,0.6471,0.6209,0.6465,0.4824,1.03,17.57,0.453,,1,1,17.036,0.2453
465.529,0.6483,0.5643,0.6511,0.4517,0.95,17.71,0.453,,1,1,17.036,0.2453
465.563,0.6494,0.5281,0.6527,0.4274,0.91,17.82,0.460,,1,1,17.036,0.2453
465.589,0.6502,0.5022,0.6535,0.4090,0.88,17.89,0.463,,1,1,17.036,0.2453
465.614,0.6519,0.4880,0.6592,0.4346,0.86,17.94,0.463,,1,1,17.036,0.2453
465.642,0.6555,0.4717,0.6690,0.4166,0.84,18.01,0.466,,1,1,17.036,0.2453
465.670,0.6592,0.4410,0.6729,0.3387,0.79,18.07,0.469,,1,1,17.036,0.2453
465.695,0.6680,0.4246,0.7052,0.3629,0.75,18.12,0.466,,1,1,17.036,0.2453
465.724,0.6835,0.4127,0.7391,0.3738,0.74,18.16,0.462,,1,1,17.036,0.2453
465.755,0.7046,0.3980,0.7738,0.3530,0.73,18.15,0.464,,1,1,17.036,0.2453
465.786,0.7252,0.3803,0.7932,0.3249,0.71,18.20,0.472,,1,1,17.036,0.2453
465.856,0.7898,0.3712,0.8833,0.3584,0.68,18.27,0.465,,1,1,17.036,0.2453
465.882,0.8166,0.3933,0.9194,0.4802,0.67,18.24,0.459,,1,1,17.036,0.2453
465.914,0.8553,0.4214,0.9725,0.5121,0.65,18.17,0.437,,1,1,17.036,0.2453
465.946,0.9005,0.4412,1.0373,0.5070,0.65,18.18,0.363,,1,1,17.036,0.2453
465.978,0.9385,0.4564,1.0563,0.5052,0.63,17.96,0.281,,1,1,17.036,0.2453
466.011,0.9667,0.4713,1.1198,0.5195,0.64,17.71,0.306,,1,1,17.036,0.2453
466.044,0.9883,0.4759,1.1562,0.4901,0.50,17.12,0.315,,1,1,17.036,0.2453
466.091,1.0000,0.4699,1.1763,0.4562,0.48,16.69,0.334,,1,1,17.036,0.2453
466.123,1.0000,0.4376,1.2257,0.3350,0.49,16.49,0.348,,1,1,17.036,0.2453
466.153,1.0000,0.4076,1.2412,0.2989,0.49,16.28,0.356,,1,1,17.036,0.2453
466.179,1.0000,0.3788,1.2577,0.2746,0.40,15.69,0.358,,1,1,17.036,0.2453
466.208,1.0000,0.3626,1.2925,0.3052,0.40,15.53,0.359,,1,1,17.036,0.2453
466.251,1.0000,0.3576,1.3240,0.3458,0.42,15.62,0.368,,1,1,17.036,0.2453
466.283,1.0000,0.3358,1.3624,0.2679,0.28,14.70,0.378,,1,1,17.036,0.2453
466.317,1.0000,0.3309,1.3782,0.3163,0.17,14.13,0.393,,1,1,17.036,0.2453
466.347,1.0000,0.2865,1.4184,0.1420,-0.06,12.92,0.395,,1,1,17.036,0.2453
466.379,1.0000,0.2314,1.4285,0.0679,-0.26,11.79,0.403,,1,1,17.036,0.2453
466.412,1.0000,0.1594,1.4172,-0.4316,-0.71,10.20,0.422,,1,1,17.036,0.2453
466.444,1.0000,0.1056,1.4073,-0.4494,-0.86,9.20,0.435,,1,1,17.036,0.2453
466.474,1.0000,0.0668,1.4511,-0.1010,-0.89,9.16,0.464,,1,1,17.036,0.2453
466.507,1.0000,0.1073,1.4718,0.2267,-0.91,9.33,0.456,,1,1,17.036,0.2453
466.538,1.0000,0.1294,1.4738,0.1994,-0.96,9.40,0.447,,1,1,17.036,0.2453
466.572,1.0000,0.0871,1.4598,-0.0369,-0.94,9.54,0.455,,1,1,17.036,0.2453
466.602,1.0000,0.0544,1.4366,-0.3874,-0.95,9.67,0.454,,1,1,17.036,0.2453
466.635,1.0000,0.0286,1.4265,-0.3803,-0.95,9.80,0.454,,1,1,17.036,0.2453
466.682,1.0000,0.0026,1.4238,-0.3456,-0.95,9.95,0.449,,1,1,17.036,0.2453
466.715,1.0000,0.0000,1.3811,-0.3434,-0.98,10.13,0.458,,1,1,17.036,0.2453
466.747,1.0000,0.0000,1.3325,-0.2707,-0.97,10.26,0.461,,1,1,17.036,0.2453
466.779,1.0000,0.0000,1.2750,-0.4846,-0.94,10.46,0.470,,1,1,17.036,0.2453
466.811,1.0000,0.0000,1.2133,-0.6539,-0.93,10.76,0.467,,1,1,17.036,0.2453
466.842,1.0000,0.0000,1.1480,-0.6028,-0.93,11.09,0.464,,1,1,17.036,0.2453
466.876,1.0000,0.0000,1.1152,-0.5837,-0.88,11.41,0.459,,1,1,17.036,0.2453
466.907,1.0000,0.0000,1.0865,-0.4937,-0.85,11.59,0.451,,1,1,17.036,0.2453
466.940,1.0000,0.0000,0.9892,-0.5208,-0.82,11.86,0.437,,1,1,17.036,0.2453
466.970,1.0000,0.0000,0.9015,-0.7479,-0.80,12.23,0.452,,1,1,17.036,0.2453
467.002,0.9654,0.0000,0.8417,-0.7797,-0.80,12.58,0.459,,1,1,17.036,0.2453
467.036,0.9264,0.0000,0.8066,-0.6948,-0.79,12.83,0.451,,1,1,17.036,0.2453
467.067,0.8879,0.0000,0.7703,-0.6340,-0.77,12.99,0.454,,1,1,17.036,0.2453
467.098,0.8454,0.0000,0.7169,-0.6841,-0.73,13.24,0.457,,1,1,17.036,0.2453
467.130,0.8092,0.0000,0.7008,-0.6079,-0.73,13.55,0.457,,1,1,17.036,0.2453
467.163,0.7691,0.0000,0.6532,-0.6789,-0.71,13.89,0.452,,1,1,17.036,0.2453
467.194,0.7331,0.0000,0.6224,-0.7309,-0.70,14.11,0.449,,1,1,17.036,0.2453
467.243,0.7026,0.0000,0.6433,-0.6412,-0.69,14.57,0.449,,1,1,17.036,0.2453
467.275,0.6862,0.0000,0.6372,-0.6556,-0.68,14.88,0.454,,1,1,17.036,0.2453
467.308,0.6712,0.0000,0.6249,-0.6885,-0.67,15.16,0.456,,1,1,17.036,0.2453
467.338,0.6586,0.0000,0.6204,-0.7256,-0.67,15.42,0.456,,1,1,17.036,0.2453
467.371,0.6474,0.0000,0.6131,-0.7900,-0.68,15.68,0.452,,1,1,17.036,0.2453
467.403,0.6425,0.0000,0.6275,-0.7201,-0.68,15.91,0.450,,1,1,17.036,0.2453
467.435,0.6399,0.0000,0.6316,-0.7327,-0.68,16.09,0.448,,1,1,17.036,0.2453
467.467,0.6388,0.0000,0.6356,-0.7275,-0.69,16.27,0.441,,1,1,17.036,0.2453
467.499,0.6452,0.0000,0.6658,-0.6686,-0.68,16.42,0.443,,1,1,17.036,0.2453
467.530,0.6563,0.0000,0.6925,-0.7122,-0.68,16.64,0.447,,1,1,17.036,0.2453
467.563,0.6674,0.0000,0.7027,-0.7175,-0.68,16.80,0.445,,1,1,17.036,0.2453
467.596,0.6770,0.0000,0.7087,-0.7894,-0.68,16.98,0.442,,1,1,17.036,0.2453
467.627,0.6847,0.0000,0.7103,-0.8043,-0.68,17.04,0.441,,1,1,17.036,0.2453
467.658,0.6934,0.0000,0.7225,-0.7618,-0.67,17.10,0.438,,1,1,17.036,0.2453
467.690,0.7003,0.0000,0.7230,-0.7802,-0.66,17.19,0.439,,1,1,17.036,0.2453
467.727,0.7075,0.0000,0.7281,-0.7356,-0.65,17.26,0.441,,1,1,17.036,0.2453
467.755,0.7122,0.0000,0.7292,-0.7603,-0.63,17.35,0.443,,1,1,17.036,0.2453
467.803,0.7180,0.0000,0.7309,-0.7310,-0.60,17.43,0.444,,1,1,17.036,0.2453
467.834,0.7178,0.0000,0.7169,-0.7533,-0.58,17.47,0.439,,1,1,17.036,0.2453
467.867,0.7195,0.0000,0.7248,-0.6374,-0.56,17.46,0.319,,1,1,17.036,0.2453
467.898,0.7205,0.0000,0.7241,-0.2624,-0.52,17.20,0.134,,1,1,17.036,0.2453
467.929,0.7259,0.0000,0.7439,-0.0580,-0.51,16.73,0.084,,1,1,17.036,0.2453
467.962,0.7260,0.0000,0.7264,-0.0845,-0.49,16.29,0.097,,1,1,17.036,0.2453
467.996,0.7145,0.0000,0.6777,-0.3387,-0.47,16.08,0.143,,1,1,17.036,0.2453
468.026,0.6985,0.0000,0.6428,-0.3828,-0.46,15.90,0.195,,1,1,17.036,0.2453
468.061,0.6805,0.0000,0.6274,-0.4681,-0.43,15.78,0.243,,1,1,17.036,0.2453
468.091,0.6610,0.0000,0.5944,-0.5175,-0.41,15.74,0.281,,1,1,17.036,0.2453
468.122,0.6443,0.0000,0.5889,-0.5522,-0.40,15.73,0.319,,1,1,17.036,0.2453
468.154,0.6427,0.0000,0.6375,-0.7112,-0.39,15.76,0.364,,1,1,17.036,0.2453
468.187,0.6616,0.0000,0.7219,-0.9079,-0.38,15.83,0.401,,1,1,17.036,0.2453
468.251,0.7142,0.0000,0.8000,-0.7724,-0.38,15.92,0.435,,1,1,17.036,0.2453
468.283,0.7427,0.0000,0.8359,-0.8044,-0.37,15.90,0.435,,1,1,17.036,0.2453
468.315,0.7719,0.0000,0.8643,-0.8611,-0.38,15.89,0.441,,1,1,17.036,0.2453
468.363,0.8089,0.0000,0.8865,-0.8973,-0.41,15.85,0.457,,1,1,17.036,0.2453
468.394,0.8306,0.0000,0.9002,-0.9837,-0.43,15.89,0.465,,1,1,17.036,0.2453
468.422,0.8479,0.0000,0.9088,-1.0128,-0.46,15.94,0.470,,1,1,17.036,0.2453
468.447,0.8671,0.0000,0.9432,-0.7160,-0.46,16.03,0.478,,1,1,17.036,0.2453
468.479,0.8932,0.0000,0.9750,-0.6457,-0.46,15.96,0.470,,1,1,17.036,0.2453
468.506,0.9156,0.0000,0.9971,-0.5363,-0.52,15.73,0.457,,1,1,17.036,0.2453
468.533,0.9362,0.0000,1.0094,-0.4345,-0.56,15.57,0.461,,1,1,17.036,0.2453
468.559,0.9554,0.0000,1.0264,-0.3655,-0.58,15.69,0.457,,1,1,17.036,0.2453
468.588,0.9770,0.0000,1.0571,-0.4341,-0.61,15.64,0.455,,1,1,17.036,0.2453
468.651,1.0000,0.0000,1.0866,-0.2640,-0.62,15.77,0.447,,1,1,17.036,0.2453
468.683,1.0000,0.0000,1.1112,-0.1519,-0.59,15.75,0.447,,1,1,17.036,0.2453
468.716,1.0000,0.0000,1.1431,-0.2334,-0.59,15.65,0.454,,1,1,17.036,0.2453
468.746,1.0000,0.0000,1.1421,-0.2586,-0.58,15.70,0.453,,1,1,17.036,0.2453
468.778,1.0000,0.0000,1.1466,-0.6637,-0.62,15.50,0.438,,1,1,17.036,0.2453
468.810,1.0000,0.0000,1.1408,-0.9468,-0.66,15.30,0.462,,1,1,17.036,0.2453
468.844,1.0000,0.0000,1.1648,-0.9963,-0.77,14.86,0.457,,1,1,17.036,0.2453
468.874,1.0000,0.0000,1.1812,-0.8490,-0.77,14.85,0.451,,1,1,17.036,0.2453
468.907,1.0000,0.0000,1.2040,-0.7470,-0.90,14.40,0.457,,1,1,17.036,0.2453
468.955,1.0000,0.0000,1.2075,-0.8247,-0.99,14.08,0.460,,1,1,17.036,0.2453
468.988,1.0000,0.0000,1.1829,-1.2031,-1.08,13.90,0.468,,1,1,17.036,0.2453
469.015,1.0000,0.0000,1.1720,-1.3680,-1.19,13.65,0.473,,1,1,17.036,0.2453
469.052,1.0000,0.0000,1.1815,-1.2279,-1.22,13.56,0.463,,1,1,17.036,0.2453
469.082,1.0000,0.0000,1.1990,-0.9630,-1.28,13.34,0.437,,1,1,17.036,0.2453
469.116,1.0000,0.0000,1.1906,-0.8762,-1.27,13.33,0.424,,1,1,17.036,0.2453
469.147,1.0000,0.0000,1.1252,-0.7860,-1.22,13.42,0.402,,1,1,17.036,0.2453
469.179,1.0000,0.0000,1.0483,-0.5952,-1.21,13.18,0.244,,1,1,17.036,0.2453
469.211,1.0000,0.0000,0.9566,-0.5580,-1.24,12.55,0.075,,1,1,17.036,0.2453
469.242,1.0000,0.0000,0.9399,-0.0335,-1.19,12.17,0.042,,1,1,17.036,0.2453
469.274,0.9886,0.0715,0.9284,0.4338,-1.11,12.10,0.079,,1,1,17.036,0.2453
469.307,0.9741,0.1858,0.9289,0.5079,-1.03,12.13,0.127,,1,1,17.036,0.2453
469.338,0.9415,0.2481,0.8373,0.4285,-0.94,12.13,0.144,,1,1,17.036,0.2453
469.371,0.9190,0.2777,0.8512,0.3595,-0.88,12.27,0.152,,1,1,17.036,0.2453
469.403,0.8863,0.2821,0.7854,0.2949,-0.82,12.26,0.140,,1,1,17.036,0.2453
469.435,0.8685,0.3116,0.8124,0.4002,-0.76,12.36,0.147,,1,1,17.036,0.2453
469.467,0.8611,0.3539,0.8380,0.4769,-0.68,12.30,0.145,,1,1,17.036,0.2453
469.514,0.8488,0.3998,0.8227,0.4906,-0.58,12.21,0.133,,1,1,17.036,0.2453
469.546,0.8310,0.3891,0.7748,0.3565,-0.50,12.13,0.115,,1,1,17.036,0.2453
469.578,0.8159,0.3701,0.7690,0.3116,-0.42,11.98,0.107,,1,1,17.036,0.2453
469.610,0.7989,0.3379,0.7468,0.2359,-0.34,11.80,0.090,,1,1,17.036,0.2453
469.642,0.7827,0.2468,0.7312,-0.0831,-0.28,11.65,0.122,,1,1,17.036,0.2453
469.676,0.7628,0.1705,0.7042,-0.2572,-0.23,11.61,0.167,,1,1,17.036,0.2453
