time_s,gaze_x,gaze_y,raw_x,raw_y,pitch_deg,yaw_deg,ear,blink,face_detected,calibrated,calib_mgae_deg,calib_rmse
0.651,0.5000,0.5000,0.5000,0.5000,-3.50,12.76,0.417,,1,0,,
0.702,0.5000,0.5000,0.5000,0.5000,-3.18,13.02,0.416,,1,0,,
0.735,0.5000,0.5000,0.5000,0.5000,-3.04,13.90,0.409,,1,0,,
0.766,0.5000,0.5000,0.5000,0.5000,-2.90,14.03,0.407,,1,0,,
0.798,0.5000,0.5000,0.5000,0.5000,-2.93,13.14,0.406,,1,0,,
0.842,0.5000,0.5000,0.5000,0.5000,-2.89,12.19,0.406,,1,0,,
0.888,0.5000,0.5000,0.5000,0.5000,-2.84,10.96,0.406,,1,0,,
0.920,0.5000,0.5000,0.5000,0.5000,-2.56,11.21,0.407,,1,0,,
0.951,0.5000,0.5000,0.5000,0.5000,-2.65,10.56,0.401,,1,0,,
0.985,0.5000,0.5000,0.5000,0.5000,-2.79,11.20,0.402,,1,0,,
1.021,0.5000,0.5000,0.5000,0.5000,-2.35,12.31,0.406,,1,0,,
1.051,0.5000,0.5000,0.5000,0.5000,-2.32,12.37,0.395,,1,0,,
1.081,0.5000,0.5000,0.5000,0.5000,-2.81,11.98,0.404,,1,0,,
1.117,0.5000,0.5000,0.5000,0.5000,-2.77,12.12,0.410,,1,0,,
1.151,0.5000,0.5000,0.5000,0.5000,-1.99,10.59,0.395,,1,0,,
1.180,0.5000,0.5000,0.5000,0.5000,-2.27,9.75,0.394,,1,0,,
1.205,0.5000,0.5000,0.5000,0.5000,-2.06,10.58,0.393,,1,0,,
1.233,0.5000,0.5000,0.5000,0.5000,-1.97,10.22,0.399,,1,0,,
1.256,0.5000,0.5000,0.5000,0.5000,-1.69,10.09,0.400,,1,0,,
1.280,0.5000,0.5000,0.5000,0.5000,-1.82,10.09,0.402,,1,0,,
1.309,0.5000,0.5000,0.5000,0.5000,-1.27,10.69,0.401,,1,0,,
1.340,0.5000,0.5000,0.5000,0.5000,-0.96,11.79,0.394,,1,0,,
1.409,0.5000,0.5000,0.5000,0.5000,-1.11,13.61,0.387,,1,0,,
1.444,0.5000,0.5000,0.5000,0.5000,-1.10,14.77,0.392,,1,0,,
1.487,0.5000,0.5000,0.5000,0.5000,-1.01,14.54,0.392,,1,0,,
1.529,0.5000,0.5000,0.5000,0.5000,-0.61,16.55,0.384,,1,0,,
1.560,0.5000,0.5000,0.5000,0.5000,0.04,16.84,0.373,,1,0,,
1.596,0.5000,0.5000,0.5000,0.5000,-0.13,16.53,0.376,,1,0,,
1.631,0.5000,0.5000,0.5000,0.5000,-0.07,17.16,0.379,,1,0,,
1.656,0.5000,0.5000,0.5000,0.5000,-0.39,16.77,0.374,,1,0,,
1.685,0.5000,0.5000,0.5000,0.5000,-0.22,17.12,0.371,,1,0,,
1.715,0.5000,0.5000,0.5000,0.5000,-0.18,17.09,0.368,,1,0,,
1.740,0.5000,0.5000,0.5000,0.5000,-0.21,15.70,0.372,,1,0,,
1.770,0.5000,0.5000,0.5000,0.5000,-0.37,15.82,0.374,,1,0,,
1.803,0.5000,0.5000,0.5000,0.5000,-0.69,16.24,0.380,,1,0,,
1.844,0.5000,0.5000,0.5000,0.5000,-0.96,16.53,0.378,,1,0,,
1.878,0.5000,0.5000,0.5000,0.5000,-0.77,16.10,0.378,,1,0,,
1.902,0.5000,0.5000,0.5000,0.5000,-0.68,16.15,0.375,,1,0,,
1.936,0.5000,0.5000,0.5000,0.5000,-0.54,15.54,0.366,,1,0,,
1.967,0.5000,0.5000,0.5000,0.5000,-0.68,15.44,0.369,,1,0,,
1.999,0.5000,0.5000,0.5000,0.5000,-0.26,14.62,0.366,,1,0,,
2.033,0.5000,0.5000,0.5000,0.5000,-0.55,13.66,0.362,,1,0,,
2.078,0.5000,0.5000,0.5000,0.5000,-0.61,15.30,0.352,,1,0,,
2.111,0.5000,0.5000,0.5000,0.5000,-0.06,15.03,0.359,,1,0,,
2.139,0.5000,0.5000,0.5000,0.5000,0.18,15.01,0.362,,1,0,,
2.169,0.5000,0.5000,0.5000,0.5000,0.29,16.94,0.365,,1,0,,
2.208,0.5000,0.5000,0.5000,0.5000,-0.25,16.05,0.363,,1,0,,
2.241,0.5000,0.5000,0.5000,0.5000,-0.42,16.37,0.363,,1,0,,
2.272,0.5000,0.5000,0.5000,0.5000,-0.20,15.70,0.360,,1,0,,
2.304,0.5000,0.5000,0.5000,0.5000,-0.05,15.14,0.351,,1,0,,
2.334,0.5000,0.5000,0.5000,0.5000,-0.24,16.78,0.353,,1,0,,
2.365,0.5000,0.5000,0.5000,0.5000,0.08,17.09,0.354,,1,0,,
2.398,0.5000,0.5000,0.5000,0.5000,-0.10,17.60,0.352,,1,0,,
2.430,0.5000,0.5000,0.5000,0.5000,0.04,16.95,0.350,,1,0,,
2.466,0.5000,0.5000,0.5000,0.5000,0.06,16.75,0.346,,1,0,,
2.496,0.5000,0.5000,0.5000,0.5000,0.10,16.45,0.345,,1,0,,
2.526,0.5000,0.5000,0.5000,0.5000,-0.07,16.52,0.338,,1,0,,
2.560,0.5000,0.5000,0.5000,0.5000,-0.11,15.93,0.337,,1,0,,
2.594,0.5000,0.5000,0.5000,0.5000,-0.13,15.66,0.337,,1,0,,
2.624,0.5000,0.5000,0.5000,0.5000,-0.11,14.26,0.333,,1,0,,
2.670,0.5000,0.5000,0.5000,0.5000,0.13,14.32,0.332,,1,0,,
2.703,0.5000,0.5000,0.5000,0.5000,0.05,14.39,0.330,,1,0,,
2.733,0.5000,0.5000,0.5000,0.5000,-0.06,15.13,0.330,,1,0,,
2.769,0.5000,0.5000,0.5000,0.5000,-0.01,14.00,0.325,,1,0,,
2.803,0.5000,0.5000,0.5000,0.5000,-0.13,14.44,0.326,,1,0,,
2.832,0.5000,0.5000,0.5000,0.5000,-0.17,13.96,0.327,,1,0,,
2.865,0.5000,0.5000,0.5000,0.5000,0.02,15.48,0.315,,1,0,,
2.898,0.5000,0.5000,0.5000,0.5000,0.21,15.65,0.320,,1,0,,
2.926,0.5000,0.5000,0.5000,0.5000,0.07,15.69,0.322,,1,0,,
2.961,0.5000,0.5000,0.5000,0.5000,0.22,15.15,0.322,,1,0,,
2.989,0.5000,0.5000,0.5000,0.5000,0.27,14.69,0.322,,1,0,,
3.021,0.5000,0.5000,0.5000,0.5000,0.12,14.68,0.324,,1,0,,
3.054,0.5000,0.5000,0.5000,0.5000,0.15,14.25,0.324,,1,0,,
3.087,0.5000,0.5000,0.5000,0.5000,0.10,13.31,0.318,,1,0,,
3.119,0.5000,0.5000,0.5000,0.5000,0.16,14.09,0.316,,1,0,,
3.151,0.5000,0.5000,0.5000,0.5000,0.28,13.07,0.308,,1,0,,
3.181,0.5000,0.5000,0.5000,0.5000,-0.04,12.50,0.306,,1,0,,
3.229,0.5000,0.5000,0.5000,0.5000,0.18,12.25,0.301,,1,0,,
3.265,0.5000,0.5000,0.5000,0.5000,0.19,12.71,0.309,,1,0,,
3.294,0.5000,0.5000,0.5000,0.5000,0.24,14.11,0.322,,1,0,,
3.326,0.5000,0.5000,0.5000,0.5000,0.29,13.96,0.317,,1,0,,
3.358,0.5000,0.5000,0.5000,0.5000,0.49,15.00,0.325,,1,0,,
3.392,0.5000,0.5000,0.5000,0.5000,0.66,14.34,0.327,,1,0,,
3.420,0.5000,0.5000,0.5000,0.5000,0.64,14.48,0.324,,1,0,,
3.457,0.5000,0.5000,0.5000,0.5000,0.68,15.19,0.322,,1,0,,
3.484,0.5000,0.5000,0.5000,0.5000,0.60,15.06,0.320,,1,0,,
3.514,0.5000,0.5000,0.5000,0.5000,0.64,15.03,0.318,,1,0,,
3.552,0.5000,0.5000,0.5000,0.5000,0.71,15.41,0.321,,1,0,,
3.582,0.5000,0.5000,0.5000,0.5000,0.73,15.57,0.320,,1,0,,
3.615,0.5000,0.5000,0.5000,0.5000,0.65,15.65,0.320,,1,0,,
3.653,0.5000,0.5000,0.5000,0.5000,0.38,15.66,0.320,,1,0,,
3.681,0.5000,0.5000,0.5000,0.5000,0.46,15.26,0.322,,1,0,,
3.713,0.5000,0.5000,0.5000,0.5000,0.49,15.05,0.317,,1,0,,
3.744,0.5000,0.5000,0.5000,0.5000,0.45,15.21,0.315,,1,0,,
3.826,0.5000,0.5000,0.5000,0.5000,0.54,14.75,0.314,,1,0,,
3.856,0.5000,0.5000,0.5000,0.5000,0.55,14.44,0.313,,1,0,,
3.883,0.5000,0.5000,0.5000,0.5000,0.62,14.59,0.313,,1,0,,
3.912,0.5000,0.5000,0.5000,0.5000,0.40,14.93,0.314,,1,0,,
3.941,0.5000,0.5000,0.5000,0.5000,0.37,14.97,0.313,,1,0,,
3.966,0.5000,0.5000,0.5000,0.5000,0.24,14.80,0.313,,1,0,,
3.994,0.5000,0.5000,0.5000,0.5000,0.12,15.18,0.309,,1,0,,
4.019,0.5000,0.5000,0.5000,0.5000,0.13,14.87,0.316,,1,0,,
4.048,0.5000,0.5000,0.5000,0.5000,0.14,15.06,0.315,,1,0,,
4.080,0.5000,0.5000,0.5000,0.5000,-0.19,15.60,0.315,,1,0,,
4.111,0.5000,0.5000,0.5000,0.5000,-0.12,15.75,0.316,,1,0,,
4.145,0.5000,0.5000,0.5000,0.5000,-0.01,15.85,0.317,,1,0,,
4.220,0.5000,0.5000,0.5000,0.5000,0.36,15.66,0.320,,1,0,,
4.253,0.5000,0.5000,0.5000,0.5000,0.02,14.43,0.307,,1,0,,
4.287,0.5000,0.5000,0.5000,0.5000,0.08,14.95,0.309,,1,0,,
4.313,0.5000,0.5000,0.5000,0.5000,0.01,14.70,0.310,,1,0,,
4.336,0.5000,0.5000,0.5000,0.5000,-0.07,14.94,0.312,,1,0,,
4.389,0.5000,0.5000,0.5000,0.5000,-0.03,16.46,0.317,,1,0,,
4.418,0.5000,0.5000,0.5000,0.5000,-0.04,16.54,0.322,,1,0,,
4.446,0.5000,0.5000,0.5000,0.5000,0.03,16.03,0.316,,1,0,,
4.474,0.5000,0.5000,0.5000,0.5000,-0.03,16.02,0.311,,1,0,,
4.504,0.5000,0.5000,0.5000,0.5000,-0.13,15.74,0.313,,1,0,,
4.532,0.5000,0.5000,0.5000,0.5000,-0.13,15.61,0.312,,1,0,,
4.558,0.5000,0.5000,0.5000,0.5000,-0.14,15.26,0.315,,1,0,,
4.608,0.5000,0.5000,0.5000,0.5000,-0.03,15.20,0.321,,1,0,,
4.643,0.5000,0.5000,0.5000,0.5000,-0.03,15.15,0.321,,1,0,,
4.668,0.5000,0.5000,0.5000,0.5000,-0.08,14.86,0.322,,1,0,,
4.700,0.5000,0.5000,0.5000,0.5000,0.20,14.48,0.322,,1,0,,
4.737,0.5000,0.5000,0.5000,0.5000,0.24,14.56,0.318,,1,0,,
4.764,0.5000,0.5000,0.5000,0.5000,0.33,14.95,0.320,,1,0,,
4.798,0.5000,0.5000,0.5000,0.5000,0.25,15.11,0.325,,1,0,,
4.831,0.5000,0.5000,0.5000,0.5000,0.17,15.01,0.322,,1,0,,
4.862,0.5000,0.5000,0.5000,0.5000,0.37,14.69,0.310,,1,0,,
4.896,0.5000,0.5000,0.5000,0.5000,0.08,14.75,0.299,,1,0,,
4.945,0.5000,0.5000,0.5000,0.5000,0.18,14.59,0.301,,1,0,,
4.973,0.5000,0.5000,0.5000,0.5000,0.23,15.29,0.300,,1,0,,
5.003,0.5000,0.5000,0.5000,0.5000,0.40,14.69,0.289,,1,0,,
5.039,0.5000,0.5000,0.5000,0.5000,0.35,13.98,0.266,,1,0,,
5.070,0.5000,0.5000,0.5000,0.5000,0.38,13.00,0.187,,1,0,,
5.104,0.5000,0.5000,0.5000,0.5000,0.50,9.63,0.125,,1,0,,
5.133,0.5000,0.5000,0.5000,0.5000,0.74,9.48,0.168,,1,0,,
5.170,0.5000,0.5000,0.5000,0.5000,-0.14,14.03,0.342,,1,0,,
5.201,0.5000,0.5000,0.5000,0.5000,-0.14,16.99,0.446,,1,0,,
5.231,0.5000,0.5000,0.5000,0.5000,0.16,17.77,0.484,,1,0,,
5.261,0.5000,0.5000,0.5000,0.5000,-0.27,18.02,0.505,,1,0,,
5.293,0.5000,0.5000,0.5000,0.5000,-0.39,18.01,0.513,,1,0,,
5.327,0.5000,0.5000,0.5000,0.5000,0.15,18.06,0.508,,1,0,,
5.358,0.5000,0.5000,0.5000,0.5000,-0.17,17.87,0.506,,1,0,,
5.390,0.5000,0.5000,0.5000,0.5000,0.25,19.15,0.526,,1,0,,
5.422,0.5000,0.5000,0.5000,0.5000,0.08,18.44,0.523,,1,0,,
5.453,0.5000,0.5000,0.5000,0.5000,0.92,17.70,0.521,,1,0,,
5.505,0.5000,0.5000,0.5000,0.5000,0.47,17.97,0.530,,1,0,,
5.534,0.5000,0.5000,0.5000,0.5000,0.64,17.76,0.522,,1,0,,
5.567,0.5000,0.5000,0.5000,0.5000,1.39,17.47,0.526,,1,0,,
5.599,0.5000,0.5000,0.5000,0.5000,1.47,17.43,0.535,,1,0,,
5.631,0.5000,0.5000,0.5000,0.5000,1.12,18.73,0.523,,1,0,,
5.661,0.5000,0.5000,0.5000,0.5000,1.22,17.97,0.526,,1,0,,
5.693,0.5000,0.5000,0.5000,0.5000,1.32,17.48,0.525,,1,0,,
5.726,0.5000,0.5000,0.5000,0.5000,1.20,17.30,0.521,,1,0,,
5.759,0.5000,0.5000,0.5000,0.5000,1.52,16.85,0.523,,1,0,,
5.793,0.5000,0.5000,0.5000,0.5000,1.27,17.08,0.536,,1,0,,
5.825,0.5000,0.5000,0.5000,0.5000,1.21,17.36,0.522,,1,0,,
5.853,0.5000,0.5000,0.5000,0.5000,1.20,16.96,0.524,,1,0,,
5.885,0.5000,0.5000,0.5000,0.5000,1.43,16.92,0.526,,1,0,,
5.918,0.5000,0.5000,0.5000,0.5000,1.49,17.07,0.526,,1,0,,
6.703,0.5000,0.5000,0.5000,0.5000,1.58,18.55,0.418,,1,0,,
6.726,0.5000,0.5000,0.5000,0.5000,0.91,18.12,0.419,,1,0,,
6.753,0.5000,0.5000,0.5000,0.5000,1.21,17.51,0.443,,1,0,,
6.778,0.5000,0.5000,0.5000,0.5000,1.11,16.34,0.442,,1,0,,
6.802,0.5000,0.5000,0.5000,0.5000,0.93,16.76,0.446,,1,0,,
6.828,0.5000,0.5000,0.5000,0.5000,0.75,16.39,0.448,,1,0,,
6.854,0.5000,0.5000,0.5000,0.5000,0.85,16.40,0.450,,1,0,,
6.878,0.5000,0.5000,0.5000,0.5000,0.57,15.67,0.453,,1,0,,
6.909,0.5000,0.5000,0.5000,0.5000,0.78,15.74,0.463,,1,0,,
6.942,0.5000,0.5000,0.5000,0.5000,0.66,14.97,0.462,,1,0,,
7.004,0.5000,0.5000,0.5000,0.5000,0.77,13.80,0.463,,1,0,,
7.038,0.5000,0.5000,0.5000,0.5000,0.72,14.43,0.463,,1,0,,
7.069,0.5000,0.5000,0.5000,0.5000,0.66,14.06,0.463,,1,0,,
7.102,0.5000,0.5000,0.5000,0.5000,0.66,14.83,0.465,,1,0,,
7.133,0.5000,0.5000,0.5000,0.5000,0.55,14.66,0.469,,1,0,,
7.165,0.5000,0.5000,0.5000,0.5000,0.57,14.21,0.468,,1,0,,
7.213,0.5000,0.5000,0.5000,0.5000,0.37,15.29,0.462,,1,0,,
7.246,0.5000,0.5000,0.5000,0.5000,0.41,15.37,0.458,,1,0,,
7.268,0.5000,0.5000,0.5000,0.5000,0.46,15.24,0.456,,1,0,,
7.292,0.5000,0.5000,0.5000,0.5000,0.51,15.11,0.464,,1,0,,
7.316,0.5000,0.5000,0.5000,0.5000,0.39,14.69,0.466,,1,0,,
7.341,0.5000,0.5000,0.5000,0.5000,0.58,13.60,0.465,,1,0,,
7.405,0.5000,0.5000,0.5000,0.5000,0.61,13.62,0.463,,1,0,,
7.437,0.5000,0.5000,0.5000,0.5000,0.61,14.21,0.459,,1,0,,
7.473,0.5000,0.5000,0.5000,0.5000,0.71,14.33,0.459,,1,0,,
7.504,0.5000,0.5000,0.5000,0.5000,0.53,14.52,0.462,,1,0,,
7.539,0.5000,0.5000,0.5000,0.5000,0.69,13.99,0.461,,1,0,,
7.564,0.5000,0.5000,0.5000,0.5000,0.74,14.16,0.460,,1,0,,
7.598,0.5000,0.5000,0.5000,0.5000,0.54,14.84,0.461,,1,0,,
7.631,0.5000,0.5000,0.5000,0.5000,0.44,14.62,0.462,,1,0,,
7.662,0.5000,0.5000,0.5000,0.5000,0.48,15.06,0.459,,1,0,,
7.694,0.5000,0.5000,0.5000,0.5000,0.49,15.08,0.461,,1,0,,
7.727,0.5000,0.5000,0.5000,0.5000,0.55,15.84,0.465,,1,0,,
7.774,0.5000,0.5000,0.5000,0.5000,0.70,13.31,0.456,,1,0,,
7.906,0.5000,0.5000,0.5000,0.5000,0.54,13.44,0.461,,1,0,,
7.935,0.5000,0.5000,0.5000,0.5000,0.45,13.11,0.459,,1,0,,
7.966,0.5000,0.5000,0.5000,0.5000,0.39,15.18,0.463,,1,0,,
7.998,0.5000,0.5000,0.5000,0.5000,0.45,15.04,0.456,,1,0,,
8.030,0.5000,0.5000,0.5000,0.5000,0.36,15.25,0.457,,1,0,,
8.061,0.5000,0.5000,0.5000,0.5000,0.35,16.01,0.455,,1,0,,
8.094,0.5000,0.5000,0.5000,0.5000,0.44,16.27,0.452,,1,0,,
8.125,0.5000,0.5000,0.5000,0.5000,0.46,16.13,0.452,,1,0,,
8.157,0.5000,0.5000,0.5000,0.5000,0.45,16.16,0.449,,1,0,,
8.190,0.5000,0.5000,0.5000,0.5000,0.49,15.49,0.445,,1,0,,
8.224,0.5000,0.5000,0.5000,0.5000,-0.14,15.48,0.445,,1,0,,
8.253,0.5000,0.5000,0.5000,0.5000,0.00,16.29,0.433,,1,0,,
8.285,0.5000,0.5000,0.5000,0.5000,0.25,16.66,0.426,,1,0,,
8.333,0.5000,0.5000,0.5000,0.5000,-0.07,14.95,0.417,,1,0,,
8.364,0.5000,0.5000,0.5000,0.5000,0.14,15.39,0.414,,1,0,,
8.400,0.5000,0.5000,0.5000,0.5000,-0.11,15.10,0.430,,1,0,,
8.436,0.5000,0.5000,0.5000,0.5000,-0.53,14.61,0.423,,1,0,,
8.471,0.5000,0.5000,0.5000,0.5000,-0.09,14.49,0.418,,1,0,,
8.504,0.5000,0.5000,0.5000,0.5000,-0.20,15.70,0.420,,1,0,,
8.529,0.5000,0.5000,0.5000,0.5000,-0.49,14.94,0.419,,1,0,,
8.558,0.5000,0.5000,0.5000,0.5000,-0.43,14.56,0.415,,1,0,,
8.589,0.5000,0.5000,0.5000,0.5000,-0.41,14.22,0.421,,1,0,,
8.620,0.5000,0.5000,0.5000,0.5000,-0.16,13.75,0.411,,1,0,,
8.653,0.5000,0.5000,0.5000,0.5000,-0.35,13.04,0.383,,1,0,,
8.686,0.5000,0.5000,0.5000,0.5000,0.13,12.12,0.359,,1,0,,
8.719,0.5000,0.5000,0.5000,0.5000,-0.37,11.47,0.358,,1,0,,
8.748,0.5000,0.5000,0.5000,0.5000,-0.82,11.49,0.360,,1,0,,
8.780,0.5000,0.5000,0.5000,0.5000,-0.71,11.67,0.358,,1,0,,
8.814,0.5000,0.5000,0.5000,0.5000,-0.36,11.15,0.353,,1,0,,
8.846,0.5000,0.5000,0.5000,0.5000,-0.52,11.30,0.345,,1,0,,
8.878,0.5000,0.5000,0.5000,0.5000,-0.37,11.31,0.348,,1,0,,
8.926,0.5000,0.5000,0.5000,0.5000,-0.69,10.82,0.347,,1,0,,
8.959,0.5000,0.5000,0.5000,0.5000,-0.98,11.60,0.341,,1,0,,
8.989,0.5000,0.5000,0.5000,0.5000,-0.87,12.36,0.340,,1,0,,
9.021,0.5000,0.5000,0.5000,0.5000,-0.95,12.89,0.339,,1,0,,
9.051,0.5000,0.5000,0.5000,0.5000,-1.01,13.25,0.340,,1,0,,
9.084,0.5000,0.5000,0.5000,0.5000,-0.90,11.93,0.335,,1,0,,
9.117,0.5000,0.5000,0.5000,0.5000,-0.81,9.93,0.340,,1,0,,
9.149,0.5000,0.5000,0.5000,0.5000,-0.79,11.12,0.342,,1,0,,
9.180,0.5000,0.5000,0.5000,0.5000,-0.80,11.27,0.353,,1,0,,
9.213,0.5000,0.5000,0.5000,0.5000,-0.80,11.34,0.360,,1,0,,
9.246,0.5000,0.5000,0.5000,0.5000,-0.63,11.76,0.357,,1,0,,
9.278,0.5000,0.5000,0.5000,0.5000,-0.64,12.49,0.347,,1,0,,
9.308,0.5000,0.5000,0.5000,0.5000,-0.61,8.40,0.162,,1,0,,
9.340,0.5000,0.5000,0.5000,0.5000,-1.01,5.67,0.067,,1,0,,
9.406,0.5000,0.5000,0.5000,0.5000,-1.72,6.18,0.046,,1,0,,
9.438,0.5000,0.5000,0.5000,0.5000,-2.23,3.82,0.056,,1,0,,
9.485,0.5000,0.5000,0.5000,0.5000,-3.04,3.75,0.061,,1,0,,
9.518,0.5000,0.5000,0.5000,0.5000,-2.60,4.23,0.076,,1,0,,
9.545,0.5000,0.5000,0.5000,0.5000,-2.76,3.80,0.093,,1,0,,
9.571,0.5000,0.5000,0.5000,0.5000,-3.11,2.17,0.095,,1,0,,
9.597,0.5000,0.5000,0.5000,0.5000,-3.17,1.00,0.114,,1,0,,
9.626,0.5000,0.5000,0.5000,0.5000,-2.87,2.38,0.117,,1,0,,
9.650,0.5000,0.5000,0.5000,0.5000,-1.91,1.62,0.118,,1,0,,
9.677,0.5000,0.5000,0.5000,0.5000,-1.96,2.19,0.120,,1,0,,
9.711,0.5000,0.5000,0.5000,0.5000,-1.86,2.23,0.191,,1,0,,
9.741,0.5000,0.5000,0.5000,0.5000,-1.73,5.36,0.301,,1,0,,
9.804,0.5000,0.5000,0.5000,0.5000,-2.09,6.07,0.401,,1,0,,
9.837,0.5000,0.5000,0.5000,0.5000,-1.85,6.88,0.401,,1,0,,
9.868,0.5000,0.5000,0.5000,0.5000,-1.38,5.72,0.394,,1,0,,
9.900,0.5000,0.5000,0.5000,0.5000,-1.12,5.56,0.398,,1,0,,
9.932,0.5000,0.5000,0.5000,0.5000,-1.28,7.75,0.414,,1,0,,
9.964,0.5000,0.5000,0.5000,0.5000,-1.80,8.63,0.440,,1,0,,
9.998,0.5000,0.5000,0.5000,0.5000,-1.57,9.60,0.442,,1,0,,
10.044,0.5000,0.5000,0.5000,0.5000,-1.28,10.29,0.438,,1,0,,
10.077,0.5000,0.5000,0.5000,0.5000,-1.01,12.52,0.440,,1,0,,
10.095,0.5000,0.5000,0.5000,0.5000,-0.96,13.45,0.441,,1,0,,
10.123,0.5000,0.5000,0.5000,0.5000,-1.02,13.73,0.436,,1,0,,
10.148,0.5000,0.5000,0.5000,0.5000,-1.18,13.98,0.430,,1,0,,
10.205,0.5000,0.5000,0.5000,0.5000,-1.13,12.43,0.446,,1,0,,
10.237,0.5000,0.5000,0.5000,0.5000,-1.19,12.02,0.444,,1,0,,
10.270,0.5000,0.5000,0.5000,0.5000,-1.09,12.64,0.439,,1,0,,
10.301,0.5000,0.5000,0.5000,0.5000,-1.40,13.66,0.444,,1,0,,
10.331,0.5000,0.5000,0.5000,0.5000,-1.35,13.79,0.438,,1,0,,
10.365,0.5000,0.5000,0.5000,0.5000,-1.19,11.22,0.440,,1,0,,
10.398,0.5000,0.5000,0.5000,0.5000,-1.52,10.93,0.448,,1,0,,
10.429,0.5000,0.5000,0.5000,0.5000,-0.82,11.55,0.442,,1,0,,
10.461,0.5000,0.5000,0.5000,0.5000,-0.80,10.85,0.434,,1,0,,
10.493,0.5000,0.5000,0.5000,0.5000,-1.08,10.94,0.422,,1,0,,
10.526,0.5000,0.5000,0.5000,0.5000,-0.93,9.80,0.420,,1,0,,
10.557,0.5000,0.5000,0.5000,0.5000,-1.06,9.28,0.444,,1,0,,
10.605,0.5000,0.5000,0.5000,0.5000,-1.62,9.01,0.443,,1,0,,
10.636,0.5000,0.5000,0.5000,0.5000,-1.35,8.62,0.437,,1,0,,
10.669,0.5000,0.5000,0.5000,0.5000,-1.23,11.24,0.431,,1,0,,
10.700,0.5000,0.5000,0.5000,0.5000,-0.90,10.64,0.431,,1,0,,
10.733,0.5000,0.5000,0.5000,0.5000,-1.27,10.29,0.430,,1,0,,
10.765,0.5000,0.5000,0.5000,0.5000,-1.81,9.23,0.421,,1,0,,
10.796,0.5000,0.5000,0.5000,0.5000,-1.67,9.70,0.420,,1,0,,
10.830,0.5000,0.5000,0.5000,0.5000,-1.48,11.13,0.413,,1,0,,
10.861,0.5000,0.5000,0.5000,0.5000,-1.18,12.02,0.412,,1,0,,
10.893,0.5000,0.5000,0.5000,0.5000,-1.20,11.92,0.420,,1,0,,
10.927,0.5000,0.5000,0.5000,0.5000,-0.99,11.63,0.410,,1,0,,
10.959,0.5000,0.5000,0.5000,0.5000,-1.08,10.92,0.418,,1,0,,
10.988,0.5000,0.5000,0.5000,0.5000,-0.92,10.65,0.412,,1,0,,
11.019,0.5000,0.5000,0.5000,0.5000,-0.94,7.34,0.414,,1,0,,
11.053,0.5000,0.5000,0.5000,0.5000,-0.86,8.61,0.395,,1,0,,
11.086,0.5000,0.5000,0.5000,0.5000,-0.83,5.79,0.397,,1,0,,
11.118,0.5000,0.5000,0.5000,0.5000,-0.99,1.27,0.408,,1,0,,
11.149,0.5000,0.5000,0.5000,0.5000,-1.01,4.02,0.412,,1,0,,
11.196,0.5000,0.5000,0.5000,0.5000,-1.11,2.47,0.414,,1,0,,
11.229,0.5000,0.5000,0.5000,0.5000,-0.94,7.09,0.420,,1,0,,
11.260,0.5000,0.5000,0.5000,0.5000,-0.93,6.88,0.416,,1,0,,
11.294,0.5000,0.5000,0.5000,0.5000,-0.89,6.04,0.424,,1,0,,
11.325,0.5000,0.5000,0.5000,0.5000,-0.81,6.53,0.409,,1,0,,
11.357,0.5000,0.5000,0.5000,0.5000,-0.83,11.26,0.407,,1,0,,
11.389,0.5000,0.5000,0.5000,0.5000,-0.98,11.33,0.404,,1,0,,
11.420,0.5000,0.5000,0.5000,0.5000,-0.48,12.09,0.414,,1,0,,
11.453,0.5000,0.5000,0.5000,0.5000,-0.49,11.15,0.409,,1,0,,
11.484,0.5000,0.5000,0.5000,0.5000,-0.49,11.54,0.408,,1,0,,
11.517,0.5000,0.5000,0.5000,0.5000,-0.35,11.26,0.407,,1,0,,
11.547,0.5000,0.5000,0.5000,0.5000,-0.45,10.09,0.413,,1,0,,
11.581,0.5000,0.5000,0.5000,0.5000,-0.51,11.57,0.410,,1,0,,
11.613,0.5000,0.5000,0.5000,0.5000,-0.82,10.96,0.412,,1,0,,
11.646,0.5000,0.5000,0.5000,0.5000,-0.91,9.57,0.409,,1,0,,
11.676,0.5000,0.5000,0.5000,0.5000,-0.77,9.66,0.413,,1,0,,
11.712,0.5000,0.5000,0.5000,0.5000,-0.75,10.24,0.415,,1,0,,
11.757,0.5000,0.5000,0.5000,0.5000,-0.54,10.84,0.413,,1,0,,
11.789,0.5000,0.5000,0.5000,0.5000,-0.42,10.76,0.415,,1,0,,
11.821,0.5000,0.5000,0.5000,0.5000,-0.57,10.84,0.418,,1,0,,
11.851,0.5000,0.5000,0.5000,0.5000,-0.63,11.31,0.411,,1,0,,
11.884,0.5000,0.5000,0.5000,0.5000,-0.77,11.54,0.403,,1,0,,
11.917,0.5000,0.5000,0.5000,0.5000,-0.80,12.15,0.407,,1,0,,
11.950,0.5000,0.5000,0.5000,0.5000,-0.77,11.77,0.403,,1,0,,
11.981,0.5000,0.5000,0.5000,0.5000,-0.10,12.80,0.400,,1,0,,
12.013,0.5000,0.5000,0.5000,0.5000,-0.42,11.88,0.402,,1,0,,
12.046,0.5000,0.5000,0.5000,0.5000,-0.57,11.33,0.398,,1,0,,
12.077,0.5000,0.5000,0.5000,0.5000,-0.58,10.75,0.403,,1,0,,
12.110,0.5000,0.5000,0.5000,0.5000,-0.06,9.24,0.405,,1,0,,
12.143,0.5000,0.5000,0.5000,0.5000,-0.01,9.67,0.403,,1,0,,
12.209,0.5000,0.5000,0.5000,0.5000,-0.51,10.43,0.419,,1,0,,
12.237,0.5000,0.5000,0.5000,0.5000,-0.57,10.77,0.416,,1,0,,
12.269,0.5000,0.5000,0.5000,0.5000,-0.39,10.07,0.416,,1,0,,
12.318,0.5000,0.5000,0.5000,0.5000,-0.46,7.17,0.415,,1,0,,
12.349,0.5000,0.5000,0.5000,0.5000,-0.38,8.23,0.416,,1,0,,
12.376,0.5000,0.5000,0.5000,0.5000,-0.33,8.68,0.417,,1,0,,
12.401,0.5000,0.5000,0.5000,0.5000,-0.41,10.18,0.413,,1,0,,
12.427,0.5000,0.5000,0.5000,0.5000,-0.22,10.07,0.413,,1,0,,
12.453,0.5000,0.5000,0.5000,0.5000,-0.30,9.70,0.410,,1,0,,
12.482,0.5000,0.5000,0.5000,0.5000,-0.31,9.79,0.409,,1,0,,
12.510,0.5000,0.5000,0.5000,0.5000,-0.31,9.73,0.410,,1,0,,
12.543,0.5000,0.5000,0.5000,0.5000,-0.24,8.40,0.411,,1,0,,
12.604,0.5000,0.5000,0.5000,0.5000,-0.46,10.08,0.414,,1,0,,
12.635,0.5000,0.5000,0.5000,0.5000,-0.36,9.47,0.414,,1,0,,
12.668,0.5000,0.5000,0.5000,0.5000,-0.39,9.51,0.415,,1,0,,
12.703,0.5000,0.5000,0.5000,0.5000,-0.19,8.26,0.416,,1,0,,
12.733,0.5000,0.5000,0.5000,0.5000,-0.21,7.98,0.408,,1,0,,
12.764,0.5000,0.5000,0.5000,0.5000,-0.26,9.91,0.406,,1,0,,
12.797,0.5000,0.5000,0.5000,0.5000,-0.40,11.51,0.410,,1,0,,
12.828,0.5000,0.5000,0.5000,0.5000,-0.69,10.09,0.410,,1,0,,
12.860,0.5000,0.5000,0.5000,0.5000,-0.67,9.37,0.413,,1,0,,
12.909,0.5000,0.5000,0.5000,0.5000,-0.75,9.33,0.414,,1,0,,
12.937,0.5000,0.5000,0.5000,0.5000,-0.77,8.43,0.414,,1,0,,
12.965,0.5000,0.5000,0.5000,0.5000,-0.80,8.92,0.413,,1,0,,
13.004,0.5000,0.5000,0.5000,0.5000,-0.73,8.24,0.411,,1,0,,
13.035,0.5000,0.5000,0.5000,0.5000,-0.71,8.77,0.410,,1,0,,
13.068,0.5000,0.5000,0.5000,0.5000,-0.69,8.92,0.410,,1,0,,
13.099,0.5000,0.5000,0.5000,0.5000,-0.65,9.35,0.407,,1,0,,
13.133,0.5000,0.5000,0.5000,0.5000,-0.67,8.75,0.409,,1,0,,
13.164,0.5000,0.5000,0.5000,0.5000,-0.68,8.52,0.411,,1,0,,
13.197,0.5000,0.5000,0.5000,0.5000,-0.69,7.29,0.412,,1,0,,
13.229,0.5000,0.5000,0.5000,0.5000,-0.65,7.62,0.409,,1,0,,
13.262,0.5000,0.5000,0.5000,0.5000,-0.57,6.90,0.409,,1,0,,
13.292,0.5000,0.5000,0.5000,0.5000,-0.58,9.40,0.407,,1,0,,
13.326,0.5000,0.5000,0.5000,0.5000,-0.56,9.25,0.406,,1,0,,
13.357,0.5000,0.5000,0.5000,0.5000,-0.76,4.30,0.400,,1,0,,
13.389,0.5000,0.5000,0.5000,0.5000,-0.78,3.70,0.404,,1,0,,
13.420,0.5000,0.5000,0.5000,0.5000,-0.78,3.59,0.411,,1,0,,
13.468,0.5000,0.5000,0.5000,0.5000,-0.73,7.06,0.412,,1,0,,
13.501,0.5000,0.5000,0.5000,0.5000,-0.77,10.27,0.410,,1,0,,
13.533,0.5000,0.5000,0.5000,0.5000,-0.93,8.13,0.419,,1,0,,
13.565,0.5000,0.5000,0.5000,0.5000,-1.11,9.58,0.421,,1,0,,
13.597,0.5000,0.5000,0.5000,0.5000,-1.07,7.54,0.418,,1,0,,
13.630,0.5000,0.5000,0.5000,0.5000,-0.95,9.18,0.422,,1,0,,
13.662,0.5000,0.5000,0.5000,0.5000,-0.99,9.73,0.424,,1,0,,
13.694,0.5000,0.5000,0.5000,0.5000,-0.84,9.98,0.418,,1,0,,
13.726,0.5000,0.5000,0.5000,0.5000,-1.00,10.82,0.421,,1,0,,
13.758,0.5000,0.5000,0.5000,0.5000,-1.15,12.14,0.424,,1,0,,
13.789,0.5000,0.5000,0.5000,0.5000,-1.19,13.79,0.432,,1,0,,
13.822,0.5000,0.5000,0.5000,0.5000,-1.14,13.26,0.433,,1,0,,
13.851,0.5000,0.5000,0.5000,0.5000,-1.23,14.81,0.435,,1,0,,
13.883,0.5000,0.5000,0.5000,0.5000,-1.15,14.64,0.441,,1,0,,
13.917,0.5000,0.5000,0.5000,0.5000,-0.89,15.30,0.432,,1,0,,
13.949,0.5000,0.5000,0.5000,0.5000,-0.38,15.72,0.437,,1,0,,
13.980,0.5000,0.5000,0.5000,0.5000,-0.44,15.90,0.436,,1,0,,
14.029,0.5000,0.5000,0.5000,0.5000,-0.61,15.77,0.431,,1,0,,
14.061,0.5000,0.5000,0.5000,0.5000,-0.79,16.76,0.428,,1,0,,
14.093,0.5000,0.5000,0.5000,0.5000,-0.51,16.37,0.432,,1,0,,
14.126,0.5000,0.5000,0.5000,0.5000,-0.62,16.79,0.431,,1,0,,
14.158,0.5000,0.5000,0.5000,0.5000,-0.67,16.31,0.431,,1,0,,
14.189,0.5000,0.5000,0.5000,0.5000,-0.65,15.85,0.432,,1,0,,
14.223,0.5000,0.5000,0.5000,0.5000,-0.87,16.47,0.435,,1,0,,
14.253,0.5000,0.5000,0.5000,0.5000,-0.88,16.65,0.435,,1,0,,
14.284,0.5000,0.5000,0.5000,0.5000,-0.72,16.47,0.435,,1,0,,
14.317,0.5000,0.5000,0.5000,0.5000,-0.66,16.50,0.435,,1,0,,
14.349,0.5000,0.5000,0.5000,0.5000,-0.72,16.48,0.436,,1,0,,
14.381,0.5000,0.5000,0.5000,0.5000,-0.70,16.44,0.431,,1,0,,
14.412,0.5000,0.5000,0.5000,0.5000,-0.72,16.67,0.432,,1,0,,
14.445,0.5000,0.5000,0.5000,0.5000,-0.58,15.79,0.430,,1,0,,
14.477,0.5000,0.5000,0.5000,0.5000,-0.55,16.42,0.432,,1,0,,
14.509,0.5000,0.5000,0.5000,0.5000,-0.54,15.51,0.429,,1,0,,
14.541,0.5000,0.5000,0.5000,0.5000,-0.58,14.52,0.432,,1,0,,
14.626,0.5000,0.5000,0.5000,0.5000,-0.70,16.02,0.436,,1,0,,
14.652,0.5000,0.5000,0.5000,0.5000,-0.92,16.32,0.436,,1,0,,
14.679,0.5000,0.5000,0.5000,0.5000,-0.98,16.72,0.435,,1,0,,
14.707,0.5000,0.5000,0.5000,0.5000,-0.99,15.87,0.431,,1,0,,
14.735,0.5000,0.5000,0.5000,0.5000,-0.91,15.87,0.429,,1,0,,
14.761,0.5000,0.5000,0.5000,0.5000,-0.92,16.07,0.427,,1,0,,
14.786,0.5000,0.5000,0.5000,0.5000,-0.93,16.54,0.424,,1,0,,
14.814,0.5000,0.5000,0.5000,0.5000,-0.92,16.84,0.422,,1,0,,
14.845,0.5000,0.5000,0.5000,0.5000,-1.01,16.71,0.419,,1,0,,
14.878,0.5000,0.5000,0.5000,0.5000,-0.69,16.42,0.423,,1,0,,
14.909,0.5000,0.5000,0.5000,0.5000,-0.81,16.55,0.422,,1,0,,
14.942,0.5000,0.5000,0.5000,0.5000,-0.61,16.72,0.424,,1,0,,
15.005,0.5000,0.5000,0.5000,0.5000,-0.74,16.91,0.426,,1,0,,
15.036,0.5000,0.5000,0.5000,0.5000,-0.84,16.20,0.428,,1,0,,
15.070,0.5000,0.5000,0.5000,0.5000,-0.95,15.81,0.431,,1,0,,
15.100,0.5000,0.5000,0.5000,0.5000,-1.16,15.45,0.433,,1,0,,
15.133,0.5000,0.5000,0.5000,0.5000,-1.07,15.69,0.434,,1,0,,
15.180,0.5000,0.5000,0.5000,0.5000,-1.03,15.59,0.434,,1,0,,
15.207,0.5000,0.5000,0.5000,0.5000,-0.99,15.43,0.433,,1,0,,
15.233,0.5000,0.5000,0.5000,0.5000,-0.67,14.82,0.434,,1,0,,
15.259,0.5000,0.5000,0.5000,0.5000,-0.61,14.96,0.434,,1,0,,
15.285,0.5000,0.5000,0.5000,0.5000,-0.72,14.77,0.431,,1,0,,
15.313,0.5000,0.5000,0.5000,0.5000,-0.73,15.65,0.429,,1,0,,
15.341,0.5000,0.5000,0.5000,0.5000,-0.77,16.27,0.426,,1,0,,
15.405,0.5000,0.5000,0.5000,0.5000,-0.85,15.65,0.428,,1,0,,
15.437,0.5000,0.5000,0.5000,0.5000,-0.84,15.53,0.431,,1,0,,
15.469,0.5000,0.5000,0.5000,0.5000,-0.95,14.69,0.431,,1,0,,
15.500,0.5000,0.5000,0.5000,0.5000,-0.93,14.88,0.431,,1,0,,
15.533,0.5000,0.5000,0.5000,0.5000,-0.93,14.39,0.431,,1,0,,
15.567,0.5000,0.5000,0.5000,0.5000,-0.89,14.14,0.430,,1,0,,
15.596,0.5000,0.5000,0.5000,0.5000,-0.68,14.25,0.431,,1,0,,
15.629,0.5000,0.5000,0.5000,0.5000,-0.72,15.46,0.432,,1,0,,
15.661,0.5000,0.5000,0.5000,0.5000,-0.74,14.85,0.430,,1,0,,
15.694,0.5000,0.5000,0.5000,0.5000,-0.76,14.86,0.429,,1,0,,
15.741,0.5000,0.5000,0.5000,0.5000,-0.87,14.72,0.429,,1,0,,
15.774,0.5000,0.5000,0.5000,0.5000,-0.97,15.09,0.429,,1,0,,
15.804,0.5000,0.5000,0.5000,0.5000,-0.92,16.86,0.429,,1,0,,
15.837,0.5000,0.5000,0.5000,0.5000,-0.86,16.71,0.429,,1,0,,
15.868,0.5000,0.5000,0.5000,0.5000,-0.84,16.49,0.428,,1,0,,
15.900,0.5000,0.5000,0.5000,0.5000,-1.02,16.23,0.423,,1,0,,
15.934,0.5000,0.5000,0.5000,0.5000,-0.77,16.46,0.425,,1,0,,
15.965,0.5000,0.5000,0.5000,0.5000,-0.88,16.40,0.426,,1,0,,
15.997,0.5000,0.5000,0.5000,0.5000,-0.97,16.48,0.426,,1,0,,
16.029,0.5000,0.5000,0.5000,0.5000,-0.93,16.60,0.429,,1,0,,
16.062,0.5000,0.5000,0.5000,0.5000,-0.96,16.67,0.433,,1,0,,
16.093,0.5000,0.5000,0.5000,0.5000,-1.03,15.95,0.430,,1,0,,
16.125,0.5000,0.5000,0.5000,0.5000,-1.09,16.35,0.431,,1,0,,
16.157,0.5000,0.5000,0.5000,0.5000,-1.03,15.61,0.427,,1,0,,
16.189,0.5000,0.5000,0.5000,0.5000,-1.03,16.22,0.429,,1,0,,
16.221,0.5000,0.5000,0.5000,0.5000,-0.83,16.57,0.429,,1,0,,
16.254,0.5000,0.5000,0.5000,0.5000,-0.89,16.87,0.430,,1,0,,
16.300,0.5000,0.5000,0.5000,0.5000,-0.71,16.39,0.435,,1,0,,
16.331,0.5000,0.5000,0.5000,0.5000,-0.66,16.02,0.437,,1,0,,
16.364,0.5000,0.5000,0.5000,0.5000,-0.68,14.73,0.435,,1,0,,
16.397,0.5000,0.5000,0.5000,0.5000,-0.75,15.35,0.434,,1,0,,
16.431,0.5000,0.5000,0.5000,0.5000,-0.76,15.19,0.428,,1,0,,
16.462,0.5000,0.5000,0.5000,0.5000,-0.75,15.16,0.430,,1,0,,
16.494,0.5000,0.5000,0.5000,0.5000,-0.75,15.55,0.431,,1,0,,
16.525,0.5000,0.5000,0.5000,0.5000,-0.81,15.60,0.430,,1,0,,
16.558,0.5000,0.5000,0.5000,0.5000,-0.76,17.70,0.432,,1,0,,
16.590,0.5000,0.5000,0.5000,0.5000,-0.44,18.05,0.436,,1,0,,
16.622,0.5000,0.5000,0.5000,0.5000,-0.44,17.87,0.437,,1,0,,
16.654,0.5000,0.5000,0.5000,0.5000,-0.69,17.61,0.452,,1,0,,
16.684,0.5000,0.5000,0.5000,0.5000,-0.60,17.94,0.456,,1,0,,
16.718,0.5000,0.5000,0.5000,0.5000,-0.79,17.93,0.458,,1,0,,
16.748,0.5000,0.5000,0.5000,0.5000,-0.77,17.63,0.460,,1,0,,
16.781,0.5000,0.5000,0.5000,0.5000,-0.50,17.07,0.464,,1,0,,
16.813,0.5000,0.5000,0.5000,0.5000,-0.54,17.53,0.470,,1,0,,
16.860,0.5000,0.5000,0.5000,0.5000,-0.53,17.31,0.474,,1,0,,
16.894,0.5000,0.5000,0.5000,0.5000,-0.52,17.27,0.469,,1,0,,
16.930,0.5000,0.5000,0.5000,0.5000,-0.63,18.11,0.472,,1,0,,
16.957,0.5000,0.5000,0.5000,0.5000,-0.71,17.78,0.471,,1,0,,
16.988,0.5000,0.5000,0.5000,0.5000,-0.62,17.48,0.470,,1,0,,
17.020,0.5000,0.5000,0.5000,0.5000,-0.59,16.96,0.472,,1,0,,
17.054,0.5000,0.5000,0.5000,0.5000,-0.47,16.78,0.472,,1,0,,
17.084,0.5000,0.5000,0.5000,0.5000,-0.24,17.56,0.472,,1,0,,
17.116,0.5000,0.5000,0.5000,0.5000,0.06,17.81,0.472,,1,0,,
17.150,0.5000,0.5000,0.5000,0.5000,0.03,17.41,0.471,,1,0,,
17.181,0.5000,0.5000,0.5000,0.5000,-0.05,16.97,0.476,,1,0,,
17.213,0.5000,0.5000,0.5000,0.5000,-0.08,16.79,0.475,,1,0,,
17.245,0.5000,0.5000,0.5000,0.5000,-0.10,17.01,0.474,,1,0,,
17.276,0.5000,0.5000,0.5000,0.5000,-0.09,16.64,0.472,,1,0,,
17.310,0.5000,0.5000,0.5000,0.5000,-0.36,15.25,0.471,,1,0,,
17.341,0.5000,0.5000,0.5000,0.5000,-0.60,16.19,0.471,,1,0,,
17.405,0.5000,0.5000,0.5000,0.5000,-0.75,16.70,0.470,,1,0,,
17.453,0.5000,0.5000,0.5000,0.5000,-0.65,16.25,0.472,,1,0,,
17.484,0.5000,0.5000,0.5000,0.5000,-0.83,14.80,0.472,,1,0,,
17.510,0.5000,0.5000,0.5000,0.5000,-0.87,14.47,0.472,,1,0,,
17.537,0.5000,0.5000,0.5000,0.5000,-0.83,14.75,0.471,,1,0,,
17.563,0.5000,0.5000,0.5000,0.5000,-0.83,14.58,0.472,,1,0,,
17.591,0.5000,0.5000,0.5000,0.5000,-0.92,14.84,0.472,,1,0,,
17.617,0.5000,0.5000,0.5000,0.5000,-0.94,14.95,0.473,,1,0,,
17.644,0.5000,0.5000,0.5000,0.5000,-0.91,15.02,0.471,,1,0,,
17.677,0.5000,0.5000,0.5000,0.5000,-0.84,14.76,0.472,,1,0,,
17.712,0.5000,0.5000,0.5000,0.5000,-0.79,14.73,0.471,,1,0,,
17.742,0.5000,0.5000,0.5000,0.5000,-0.64,13.84,0.468,,1,0,,
17.805,0.5000,0.5000,0.5000,0.5000,-0.66,13.73,0.468,,1,0,,
17.837,0.5000,0.5000,0.5000,0.5000,-0.82,13.66,0.468,,1,0,,
17.868,0.5000,0.5000,0.5000,0.5000,-0.74,13.24,0.468,,1,0,,
17.904,0.5000,0.5000,0.5000,0.5000,-0.77,13.53,0.467,,1,0,,
17.933,0.5000,0.5000,0.5000,0.5000,-0.67,14.33,0.467,,1,0,,
17.964,0.5000,0.5000,0.5000,0.5000,-0.81,14.07,0.471,,1,0,,
18.014,0.5000,0.5000,0.5000,0.5000,-0.68,14.18,0.464,,1,0,,
18.045,0.5000,0.5000,0.5000,0.5000,-0.57,15.57,0.470,,1,0,,
18.071,0.5000,0.5000,0.5000,0.5000,-0.61,16.10,0.474,,1,0,,
18.096,0.5000,0.5000,0.5000,0.5000,-0.61,16.15,0.473,,1,0,,
18.123,0.5000,0.5000,0.5000,0.5000,-0.40,16.88,0.473,,1,0,,
18.148,0.5000,0.5000,0.5000,0.5000,-0.39,16.74,0.473,,1,0,,
18.205,0.5000,0.5000,0.5000,0.5000,-0.45,16.92,0.473,,1,0,,
18.238,0.5000,0.5000,0.5000,0.5000,-0.43,16.80,0.474,,1,0,,
18.268,0.5000,0.5000,0.5000,0.5000,-0.42,15.95,0.467,,1,0,,
18.300,0.5000,0.5000,0.5000,0.5000,-0.12,15.79,0.474,,1,0,,
18.332,0.5000,0.5000,0.5000,0.5000,0.02,17.02,0.471,,1,0,,
18.364,0.5000,0.5000,0.5000,0.5000,-0.15,18.84,0.468,,1,0,,
18.396,0.5000,0.5000,0.5000,0.5000,-0.03,18.92,0.464,,1,0,,
18.430,0.5000,0.5000,0.5000,0.5000,0.17,19.08,0.464,,1,0,,
18.460,0.5000,0.5000,0.5000,0.5000,0.15,18.90,0.466,,1,0,,
18.493,0.5000,0.5000,0.5000,0.5000,0.11,19.23,0.465,,1,0,,
18.526,0.5000,0.5000,0.5000,0.5000,0.03,19.10,0.467,,1,0,,
18.573,0.5000,0.5000,0.5000,0.5000,0.27,19.08,0.464,,1,0,,
18.605,0.5000,0.5000,0.5000,0.5000,0.07,18.98,0.464,,1,0,,
18.638,0.5000,0.5000,0.5000,0.5000,0.23,19.25,0.463,,1,0,,
18.670,0.5000,0.5000,0.5000,0.5000,0.28,18.55,0.462,,1,0,,
18.702,0.5000,0.5000,0.5000,0.5000,0.28,18.19,0.463,,1,0,,
18.732,0.5000,0.5000,0.5000,0.5000,0.18,18.50,0.467,,1,0,,
18.764,0.5000,0.5000,0.5000,0.5000,0.26,18.32,0.462,,1,0,,
18.796,0.5000,0.5000,0.5000,0.5000,0.41,17.85,0.463,,1,0,,
18.831,0.5000,0.5000,0.5000,0.5000,0.47,18.16,0.463,,1,0,,
18.863,0.5000,0.5000,0.5000,0.5000,0.31,17.36,0.460,,1,0,,
18.897,0.5000,0.5000,0.5000,0.5000,0.29,17.46,0.458,,1,0,,
18.932,0.5000,0.5000,0.5000,0.5000,0.18,17.75,0.461,,1,0,,
18.967,0.5000,0.5000,0.5000,0.5000,0.18,16.67,0.458,,1,0,,
18.993,0.5000,0.5000,0.5000,0.5000,0.06,17.67,0.455,,1,0,,
19.021,0.5000,0.5000,0.5000,0.5000,0.15,17.76,0.458,,1,0,,
19.053,0.5000,0.5000,0.5000,0.5000,0.06,17.86,0.460,,1,0,,
19.085,0.5000,0.5000,0.5000,0.5000,0.10,17.89,0.459,,1,0,,
19.116,0.5000,0.5000,0.5000,0.5000,0.19,17.91,0.460,,1,0,,
19.165,0.5000,0.5000,0.5000,0.5000,0.01,19.05,0.460,,1,0,,
19.196,0.5000,0.5000,0.5000,0.5000,-0.05,19.18,0.456,,1,0,,
19.228,0.5000,0.5000,0.5000,0.5000,-0.11,19.62,0.459,,1,0,,
19.260,0.5000,0.5000,0.5000,0.5000,-0.03,19.43,0.456,,1,0,,
19.293,0.5000,0.5000,0.5000,0.5000,0.07,19.18,0.457,,1,0,,
19.326,0.5000,0.5000,0.5000,0.5000,0.10,17.92,0.452,,1,0,,
19.359,0.5000,0.5000,0.5000,0.5000,0.04,17.83,0.454,,1,0,,
19.391,0.5000,0.5000,0.5000,0.5000,-0.22,18.02,0.454,,1,0,,
19.420,0.5000,0.5000,0.5000,0.5000,-0.18,17.85,0.457,,1,0,,
19.453,0.5000,0.5000,0.5000,0.5000,-0.20,17.54,0.455,,1,0,,
19.485,0.5000,0.5000,0.5000,0.5000,-0.23,16.75,0.450,,1,0,,
19.517,0.5000,0.5000,0.5000,0.5000,-0.23,17.85,0.435,,1,0,,
19.550,0.5000,0.5000,0.5000,0.5000,-0.29,16.77,0.329,,1,0,,
19.581,0.5000,0.5000,0.5000,0.5000,-0.31,10.02,0.146,,1,0,,
19.615,0.5000,0.5000,0.5000,0.5000,-0.58,7.73,0.091,,1,0,,
19.646,0.5000,0.5000,0.5000,0.5000,-0.32,8.82,0.119,,1,0,,
19.678,0.5000,0.5000,0.5000,0.5000,-0.43,9.16,0.141,,1,0,,
19.726,0.5000,0.5000,0.5000,0.5000,-0.19,9.62,0.190,,1,0,,
19.758,0.5000,0.5000,0.5000,0.5000,-0.39,11.56,0.193,,1,0,,
19.791,0.5000,0.5000,0.5000,0.5000,-0.48,12.34,0.192,,1,0,,
19.822,0.5000,0.5000,0.5000,0.5000,-0.76,12.58,0.200,,1,0,,
19.853,0.5000,0.5000,0.5000,0.5000,-0.57,13.14,0.218,,1,0,,
19.888,0.5000,0.5000,0.5000,0.5000,-0.35,13.07,0.231,,1,0,,
19.916,0.5000,0.5000,0.5000,0.5000,-0.53,13.36,0.233,,1,0,,
19.948,0.5000,0.5000,0.5000,0.5000,-0.52,13.75,0.242,,1,0,,
19.983,0.5000,0.5000,0.5000,0.5000,-0.23,12.68,0.237,,1,0,,
20.014,0.5000,0.5000,0.5000,0.5000,-0.31,13.28,0.249,,1,0,,
20.044,0.5000,0.5000,0.5000,0.5000,-0.24,13.53,0.245,,1,0,,
20.078,0.5000,0.5000,0.5000,0.5000,-0.51,13.19,0.235,,1,0,,
20.109,0.5000,0.5000,0.5000,0.5000,-0.60,13.33,0.247,,1,0,,
20.143,0.5000,0.5000,0.5000,0.5000,-0.63,13.83,0.250,,1,0,,
20.206,0.5000,0.5000,0.5000,0.5000,-0.62,13.63,0.255,,1,0,,
20.238,0.5000,0.5000,0.5000,0.5000,-0.59,14.05,0.255,,1,0,,
20.285,0.5000,0.5000,0.5000,0.5000,-0.58,13.76,0.262,,1,0,,
20.318,0.5000,0.5000,0.5000,0.5000,-0.79,14.21,0.264,,1,0,,
20.344,0.5000,0.5000,0.5000,0.5000,-0.91,14.57,0.265,,1,0,,
20.371,0.5000,0.5000,0.5000,0.5000,-0.81,14.04,0.261,,1,0,,
20.397,0.5000,0.5000,0.5000,0.5000,-0.70,14.38,0.262,,1,0,,
20.425,0.5000,0.5000,0.5000,0.5000,-0.48,14.09,0.264,,1,0,,
20.452,0.5000,0.5000,0.5000,0.5000,-0.36,14.37,0.268,,1,0,,
20.478,0.5000,0.5000,0.5000,0.5000,-0.61,14.51,0.273,,1,0,,
20.510,0.5000,0.5000,0.5000,0.5000,-0.53,15.12,0.273,,1,0,,
20.544,0.5000,0.5000,0.5000,0.5000,-0.51,15.02,0.265,,1,0,,
20.607,0.5000,0.5000,0.5000,0.5000,-0.76,15.12,0.257,,1,0,,
20.638,0.5000,0.5000,0.5000,0.5000,-0.72,15.23,0.264,,1,0,,
20.669,0.5000,0.5000,0.5000,0.5000,-0.71,15.25,0.264,,1,0,,
20.703,0.5000,0.5000,0.5000,0.5000,-0.64,15.05,0.276,,1,0,,
20.733,0.5000,0.5000,0.5000,0.5000,-0.80,15.20,0.271,,1,0,,
20.766,0.5000,0.5000,0.5000,0.5000,-0.52,15.36,0.262,,1,0,,
20.797,0.5000,0.5000,0.5000,0.5000,-0.41,16.22,0.266,,1,0,,
20.844,0.5000,0.5000,0.5000,0.5000,-0.63,16.10,0.270,,1,0,,
20.879,0.5000,0.5000,0.5000,0.5000,-0.53,15.71,0.280,,1,0,,
20.906,0.5000,0.5000,0.5000,0.5000,-0.51,15.80,0.284,,1,0,,
20.930,0.5000,0.5000,0.5000,0.5000,-0.64,15.20,0.280,,1,0,,
20.957,0.5000,0.5000,0.5000,0.5000,-0.42,14.37,0.277,,1,0,,
21.005,0.5000,0.5000,0.5000,0.5000,-0.60,14.44,0.263,,1,0,,
21.037,0.5000,0.5000,0.5000,0.5000,-0.71,14.33,0.272,,1,0,,
21.069,0.5000,0.5000,0.5000,0.5000,-0.58,14.56,0.272,,1,0,,
21.101,0.5000,0.5000,0.5000,0.5000,-0.57,14.35,0.272,,1,0,,
21.134,0.5000,0.5000,0.5000,0.5000,-0.65,14.43,0.260,,1,0,,
21.165,0.5000,0.5000,0.5000,0.5000,-0.50,14.46,0.262,,1,0,,
21.196,0.5000,0.5000,0.5000,0.5000,-0.61,15.06,0.262,,1,0,,
21.229,0.5000,0.5000,0.5000,0.5000,-0.47,15.72,0.267,,1,0,,
21.261,0.5000,0.5000,0.5000,0.5000,-0.44,15.61,0.270,,1,0,,
21.293,0.5000,0.5000,0.5000,0.5000,-0.39,14.46,0.264,,1,0,,
21.327,0.5000,0.5000,0.5000,0.5000,-0.37,14.97,0.264,,1,0,,
21.357,0.5000,0.5000,0.5000,0.5000,-0.58,15.33,0.262,,1,0,,
21.390,0.5000,0.5000,0.5000,0.5000,-0.68,15.07,0.261,,1,0,,
21.438,0.5000,0.5000,0.5000,0.5000,-0.54,14.65,0.261,,1,0,,
21.469,0.5000,0.5000,0.5000,0.5000,-0.38,14.74,0.261,,1,0,,
21.500,0.5000,0.5000,0.5000,0.5000,-0.15,14.74,0.265,,1,0,,
21.533,0.5000,0.5000,0.5000,0.5000,-0.17,15.46,0.272,,1,0,,
21.566,0.5000,0.5000,0.5000,0.5000,-0.23,15.92,0.273,,1,0,,
21.599,0.5000,0.5000,0.5000,0.5000,-0.35,14.72,0.267,,1,0,,
21.632,0.5000,0.5000,0.5000,0.5000,-0.33,15.34,0.274,,1,0,,
21.661,0.5000,0.5000,0.5000,0.5000,-0.33,15.75,0.281,,1,0,,
21.693,0.5000,0.5000,0.5000,0.5000,-0.44,15.77,0.276,,1,0,,
21.727,0.5000,0.5000,0.5000,0.5000,-0.39,16.00,0.280,,1,0,,
21.757,0.5000,0.5000,0.5000,0.5000,-0.32,16.49,0.282,,1,0,,
21.790,0.5000,0.5000,0.5000,0.5000,-0.26,16.58,0.278,,1,0,,
21.821,0.5000,0.5000,0.5000,0.5000,-0.27,16.75,0.281,,1,0,,
21.854,0.5000,0.5000,0.5000,0.5000,-0.18,16.11,0.277,,1,0,,
21.885,0.5000,0.5000,0.5000,0.5000,0.07,16.65,0.274,,1,0,,
21.918,0.5000,0.5000,0.5000,0.5000,0.06,16.51,0.274,,1,0,,
21.948,0.5000,0.5000,0.5000,0.5000,-0.07,15.08,0.274,,1,0,,
21.997,0.5000,0.5000,0.5000,0.5000,-0.17,14.87,0.269,,1,0,,
22.027,0.5000,0.5000,0.5000,0.5000,-0.06,14.51,0.277,,1,0,,
22.061,0.5000,0.5000,0.5000,0.5000,-0.18,14.64,0.281,,1,0,,
22.092,0.5000,0.5000,0.5000,0.5000,-0.06,15.05,0.278,,1,0,,
22.126,0.5000,0.5000,0.5000,0.5000,-0.21,15.19,0.278,,1,0,,
22.158,0.5000,0.5000,0.5000,0.5000,-0.38,15.48,0.272,,1,0,,
22.190,0.5000,0.5000,0.5000,0.5000,-0.38,15.07,0.272,,1,0,,
22.222,0.5000,0.5000,0.5000,0.5000,-0.28,15.24,0.267,,1,0,,
22.254,0.5000,0.5000,0.5000,0.5000,-0.28,15.11,0.270,,1,0,,
22.286,0.5000,0.5000,0.5000,0.5000,-0.24,14.94,0.273,,1,0,,
22.317,0.5000,0.5000,0.5000,0.5000,-0.36,13.40,0.274,,1,0,,
22.350,0.5000,0.5000,0.5000,0.5000,-0.30,15.22,0.277,,1,0,,
22.380,0.5000,0.5000,0.5000,0.5000,-0.03,15.19,0.272,,1,0,,
22.414,0.5000,0.5000,0.5000,0.5000,-0.02,15.02,0.267,,1,0,,
22.445,0.5000,0.5000,0.5000,0.5000,0.00,14.52,0.271,,1,0,,
22.477,0.5000,0.5000,0.5000,0.5000,0.25,13.20,0.264,,1,0,,
22.513,0.5000,0.5000,0.5000,0.5000,0.05,12.63,0.254,,1,0,,
22.558,0.5000,0.5000,0.5000,0.5000,0.08,13.51,0.255,,1,0,,
22.590,0.5000,0.5000,0.5000,0.5000,0.12,14.60,0.257,,1,0,,
22.623,0.5000,0.5000,0.5000,0.5000,0.25,15.15,0.266,,1,0,,
22.653,0.5000,0.5000,0.5000,0.5000,0.38,15.75,0.273,,1,0,,
22.687,0.5000,0.5000,0.5000,0.5000,0.44,14.98,0.275,,1,0,,
22.719,0.5000,0.5000,0.5000,0.5000,0.47,15.26,0.280,,1,0,,
22.749,0.5000,0.5000,0.5000,0.5000,0.34,15.09,0.285,,1,0,,
22.783,0.5000,0.5000,0.5000,0.5000,0.40,15.67,0.290,,1,0,,
22.814,0.5000,0.5000,0.5000,0.5000,0.31,15.39,0.293,,1,0,,
22.844,0.5000,0.5000,0.5000,0.5000,0.24,15.78,0.297,,1,0,,
22.877,0.5000,0.5000,0.5000,0.5000,0.18,16.25,0.300,,1,0,,
22.909,0.5000,0.5000,0.5000,0.5000,0.23,16.35,0.299,,1,0,,
22.941,0.5000,0.5000,0.5000,0.5000,0.35,16.51,0.298,,1,0,,
23.007,0.5000,0.5000,0.5000,0.5000,0.40,17.15,0.305,,1,0,,
23.037,0.5000,0.5000,0.5000,0.5000,0.39,17.85,0.305,,1,0,,
23.068,0.5000,0.5000,0.5000,0.5000,0.29,17.32,0.301,,1,0,,
23.118,0.5000,0.5000,0.5000,0.5000,0.37,17.25,0.311,,1,0,,
23.150,0.5000,0.5000,0.5000,0.5000,0.51,17.34,0.315,,1,0,,
23.176,0.5000,0.5000,0.5000,0.5000,0.58,17.71,0.314,,1,0,,
23.202,0.5000,0.5000,0.5000,0.5000,0.38,17.96,0.319,,1,0,,
23.228,0.5000,0.5000,0.5000,0.5000,0.45,18.06,0.320,,1,0,,
23.256,0.5000,0.5000,0.5000,0.5000,0.43,18.36,0.319,,1,0,,
23.282,0.5000,0.5000,0.5000,0.5000,0.32,17.99,0.317,,1,0,,
23.308,0.5000,0.5000,0.5000,0.5000,0.36,17.39,0.307,,1,0,,
23.341,0.5000,0.5000,0.5000,0.5000,0.52,16.48,0.303,,1,0,,
23.405,0.5000,0.5000,0.5000,0.5000,0.09,16.57,0.307,,1,0,,
23.436,0.5000,0.5000,0.5000,0.5000,0.24,16.53,0.305,,1,0,,
23.469,0.5000,0.5000,0.5000,0.5000,0.35,16.18,0.305,,1,0,,
23.501,0.5000,0.5000,0.5000,0.5000,0.40,16.19,0.304,,1,0,,
23.532,0.5000,0.5000,0.5000,0.5000,0.29,16.07,0.307,,1,0,,
23.563,0.5000,0.5000,0.5000,0.5000,0.26,16.41,0.308,,1,0,,
23.597,0.5000,0.5000,0.5000,0.5000,0.35,16.46,0.308,,1,0,,
23.628,0.5000,0.5000,0.5000,0.5000,0.26,16.64,0.311,,1,0,,
23.660,0.5000,0.5000,0.5000,0.5000,0.27,16.91,0.308,,1,0,,
23.711,0.5000,0.5000,0.5000,0.5000,0.13,16.92,0.311,,1,0,,
23.741,0.5000,0.5000,0.5000,0.5000,0.07,17.48,0.308,,1,0,,
23.766,0.5000,0.5000,0.5000,0.5000,-0.02,17.67,0.308,,1,0,,
23.805,0.5000,0.5000,0.5000,0.5000,-0.12,17.11,0.310,,1,0,,
23.837,0.5000,0.5000,0.5000,0.5000,-0.04,17.11,0.313,,1,0,,
23.869,0.5000,0.5000,0.5000,0.5000,0.08,16.28,0.311,,1,0,,
23.904,0.5000,0.5000,0.5000,0.5000,-0.10,17.79,0.313,,1,0,,
23.933,0.5000,0.5000,0.5000,0.5000,-0.15,17.62,0.310,,1,0,,
23.967,0.5000,0.5000,0.5000,0.5000,-0.30,17.70,0.311,,1,0,,
23.996,0.5000,0.5000,0.5000,0.5000,-0.24,17.59,0.316,,1,0,,
24.029,0.5000,0.5000,0.5000,0.5000,-0.05,17.38,0.315,,1,0,,
24.061,0.5000,0.5000,0.5000,0.5000,-0.00,16.79,0.319,,1,0,,
24.093,0.5000,0.5000,0.5000,0.5000,0.20,15.73,0.323,,1,0,,
24.126,0.5000,0.5000,0.5000,0.5000,0.23,15.72,0.322,,1,0,,
24.157,0.5000,0.5000,0.5000,0.5000,0.24,16.03,0.317,,1,0,,
24.191,0.5000,0.5000,0.5000,0.5000,0.23,15.51,0.326,,1,0,,
24.222,0.5000,0.5000,0.5000,0.5000,0.18,15.62,0.316,,1,0,,
24.267,0.5000,0.5000,0.5000,0.5000,0.34,15.75,0.306,,1,0,,
24.300,0.5000,0.5000,0.5000,0.5000,0.24,15.87,0.311,,1,0,,
24.332,0.5000,0.5000,0.5000,0.5000,0.13,16.14,0.313,,1,0,,
24.364,0.5000,0.5000,0.5000,0.5000,0.01,17.08,0.316,,1,0,,
24.396,0.5000,0.5000,0.5000,0.5000,0.18,16.75,0.315,,1,0,,
24.428,0.5000,0.5000,0.5000,0.5000,0.25,16.75,0.319,,1,0,,
24.462,0.5000,0.5000,0.5000,0.5000,0.58,16.66,0.317,,1,0,,
24.492,0.5000,0.5000,0.5000,0.5000,0.37,16.74,0.315,,1,0,,
24.525,0.5000,0.5000,0.5000,0.5000,0.28,15.84,0.319,,1,0,,
24.558,0.5000,0.5000,0.5000,0.5000,0.27,15.00,0.314,,1,0,,
24.589,0.5000,0.5000,0.5000,0.5000,0.28,16.10,0.320,,1,0,,
24.622,0.5000,0.5000,0.5000,0.5000,0.39,16.37,0.312,,1,0,,
24.654,0.5000,0.5000,0.5000,0.5000,-0.02,16.06,0.312,,1,0,,
24.685,0.5000,0.5000,0.5000,0.5000,-0.06,15.65,0.315,,1,0,,
24.718,0.5000,0.5000,0.5000,0.5000,-0.07,15.88,0.317,,1,0,,
24.749,0.5000,0.5000,0.5000,0.5000,-0.01,15.46,0.318,,1,0,,
24.781,0.5000,0.5000,0.5000,0.5000,-0.04,14.79,0.319,,1,0,,
24.829,0.5000,0.5000,0.5000,0.5000,0.03,14.66,0.317,,1,0,,
24.861,0.5000,0.5000,0.5000,0.5000,0.02,14.67,0.319,,1,0,,
24.894,0.5000,0.5000,0.5000,0.5000,0.07,14.90,0.322,,1,0,,
24.925,0.5000,0.5000,0.5000,0.5000,0.01,15.87,0.313,,1,0,,
24.958,0.5000,0.5000,0.5000,0.5000,0.03,15.63,0.312,,1,0,,
24.990,0.5000,0.5000,0.5000,0.5000,0.11,14.89,0.313,,1,0,,
25.021,0.5000,0.5000,0.5000,0.5000,0.06,14.97,0.312,,1,0,,
25.053,0.5000,0.5000,0.5000,0.5000,0.06,15.24,0.315,,1,0,,
25.085,0.5000,0.5000,0.5000,0.5000,0.20,15.32,0.317,,1,0,,
25.115,0.5000,0.5000,0.5000,0.5000,0.18,14.64,0.313,,1,0,,
25.149,0.5000,0.5000,0.5000,0.5000,0.08,16.36,0.316,,1,0,,
25.180,0.5000,0.5000,0.5000,0.5000,0.17,16.31,0.316,,1,0,,
25.214,0.5000,0.5000,0.5000,0.5000,0.18,16.32,0.318,,1,0,,
25.245,0.5000,0.5000,0.5000,0.5000,0.11,17.24,0.317,,1,0,,
25.277,0.5000,0.5000,0.5000,0.5000,0.06,16.55,0.319,,1,0,,
25.310,0.5000,0.5000,0.5000,0.5000,0.11,16.53,0.321,,1,0,,
25.341,0.5000,0.5000,0.5000,0.5000,0.15,16.10,0.333,,1,0,,
25.424,0.5000,0.5000,0.5000,0.5000,-0.21,16.13,0.332,,1,0,,
25.449,0.5000,0.5000,0.5000,0.5000,-0.27,16.20,0.332,,1,0,,
25.475,0.5000,0.5000,0.5000,0.5000,-0.09,16.84,0.332,,1,0,,
25.501,0.5000,0.5000,0.5000,0.5000,-0.08,16.43,0.334,,1,0,,
25.526,0.5000,0.5000,0.5000,0.5000,-0.10,16.15,0.334,,1,0,,
25.554,0.5000,0.5000,0.5000,0.5000,-0.00,16.43,0.335,,1,0,,
25.581,0.5000,0.5000,0.5000,0.5000,-0.19,16.66,0.323,,1,0,,
25.612,0.5000,0.5000,0.5000,0.5000,-0.40,16.46,0.349,,1,0,,
25.644,0.5000,0.5000,0.5000,0.5000,-0.70,17.35,0.400,,1,0,,
25.677,0.5000,0.5000,0.5000,0.5000,-0.89,17.78,0.416,,1,0,,
25.711,0.5000,0.5000,0.5000,0.5000,-0.96,17.77,0.441,,1,0,,
25.742,0.5000,0.5000,0.5000,0.5000,-0.76,17.63,0.434,,1,0,,
25.806,0.5000,0.5000,0.5000,0.5000,-0.78,17.52,0.440,,1,0,,
25.839,0.5000,0.5000,0.5000,0.5000,-1.09,16.56,0.446,,1,0,,
25.869,0.5000,0.5000,0.5000,0.5000,-1.03,17.10,0.447,,1,0,,
25.903,0.5000,0.5000,0.5000,0.5000,-1.12,17.63,0.455,,1,0,,
25.933,0.5000,0.5000,0.5000,0.5000,-1.22,17.30,0.459,,1,0,,
25.982,0.5000,0.5000,0.5000,0.5000,-1.28,17.07,0.460,,1,0,,
26.014,0.5000,0.5000,0.5000,0.5000,-1.31,17.57,0.462,,1,0,,
26.041,0.5000,0.5000,0.5000,0.5000,-1.35,17.90,0.464,,1,0,,
26.065,0.5000,0.5000,0.5000,0.5000,-1.37,17.76,0.464,,1,0,,
26.091,0.5000,0.5000,0.5000,0.5000,-1.44,18.09,0.465,,1,0,,
26.117,0.5000,0.5000,0.5000,0.5000,-1.39,18.18,0.462,,1,0,,
26.144,0.5000,0.5000,0.5000,0.5000,-1.53,18.11,0.467,,1,0,,
26.208,0.5000,0.5000,0.5000,0.5000,-1.70,16.56,0.465,,1,0,,
26.238,0.5000,0.5000,0.5000,0.5000,-1.65,16.89,0.468,,1,0,,
26.269,0.5000,0.5000,0.5000,0.5000,-1.78,15.97,0.465,,1,0,,
26.300,0.5000,0.5000,0.5000,0.5000,-1.97,16.48,0.466,,1,0,,
26.331,0.5000,0.5000,0.5000,0.5000,-1.94,16.61,0.468,,1,0,,
26.365,0.5000,0.5000,0.5000,0.5000,-1.89,16.50,0.466,,1,0,,
26.396,0.5000,0.5000,0.5000,0.5000,-2.01,16.41,0.465,,1,0,,
26.429,0.5000,0.5000,0.5000,0.5000,-2.02,16.36,0.466,,1,0,,
26.460,0.5000,0.5000,0.5000,0.5000,-2.11,16.60,0.467,,1,0,,
26.495,0.5000,0.5000,0.5000,0.5000,-2.14,16.02,0.461,,1,0,,
26.542,0.5000,0.5000,0.5000,0.5000,-2.21,15.83,0.457,,1,0,,
26.574,0.5000,0.5000,0.5000,0.5000,-2.16,15.86,0.457,,1,0,,
26.606,0.5000,0.5000,0.5000,0.5000,-2.17,15.77,0.459,,1,0,,
26.635,0.5000,0.5000,0.5000,0.5000,-2.17,15.86,0.456,,1,0,,
26.669,0.5000,0.5000,0.5000,0.5000,-1.88,15.76,0.456,,1,0,,
26.703,0.5000,0.5000,0.5000,0.5000,-2.00,15.75,0.453,,1,0,,
26.733,0.5000,0.5000,0.5000,0.5000,-2.04,15.83,0.454,,1,0,,
26.764,0.5000,0.5000,0.5000,0.5000,-2.25,17.09,0.453,,1,0,,
26.796,0.5000,0.5000,0.5000,0.5000,-2.22,16.92,0.456,,1,0,,
26.829,0.5000,0.5000,0.5000,0.5000,-2.17,16.63,0.457,,1,0,,
26.861,0.5000,0.5000,0.5000,0.5000,-2.11,16.48,0.455,,1,0,,
26.892,0.5000,0.5000,0.5000,0.5000,-2.11,16.46,0.458,,1,0,,
26.924,0.5000,0.5000,0.5000,0.5000,-2.15,17.06,0.457,,1,0,,
26.957,0.5000,0.5000,0.5000,0.5000,-2.14,17.06,0.458,,1,0,,
26.989,0.5000,0.5000,0.5000,0.5000,-1.79,17.16,0.452,,1,0,,
27.020,0.5000,0.5000,0.5000,0.5000,-1.47,17.22,0.455,,1,0,,
27.053,0.5000,0.5000,0.5000,0.5000,-1.13,17.20,0.447,,1,0,,
27.101,0.5000,0.5000,0.5000,0.5000,-1.25,17.45,0.449,,1,0,,
27.132,0.5000,0.5000,0.5000,0.5000,-0.93,17.50,0.450,,1,0,,
27.166,0.5000,0.5000,0.5000,0.5000,-1.16,17.93,0.452,,1,0,,
27.198,0.5000,0.5000,0.5000,0.5000,-0.76,17.60,0.451,,1,0,,
27.229,0.5000,0.5000,0.5000,0.5000,-0.87,17.36,0.449,,1,0,,
27.260,0.5000,0.5000,0.5000,0.5000,-0.95,17.06,0.452,,1,0,,
27.293,0.5000,0.5000,0.5000,0.5000,-1.11,17.35,0.454,,1,0,,
27.325,0.5000,0.5000,0.5000,0.5000,-1.27,17.08,0.452,,1,0,,
27.357,0.5000,0.5000,0.5000,0.5000,-1.31,16.95,0.453,,1,0,,
27.390,0.5000,0.5000,0.5000,0.5000,-1.16,16.96,0.454,,1,0,,
27.421,0.5000,0.5000,0.5000,0.5000,-1.17,16.79,0.451,,1,0,,
27.453,0.5000,0.5000,0.5000,0.5000,-0.93,17.43,0.448,,1,0,,
27.484,0.5000,0.5000,0.5000,0.5000,-0.90,17.93,0.449,,1,0,,
27.516,0.5000,0.5000,0.5000,0.5000,-0.85,17.03,0.452,,1,0,,
27.549,0.5000,0.5000,0.5000,0.5000,-0.93,17.82,0.451,,1,0,,
27.581,0.5000,0.5000,0.5000,0.5000,-0.97,17.38,0.456,,1,0,,
27.612,0.5000,0.5000,0.5000,0.5000,-1.02,16.15,0.446,,1,0,,
27.644,0.5000,0.5000,0.5000,0.5000,-0.99,16.29,0.449,,1,0,,
27.692,0.5000,0.5000,0.5000,0.5000,-0.86,16.78,0.446,,1,0,,
27.726,0.5000,0.5000,0.5000,0.5000,-0.78,16.50,0.437,,1,0,,
27.757,0.5000,0.5000,0.5000,0.5000,-0.99,16.91,0.442,,1,0,,
27.788,0.5000,0.5000,0.5000,0.5000,-0.90,17.31,0.444,,1,0,,
27.823,0.5000,0.5000,0.5000,0.5000,-0.87,18.02,0.442,,1,0,,
27.853,0.5000,0.5000,0.5000,0.5000,-0.75,18.87,0.442,,1,0,,
27.886,0.5000,0.5000,0.5000,0.5000,-0.75,18.89,0.442,,1,0,,
27.918,0.5000,0.5000,0.5000,0.5000,-0.84,18.25,0.447,,1,0,,
27.949,0.5000,0.5000,0.5000,0.5000,-0.85,18.32,0.450,,1,0,,
27.980,0.5000,0.5000,0.5000,0.5000,-0.91,18.17,0.447,,1,0,,
28.012,0.5000,0.5000,0.5000,0.5000,-1.00,18.32,0.448,,1,0,,
28.044,0.5000,0.5000,0.5000,0.5000,-0.95,18.47,0.445,,1,0,,
28.078,0.5000,0.5000,0.5000,0.5000,-1.18,18.18,0.448,,1,0,,
28.109,0.5000,0.5000,0.5000,0.5000,-1.15,18.12,0.449,,1,0,,
28.140,0.5000,0.5000,0.5000,0.5000,-1.32,17.78,0.446,,1,0,,
28.208,0.5000,0.5000,0.5000,0.5000,-1.17,18.04,0.449,,1,0,,
28.254,0.5000,0.5000,0.5000,0.5000,-1.07,16.61,0.446,,1,0,,
28.285,0.5000,0.5000,0.5000,0.5000,-1.02,16.74,0.446,,1,0,,
28.310,0.5000,0.5000,0.5000,0.5000,-1.00,16.80,0.445,,1,0,,
28.337,0.5000,0.5000,0.5000,0.5000,-1.00,16.89,0.444,,1,0,,
28.362,0.5000,0.5000,0.5000,0.5000,-1.11,16.70,0.441,,1,0,,
28.389,0.5000,0.5000,0.5000,0.5000,-1.16,15.92,0.442,,1,0,,
28.416,0.5000,0.5000,0.5000,0.5000,-1.16,15.90,0.442,,1,0,,
28.445,0.5000,0.5000,0.5000,0.5000,-1.16,16.48,0.443,,1,0,,
28.477,0.5000,0.5000,0.5000,0.5000,-1.28,17.70,0.445,,1,0,,
28.509,0.5000,0.5000,0.5000,0.5000,-1.32,17.97,0.445,,1,0,,
28.541,0.5000,0.5000,0.5000,0.5000,-1.31,17.94,0.442,,1,0,,
28.607,0.5000,0.5000,0.5000,0.5000,-1.46,17.94,0.413,,1,0,,
28.638,0.5000,0.5000,0.5000,0.5000,-1.40,17.76,0.404,,1,0,,
28.669,0.5000,0.5000,0.5000,0.5000,-1.39,17.52,0.393,,1,0,,
28.703,0.5000,0.5000,0.5000,0.5000,-1.52,17.07,0.388,,1,0,,
28.734,0.5000,0.5000,0.5000,0.5000,-1.62,17.18,0.390,,1,0,,
28.765,0.5000,0.5000,0.5000,0.5000,-1.50,17.01,0.389,,1,0,,
28.813,0.5000,0.5000,0.5000,0.5000,-1.53,16.00,0.388,,1,0,,
28.844,0.5000,0.5000,0.5000,0.5000,-1.43,15.79,0.394,,1,0,,
28.872,0.5000,0.5000,0.5000,0.5000,-1.34,15.67,0.396,,1,0,,
28.897,0.5000,0.5000,0.5000,0.5000,-1.30,15.44,0.397,,1,0,,
28.922,0.5000,0.5000,0.5000,0.5000,-1.28,15.44,0.394,,1,0,,
28.949,0.5000,0.5000,0.5000,0.5000,-1.32,15.49,0.395,,1,0,,
29.004,0.5000,0.5000,0.5000,0.5000,-1.19,16.15,0.398,,1,0,,
29.036,0.5000,0.5000,0.5000,0.5000,-1.21,15.81,0.397,,1,0,,
29.068,0.5000,0.5000,0.5000,0.5000,-1.28,16.30,0.398,,1,0,,
29.102,0.5000,0.5000,0.5000,0.5000,-1.31,16.03,0.396,,1,0,,
29.137,0.5000,0.5000,0.5000,0.5000,-1.36,16.07,0.397,,1,0,,
29.164,0.5000,0.5000,0.5000,0.5000,-1.38,16.22,0.396,,1,0,,
29.196,0.5000,0.5000,0.5000,0.5000,-1.38,15.79,0.395,,1,0,,
29.229,0.5000,0.5000,0.5000,0.5000,-1.67,16.15,0.393,,1,0,,
29.261,0.5000,0.5000,0.5000,0.5000,-1.58,16.33,0.392,,1,0,,
29.294,0.5000,0.5000,0.5000,0.5000,-1.54,16.28,0.393,,1,0,,
29.325,0.5000,0.5000,0.5000,0.5000,-1.45,16.30,0.393,,1,0,,
29.373,0.5000,0.5000,0.5000,0.5000,-1.67,16.30,0.387,,1,0,,
29.405,0.5000,0.5000,0.5000,0.5000,-1.51,16.21,0.388,,1,0,,
29.437,0.5000,0.5000,0.5000,0.5000,-1.41,16.14,0.392,,1,0,,
29.471,0.5000,0.5000,0.5000,0.5000,-1.41,16.03,0.393,,1,0,,
29.502,0.5000,0.5000,0.5000,0.5000,-1.33,16.83,0.396,,1,0,,
29.534,0.5000,0.5000,0.5000,0.5000,-1.32,16.46,0.394,,1,0,,
29.564,0.5000,0.5000,0.5000,0.5000,-1.34,15.89,0.393,,1,0,,
29.597,0.5000,0.5000,0.5000,0.5000,-1.29,15.88,0.396,,1,0,,
29.629,0.5000,0.5000,0.5000,0.5000,-1.35,16.22,0.394,,1,0,,
29.661,0.5000,0.5000,0.5000,0.5000,-1.39,16.68,0.394,,1,0,,
29.693,0.5000,0.5000,0.5000,0.5000,-1.50,15.58,0.394,,1,0,,
29.725,0.5000,0.5000,0.5000,0.5000,-1.38,17.24,0.395,,1,0,,
29.756,0.5000,0.5000,0.5000,0.5000,-1.31,17.00,0.397,,1,0,,
29.791,0.5000,0.5000,0.5000,0.5000,-1.45,16.55,0.399,,1,0,,
29.823,0.5000,0.5000,0.5000,0.5000,-1.53,17.12,0.395,,1,0,,
29.852,0.5000,0.5000,0.5000,0.5000,-1.60,17.04,0.391,,1,0,,
29.886,0.5000,0.5000,0.5000,0.5000,-1.66,17.13,0.390,,1,0,,
29.916,0.5000,0.5000,0.5000,0.5000,-1.58,17.21,0.389,,1,0,,
29.966,0.5000,0.5000,0.5000,0.5000,-1.38,17.99,0.389,,1,0,,
29.996,0.5000,0.5000,0.5000,0.5000,-1.11,17.92,0.389,,1,0,,
30.029,0.5000,0.5000,0.5000,0.5000,-1.12,18.83,0.387,,1,0,,
30.061,0.5000,0.5000,0.5000,0.5000,-1.29,20.13,0.392,,1,0,,
30.093,0.5000,0.5000,0.5000,0.5000,-1.33,20.50,0.393,,1,0,,
30.127,0.5000,0.5000,0.5000,0.5000,-1.23,20.30,0.392,,1,0,,
30.156,0.5000,0.5000,0.5000,0.5000,-1.44,20.52,0.393,,1,0,,
30.189,0.5000,0.5000,0.5000,0.5000,-1.25,20.62,0.397,,1,0,,
30.222,0.5000,0.5000,0.5000,0.5000,-1.37,20.43,0.399,,1,0,,
30.253,0.5000,0.5000,0.5000,0.5000,-1.48,20.72,0.399,,1,0,,
30.285,0.5000,0.5000,0.5000,0.5000,-1.43,20.67,0.400,,1,0,,
30.317,0.5000,0.5000,0.5000,0.5000,-1.42,20.57,0.400,,1,0,,
30.349,0.5000,0.5000,0.5000,0.5000,-1.46,20.68,0.398,,1,0,,
30.380,0.5000,0.5000,0.5000,0.5000,-1.50,20.47,0.405,,1,0,,
30.412,0.5000,0.5000,0.5000,0.5000,-1.64,20.77,0.407,,1,0,,
30.445,0.5000,0.5000,0.5000,0.5000,-1.65,20.13,0.400,,1,0,,
30.476,0.5000,0.5000,0.5000,0.5000,-1.84,21.55,0.398,,1,0,,
30.526,0.5000,0.5000,0.5000,0.5000,-2.27,20.72,0.395,,1,0,,
30.562,0.5000,0.5000,0.5000,0.5000,-1.91,20.58,0.390,,1,0,,
30.598,0.5000,0.5000,0.5000,0.5000,-2.29,20.07,0.393,,1,0,,
30.632,0.5000,0.5000,0.5000,0.5000,-2.50,19.94,0.394,,1,0,,
30.657,0.5000,0.5000,0.5000,0.5000,-2.52,20.38,0.396,,1,0,,
30.685,0.5000,0.5000,0.5000,0.5000,-2.10,19.33,0.400,,1,0,,
30.718,0.5000,0.5000,0.5000,0.5000,-2.24,20.19,0.401,,1,0,,
30.748,0.5000,0.5000,0.5000,0.5000,-2.70,19.39,0.400,,1,0,,
30.781,0.5000,0.5000,0.5000,0.5000,-2.54,17.75,0.401,,1,0,,
30.815,0.5000,0.5000,0.5000,0.5000,-2.85,14.14,0.397,,1,0,,
30.845,0.5000,0.5000,0.5000,0.5000,-2.67,14.31,0.403,,1,0,,
30.877,0.5000,0.5000,0.5000,0.5000,-2.70,14.84,0.406,,1,0,,
30.907,0.5000,0.5000,0.5000,0.5000,-2.55,13.65,0.404,,1,0,,
30.941,0.5000,0.5000,0.5000,0.5000,-2.67,14.96,0.405,,1,0,,
31.005,0.5000,0.5000,0.5000,0.5000,-2.70,13.98,0.399,,1,0,,
31.037,0.5000,0.5000,0.5000,0.5000,-2.70,14.63,0.402,,1,0,,
31.084,0.5000,0.5000,0.5000,0.5000,-2.44,14.48,0.403,,1,0,,
31.117,0.5000,0.5000,0.5000,0.5000,-2.56,14.77,0.395,,1,0,,
31.142,0.5000,0.5000,0.5000,0.5000,-2.72,14.97,0.388,,1,0,,
31.169,0.5000,0.5000,0.5000,0.5000,-2.71,15.08,0.388,,1,0,,
31.193,0.5000,0.5000,0.5000,0.5000,-2.68,15.03,0.387,,1,0,,
31.222,0.5000,0.5000,0.5000,0.5000,-2.56,14.74,0.387,,1,0,,
31.247,0.5000,0.5000,0.5000,0.5000,-2.70,14.08,0.387,,1,0,,
31.277,0.5000,0.5000,0.5000,0.5000,-2.50,13.62,0.387,,1,0,,
31.309,0.5000,0.5000,0.5000,0.5000,-2.31,14.35,0.388,,1,0,,
31.341,0.5000,0.5000,0.5000,0.5000,-2.23,14.73,0.386,,1,0,,
31.407,0.5000,0.5000,0.5000,0.5000,-2.29,14.51,0.386,,1,0,,
31.440,0.5000,0.5000,0.5000,0.5000,-2.40,14.16,0.388,,1,0,,
31.470,0.5000,0.5000,0.5000,0.5000,-2.34,14.73,0.389,,1,0,,
31.500,0.5000,0.5000,0.5000,0.5000,-2.23,14.52,0.390,,1,0,,
31.532,0.5000,0.5000,0.5000,0.5000,-2.22,15.19,0.389,,1,0,,
31.564,0.5000,0.5000,0.5000,0.5000,-2.23,14.74,0.390,,1,0,,
31.596,0.5000,0.5000,0.5000,0.5000,-1.82,15.17,0.395,,1,0,,
31.643,0.5000,0.5000,0.5000,0.5000,-2.53,14.44,0.397,,1,0,,
31.675,0.5000,0.5000,0.5000,0.5000,-2.41,15.16,0.395,,1,0,,
31.703,0.5000,0.5000,0.5000,0.5000,-2.37,15.51,0.394,,1,0,,
31.732,0.5000,0.5000,0.5000,0.5000,-2.32,15.35,0.392,,1,0,,
31.755,0.5000,0.5000,0.5000,0.5000,-2.26,15.86,0.392,,1,0,,
31.807,0.5000,0.5000,0.5000,0.5000,-1.73,15.33,0.298,,1,0,,
31.836,0.5000,0.5000,0.5000,0.5000,-1.62,15.70,0.287,,1,0,,
31.869,0.5000,0.5000,0.5000,0.5000,-1.45,14.60,0.297,,1,0,,
31.902,0.5000,0.5000,0.5000,0.5000,-1.43,14.81,0.302,,1,0,,
31.934,0.5000,0.5000,0.5000,0.5000,-1.47,15.86,0.313,,1,0,,
31.965,0.5000,0.5000,0.5000,0.5000,-1.30,16.31,0.324,,1,0,,
31.998,0.5000,0.5000,0.5000,0.5000,-1.23,15.72,0.328,,1,0,,
32.030,0.5000,0.5000,0.5000,0.5000,-1.24,15.92,0.340,,1,0,,
32.060,0.5000,0.5000,0.5000,0.5000,-1.36,16.97,0.345,,1,0,,
32.091,0.5000,0.5000,0.5000,0.5000,-1.31,15.65,0.357,,1,0,,
32.124,0.5000,0.5000,0.5000,0.5000,-1.34,15.55,0.369,,1,0,,
32.157,0.5000,0.5000,0.5000,0.5000,-1.40,15.59,0.372,,1,0,,
32.189,0.5000,0.5000,0.5000,0.5000,-1.34,16.57,0.378,,1,0,,
32.237,0.5000,0.5000,0.5000,0.5000,-1.40,16.92,0.381,,1,0,,
32.268,0.5000,0.5000,0.5000,0.5000,-1.56,15.92,0.387,,1,0,,
32.301,0.5000,0.5000,0.5000,0.5000,-1.53,15.51,0.393,,1,0,,
32.334,0.5000,0.5000,0.5000,0.5000,-1.22,15.09,0.393,,1,0,,
32.365,0.5000,0.5000,0.5000,0.5000,-1.21,15.22,0.394,,1,0,,
32.397,0.5000,0.5000,0.5000,0.5000,-1.19,15.84,0.394,,1,0,,
32.430,0.5000,0.5000,0.5000,0.5000,-1.30,15.95,0.394,,1,0,,
32.461,0.5000,0.5000,0.5000,0.5000,-1.35,15.93,0.396,,1,0,,
32.492,0.5000,0.5000,0.5000,0.5000,-1.37,16.08,0.394,,1,0,,
32.524,0.5000,0.5000,0.5000,0.5000,-1.36,16.69,0.391,,1,0,,
32.557,0.5000,0.5000,0.5000,0.5000,-1.33,16.67,0.394,,1,0,,
32.589,0.5000,0.5000,0.5000,0.5000,-1.29,16.71,0.391,,1,0,,
32.621,0.5000,0.5000,0.5000,0.5000,-1.49,17.30,0.394,,1,0,,
32.656,0.5000,0.5000,0.5000,0.5000,-1.59,17.26,0.398,,1,0,,
32.685,0.5000,0.5000,0.5000,0.5000,-1.47,17.45,0.399,,1,0,,
32.718,0.5000,0.5000,0.5000,0.5000,-1.25,17.54,0.398,,1,0,,
32.749,0.5000,0.5000,0.5000,0.5000,-1.26,17.85,0.398,,1,0,,
32.798,0.5000,0.5000,0.5000,0.5000,-1.29,17.51,0.397,,1,0,,
32.829,0.5000,0.5000,0.5000,0.5000,-1.34,17.24,0.400,,1,0,,
32.861,0.5000,0.5000,0.5000,0.5000,-1.36,16.88,0.400,,1,0,,
32.895,0.5000,0.5000,0.5000,0.5000,-1.35,16.44,0.399,,1,0,,
32.924,0.5000,0.5000,0.5000,0.5000,-1.26,16.51,0.399,,1,0,,
32.958,0.5000,0.5000,0.5000,0.5000,-1.23,16.67,0.402,,1,0,,
32.990,0.5000,0.5000,0.5000,0.5000,-1.20,16.63,0.403,,1,0,,
33.021,0.5000,0.5000,0.5000,0.5000,-1.28,16.06,0.402,,1,0,,
33.053,0.5000,0.5000,0.5000,0.5000,-1.38,16.37,0.402,,1,0,,
33.086,0.5000,0.5000,0.5000,0.5000,-1.13,16.42,0.400,,1,0,,
33.116,0.5000,0.5000,0.5000,0.5000,-1.12,16.37,0.402,,1,0,,
33.149,0.5000,0.5000,0.5000,0.5000,-1.05,16.42,0.401,,1,0,,
33.182,0.5000,0.5000,0.5000,0.5000,-1.38,17.11,0.402,,1,0,,
33.214,0.5000,0.5000,0.5000,0.5000,-1.30,17.52,0.395,,1,0,,
33.244,0.5000,0.5000,0.5000,0.5000,-1.26,17.43,0.397,,1,0,,
33.277,0.5000,0.5000,0.5000,0.5000,-1.27,17.59,0.397,,1,0,,
33.310,0.5000,0.5000,0.5000,0.5000,-1.23,17.40,0.401,,1,0,,
33.358,0.5000,0.5000,0.5000,0.5000,-1.35,16.97,0.401,,1,0,,
33.389,0.5000,0.5000,0.5000,0.5000,-1.41,16.69,0.400,,1,0,,
33.421,0.5000,0.5000,0.5000,0.5000,-1.42,16.46,0.404,,1,0,,
33.452,0.5000,0.5000,0.5000,0.5000,-1.42,15.71,0.401,,1,0,,
33.486,0.5000,0.5000,0.5000,0.5000,-1.40,16.68,0.399,,1,0,,
33.517,0.5000,0.5000,0.5000,0.5000,-1.47,16.73,0.399,,1,0,,
33.549,0.5000,0.5000,0.5000,0.5000,-1.37,16.34,0.405,,1,0,,
33.581,0.5000,0.5000,0.5000,0.5000,-1.32,17.45,0.403,,1,0,,
33.613,0.5000,0.5000,0.5000,0.5000,-1.41,17.06,0.402,,1,0,,
33.645,0.5000,0.5000,0.5000,0.5000,-1.42,17.04,0.402,,1,0,,
33.676,0.5000,0.5000,0.5000,0.5000,-1.49,16.28,0.398,,1,0,,
33.710,0.5000,0.5000,0.5000,0.5000,-1.45,16.44,0.399,,1,0,,
33.740,0.5000,0.5000,0.5000,0.5000,-1.52,16.55,0.399,,1,0,,
33.803,0.5000,0.5000,0.5000,0.5000,-1.47,16.21,0.404,,1,0,,
33.837,0.5000,0.5000,0.5000,0.5000,-1.50,16.70,0.405,,1,0,,
33.869,0.5000,0.5000,0.5000,0.5000,-1.52,17.29,0.406,,1,0,,
33.917,0.5000,0.5000,0.5000,0.5000,-1.28,16.76,0.403,,1,0,,
33.949,0.5000,0.5000,0.5000,0.5000,-1.08,17.42,0.403,,1,0,,
33.974,0.5000,0.5000,0.5000,0.5000,-1.03,17.41,0.402,,1,0,,
34.001,0.5000,0.5000,0.5000,0.5000,-1.08,17.27,0.403,,1,0,,
34.025,0.5000,0.5000,0.5000,0.5000,-1.08,17.06,0.397,,1,0,,
34.051,0.5000,0.5000,0.5000,0.5000,-0.99,16.44,0.401,,1,0,,
34.077,0.5000,0.5000,0.5000,0.5000,-1.05,16.54,0.400,,1,0,,
34.110,0.5000,0.5000,0.5000,0.5000,-1.01,16.29,0.395,,1,0,,
34.141,0.5000,0.5000,0.5000,0.5000,-0.97,15.85,0.397,,1,0,,
34.207,0.5000,0.5000,0.5000,0.5000,-1.08,16.25,0.397,,1,0,,
34.238,0.5000,0.5000,0.5000,0.5000,-0.98,15.99,0.397,,1,0,,
34.271,0.5000,0.5000,0.5000,0.5000,-1.03,16.38,0.398,,1,0,,
34.301,0.5000,0.5000,0.5000,0.5000,-1.06,16.18,0.398,,1,0,,
34.334,0.5000,0.5000,0.5000,0.5000,-0.93,16.28,0.396,,1,0,,
34.364,0.5000,0.5000,0.5000,0.5000,-0.91,16.25,0.397,,1,0,,
34.396,0.5000,0.5000,0.5000,0.5000,-1.08,15.94,0.396,,1,0,,
34.429,0.5000,0.5000,0.5000,0.5000,-1.16,15.97,0.395,,1,0,,
34.461,0.5000,0.5000,0.5000,0.5000,-1.16,16.47,0.397,,1,0,,
34.509,0.5000,0.5000,0.5000,0.5000,-1.31,17.22,0.399,,1,0,,
34.540,0.5000,0.5000,0.5000,0.5000,-1.27,16.61,0.401,,1,0,,
34.566,0.5000,0.5000,0.5000,0.5000,-1.35,16.07,0.402,,1,0,,
34.606,0.5000,0.5000,0.5000,0.5000,-1.26,16.42,0.401,,1,0,,
34.638,0.5000,0.5000,0.5000,0.5000,-1.21,16.28,0.400,,1,0,,
34.670,0.5000,0.5000,0.5000,0.5000,-1.15,16.05,0.366,,1,0,,
34.704,0.5000,0.5000,0.5000,0.5000,-1.37,13.94,0.231,,1,0,,
34.733,0.5000,0.5000,0.5000,0.5000,-1.30,12.95,0.219,,1,0,,
34.767,0.5000,0.5000,0.5000,0.5000,-1.52,12.22,0.211,,1,0,,
34.796,0.5000,0.5000,0.5000,0.5000,-1.49,12.40,0.223,,1,0,,
34.830,0.5000,0.5000,0.5000,0.5000,-1.40,12.90,0.237,,1,0,,
34.862,0.5000,0.5000,0.5000,0.5000,-1.54,13.06,0.240,,1,0,,
34.892,0.5000,0.5000,0.5000,0.5000,-1.80,13.43,0.248,,1,0,,
34.925,0.5000,0.5000,0.5000,0.5000,-1.77,14.75,0.268,,1,0,,
34.956,0.5000,0.5000,0.5000,0.5000,-1.73,14.34,0.271,,1,0,,
34.990,0.5000,0.5000,0.5000,0.5000,-1.56,14.27,0.277,,1,0,,
35.022,0.5000,0.5000,0.5000,0.5000,-1.37,15.20,0.283,,1,0,,
35.068,0.5000,0.5000,0.5000,0.5000,-1.30,15.40,0.293,,1,0,,
35.101,0.5000,0.5000,0.5000,0.5000,-1.33,15.44,0.294,,1,0,,
35.132,0.5000,0.5000,0.5000,0.5000,-1.35,16.10,0.297,,1,0,,
35.164,0.5000,0.5000,0.5000,0.5000,-1.47,16.09,0.304,,1,0,,
35.198,0.5000,0.5000,0.5000,0.5000,-1.48,15.97,0.307,,1,0,,
35.228,0.5000,0.5000,0.5000,0.5000,-1.52,16.07,0.314,,1,0,,
35.261,0.5000,0.5000,0.5000,0.5000,-1.79,15.52,0.314,,1,0,,
35.292,0.5000,0.5000,0.5000,0.5000,-1.69,15.67,0.313,,1,0,,
35.325,0.5000,0.5000,0.5000,0.5000,-1.62,15.04,0.319,,1,0,,
35.358,0.5000,0.5000,0.5000,0.5000,-1.66,14.33,0.318,,1,0,,
35.389,0.5000,0.5000,0.5000,0.5000,-1.67,14.46,0.321,,1,0,,
35.422,0.5000,0.5000,0.5000,0.5000,-2.08,13.83,0.320,,1,0,,
35.454,0.5000,0.5000,0.5000,0.5000,-2.05,13.71,0.318,,1,0,,
35.487,0.5000,0.5000,0.5000,0.5000,-1.96,13.64,0.319,,1,0,,
35.517,0.5000,0.5000,0.5000,0.5000,-2.09,14.08,0.322,,1,0,,
35.550,0.5000,0.5000,0.5000,0.5000,-1.92,14.88,0.323,,1,0,,
35.582,0.5000,0.5000,0.5000,0.5000,-1.77,14.72,0.325,,1,0,,
35.628,0.5000,0.5000,0.5000,0.5000,-1.76,14.94,0.326,,1,0,,
35.662,0.5000,0.5000,0.5000,0.5000,-1.85,14.74,0.328,,1,0,,
35.693,0.5000,0.5000,0.5000,0.5000,-1.95,14.38,0.328,,1,0,,
35.725,0.5000,0.5000,0.5000,0.5000,-2.01,14.60,0.328,,1,0,,
35.757,0.5000,0.5000,0.5000,0.5000,-2.40,14.40,0.328,,1,0,,
35.789,0.5000,0.5000,0.5000,0.5000,-2.19,13.78,0.328,,1,0,,
35.821,0.5000,0.5000,0.5000,0.5000,-2.26,13.52,0.325,,1,0,,
35.854,0.5000,0.5000,0.5000,0.5000,-2.04,13.15,0.323,,1,0,,
35.885,0.5000,0.5000,0.5000,0.5000,-2.01,13.60,0.322,,1,0,,
35.917,0.5000,0.5000,0.5000,0.5000,-1.97,14.11,0.325,,1,0,,
35.950,0.5000,0.5000,0.5000,0.5000,-2.04,14.17,0.330,,1,0,,
35.981,0.5000,0.5000,0.5000,0.5000,-2.13,14.17,0.331,,1,0,,
36.013,0.5000,0.5000,0.5000,0.5000,-2.13,14.88,0.332,,1,0,,
36.044,0.5000,0.5000,0.5000,0.5000,-2.05,14.99,0.332,,1,0,,
36.077,0.5000,0.5000,0.5000,0.5000,-2.19,15.24,0.330,,1,0,,
36.109,0.5000,0.5000,0.5000,0.5000,-2.16,14.80,0.330,,1,0,,
36.140,0.5000,0.5000,0.5000,0.5000,-2.07,14.53,0.329,,1,0,,
36.225,0.5000,0.5000,0.5000,0.5000,-1.79,15.03,0.325,,1,0,,
36.250,0.5000,0.5000,0.5000,0.5000,-1.67,15.16,0.323,,1,0,,
36.276,0.5000,0.5000,0.5000,0.5000,-1.77,14.65,0.328,,1,0,,
36.302,0.5000,0.5000,0.5000,0.5000,-1.68,14.62,0.333,,1,0,,
36.330,0.5000,0.5000,0.5000,0.5000,-1.78,14.58,0.331,,1,0,,
36.356,0.5000,0.5000,0.5000,0.5000,-1.77,14.69,0.331,,1,0,,
36.382,0.5000,0.5000,0.5000,0.5000,-1.67,14.66,0.332,,1,0,,
36.412,0.5000,0.5000,0.5000,0.5000,-1.48,14.87,0.335,,1,0,,
36.444,0.5000,0.5000,0.5000,0.5000,-1.44,14.64,0.334,,1,0,,
36.478,0.5000,0.5000,0.5000,0.5000,-1.53,14.92,0.337,,1,0,,
36.508,0.5000,0.5000,0.5000,0.5000,-1.70,14.66,0.327,,1,0,,
36.541,0.5000,0.5000,0.5000,0.5000,-1.67,14.86,0.333,,1,0,,
36.607,0.5000,0.5000,0.5000,0.5000,-1.75,15.89,0.334,,1,0,,
36.637,0.5000,0.5000,0.5000,0.5000,-1.88,15.12,0.334,,1,0,,
36.669,0.5000,0.5000,0.5000,0.5000,-1.88,15.05,0.336,,1,0,,
36.703,0.5000,0.5000,0.5000,0.5000,-1.90,14.85,0.335,,1,0,,
36.735,0.5000,0.5000,0.5000,0.5000,-1.87,15.12,0.329,,1,0,,
36.781,0.5000,0.5000,0.5000,0.5000,-2.03,14.58,0.328,,1,0,,
36.812,0.5000,0.5000,0.5000,0.5000,-2.09,14.66,0.320,,1,0,,
36.838,0.5000,0.5000,0.5000,0.5000,-2.11,14.78,0.314,,1,0,,
36.863,0.5000,0.5000,0.5000,0.5000,-1.81,14.07,0.313,,1,0,,
36.890,0.5000,0.5000,0.5000,0.5000,-1.70,14.17,0.318,,1,0,,
36.917,0.5000,0.5000,0.5000,0.5000,-1.68,14.26,0.319,,1,0,,
36.943,0.5000,0.5000,0.5000,0.5000,-1.73,15.54,0.318,,1,0,,
37.005,0.5000,0.5000,0.5000,0.5000,-1.58,15.23,0.315,,1,0,,
37.039,0.5000,0.5000,0.5000,0.5000,-1.60,15.80,0.321,,1,0,,
37.069,0.5000,0.5000,0.5000,0.5000,-1.28,14.46,0.318,,1,0,,
37.102,0.5000,0.5000,0.5000,0.5000,-1.17,13.78,0.316,,1,0,,
37.134,0.5000,0.5000,0.5000,0.5000,-1.07,14.73,0.319,,1,0,,
37.165,0.5000,0.5000,0.5000,0.5000,-0.74,15.43,0.315,,1,0,,
37.198,0.5000,0.5000,0.5000,0.5000,-0.86,15.14,0.313,,1,0,,
37.228,0.5000,0.5000,0.5000,0.5000,-0.94,15.40,0.312,,1,0,,
37.262,0.5000,0.5000,0.5000,0.5000,-1.07,15.45,0.316,,1,0,,
37.295,0.5000,0.5000,0.5000,0.5000,-1.20,15.99,0.314,,1,0,,
37.341,0.5000,0.5000,0.5000,0.5000,-1.20,16.28,0.313,,1,0,,
37.373,0.4812,0.9043,0.4812,0.9043,-1.26,16.10,0.311,,1,1,17.699,0.2580
37.405,0.4802,0.9047,0.4768,0.9061,-1.40,16.27,0.311,,1,1,17.699,0.2580
37.437,0.4794,0.9054,0.4771,0.9076,-1.35,15.82,0.313,,1,1,17.699,0.2580
37.469,0.4805,0.9098,0.4843,0.9247,-1.42,15.80,0.319,,1,1,17.699,0.2580
37.500,0.4816,0.9141,0.4853,0.9285,-1.34,16.33,0.321,,1,1,17.699,0.2580
37.533,0.4831,0.9174,0.4878,0.9279,-1.36,16.00,0.322,,1,1,17.699,0.2580
37.565,0.4835,0.9186,0.4850,0.9227,-1.41,14.89,0.316,,1,1,17.699,0.2580
37.596,0.4833,0.9195,0.4828,0.9225,-1.49,15.77,0.313,,1,1,17.699,0.2580
37.628,0.4841,0.9218,0.4866,0.9296,-1.27,14.43,0.315,,1,1,17.699,0.2580
37.659,0.4860,0.9242,0.4925,0.9321,-1.47,14.82,0.320,,1,1,17.699,0.2580
37.693,0.4871,0.9243,0.4906,0.9245,-1.43,14.91,0.320,,1,1,17.699,0.2580
37.725,0.4888,0.9245,0.4946,0.9251,-1.53,14.83,0.320,,1,1,17.699,0.2580
37.757,0.4914,0.9234,0.4997,0.9198,-1.63,14.70,0.318,,1,1,17.699,0.2580
37.789,0.4941,0.9215,0.5032,0.9155,-1.49,14.93,0.317,,1,1,17.699,0.2580
37.821,0.4981,0.9210,0.5112,0.9192,-1.36,14.26,0.313,,1,1,17.699,0.2580
37.855,0.5008,0.9195,0.5089,0.9147,-1.38,14.87,0.315,,1,1,17.699,0.2580
37.900,0.4975,0.9087,0.4899,0.8834,-1.37,15.70,0.331,,1,1,17.699,0.2580
37.936,0.4906,0.8953,0.4705,0.8569,-1.57,16.33,0.357,,1,1,17.699,0.2580
37.966,0.4834,0.8835,0.4577,0.8421,-1.67,16.82,0.374,,1,1,17.699,0.2580
37.998,0.4765,0.8700,0.4536,0.8257,-1.92,17.04,0.399,,1,1,17.699,0.2580
38.029,0.4696,0.8562,0.4463,0.8104,-2.19,16.36,0.418,,1,1,17.699,0.2580
38.061,0.4626,0.8420,0.4400,0.7969,-2.30,16.67,0.433,,1,1,17.699,0.2580
38.093,0.4566,0.8291,0.4369,0.7882,-2.38,16.56,0.437,,1,1,17.699,0.2580
38.126,0.4517,0.8185,0.4366,0.7863,-2.24,16.11,0.438,,1,1,17.699,0.2580
38.157,0.4487,0.8119,0.4384,0.7897,-2.16,16.74,0.447,,1,1,17.699,0.2580
38.189,0.4470,0.8087,0.4414,0.7983,-2.03,16.92,0.451,,1,1,17.699,0.2580
38.221,0.4491,0.8062,0.4558,0.7982,-1.90,17.74,0.454,,1,1,17.699,0.2580
38.254,0.4519,0.8036,0.4609,0.7955,-2.00,18.48,0.460,,1,1,17.699,0.2580
38.287,0.4558,0.7966,0.4688,0.7745,-1.92,17.24,0.460,,1,1,17.699,0.2580
38.320,0.4616,0.7904,0.4804,0.7705,-2.02,16.82,0.461,,1,1,17.699,0.2580
38.350,0.4700,0.7869,0.4982,0.7755,-1.78,17.01,0.463,,1,1,17.699,0.2580
38.383,0.4802,0.7838,0.5135,0.7739,-1.88,16.90,0.463,,1,1,17.699,0.2580
38.413,0.4896,0.7809,0.5216,0.7711,-1.95,17.01,0.464,,1,1,17.699,0.2580
38.446,0.4981,0.7739,0.5252,0.7515,-1.93,17.28,0.465,,1,1,17.699,0.2580
38.493,0.5103,0.7655,0.5374,0.7470,-2.17,16.48,0.467,,1,1,17.699,0.2580
38.525,0.5186,0.7609,0.5451,0.7459,-2.25,17.02,0.470,,1,1,17.699,0.2580
38.556,0.5269,0.7562,0.5543,0.7405,-2.25,18.18,0.478,,1,1,17.699,0.2580
38.588,0.5357,0.7458,0.5644,0.7122,-2.34,17.73,0.495,,1,1,17.699,0.2580
38.622,0.5424,0.7260,0.5633,0.6636,-2.64,17.65,0.505,,1,1,17.699,0.2580
38.653,0.5476,0.7049,0.5641,0.6391,-2.77,17.75,0.505,,1,1,17.699,0.2580
38.686,0.5543,0.6807,0.5754,0.6067,-2.59,15.87,0.506,,1,1,17.699,0.2580
38.717,0.5630,0.6612,0.5921,0.5978,-2.59,14.80,0.502,,1,1,17.699,0.2580
38.748,0.5695,0.6390,0.5908,0.5687,-2.47,16.57,0.504,,1,1,17.699,0.2580
38.779,0.5752,0.6146,0.5943,0.5361,-2.40,16.36,0.499,,1,1,17.699,0.2580
38.812,0.5797,0.5895,0.5938,0.5147,-2.34,15.59,0.497,,1,1,17.699,0.2580
38.843,0.5838,0.5660,0.5973,0.4917,-2.12,15.44,0.493,,1,1,17.699,0.2580
38.876,0.5877,0.5457,0.6000,0.4860,-2.27,16.01,0.486,,1,1,17.699,0.2580
38.908,0.5902,0.5303,0.5984,0.4818,-2.27,15.65,0.484,,1,1,17.699,0.2580
38.940,0.5895,0.5144,0.5874,0.4661,-2.05,15.36,0.486,,1,1,17.699,0.2580
39.008,0.5791,0.4771,0.5629,0.4227,-2.20,15.52,0.486,,1,1,17.699,0.2580
39.052,0.5723,0.4573,0.5560,0.4127,-1.84,14.96,0.478,,1,1,17.699,0.2580
39.084,0.5684,0.4472,0.5554,0.4159,-1.90,15.05,0.477,,1,1,17.699,0.2580
39.112,0.5658,0.4409,0.5561,0.4182,-1.94,15.11,0.477,,1,1,17.699,0.2580
39.141,0.5635,0.4357,0.5548,0.4175,-1.90,15.42,0.478,,1,1,17.699,0.2580
39.167,0.5589,0.4287,0.5401,0.4014,-1.86,16.12,0.478,,1,1,17.699,0.2580
39.193,0.5522,0.4172,0.5257,0.3733,-1.89,16.06,0.476,,1,1,17.699,0.2580
39.220,0.5457,0.4073,0.5209,0.3705,-1.76,15.84,0.476,,1,1,17.699,0.2580
39.246,0.5403,0.4007,0.5179,0.3742,-1.56,16.42,0.479,,1,1,17.699,0.2580
39.278,0.5319,0.3962,0.5049,0.3819,-1.75,17.87,0.484,,1,1,17.699,0.2580
39.309,0.5233,0.3912,0.4948,0.3752,-1.91,17.77,0.482,,1,1,17.699,0.2580
39.340,0.5100,0.3824,0.4661,0.3539,-1.66,17.65,0.484,,1,1,17.699,0.2580
39.408,0.4845,0.3636,0.4457,0.3352,-1.35,16.39,0.471,,1,1,17.699,0.2580
39.438,0.4741,0.3584,0.4388,0.3405,-1.30,16.84,0.473,,1,1,17.699,0.2580
39.470,0.4634,0.3531,0.4288,0.3360,-1.37,17.17,0.478,,1,1,17.699,0.2580
39.502,0.4473,0.3406,0.3963,0.3009,-1.07,18.01,0.474,,1,1,17.699,0.2580
39.532,0.4308,0.3265,0.3753,0.2789,-1.28,17.78,0.477,,1,1,17.699,0.2580
39.565,0.4160,0.3119,0.3705,0.2664,-1.54,17.33,0.477,,1,1,17.699,0.2580
39.613,0.4009,0.2988,0.3690,0.2711,-1.67,17.08,0.476,,1,1,17.699,0.2580
39.645,0.3930,0.2926,0.3682,0.2730,-1.59,17.04,0.477,,1,1,17.699,0.2580
39.673,0.3876,0.2888,0.3682,0.2751,-1.52,17.15,0.478,,1,1,17.699,0.2580
39.704,0.3820,0.2841,0.3633,0.2682,-1.38,16.75,0.480,,1,1,17.699,0.2580
39.732,0.3761,0.2773,0.3541,0.2522,-1.51,16.71,0.479,,1,1,17.699,0.2580
39.762,0.3709,0.2711,0.3537,0.2503,-1.57,16.59,0.478,,1,1,17.699,0.2580
39.806,0.3678,0.2680,0.3603,0.2605,-1.52,16.75,0.473,,1,1,17.699,0.2580
39.836,0.3667,0.2669,0.3632,0.2631,-1.52,17.20,0.474,,1,1,17.699,0.2580
39.868,0.3683,0.2659,0.3736,0.2627,-1.42,17.23,0.474,,1,1,17.699,0.2580
39.901,0.3790,0.2610,0.4131,0.2458,-1.33,17.54,0.472,,1,1,17.699,0.2580
39.932,0.3917,0.2569,0.4350,0.2430,-1.21,16.95,0.471,,1,1,17.699,0.2580
39.966,0.4093,0.2531,0.4644,0.2411,-1.28,17.51,0.469,,1,1,17.699,0.2580
39.996,0.4288,0.2536,0.4955,0.2556,-0.85,15.70,0.468,,1,1,17.699,0.2580
40.028,0.4463,0.2565,0.5017,0.2659,-0.91,16.40,0.471,,1,1,17.699,0.2580
40.062,0.4666,0.2567,0.5307,0.2574,-1.17,16.85,0.472,,1,1,17.699,0.2580
40.093,0.4864,0.2545,0.5490,0.2472,-1.58,16.93,0.474,,1,1,17.699,0.2580
40.124,0.5060,0.2531,0.5693,0.2484,-1.64,16.45,0.466,,1,1,17.699,0.2580
40.175,0.5328,0.2519,0.5851,0.2495,-1.43,16.52,0.474,,1,1,17.699,0.2580
40.204,0.5459,0.2530,0.5909,0.2569,-1.47,16.04,0.472,,1,1,17.699,0.2580
40.238,0.5593,0.2541,0.5996,0.2577,-1.56,16.79,0.475,,1,1,17.699,0.2580
40.269,0.5712,0.2540,0.6096,0.2534,-1.64,16.61,0.473,,1,1,17.699,0.2580
40.300,0.5827,0.2539,0.6194,0.2537,-1.55,15.56,0.474,,1,1,17.699,0.2580
40.333,0.5946,0.2551,0.6316,0.2589,-1.47,15.32,0.477,,1,1,17.699,0.2580
40.365,0.6054,0.2584,0.6391,0.2693,-1.57,15.14,0.481,,1,1,17.699,0.2580
40.397,0.6167,0.2613,0.6536,0.2711,-1.90,15.35,0.482,,1,1,17.699,0.2580
40.431,0.6266,0.2624,0.6551,0.2658,-1.89,14.60,0.484,,1,1,17.699,0.2580
40.461,0.6313,0.2597,0.6472,0.2503,-1.91,13.90,0.485,,1,1,17.699,0.2580
40.495,0.6371,0.2552,0.6546,0.2412,-1.97,14.08,0.486,,1,1,17.699,0.2580
40.525,0.6432,0.2510,0.6639,0.2363,-1.77,13.16,0.487,,1,1,17.699,0.2580
40.556,0.6495,0.2479,0.6701,0.2375,-1.69,13.28,0.484,,1,1,17.699,0.2580
40.589,0.6548,0.2458,0.6712,0.2392,-1.69,14.18,0.483,,1,1,17.699,0.2580
40.621,0.6590,0.2432,0.6727,0.2343,-1.60,14.23,0.484,,1,1,17.699,0.2580
40.653,0.6623,0.2412,0.6728,0.2346,-1.39,15.25,0.488,,1,1,17.699,0.2580
40.686,0.6666,0.2391,0.6799,0.2324,-1.59,14.89,0.486,,1,1,17.699,0.2580
40.719,0.6739,0.2402,0.6971,0.2437,-1.45,13.33,0.486,,1,1,17.699,0.2580
40.764,0.6830,0.2434,0.7041,0.2510,-1.32,12.24,0.486,,1,1,17.699,0.2580
40.796,0.6879,0.2444,0.7035,0.2476,-1.51,12.51,0.487,,1,1,17.699,0.2580
40.831,0.6911,0.2447,0.7005,0.2458,-1.15,13.47,0.487,,1,1,17.699,0.2580
40.863,0.6951,0.2444,0.7083,0.2434,-1.16,13.42,0.491,,1,1,17.699,0.2580
40.892,0.6984,0.2442,0.7101,0.2436,-1.27,13.46,0.487,,1,1,17.699,0.2580
40.924,0.7015,0.2441,0.7114,0.2436,-1.38,14.05,0.486,,1,1,17.699,0.2580
40.956,0.7036,0.2439,0.7104,0.2433,-1.53,14.22,0.487,,1,1,17.699,0.2580
40.989,0.7056,0.2425,0.7120,0.2379,-1.47,13.76,0.480,,1,1,17.699,0.2580
41.020,0.7053,0.2406,0.7042,0.2344,-1.82,14.59,0.480,,1,1,17.699,0.2580
41.054,0.7051,0.2379,0.7046,0.2291,-1.75,14.04,0.480,,1,1,17.699,0.2580
41.085,0.7032,0.2356,0.6967,0.2279,-1.52,15.73,0.482,,1,1,17.699,0.2580
41.118,0.7033,0.2341,0.7035,0.2294,-1.66,14.04,0.485,,1,1,17.699,0.2580
41.150,0.7033,0.2331,0.7034,0.2298,-1.60,13.88,0.486,,1,1,17.699,0.2580
41.183,0.7048,0.2316,0.7097,0.2269,-1.54,13.79,0.483,,1,1,17.699,0.2580
41.212,0.7037,0.2285,0.6997,0.2173,-1.62,13.97,0.480,,1,1,17.699,0.2580
41.244,0.7027,0.2258,0.6993,0.2169,-1.66,13.52,0.480,,1,1,17.699,0.2580
41.277,0.7020,0.2237,0.6999,0.2172,-1.65,13.60,0.482,,1,1,17.699,0.2580
41.324,0.7009,0.2224,0.6983,0.2193,-1.65,13.81,0.484,,1,1,17.699,0.2580
41.357,0.6996,0.2208,0.6956,0.2157,-1.69,14.04,0.489,,1,1,17.699,0.2580
41.387,0.6979,0.2182,0.6917,0.2090,-1.57,14.85,0.485,,1,1,17.699,0.2580
41.420,0.6968,0.2153,0.6932,0.2063,-1.51,14.67,0.483,,1,1,17.699,0.2580
41.453,0.6949,0.2138,0.6888,0.2087,-1.55,14.85,0.479,,1,1,17.699,0.2580
41.485,0.6942,0.2155,0.6917,0.2211,-1.76,15.01,0.482,,1,1,17.699,0.2580
41.519,0.6960,0.2200,0.7018,0.2343,-1.65,14.43,0.474,,1,1,17.699,0.2580
41.550,0.6989,0.2232,0.7090,0.2342,-1.67,13.35,0.475,,1,1,17.699,0.2580
41.582,0.7071,0.2332,0.7331,0.2650,-1.24,13.70,0.416,,1,1,17.699,0.2580
41.614,0.7215,0.2580,0.7686,0.3385,-0.65,12.65,0.277,,1,1,17.699,0.2580
41.644,0.7355,0.2860,0.7839,0.3810,-0.54,11.72,0.249,,1,1,17.699,0.2580
41.678,0.7486,0.3176,0.7888,0.4115,-0.37,11.01,0.221,,1,1,17.699,0.2580
41.710,0.7609,0.3452,0.7999,0.4302,-0.63,11.09,0.267,,1,1,17.699,0.2580
41.741,0.7703,0.3635,0.8018,0.4222,-0.61,10.01,0.291,,1,1,17.699,0.2580
41.804,0.7883,0.3871,0.8175,0.4246,-0.86,7.98,0.318,,1,1,17.699,0.2580
41.838,0.7951,0.3979,0.8162,0.4305,-0.82,9.87,0.333,,1,1,17.699,0.2580
41.884,0.8030,0.4111,0.8204,0.4395,-0.80,10.73,0.346,,1,1,17.699,0.2580
41.918,0.8080,0.4176,0.8231,0.4370,-0.90,11.04,0.348,,1,1,17.699,0.2580
41.948,0.8116,0.4214,0.8248,0.4351,-0.91,10.88,0.348,,1,1,17.699,0.2580
41.974,0.8152,0.4237,0.8288,0.4322,-1.01,11.12,0.349,,1,1,17.699,0.2580
42.007,0.8207,0.4259,0.8382,0.4329,-1.01,11.49,0.357,,1,1,17.699,0.2580
42.044,0.8282,0.4293,0.8486,0.4386,-1.02,11.04,0.360,,1,1,17.699,0.2580
42.074,0.8333,0.4309,0.8511,0.4363,-0.87,11.28,0.360,,1,1,17.699,0.2580
42.104,0.8381,0.4304,0.8549,0.4287,-1.12,11.02,0.369,,1,1,17.699,0.2580
42.132,0.8432,0.4277,0.8619,0.4179,-1.21,11.25,0.368,,1,1,17.699,0.2580
42.161,0.8499,0.4240,0.8737,0.4104,-1.30,11.42,0.369,,1,1,17.699,0.2580
42.205,0.8641,0.4225,0.8973,0.4190,-1.27,9.32,0.369,,1,1,17.699,0.2580
42.237,0.8728,0.4220,0.9013,0.4205,-1.24,10.84,0.369,,1,1,17.699,0.2580
42.269,0.8822,0.4207,0.9118,0.4163,-1.42,11.09,0.370,,1,1,17.699,0.2580
42.302,0.8899,0.4200,0.9147,0.4176,-1.25,10.99,0.370,,1,1,17.699,0.2580
42.335,0.9003,0.4184,0.9320,0.4133,-1.15,10.76,0.363,,1,1,17.699,0.2580
42.365,0.9113,0.4180,0.9492,0.4167,-0.78,10.35,0.332,,1,1,17.699,0.2580
42.397,0.9249,0.4250,0.9671,0.4473,-1.29,7.45,0.265,,1,1,17.699,0.2580
42.428,0.9388,0.4380,0.9850,0.4826,-1.15,7.06,0.242,,1,1,17.699,0.2580
42.478,0.9588,0.4562,0.9996,0.4941,-1.04,9.14,0.271,,1,1,17.699,0.2580
42.504,0.9681,0.4648,1.0054,0.5000,-0.99,9.92,0.282,,1,1,17.699,0.2580
42.528,0.9767,0.4710,1.0119,0.4965,-1.06,9.39,0.286,,1,1,17.699,0.2580
42.554,0.9855,0.4769,1.0195,0.5003,-1.03,9.84,0.284,,1,1,17.699,0.2580
42.604,0.9999,0.4851,1.0289,0.5019,-1.06,9.90,0.294,,1,1,17.699,0.2580
42.638,1.0000,0.4881,1.0355,0.4977,-1.19,7.69,0.294,,1,1,17.699,0.2580
42.670,1.0000,0.4855,1.0258,0.4770,-1.31,7.34,0.298,,1,1,17.699,0.2580
42.704,1.0000,0.4819,1.0225,0.4704,-1.24,6.83,0.309,,1,1,17.699,0.2580
42.736,1.0000,0.4792,1.0245,0.4705,-1.49,4.55,0.308,,1,1,17.699,0.2580
42.765,1.0000,0.4778,1.0204,0.4730,-1.24,6.24,0.310,,1,1,17.699,0.2580
42.796,1.0000,0.4786,1.0120,0.4811,-0.97,8.09,0.311,,1,1,17.699,0.2580
42.829,1.0000,0.4801,0.9899,0.4850,-1.16,10.29,0.316,,1,1,17.699,0.2580
42.860,1.0000,0.4821,0.9732,0.4886,-1.15,10.09,0.315,,1,1,17.699,0.2580
42.894,0.9882,0.4893,0.9463,0.5117,-0.90,12.75,0.313,,1,1,17.699,0.2580
42.926,0.9776,0.4953,0.9423,0.5153,-0.80,11.44,0.320,,1,1,17.699,0.2580
42.958,0.9681,0.5037,0.9377,0.5304,-1.03,10.92,0.320,,1,1,17.699,0.2580
42.989,0.9604,0.5092,0.9345,0.5279,-1.04,10.71,0.320,,1,1,17.699,0.2580
43.037,0.9493,0.5176,0.9253,0.5358,-1.15,12.29,0.326,,1,1,17.699,0.2580
43.070,0.9397,0.5242,0.9095,0.5449,-1.10,11.60,0.324,,1,1,17.699,0.2580
43.101,0.9341,0.5348,0.9145,0.5720,-1.59,10.35,0.325,,1,1,17.699,0.2580
43.134,0.9298,0.5472,0.9166,0.5849,-1.28,8.57,0.316,,1,1,17.699,0.2580
43.166,0.9263,0.5573,0.9148,0.5895,-1.29,8.32,0.321,,1,1,17.699,0.2580
43.197,0.9224,0.5659,0.9096,0.5945,-1.24,8.74,0.322,,1,1,17.699,0.2580
43.229,0.9154,0.5741,0.8930,0.6002,-1.12,10.96,0.314,,1,1,17.699,0.2580
43.261,0.9100,0.5815,0.8925,0.6051,-1.08,11.82,0.315,,1,1,17.699,0.2580
43.295,0.9054,0.5927,0.8912,0.6267,-1.01,11.08,0.313,,1,1,17.699,0.2580
43.323,0.9043,0.6015,0.9001,0.6333,-1.13,11.00,0.312,,1,1,17.699,0.2580
43.357,0.9019,0.6115,0.8946,0.6417,-1.05,11.80,0.317,,1,1,17.699,0.2580
43.391,0.9013,0.6199,0.8995,0.6454,-1.02,11.37,0.322,,1,1,17.699,0.2580
43.420,0.9006,0.6258,0.8979,0.6462,-1.21,11.35,0.321,,1,1,17.699,0.2580
43.454,0.9015,0.6343,0.9044,0.6606,-1.45,11.36,0.320,,1,1,17.699,0.2580
43.486,0.9034,0.6426,0.9097,0.6690,-1.56,11.56,0.318,,1,1,17.699,0.2580
43.518,0.9054,0.6495,0.9122,0.6720,-1.55,11.29,0.322,,1,1,17.699,0.2580
43.547,0.9074,0.6538,0.9144,0.6683,-1.54,11.04,0.321,,1,1,17.699,0.2580
43.598,0.9086,0.6587,0.9111,0.6689,-1.45,11.50,0.321,,1,1,17.699,0.2580
43.628,0.9094,0.6622,0.9123,0.6741,-1.34,12.77,0.320,,1,1,17.699,0.2580
43.662,0.9110,0.6654,0.9158,0.6750,-1.45,12.14,0.320,,1,1,17.699,0.2580
43.695,0.9133,0.6684,0.9209,0.6780,-1.34,11.92,0.318,,1,1,17.699,0.2580
43.724,0.9185,0.6714,0.9373,0.6822,-1.32,11.85,0.321,,1,1,17.699,0.2580
43.757,0.9231,0.6743,0.9377,0.6836,-1.47,12.49,0.318,,1,1,17.699,0.2580
43.788,0.9286,0.6768,0.9469,0.6850,-1.47,12.28,0.319,,1,1,17.699,0.2580
43.822,0.9364,0.6809,0.9611,0.6936,-1.35,12.42,0.323,,1,1,17.699,0.2580
43.854,0.9443,0.6844,0.9705,0.6959,-1.39,12.12,0.319,,1,1,17.699,0.2580
43.886,0.9515,0.6887,0.9741,0.7024,-1.57,12.02,0.317,,1,1,17.699,0.2580
43.918,0.9568,0.6918,0.9741,0.7018,-1.58,11.46,0.318,,1,1,17.699,0.2580
43.949,0.9604,0.6923,0.9723,0.6941,-1.72,10.32,0.305,,1,1,17.699,0.2580
43.981,0.9641,0.6943,0.9759,0.7009,-1.64,11.66,0.302,,1,1,17.699,0.2580
44.014,0.9677,0.6970,0.9794,0.7057,-1.68,10.97,0.297,,1,1,17.699,0.2580
44.045,0.9731,0.7019,0.9911,0.7182,-1.63,11.05,0.295,,1,1,17.699,0.2580
44.078,0.9792,0.7045,0.9984,0.7126,-1.61,8.48,0.294,,1,1,17.699,0.2580
44.107,0.9908,0.7033,1.0317,0.6991,-1.48,9.76,0.297,,1,1,17.699,0.2580
44.156,1.0000,0.7045,1.0592,0.7071,-1.39,8.37,0.304,,1,1,17.699,0.2580
44.189,1.0000,0.7173,1.0942,0.7575,-1.56,8.96,0.341,,1,1,17.699,0.2580
44.221,1.0000,0.7339,1.1103,0.7874,-1.76,8.71,0.346,,1,1,17.699,0.2580
44.253,1.0000,0.7567,1.1338,0.8290,-1.75,7.50,0.341,,1,1,17.699,0.2580
44.285,1.0000,0.7782,1.1374,0.8477,-2.14,8.63,0.346,,1,1,17.699,0.2580
44.317,1.0000,0.8067,1.1535,0.8963,-2.83,11.20,0.328,,1,1,17.699,0.2580
44.349,1.0000,0.8430,1.1742,0.9549,-2.11,12.26,0.335,,1,1,17.699,0.2580
44.381,1.0000,0.8804,1.1546,0.9931,-1.71,12.87,0.336,,1,1,17.699,0.2580
44.413,1.0000,0.9097,1.1163,0.9977,-1.88,13.18,0.343,,1,1,17.699,0.2580
44.444,1.0000,0.9306,1.1128,0.9974,-2.10,13.39,0.333,,1,1,17.699,0.2580
44.478,1.0000,0.9503,1.0751,1.0055,-2.14,13.94,0.337,,1,1,17.699,0.2580
44.509,1.0000,0.9654,1.0663,1.0128,-2.11,15.80,0.338,,1,1,17.699,0.2580
44.542,1.0000,0.9794,1.0628,1.0221,-1.91,14.71,0.349,,1,1,17.699,0.2580
44.606,1.0000,1.0000,1.0521,1.0325,-1.85,14.71,0.353,,1,1,17.699,0.2580
44.638,1.0000,1.0000,1.0464,1.0417,-1.88,14.29,0.346,,1,1,17.699,0.2580
44.669,1.0000,1.0000,1.0398,1.0450,-2.02,12.76,0.346,,1,1,17.699,0.2580
44.706,1.0000,1.0000,1.0108,1.0629,-2.05,13.63,0.344,,1,1,17.699,0.2580
44.748,1.0000,1.0000,0.9743,1.0771,-2.86,13.79,0.343,,1,1,17.699,0.2580
44.774,1.0000,1.0000,0.9673,1.0802,-3.11,13.80,0.341,,1,1,17.699,0.2580
44.800,0.9973,1.0000,0.9523,1.0844,-3.02,13.95,0.343,,1,1,17.699,0.2580
44.829,0.9835,1.0000,0.9341,1.0880,-2.55,14.09,0.339,,1,1,17.699,0.2580
44.855,0.9702,1.0000,0.9180,1.0948,-2.32,14.52,0.342,,1,1,17.699,0.2580
44.883,0.9544,1.0000,0.8989,1.0892,-2.20,15.89,0.351,,1,1,17.699,0.2580
44.911,0.9401,1.0000,0.8873,1.0858,-2.01,16.15,0.351,,1,1,17.699,0.2580
44.941,0.9244,1.0000,0.8719,1.0750,-1.98,15.98,0.346,,1,1,17.699,0.2580
45.003,0.8829,1.0000,0.8156,1.0673,-1.80,15.23,0.342,,1,1,17.699,0.2580
45.036,0.8630,1.0000,0.8030,1.0585,-1.88,15.22,0.343,,1,1,17.699,0.2580
45.070,0.8465,1.0000,0.7971,1.0392,-1.98,15.12,0.346,,1,1,17.699,0.2580
45.102,0.8336,1.0000,0.7947,1.0423,-2.24,14.91,0.347,,1,1,17.699,0.2580
45.134,0.8227,1.0000,0.7881,1.0428,-1.97,15.61,0.346,,1,1,17.699,0.2580
45.165,0.8137,1.0000,0.7848,1.0428,-1.97,16.27,0.350,,1,1,17.699,0.2580
45.198,0.8042,1.0000,0.7749,1.0464,-1.93,16.73,0.350,,1,1,17.699,0.2580
45.229,0.7930,1.0000,0.7568,1.0484,-2.06,17.19,0.352,,1,1,17.699,0.2580
45.259,0.7804,1.0000,0.7382,1.0524,-2.07,16.71,0.352,,1,1,17.699,0.2580
45.310,0.7616,1.0000,0.7241,1.0464,-1.99,17.65,0.353,,1,1,17.699,0.2580
45.340,0.7511,1.0000,0.7160,1.0422,-2.01,18.01,0.357,,1,1,17.699,0.2580
45.368,0.7431,1.0000,0.7139,1.0405,-2.02,18.08,0.359,,1,1,17.699,0.2580
45.406,0.7354,1.0000,0.7148,1.0405,-2.18,17.37,0.361,,1,1,17.699,0.2580
45.437,0.7282,1.0000,0.7047,1.0269,-2.28,17.86,0.371,,1,1,17.699,0.2580
45.469,0.7220,1.0000,0.7025,1.0219,-2.34,17.67,0.376,,1,1,17.699,0.2580
45.501,0.7166,1.0000,0.6988,1.0048,-2.16,18.15,0.384,,1,1,17.699,0.2580
45.533,0.7117,1.0000,0.6966,0.9972,-2.20,18.07,0.392,,1,1,17.699,0.2580
45.566,0.7074,1.0000,0.6938,0.9927,-2.28,17.98,0.393,,1,1,17.699,0.2580
45.597,0.7034,1.0000,0.6898,0.9849,-2.32,17.77,0.396,,1,1,17.699,0.2580
45.630,0.6989,1.0000,0.6847,0.9806,-2.18,17.86,0.403,,1,1,17.699,0.2580
45.661,0.6951,0.9954,0.6826,0.9762,-2.01,17.62,0.404,,1,1,17.699,0.2580
45.694,0.6911,0.9890,0.6788,0.9694,-2.05,17.58,0.398,,1,1,17.699,0.2580
45.725,0.6870,0.9826,0.6728,0.9605,-2.14,17.34,0.405,,1,1,17.699,0.2580
45.756,0.6804,0.9718,0.6587,0.9361,-1.93,17.65,0.402,,1,1,17.699,0.2580
45.789,0.6736,0.9618,0.6523,0.9308,-2.44,16.81,0.416,,1,1,17.699,0.2580
45.821,0.6668,0.9509,0.6445,0.9154,-2.40,16.96,0.417,,1,1,17.699,0.2580
45.870,0.6600,0.9389,0.6455,0.9136,-2.25,16.81,0.420,,1,1,17.699,0.2580
45.902,0.6550,0.9291,0.6389,0.8981,-2.05,17.14,0.419,,1,1,17.699,0.2580
45.934,0.6513,0.9205,0.6392,0.8930,-2.17,17.42,0.418,,1,1,17.699,0.2580
45.965,0.6490,0.9137,0.6415,0.8914,-2.20,17.90,0.414,,1,1,17.699,0.2580
45.998,0.6480,0.9083,0.6447,0.8911,-2.31,16.61,0.414,,1,1,17.699,0.2580
46.030,0.6485,0.9040,0.6502,0.8901,-2.70,16.57,0.416,,1,1,17.699,0.2580
46.062,0.6496,0.9003,0.6532,0.8885,-2.75,16.81,0.410,,1,1,17.699,0.2580
46.092,0.6482,0.8987,0.6433,0.8929,-2.69,16.78,0.407,,1,1,17.699,0.2580
46.126,0.6389,0.8996,0.6100,0.9027,-3.00,14.82,0.304,,1,1,17.699,0.2580
46.157,0.6283,0.9019,0.5928,0.9093,-2.97,14.91,0.275,,1,1,17.699,0.2580
46.189,0.6162,0.9057,0.5774,0.9182,-2.65,14.66,0.281,,1,1,17.699,0.2580
46.221,0.6057,0.9091,0.5723,0.9201,-2.54,14.97,0.285,,1,1,17.699,0.2580
46.253,0.5979,0.9117,0.5725,0.9204,-2.67,15.54,0.288,,1,1,17.699,0.2580
46.284,0.5881,0.9145,0.5559,0.9242,-2.66,15.92,0.299,,1,1,17.699,0.2580
46.318,0.5786,0.9172,0.5500,0.9256,-2.61,16.17,0.308,,1,1,17.699,0.2580
46.350,0.5699,0.9202,0.5415,0.9302,-2.92,16.09,0.314,,1,1,17.699,0.2580
46.382,0.5596,0.9245,0.5270,0.9385,-2.80,16.91,0.322,,1,1,17.699,0.2580
46.429,0.5471,0.9326,0.5195,0.9508,-2.75,16.80,0.327,,1,1,17.699,0.2580
46.461,0.5390,0.9377,0.5137,0.9543,-2.83,17.09,0.329,,1,1,17.699,0.2580
46.494,0.5314,0.9427,0.5070,0.9589,-2.85,16.79,0.329,,1,1,17.699,0.2580
46.528,0.5212,0.9473,0.4914,0.9611,-2.78,18.31,0.335,,1,1,17.699,0.2580
46.559,0.5087,0.9527,0.4674,0.9711,-2.70,18.06,0.339,,1,1,17.699,0.2580
46.589,0.4994,0.9565,0.4676,0.9696,-2.71,17.97,0.341,,1,1,17.699,0.2580
46.621,0.4895,0.9595,0.4576,0.9692,-2.79,18.03,0.345,,1,1,17.699,0.2580
46.656,0.4787,0.9610,0.4472,0.9657,-2.92,17.63,0.353,,1,1,17.699,0.2580
46.688,0.4700,0.9608,0.4426,0.9601,-3.24,16.97,0.356,,1,1,17.699,0.2580
46.721,0.4583,0.9580,0.4224,0.9492,-2.71,16.95,0.365,,1,1,17.699,0.2580
46.751,0.4525,0.9554,0.4327,0.9462,-2.68,16.80,0.367,,1,1,17.699,0.2580
46.782,0.4480,0.9527,0.4328,0.9435,-2.59,17.28,0.368,,1,1,17.699,0.2580
46.815,0.4450,0.9506,0.4358,0.9435,-2.55,17.35,0.371,,1,1,17.699,0.2580
46.846,0.4413,0.9462,0.4288,0.9310,-2.32,18.08,0.370,,1,1,17.699,0.2580
46.879,0.4385,0.9424,0.4298,0.9306,-2.34,18.31,0.370,,1,1,17.699,0.2580
46.909,0.4367,0.9402,0.4307,0.9323,-2.48,18.95,0.372,,1,1,17.699,0.2580
46.941,0.4359,0.9387,0.4329,0.9336,-2.53,19.21,0.376,,1,1,17.699,0.2580
47.020,0.4349,0.9361,0.4335,0.9328,-2.64,19.03,0.378,,1,1,17.699,0.2580
47.054,0.4337,0.9338,0.4300,0.9264,-2.45,19.29,0.384,,1,1,17.699,0.2580
47.083,0.4323,0.9310,0.4273,0.9209,-2.39,19.45,0.386,,1,1,17.699,0.2580
47.113,0.4309,0.9276,0.4262,0.9156,-2.41,20.10,0.385,,1,1,17.699,0.2580
47.140,0.4288,0.9255,0.4202,0.9175,-2.49,20.48,0.388,,1,1,17.699,0.2580
47.169,0.4265,0.9247,0.4182,0.9218,-2.66,19.65,0.392,,1,1,17.699,0.2580
47.195,0.4232,0.9247,0.4101,0.9246,-2.61,19.69,0.394,,1,1,17.699,0.2580
47.221,0.4200,0.9250,0.4073,0.9262,-2.60,20.08,0.393,,1,1,17.699,0.2580
47.253,0.4157,0.9239,0.4015,0.9203,-2.74,20.23,0.389,,1,1,17.699,0.2580
47.281,0.4116,0.9247,0.3969,0.9279,-2.56,20.12,0.394,,1,1,17.699,0.2580
47.308,0.4099,0.9288,0.4032,0.9448,-2.49,19.85,0.394,,1,1,17.699,0.2580
47.342,0.4091,0.9320,0.4067,0.9419,-2.70,20.03,0.386,,1,1,17.699,0.2580
47.405,0.4081,0.9285,0.4065,0.9226,-2.85,20.16,0.392,,1,1,17.699,0.2580
47.437,0.4078,0.9274,0.4065,0.9239,-3.04,20.28,0.393,,1,1,17.699,0.2580
47.471,0.4092,0.9296,0.4136,0.9363,-2.97,20.23,0.398,,1,1,17.699,0.2580
47.501,0.4080,0.9319,0.4041,0.9401,-2.99,20.95,0.397,,1,1,17.699,0.2580
47.534,0.3981,0.9347,0.3648,0.9439,-3.04,21.26,0.366,,1,1,17.699,0.2580
47.581,0.3753,0.9383,0.3260,0.9463,-3.17,20.66,0.319,,1,1,17.699,0.2580
47.618,0.3522,0.9362,0.2890,0.9302,-3.37,20.89,0.338,,1,1,17.699,0.2580
47.644,0.3366,0.9332,0.2749,0.9211,-3.43,20.86,0.352,,1,1,17.699,0.2580
47.671,0.3218,0.9273,0.2662,0.9042,-3.30,20.98,0.381,,1,1,17.699,0.2580
47.699,0.3086,0.9212,0.2604,0.8981,-3.26,22.03,0.400,,1,1,17.699,0.2580
47.727,0.2964,0.9147,0.2526,0.8905,-3.13,22.59,0.409,,1,1,17.699,0.2580
47.753,0.2866,0.9074,0.2480,0.8777,-2.99,22.35,0.414,,1,1,17.699,0.2580
47.805,0.2691,0.8888,0.2359,0.8524,-3.08,22.52,0.431,,1,1,17.699,0.2580
47.838,0.2611,0.8798,0.2362,0.8513,-3.12,22.30,0.447,,1,1,17.699,0.2580
47.871,0.2547,0.8735,0.2353,0.8538,-3.17,22.41,0.446,,1,1,17.699,0.2580
47.904,0.2515,0.8711,0.2410,0.8635,-3.13,22.98,0.453,,1,1,17.699,0.2580
47.933,0.2465,0.8654,0.2293,0.8455,-3.25,22.66,0.471,,1,1,17.699,0.2580
47.968,0.2382,0.8541,0.2135,0.8203,-3.17,22.87,0.481,,1,1,17.699,0.2580
47.998,0.2335,0.8468,0.2174,0.8220,-3.17,22.80,0.477,,1,1,17.699,0.2580
48.030,0.2299,0.8440,0.2182,0.8349,-3.44,22.88,0.482,,1,1,17.699,0.2580
48.061,0.2341,0.8560,0.2482,0.8963,-3.55,21.78,0.366,,1,1,17.699,0.2580
48.093,0.2443,0.8797,0.2789,0.9598,-3.20,21.23,0.307,,1,1,17.699,0.2580
48.141,0.2578,0.9020,0.2873,0.9500,-3.43,20.81,0.282,,1,1,17.699,0.2580
48.173,0.2661,0.9138,0.2933,0.9518,-3.48,20.43,0.289,,1,1,17.699,0.2580
48.205,0.2729,0.9255,0.2957,0.9641,-3.11,20.38,0.296,,1,1,17.699,0.2580
48.236,0.2789,0.9382,0.2985,0.9788,-2.80,20.78,0.314,,1,1,17.699,0.2580
48.269,0.2837,0.9482,0.2992,0.9792,-2.83,21.33,0.327,,1,1,17.699,0.2580
48.301,0.2865,0.9555,0.2955,0.9795,-2.67,21.44,0.329,,1,1,17.699,0.2580
48.332,0.2891,0.9615,0.2976,0.9805,-2.75,21.64,0.331,,1,1,17.699,0.2580
48.365,0.2913,0.9661,0.2985,0.9810,-2.72,21.78,0.336,,1,1,17.699,0.2580
48.396,0.2938,0.9694,0.3023,0.9803,-2.51,21.66,0.338,,1,1,17.699,0.2580
48.430,0.2980,0.9736,0.3107,0.9862,-2.44,21.61,0.345,,1,1,17.699,0.2580
48.462,0.3020,0.9761,0.3151,0.9841,-2.41,21.51,0.342,,1,1,17.699,0.2580
48.495,0.3048,0.9775,0.3138,0.9820,-2.24,20.58,0.343,,1,1,17.699,0.2580
48.527,0.3058,0.9785,0.3090,0.9818,-2.35,20.72,0.347,,1,1,17.699,0.2580
48.555,0.3048,0.9810,0.3013,0.9901,-2.21,20.50,0.345,,1,1,17.699,0.2580
48.589,0.3037,0.9833,0.3001,0.9905,-2.42,20.75,0.344,,1,1,17.699,0.2580
48.621,0.3018,0.9847,0.2952,0.9896,-2.72,20.62,0.343,,1,1,17.699,0.2580
48.653,0.2991,0.9870,0.2901,0.9942,-2.82,20.51,0.338,,1,1,17.699,0.2580
48.700,0.2940,0.9845,0.2831,0.9793,-2.67,21.33,0.348,,1,1,17.699,0.2580
48.733,0.2900,0.9838,0.2764,0.9814,-2.62,21.30,0.348,,1,1,17.699,0.2580
48.765,0.2822,0.9834,0.2570,0.9820,-2.83,21.25,0.360,,1,1,17.699,0.2580
48.797,0.2717,0.9783,0.2375,0.9613,-2.88,21.18,0.394,,1,1,17.699,0.2580
48.828,0.2596,0.9695,0.2194,0.9402,-3.00,22.03,0.426,,1,1,17.699,0.2580
48.865,0.2472,0.9609,0.2127,0.9363,-2.87,22.38,0.431,,1,1,17.699,0.2580
48.894,0.2373,0.9556,0.2022,0.9369,-3.11,22.22,0.434,,1,1,17.699,0.2580
48.927,0.2261,0.9491,0.1911,0.9281,-3.24,22.15,0.443,,1,1,17.699,0.2580
48.957,0.2177,0.9440,0.1890,0.9266,-3.10,22.25,0.448,,1,1,17.699,0.2580
48.989,0.2103,0.9376,0.1863,0.9163,-3.34,22.14,0.449,,1,1,17.699,0.2580
49.022,0.1998,0.9226,0.1673,0.8757,-3.36,22.46,0.455,,1,1,17.699,0.2580
49.053,0.1912,0.9104,0.1624,0.8694,-3.25,22.57,0.460,,1,1,17.699,0.2580
49.085,0.1821,0.8969,0.1538,0.8552,-3.48,22.53,0.475,,1,1,17.699,0.2580
49.118,0.1752,0.8875,0.1531,0.8573,-3.38,22.63,0.472,,1,1,17.699,0.2580
49.149,0.1696,0.8797,0.1514,0.8542,-3.38,22.93,0.469,,1,1,17.699,0.2580
49.182,0.1644,0.8724,0.1483,0.8502,-3.50,22.79,0.474,,1,1,17.699,0.2580
49.212,0.1596,0.8681,0.1434,0.8534,-3.49,22.82,0.470,,1,1,17.699,0.2580
49.245,0.1537,0.8652,0.1347,0.8559,-3.60,22.75,0.472,,1,1,17.699,0.2580
49.293,0.1463,0.8629,0.1306,0.8579,-3.38,22.45,0.472,,1,1,17.699,0.2580
49.324,0.1415,0.8588,0.1246,0.8444,-3.30,22.46,0.473,,1,1,17.699,0.2580
49.356,0.1365,0.8542,0.1210,0.8403,-3.53,22.46,0.474,,1,1,17.699,0.2580
49.389,0.1322,0.8514,0.1188,0.8422,-3.53,22.97,0.475,,1,1,17.699,0.2580
49.419,0.1293,0.8494,0.1191,0.8428,-3.49,23.22,0.474,,1,1,17.699,0.2580
49.452,0.1264,0.8463,0.1173,0.8364,-3.57,23.15,0.477,,1,1,17.699,0.2580
49.486,0.1242,0.8437,0.1173,0.8355,-3.76,22.92,0.477,,1,1,17.699,0.2580
49.518,0.1221,0.8417,0.1156,0.8354,-3.88,22.66,0.476,,1,1,17.699,0.2580
49.550,0.1198,0.8408,0.1120,0.8378,-3.71,22.42,0.474,,1,1,17.699,0.2580
49.581,0.1176,0.8408,0.1102,0.8407,-3.54,21.95,0.475,,1,1,17.699,0.2580
49.614,0.1148,0.8398,0.1061,0.8368,-3.46,22.27,0.477,,1,1,17.699,0.2580
49.646,0.1117,0.8400,0.1014,0.8406,-3.56,22.37,0.478,,1,1,17.699,0.2580
49.680,0.1079,0.8406,0.0959,0.8424,-3.63,22.69,0.473,,1,1,17.699,0.2580
49.711,0.1035,0.8419,0.0888,0.8462,-3.64,23.05,0.471,,1,1,17.699,0.2580
49.741,0.0998,0.8432,0.0870,0.8480,-3.52,23.16,0.470,,1,1,17.699,0.2580
49.805,0.0964,0.8441,0.0909,0.8456,-3.39,22.88,0.476,,1,1,17.699,0.2580
49.851,0.0939,0.8423,0.0880,0.8382,-3.40,22.56,0.478,,1,1,17.699,0.2580
49.884,0.0929,0.8405,0.0896,0.8345,-3.70,21.98,0.474,,1,1,17.699,0.2580
49.912,0.0928,0.8383,0.0928,0.8299,-3.84,21.96,0.469,,1,1,17.699,0.2580
49.937,0.0940,0.8370,0.0988,0.8315,-3.89,22.07,0.469,,1,1,17.699,0.2580
49.963,0.0970,0.8356,0.1099,0.8299,-3.86,21.98,0.467,,1,1,17.699,0.2580
49.991,0.1006,0.8334,0.1138,0.8255,-3.88,22.56,0.472,,1,1,17.699,0.2580
50.018,0.1057,0.8292,0.1253,0.8129,-3.62,22.39,0.472,,1,1,17.699,0.2580
50.045,0.1098,0.8239,0.1260,0.8028,-3.73,22.49,0.478,,1,1,17.699,0.2580
50.076,0.1149,0.8157,0.1324,0.7883,-3.74,22.43,0.477,,1,1,17.699,0.2580
50.109,0.1216,0.8098,0.1424,0.7912,-3.75,22.28,0.476,,1,1,17.699,0.2580
50.139,0.1277,0.8043,0.1492,0.7853,-3.60,22.29,0.475,,1,1,17.699,0.2580
50.207,0.1337,0.7724,0.1430,0.7237,-3.56,21.81,0.485,,1,1,17.699,0.2580
50.238,0.1365,0.7612,0.1460,0.7238,-3.43,22.67,0.484,,1,1,17.699,0.2580
50.269,0.1410,0.7515,0.1558,0.7198,-3.38,22.39,0.486,,1,1,17.699,0.2580
50.301,0.1427,0.7407,0.1486,0.7042,-3.29,22.76,0.482,,1,1,17.699,0.2580
50.333,0.1419,0.7284,0.1396,0.6903,-3.06,22.89,0.472,,1,1,17.699,0.2580
50.364,0.1400,0.7166,0.1333,0.6784,-3.28,23.01,0.456,,1,1,17.699,0.2580
50.414,0.1342,0.7059,0.1219,0.6835,-2.85,23.06,0.424,,1,1,17.699,0.2580
50.445,0.1315,0.7040,0.1223,0.6978,-2.74,22.36,0.318,,1,1,17.699,0.2580
50.472,0.1293,0.7044,0.1205,0.7058,-2.77,21.98,0.281,,1,1,17.699,0.2580
50.499,0.1269,0.7052,0.1180,0.7085,-2.55,22.40,0.288,,1,1,17.699,0.2580
50.527,0.1187,0.7052,0.0873,0.7051,-2.70,22.81,0.324,,1,1,17.699,0.2580
50.554,0.1090,0.6999,0.0706,0.6792,-2.55,22.83,0.369,,1,1,17.699,0.2580
50.606,0.0928,0.6885,0.0607,0.6659,-2.82,22.29,0.405,,1,1,17.699,0.2580
50.637,0.0837,0.6829,0.0537,0.6641,-2.69,22.14,0.415,,1,1,17.699,0.2580
50.671,0.0751,0.6781,0.0494,0.6639,-2.79,21.99,0.425,,1,1,17.699,0.2580
50.703,0.0692,0.6753,0.0497,0.6660,-2.74,22.18,0.431,,1,1,17.699,0.2580
50.734,0.0645,0.6726,0.0488,0.6634,-2.90,22.69,0.434,,1,1,17.699,0.2580
50.766,0.0595,0.6682,0.0435,0.6540,-3.03,22.68,0.436,,1,1,17.699,0.2580
50.795,0.0566,0.6653,0.0460,0.6550,-3.36,22.12,0.444,,1,1,17.699,0.2580
50.829,0.0542,0.6631,0.0471,0.6564,-3.45,22.21,0.448,,1,1,17.699,0.2580
50.862,0.0528,0.6611,0.0482,0.6547,-3.47,22.12,0.450,,1,1,17.699,0.2580
50.893,0.0518,0.6575,0.0486,0.6454,-3.55,22.13,0.448,,1,1,17.699,0.2580
50.924,0.0508,0.6545,0.0475,0.6445,-3.45,22.03,0.450,,1,1,17.699,0.2580
50.958,0.0505,0.6516,0.0494,0.6423,-3.13,22.57,0.453,,1,1,17.699,0.2580
51.005,0.0548,0.6459,0.0643,0.6332,-3.05,22.40,0.458,,1,1,17.699,0.2580
51.038,0.0581,0.6426,0.0685,0.6323,-2.87,22.90,0.457,,1,1,17.699,0.2580
51.070,0.0645,0.6356,0.0859,0.6130,-2.72,22.59,0.466,,1,1,17.699,0.2580
51.101,0.0699,0.6282,0.0879,0.6034,-2.86,21.33,0.464,,1,1,17.699,0.2580
51.134,0.0744,0.6215,0.0891,0.6004,-2.86,21.28,0.468,,1,1,17.699,0.2580
51.165,0.0789,0.6163,0.0939,0.5988,-2.89,21.54,0.467,,1,1,17.699,0.2580
51.198,0.0827,0.6106,0.0951,0.5923,-2.82,21.58,0.468,,1,1,17.699,0.2580
51.229,0.0860,0.6069,0.0968,0.5948,-2.77,21.64,0.472,,1,1,17.699,0.2580
51.260,0.0901,0.6016,0.1042,0.5838,-2.79,21.09,0.466,,1,1,17.699,0.2580
51.292,0.0933,0.5974,0.1034,0.5836,-2.65,21.54,0.469,,1,1,17.699,0.2580
51.327,0.0955,0.5920,0.1023,0.5753,-2.69,21.97,0.460,,1,1,17.699,0.2580
51.356,0.0967,0.5861,0.1008,0.5660,-2.51,22.01,0.459,,1,1,17.699,0.2580
51.389,0.0977,0.5816,0.1010,0.5675,-2.56,21.82,0.457,,1,1,17.699,0.2580
51.420,0.0982,0.5781,0.1001,0.5662,-2.46,21.63,0.457,,1,1,17.699,0.2580
51.453,0.0988,0.5746,0.1005,0.5634,-2.52,21.70,0.455,,1,1,17.699,0.2580
51.485,0.0991,0.5719,0.1003,0.5634,-2.53,21.48,0.455,,1,1,17.699,0.2580
51.517,0.0983,0.5705,0.0957,0.5658,-2.55,21.85,0.457,,1,1,17.699,0.2580
51.566,0.0976,0.5695,0.0960,0.5673,-2.51,21.37,0.456,,1,1,17.699,0.2580
51.598,0.0978,0.5686,0.0982,0.5659,-2.47,21.53,0.456,,1,1,17.699,0.2580
51.631,0.0972,0.5671,0.0953,0.5624,-2.34,21.61,0.460,,1,1,17.699,0.2580
51.663,0.0953,0.5651,0.0890,0.5584,-2.46,21.22,0.462,,1,1,17.699,0.2580
51.693,0.0941,0.5634,0.0897,0.5575,-2.59,21.19,0.461,,1,1,17.699,0.2580
51.724,0.0923,0.5623,0.0864,0.5587,-2.49,21.38,0.460,,1,1,17.699,0.2580
51.756,0.0910,0.5614,0.0867,0.5584,-2.41,21.47,0.459,,1,1,17.699,0.2580
51.789,0.0893,0.5614,0.0839,0.5614,-2.34,21.88,0.457,,1,1,17.699,0.2580
51.820,0.0867,0.5597,0.0776,0.5539,-2.46,21.57,0.458,,1,1,17.699,0.2580
51.855,0.0850,0.5601,0.0800,0.5612,-2.40,21.56,0.452,,1,1,17.699,0.2580
51.885,0.0837,0.5605,0.0794,0.5620,-2.28,21.85,0.455,,1,1,17.699,0.2580
51.918,0.0830,0.5601,0.0807,0.5586,-2.28,21.81,0.456,,1,1,17.699,0.2580
51.949,0.0829,0.5598,0.0825,0.5590,-2.23,21.75,0.457,,1,1,17.699,0.2580
51.981,0.0823,0.5592,0.0804,0.5569,-2.23,21.86,0.454,,1,1,17.699,0.2580
52.013,0.0813,0.5590,0.0779,0.5586,-2.26,21.93,0.454,,1,1,17.699,0.2580
52.048,0.0807,0.5583,0.0788,0.5560,-2.41,21.95,0.456,,1,1,17.699,0.2580
52.077,0.0804,0.5577,0.0793,0.5555,-2.38,21.74,0.456,,1,1,17.699,0.2580
52.125,0.0818,0.5560,0.0848,0.5525,-2.44,21.59,0.454,,1,1,17.699,0.2580
52.157,0.0820,0.5550,0.0827,0.5517,-2.47,21.40,0.457,,1,1,17.699,0.2580
52.191,0.0812,0.5544,0.0789,0.5526,-2.53,21.74,0.458,,1,1,17.699,0.2580
52.220,0.0811,0.5538,0.0805,0.5517,-2.53,21.47,0.458,,1,1,17.699,0.2580
52.252,0.0821,0.5547,0.0857,0.5575,-2.48,21.00,0.458,,1,1,17.699,0.2580
52.285,0.0834,0.5551,0.0876,0.5564,-2.43,20.93,0.458,,1,1,17.699,0.2580
52.316,0.0837,0.5564,0.0847,0.5610,-2.53,20.92,0.459,,1,1,17.699,0.2580
52.350,0.0840,0.5572,0.0850,0.5596,-2.44,21.16,0.456,,1,1,17.699,0.2580
52.383,0.0841,0.5575,0.0841,0.5583,-2.42,20.94,0.456,,1,1,17.699,0.2580
52.412,0.0840,0.5576,0.0839,0.5583,-2.30,21.02,0.456,,1,1,17.699,0.2580
52.446,0.0840,0.5578,0.0840,0.5583,-2.42,21.41,0.456,,1,1,17.699,0.2580
52.477,0.0837,0.5579,0.0825,0.5584,-2.46,21.54,0.456,,1,1,17.699,0.2580
52.509,0.0844,0.5571,0.0866,0.5543,-2.45,21.51,0.456,,1,1,17.699,0.2580
52.540,0.0854,0.5567,0.0891,0.5555,-2.40,21.79,0.458,,1,1,17.699,0.2580
52.605,0.1034,0.5497,0.1332,0.5381,-2.32,21.50,0.455,,1,1,17.699,0.2580
52.636,0.1201,0.5454,0.1744,0.5310,-2.06,22.05,0.446,,1,1,17.699,0.2580
52.685,0.1433,0.5416,0.1938,0.5333,-2.08,22.35,0.428,,1,1,17.699,0.2580
52.716,0.1580,0.5405,0.2042,0.5370,-1.97,22.29,0.422,,1,1,17.699,0.2580
52.744,0.1689,0.5405,0.2087,0.5402,-1.90,22.22,0.420,,1,1,17.699,0.2580
52.772,0.1790,0.5391,0.2164,0.5337,-1.88,22.41,0.419,,1,1,17.699,0.2580
52.800,0.1893,0.5368,0.2267,0.5284,-1.85,22.52,0.420,,1,1,17.699,0.2580
52.826,0.1983,0.5336,0.2331,0.5208,-1.97,22.56,0.417,,1,1,17.699,0.2580
52.854,0.2054,0.5293,0.2314,0.5130,-2.11,21.99,0.420,,1,1,17.699,0.2580
52.882,0.2137,0.5235,0.2438,0.5020,-2.31,21.64,0.424,,1,1,17.699,0.2580
52.912,0.2219,0.5170,0.2500,0.4941,-2.17,21.02,0.429,,1,1,17.699,0.2580
52.948,0.2307,0.5098,0.2555,0.4892,-1.87,20.41,0.428,,1,1,17.699,0.2580
53.004,0.2417,0.5023,0.2619,0.4883,-1.89,21.66,0.432,,1,1,17.699,0.2580
53.038,0.2472,0.4987,0.2637,0.4878,-1.88,21.57,0.433,,1,1,17.699,0.2580
53.068,0.2512,0.4962,0.2646,0.4877,-1.92,21.89,0.436,,1,1,17.699,0.2580
53.102,0.2556,0.4946,0.2691,0.4897,-1.74,22.01,0.436,,1,1,17.699,0.2580
53.134,0.2589,0.4929,0.2694,0.4872,-1.77,21.65,0.438,,1,1,17.699,0.2580
53.165,0.2624,0.4921,0.2742,0.4894,-1.66,21.07,0.440,,1,1,17.699,0.2580
53.198,0.2655,0.4908,0.2756,0.4866,-1.61,21.12,0.436,,1,1,17.699,0.2580
53.230,0.2692,0.4897,0.2810,0.4860,-1.41,20.20,0.436,,1,1,17.699,0.2580
53.276,0.2740,0.4885,0.2846,0.4858,-1.56,19.60,0.436,,1,1,17.699,0.2580
53.305,0.2765,0.4882,0.2858,0.4870,-1.72,19.54,0.436,,1,1,17.699,0.2580
53.332,0.2784,0.4880,0.2858,0.4875,-1.69,19.51,0.437,,1,1,17.699,0.2580
53.359,0.2803,0.4866,0.2877,0.4810,-1.70,19.86,0.440,,1,1,17.699,0.2580
53.404,0.2828,0.4854,0.2884,0.4825,-1.79,20.19,0.441,,1,1,17.699,0.2580
53.436,0.2849,0.4845,0.2920,0.4815,-1.58,20.04,0.442,,1,1,17.699,0.2580
53.470,0.2878,0.4831,0.2968,0.4789,-1.54,19.38,0.445,,1,1,17.699,0.2580
53.501,0.2897,0.4813,0.2958,0.4749,-1.68,20.16,0.447,,1,1,17.699,0.2580
53.534,0.2908,0.4798,0.2945,0.4751,-1.85,20.62,0.447,,1,1,17.699,0.2580
53.567,0.2929,0.4828,0.2993,0.4924,-1.95,20.13,0.435,,1,1,17.699,0.2580
53.599,0.2964,0.4910,0.3079,0.5183,-1.94,20.00,0.422,,1,1,17.699,0.2580
53.630,0.2994,0.5001,0.3095,0.5311,-1.78,20.14,0.418,,1,1,17.699,0.2580
53.662,0.3013,0.5076,0.3075,0.5317,-1.84,20.01,0.418,,1,1,17.699,0.2580
53.692,0.3015,0.5133,0.3025,0.5332,-1.88,20.10,0.419,,1,1,17.699,0.2580
53.727,0.3024,0.5158,0.3050,0.5233,-1.93,19.92,0.418,,1,1,17.699,0.2580
53.757,0.3040,0.5150,0.3095,0.5120,-1.78,19.69,0.427,,1,1,17.699,0.2580
53.791,0.3058,0.5137,0.3114,0.5100,-1.79,20.07,0.428,,1,1,17.699,0.2580
53.838,0.3091,0.5108,0.3165,0.5042,-1.87,20.29,0.448,,1,1,17.699,0.2580
53.868,0.3119,0.5086,0.3219,0.5008,-1.94,20.00,0.453,,1,1,17.699,0.2580
53.902,0.3140,0.5064,0.3205,0.4994,-2.01,20.26,0.454,,1,1,17.699,0.2580
53.933,0.3148,0.5036,0.3175,0.4944,-1.92,20.42,0.459,,1,1,17.699,0.2580
53.966,0.3181,0.5004,0.3290,0.4896,-1.92,20.36,0.471,,1,1,17.699,0.2580
53.997,0.3203,0.4957,0.3277,0.4801,-1.99,20.25,0.483,,1,1,17.699,0.2580
54.029,0.3223,0.4891,0.3286,0.4676,-2.03,20.20,0.501,,1,1,17.699,0.2580
54.062,0.3247,0.4826,0.3321,0.4622,-2.46,19.99,0.505,,1,1,17.699,0.2580
54.093,0.3284,0.4754,0.3410,0.4511,-2.57,20.22,0.512,,1,1,17.699,0.2580
54.126,0.3341,0.4657,0.3524,0.4352,-2.46,20.05,0.517,,1,1,17.699,0.2580
54.158,0.3462,0.4553,0.3856,0.4213,-2.29,19.84,0.523,,1,1,17.699,0.2580
54.188,0.3580,0.4461,0.3982,0.4150,-2.76,20.11,0.520,,1,1,17.699,0.2580
54.220,0.3681,0.4383,0.4012,0.4124,-2.63,20.04,0.517,,1,1,17.699,0.2580
54.254,0.3786,0.4298,0.4105,0.4041,-2.57,19.77,0.520,,1,1,17.699,0.2580
54.286,0.3857,0.4242,0.4092,0.4060,-2.40,20.02,0.521,,1,1,17.699,0.2580
54.317,0.3928,0.4198,0.4157,0.4054,-2.54,20.19,0.521,,1,1,17.699,0.2580
54.350,0.4005,0.4154,0.4248,0.4013,-2.49,20.18,0.522,,1,1,17.699,0.2580
54.398,0.4080,0.4106,0.4238,0.4005,-2.31,20.20,0.519,,1,1,17.699,0.2580
54.429,0.4124,0.4071,0.4273,0.3949,-2.28,19.89,0.520,,1,1,17.699,0.2580
54.460,0.4163,0.4033,0.4291,0.3910,-2.06,19.81,0.518,,1,1,17.699,0.2580
54.495,0.4207,0.4001,0.4341,0.3904,-2.05,19.70,0.514,,1,1,17.699,0.2580
54.525,0.4248,0.3969,0.4389,0.3859,-1.74,19.55,0.513,,1,1,17.699,0.2580
54.559,0.4278,0.3930,0.4368,0.3809,-1.73,19.76,0.518,,1,1,17.699,0.2580
54.588,0.4288,0.3890,0.4325,0.3748,-1.99,19.81,0.517,,1,1,17.699,0.2580
54.620,0.4203,0.3853,0.3926,0.3735,-1.87,19.50,0.509,,1,1,17.699,0.2580
54.653,0.4061,0.3831,0.3581,0.3759,-1.95,19.48,0.505,,1,1,17.699,0.2580
54.685,0.3918,0.3814,0.3470,0.3761,-1.89,19.78,0.506,,1,1,17.699,0.2580
54.717,0.3798,0.3793,0.3409,0.3725,-1.83,19.84,0.501,,1,1,17.699,0.2580
54.749,0.3690,0.3778,0.3338,0.3728,-2.07,20.04,0.501,,1,1,17.699,0.2580
54.781,0.3594,0.3764,0.3288,0.3716,-2.09,20.46,0.495,,1,1,17.699,0.2580
54.813,0.3515,0.3751,0.3262,0.3711,-1.94,20.50,0.494,,1,1,17.699,0.2580
54.844,0.3453,0.3733,0.3243,0.3670,-2.04,19.78,0.494,,1,1,17.699,0.2580
54.881,0.3390,0.3711,0.3212,0.3650,-1.81,19.81,0.493,,1,1,17.699,0.2580
54.909,0.3346,0.3688,0.3187,0.3603,-1.76,19.82,0.492,,1,1,17.699,0.2580
54.958,0.3277,0.3680,0.3129,0.3661,-1.54,19.92,0.486,,1,1,17.699,0.2580
54.989,0.3254,0.3738,0.3177,0.3936,-1.54,20.06,0.444,,1,1,17.699,0.2580
55.021,0.3230,0.3853,0.3152,0.4222,-1.43,19.58,0.359,,1,1,17.699,0.2580
55.052,0.3213,0.4008,0.3156,0.4534,-1.16,18.95,0.335,,1,1,17.699,0.2580
55.085,0.3180,0.4168,0.3075,0.4672,-1.15,18.89,0.338,,1,1,17.699,0.2580
55.117,0.3115,0.4297,0.2903,0.4714,-1.30,18.46,0.349,,1,1,17.699,0.2580
55.151,0.3064,0.4418,0.2910,0.4776,-1.13,18.66,0.351,,1,1,17.699,0.2580
55.181,0.3022,0.4502,0.2872,0.4792,-1.03,18.97,0.358,,1,1,17.699,0.2580
55.216,0.2993,0.4588,0.2907,0.4843,-0.99,19.51,0.362,,1,1,17.699,0.2580
55.245,0.2938,0.4657,0.2743,0.4903,-1.09,19.76,0.364,,1,1,17.699,0.2580
55.276,0.2882,0.4737,0.2699,0.4996,-0.91,19.82,0.366,,1,1,17.699,0.2580
55.309,0.2836,0.4813,0.2690,0.5049,-0.97,19.60,0.364,,1,1,17.699,0.2580
55.339,0.2788,0.4907,0.2625,0.5227,-0.97,20.69,0.370,,1,1,17.699,0.2580
55.405,0.2685,0.5059,0.2520,0.5297,-0.94,19.83,0.369,,1,1,17.699,0.2580
55.438,0.2648,0.5120,0.2524,0.5319,-1.25,20.19,0.369,,1,1,17.699,0.2580
55.471,0.2613,0.5167,0.2507,0.5310,-1.25,20.21,0.369,,1,1,17.699,0.2580
55.501,0.2583,0.5201,0.2482,0.5318,-1.33,19.83,0.368,,1,1,17.699,0.2580
55.549,0.2561,0.5267,0.2512,0.5408,-1.41,19.80,0.371,,1,1,17.699,0.2580
55.582,0.2522,0.5311,0.2398,0.5448,-1.13,20.47,0.370,,1,1,17.699,0.2580
55.609,0.2484,0.5343,0.2338,0.5467,-1.01,20.94,0.369,,1,1,17.699,0.2580
55.636,0.2461,0.5373,0.2373,0.5486,-1.07,20.78,0.368,,1,1,17.699,0.2580
55.663,0.2445,0.5401,0.2383,0.5512,-1.04,20.60,0.365,,1,1,17.699,0.2580
55.688,0.2490,0.5432,0.2673,0.5560,-0.77,20.47,0.350,,1,1,17.699,0.2580
55.718,0.2593,0.5445,0.2962,0.5489,-0.97,19.85,0.317,,1,1,17.699,0.2580
55.744,0.2678,0.5466,0.3024,0.5549,-0.82,19.53,0.307,,1,1,17.699,0.2580
55.804,0.2892,0.5458,0.3265,0.5446,-0.52,19.19,0.311,,1,1,17.699,0.2580
55.837,0.2992,0.5452,0.3301,0.5430,-0.55,19.52,0.316,,1,1,17.699,0.2580
55.870,0.3073,0.5445,0.3328,0.5424,-0.72,19.38,0.323,,1,1,17.699,0.2580
55.902,0.3150,0.5437,0.3406,0.5411,-0.77,18.71,0.316,,1,1,17.699,0.2580
55.933,0.3319,0.5478,0.3870,0.5612,-0.66,18.13,0.220,,1,1,17.699,0.2580
55.965,0.3490,0.5536,0.4032,0.5724,-0.54,16.89,0.179,,1,1,17.699,0.2580
55.998,0.3665,0.5566,0.4200,0.5664,-0.85,16.34,0.186,,1,1,17.699,0.2580
56.030,0.3796,0.5603,0.4213,0.5724,-0.91,15.59,0.187,,1,1,17.699,0.2580
56.063,0.3903,0.5639,0.4232,0.5753,-1.07,15.15,0.184,,1,1,17.699,0.2580
56.108,0.4039,0.5626,0.4348,0.5598,-0.81,15.86,0.193,,1,1,17.699,0.2580
56.141,0.4123,0.5605,0.4378,0.5535,-0.79,16.03,0.198,,1,1,17.699,0.2580
56.168,0.4176,0.5587,0.4387,0.5516,-0.75,16.28,0.200,,1,1,17.699,0.2580
56.204,0.4222,0.5562,0.4346,0.5492,-0.79,16.10,0.206,,1,1,17.699,0.2580
56.238,0.4221,0.5493,0.4219,0.5275,-1.09,16.53,0.232,,1,1,17.699,0.2580
56.270,0.4202,0.5374,0.4140,0.4978,-1.04,17.06,0.268,,1,1,17.699,0.2580
56.300,0.4205,0.5263,0.4216,0.4883,-0.90,17.61,0.277,,1,1,17.699,0.2580
56.333,0.4225,0.5164,0.4288,0.4854,-0.82,18.32,0.288,,1,1,17.699,0.2580
56.365,0.4238,0.5076,0.4281,0.4790,-0.99,18.47,0.296,,1,1,17.699,0.2580
56.396,0.4249,0.4999,0.4285,0.4746,-1.15,18.41,0.309,,1,1,17.699,0.2580
56.429,0.4260,0.4937,0.4296,0.4737,-0.97,17.81,0.305,,1,1,17.699,0.2580
56.462,0.4268,0.4885,0.4293,0.4727,-1.02,18.00,0.311,,1,1,17.699,0.2580
56.494,0.4275,0.4851,0.4296,0.4742,-0.98,18.71,0.319,,1,1,17.699,0.2580
56.526,0.4276,0.4827,0.4282,0.4748,-1.07,18.87,0.322,,1,1,17.699,0.2580
56.557,0.4275,0.4812,0.4270,0.4761,-1.14,18.98,0.323,,1,1,17.699,0.2580
56.589,0.4270,0.4803,0.4255,0.4775,-1.09,19.14,0.319,,1,1,17.699,0.2580
56.621,0.4264,0.4796,0.4243,0.4773,-1.06,19.14,0.322,,1,1,17.699,0.2580
56.669,0.4254,0.4774,0.4231,0.4727,-1.07,19.44,0.337,,1,1,17.699,0.2580
56.701,0.4231,0.4728,0.4156,0.4574,-1.09,20.17,0.360,,1,1,17.699,0.2580
56.732,0.4181,0.4618,0.4012,0.4252,-1.30,19.82,0.403,,1,1,17.699,0.2580
56.764,0.4118,0.4487,0.3911,0.4062,-1.50,20.07,0.446,,1,1,17.699,0.2580
56.798,0.4060,0.4351,0.3878,0.3938,-1.50,20.27,0.481,,1,1,17.699,0.2580
56.829,0.4011,0.4243,0.3843,0.3880,-1.37,19.89,0.481,,1,1,17.699,0.2580
56.860,0.3959,0.4122,0.3787,0.3733,-1.53,19.83,0.484,,1,1,17.699,0.2580
56.894,0.3915,0.4021,0.3781,0.3719,-1.56,19.37,0.491,,1,1,17.699,0.2580
56.926,0.3896,0.3924,0.3833,0.3600,-1.59,19.58,0.501,,1,1,17.699,0.2580
56.956,0.3875,0.3813,0.3805,0.3450,-2.03,19.22,0.513,,1,1,17.699,0.2580
56.988,0.3866,0.3684,0.3836,0.3269,-2.07,19.52,0.527,,1,1,17.699,0.2580
57.020,0.3868,0.3562,0.3875,0.3178,-2.04,19.40,0.522,,1,1,17.699,0.2580
57.053,0.3895,0.3465,0.3981,0.3165,-2.01,19.50,0.518,,1,1,17.699,0.2580
57.085,0.3921,0.3377,0.4006,0.3098,-2.15,19.07,0.524,,1,1,17.699,0.2580
57.117,0.3959,0.3287,0.4084,0.3002,-2.37,19.47,0.526,,1,1,17.699,0.2580
57.149,0.4003,0.3201,0.4148,0.2928,-2.22,19.10,0.519,,1,1,17.699,0.2580
57.182,0.4055,0.3110,0.4222,0.2825,-2.23,19.06,0.518,,1,1,17.699,0.2580
57.228,0.4156,0.2991,0.4386,0.2728,-1.94,19.47,0.522,,1,1,17.699,0.2580
57.262,0.4218,0.2921,0.4411,0.2710,-1.93,18.71,0.519,,1,1,17.699,0.2580
57.291,0.4272,0.2875,0.4467,0.2712,-2.02,18.75,0.520,,1,1,17.699,0.2580
57.324,0.4335,0.2832,0.4530,0.2697,-2.03,19.03,0.519,,1,1,17.699,0.2580
57.357,0.4396,0.2792,0.4594,0.2665,-1.89,18.99,0.518,,1,1,17.699,0.2580
57.388,0.4448,0.2774,0.4621,0.2715,-2.00,18.52,0.515,,1,1,17.699,0.2580
57.420,0.4493,0.2769,0.4638,0.2751,-2.08,18.42,0.515,,1,1,17.699,0.2580
57.452,0.4516,0.2751,0.4594,0.2692,-1.85,18.90,0.510,,1,1,17.699,0.2580
57.485,0.4531,0.2731,0.4578,0.2668,-1.85,18.96,0.507,,1,1,17.699,0.2580
57.519,0.4539,0.2708,0.4562,0.2638,-1.79,18.64,0.506,,1,1,17.699,0.2580
57.549,0.4542,0.2690,0.4553,0.2629,-1.92,17.90,0.508,,1,1,17.699,0.2580
57.581,0.4543,0.2681,0.4549,0.2650,-2.04,17.82,0.504,,1,1,17.699,0.2580
57.613,0.4545,0.2678,0.4550,0.2669,-1.98,17.91,0.505,,1,1,17.699,0.2580
57.646,0.4542,0.2677,0.4533,0.2673,-1.74,17.95,0.503,,1,1,17.699,0.2580
57.677,0.4528,0.2677,0.4479,0.2677,-1.78,17.40,0.502,,1,1,17.699,0.2580
57.712,0.4506,0.2679,0.4438,0.2684,-1.76,17.72,0.505,,1,1,17.699,0.2580
57.741,0.4495,0.2690,0.4454,0.2731,-1.35,17.72,0.500,,1,1,17.699,0.2580
57.822,0.4443,0.2726,0.4377,0.2774,-1.46,17.57,0.493,,1,1,17.699,0.2580
57.853,0.4416,0.2742,0.4323,0.2796,-1.48,18.24,0.492,,1,1,17.699,0.2580
57.880,0.4391,0.2755,0.4292,0.2805,-1.48,18.57,0.491,,1,1,17.699,0.2580
57.908,0.4362,0.2756,0.4254,0.2759,-1.45,18.96,0.493,,1,1,17.699,0.2580
57.933,0.4373,0.2739,0.4422,0.2670,-1.46,19.00,0.490,,1,1,17.699,0.2580
57.960,0.4446,0.2719,0.4734,0.2638,-1.42,19.14,0.491,,1,1,17.699,0.2580
57.986,0.4520,0.2716,0.4818,0.2702,-1.54,19.03,0.494,,1,1,17.699,0.2580
58.015,0.4605,0.2710,0.4917,0.2689,-1.66,18.89,0.497,,1,1,17.699,0.2580
58.044,0.4697,0.2696,0.5020,0.2646,-1.54,18.99,0.497,,1,1,17.699,0.2580
58.077,0.4824,0.2658,0.5223,0.2535,-1.54,18.17,0.499,,1,1,17.699,0.2580
58.109,0.4938,0.2625,0.5314,0.2516,-1.47,17.88,0.498,,1,1,17.699,0.2580
58.140,0.5058,0.2591,0.5461,0.2471,-1.45,17.77,0.498,,1,1,17.699,0.2580
58.205,0.5288,0.2524,0.5645,0.2417,-1.65,18.13,0.499,,1,1,17.699,0.2580
58.237,0.5403,0.2485,0.5780,0.2354,-1.72,18.26,0.499,,1,1,17.699,0.2580
58.269,0.5527,0.2450,0.5915,0.2340,-1.83,17.13,0.498,,1,1,17.699,0.2580
58.303,0.5651,0.2428,0.6031,0.2359,-1.73,16.70,0.498,,1,1,17.699,0.2580
58.335,0.5766,0.2412,0.6122,0.2362,-1.66,17.60,0.496,,1,1,17.699,0.2580
58.381,0.5947,0.2377,0.6355,0.2296,-1.48,17.16,0.498,,1,1,17.699,0.2580
58.415,0.6066,0.2348,0.6417,0.2259,-1.42,16.73,0.500,,1,1,17.699,0.2580
58.442,0.6144,0.2326,0.6442,0.2240,-1.43,16.65,0.501,,1,1,17.699,0.2580
58.469,0.6214,0.2313,0.6485,0.2261,-1.66,15.63,0.502,,1,1,17.699,0.2580
58.495,0.6289,0.2312,0.6575,0.2304,-1.50,15.42,0.499,,1,1,17.699,0.2580
58.524,0.6359,0.2314,0.6601,0.2321,-1.65,16.38,0.501,,1,1,17.699,0.2580
58.551,0.6416,0.2311,0.6636,0.2300,-1.64,16.15,0.500,,1,1,17.699,0.2580
58.605,0.6490,0.2284,0.6630,0.2233,-1.53,15.88,0.500,,1,1,17.699,0.2580
58.636,0.6546,0.2267,0.6731,0.2209,-1.35,15.96,0.500,,1,1,17.699,0.2580
58.668,0.6605,0.2259,0.6794,0.2233,-1.43,15.19,0.499,,1,1,17.699,0.2580
58.701,0.6661,0.2247,0.6833,0.2207,-1.36,15.77,0.499,,1,1,17.699,0.2580
58.732,0.6702,0.2236,0.6839,0.2201,-1.38,15.80,0.499,,1,1,17.699,0.2580
58.765,0.6733,0.2231,0.6832,0.2216,-1.71,16.17,0.499,,1,1,17.699,0.2580
58.797,0.6774,0.2251,0.6904,0.2315,-1.68,16.60,0.501,,1,1,17.699,0.2580
58.833,0.6814,0.2290,0.6934,0.2406,-1.66,16.18,0.501,,1,1,17.699,0.2580
58.863,0.6837,0.2316,0.6919,0.2410,-1.86,17.00,0.503,,1,1,17.699,0.2580
58.893,0.6860,0.2326,0.6936,0.2361,-1.94,16.17,0.504,,1,1,17.699,0.2580
58.941,0.6890,0.2319,0.6957,0.2304,-1.93,16.06,0.504,,1,1,17.699,0.2580
58.973,0.6904,0.2312,0.6951,0.2289,-1.91,16.04,0.503,,1,1,17.699,0.2580
59.005,0.6923,0.2305,0.6981,0.2280,-2.00,14.45,0.500,,1,1,17.699,0.2580
59.037,0.6939,0.2299,0.6992,0.2282,-1.95,14.50,0.498,,1,1,17.699,0.2580
59.069,0.6949,0.2295,0.6982,0.2279,-1.90,14.84,0.498,,1,1,17.699,0.2580
59.101,0.6957,0.2289,0.6982,0.2270,-1.87,14.28,0.500,,1,1,17.699,0.2580
59.134,0.6949,0.2268,0.6926,0.2198,-1.76,14.50,0.499,,1,1,17.699,0.2580
59.165,0.6946,0.2254,0.6935,0.2210,-1.68,14.65,0.501,,1,1,17.699,0.2580
59.198,0.6950,0.2258,0.6961,0.2268,-1.61,14.14,0.500,,1,1,17.699,0.2580
59.229,0.6959,0.2260,0.6989,0.2268,-1.62,14.32,0.498,,1,1,17.699,0.2580
59.260,0.6976,0.2256,0.7035,0.2243,-1.67,14.50,0.498,,1,1,17.699,0.2580
59.294,0.6996,0.2252,0.7058,0.2240,-1.70,14.72,0.500,,1,1,17.699,0.2580
59.325,0.7011,0.2248,0.7064,0.2232,-1.75,15.70,0.502,,1,1,17.699,0.2580
59.358,0.7045,0.2244,0.7154,0.2231,-1.79,15.36,0.501,,1,1,17.699,0.2580
59.389,0.7088,0.2252,0.7230,0.2278,-1.85,15.23,0.503,,1,1,17.699,0.2580
59.421,0.7129,0.2241,0.7265,0.2205,-1.68,15.19,0.500,,1,1,17.699,0.2580
59.452,0.7166,0.2231,0.7289,0.2198,-1.62,15.07,0.500,,1,1,17.699,0.2580
59.484,0.7208,0.2229,0.7348,0.2225,-1.67,15.38,0.497,,1,1,17.699,0.2580
59.533,0.7281,0.2236,0.7436,0.2250,-1.92,15.24,0.501,,1,1,17.699,0.2580
59.564,0.7319,0.2241,0.7446,0.2256,-1.83,14.93,0.503,,1,1,17.699,0.2580
59.602,0.7352,0.2243,0.7444,0.2249,-1.90,14.60,0.498,,1,1,17.699,0.2580
59.631,0.7382,0.2252,0.7490,0.2286,-1.90,14.56,0.500,,1,1,17.699,0.2580
59.661,0.7405,0.2260,0.7484,0.2289,-1.96,14.97,0.498,,1,1,17.699,0.2580
59.694,0.7427,0.2271,0.7499,0.2305,-1.92,14.64,0.496,,1,1,17.699,0.2580
59.723,0.7440,0.2269,0.7485,0.2264,-1.85,13.85,0.500,,1,1,17.699,0.2580
59.757,0.7451,0.2266,0.7487,0.2253,-1.86,13.34,0.498,,1,1,17.699,0.2580
59.790,0.7460,0.2251,0.7490,0.2206,-1.45,13.59,0.500,,1,1,17.699,0.2580
59.819,0.7467,0.2233,0.7489,0.2165,-1.45,13.17,0.501,,1,1,17.699,0.2580
59.853,0.7474,0.2211,0.7498,0.2142,-1.51,13.36,0.498,,1,1,17.699,0.2580
59.886,0.7487,0.2197,0.7529,0.2154,-1.55,13.01,0.497,,1,1,17.699,0.2580
59.917,0.7497,0.2196,0.7530,0.2190,-1.48,13.69,0.496,,1,1,17.699,0.2580
59.949,0.7508,0.2201,0.7544,0.2219,-1.38,13.91,0.495,,1,1,17.699,0.2580
59.982,0.7505,0.2209,0.7493,0.2234,-1.46,14.67,0.494,,1,1,17.699,0.2580
60.014,0.7508,0.2219,0.7518,0.2254,-1.37,14.35,0.496,,1,1,17.699,0.2580
60.046,0.7509,0.2233,0.7512,0.2278,-1.37,13.78,0.498,,1,1,17.699,0.2580
60.092,0.7511,0.2250,0.7515,0.2289,-1.39,13.78,0.497,,1,1,17.699,0.2580
60.125,0.7506,0.2256,0.7491,0.2274,-1.43,13.68,0.495,,1,1,17.699,0.2580
60.157,0.7501,0.2262,0.7483,0.2282,-1.57,13.61,0.493,,1,1,17.699,0.2580
60.190,0.7502,0.2272,0.7507,0.2306,-1.58,13.41,0.493,,1,1,17.699,0.2580
60.222,0.7507,0.2291,0.7523,0.2354,-1.55,13.79,0.490,,1,1,17.699,0.2580
60.252,0.7503,0.2301,0.7489,0.2337,-1.55,14.21,0.489,,1,1,17.699,0.2580
60.285,0.7499,0.2315,0.7487,0.2359,-1.61,15.16,0.488,,1,1,17.699,0.2580
60.317,0.7501,0.2328,0.7507,0.2371,-1.64,14.66,0.489,,1,1,17.699,0.2580
60.348,0.7513,0.2347,0.7555,0.2413,-1.61,14.42,0.493,,1,1,17.699,0.2580
60.383,0.7532,0.2379,0.7591,0.2476,-1.57,14.57,0.485,,1,1,17.699,0.2580
60.414,0.7573,0.2458,0.7710,0.2721,-1.22,14.97,0.440,,1,1,17.699,0.2580
60.445,0.7626,0.2619,0.7803,0.3153,-1.00,13.89,0.375,,1,1,17.699,0.2580
60.479,0.7696,0.2852,0.7920,0.3586,-1.02,13.39,0.359,,1,1,17.699,0.2580
60.509,0.7749,0.3061,0.7928,0.3734,-0.99,13.95,0.357,,1,1,17.699,0.2580
60.541,0.7804,0.3262,0.7982,0.3896,-0.93,14.83,0.363,,1,1,17.699,0.2580
60.605,0.7871,0.3534,0.7982,0.3966,-0.63,14.92,0.379,,1,1,17.699,0.2580
60.652,0.7913,0.3681,0.8004,0.3994,-0.63,15.28,0.385,,1,1,17.699,0.2580
60.685,0.7946,0.3769,0.8056,0.4051,-0.72,14.75,0.383,,1,1,17.699,0.2580
60.714,0.7977,0.3837,0.8085,0.4069,-0.86,14.49,0.382,,1,1,17.699,0.2580
60.741,0.8025,0.3917,0.8210,0.4216,-1.03,14.78,0.400,,1,1,17.699,0.2580
60.768,0.8077,0.3974,0.8290,0.4201,-1.05,14.51,0.399,,1,1,17.699,0.2580
60.795,0.8124,0.4021,0.8299,0.4194,-1.12,14.80,0.396,,1,1,17.699,0.2580
60.821,0.8165,0.4055,0.8329,0.4191,-1.01,14.16,0.397,,1,1,17.699,0.2580
60.848,0.8203,0.4080,0.8346,0.4173,-0.91,13.71,0.394,,1,1,17.699,0.2580
60.879,0.8245,0.4093,0.8389,0.4135,-1.01,14.65,0.395,,1,1,17.699,0.2580
60.909,0.8274,0.4092,0.8370,0.4089,-1.06,14.55,0.395,,1,1,17.699,0.2580
60.941,0.8293,0.4069,0.8354,0.3994,-0.72,14.91,0.393,,1,1,17.699,0.2580
61.004,0.8372,0.3969,0.8504,0.3803,-0.64,11.39,0.400,,1,1,17.699,0.2580
61.036,0.8450,0.3884,0.8708,0.3599,-0.84,12.11,0.410,,1,1,17.699,0.2580
61.070,0.8634,0.3710,0.9194,0.3167,-0.95,11.69,0.407,,1,1,17.699,0.2580
61.101,0.8634,0.3710,,,-2.02,-8.62,0.410,,1,1,17.699,0.2580
61.134,0.8634,0.3710,,,-2.03,-14.76,0.411,,1,1,17.699,0.2580
61.166,0.8634,0.3710,,,-2.57,-16.43,0.409,,1,1,17.699,0.2580
61.212,0.8634,0.3710,,,-2.62,-19.27,0.406,,1,1,17.699,0.2580
61.245,0.8634,0.3710,,,-3.04,-21.54,0.410,,1,1,17.699,0.2580
61.272,0.8634,0.3710,,,-3.07,-21.44,0.412,,1,1,17.699,0.2580
61.299,0.8634,0.3710,,,-2.70,-22.29,0.418,,1,1,17.699,0.2580
61.326,0.8634,0.3710,,,-3.15,-23.21,0.424,,1,1,17.699,0.2580
61.351,0.8634,0.3710,,,-2.56,-23.41,0.427,,1,1,17.699,0.2580
61.405,0.8634,0.3710,,,-2.51,-22.17,0.419,,1,1,17.699,0.2580
61.436,0.8634,0.3710,,,-3.08,-21.34,0.419,,1,1,17.699,0.2580
61.469,0.8634,0.3710,,,-2.99,-21.09,0.423,,1,1,17.699,0.2580
61.501,0.8634,0.3710,,,-2.82,-21.23,0.424,,1,1,17.699,0.2580
61.532,0.8634,0.3710,,,-2.75,-20.85,0.426,,1,1,17.699,0.2580
61.565,0.8634,0.3710,,,-3.02,-21.19,0.429,,1,1,17.699,0.2580
61.599,0.8634,0.3710,,,-3.06,-21.17,0.428,,1,1,17.699,0.2580
61.632,0.8634,0.3710,,,-2.97,-21.08,0.429,,1,1,17.699,0.2580
61.660,0.8634,0.3710,,,-2.92,-20.71,0.429,,1,1,17.699,0.2580
61.695,0.8634,0.3710,,,-3.06,-20.55,0.420,,1,1,17.699,0.2580
61.726,0.8634,0.3710,,,-2.77,-18.47,0.416,,1,1,17.699,0.2580
61.756,0.8634,0.3710,,,-3.08,-17.54,0.416,,1,1,17.699,0.2580
61.807,0.9927,0.3151,1.0197,0.3034,-2.05,-1.08,0.425,,1,1,17.699,0.2580
61.837,0.9740,0.3207,0.9073,0.3407,-1.25,13.31,0.428,,1,1,17.699,0.2580
61.872,0.9394,0.3355,0.8359,0.3803,-1.47,15.61,0.421,,1,1,17.699,0.2580
61.901,0.9021,0.3516,0.7726,0.4093,-1.30,17.96,0.425,,1,1,17.699,0.2580
61.934,0.8605,0.3656,0.7354,0.4096,-1.15,16.84,0.427,,1,1,17.699,0.2580
61.967,0.8264,0.3733,0.7253,0.3974,-1.35,13.18,0.424,,1,1,17.699,0.2580
61.998,0.8003,0.3784,0.7186,0.3951,-1.36,14.42,0.424,,1,1,17.699,0.2580
62.028,0.7848,0.3805,0.7349,0.3879,-1.29,12.76,0.428,,1,1,17.699,0.2580
62.062,0.7789,0.3805,0.7619,0.3805,-1.47,9.79,0.427,,1,1,17.699,0.2580
62.094,0.7753,0.3813,0.7636,0.3838,-1.62,13.05,0.426,,1,1,17.699,0.2580
62.125,0.7758,0.3808,0.7773,0.3791,-1.34,11.91,0.424,,1,1,17.699,0.2580
62.157,0.7785,0.3788,0.7873,0.3723,-1.48,11.51,0.427,,1,1,17.699,0.2580
62.189,0.7835,0.3738,0.7990,0.3575,-1.46,11.42,0.433,,1,1,17.699,0.2580
62.220,0.7891,0.3687,0.8078,0.3516,-1.42,11.20,0.437,,1,1,17.699,0.2580
62.252,0.7966,0.3639,0.8211,0.3479,-1.36,11.37,0.444,,1,1,17.699,0.2580
62.283,0.8035,0.3577,0.8270,0.3367,-1.59,11.38,0.442,,1,1,17.699,0.2580
62.317,0.8110,0.3446,0.8349,0.3040,-1.55,11.47,0.449,,1,1,17.699,0.2580
62.365,0.8236,0.3123,0.8513,0.2424,-1.83,11.06,0.461,,1,1,17.699,0.2580
62.400,0.8295,0.2856,0.8470,0.2085,-2.04,13.26,0.474,,1,1,17.699,0.2580
62.430,0.8350,0.2673,0.8544,0.2050,-2.10,12.93,0.474,,1,1,17.699,0.2580
62.460,0.8400,0.2531,0.8573,0.2060,-1.92,13.12,0.470,,1,1,17.699,0.2580
62.493,0.8439,0.2405,0.8563,0.2017,-1.64,11.19,0.472,,1,1,17.699,0.2580
62.526,0.8443,0.2300,0.8457,0.1979,-1.64,12.07,0.485,,1,1,17.699,0.2580
62.557,0.8347,0.2211,0.8018,0.1921,-1.64,12.96,0.494,,1,1,17.699,0.2580
62.589,0.8203,0.2153,0.7729,0.1970,-1.54,15.79,0.495,,1,1,17.699,0.2580
62.621,0.7957,0.2149,0.7148,0.2137,-1.19,16.04,0.490,,1,1,17.699,0.2580
62.653,0.7717,0.2152,0.6960,0.2161,-0.73,16.37,0.487,,1,1,17.699,0.2580
62.684,0.7514,0.2127,0.6860,0.2045,-0.83,16.36,0.488,,1,1,17.699,0.2580
62.718,0.7323,0.2048,0.6747,0.1805,-0.83,16.16,0.490,,1,1,17.699,0.2580
62.749,0.7185,0.1975,0.6742,0.1733,-0.86,16.30,0.487,,1,1,17.699,0.2580
62.781,0.7137,0.1892,0.6985,0.1622,-1.10,15.96,0.482,,1,1,17.699,0.2580
62.814,0.7176,0.1791,0.7293,0.1483,-1.10,13.15,0.483,,1,1,17.699,0.2580
62.844,0.7243,0.1721,0.7471,0.1483,-1.17,13.86,0.477,,1,1,17.699,0.2580
62.876,0.7333,0.1653,0.7628,0.1432,-1.27,13.27,0.482,,1,1,17.699,0.2580
62.924,0.7462,0.1540,0.7750,0.1295,-1.26,11.55,0.487,,1,1,17.699,0.2580
62.957,0.7551,0.1458,0.7837,0.1200,-1.32,13.26,0.486,,1,1,17.699,0.2580
62.990,0.7632,0.1396,0.7890,0.1204,-1.37,13.61,0.486,,1,1,17.699,0.2580
63.023,0.7725,0.1418,0.8023,0.1487,-1.16,14.38,0.478,,1,1,17.699,0.2580
63.053,0.7804,0.1425,0.8077,0.1450,-1.31,14.03,0.479,,1,1,17.699,0.2580
63.084,0.7882,0.1411,0.8136,0.1364,-1.41,13.10,0.480,,1,1,17.699,0.2580
63.116,0.7971,0.1372,0.8257,0.1247,-1.40,13.37,0.478,,1,1,17.699,0.2580
63.150,0.8101,0.1344,0.8495,0.1258,-1.22,12.77,0.477,,1,1,17.699,0.2580
63.182,0.8272,0.1319,0.8835,0.1235,-1.17,10.37,0.482,,1,1,17.699,0.2580
63.215,0.8460,0.1289,0.9040,0.1195,-1.11,10.35,0.473,,1,1,17.699,0.2580
63.246,0.8643,0.1244,0.9225,0.1094,-1.67,6.41,0.475,,1,1,17.699,0.2580
63.277,0.8783,0.1195,0.9259,0.1025,-1.46,12.24,0.482,,1,1,17.699,0.2580
63.310,0.8993,0.1115,0.9615,0.0868,-1.59,8.21,0.475,,1,1,17.699,0.2580
63.341,0.9228,0.1052,0.9968,0.0845,-1.92,5.58,0.478,,1,1,17.699,0.2580
63.404,0.9506,0.1018,0.9951,0.0960,-1.77,8.89,0.478,,1,1,17.699,0.2580
63.436,0.9506,0.1018,,,-2.01,-5.94,0.475,,1,1,17.699,0.2580
63.485,0.9779,0.0955,1.0123,0.0873,-1.97,1.96,0.480,,1,1,17.699,0.2580
63.516,0.9874,0.0939,1.0187,0.0887,-2.12,0.70,0.478,,1,1,17.699,0.2580
63.543,0.9935,0.0936,1.0157,0.0924,-2.10,1.86,0.477,,1,1,17.699,0.2580
63.571,0.9998,0.0952,1.0234,0.1015,-2.21,-0.88,0.477,,1,1,17.699,0.2580
63.596,1.0000,0.0964,1.0234,0.1011,-2.28,-2.26,0.480,,1,1,17.699,0.2580
63.622,1.0000,0.0974,1.0228,0.1018,-2.20,-2.59,0.480,,1,1,17.699,0.2580
63.651,1.0000,0.0957,1.0166,0.0895,-2.31,-3.05,0.479,,1,1,17.699,0.2580
63.680,1.0000,0.0949,0.9972,0.0918,-1.94,6.62,0.478,,1,1,17.699,0.2580
63.711,1.0000,0.0959,1.0002,0.0995,-1.93,5.16,0.479,,1,1,17.699,0.2580
63.743,1.0000,0.1002,0.9847,0.1146,-1.73,8.64,0.475,,1,1,17.699,0.2580
63.808,0.9795,0.1130,0.9450,0.1337,-1.98,4.16,0.484,,1,1,17.699,0.2580
63.837,0.9634,0.1232,0.9058,0.1596,-1.64,9.20,0.480,,1,1,17.699,0.2580
63.870,0.9418,0.1367,0.8737,0.1796,-1.78,11.93,0.478,,1,1,17.699,0.2580
63.900,0.9237,0.1539,0.8607,0.2140,-1.87,12.78,0.471,,1,1,17.699,0.2580
63.932,0.9042,0.1720,0.8423,0.2296,-1.65,11.92,0.474,,1,1,17.699,0.2580
63.965,0.8853,0.1888,0.8279,0.2399,-1.82,12.52,0.472,,1,1,17.699,0.2580
63.998,0.8680,0.2029,0.8156,0.2461,-1.94,15.13,0.474,,1,1,17.699,0.2580
64.030,0.8548,0.2144,0.8126,0.2514,-1.80,13.67,0.473,,1,1,17.699,0.2580
64.077,0.8402,0.2300,0.8088,0.2638,-1.71,11.45,0.470,,1,1,17.699,0.2580
64.109,0.8311,0.2413,0.8025,0.2767,-1.39,11.32,0.466,,1,1,17.699,0.2580
64.134,0.8256,0.2501,0.8031,0.2858,-1.25,12.00,0.469,,1,1,17.699,0.2580
64.158,0.8207,0.2582,0.8006,0.2915,-1.39,11.47,0.470,,1,1,17.699,0.2580
64.204,0.8125,0.2689,0.7938,0.2929,-1.50,11.43,0.468,,1,1,17.699,0.2580
64.238,0.8089,0.2758,0.7983,0.2965,-1.42,11.78,0.469,,1,1,17.699,0.2580
64.269,0.8094,0.2843,0.8108,0.3126,-1.28,11.30,0.474,,1,1,17.699,0.2580
64.302,0.8097,0.2919,0.8109,0.3149,-1.33,11.76,0.477,,1,1,17.699,0.2580
64.333,0.8096,0.2972,0.8093,0.3145,-1.43,12.32,0.476,,1,1,17.699,0.2580
64.364,0.8104,0.3008,0.8129,0.3128,-1.25,13.79,0.463,,1,1,17.699,0.2580
64.398,0.8189,0.3113,0.8456,0.3431,-1.27,14.32,0.388,,1,1,17.699,0.2580
64.429,0.8332,0.3296,0.8820,0.3898,-1.03,12.46,0.322,,1,1,17.699,0.2580
64.464,0.8542,0.3504,0.9168,0.4108,-0.90,11.24,0.312,,1,1,17.699,0.2580
64.493,0.8729,0.3648,0.9406,0.4156,-0.86,10.32,0.325,,1,1,17.699,0.2580
64.527,0.8896,0.3763,0.9400,0.4106,-0.84,11.17,0.334,,1,1,17.699,0.2580
64.562,0.9040,0.3848,0.9449,0.4090,-0.69,12.18,0.342,,1,1,17.699,0.2580
64.588,0.9164,0.3901,0.9651,0.4109,-0.69,11.81,0.348,,1,1,17.699,0.2580
64.636,0.9376,0.3959,0.9823,0.4083,-0.69,10.93,0.353,,1,1,17.699,0.2580
64.669,0.9495,0.3985,0.9866,0.4066,-0.74,10.12,0.360,,1,1,17.699,0.2580
64.701,0.9577,0.4005,0.9834,0.4070,-0.86,13.42,0.359,,1,1,17.699,0.2580
64.734,0.9674,0.4003,0.9971,0.3995,-0.98,11.09,0.359,,1,1,17.699,0.2580
64.765,0.9764,0.3986,1.0060,0.3931,-1.00,8.79,0.359,,1,1,17.699,0.2580
64.798,0.9831,0.3975,1.0039,0.3939,-1.06,9.18,0.359,,1,1,17.699,0.2580
64.830,0.9884,0.3968,1.0056,0.3946,-1.01,9.57,0.361,,1,1,17.699,0.2580
64.860,0.9932,0.3979,1.0095,0.4015,-1.14,9.26,0.356,,1,1,17.699,0.2580
64.893,0.9963,0.4003,1.0058,0.4079,-1.11,10.12,0.356,,1,1,17.699,0.2580
64.924,0.9982,0.4024,1.0045,0.4092,-1.28,11.96,0.357,,1,1,17.699,0.2580
64.956,1.0000,0.4085,1.0128,0.4287,-1.08,11.19,0.366,,1,1,17.699,0.2580
64.989,1.0000,0.4148,1.0106,0.4350,-1.01,11.03,0.364,,1,1,17.699,0.2580
65.020,1.0000,0.4231,1.0129,0.4509,-1.10,10.75,0.364,,1,1,17.699,0.2580
65.054,1.0000,0.4353,0.9844,0.4729,-1.05,11.09,0.350,,1,1,17.699,0.2580
65.085,0.9938,0.4449,0.9703,0.4771,-1.12,11.89,0.346,,1,1,17.699,0.2580
65.117,0.9877,0.4549,0.9676,0.4866,-1.16,12.41,0.339,,1,1,17.699,0.2580
65.149,0.9782,0.4754,0.9474,0.5402,-1.80,6.12,0.260,,1,1,17.699,0.2580
65.197,0.9709,0.5043,0.9545,0.5664,-1.59,8.91,0.224,,1,1,17.699,0.2580
65.228,0.9655,0.5207,0.9479,0.5729,-1.40,6.86,0.213,,1,1,17.699,0.2580
65.262,0.9608,0.5332,0.9458,0.5714,-1.13,7.88,0.221,,1,1,17.699,0.2580
65.294,0.9527,0.5439,0.9267,0.5773,-1.06,9.77,0.236,,1,1,17.699,0.2580
65.325,0.9446,0.5520,0.9175,0.5784,-1.02,9.60,0.242,,1,1,17.699,0.2580
65.361,0.9331,0.5605,0.8994,0.5848,-1.04,12.65,0.249,,1,1,17.699,0.2580
65.396,0.9202,0.5681,0.8823,0.5904,-1.17,12.51,0.257,,1,1,17.699,0.2580
65.427,0.9079,0.5741,0.8681,0.5934,-1.17,13.69,0.273,,1,1,17.699,0.2580
65.454,0.8986,0.5801,0.8633,0.6026,-1.08,13.65,0.286,,1,1,17.699,0.2580
65.484,0.8868,0.5871,0.8460,0.6111,-1.09,14.16,0.289,,1,1,17.699,0.2580
65.517,0.8760,0.5945,0.8428,0.6172,-1.10,13.92,0.298,,1,1,17.699,0.2580
65.550,0.8695,0.6002,0.8485,0.6186,-1.17,13.40,0.309,,1,1,17.699,0.2580
65.582,0.8648,0.6047,0.8503,0.6192,-1.26,13.40,0.311,,1,1,17.699,0.2580
65.613,0.8615,0.6076,0.8507,0.6170,-1.33,12.98,0.316,,1,1,17.699,0.2580
65.646,0.8565,0.6087,0.8408,0.6121,-1.39,14.45,0.323,,1,1,17.699,0.2580
65.679,0.8522,0.6098,0.8387,0.6133,-1.07,15.06,0.322,,1,1,17.699,0.2580
65.712,0.8471,0.6114,0.8315,0.6163,-1.11,13.91,0.322,,1,1,17.699,0.2580
65.742,0.8438,0.6124,0.8318,0.6159,-1.20,13.53,0.325,,1,1,17.699,0.2580
65.788,0.8402,0.6128,0.8322,0.6137,-1.18,13.45,0.332,,1,1,17.699,0.2580
65.821,0.8384,0.6130,0.8326,0.6136,-1.19,13.62,0.337,,1,1,17.699,0.2580
65.853,0.8370,0.6127,0.8324,0.6116,-1.22,13.84,0.336,,1,1,17.699,0.2580
65.887,0.8359,0.6127,0.8326,0.6129,-1.21,13.72,0.335,,1,1,17.699,0.2580
65.916,0.8372,0.6151,0.8417,0.6237,-1.15,14.01,0.339,,1,1,17.699,0.2580
65.949,0.8407,0.6184,0.8522,0.6291,-1.25,13.54,0.322,,1,1,17.699,0.2580
65.982,0.8463,0.6266,0.8640,0.6526,-1.26,11.61,0.241,,1,1,17.699,0.2580
66.012,0.8516,0.6321,0.8706,0.6512,-1.31,9.31,0.240,,1,1,17.699,0.2580
66.046,0.8577,0.6380,0.8761,0.6558,-1.74,8.08,0.201,,1,1,17.699,0.2580
66.076,0.8696,0.6403,0.9118,0.6486,-1.41,6.50,0.216,,1,1,17.699,0.2580
66.110,0.8795,0.6426,0.9100,0.6494,-1.47,7.62,0.221,,1,1,17.699,0.2580
66.143,0.8876,0.6436,0.9127,0.6469,-1.27,10.63,0.231,,1,1,17.699,0.2580
66.207,0.9021,0.6430,0.9262,0.6420,-1.38,9.87,0.241,,1,1,17.699,0.2580
66.237,0.9098,0.6417,0.9357,0.6374,-1.37,9.46,0.258,,1,1,17.699,0.2580
66.269,0.9188,0.6415,0.9473,0.6407,-1.47,8.86,0.263,,1,1,17.699,0.2580
66.301,0.9298,0.6420,0.9654,0.6438,-1.34,8.93,0.274,,1,1,17.699,0.2580
66.350,0.9443,0.6462,0.9750,0.6553,-1.74,11.30,0.285,,1,1,17.699,0.2580
66.380,0.9512,0.6482,0.9742,0.6552,-1.65,11.14,0.288,,1,1,17.699,0.2580
66.408,0.9561,0.6497,0.9741,0.6550,-1.61,10.93,0.290,,1,1,17.699,0.2580
66.435,0.9602,0.6518,0.9757,0.6603,-1.61,11.18,0.288,,1,1,17.699,0.2580
66.464,0.9651,0.6555,0.9827,0.6690,-1.55,10.17,0.290,,1,1,17.699,0.2580
66.490,0.9705,0.6617,0.9918,0.6865,-1.41,9.79,0.300,,1,1,17.699,0.2580
66.517,0.9762,0.6677,0.9986,0.6912,-1.46,10.59,0.302,,1,1,17.699,0.2580
66.548,0.9813,0.6729,0.9984,0.6906,-1.42,10.59,0.299,,1,1,17.699,0.2580
66.605,0.9875,0.6788,0.9985,0.6896,-1.57,9.91,0.299,,1,1,17.699,0.2580
66.638,0.9912,0.6825,1.0031,0.6940,-1.41,9.67,0.296,,1,1,17.699,0.2580
66.670,0.9925,0.6860,0.9966,0.6976,-1.62,11.10,0.299,,1,1,17.699,0.2580
66.702,0.9945,0.6899,1.0009,0.7024,-1.51,11.39,0.301,,1,1,17.699,0.2580
66.733,0.9977,0.6923,1.0089,0.7006,-1.50,10.67,0.297,,1,1,17.699,0.2580
66.764,1.0000,0.6950,1.0109,0.7037,-1.49,10.55,0.300,,1,1,17.699,0.2580
66.797,1.0000,0.6985,1.0101,0.7098,-1.63,10.26,0.296,,1,1,17.699,0.2580
66.830,1.0000,0.7022,1.0116,0.7140,-1.54,10.74,0.297,,1,1,17.699,0.2580
66.860,1.0000,0.7050,1.0110,0.7144,-1.54,10.67,0.297,,1,1,17.699,0.2580
66.909,1.0000,0.7084,1.0072,0.7158,-1.65,10.13,0.295,,1,1,17.699,0.2580
66.942,1.0000,0.7121,0.9919,0.7237,-1.60,10.32,0.292,,1,1,17.699,0.2580
66.968,0.9998,0.7151,0.9863,0.7275,-1.60,10.69,0.293,,1,1,17.699,0.2580
67.005,0.9915,0.7205,0.9674,0.7359,-1.84,9.51,0.286,,1,1,17.699,0.2580
67.037,0.9849,0.7260,0.9630,0.7439,-1.79,9.11,0.290,,1,1,17.699,0.2580
67.069,0.9751,0.7310,0.9434,0.7472,-1.87,9.93,0.288,,1,1,17.699,0.2580
67.101,0.9631,0.7344,0.9245,0.7452,-1.54,10.31,0.288,,1,1,17.699,0.2580
67.135,0.9530,0.7365,0.9220,0.7433,-1.47,9.90,0.289,,1,1,17.699,0.2580
67.164,0.9456,0.7393,0.9193,0.7492,-1.25,9.70,0.289,,1,1,17.699,0.2580
67.198,0.9391,0.7437,0.9193,0.7574,-1.32,9.33,0.301,,1,1,17.699,0.2580
67.230,0.9327,0.7462,0.9119,0.7542,-1.47,9.48,0.294,,1,1,17.699,0.2580
67.261,0.9132,0.7440,0.8487,0.7367,-1.75,8.37,0.284,,1,1,17.699,0.2580
67.295,0.8751,0.7352,0.7630,0.7079,-1.97,11.18,0.309,,1,1,17.699,0.2580
67.326,0.8437,0.7263,0.7445,0.6963,-1.98,10.59,0.297,,1,1,17.699,0.2580
67.358,0.8100,0.7211,0.7060,0.7040,-1.86,11.09,0.324,,1,1,17.699,0.2580
67.389,0.7850,0.7247,0.7072,0.7366,-1.72,11.10,0.359,,1,1,17.699,0.2580
67.423,0.7709,0.7426,0.7301,0.7985,-1.82,12.85,0.380,,1,1,17.699,0.2580
67.468,0.7841,0.8025,0.8137,0.9398,-1.67,13.33,0.404,,1,1,17.699,0.2580
67.501,0.7942,0.8376,0.8253,0.9443,-1.50,13.38,0.417,,1,1,17.699,0.2580
67.533,0.7962,0.8552,0.8024,0.9089,-1.61,12.18,0.441,,1,1,17.699,0.2580
67.564,0.7646,0.8158,0.6610,0.6829,-2.53,13.15,0.458,,1,1,17.699,0.2580
67.597,0.7301,0.7666,0.6263,0.6117,-2.04,14.40,0.435,,1,1,17.699,0.2580
67.631,0.7045,0.7354,0.6281,0.6392,-2.04,12.65,0.417,,1,1,17.699,0.2580
67.662,0.6925,0.7254,0.6532,0.6915,-1.68,12.27,0.431,,1,1,17.699,0.2580
67.693,0.6832,0.7202,0.6540,0.7038,-1.74,12.70,0.443,,1,1,17.699,0.2580
67.725,0.6688,0.7082,0.6243,0.6701,-1.99,12.09,0.433,,1,1,17.699,0.2580
67.756,0.6440,0.6740,0.5652,0.5638,-1.87,12.39,0.434,,1,1,17.699,0.2580
67.788,0.6210,0.6389,0.5490,0.5290,-1.53,14.41,0.427,,1,1,17.699,0.2580
67.820,0.6072,0.6180,0.5650,0.5544,-1.61,14.62,0.417,,1,1,17.699,0.2580
67.852,0.5996,0.6057,0.5760,0.5675,-1.47,14.59,0.434,,1,1,17.699,0.2580
67.885,0.5989,0.5928,0.5968,0.5528,-1.52,14.18,0.438,,1,1,17.699,0.2580
67.916,0.5910,0.5548,0.5654,0.4354,-1.55,16.20,0.448,,1,1,17.699,0.2580
67.948,0.5781,0.4960,0.5383,0.3252,-1.76,16.25,0.446,,1,1,17.699,0.2580
67.981,0.5844,0.4564,0.6038,0.3441,-1.22,15.06,0.448,,1,1,17.699,0.2580
68.014,0.6139,0.4654,0.7099,0.4923,-0.52,14.64,0.447,,1,1,17.699,0.2580
68.061,0.6245,0.4534,0.6480,0.4285,-2.21,14.81,0.440,,1,1,17.699,0.2580
68.094,0.5142,0.3198,0.1886,-0.4729,-2.88,15.53,0.409,,1,1,17.699,0.2580
68.127,0.3664,0.2213,-0.4196,-1.5556,-5.15,18.54,0.405,,1,1,17.699,0.2580
68.156,0.2618,0.1533,-0.8555,-2.1701,-4.98,16.65,0.468,,1,1,17.699,0.2580
68.188,0.1777,0.0992,-1.1045,-2.3635,-4.69,12.06,0.455,,1,1,17.699,0.2580
68.220,0.1160,0.0595,-1.4123,-2.7533,-4.88,12.23,0.464,,1,1,17.699,0.2580
68.252,0.0709,0.0304,-1.8372,-3.4597,-6.11,15.91,0.402,,1,1,17.699,0.2580
68.284,0.0390,0.0097,-2.3297,-4.3122,-7.43,14.57,0.429,,1,1,17.699,0.2580
68.317,0.0151,0.0000,-2.6999,-4.9001,-8.28,17.05,0.448,,1,1,17.699,0.2580
68.349,0.0000,0.0000,-2.9176,-5.1517,-9.36,14.94,0.459,,1,1,17.699,0.2580
68.382,0.0000,0.0000,-3.1674,-5.4717,-9.30,15.31,0.459,,1,1,17.699,0.2580
68.416,0.0000,0.0000,-3.4733,-6.0019,-10.39,16.23,0.428,,1,1,17.699,0.2580
68.447,0.0000,0.0000,-3.8172,-6.5959,-11.34,15.08,0.462,,1,1,17.699,0.2580
68.477,0.0000,0.0000,-4.0656,-7.0165,-11.83,13.68,0.464,,1,1,17.699,0.2580
68.511,0.0000,0.0000,-4.1374,-7.1523,-12.49,16.15,0.442,,1,1,17.699,0.2580
68.541,0.0000,0.0000,-4.1838,-7.1767,-12.30,16.18,0.451,,1,1,17.699,0.2580
68.626,0.0000,0.0000,-4.4401,-7.5304,-12.94,15.74,0.444,,1,1,17.699,0.2580
68.653,0.0000,0.0000,-4.6794,-7.9074,-13.65,15.78,0.461,,1,1,17.699,0.2580
68.679,0.0000,0.0000,-4.7068,-7.9359,-13.15,16.57,0.462,,1,1,17.699,0.2580
68.705,0.0000,0.0000,-4.9159,-8.3050,-15.21,14.92,0.449,,1,1,17.699,0.2580
68.733,0.0000,0.0000,-5.1284,-8.7106,-15.08,15.18,0.461,,1,1,17.699,0.2580
68.761,0.0000,0.0000,-5.4075,-9.2260,-15.77,14.63,0.461,,1,1,17.699,0.2580
68.789,0.0000,0.0000,-5.6715,-9.7452,-16.50,15.00,0.459,,1,1,17.699,0.2580
68.813,0.0000,0.0000,-5.9135,-10.2346,-17.90,15.80,0.474,,1,1,17.699,0.2580
68.846,0.0000,0.0000,-5.9886,-10.4350,-16.96,16.71,0.446,,1,1,17.699,0.2580
68.878,0.0000,0.0000,-5.8766,-10.2689,-17.61,17.64,0.462,,1,1,17.699,0.2580
68.910,0.0000,0.0000,-5.4077,-9.6134,-16.89,17.17,0.452,,1,1,17.699,0.2580
68.941,0.0000,0.0000,-4.7357,-8.5556,-17.93,23.68,0.442,,1,1,17.699,0.2580
69.006,0.0000,0.0000,-3.6894,-6.8003,-13.05,17.90,0.427,,1,1,17.699,0.2580
69.036,0.0000,0.0000,-3.3807,-6.3592,-9.70,17.12,0.445,,1,1,17.699,0.2580
69.069,0.0000,0.0000,-3.5067,-6.7059,-12.55,16.64,0.454,,1,1,17.699,0.2580
69.100,0.0000,0.0000,-3.7117,-7.1176,-11.88,16.00,0.466,,1,1,17.699,0.2580
69.133,0.0000,0.0000,-3.7038,-7.2099,-11.47,16.69,0.465,,1,1,17.699,0.2580
69.180,0.0000,0.0000,-3.6076,-7.0092,-11.91,18.66,0.459,,1,1,17.699,0.2580
69.213,0.0000,0.0000,-3.4146,-6.7534,-10.40,14.60,0.452,,1,1,17.699,0.2580
69.241,0.0000,0.0000,-3.3710,-6.6899,-10.74,15.81,0.459,,1,1,17.699,0.2580
69.268,0.0000,0.0000,-3.2173,-6.5069,-10.53,15.33,0.453,,1,1,17.699,0.2580
69.294,0.0000,0.0000,-3.1717,-6.4918,-10.88,14.95,0.436,,1,1,17.699,0.2580
69.321,0.0000,0.0000,-3.1007,-6.4247,-10.48,16.93,0.442,,1,1,17.699,0.2580
69.347,0.0000,0.0000,-2.9585,-6.2304,-10.17,19.41,0.454,,1,1,17.699,0.2580
69.404,0.0000,0.0000,-2.4261,-5.4034,-8.62,19.87,0.455,,1,1,17.699,0.2580
69.437,0.0000,0.0000,-2.1297,-4.9752,-8.43,18.73,0.422,,1,1,17.699,0.2580
69.468,0.0000,0.0000,-1.8375,-4.4485,-7.31,17.76,0.451,,1,1,17.699,0.2580
69.501,0.0000,0.0000,-1.6372,-4.1888,-6.76,18.29,0.435,,1,1,17.699,0.2580
69.533,0.0000,0.0000,-1.4244,-3.9142,-7.18,19.20,0.445,,1,1,17.699,0.2580
69.565,0.0000,0.0000,-1.2552,-3.5923,-5.79,18.04,0.441,,1,1,17.699,0.2580
69.597,0.0000,0.0000,-1.0443,-3.2381,-5.44,17.09,0.456,,1,1,17.699,0.2580
69.629,0.0000,0.0000,-0.8570,-2.9042,-4.95,18.04,0.453,,1,1,17.699,0.2580
69.662,0.0000,0.0000,-0.6599,-2.6181,-4.84,16.03,0.447,,1,1,17.699,0.2580
69.693,0.0000,0.0000,-0.4622,-2.3145,-4.36,14.50,0.438,,1,1,17.699,0.2580
69.741,0.0000,0.0000,-0.2611,-1.9893,-3.99,17.18,0.428,,1,1,17.699,0.2580
69.772,0.0000,0.0000,-0.0446,-1.6069,-2.62,15.21,0.430,,1,1,17.699,0.2580
69.804,0.0000,0.0000,0.0585,-1.4180,-2.23,14.99,0.412,,1,1,17.699,0.2580
69.836,0.0000,0.0000,0.0242,-1.4463,-3.43,15.25,0.433,,1,1,17.699,0.2580
69.868,0.0000,0.0000,-0.1395,-1.7226,-4.01,15.95,0.436,,1,1,17.699,0.2580
69.901,0.0000,0.0000,-0.3264,-2.0135,-6.94,18.80,0.449,,1,1,17.699,0.2580
69.933,0.0000,0.0000,-0.8650,-2.9153,-5.72,16.75,0.415,,1,1,17.699,0.2580
69.966,0.0000,0.0000,-1.3287,-3.6444,-6.19,16.49,0.415,,1,1,17.699,0.2580
69.995,0.0000,0.0000,-1.7401,-4.2382,-6.62,16.24,0.446,,1,1,17.699,0.2580
70.031,0.0000,0.0000,-1.9287,-4.5468,-7.30,12.46,0.448,,1,1,17.699,0.2580
70.062,0.0000,0.0000,-1.9339,-4.6035,-6.61,15.30,0.393,,1,1,17.699,0.2580
70.094,0.0000,0.0000,-1.7415,-4.4275,-5.53,14.91,0.288,,1,1,17.699,0.2580
70.124,0.0000,0.0000,-1.5495,-4.3038,-5.39,5.36,0.230,,1,1,17.699,0.2580
70.157,0.0000,0.0000,,,-6.84,-6.80,0.189,,1,1,17.699,0.2580
70.190,0.0000,0.0000,,,-6.58,-9.72,0.211,,1,1,17.699,0.2580
70.220,0.0000,0.0000,,,-6.99,-14.71,0.194,,1,1,17.699,0.2580
70.251,0.0000,0.0000,,,-6.50,-20.21,0.182,,1,1,17.699,0.2580
70.284,0.0000,0.0000,,,-7.36,-25.04,0.144,,1,1,17.699,0.2580
70.332,0.0000,0.0000,,,-8.10,-27.24,0.176,,1,1,17.699,0.2580
70.364,0.0000,0.0000,,,-8.27,-29.24,0.180,,1,1,17.699,0.2580
70.398,0.0000,0.0000,,,-8.58,-28.51,0.188,,1,1,17.699,0.2580
70.428,0.0000,0.0000,,,,,,,0,1,17.699,0.2580
70.461,0.0000,0.0000,,,-10.64,-30.48,0.204,,1,1,17.699,0.2580
70.492,0.0000,0.0000,,,-11.36,-30.28,0.190,,1,1,17.699,0.2580
70.524,0.0000,0.0000,,,,,,,0,1,17.699,0.2580
70.556,0.0000,0.0000,,,,,,,0,1,17.699,0.2580
70.588,0.0000,0.0000,,,,,,,0,1,17.699,0.2580
70.620,0.0000,0.0000,,,,,,,0,1,17.699,0.2580
70.653,0.0000,0.0000,,,,,,,0,1,17.699,0.2580
70.685,0.0000,0.0000,,,,,,,0,1,17.699,0.2580
70.716,0.0000,0.0000,,,,,,,0,1,17.699,0.2580
70.747,0.0000,0.0000,,,,,,,0,1,17.699,0.2580
70.780,0.0000,0.0000,,,,,,,0,1,17.699,0.2580
70.813,0.0000,0.0000,,,,,,,0,1,17.699,0.2580
70.845,0.0000,0.0000,,,,,,,0,1,17.699,0.2580
70.892,0.0000,0.0000,,,,,,,0,1,17.699,0.2580
70.925,0.0000,0.0000,,,,,,,0,1,17.699,0.2580
70.956,0.0000,0.0000,,,,,,,0,1,17.699,0.2580
70.986,0.0000,0.0000,,,,,,,0,1,17.699,0.2580
71.020,0.0000,0.0000,,,,,,,0,1,17.699,0.2580
71.052,0.0000,0.0000,,,,,,,0,1,17.699,0.2580
71.083,0.0000,0.0000,,,,,,,0,1,17.699,0.2580
71.116,0.0000,0.0000,,,,,,,0,1,17.699,0.2580
71.151,0.0000,0.0000,,,,,,,0,1,17.699,0.2580
71.179,0.0000,0.0000,,,,,,,0,1,17.699,0.2580
71.213,0.0000,0.0000,,,,,,,0,1,17.699,0.2580
71.244,0.0000,0.0000,,,,,,,0,1,17.699,0.2580
71.278,0.0000,0.0000,,,,,,,0,1,17.699,0.2580
71.310,0.0000,0.0000,,,,,,,0,1,17.699,0.2580
71.341,0.0000,0.0000,,,,,,,0,1,17.699,0.2580
71.404,0.0000,0.0000,,,,,,,0,1,17.699,0.2580
71.454,0.0000,0.0000,,,,,,,0,1,17.699,0.2580
71.484,0.0000,0.0000,,,,,,,0,1,17.699,0.2580
71.511,0.0000,0.0000,,,,,,,0,1,17.699,0.2580
71.533,0.0000,0.0000,,,,,,,0,1,17.699,0.2580
71.560,0.0000,0.0000,,,,,,,0,1,17.699,0.2580
71.586,0.0000,0.0000,,,,,,,0,1,17.699,0.2580
71.612,0.0000,0.0000,,,,,,,0,1,17.699,0.2580
71.644,0.0000,0.0000,,,,,,,0,1,17.699,0.2580
71.676,0.0000,0.0000,,,,,,,0,1,17.699,0.2580
71.711,0.0000,0.0000,,,,,,,0,1,17.699,0.2580
71.741,0.0000,0.0000,,,,,,,0,1,17.699,0.2580
71.806,0.0000,0.0000,,,,,,,0,1,17.699,0.2580
71.838,0.0000,0.0000,,,,,,,0,1,17.699,0.2580
71.869,0.0000,0.0000,,,,,,,0,1,17.699,0.2580
71.902,0.0000,0.0000,,,,,,,0,1,17.699,0.2580
71.931,0.0000,0.0000,,,,,,,0,1,17.699,0.2580
71.964,0.0000,0.0000,,,,,,,0,1,17.699,0.2580
72.013,0.0000,0.0000,,,,,,,0,1,17.699,0.2580
72.044,0.0000,0.0000,,,,,,,0,1,17.699,0.2580
72.069,0.0000,0.0000,,,,,,,0,1,17.699,0.2580
72.095,0.0000,0.0000,,,,,,,0,1,17.699,0.2580
72.121,0.0000,0.0000,,,,,,,0,1,17.699,0.2580
72.147,0.0000,0.0000,,,,,,,0,1,17.699,0.2580
72.205,0.0000,0.0000,,,,,,,0,1,17.699,0.2580
72.236,0.0000,0.0000,,,,,,,0,1,17.699,0.2580
72.271,0.0000,0.0000,,,,,,,0,1,17.699,0.2580
72.299,0.0000,0.0000,,,,,,,0,1,17.699,0.2580
72.333,0.0000,0.0000,,,,,,,0,1,17.699,0.2580
72.364,0.0000,0.0000,,,,,,,0,1,17.699,0.2580
72.397,0.0000,0.0000,,,,,,,0,1,17.699,0.2580
72.430,0.0000,0.0000,,,,,,,0,1,17.699,0.2580
72.461,0.0000,0.0000,,,,,,,0,1,17.699,0.2580
72.494,0.0000,0.0000,,,,,,,0,1,17.699,0.2580
72.526,0.0000,0.0000,,,,,,,0,1,17.699,0.2580
72.556,0.0000,0.0000,,,,,,,0,1,17.699,0.2580
72.604,0.0000,0.0000,,,,,,,0,1,17.699,0.2580
72.637,0.0000,0.0000,,,,,,,0,1,17.699,0.2580
72.668,0.0000,0.0000,,,-13.65,-23.69,0.442,,1,1,17.699,0.2580
72.703,0.0000,0.0000,,,-13.35,-22.35,0.446,,1,1,17.699,0.2580
72.733,0.0000,0.0000,,,-12.31,-20.21,0.452,,1,1,17.699,0.2580
72.764,0.0000,0.0000,,,-12.47,-20.02,0.476,,1,1,17.699,0.2580
72.796,0.0000,0.0000,,,-12.16,-19.09,0.477,,1,1,17.699,0.2580
72.829,0.0000,0.0000,,,-11.48,-17.50,0.485,,1,1,17.699,0.2580
72.863,0.0000,0.0000,,,-11.67,-18.89,0.490,,1,1,17.699,0.2580
72.893,0.0000,0.0000,,,-12.16,-17.34,0.471,,1,1,17.699,0.2580
72.925,0.0000,0.0000,,,-11.62,-14.50,0.474,,1,1,17.699,0.2580
72.957,0.0000,0.0000,,,-12.37,-15.79,0.470,,1,1,17.699,0.2580
72.989,0.0000,0.0000,,,-11.84,-15.54,0.460,,1,1,17.699,0.2580
73.023,0.0000,0.0000,,,-11.34,-15.15,0.469,,1,1,17.699,0.2580
73.053,0.0000,0.0000,,,-11.26,-12.99,0.462,,1,1,17.699,0.2580
73.084,0.0000,0.0000,,,-10.79,-12.75,0.456,,1,1,17.699,0.2580
73.118,0.0000,0.0000,,,-11.06,-9.74,0.460,,1,1,17.699,0.2580
73.165,0.0000,0.0000,,,-10.97,-13.12,0.466,,1,1,17.699,0.2580
73.197,0.0000,0.0000,,,-11.00,-11.17,0.469,,1,1,17.699,0.2580
73.229,0.0000,0.0000,,,-10.51,-10.22,0.465,,1,1,17.699,0.2580
73.261,0.0000,0.0000,,,-10.98,-12.71,0.465,,1,1,17.699,0.2580
73.293,0.0000,0.0000,,,-10.15,-6.16,0.471,,1,1,17.699,0.2580
73.325,0.0000,0.0000,-0.5444,-3.2015,-9.89,-3.37,0.478,,1,1,17.699,0.2580
73.358,0.0000,0.0000,-0.5821,-3.2369,-9.70,-0.17,0.476,,1,1,17.699,0.2580
73.391,0.0000,0.0000,,,-10.06,-6.24,0.462,,1,1,17.699,0.2580
73.426,0.0000,0.0000,,,-10.23,-5.89,0.483,,1,1,17.699,0.2580
73.466,0.0000,0.0000,,,-9.68,-7.34,0.485,,1,1,17.699,0.2580
73.504,0.0000,0.0000,-0.6867,-3.4574,-8.91,-1.18,0.498,,1,1,17.699,0.2580
73.540,0.0000,0.0000,-0.7260,-3.5139,-8.93,5.06,0.502,,1,1,17.699,0.2580
73.569,0.0000,0.0000,-0.7507,-3.5563,-8.51,9.55,0.508,,1,1,17.699,0.2580
73.598,0.0000,0.0000,-0.7690,-3.6127,-8.74,5.93,0.506,,1,1,17.699,0.2580
73.628,0.0000,0.0000,-0.7916,-3.6562,-8.84,4.58,0.518,,1,1,17.699,0.2580
73.654,0.0000,0.0000,-0.8223,-3.6994,-8.39,6.83,0.521,,1,1,17.699,0.2580
73.680,0.0000,0.0000,-0.8443,-3.7039,-8.11,12.68,0.520,,1,1,17.699,0.2580
73.732,0.0000,0.0000,-0.9010,-3.8089,-8.63,8.61,0.512,,1,1,17.699,0.2580
73.770,0.0000,0.0000,-0.9481,-3.8306,-7.94,15.21,0.509,,1,1,17.699,0.2580
73.796,0.0000,0.0000,-0.9798,-3.8568,-8.35,14.58,0.514,,1,1,17.699,0.2580
73.823,0.0000,0.0000,-1.0296,-3.8975,-7.79,15.89,0.518,,1,1,17.699,0.2580
73.852,0.0000,0.0000,-1.0603,-3.9018,-8.37,16.50,0.510,,1,1,17.699,0.2580
73.889,0.0000,0.0000,-1.1219,-3.9676,-8.33,15.52,0.523,,1,1,17.699,0.2580
73.917,0.0000,0.0000,-1.1670,-4.0008,-8.25,13.89,0.506,,1,1,17.699,0.2580
73.950,0.0000,0.0000,-1.2097,-4.0350,-7.42,14.96,0.507,,1,1,17.699,0.2580
73.980,0.0000,0.0000,-1.2306,-4.0454,-7.36,15.21,0.510,,1,1,17.699,0.2580
74.014,0.0000,0.0000,-1.2434,-4.0538,-8.18,16.50,0.502,,1,1,17.699,0.2580
74.045,0.0000,0.0000,-1.2606,-4.0952,-7.50,15.29,0.488,,1,1,17.699,0.2580
74.078,0.0000,0.0000,-1.2801,-4.1393,-7.04,14.93,0.475,,1,1,17.699,0.2580
74.109,0.0000,0.0000,-1.2818,-4.1557,-7.28,15.24,0.479,,1,1,17.699,0.2580
74.142,0.0000,0.0000,-1.2709,-4.1542,-6.88,15.97,0.478,,1,1,17.699,0.2580
74.204,0.0000,0.0000,-1.2459,-4.1464,-7.21,14.81,0.482,,1,1,17.699,0.2580
74.237,0.0000,0.0000,-1.2378,-4.1463,-7.38,15.12,0.486,,1,1,17.699,0.2580
74.268,0.0000,0.0000,-1.2271,-4.1700,-7.20,14.50,0.483,,1,1,17.699,0.2580
74.315,0.0000,0.0000,-1.1942,-4.1779,-7.10,14.87,0.482,,1,1,17.699,0.2580
74.344,0.0000,0.0000,-1.1801,-4.1775,-7.07,14.64,0.480,,1,1,17.699,0.2580
74.371,0.0000,0.0000,-1.1667,-4.1612,-7.16,15.31,0.471,,1,1,17.699,0.2580
74.397,0.0000,0.0000,-1.1426,-4.1490,-7.00,15.13,0.469,,1,1,17.699,0.2580
74.424,0.0000,0.0000,-1.1165,-4.1212,-7.11,14.87,0.471,,1,1,17.699,0.2580
74.452,0.0000,0.0000,-1.0918,-4.0852,-7.34,14.49,0.472,,1,1,17.699,0.2580
74.481,0.0000,0.0000,-1.0879,-4.0781,-7.17,12.34,0.472,,1,1,17.699,0.2580
74.510,0.0000,0.0000,-1.0789,-4.0232,-6.93,14.22,0.461,,1,1,17.699,0.2580
74.541,0.0000,0.0000,-1.0891,-3.9465,-7.17,15.54,0.448,,1,1,17.699,0.2580
74.605,0.0000,0.0000,-1.1587,-3.9199,-7.21,15.17,0.451,,1,1,17.699,0.2580
74.638,0.0000,0.0000,-1.1789,-3.9012,-7.02,16.03,0.451,,1,1,17.699,0.2580
74.669,0.0000,0.0000,-1.1955,-3.8855,-7.12,16.34,0.447,,1,1,17.699,0.2580
74.700,0.0000,0.0000,-1.2387,-3.8736,-7.14,15.28,0.453,,1,1,17.699,0.2580
74.733,0.0000,0.0000,-1.2962,-3.8992,-7.34,15.06,0.457,,1,1,17.699,0.2580
74.764,0.0000,0.0000,-1.3723,-3.9836,-7.84,13.62,0.461,,1,1,17.699,0.2580
74.796,0.0000,0.0000,-1.4301,-4.0111,-7.67,13.91,0.455,,1,1,17.699,0.2580
74.828,0.0000,0.0000,-1.4159,-4.0017,-7.74,14.34,0.456,,1,1,17.699,0.2580
74.876,0.0000,0.0000,-1.4033,-3.9591,-7.97,14.68,0.446,,1,1,17.699,0.2580
74.910,0.0000,0.0000,-1.3982,-3.9569,-7.97,14.20,0.446,,1,1,17.699,0.2580
74.936,0.0000,0.0000,-1.3928,-3.9520,-7.95,14.65,0.446,,1,1,17.699,0.2580
74.964,0.0000,0.0000,-1.4123,-3.9791,-8.00,14.97,0.457,,1,1,17.699,0.2580
75.004,0.0000,0.0000,-1.3929,-3.9785,-8.12,15.48,0.454,,1,1,17.699,0.2580
75.037,0.0000,0.0000,-1.3691,-3.9739,-8.02,16.22,0.445,,1,1,17.699,0.2580
75.069,0.0000,0.0000,-1.3452,-3.9644,-7.93,17.10,0.442,,1,1,17.699,0.2580
75.100,0.0000,0.0000,-1.3583,-4.0257,-7.63,14.19,0.447,,1,1,17.699,0.2580
75.133,0.0000,0.0000,-1.3712,-4.0672,-7.81,14.40,0.441,,1,1,17.699,0.2580
75.165,0.0000,0.0000,-1.3504,-4.0822,-7.47,14.98,0.441,,1,1,17.699,0.2580
75.197,0.0000,0.0000,-1.3350,-4.0898,-7.38,14.43,0.437,,1,1,17.699,0.2580
75.230,0.0000,0.0000,-1.3061,-4.0658,-7.62,15.58,0.421,,1,1,17.699,0.2580
75.261,0.0000,0.0000,-1.2902,-4.0706,-7.65,14.62,0.419,,1,1,17.699,0.2580
75.294,0.0000,0.0000,-1.2952,-4.1131,-7.53,11.73,0.407,,1,1,17.699,0.2580
75.325,0.0000,0.0000,-1.2874,-4.1287,-7.61,11.71,0.400,,1,1,17.699,0.2580
75.358,0.0000,0.0000,-1.2690,-4.1204,-7.48,13.94,0.401,,1,1,17.699,0.2580
75.389,0.0000,0.0000,-1.2339,-4.1018,-7.19,12.52,0.362,,1,1,17.699,0.2580
75.437,0.0000,0.0000,-1.2109,-4.0560,-6.88,12.58,0.348,,1,1,17.699,0.2580
75.470,0.0000,0.0000,-1.1983,-4.0699,-7.09,9.44,0.356,,1,1,17.699,0.2580
75.501,0.0000,0.0000,-1.1989,-4.0945,-6.75,9.84,0.358,,1,1,17.699,0.2580
75.532,0.0000,0.0000,-1.2047,-4.1149,-6.62,10.39,0.363,,1,1,17.699,0.2580
75.565,0.0000,0.0000,-1.2038,-4.1122,-6.83,9.84,0.360,,1,1,17.699,0.2580
75.595,0.0000,0.0000,-1.2023,-4.1048,-6.83,11.14,0.363,,1,1,17.699,0.2580
75.629,0.0000,0.0000,-1.1986,-4.0954,-6.61,10.59,0.356,,1,1,17.699,0.2580
75.661,0.0000,0.0000,-1.2047,-4.1101,-6.67,9.22,0.356,,1,1,17.699,0.2580
75.693,0.0000,0.0000,-1.2314,-4.1512,-7.01,9.19,0.367,,1,1,17.699,0.2580
75.725,0.0000,0.0000,-1.2474,-4.1792,-6.88,9.68,0.388,,1,1,17.699,0.2580
75.758,0.0000,0.0000,-1.2574,-4.1775,-6.96,9.81,0.387,,1,1,17.699,0.2580
75.790,0.0000,0.0000,-1.2594,-4.1622,-6.96,11.83,0.389,,1,1,17.699,0.2580
75.821,0.0000,0.0000,-1.2836,-4.1858,-7.21,12.38,0.399,,1,1,17.699,0.2580
75.853,0.0000,0.0000,-1.3064,-4.2356,-7.51,8.92,0.405,,1,1,17.699,0.2580
75.886,0.0000,0.0000,-1.3358,-4.2551,-7.46,10.86,0.402,,1,1,17.699,0.2580
75.916,0.0000,0.0000,-1.3843,-4.2112,-7.37,11.43,0.398,,1,1,17.699,0.2580
75.949,0.0000,0.0000,-1.4205,-4.0847,-7.02,11.38,0.413,,1,1,17.699,0.2580
75.995,0.0000,0.0000,-1.3768,-3.9341,-7.06,12.82,0.431,,1,1,17.699,0.2580
76.028,0.0000,0.0000,-1.3935,-3.9036,-7.15,15.42,0.444,,1,1,17.699,0.2580
76.060,0.0000,0.0000,-1.4748,-4.0074,-7.55,12.60,0.455,,1,1,17.699,0.2580
76.098,0.0000,0.0000,-1.5959,-4.2247,-7.51,12.02,0.465,,1,1,17.699,0.2580
76.126,0.0000,0.0000,-1.6536,-4.3020,-7.60,10.94,0.446,,1,1,17.699,0.2580
76.156,0.0000,0.0000,-1.6460,-4.2803,-7.29,12.50,0.446,,1,1,17.699,0.2580
76.189,0.0000,0.0000,-1.6296,-4.2719,-7.37,9.95,0.444,,1,1,17.699,0.2580
76.220,0.0000,0.0000,-1.6320,-4.2665,-7.30,12.94,0.460,,1,1,17.699,0.2580
76.253,0.0000,0.0000,-1.7203,-4.3884,-7.15,13.76,0.459,,1,1,17.699,0.2580
76.285,0.0000,0.0000,-1.7890,-4.5280,-6.79,14.58,0.467,,1,1,17.699,0.2580
76.317,0.0000,0.0000,-1.7819,-4.5245,-6.83,14.61,0.472,,1,1,17.699,0.2580
76.350,0.0000,0.0000,-1.7435,-4.4515,-6.86,15.17,0.461,,1,1,17.699,0.2580
76.380,0.0000,0.0000,-1.7253,-4.3916,-7.01,16.49,0.473,,1,1,17.699,0.2580
76.413,0.0000,0.0000,-1.7184,-4.3752,-6.89,14.25,0.463,,1,1,17.699,0.2580
76.445,0.0000,0.0000,-1.7268,-4.3776,-7.06,14.59,0.468,,1,1,17.699,0.2580
76.477,0.0000,0.0000,-1.6790,-4.3118,-7.37,19.18,0.465,,1,1,17.699,0.2580
76.509,0.0000,0.0000,-1.4097,-3.8573,-6.35,19.33,0.430,,1,1,17.699,0.2580
76.541,0.0000,0.0000,-0.9546,-3.0473,-5.21,19.33,0.467,,1,1,17.699,0.2580
76.589,0.0000,0.0000,-0.5092,-2.4051,-4.35,17.67,0.468,,1,1,17.699,0.2580
76.621,0.0000,0.0000,-0.2695,-2.0789,-4.20,11.54,0.450,,1,1,17.699,0.2580
76.653,0.0000,0.0000,-0.1199,-1.8319,-4.33,13.72,0.443,,1,1,17.699,0.2580
76.684,0.0000,0.0000,0.0491,-1.6194,-4.17,15.12,0.437,,1,1,17.699,0.2580
76.716,0.0630,0.0000,0.3397,-1.1960,-3.70,18.10,0.429,,1,1,17.699,0.2580
76.748,0.2395,0.0000,0.7333,-0.5271,-1.51,14.81,0.467,,1,1,17.699,0.2580
76.780,0.2395,0.0000,,,-1.01,-5.43,0.429,,1,1,17.699,0.2580
76.813,0.2395,0.0000,,,-1.52,-11.44,0.464,,1,1,17.699,0.2580
76.847,0.6680,0.5140,2.0864,1.7599,0.94,-3.10,0.448,,1,1,17.699,0.2580
76.879,0.7748,0.6608,2.2802,2.1069,0.35,-0.64,0.435,,1,1,17.699,0.2580
76.910,0.8493,0.7656,2.1063,1.7872,-0.25,0.18,0.465,,1,1,17.699,0.2580
76.942,0.9022,0.8220,1.6556,0.9804,-0.95,1.88,0.423,,1,1,17.699,0.2580
77.004,0.7974,0.4888,0.6423,-0.7542,-3.49,0.99,0.481,,1,1,17.699,0.2580
77.038,0.6919,0.3522,0.3766,-1.0971,-3.87,-3.50,0.435,,1,1,17.699,0.2580
77.069,0.6074,0.2522,0.3298,-1.0890,-2.99,8.02,0.432,,1,1,17.699,0.2580
77.103,0.5471,0.1736,0.3620,-1.0473,-3.43,2.59,0.457,,1,1,17.699,0.2580
77.150,0.4775,0.0966,0.3367,-1.0988,-3.40,4.73,0.452,,1,1,17.699,0.2580
77.181,0.4331,0.0598,0.2946,-1.1840,-3.04,5.50,0.443,,1,1,17.699,0.2580
77.208,0.3984,0.0349,0.2760,-1.2133,-2.90,6.29,0.438,,1,1,17.699,0.2580
77.234,0.3775,0.0164,0.3011,-1.3339,-3.07,7.34,0.435,,1,1,17.699,0.2580
77.260,0.3717,0.0018,0.3506,-1.3925,-3.31,6.13,0.434,,1,1,17.699,0.2580
77.287,0.3717,0.0018,,,-3.79,-7.39,0.448,,1,1,17.699,0.2580
77.314,0.3717,0.0018,,,-3.29,-9.72,0.438,,1,1,17.699,0.2580
77.345,0.3717,0.0018,,,-3.64,-9.36,0.442,,1,1,17.699,0.2580
77.408,0.3717,0.0018,,,-3.29,-9.97,0.426,,1,1,17.699,0.2580
77.438,0.3717,0.0018,,,-3.37,-8.32,0.414,,1,1,17.699,0.2580
77.470,0.3717,0.0018,,,-3.61,-7.77,0.408,,1,1,17.699,0.2580
77.500,0.3717,0.0018,,,-3.37,-9.33,0.406,,1,1,17.699,0.2580
77.533,0.3717,0.0018,,,-2.89,-10.65,0.333,,1,1,17.699,0.2580
77.565,0.3717,0.0018,,,-2.76,-9.59,0.297,,1,1,17.699,0.2580
77.596,0.3717,0.0018,,,-3.10,-7.61,0.305,,1,1,17.699,0.2580
77.629,0.3717,0.0018,,,-3.18,-9.05,0.311,,1,1,17.699,0.2580
77.665,0.3021,0.0000,0.2845,-1.4417,-3.22,-1.99,0.320,,1,1,17.699,0.2580
77.713,0.2893,0.0000,0.2621,-1.4211,-2.77,-2.19,0.328,,1,1,17.699,0.2580
77.743,0.2819,0.0000,0.2568,-1.4193,-2.87,-2.47,0.334,,1,1,17.699,0.2580
77.771,0.2764,0.0000,0.2556,-1.4179,-2.95,-3.27,0.339,,1,1,17.699,0.2580
77.804,0.2290,0.0000,0.0864,-1.5742,-3.94,7.99,0.363,,1,1,17.699,0.2580
77.836,0.1598,0.0000,-0.2805,-2.1819,-4.52,7.08,0.370,,1,1,17.699,0.2580
77.868,0.1062,0.0000,-0.7572,-2.9808,-5.77,12.18,0.383,,1,1,17.699,0.2580
77.900,0.0670,0.0000,-1.1871,-3.7285,-5.69,7.33,0.370,,1,1,17.699,0.2580
77.932,0.0375,0.0000,-1.5900,-4.3544,-6.34,3.75,0.382,,1,1,17.699,0.2580
77.965,0.0148,0.0000,-1.9533,-4.8908,-9.09,4.97,0.420,,1,1,17.699,0.2580
77.997,0.0000,0.0000,-2.3014,-5.4903,-8.43,3.99,0.475,,1,1,17.699,0.2580
78.027,0.0000,0.0000,-2.7162,-6.1843,-8.80,7.09,0.457,,1,1,17.699,0.2580
78.061,0.0000,0.0000,-3.1889,-7.0177,-11.01,9.10,0.423,,1,1,17.699,0.2580
78.094,0.0000,0.0000,-3.6386,-7.8202,-12.43,4.15,0.434,,1,1,17.699,0.2580
78.125,0.0000,0.0000,-4.0788,-8.6766,-13.94,-0.37,0.439,,1,1,17.699,0.2580
78.158,0.0000,0.0000,-4.5014,-9.4633,-15.23,-0.15,0.445,,1,1,17.699,0.2580
78.188,0.0000,0.0000,-4.6311,-9.7165,-14.79,1.11,0.483,,1,1,17.699,0.2580
78.221,0.0000,0.0000,-4.2811,-9.1244,-16.46,7.49,0.482,,1,1,17.699,0.2580
78.268,0.0000,0.0000,-3.6906,-8.0106,-10.25,-3.10,0.439,,1,1,17.699,0.2580
78.300,0.0000,0.0000,-2.5598,-6.2137,-12.31,6.81,0.450,,1,1,17.699,0.2580
78.332,0.0000,0.0000,-1.9428,-5.1765,-8.76,15.83,0.417,,1,1,17.699,0.2580
78.368,0.0000,0.0000,-1.8833,-5.1507,-8.61,9.54,0.439,,1,1,17.699,0.2580
78.396,0.0000,0.0000,-2.1115,-5.6204,-9.72,13.44,0.445,,1,1,17.699,0.2580
78.429,0.0000,0.0000,-2.2764,-5.9061,-12.31,9.85,0.413,,1,1,17.699,0.2580
78.463,0.0000,0.0000,-2.3972,-6.1091,-8.92,12.37,0.463,,1,1,17.699,0.2580
78.493,0.0000,0.0000,-2.2515,-5.7658,-10.32,11.56,0.471,,1,1,17.699,0.2580
78.524,0.0000,0.0000,-1.8818,-5.0212,-7.93,0.34,0.481,,1,1,17.699,0.2580
78.559,0.0000,0.0000,-1.6365,-4.5851,-7.61,3.88,0.447,,1,1,17.699,0.2580
78.590,0.0000,0.0000,-1.4652,-4.2424,-7.69,10.17,0.422,,1,1,17.699,0.2580
78.621,0.0000,0.0000,-1.3542,-4.0466,-6.95,6.94,0.455,,1,1,17.699,0.2580
78.652,0.0000,0.0000,-1.1655,-3.7200,-7.18,14.48,0.445,,1,1,17.699,0.2580
78.684,0.0000,0.0000,-0.8725,-3.2765,-6.56,9.31,0.417,,1,1,17.699,0.2580
78.718,0.0000,0.0000,-0.4877,-2.5804,-4.27,3.34,0.431,,1,1,17.699,0.2580
78.750,0.0000,0.0000,,,-5.26,-5.53,0.411,,1,1,17.699,0.2580
78.780,0.0080,0.0000,0.1038,-1.6026,-4.61,-1.03,0.443,,1,1,17.699,0.2580
78.811,0.0686,0.0000,0.2656,-1.2895,-3.63,5.92,0.445,,1,1,17.699,0.2580
78.862,0.1587,0.0000,0.3324,-1.1839,-3.65,10.03,0.463,,1,1,17.699,0.2580
78.894,0.2211,0.0000,0.4066,-1.0675,-3.08,12.73,0.460,,1,1,17.699,0.2580
78.926,0.3187,0.0000,0.5959,-0.7625,-2.64,14.08,0.440,,1,1,17.699,0.2580
78.957,0.4784,0.0000,0.9141,-0.2357,-2.08,10.10,0.455,,1,1,17.699,0.2580
78.989,0.6398,0.0000,1.0829,0.0839,-1.93,10.80,0.430,,1,1,17.699,0.2580
79.022,0.7505,0.0000,1.0277,-0.0158,-1.86,10.09,0.455,,1,1,17.699,0.2580
79.053,0.7486,0.0000,0.7437,-0.5023,-2.85,13.40,0.431,,1,1,17.699,0.2580
79.085,0.6314,0.0000,0.2890,-1.2899,-4.59,19.51,0.406,,1,1,17.699,0.2580
79.116,0.4775,0.0000,-0.4220,-2.4779,-6.53,18.44,0.461,,1,1,17.699,0.2580
79.148,0.3467,0.0000,-0.8696,-3.2182,-6.72,11.69,0.447,,1,1,17.699,0.2580
79.183,0.2386,0.0000,-0.9634,-3.3323,-5.35,12.33,0.460,,1,1,17.699,0.2580
79.214,0.1649,0.0000,-0.8406,-3.0932,-5.50,11.77,0.427,,1,1,17.699,0.2580
79.244,0.1104,0.0000,-0.6578,-2.7682,-5.15,9.48,0.433,,1,1,17.699,0.2580
79.277,0.0672,0.0000,-0.6126,-2.6935,-4.95,8.76,0.437,,1,1,17.699,0.2580
79.312,0.0349,0.0000,-0.7365,-2.9340,-6.35,4.51,0.452,,1,1,17.699,0.2580
79.342,0.0138,0.0000,-0.9147,-3.2651,-6.31,6.85,0.453,,1,1,17.699,0.2580
79.426,0.0000,0.0000,-0.7803,-3.0266,-6.19,11.51,0.415,,1,1,17.699,0.2580
79.453,0.0000,0.0000,-0.7018,-2.9485,-5.98,7.62,0.395,,1,1,17.699,0.2580
79.482,0.0000,0.0000,-0.6765,-2.9212,-5.87,6.75,0.403,,1,1,17.699,0.2580
79.507,0.0000,0.0000,-0.6043,-2.8480,-4.18,3.84,0.349,,1,1,17.699,0.2580
79.531,0.0000,0.0000,-0.5549,-2.8702,-4.56,6.07,0.289,,1,1,17.699,0.2580
79.560,0.0000,0.0000,-0.5551,-2.9445,-4.47,3.37,0.171,,1,1,17.699,0.2580
79.585,0.0000,0.0000,-0.5374,-3.0016,-4.96,1.62,0.194,,1,1,17.699,0.2580
79.614,0.0000,0.0000,-0.4825,-2.9295,-5.20,0.05,0.191,,1,1,17.699,0.2580
79.646,0.0000,0.0000,-0.3689,-2.7088,-5.24,3.54,0.270,,1,1,17.699,0.2580
79.677,0.0000,0.0000,-0.3444,-2.6639,-4.69,5.41,0.331,,1,1,17.699,0.2580
79.710,0.0000,0.0000,-0.3696,-2.6954,-5.12,5.29,0.371,,1,1,17.699,0.2580
79.742,0.0000,0.0000,-0.4893,-2.9203,-5.70,5.50,0.392,,1,1,17.699,0.2580
79.805,0.0000,0.0000,-0.4679,-2.8396,-5.95,9.50,0.418,,1,1,17.699,0.2580
79.836,0.0000,0.0000,-0.4095,-2.7209,-5.62,8.33,0.444,,1,1,17.699,0.2580
79.869,0.0000,0.0000,-0.4084,-2.7019,-5.67,9.91,0.448,,1,1,17.699,0.2580
79.901,0.0000,0.0000,-0.5219,-2.8933,-6.57,7.34,0.502,,1,1,17.699,0.2580
79.932,0.0000,0.0000,-0.6422,-2.9903,-6.63,12.16,0.491,,1,1,17.699,0.2580
79.980,0.0000,0.0000,-0.6393,-2.9589,-6.66,10.23,0.465,,1,1,17.699,0.2580
80.015,0.0000,0.0000,-0.5510,-2.7565,-6.02,14.23,0.486,,1,1,17.699,0.2580
80.042,0.0000,0.0000,-0.5207,-2.6929,-5.72,15.11,0.489,,1,1,17.699,0.2580
80.069,0.0000,0.0000,-0.5390,-2.6520,-5.91,13.44,0.453,,1,1,17.699,0.2580
80.095,0.0000,0.0000,-0.6449,-2.7601,-6.55,9.14,0.471,,1,1,17.699,0.2580
80.121,0.0000,0.0000,-0.7643,-2.9529,-6.55,9.15,0.479,,1,1,17.699,0.2580
80.149,0.0000,0.0000,-0.8273,-3.0130,-6.47,13.22,0.467,,1,1,17.699,0.2580
80.205,0.0000,0.0000,-0.7474,-2.8853,-6.04,12.41,0.465,,1,1,17.699,0.2580
80.236,0.0000,0.0000,-0.7224,-2.8807,-6.09,13.52,0.465,,1,1,17.699,0.2580
80.270,0.0000,0.0000,-0.7036,-2.9792,-6.57,10.57,0.476,,1,1,17.699,0.2580
80.303,0.0000,0.0000,-0.7409,-3.1235,-5.98,12.83,0.480,,1,1,17.699,0.2580
80.333,0.0000,0.0000,-0.7155,-3.1143,-6.14,14.25,0.479,,1,1,17.699,0.2580
80.364,0.0000,0.0000,-0.6398,-3.0253,-5.58,15.30,0.455,,1,1,17.699,0.2580
80.399,0.0000,0.0000,-0.5585,-2.9013,-5.34,13.42,0.439,,1,1,17.699,0.2580
80.427,0.0000,0.0000,-0.5442,-2.8856,-5.35,11.14,0.441,,1,1,17.699,0.2580
80.462,0.0000,0.0000,-0.5424,-2.9029,-5.47,10.77,0.456,,1,1,17.699,0.2580
80.493,0.0000,0.0000,-0.4811,-2.8390,-4.93,13.65,0.452,,1,1,17.699,0.2580
80.542,0.0000,0.0000,-0.3162,-2.5789,-4.24,12.78,0.439,,1,1,17.699,0.2580
80.572,0.0000,0.0000,-0.1961,-2.4299,-3.65,12.62,0.430,,1,1,17.699,0.2580
80.604,0.0000,0.0000,-0.1213,-2.3510,-3.18,13.28,0.442,,1,1,17.699,0.2580
80.639,0.0000,0.0000,-0.1355,-2.4075,-3.29,15.81,0.450,,1,1,17.699,0.2580
80.669,0.0000,0.0000,-0.1103,-2.4292,-3.31,17.84,0.437,,1,1,17.699,0.2580
80.702,0.0000,0.0000,-0.0412,-2.3942,-2.89,18.03,0.439,,1,1,17.699,0.2580
80.738,0.0000,0.0000,0.0732,-2.2818,-1.42,13.99,0.428,,1,1,17.699,0.2580
80.773,0.0241,0.0000,0.1412,-2.2098,-1.93,6.67,0.438,,1,1,17.699,0.2580
80.800,0.0468,0.0000,0.1314,-2.2426,-1.52,12.53,0.427,,1,1,17.699,0.2580
80.828,0.0644,0.0000,0.1266,-2.2738,-1.99,14.40,0.421,,1,1,17.699,0.2580
80.861,0.0901,0.0000,0.1680,-2.2146,-0.95,12.79,0.420,,1,1,17.699,0.2580
80.894,0.1385,0.0000,0.2811,-2.0577,-1.12,7.71,0.426,,1,1,17.699,0.2580
80.926,0.1970,0.0000,0.3713,-1.9220,-0.57,6.08,0.412,,1,1,17.699,0.2580
80.958,0.2545,0.0000,0.4204,-1.8166,-0.39,5.67,0.409,,1,1,17.699,0.2580
80.990,0.2978,0.0000,0.4231,-1.7825,-0.37,7.55,0.407,,1,1,17.699,0.2580
81.020,0.3299,0.0000,0.4309,-1.7065,-0.18,11.85,0.407,,1,1,17.699,0.2580
81.052,0.3656,0.0000,0.4692,-1.6112,0.38,10.85,0.403,,1,1,17.699,0.2580
81.086,0.4053,0.0000,0.5135,-1.5147,0.74,10.29,0.371,,1,1,17.699,0.2580
81.133,0.4452,0.0000,0.5241,-1.5257,1.00,12.91,0.372,,1,1,17.699,0.2580
81.164,0.4640,0.0000,0.5208,-1.5693,0.68,14.17,0.370,,1,1,17.699,0.2580
81.197,0.4777,0.0000,0.5175,-1.6678,1.20,13.10,0.383,,1,1,17.699,0.2580
81.230,0.4870,0.0000,0.5141,-1.7071,1.79,14.35,0.390,,1,1,17.699,0.2580
81.260,0.5026,0.0000,0.5546,-1.6678,2.37,13.19,0.390,,1,1,17.699,0.2580
81.295,0.5220,0.0000,0.5751,-1.6310,2.61,11.04,0.374,,1,1,17.699,0.2580
81.326,0.5368,0.0000,0.5830,-1.6092,2.78,11.91,0.365,,1,1,17.699,0.2580
81.357,0.5476,0.0000,0.5819,-1.5862,2.81,12.19,0.379,,1,1,17.699,0.2580
81.388,0.5670,0.0000,0.6294,-1.4942,2.50,11.13,0.395,,1,1,17.699,0.2580
81.420,0.5895,0.0000,0.6581,-1.4235,3.35,11.90,0.382,,1,1,17.699,0.2580
81.454,0.6060,0.0000,0.6546,-1.3979,3.08,9.90,0.382,,1,1,17.699,0.2580
81.485,0.6126,0.0000,0.6342,-1.4509,3.06,8.86,0.383,,1,1,17.699,0.2580
81.517,0.6067,0.0000,0.5887,-1.5310,3.10,8.29,0.385,,1,1,17.699,0.2580
81.548,0.5747,0.0000,0.4696,-1.6636,3.17,8.61,0.370,,1,1,17.699,0.2580
81.581,0.5411,0.0000,0.4340,-1.6630,3.39,9.39,0.374,,1,1,17.699,0.2580
81.613,0.5099,0.0000,0.4082,-1.5965,3.07,1.97,0.351,,1,1,17.699,0.2580
81.644,0.4900,0.0000,0.4252,-1.5120,3.39,7.31,0.369,,1,1,17.699,0.2580
81.692,0.4623,0.0000,0.4033,-1.4997,3.37,6.47,0.364,,1,1,17.699,0.2580
81.725,0.4407,0.0000,0.3747,-1.5487,3.39,5.23,0.366,,1,1,17.699,0.2580
81.758,0.4184,0.0000,0.3507,-1.5827,2.89,8.20,0.354,,1,1,17.699,0.2580
81.791,0.4070,0.0000,0.3714,-1.5336,2.68,8.64,0.347,,1,1,17.699,0.2580
81.821,0.4048,0.0000,0.3975,-1.4222,2.43,8.07,0.366,,1,1,17.699,0.2580
81.853,0.4104,0.0000,0.4278,-1.3816,1.94,8.19,0.356,,1,1,17.699,0.2580
81.885,0.4152,0.0000,0.4310,-1.3799,2.26,9.80,0.345,,1,1,17.699,0.2580
81.917,0.4382,0.0000,0.5136,-1.3109,2.45,6.36,0.130,,1,1,17.699,0.2580
81.949,0.4933,0.0000,0.6678,-1.2018,3.57,7.13,0.070,,1,1,17.699,0.2580
81.981,0.5556,0.0000,0.7493,-1.1498,3.21,8.48,0.124,,1,1,17.699,0.2580
82.012,0.6051,0.0000,0.7583,-1.1491,3.44,8.95,0.213,,1,1,17.699,0.2580
82.046,0.6412,0.0000,0.7449,-1.1605,2.72,8.22,0.266,,1,1,17.699,0.2580
82.077,0.6654,0.0000,0.7398,-1.1795,1.70,11.67,0.292,,1,1,17.699,0.2580
82.111,0.6962,0.0000,0.7813,-1.1450,1.47,12.42,0.312,,1,1,17.699,0.2580
82.142,0.7482,0.0000,0.9105,-0.9718,1.31,9.31,0.116,,1,1,17.699,0.2580
82.204,0.8243,0.0000,0.9402,-0.9388,0.38,1.75,0.143,,1,1,17.699,0.2580
82.252,0.8533,0.0000,0.9113,-0.9745,1.11,7.83,0.216,,1,1,17.699,0.2580
82.286,0.8644,0.0000,0.8959,-0.9821,1.41,10.27,0.220,,1,1,17.699,0.2580
82.312,0.8696,0.0000,0.8895,-0.9874,1.62,10.56,0.220,,1,1,17.699,0.2580
82.339,0.8725,0.0000,0.8829,-0.9980,1.53,9.93,0.231,,1,1,17.699,0.2580
82.365,0.8748,0.0000,0.8835,-0.9744,1.32,9.59,0.243,,1,1,17.699,0.2580
82.392,0.8757,0.0000,0.8791,-0.9607,1.38,10.54,0.257,,1,1,17.699,0.2580
82.421,0.8721,0.0000,0.8595,-0.9657,1.53,11.06,0.260,,1,1,17.699,0.2580
82.450,0.8620,0.0000,0.8258,-0.9620,1.11,14.16,0.288,,1,1,17.699,0.2580
82.478,0.8501,0.0000,0.8059,-0.9840,1.12,12.90,0.285,,1,1,17.699,0.2580
82.509,0.8364,0.0000,0.7901,-0.9815,1.13,10.41,0.287,,1,1,17.699,0.2580
82.541,0.8211,0.0000,0.7708,-0.9696,1.29,11.43,0.281,,1,1,17.699,0.2580
82.605,0.7866,0.0000,0.7300,-0.9776,1.48,12.50,0.281,,1,1,17.699,0.2580
82.638,0.7661,0.0000,0.7032,-0.9880,1.81,11.23,0.285,,1,1,17.699,0.2580
82.669,0.7512,0.0000,0.7018,-0.9935,2.18,11.37,0.286,,1,1,17.699,0.2580
82.700,0.7411,0.0000,0.7073,-0.9835,2.35,10.46,0.284,,1,1,17.699,0.2580
82.731,0.7331,0.0000,0.7072,-0.9713,2.33,11.84,0.294,,1,1,17.699,0.2580
82.764,0.7249,0.0000,0.6996,-0.9863,2.11,12.20,0.296,,1,1,17.699,0.2580
82.796,0.7175,0.0000,0.6936,-0.9866,2.29,13.20,0.285,,1,1,17.699,0.2580
82.845,0.7048,0.0000,0.6776,-1.0066,2.05,13.68,0.270,,1,1,17.699,0.2580
82.870,0.6974,0.0000,0.6679,-1.0124,1.94,13.47,0.262,,1,1,17.699,0.2580
82.896,0.6930,0.0000,0.6756,-0.9947,2.05,13.50,0.259,,1,1,17.699,0.2580
82.920,0.6908,0.0000,0.6815,-0.9639,2.15,11.67,0.232,,1,1,17.699,0.2580
82.946,0.6872,0.0000,0.6732,-0.9585,2.22,11.46,0.233,,1,1,17.699,0.2580
83.006,0.6739,0.0000,0.6509,-0.9779,2.27,12.10,0.238,,1,1,17.699,0.2580
83.038,0.6675,0.0000,0.6475,-0.9650,2.46,9.09,0.231,,1,1,17.699,0.2580
83.070,0.6634,0.0000,0.6498,-0.9566,2.57,11.59,0.216,,1,1,17.699,0.2580
83.101,0.6619,0.0000,0.6569,-0.9601,2.06,9.95,0.207,,1,1,17.699,0.2580
83.132,0.6652,0.0000,0.6760,-0.9599,2.04,10.50,0.205,,1,1,17.699,0.2580
83.164,0.6640,0.0000,0.6602,-0.9568,2.07,10.37,0.211,,1,1,17.699,0.2580
83.197,0.6647,0.0000,0.6668,-0.9627,1.70,7.75,0.206,,1,1,17.699,0.2580
83.229,0.6649,0.0000,0.6655,-0.9594,1.48,7.64,0.217,,1,1,17.699,0.2580
83.261,0.6717,0.0000,0.6946,-0.9515,1.31,6.76,0.184,,1,1,17.699,0.2580
83.293,0.6799,0.0000,0.7063,-0.9598,1.75,7.43,0.188,,1,1,17.699,0.2580
83.327,0.6843,0.0000,0.6981,-0.9782,1.85,7.26,0.171,,1,1,17.699,0.2580
83.358,0.6833,0.0000,0.6800,-0.9851,1.82,11.64,0.202,,1,1,17.699,0.2580
83.406,0.6852,0.0000,0.6892,-0.9929,1.72,11.05,0.211,,1,1,17.699,0.2580
83.437,0.6879,0.0000,0.6971,-0.9769,1.83,10.11,0.194,,1,1,17.699,0.2580
83.468,0.6906,0.0000,0.6997,-0.9663,1.82,10.04,0.195,,1,1,17.699,0.2580
83.501,0.6906,0.0000,0.6906,-0.9695,1.73,10.55,0.209,,1,1,17.699,0.2580
83.533,0.6878,0.0000,0.6785,-0.9876,1.45,9.22,0.194,,1,1,17.699,0.2580
83.565,0.6849,0.0000,0.6750,-0.9943,1.50,8.43,0.184,,1,1,17.699,0.2580
83.597,0.6858,0.0000,0.6885,-0.9795,1.76,9.00,0.176,,1,1,17.699,0.2580
83.629,0.6870,0.0000,0.6911,-0.9761,1.86,8.99,0.181,,1,1,17.699,0.2580
83.660,0.6889,0.0000,0.6954,-0.9689,1.90,8.64,0.200,,1,1,17.699,0.2580
83.693,0.6932,0.0000,0.7070,-0.9755,1.84,9.78,0.198,,1,1,17.699,0.2580
83.725,0.6951,0.0000,0.7013,-0.9838,1.77,9.01,0.194,,1,1,17.699,0.2580
83.758,0.6970,0.0000,0.7031,-0.9805,1.88,7.61,0.187,,1,1,17.699,0.2580
83.789,0.7015,0.0000,0.7166,-0.9918,1.66,9.23,0.198,,1,1,17.699,0.2580
83.821,0.7047,0.0000,0.7153,-0.9947,1.68,9.66,0.198,,1,1,17.699,0.2580
83.852,0.6908,0.0000,0.6439,-1.0858,1.10,12.79,0.320,,1,1,17.699,0.2580
83.884,0.6681,0.0000,0.5948,-1.1827,0.74,14.22,0.420,,1,1,17.699,0.2580
83.916,0.6486,0.0000,0.5852,-1.2137,0.14,16.42,0.455,,1,1,17.699,0.2580
83.963,0.6292,0.0000,0.5871,-1.2205,0.42,16.35,0.461,,1,1,17.699,0.2580
83.998,0.6198,0.0000,0.5918,-1.2139,0.43,16.43,0.468,,1,1,17.699,0.2580
84.029,0.6139,0.0000,0.5937,-1.2052,0.41,17.13,0.460,,1,1,17.699,0.2580
84.061,0.6068,0.0000,0.5847,-1.2210,0.40,16.89,0.471,,1,1,17.699,0.2580
84.094,0.6012,0.0000,0.5837,-1.2270,0.30,16.25,0.473,,1,1,17.699,0.2580
84.126,0.5969,0.0000,0.5830,-1.2319,0.34,16.37,0.475,,1,1,17.699,0.2580
84.157,0.5946,0.0000,0.5872,-1.2265,0.46,16.56,0.471,,1,1,17.699,0.2580
84.189,0.5931,0.0000,0.5879,-1.2261,0.50,16.54,0.474,,1,1,17.699,0.2580
84.221,0.5915,0.0000,0.5862,-1.2355,0.43,16.26,0.476,,1,1,17.699,0.2580
84.255,0.5909,0.0000,0.5891,-1.2382,0.41,16.83,0.474,,1,1,17.699,0.2580
84.284,0.5902,0.0000,0.5876,-1.2432,0.65,17.64,0.475,,1,1,17.699,0.2580
84.317,0.5898,0.0000,0.5888,-1.2589,0.08,15.85,0.480,,1,1,17.699,0.2580
84.351,0.5942,0.0000,0.6077,-1.2461,0.07,11.71,0.480,,1,1,17.699,0.2580
84.380,0.5983,0.0000,0.6132,-1.2460,-0.14,12.35,0.484,,1,1,17.699,0.2580
84.416,0.6028,0.0000,0.6163,-1.2463,-0.13,12.85,0.485,,1,1,17.699,0.2580
84.445,0.6054,0.0000,0.6149,-1.2555,0.14,13.13,0.484,,1,1,17.699,0.2580
84.475,0.6080,0.0000,0.6171,-1.2608,0.29,12.66,0.483,,1,1,17.699,0.2580
84.524,0.6130,0.0000,0.6237,-1.2558,0.44,13.23,0.476,,1,1,17.699,0.2580
84.557,0.6167,0.0000,0.6288,-1.2585,0.50,13.90,0.476,,1,1,17.699,0.2580
84.590,0.6217,0.0000,0.6375,-1.2600,0.52,15.14,0.476,,1,1,17.699,0.2580
84.621,0.6227,0.0000,0.6261,-1.2815,0.40,14.87,0.477,,1,1,17.699,0.2580
84.653,0.6249,0.0000,0.6322,-1.2813,0.58,14.69,0.476,,1,1,17.699,0.2580
84.684,0.6268,0.0000,0.6331,-1.2781,0.55,15.74,0.475,,1,1,17.699,0.2580
84.717,0.6289,0.0000,0.6357,-1.2713,0.52,15.97,0.473,,1,1,17.699,0.2580
84.747,0.6315,0.0000,0.6406,-1.2727,0.46,15.19,0.470,,1,1,17.699,0.2580
84.780,0.6350,0.0000,0.6459,-1.2688,0.72,14.38,0.468,,1,1,17.699,0.2580
84.812,0.6403,0.0000,0.6576,-1.2797,0.65,14.10,0.465,,1,1,17.699,0.2580
84.844,0.6522,0.0000,0.6910,-1.2530,0.84,14.10,0.455,,1,1,17.699,0.2580
84.876,0.6641,0.0000,0.7022,-1.2428,1.02,14.10,0.457,,1,1,17.699,0.2580
84.909,0.6780,0.0000,0.7238,-1.2241,0.99,14.65,0.454,,1,1,17.699,0.2580
84.944,0.6952,0.0000,0.7440,-1.2231,0.68,15.94,0.457,,1,1,17.699,0.2580
85.004,0.7202,0.0000,0.7624,-1.1806,0.97,16.71,0.450,,1,1,17.699,0.2580
85.038,0.7409,0.0000,0.8032,-1.1256,1.52,17.01,0.374,,1,1,17.699,0.2580
85.068,0.7692,0.0000,0.8637,-1.0444,1.95,13.59,0.200,,1,1,17.699,0.2580
85.116,0.8152,0.0000,0.9112,-0.9718,2.05,12.53,0.188,,1,1,17.699,0.2580
85.144,0.8387,0.0000,0.9226,-0.9501,1.99,13.18,0.204,,1,1,17.699,0.2580
85.175,0.8612,0.0000,0.9316,-0.9231,1.34,14.22,0.260,,1,1,17.699,0.2580
85.200,0.8793,0.0000,0.9482,-0.8762,1.29,17.11,0.302,,1,1,17.699,0.2580
85.226,0.8968,0.0000,0.9670,-0.8311,0.80,17.33,0.339,,1,1,17.699,0.2580
85.253,0.9170,0.0000,0.9897,-0.7691,0.73,18.41,0.375,,1,1,17.699,0.2580
85.278,0.9415,0.0000,1.0309,-0.6783,-0.77,18.65,0.415,,1,1,17.699,0.2580
85.309,0.9680,0.0000,1.0843,-0.5394,-0.33,20.42,0.428,,1,1,17.699,0.2580
85.341,0.9883,0.0000,1.1430,-0.4347,-0.75,19.13,0.440,,1,1,17.699,0.2580
85.408,1.0000,0.0000,1.1838,-0.3254,-1.66,17.61,0.441,,1,1,17.699,0.2580
85.439,1.0000,0.0000,1.2457,-0.2134,-1.73,16.35,0.425,,1,1,17.699,0.2580
85.469,1.0000,0.0000,1.3194,-0.1092,-1.75,13.77,0.437,,1,1,17.699,0.2580
85.500,1.0000,0.0000,1.3735,-0.0162,-2.22,15.01,0.440,,1,1,17.699,0.2580
85.531,1.0000,0.0000,1.4630,0.0501,-2.87,11.79,0.449,,1,1,17.699,0.2580
85.566,1.0000,0.0000,1.5275,0.0383,-3.31,10.43,0.450,,1,1,17.699,0.2580
85.597,1.0000,0.0149,1.5892,0.0847,-2.98,15.14,0.478,,1,1,17.699,0.2580
85.628,1.0000,0.0322,1.6297,0.0888,-3.33,8.88,0.476,,1,1,17.699,0.2580
85.679,1.0000,0.0589,1.6881,0.1127,-3.16,7.77,0.494,,1,1,17.699,0.2580
85.711,1.0000,0.0694,1.6870,0.1011,-3.56,5.34,0.500,,1,1,17.699,0.2580
85.737,1.0000,0.0761,1.6913,0.1025,-3.82,1.15,0.491,,1,1,17.699,0.2580
85.764,1.0000,0.0761,,,-4.20,-9.70,0.488,,1,1,17.699,0.2580
85.805,1.0000,0.0761,,,-4.52,-8.86,0.505,,1,1,17.699,0.2580
85.838,1.0000,0.0761,,,-4.65,-9.89,0.509,,1,1,17.699,0.2580
85.869,1.0000,0.0761,,,-4.83,-14.43,0.512,,1,1,17.699,0.2580
85.900,1.0000,0.0761,,,-4.14,-12.17,0.505,,1,1,17.699,0.2580
85.933,1.0000,0.0761,,,-4.15,-12.51,0.508,,1,1,17.699,0.2580
85.965,1.0000,0.0761,,,-4.09,-13.76,0.505,,1,1,17.699,0.2580
85.999,1.0000,0.0761,,,-4.43,-14.48,0.501,,1,1,17.699,0.2580
86.029,1.0000,0.0761,,,-4.47,-15.60,0.503,,1,1,17.699,0.2580
86.060,1.0000,0.0761,,,-4.57,-17.02,0.504,,1,1,17.699,0.2580
86.092,1.0000,0.0761,,,-4.36,-16.99,0.511,,1,1,17.699,0.2580
86.125,1.0000,0.0761,,,-4.54,-16.60,0.502,,1,1,17.699,0.2580
86.158,1.0000,0.0761,,,-4.57,-17.72,0.501,,1,1,17.699,0.2580
86.189,1.0000,0.0761,,,-4.65,-17.32,0.498,,1,1,17.699,0.2580
86.238,1.0000,0.0761,,,-4.15,-16.51,0.491,,1,1,17.699,0.2580
86.270,1.0000,0.0761,,,-3.66,-15.57,0.478,,1,1,17.699,0.2580
86.302,1.0000,0.0761,,,-3.37,-14.83,0.462,,1,1,17.699,0.2580
86.333,1.0000,0.0761,,,-3.25,-14.79,0.455,,1,1,17.699,0.2580
86.365,1.0000,0.0761,,,-3.12,-14.66,0.452,,1,1,17.699,0.2580
86.399,1.0000,0.0761,,,-3.24,-12.99,0.445,,1,1,17.699,0.2580
86.429,1.0000,0.0761,,,-3.30,-13.97,0.442,,1,1,17.699,0.2580
86.460,1.0000,0.0761,,,-3.46,-14.56,0.425,,1,1,17.699,0.2580
86.493,1.0000,0.0761,,,-3.25,-15.67,0.330,,1,1,17.699,0.2580
86.525,1.0000,0.0761,,,-3.07,-14.87,0.266,,1,1,17.699,0.2580
86.557,1.0000,0.0761,,,-2.87,-14.39,0.258,,1,1,17.699,0.2580
86.590,1.0000,0.0761,,,-3.15,-14.75,0.277,,1,1,17.699,0.2580
86.622,1.0000,0.0761,,,-3.02,-14.58,0.288,,1,1,17.699,0.2580
86.653,1.0000,0.0761,,,-3.05,-15.13,0.305,,1,1,17.699,0.2580
86.684,1.0000,0.0761,,,-2.88,-15.02,0.313,,1,1,17.699,0.2580
86.718,1.0000,0.0761,,,-2.80,-12.28,0.317,,1,1,17.699,0.2580
86.750,1.0000,0.0761,,,-2.83,-14.77,0.320,,1,1,17.699,0.2580
86.796,1.0000,0.0761,,,-2.81,-15.98,0.310,,1,1,17.699,0.2580
86.829,1.0000,0.0761,,,-2.61,-14.63,0.309,,1,1,17.699,0.2580
86.861,1.0000,0.0761,,,-2.64,-10.91,0.303,,1,1,17.699,0.2580
86.894,1.0000,0.0761,,,-2.16,-9.37,0.307,,1,1,17.699,0.2580
86.927,1.0000,0.1390,1.4943,0.1521,-2.30,-3.96,0.281,,1,1,17.699,0.2580
86.958,1.0000,0.1490,1.4078,0.1823,-1.52,1.85,0.259,,1,1,17.699,0.2580
86.990,1.0000,0.1490,,,-2.02,-4.91,0.257,,1,1,17.699,0.2580
87.021,1.0000,0.1681,1.2912,0.1998,-1.38,8.18,0.266,,1,1,17.699,0.2580
87.054,1.0000,0.1796,1.2376,0.2149,-1.14,12.34,0.277,,1,1,17.699,0.2580
87.084,1.0000,0.1902,1.2139,0.2268,-1.20,13.37,0.298,,1,1,17.699,0.2580
87.116,1.0000,0.2007,1.1837,0.2343,-1.07,15.14,0.307,,1,1,17.699,0.2580
87.149,1.0000,0.2082,1.1709,0.2317,-0.93,16.69,0.310,,1,1,17.699,0.2580
87.182,1.0000,0.2099,1.1386,0.2152,-0.99,17.67,0.349,,1,1,17.699,0.2580
87.212,1.0000,0.2066,1.1126,0.1953,-1.51,17.93,0.410,,1,1,17.699,0.2580
87.244,1.0000,0.1996,1.0907,0.1764,-1.90,18.56,0.454,,1,1,17.699,0.2580
87.279,1.0000,0.1879,1.0756,0.1515,-1.86,19.17,0.471,,1,1,17.699,0.2580
87.309,1.0000,0.1803,1.0738,0.1544,-2.03,18.43,0.475,,1,1,17.699,0.2580
87.343,1.0000,0.1706,1.0714,0.1404,-2.15,16.87,0.488,,1,1,17.699,0.2580
87.422,1.0000,0.1582,1.0728,0.1418,-2.27,16.41,0.496,,1,1,17.699,0.2580
87.450,1.0000,0.1547,1.0749,0.1417,-2.24,16.22,0.500,,1,1,17.699,0.2580
87.477,1.0000,0.1522,1.0755,0.1424,-2.35,17.00,0.497,,1,1,17.699,0.2580
87.503,1.0000,0.1505,1.0748,0.1439,-2.26,17.86,0.496,,1,1,17.699,0.2580
87.530,1.0000,0.1509,1.0317,0.1523,-2.28,17.43,0.497,,1,1,17.699,0.2580
87.559,1.0000,0.1524,1.0102,0.1580,-2.50,16.23,0.491,,1,1,17.699,0.2580
87.586,1.0000,0.1551,1.0006,0.1656,-2.39,14.72,0.493,,1,1,17.699,0.2580
87.613,1.0000,0.1575,0.9968,0.1670,-2.34,15.65,0.500,,1,1,17.699,0.2580
87.645,1.0000,0.1611,1.0023,0.1730,-2.22,16.80,0.502,,1,1,17.699,0.2580
87.678,1.0000,0.1635,1.0059,0.1712,-2.87,17.06,0.501,,1,1,17.699,0.2580
87.712,1.0000,0.1653,1.0083,0.1710,-2.83,17.31,0.500,,1,1,17.699,0.2580
87.740,1.0000,0.1703,1.0152,0.1887,-2.81,17.47,0.505,,1,1,17.699,0.2580
87.804,1.0000,0.1810,1.0227,0.1987,-2.73,17.61,0.508,,1,1,17.699,0.2580
87.837,1.0000,0.1868,1.0292,0.2051,-3.14,16.64,0.511,,1,1,17.699,0.2580
87.869,1.0000,0.1906,1.0309,0.2032,-3.10,15.72,0.510,,1,1,17.699,0.2580
87.901,1.0000,0.1945,1.0264,0.2071,-2.50,16.47,0.506,,1,1,17.699,0.2580
87.949,1.0000,0.2005,1.0133,0.2134,-2.57,17.18,0.502,,1,1,17.699,0.2580
87.981,1.0000,0.2039,1.0087,0.2153,-2.45,18.39,0.502,,1,1,17.699,0.2580
88.008,1.0000,0.2063,1.0073,0.2158,-2.51,18.82,0.502,,1,1,17.699,0.2580
88.033,1.0000,0.2084,1.0068,0.2173,-2.43,18.09,0.505,,1,1,17.699,0.2580
88.058,1.0000,0.2095,1.0061,0.2142,-2.47,17.62,0.504,,1,1,17.699,0.2580
88.084,1.0000,0.2112,0.9993,0.2178,-2.50,18.41,0.501,,1,1,17.699,0.2580
88.110,1.0000,0.2114,0.9948,0.2121,-2.54,17.49,0.498,,1,1,17.699,0.2580
88.141,0.9987,0.2143,0.9717,0.2242,-2.69,17.73,0.478,,1,1,17.699,0.2580
88.205,1.0000,0.2331,1.0292,0.2638,-2.02,15.93,0.233,,1,1,17.699,0.2580
88.238,1.0000,0.2432,0.9830,0.2749,-2.01,17.36,0.250,,1,1,17.699,0.2580
88.270,0.9823,0.2438,0.9134,0.2458,-2.40,19.69,0.326,,1,1,17.699,0.2580
88.300,0.9547,0.2390,0.8612,0.2223,-2.52,21.15,0.390,,1,1,17.699,0.2580
88.331,0.9193,0.2307,0.8049,0.2022,-2.54,21.05,0.428,,1,1,17.699,0.2580
88.366,0.8778,0.2181,0.7615,0.1803,-2.62,22.80,0.454,,1,1,17.699,0.2580
88.397,0.8443,0.2036,0.7368,0.1536,-2.54,23.88,0.469,,1,1,17.699,0.2580
88.428,0.8084,0.1860,0.6987,0.1287,-1.99,23.33,0.468,,1,1,17.699,0.2580
88.460,0.7769,0.1699,0.6826,0.1183,-1.79,23.33,0.478,,1,1,17.699,0.2580
88.508,0.7457,0.1534,0.6827,0.1179,-1.69,22.86,0.476,,1,1,17.699,0.2580
88.541,0.7291,0.1412,0.6792,0.1029,-1.79,22.82,0.473,,1,1,17.699,0.2580
88.569,0.7184,0.1321,0.6810,0.0987,-1.85,23.23,0.471,,1,1,17.699,0.2580
88.605,0.7355,0.1707,0.7829,0.2831,-1.73,23.84,0.465,,1,1,17.699,0.2580
88.640,0.8138,0.3274,1.0570,0.7612,0.25,20.67,0.464,,1,1,17.699,0.2580
88.668,0.8655,0.4532,1.2134,0.8529,0.59,19.96,0.472,,1,1,17.699,0.2580
88.701,0.9099,0.5059,1.1686,0.6568,-0.22,20.42,0.459,,1,1,17.699,0.2580
88.734,0.9371,0.4470,1.0141,0.2849,-1.48,20.48,0.487,,1,1,17.699,0.2580
88.765,0.9540,0.3860,1.0106,0.1761,-1.63,20.98,0.474,,1,1,17.699,0.2580
88.797,0.9781,0.3976,1.1549,0.4335,-1.95,22.38,0.463,,1,1,17.699,0.2580
88.829,0.9958,0.5447,1.4646,0.9709,-0.92,20.56,0.454,,1,1,17.699,0.2580
88.861,1.0000,0.6809,1.5920,1.2113,-0.55,19.07,0.456,,1,1,17.699,0.2580
88.893,1.0000,0.7810,1.5170,1.0982,-2.52,19.17,0.467,,1,1,17.699,0.2580
88.925,1.0000,0.8292,1.4133,0.9601,-2.60,13.29,0.455,,1,1,17.699,0.2580
88.958,1.0000,0.8586,1.2704,0.9371,-3.51,16.25,0.468,,1,1,17.699,0.2580
88.991,1.0000,0.9099,1.2770,1.1948,-4.55,9.10,0.435,,1,1,17.699,0.2580
89.022,1.0000,0.9467,1.3698,1.6944,-5.76,16.05,0.391,,1,1,17.699,0.2580
89.054,1.0000,0.9737,1.4268,1.9544,-2.37,5.99,0.167,,1,1,17.699,0.2580
89.100,1.0000,0.9991,1.3875,2.2486,-3.17,6.75,0.194,,1,1,17.699,0.2580
89.132,1.0000,1.0000,1.2069,2.0741,-3.94,9.93,0.199,,1,1,17.699,0.2580
89.165,1.0000,1.0000,1.0759,1.9935,-5.61,16.88,0.263,,1,1,17.699,0.2580
89.197,1.0000,1.0000,1.0796,2.1563,-6.29,22.20,0.404,,1,1,17.699,0.2580
89.229,1.0000,1.0000,1.1905,2.4291,-4.53,24.30,0.439,,1,1,17.699,0.2580
89.260,1.0000,1.0000,1.2284,2.5219,-6.86,24.33,0.456,,1,1,17.699,0.2580
89.291,1.0000,1.0000,1.2403,2.4667,-5.53,22.80,0.452,,1,1,17.699,0.2580
89.325,1.0000,1.0000,1.2409,2.4100,-5.70,22.69,0.456,,1,1,17.699,0.2580
89.358,1.0000,1.0000,1.3189,2.4976,-6.24,21.47,0.494,,1,1,17.699,0.2580
89.391,1.0000,1.0000,1.4827,2.7385,-6.37,19.72,0.521,,1,1,17.699,0.2580
89.421,1.0000,1.0000,1.6229,2.8379,-6.46,19.01,0.464,,1,1,17.699,0.2580
89.453,1.0000,1.0000,1.6789,2.8568,-7.58,17.93,0.468,,1,1,17.699,0.2580
89.486,1.0000,1.0000,1.6325,2.7610,-7.10,17.62,0.446,,1,1,17.699,0.2580
89.517,1.0000,1.0000,1.5991,2.6969,-7.63,14.91,0.443,,1,1,17.699,0.2580
89.548,1.0000,1.0000,1.6126,2.7378,-6.60,15.51,0.430,,1,1,17.699,0.2580
89.582,1.0000,1.0000,1.6928,2.8939,-5.61,12.95,0.448,,1,1,17.699,0.2580
89.612,1.0000,1.0000,1.6989,3.0196,-5.83,12.72,0.455,,1,1,17.699,0.2580
89.660,1.0000,1.0000,1.5985,2.9785,-5.84,10.45,0.446,,1,1,17.699,0.2580
89.694,1.0000,1.0000,1.5236,2.9551,-6.40,11.98,0.445,,1,1,17.699,0.2580
89.725,1.0000,1.0000,1.4597,2.9568,-6.27,12.08,0.441,,1,1,17.699,0.2580
89.757,1.0000,1.0000,1.4193,2.9878,-6.24,13.57,0.466,,1,1,17.699,0.2580
89.790,1.0000,1.0000,1.3988,3.0480,-5.96,15.30,0.482,,1,1,17.699,0.2580
89.820,1.0000,1.0000,1.3968,3.0975,-5.51,15.00,0.488,,1,1,17.699,0.2580
89.855,1.0000,1.0000,1.3537,3.0648,-5.89,13.83,0.501,,1,1,17.699,0.2580
89.885,1.0000,1.0000,1.2546,2.8834,-5.76,13.79,0.493,,1,1,17.699,0.2580
89.919,1.0000,1.0000,1.1659,2.7506,-4.93,13.66,0.514,,1,1,17.699,0.2580
89.949,1.0000,1.0000,1.1310,2.6760,-4.68,14.40,0.496,,1,1,17.699,0.2580
89.981,1.0000,1.0000,1.0520,2.5874,-4.57,15.44,0.501,,1,1,17.699,0.2580
90.013,1.0000,1.0000,0.9224,2.3715,-4.04,18.24,0.483,,1,1,17.699,0.2580
90.045,0.9511,1.0000,0.7375,2.0830,-2.67,18.69,0.478,,1,1,17.699,0.2580
90.076,0.8533,1.0000,0.5577,1.8519,-2.25,16.74,0.491,,1,1,17.699,0.2580
90.109,0.7369,1.0000,0.4132,1.7047,-0.89,18.31,0.490,,1,1,17.699,0.2580
90.142,0.6037,1.0000,0.2653,1.6127,-0.77,19.61,0.491,,1,1,17.699,0.2580
90.223,0.3239,1.0000,0.0236,1.3762,-0.86,22.31,0.501,,1,1,17.699,0.2580
90.254,0.2225,1.0000,-0.1480,1.1252,-0.72,22.33,0.471,,1,1,17.699,0.2580
90.281,0.1550,1.0000,-0.1804,1.0999,-0.44,21.83,0.459,,1,1,17.699,0.2580
90.308,0.1054,1.0000,-0.2734,1.0456,-0.68,20.59,0.424,,1,1,17.699,0.2580
90.332,0.0719,1.0000,-0.2957,1.0873,0.71,20.00,0.457,,1,1,17.699,0.2580
90.363,0.0388,1.0000,-0.2793,1.1653,0.60,21.27,0.406,,1,1,17.699,0.2580
90.389,0.0181,1.0000,-0.2062,1.2461,1.62,18.57,0.314,,1,1,17.699,0.2580
90.414,0.0031,1.0000,-0.1877,1.2921,0.69,19.70,0.164,,1,1,17.699,0.2580
90.445,0.0000,1.0000,-0.1731,1.3599,0.87,18.46,0.144,,1,1,17.699,0.2580
90.477,0.0000,1.0000,-0.1344,1.3945,0.98,18.07,0.161,,1,1,17.699,0.2580
90.508,0.0000,1.0000,-0.1132,1.4168,2.08,20.67,0.222,,1,1,17.699,0.2580
90.541,0.0000,1.0000,-0.0198,1.5460,2.08,20.00,0.342,,1,1,17.699,0.2580
90.605,0.0043,1.0000,0.0513,1.5130,1.85,20.40,0.373,,1,1,17.699,0.2580
90.638,0.0248,1.0000,0.0876,1.4905,2.06,19.69,0.387,,1,1,17.699,0.2580
90.669,0.0505,1.0000,0.1373,1.4957,1.79,19.73,0.411,,1,1,17.699,0.2580
90.701,0.0807,1.0000,0.1797,1.5139,1.47,20.49,0.423,,1,1,17.699,0.2580
90.732,0.1142,1.0000,0.2241,1.5448,1.19,21.13,0.434,,1,1,17.699,0.2580
90.781,0.1577,1.0000,0.2489,1.5346,1.15,20.11,0.434,,1,1,17.699,0.2580
90.812,0.1789,1.0000,0.2473,1.5323,1.15,19.42,0.431,,1,1,17.699,0.2580
90.837,0.1930,1.0000,0.2500,1.5291,1.18,19.11,0.428,,1,1,17.699,0.2580
90.865,0.2067,1.0000,0.2555,1.5246,1.25,18.24,0.427,,1,1,17.699,0.2580
90.889,0.2171,1.0000,0.2590,1.5386,1.16,19.06,0.430,,1,1,17.699,0.2580
90.916,0.2320,1.0000,0.2870,1.5828,1.15,19.37,0.424,,1,1,17.699,0.2580
90.943,0.2444,1.0000,0.2913,1.5935,0.99,19.65,0.427,,1,1,17.699,0.2580
91.009,0.2557,1.0000,0.2730,1.5142,0.63,21.16,0.447,,1,1,17.699,0.2580
91.040,0.2592,1.0000,0.2705,1.4838,0.60,20.63,0.444,,1,1,17.699,0.2580
91.068,0.2605,1.0000,0.2652,1.4624,0.54,19.89,0.443,,1,1,17.699,0.2580
91.102,0.2605,1.0000,0.2604,1.4040,1.71,20.60,0.433,,1,1,17.699,0.2580
91.132,0.2453,1.0000,0.1935,1.2802,1.89,18.53,0.417,,1,1,17.699,0.2580
91.164,0.2167,1.0000,0.1229,1.1370,2.32,18.24,0.435,,1,1,17.699,0.2580
91.199,0.1764,1.0000,0.0584,0.9900,2.15,17.52,0.415,,1,1,17.699,0.2580
91.231,0.1335,1.0000,-0.0020,0.8932,1.95,17.38,0.413,,1,1,17.699,0.2580
91.261,0.0908,0.9537,-0.0595,0.7937,2.77,16.00,0.405,,1,1,17.699,0.2580
91.292,0.0562,0.8894,-0.1224,0.6933,3.54,15.73,0.418,,1,1,17.699,0.2580
91.326,0.0291,0.7990,-0.2264,0.5453,3.84,14.82,0.413,,1,1,17.699,0.2580
91.374,0.0031,0.6592,-0.3805,0.3958,3.86,14.94,0.410,,1,1,17.699,0.2580
91.404,0.0000,0.5658,-0.4442,0.2965,4.24,16.43,0.417,,1,1,17.699,0.2580
91.437,0.0000,0.4930,-0.4773,0.2991,4.91,17.63,0.429,,1,1,17.699,0.2580
91.470,0.0000,0.4290,-0.5280,0.2635,5.42,19.46,0.408,,1,1,17.699,0.2580
91.501,0.0000,0.3689,-0.5882,0.1974,4.95,18.41,0.430,,1,1,17.699,0.2580
91.534,0.0000,0.3112,-0.6471,0.1609,4.29,17.65,0.382,,1,1,17.699,0.2580
91.565,0.0000,0.2677,-0.6457,0.1449,3.84,16.12,0.339,,1,1,17.699,0.2580
91.597,0.0000,0.2496,-0.5739,0.1977,3.26,15.64,0.201,,1,1,17.699,0.2580
91.627,0.0000,0.2655,-0.4866,0.3119,4.10,15.45,0.064,,1,1,17.699,0.2580
91.661,0.0000,0.3218,-0.3875,0.4839,5.28,15.17,0.055,,1,1,17.699,0.2580
91.694,0.0000,0.3868,-0.3036,0.5991,5.08,12.40,0.043,,1,1,17.699,0.2580
91.724,0.0000,0.4426,-0.2741,0.6284,3.90,12.72,0.034,,1,1,17.699,0.2580
91.757,0.0000,0.4904,-0.2321,0.6362,3.23,12.93,0.063,,1,1,17.699,0.2580
91.788,0.0000,0.5349,-0.2107,0.6745,3.29,13.08,0.170,,1,1,17.699,0.2580
91.822,0.0000,0.5795,-0.1793,0.7096,3.27,13.49,0.265,,1,1,17.699,0.2580
91.853,0.0000,0.6149,-0.1633,0.7253,3.38,17.37,0.303,,1,1,17.699,0.2580
91.884,0.0000,0.6470,-0.1275,0.7449,3.09,15.90,0.343,,1,1,17.699,0.2580
91.933,0.0000,0.6777,-0.0984,0.7379,3.08,15.13,0.361,,1,1,17.699,0.2580
91.965,0.0000,0.7029,-0.0706,0.7795,3.21,14.60,0.385,,1,1,17.699,0.2580
91.997,0.0000,0.7363,-0.0268,0.8365,3.15,14.80,0.396,,1,1,17.699,0.2580
92.028,0.0000,0.7697,0.0160,0.8742,3.10,15.00,0.431,,1,1,17.699,0.2580
92.059,0.0000,0.8014,0.0398,0.8963,2.28,16.00,0.430,,1,1,17.699,0.2580
92.094,0.0065,0.8343,0.0685,0.9248,2.10,16.19,0.426,,1,1,17.699,0.2580
92.125,0.0284,0.8624,0.1011,0.9494,2.13,16.31,0.443,,1,1,17.699,0.2580
92.156,0.0550,0.8927,0.1388,0.9825,2.32,16.19,0.446,,1,1,17.699,0.2580
92.192,0.0845,0.9237,0.1663,1.0053,2.71,14.86,0.446,,1,1,17.699,0.2580
92.221,0.1064,0.9423,0.1822,1.0045,2.46,16.28,0.445,,1,1,17.699,0.2580
92.254,0.1244,0.9566,0.1785,0.9986,2.62,16.51,0.437,,1,1,17.699,0.2580
92.285,0.1355,0.9644,0.1705,0.9882,2.64,16.19,0.439,,1,1,17.699,0.2580
92.315,0.1423,0.9697,0.1651,0.9874,2.66,16.07,0.435,,1,1,17.699,0.2580
92.349,0.1470,0.9727,0.1610,0.9812,2.71,16.68,0.432,,1,1,17.699,0.2580
92.380,0.1498,0.9732,0.1593,0.9748,2.71,16.66,0.430,,1,1,17.699,0.2580
92.413,0.1527,0.9698,0.1613,0.9596,3.21,17.39,0.429,,1,1,17.699,0.2580
92.447,0.1555,0.9653,0.1645,0.9512,3.41,17.58,0.422,,1,1,17.699,0.2580
92.493,0.1704,0.9553,0.2026,0.9334,3.69,16.64,0.416,,1,1,17.699,0.2580
92.524,0.1847,0.9522,0.2313,0.9415,3.72,16.91,0.416,,1,1,17.699,0.2580
92.557,0.2078,0.9585,0.2792,0.9786,3.71,17.17,0.413,,1,1,17.699,0.2580
92.589,0.2321,0.9700,0.3072,1.0070,3.49,17.77,0.399,,1,1,17.699,0.2580
92.621,0.2611,0.9812,0.3517,1.0175,3.32,17.91,0.395,,1,1,17.699,0.2580
92.653,0.2923,0.9977,0.3872,1.0509,3.12,18.37,0.391,,1,1,17.699,0.2580
92.688,0.3390,1.0000,0.4724,1.0908,3.06,17.13,0.309,,1,1,17.699,0.2580
92.718,0.4195,1.0000,0.6642,1.2066,3.46,13.10,0.047,,1,1,17.699,0.2580
92.750,0.5143,1.0000,0.7776,1.2852,4.04,8.98,0.022,,1,1,17.699,0.2580
92.780,0.5998,1.0000,0.8510,1.3406,3.01,5.70,0.021,,1,1,17.699,0.2580
92.811,0.6755,1.0000,0.8853,1.3627,2.22,3.74,0.030,,1,1,17.699,0.2580
92.848,0.7385,1.0000,0.8857,1.3152,1.73,3.12,0.065,,1,1,17.699,0.2580
92.885,0.7786,1.0000,0.8777,1.2926,1.83,7.75,0.095,,1,1,17.699,0.2580
92.916,0.7979,1.0000,0.8533,1.2277,1.31,9.28,0.118,,1,1,17.699,0.2580
92.941,0.7996,1.0000,0.8058,1.1674,0.78,9.15,0.172,,1,1,17.699,0.2580
93.016,0.7833,1.0000,0.7624,1.0724,1.15,11.77,0.237,,1,1,17.699,0.2580
93.055,0.7788,1.0000,0.7675,1.0349,0.89,12.09,0.230,,1,1,17.699,0.2580
93.085,0.7805,1.0000,0.7863,1.0183,1.32,11.12,0.240,,1,1,17.699,0.2580
93.109,0.7837,1.0000,0.7966,1.0101,1.42,11.54,0.247,,1,1,17.699,0.2580
93.137,0.7945,1.0000,0.8330,1.0393,1.80,12.46,0.248,,1,1,17.699,0.2580
93.161,0.8064,1.0000,0.8559,1.0645,1.50,12.41,0.269,,1,1,17.699,0.2580
93.191,0.8289,1.0000,0.9045,1.1422,0.75,13.57,0.304,,1,1,17.699,0.2580
93.220,0.8502,1.0000,0.9238,1.1487,0.64,15.25,0.309,,1,1,17.699,0.2580
93.245,0.8712,1.0000,0.9511,1.1799,0.06,16.59,0.266,,1,1,17.699,0.2580
93.276,0.9126,1.0000,1.0419,1.3602,0.56,15.03,0.087,,1,1,17.699,0.2580
93.309,0.9474,1.0000,1.0846,1.4517,0.13,13.71,0.052,,1,1,17.699,0.2580
93.341,0.9733,1.0000,1.0530,1.4100,0.60,12.97,0.081,,1,1,17.699,0.2580
93.406,0.9325,1.0000,0.8704,1.2494,-0.80,15.97,0.371,,1,1,17.699,0.2580
93.439,0.9076,1.0000,0.8253,1.2067,-0.65,18.65,0.432,,1,1,17.699,0.2580
93.470,0.8859,1.0000,0.8152,1.1969,-0.53,19.18,0.441,,1,1,17.699,0.2580
93.500,0.8692,1.0000,0.8119,1.1896,-0.58,19.38,0.447,,1,1,17.699,0.2580
93.533,0.8587,1.0000,0.8251,1.1760,-0.43,19.13,0.466,,1,1,17.699,0.2580
93.563,0.8575,1.0000,0.8530,1.1244,-0.49,20.18,0.483,,1,1,17.699,0.2580
93.598,0.8621,1.0000,0.8758,1.0947,-0.80,20.31,0.489,,1,1,17.699,0.2580
93.645,0.8688,1.0000,0.8843,1.0229,-1.01,21.28,0.500,,1,1,17.699,0.2580
93.677,0.8762,1.0000,0.9001,0.9776,-0.76,19.12,0.479,,1,1,17.699,0.2580
93.703,0.8816,1.0000,0.9033,0.9585,-0.56,17.63,0.472,,1,1,17.699,0.2580
93.730,0.8871,0.9976,0.9094,0.9376,-0.84,17.84,0.469,,1,1,17.699,0.2580
93.755,0.8902,0.9782,0.9030,0.9022,-0.56,19.32,0.473,,1,1,17.699,0.2580
93.805,0.9093,0.9441,0.9499,0.8736,-0.37,18.48,0.465,,1,1,17.699,0.2580
93.837,0.9267,0.9246,0.9801,0.8665,0.01,18.34,0.455,,1,1,17.699,0.2580
93.871,0.9566,0.9194,1.0625,0.9033,0.04,19.22,0.250,,1,1,17.699,0.2580
93.902,0.9790,0.9500,1.2071,1.0573,0.43,13.97,0.056,,1,1,17.699,0.2580
93.933,0.9960,0.9729,1.2566,1.1081,0.35,12.90,0.060,,1,1,17.699,0.2580
93.965,1.0000,0.9908,1.2537,1.0850,0.12,11.74,0.089,,1,1,17.699,0.2580
93.998,1.0000,1.0000,1.2606,1.0360,0.58,12.79,0.090,,1,1,17.699,0.2580
94.028,1.0000,0.9937,1.2451,0.9652,1.25,16.05,0.173,,1,1,17.699,0.2580
94.061,1.0000,0.9755,1.2077,0.9180,1.44,17.48,0.249,,1,1,17.699,0.2580
94.093,1.0000,0.9516,1.1735,0.8737,1.36,18.23,0.297,,1,1,17.699,0.2580
94.125,1.0000,0.9283,1.1607,0.8537,1.45,18.10,0.313,,1,1,17.699,0.2580
94.157,1.0000,0.9078,1.1458,0.8431,1.75,18.39,0.320,,1,1,17.699,0.2580
94.204,1.0000,0.8884,1.1448,0.8462,1.61,19.15,0.322,,1,1,17.699,0.2580
94.238,1.0000,0.8784,1.1559,0.8486,1.65,19.55,0.322,,1,1,17.699,0.2580
94.270,1.0000,0.8783,1.1738,0.8779,1.76,19.10,0.333,,1,1,17.699,0.2580
94.300,1.0000,0.8817,1.1815,0.8932,1.73,19.17,0.329,,1,1,17.699,0.2580
94.331,1.0000,0.8854,1.1927,0.8978,1.66,18.96,0.334,,1,1,17.699,0.2580
94.366,1.0000,0.8862,1.1960,0.8885,1.60,19.38,0.338,,1,1,17.699,0.2580
94.397,1.0000,0.8882,1.2037,0.8950,1.48,18.09,0.334,,1,1,17.699,0.2580
94.430,1.0000,0.8904,1.2146,0.8975,1.21,18.80,0.334,,1,1,17.699,0.2580
94.461,1.0000,0.8948,1.2256,0.9099,1.12,18.42,0.342,,1,1,17.699,0.2580
94.494,1.0000,0.8983,1.2391,0.9094,0.87,18.24,0.341,,1,1,17.699,0.2580
94.525,1.0000,0.9039,1.2484,0.9234,1.00,18.26,0.343,,1,1,17.699,0.2580
94.557,1.0000,0.9024,1.2501,0.8975,0.94,19.47,0.362,,1,1,17.699,0.2580
94.590,1.0000,0.8887,1.2347,0.8450,0.23,18.97,0.407,,1,1,17.699,0.2580
94.622,1.0000,0.8715,1.2384,0.8156,0.00,18.66,0.448,,1,1,17.699,0.2580
94.654,1.0000,0.8504,1.2486,0.7817,-0.24,18.88,0.477,,1,1,17.699,0.2580
94.686,1.0000,0.8263,1.2550,0.7500,-0.05,18.70,0.491,,1,1,17.699,0.2580
94.719,1.0000,0.8058,1.2531,0.7424,-0.30,19.87,0.492,,1,1,17.699,0.2580
94.765,1.0000,0.7798,1.2407,0.7218,-0.38,20.42,0.496,,1,1,17.699,0.2580
94.798,1.0000,0.7662,1.2409,0.7256,-0.31,20.42,0.496,,1,1,17.699,0.2580
94.827,1.0000,0.7598,1.2310,0.7380,-0.08,19.77,0.495,,1,1,17.699,0.2580
94.860,1.0000,0.7599,1.1805,0.7603,-0.19,19.57,0.496,,1,1,17.699,0.2580
94.894,1.0000,0.7640,1.1495,0.7766,-0.27,18.84,0.496,,1,1,17.699,0.2580
94.924,1.0000,0.7674,1.1327,0.7791,-0.32,19.65,0.496,,1,1,17.699,0.2580
94.956,1.0000,0.7709,1.1216,0.7825,-0.67,19.34,0.496,,1,1,17.699,0.2580
94.989,1.0000,0.7749,1.1049,0.7875,-0.70,18.84,0.493,,1,1,17.699,0.2580
95.021,1.0000,0.7783,1.0927,0.7893,-0.80,18.71,0.487,,1,1,17.699,0.2580
95.052,1.0000,0.7817,1.0825,0.7941,-0.75,18.58,0.480,,1,1,17.699,0.2580
95.086,1.0000,0.7864,1.0569,0.8008,-1.03,18.99,0.480,,1,1,17.699,0.2580
95.117,1.0000,0.7929,1.0207,0.8146,-1.01,18.76,0.480,,1,1,17.699,0.2580
95.152,1.0000,0.8006,0.9983,0.8233,-1.09,19.19,0.477,,1,1,17.699,0.2580
95.181,1.0000,0.8066,0.9848,0.8282,-0.97,18.51,0.483,,1,1,17.699,0.2580
95.211,1.0000,0.8127,0.9446,0.8338,-0.82,20.36,0.477,,1,1,17.699,0.2580
95.245,0.9845,0.8199,0.9239,0.8424,-0.52,19.49,0.472,,1,1,17.699,0.2580
95.278,0.9651,0.8250,0.9059,0.8410,-0.47,21.02,0.468,,1,1,17.699,0.2580
95.324,0.9384,0.8347,0.8798,0.8566,-0.38,19.16,0.455,,1,1,17.699,0.2580
95.357,0.9200,0.8422,0.8644,0.8656,-0.50,20.98,0.456,,1,1,17.699,0.2580
95.390,0.9050,0.8502,0.8588,0.8757,-0.19,20.08,0.448,,1,1,17.699,0.2580
95.423,0.8933,0.8556,0.8580,0.8724,-0.12,20.08,0.449,,1,1,17.699,0.2580
95.453,0.8817,0.8602,0.8421,0.8760,0.11,20.00,0.447,,1,1,17.699,0.2580
95.485,0.8714,0.8644,0.8394,0.8779,0.08,18.82,0.447,,1,1,17.699,0.2580
95.518,0.8613,0.8694,0.8300,0.8856,-0.07,20.22,0.444,,1,1,17.699,0.2580
95.549,0.8527,0.8751,0.8246,0.8940,-0.12,19.36,0.441,,1,1,17.699,0.2580
95.582,0.8438,0.8808,0.8165,0.8986,-0.10,20.68,0.441,,1,1,17.699,0.2580
95.612,0.8373,0.8848,0.8158,0.8986,-0.13,20.35,0.441,,1,1,17.699,0.2580
95.646,0.8323,0.8874,0.8168,0.8955,0.05,20.57,0.444,,1,1,17.699,0.2580
95.677,0.8288,0.8900,0.8172,0.8988,0.02,20.60,0.444,,1,1,17.699,0.2580
95.710,0.8246,0.8945,0.8117,0.9085,0.04,22.25,0.445,,1,1,17.699,0.2580
95.741,0.8223,0.8984,0.8146,0.9112,0.08,22.15,0.443,,1,1,17.699,0.2580
95.804,0.8663,0.9250,0.9410,0.9691,0.76,21.58,0.317,,1,1,17.699,0.2580
95.838,0.9031,0.9521,1.0140,1.0328,1.21,20.35,0.162,,1,1,17.699,0.2580
95.871,0.9330,0.9756,1.0287,1.0555,1.20,19.15,0.111,,1,1,17.699,0.2580
95.917,0.9676,0.9992,1.0419,1.0551,1.30,19.14,0.125,,1,1,17.699,0.2580
95.948,0.9863,1.0000,1.0475,1.0529,1.47,19.16,0.158,,1,1,17.699,0.2580
95.974,0.9993,1.0000,1.0495,1.0509,1.52,18.85,0.175,,1,1,17.699,0.2580
95.999,1.0000,1.0000,1.0429,1.0388,1.85,19.10,0.172,,1,1,17.699,0.2580
96.025,1.0000,1.0000,1.0427,1.0380,2.07,19.47,0.207,,1,1,17.699,0.2580
96.052,1.0000,1.0000,1.0410,1.0280,2.08,20.41,0.232,,1,1,17.699,0.2580
96.078,1.0000,1.0000,1.0366,1.0212,2.01,20.73,0.250,,1,1,17.699,0.2580
96.109,1.0000,1.0000,1.0341,1.0171,2.00,21.84,0.269,,1,1,17.699,0.2580
96.146,1.0000,1.0000,1.0307,1.0095,1.97,22.04,0.279,,1,1,17.699,0.2580
96.205,1.0000,1.0000,1.0189,0.9862,2.14,22.38,0.312,,1,1,17.699,0.2580
96.237,1.0000,1.0000,1.0238,0.9796,2.13,22.62,0.325,,1,1,17.699,0.2580
96.271,1.0000,0.9917,1.0150,0.9619,2.23,21.53,0.355,,1,1,17.699,0.2580
96.301,1.0000,0.9818,1.0038,0.9474,2.16,21.76,0.377,,1,1,17.699,0.2580
96.333,1.0000,0.9557,0.9463,0.8717,1.70,22.85,0.412,,1,1,17.699,0.2580
96.368,0.9764,0.9228,0.9003,0.8247,1.15,21.81,0.466,,1,1,17.699,0.2580
96.397,0.9529,0.8933,0.8723,0.7944,0.81,22.33,0.493,,1,1,17.699,0.2580
96.427,0.9325,0.8676,0.8657,0.7851,0.67,22.45,0.495,,1,1,17.699,0.2580
96.478,0.9059,0.8387,0.8526,0.7820,0.22,21.67,0.497,,1,1,17.699,0.2580
96.509,0.8980,0.8227,0.8723,0.7717,0.47,21.23,0.495,,1,1,17.699,0.2580
96.536,0.8950,0.8106,0.8837,0.7666,0.54,21.07,0.492,,1,1,17.699,0.2580
96.562,0.8935,0.8005,0.8874,0.7612,0.38,21.10,0.491,,1,1,17.699,0.2580
96.605,0.8926,0.7876,0.8903,0.7578,0.11,22.32,0.497,,1,1,17.699,0.2580
96.639,0.8911,0.7768,0.8867,0.7443,-0.18,22.27,0.492,,1,1,17.699,0.2580
96.669,0.8905,0.7695,0.8884,0.7451,0.28,22.05,0.490,,1,1,17.699,0.2580
96.703,0.8899,0.7613,0.8878,0.7369,0.25,21.90,0.500,,1,1,17.699,0.2580
96.734,0.8890,0.7534,0.8861,0.7282,0.46,21.95,0.499,,1,1,17.699,0.2580
96.767,0.8894,0.7466,0.8908,0.7252,0.50,22.02,0.497,,1,1,17.699,0.2580
96.797,0.8894,0.7410,0.8891,0.7224,0.58,21.72,0.495,,1,1,17.699,0.2580
96.830,0.8885,0.7344,0.8858,0.7134,0.52,21.35,0.493,,1,1,17.699,0.2580
96.861,0.8879,0.7295,0.8858,0.7132,0.34,21.33,0.496,,1,1,17.699,0.2580
96.892,0.8888,0.7249,0.8917,0.7097,0.20,21.97,0.501,,1,1,17.699,0.2580
96.926,0.8884,0.7192,0.8875,0.7022,0.26,22.10,0.501,,1,1,17.699,0.2580
96.957,0.8872,0.7133,0.8832,0.6941,0.53,22.14,0.492,,1,1,17.699,0.2580
96.989,0.8869,0.7085,0.8859,0.6928,0.60,21.81,0.495,,1,1,17.699,0.2580
97.036,0.8882,0.7029,0.8911,0.6908,0.55,21.32,0.495,,1,1,17.699,0.2580
97.070,0.8893,0.6996,0.8927,0.6893,0.33,21.48,0.494,,1,1,17.699,0.2580
97.102,0.8902,0.6964,0.8931,0.6860,0.27,21.67,0.487,,1,1,17.699,0.2580
97.134,0.8914,0.6942,0.8955,0.6870,0.57,20.63,0.488,,1,1,17.699,0.2580
97.165,0.8928,0.6934,0.8975,0.6907,0.59,21.03,0.488,,1,1,17.699,0.2580
97.197,0.8930,0.6926,0.8936,0.6902,0.67,21.56,0.485,,1,1,17.699,0.2580
97.231,0.8921,0.6920,0.8896,0.6902,0.67,21.19,0.485,,1,1,17.699,0.2580
97.262,0.8913,0.6915,0.8886,0.6898,0.49,21.38,0.485,,1,1,17.699,0.2580
97.295,0.8893,0.6900,0.8830,0.6851,0.53,21.62,0.489,,1,1,17.699,0.2580
97.325,0.8873,0.6882,0.8802,0.6818,0.54,21.86,0.489,,1,1,17.699,0.2580
97.358,0.8838,0.6876,0.8726,0.6856,0.56,21.85,0.489,,1,1,17.699,0.2580
97.389,0.8812,0.6872,0.8723,0.6858,0.56,21.91,0.489,,1,1,17.699,0.2580
97.421,0.8795,0.6877,0.8741,0.6894,0.58,21.76,0.486,,1,1,17.699,0.2580
97.454,0.8773,0.6882,0.8702,0.6899,0.58,21.94,0.487,,1,1,17.699,0.2580
97.486,0.8749,0.6886,0.8668,0.6897,0.60,21.77,0.487,,1,1,17.699,0.2580
97.518,0.8716,0.6881,0.8610,0.6867,0.71,21.35,0.487,,1,1,17.699,0.2580
97.549,0.8673,0.6881,0.8525,0.6879,0.75,20.87,0.487,,1,1,17.699,0.2580
97.581,0.8613,0.6889,0.8420,0.6914,1.11,21.88,0.481,,1,1,17.699,0.2580
97.631,0.8525,0.6918,0.8339,0.6982,1.22,23.06,0.484,,1,1,17.699,0.2580
97.661,0.8478,0.6924,0.8313,0.6946,1.35,22.52,0.485,,1,1,17.699,0.2580
97.692,0.8420,0.6932,0.8231,0.6955,1.28,22.22,0.482,,1,1,17.699,0.2580
97.725,0.8360,0.6934,0.8165,0.6941,1.32,22.45,0.481,,1,1,17.699,0.2580
97.756,0.8315,0.6937,0.8161,0.6950,1.31,22.16,0.481,,1,1,17.699,0.2580
97.789,0.8282,0.6938,0.8182,0.6941,1.36,22.22,0.479,,1,1,17.699,0.2580
97.821,0.8273,0.6936,0.8242,0.6930,1.18,22.45,0.478,,1,1,17.699,0.2580
97.855,0.8226,0.6939,0.8082,0.6948,1.18,22.27,0.471,,1,1,17.699,0.2580
97.885,0.8108,0.6971,0.7704,0.7083,1.01,22.33,0.468,,1,1,17.699,0.2580
97.918,0.7943,0.7024,0.7416,0.7197,1.25,21.12,0.465,,1,1,17.699,0.2580
97.949,0.7793,0.7067,0.7311,0.7209,1.15,20.90,0.463,,1,1,17.699,0.2580
97.980,0.7630,0.7084,0.7093,0.7141,0.95,22.15,0.458,,1,1,17.699,0.2580
98.012,0.7497,0.7087,0.7074,0.7099,0.83,22.61,0.457,,1,1,17.699,0.2580
98.044,0.7377,0.7104,0.6997,0.7160,0.95,22.22,0.451,,1,1,17.699,0.2580
98.078,0.7275,0.7125,0.6972,0.7190,1.17,22.20,0.447,,1,1,17.699,0.2580
98.109,0.7200,0.7142,0.6956,0.7198,1.11,22.55,0.447,,1,1,17.699,0.2580
98.141,0.7130,0.7160,0.6905,0.7222,1.26,23.42,0.449,,1,1,17.699,0.2580
98.223,0.6939,0.7171,0.6698,0.7185,1.00,22.35,0.449,,1,1,17.699,0.2580
98.250,0.6880,0.7171,0.6658,0.7169,1.07,21.98,0.449,,1,1,17.699,0.2580
98.278,0.6830,0.7171,0.6648,0.7170,0.98,22.55,0.452,,1,1,17.699,0.2580
98.306,0.6777,0.7178,0.6584,0.7205,0.76,22.21,0.456,,1,1,17.699,0.2580
98.334,0.6726,0.7181,0.6540,0.7192,0.71,22.46,0.459,,1,1,17.699,0.2580
98.360,0.6692,0.7204,0.6555,0.7300,0.72,22.74,0.462,,1,1,17.699,0.2580
98.387,0.6649,0.7229,0.6487,0.7326,0.80,23.44,0.463,,1,1,17.699,0.2580
98.414,0.6615,0.7258,0.6479,0.7374,0.80,23.31,0.465,,1,1,17.699,0.2580
98.444,0.6583,0.7286,0.6474,0.7381,0.72,23.31,0.466,,1,1,17.699,0.2580
98.475,0.6569,0.7324,0.6522,0.7452,0.87,23.21,0.464,,1,1,17.699,0.2580
98.508,0.6559,0.7364,0.6528,0.7495,0.70,22.95,0.464,,1,1,17.699,0.2580
98.541,0.6575,0.7431,0.6624,0.7642,0.77,22.83,0.444,,1,1,17.699,0.2580
98.606,0.6662,0.7606,0.6802,0.7887,0.84,22.85,0.399,,1,1,17.699,0.2580
98.639,0.6711,0.7721,0.6869,0.8085,0.90,21.91,0.390,,1,1,17.699,0.2580
98.670,0.6767,0.7859,0.6958,0.8314,1.34,22.21,0.376,,1,1,17.699,0.2580
98.704,0.6834,0.8025,0.7039,0.8520,1.47,22.14,0.362,,1,1,17.699,0.2580
98.749,0.6904,0.8195,0.7066,0.8579,1.61,22.34,0.357,,1,1,17.699,0.2580
98.782,0.6941,0.8293,0.7060,0.8602,1.63,22.92,0.351,,1,1,17.699,0.2580
98.808,0.6963,0.8359,0.7054,0.8621,1.63,23.19,0.345,,1,1,17.699,0.2580
98.835,0.6987,0.8424,0.7078,0.8672,1.66,22.95,0.348,,1,1,17.699,0.2580
98.859,0.6995,0.8485,0.7030,0.8737,1.73,22.55,0.346,,1,1,17.699,0.2580
98.887,0.6994,0.8555,0.6989,0.8810,1.78,22.46,0.337,,1,1,17.699,0.2580
98.914,0.6972,0.8618,0.6887,0.8861,1.72,23.14,0.334,,1,1,17.699,0.2580
98.941,0.6932,0.8694,0.6778,0.8977,1.68,23.40,0.333,,1,1,17.699,0.2580
99.005,0.6922,0.8906,0.6906,0.9244,1.67,23.42,0.339,,1,1,17.699,0.2580
99.038,0.6905,0.9002,0.6849,0.9305,1.60,23.07,0.343,,1,1,17.699,0.2580
99.070,0.6879,0.9078,0.6792,0.9322,1.61,23.01,0.342,,1,1,17.699,0.2580
99.102,0.6848,0.9139,0.6748,0.9332,1.57,23.21,0.342,,1,1,17.699,0.2580
99.133,0.6836,0.9198,0.6794,0.9389,1.67,22.88,0.340,,1,1,17.699,0.2580
99.166,0.6822,0.9247,0.6775,0.9404,1.84,23.18,0.339,,1,1,17.699,0.2580
99.196,0.6807,0.9287,0.6759,0.9420,1.76,23.13,0.337,,1,1,17.699,0.2580
99.230,0.6779,0.9305,0.6688,0.9360,1.72,23.35,0.326,,1,1,17.699,0.2580
99.260,0.6756,0.9312,0.6678,0.9337,1.46,23.72,0.319,,1,1,17.699,0.2580
99.311,0.6691,0.9346,0.6556,0.9417,1.42,23.47,0.326,,1,1,17.699,0.2580
99.341,0.6637,0.9372,0.6450,0.9462,1.26,23.07,0.329,,1,1,17.699,0.2580
99.368,0.6590,0.9393,0.6410,0.9473,1.18,22.96,0.332,,1,1,17.699,0.2580
99.405,0.6487,0.9449,0.6191,0.9609,1.16,23.26,0.336,,1,1,17.699,0.2580
99.437,0.6415,0.9490,0.6182,0.9621,1.30,21.69,0.341,,1,1,17.699,0.2580
99.470,0.6343,0.9517,0.6120,0.9602,1.15,21.79,0.356,,1,1,17.699,0.2580
99.505,0.6257,0.9537,0.5999,0.9598,1.17,21.89,0.368,,1,1,17.699,0.2580
99.533,0.6141,0.9567,0.5722,0.9678,1.32,21.92,0.377,,1,1,17.699,0.2580
99.565,0.6001,0.9584,0.5545,0.9639,1.01,21.79,0.400,,1,1,17.699,0.2580
99.597,0.5839,0.9549,0.5307,0.9429,0.95,22.06,0.415,,1,1,17.699,0.2580
99.628,0.5670,0.9513,0.5135,0.9395,0.77,21.02,0.418,,1,1,17.699,0.2580
99.660,0.5519,0.9480,0.5048,0.9371,1.04,20.54,0.424,,1,1,17.699,0.2580
99.694,0.5408,0.9447,0.5079,0.9346,1.15,20.83,0.421,,1,1,17.699,0.2580
99.725,0.5344,0.9416,0.5130,0.9307,1.16,21.25,0.418,,1,1,17.699,0.2580
99.757,0.5295,0.9402,0.5140,0.9355,0.96,21.51,0.418,,1,1,17.699,0.2580
99.789,0.5283,0.9425,0.5245,0.9503,1.00,21.87,0.407,,1,1,17.699,0.2580
99.821,0.5275,0.9442,0.5252,0.9498,0.89,22.01,0.402,,1,1,17.699,0.2580
99.854,0.5281,0.9449,0.5298,0.9472,0.96,21.69,0.398,,1,1,17.699,0.2580
99.900,0.5308,0.9440,0.5371,0.9419,0.98,21.72,0.398,,1,1,17.699,0.2580
99.933,0.5352,0.9416,0.5492,0.9336,1.10,21.81,0.395,,1,1,17.699,0.2580
99.964,0.5393,0.9399,0.5529,0.9343,1.17,22.43,0.403,,1,1,17.699,0.2580
99.998,0.5435,0.9380,0.5568,0.9318,0.84,22.54,0.402,,1,1,17.699,0.2580
100.028,0.5475,0.9381,0.5614,0.9385,1.05,22.21,0.402,,1,1,17.699,0.2580
100.061,0.5515,0.9369,0.5643,0.9331,0.83,22.26,0.401,,1,1,17.699,0.2580
100.094,0.5564,0.9352,0.5726,0.9295,0.97,22.10,0.394,,1,1,17.699,0.2580
100.125,0.5601,0.9338,0.5724,0.9292,1.07,22.14,0.394,,1,1,17.699,0.2580
100.156,0.5620,0.9322,0.5685,0.9269,0.86,22.00,0.388,,1,1,17.699,0.2580
100.189,0.5641,0.9312,0.5706,0.9281,0.93,22.70,0.387,,1,1,17.699,0.2580
100.222,0.5649,0.9304,0.5675,0.9279,1.11,21.11,0.388,,1,1,17.699,0.2580
100.257,0.5634,0.9306,0.5589,0.9311,1.35,21.10,0.386,,1,1,17.699,0.2580
100.286,0.5622,0.9308,0.5579,0.9315,1.50,21.33,0.387,,1,1,17.699,0.2580
100.317,0.5597,0.9337,0.5511,0.9437,1.48,21.43,0.388,,1,1,17.699,0.2580
100.348,0.5571,0.9355,0.5485,0.9418,1.40,21.61,0.386,,1,1,17.699,0.2580
100.380,0.5547,0.9380,0.5468,0.9461,1.32,21.67,0.379,,1,1,17.699,0.2580
100.412,0.5510,0.9391,0.5386,0.9427,1.35,21.98,0.378,,1,1,17.699,0.2580
100.461,0.5460,0.9409,0.5351,0.9449,1.12,21.73,0.376,,1,1,17.699,0.2580
100.493,0.5426,0.9415,0.5317,0.9433,0.98,21.49,0.375,,1,1,17.699,0.2580
100.525,0.5412,0.9414,0.5365,0.9413,1.18,21.99,0.374,,1,1,17.699,0.2580
100.558,0.5411,0.9422,0.5409,0.9450,1.05,21.30,0.372,,1,1,17.699,0.2580
100.588,0.5413,0.9431,0.5420,0.9459,1.13,21.54,0.378,,1,1,17.699,0.2580
100.621,0.5417,0.9435,0.5430,0.9449,1.15,21.83,0.377,,1,1,17.699,0.2580
100.653,0.5427,0.9398,0.5458,0.9274,0.94,21.35,0.382,,1,1,17.699,0.2580
100.685,0.5433,0.9366,0.5454,0.9263,0.85,22.73,0.384,,1,1,17.699,0.2580
100.717,0.5448,0.9323,0.5497,0.9180,0.91,22.23,0.386,,1,1,17.699,0.2580
100.749,0.5476,0.9251,0.5568,0.9014,0.95,22.59,0.373,,1,1,17.699,0.2580
100.782,0.5523,0.9172,0.5678,0.8914,0.95,22.19,0.330,,1,1,17.699,0.2580
100.812,0.5520,0.9056,0.5513,0.8671,0.82,23.01,0.339,,1,1,17.699,0.2580
100.846,0.5480,0.8903,0.5349,0.8428,0.64,23.71,0.376,,1,1,17.699,0.2580
100.876,0.5441,0.8788,0.5302,0.8389,0.74,23.85,0.395,,1,1,17.699,0.2580
100.910,0.5403,0.8652,0.5290,0.8250,0.70,23.75,0.426,,1,1,17.699,0.2580
100.941,0.5376,0.8554,0.5285,0.8233,0.66,23.61,0.436,,1,1,17.699,0.2580
101.022,0.5252,0.8309,0.5092,0.7999,0.91,22.35,0.444,,1,1,17.699,0.2580
101.054,0.5191,0.8236,0.4987,0.7999,0.78,22.31,0.445,,1,1,17.699,0.2580
101.080,0.5143,0.8181,0.4949,0.7964,0.67,22.16,0.445,,1,1,17.699,0.2580
101.108,0.5090,0.8132,0.4897,0.7951,0.61,22.19,0.452,,1,1,17.699,0.2580
101.137,0.5047,0.8094,0.4894,0.7964,0.54,23.03,0.451,,1,1,17.699,0.2580
101.163,0.5016,0.8072,0.4891,0.7982,0.55,22.93,0.459,,1,1,17.699,0.2580
101.191,0.4985,0.8054,0.4868,0.7984,0.67,22.90,0.462,,1,1,17.699,0.2580
101.218,0.4963,0.8029,0.4878,0.7934,0.76,23.36,0.460,,1,1,17.699,0.2580
101.246,0.4948,0.8005,0.4894,0.7918,1.00,23.32,0.463,,1,1,17.699,0.2580
101.276,0.4936,0.7985,0.4891,0.7913,0.82,23.17,0.462,,1,1,17.699,0.2580
101.308,0.4926,0.7957,0.4894,0.7871,1.35,22.81,0.457,,1,1,17.699,0.2580
101.342,0.4910,0.7921,0.4859,0.7805,0.93,22.99,0.462,,1,1,17.699,0.2580
101.406,0.4848,0.7755,0.4747,0.7485,1.01,22.97,0.460,,1,1,17.699,0.2580
101.438,0.4832,0.7657,0.4779,0.7339,0.98,23.36,0.458,,1,1,17.699,0.2580
101.470,0.4861,0.7580,0.4955,0.7333,1.10,22.16,0.420,,1,1,17.699,0.2580
101.501,0.5060,0.7568,0.5727,0.7527,1.82,23.03,0.308,,1,1,17.699,0.2580
101.534,0.5353,0.7616,0.6278,0.7771,2.77,20.74,0.187,,1,1,17.699,0.2580
101.581,0.5774,0.7737,0.6679,0.8007,2.93,20.18,0.173,,1,1,17.699,0.2580
101.613,0.6023,0.7847,0.6819,0.8216,2.90,19.73,0.151,,1,1,17.699,0.2580
101.638,0.6198,0.7934,0.6887,0.8294,2.87,19.50,0.147,,1,1,17.699,0.2580
101.663,0.6357,0.8000,0.6990,0.8278,2.52,20.69,0.159,,1,1,17.699,0.2580
101.687,0.6564,0.8025,0.7390,0.8127,2.54,19.81,0.151,,1,1,17.699,0.2580
101.714,0.6806,0.8026,0.7676,0.8032,2.54,19.93,0.146,,1,1,17.699,0.2580
101.740,0.7067,0.8001,0.8066,0.7897,2.62,18.62,0.148,,1,1,17.699,0.2580
101.806,0.7925,0.7738,0.9181,0.7316,2.35,18.34,0.134,,1,1,17.699,0.2580
101.838,0.8398,0.7562,0.9803,0.6987,2.71,18.24,0.140,,1,1,17.699,0.2580
101.869,0.8905,0.7336,1.0447,0.6578,2.83,18.87,0.147,,1,1,17.699,0.2580
101.902,0.9328,0.7100,1.0998,0.6385,3.08,19.13,0.170,,1,1,17.699,0.2580
101.933,0.9618,0.6905,1.1385,0.6265,3.16,18.93,0.176,,1,1,17.699,0.2580
101.965,0.9844,0.6742,1.1969,0.6232,3.29,17.41,0.186,,1,1,17.699,0.2580
101.997,1.0000,0.6552,1.2466,0.5957,3.26,19.69,0.194,,1,1,17.699,0.2580
102.027,1.0000,0.6321,1.2747,0.5547,2.63,18.54,0.177,,1,1,17.699,0.2580
102.061,1.0000,0.5618,1.2355,0.3646,2.16,18.29,0.223,,1,1,17.699,0.2580
102.093,1.0000,0.5040,1.2368,0.3333,2.53,19.03,0.217,,1,1,17.699,0.2580
102.125,1.0000,0.4673,1.2940,0.3602,2.73,20.24,0.187,,1,1,17.699,0.2580
102.173,1.0000,0.5196,1.5118,0.6285,2.46,19.45,0.103,,1,1,17.699,0.2580
102.207,1.0000,0.5909,1.6376,0.8129,3.07,16.28,0.025,,1,1,17.699,0.2580
102.239,1.0000,0.6463,1.7074,0.8227,2.41,13.93,0.033,,1,1,17.699,0.2580
102.270,1.0000,0.6911,1.7659,0.8385,2.33,16.89,0.069,,1,1,17.699,0.2580
102.302,1.0000,0.7821,1.9299,1.1287,-1.26,18.17,0.139,,1,1,17.699,0.2580
102.334,1.0000,0.8509,2.2632,1.7343,-1.68,20.53,0.295,,1,1,17.699,0.2580
102.366,1.0000,0.9020,2.5524,2.3800,-3.22,24.31,0.391,,1,1,17.699,0.2580
102.398,1.0000,0.9408,2.7960,2.8677,-3.04,22.24,0.400,,1,1,17.699,0.2580
102.432,1.0000,0.9698,3.0453,3.2906,-2.59,19.86,0.413,,1,1,17.699,0.2580
102.462,1.0000,0.9894,3.2436,3.7396,-5.70,18.45,0.433,,1,1,17.699,0.2580
102.492,1.0000,0.9894,,,,,,,0,1,17.699,0.2580
102.523,1.0000,1.0000,3.5600,4.3214,-7.91,13.34,0.420,,1,1,17.699,0.2580
102.556,1.0000,1.0000,3.5586,4.3860,-8.17,12.09,0.427,,1,1,17.699,0.2580
102.588,1.0000,1.0000,,,,,,,0,1,17.699,0.2580
102.622,1.0000,1.0000,,,,,,,0,1,17.699,0.2580
102.653,1.0000,1.0000,,,,,,,0,1,17.699,0.2580
102.686,1.0000,1.0000,,,,,,,0,1,17.699,0.2580
102.734,1.0000,1.0000,,,,,,,0,1,17.699,0.2580
102.764,1.0000,1.0000,,,,,,,0,1,17.699,0.2580
102.797,1.0000,1.0000,,,,,,,0,1,17.699,0.2580
102.829,1.0000,1.0000,,,,,,,0,1,17.699,0.2580
102.860,1.0000,1.0000,,,,,,,0,1,17.699,0.2580
102.893,1.0000,1.0000,,,,,,,0,1,17.699,0.2580
102.925,1.0000,1.0000,,,,,,,0,1,17.699,0.2580
102.957,1.0000,1.0000,,,,,,,0,1,17.699,0.2580
102.989,1.0000,1.0000,,,,,,,0,1,17.699,0.2580
103.021,1.0000,1.0000,,,,,,,0,1,17.699,0.2580
103.053,1.0000,1.0000,,,,,,,0,1,17.699,0.2580
103.085,1.0000,1.0000,,,,,,,0,1,17.699,0.2580
103.117,1.0000,1.0000,,,,,,,0,1,17.699,0.2580
103.149,1.0000,1.0000,,,,,,,0,1,17.699,0.2580
103.181,1.0000,1.0000,,,,,,,0,1,17.699,0.2580
103.211,1.0000,1.0000,,,,,,,0,1,17.699,0.2580
103.244,1.0000,1.0000,,,,,,,0,1,17.699,0.2580
103.293,1.0000,1.0000,,,,,,,0,1,17.699,0.2580
103.323,1.0000,1.0000,,,,,,,0,1,17.699,0.2580
103.356,1.0000,1.0000,,,,,,,0,1,17.699,0.2580
103.389,1.0000,1.0000,,,,,,,0,1,17.699,0.2580
103.421,1.0000,1.0000,,,,,,,0,1,17.699,0.2580
103.453,1.0000,1.0000,,,,,,,0,1,17.699,0.2580
103.484,1.0000,1.0000,,,,,,,0,1,17.699,0.2580
103.515,1.0000,1.0000,,,,,,,0,1,17.699,0.2580
103.549,1.0000,1.0000,,,,,,,0,1,17.699,0.2580
103.580,1.0000,1.0000,,,,,,,0,1,17.699,0.2580
103.612,1.0000,1.0000,,,,,,,0,1,17.699,0.2580
103.643,1.0000,1.0000,,,,,,,0,1,17.699,0.2580
103.676,1.0000,1.0000,,,,,,,0,1,17.699,0.2580
103.711,1.0000,1.0000,,,,,,,0,1,17.699,0.2580
103.741,0.1343,0.1330,-0.7932,-1.1479,-12.05,30.96,0.492,,1,1,17.699,0.2580
103.806,0.0612,0.0610,-1.1880,-1.9841,-13.78,30.60,0.455,,1,1,17.699,0.2580
103.853,0.0256,0.0258,-1.2792,-2.1433,-14.30,30.92,0.452,,1,1,17.699,0.2580
103.884,0.0075,0.0077,-1.2984,-2.1633,-14.02,30.33,0.446,,1,1,17.699,0.2580
103.912,0.0000,0.0000,-1.2995,-2.1608,-14.37,30.05,0.454,,1,1,17.699,0.2580
103.937,0.0000,0.0000,,,,,,,0,1,17.699,0.2580
103.961,0.0000,0.0000,,,,,,,0,1,17.699,0.2580
103.987,0.0000,0.0000,-1.0315,-1.8577,-12.96,30.69,0.506,,1,1,17.699,0.2580
104.014,0.0000,0.0000,-0.8269,-1.5396,-10.80,30.03,0.469,,1,1,17.699,0.2580
104.044,0.0000,0.0000,-0.6748,-1.3329,-8.76,29.30,0.455,,1,1,17.699,0.2580
104.076,0.0000,0.0000,-0.6665,-1.3797,-9.35,29.09,0.425,,1,1,17.699,0.2580
104.109,0.0000,0.0000,-0.7615,-1.6085,-10.46,26.74,0.477,,1,1,17.699,0.2580
104.140,0.0000,0.0000,-1.0129,-2.1222,-10.42,27.64,0.429,,1,1,17.699,0.2580
104.209,0.0000,0.0000,-1.4580,-3.0960,-10.47,27.79,0.401,,1,1,17.699,0.2580
104.238,0.0000,0.0000,-1.5502,-3.3681,-8.86,29.54,0.406,,1,1,17.699,0.2580
104.269,0.0000,0.0000,-1.5849,-3.5537,-8.78,28.71,0.383,,1,1,17.699,0.2580
104.301,0.0000,0.0000,-1.5693,-3.6099,-8.11,29.48,0.372,,1,1,17.699,0.2580
104.335,0.0000,0.0000,-1.5080,-3.6042,-7.82,29.63,0.385,,1,1,17.699,0.2580
104.365,0.0000,0.0000,-1.4705,-3.5923,-7.81,29.38,0.421,,1,1,17.699,0.2580
104.397,0.0000,0.0000,-1.4642,-3.6297,-7.17,27.18,0.356,,1,1,17.699,0.2580
104.446,0.0000,0.0000,-1.3349,-3.6176,-4.98,22.68,0.136,,1,1,17.699,0.2580
104.476,0.0000,0.0000,-1.2908,-3.5446,-4.28,21.03,0.057,,1,1,17.699,0.2580
104.502,0.0000,0.0000,-1.2751,-3.4943,-4.54,20.98,0.043,,1,1,17.699,0.2580
104.526,0.0000,0.0000,-1.2078,-3.3954,-4.04,20.41,0.039,,1,1,17.699,0.2580
104.552,0.0000,0.0000,-1.0819,-3.1690,-4.92,17.90,0.042,,1,1,17.699,0.2580
104.605,0.0000,0.0000,-0.8093,-2.5958,-5.50,12.15,0.046,,1,1,17.699,0.2580
104.639,0.0000,0.0000,-0.6841,-2.3478,-6.39,11.14,0.031,,1,1,17.699,0.2580
104.670,0.0000,0.0000,-0.6026,-2.2367,-5.96,9.66,0.049,,1,1,17.699,0.2580
104.702,0.0000,0.0000,-0.5158,-2.0833,-6.57,8.21,0.035,,1,1,17.699,0.2580
104.733,0.0000,0.0000,-0.4198,-1.9596,-6.50,8.29,0.042,,1,1,17.699,0.2580
104.765,0.0000,0.0000,-0.3917,-1.9213,-6.42,8.29,0.051,,1,1,17.699,0.2580
104.797,0.0000,0.0000,-0.3910,-1.9838,-7.11,7.37,0.045,,1,1,17.699,0.2580
104.830,0.0000,0.0000,-0.4085,-2.1002,-6.23,8.87,0.062,,1,1,17.699,0.2580
104.860,0.0000,0.0000,-0.4279,-2.1945,-6.07,7.81,0.064,,1,1,17.699,0.2580
104.892,0.0000,0.0000,-0.4276,-2.2508,-6.20,7.63,0.054,,1,1,17.699,0.2580
104.926,0.0000,0.0000,-0.4327,-2.3172,-5.27,4.00,0.045,,1,1,17.699,0.2580
104.956,0.0000,0.0000,-0.5762,-2.6377,-4.61,6.78,0.096,,1,1,17.699,0.2580
105.004,0.0000,0.0000,-0.8358,-3.1002,-5.79,4.38,0.101,,1,1,17.699,0.2580
105.037,0.0000,0.0000,-1.0190,-3.4094,-4.58,7.93,0.296,,1,1,17.699,0.2580
105.070,0.0000,0.0000,-1.1491,-3.6203,-4.24,11.40,0.381,,1,1,17.699,0.2580
105.100,0.0000,0.0000,-1.2500,-3.7475,-4.72,10.54,0.387,,1,1,17.699,0.2580
105.134,0.0000,0.0000,-1.3665,-3.8591,-5.18,7.76,0.397,,1,1,17.699,0.2580
105.165,0.0000,0.0000,-1.4849,-3.9278,-5.05,11.08,0.396,,1,1,17.699,0.2580
105.198,0.0000,0.0000,-1.6194,-4.0892,-5.29,11.16,0.380,,1,1,17.699,0.2580
105.231,0.0000,0.0000,-1.7296,-4.2185,-4.36,6.24,0.379,,1,1,17.699,0.2580
105.260,0.0000,0.0000,-1.7873,-4.2365,-5.38,10.74,0.373,,1,1,17.699,0.2580
105.292,0.0000,0.0000,-1.8046,-4.1949,-4.84,11.10,0.372,,1,1,17.699,0.2580
105.324,0.0000,0.0000,-1.8288,-4.1345,-3.53,13.32,0.375,,1,1,17.699,0.2580
105.357,0.0000,0.0000,-1.9357,-4.1892,-2.92,14.21,0.389,,1,1,17.699,0.2580
105.388,0.0000,0.0000,-1.9414,-4.0590,-2.44,13.88,0.386,,1,1,17.699,0.2580
105.420,0.0000,0.0000,-2.0030,-4.0285,-3.21,14.32,0.381,,1,1,17.699,0.2580
105.453,0.0000,0.0000,-2.0397,-4.0897,-2.75,15.83,0.374,,1,1,17.699,0.2580
105.485,0.0000,0.0000,-2.1447,-4.2459,-3.53,18.56,0.376,,1,1,17.699,0.2580
105.517,0.0000,0.0000,-2.1983,-4.2671,-3.87,18.75,0.402,,1,1,17.699,0.2580
105.566,0.0000,0.0000,-2.1705,-4.1473,-3.62,18.95,0.392,,1,1,17.699,0.2580
105.598,0.0000,0.0000,-2.2251,-4.0928,-4.05,20.60,0.381,,1,1,17.699,0.2580
105.629,0.0000,0.0000,-2.2533,-4.0967,-4.20,19.82,0.379,,1,1,17.699,0.2580
105.661,0.0000,0.0000,-2.2469,-4.1447,-3.65,20.95,0.388,,1,1,17.699,0.2580
105.693,0.0000,0.0000,-2.2655,-4.2148,-4.49,21.58,0.375,,1,1,17.699,0.2580
105.723,0.0000,0.0000,-2.1813,-4.2476,-4.37,24.04,0.380,,1,1,17.699,0.2580
105.756,0.0000,0.0000,-2.0617,-4.2785,-4.12,23.36,0.378,,1,1,17.699,0.2580
105.790,0.0000,0.0000,-1.9603,-4.3977,-3.25,23.34,0.389,,1,1,17.699,0.2580
105.821,0.0000,0.0000,-1.9331,-4.6549,-3.24,21.84,0.400,,1,1,17.699,0.2580
105.853,0.0000,0.0000,-1.8708,-4.8588,-2.77,21.58,0.403,,1,1,17.699,0.2580
105.885,0.0000,0.0000,-1.8308,-5.0914,-2.86,23.33,0.399,,1,1,17.699,0.2580
105.917,0.0000,0.0000,-1.8384,-5.2951,-3.31,24.09,0.373,,1,1,17.699,0.2580
105.949,0.0000,0.0000,-1.7930,-5.4958,-3.44,22.57,0.381,,1,1,17.699,0.2580
105.982,0.0000,0.0000,-1.7821,-5.7667,-2.26,19.02,0.390,,1,1,17.699,0.2580
106.013,0.0000,0.0000,-1.7705,-6.0847,-2.77,21.17,0.389,,1,1,17.699,0.2580
106.045,0.0000,0.0000,-1.7897,-6.3892,-2.62,19.91,0.391,,1,1,17.699,0.2580
106.077,0.0000,0.0000,-1.8079,-6.5674,-1.22,16.34,0.369,,1,1,17.699,0.2580
106.108,0.0000,0.0000,-1.8122,-6.6623,-0.71,14.00,0.357,,1,1,17.699,0.2580
106.158,0.0000,0.0000,-1.8010,-6.7544,-0.68,15.63,0.349,,1,1,17.699,0.2580
106.189,0.0000,0.0000,-1.8248,-6.8665,-0.28,12.37,0.312,,1,1,17.699,0.2580
106.222,0.0000,0.0000,-1.8651,-6.9730,-0.53,14.43,0.334,,1,1,17.699,0.2580
106.254,0.0000,0.0000,-1.8761,-7.0490,-0.75,12.66,0.352,,1,1,17.699,0.2580
106.285,0.0000,0.0000,-1.8299,-7.0238,-1.02,10.32,0.359,,1,1,17.699,0.2580
106.316,0.0000,0.0000,-1.7573,-6.9138,-0.56,11.68,0.325,,1,1,17.699,0.2580
106.348,0.0000,0.0000,-1.7231,-6.8540,-0.67,10.92,0.321,,1,1,17.699,0.2580
106.379,0.0000,0.0000,-1.7330,-6.8620,-1.09,12.95,0.337,,1,1,17.699,0.2580
106.413,0.0000,0.0000,-1.7551,-6.9292,-1.74,12.77,0.325,,1,1,17.699,0.2580
106.445,0.0000,0.0000,-1.7435,-6.9311,-1.49,13.17,0.326,,1,1,17.699,0.2580
106.477,0.0000,0.0000,-1.7329,-6.9343,-1.69,14.18,0.321,,1,1,17.699,0.2580
106.508,0.0000,0.0000,-1.7502,-6.9144,-2.44,17.16,0.343,,1,1,17.699,0.2580
106.541,0.0000,0.0000,-1.8418,-7.0451,-2.89,16.96,0.335,,1,1,17.699,0.2580
106.608,0.0000,0.0000,-2.1421,-7.3406,-2.72,9.52,0.323,,1,1,17.699,0.2580
106.635,0.0000,0.0000,-2.2093,-7.3412,-2.20,8.67,0.334,,1,1,17.699,0.2580
106.671,0.0000,0.0000,-2.2451,-7.1639,-3.47,11.15,0.311,,1,1,17.699,0.2580
106.717,0.0000,0.0000,-2.2413,-6.9986,-4.93,14.58,0.338,,1,1,17.699,0.2580
106.749,0.0000,0.0000,-2.2351,-6.9376,-5.19,14.51,0.341,,1,1,17.699,0.2580
106.777,0.0000,0.0000,-2.2567,-6.9012,-5.49,14.85,0.342,,1,1,17.699,0.2580
106.802,0.0000,0.0000,-2.3035,-6.9264,-5.43,15.42,0.340,,1,1,17.699,0.2580
106.827,0.0000,0.0000,-2.3458,-7.0623,-4.70,14.00,0.325,,1,1,17.699,0.2580
106.853,0.0000,0.0000,-2.4017,-7.2107,-4.08,14.19,0.331,,1,1,17.699,0.2580
106.878,0.0000,0.0000,-2.4678,-7.3104,-4.77,14.48,0.336,,1,1,17.699,0.2580
106.909,0.0000,0.0000,-2.2217,-6.9912,-6.03,13.87,0.189,,1,1,17.699,0.2580
106.940,0.0000,0.0000,-1.8092,-6.3484,-7.05,14.62,0.217,,1,1,17.699,0.2580
107.008,0.0000,0.0000,-1.0334,-5.0724,-7.52,21.89,0.257,,1,1,17.699,0.2580
107.038,0.0000,0.0000,-0.7487,-4.6284,-5.24,21.51,0.309,,1,1,17.699,0.2580
107.070,0.0000,0.0000,-0.4892,-4.2673,-4.71,24.28,0.338,,1,1,17.699,0.2580
107.102,0.0000,0.0000,-0.2890,-4.0959,-3.83,23.24,0.332,,1,1,17.699,0.2580
107.134,0.0000,0.0000,-0.1186,-4.0187,-3.76,20.94,0.347,,1,1,17.699,0.2580
107.165,0.0000,0.0000,0.0300,-3.9742,-4.03,21.19,0.319,,1,1,17.699,0.2580
107.197,0.0235,0.0000,0.1947,-3.8484,-3.69,20.62,0.333,,1,1,17.699,0.2580
107.228,0.1077,0.0000,0.3704,-3.6947,-4.03,17.89,0.333,,1,1,17.699,0.2580
107.276,0.2589,0.0000,0.5495,-3.5728,-3.94,18.59,0.354,,1,1,17.699,0.2580
107.310,0.3734,0.0000,0.6740,-3.4208,-4.23,15.35,0.371,,1,1,17.699,0.2580
107.337,0.4476,0.0000,0.6848,-3.4003,-3.88,17.36,0.369,,1,1,17.699,0.2580
107.363,0.5100,0.0000,0.7166,-3.3702,-2.89,20.43,0.362,,1,1,17.699,0.2580
107.404,0.5776,0.0000,0.7200,-3.3778,-2.75,20.22,0.369,,1,1,17.699,0.2580
107.437,0.6011,0.0000,0.6658,-3.4517,-2.38,18.55,0.371,,1,1,17.699,0.2580
107.469,0.6035,0.0000,0.6102,-3.5061,-2.55,20.40,0.355,,1,1,17.699,0.2580
107.501,0.5930,0.0000,0.5626,-3.5606,-2.82,19.57,0.348,,1,1,17.699,0.2580
107.533,0.5862,0.0000,0.5658,-3.5403,-2.23,19.65,0.321,,1,1,17.699,0.2580
107.567,0.5569,0.0000,0.4700,-3.6505,-4.17,21.73,0.372,,1,1,17.699,0.2580
107.596,0.4853,0.0000,0.2292,-3.9749,-4.91,25.64,0.332,,1,1,17.699,0.2580
107.627,0.3554,0.0000,-0.0927,-4.3153,-4.76,22.20,0.391,,1,1,17.699,0.2580
107.659,0.2511,0.0000,-0.2974,-4.4519,-4.97,21.23,0.383,,1,1,17.699,0.2580
107.691,0.1722,0.0000,-0.3462,-4.3840,-4.11,19.20,0.389,,1,1,17.699,0.2580
107.725,0.1119,0.0000,-0.4045,-4.1670,-4.57,19.68,0.371,,1,1,17.699,0.2580
107.760,0.0665,0.0000,-0.5012,-4.0423,-5.02,19.53,0.346,,1,1,17.699,0.2580
107.790,0.0371,0.0000,-0.5922,-3.9878,-5.31,19.32,0.349,,1,1,17.699,0.2580
107.836,0.0083,0.0000,-0.6032,-3.8938,-5.55,21.42,0.347,,1,1,17.699,0.2580
107.870,0.0000,0.0000,-0.5501,-3.6895,-5.84,22.99,0.323,,1,1,17.699,0.2580
107.902,0.0000,0.0000,-0.3744,-3.3675,-5.08,21.13,0.340,,1,1,17.699,0.2580
107.933,0.0000,0.0000,-0.2754,-3.1680,-4.67,19.76,0.352,,1,1,17.699,0.2580
107.965,0.0000,0.0000,-0.2906,-3.1535,-4.16,20.48,0.345,,1,1,17.699,0.2580
107.998,0.0000,0.0000,-0.3424,-3.3079,-4.53,22.13,0.362,,1,1,17.699,0.2580
108.032,0.0000,0.0000,-0.3637,-3.3812,-4.46,20.43,0.356,,1,1,17.699,0.2580
108.067,0.0000,0.0000,-0.3055,-3.4443,-4.53,21.75,0.344,,1,1,17.699,0.2580
108.096,0.0000,0.0000,-0.1518,-3.4213,-3.42,22.16,0.151,,1,1,17.699,0.2580
108.124,0.0000,0.0000,-0.0367,-3.5231,-3.23,19.98,0.083,,1,1,17.699,0.2580
108.157,0.0000,0.0000,0.0645,-3.6322,-2.89,18.62,0.089,,1,1,17.699,0.2580
108.189,0.0183,0.0000,0.1356,-3.7303,-3.09,23.95,0.136,,1,1,17.699,0.2580
108.224,0.0745,0.0000,0.2363,-3.7030,-2.34,22.08,0.211,,1,1,17.699,0.2580
108.254,0.1557,0.0000,0.4152,-3.5767,-2.20,16.44,0.276,,1,1,17.699,0.2580
108.286,0.2434,0.0000,0.4985,-3.5011,-2.99,10.18,0.327,,1,1,17.699,0.2580
108.318,0.2978,0.0000,0.4529,-3.5544,-2.84,17.96,0.331,,1,1,17.699,0.2580
108.350,0.3209,0.0000,0.3912,-3.7196,-3.97,11.18,0.294,,1,1,17.699,0.2580
108.382,0.3149,0.0000,0.2972,-3.8934,-2.06,10.37,0.362,,1,1,17.699,0.2580
108.429,0.2853,0.0000,0.2246,-3.9488,-1.12,11.05,0.400,,1,1,17.699,0.2580
108.464,0.2489,0.0000,0.1443,-4.0150,-1.26,6.86,0.395,,1,1,17.699,0.2580
108.496,0.1908,0.0000,-0.0038,-4.0877,-1.65,11.29,0.392,,1,1,17.699,0.2580
108.524,0.1375,0.0000,-0.1361,-4.1536,-1.96,11.78,0.381,,1,1,17.699,0.2580
108.559,0.0885,0.0000,-0.1980,-4.1534,-1.78,4.32,0.375,,1,1,17.699,0.2580
108.590,0.0554,0.0000,-0.2461,-4.1029,-2.02,1.64,0.365,,1,1,17.699,0.2580
108.623,0.0287,0.0000,-0.2793,-4.0360,-1.47,6.02,0.361,,1,1,17.699,0.2580
108.654,0.0097,0.0000,-0.2889,-3.9360,-0.63,-4.07,0.347,,1,1,17.699,0.2580
108.685,0.0000,0.0000,-0.3227,-3.8280,-2.07,-2.08,0.353,,1,1,17.699,0.2580
108.720,0.0000,0.0000,-0.3522,-3.6995,-3.05,2.60,0.369,,1,1,17.699,0.2580
108.751,0.0000,0.0000,-0.3206,-3.5027,-2.02,6.97,0.317,,1,1,17.699,0.2580
108.781,0.0000,0.0000,-0.2598,-3.2421,-4.40,-3.25,0.352,,1,1,17.699,0.2580
108.815,0.0000,0.0000,,,-4.77,-10.72,0.358,,1,1,17.699,0.2580
108.845,0.0000,0.0000,-0.2266,-2.9310,-3.61,-2.12,0.341,,1,1,17.699,0.2580
108.877,0.0000,0.0000,-0.2923,-2.9366,-3.61,7.59,0.341,,1,1,17.699,0.2580
108.910,0.0000,0.0000,-0.3383,-2.9609,-3.26,7.97,0.347,,1,1,17.699,0.2580
108.941,0.0000,0.0000,-0.3943,-2.9472,-3.03,11.12,0.360,,1,1,17.699,0.2580
109.024,0.0000,0.0000,,,-3.69,-7.41,0.353,,1,1,17.699,0.2580
109.052,0.0000,0.0000,,,-3.76,-8.32,0.354,,1,1,17.699,0.2580
109.080,0.0000,0.0000,-0.4721,-2.9924,-3.91,7.73,0.358,,1,1,17.699,0.2580
109.109,0.0000,0.0000,-0.4985,-2.9885,-4.30,8.59,0.357,,1,1,17.699,0.2580
109.137,0.0000,0.0000,-0.5040,-2.9668,-3.17,-3.12,0.358,,1,1,17.699,0.2580
109.165,0.0000,0.0000,-0.5082,-2.8970,-2.73,3.65,0.391,,1,1,17.699,0.2580
109.194,0.0000,0.0000,-0.4682,-2.8314,-3.33,2.28,0.405,,1,1,17.699,0.2580
109.224,0.0000,0.0000,-0.4402,-2.7589,-4.48,-3.38,0.412,,1,1,17.699,0.2580
109.253,0.0000,0.0000,-0.4620,-2.7634,-3.51,0.46,0.415,,1,1,17.699,0.2580
109.280,0.0000,0.0000,-0.4650,-2.7737,-4.12,5.18,0.412,,1,1,17.699,0.2580
109.309,0.0000,0.0000,-0.4697,-2.7871,-3.71,4.75,0.412,,1,1,17.699,0.2580
109.340,0.0000,0.0000,-0.4643,-2.7993,-3.64,4.04,0.413,,1,1,17.699,0.2580
109.406,0.0000,0.0000,-0.4631,-2.8170,-4.04,-1.00,0.431,,1,1,17.699,0.2580
109.437,0.0000,0.0000,-0.4707,-2.8357,-4.46,-1.81,0.443,,1,1,17.699,0.2580
109.471,0.0000,0.0000,-0.4282,-2.8586,-3.88,1.38,0.444,,1,1,17.699,0.2580
109.502,0.0000,0.0000,-0.3465,-2.8936,-3.83,2.24,0.441,,1,1,17.699,0.2580
109.548,0.0000,0.0000,-0.3216,-2.8953,-4.97,8.90,0.449,,1,1,17.699,0.2580
109.583,0.0000,0.0000,-0.2992,-2.9084,-4.99,6.40,0.456,,1,1,17.699,0.2580
109.611,0.0000,0.0000,-0.2908,-2.9182,-4.26,3.83,0.460,,1,1,17.699,0.2580
109.642,0.0000,0.0000,-0.2806,-2.9143,-3.80,3.91,0.453,,1,1,17.699,0.2580
109.671,0.0000,0.0000,-0.2722,-2.8946,-4.75,7.40,0.453,,1,1,17.699,0.2580
109.701,0.0000,0.0000,-0.2541,-2.8607,-4.33,9.45,0.457,,1,1,17.699,0.2580
109.729,0.0000,0.0000,-0.2525,-2.8706,-3.86,6.30,0.454,,1,1,17.699,0.2580
109.757,0.0000,0.0000,-0.2566,-2.8604,-4.41,11.22,0.455,,1,1,17.699,0.2580
109.804,0.0000,0.0000,-0.2785,-2.8530,-3.70,12.52,0.451,,1,1,17.699,0.2580
109.836,0.0000,0.0000,-0.2879,-2.8361,-3.37,11.83,0.452,,1,1,17.699,0.2580
109.870,0.0000,0.0000,-0.3023,-2.7928,-3.02,16.11,0.456,,1,1,17.699,0.2580
109.902,0.0000,0.0000,-0.3247,-2.7835,-3.03,13.91,0.442,,1,1,17.699,0.2580
109.936,0.0000,0.0000,-0.3561,-2.7665,-2.94,15.13,0.406,,1,1,17.699,0.2580
109.967,0.0000,0.0000,-0.4064,-2.7816,-2.87,13.03,0.268,,1,1,17.699,0.2580
109.997,0.0000,0.0000,-0.3911,-2.7383,-1.91,7.31,0.137,,1,1,17.699,0.2580
110.030,0.0000,0.0000,-0.4147,-2.6746,-1.38,9.39,0.134,,1,1,17.699,0.2580
110.062,0.0000,0.0000,-0.4152,-2.6657,-1.40,7.95,0.139,,1,1,17.699,0.2580
110.109,0.0000,0.0000,-0.3987,-2.6511,-1.45,11.67,0.184,,1,1,17.699,0.2580
110.142,0.0000,0.0000,-0.3975,-2.6386,-1.48,12.40,0.198,,1,1,17.699,0.2580
110.170,0.0000,0.0000,-0.3973,-2.6269,-1.44,13.31,0.208,,1,1,17.699,0.2580
110.207,0.0000,0.0000,-0.3536,-2.5381,-2.32,15.65,0.248,,1,1,17.699,0.2580
110.236,0.0000,0.0000,-0.3212,-2.5068,-2.71,15.75,0.272,,1,1,17.699,0.2580
110.270,0.0000,0.0000,-0.2716,-2.4893,-2.92,16.55,0.275,,1,1,17.699,0.2580
110.301,0.0000,0.0000,-0.2310,-2.5214,-2.45,12.50,0.284,,1,1,17.699,0.2580
110.334,0.0000,0.0000,-0.2029,-2.5506,-2.28,9.31,0.284,,1,1,17.699,0.2580
110.366,0.0000,0.0000,-0.1620,-2.5512,-2.13,9.80,0.292,,1,1,17.699,0.2580
110.400,0.0000,0.0000,-0.1250,-2.5438,-1.92,10.03,0.296,,1,1,17.699,0.2580
110.431,0.0000,0.0000,-0.1085,-2.5371,-2.46,13.11,0.316,,1,1,17.699,0.2580
110.462,0.0000,0.0000,-0.1053,-2.5353,-2.63,15.27,0.320,,1,1,17.699,0.2580
110.493,0.0000,0.0000,-0.0896,-2.5302,-2.52,14.95,0.325,,1,1,17.699,0.2580
110.524,0.0000,0.0000,-0.0778,-2.5437,-2.58,10.72,0.327,,1,1,17.699,0.2580
110.558,0.0000,0.0000,-0.0566,-2.5354,-2.43,12.66,0.333,,1,1,17.699,0.2580
110.589,0.0000,0.0000,-0.0349,-2.5401,-2.35,11.84,0.331,,1,1,17.699,0.2580
110.620,0.0000,0.0000,-0.0120,-2.5297,-2.59,13.17,0.347,,1,1,17.699,0.2580
110.653,0.0000,0.0000,0.0168,-2.5575,-2.58,10.52,0.347,,1,1,17.699,0.2580
110.702,0.0000,0.0000,0.0523,-2.5680,-2.31,14.83,0.312,,1,1,17.699,0.2580
110.734,0.0240,0.0000,0.1033,-2.5470,-2.08,10.74,0.228,,1,1,17.699,0.2580
110.765,0.0673,0.0000,0.2061,-2.4657,-1.90,8.62,0.155,,1,1,17.699,0.2580
110.796,0.1214,0.0000,0.2868,-2.3960,-2.25,7.48,0.101,,1,1,17.699,0.2580
110.831,0.1790,0.0000,0.3376,-2.3416,-1.81,9.58,0.105,,1,1,17.699,0.2580
110.863,0.2259,0.0000,0.3679,-2.2913,-1.98,9.52,0.169,,1,1,17.699,0.2580
110.893,0.2619,0.0000,0.3728,-2.2804,-2.01,9.63,0.148,,1,1,17.699,0.2580
110.924,0.2957,0.0000,0.3980,-2.2150,-2.48,8.50,0.148,,1,1,17.699,0.2580
110.958,0.3275,0.0000,0.4135,-2.2025,-2.44,7.56,0.134,,1,1,17.699,0.2580
110.991,0.3486,0.0000,0.4095,-2.2001,-2.22,8.13,0.143,,1,1,17.699,0.2580
111.021,0.3594,0.0000,0.3947,-2.2141,-2.15,8.70,0.154,,1,1,17.699,0.2580
111.053,0.3601,0.0000,0.3621,-2.2866,-2.00,7.78,0.110,,1,1,17.699,0.2580
111.086,0.3499,0.0000,0.3184,-2.3756,-1.14,8.49,0.135,,1,1,17.699,0.2580
111.118,0.3342,0.0000,0.2853,-2.4926,-2.60,6.83,0.104,,1,1,17.699,0.2580
111.149,0.2868,0.0000,0.1260,-2.8036,-2.94,8.93,0.149,,1,1,17.699,0.2580
111.184,0.2392,0.0000,0.1003,-2.8394,-2.61,6.04,0.093,,1,1,17.699,0.2580
111.212,0.2139,0.0000,0.1222,-2.8111,-2.59,4.21,0.113,,1,1,17.699,0.2580
111.261,0.5000,0.5000,0.5000,0.5000,-2.16,0.71,0.162,,1,0,,
111.293,0.5000,0.5000,0.5000,0.5000,-2.15,6.08,0.245,,1,0,,
111.325,0.5000,0.5000,0.5000,0.5000,-2.90,8.99,0.324,,1,0,,
111.356,0.5000,0.5000,0.5000,0.5000,-2.64,17.15,0.366,,1,0,,
111.389,0.5000,0.5000,0.5000,0.5000,-2.41,18.16,0.306,,1,0,,
111.422,0.5000,0.5000,0.5000,0.5000,-2.22,16.98,0.435,,1,0,,
111.453,0.5000,0.5000,0.5000,0.5000,-1.79,14.66,0.437,,1,0,,
111.486,0.5000,0.5000,0.5000,0.5000,-3.18,17.55,0.437,,1,0,,
111.518,0.5000,0.5000,0.5000,0.5000,-3.94,18.88,0.421,,1,0,,
111.549,0.5000,0.5000,0.5000,0.5000,-3.41,19.82,0.422,,1,0,,
111.582,0.5000,0.5000,0.5000,0.5000,-3.43,19.53,0.404,,1,0,,
111.614,0.5000,0.5000,0.5000,0.5000,-3.01,17.87,0.490,,1,0,,
111.646,0.5000,0.5000,0.5000,0.5000,-2.92,17.62,0.499,,1,0,,
111.678,0.5000,0.5000,0.5000,0.5000,-3.02,18.22,0.472,,1,0,,
111.710,0.5000,0.5000,0.5000,0.5000,-3.02,18.38,0.432,,1,0,,
111.740,0.5000,0.5000,0.5000,0.5000,-3.23,18.75,0.410,,1,0,,
111.824,0.5000,0.5000,0.5000,0.5000,-2.49,15.90,0.381,,1,0,,
111.852,0.5000,0.5000,0.5000,0.5000,-2.86,16.52,0.390,,1,0,,
111.878,0.5000,0.5000,0.5000,0.5000,-3.00,16.61,0.395,,1,0,,
111.904,0.5000,0.5000,0.5000,0.5000,-3.05,17.37,0.404,,1,0,,
111.929,0.5000,0.5000,0.5000,0.5000,-3.24,17.41,0.391,,1,0,,
111.957,0.5000,0.5000,0.5000,0.5000,-3.39,17.19,0.410,,1,0,,
111.984,0.5000,0.5000,0.5000,0.5000,-3.26,16.84,0.403,,1,0,,
112.012,0.5000,0.5000,0.5000,0.5000,-2.63,17.04,0.400,,1,0,,
112.045,0.5000,0.5000,0.5000,0.5000,-2.61,15.49,0.412,,1,0,,
112.077,0.5000,0.5000,0.5000,0.5000,-2.75,15.22,0.398,,1,0,,
112.111,0.5000,0.5000,0.5000,0.5000,-3.68,17.73,0.395,,1,0,,
112.142,0.5000,0.5000,0.5000,0.5000,-3.37,16.58,0.387,,1,0,,
112.206,0.5000,0.5000,0.5000,0.5000,-2.73,15.46,0.417,,1,0,,
112.236,0.5000,0.5000,0.5000,0.5000,-2.80,15.11,0.415,,1,0,,
112.268,0.5000,0.5000,0.5000,0.5000,-2.94,16.53,0.401,,1,0,,
112.301,0.5000,0.5000,0.5000,0.5000,-3.00,16.58,0.396,,1,0,,
112.333,0.5000,0.5000,0.5000,0.5000,-2.86,15.22,0.391,,1,0,,
112.365,0.5000,0.5000,0.5000,0.5000,-2.56,15.15,0.384,,1,0,,
112.412,0.5000,0.5000,0.5000,0.5000,-2.52,15.71,0.392,,1,0,,
112.439,0.5000,0.5000,0.5000,0.5000,-2.41,15.73,0.391,,1,0,,
112.465,0.5000,0.5000,0.5000,0.5000,-2.68,15.83,0.387,,1,0,,
112.489,0.5000,0.5000,0.5000,0.5000,-2.98,16.05,0.393,,1,0,,
112.515,0.5000,0.5000,0.5000,0.5000,-3.24,15.34,0.395,,1,0,,
112.539,0.5000,0.5000,0.5000,0.5000,-3.06,15.70,0.390,,1,0,,
112.606,0.5000,0.5000,0.5000,0.5000,-2.89,12.25,0.386,,1,0,,
112.637,0.5000,0.5000,0.5000,0.5000,-2.86,13.12,0.388,,1,0,,
112.669,0.5000,0.5000,0.5000,0.5000,-2.80,14.96,0.383,,1,0,,
112.702,0.5000,0.5000,0.5000,0.5000,-2.91,14.07,0.381,,1,0,,
112.733,0.5000,0.5000,0.5000,0.5000,-2.79,13.95,0.375,,1,0,,
112.767,0.5000,0.5000,0.5000,0.5000,-2.58,13.69,0.384,,1,0,,
112.798,0.5000,0.5000,0.5000,0.5000,-2.55,12.08,0.376,,1,0,,
112.829,0.5000,0.5000,0.5000,0.5000,-2.66,13.72,0.374,,1,0,,
112.861,0.5000,0.5000,0.5000,0.5000,-3.10,11.43,0.373,,1,0,,
112.893,0.5000,0.5000,0.5000,0.5000,-2.86,12.64,0.375,,1,0,,
112.925,0.5000,0.5000,0.5000,0.5000,-3.64,8.65,0.372,,1,0,,
112.974,0.5000,0.5000,0.5000,0.5000,-3.31,5.45,0.369,,1,0,,
113.006,0.5000,0.5000,0.5000,0.5000,-3.57,6.07,0.368,,1,0,,
113.036,0.5000,0.5000,0.5000,0.5000,-3.32,7.63,0.362,,1,0,,
113.070,0.5000,0.5000,0.5000,0.5000,-3.30,7.67,0.363,,1,0,,
113.100,0.5000,0.5000,0.5000,0.5000,-3.38,8.14,0.364,,1,0,,
113.135,0.5000,0.5000,0.5000,0.5000,-2.28,9.87,0.361,,1,0,,
113.165,0.5000,0.5000,0.5000,0.5000,-2.33,11.47,0.362,,1,0,,
113.197,0.5000,0.5000,0.5000,0.5000,-2.41,12.14,0.363,,1,0,,
113.231,0.5000,0.5000,0.5000,0.5000,-2.38,12.97,0.369,,1,0,,
113.262,0.5000,0.5000,0.5000,0.5000,-2.43,11.31,0.368,,1,0,,
113.294,0.5000,0.5000,0.5000,0.5000,-2.26,10.72,0.367,,1,0,,
113.324,0.5000,0.5000,0.5000,0.5000,-2.56,10.48,0.365,,1,0,,
113.357,0.5000,0.5000,0.5000,0.5000,-2.37,11.33,0.362,,1,0,,
113.389,0.5000,0.5000,0.5000,0.5000,-2.66,11.97,0.362,,1,0,,
113.420,0.5000,0.5000,0.5000,0.5000,-2.82,13.05,0.368,,1,0,,
113.454,0.5000,0.5000,0.5000,0.5000,-2.72,12.74,0.371,,1,0,,
113.485,0.5000,0.5000,0.5000,0.5000,-3.11,10.19,0.374,,1,0,,
113.533,0.5000,0.5000,0.5000,0.5000,-2.95,12.61,0.353,,1,0,,
113.564,0.5000,0.5000,0.5000,0.5000,-2.67,12.50,0.354,,1,0,,
113.599,0.5000,0.5000,0.5000,0.5000,-2.75,13.70,0.360,,1,0,,
113.628,0.5000,0.5000,0.5000,0.5000,-2.61,13.06,0.363,,1,0,,
113.661,0.5000,0.5000,0.5000,0.5000,-2.58,11.75,0.360,,1,0,,
113.693,0.5000,0.5000,0.5000,0.5000,-3.07,10.93,0.363,,1,0,,
113.726,0.5000,0.5000,0.5000,0.5000,-2.84,11.71,0.366,,1,0,,
113.757,0.5000,0.5000,0.5000,0.5000,-2.76,12.55,0.364,,1,0,,
113.788,0.5000,0.5000,0.5000,0.5000,-2.50,12.54,0.364,,1,0,,
113.820,0.5000,0.5000,0.5000,0.5000,-3.26,10.45,0.366,,1,0,,
113.852,0.5000,0.5000,0.5000,0.5000,-3.59,8.86,0.360,,1,0,,
113.885,0.5000,0.5000,0.5000,0.5000,-3.59,8.82,0.358,,1,0,,
113.917,0.5000,0.5000,0.5000,0.5000,-3.36,7.59,0.360,,1,0,,
113.951,0.5000,0.5000,0.5000,0.5000,-3.25,7.03,0.357,,1,0,,
113.983,0.5000,0.5000,0.5000,0.5000,-3.07,6.43,0.355,,1,0,,
114.013,0.5000,0.5000,0.5000,0.5000,-3.39,7.51,0.357,,1,0,,
114.046,0.5000,0.5000,0.5000,0.5000,-2.28,4.31,0.356,,1,0,,
114.093,0.5000,0.5000,0.5000,0.5000,-2.85,4.63,0.357,,1,0,,
114.127,0.5000,0.5000,0.5000,0.5000,-3.19,7.46,0.352,,1,0,,
114.159,0.5000,0.5000,0.5000,0.5000,-3.07,5.92,0.356,,1,0,,
114.189,0.5000,0.5000,0.5000,0.5000,-2.20,5.59,0.357,,1,0,,
114.221,0.5000,0.5000,0.5000,0.5000,-3.23,7.85,0.361,,1,0,,
114.254,0.5000,0.5000,0.5000,0.5000,-3.21,8.98,0.360,,1,0,,
114.286,0.5000,0.5000,0.5000,0.5000,-3.26,8.28,0.361,,1,0,,
114.318,0.5000,0.5000,0.5000,0.5000,-2.47,7.04,0.360,,1,0,,
114.349,0.5000,0.5000,0.5000,0.5000,-2.24,7.15,0.359,,1,0,,
114.381,0.5000,0.5000,0.5000,0.5000,-3.06,7.80,0.357,,1,0,,
114.414,0.5000,0.5000,0.5000,0.5000,-2.53,5.18,0.359,,1,0,,
114.446,0.5000,0.5000,0.5000,0.5000,-2.95,8.70,0.357,,1,0,,
114.478,0.5000,0.5000,0.5000,0.5000,-3.10,8.86,0.360,,1,0,,
114.508,0.5000,0.5000,0.5000,0.5000,-3.29,8.53,0.360,,1,0,,
114.541,0.5000,0.5000,0.5000,0.5000,-3.31,8.06,0.362,,1,0,,
114.607,0.5000,0.5000,0.5000,0.5000,-2.49,9.79,0.356,,1,0,,
114.638,0.5000,0.5000,0.5000,0.5000,-2.50,10.09,0.352,,1,0,,
114.686,0.5000,0.5000,0.5000,0.5000,-2.67,8.06,0.346,,1,0,,
114.714,0.5000,0.5000,0.5000,0.5000,-2.63,7.69,0.343,,1,0,,
114.741,0.5000,0.5000,0.5000,0.5000,-3.12,7.12,0.351,,1,0,,
114.767,0.5000,0.5000,0.5000,0.5000,-3.39,6.48,0.364,,1,0,,
114.792,0.5000,0.5000,0.5000,0.5000,-2.57,5.68,0.374,,1,0,,
114.820,0.5000,0.5000,0.5000,0.5000,-2.87,1.63,0.380,,1,0,,
114.848,0.5000,0.5000,0.5000,0.5000,-2.61,3.48,0.380,,1,0,,
114.877,0.5000,0.5000,0.5000,0.5000,-3.16,15.62,0.391,,1,0,,
114.909,0.5000,0.5000,0.5000,0.5000,-2.69,14.54,0.392,,1,0,,
114.940,0.5000,0.5000,0.5000,0.5000,-3.32,18.48,0.393,,1,0,,
115.009,0.5000,0.5000,0.5000,0.5000,-3.73,19.75,0.386,,1,0,,
115.039,0.5000,0.5000,0.5000,0.5000,-3.38,19.74,0.387,,1,0,,
115.069,0.5000,0.5000,0.5000,0.5000,-3.48,21.04,0.385,,1,0,,
115.101,0.5000,0.5000,0.5000,0.5000,-2.99,19.49,0.403,,1,0,,
115.132,0.5000,0.5000,0.5000,0.5000,-2.57,18.32,0.401,,1,0,,
115.166,0.5000,0.5000,0.5000,0.5000,-2.85,19.36,0.402,,1,0,,
115.198,0.5000,0.5000,0.5000,0.5000,-2.89,21.11,0.401,,1,0,,
115.247,0.5000,0.5000,0.5000,0.5000,-2.68,19.02,0.400,,1,0,,
115.277,0.5000,0.5000,0.5000,0.5000,-2.73,19.55,0.399,,1,0,,
115.304,0.5000,0.5000,0.5000,0.5000,-2.75,19.55,0.399,,1,0,,
115.328,0.5000,0.5000,0.5000,0.5000,-2.66,19.99,0.402,,1,0,,
115.352,0.5000,0.5000,0.5000,0.5000,-2.85,19.42,0.401,,1,0,,
115.406,0.5000,0.5000,0.5000,0.5000,-2.70,21.72,0.407,,1,0,,
115.438,0.5000,0.5000,0.5000,0.5000,-2.63,20.55,0.409,,1,0,,
115.471,0.5000,0.5000,0.5000,0.5000,-2.64,21.29,0.404,,1,0,,
115.502,0.5000,0.5000,0.5000,0.5000,-2.46,21.04,0.405,,1,0,,
115.533,0.5000,0.5000,0.5000,0.5000,-2.76,21.85,0.399,,1,0,,
115.565,0.5000,0.5000,0.5000,0.5000,-3.33,21.51,0.398,,1,0,,
115.599,0.5000,0.5000,0.5000,0.5000,-3.46,21.88,0.391,,1,0,,
115.630,0.5000,0.5000,0.5000,0.5000,-3.43,22.68,0.391,,1,0,,
115.661,0.5000,0.5000,0.5000,0.5000,-3.43,22.55,0.394,,1,0,,
115.694,0.5000,0.5000,0.5000,0.5000,-3.00,22.29,0.396,,1,0,,
115.725,0.5000,0.5000,0.5000,0.5000,-2.83,21.95,0.395,,1,0,,
115.756,0.5000,0.5000,0.5000,0.5000,-2.93,23.91,0.401,,1,0,,
115.804,0.5000,0.5000,0.5000,0.5000,-2.75,23.11,0.401,,1,0,,
115.836,0.5000,0.5000,0.5000,0.5000,-2.62,22.60,0.397,,1,0,,
115.871,0.5000,0.5000,0.5000,0.5000,-2.72,22.75,0.393,,1,0,,
115.902,0.5000,0.5000,0.5000,0.5000,-2.76,22.86,0.389,,1,0,,
115.934,0.5000,0.5000,0.5000,0.5000,-2.73,22.49,0.387,,1,0,,
115.965,0.5000,0.5000,0.5000,0.5000,-2.52,22.42,0.392,,1,0,,
115.998,0.5000,0.5000,0.5000,0.5000,-2.64,21.81,0.393,,1,0,,
116.030,0.5000,0.5000,0.5000,0.5000,-2.62,21.66,0.398,,1,0,,
116.061,0.5000,0.5000,0.5000,0.5000,-2.46,22.38,0.396,,1,0,,
116.091,0.5000,0.5000,0.5000,0.5000,-2.65,22.37,0.398,,1,0,,
116.125,0.5000,0.5000,0.5000,0.5000,-2.70,22.66,0.394,,1,0,,
116.157,0.5000,0.5000,0.5000,0.5000,-2.95,23.47,0.392,,1,0,,
116.190,0.5000,0.5000,0.5000,0.5000,-2.80,23.11,0.393,,1,0,,
116.221,0.5000,0.5000,0.5000,0.5000,-2.83,23.43,0.392,,1,0,,
116.253,0.5000,0.5000,0.5000,0.5000,-2.83,22.92,0.394,,1,0,,
116.284,0.5000,0.5000,0.5000,0.5000,-2.89,22.74,0.388,,1,0,,
116.317,0.5000,0.5000,0.5000,0.5000,-2.50,22.49,0.391,,1,0,,
116.364,0.5000,0.5000,0.5000,0.5000,-2.66,22.15,0.388,,1,0,,
116.397,0.5000,0.5000,0.5000,0.5000,-2.66,22.53,0.382,,1,0,,
116.429,0.5000,0.5000,0.5000,0.5000,-2.71,22.98,0.383,,1,0,,
116.460,0.5000,0.5000,0.5000,0.5000,-2.97,23.16,0.385,,1,0,,
116.492,0.5000,0.5000,0.5000,0.5000,-2.90,21.85,0.386,,1,0,,
116.525,0.5000,0.5000,0.5000,0.5000,-2.93,21.58,0.387,,1,0,,
116.557,0.5000,0.5000,0.5000,0.5000,-2.68,21.98,0.385,,1,0,,
116.589,0.5000,0.5000,0.5000,0.5000,-2.92,22.22,0.383,,1,0,,
116.622,0.5000,0.5000,0.5000,0.5000,-3.01,20.71,0.386,,1,0,,
116.653,0.5000,0.5000,0.5000,0.5000,-3.12,20.56,0.385,,1,0,,
116.684,0.5000,0.5000,0.5000,0.5000,-3.23,19.71,0.389,,1,0,,
116.719,0.5000,0.5000,0.5000,0.5000,-2.94,18.06,0.390,,1,0,,
116.750,0.5000,0.5000,0.5000,0.5000,-2.60,18.93,0.385,,1,0,,
116.783,0.5000,0.5000,0.5000,0.5000,-2.63,18.34,0.384,,1,0,,
116.814,0.5000,0.5000,0.5000,0.5000,-3.30,21.33,0.382,,1,0,,
116.845,0.5000,0.5000,0.5000,0.5000,-3.18,22.13,0.379,,1,0,,
116.878,0.5000,0.5000,0.5000,0.5000,-3.24,23.73,0.395,,1,0,,
116.910,0.5000,0.5000,0.5000,0.5000,-3.29,25.01,0.396,,1,0,,
116.957,0.5000,0.5000,0.5000,0.5000,-3.56,24.17,0.403,,1,0,,
116.989,0.5000,0.5000,0.5000,0.5000,-3.56,24.16,0.399,,1,0,,
117.021,0.5000,0.5000,0.5000,0.5000,-3.33,23.28,0.398,,1,0,,
117.053,0.5000,0.5000,0.5000,0.5000,-3.21,23.28,0.398,,1,0,,
117.086,0.5000,0.5000,0.5000,0.5000,-3.32,22.74,0.397,,1,0,,
117.118,0.5000,0.5000,0.5000,0.5000,-3.29,23.01,0.393,,1,0,,
117.150,0.5000,0.5000,0.5000,0.5000,-3.12,21.98,0.397,,1,0,,
117.182,0.5000,0.5000,0.5000,0.5000,-3.05,21.09,0.397,,1,0,,
117.214,0.5000,0.5000,0.5000,0.5000,-3.04,22.64,0.398,,1,0,,
117.245,0.5000,0.5000,0.5000,0.5000,-3.34,22.42,0.395,,1,0,,
117.276,0.5000,0.5000,0.5000,0.5000,-3.42,21.55,0.388,,1,0,,
117.310,0.5000,0.5000,0.5000,0.5000,-3.14,21.99,0.388,,1,0,,
117.340,0.5000,0.5000,0.5000,0.5000,-3.47,21.72,0.390,,1,0,,
117.405,0.5000,0.5000,0.5000,0.5000,-3.21,20.62,0.387,,1,0,,
117.437,0.5000,0.5000,0.5000,0.5000,-3.10,19.03,0.391,,1,0,,
117.470,0.5000,0.5000,0.5000,0.5000,-2.91,19.41,0.392,,1,0,,
117.517,0.5000,0.5000,0.5000,0.5000,-3.07,19.74,0.389,,1,0,,
117.549,0.5000,0.5000,0.5000,0.5000,-2.78,18.87,0.385,,1,0,,
117.575,0.5000,0.5000,0.5000,0.5000,-2.79,18.14,0.383,,1,0,,
117.601,0.5000,0.5000,0.5000,0.5000,-2.87,20.41,0.383,,1,0,,
117.625,0.5000,0.5000,0.5000,0.5000,-2.49,18.17,0.386,,1,0,,
117.651,0.5000,0.5000,0.5000,0.5000,-2.52,18.50,0.388,,1,0,,
117.677,0.5000,0.5000,0.5000,0.5000,-2.72,18.95,0.398,,1,0,,
117.710,0.5000,0.5000,0.5000,0.5000,-2.72,15.04,0.412,,1,0,,
117.741,0.5000,0.5000,0.5000,0.5000,-2.81,16.95,0.413,,1,0,,
117.804,0.5000,0.5000,0.5000,0.5000,-3.17,18.90,0.428,,1,0,,
117.836,0.5000,0.5000,0.5000,0.5000,-3.40,19.36,0.432,,1,0,,
117.869,0.5000,0.5000,0.5000,0.5000,-3.38,18.93,0.433,,1,0,,
117.900,0.5000,0.5000,0.5000,0.5000,-3.37,19.49,0.432,,1,0,,
117.934,0.5000,0.5000,0.5000,0.5000,-3.17,20.05,0.434,,1,0,,
117.966,0.5000,0.5000,0.5000,0.5000,-3.19,19.48,0.437,,1,0,,
117.999,0.5000,0.5000,0.5000,0.5000,-3.30,20.16,0.438,,1,0,,
118.029,0.5000,0.5000,0.5000,0.5000,-3.39,19.87,0.439,,1,0,,
118.076,0.5000,0.5000,0.5000,0.5000,-2.98,19.19,0.437,,1,0,,
118.109,0.5000,0.5000,0.5000,0.5000,-3.23,19.71,0.437,,1,0,,
118.137,0.5000,0.5000,0.5000,0.5000,-3.36,20.02,0.437,,1,0,,
118.163,0.5000,0.5000,0.5000,0.5000,-3.07,19.92,0.439,,1,0,,
118.205,0.5000,0.5000,0.5000,0.5000,-3.14,20.19,0.439,,1,0,,
118.236,0.5000,0.5000,0.5000,0.5000,-3.06,19.85,0.442,,1,0,,
118.270,0.5000,0.5000,0.5000,0.5000,-2.71,19.97,0.443,,1,0,,
118.303,0.5000,0.5000,0.5000,0.5000,-2.72,19.42,0.443,,1,0,,
118.334,0.5000,0.5000,0.5000,0.5000,-2.71,19.27,0.440,,1,0,,
118.367,0.5000,0.5000,0.5000,0.5000,-2.68,18.96,0.438,,1,0,,
118.397,0.5000,0.5000,0.5000,0.5000,-2.69,19.47,0.441,,1,0,,
118.429,0.5000,0.5000,0.5000,0.5000,-2.49,19.40,0.438,,1,0,,
118.460,0.5000,0.5000,0.5000,0.5000,-2.59,19.62,0.438,,1,0,,
118.492,0.5000,0.5000,0.5000,0.5000,-2.69,19.26,0.441,,1,0,,
118.524,0.5000,0.5000,0.5000,0.5000,-2.72,19.30,0.439,,1,0,,
118.558,0.5000,0.5000,0.5000,0.5000,-2.76,19.11,0.435,,1,0,,
118.588,0.5000,0.5000,0.5000,0.5000,-3.03,19.30,0.432,,1,0,,
118.636,0.5000,0.5000,0.5000,0.5000,-3.01,19.57,0.433,,1,0,,
118.669,0.5000,0.5000,0.5000,0.5000,-2.97,19.65,0.430,,1,0,,
118.700,0.5000,0.5000,0.5000,0.5000,-3.06,19.46,0.433,,1,0,,
118.733,0.5000,0.5000,0.5000,0.5000,-3.04,19.64,0.436,,1,0,,
118.765,0.5000,0.5000,0.5000,0.5000,-2.71,19.90,0.436,,1,0,,
118.798,0.5000,0.5000,0.5000,0.5000,-2.90,17.15,0.437,,1,0,,
118.829,0.5000,0.5000,0.5000,0.5000,-2.94,18.97,0.434,,1,0,,
118.860,0.5000,0.5000,0.5000,0.5000,-2.88,19.51,0.435,,1,0,,
118.892,0.5000,0.5000,0.5000,0.5000,-2.67,19.58,0.434,,1,0,,
118.924,0.5000,0.5000,0.5000,0.5000,-2.74,19.31,0.431,,1,0,,
118.957,0.5000,0.5000,0.5000,0.5000,-2.82,18.35,0.430,,1,0,,
118.988,0.5000,0.5000,0.5000,0.5000,-2.73,17.25,0.428,,1,0,,
119.020,0.5000,0.5000,0.5000,0.5000,-2.90,17.70,0.424,,1,0,,
119.053,0.5000,0.5000,0.5000,0.5000,-2.71,17.10,0.423,,1,0,,
119.085,0.5000,0.5000,0.5000,0.5000,-2.69,17.02,0.426,,1,0,,
119.117,0.5000,0.5000,0.5000,0.5000,-2.69,16.93,0.428,,1,0,,
119.149,0.5000,0.5000,0.5000,0.5000,-2.57,17.13,0.430,,1,0,,
119.180,0.5000,0.5000,0.5000,0.5000,-2.57,16.47,0.429,,1,0,,
119.228,0.5000,0.5000,0.5000,0.5000,-2.60,16.88,0.417,,1,0,,
119.261,0.5000,0.5000,0.5000,0.5000,-2.64,16.69,0.413,,1,0,,
119.294,0.5000,0.5000,0.5000,0.5000,-2.75,17.45,0.415,,1,0,,
119.325,0.5000,0.5000,0.5000,0.5000,-2.65,17.60,0.409,,1,0,,
119.358,0.5000,0.5000,0.5000,0.5000,-2.79,17.74,0.410,,1,0,,
119.389,0.5000,0.5000,0.5000,0.5000,-2.83,17.72,0.414,,1,0,,
119.421,0.5000,0.5000,0.5000,0.5000,-2.72,17.35,0.415,,1,0,,
119.454,0.5000,0.5000,0.5000,0.5000,-2.81,17.00,0.421,,1,0,,
119.485,0.5000,0.5000,0.5000,0.5000,-2.89,17.43,0.421,,1,0,,
119.517,0.5000,0.5000,0.5000,0.5000,-2.81,17.67,0.420,,1,0,,
119.550,0.5000,0.5000,0.5000,0.5000,-2.94,17.41,0.419,,1,0,,
119.581,0.5000,0.5000,0.5000,0.5000,-2.84,17.21,0.424,,1,0,,
119.613,0.5000,0.5000,0.5000,0.5000,-1.88,17.51,0.421,,1,0,,
119.646,0.5000,0.5000,0.5000,0.5000,-2.33,16.17,0.418,,1,0,,
119.677,0.5000,0.5000,0.5000,0.5000,-2.13,15.12,0.422,,1,0,,
119.710,0.5000,0.5000,0.5000,0.5000,-2.22,15.61,0.417,,1,0,,
119.739,0.5000,0.5000,0.5000,0.5000,-2.24,14.96,0.415,,1,0,,
119.827,0.5000,0.5000,0.5000,0.5000,-2.17,14.61,0.416,,1,0,,
119.851,0.5000,0.5000,0.5000,0.5000,-2.21,14.50,0.417,,1,0,,
119.878,0.5000,0.5000,0.5000,0.5000,-2.24,15.03,0.415,,1,0,,
119.902,0.5000,0.5000,0.5000,0.5000,-2.17,16.51,0.413,,1,0,,
119.930,0.5000,0.5000,0.5000,0.5000,-1.96,19.08,0.409,,1,0,,
119.956,0.5000,0.5000,0.5000,0.5000,-1.91,19.12,0.411,,1,0,,
119.981,0.5000,0.5000,0.5000,0.5000,-1.71,18.63,0.413,,1,0,,
120.014,0.5000,0.5000,0.5000,0.5000,-1.88,19.36,0.417,,1,0,,
120.044,0.5000,0.5000,0.5000,0.5000,-1.98,19.93,0.421,,1,0,,
120.078,0.5000,0.5000,0.5000,0.5000,-1.97,19.56,0.412,,1,0,,
120.109,0.5000,0.5000,0.5000,0.5000,-2.12,19.82,0.411,,1,0,,
120.140,0.5000,0.5000,0.5000,0.5000,-2.07,19.06,0.412,,1,0,,
120.208,0.5000,0.5000,0.5000,0.5000,-2.10,19.28,0.407,,1,0,,
120.237,0.5000,0.5000,0.5000,0.5000,-2.09,19.77,0.411,,1,0,,
120.270,0.5000,0.5000,0.5000,0.5000,-2.21,19.64,0.406,,1,0,,
120.302,0.5000,0.5000,0.5000,0.5000,-2.34,19.81,0.408,,1,0,,
120.349,0.5000,0.5000,0.5000,0.5000,-1.92,20.28,0.412,,1,0,,
120.381,0.5000,0.5000,0.5000,0.5000,-1.96,19.38,0.411,,1,0,,
120.409,0.5000,0.5000,0.5000,0.5000,-2.00,18.88,0.411,,1,0,,
120.435,0.5000,0.5000,0.5000,0.5000,-1.91,18.88,0.412,,1,0,,
120.461,0.5000,0.5000,0.5000,0.5000,-1.87,18.60,0.413,,1,0,,
120.485,0.5000,0.5000,0.5000,0.5000,-1.84,18.47,0.409,,1,0,,
120.513,0.5000,0.5000,0.5000,0.5000,-1.97,18.51,0.410,,1,0,,
120.541,0.5000,0.5000,0.5000,0.5000,-2.13,19.22,0.409,,1,0,,
120.604,0.5000,0.5000,0.5000,0.5000,-2.32,18.83,0.409,,1,0,,
120.638,0.5000,0.5000,0.5000,0.5000,-2.19,18.29,0.408,,1,0,,
120.669,0.5000,0.5000,0.5000,0.5000,-2.12,17.90,0.380,,1,0,,
120.702,0.5000,0.5000,0.5000,0.5000,-1.75,16.31,0.297,,1,0,,
120.733,0.5000,0.5000,0.5000,0.5000,-1.26,12.25,0.167,,1,0,,
120.765,0.5000,0.5000,0.5000,0.5000,-1.08,10.85,0.146,,1,0,,
120.798,0.5000,0.5000,0.5000,0.5000,-0.96,10.97,0.162,,1,0,,
120.829,0.5000,0.5000,0.5000,0.5000,-1.02,11.76,0.190,,1,0,,
120.861,0.5000,0.5000,0.5000,0.5000,-1.07,11.63,0.199,,1,0,,
120.892,0.5000,0.5000,0.5000,0.5000,-1.28,12.27,0.213,,1,0,,
120.943,0.5000,0.5000,0.5000,0.5000,-1.47,13.35,0.230,,1,0,,
120.967,0.5000,0.5000,0.5000,0.5000,-1.53,13.80,0.235,,1,0,,
121.005,0.5000,0.5000,0.5000,0.5000,-1.61,11.76,0.242,,1,0,,
121.037,0.5000,0.5000,0.5000,0.5000,-1.52,11.06,0.259,,1,0,,
121.069,0.5000,0.5000,0.5000,0.5000,-1.62,10.86,0.265,,1,0,,
121.102,0.5000,0.5000,0.5000,0.5000,-1.52,10.31,0.262,,1,0,,
121.133,0.5000,0.5000,0.5000,0.5000,-0.97,6.86,0.246,,1,0,,
121.165,0.5000,0.5000,0.5000,0.5000,-1.06,8.54,0.261,,1,0,,
121.197,0.5000,0.5000,0.5000,0.5000,-1.12,9.45,0.258,,1,0,,
121.232,0.5000,0.5000,0.5000,0.5000,-1.04,10.39,0.257,,1,0,,
121.261,0.5000,0.5000,0.5000,0.5000,-1.26,10.38,0.266,,1,0,,
121.295,0.5000,0.5000,0.5000,0.5000,-1.13,11.32,0.272,,1,0,,
121.324,0.5000,0.5000,0.5000,0.5000,-1.21,11.09,0.280,,1,0,,
121.356,0.5000,0.5000,0.5000,0.5000,-1.25,10.91,0.277,,1,0,,
121.388,0.5000,0.5000,0.5000,0.5000,-1.29,10.40,0.275,,1,0,,
121.420,0.5000,0.5000,0.5000,0.5000,-1.44,10.00,0.278,,1,0,,
121.454,0.5000,0.5000,0.5000,0.5000,-1.52,8.74,0.273,,1,0,,
121.502,0.5000,0.5000,0.5000,0.5000,-1.60,6.64,0.285,,1,0,,
121.533,0.5000,0.5000,0.5000,0.5000,-1.46,6.07,0.278,,1,0,,
121.566,0.5000,0.5000,0.5000,0.5000,-1.56,5.58,0.286,,1,0,,
121.596,0.5000,0.5000,0.5000,0.5000,-1.61,5.14,0.286,,1,0,,
121.629,0.5000,0.5000,0.5000,0.5000,-1.16,7.93,0.281,,1,0,,
121.661,0.5000,0.5000,0.5000,0.5000,-1.20,8.67,0.285,,1,0,,
121.694,0.5000,0.5000,0.5000,0.5000,-1.20,8.99,0.290,,1,0,,
121.725,0.5000,0.5000,0.5000,0.5000,-1.19,8.69,0.290,,1,0,,
121.757,0.5000,0.5000,0.5000,0.5000,-1.35,3.97,0.285,,1,0,,
121.789,0.5000,0.5000,0.5000,0.5000,-1.19,7.49,0.286,,1,0,,
121.820,0.5000,0.5000,0.5000,0.5000,-1.56,4.51,0.282,,1,0,,
121.851,0.5000,0.5000,0.5000,0.5000,-1.62,5.31,0.293,,1,0,,
121.885,0.5000,0.5000,0.5000,0.5000,-1.78,4.72,0.275,,1,0,,
121.918,0.5000,0.5000,0.5000,0.5000,-0.98,7.20,0.272,,1,0,,
121.951,0.5000,0.5000,0.5000,0.5000,-1.22,5.95,0.277,,1,0,,
121.981,0.5000,0.5000,0.5000,0.5000,-1.14,6.62,0.275,,1,0,,
122.013,0.5000,0.5000,0.5000,0.5000,-1.00,5.93,0.282,,1,0,,
122.060,0.5000,0.5000,0.5000,0.5000,-1.43,7.90,0.289,,1,0,,
122.094,0.5000,0.5000,0.5000,0.5000,-1.59,8.08,0.293,,1,0,,
122.126,0.5000,0.5000,0.5000,0.5000,-1.59,8.32,0.287,,1,0,,
122.157,0.5000,0.5000,0.5000,0.5000,-1.40,9.53,0.288,,1,0,,
122.189,0.5000,0.5000,0.5000,0.5000,-1.45,9.56,0.288,,1,0,,
122.222,0.5000,0.5000,0.5000,0.5000,-1.44,9.67,0.286,,1,0,,
122.254,0.5000,0.5000,0.5000,0.5000,-1.35,13.61,0.282,,1,0,,
122.288,0.5000,0.5000,0.5000,0.5000,-1.34,13.18,0.286,,1,0,,
122.323,0.5000,0.5000,0.5000,0.5000,-1.51,12.35,0.281,,1,0,,
122.354,0.5000,0.5000,0.5000,0.5000,-1.61,11.65,0.285,,1,0,,
122.381,0.5000,0.5000,0.5000,0.5000,-1.56,11.42,0.281,,1,0,,
122.413,0.5000,0.5000,0.5000,0.5000,-1.62,13.29,0.286,,1,0,,
122.446,0.5000,0.5000,0.5000,0.5000,-1.57,12.40,0.281,,1,0,,
122.478,0.5000,0.5000,0.5000,0.5000,-1.28,11.83,0.271,,1,0,,
122.509,0.5000,0.5000,0.5000,0.5000,-1.33,13.02,0.272,,1,0,,
122.542,0.5000,0.5000,0.5000,0.5000,-1.49,12.48,0.266,,1,0,,
122.625,0.5000,0.5000,0.5000,0.5000,-1.38,10.40,0.273,,1,0,,
122.652,0.5000,0.5000,0.5000,0.5000,-1.29,10.74,0.267,,1,0,,
122.680,0.5000,0.5000,0.5000,0.5000,-1.23,11.30,0.264,,1,0,,
122.706,0.5000,0.5000,0.5000,0.5000,-1.27,11.11,0.260,,1,0,,
122.732,0.5000,0.5000,0.5000,0.5000,-1.23,9.61,0.260,,1,0,,
122.757,0.5000,0.5000,0.5000,0.5000,-1.34,8.72,0.266,,1,0,,
122.784,0.5000,0.5000,0.5000,0.5000,-1.25,9.41,0.269,,1,0,,
122.814,0.5000,0.5000,0.5000,0.5000,-1.17,10.04,0.267,,1,0,,
122.845,0.5000,0.5000,0.5000,0.5000,-1.36,10.38,0.262,,1,0,,
122.878,0.5000,0.5000,0.5000,0.5000,-1.42,11.70,0.258,,1,0,,
122.909,0.5000,0.5000,0.5000,0.5000,-1.50,11.85,0.257,,1,0,,
122.942,0.5000,0.5000,0.5000,0.5000,-1.36,11.93,0.246,,1,0,,
123.004,0.5000,0.5000,0.5000,0.5000,-1.49,12.44,0.248,,1,0,,
123.037,0.5000,0.5000,0.5000,0.5000,-1.55,12.48,0.245,,1,0,,
123.068,0.5000,0.5000,0.5000,0.5000,-1.61,13.09,0.247,,1,0,,
123.100,0.5000,0.5000,0.5000,0.5000,-1.55,13.07,0.248,,1,0,,
123.134,0.5000,0.5000,0.5000,0.5000,-1.33,12.53,0.251,,1,0,,
123.165,0.5000,0.5000,0.5000,0.5000,-1.29,12.54,0.246,,1,0,,
123.213,0.5000,0.5000,0.5000,0.5000,-1.27,12.06,0.241,,1,0,,
123.242,0.5000,0.5000,0.5000,0.5000,-1.26,11.88,0.239,,1,0,,
123.266,0.5000,0.5000,0.5000,0.5000,-1.41,12.30,0.254,,1,0,,
123.293,0.5000,0.5000,0.5000,0.5000,-1.80,10.41,0.256,,1,0,,
123.317,0.5000,0.5000,0.5000,0.5000,-1.81,10.97,0.256,,1,0,,
123.347,0.5000,0.5000,0.5000,0.5000,-1.80,11.51,0.256,,1,0,,
123.405,0.5000,0.5000,0.5000,0.5000,-1.34,10.17,0.222,,1,0,,
123.438,0.5000,0.5000,0.5000,0.5000,-1.45,12.12,0.224,,1,0,,
123.469,0.5000,0.5000,0.5000,0.5000,-1.52,12.82,0.236,,1,0,,
123.501,0.5000,0.5000,0.5000,0.5000,-1.49,13.13,0.222,,1,0,,
123.532,0.5000,0.5000,0.5000,0.5000,-1.50,13.18,0.227,,1,0,,
123.565,0.5000,0.5000,0.5000,0.5000,-1.47,12.97,0.225,,1,0,,
123.598,0.5000,0.5000,0.5000,0.5000,-1.29,12.23,0.216,,1,0,,
123.630,0.5000,0.5000,0.5000,0.5000,-1.35,12.55,0.222,,1,0,,
123.661,0.5000,0.5000,0.5000,0.5000,-1.73,13.65,0.230,,1,0,,
123.695,0.5000,0.5000,0.5000,0.5000,-1.29,15.04,0.232,,1,0,,
123.727,0.5000,0.5000,0.5000,0.5000,-1.31,14.39,0.245,,1,0,,
123.771,0.5000,0.5000,0.5000,0.5000,-1.31,14.73,0.242,,1,0,,
123.804,0.5000,0.5000,0.5000,0.5000,-1.43,15.51,0.253,,1,0,,
123.838,0.5000,0.5000,0.5000,0.5000,-1.58,16.82,0.265,,1,0,,
123.871,0.5000,0.5000,0.5000,0.5000,-1.47,17.35,0.265,,1,0,,
123.900,0.5000,0.5000,0.5000,0.5000,-1.68,16.48,0.270,,1,0,,
123.933,0.5000,0.5000,0.5000,0.5000,-1.61,16.32,0.281,,1,0,,
123.965,0.5000,0.5000,0.5000,0.5000,-1.60,16.46,0.295,,1,0,,
123.997,0.5000,0.5000,0.5000,0.5000,-1.51,16.46,0.298,,1,0,,
124.029,0.5000,0.5000,0.5000,0.5000,-1.57,16.48,0.303,,1,0,,
124.061,0.5000,0.5000,0.5000,0.5000,-1.59,16.81,0.299,,1,0,,
124.094,0.5000,0.5000,0.5000,0.5000,-1.72,16.04,0.302,,1,0,,
124.126,0.5000,0.5000,0.5000,0.5000,-1.66,15.52,0.295,,1,0,,
124.156,0.5000,0.5000,0.5000,0.5000,-1.63,15.56,0.300,,1,0,,
124.189,0.5000,0.5000,0.5000,0.5000,-1.82,15.73,0.303,,1,0,,
124.221,0.5000,0.5000,0.5000,0.5000,-1.96,15.90,0.305,,1,0,,
124.254,0.5000,0.5000,0.5000,0.5000,-1.72,14.55,0.303,,1,0,,
124.285,0.5000,0.5000,0.5000,0.5000,-1.64,14.18,0.299,,1,0,,
124.332,0.5000,0.5000,0.5000,0.5000,-1.40,12.94,0.300,,1,0,,
124.365,0.5000,0.5000,0.5000,0.5000,-1.34,13.61,0.300,,1,0,,
124.397,0.5000,0.5000,0.5000,0.5000,-1.45,13.90,0.304,,1,0,,
124.431,0.5000,0.5000,0.5000,0.5000,-1.52,14.46,0.301,,1,0,,
124.461,0.5000,0.5000,0.5000,0.5000,-1.49,14.91,0.300,,1,0,,
124.493,0.5000,0.5000,0.5000,0.5000,-1.76,15.42,0.303,,1,0,,
124.525,0.5000,0.5000,0.5000,0.5000,-1.71,15.07,0.296,,1,0,,
124.560,0.5000,0.5000,0.5000,0.5000,-1.62,14.61,0.279,,1,0,,
124.588,0.5000,0.5000,0.5000,0.5000,-1.80,15.22,0.278,,1,0,,
124.621,0.5000,0.5000,0.5000,0.5000,-1.60,15.31,0.285,,1,0,,
124.652,0.5000,0.5000,0.5000,0.5000,-1.92,17.17,0.294,,1,0,,
124.685,0.5000,0.5000,0.5000,0.5000,-2.25,17.13,0.292,,1,0,,
124.716,0.5000,0.5000,0.5000,0.5000,-2.01,16.52,0.293,,1,0,,
124.750,0.5000,0.5000,0.5000,0.5000,-2.10,14.86,0.294,,1,0,,
124.781,0.5000,0.5000,0.5000,0.5000,-1.88,16.01,0.284,,1,0,,
124.813,0.5000,0.5000,0.5000,0.5000,-1.87,16.32,0.287,,1,0,,
124.847,0.5000,0.5000,0.5000,0.5000,-1.79,15.47,0.290,,1,0,,
124.892,0.5000,0.5000,0.5000,0.5000,-1.69,15.75,0.294,,1,0,,
124.924,0.5000,0.5000,0.5000,0.5000,-1.75,15.59,0.295,,1,0,,
124.956,0.5000,0.5000,0.5000,0.5000,-1.69,15.58,0.306,,1,0,,
124.990,0.5000,0.5000,0.5000,0.5000,-1.75,16.03,0.297,,1,0,,
125.021,0.5000,0.5000,0.5000,0.5000,-1.80,16.59,0.290,,1,0,,
125.053,0.5000,0.5000,0.5000,0.5000,-1.63,16.19,0.290,,1,0,,
125.085,0.5000,0.5000,0.5000,0.5000,-1.39,15.41,0.287,,1,0,,
125.116,0.5000,0.5000,0.5000,0.5000,-1.49,15.06,0.289,,1,0,,
125.149,0.5000,0.5000,0.5000,0.5000,-1.63,15.53,0.289,,1,0,,
125.181,0.5000,0.5000,0.5000,0.5000,-1.57,14.45,0.291,,1,0,,
125.213,0.5000,0.5000,0.5000,0.5000,-1.46,13.68,0.294,,1,0,,
125.245,0.5000,0.5000,0.5000,0.5000,-1.34,13.58,0.291,,1,0,,
125.278,0.5000,0.5000,0.5000,0.5000,-1.35,14.17,0.292,,1,0,,
125.309,0.5000,0.5000,0.5000,0.5000,-1.69,14.52,0.293,,1,0,,
125.340,0.5000,0.5000,0.5000,0.5000,-1.83,15.87,0.293,,1,0,,
125.404,0.5000,0.5000,0.5000,0.5000,-1.82,15.03,0.295,,1,0,,
125.437,0.5000,0.5000,0.5000,0.5000,-1.69,14.36,0.289,,1,0,,
125.485,0.5000,0.5000,0.5000,0.5000,-1.75,14.49,0.289,,1,0,,
125.518,0.5000,0.5000,0.5000,0.5000,-1.78,14.44,0.289,,1,0,,
125.544,0.5000,0.5000,0.5000,0.5000,-1.81,14.36,0.289,,1,0,,
125.568,0.5000,0.5000,0.5000,0.5000,-1.83,14.59,0.291,,1,0,,
125.594,0.5000,0.5000,0.5000,0.5000,-1.76,14.39,0.293,,1,0,,
125.622,0.5000,0.5000,0.5000,0.5000,-1.56,13.62,0.280,,1,0,,
125.649,0.5000,0.5000,0.5000,0.5000,-1.46,13.70,0.271,,1,0,,
125.677,0.5000,0.5000,0.5000,0.5000,-1.37,14.24,0.274,,1,0,,
125.708,0.5000,0.5000,0.5000,0.5000,-1.56,14.03,0.276,,1,0,,
125.741,0.5000,0.5000,0.5000,0.5000,-1.53,14.56,0.277,,1,0,,
125.805,0.5000,0.5000,0.5000,0.5000,-1.48,14.79,0.284,,1,0,,
125.837,0.5000,0.5000,0.5000,0.5000,-1.41,14.38,0.285,,1,0,,
125.867,0.5000,0.5000,0.5000,0.5000,-1.41,14.61,0.288,,1,0,,
125.900,0.5000,0.5000,0.5000,0.5000,-1.36,14.27,0.288,,1,0,,
125.932,0.5000,0.5000,0.5000,0.5000,-1.30,14.46,0.281,,1,0,,
125.966,0.5000,0.5000,0.5000,0.5000,-1.40,14.43,0.283,,1,0,,
125.998,0.5000,0.5000,0.5000,0.5000,-1.50,15.24,0.281,,1,0,,
126.044,0.5000,0.5000,0.5000,0.5000,-1.53,15.54,0.284,,1,0,,
126.077,0.5000,0.5000,0.5000,0.5000,-1.48,15.71,0.287,,1,0,,
126.103,0.5000,0.5000,0.5000,0.5000,-1.40,16.39,0.288,,1,0,,
126.131,0.5000,0.5000,0.5000,0.5000,-1.54,16.74,0.288,,1,0,,
126.155,0.5000,0.5000,0.5000,0.5000,-1.61,17.29,0.275,,1,0,,
126.204,0.5000,0.5000,0.5000,0.5000,-1.89,17.32,0.283,,1,0,,
126.236,0.5000,0.5000,0.5000,0.5000,-1.67,16.24,0.273,,1,0,,
126.268,0.5000,0.5000,0.5000,0.5000,-1.72,16.59,0.275,,1,0,,
126.300,0.5000,0.5000,0.5000,0.5000,-1.72,16.46,0.267,,1,0,,
126.332,0.5000,0.5000,0.5000,0.5000,-1.15,15.37,0.253,,1,0,,
126.366,0.5000,0.5000,0.5000,0.5000,-1.05,16.00,0.253,,1,0,,
126.398,0.5000,0.5000,0.5000,0.5000,-1.37,16.06,0.260,,1,0,,
126.430,0.5000,0.5000,0.5000,0.5000,-1.22,15.91,0.261,,1,0,,
126.462,0.5000,0.5000,0.5000,0.5000,-1.21,16.93,0.269,,1,0,,
126.493,0.5000,0.5000,0.5000,0.5000,-1.50,17.02,0.275,,1,0,,
126.526,0.5000,0.5000,0.5000,0.5000,-1.36,17.35,0.277,,1,0,,
126.557,0.5000,0.5000,0.5000,0.5000,-1.34,17.07,0.276,,1,0,,
126.606,0.5000,0.5000,0.5000,0.5000,-1.37,16.13,0.278,,1,0,,
126.638,0.5000,0.5000,0.5000,0.5000,-1.33,16.83,0.281,,1,0,,
126.669,0.5000,0.5000,0.5000,0.5000,-1.35,17.13,0.288,,1,0,,
126.704,0.5000,0.5000,0.5000,0.5000,-1.84,17.31,0.278,,1,0,,
126.733,0.5000,0.5000,0.5000,0.5000,-1.99,18.02,0.325,,1,0,,
126.764,0.5000,0.5000,0.5000,0.5000,-2.29,18.35,0.362,,1,0,,
126.799,0.5000,0.5000,0.5000,0.5000,-2.36,18.57,0.385,,1,0,,
126.829,0.5000,0.5000,0.5000,0.5000,-2.48,18.75,0.398,,1,0,,
126.861,0.5000,0.5000,0.5000,0.5000,-2.51,19.01,0.409,,1,0,,
126.892,0.5000,0.5000,0.5000,0.5000,-2.59,18.86,0.415,,1,0,,
126.926,0.5000,0.5000,0.5000,0.5000,-2.57,18.50,0.417,,1,0,,
126.958,0.5000,0.5000,0.5000,0.5000,-2.55,18.70,0.422,,1,0,,
126.989,0.5000,0.5000,0.5000,0.5000,-2.69,17.63,0.421,,1,0,,
127.021,0.5000,0.5000,0.5000,0.5000,-2.56,17.73,0.418,,1,0,,
127.052,0.5000,0.5000,0.5000,0.5000,-2.49,18.23,0.419,,1,0,,
127.085,0.5000,0.5000,0.5000,0.5000,-2.67,18.39,0.421,,1,0,,
127.117,0.5000,0.5000,0.5000,0.5000,-2.87,18.86,0.420,,1,0,,
127.166,0.5000,0.5000,0.5000,0.5000,-2.79,18.22,0.428,,1,0,,
127.199,0.5000,0.5000,0.5000,0.5000,-2.77,18.02,0.426,,1,0,,
127.231,0.5000,0.5000,0.5000,0.5000,-2.94,17.68,0.425,,1,0,,
127.261,0.5000,0.5000,0.5000,0.5000,-2.89,17.53,0.423,,1,0,,
127.293,0.5000,0.5000,0.5000,0.5000,-2.80,17.80,0.421,,1,0,,
127.324,0.5000,0.5000,0.5000,0.5000,-2.78,18.60,0.423,,1,0,,
127.357,0.5000,0.5000,0.5000,0.5000,-2.74,17.85,0.424,,1,0,,
127.389,0.5000,0.5000,0.5000,0.5000,-2.79,17.56,0.427,,1,0,,
127.421,0.5000,0.5000,0.5000,0.5000,-2.82,18.26,0.425,,1,0,,
127.453,0.5000,0.5000,0.5000,0.5000,-2.74,17.94,0.422,,1,0,,
127.485,0.5000,0.5000,0.5000,0.5000,-2.89,17.63,0.423,,1,0,,
127.516,0.5000,0.5000,0.5000,0.5000,-2.92,17.32,0.422,,1,0,,
127.548,0.5000,0.5000,0.5000,0.5000,-2.89,17.99,0.419,,1,0,,
127.582,0.5000,0.5000,0.5000,0.5000,-2.76,18.37,0.418,,1,0,,
127.612,0.5000,0.5000,0.5000,0.5000,-2.66,18.02,0.419,,1,0,,
127.646,0.5000,0.5000,0.5000,0.5000,-2.59,17.08,0.418,,1,0,,
127.678,0.5000,0.5000,0.5000,0.5000,-2.66,17.82,0.421,,1,0,,
127.710,0.5000,0.5000,0.5000,0.5000,-2.58,18.83,0.424,,1,0,,
127.756,0.5000,0.5000,0.5000,0.5000,-2.74,19.03,0.417,,1,0,,
127.788,0.5000,0.5000,0.5000,0.5000,-2.71,18.52,0.417,,1,0,,
127.821,0.5000,0.5000,0.5000,0.5000,-2.73,18.69,0.417,,1,0,,
127.854,0.5000,0.5000,0.5000,0.5000,-2.74,17.93,0.418,,1,0,,
127.884,0.5000,0.5000,0.5000,0.5000,-2.61,17.06,0.419,,1,0,,
127.916,0.5000,0.5000,0.5000,0.5000,-2.62,16.87,0.418,,1,0,,
127.948,0.5000,0.5000,0.5000,0.5000,-2.64,17.11,0.420,,1,0,,
127.982,0.5000,0.5000,0.5000,0.5000,-2.76,16.84,0.417,,1,0,,
128.013,0.5000,0.5000,0.5000,0.5000,-2.87,17.56,0.423,,1,0,,
128.046,0.5000,0.5000,0.5000,0.5000,-2.74,17.14,0.423,,1,0,,
128.078,0.5000,0.5000,0.5000,0.5000,-2.59,16.54,0.425,,1,0,,
128.110,0.5000,0.5000,0.5000,0.5000,-2.40,16.16,0.424,,1,0,,
128.142,0.5000,0.5000,0.5000,0.5000,-2.43,16.56,0.423,,1,0,,
128.208,0.5000,0.5000,0.5000,0.5000,-2.57,16.94,0.416,,1,0,,
128.238,0.5000,0.5000,0.5000,0.5000,-2.39,17.16,0.415,,1,0,,
128.269,0.5000,0.5000,0.5000,0.5000,-2.50,16.62,0.413,,1,0,,
128.317,0.5000,0.5000,0.5000,0.5000,-2.50,17.14,0.416,,1,0,,
128.348,0.5000,0.5000,0.5000,0.5000,-2.56,17.61,0.417,,1,0,,
128.375,0.5000,0.5000,0.5000,0.5000,-2.56,17.73,0.418,,1,0,,
128.402,0.5000,0.5000,0.5000,0.5000,-2.60,18.06,0.419,,1,0,,
128.428,0.5000,0.5000,0.5000,0.5000,-2.49,17.89,0.418,,1,0,,
128.455,0.5000,0.5000,0.5000,0.5000,-2.44,17.80,0.419,,1,0,,
128.481,0.5000,0.5000,0.5000,0.5000,-2.36,17.96,0.420,,1,0,,
128.511,0.5000,0.5000,0.5000,0.5000,-2.40,18.04,0.422,,1,0,,
128.542,0.5000,0.5000,0.5000,0.5000,-2.49,17.73,0.420,,1,0,,
128.609,0.5000,0.5000,0.5000,0.5000,-2.35,18.12,0.416,,1,0,,
128.637,0.5000,0.5000,0.5000,0.5000,-2.66,18.16,0.415,,1,0,,
128.669,0.5000,0.5000,0.5000,0.5000,-2.81,18.88,0.411,,1,0,,
128.701,0.5000,0.5000,0.5000,0.5000,-2.91,19.05,0.412,,1,0,,
128.734,0.5000,0.5000,0.5000,0.5000,-2.60,18.76,0.411,,1,0,,
128.765,0.5000,0.5000,0.5000,0.5000,-2.88,18.32,0.414,,1,0,,
128.798,0.5000,0.5000,0.5000,0.5000,-2.93,18.49,0.415,,1,0,,
128.830,0.5000,0.5000,0.5000,0.5000,-2.91,18.37,0.415,,1,0,,
128.877,0.5000,0.5000,0.5000,0.5000,-2.82,18.76,0.407,,1,0,,
128.910,0.5000,0.5000,0.5000,0.5000,-2.67,18.38,0.410,,1,0,,
128.944,0.5000,0.5000,0.5000,0.5000,-2.61,18.42,0.411,,1,0,,
128.968,0.5000,0.5000,0.5000,0.5000,-2.68,18.40,0.414,,1,0,,
129.004,0.5000,0.5000,0.5000,0.5000,-2.77,18.76,0.412,,1,0,,
129.036,0.5000,0.5000,0.5000,0.5000,-2.62,18.45,0.411,,1,0,,
129.071,0.5000,0.5000,0.5000,0.5000,-2.58,18.63,0.411,,1,0,,
129.101,0.5000,0.5000,0.5000,0.5000,-2.45,19.30,0.411,,1,0,,
129.132,0.5000,0.5000,0.5000,0.5000,-2.23,17.82,0.410,,1,0,,
129.165,0.5000,0.5000,0.5000,0.5000,-2.07,17.45,0.399,,1,0,,
129.198,0.5000,0.5000,0.5000,0.5000,-2.22,18.10,0.403,,1,0,,
129.230,0.5000,0.5000,0.5000,0.5000,-2.34,17.86,0.402,,1,0,,
129.261,0.5000,0.5000,0.5000,0.5000,-2.14,17.48,0.402,,1,0,,
129.293,0.5000,0.5000,0.5000,0.5000,-2.28,18.49,0.402,,1,0,,
129.325,0.5000,0.5000,0.5000,0.5000,-2.23,18.51,0.405,,1,0,,
129.358,0.5000,0.5000,0.5000,0.5000,-2.40,18.04,0.403,,1,0,,
129.389,0.5000,0.5000,0.5000,0.5000,-2.32,17.94,0.404,,1,0,,
129.421,0.5000,0.5000,0.5000,0.5000,-2.35,17.44,0.407,,1,0,,
129.468,0.5000,0.5000,0.5000,0.5000,-2.37,17.32,0.408,,1,0,,
129.501,0.5000,0.5000,0.5000,0.5000,-2.36,16.76,0.405,,1,0,,
129.532,0.5000,0.5000,0.5000,0.5000,-2.61,17.79,0.406,,1,0,,
129.566,0.5000,0.5000,0.5000,0.5000,-2.61,17.90,0.406,,1,0,,
129.597,0.5000,0.5000,0.5000,0.5000,-2.44,16.82,0.401,,1,0,,
129.629,0.5000,0.5000,0.5000,0.5000,-2.52,16.06,0.400,,1,0,,
129.662,0.5000,0.5000,0.5000,0.5000,-2.53,16.22,0.402,,1,0,,
129.694,0.5000,0.5000,0.5000,0.5000,-2.58,15.80,0.398,,1,0,,
129.724,0.5000,0.5000,0.5000,0.5000,-2.41,15.93,0.389,,1,0,,
129.756,0.5000,0.5000,0.5000,0.5000,-2.44,15.99,0.382,,1,0,,
129.789,0.5000,0.5000,0.5000,0.5000,-2.54,15.80,0.385,,1,0,,
129.822,0.5000,0.5000,0.5000,0.5000,-2.70,15.55,0.385,,1,0,,
129.853,0.5000,0.5000,0.5000,0.5000,-2.66,15.88,0.381,,1,0,,
129.884,0.5000,0.5000,0.5000,0.5000,-2.61,15.57,0.379,,1,0,,
129.916,0.5000,0.5000,0.5000,0.5000,-2.65,15.77,0.376,,1,0,,
129.948,0.5000,0.5000,0.5000,0.5000,-2.53,15.21,0.379,,1,0,,
129.981,0.5000,0.5000,0.5000,0.5000,-2.61,15.58,0.376,,1,0,,
130.028,0.5000,0.5000,0.5000,0.5000,-2.53,14.93,0.374,,1,0,,
130.061,0.5000,0.5000,0.5000,0.5000,-2.55,15.19,0.373,,1,0,,
130.094,0.5000,0.5000,0.5000,0.5000,-2.53,15.36,0.374,,1,0,,
130.124,0.5000,0.5000,0.5000,0.5000,-2.38,15.85,0.371,,1,0,,
130.159,0.5000,0.5000,0.5000,0.5000,-2.53,14.97,0.369,,1,0,,
130.189,0.5000,0.5000,0.5000,0.5000,-2.42,14.68,0.367,,1,0,,
130.221,0.5000,0.5000,0.5000,0.5000,-2.63,15.91,0.367,,1,0,,
130.253,0.5000,0.5000,0.5000,0.5000,-2.53,15.82,0.369,,1,0,,
130.285,0.5000,0.5000,0.5000,0.5000,-2.58,14.72,0.369,,1,0,,
130.316,0.5000,0.5000,0.5000,0.5000,-2.58,14.68,0.373,,1,0,,
130.349,0.5000,0.5000,0.5000,0.5000,-2.56,14.95,0.375,,1,0,,
130.381,0.5000,0.5000,0.5000,0.5000,-2.50,15.48,0.371,,1,0,,
130.414,0.5000,0.5000,0.5000,0.5000,-2.54,15.88,0.375,,1,0,,
130.445,0.5000,0.5000,0.5000,0.5000,-2.52,16.40,0.373,,1,0,,
130.477,0.5000,0.5000,0.5000,0.5000,-2.53,15.80,0.371,,1,0,,
130.511,0.5000,0.5000,0.5000,0.5000,-2.24,16.06,0.373,,1,0,,
130.541,0.5000,0.5000,0.5000,0.5000,-2.61,15.02,0.369,,1,0,,
130.628,0.5000,0.5000,0.5000,0.5000,-2.28,15.34,0.363,,1,0,,
130.655,0.5000,0.5000,0.5000,0.5000,-2.22,15.42,0.363,,1,0,,
130.680,0.5000,0.5000,0.5000,0.5000,-2.18,14.50,0.357,,1,0,,
130.708,0.5000,0.5000,0.5000,0.5000,-2.60,15.19,0.356,,1,0,,
130.733,0.5000,0.5000,0.5000,0.5000,-2.62,13.79,0.361,,1,0,,
130.759,0.5000,0.5000,0.5000,0.5000,-2.51,14.44,0.362,,1,0,,
130.785,0.5000,0.5000,0.5000,0.5000,-2.23,13.94,0.361,,1,0,,
130.814,0.5000,0.5000,0.5000,0.5000,-2.50,14.26,0.366,,1,0,,
130.843,0.5000,0.5000,0.5000,0.5000,-2.57,14.66,0.367,,1,0,,
130.877,0.5000,0.5000,0.5000,0.5000,-2.54,15.02,0.369,,1,0,,
130.910,0.5000,0.5000,0.5000,0.5000,-2.59,14.78,0.368,,1,0,,
130.941,0.5000,0.5000,0.5000,0.5000,-2.51,16.34,0.367,,1,0,,
131.010,0.5000,0.5000,0.5000,0.5000,-2.21,16.07,0.358,,1,0,,
131.036,0.5000,0.5000,0.5000,0.5000,-2.31,16.09,0.358,,1,0,,
131.070,0.5000,0.5000,0.5000,0.5000,-2.38,15.69,0.360,,1,0,,
131.101,0.5000,0.5000,0.5000,0.5000,-2.48,15.16,0.361,,1,0,,
131.149,0.5000,0.5000,0.5000,0.5000,-2.37,14.87,0.366,,1,0,,
131.182,0.5000,0.5000,0.5000,0.5000,-2.42,15.98,0.370,,1,0,,
131.210,0.5000,0.5000,0.5000,0.5000,-2.49,16.43,0.372,,1,0,,
131.236,0.5000,0.5000,0.5000,0.5000,-2.46,16.02,0.373,,1,0,,
131.263,0.5000,0.5000,0.5000,0.5000,-2.49,16.01,0.372,,1,0,,
131.288,0.5000,0.5000,0.5000,0.5000,-2.49,15.79,0.373,,1,0,,
131.315,0.5000,0.5000,0.5000,0.5000,-2.43,16.02,0.371,,1,0,,
131.341,0.5000,0.5000,0.5000,0.5000,-2.38,15.39,0.370,,1,0,,
131.407,0.5000,0.5000,0.5000,0.5000,-2.14,13.50,0.372,,1,0,,
131.437,0.5000,0.5000,0.5000,0.5000,-2.17,13.76,0.369,,1,0,,
131.468,0.5000,0.5000,0.5000,0.5000,-2.16,13.97,0.367,,1,0,,
131.500,0.5000,0.5000,0.5000,0.5000,-2.15,13.92,0.365,,1,0,,
131.534,0.5000,0.5000,0.5000,0.5000,-2.36,14.33,0.358,,1,0,,
131.565,0.5000,0.5000,0.5000,0.5000,-2.27,14.58,0.358,,1,0,,
131.597,0.5000,0.5000,0.5000,0.5000,-2.42,15.62,0.357,,1,0,,
131.631,0.5000,0.5000,0.5000,0.5000,-2.42,15.66,0.358,,1,0,,
131.661,0.5000,0.5000,0.5000,0.5000,-2.45,15.58,0.359,,1,0,,
131.693,0.5000,0.5000,0.5000,0.5000,-2.47,14.75,0.360,,1,0,,
131.741,0.5000,0.5000,0.5000,0.5000,-2.47,14.63,0.365,,1,0,,
131.766,0.5000,0.5000,0.5000,0.5000,-2.46,14.53,0.367,,1,0,,
131.805,0.5000,0.5000,0.5000,0.5000,-2.42,16.25,0.352,,1,0,,
131.836,0.5000,0.5000,0.5000,0.5000,-2.47,15.68,0.351,,1,0,,
131.867,0.5000,0.5000,0.5000,0.5000,-2.46,16.03,0.355,,1,0,,
131.902,0.5000,0.5000,0.5000,0.5000,-2.52,16.22,0.361,,1,0,,
131.932,0.5000,0.5000,0.5000,0.5000,-2.49,17.05,0.362,,1,0,,
131.966,0.5000,0.5000,0.5000,0.5000,-2.60,17.12,0.360,,1,0,,
131.998,0.5000,0.5000,0.5000,0.5000,-2.61,16.80,0.355,,1,0,,
132.031,0.5000,0.5000,0.5000,0.5000,-2.70,16.83,0.357,,1,0,,
132.061,0.5000,0.5000,0.5000,0.5000,-2.72,16.45,0.356,,1,0,,
132.092,0.5000,0.5000,0.5000,0.5000,-2.51,15.79,0.365,,1,0,,
132.126,0.5000,0.5000,0.5000,0.5000,-2.66,15.82,0.362,,1,0,,
132.157,0.5000,0.5000,0.5000,0.5000,-2.67,16.13,0.362,,1,0,,
132.188,0.5000,0.5000,0.5000,0.5000,-2.57,16.29,0.358,,1,0,,
132.220,0.5000,0.5000,0.5000,0.5000,-2.56,16.22,0.357,,1,0,,
132.253,0.5000,0.5000,0.5000,0.5000,-2.54,16.44,0.359,,1,0,,
132.300,0.5000,0.5000,0.5000,0.5000,-2.71,16.19,0.358,,1,0,,
132.332,0.5000,0.5000,0.5000,0.5000,-2.52,15.83,0.359,,1,0,,
132.364,0.5000,0.5000,0.5000,0.5000,-2.60,15.78,0.360,,1,0,,
132.397,0.5000,0.5000,0.5000,0.5000,-2.63,15.67,0.362,,1,0,,
132.430,0.5000,0.5000,0.5000,0.5000,-2.71,15.46,0.364,,1,0,,
132.463,0.5000,0.5000,0.5000,0.5000,-2.57,12.76,0.361,,1,0,,
132.493,0.5000,0.5000,0.5000,0.5000,-2.43,13.43,0.369,,1,0,,
132.525,0.5000,0.5000,0.5000,0.5000,-2.46,14.98,0.366,,1,0,,
132.558,0.5000,0.5000,0.5000,0.5000,-2.80,14.70,0.368,,1,0,,
132.589,0.5000,0.5000,0.5000,0.5000,-2.85,16.09,0.367,,1,0,,
132.620,0.5000,0.5000,0.5000,0.5000,-2.80,14.95,0.367,,1,0,,
132.651,0.5000,0.5000,0.5000,0.5000,-2.70,15.19,0.364,,1,0,,
132.684,0.5000,0.5000,0.5000,0.5000,-2.73,15.46,0.361,,1,0,,
132.719,0.5000,0.5000,0.5000,0.5000,-2.62,16.12,0.360,,1,0,,
132.749,0.5000,0.5000,0.5000,0.5000,-2.47,17.09,0.358,,1,0,,
132.787,0.5000,0.5000,0.5000,0.5000,-2.47,17.35,0.359,,1,0,,
132.814,0.5000,0.5000,0.5000,0.5000,-2.37,17.39,0.361,,1,0,,
132.862,0.5000,0.5000,0.5000,0.5000,-2.41,17.75,0.364,,1,0,,
132.895,0.5000,0.5000,0.5000,0.5000,-2.76,17.64,0.365,,1,0,,
132.926,0.5000,0.5000,0.5000,0.5000,-2.76,17.89,0.368,,1,0,,
132.957,0.5000,0.5000,0.5000,0.5000,-2.75,17.82,0.372,,1,0,,
132.990,0.5000,0.5000,0.5000,0.5000,-2.71,18.03,0.375,,1,0,,
133.020,0.5000,0.5000,0.5000,0.5000,-2.66,18.36,0.378,,1,0,,
133.052,0.5000,0.5000,0.5000,0.5000,-2.55,18.26,0.380,,1,0,,
133.086,0.5000,0.5000,0.5000,0.5000,-2.50,17.75,0.381,,1,0,,
133.117,0.5000,0.5000,0.5000,0.5000,-2.61,18.56,0.385,,1,0,,
133.149,0.5000,0.5000,0.5000,0.5000,-2.68,18.56,0.388,,1,0,,
133.181,0.5000,0.5000,0.5000,0.5000,-2.66,17.99,0.386,,1,0,,
133.214,0.5000,0.5000,0.5000,0.5000,-2.68,18.42,0.386,,1,0,,
133.247,0.5000,0.5000,0.5000,0.5000,-2.67,18.25,0.387,,1,0,,
133.277,0.5000,0.5000,0.5000,0.5000,-2.67,18.16,0.384,,1,0,,
133.311,0.5000,0.5000,0.5000,0.5000,-2.53,17.52,0.385,,1,0,,
133.342,0.5000,0.5000,0.5000,0.5000,-2.34,17.25,0.382,,1,0,,
133.421,0.5000,0.5000,0.5000,0.5000,-2.30,17.66,0.380,,1,0,,
133.454,0.5000,0.5000,0.5000,0.5000,-2.35,17.72,0.381,,1,0,,
133.481,0.5000,0.5000,0.5000,0.5000,-2.36,17.63,0.381,,1,0,,
133.506,0.5000,0.5000,0.5000,0.5000,-2.46,17.61,0.384,,1,0,,
133.530,0.5000,0.5000,0.5000,0.5000,-2.41,17.28,0.383,,1,0,,
133.555,0.5000,0.5000,0.5000,0.5000,-2.42,17.24,0.382,,1,0,,
133.581,0.5000,0.5000,0.5000,0.5000,-2.38,17.45,0.384,,1,0,,
133.613,0.5000,0.5000,0.5000,0.5000,-2.49,17.27,0.382,,1,0,,
133.647,0.5000,0.5000,0.5000,0.5000,-2.49,17.77,0.380,,1,0,,
133.678,0.5000,0.5000,0.5000,0.5000,-2.54,17.45,0.383,,1,0,,
133.710,0.5000,0.5000,0.5000,0.5000,-2.22,16.15,0.384,,1,0,,
133.741,0.5000,0.5000,0.5000,0.5000,-2.38,16.86,0.384,,1,0,,
133.806,0.5000,0.5000,0.5000,0.5000,-2.55,17.86,0.386,,1,0,,
133.837,0.5000,0.5000,0.5000,0.5000,-2.34,17.94,0.385,,1,0,,
133.868,0.5000,0.5000,0.5000,0.5000,-2.39,17.95,0.384,,1,0,,
133.900,0.5000,0.5000,0.5000,0.5000,-2.51,17.72,0.383,,1,0,,
133.933,0.5000,0.5000,0.5000,0.5000,-2.46,17.66,0.383,,1,0,,
133.964,0.5000,0.5000,0.5000,0.5000,-2.38,17.39,0.385,,1,0,,
134.013,0.5000,0.5000,0.5000,0.5000,-2.48,16.82,0.383,,1,0,,
134.046,0.5000,0.5000,0.5000,0.5000,-2.48,17.01,0.381,,1,0,,
134.072,0.5000,0.5000,0.5000,0.5000,-2.48,17.08,0.379,,1,0,,
134.098,0.5000,0.5000,0.5000,0.5000,-2.56,17.76,0.380,,1,0,,
134.124,0.5000,0.5000,0.5000,0.5000,-2.45,17.09,0.382,,1,0,,
134.149,0.5000,0.5000,0.5000,0.5000,-2.68,16.45,0.383,,1,0,,
134.205,0.5000,0.5000,0.5000,0.5000,-2.67,17.43,0.380,,1,0,,
134.237,0.5000,0.5000,0.5000,0.5000,-2.60,17.49,0.381,,1,0,,
134.269,0.5000,0.5000,0.5000,0.5000,-2.69,17.30,0.383,,1,0,,
134.300,0.5000,0.5000,0.5000,0.5000,-2.72,17.85,0.380,,1,0,,
134.335,0.5000,0.5000,0.5000,0.5000,-2.73,18.17,0.379,,1,0,,
134.365,0.5000,0.5000,0.5000,0.5000,-2.52,18.16,0.379,,1,0,,
134.397,0.5000,0.5000,0.5000,0.5000,-2.44,18.20,0.380,,1,0,,
134.430,0.5000,0.5000,0.5000,0.5000,-2.53,17.76,0.375,,1,0,,
134.462,0.5000,0.5000,0.5000,0.5000,-2.45,17.30,0.374,,1,0,,
134.494,0.5000,0.5000,0.5000,0.5000,-2.43,17.07,0.374,,1,0,,
134.525,0.5000,0.5000,0.5000,0.5000,-2.40,17.60,0.375,,1,0,,
134.573,0.5000,0.5000,0.5000,0.5000,-2.48,18.13,0.374,,1,0,,
134.605,0.5000,0.5000,0.5000,0.5000,-2.61,17.76,0.376,,1,0,,
134.637,0.5000,0.5000,0.5000,0.5000,-2.58,18.29,0.379,,1,0,,
134.669,0.5000,0.5000,0.5000,0.5000,-2.90,20.12,0.375,,1,0,,
134.703,0.5000,0.5000,0.5000,0.5000,-2.58,20.04,0.375,,1,0,,
134.732,0.5000,0.5000,0.5000,0.5000,-2.37,19.44,0.378,,1,0,,
134.765,0.5000,0.5000,0.5000,0.5000,-1.99,18.55,0.376,,1,0,,
134.797,0.5000,0.5000,0.5000,0.5000,-2.06,17.78,0.378,,1,0,,
134.828,0.5000,0.5000,0.5000,0.5000,-2.14,17.78,0.377,,1,0,,
134.862,0.5000,0.5000,0.5000,0.5000,-2.20,18.25,0.375,,1,0,,
134.894,0.5000,0.5000,0.5000,0.5000,-2.31,18.94,0.376,,1,0,,
134.926,0.5000,0.5000,0.5000,0.5000,-2.26,19.18,0.376,,1,0,,
134.957,0.5000,0.5000,0.5000,0.5000,-2.41,19.41,0.373,,1,0,,
134.989,0.5000,0.5000,0.5000,0.5000,-2.25,19.04,0.370,,1,0,,
135.020,0.5000,0.5000,0.5000,0.5000,-2.25,18.69,0.373,,1,0,,
135.053,0.5000,0.5000,0.5000,0.5000,-2.27,18.51,0.374,,1,0,,
135.084,0.5000,0.5000,0.5000,0.5000,-2.19,18.10,0.375,,1,0,,
135.132,0.5000,0.5000,0.5000,0.5000,-2.14,18.03,0.374,,1,0,,
135.164,0.5000,0.5000,0.5000,0.5000,-2.09,17.33,0.373,,1,0,,
135.196,0.5000,0.5000,0.5000,0.5000,-2.24,17.38,0.377,,1,0,,
135.230,0.5000,0.5000,0.5000,0.5000,-2.38,16.71,0.377,,1,0,,
135.262,0.5000,0.5000,0.5000,0.5000,-2.23,17.65,0.373,,1,0,,
135.293,0.5000,0.5000,0.5000,0.5000,-2.34,18.14,0.374,,1,0,,
135.325,0.5000,0.5000,0.5000,0.5000,-2.30,18.03,0.369,,1,0,,
135.357,0.5000,0.5000,0.5000,0.5000,-2.40,18.14,0.371,,1,0,,
135.388,0.5000,0.5000,0.5000,0.5000,-2.50,18.13,0.368,,1,0,,
135.420,0.5000,0.5000,0.5000,0.5000,-2.34,17.14,0.368,,1,0,,
135.453,0.5000,0.5000,0.5000,0.5000,-2.25,17.27,0.369,,1,0,,
135.487,0.5000,0.5000,0.5000,0.5000,-2.30,17.19,0.370,,1,0,,
135.517,0.5000,0.5000,0.5000,0.5000,-2.08,16.99,0.369,,1,0,,
135.549,0.5000,0.5000,0.5000,0.5000,-2.17,17.85,0.369,,1,0,,
135.581,0.5000,0.5000,0.5000,0.5000,-2.15,17.96,0.370,,1,0,,
135.614,0.5000,0.5000,0.5000,0.5000,-2.24,18.60,0.370,,1,0,,
135.647,0.5000,0.5000,0.5000,0.5000,-2.04,18.36,0.371,,1,0,,
135.679,0.5000,0.5000,0.5000,0.5000,-2.06,18.46,0.363,,1,0,,
135.725,0.5000,0.5000,0.5000,0.5000,-2.13,18.23,0.360,,1,0,,
135.758,0.5000,0.5000,0.5000,0.5000,-2.07,18.19,0.357,,1,0,,
135.789,0.5000,0.5000,0.5000,0.5000,-2.17,17.55,0.348,,1,0,,
135.820,0.5000,0.5000,0.5000,0.5000,-2.14,17.28,0.344,,1,0,,
135.852,0.5000,0.5000,0.5000,0.5000,-2.20,17.94,0.341,,1,0,,
135.888,0.5000,0.5000,0.5000,0.5000,-2.22,17.68,0.336,,1,0,,
135.924,0.5000,0.5000,0.5000,0.5000,-2.12,17.99,0.324,,1,0,,
135.957,0.5000,0.5000,0.5000,0.5000,-1.95,16.55,0.318,,1,0,,
135.983,0.5000,0.5000,0.5000,0.5000,-2.01,16.56,0.321,,1,0,,
136.012,0.5000,0.5000,0.5000,0.5000,-1.99,16.81,0.306,,1,0,,
136.045,0.5000,0.5000,0.5000,0.5000,-2.10,16.19,0.309,,1,0,,
136.077,0.5000,0.5000,0.5000,0.5000,-2.03,15.48,0.300,,1,0,,
136.112,0.5000,0.5000,0.5000,0.5000,-2.03,16.07,0.295,,1,0,,
136.144,0.5000,0.5000,0.5000,0.5000,-2.19,16.34,0.294,,1,0,,
136.205,0.5000,0.5000,0.5000,0.5000,-1.88,15.67,0.293,,1,0,,
136.235,0.5000,0.5000,0.5000,0.5000,-1.87,15.62,0.303,,1,0,,
136.285,0.5000,0.5000,0.5000,0.5000,-1.94,15.91,0.303,,1,0,,
136.316,0.5000,0.5000,0.5000,0.5000,-1.97,16.30,0.301,,1,0,,
136.343,0.5000,0.5000,0.5000,0.5000,-2.05,16.36,0.301,,1,0,,
136.368,0.5000,0.5000,0.5000,0.5000,-2.17,16.57,0.299,,1,0,,
136.393,0.5000,0.5000,0.5000,0.5000,-2.10,16.30,0.297,,1,0,,
136.417,0.5000,0.5000,0.5000,0.5000,-2.22,16.18,0.295,,1,0,,
136.446,0.5000,0.5000,0.5000,0.5000,-2.27,17.01,0.297,,1,0,,
136.478,0.5000,0.5000,0.5000,0.5000,-2.27,16.85,0.296,,1,0,,
136.510,0.5000,0.5000,0.5000,0.5000,-2.14,16.29,0.293,,1,0,,
136.543,0.5000,0.5000,0.5000,0.5000,-2.08,15.97,0.293,,1,0,,
136.607,0.5000,0.5000,0.5000,0.5000,-2.20,17.10,0.308,,1,0,,
136.638,0.5000,0.5000,0.5000,0.5000,-1.90,16.07,0.299,,1,0,,
136.668,0.5000,0.5000,0.5000,0.5000,-1.81,16.10,0.297,,1,0,,
136.705,0.5000,0.5000,0.5000,0.5000,-1.84,16.02,0.295,,1,0,,
136.732,0.5000,0.5000,0.5000,0.5000,-1.85,15.05,0.293,,1,0,,
136.764,0.5000,0.5000,0.5000,0.5000,-1.81,14.73,0.297,,1,0,,
136.797,0.5000,0.5000,0.5000,0.5000,-1.82,14.75,0.297,,1,0,,
136.847,0.5000,0.5000,0.5000,0.5000,-1.60,14.93,0.298,,1,0,,
136.876,0.5000,0.5000,0.5000,0.5000,-1.55,15.42,0.296,,1,0,,
136.904,0.5000,0.5000,0.5000,0.5000,-1.54,15.83,0.293,,1,0,,
136.931,0.5000,0.5000,0.5000,0.5000,-1.60,15.73,0.299,,1,0,,
136.966,0.5000,0.5000,0.5000,0.5000,-1.52,15.39,0.288,,1,0,,
137.007,0.5000,0.5000,0.5000,0.5000,-1.80,15.74,0.290,,1,0,,
137.038,0.5000,0.5000,0.5000,0.5000,-1.77,15.07,0.287,,1,0,,
137.066,0.5000,0.5000,0.5000,0.5000,-1.76,15.92,0.280,,1,0,,
137.100,0.5000,0.5000,0.5000,0.5000,-1.74,14.99,0.281,,1,0,,
137.131,0.5000,0.5000,0.5000,0.5000,-1.63,15.03,0.278,,1,0,,
137.164,0.5000,0.5000,0.5000,0.5000,-1.88,15.57,0.281,,1,0,,
137.196,0.5000,0.5000,0.5000,0.5000,-1.90,15.62,0.280,,1,0,,
137.229,0.5000,0.5000,0.5000,0.5000,-1.86,15.58,0.278,,1,0,,
137.259,0.5000,0.5000,0.5000,0.5000,-1.78,15.20,0.280,,1,0,,
137.293,0.5000,0.5000,0.5000,0.5000,-1.71,15.48,0.284,,1,0,,
137.325,0.5000,0.5000,0.5000,0.5000,-1.66,14.72,0.288,,1,0,,
137.357,0.5000,0.5000,0.5000,0.5000,-1.54,13.62,0.283,,1,0,,
137.405,0.5000,0.5000,0.5000,0.5000,-1.83,13.65,0.284,,1,0,,
137.437,0.5000,0.5000,0.5000,0.5000,-1.96,14.97,0.278,,1,0,,
137.470,0.5000,0.5000,0.5000,0.5000,-2.04,15.14,0.281,,1,0,,
137.502,0.5000,0.5000,0.5000,0.5000,-2.03,15.38,0.272,,1,0,,
137.533,0.5000,0.5000,0.5000,0.5000,-2.35,16.58,0.287,,1,0,,
137.564,0.5000,0.5000,0.5000,0.5000,-2.45,16.72,0.280,,1,0,,
137.596,0.5000,0.5000,0.5000,0.5000,-1.63,17.53,0.281,,1,0,,
137.628,0.5000,0.5000,0.5000,0.5000,-1.62,17.61,0.281,,1,0,,
137.662,0.5000,0.5000,0.5000,0.5000,-1.73,17.28,0.284,,1,0,,
137.694,0.5000,0.5000,0.5000,0.5000,-1.63,18.73,0.289,,1,0,,
137.725,0.5000,0.5000,0.5000,0.5000,-1.73,18.37,0.285,,1,0,,
137.756,0.5000,0.5000,0.5000,0.5000,-1.52,17.69,0.273,,1,0,,
137.789,0.5000,0.5000,0.5000,0.5000,-1.61,18.07,0.281,,1,0,,
137.820,0.5000,0.5000,0.5000,0.5000,-1.60,18.24,0.299,,1,0,,
137.854,0.5000,0.5000,0.5000,0.5000,-1.53,18.46,0.302,,1,0,,
137.884,0.5000,0.5000,0.5000,0.5000,-1.56,18.35,0.311,,1,0,,
137.918,0.5000,0.5000,0.5000,0.5000,-1.60,18.35,0.305,,1,0,,
137.948,0.5000,0.5000,0.5000,0.5000,-1.51,18.18,0.289,,1,0,,
137.997,0.5000,0.5000,0.5000,0.5000,-1.45,18.44,0.273,,1,0,,
138.030,0.5000,0.5000,0.5000,0.5000,-1.65,17.64,0.261,,1,0,,
138.061,0.5000,0.5000,0.5000,0.5000,-1.50,17.52,0.259,,1,0,,
138.094,0.5000,0.5000,0.5000,0.5000,-1.41,18.10,0.260,,1,0,,
138.126,0.5000,0.5000,0.5000,0.5000,-1.54,18.66,0.258,,1,0,,
138.157,0.5000,0.5000,0.5000,0.5000,-1.54,18.80,0.256,,1,0,,
138.189,0.5000,0.5000,0.5000,0.5000,-1.54,18.17,0.257,,1,0,,
138.221,0.5000,0.5000,0.5000,0.5000,-1.57,18.63,0.258,,1,0,,
138.253,0.5000,0.5000,0.5000,0.5000,-1.63,18.63,0.266,,1,0,,
138.284,0.5000,0.5000,0.5000,0.5000,-1.52,17.64,0.273,,1,0,,
138.316,0.5000,0.5000,0.5000,0.5000,-1.63,17.52,0.276,,1,0,,
138.348,0.5000,0.5000,0.5000,0.5000,-1.39,17.45,0.263,,1,0,,
138.381,0.5000,0.5000,0.5000,0.5000,-1.51,17.65,0.266,,1,0,,
138.414,0.5000,0.5000,0.5000,0.5000,-1.40,17.19,0.267,,1,0,,
138.447,0.5175,0.6473,0.5175,0.6473,-1.52,17.60,0.274,,1,1,19.126,0.2785
138.478,0.5175,0.6466,0.5175,0.6440,-1.37,17.51,0.277,,1,1,19.126,0.2785
138.510,0.5163,0.6432,0.5123,0.6320,-1.41,17.51,0.276,,1,1,19.126,0.2785
138.557,0.5153,0.6399,0.5130,0.6322,-1.50,17.50,0.277,,1,1,19.126,0.2785
138.588,0.5142,0.6352,0.5105,0.6196,-1.46,17.10,0.284,,1,1,19.126,0.2785
138.620,0.5150,0.6310,0.5177,0.6173,-1.26,16.45,0.276,,1,1,19.126,0.2785
138.653,0.5149,0.6300,0.5146,0.6269,-1.29,16.85,0.276,,1,1,19.126,0.2785
138.686,0.5141,0.6291,0.5115,0.6261,-1.36,17.08,0.274,,1,1,19.126,0.2785
138.717,0.5129,0.6283,0.5087,0.6257,-1.30,16.51,0.272,,1,1,19.126,0.2785
138.749,0.5104,0.6277,0.5020,0.6255,-1.29,16.66,0.271,,1,1,19.126,0.2785
138.780,0.5074,0.6242,0.4975,0.6127,-1.41,17.17,0.279,,1,1,19.126,0.2785
138.814,0.5046,0.6198,0.4957,0.6057,-1.45,17.05,0.270,,1,1,19.126,0.2785
138.845,0.5023,0.6170,0.4947,0.6079,-1.40,17.60,0.271,,1,1,19.126,0.2785
138.877,0.5011,0.6153,0.4974,0.6096,-1.44,14.86,0.268,,1,1,19.126,0.2785
138.911,0.4998,0.6152,0.4955,0.6148,-1.43,15.08,0.261,,1,1,19.126,0.2785
138.943,0.4997,0.6174,0.4996,0.6249,-1.49,15.53,0.255,,1,1,19.126,0.2785
139.006,0.5010,0.6247,0.5030,0.6370,-1.34,15.02,0.205,,1,1,19.126,0.2785
139.039,0.5027,0.6295,0.5082,0.6448,-1.28,14.95,0.174,,1,1,19.126,0.2785
139.069,0.5044,0.6321,0.5101,0.6413,-1.19,14.47,0.158,,1,1,19.126,0.2785
139.118,0.5092,0.6298,0.5196,0.6248,-1.28,14.28,0.168,,1,1,19.126,0.2785
139.149,0.5114,0.6304,0.5189,0.6324,-1.28,14.69,0.170,,1,1,19.126,0.2785
139.176,0.5124,0.6323,0.5164,0.6396,-1.37,15.66,0.174,,1,1,19.126,0.2785
139.203,0.5126,0.6344,0.5133,0.6425,-1.64,16.46,0.190,,1,1,19.126,0.2785
139.229,0.5121,0.6390,0.5101,0.6577,-1.59,16.23,0.207,,1,1,19.126,0.2785
139.257,0.5103,0.6464,0.5037,0.6736,-2.00,16.01,0.202,,1,1,19.126,0.2785
139.284,0.5091,0.6512,0.5042,0.6697,-2.01,15.39,0.202,,1,1,19.126,0.2785
139.312,0.5054,0.6551,0.4911,0.6700,-1.90,15.95,0.212,,1,1,19.126,0.2785
139.342,0.5009,0.6598,0.4845,0.6769,-1.91,16.31,0.207,,1,1,19.126,0.2785
139.407,0.4906,0.6611,0.4743,0.6632,-1.87,17.34,0.209,,1,1,19.126,0.2785
139.438,0.4844,0.6627,0.4640,0.6680,-1.51,15.75,0.209,,1,1,19.126,0.2785
139.468,0.4784,0.6676,0.4561,0.6855,-1.47,16.25,0.206,,1,1,19.126,0.2785
139.501,0.4714,0.6705,0.4505,0.6794,-1.66,16.33,0.204,,1,1,19.126,0.2785
139.533,0.4639,0.6692,0.4393,0.6648,-1.54,16.12,0.201,,1,1,19.126,0.2785
139.565,0.4567,0.6686,0.4329,0.6666,-1.40,15.00,0.185,,1,1,19.126,0.2785
139.597,0.4509,0.6690,0.4322,0.6704,-1.45,14.88,0.171,,1,1,19.126,0.2785
139.629,0.4447,0.6688,0.4249,0.6682,-1.45,14.63,0.170,,1,1,19.126,0.2785
139.677,0.4392,0.6754,0.4272,0.6899,-1.43,13.51,0.138,,1,1,19.126,0.2785
139.715,0.4335,0.6819,0.4176,0.7001,-1.30,14.03,0.124,,1,1,19.126,0.2785
139.741,0.4298,0.6869,0.4156,0.7068,-1.22,14.02,0.118,,1,1,19.126,0.2785
139.768,0.4264,0.6937,0.4129,0.7199,-1.28,13.43,0.101,,1,1,19.126,0.2785
139.806,0.4220,0.6979,0.4097,0.7096,-1.57,13.04,0.107,,1,1,19.126,0.2785
139.836,0.4200,0.7027,0.4132,0.7189,-1.45,12.65,0.114,,1,1,19.126,0.2785
139.869,0.4161,0.7025,0.4037,0.7017,-1.72,13.63,0.122,,1,1,19.126,0.2785
139.900,0.4139,0.7007,0.4063,0.6948,-1.46,12.65,0.114,,1,1,19.126,0.2785
139.933,0.4122,0.7011,0.4070,0.7023,-1.32,12.22,0.116,,1,1,19.126,0.2785
139.966,0.4109,0.7020,0.4068,0.7049,-1.18,12.60,0.119,,1,1,19.126,0.2785
139.997,0.4101,0.7016,0.4071,0.7005,-1.33,13.68,0.122,,1,1,19.126,0.2785
140.031,0.4097,0.6992,0.4086,0.6918,-1.41,13.59,0.125,,1,1,19.126,0.2785
140.061,0.4098,0.6944,0.4101,0.6768,-1.48,13.17,0.134,,1,1,19.126,0.2785
140.094,0.4098,0.6874,0.4097,0.6655,-1.58,13.97,0.160,,1,1,19.126,0.2785
140.127,0.4082,0.6812,0.4032,0.6614,-1.64,14.69,0.162,,1,1,19.126,0.2785
140.157,0.4067,0.6738,0.4015,0.6478,-1.43,14.35,0.189,,1,1,19.126,0.2785
140.189,0.4048,0.6605,0.3985,0.6170,-1.53,15.80,0.248,,1,1,19.126,0.2785
140.223,0.3999,0.6429,0.3849,0.5908,-2.13,17.00,0.303,,1,1,19.126,0.2785
140.270,0.3938,0.6119,0.3804,0.5448,-2.23,17.12,0.344,,1,1,19.126,0.2785
140.301,0.3900,0.5982,0.3769,0.5518,-2.57,18.25,0.365,,1,1,19.126,0.2785
140.333,0.3870,0.5873,0.3772,0.5531,-2.97,18.75,0.375,,1,1,19.126,0.2785
140.365,0.3848,0.5788,0.3774,0.5519,-2.98,18.84,0.394,,1,1,19.126,0.2785
140.400,0.3833,0.5684,0.3790,0.5375,-2.97,19.12,0.411,,1,1,19.126,0.2785
140.429,0.3837,0.5656,0.3852,0.5559,-3.31,20.22,0.426,,1,1,19.126,0.2785
140.462,0.3852,0.5628,0.3899,0.5540,-3.29,20.19,0.441,,1,1,19.126,0.2785
140.494,0.3868,0.5632,0.3921,0.5646,-3.43,21.05,0.442,,1,1,19.126,0.2785
140.527,0.3901,0.5642,0.4008,0.5673,-3.43,20.37,0.441,,1,1,19.126,0.2785
140.557,0.3938,0.5649,0.4066,0.5674,-3.37,20.31,0.450,,1,1,19.126,0.2785
140.590,0.3981,0.5641,0.4124,0.5613,-3.12,19.72,0.451,,1,1,19.126,0.2785
140.622,0.4017,0.5640,0.4137,0.5638,-3.20,19.72,0.449,,1,1,19.126,0.2785
140.654,0.4050,0.5640,0.4154,0.5640,-3.24,19.73,0.448,,1,1,19.126,0.2785
140.685,0.4089,0.5641,0.4219,0.5643,-3.28,19.41,0.454,,1,1,19.126,0.2785
140.719,0.4127,0.5641,0.4244,0.5642,-3.27,19.29,0.454,,1,1,19.126,0.2785
140.750,0.4166,0.5623,0.4301,0.5561,-3.17,18.76,0.454,,1,1,19.126,0.2785
140.781,0.4202,0.5618,0.4323,0.5603,-3.12,19.01,0.455,,1,1,19.126,0.2785
140.830,0.4233,0.5635,0.4299,0.5670,-3.05,19.89,0.463,,1,1,19.126,0.2785
140.863,0.4251,0.5643,0.4308,0.5669,-3.03,18.93,0.465,,1,1,19.126,0.2785
140.895,0.4264,0.5635,0.4307,0.5612,-3.31,19.52,0.471,,1,1,19.126,0.2785
140.925,0.4273,0.5624,0.4304,0.5585,-3.33,19.54,0.482,,1,1,19.126,0.2785
140.956,0.4277,0.5596,0.4292,0.5502,-3.59,19.59,0.495,,1,1,19.126,0.2785
140.989,0.4283,0.5553,0.4301,0.5413,-3.70,19.94,0.501,,1,1,19.126,0.2785
141.021,0.4288,0.5526,0.4304,0.5436,-3.60,19.25,0.501,,1,1,19.126,0.2785
141.054,0.4294,0.5498,0.4315,0.5407,-3.65,19.00,0.503,,1,1,19.126,0.2785
141.085,0.4304,0.5470,0.4338,0.5379,-3.39,18.20,0.502,,1,1,19.126,0.2785
141.116,0.4316,0.5432,0.4356,0.5306,-3.49,18.60,0.502,,1,1,19.126,0.2785
141.149,0.4339,0.5386,0.4410,0.5239,-3.75,19.45,0.500,,1,1,19.126,0.2785
141.184,0.4367,0.5347,0.4457,0.5223,-3.54,18.90,0.496,,1,1,19.126,0.2785
141.214,0.4392,0.5322,0.4475,0.5239,-3.54,18.31,0.495,,1,1,19.126,0.2785
141.245,0.4416,0.5293,0.4500,0.5195,-3.47,18.05,0.494,,1,1,19.126,0.2785
141.278,0.4467,0.5276,0.4626,0.5223,-3.25,18.15,0.489,,1,1,19.126,0.2785
141.310,0.4510,0.5236,0.4650,0.5104,-3.35,18.26,0.485,,1,1,19.126,0.2785
141.342,0.4552,0.5158,0.4696,0.4897,-3.40,18.01,0.478,,1,1,19.126,0.2785
141.424,0.4638,0.4983,0.4747,0.4761,-2.91,17.10,0.470,,1,1,19.126,0.2785
141.448,0.4661,0.4939,0.4761,0.4753,-2.89,16.88,0.470,,1,1,19.126,0.2785
141.476,0.4689,0.4888,0.4796,0.4692,-2.79,16.05,0.467,,1,1,19.126,0.2785
141.500,0.4709,0.4815,0.4795,0.4507,-3.12,16.65,0.465,,1,1,19.126,0.2785
141.528,0.4736,0.4701,0.4835,0.4278,-2.87,16.42,0.463,,1,1,19.126,0.2785
141.555,0.4755,0.4601,0.4827,0.4228,-2.60,16.39,0.464,,1,1,19.126,0.2785
141.583,0.4767,0.4498,0.4818,0.4107,-2.69,17.53,0.459,,1,1,19.126,0.2785
141.613,0.4785,0.4357,0.4847,0.3871,-2.47,16.95,0.453,,1,1,19.126,0.2785
141.645,0.4805,0.4163,0.4870,0.3574,-2.59,17.17,0.456,,1,1,19.126,0.2785
141.677,0.4815,0.3966,0.4845,0.3344,-2.56,16.57,0.454,,1,1,19.126,0.2785
141.711,0.4806,0.3740,0.4780,0.3084,-2.48,16.54,0.446,,1,1,19.126,0.2785
141.743,0.4791,0.3585,0.4739,0.3096,-2.62,16.43,0.450,,1,1,19.126,0.2785
141.809,0.4710,0.3297,0.4581,0.2860,-2.47,14.50,0.454,,1,1,19.126,0.2785
141.837,0.4661,0.3157,0.4473,0.2645,-2.46,15.22,0.443,,1,1,19.126,0.2785
141.869,0.4590,0.2992,0.4352,0.2462,-2.27,16.07,0.447,,1,1,19.126,0.2785
141.900,0.4505,0.2808,0.4224,0.2233,-2.43,16.13,0.458,,1,1,19.126,0.2785
141.949,0.4395,0.2572,0.4156,0.2077,-2.63,16.22,0.460,,1,1,19.126,0.2785
141.981,0.4330,0.2456,0.4124,0.2107,-2.41,15.96,0.458,,1,1,19.126,0.2785
142.008,0.4281,0.2385,0.4099,0.2124,-2.40,16.39,0.457,,1,1,19.126,0.2785
142.034,0.4237,0.2283,0.4057,0.1889,-2.35,17.15,0.447,,1,1,19.126,0.2785
142.061,0.4193,0.2183,0.4023,0.1813,-2.32,16.84,0.445,,1,1,19.126,0.2785
142.088,0.4148,0.2097,0.3966,0.1758,-2.10,16.86,0.440,,1,1,19.126,0.2785
142.114,0.4099,0.1999,0.3918,0.1645,-2.07,18.40,0.438,,1,1,19.126,0.2785
142.144,0.4059,0.1909,0.3917,0.1599,-2.02,18.01,0.439,,1,1,19.126,0.2785
142.205,0.4012,0.1758,0.3932,0.1509,-1.81,16.73,0.440,,1,1,19.126,0.2785
142.239,0.3973,0.1705,0.3855,0.1546,-2.00,17.37,0.443,,1,1,19.126,0.2785
142.269,0.3936,0.1662,0.3801,0.1514,-2.01,16.93,0.439,,1,1,19.126,0.2785
142.301,0.3900,0.1618,0.3785,0.1476,-1.93,16.71,0.440,,1,1,19.126,0.2785
142.332,0.3901,0.1618,0.3904,0.1616,-1.89,17.20,0.437,,1,1,19.126,0.2785
142.364,0.3995,0.1691,0.4295,0.1925,-1.87,16.89,0.443,,1,1,19.126,0.2785
142.398,0.4101,0.1786,0.4434,0.2080,-1.68,16.50,0.438,,1,1,19.126,0.2785
142.430,0.4208,0.1896,0.4563,0.2268,-2.14,17.01,0.457,,1,1,19.126,0.2785
142.462,0.4308,0.2020,0.4638,0.2429,-2.05,16.98,0.457,,1,1,19.126,0.2785
142.493,0.4443,0.2143,0.4894,0.2556,-2.17,16.75,0.452,,1,1,19.126,0.2785
142.539,0.4683,0.2336,0.5216,0.2768,-2.26,15.71,0.457,,1,1,19.126,0.2785
142.574,0.4838,0.2482,0.5284,0.2906,-2.13,16.46,0.455,,1,1,19.126,0.2785
142.604,0.4957,0.2638,0.5367,0.3170,-2.36,16.65,0.453,,1,1,19.126,0.2785
142.636,0.5088,0.2823,0.5509,0.3419,-2.64,16.84,0.445,,1,1,19.126,0.2785
142.668,0.5241,0.3011,0.5733,0.3616,-2.50,16.76,0.446,,1,1,19.126,0.2785
142.701,0.5400,0.3198,0.5874,0.3749,-2.54,16.50,0.443,,1,1,19.126,0.2785
142.732,0.5569,0.3349,0.6135,0.3854,-2.65,14.88,0.446,,1,1,19.126,0.2785
142.766,0.5722,0.3520,0.6168,0.4018,-2.78,14.18,0.451,,1,1,19.126,0.2785
142.797,0.5824,0.3662,0.6157,0.4119,-2.52,15.52,0.453,,1,1,19.126,0.2785
142.829,0.5967,0.3830,0.6415,0.4352,-2.62,16.03,0.453,,1,1,19.126,0.2785
142.862,0.6088,0.3965,0.6457,0.4379,-2.71,16.88,0.425,,1,1,19.126,0.2785
142.894,0.6224,0.4073,0.6652,0.4411,-3.83,12.36,0.341,,1,1,19.126,0.2785
142.927,0.6372,0.4190,0.6825,0.4549,-3.58,9.88,0.312,,1,1,19.126,0.2785
142.958,0.6508,0.4359,0.6934,0.4888,-2.84,5.50,0.223,,1,1,19.126,0.2785
142.990,0.6601,0.4514,0.6901,0.5012,-1.78,10.35,0.246,,1,1,19.126,0.2785
143.023,0.6745,0.4665,0.7185,0.5123,-2.02,10.43,0.267,,1,1,19.126,0.2785
143.054,0.6838,0.4745,0.7145,0.5008,-2.07,11.48,0.293,,1,1,19.126,0.2785
143.101,0.6967,0.4796,0.7238,0.4904,-3.26,8.47,0.343,,1,1,19.126,0.2785
143.133,0.7035,0.4812,0.7252,0.4863,-3.32,8.68,0.359,,1,1,19.126,0.2785
143.165,0.7093,0.4782,0.7277,0.4686,-2.41,6.05,0.387,,1,1,19.126,0.2785
143.197,0.7131,0.4736,0.7253,0.4586,-2.56,6.24,0.404,,1,1,19.126,0.2785
143.230,0.7159,0.4697,0.7248,0.4573,-2.59,5.68,0.423,,1,1,19.126,0.2785
143.261,0.7157,0.4679,0.7149,0.4616,-3.91,9.12,0.428,,1,1,19.126,0.2785
143.295,0.7162,0.4658,0.7179,0.4595,-2.56,5.50,0.435,,1,1,19.126,0.2785
143.325,0.7162,0.4624,0.7163,0.4506,-2.74,4.90,0.442,,1,1,19.126,0.2785
143.358,0.7124,0.4583,0.7003,0.4449,-3.98,9.19,0.439,,1,1,19.126,0.2785
143.390,0.7095,0.4540,0.6998,0.4400,-3.83,8.36,0.448,,1,1,19.126,0.2785
143.422,0.7071,0.4500,0.6987,0.4359,-3.61,8.17,0.445,,1,1,19.126,0.2785
143.454,0.7039,0.4451,0.6936,0.4295,-3.23,7.41,0.448,,1,1,19.126,0.2785
143.485,0.7015,0.4417,0.6936,0.4303,-3.04,6.37,0.456,,1,1,19.126,0.2785
143.517,0.7009,0.4381,0.6989,0.4264,-2.97,2.90,0.456,,1,1,19.126,0.2785
143.549,0.7014,0.4347,0.7030,0.4234,-2.97,0.65,0.455,,1,1,19.126,0.2785
143.581,0.7009,0.4310,0.6991,0.4191,-3.11,-0.20,0.456,,1,1,19.126,0.2785
143.612,0.7002,0.4274,0.6977,0.4153,-2.99,1.22,0.455,,1,1,19.126,0.2785
143.661,0.6963,0.4213,0.6881,0.4082,-3.36,7.52,0.464,,1,1,19.126,0.2785
143.694,0.6964,0.4186,0.6965,0.4101,-3.12,5.49,0.468,,1,1,19.126,0.2785
143.726,0.6984,0.4146,0.7050,0.4015,-3.15,2.21,0.464,,1,1,19.126,0.2785
143.757,0.6984,0.4146,,,-4.64,-7.18,0.463,,1,1,19.126,0.2785
143.789,0.6984,0.4146,,,-5.00,-6.53,0.464,,1,1,19.126,0.2785
143.821,0.6984,0.4146,,,-4.81,-6.06,0.465,,1,1,19.126,0.2785
143.853,0.7014,0.4096,0.7040,0.4055,-3.86,-3.41,0.463,,1,1,19.126,0.2785
143.886,0.7012,0.4065,0.7004,0.3964,-3.39,-2.69,0.458,,1,1,19.126,0.2785
143.919,0.6985,0.4072,0.6899,0.4094,-3.04,-2.66,0.291,,1,1,19.126,0.2785
143.948,0.6921,0.4300,0.6692,0.5119,-0.88,1.98,0.110,,1,1,19.126,0.2785
143.982,0.6866,0.4484,0.6693,0.5051,-0.79,1.46,0.142,,1,1,19.126,0.2785
144.014,0.6820,0.4601,0.6669,0.4975,-0.45,0.69,0.178,,1,1,19.126,0.2785
144.045,0.6807,0.4670,0.6763,0.4898,-1.22,0.44,0.210,,1,1,19.126,0.2785
144.078,0.6801,0.4629,0.6784,0.4496,-1.73,1.13,0.280,,1,1,19.126,0.2785
144.110,0.6796,0.4561,0.6777,0.4341,-1.83,1.53,0.329,,1,1,19.126,0.2785
144.141,0.6798,0.4520,0.6805,0.4380,-2.05,0.97,0.362,,1,1,19.126,0.2785
144.208,0.6825,0.4372,0.6868,0.4136,-2.24,2.13,0.396,,1,1,19.126,0.2785
144.253,0.6848,0.4272,0.6902,0.4043,-2.27,1.85,0.415,,1,1,19.126,0.2785
144.281,0.6863,0.4221,0.6924,0.4013,-2.55,0.90,0.421,,1,1,19.126,0.2785
144.305,0.6880,0.4179,0.6948,0.4009,-3.00,-1.11,0.433,,1,1,19.126,0.2785
144.331,0.6880,0.4179,,,-4.09,-4.96,0.443,,1,1,19.126,0.2785
144.357,0.6880,0.4179,,,-4.18,-4.61,0.446,,1,1,19.126,0.2785
144.385,0.6880,0.4179,,,-4.88,-7.20,0.453,,1,1,19.126,0.2785
144.413,0.6880,0.4179,,,-4.96,-7.72,0.457,,1,1,19.126,0.2785
144.445,0.6950,0.4045,0.7004,0.3944,-3.51,-2.92,0.463,,1,1,19.126,0.2785
144.478,0.6950,0.4045,,,-4.14,-4.51,0.464,,1,1,19.126,0.2785
144.509,0.6990,0.4021,0.7054,0.3983,-3.45,-2.31,0.470,,1,1,19.126,0.2785
144.542,0.6990,0.4021,,,-4.34,-4.62,0.469,,1,1,19.126,0.2785
144.605,0.6990,0.4021,,,-4.24,-6.27,0.474,,1,1,19.126,0.2785
144.635,0.6990,0.4021,,,-4.83,-6.66,0.475,,1,1,19.126,0.2785
144.672,0.6990,0.4021,,,-4.27,-4.30,0.474,,1,1,19.126,0.2785
144.701,0.6990,0.4021,,,-4.73,-5.39,0.473,,1,1,19.126,0.2785
144.733,0.7080,0.3958,0.7122,0.3928,-3.73,-3.10,0.475,,1,1,19.126,0.2785
144.764,0.7080,0.3958,,,-4.88,-6.61,0.474,,1,1,19.126,0.2785
144.814,0.7080,0.3958,,,-4.46,-8.41,0.474,,1,1,19.126,0.2785
144.847,0.7080,0.3958,,,-4.82,-7.43,0.465,,1,1,19.126,0.2785
144.872,0.7080,0.3958,,,-4.92,-7.05,0.460,,1,1,19.126,0.2785
144.900,0.7080,0.3958,,,-4.19,-4.95,0.454,,1,1,19.126,0.2785
144.930,0.6879,0.3935,0.6771,0.3923,-3.65,-3.74,0.452,,1,1,19.126,0.2785
144.955,0.6879,0.3935,,,-4.54,-6.16,0.453,,1,1,19.126,0.2785
145.007,0.6879,0.3935,,,-4.74,-6.06,0.449,,1,1,19.126,0.2785
145.038,0.6807,0.3875,0.6737,0.3815,-3.90,-3.95,0.447,,1,1,19.126,0.2785
145.068,0.6807,0.3875,,,-4.48,-4.99,0.449,,1,1,19.126,0.2785
145.100,0.6807,0.3875,,,-4.66,-5.99,0.455,,1,1,19.126,0.2785
145.132,0.6807,0.3875,,,-2.81,-7.86,0.456,,1,1,19.126,0.2785
145.166,0.6807,0.3875,,,-4.21,-7.12,0.459,,1,1,19.126,0.2785
145.197,0.6807,0.3875,,,-4.13,-7.32,0.457,,1,1,19.126,0.2785
145.228,0.7048,0.3950,0.7182,0.3992,-3.80,-3.55,0.418,,1,1,19.126,0.2785
145.261,0.7094,0.3993,0.7245,0.4132,-2.56,0.22,0.335,,1,1,19.126,0.2785
145.294,0.7132,0.4084,0.7253,0.4374,-2.30,-0.29,0.286,,1,1,19.126,0.2785
145.328,0.7167,0.4185,0.7275,0.4498,-2.40,-1.58,0.268,,1,1,19.126,0.2785
145.374,0.7167,0.4185,,,-3.70,-7.12,0.288,,1,1,19.126,0.2785
145.406,0.7110,0.4289,0.7033,0.4429,-1.88,5.46,0.309,,1,1,19.126,0.2785
145.437,0.7042,0.4305,0.6814,0.4356,-2.93,0.40,0.331,,1,1,19.126,0.2785
145.471,0.6921,0.4388,0.6548,0.4642,-2.31,3.73,0.356,,1,1,19.126,0.2785
145.502,0.6709,0.4543,0.6001,0.5063,-2.99,14.16,0.374,,1,1,19.126,0.2785
145.532,0.6479,0.4723,0.5686,0.5346,-2.85,14.26,0.385,,1,1,19.126,0.2785
145.565,0.6226,0.4948,0.5446,0.5643,-2.70,12.79,0.390,,1,1,19.126,0.2785
145.597,0.5992,0.5176,0.5259,0.5893,-3.30,16.05,0.394,,1,1,19.126,0.2785
145.629,0.5774,0.5332,0.5099,0.5822,-2.86,14.86,0.393,,1,1,19.126,0.2785
145.661,0.5553,0.5471,0.4879,0.5898,-2.94,16.22,0.411,,1,1,19.126,0.2785
145.694,0.5290,0.5591,0.4485,0.5964,-3.15,18.90,0.406,,1,1,19.126,0.2785
145.725,0.5049,0.5700,0.4284,0.6058,-3.46,19.27,0.412,,1,1,19.126,0.2785
145.758,0.4797,0.5806,0.4065,0.6119,-2.94,19.03,0.417,,1,1,19.126,0.2785
145.789,0.4556,0.5842,0.3801,0.5960,-2.80,19.07,0.425,,1,1,19.126,0.2785
145.821,0.4348,0.5900,0.3680,0.6093,-3.25,19.66,0.411,,1,1,19.126,0.2785
145.853,0.4163,0.5972,0.3620,0.6196,-2.85,17.78,0.413,,1,1,19.126,0.2785
145.885,0.4053,0.6047,0.3711,0.6285,-2.64,17.65,0.424,,1,1,19.126,0.2785
145.932,0.3972,0.6137,0.3803,0.6331,-2.68,16.43,0.430,,1,1,19.126,0.2785
145.964,0.3934,0.6169,0.3814,0.6274,-2.85,16.58,0.432,,1,1,19.126,0.2785
145.995,0.3913,0.6181,0.3843,0.6219,-2.99,16.75,0.437,,1,1,19.126,0.2785
146.029,0.3898,0.6152,0.3854,0.6061,-3.10,17.16,0.442,,1,1,19.126,0.2785
146.062,0.3901,0.6133,0.3908,0.6073,-3.19,17.44,0.449,,1,1,19.126,0.2785
146.094,0.3903,0.6107,0.3909,0.6021,-3.33,18.16,0.459,,1,1,19.126,0.2785
146.125,0.3914,0.6060,0.3950,0.5903,-3.52,18.95,0.466,,1,1,19.126,0.2785
146.158,0.3963,0.6015,0.4122,0.5867,-3.37,17.31,0.468,,1,1,19.126,0.2785
146.189,0.4010,0.5980,0.4168,0.5865,-3.44,17.17,0.459,,1,1,19.126,0.2785
146.223,0.4089,0.5917,0.4334,0.5719,-3.56,15.98,0.460,,1,1,19.126,0.2785
146.253,0.4156,0.5860,0.4389,0.5664,-3.66,15.15,0.461,,1,1,19.126,0.2785
146.285,0.4217,0.5799,0.4421,0.5594,-3.73,15.17,0.471,,1,1,19.126,0.2785
146.315,0.4289,0.5741,0.4534,0.5544,-3.67,15.54,0.476,,1,1,19.126,0.2785
146.347,0.4355,0.5672,0.4573,0.5445,-3.45,16.02,0.474,,1,1,19.126,0.2785
146.381,0.4414,0.5608,0.4597,0.5411,-3.23,14.02,0.482,,1,1,19.126,0.2785
146.414,0.4460,0.5564,0.4607,0.5424,-3.27,14.01,0.484,,1,1,19.126,0.2785
146.445,0.4492,0.5520,0.4596,0.5376,-3.32,14.79,0.486,,1,1,19.126,0.2785
146.478,0.4509,0.5467,0.4565,0.5299,-3.37,14.79,0.483,,1,1,19.126,0.2785
146.526,0.4508,0.5405,0.4505,0.5267,-3.20,15.26,0.485,,1,1,19.126,0.2785
146.559,0.4488,0.5333,0.4426,0.5110,-3.39,14.65,0.491,,1,1,19.126,0.2785
146.591,0.4470,0.5281,0.4409,0.5116,-3.04,15.41,0.489,,1,1,19.126,0.2785
146.622,0.4458,0.5230,0.4415,0.5044,-2.82,14.99,0.486,,1,1,19.126,0.2785
146.656,0.4468,0.5149,0.4498,0.4914,-2.85,14.78,0.488,,1,1,19.126,0.2785
146.686,0.4477,0.5089,0.4510,0.4877,-2.97,14.93,0.487,,1,1,19.126,0.2785
146.719,0.4483,0.5035,0.4503,0.4870,-3.02,15.06,0.488,,1,1,19.126,0.2785
146.749,0.4493,0.4992,0.4526,0.4845,-3.05,15.07,0.487,,1,1,19.126,0.2785
146.780,0.4506,0.4970,0.4554,0.4896,-3.13,14.82,0.486,,1,1,19.126,0.2785
146.811,0.4524,0.4948,0.4582,0.4876,-3.27,15.03,0.484,,1,1,19.126,0.2785
146.845,0.4542,0.4911,0.4598,0.4796,-3.27,15.70,0.484,,1,1,19.126,0.2785
146.878,0.4571,0.4849,0.4664,0.4651,-3.36,12.89,0.485,,1,1,19.126,0.2785
146.911,0.4607,0.4812,0.4722,0.4697,-3.28,13.03,0.484,,1,1,19.126,0.2785
146.941,0.4636,0.4784,0.4738,0.4685,-3.27,13.10,0.481,,1,1,19.126,0.2785
147.006,0.4696,0.4804,0.4793,0.4837,-3.21,13.92,0.473,,1,1,19.126,0.2785
147.038,0.4721,0.4782,0.4803,0.4712,-3.29,14.81,0.477,,1,1,19.126,0.2785
147.086,0.4734,0.4769,0.4762,0.4738,-3.24,14.38,0.476,,1,1,19.126,0.2785
147.117,0.4743,0.4760,0.4775,0.4729,-3.26,14.44,0.476,,1,1,19.126,0.2785
147.143,0.4753,0.4758,0.4795,0.4752,-3.28,14.47,0.475,,1,1,19.126,0.2785
147.170,0.4735,0.4746,0.4666,0.4701,-3.43,14.65,0.471,,1,1,19.126,0.2785
147.197,0.4553,0.4594,0.3845,0.4007,-3.40,14.15,0.457,,1,1,19.126,0.2785
147.224,0.4253,0.4357,0.3125,0.3470,-3.38,13.70,0.441,,1,1,19.126,0.2785
147.252,0.3948,0.4147,0.2845,0.3382,-3.32,14.57,0.417,,1,1,19.126,0.2785
147.279,0.3677,0.3952,0.2678,0.3222,-3.18,12.74,0.407,,1,1,19.126,0.2785
147.310,0.3417,0.3781,0.2591,0.3232,-3.07,14.52,0.405,,1,1,19.126,0.2785
147.341,0.3176,0.3619,0.2419,0.3099,-3.10,13.94,0.402,,1,1,19.126,0.2785
147.405,0.2782,0.3477,0.2171,0.3252,-3.21,16.62,0.403,,1,1,19.126,0.2785
147.438,0.2592,0.3392,0.2005,0.3125,-3.29,17.86,0.405,,1,1,19.126,0.2785
147.470,0.2419,0.3310,0.1898,0.3057,-3.41,17.87,0.409,,1,1,19.126,0.2785
147.501,0.2290,0.3259,0.1883,0.3094,-3.28,16.67,0.415,,1,1,19.126,0.2785
147.533,0.2189,0.3238,0.1866,0.3169,-3.13,16.26,0.417,,1,1,19.126,0.2785
147.566,0.2078,0.3210,0.1739,0.3121,-3.06,16.48,0.420,,1,1,19.126,0.2785
147.597,0.1976,0.3172,0.1659,0.3052,-3.13,16.44,0.420,,1,1,19.126,0.2785
147.645,0.1850,0.3112,0.1588,0.2983,-2.94,16.83,0.427,,1,1,19.126,0.2785
147.677,0.1738,0.3076,0.1375,0.2957,-2.68,18.14,0.425,,1,1,19.126,0.2785
147.705,0.1644,0.3054,0.1317,0.2976,-2.61,18.58,0.424,,1,1,19.126,0.2785
147.731,0.1573,0.3041,0.1293,0.2986,-2.40,18.71,0.423,,1,1,19.126,0.2785
147.760,0.1501,0.3030,0.1244,0.2990,-2.48,18.75,0.427,,1,1,19.126,0.2785
147.805,0.1403,0.2964,0.1185,0.2815,-2.78,17.03,0.428,,1,1,19.126,0.2785
147.837,0.1339,0.2939,0.1136,0.2856,-2.82,17.73,0.429,,1,1,19.126,0.2785
147.869,0.1281,0.2922,0.1090,0.2864,-2.80,17.13,0.431,,1,1,19.126,0.2785
147.901,0.1234,0.2914,0.1086,0.2888,-2.82,17.25,0.432,,1,1,19.126,0.2785
147.932,0.1201,0.2893,0.1090,0.2820,-2.97,17.70,0.434,,1,1,19.126,0.2785
147.965,0.1168,0.2875,0.1065,0.2820,-2.82,18.38,0.437,,1,1,19.126,0.2785
147.997,0.1150,0.2832,0.1094,0.2693,-2.77,17.46,0.436,,1,1,19.126,0.2785
148.029,0.1123,0.2802,0.1035,0.2703,-2.77,17.18,0.435,,1,1,19.126,0.2785
148.060,0.1103,0.2799,0.1033,0.2789,-2.74,17.46,0.424,,1,1,19.126,0.2785
148.093,0.1084,0.2812,0.1025,0.2853,-2.68,17.95,0.407,,1,1,19.126,0.2785
148.126,0.1069,0.2859,0.1019,0.3016,-2.98,18.24,0.392,,1,1,19.126,0.2785
148.157,0.1056,0.2888,0.1014,0.2982,-2.93,18.34,0.387,,1,1,19.126,0.2785
148.206,0.1042,0.2941,0.1012,0.3057,-2.78,18.88,0.375,,1,1,19.126,0.2785
148.238,0.1048,0.2972,0.1068,0.3073,-2.67,18.26,0.371,,1,1,19.126,0.2785
148.269,0.1054,0.3043,0.1072,0.3288,-2.58,17.74,0.363,,1,1,19.126,0.2785
148.302,0.1076,0.3163,0.1145,0.3536,-2.52,18.28,0.333,,1,1,19.126,0.2785
148.334,0.1094,0.3273,0.1154,0.3632,-2.49,17.62,0.317,,1,1,19.126,0.2785
148.365,0.1106,0.3363,0.1146,0.3664,-2.09,16.12,0.312,,1,1,19.126,0.2785
148.397,0.1103,0.3442,0.1094,0.3699,-2.20,16.41,0.312,,1,1,19.126,0.2785
148.429,0.1065,0.3514,0.0938,0.3747,-2.16,17.31,0.303,,1,1,19.126,0.2785
148.462,0.1001,0.3558,0.0798,0.3697,-2.27,16.35,0.308,,1,1,19.126,0.2785
148.493,0.0936,0.3594,0.0716,0.3713,-2.43,18.53,0.312,,1,1,19.126,0.2785
148.526,0.0844,0.3581,0.0555,0.3539,-2.67,19.59,0.316,,1,1,19.126,0.2785
148.558,0.0777,0.3622,0.0559,0.3757,-2.26,19.59,0.323,,1,1,19.126,0.2785
148.590,0.0715,0.3679,0.0517,0.3863,-2.39,18.11,0.303,,1,1,19.126,0.2785
148.622,0.0672,0.3718,0.0527,0.3848,-2.41,17.71,0.305,,1,1,19.126,0.2785
148.653,0.0612,0.3728,0.0411,0.3761,-2.47,17.91,0.290,,1,1,19.126,0.2785
148.685,0.0567,0.3730,0.0423,0.3736,-2.42,17.63,0.295,,1,1,19.126,0.2785
148.717,0.0543,0.3750,0.0465,0.3816,-2.09,16.74,0.296,,1,1,19.126,0.2785
148.750,0.0521,0.3791,0.0450,0.3919,-2.16,16.50,0.295,,1,1,19.126,0.2785
148.797,0.0540,0.3868,0.0584,0.4039,-1.91,16.52,0.293,,1,1,19.126,0.2785
148.830,0.0589,0.3978,0.0744,0.4321,-2.00,15.95,0.247,,1,1,19.126,0.2785
148.862,0.0662,0.4141,0.0906,0.4672,-1.82,15.38,0.183,,1,1,19.126,0.2785
148.895,0.0764,0.4336,0.1093,0.4946,-1.63,13.55,0.129,,1,1,19.126,0.2785
148.926,0.0866,0.4531,0.1206,0.5165,-1.56,13.49,0.107,,1,1,19.126,0.2785
148.958,0.0946,0.4686,0.1204,0.5173,-1.55,13.69,0.117,,1,1,19.126,0.2785
148.988,0.1004,0.4800,0.1208,0.5183,-1.60,13.83,0.125,,1,1,19.126,0.2785
149.023,0.1056,0.4890,0.1212,0.5154,-1.58,13.86,0.134,,1,1,19.126,0.2785
149.055,0.1117,0.4965,0.1314,0.5202,-1.14,13.75,0.133,,1,1,19.126,0.2785
149.086,0.1198,0.4984,0.1471,0.5049,-1.25,12.70,0.145,,1,1,19.126,0.2785
149.117,0.1265,0.5008,0.1486,0.5085,-1.20,12.94,0.146,,1,1,19.126,0.2785
149.149,0.1316,0.5030,0.1479,0.5101,-1.38,13.18,0.168,,1,1,19.126,0.2785
149.182,0.1354,0.5012,0.1479,0.4951,-1.51,13.51,0.173,,1,1,19.126,0.2785
149.213,0.1413,0.5034,0.1603,0.5106,-1.28,12.99,0.175,,1,1,19.126,0.2785
149.245,0.1455,0.5040,0.1592,0.5057,-1.48,13.53,0.173,,1,1,19.126,0.2785
149.278,0.1522,0.5058,0.1731,0.5115,-1.49,12.70,0.185,,1,1,19.126,0.2785
149.309,0.1571,0.5096,0.1737,0.5224,-1.43,13.12,0.185,,1,1,19.126,0.2785
149.357,0.1634,0.5149,0.1768,0.5266,-1.62,13.60,0.182,,1,1,19.126,0.2785
149.389,0.1673,0.5175,0.1802,0.5261,-1.51,12.31,0.181,,1,1,19.126,0.2785
149.423,0.1721,0.5209,0.1865,0.5309,-1.50,13.34,0.185,,1,1,19.126,0.2785
149.454,0.1758,0.5230,0.1881,0.5300,-1.53,13.86,0.183,,1,1,19.126,0.2785
149.485,0.1792,0.5264,0.1908,0.5382,-1.37,13.43,0.180,,1,1,19.126,0.2785
149.517,0.1834,0.5286,0.1973,0.5360,-1.42,12.44,0.186,,1,1,19.126,0.2785
149.547,0.1864,0.5305,0.1966,0.5369,-1.49,12.42,0.181,,1,1,19.126,0.2785
149.581,0.1891,0.5326,0.1975,0.5390,-1.84,11.88,0.180,,1,1,19.126,0.2785
149.616,0.1904,0.5324,0.1943,0.5317,-1.98,11.93,0.182,,1,1,19.126,0.2785
149.645,0.1915,0.5324,0.1957,0.5324,-1.56,11.09,0.178,,1,1,19.126,0.2785
149.677,0.1900,0.5320,0.1848,0.5308,-1.55,11.36,0.166,,1,1,19.126,0.2785
149.711,0.1894,0.5350,0.1877,0.5441,-1.64,11.49,0.160,,1,1,19.126,0.2785
149.741,0.1902,0.5424,0.1929,0.5678,-1.63,10.95,0.129,,1,1,19.126,0.2785
149.807,0.1885,0.5529,0.1859,0.5695,-1.96,12.52,0.132,,1,1,19.126,0.2785
149.836,0.1880,0.5556,0.1858,0.5655,-1.80,12.42,0.135,,1,1,19.126,0.2785
149.869,0.1867,0.5555,0.1825,0.5550,-1.59,12.70,0.138,,1,1,19.126,0.2785
149.916,0.1840,0.5526,0.1779,0.5459,-1.44,11.74,0.141,,1,1,19.126,0.2785
149.948,0.1833,0.5489,0.1809,0.5373,-1.43,11.31,0.141,,1,1,19.126,0.2785
149.975,0.1828,0.5458,0.1811,0.5332,-1.24,11.33,0.146,,1,1,19.126,0.2785
150.000,0.1811,0.5433,0.1738,0.5329,-1.33,11.63,0.168,,1,1,19.126,0.2785
150.025,0.1798,0.5406,0.1742,0.5291,-1.45,11.68,0.177,,1,1,19.126,0.2785
150.052,0.1761,0.5352,0.1616,0.5143,-1.64,12.85,0.185,,1,1,19.126,0.2785
150.078,0.1732,0.5311,0.1613,0.5145,-1.68,13.36,0.188,,1,1,19.126,0.2785
150.110,0.1726,0.5286,0.1706,0.5202,-1.60,13.54,0.189,,1,1,19.126,0.2785
150.143,0.1720,0.5276,0.1701,0.5242,-1.69,13.69,0.189,,1,1,19.126,0.2785
150.206,0.1655,0.5219,0.1550,0.5126,-1.82,13.19,0.191,,1,1,19.126,0.2785
150.236,0.1634,0.5183,0.1562,0.5058,-2.02,12.99,0.194,,1,1,19.126,0.2785
150.270,0.1623,0.5150,0.1589,0.5047,-1.92,13.58,0.183,,1,1,19.126,0.2785
150.300,0.1670,0.5186,0.1834,0.5313,-2.04,13.78,0.189,,1,1,19.126,0.2785
150.333,0.1759,0.5255,0.2047,0.5480,-1.83,14.62,0.216,,1,1,19.126,0.2785
150.364,0.1834,0.5309,0.2089,0.5493,-1.86,15.31,0.233,,1,1,19.126,0.2785
150.396,0.1911,0.5373,0.2161,0.5580,-1.88,15.29,0.246,,1,1,19.126,0.2785
150.428,0.1971,0.5415,0.2163,0.5552,-2.05,15.64,0.268,,1,1,19.126,0.2785
150.477,0.2058,0.5424,0.2247,0.5442,-1.99,17.32,0.283,,1,1,19.126,0.2785
150.509,0.2131,0.5462,0.2364,0.5586,-2.34,17.19,0.305,,1,1,19.126,0.2785
150.537,0.2193,0.5499,0.2425,0.5638,-2.62,17.18,0.316,,1,1,19.126,0.2785
150.565,0.2249,0.5548,0.2456,0.5731,-2.44,17.83,0.317,,1,1,19.126,0.2785
150.607,0.2318,0.5616,0.2491,0.5788,-2.80,18.23,0.326,,1,1,19.126,0.2785
150.636,0.2392,0.5688,0.2648,0.5940,-2.67,17.60,0.337,,1,1,19.126,0.2785
150.670,0.2502,0.5775,0.2836,0.6041,-2.67,17.15,0.341,,1,1,19.126,0.2785
150.704,0.2613,0.5852,0.2954,0.6090,-2.52,15.97,0.344,,1,1,19.126,0.2785
150.733,0.2687,0.5897,0.2954,0.6061,-2.48,14.10,0.345,,1,1,19.126,0.2785
150.765,0.2754,0.5927,0.2969,0.6022,-2.48,13.46,0.348,,1,1,19.126,0.2785
150.798,0.2827,0.5948,0.3052,0.6015,-2.92,14.52,0.347,,1,1,19.126,0.2785
150.830,0.2907,0.5991,0.3163,0.6130,-2.83,14.79,0.349,,1,1,19.126,0.2785
150.861,0.2972,0.6018,0.3188,0.6107,-2.84,14.44,0.353,,1,1,19.126,0.2785
150.893,0.3062,0.6068,0.3354,0.6234,-2.71,15.46,0.355,,1,1,19.126,0.2785
150.925,0.3158,0.6118,0.3461,0.6278,-2.64,15.25,0.358,,1,1,19.126,0.2785
150.957,0.3260,0.6164,0.3585,0.6316,-2.56,14.04,0.363,,1,1,19.126,0.2785
150.991,0.3364,0.6219,0.3682,0.6387,-2.66,15.50,0.366,,1,1,19.126,0.2785
151.021,0.3468,0.6249,0.3811,0.6353,-2.72,15.13,0.373,,1,1,19.126,0.2785
151.071,0.3629,0.6302,0.3965,0.6414,-2.70,16.30,0.376,,1,1,19.126,0.2785
151.102,0.3727,0.6344,0.4045,0.6481,-2.78,16.33,0.390,,1,1,19.126,0.2785
151.133,0.3808,0.6345,0.4074,0.6350,-2.87,16.15,0.404,,1,1,19.126,0.2785
151.165,0.3877,0.6315,0.4097,0.6215,-3.19,16.44,0.428,,1,1,19.126,0.2785
151.198,0.3935,0.6285,0.4118,0.6190,-3.31,16.22,0.434,,1,1,19.126,0.2785
151.230,0.3987,0.6214,0.4154,0.5980,-3.36,15.37,0.447,,1,1,19.126,0.2785
151.261,0.4035,0.6154,0.4192,0.5947,-3.39,15.76,0.453,,1,1,19.126,0.2785
151.293,0.4070,0.6119,0.4187,0.6004,-3.28,16.05,0.454,,1,1,19.126,0.2785
151.325,0.4104,0.6093,0.4209,0.6011,-3.33,14.65,0.453,,1,1,19.126,0.2785
151.357,0.4130,0.6076,0.4216,0.6018,-3.32,14.45,0.458,,1,1,19.126,0.2785
151.391,0.4161,0.6056,0.4257,0.5992,-3.18,13.21,0.457,,1,1,19.126,0.2785
151.422,0.4179,0.6039,0.4241,0.5984,-3.23,13.53,0.459,,1,1,19.126,0.2785
151.452,0.4212,0.5990,0.4322,0.5822,-3.16,12.52,0.460,,1,1,19.126,0.2785
151.484,0.4249,0.5973,0.4369,0.5914,-3.19,13.25,0.458,,1,1,19.126,0.2785
151.516,0.4304,0.5976,0.4488,0.5990,-3.27,12.37,0.459,,1,1,19.126,0.2785
151.548,0.4359,0.6008,0.4536,0.6109,-3.22,12.88,0.464,,1,1,19.126,0.2785
151.580,0.4416,0.6028,0.4602,0.6095,-3.36,13.33,0.463,,1,1,19.126,0.2785
151.629,0.4516,0.6066,0.4729,0.6151,-3.52,13.17,0.463,,1,1,19.126,0.2785
151.661,0.4651,0.6100,0.5077,0.6207,-3.40,12.80,0.465,,1,1,19.126,0.2785
151.693,0.4807,0.6141,0.5316,0.6281,-3.51,13.19,0.475,,1,1,19.126,0.2785
151.727,0.4974,0.6143,0.5472,0.6150,-4.62,7.91,0.474,,1,1,19.126,0.2785
151.757,0.5108,0.6147,0.5568,0.6161,-3.87,10.52,0.485,,1,1,19.126,0.2785
151.790,0.5229,0.6196,0.5611,0.6356,-3.97,11.83,0.487,,1,1,19.126,0.2785
151.824,0.5343,0.6272,0.5668,0.6496,-3.91,13.51,0.490,,1,1,19.126,0.2785
151.856,0.5406,0.6311,0.5610,0.6439,-3.99,14.26,0.493,,1,1,19.126,0.2785
151.885,0.5469,0.6338,0.5689,0.6437,-3.96,14.25,0.493,,1,1,19.126,0.2785
151.917,0.5553,0.6343,0.5825,0.6362,-4.13,12.94,0.497,,1,1,19.126,0.2785
151.948,0.5621,0.6349,0.5838,0.6366,-4.02,13.87,0.502,,1,1,19.126,0.2785
151.983,0.5727,0.6342,0.6037,0.6323,-4.71,7.31,0.499,,1,1,19.126,0.2785
152.015,0.5827,0.6315,0.6153,0.6220,-3.58,4.62,0.499,,1,1,19.126,0.2785
152.046,0.5930,0.6302,0.6262,0.6259,-3.86,1.02,0.500,,1,1,19.126,0.2785
152.078,0.5991,0.6306,0.6186,0.6320,-5.07,11.32,0.496,,1,1,19.126,0.2785
152.108,0.6057,0.6334,0.6281,0.6435,-4.76,12.28,0.498,,1,1,19.126,0.2785
152.143,0.6139,0.6349,0.6385,0.6395,-4.94,8.78,0.494,,1,1,19.126,0.2785
152.225,0.6297,0.6443,0.6494,0.6564,-4.84,6.58,0.475,,1,1,19.126,0.2785
152.255,0.6363,0.6477,0.6593,0.6595,-3.80,2.91,0.473,,1,1,19.126,0.2785
152.281,0.6407,0.6512,0.6581,0.6650,-4.49,5.57,0.474,,1,1,19.126,0.2785
152.310,0.6470,0.6542,0.6699,0.6655,-3.53,0.94,0.478,,1,1,19.126,0.2785
152.338,0.6526,0.6556,0.6730,0.6609,-3.57,3.49,0.478,,1,1,19.126,0.2785
152.363,0.6569,0.6577,0.6741,0.6662,-3.53,3.25,0.478,,1,1,19.126,0.2785
152.391,0.6602,0.6621,0.6723,0.6786,-3.85,4.83,0.483,,1,1,19.126,0.2785
152.419,0.6638,0.6655,0.6772,0.6780,-4.25,5.33,0.485,,1,1,19.126,0.2785
152.446,0.6692,0.6678,0.6904,0.6770,-4.04,-2.17,0.484,,1,1,19.126,0.2785
152.482,0.6768,0.6711,0.6979,0.6807,-3.59,0.50,0.483,,1,1,19.126,0.2785
152.518,0.6843,0.6717,0.7061,0.6733,-3.59,0.80,0.485,,1,1,19.126,0.2785
152.547,0.6843,0.6717,,,-5.59,-6.33,0.489,,1,1,19.126,0.2785
152.607,0.6843,0.6717,,,-5.61,-6.68,0.484,,1,1,19.126,0.2785
152.638,0.6843,0.6717,,,-5.79,-8.38,0.486,,1,1,19.126,0.2785
152.670,0.6843,0.6717,,,-5.70,-8.17,0.486,,1,1,19.126,0.2785
152.703,0.6843,0.6717,,,-5.82,-8.45,0.483,,1,1,19.126,0.2785
152.733,0.6843,0.6717,,,-5.52,-9.07,0.483,,1,1,19.126,0.2785
152.780,0.6843,0.6717,,,-5.60,-8.37,0.478,,1,1,19.126,0.2785
152.809,0.6843,0.6717,,,-5.79,-7.79,0.476,,1,1,19.126,0.2785
152.834,0.6843,0.6717,,,-4.83,-10.58,0.477,,1,1,19.126,0.2785
152.860,0.6843,0.6717,,,-4.00,-9.13,0.477,,1,1,19.126,0.2785
152.886,0.6843,0.6717,,,-5.46,-7.38,0.478,,1,1,19.126,0.2785
152.912,0.6843,0.6717,,,-4.62,-11.06,0.477,,1,1,19.126,0.2785
152.941,0.6843,0.6717,,,-4.62,-12.63,0.478,,1,1,19.126,0.2785
153.007,0.6843,0.6717,,,-4.33,-9.86,0.477,,1,1,19.126,0.2785
153.038,0.6843,0.6717,,,-4.41,-9.48,0.475,,1,1,19.126,0.2785
153.070,0.6843,0.6717,,,-4.49,-14.34,0.474,,1,1,19.126,0.2785
153.103,0.6843,0.6717,,,-4.36,-12.97,0.443,,1,1,19.126,0.2785
153.134,0.6843,0.6717,,,-4.08,-12.15,0.367,,1,1,19.126,0.2785
153.165,0.6843,0.6717,,,-3.13,-10.06,0.282,,1,1,19.126,0.2785
153.197,0.6843,0.6717,,,-3.07,-12.50,0.263,,1,1,19.126,0.2785
153.229,0.6843,0.6717,,,-2.92,-12.91,0.269,,1,1,19.126,0.2785
153.261,0.6843,0.6717,,,-2.76,-12.87,0.280,,1,1,19.126,0.2785
153.292,0.6843,0.6717,,,-3.25,-13.28,0.282,,1,1,19.126,0.2785
153.341,0.6843,0.6717,,,-3.17,-11.94,0.297,,1,1,19.126,0.2785
153.373,0.6843,0.6717,,,-3.14,-11.11,0.299,,1,1,19.126,0.2785
153.407,0.6843,0.6717,,,-3.05,-10.93,0.306,,1,1,19.126,0.2785
153.438,0.6843,0.6717,,,-3.04,-9.90,0.308,,1,1,19.126,0.2785
153.469,0.6843,0.6717,,,-3.12,-9.48,0.312,,1,1,19.126,0.2785
153.501,0.6843,0.6717,,,-3.05,-7.13,0.315,,1,1,19.126,0.2785
153.531,0.6843,0.6717,,,-3.03,-9.98,0.318,,1,1,19.126,0.2785
153.564,0.6843,0.6717,,,-3.20,-11.25,0.318,,1,1,19.126,0.2785
153.597,0.6843,0.6717,,,-3.23,-11.33,0.316,,1,1,19.126,0.2785
153.629,0.6843,0.6717,,,-3.24,-11.64,0.318,,1,1,19.126,0.2785
153.662,0.6843,0.6717,,,-3.38,-12.61,0.318,,1,1,19.126,0.2785
153.693,0.6843,0.6717,,,-3.39,-12.90,0.319,,1,1,19.126,0.2785
153.725,0.6843,0.6717,,,-3.19,-12.83,0.322,,1,1,19.126,0.2785
153.759,0.6843,0.6717,,,-3.22,-12.73,0.322,,1,1,19.126,0.2785
153.789,0.6843,0.6717,,,-3.23,-12.36,0.327,,1,1,19.126,0.2785
153.821,0.6843,0.6717,,,-3.21,-12.05,0.327,,1,1,19.126,0.2785
153.853,0.6843,0.6717,,,-3.21,-11.00,0.325,,1,1,19.126,0.2785
153.901,0.6843,0.6717,,,-2.89,-10.08,0.324,,1,1,19.126,0.2785
153.934,0.6843,0.6717,,,-2.94,-10.82,0.314,,1,1,19.126,0.2785
153.965,0.6843,0.6717,,,-2.85,-10.23,0.283,,1,1,19.126,0.2785
153.998,0.6843,0.6717,,,-2.80,-9.86,0.286,,1,1,19.126,0.2785
154.029,0.6843,0.6717,,,-2.97,-10.67,0.283,,1,1,19.126,0.2785
154.061,0.6843,0.6717,,,-3.15,-12.59,0.281,,1,1,19.126,0.2785
154.093,0.6843,0.6717,,,-3.22,-12.44,0.282,,1,1,19.126,0.2785
154.125,0.6843,0.6717,,,-3.07,-13.11,0.280,,1,1,19.126,0.2785
154.158,0.6843,0.6717,,,-3.00,-11.30,0.279,,1,1,19.126,0.2785
154.191,0.6843,0.6717,,,-3.11,-11.98,0.272,,1,1,19.126,0.2785
154.221,0.6843,0.6717,,,-3.18,-11.79,0.276,,1,1,19.126,0.2785
154.254,0.6843,0.6717,,,-3.22,-13.21,0.282,,1,1,19.126,0.2785
154.284,0.6843,0.6717,,,-3.27,-13.56,0.298,,1,1,19.126,0.2785
154.315,0.6843,0.6717,,,-3.41,-13.27,0.315,,1,1,19.126,0.2785
154.348,0.6843,0.6717,,,-3.72,-14.77,0.329,,1,1,19.126,0.2785
154.382,0.6843,0.6717,,,-3.62,-12.82,0.334,,1,1,19.126,0.2785
154.414,0.6843,0.6717,,,-3.66,-12.95,0.344,,1,1,19.126,0.2785
154.460,0.6843,0.6717,,,-3.96,-12.79,0.344,,1,1,19.126,0.2785
154.493,0.6843,0.6717,,,-3.77,-11.13,0.346,,1,1,19.126,0.2785
154.526,0.6843,0.6717,,,-3.85,-9.57,0.349,,1,1,19.126,0.2785
154.559,0.6843,0.6717,,,-4.37,-9.87,0.356,,1,1,19.126,0.2785
154.590,0.6843,0.6717,,,-4.43,-10.11,0.360,,1,1,19.126,0.2785
154.625,0.5945,0.7030,0.5754,0.7096,-3.59,7.02,0.370,,1,1,19.126,0.2785
154.654,0.5873,0.7013,0.5620,0.6951,-3.78,-1.76,0.370,,1,1,19.126,0.2785
154.685,0.5710,0.7024,0.5163,0.7064,-3.57,14.45,0.376,,1,1,19.126,0.2785
154.717,0.5541,0.7016,0.4995,0.6990,-3.37,13.38,0.377,,1,1,19.126,0.2785
154.749,0.5383,0.7006,0.4862,0.6973,-4.14,11.15,0.388,,1,1,19.126,0.2785
154.781,0.5207,0.6994,0.4662,0.6955,-4.22,9.41,0.391,,1,1,19.126,0.2785
154.814,0.5062,0.6968,0.4602,0.6881,-4.42,8.45,0.401,,1,1,19.126,0.2785
154.844,0.4903,0.6942,0.4382,0.6854,-3.67,12.29,0.407,,1,1,19.126,0.2785
154.876,0.4719,0.6899,0.4130,0.6754,-3.48,14.59,0.410,,1,1,19.126,0.2785
154.909,0.4573,0.6875,0.4135,0.6798,-3.34,12.67,0.412,,1,1,19.126,0.2785
154.941,0.4452,0.6846,0.4070,0.6752,-3.73,10.71,0.413,,1,1,19.126,0.2785
155.008,0.4262,0.6900,0.3970,0.6984,-3.57,13.96,0.412,,1,1,19.126,0.2785
155.053,0.4190,0.6896,0.4028,0.6886,-3.60,12.86,0.408,,1,1,19.126,0.2785
155.078,0.4161,0.6887,0.4044,0.6851,-3.52,12.66,0.408,,1,1,19.126,0.2785
155.107,0.4140,0.6880,0.4064,0.6854,-3.58,11.20,0.402,,1,1,19.126,0.2785
155.132,0.4125,0.6881,0.4064,0.6886,-3.36,12.05,0.400,,1,1,19.126,0.2785
155.158,0.4116,0.6889,0.4079,0.6919,-3.30,13.64,0.396,,1,1,19.126,0.2785
155.187,0.4124,0.6906,0.4157,0.6969,-3.30,13.12,0.392,,1,1,19.126,0.2785
155.214,0.4196,0.6953,0.4473,0.7136,-3.46,10.69,0.381,,1,1,19.126,0.2785
155.248,0.4311,0.7045,0.4668,0.7329,-3.25,10.73,0.381,,1,1,19.126,0.2785
155.277,0.4469,0.7151,0.5030,0.7527,-3.62,7.49,0.381,,1,1,19.126,0.2785
155.308,0.4624,0.7254,0.5146,0.7601,-3.64,8.91,0.381,,1,1,19.126,0.2785
155.343,0.4830,0.7388,0.5445,0.7789,-3.95,3.57,0.382,,1,1,19.126,0.2785
155.406,0.5120,0.7577,0.5591,0.7886,-4.14,5.92,0.372,,1,1,19.126,0.2785
155.437,0.5248,0.7658,0.5663,0.7923,-3.82,7.68,0.375,,1,1,19.126,0.2785
155.470,0.5374,0.7770,0.5764,0.8120,-3.74,9.65,0.374,,1,1,19.126,0.2785
155.503,0.5499,0.7841,0.5891,0.8066,-4.10,8.24,0.374,,1,1,19.126,0.2785
155.533,0.5619,0.7871,0.6020,0.7972,-3.07,4.05,0.376,,1,1,19.126,0.2785
155.565,0.5619,0.7871,,,-4.38,-7.90,0.367,,1,1,19.126,0.2785
155.613,0.5900,0.8012,0.6260,0.8197,-4.02,-2.83,0.367,,1,1,19.126,0.2785
155.646,0.5986,0.8062,0.6252,0.8216,-3.13,0.67,0.363,,1,1,19.126,0.2785
155.675,0.6054,0.8105,0.6294,0.8260,-2.99,2.40,0.362,,1,1,19.126,0.2785
155.703,0.6158,0.8181,0.6537,0.8461,-2.90,2.12,0.356,,1,1,19.126,0.2785
155.737,0.6252,0.8269,0.6535,0.8536,-2.99,2.99,0.354,,1,1,19.126,0.2785
155.770,0.6324,0.8356,0.6548,0.8630,-3.89,1.93,0.351,,1,1,19.126,0.2785
155.807,0.6405,0.8433,0.6625,0.8643,-3.25,-0.34,0.348,,1,1,19.126,0.2785
155.842,0.6492,0.8525,0.6747,0.8796,-3.81,-1.11,0.356,,1,1,19.126,0.2785
155.876,0.6492,0.8525,,,-3.73,-4.70,0.339,,1,1,19.126,0.2785
155.910,0.6492,0.8525,,,-3.97,-5.72,0.323,,1,1,19.126,0.2785
155.938,0.6492,0.8525,,,-3.67,-6.46,0.318,,1,1,19.126,0.2785
155.966,0.6492,0.8525,,,-3.03,-7.20,0.318,,1,1,19.126,0.2785
155.996,0.6492,0.8525,,,-3.57,-12.20,0.310,,1,1,19.126,0.2785
156.028,0.6492,0.8525,,,-3.77,-13.27,0.311,,1,1,19.126,0.2785
156.061,0.6492,0.8525,,,-3.85,-12.99,0.316,,1,1,19.126,0.2785
156.095,0.6492,0.8525,,,-3.82,-13.21,0.316,,1,1,19.126,0.2785
156.124,0.6492,0.8525,,,-4.05,-8.96,0.317,,1,1,19.126,0.2785
156.172,0.6292,0.8467,0.6229,0.8448,-3.66,-2.32,0.312,,1,1,19.126,0.2785
156.206,0.6292,0.8467,,,-4.02,-5.17,0.306,,1,1,19.126,0.2785
156.241,0.6292,0.8467,,,-3.79,-6.35,0.306,,1,1,19.126,0.2785
156.268,0.6292,0.8467,,,-3.72,-7.05,0.299,,1,1,19.126,0.2785
156.302,0.6023,0.8403,0.5804,0.8352,-4.08,-3.09,0.297,,1,1,19.126,0.2785
156.334,0.5973,0.8365,0.5805,0.8236,-3.90,-2.71,0.284,,1,1,19.126,0.2785
156.367,0.5973,0.8365,,,-4.19,-4.05,0.284,,1,1,19.126,0.2785
156.397,0.5973,0.8365,,,-3.98,-5.53,0.284,,1,1,19.126,0.2785
156.434,0.5973,0.8365,,,-3.66,-5.27,0.283,,1,1,19.126,0.2785
156.467,0.5973,0.8365,,,-4.30,-4.65,0.280,,1,1,19.126,0.2785
156.500,0.5973,0.8365,,,-4.32,-4.18,0.283,,1,1,19.126,0.2785
156.531,0.5973,0.8365,,,-4.47,-6.99,0.308,,1,1,19.126,0.2785
156.565,0.5542,0.7648,0.5345,0.7320,-3.91,-1.90,0.354,,1,1,19.126,0.2785
156.598,0.5475,0.7552,0.5266,0.7250,-3.18,0.33,0.369,,1,1,19.126,0.2785
156.627,0.5413,0.7489,0.5185,0.7261,-3.82,-2.64,0.377,,1,1,19.126,0.2785
156.659,0.5310,0.7413,0.4980,0.7170,-2.90,4.42,0.380,,1,1,19.126,0.2785
156.690,0.5228,0.7346,0.4956,0.7122,-3.67,-2.46,0.384,,1,1,19.126,0.2785
156.733,0.5087,0.7238,0.4750,0.6982,-3.88,6.12,0.392,,1,1,19.126,0.2785
156.766,0.4997,0.7170,0.4711,0.6952,-3.00,3.51,0.394,,1,1,19.126,0.2785
156.797,0.4895,0.7105,0.4564,0.6891,-3.47,4.45,0.393,,1,1,19.126,0.2785
156.827,0.4832,0.7041,0.4609,0.6819,-2.95,0.62,0.394,,1,1,19.126,0.2785
156.861,0.4752,0.6961,0.4516,0.6721,-3.05,0.08,0.398,,1,1,19.126,0.2785
156.892,0.4675,0.6905,0.4416,0.6716,-3.08,0.24,0.397,,1,1,19.126,0.2785
156.928,0.4578,0.6785,0.4299,0.6437,-3.52,-0.94,0.405,,1,1,19.126,0.2785
156.958,0.4408,0.6642,0.3827,0.6154,-3.04,2.84,0.400,,1,1,19.126,0.2785
156.990,0.4076,0.6455,0.3043,0.5866,-3.47,15.37,0.397,,1,1,19.126,0.2785
157.023,0.3663,0.6280,0.2433,0.5744,-3.16,18.64,0.402,,1,1,19.126,0.2785
157.053,0.3190,0.6079,0.1687,0.5414,-3.35,19.18,0.395,,1,1,19.126,0.2785
157.086,0.2662,0.5861,0.1150,0.5206,-3.58,21.56,0.385,,1,1,19.126,0.2785
157.120,0.2101,0.5574,0.0554,0.4734,-3.22,19.49,0.394,,1,1,19.126,0.2785
157.148,0.1607,0.5297,-0.0031,0.4321,-3.36,19.62,0.394,,1,1,19.126,0.2785
157.180,0.1151,0.5063,-0.0205,0.4320,-4.02,21.50,0.399,,1,1,19.126,0.2785
157.213,0.0764,0.4826,-0.0269,0.4155,-3.82,22.86,0.409,,1,1,19.126,0.2785
157.246,0.0532,0.4660,-0.0121,0.4163,-3.68,20.92,0.413,,1,1,19.126,0.2785
157.278,0.0386,0.4516,-0.0045,0.4074,-3.66,21.10,0.416,,1,1,19.126,0.2785
157.326,0.0243,0.4387,-0.0045,0.4118,-3.60,20.80,0.416,,1,1,19.126,0.2785
157.358,0.0182,0.4358,0.0001,0.4267,-3.80,20.78,0.418,,1,1,19.126,0.2785
157.390,0.0149,0.4369,0.0045,0.4406,-3.96,20.74,0.419,,1,1,19.126,0.2785
157.423,0.0127,0.4406,0.0062,0.4518,-3.97,21.05,0.423,,1,1,19.126,0.2785
157.457,0.0119,0.4435,0.0094,0.4523,-3.95,21.03,0.422,,1,1,19.126,0.2785
157.494,0.0125,0.4476,0.0143,0.4593,-4.08,18.92,0.426,,1,1,19.126,0.2785
157.530,0.0160,0.4539,0.0264,0.4733,-4.18,19.36,0.427,,1,1,19.126,0.2785
157.567,0.0253,0.4697,0.0504,0.5133,-4.02,20.36,0.426,,1,1,19.126,0.2785
157.602,0.0390,0.4885,0.0807,0.5452,-3.86,18.72,0.433,,1,1,19.126,0.2785
157.638,0.0642,0.5214,0.1395,0.6177,-3.75,17.06,0.430,,1,1,19.126,0.2785
157.674,0.0943,0.5741,0.1792,0.7180,-4.35,18.71,0.429,,1,1,19.126,0.2785
157.707,0.1271,0.6351,0.2258,0.8109,-5.16,12.03,0.429,,1,1,19.126,0.2785
157.744,0.1631,0.7167,0.2620,0.9280,-5.27,16.16,0.450,,1,1,19.126,0.2785
157.780,0.2027,0.8047,0.3118,1.0308,-5.40,12.77,0.447,,1,1,19.126,0.2785
157.813,0.2027,0.8047,,,-5.49,-13.92,0.446,,1,1,19.126,0.2785
157.846,0.2027,0.8047,,,-6.83,-9.56,0.433,,1,1,19.126,0.2785
157.889,0.2027,0.8047,,,-6.76,-13.66,0.416,,1,1,19.126,0.2785
157.919,0.3656,0.9499,0.4821,1.8396,-4.41,-3.80,0.427,,1,1,19.126,0.2785
157.946,0.3656,0.9499,,,-4.84,-6.86,0.432,,1,1,19.126,0.2785
157.978,0.4199,0.9879,0.5103,1.7994,-5.15,0.24,0.408,,1,1,19.126,0.2785
158.009,0.4199,0.9879,,,-8.04,-12.36,0.443,,1,1,19.126,0.2785
158.039,0.4199,0.9879,,,-7.49,-15.86,0.443,,1,1,19.126,0.2785
158.070,0.4199,0.9879,,,-7.24,-12.70,0.434,,1,1,19.126,0.2785
158.099,0.4199,0.9879,,,-6.99,-7.75,0.435,,1,1,19.126,0.2785
158.125,0.5921,0.9883,0.7078,0.9886,-6.93,-3.54,0.443,,1,1,19.126,0.2785
158.156,0.5921,0.9883,,,-8.20,-4.03,0.455,,1,1,19.126,0.2785
158.204,0.6930,0.6337,0.8183,0.1935,-8.15,-3.03,0.441,,1,1,19.126,0.2785
158.237,0.7232,0.4910,0.8128,0.0951,-8.15,4.59,0.439,,1,1,19.126,0.2785
158.268,0.7397,0.3747,0.7931,0.0369,-8.44,11.65,0.446,,1,1,19.126,0.2785
158.301,0.7414,0.2556,0.7466,-0.0607,-9.31,12.08,0.445,,1,1,19.126,0.2785
158.336,0.7348,0.1660,0.7157,-0.2816,-10.15,2.29,0.457,,1,1,19.126,0.2785
158.366,0.7205,0.1101,0.6706,-0.5395,-10.09,1.32,0.441,,1,1,19.126,0.2785
158.397,0.6855,0.0664,0.5705,-0.7835,-10.06,8.92,0.438,,1,1,19.126,0.2785
158.443,0.6257,0.0266,0.4912,-0.9933,-10.03,10.52,0.442,,1,1,19.126,0.2785
158.478,0.5774,0.0053,0.4367,-1.3344,-11.61,12.23,0.465,,1,1,19.126,0.2785
158.509,0.5423,0.0000,0.4312,-1.3680,-12.25,14.82,0.440,,1,1,19.126,0.2785
158.536,0.5187,0.0000,0.4346,-1.9137,-12.78,12.71,0.444,,1,1,19.126,0.2785
158.565,0.4977,0.0000,0.4255,-2.6649,-14.71,14.45,0.432,,1,1,19.126,0.2785
158.606,0.5068,0.0000,0.5289,-4.9901,-16.82,22.18,0.437,,1,1,19.126,0.2785
158.637,0.5371,0.0000,0.6379,-6.0837,-16.61,14.65,0.428,,1,1,19.126,0.2785
158.669,0.5651,0.0000,0.6557,-6.9187,-11.57,12.33,0.413,,1,1,19.126,0.2785
158.706,0.6117,0.0000,0.7420,-7.6635,-7.70,8.75,0.385,,1,1,19.126,0.2785
158.735,0.6464,0.0000,0.7673,-8.1184,-5.33,5.12,0.385,,1,1,19.126,0.2785
158.765,0.6781,0.0000,0.7848,-8.2386,-1.07,3.97,0.331,,1,1,19.126,0.2785
158.797,0.7303,0.0000,0.8891,-8.5003,-3.52,4.73,0.314,,1,1,19.126,0.2785
158.830,0.7509,0.0000,0.8115,-7.8842,-9.12,10.59,0.343,,1,1,19.126,0.2785
158.858,0.7676,0.0000,0.8253,-7.4894,-10.09,5.97,0.391,,1,1,19.126,0.2785
158.894,0.7676,0.0000,,,-26.38,27.37,0.456,,1,1,19.126,0.2785
158.925,0.7598,0.0000,0.7482,-3.8696,-20.64,22.53,0.431,,1,1,19.126,0.2785
158.958,0.7906,0.0000,0.8836,-2.9511,-15.44,18.79,0.361,,1,1,19.126,0.2785
159.005,0.8472,0.0000,0.9660,-2.2661,-12.21,15.67,0.317,,1,1,19.126,0.2785
159.036,0.8972,0.0000,1.0519,-1.9121,-9.74,4.23,0.368,,1,1,19.126,0.2785
159.069,0.9365,0.0000,1.1560,-1.7727,-10.24,7.97,0.392,,1,1,19.126,0.2785
159.100,0.9644,0.0000,1.2856,-1.8297,-9.92,6.98,0.363,,1,1,19.126,0.2785
159.132,0.9858,0.0000,1.3376,-1.8649,-10.41,13.85,0.382,,1,1,19.126,0.2785
159.164,1.0000,0.0000,1.4042,-1.7393,-9.83,12.98,0.390,,1,1,19.126,0.2785
159.199,1.0000,0.0000,1.4705,-1.5786,-9.47,14.11,0.371,,1,1,19.126,0.2785
159.227,1.0000,0.0000,1.5423,-1.3666,-8.54,9.80,0.384,,1,1,19.126,0.2785
159.262,1.0000,0.0000,1.6047,-1.1817,-8.33,14.29,0.390,,1,1,19.126,0.2785
159.291,1.0000,0.0000,1.6525,-0.9910,-8.03,13.41,0.429,,1,1,19.126,0.2785
159.325,1.0000,0.0000,1.7078,-0.7406,-7.44,9.23,0.406,,1,1,19.126,0.2785
159.358,1.0000,0.0000,1.7380,-0.4253,-6.56,3.93,0.408,,1,1,19.126,0.2785
159.390,1.0000,0.0000,,,-8.16,-5.79,0.383,,1,1,19.126,0.2785
159.422,1.0000,0.0000,1.7409,-0.1276,-7.15,-3.85,0.368,,1,1,19.126,0.2785
159.454,1.0000,0.0000,,,-8.15,-6.47,0.379,,1,1,19.126,0.2785
159.485,1.0000,0.0000,,,-7.77,-8.41,0.391,,1,1,19.126,0.2785
159.517,1.0000,0.0000,,,-8.02,-13.97,0.395,,1,1,19.126,0.2785
159.550,1.0000,0.0000,,,-7.22,-15.59,0.396,,1,1,19.126,0.2785
159.598,1.0000,0.0000,,,-7.41,-18.62,0.415,,1,1,19.126,0.2785
159.630,1.0000,0.0000,,,-7.48,-20.52,0.425,,1,1,19.126,0.2785
159.660,1.0000,0.0000,,,-7.90,-15.53,0.411,,1,1,19.126,0.2785
159.693,1.0000,0.0000,,,-7.43,-12.91,0.414,,1,1,19.126,0.2785
159.724,1.0000,0.0000,,,-6.54,-15.28,0.415,,1,1,19.126,0.2785
159.756,1.0000,0.0000,,,-6.08,-14.28,0.415,,1,1,19.126,0.2785
159.792,1.0000,0.0000,,,-6.47,-16.82,0.416,,1,1,19.126,0.2785
159.821,1.0000,0.0000,,,-6.26,-15.35,0.401,,1,1,19.126,0.2785
159.855,1.0000,0.0000,,,-6.45,-14.51,0.409,,1,1,19.126,0.2785
159.884,1.0000,0.0000,,,-6.21,-13.23,0.384,,1,1,19.126,0.2785
159.917,1.0000,0.0000,,,-6.39,-13.21,0.396,,1,1,19.126,0.2785
159.950,1.0000,0.0000,,,-6.70,-15.40,0.390,,1,1,19.126,0.2785
159.980,1.0000,0.0000,,,-6.39,-12.63,0.399,,1,1,19.126,0.2785
160.014,1.0000,0.0000,,,-6.17,-7.52,0.398,,1,1,19.126,0.2785
160.045,1.0000,0.0000,,,-6.73,-9.93,0.400,,1,1,19.126,0.2785
160.076,0.7935,0.0000,0.7406,-1.4872,-6.80,10.10,0.395,,1,1,19.126,0.2785
160.107,0.7476,0.0000,0.5972,-1.5332,-6.24,17.91,0.381,,1,1,19.126,0.2785
160.158,0.6632,0.0000,0.4991,-1.6068,-5.92,20.82,0.393,,1,1,19.126,0.2785
160.189,0.5979,0.0000,0.3956,-1.7066,-5.97,22.20,0.386,,1,1,19.126,0.2785
160.221,0.5370,0.0000,0.3583,-1.8131,-5.42,22.90,0.392,,1,1,19.126,0.2785
160.253,0.4860,0.0000,0.3347,-1.9273,-4.05,22.86,0.383,,1,1,19.126,0.2785
160.286,0.4483,0.0000,0.3436,-1.9469,-3.67,23.13,0.391,,1,1,19.126,0.2785
160.318,0.4228,0.0000,0.3468,-1.9435,-4.12,23.93,0.397,,1,1,19.126,0.2785
160.350,0.4100,0.0000,0.3723,-1.9707,-4.62,24.30,0.390,,1,1,19.126,0.2785
160.380,0.4073,0.0000,0.3989,-1.9452,-4.63,24.21,0.385,,1,1,19.126,0.2785
160.414,0.4120,0.0000,0.4258,-1.9696,-4.27,22.89,0.393,,1,1,19.126,0.2785
160.446,0.4204,0.0000,0.4463,-2.0021,-4.28,21.67,0.397,,1,1,19.126,0.2785
160.478,0.4288,0.0000,0.4554,-1.9931,-4.54,21.48,0.392,,1,1,19.126,0.2785
160.509,0.4376,0.0000,0.4669,-1.9749,-4.57,21.96,0.395,,1,1,19.126,0.2785
160.542,0.4502,0.0000,0.4900,-1.9531,-4.61,22.96,0.402,,1,1,19.126,0.2785
160.605,0.4791,0.0000,0.5273,-1.9343,-5.07,22.53,0.408,,1,1,19.126,0.2785
160.637,0.4914,0.0000,0.5320,-1.8792,-5.58,22.34,0.414,,1,1,19.126,0.2785
160.669,0.5038,0.0000,0.5450,-1.8333,-6.15,23.09,0.422,,1,1,19.126,0.2785
160.718,0.5189,0.0000,0.5509,-1.7876,-5.42,23.09,0.432,,1,1,19.126,0.2785
160.751,0.5281,0.0000,0.5571,-1.7817,-5.60,22.89,0.426,,1,1,19.126,0.2785
160.780,0.5348,0.0000,0.5588,-1.7714,-5.56,22.75,0.424,,1,1,19.126,0.2785
160.807,0.5400,0.0000,0.5596,-1.7863,-5.48,22.20,0.428,,1,1,19.126,0.2785
160.835,0.5432,0.0000,0.5551,-1.7672,-5.60,21.86,0.425,,1,1,19.126,0.2785
160.862,0.5439,0.0000,0.5467,-1.7467,-5.31,21.56,0.422,,1,1,19.126,0.2785
160.891,0.5424,0.0000,0.5371,-1.7108,-4.63,20.47,0.425,,1,1,19.126,0.2785
160.926,0.5369,0.0000,0.5204,-1.6979,-5.03,21.16,0.423,,1,1,19.126,0.2785
160.956,0.5320,0.0000,0.5143,-1.6856,-5.09,21.83,0.420,,1,1,19.126,0.2785
161.005,0.5260,0.0000,0.5131,-1.6001,-4.78,22.17,0.422,,1,1,19.126,0.2785
161.038,0.5224,0.0000,0.5107,-1.5320,-5.15,22.22,0.377,,1,1,19.126,0.2785
161.069,0.5233,0.0000,0.5263,-1.4304,-4.52,17.30,0.138,,1,1,19.126,0.2785
161.100,0.5275,0.0000,0.5425,-1.3699,-3.77,14.62,0.105,,1,1,19.126,0.2785
161.135,0.5382,0.0000,0.5699,-1.3638,-3.54,10.78,0.130,,1,1,19.126,0.2785
161.164,0.5458,0.0000,0.5734,-1.3444,-3.05,12.35,0.210,,1,1,19.126,0.2785
161.197,0.5526,0.0000,0.5739,-1.2983,-3.09,13.57,0.274,,1,1,19.126,0.2785
161.229,0.5601,0.0000,0.5844,-1.2090,-3.69,10.93,0.308,,1,1,19.126,0.2785
161.265,0.5701,0.0000,0.5990,-1.1023,-3.62,11.01,0.333,,1,1,19.126,0.2785
161.311,0.5859,0.0000,0.6220,-1.0420,-4.11,11.73,0.353,,1,1,19.126,0.2785
161.341,0.5939,0.0000,0.6213,-1.0310,-3.85,12.98,0.346,,1,1,19.126,0.2785
161.369,0.6022,0.0000,0.6320,-0.9973,-4.04,12.62,0.353,,1,1,19.126,0.2785
161.407,0.6197,0.0000,0.6676,-0.8456,-3.09,5.75,0.363,,1,1,19.126,0.2785
161.437,0.6476,0.0000,0.7412,-0.6967,-4.53,7.20,0.372,,1,1,19.126,0.2785
161.470,0.6878,0.0000,0.8085,-0.5756,-3.76,8.84,0.375,,1,1,19.126,0.2785
161.506,0.7222,0.0000,0.8151,-0.5297,-3.53,12.21,0.392,,1,1,19.126,0.2785
161.536,0.7407,0.0000,0.8051,-0.4440,-3.47,14.74,0.415,,1,1,19.126,0.2785
161.570,0.7621,0.0000,0.8211,-0.3595,-4.31,9.57,0.397,,1,1,19.126,0.2785
161.604,0.7786,0.0000,0.8262,-0.2394,-2.72,6.16,0.412,,1,1,19.126,0.2785
161.636,0.7881,0.0000,0.8180,-0.1227,-3.11,7.99,0.424,,1,1,19.126,0.2785
161.660,0.7916,0.0000,0.8057,-0.0793,-3.98,10.79,0.413,,1,1,19.126,0.2785
161.694,0.7929,0.0000,0.7968,-0.0489,-3.52,11.42,0.406,,1,1,19.126,0.2785
161.725,0.7933,0.0000,0.7946,-0.0251,-3.08,11.17,0.371,,1,1,19.126,0.2785
161.763,0.7959,0.0000,0.8029,0.0097,-1.98,8.57,0.230,,1,1,19.126,0.2785
161.791,0.7975,0.0000,0.8032,0.0728,-0.86,4.86,0.114,,1,1,19.126,0.2785
161.821,0.7958,0.0147,0.7902,0.0914,-1.45,2.53,0.060,,1,1,19.126,0.2785
161.871,0.7852,0.0443,0.7634,0.1037,-1.16,1.27,0.062,,1,1,19.126,0.2785
161.903,0.7788,0.0641,0.7576,0.1263,-1.21,2.74,0.038,,1,1,19.126,0.2785
161.934,0.7747,0.0898,0.7604,0.1748,-1.16,3.31,0.046,,1,1,19.126,0.2785
161.965,0.7697,0.1184,0.7531,0.2074,-1.82,3.54,0.113,,1,1,19.126,0.2785
161.997,0.7643,0.1375,0.7463,0.1962,-1.60,3.62,0.126,,1,1,19.126,0.2785
162.028,0.7581,0.1537,0.7369,0.2061,-1.44,4.81,0.139,,1,1,19.126,0.2785
162.061,0.7493,0.1580,0.7211,0.1709,-2.06,3.76,0.148,,1,1,19.126,0.2785
162.094,0.7386,0.1541,0.7049,0.1423,-2.08,5.76,0.154,,1,1,19.126,0.2785
162.124,0.7257,0.1462,0.6823,0.1199,-2.38,7.54,0.172,,1,1,19.126,0.2785
162.156,0.7089,0.1369,0.6536,0.1059,-2.19,7.77,0.184,,1,1,19.126,0.2785
162.191,0.6741,0.1105,0.5744,0.0311,-2.58,7.38,0.227,,1,1,19.126,0.2785
162.222,0.6356,0.0784,0.5145,-0.0273,-3.42,9.30,0.300,,1,1,19.126,0.2785
162.255,0.5962,0.0470,0.4795,-0.0688,-3.26,11.92,0.341,,1,1,19.126,0.2785
162.291,0.5636,0.0220,0.4732,-0.0823,-3.86,10.18,0.354,,1,1,19.126,0.2785
162.318,0.5434,0.0065,0.4725,-0.0821,-4.59,8.93,0.371,,1,1,19.126,0.2785
162.349,0.5192,0.0000,0.4427,-0.0635,-4.81,13.48,0.379,,1,1,19.126,0.2785
162.379,0.5009,0.0000,0.4428,-0.0210,-4.63,15.12,0.396,,1,1,19.126,0.2785
162.431,0.4787,0.0000,0.4355,-0.0084,-4.99,15.04,0.395,,1,1,19.126,0.2785
162.462,0.4655,0.0000,0.4256,-0.0013,-4.78,15.39,0.396,,1,1,19.126,0.2785
162.494,0.4568,0.0010,0.4295,0.0291,-4.90,15.57,0.406,,1,1,19.126,0.2785
162.524,0.4505,0.0119,0.4297,0.0499,-5.04,16.37,0.404,,1,1,19.126,0.2785
162.556,0.4453,0.0245,0.4288,0.0668,-4.92,16.35,0.414,,1,1,19.126,0.2785
162.589,0.4418,0.0364,0.4309,0.0743,-4.72,16.27,0.409,,1,1,19.126,0.2785
162.624,0.4400,0.0499,0.4347,0.0896,-5.12,15.46,0.417,,1,1,19.126,0.2785
162.657,0.4390,0.0625,0.4361,0.1026,-5.34,14.60,0.418,,1,1,19.126,0.2785
162.685,0.4388,0.0761,0.4380,0.1251,-5.85,13.16,0.417,,1,1,19.126,0.2785
162.721,0.4416,0.1009,0.4497,0.1702,-5.55,12.10,0.391,,1,1,19.126,0.2785
162.750,0.4486,0.1340,0.4742,0.2493,-5.06,8.79,0.270,,1,1,19.126,0.2785
162.782,0.4682,0.1959,0.5333,0.3845,-4.30,8.54,0.109,,1,1,19.126,0.2785
162.815,0.4937,0.2676,0.5735,0.4707,-4.04,7.91,0.088,,1,1,19.126,0.2785
162.846,0.5161,0.3321,0.5894,0.5224,-3.93,7.21,0.065,,1,1,19.126,0.2785
162.877,0.5305,0.3870,0.5786,0.5499,-3.80,6.51,0.048,,1,1,19.126,0.2785
162.908,0.5413,0.4331,0.5768,0.5685,-3.53,5.96,0.045,,1,1,19.126,0.2785
162.941,0.5531,0.4635,0.5893,0.5480,-3.54,4.39,0.079,,1,1,19.126,0.2785
163.024,0.5765,0.4898,0.6053,0.5197,-3.57,8.22,0.106,,1,1,19.126,0.2785
163.057,0.5839,0.4957,0.6067,0.5133,-3.60,8.85,0.112,,1,1,19.126,0.2785
163.087,0.5885,0.4986,0.6053,0.5085,-3.82,8.78,0.116,,1,1,19.126,0.2785
163.117,0.5972,0.5043,0.6264,0.5225,-3.90,8.73,0.127,,1,1,19.126,0.2785
163.144,0.6028,0.5085,0.6240,0.5239,-3.86,9.13,0.131,,1,1,19.126,0.2785
163.173,0.6063,0.5143,0.6188,0.5344,-4.05,10.17,0.137,,1,1,19.126,0.2785
163.202,0.6101,0.5142,0.6230,0.5138,-4.12,10.00,0.158,,1,1,19.126,0.2785
163.229,0.6121,0.5144,0.6202,0.5154,-4.05,10.28,0.161,,1,1,19.126,0.2785
163.256,0.6137,0.5143,0.6195,0.5140,-4.23,9.84,0.160,,1,1,19.126,0.2785
163.283,0.6152,0.5134,0.6213,0.5099,-4.20,9.06,0.159,,1,1,19.126,0.2785
163.311,0.6156,0.5094,0.6170,0.4941,-4.20,10.42,0.173,,1,1,19.126,0.2785
163.341,0.6158,0.5033,0.6162,0.4826,-4.08,11.14,0.190,,1,1,19.126,0.2785
163.407,0.6159,0.4861,0.6161,0.4585,-3.79,10.67,0.186,,1,1,19.126,0.2785
163.443,0.6143,0.4746,0.6098,0.4402,-3.97,9.87,0.182,,1,1,19.126,0.2785
163.474,0.6119,0.4608,0.6038,0.4146,-4.14,9.16,0.165,,1,1,19.126,0.2785
163.503,0.6096,0.4493,0.6009,0.4077,-3.99,10.35,0.179,,1,1,19.126,0.2785
163.534,0.6064,0.4397,0.5956,0.4081,-4.08,12.04,0.183,,1,1,19.126,0.2785
163.583,0.6018,0.4243,0.5919,0.3915,-4.10,12.32,0.185,,1,1,19.126,0.2785
163.613,0.5981,0.4148,0.5853,0.3829,-3.89,10.42,0.185,,1,1,19.126,0.2785
163.639,0.5947,0.4073,0.5808,0.3776,-3.85,9.21,0.183,,1,1,19.126,0.2785
163.664,0.5921,0.4022,0.5809,0.3808,-3.77,9.12,0.164,,1,1,19.126,0.2785
163.691,0.5872,0.3955,0.5680,0.3700,-3.76,9.78,0.169,,1,1,19.126,0.2785
163.719,0.5841,0.3900,0.5724,0.3699,-3.77,10.07,0.166,,1,1,19.126,0.2785
163.744,0.5820,0.3841,0.5734,0.3593,-3.73,9.36,0.160,,1,1,19.126,0.2785
163.804,0.5777,0.3728,0.5702,0.3534,-4.13,9.57,0.161,,1,1,19.126,0.2785
163.838,0.5764,0.3694,0.5724,0.3594,-4.07,7.82,0.151,,1,1,19.126,0.2785
163.871,0.5773,0.3661,0.5804,0.3555,-4.07,7.06,0.153,,1,1,19.126,0.2785
163.902,0.5784,0.3644,0.5819,0.3586,-3.85,7.15,0.147,,1,1,19.126,0.2785
163.933,0.5786,0.3617,0.5796,0.3526,-3.65,7.17,0.143,,1,1,19.126,0.2785
163.966,0.5796,0.3587,0.5826,0.3494,-3.58,6.91,0.144,,1,1,19.126,0.2785
163.997,0.5801,0.3543,0.5818,0.3398,-3.66,7.31,0.142,,1,1,19.126,0.2785
164.031,0.5789,0.3503,0.5750,0.3376,-3.63,9.23,0.140,,1,1,19.126,0.2785
164.062,0.5782,0.3474,0.5758,0.3379,-3.84,9.88,0.143,,1,1,19.126,0.2785
164.095,0.5768,0.3471,0.5722,0.3459,-3.87,9.76,0.135,,1,1,19.126,0.2785
164.142,0.5758,0.3442,0.5735,0.3376,-3.59,9.82,0.138,,1,1,19.126,0.2785
164.173,0.5771,0.3455,0.5816,0.3499,-3.53,10.42,0.136,,1,1,19.126,0.2785
164.209,0.5826,0.3467,0.5989,0.3502,-3.68,10.07,0.110,,1,1,19.126,0.2785
164.238,0.5896,0.3500,0.6146,0.3619,-3.60,8.35,0.094,,1,1,19.126,0.2785
164.271,0.5953,0.3399,0.6134,0.3075,-3.89,10.16,0.179,,1,1,19.126,0.2785
164.301,0.5970,0.3169,0.6029,0.2362,-4.34,11.99,0.306,,1,1,19.126,0.2785
164.334,0.5968,0.2845,0.5963,0.1819,-4.61,14.14,0.391,,1,1,19.126,0.2785
164.364,0.5948,0.2549,0.5879,0.1593,-4.85,15.14,0.431,,1,1,19.126,0.2785
164.397,0.5869,0.2264,0.5620,0.1420,-4.94,16.27,0.441,,1,1,19.126,0.2785
164.429,0.5800,0.2040,0.5572,0.1351,-5.06,16.89,0.450,,1,1,19.126,0.2785
164.461,0.5715,0.1853,0.5433,0.1266,-5.12,16.94,0.459,,1,1,19.126,0.2785
164.493,0.5612,0.1704,0.5284,0.1253,-5.05,17.26,0.462,,1,1,19.126,0.2785
164.525,0.5522,0.1586,0.5223,0.1215,-5.26,18.28,0.465,,1,1,19.126,0.2785
164.557,0.5438,0.1474,0.5169,0.1128,-5.33,17.74,0.468,,1,1,19.126,0.2785
164.590,0.5378,0.1364,0.5187,0.1030,-5.31,15.27,0.470,,1,1,19.126,0.2785
164.623,0.5336,0.1248,0.5208,0.0900,-5.05,15.38,0.467,,1,1,19.126,0.2785
164.654,0.5312,0.1131,0.5229,0.0748,-5.05,15.63,0.455,,1,1,19.126,0.2785
164.700,0.5282,0.1043,0.5213,0.0850,-4.88,16.97,0.452,,1,1,19.126,0.2785
164.734,0.5280,0.1006,0.5274,0.0896,-4.85,16.78,0.451,,1,1,19.126,0.2785
164.767,0.5293,0.0993,0.5334,0.0951,-4.86,17.02,0.457,,1,1,19.126,0.2785
164.798,0.5310,0.0992,0.5370,0.0991,-4.88,17.06,0.456,,1,1,19.126,0.2785
164.828,0.5348,0.0977,0.5482,0.0923,-5.19,16.58,0.459,,1,1,19.126,0.2785
164.860,0.5420,0.0973,0.5658,0.0960,-4.95,16.11,0.455,,1,1,19.126,0.2785
164.893,0.5600,0.1012,0.6180,0.1136,-5.09,15.02,0.453,,1,1,19.126,0.2785
164.925,0.5862,0.1092,0.6729,0.1366,-5.04,15.56,0.458,,1,1,19.126,0.2785
164.957,0.6143,0.1167,0.6984,0.1402,-5.10,14.52,0.467,,1,1,19.126,0.2785
164.989,0.6338,0.1225,0.6970,0.1422,-5.20,15.57,0.466,,1,1,19.126,0.2785
165.022,0.6508,0.1270,0.7012,0.1411,-5.24,15.88,0.466,,1,1,19.126,0.2785
165.054,0.6642,0.1311,0.7064,0.1447,-5.13,16.09,0.467,,1,1,19.126,0.2785
165.086,0.6744,0.1316,0.7076,0.1333,-5.21,14.52,0.469,,1,1,19.126,0.2785
165.116,0.6828,0.1312,0.7100,0.1296,-5.27,13.85,0.469,,1,1,19.126,0.2785
165.150,0.6891,0.1296,0.7080,0.1249,-5.21,14.48,0.475,,1,1,19.126,0.2785
165.183,0.6945,0.1263,0.7115,0.1153,-5.33,13.52,0.482,,1,1,19.126,0.2785
165.214,0.6981,0.1213,0.7099,0.1043,-5.45,13.98,0.479,,1,1,19.126,0.2785
165.263,0.7010,0.1174,0.7072,0.1087,-4.68,14.29,0.479,,1,1,19.126,0.2785
165.294,0.7051,0.1157,0.7180,0.1101,-4.63,13.84,0.478,,1,1,19.126,0.2785
165.325,0.7078,0.1146,0.7169,0.1107,-4.64,14.27,0.479,,1,1,19.126,0.2785
165.358,0.7141,0.1112,0.7338,0.1006,-4.83,12.64,0.476,,1,1,19.126,0.2785
165.389,0.7180,0.1087,0.7310,0.1000,-4.58,14.90,0.475,,1,1,19.126,0.2785
165.423,0.7212,0.1104,0.7309,0.1155,-4.57,14.16,0.471,,1,1,19.126,0.2785
165.453,0.7256,0.1108,0.7411,0.1122,-4.74,13.12,0.468,,1,1,19.126,0.2785
165.486,0.7311,0.1126,0.7480,0.1183,-4.86,12.88,0.465,,1,1,19.126,0.2785
165.519,0.7371,0.1166,0.7568,0.1302,-4.74,14.29,0.461,,1,1,19.126,0.2785
165.549,0.7431,0.1185,0.7628,0.1248,-4.75,14.31,0.459,,1,1,19.126,0.2785
165.580,0.7492,0.1195,0.7696,0.1230,-4.86,15.19,0.463,,1,1,19.126,0.2785
165.614,0.7561,0.1214,0.7778,0.1273,-4.62,14.59,0.466,,1,1,19.126,0.2785
165.645,0.7651,0.1232,0.7944,0.1292,-5.20,10.01,0.458,,1,1,19.126,0.2785
165.677,0.7727,0.1256,0.7973,0.1336,-5.13,13.39,0.459,,1,1,19.126,0.2785
165.712,0.7805,0.1302,0.8041,0.1444,-4.92,13.11,0.449,,1,1,19.126,0.2785
165.742,0.7848,0.1350,0.7994,0.1515,-4.72,15.81,0.437,,1,1,19.126,0.2785
165.806,0.7917,0.1436,0.8029,0.1576,-4.59,17.74,0.416,,1,1,19.126,0.2785
165.853,0.8038,0.1547,0.8303,0.1793,-4.53,15.26,0.385,,1,1,19.126,0.2785
165.887,0.8122,0.1632,0.8375,0.1888,-4.25,13.26,0.359,,1,1,19.126,0.2785
165.913,0.8187,0.1683,0.8446,0.1889,-3.74,11.40,0.351,,1,1,19.126,0.2785
165.942,0.8260,0.1740,0.8523,0.1948,-3.65,11.01,0.316,,1,1,19.126,0.2785
165.970,0.8319,0.1805,0.8533,0.2039,-3.50,7.79,0.238,,1,1,19.126,0.2785
165.997,0.8390,0.1918,0.8668,0.2361,-3.51,8.81,0.244,,1,1,19.126,0.2785
166.024,0.8450,0.2005,0.8672,0.2331,-3.53,8.54,0.259,,1,1,19.126,0.2785
166.054,0.8501,0.2093,0.8681,0.2399,-3.41,7.94,0.275,,1,1,19.126,0.2785
166.080,0.8532,0.2163,0.8653,0.2430,-3.51,7.25,0.282,,1,1,19.126,0.2785
166.108,0.8566,0.2205,0.8691,0.2360,-3.60,6.73,0.283,,1,1,19.126,0.2785
166.140,0.8591,0.2252,0.8671,0.2404,-3.29,6.78,0.287,,1,1,19.126,0.2785
166.204,0.8599,0.2257,0.8613,0.2266,-3.44,10.07,0.289,,1,1,19.126,0.2785
166.237,0.8604,0.2284,0.8621,0.2369,-3.44,10.22,0.291,,1,1,19.126,0.2785
166.269,0.8608,0.2292,0.8619,0.2319,-3.38,10.27,0.295,,1,1,19.126,0.2785
166.302,0.8614,0.2288,0.8634,0.2273,-3.26,9.91,0.297,,1,1,19.126,0.2785
166.334,0.8609,0.2302,0.8592,0.2347,-3.32,10.82,0.298,,1,1,19.126,0.2785
166.366,0.8588,0.2309,0.8522,0.2333,-3.25,10.68,0.284,,1,1,19.126,0.2785
166.413,0.8550,0.2369,0.8462,0.2504,-3.15,9.36,0.242,,1,1,19.126,0.2785
166.445,0.8541,0.2413,0.8513,0.2555,-3.23,5.65,0.238,,1,1,19.126,0.2785
166.473,0.8537,0.2458,0.8521,0.2623,-3.17,4.20,0.238,,1,1,19.126,0.2785
166.498,0.8524,0.2478,0.8469,0.2562,-2.83,5.83,0.238,,1,1,19.126,0.2785
166.522,0.8514,0.2496,0.8468,0.2578,-2.96,6.18,0.236,,1,1,19.126,0.2785
166.548,0.8496,0.2501,0.8424,0.2522,-2.61,8.75,0.228,,1,1,19.126,0.2785
166.605,0.8537,0.2565,0.8615,0.2683,-2.28,6.81,0.233,,1,1,19.126,0.2785
166.638,0.8559,0.2592,0.8625,0.2676,-2.23,7.34,0.232,,1,1,19.126,0.2785
166.671,0.8584,0.2617,0.8667,0.2698,-2.30,5.96,0.228,,1,1,19.126,0.2785
166.705,0.8612,0.2624,0.8700,0.2646,-2.88,8.15,0.241,,1,1,19.126,0.2785
166.734,0.8623,0.2620,0.8662,0.2603,-2.85,9.69,0.246,,1,1,19.126,0.2785
166.766,0.8645,0.2593,0.8718,0.2504,-3.07,7.08,0.250,,1,1,19.126,0.2785
166.798,0.8664,0.2569,0.8731,0.2487,-3.21,6.69,0.248,,1,1,19.126,0.2785
166.828,0.8688,0.2549,0.8767,0.2480,-3.40,5.63,0.257,,1,1,19.126,0.2785
166.863,0.8735,0.2527,0.8876,0.2461,-3.53,3.97,0.260,,1,1,19.126,0.2785
166.894,0.8777,0.2510,0.8918,0.2451,-3.29,3.06,0.262,,1,1,19.126,0.2785
166.926,0.8811,0.2543,0.8921,0.2655,-3.17,1.91,0.264,,1,1,19.126,0.2785
166.973,0.8853,0.2579,0.8947,0.2660,-3.02,1.60,0.260,,1,1,19.126,0.2785
167.005,0.8855,0.2597,0.8861,0.2657,-2.94,4.76,0.267,,1,1,19.126,0.2785
167.037,0.8837,0.2679,0.8778,0.2947,-3.31,5.72,0.278,,1,1,19.126,0.2785
167.071,0.8804,0.2761,0.8700,0.3018,-4.20,5.66,0.281,,1,1,19.126,0.2785
167.102,0.8791,0.2871,0.8748,0.3244,-4.11,4.29,0.286,,1,1,19.126,0.2785
167.135,0.8778,0.3007,0.8734,0.3431,-4.39,3.03,0.279,,1,1,19.126,0.2785
167.165,0.8755,0.3116,0.8676,0.3485,-3.92,2.31,0.279,,1,1,19.126,0.2785
167.198,0.8695,0.3230,0.8504,0.3586,-4.38,2.84,0.263,,1,1,19.126,0.2785
167.229,0.8627,0.3309,0.8399,0.3570,-4.55,2.83,0.264,,1,1,19.126,0.2785
167.261,0.8569,0.3343,0.8376,0.3453,-3.96,1.17,0.260,,1,1,19.126,0.2785
167.294,0.8508,0.3355,0.8312,0.3392,-4.52,-1.31,0.260,,1,1,19.126,0.2785
167.325,0.8446,0.3354,0.8245,0.3350,-4.31,1.22,0.262,,1,1,19.126,0.2785
167.360,0.8392,0.3351,0.8228,0.3344,-4.34,0.55,0.263,,1,1,19.126,0.2785
167.389,0.8337,0.3302,0.8144,0.3128,-3.88,2.84,0.255,,1,1,19.126,0.2785
167.421,0.8274,0.3262,0.8072,0.3130,-3.63,5.67,0.257,,1,1,19.126,0.2785
167.454,0.8211,0.3240,0.8009,0.3170,-4.39,-0.05,0.256,,1,1,19.126,0.2785
167.485,0.8169,0.3215,0.8028,0.3130,-4.23,-0.83,0.257,,1,1,19.126,0.2785
167.519,0.8104,0.3176,0.7907,0.3057,-4.03,6.37,0.255,,1,1,19.126,0.2785
167.565,0.8030,0.3178,0.7864,0.3181,-3.95,7.61,0.247,,1,1,19.126,0.2785
167.597,0.7979,0.3187,0.7808,0.3217,-3.75,10.23,0.255,,1,1,19.126,0.2785
167.629,0.7936,0.3193,0.7798,0.3213,-4.00,8.52,0.250,,1,1,19.126,0.2785
167.661,0.7891,0.3217,0.7747,0.3297,-3.93,10.04,0.240,,1,1,19.126,0.2785
167.696,0.7863,0.3212,0.7780,0.3197,-3.97,9.71,0.238,,1,1,19.126,0.2785
167.723,0.7858,0.3212,0.7837,0.3211,-3.93,8.42,0.235,,1,1,19.126,0.2785
167.755,0.7875,0.3198,0.7930,0.3154,-4.08,6.07,0.227,,1,1,19.126,0.2785
167.789,0.7898,0.3188,0.7969,0.3153,-3.97,8.51,0.230,,1,1,19.126,0.2785
167.820,0.7930,0.3173,0.8042,0.3123,-3.94,8.53,0.245,,1,1,19.126,0.2785
167.854,0.7978,0.3178,0.8130,0.3194,-3.57,8.83,0.250,,1,1,19.126,0.2785
167.885,0.8008,0.3192,0.8109,0.3238,-3.65,9.48,0.265,,1,1,19.126,0.2785
167.918,0.8030,0.3179,0.8102,0.3134,-3.70,9.41,0.278,,1,1,19.126,0.2785
167.950,0.8041,0.3140,0.8075,0.3014,-3.62,8.73,0.277,,1,1,19.126,0.2785
167.983,0.8040,0.3119,0.8039,0.3051,-3.68,7.52,0.286,,1,1,19.126,0.2785
168.014,0.8035,0.3106,0.8018,0.3062,-3.41,10.22,0.287,,1,1,19.126,0.2785
168.046,0.8040,0.3095,0.8057,0.3059,-3.39,10.46,0.293,,1,1,19.126,0.2785
168.076,0.8045,0.3076,0.8063,0.3009,-3.29,9.47,0.289,,1,1,19.126,0.2785
168.128,0.8048,0.3031,0.8052,0.2938,-3.42,9.61,0.275,,1,1,19.126,0.2785
168.156,0.8048,0.2984,0.8047,0.2817,-3.27,10.68,0.282,,1,1,19.126,0.2785
168.191,0.8035,0.2949,0.7994,0.2844,-3.34,11.41,0.283,,1,1,19.126,0.2785
168.220,0.8022,0.2933,0.7975,0.2873,-3.37,12.35,0.285,,1,1,19.126,0.2785
168.254,0.8017,0.2925,0.8004,0.2900,-3.65,9.91,0.286,,1,1,19.126,0.2785
168.284,0.8021,0.2919,0.8033,0.2897,-3.59,11.13,0.284,,1,1,19.126,0.2785
168.319,0.8060,0.2905,0.8182,0.2865,-3.62,2.05,0.286,,1,1,19.126,0.2785
168.350,0.8097,0.2913,0.8217,0.2939,-3.53,3.63,0.288,,1,1,19.126,0.2785
168.383,0.8144,0.2927,0.8294,0.2971,-3.76,2.49,0.287,,1,1,19.126,0.2785
168.414,0.8175,0.2939,0.8280,0.2981,-4.34,1.72,0.280,,1,1,19.126,0.2785
168.447,0.8207,0.2922,0.8309,0.2866,-3.67,2.89,0.285,,1,1,19.126,0.2785
168.477,0.8226,0.2914,0.8294,0.2884,-4.14,3.09,0.286,,1,1,19.126,0.2785
168.511,0.8253,0.2903,0.8335,0.2869,-4.09,3.43,0.286,,1,1,19.126,0.2785
168.541,0.8277,0.2886,0.8363,0.2827,-3.48,7.72,0.286,,1,1,19.126,0.2785
168.609,0.8322,0.2942,0.8393,0.3028,-3.17,9.79,0.300,,1,1,19.126,0.2785
168.638,0.8346,0.2972,0.8429,0.3082,-3.31,9.24,0.304,,1,1,19.126,0.2785
168.687,0.8447,0.3022,0.8665,0.3130,-3.85,4.79,0.296,,1,1,19.126,0.2785
168.717,0.8561,0.3075,0.8949,0.3258,-4.51,-1.29,0.298,,1,1,19.126,0.2785
168.742,0.8656,0.3116,0.9046,0.3288,-4.53,-2.95,0.284,,1,1,19.126,0.2785
168.770,0.8750,0.3135,0.9104,0.3206,-4.63,-3.82,0.275,,1,1,19.126,0.2785
168.793,0.8814,0.3149,0.9092,0.3212,-4.91,-3.29,0.272,,1,1,19.126,0.2785
168.821,0.8875,0.3173,0.9106,0.3264,-4.86,-2.20,0.274,,1,1,19.126,0.2785
168.848,0.8875,0.3173,,,-3.85,-9.39,0.271,,1,1,19.126,0.2785
168.877,0.8875,0.3173,,,-3.82,-8.84,0.260,,1,1,19.126,0.2785
168.910,0.8875,0.3173,,,-3.48,-5.29,0.214,,1,1,19.126,0.2785
168.941,0.8426,0.3253,0.8034,0.3323,-2.54,4.01,0.164,,1,1,19.126,0.2785
169.008,0.8169,0.3092,0.7758,0.2834,-2.97,8.29,0.179,,1,1,19.126,0.2785
169.037,0.8083,0.3050,0.7781,0.2903,-2.99,6.80,0.154,,1,1,19.126,0.2785
169.070,0.8004,0.2983,0.7742,0.2758,-2.56,5.29,0.116,,1,1,19.126,0.2785
169.103,0.7941,0.2870,0.7744,0.2518,-2.81,4.66,0.105,,1,1,19.126,0.2785
169.133,0.7915,0.2763,0.7827,0.2405,-2.03,-0.05,0.105,,1,1,19.126,0.2785
169.165,0.7942,0.2597,0.8034,0.2055,-2.39,-1.02,0.117,,1,1,19.126,0.2785
169.198,0.8069,0.2369,0.8493,0.1638,-2.57,-2.33,0.138,,1,1,19.126,0.2785
169.245,0.8317,0.1924,0.8864,0.0984,-1.26,-2.39,0.207,,1,1,19.126,0.2785
169.276,0.8481,0.1685,0.9013,0.0937,-3.25,1.13,0.263,,1,1,19.126,0.2785
169.306,0.8611,0.1510,0.9066,0.0918,-3.22,2.19,0.280,,1,1,19.126,0.2785
169.333,0.8728,0.1406,0.9173,0.1017,-3.08,2.51,0.274,,1,1,19.126,0.2785
169.358,0.8728,0.1406,,,-4.84,-4.41,0.254,,1,1,19.126,0.2785
169.405,0.8728,0.1406,,,-4.12,-8.30,0.260,,1,1,19.126,0.2785
169.439,0.8728,0.1406,,,-5.75,-8.19,0.273,,1,1,19.126,0.2785
169.470,0.8728,0.1406,,,-5.13,-4.62,0.277,,1,1,19.126,0.2785
169.502,0.8728,0.1406,,,-5.66,-4.87,0.270,,1,1,19.126,0.2785
169.534,0.8728,0.1406,,,-5.14,-5.47,0.272,,1,1,19.126,0.2785
169.567,0.8728,0.1406,,,-5.65,-5.60,0.283,,1,1,19.126,0.2785
169.598,0.8728,0.1406,,,-4.52,-7.73,0.289,,1,1,19.126,0.2785
169.630,0.8728,0.1406,,,-4.51,-9.59,0.296,,1,1,19.126,0.2785
169.661,0.8728,0.1406,,,-4.12,-8.77,0.281,,1,1,19.126,0.2785
169.691,0.8728,0.1406,,,-4.17,-8.22,0.274,,1,1,19.126,0.2785
169.725,0.8728,0.1406,,,-4.19,-8.58,0.274,,1,1,19.126,0.2785
169.757,0.8728,0.1406,,,-5.83,-6.18,0.289,,1,1,19.126,0.2785
169.790,0.7571,0.0824,0.7303,0.0691,-4.26,5.02,0.296,,1,1,19.126,0.2785
169.837,0.7571,0.0824,,,-5.36,-4.42,0.293,,1,1,19.126,0.2785
169.869,0.7354,0.0747,0.7065,0.0645,-5.47,-2.51,0.279,,1,1,19.126,0.2785
169.901,0.7278,0.0765,0.7035,0.0823,-5.19,-3.05,0.284,,1,1,19.126,0.2785
169.934,0.7230,0.0784,0.7074,0.0847,-4.97,-2.85,0.285,,1,1,19.126,0.2785
169.965,0.7215,0.0724,0.7166,0.0524,-4.87,-3.48,0.284,,1,1,19.126,0.2785
169.997,0.7214,0.0556,0.7208,0.0008,-4.62,-2.56,0.295,,1,1,19.126,0.2785
170.031,0.7268,0.0369,0.7436,-0.0189,-5.02,-0.87,0.288,,1,1,19.126,0.2785
170.062,0.7376,0.0265,0.7755,-0.0090,-5.31,-0.91,0.289,,1,1,19.126,0.2785
170.093,0.7538,0.0226,0.8071,0.0099,-4.33,0.66,0.291,,1,1,19.126,0.2785
170.125,0.7705,0.0256,0.8245,0.0354,-5.23,-2.05,0.300,,1,1,19.126,0.2785
170.157,0.7705,0.0256,,,-5.29,-7.25,0.293,,1,1,19.126,0.2785
170.190,0.7705,0.0256,,,-5.16,-9.45,0.297,,1,1,19.126,0.2785
170.221,0.7705,0.0256,,,-4.54,-9.70,0.293,,1,1,19.126,0.2785
170.253,0.7705,0.0256,,,-4.78,-7.21,0.331,,1,1,19.126,0.2785
170.286,0.7705,0.0256,,,-4.66,-6.36,0.327,,1,1,19.126,0.2785
170.319,0.7705,0.0256,,,-5.53,-5.84,0.325,,1,1,19.126,0.2785
170.349,0.7705,0.0256,,,-5.57,-6.71,0.333,,1,1,19.126,0.2785
170.396,0.7705,0.0256,,,-5.50,-5.42,0.330,,1,1,19.126,0.2785
170.428,0.9022,0.0969,0.9473,0.1218,-5.47,-3.96,0.330,,1,1,19.126,0.2785
170.461,0.9022,0.0969,,,-4.67,-4.07,0.311,,1,1,19.126,0.2785
170.493,0.9182,0.1141,0.9442,0.1422,-4.66,-3.76,0.316,,1,1,19.126,0.2785
170.526,0.9182,0.1141,,,-4.53,-4.60,0.303,,1,1,19.126,0.2785
170.560,0.9182,0.1141,,,-4.48,-6.78,0.305,,1,1,19.126,0.2785
170.591,0.9182,0.1141,,,-4.51,-6.94,0.309,,1,1,19.126,0.2785
170.623,0.9182,0.1141,,,-4.02,-6.69,0.305,,1,1,19.126,0.2785
170.654,0.9182,0.1141,,,-4.07,-6.93,0.306,,1,1,19.126,0.2785
170.686,0.9182,0.1141,,,-4.11,-6.79,0.312,,1,1,19.126,0.2785
170.719,0.9182,0.1141,,,-4.55,-8.71,0.306,,1,1,19.126,0.2785
170.749,0.9182,0.1141,,,-4.66,-9.21,0.308,,1,1,19.126,0.2785
170.780,0.9182,0.1141,,,-4.76,-10.18,0.311,,1,1,19.126,0.2785
170.816,0.9182,0.1141,,,-4.33,-6.37,0.315,,1,1,19.126,0.2785
170.847,0.9182,0.1141,,,-4.17,-8.15,0.314,,1,1,19.126,0.2785
170.877,0.9182,0.1141,,,-4.38,-7.73,0.314,,1,1,19.126,0.2785
170.911,0.9182,0.1141,,,-4.27,-7.32,0.313,,1,1,19.126,0.2785
170.956,0.9182,0.1141,,,-4.42,-7.16,0.321,,1,1,19.126,0.2785
170.989,0.9182,0.1141,,,-4.32,-6.89,0.318,,1,1,19.126,0.2785
171.019,0.9182,0.1141,,,-4.46,-7.54,0.299,,1,1,19.126,0.2785
171.053,0.9182,0.1141,,,-4.37,-8.74,0.301,,1,1,19.126,0.2785
171.087,0.9182,0.1141,,,-4.72,-8.33,0.285,,1,1,19.126,0.2785
171.117,0.9182,0.1141,,,-4.93,-9.27,0.300,,1,1,19.126,0.2785
171.150,0.9182,0.1141,,,-5.14,-7.62,0.301,,1,1,19.126,0.2785
171.180,0.9182,0.1141,,,-5.02,-7.53,0.314,,1,1,19.126,0.2785
171.213,0.9182,0.1141,,,-4.98,-8.76,0.313,,1,1,19.126,0.2785
171.244,0.9182,0.1141,,,-4.88,-6.66,0.308,,1,1,19.126,0.2785
171.277,0.9182,0.1141,,,-4.78,-7.71,0.309,,1,1,19.126,0.2785
171.308,0.9182,0.1141,,,-4.42,-7.77,0.292,,1,1,19.126,0.2785
171.340,0.9182,0.1141,,,-4.78,-8.71,0.294,,1,1,19.126,0.2785
171.409,0.9182,0.1141,,,-4.60,-9.35,0.291,,1,1,19.126,0.2785
171.437,0.9182,0.1141,,,-4.84,-10.29,0.289,,1,1,19.126,0.2785
171.470,0.9182,0.1141,,,-4.81,-10.33,0.297,,1,1,19.126,0.2785
171.516,0.9182,0.1141,,,-4.66,-10.72,0.298,,1,1,19.126,0.2785
171.549,0.9182,0.1141,,,-4.64,-10.18,0.283,,1,1,19.126,0.2785
171.574,0.9182,0.1141,,,-4.64,-10.87,0.287,,1,1,19.126,0.2785
171.602,0.9182,0.1141,,,-4.29,-10.22,0.301,,1,1,19.126,0.2785
171.625,0.9182,0.1141,,,-4.21,-9.20,0.318,,1,1,19.126,0.2785
171.654,0.9182,0.1141,,,-4.93,-10.70,0.339,,1,1,19.126,0.2785
171.681,0.9182,0.1141,,,-5.62,-11.65,0.443,,1,1,19.126,0.2785
171.711,0.9182,0.1141,,,-5.64,-12.09,0.482,,1,1,19.126,0.2785
171.741,0.9182,0.1141,,,-6.25,-13.24,0.475,,1,1,19.126,0.2785
171.805,0.9182,0.1141,,,-6.35,-13.78,0.485,,1,1,19.126,0.2785
171.837,0.9182,0.1141,,,-6.38,-15.35,0.491,,1,1,19.126,0.2785
171.870,0.9182,0.1141,,,-5.82,-13.06,0.487,,1,1,19.126,0.2785
171.902,0.9182,0.1141,,,-5.66,-12.60,0.479,,1,1,19.126,0.2785
171.932,0.9182,0.1141,,,-5.40,-11.50,0.485,,1,1,19.126,0.2785
171.965,0.9182,0.1141,,,-5.49,-11.97,0.484,,1,1,19.126,0.2785
171.997,0.9182,0.1141,,,-5.66,-12.88,0.483,,1,1,19.126,0.2785
172.030,0.9182,0.1141,,,-5.82,-13.47,0.475,,1,1,19.126,0.2785
172.062,0.9182,0.1141,,,-5.97,-12.29,0.471,,1,1,19.126,0.2785
172.110,0.9182,0.1141,,,-5.59,-9.94,0.453,,1,1,19.126,0.2785
172.141,0.9182,0.1141,,,-5.65,-11.51,0.455,,1,1,19.126,0.2785
172.168,0.9182,0.1141,,,-5.79,-12.16,0.453,,1,1,19.126,0.2785
172.205,0.9182,0.1141,,,-5.68,-13.58,0.450,,1,1,19.126,0.2785
172.237,0.9182,0.1141,,,-6.35,-10.86,0.451,,1,1,19.126,0.2785
172.272,0.7772,0.0000,0.7474,-0.1198,-4.97,5.15,0.452,,1,1,19.126,0.2785
172.303,0.7713,0.0000,0.7527,-0.1061,-3.32,10.91,0.447,,1,1,19.126,0.2785
172.334,0.7610,0.0000,0.7269,-0.1347,-5.08,0.90,0.453,,1,1,19.126,0.2785
172.366,0.7555,0.0000,0.7370,-0.1068,-4.71,6.15,0.459,,1,1,19.126,0.2785
172.397,0.7496,0.0000,0.7300,-0.1036,-5.31,8.85,0.470,,1,1,19.126,0.2785
172.430,0.7454,0.0000,0.7319,-0.1162,-5.11,10.57,0.459,,1,1,19.126,0.2785
172.462,0.7494,0.0000,0.7626,-0.1117,-6.21,9.23,0.471,,1,1,19.126,0.2785
172.494,0.7556,0.0000,0.7760,-0.1188,-5.86,7.69,0.476,,1,1,19.126,0.2785
172.525,0.7630,0.0000,0.7877,-0.1241,-5.91,7.58,0.479,,1,1,19.126,0.2785
172.557,0.7655,0.0000,0.7742,-0.2012,-5.80,6.97,0.478,,1,1,19.126,0.2785
172.589,0.7748,0.0000,0.8046,-0.2366,-5.82,8.48,0.482,,1,1,19.126,0.2785
172.621,0.7858,0.0000,0.8217,-0.2671,-5.00,6.94,0.471,,1,1,19.126,0.2785
172.669,0.7974,0.0000,0.8226,-0.2593,-4.89,6.86,0.475,,1,1,19.126,0.2785
172.702,0.8025,0.0000,0.8187,-0.2476,-5.68,8.40,0.469,,1,1,19.126,0.2785
172.734,0.8093,0.0000,0.8314,-0.2627,-5.40,7.50,0.477,,1,1,19.126,0.2785
172.765,0.8093,0.0000,,,-5.89,-8.45,0.478,,1,1,19.126,0.2785
172.797,0.8093,0.0000,,,-6.06,-6.77,0.469,,1,1,19.126,0.2785
172.828,0.8093,0.0000,,,-5.15,-5.82,0.471,,1,1,19.126,0.2785
172.862,0.8093,0.0000,,,-4.91,-10.28,0.469,,1,1,19.126,0.2785
172.894,0.8093,0.0000,,,-5.43,-9.44,0.474,,1,1,19.126,0.2785
172.923,0.8093,0.0000,,,-5.50,-9.59,0.474,,1,1,19.126,0.2785
172.957,0.8093,0.0000,,,-5.26,-11.17,0.484,,1,1,19.126,0.2785
172.989,0.8093,0.0000,,,-5.27,-11.55,0.483,,1,1,19.126,0.2785
173.024,0.8093,0.0000,,,-5.43,-10.77,0.476,,1,1,19.126,0.2785
173.053,0.8093,0.0000,,,-5.52,-11.94,0.461,,1,1,19.126,0.2785
173.086,0.8093,0.0000,,,-5.15,-12.96,0.451,,1,1,19.126,0.2785
173.118,0.8093,0.0000,,,-5.89,-11.60,0.450,,1,1,19.126,0.2785
173.148,0.8093,0.0000,,,-5.90,-10.51,0.453,,1,1,19.126,0.2785
173.183,0.8093,0.0000,,,-5.51,-10.56,0.452,,1,1,19.126,0.2785
173.229,0.8093,0.0000,,,-5.10,-10.14,0.454,,1,1,19.126,0.2785
173.261,0.8093,0.0000,,,-6.15,-9.70,0.451,,1,1,19.126,0.2785
173.294,0.7469,0.0000,0.7337,-0.3616,-4.00,1.30,0.397,,1,1,19.126,0.2785
173.325,0.7299,0.0000,0.6722,-0.3979,-3.67,1.31,0.296,,1,1,19.126,0.2785
173.358,0.7066,0.0000,0.6346,-0.4330,-4.57,10.03,0.293,,1,1,19.126,0.2785
173.390,0.6742,0.0000,0.5720,-0.4759,-4.13,10.68,0.300,,1,1,19.126,0.2785
173.423,0.6319,0.0000,0.5032,-0.5180,-3.70,15.28,0.315,,1,1,19.126,0.2785
173.452,0.5913,0.0000,0.4565,-0.5340,-3.51,18.07,0.338,,1,1,19.126,0.2785
173.486,0.5484,0.0000,0.4243,-0.5843,-3.06,17.71,0.357,,1,1,19.126,0.2785
173.517,0.5116,0.0000,0.4002,-0.6261,-3.14,17.92,0.370,,1,1,19.126,0.2785
173.550,0.4772,0.0000,0.3776,-0.6658,-2.99,19.62,0.375,,1,1,19.126,0.2785
173.583,0.4423,0.0000,0.3420,-0.7044,-2.98,17.83,0.376,,1,1,19.126,0.2785
173.615,0.4158,0.0000,0.3367,-0.7286,-3.12,18.21,0.383,,1,1,19.126,0.2785
173.650,0.3949,0.0000,0.3383,-0.7184,-3.72,19.72,0.388,,1,1,19.126,0.2785
173.686,0.3815,0.0000,0.3453,-0.7229,-3.35,19.47,0.392,,1,1,19.126,0.2785
173.721,0.3718,0.0000,0.3452,-0.7188,-3.26,18.87,0.394,,1,1,19.126,0.2785
173.751,0.3620,0.0000,0.3290,-0.6780,-3.09,17.73,0.383,,1,1,19.126,0.2785
173.832,0.3108,0.0000,0.2480,-0.4569,-4.14,20.44,0.421,,1,1,19.126,0.2785
173.857,0.2971,0.0000,0.2439,-0.4171,-4.50,19.59,0.422,,1,1,19.126,0.2785
173.884,0.2725,0.0000,0.1789,-0.3770,-5.09,22.64,0.421,,1,1,19.126,0.2785
173.911,0.2339,0.0000,0.1006,-0.3411,-5.05,24.81,0.421,,1,1,19.126,0.2785
173.937,0.1836,0.0000,0.0020,-0.2821,-5.70,26.88,0.423,,1,1,19.126,0.2785
173.963,0.1320,0.0000,-0.0528,-0.2425,-5.73,28.72,0.423,,1,1,19.126,0.2785
173.988,0.0921,0.0000,-0.1057,-0.1788,-7.07,29.31,0.401,,1,1,19.126,0.2785
174.016,0.0593,0.0000,-0.1246,-0.1531,-7.33,29.83,0.411,,1,1,19.126,0.2785
174.045,0.0326,0.0000,-0.1247,-0.1230,-7.03,29.34,0.408,,1,1,19.126,0.2785
174.077,0.0120,0.0000,-0.1242,-0.0772,-6.85,28.86,0.410,,1,1,19.126,0.2785
174.109,0.0000,0.0000,-0.1032,-0.0077,-6.88,29.59,0.429,,1,1,19.126,0.2785
174.141,0.0000,0.0000,-0.0990,0.0530,-6.78,29.14,0.427,,1,1,19.126,0.2785
174.206,0.0000,0.0194,-0.0803,0.0784,-6.85,28.63,0.431,,1,1,19.126,0.2785
174.238,0.0000,0.0348,-0.0759,0.0850,-6.94,28.60,0.430,,1,1,19.126,0.2785
174.269,0.0000,0.0500,-0.0502,0.0994,-6.54,27.91,0.435,,1,1,19.126,0.2785
174.301,0.0000,0.0667,-0.0105,0.1200,-6.24,28.10,0.427,,1,1,19.126,0.2785
174.334,0.0000,0.0844,0.0261,0.1373,-6.24,28.04,0.426,,1,1,19.126,0.2785
174.381,0.0183,0.1057,0.0992,0.1522,-5.90,25.28,0.424,,1,1,19.126,0.2785
174.414,0.0514,0.1296,0.1545,0.2010,-5.65,25.93,0.425,,1,1,19.126,0.2785
174.441,0.0763,0.1462,0.1702,0.2076,-5.86,25.72,0.426,,1,1,19.126,0.2785
174.470,0.1072,0.1666,0.2141,0.2361,-6.31,25.15,0.427,,1,1,19.126,0.2785
174.500,0.1419,0.1877,0.2589,0.2589,-6.17,24.29,0.421,,1,1,19.126,0.2785
174.526,0.1817,0.2137,0.3269,0.3091,-5.89,21.70,0.427,,1,1,19.126,0.2785
174.553,0.2203,0.2442,0.3574,0.3544,-6.60,20.88,0.423,,1,1,19.126,0.2785
174.604,0.2924,0.2894,0.4253,0.3745,-6.32,19.52,0.426,,1,1,19.126,0.2785
174.637,0.3416,0.3167,0.4818,0.3969,-5.89,18.00,0.424,,1,1,19.126,0.2785
174.669,0.3838,0.3380,0.5066,0.4021,-5.97,17.06,0.431,,1,1,19.126,0.2785
174.702,0.4385,0.3699,0.5907,0.4630,-5.76,18.18,0.429,,1,1,19.126,0.2785
174.732,0.4927,0.3980,0.6585,0.4885,-6.37,12.77,0.429,,1,1,19.126,0.2785
174.766,0.5404,0.4267,0.6702,0.5090,-6.11,12.90,0.430,,1,1,19.126,0.2785
174.797,0.5778,0.4413,0.6873,0.4865,-6.32,5.34,0.430,,1,1,19.126,0.2785
174.829,0.6070,0.4602,0.6902,0.5171,-6.27,11.71,0.430,,1,1,19.126,0.2785
174.861,0.6274,0.4667,0.6866,0.4866,-6.68,6.56,0.421,,1,1,19.126,0.2785
174.892,0.6457,0.4756,0.7031,0.5052,-6.35,13.57,0.425,,1,1,19.126,0.2785
174.940,0.6618,0.4844,0.6930,0.5021,-6.41,12.13,0.425,,1,1,19.126,0.2785
174.972,0.6684,0.4868,0.6881,0.4942,-6.28,13.96,0.423,,1,1,19.126,0.2785
175.004,0.6733,0.4884,0.6887,0.4937,-5.96,13.92,0.426,,1,1,19.126,0.2785
175.037,0.6791,0.4895,0.6963,0.4928,-6.04,13.02,0.425,,1,1,19.126,0.2785
175.070,0.6844,0.4883,0.7001,0.4847,-5.69,12.14,0.421,,1,1,19.126,0.2785
175.102,0.6861,0.4858,0.6915,0.4778,-5.54,15.70,0.414,,1,1,19.126,0.2785
175.134,0.6872,0.4826,0.6907,0.4721,-5.19,15.21,0.416,,1,1,19.126,0.2785
175.168,0.6846,0.4805,0.6763,0.4738,-5.03,19.19,0.422,,1,1,19.126,0.2785
175.202,0.6808,0.4750,0.6698,0.4588,-5.02,17.50,0.416,,1,1,19.126,0.2785
175.230,0.6732,0.4698,0.6449,0.4500,-5.21,17.88,0.413,,1,1,19.126,0.2785
175.262,0.6564,0.4622,0.6009,0.4370,-5.43,19.54,0.413,,1,1,19.126,0.2785
175.295,0.6301,0.4426,0.5462,0.3802,-5.52,19.97,0.417,,1,1,19.126,0.2785
175.326,0.6047,0.4223,0.5182,0.3527,-5.44,20.22,0.417,,1,1,19.126,0.2785
175.357,0.5768,0.3974,0.4887,0.3188,-5.64,19.99,0.420,,1,1,19.126,0.2785
175.389,0.5403,0.3680,0.4255,0.2743,-5.75,19.73,0.420,,1,1,19.126,0.2785
175.421,0.5020,0.3378,0.3849,0.2441,-5.70,19.75,0.427,,1,1,19.126,0.2785
175.453,0.4576,0.3054,0.3263,0.2081,-5.96,22.40,0.422,,1,1,19.126,0.2785
175.501,0.4038,0.2658,0.2956,0.1846,-5.99,22.72,0.420,,1,1,19.126,0.2785
175.534,0.3703,0.2417,0.2721,0.1696,-5.75,20.78,0.420,,1,1,19.126,0.2785
175.565,0.3451,0.2221,0.2688,0.1612,-5.85,22.41,0.428,,1,1,19.126,0.2785
175.597,0.3247,0.2042,0.2625,0.1488,-5.85,21.59,0.428,,1,1,19.126,0.2785
175.629,0.3108,0.1910,0.2692,0.1510,-5.38,21.68,0.422,,1,1,19.126,0.2785
175.660,0.3023,0.1812,0.2752,0.1498,-5.34,21.60,0.419,,1,1,19.126,0.2785
175.693,0.2942,0.1719,0.2703,0.1439,-5.42,22.47,0.413,,1,1,19.126,0.2785
175.726,0.2890,0.1678,0.2732,0.1553,-5.30,22.29,0.411,,1,1,19.126,0.2785
175.758,0.2871,0.1646,0.2812,0.1543,-5.29,21.24,0.394,,1,1,19.126,0.2785
175.790,0.2903,0.1656,0.3003,0.1687,-5.17,21.87,0.337,,1,1,19.126,0.2785
175.820,0.3047,0.1825,0.3537,0.2403,-4.65,17.32,0.221,,1,1,19.126,0.2785
175.853,0.3211,0.2075,0.3731,0.2873,-4.36,16.49,0.163,,1,1,19.126,0.2785
175.886,0.3449,0.2341,0.4213,0.3188,-4.40,16.44,0.201,,1,1,19.126,0.2785
175.917,0.3705,0.2552,0.4541,0.3239,-4.20,15.34,0.220,,1,1,19.126,0.2785
175.951,0.3960,0.2738,0.4749,0.3312,-4.13,15.44,0.247,,1,1,19.126,0.2785
175.981,0.4218,0.2942,0.5088,0.3633,-4.81,14.51,0.283,,1,1,19.126,0.2785
176.013,0.4548,0.3235,0.5545,0.4123,-4.73,12.78,0.288,,1,1,19.126,0.2785
176.045,0.4860,0.3548,0.5826,0.4525,-4.28,12.10,0.296,,1,1,19.126,0.2785
176.095,0.5208,0.3872,0.5896,0.4512,-4.92,13.38,0.299,,1,1,19.126,0.2785
176.125,0.5377,0.4007,0.5938,0.4463,-4.81,11.86,0.296,,1,1,19.126,0.2785
176.158,0.5521,0.4137,0.5954,0.4528,-4.76,12.80,0.301,,1,1,19.126,0.2785
176.188,0.5597,0.4207,0.5846,0.4436,-4.88,13.90,0.310,,1,1,19.126,0.2785
176.221,0.5630,0.4251,0.5732,0.4388,-5.00,15.90,0.334,,1,1,19.126,0.2785
176.252,0.5658,0.4231,0.5747,0.4168,-4.85,14.84,0.342,,1,1,19.126,0.2785
176.286,0.5666,0.4199,0.5692,0.4099,-4.92,15.29,0.346,,1,1,19.126,0.2785
176.317,0.5660,0.4160,0.5639,0.4035,-4.79,14.62,0.350,,1,1,19.126,0.2785
176.353,0.5590,0.4110,0.5383,0.3962,-4.90,16.76,0.354,,1,1,19.126,0.2785
176.381,0.5500,0.4031,0.5168,0.3737,-5.05,17.49,0.354,,1,1,19.126,0.2785
176.414,0.5348,0.3929,0.4843,0.3590,-4.93,18.54,0.352,,1,1,19.126,0.2785
176.445,0.5188,0.3814,0.4663,0.3434,-5.13,18.72,0.350,,1,1,19.126,0.2785
176.478,0.5058,0.3719,0.4652,0.3424,-4.98,18.59,0.348,,1,1,19.126,0.2785
176.508,0.4920,0.3586,0.4446,0.3126,-5.19,17.66,0.339,,1,1,19.126,0.2785
176.541,0.4811,0.3479,0.4468,0.3137,-4.82,15.30,0.234,,1,1,19.126,0.2785
176.606,0.4642,0.3700,0.4373,0.4057,-4.35,12.67,0.110,,1,1,19.126,0.2785
176.652,0.4550,0.3876,0.4347,0.4277,-4.43,11.63,0.125,,1,1,19.126,0.2785
176.687,0.4499,0.4002,0.4348,0.4384,-4.87,11.70,0.150,,1,1,19.126,0.2785
176.715,0.4461,0.4084,0.4321,0.4388,-5.17,11.93,0.167,,1,1,19.126,0.2785
176.743,0.4428,0.4246,0.4302,0.4853,-5.80,11.82,0.193,,1,1,19.126,0.2785
176.770,0.4387,0.4510,0.4231,0.5498,-5.92,12.93,0.199,,1,1,19.126,0.2785
176.796,0.4340,0.4958,0.4155,0.6660,-7.26,13.48,0.224,,1,1,19.126,0.2785
176.823,0.4283,0.5746,0.4062,0.8492,-7.18,13.05,0.240,,1,1,19.126,0.2785
176.855,0.4211,0.6935,0.3977,1.0294,-7.75,12.76,0.262,,1,1,19.126,0.2785
176.884,0.4150,0.7841,0.3935,1.1851,-8.42,12.15,0.292,,1,1,19.126,0.2785
176.913,0.4098,0.8512,0.3912,1.3190,-8.16,12.68,0.336,,1,1,19.126,0.2785
176.940,0.4038,0.8982,0.3808,1.4198,-9.11,11.43,0.359,,1,1,19.126,0.2785
177.007,0.3844,0.9635,0.3547,1.5539,-9.69,14.76,0.385,,1,1,19.126,0.2785
177.036,0.3773,0.9839,0.3508,1.5911,-9.38,14.27,0.376,,1,1,19.126,0.2785
177.070,0.3724,1.0000,0.3581,1.6661,-9.89,14.00,0.377,,1,1,19.126,0.2785
177.102,0.3686,1.0000,0.3561,1.6834,-10.52,14.22,0.388,,1,1,19.126,0.2785
177.134,0.3651,1.0000,0.3537,1.7210,-10.14,14.65,0.398,,1,1,19.126,0.2785
177.165,0.3632,1.0000,0.3570,1.7353,-10.03,14.26,0.407,,1,1,19.126,0.2785
177.213,0.3601,1.0000,0.3534,1.7206,-10.18,13.19,0.394,,1,1,19.126,0.2785
177.245,0.3572,1.0000,0.3477,1.6794,-10.10,12.59,0.391,,1,1,19.126,0.2785
177.273,0.3493,1.0000,0.3198,1.6328,-9.97,12.35,0.394,,1,1,19.126,0.2785
177.300,0.3421,1.0000,0.3151,1.6175,-10.02,12.07,0.388,,1,1,19.126,0.2785
177.329,0.3404,1.0000,0.3342,1.6350,-9.97,13.76,0.402,,1,1,19.126,0.2785
177.355,0.3347,1.0000,0.3120,1.5643,-10.49,14.35,0.413,,1,1,19.126,0.2785
177.405,0.3032,1.0000,0.2385,1.3145,-10.00,19.21,0.456,,1,1,19.126,0.2785
177.436,0.2821,1.0000,0.2132,1.1731,-8.60,19.39,0.441,,1,1,19.126,0.2785
177.470,0.2634,1.0000,0.2067,1.0143,-9.92,19.22,0.452,,1,1,19.126,0.2785
177.502,0.2512,0.9947,0.2124,0.8466,-9.51,19.21,0.467,,1,1,19.126,0.2785
177.533,0.2429,0.9400,0.2155,0.7625,-8.55,20.05,0.476,,1,1,19.126,0.2785
177.566,0.2376,0.8825,0.2214,0.7137,-7.93,22.04,0.460,,1,1,19.126,0.2785
177.599,0.2361,0.8225,0.2315,0.6466,-7.90,20.86,0.465,,1,1,19.126,0.2785
177.629,0.2363,0.7678,0.2370,0.6001,-8.26,21.37,0.468,,1,1,19.126,0.2785
177.660,0.2412,0.7208,0.2578,0.5808,-7.98,21.02,0.466,,1,1,19.126,0.2785
177.693,0.2501,0.6659,0.2782,0.5121,-7.95,19.11,0.468,,1,1,19.126,0.2785
177.724,0.2573,0.6208,0.2815,0.4908,-7.29,18.56,0.472,,1,1,19.126,0.2785
177.774,0.2652,0.5742,0.2822,0.4864,-7.99,18.57,0.475,,1,1,19.126,0.2785
177.804,0.2739,0.5345,0.3037,0.4145,-7.59,17.66,0.478,,1,1,19.126,0.2785
177.837,0.2804,0.4986,0.3012,0.3981,-7.70,18.87,0.474,,1,1,19.126,0.2785
177.868,0.2857,0.4684,0.3035,0.3778,-7.64,19.46,0.475,,1,1,19.126,0.2785
177.901,0.2909,0.4396,0.3076,0.3575,-7.45,19.77,0.470,,1,1,19.126,0.2785
177.935,0.2971,0.4111,0.3162,0.3325,-7.54,19.92,0.474,,1,1,19.126,0.2785
177.965,0.3035,0.3904,0.3258,0.3255,-7.50,19.15,0.474,,1,1,19.126,0.2785
177.997,0.3189,0.3771,0.3680,0.3377,-7.04,18.98,0.458,,1,1,19.126,0.2785
178.029,0.3424,0.3669,0.4186,0.3359,-6.24,19.78,0.455,,1,1,19.126,0.2785
178.065,0.3680,0.3567,0.4390,0.3295,-6.40,21.50,0.454,,1,1,19.126,0.2785
178.098,0.3983,0.3407,0.4897,0.2934,-6.54,19.31,0.455,,1,1,19.126,0.2785
178.133,0.4370,0.3280,0.5468,0.2919,-6.41,16.11,0.464,,1,1,19.126,0.2785
178.167,0.4370,0.3280,,,-6.41,-8.72,0.443,,1,1,19.126,0.2785
178.197,0.4370,0.3280,,,-6.50,-13.60,0.446,,1,1,19.126,0.2785
178.226,0.4370,0.3280,,,-7.11,-19.71,0.448,,1,1,19.126,0.2785
178.258,0.4370,0.3280,,,-7.41,-22.12,0.454,,1,1,19.126,0.2785
178.286,0.4370,0.3280,,,-7.59,-23.47,0.458,,1,1,19.126,0.2785
178.317,0.4370,0.3280,,,-7.51,-23.59,0.456,,1,1,19.126,0.2785
178.368,0.4370,0.3280,,,-7.85,-24.00,0.451,,1,1,19.126,0.2785
178.398,0.4370,0.3280,,,-7.70,-23.21,0.451,,1,1,19.126,0.2785
178.429,0.4370,0.3280,,,-7.81,-24.27,0.456,,1,1,19.126,0.2785
178.460,0.4370,0.3280,,,-7.92,-24.11,0.454,,1,1,19.126,0.2785
178.491,0.4370,0.3280,,,-7.73,-24.52,0.449,,1,1,19.126,0.2785
178.525,0.4370,0.3280,,,-7.77,-24.24,0.457,,1,1,19.126,0.2785
178.557,0.4370,0.3280,,,-8.22,-23.80,0.459,,1,1,19.126,0.2785
178.590,0.4370,0.3280,,,-7.64,-23.32,0.455,,1,1,19.126,0.2785
178.621,0.4370,0.3280,,,-7.92,-23.82,0.452,,1,1,19.126,0.2785
178.652,0.4370,0.3280,,,-8.12,-24.97,0.454,,1,1,19.126,0.2785
178.686,0.4370,0.3280,,,-7.85,-25.05,0.458,,1,1,19.126,0.2785
178.716,0.4370,0.3280,,,-8.37,-26.60,0.465,,1,1,19.126,0.2785
178.750,0.4370,0.3280,,,-6.66,-21.49,0.452,,1,1,19.126,0.2785
178.780,0.4370,0.3280,,,-6.90,-19.60,0.437,,1,1,19.126,0.2785
178.813,0.4370,0.3280,,,-7.06,-15.29,0.430,,1,1,19.126,0.2785
178.846,0.7033,0.2134,0.7579,0.1897,-5.42,16.17,0.444,,1,1,19.126,0.2785
178.876,0.6904,0.1984,0.6455,0.1472,-5.26,19.08,0.441,,1,1,19.126,0.2785
178.924,0.6427,0.1665,0.5389,0.0991,-5.41,19.50,0.446,,1,1,19.126,0.2785
178.956,0.6050,0.1443,0.4843,0.0744,-5.20,22.14,0.447,,1,1,19.126,0.2785
178.988,0.5632,0.1271,0.4336,0.0735,-5.51,22.89,0.441,,1,1,19.126,0.2785
179.022,0.5267,0.1095,0.4204,0.0572,-5.13,19.73,0.425,,1,1,19.126,0.2785
179.052,0.4979,0.1047,0.4029,0.0887,-5.20,22.19,0.423,,1,1,19.126,0.2785
179.085,0.4653,0.1007,0.3710,0.0884,-4.93,21.88,0.424,,1,1,19.126,0.2785
179.118,0.4359,0.0944,0.3493,0.0750,-5.01,22.87,0.429,,1,1,19.126,0.2785
179.150,0.4074,0.0852,0.3183,0.0546,-5.14,21.69,0.429,,1,1,19.126,0.2785
179.181,0.3766,0.0751,0.2849,0.0433,-5.18,23.06,0.425,,1,1,19.126,0.2785
179.214,0.3490,0.0631,0.2691,0.0263,-5.27,21.63,0.419,,1,1,19.126,0.2785
179.246,0.3263,0.0558,0.2565,0.0320,-5.45,21.55,0.420,,1,1,19.126,0.2785
179.278,0.3126,0.0523,0.2697,0.0407,-5.55,22.01,0.424,,1,1,19.126,0.2785
179.310,0.3068,0.0482,0.2897,0.0357,-5.50,20.82,0.427,,1,1,19.126,0.2785
179.342,0.3068,0.0477,0.3068,0.0463,-5.63,20.16,0.433,,1,1,19.126,0.2785
179.405,0.3222,0.0579,0.3469,0.0748,-6.09,16.63,0.425,,1,1,19.126,0.2785
179.437,0.3551,0.0741,0.4631,0.1276,-5.93,15.20,0.429,,1,1,19.126,0.2785
179.485,0.4295,0.1155,0.5893,0.2051,-5.46,17.17,0.443,,1,1,19.126,0.2785
179.518,0.4295,0.1155,,,-8.09,-5.25,0.448,,1,1,19.126,0.2785
179.544,0.4295,0.1155,,,-7.86,-12.78,0.450,,1,1,19.126,0.2785
179.569,0.4295,0.1155,,,-6.76,-11.96,0.451,,1,1,19.126,0.2785
179.595,0.4295,0.1155,,,-7.06,-14.64,0.452,,1,1,19.126,0.2785
179.620,0.4295,0.1155,,,-7.11,-15.44,0.460,,1,1,19.126,0.2785
179.646,0.4295,0.1155,,,-7.21,-17.42,0.455,,1,1,19.126,0.2785
179.678,0.4295,0.1155,,,-6.98,-15.54,0.455,,1,1,19.126,0.2785
179.711,0.4295,0.1155,,,-6.98,-15.51,0.455,,1,1,19.126,0.2785
179.741,0.4295,0.1155,,,-7.24,-16.16,0.456,,1,1,19.126,0.2785
179.805,0.4295,0.1155,,,-7.35,-18.74,0.465,,1,1,19.126,0.2785
179.837,0.4295,0.1155,,,-7.13,-17.52,0.464,,1,1,19.126,0.2785
179.868,0.4295,0.1155,,,-6.92,-16.29,0.456,,1,1,19.126,0.2785
179.903,0.4295,0.1155,,,-6.47,-13.79,0.452,,1,1,19.126,0.2785
179.934,0.4295,0.1155,,,-6.62,-13.93,0.452,,1,1,19.126,0.2785
179.966,0.4295,0.1155,,,-6.87,-16.05,0.455,,1,1,19.126,0.2785
179.999,0.6516,0.2418,0.6978,0.2683,-6.11,14.00,0.446,,1,1,19.126,0.2785
180.044,0.6426,0.2327,0.6216,0.2115,-6.08,13.10,0.446,,1,1,19.126,0.2785
180.078,0.6183,0.2194,0.5431,0.1779,-5.47,15.45,0.448,,1,1,19.126,0.2785
180.105,0.5996,0.2099,0.5284,0.1733,-5.52,15.30,0.451,,1,1,19.126,0.2785
180.132,0.5800,0.1985,0.5026,0.1532,-5.23,14.90,0.448,,1,1,19.126,0.2785
180.157,0.5546,0.1841,0.4522,0.1247,-5.39,15.64,0.448,,1,1,19.126,0.2785
180.205,0.5058,0.1565,0.4069,0.0992,-5.67,21.10,0.436,,1,1,19.126,0.2785
180.237,0.4774,0.1353,0.3867,0.0657,-5.71,18.75,0.439,,1,1,19.126,0.2785
180.270,0.4537,0.1110,0.3841,0.0382,-5.54,19.14,0.446,,1,1,19.126,0.2785
180.300,0.4362,0.0903,0.3792,0.0214,-5.09,17.12,0.447,,1,1,19.126,0.2785
180.333,0.4187,0.0736,0.3669,0.0238,-5.39,18.56,0.448,,1,1,19.126,0.2785
180.365,0.4029,0.0620,0.3546,0.0259,-5.39,18.84,0.448,,1,1,19.126,0.2785
180.397,0.3878,0.0562,0.3398,0.0375,-5.39,19.62,0.445,,1,1,19.126,0.2785
180.429,0.3755,0.0487,0.3373,0.0251,-5.58,20.60,0.446,,1,1,19.126,0.2785
180.461,0.3655,0.0395,0.3351,0.0108,-5.54,19.46,0.453,,1,1,19.126,0.2785
180.492,0.3588,0.0316,0.3369,0.0058,-5.64,20.11,0.458,,1,1,19.126,0.2785
180.525,0.3550,0.0250,0.3438,0.0052,-5.55,19.39,0.457,,1,1,19.126,0.2785
180.555,0.3528,0.0223,0.3454,0.0127,-5.49,19.12,0.452,,1,1,19.126,0.2785
180.589,0.3515,0.0209,0.3477,0.0170,-5.93,19.23,0.453,,1,1,19.126,0.2785
180.636,0.3508,0.0216,0.3493,0.0231,-5.88,19.16,0.452,,1,1,19.126,0.2785
180.669,0.3512,0.0226,0.3526,0.0256,-5.96,19.33,0.456,,1,1,19.126,0.2785
180.702,0.3632,0.0298,0.4006,0.0525,-5.97,18.91,0.456,,1,1,19.126,0.2785
180.735,0.3818,0.0428,0.4428,0.0856,-5.82,19.52,0.458,,1,1,19.126,0.2785
180.768,0.4027,0.0540,0.4681,0.0893,-5.66,18.43,0.457,,1,1,19.126,0.2785
180.797,0.4210,0.0653,0.4859,0.1060,-5.98,20.54,0.458,,1,1,19.126,0.2785
180.829,0.4400,0.0806,0.4999,0.1294,-5.80,19.84,0.459,,1,1,19.126,0.2785
180.861,0.4604,0.0932,0.5256,0.1343,-6.02,19.16,0.468,,1,1,19.126,0.2785
180.892,0.4803,0.1066,0.5470,0.1523,-6.28,17.68,0.466,,1,1,19.126,0.2785
180.924,0.5038,0.1210,0.5743,0.1653,-6.05,15.93,0.466,,1,1,19.126,0.2785
180.955,0.5259,0.1357,0.5964,0.1835,-6.26,13.94,0.466,,1,1,19.126,0.2785
180.991,0.5429,0.1513,0.5909,0.1963,-6.48,17.34,0.474,,1,1,19.126,0.2785
181.020,0.5553,0.1668,0.5969,0.2194,-6.68,17.61,0.479,,1,1,19.126,0.2785
181.053,0.5638,0.1829,0.5895,0.2322,-6.82,18.24,0.481,,1,1,19.126,0.2785
181.085,0.5699,0.1958,0.5893,0.2369,-6.77,18.10,0.481,,1,1,19.126,0.2785
181.118,0.5758,0.2053,0.5940,0.2344,-6.85,17.65,0.484,,1,1,19.126,0.2785
181.150,0.5835,0.2134,0.6078,0.2389,-6.59,14.80,0.482,,1,1,19.126,0.2785
181.197,0.5894,0.2227,0.6023,0.2428,-6.66,15.26,0.481,,1,1,19.126,0.2785
181.229,0.5928,0.2264,0.6032,0.2381,-6.94,15.07,0.479,,1,1,19.126,0.2785
181.262,0.5946,0.2266,0.6003,0.2273,-6.97,15.04,0.479,,1,1,19.126,0.2785
181.294,0.5958,0.2286,0.6000,0.2350,-6.95,15.37,0.482,,1,1,19.126,0.2785
181.325,0.5965,0.2281,0.5987,0.2264,-7.01,15.30,0.483,,1,1,19.126,0.2785
181.359,0.5983,0.2246,0.6037,0.2138,-7.09,12.51,0.490,,1,1,19.126,0.2785
181.391,0.5994,0.2213,0.6031,0.2107,-6.76,12.20,0.493,,1,1,19.126,0.2785
181.420,0.6002,0.2192,0.6029,0.2114,-6.80,11.93,0.491,,1,1,19.126,0.2785
181.454,0.6002,0.2168,0.6001,0.2097,-6.74,13.15,0.493,,1,1,19.126,0.2785
181.485,0.5995,0.2161,0.5974,0.2135,-6.61,14.44,0.497,,1,1,19.126,0.2785
181.517,0.5986,0.2160,0.5958,0.2157,-6.60,14.44,0.503,,1,1,19.126,0.2785
181.551,0.5981,0.2150,0.5963,0.2117,-6.62,14.14,0.504,,1,1,19.126,0.2785
181.581,0.5970,0.2149,0.5932,0.2146,-6.77,14.52,0.505,,1,1,19.126,0.2785
181.612,0.5965,0.2165,0.5950,0.2218,-6.68,14.56,0.499,,1,1,19.126,0.2785
181.646,0.6002,0.2160,0.6119,0.2147,-6.89,15.40,0.501,,1,1,19.126,0.2785
181.677,0.6093,0.2149,0.6391,0.2110,-7.08,13.23,0.510,,1,1,19.126,0.2785
181.709,0.6093,0.2149,,,-7.61,-6.49,0.511,,1,1,19.126,0.2785
181.755,0.6093,0.2149,,,-7.38,-14.32,0.510,,1,1,19.126,0.2785
181.790,0.6093,0.2149,,,-7.27,-15.17,0.502,,1,1,19.126,0.2785
181.824,0.6093,0.2149,,,-7.69,-18.66,0.499,,1,1,19.126,0.2785
181.853,0.6093,0.2149,,,-7.62,-20.13,0.498,,1,1,19.126,0.2785
181.884,0.6093,0.2149,,,-7.38,-20.16,0.505,,1,1,19.126,0.2785
181.916,0.6093,0.2149,,,-7.74,-21.01,0.503,,1,1,19.126,0.2785
181.949,0.6093,0.2149,,,-7.52,-21.05,0.498,,1,1,19.126,0.2785
181.982,0.6093,0.2149,,,-7.65,-21.23,0.500,,1,1,19.126,0.2785
182.014,0.6093,0.2149,,,-7.70,-20.63,0.504,,1,1,19.126,0.2785
182.046,0.6093,0.2149,,,-7.59,-20.24,0.508,,1,1,19.126,0.2785
182.078,0.6093,0.2149,,,-7.39,-19.12,0.503,,1,1,19.126,0.2785
182.109,0.6093,0.2149,,,-6.88,-18.77,0.495,,1,1,19.126,0.2785
182.143,0.6093,0.2149,,,-6.80,-18.58,0.499,,1,1,19.126,0.2785
182.204,0.6093,0.2149,,,-6.46,-18.28,0.500,,1,1,19.126,0.2785
182.236,0.6093,0.2149,,,-5.53,-10.14,0.483,,1,1,19.126,0.2785
182.270,0.6593,0.0587,0.6699,0.0259,-5.34,4.02,0.484,,1,1,19.126,0.2785
182.318,0.6439,0.0345,0.6111,-0.0165,-6.50,10.54,0.478,,1,1,19.126,0.2785
182.348,0.6237,0.0210,0.5535,-0.0254,-5.59,16.33,0.485,,1,1,19.126,0.2785
182.374,0.6081,0.0113,0.5460,-0.0273,-5.60,16.74,0.486,,1,1,19.126,0.2785
182.400,0.5949,0.0027,0.5433,-0.0311,-5.93,14.30,0.479,,1,1,19.126,0.2785
182.425,0.5866,0.0000,0.5522,-0.0479,-6.62,9.54,0.477,,1,1,19.126,0.2785
182.452,0.5784,0.0000,0.5474,-0.0412,-6.04,13.48,0.477,,1,1,19.126,0.2785
182.479,0.5744,0.0000,0.5591,-0.0260,-5.63,14.48,0.472,,1,1,19.126,0.2785
182.510,0.5730,0.0000,0.5685,-0.0397,-5.74,13.13,0.465,,1,1,19.126,0.2785
182.541,0.5751,0.0000,0.5820,-0.0460,-6.40,9.94,0.466,,1,1,19.126,0.2785
182.605,0.5790,0.0000,0.5853,-0.0569,-5.96,8.09,0.465,,1,1,19.126,0.2785
182.636,0.5802,0.0000,0.5844,-0.0519,-6.04,13.57,0.465,,1,1,19.126,0.2785
182.669,0.5893,0.0000,0.6188,-0.0473,-6.32,9.07,0.466,,1,1,19.126,0.2785
182.703,0.6061,0.0000,0.6573,-0.0089,-6.18,8.35,0.461,,1,1,19.126,0.2785
182.735,0.6061,0.0000,,,-7.38,-8.10,0.461,,1,1,19.126,0.2785
182.766,0.6061,0.0000,,,-6.70,-12.53,0.455,,1,1,19.126,0.2785
182.798,0.6061,0.0000,,,-6.38,-13.45,0.459,,1,1,19.126,0.2785
182.830,0.6061,0.0000,,,-6.07,-13.18,0.462,,1,1,19.126,0.2785
182.862,0.6061,0.0000,,,-6.53,-15.33,0.468,,1,1,19.126,0.2785
182.909,0.6061,0.0000,,,-6.80,-18.60,0.470,,1,1,19.126,0.2785
182.940,0.6061,0.0000,,,-6.56,-16.83,0.477,,1,1,19.126,0.2785
182.969,0.6061,0.0000,,,-6.50,-16.43,0.478,,1,1,19.126,0.2785
183.004,0.6061,0.0000,,,-6.59,-17.86,0.480,,1,1,19.126,0.2785
183.036,0.6061,0.0000,,,-6.66,-17.72,0.476,,1,1,19.126,0.2785
183.070,0.6061,0.0000,,,-6.36,-16.64,0.475,,1,1,19.126,0.2785
183.101,0.6061,0.0000,,,-6.40,-16.09,0.472,,1,1,19.126,0.2785
183.134,0.6061,0.0000,,,-6.33,-15.68,0.471,,1,1,19.126,0.2785
183.166,0.6061,0.0000,,,-6.15,-15.94,0.472,,1,1,19.126,0.2785
183.197,0.6061,0.0000,,,-6.12,-16.74,0.467,,1,1,19.126,0.2785
183.231,0.6061,0.0000,,,-6.99,-11.17,0.468,,1,1,19.126,0.2785
183.261,0.6061,0.0000,,,-7.77,-6.94,0.463,,1,1,19.126,0.2785
183.294,0.6434,0.0784,0.6513,0.1021,-6.38,6.79,0.454,,1,1,19.126,0.2785
183.324,0.6383,0.0882,0.6198,0.1231,-6.17,13.96,0.464,,1,1,19.126,0.2785
183.357,0.6246,0.0948,0.5814,0.1153,-6.13,15.60,0.465,,1,1,19.126,0.2785
183.388,0.6126,0.1001,0.5725,0.1179,-6.24,15.36,0.463,,1,1,19.126,0.2785
183.422,0.6000,0.0990,0.5618,0.0955,-6.22,14.52,0.464,,1,1,19.126,0.2785
183.469,0.5902,0.0944,0.5682,0.0840,-6.88,10.19,0.458,,1,1,19.126,0.2785
183.503,0.5840,0.0933,0.5655,0.0900,-6.70,10.31,0.459,,1,1,19.126,0.2785
183.533,0.5770,0.0948,0.5532,0.0999,-5.90,12.95,0.461,,1,1,19.126,0.2785
183.565,0.5710,0.0951,0.5515,0.0961,-5.98,12.54,0.457,,1,1,19.126,0.2785
183.597,0.5629,0.0933,0.5364,0.0875,-6.35,9.27,0.457,,1,1,19.126,0.2785
183.632,0.5489,0.0848,0.5065,0.0580,-6.77,7.95,0.459,,1,1,19.126,0.2785
183.663,0.5380,0.0857,0.5036,0.0888,-6.29,14.54,0.460,,1,1,19.126,0.2785
183.693,0.5304,0.0879,0.5045,0.0955,-6.18,13.78,0.459,,1,1,19.126,0.2785
183.726,0.5232,0.0891,0.5005,0.0930,-6.18,13.14,0.459,,1,1,19.126,0.2785
183.757,0.5178,0.0914,0.5003,0.0993,-6.30,15.05,0.458,,1,1,19.126,0.2785
183.789,0.5139,0.0945,0.5011,0.1051,-6.25,14.77,0.458,,1,1,19.126,0.2785
183.822,0.5114,0.0978,0.5035,0.1079,-6.25,14.31,0.457,,1,1,19.126,0.2785
183.854,0.5104,0.1005,0.5072,0.1096,-6.22,15.01,0.458,,1,1,19.126,0.2785
183.884,0.5103,0.1025,0.5097,0.1093,-6.21,15.12,0.459,,1,1,19.126,0.2785
183.916,0.5197,0.1094,0.5511,0.1326,-6.17,13.20,0.452,,1,1,19.126,0.2785
183.949,0.5352,0.1199,0.5844,0.1525,-6.57,14.63,0.458,,1,1,19.126,0.2785
183.985,0.5490,0.1318,0.5890,0.1660,-6.47,15.93,0.459,,1,1,19.126,0.2785
184.029,0.5671,0.1444,0.6106,0.1745,-6.48,14.78,0.460,,1,1,19.126,0.2785
184.061,0.5777,0.1536,0.6115,0.1826,-6.46,13.87,0.465,,1,1,19.126,0.2785
184.094,0.5872,0.1598,0.6179,0.1803,-6.46,12.98,0.468,,1,1,19.126,0.2785
184.126,0.5957,0.1656,0.6226,0.1839,-6.75,9.89,0.473,,1,1,19.126,0.2785
184.157,0.5975,0.1637,0.6034,0.1573,-7.27,8.64,0.478,,1,1,19.126,0.2785
184.188,0.6024,0.1700,0.6187,0.1910,-6.57,13.53,0.483,,1,1,19.126,0.2785
184.220,0.6058,0.1751,0.6170,0.1920,-6.65,14.08,0.484,,1,1,19.126,0.2785
184.253,0.6070,0.1669,0.6107,0.1413,-6.52,2.86,0.485,,1,1,19.126,0.2785
184.287,0.6059,0.1606,0.6023,0.1407,-6.89,6.04,0.492,,1,1,19.126,0.2785
184.318,0.6081,0.1576,0.6153,0.1478,-7.08,-0.80,0.499,,1,1,19.126,0.2785
184.351,0.6091,0.1555,0.6126,0.1486,-6.56,4.39,0.504,,1,1,19.126,0.2785
184.382,0.6121,0.1555,0.6221,0.1552,-6.66,1.24,0.505,,1,1,19.126,0.2785
184.415,0.6159,0.1570,0.6281,0.1617,-6.95,4.48,0.511,,1,1,19.126,0.2785
184.445,0.6217,0.1582,0.6421,0.1626,-6.56,3.56,0.509,,1,1,19.126,0.2785
184.478,0.6272,0.1635,0.6444,0.1802,-7.31,8.51,0.507,,1,1,19.126,0.2785
184.509,0.6344,0.1659,0.6586,0.1741,-6.90,2.87,0.509,,1,1,19.126,0.2785
184.543,0.6427,0.1693,0.6680,0.1801,-6.89,5.06,0.511,,1,1,19.126,0.2785
184.625,0.6670,0.1802,0.6979,0.1942,-6.87,0.05,0.508,,1,1,19.126,0.2785
184.653,0.6752,0.1850,0.7058,0.2032,-7.57,-2.77,0.509,,1,1,19.126,0.2785
184.680,0.6812,0.1879,0.7038,0.1989,-6.96,-0.94,0.510,,1,1,19.126,0.2785
184.711,0.6812,0.1879,,,-7.53,-3.99,0.509,,1,1,19.126,0.2785
184.738,0.6812,0.1879,,,-7.65,-4.76,0.508,,1,1,19.126,0.2785
184.767,0.6985,0.1943,0.7189,0.2021,-6.94,-1.20,0.513,,1,1,19.126,0.2785
184.793,0.6985,0.1943,,,-7.93,-5.37,0.510,,1,1,19.126,0.2785
184.818,0.6985,0.1943,,,-7.10,-9.70,0.509,,1,1,19.126,0.2785
184.845,0.6985,0.1943,,,-7.08,-10.03,0.510,,1,1,19.126,0.2785
184.876,0.6985,0.1943,,,-7.15,-10.73,0.511,,1,1,19.126,0.2785
184.908,0.6985,0.1943,,,-7.12,-12.68,0.505,,1,1,19.126,0.2785
184.941,0.6985,0.1943,,,-6.52,-9.99,0.501,,1,1,19.126,0.2785
185.011,0.6985,0.1943,,,-6.64,-12.26,0.505,,1,1,19.126,0.2785
185.040,0.6985,0.1943,,,-6.79,-12.69,0.507,,1,1,19.126,0.2785
185.067,0.6985,0.1943,,,-6.84,-12.46,0.506,,1,1,19.126,0.2785
185.100,0.6985,0.1943,,,-6.83,-12.63,0.508,,1,1,19.126,0.2785
185.133,0.6985,0.1943,,,-6.78,-12.64,0.510,,1,1,19.126,0.2785
185.180,0.6985,0.1943,,,-6.99,-11.78,0.503,,1,1,19.126,0.2785
185.214,0.6985,0.1943,,,-6.80,-11.39,0.500,,1,1,19.126,0.2785
185.240,0.6985,0.1943,,,-6.84,-11.29,0.501,,1,1,19.126,0.2785
185.269,0.6985,0.1943,,,-6.95,-11.30,0.507,,1,1,19.126,0.2785
185.295,0.6985,0.1943,,,-7.00,-11.56,0.507,,1,1,19.126,0.2785
185.321,0.6985,0.1943,,,-6.64,-13.34,0.510,,1,1,19.126,0.2785
185.348,0.6985,0.1943,,,-6.59,-12.49,0.501,,1,1,19.126,0.2785
185.405,0.6985,0.1943,,,-6.80,-15.54,0.506,,1,1,19.126,0.2785
185.437,0.6985,0.1943,,,-6.49,-13.63,0.503,,1,1,19.126,0.2785
185.468,0.6985,0.1943,,,-6.50,-13.91,0.500,,1,1,19.126,0.2785
185.502,0.6985,0.1943,,,-6.62,-14.97,0.501,,1,1,19.126,0.2785
185.533,0.6985,0.1943,,,-6.83,-15.05,0.497,,1,1,19.126,0.2785
185.566,0.6985,0.1943,,,-7.00,-11.64,0.499,,1,1,19.126,0.2785
185.597,0.6985,0.1943,,,-6.77,-12.09,0.495,,1,1,19.126,0.2785
185.631,0.6985,0.1943,,,-7.36,-6.86,0.501,,1,1,19.126,0.2785
185.661,0.6985,0.1943,,,-7.03,-8.88,0.494,,1,1,19.126,0.2785
185.691,0.6985,0.1943,,,-7.10,-5.21,0.500,,1,1,19.126,0.2785
185.739,0.6811,0.1538,0.6774,0.1452,-7.01,11.95,0.505,,1,1,19.126,0.2785
185.773,0.6700,0.1485,0.6358,0.1322,-6.34,14.12,0.502,,1,1,19.126,0.2785
185.805,0.6570,0.1383,0.6140,0.1044,-6.23,12.79,0.495,,1,1,19.126,0.2785
185.837,0.6413,0.1312,0.5908,0.1085,-5.94,14.25,0.503,,1,1,19.126,0.2785
185.868,0.6298,0.1232,0.5917,0.0964,-6.28,11.81,0.495,,1,1,19.126,0.2785
185.901,0.6169,0.1137,0.5763,0.0834,-6.11,12.25,0.500,,1,1,19.126,0.2785
185.933,0.6053,0.1047,0.5671,0.0750,-6.13,15.14,0.502,,1,1,19.126,0.2785
185.965,0.5975,0.0974,0.5733,0.0746,-6.08,13.18,0.500,,1,1,19.126,0.2785
185.998,0.5929,0.0925,0.5787,0.0770,-6.10,13.54,0.501,,1,1,19.126,0.2785
186.029,0.5905,0.0894,0.5822,0.0789,-6.08,13.65,0.501,,1,1,19.126,0.2785
186.061,0.5885,0.0873,0.5820,0.0805,-6.04,13.60,0.500,,1,1,19.126,0.2785
186.093,0.5873,0.0861,0.5836,0.0822,-6.07,13.85,0.497,,1,1,19.126,0.2785
186.124,0.5883,0.0862,0.5915,0.0866,-6.07,12.77,0.480,,1,1,19.126,0.2785
186.157,0.5886,0.0885,0.5896,0.0959,-5.89,16.35,0.435,,1,1,19.126,0.2785
186.189,0.5894,0.0934,0.5918,0.1095,-5.67,16.94,0.420,,1,1,19.126,0.2785
186.221,0.5920,0.0985,0.6006,0.1153,-5.62,17.99,0.418,,1,1,19.126,0.2785
186.252,0.5994,0.1028,0.6245,0.1175,-6.76,14.09,0.422,,1,1,19.126,0.2785
186.299,0.6191,0.1241,0.6628,0.1713,-5.81,16.50,0.427,,1,1,19.126,0.2785
186.334,0.6305,0.1339,0.6654,0.1638,-6.10,15.26,0.439,,1,1,19.126,0.2785
186.366,0.6460,0.1410,0.6963,0.1640,-6.64,8.82,0.438,,1,1,19.126,0.2785
186.399,0.6460,0.1410,,,-7.70,-8.56,0.438,,1,1,19.126,0.2785
186.428,0.6460,0.1410,,,-7.62,-4.91,0.438,,1,1,19.126,0.2785
186.463,0.6777,0.1419,0.7116,0.1428,-5.92,2.93,0.442,,1,1,19.126,0.2785
186.493,0.6777,0.1419,,,-8.30,-7.26,0.450,,1,1,19.126,0.2785
186.525,0.6777,0.1419,,,-8.11,-6.11,0.453,,1,1,19.126,0.2785
186.557,0.6999,0.1538,0.7243,0.1671,-7.61,-3.88,0.455,,1,1,19.126,0.2785
186.588,0.7027,0.1539,0.7121,0.1541,-6.40,0.07,0.460,,1,1,19.126,0.2785
186.621,0.7046,0.1552,0.7107,0.1593,-6.60,-0.99,0.458,,1,1,19.126,0.2785
186.653,0.7058,0.1574,0.7097,0.1645,-6.92,-1.72,0.462,,1,1,19.126,0.2785
186.685,0.7058,0.1574,,,-7.85,-5.12,0.464,,1,1,19.126,0.2785
186.718,0.7092,0.1551,0.7146,0.1515,-7.06,-1.98,0.464,,1,1,19.126,0.2785
186.750,0.7092,0.1551,,,-6.98,-11.09,0.461,,1,1,19.126,0.2785
186.782,0.7171,0.1625,0.7298,0.1743,-6.08,-1.16,0.415,,1,1,19.126,0.2785
186.814,0.7285,0.1757,0.7651,0.2182,-5.99,8.16,0.360,,1,1,19.126,0.2785
186.846,0.7396,0.1879,0.7764,0.2285,-5.61,-1.53,0.300,,1,1,19.126,0.2785
186.891,0.7502,0.2010,0.7744,0.2306,-4.99,0.11,0.283,,1,1,19.126,0.2785
186.924,0.7574,0.2120,0.7805,0.2472,-5.41,-1.58,0.298,,1,1,19.126,0.2785
186.956,0.7574,0.2120,,,-6.18,-7.01,0.312,,1,1,19.126,0.2785
186.989,0.7574,0.2120,,,-6.38,-8.32,0.321,,1,1,19.126,0.2785
187.020,0.7574,0.2120,,,-5.89,-10.94,0.329,,1,1,19.126,0.2785
187.054,0.7574,0.2120,,,-5.95,-10.35,0.340,,1,1,19.126,0.2785
187.084,0.7574,0.2120,,,-6.37,-9.15,0.343,,1,1,19.126,0.2785
187.117,0.7574,0.2120,,,-5.65,-11.47,0.345,,1,1,19.126,0.2785
187.149,0.7574,0.2120,,,-5.96,-10.44,0.360,,1,1,19.126,0.2785
187.182,0.7574,0.2120,,,-5.89,-12.04,0.362,,1,1,19.126,0.2785
187.214,0.7574,0.2120,,,-5.72,-11.39,0.365,,1,1,19.126,0.2785
187.246,0.7574,0.2120,,,-5.98,-13.44,0.365,,1,1,19.126,0.2785
187.278,0.7574,0.2120,,,-5.94,-13.64,0.365,,1,1,19.126,0.2785
187.309,0.7574,0.2120,,,-5.88,-12.62,0.366,,1,1,19.126,0.2785
187.340,0.7574,0.2120,,,-5.98,-14.38,0.362,,1,1,19.126,0.2785
187.407,0.7574,0.2120,,,-5.79,-11.55,0.359,,1,1,19.126,0.2785
187.453,0.7574,0.2120,,,-5.79,-13.64,0.361,,1,1,19.126,0.2785
187.485,0.7574,0.2120,,,-5.89,-14.06,0.360,,1,1,19.126,0.2785
187.510,0.7574,0.2120,,,-5.93,-13.98,0.359,,1,1,19.126,0.2785
187.537,0.7574,0.2120,,,-5.90,-13.25,0.360,,1,1,19.126,0.2785
187.563,0.7574,0.2120,,,-5.95,-15.52,0.357,,1,1,19.126,0.2785
187.591,0.7574,0.2120,,,-6.08,-15.87,0.352,,1,1,19.126,0.2785
187.618,0.7574,0.2120,,,-5.92,-14.75,0.342,,1,1,19.126,0.2785
187.645,0.7574,0.2120,,,-5.88,-14.69,0.340,,1,1,19.126,0.2785
187.678,0.7574,0.2120,,,-5.86,-14.84,0.339,,1,1,19.126,0.2785
187.710,0.7574,0.2120,,,-5.98,-14.85,0.341,,1,1,19.126,0.2785
187.740,0.7574,0.2120,,,-5.48,-11.70,0.340,,1,1,19.126,0.2785
187.806,0.7574,0.2120,,,-5.25,-12.99,0.337,,1,1,19.126,0.2785
187.838,0.7574,0.2120,,,-5.59,-14.67,0.341,,1,1,19.126,0.2785
187.870,0.7574,0.2120,,,-5.80,-15.27,0.359,,1,1,19.126,0.2785
187.903,0.7574,0.2120,,,-5.93,-16.31,0.357,,1,1,19.126,0.2785
187.932,0.7574,0.2120,,,-6.06,-17.26,0.369,,1,1,19.126,0.2785
187.966,0.7574,0.2120,,,-6.05,-17.20,0.376,,1,1,19.126,0.2785
188.012,0.7574,0.2120,,,-6.22,-17.88,0.380,,1,1,19.126,0.2785
188.045,0.7574,0.2120,,,-6.26,-17.73,0.380,,1,1,19.126,0.2785
188.075,0.7574,0.2120,,,-6.34,-17.68,0.379,,1,1,19.126,0.2785
188.102,0.7574,0.2120,,,-6.38,-17.36,0.379,,1,1,19.126,0.2785
188.128,0.7574,0.2120,,,-6.47,-17.26,0.381,,1,1,19.126,0.2785
188.157,0.7574,0.2120,,,-6.35,-16.92,0.387,,1,1,19.126,0.2785
188.204,0.7574,0.2120,,,-6.13,-17.34,0.390,,1,1,19.126,0.2785
188.237,0.7574,0.2120,,,-6.14,-17.34,0.389,,1,1,19.126,0.2785
188.269,0.7574,0.2120,,,-6.23,-17.67,0.394,,1,1,19.126,0.2785
188.301,0.7574,0.2120,,,-6.45,-17.69,0.386,,1,1,19.126,0.2785
188.333,0.7574,0.2120,,,-6.37,-17.43,0.385,,1,1,19.126,0.2785
188.366,0.7574,0.2120,,,-6.31,-17.09,0.385,,1,1,19.126,0.2785
188.400,0.7574,0.2120,,,-6.29,-16.23,0.382,,1,1,19.126,0.2785
188.437,0.7574,0.2120,,,-6.23,-15.86,0.383,,1,1,19.126,0.2785
188.469,0.7574,0.2120,,,-6.40,-15.87,0.382,,1,1,19.126,0.2785
188.500,0.7574,0.2120,,,-6.30,-15.29,0.378,,1,1,19.126,0.2785
188.531,0.7574,0.2120,,,-6.29,-15.84,0.378,,1,1,19.126,0.2785
188.573,0.7574,0.2120,,,-6.15,-15.54,0.383,,1,1,19.126,0.2785
188.605,0.7574,0.2120,,,-6.27,-16.74,0.388,,1,1,19.126,0.2785
188.637,0.7574,0.2120,,,-6.28,-16.48,0.387,,1,1,19.126,0.2785
188.668,0.7574,0.2120,,,-6.25,-15.17,0.384,,1,1,19.126,0.2785
188.700,0.7574,0.2120,,,-6.18,-14.56,0.385,,1,1,19.126,0.2785
188.734,0.7574,0.2120,,,-6.28,-14.44,0.385,,1,1,19.126,0.2785
188.766,0.7574,0.2120,,,-6.33,-12.55,0.382,,1,1,19.126,0.2785
188.798,0.7574,0.2120,,,-5.95,-12.11,0.381,,1,1,19.126,0.2785
188.829,0.7574,0.2120,,,-7.29,-8.40,0.384,,1,1,19.126,0.2785
188.862,0.7166,0.1481,0.7080,0.1346,-6.20,-2.07,0.392,,1,1,19.126,0.2785
188.893,0.7038,0.1410,0.6606,0.1167,-5.58,12.73,0.387,,1,1,19.126,0.2785
188.927,0.6765,0.1251,0.5922,0.0758,-5.23,16.27,0.381,,1,1,19.126,0.2785
188.957,0.6485,0.1054,0.5535,0.0374,-4.23,17.04,0.380,,1,1,19.126,0.2785
188.989,0.6187,0.0790,0.5258,-0.0045,-4.10,16.42,0.387,,1,1,19.126,0.2785
189.021,0.5876,0.0588,0.4927,-0.0040,-4.19,17.38,0.378,,1,1,19.126,0.2785
189.054,0.5631,0.0425,0.4884,-0.0080,-4.37,17.70,0.381,,1,1,19.126,0.2785
189.084,0.5451,0.0289,0.4865,-0.0166,-4.52,18.68,0.378,,1,1,19.126,0.2785
189.117,0.5301,0.0159,0.4851,-0.0240,-4.56,19.42,0.374,,1,1,19.126,0.2785
189.167,0.5163,0.0026,0.4884,-0.0244,-4.54,17.51,0.376,,1,1,19.126,0.2785
189.197,0.5082,0.0000,0.4819,-0.0122,-4.56,17.66,0.371,,1,1,19.126,0.2785
189.229,0.4992,0.0000,0.4703,-0.0044,-4.55,17.77,0.380,,1,1,19.126,0.2785
189.262,0.4916,0.0000,0.4687,0.0011,-4.44,19.73,0.383,,1,1,19.126,0.2785
189.294,0.4863,0.0022,0.4693,0.0125,-4.58,19.66,0.387,,1,1,19.126,0.2785
189.325,0.4830,0.0079,0.4719,0.0274,-4.69,19.48,0.384,,1,1,19.126,0.2785
189.357,0.4784,0.0134,0.4641,0.0309,-4.80,19.99,0.381,,1,1,19.126,0.2785
189.389,0.4751,0.0169,0.4645,0.0288,-4.75,18.20,0.331,,1,1,19.126,0.2785
189.421,0.4687,0.0200,0.4484,0.0299,-4.96,17.17,0.266,,1,1,19.126,0.2785
189.453,0.4615,0.0236,0.4384,0.0356,-4.99,17.31,0.270,,1,1,19.126,0.2785
189.485,0.4541,0.0251,0.4304,0.0299,-5.13,17.01,0.283,,1,1,19.126,0.2785
189.519,0.4463,0.0250,0.4225,0.0250,-5.18,15.98,0.304,,1,1,19.126,0.2785
189.548,0.4400,0.0238,0.4180,0.0193,-5.16,16.54,0.332,,1,1,19.126,0.2785
189.581,0.4350,0.0237,0.4189,0.0235,-4.98,15.56,0.345,,1,1,19.126,0.2785
189.614,0.4301,0.0243,0.4147,0.0263,-5.21,15.92,0.366,,1,1,19.126,0.2785
189.645,0.4265,0.0246,0.4149,0.0255,-5.22,16.04,0.374,,1,1,19.126,0.2785
189.676,0.4220,0.0291,0.4071,0.0441,-5.16,17.70,0.392,,1,1,19.126,0.2785
189.724,0.4111,0.0442,0.3874,0.0775,-5.58,17.97,0.413,,1,1,19.126,0.2785
189.756,0.3994,0.0531,0.3621,0.0817,-5.74,19.27,0.418,,1,1,19.126,0.2785
189.789,0.3802,0.0645,0.3200,0.1011,-6.27,21.49,0.414,,1,1,19.126,0.2785
189.820,0.3593,0.0716,0.2911,0.0952,-5.68,21.62,0.417,,1,1,19.126,0.2785
189.853,0.3313,0.0704,0.2458,0.0668,-5.72,22.17,0.416,,1,1,19.126,0.2785
189.884,0.2981,0.0661,0.1937,0.0517,-6.65,24.48,0.426,,1,1,19.126,0.2785
189.917,0.2620,0.0580,0.1547,0.0319,-6.22,25.65,0.427,,1,1,19.126,0.2785
189.950,0.2311,0.0484,0.1366,0.0166,-6.47,25.79,0.426,,1,1,19.126,0.2785
189.982,0.2025,0.0396,0.1182,0.0113,-6.61,25.39,0.430,,1,1,19.126,0.2785
190.013,0.1760,0.0302,0.0949,-0.0011,-6.49,26.11,0.430,,1,1,19.126,0.2785
190.044,0.1536,0.0202,0.0822,-0.0140,-6.41,25.18,0.429,,1,1,19.126,0.2785
190.077,0.1296,0.0076,0.0613,-0.0311,-6.64,26.48,0.430,,1,1,19.126,0.2785
190.110,0.1075,0.0000,0.0422,-0.0250,-6.98,28.09,0.428,,1,1,19.126,0.2785
190.140,0.0897,0.0000,0.0324,-0.0352,-6.99,28.14,0.428,,1,1,19.126,0.2785
190.207,0.0588,0.0000,0.0134,-0.0686,-6.93,29.57,0.437,,1,1,19.126,0.2785
190.236,0.0458,0.0000,0.0020,-0.1142,-6.58,30.12,0.424,,1,1,19.126,0.2785
190.283,0.0244,0.0000,-0.0214,-0.1322,-5.94,29.47,0.416,,1,1,19.126,0.2785
190.316,0.0069,0.0000,-0.0455,-0.1781,-5.87,30.09,0.414,,1,1,19.126,0.2785
190.342,0.0000,0.0000,-0.0529,-0.1896,-5.82,30.07,0.416,,1,1,19.126,0.2785
190.368,0.0000,0.0000,-0.0900,-0.2128,-6.15,30.54,0.417,,1,1,19.126,0.2785
190.393,0.0000,0.0000,-0.1277,-0.2328,-6.17,31.88,0.411,,1,1,19.126,0.2785
190.416,0.0000,0.0000,-0.1705,-0.2665,-5.18,32.40,0.414,,1,1,19.126,0.2785
190.445,0.0000,0.0000,-0.2243,-0.2886,-5.65,34.18,0.419,,1,1,19.126,0.2785
190.477,0.0000,0.0000,-0.2804,-0.3509,-5.71,35.49,0.414,,1,1,19.126,0.2785
190.510,0.0000,0.0000,,,-5.44,36.38,0.407,,1,1,19.126,0.2785
190.541,0.0000,0.0000,,,-5.06,36.40,0.395,,1,1,19.126,0.2785
190.607,0.0000,0.0000,,,-4.99,37.90,0.410,,1,1,19.126,0.2785
190.637,0.0000,0.0000,,,-4.63,38.19,0.420,,1,1,19.126,0.2785
190.668,0.0000,0.0000,,,-4.73,37.25,0.410,,1,1,19.126,0.2785
190.702,0.0000,0.0000,,,-5.62,37.40,0.401,,1,1,19.126,0.2785
190.732,0.0000,0.0000,,,-6.23,37.01,0.392,,1,1,19.126,0.2785
190.765,0.0000,0.0000,-0.2553,-0.2747,-6.25,35.46,0.353,,1,1,19.126,0.2785
190.798,0.0000,0.0000,-0.1219,-0.1025,-6.58,34.00,0.379,,1,1,19.126,0.2785
190.829,0.0000,0.0000,0.0012,-0.0128,-7.18,31.60,0.395,,1,1,19.126,0.2785
190.877,0.0143,0.0066,0.1241,0.1097,-7.14,30.51,0.423,,1,1,19.126,0.2785
190.903,0.0405,0.0307,0.1443,0.1263,-7.45,30.10,0.417,,1,1,19.126,0.2785
190.932,0.0885,0.0638,0.2508,0.1768,-7.09,28.67,0.417,,1,1,19.126,0.2785
190.959,0.1486,0.1056,0.3690,0.2619,-6.85,25.30,0.410,,1,1,19.126,0.2785
191.005,0.3025,0.2073,0.5993,0.4110,-6.73,21.20,0.398,,1,1,19.126,0.2785
191.038,0.4090,0.2712,0.7052,0.4583,-6.46,14.12,0.411,,1,1,19.126,0.2785
191.070,0.5115,0.3258,0.7755,0.4759,-6.53,1.42,0.420,,1,1,19.126,0.2785
191.102,0.5115,0.3258,,,-7.92,-8.26,0.424,,1,1,19.126,0.2785
191.133,0.5115,0.3258,,,-7.18,-17.77,0.430,,1,1,19.126,0.2785
191.165,0.5115,0.3258,,,-7.52,-20.72,0.427,,1,1,19.126,0.2785
191.197,0.5115,0.3258,,,-7.34,-21.13,0.426,,1,1,19.126,0.2785
191.230,0.5115,0.3258,,,-7.70,-23.18,0.437,,1,1,19.126,0.2785
191.260,0.5115,0.3258,,,-7.56,-23.26,0.417,,1,1,19.126,0.2785
191.292,0.5115,0.3258,,,-7.54,-25.15,0.416,,1,1,19.126,0.2785
191.326,0.5115,0.3258,,,-7.59,-26.72,0.420,,1,1,19.126,0.2785
191.356,0.5115,0.3258,,,-8.45,-27.82,0.425,,1,1,19.126,0.2785
191.389,0.5115,0.3258,,,-7.63,-27.11,0.414,,1,1,19.126,0.2785
191.436,0.5115,0.3258,,,-7.90,-28.62,0.419,,1,1,19.126,0.2785
191.468,0.5115,0.3258,,,-7.64,-28.35,0.418,,1,1,19.126,0.2785
191.501,0.5115,0.3258,,,-7.66,-28.46,0.423,,1,1,19.126,0.2785
191.532,0.5115,0.3258,,,-7.60,-27.84,0.418,,1,1,19.126,0.2785
191.565,0.5115,0.3258,,,-7.35,-28.37,0.421,,1,1,19.126,0.2785
191.598,0.5115,0.3258,,,-7.39,-28.44,0.421,,1,1,19.126,0.2785
191.629,0.5115,0.3258,,,-7.35,-28.15,0.420,,1,1,19.126,0.2785
191.661,0.5115,0.3258,,,-6.97,-27.58,0.422,,1,1,19.126,0.2785
191.692,0.5115,0.3258,,,-6.88,-27.16,0.414,,1,1,19.126,0.2785
191.726,0.5115,0.3258,,,-7.31,-25.68,0.412,,1,1,19.126,0.2785
191.756,0.5115,0.3258,,,-6.87,-23.12,0.411,,1,1,19.126,0.2785
191.788,0.5115,0.3258,,,-6.80,-21.90,0.403,,1,1,19.126,0.2785
191.821,0.5115,0.3258,,,-6.73,-20.79,0.400,,1,1,19.126,0.2785
191.854,0.5115,0.3258,,,-6.32,-19.81,0.399,,1,1,19.126,0.2785
191.885,0.5115,0.3258,,,-6.15,-16.19,0.405,,1,1,19.126,0.2785
191.917,0.5115,0.3258,,,-6.04,-10.68,0.406,,1,1,19.126,0.2785
191.949,0.5115,0.3258,,,-6.85,-10.46,0.409,,1,1,19.126,0.2785
191.998,0.8115,0.2928,0.8708,0.2861,-5.04,1.37,0.414,,1,1,19.126,0.2785
192.029,0.8189,0.2963,0.8426,0.3080,-5.02,14.38,0.411,,1,1,19.126,0.2785
192.063,0.8159,0.2922,0.8071,0.2794,-5.18,13.15,0.405,,1,1,19.126,0.2785
192.093,0.8041,0.2852,0.7638,0.2610,-5.05,14.94,0.401,,1,1,19.126,0.2785
192.125,0.7872,0.2750,0.7326,0.2416,-4.93,16.08,0.404,,1,1,19.126,0.2785
192.157,0.7699,0.2674,0.7116,0.2419,-4.99,16.97,0.404,,1,1,19.126,0.2785
192.188,0.7488,0.2542,0.6797,0.2109,-4.95,17.37,0.407,,1,1,19.126,0.2785
192.222,0.7252,0.2351,0.6525,0.1760,-5.13,16.62,0.406,,1,1,19.126,0.2785
192.253,0.7039,0.2211,0.6341,0.1746,-4.86,19.13,0.405,,1,1,19.126,0.2785
192.285,0.6850,0.2103,0.6254,0.1758,-5.05,19.18,0.399,,1,1,19.126,0.2785
192.318,0.6660,0.2016,0.6071,0.1740,-5.04,18.80,0.399,,1,1,19.126,0.2785
192.349,0.6515,0.1959,0.6048,0.1773,-4.66,18.26,0.400,,1,1,19.126,0.2785
192.381,0.6410,0.1900,0.6077,0.1710,-4.66,17.37,0.400,,1,1,19.126,0.2785
192.412,0.6360,0.1900,0.6203,0.1900,-4.72,18.16,0.403,,1,1,19.126,0.2785
192.445,0.6324,0.1915,0.6208,0.1965,-4.77,17.40,0.397,,1,1,19.126,0.2785
192.477,0.6308,0.1924,0.6258,0.1951,-4.75,17.04,0.396,,1,1,19.126,0.2785
192.509,0.6307,0.1950,0.6303,0.2034,-4.72,17.10,0.397,,1,1,19.126,0.2785
192.556,0.6318,0.1987,0.6342,0.2070,-4.77,16.86,0.396,,1,1,19.126,0.2785
192.588,0.6334,0.2003,0.6389,0.2059,-5.06,16.65,0.401,,1,1,19.126,0.2785
192.620,0.6430,0.2082,0.6742,0.2337,-4.88,16.79,0.377,,1,1,19.126,0.2785
192.653,0.6600,0.2217,0.7139,0.2644,-4.66,16.55,0.307,,1,1,19.126,0.2785
192.685,0.6866,0.2413,0.7746,0.3063,-4.62,14.85,0.260,,1,1,19.126,0.2785
192.717,0.7124,0.2619,0.7928,0.3263,-4.62,15.65,0.279,,1,1,19.126,0.2785
192.749,0.7347,0.2758,0.8076,0.3219,-4.85,14.73,0.322,,1,1,19.126,0.2785
192.781,0.7542,0.2821,0.8148,0.3020,-5.19,11.89,0.384,,1,1,19.126,0.2785
192.813,0.7714,0.2865,0.8249,0.3005,-5.35,13.79,0.419,,1,1,19.126,0.2785
192.846,0.7860,0.2925,0.8299,0.3110,-5.62,13.54,0.446,,1,1,19.126,0.2785
192.876,0.7963,0.2972,0.8305,0.3131,-5.76,14.06,0.464,,1,1,19.126,0.2785
192.909,0.8044,0.2996,0.8298,0.3075,-5.85,12.98,0.469,,1,1,19.126,0.2785
192.940,0.8106,0.3023,0.8303,0.3110,-5.96,14.56,0.475,,1,1,19.126,0.2785
193.005,0.8181,0.3014,0.8301,0.2999,-6.13,12.90,0.478,,1,1,19.126,0.2785
193.037,0.8221,0.2987,0.8349,0.2898,-6.74,9.68,0.483,,1,1,19.126,0.2785
193.069,0.8259,0.2959,0.8380,0.2868,-6.89,9.64,0.485,,1,1,19.126,0.2785
193.101,0.8293,0.2928,0.8401,0.2828,-6.90,9.75,0.487,,1,1,19.126,0.2785
193.149,0.8268,0.2790,0.8214,0.2486,-6.81,8.11,0.497,,1,1,19.126,0.2785
193.175,0.8260,0.2723,0.8228,0.2455,-6.82,7.11,0.497,,1,1,19.126,0.2785
193.204,0.8256,0.2664,0.8242,0.2445,-6.66,6.98,0.496,,1,1,19.126,0.2785
193.232,0.8262,0.2615,0.8284,0.2429,-6.20,5.59,0.497,,1,1,19.126,0.2785
193.258,0.8273,0.2583,0.8318,0.2455,-6.16,3.38,0.499,,1,1,19.126,0.2785
193.285,0.8282,0.2556,0.8315,0.2453,-6.05,4.47,0.499,,1,1,19.126,0.2785
193.314,0.8288,0.2528,0.8308,0.2427,-6.19,5.65,0.497,,1,1,19.126,0.2785
193.343,0.8292,0.2514,0.8307,0.2465,-6.27,7.01,0.497,,1,1,19.126,0.2785
193.406,0.8330,0.2481,0.8395,0.2426,-6.03,3.75,0.501,,1,1,19.126,0.2785
193.439,0.8350,0.2500,0.8415,0.2561,-5.86,2.93,0.472,,1,1,19.126,0.2785
193.468,0.8391,0.2574,0.8531,0.2828,-5.52,5.10,0.377,,1,1,19.126,0.2785
193.502,0.8469,0.2755,0.8713,0.3322,-5.92,1.02,0.258,,1,1,19.126,0.2785
193.533,0.8515,0.2938,0.8668,0.3540,-5.48,2.68,0.219,,1,1,19.126,0.2785
193.565,0.8544,0.3100,0.8637,0.3623,-4.79,5.05,0.224,,1,1,19.126,0.2785
193.598,0.8557,0.3231,0.8601,0.3637,-4.75,5.87,0.246,,1,1,19.126,0.2785
193.629,0.8615,0.3379,0.8813,0.3877,-4.75,6.10,0.260,,1,1,19.126,0.2785
193.662,0.8661,0.3492,0.8805,0.3837,-4.98,7.16,0.272,,1,1,19.126,0.2785
193.709,0.8706,0.3631,0.8804,0.3931,-4.93,8.09,0.283,,1,1,19.126,0.2785
193.741,0.8724,0.3722,0.8785,0.4018,-4.71,8.11,0.296,,1,1,19.126,0.2785
193.768,0.8737,0.3793,0.8785,0.4061,-4.65,7.69,0.302,,1,1,19.126,0.2785
193.805,0.8749,0.3851,0.8785,0.4010,-5.07,6.89,0.306,,1,1,19.126,0.2785
193.837,0.8708,0.3802,0.8571,0.3643,-5.01,5.99,0.300,,1,1,19.126,0.2785
193.869,0.8687,0.3718,0.8621,0.3454,-5.11,5.17,0.295,,1,1,19.126,0.2785
193.901,0.8694,0.3665,0.8717,0.3488,-5.45,-0.43,0.293,,1,1,19.126,0.2785
193.933,0.8682,0.3655,0.8642,0.3621,-4.64,-0.03,0.215,,1,1,19.126,0.2785
193.965,0.8654,0.3725,0.8564,0.3949,-4.25,1.86,0.151,,1,1,19.126,0.2785
193.997,0.8634,0.3810,0.8565,0.4090,-4.50,1.49,0.156,,1,1,19.126,0.2785
194.031,0.8632,0.3901,0.8626,0.4184,-4.46,1.34,0.153,,1,1,19.126,0.2785
194.060,0.8621,0.3968,0.8582,0.4202,-4.48,1.50,0.155,,1,1,19.126,0.2785
194.092,0.8615,0.4031,0.8595,0.4240,-4.57,0.75,0.163,,1,1,19.126,0.2785
194.125,0.8617,0.4100,0.8621,0.4315,-4.47,-0.56,0.185,,1,1,19.126,0.2785
194.157,0.8628,0.4133,0.8665,0.4243,-4.52,-1.29,0.188,,1,1,19.126,0.2785
194.190,0.8646,0.4143,0.8704,0.4172,-4.36,-0.83,0.189,,1,1,19.126,0.2785
194.221,0.8672,0.4149,0.8759,0.4168,-4.22,0.33,0.188,,1,1,19.126,0.2785
194.268,0.8681,0.4185,0.8701,0.4265,-4.47,2.15,0.197,,1,1,19.126,0.2785
194.300,0.8684,0.4213,0.8692,0.4305,-4.44,2.07,0.193,,1,1,19.126,0.2785
194.333,0.8706,0.4266,0.8779,0.4437,-5.01,1.49,0.219,,1,1,19.126,0.2785
194.365,0.8724,0.4288,0.8782,0.4360,-4.84,3.13,0.222,,1,1,19.126,0.2785
194.397,0.8744,0.4308,0.8814,0.4372,-4.75,2.53,0.222,,1,1,19.126,0.2785
194.429,0.8757,0.4322,0.8800,0.4370,-4.70,4.29,0.227,,1,1,19.126,0.2785
194.460,0.8762,0.4355,0.8777,0.4459,-4.66,4.02,0.219,,1,1,19.126,0.2785
194.494,0.8766,0.4387,0.8778,0.4489,-4.63,3.30,0.213,,1,1,19.126,0.2785
194.525,0.8769,0.4415,0.8781,0.4506,-4.61,1.02,0.213,,1,1,19.126,0.2785
194.556,0.8754,0.4418,0.8702,0.4427,-4.96,-2.09,0.213,,1,1,19.126,0.2785
194.591,0.8743,0.4393,0.8711,0.4319,-4.75,-2.02,0.210,,1,1,19.126,0.2785
194.620,0.8733,0.4383,0.8697,0.4345,-4.50,-1.73,0.203,,1,1,19.126,0.2785
194.652,0.8729,0.4361,0.8713,0.4289,-4.51,-0.96,0.200,,1,1,19.126,0.2785
194.685,0.8721,0.4336,0.8695,0.4257,-4.54,0.53,0.202,,1,1,19.126,0.2785
194.719,0.8707,0.4343,0.8662,0.4365,-4.26,2.61,0.189,,1,1,19.126,0.2785
194.749,0.8711,0.4345,0.8724,0.4351,-4.23,1.83,0.188,,1,1,19.126,0.2785
194.781,0.8721,0.4353,0.8754,0.4381,-4.02,0.32,0.203,,1,1,19.126,0.2785
194.829,0.8783,0.4365,0.8920,0.4391,-4.26,-1.06,0.221,,1,1,19.126,0.2785
194.861,0.8797,0.4408,0.8844,0.4551,-4.22,-2.07,0.227,,1,1,19.126,0.2785
194.893,0.8827,0.4480,0.8925,0.4714,-4.65,-2.77,0.234,,1,1,19.126,0.2785
194.925,0.8812,0.4557,0.8761,0.4813,-5.85,-1.51,0.216,,1,1,19.126,0.2785
194.957,0.8797,0.4783,0.8746,0.5514,-6.07,-0.62,0.262,,1,1,19.126,0.2785
194.987,0.8761,0.5063,0.8640,0.5991,-6.26,-1.78,0.264,,1,1,19.126,0.2785
195.021,0.8688,0.5450,0.8455,0.6615,-6.18,-0.86,0.228,,1,1,19.126,0.2785
195.051,0.8599,0.5840,0.8296,0.7076,-6.48,-2.39,0.232,,1,1,19.126,0.2785
195.085,0.8508,0.6293,0.8225,0.7602,-6.35,-1.67,0.247,,1,1,19.126,0.2785
195.119,0.8411,0.6635,0.8105,0.7630,-6.10,-0.34,0.217,,1,1,19.126,0.2785
195.150,0.8315,0.6896,0.8004,0.7675,-6.07,-2.97,0.204,,1,1,19.126,0.2785
195.183,0.8232,0.7074,0.7971,0.7601,-6.40,-2.24,0.222,,1,1,19.126,0.2785
195.213,0.8159,0.7225,0.7913,0.7704,-6.25,-0.36,0.223,,1,1,19.126,0.2785
195.244,0.8102,0.7350,0.7914,0.7742,-6.46,-1.22,0.241,,1,1,19.126,0.2785
195.277,0.8025,0.7443,0.7773,0.7731,-6.52,-2.37,0.254,,1,1,19.126,0.2785
195.308,0.7969,0.7509,0.7786,0.7715,-6.16,1.82,0.250,,1,1,19.126,0.2785
195.341,0.7899,0.7560,0.7682,0.7711,-5.93,1.37,0.242,,1,1,19.126,0.2785
195.422,0.7811,0.7595,0.7698,0.7640,-6.01,1.96,0.240,,1,1,19.126,0.2785
195.454,0.7789,0.7595,0.7715,0.7593,-6.18,0.53,0.245,,1,1,19.126,0.2785
195.482,0.7767,0.7584,0.7688,0.7546,-6.15,1.48,0.245,,1,1,19.126,0.2785
195.508,0.7746,0.7577,0.7660,0.7550,-5.98,2.94,0.232,,1,1,19.126,0.2785
195.534,0.7731,0.7579,0.7672,0.7587,-6.07,1.87,0.240,,1,1,19.126,0.2785
195.562,0.7753,0.7585,0.7833,0.7608,-6.08,-1.23,0.240,,1,1,19.126,0.2785
195.587,0.7780,0.7590,0.7898,0.7608,-6.12,-1.31,0.252,,1,1,19.126,0.2785
195.614,0.7780,0.7590,,,-6.13,-7.77,0.244,,1,1,19.126,0.2785
195.645,0.7780,0.7590,,,-6.14,-7.75,0.250,,1,1,19.126,0.2785
195.677,0.7780,0.7590,,,-6.46,-9.05,0.248,,1,1,19.126,0.2785
195.711,0.7780,0.7590,,,-6.81,-12.41,0.248,,1,1,19.126,0.2785
195.742,0.7780,0.7590,,,-6.99,-12.26,0.246,,1,1,19.126,0.2785
195.805,0.7780,0.7590,,,-7.06,-11.65,0.226,,1,1,19.126,0.2785
195.838,0.7780,0.7590,,,-6.93,-9.07,0.191,,1,1,19.126,0.2785
195.870,0.7780,0.7590,,,-6.89,-8.77,0.180,,1,1,19.126,0.2785
195.901,0.7780,0.7590,,,-6.19,-5.78,0.158,,1,1,19.126,0.2785
195.932,0.7780,0.7590,,,-6.26,-6.13,0.166,,1,1,19.126,0.2785
195.980,0.7780,0.7590,,,-6.05,-7.14,0.193,,1,1,19.126,0.2785
196.013,0.7780,0.7590,,,-6.28,-8.23,0.218,,1,1,19.126,0.2785
196.043,0.7780,0.7590,,,-6.44,-7.26,0.235,,1,1,19.126,0.2785
196.070,0.7780,0.7590,,,-6.41,-4.61,0.241,,1,1,19.126,0.2785
196.097,0.7567,0.7594,0.7522,0.7595,-6.46,-1.17,0.252,,1,1,19.126,0.2785
196.124,0.7490,0.7560,0.7185,0.7422,-6.28,4.57,0.263,,1,1,19.126,0.2785
196.150,0.7370,0.7519,0.6887,0.7351,-6.35,3.05,0.281,,1,1,19.126,0.2785
196.204,0.6982,0.7344,0.6243,0.7006,-6.03,1.58,0.295,,1,1,19.126,0.2785
196.237,0.6750,0.7259,0.6011,0.6978,-6.12,9.45,0.320,,1,1,19.126,0.2785
196.268,0.6481,0.7169,0.5650,0.6880,-6.17,11.82,0.329,,1,1,19.126,0.2785
196.301,0.6271,0.7103,0.5636,0.6897,-6.23,10.96,0.325,,1,1,19.126,0.2785
196.333,0.6098,0.7036,0.5556,0.6819,-6.24,12.46,0.327,,1,1,19.126,0.2785
196.366,0.5955,0.6981,0.5521,0.6808,-6.36,12.40,0.328,,1,1,19.126,0.2785
196.397,0.5828,0.6948,0.5409,0.6833,-6.47,13.00,0.333,,1,1,19.126,0.2785
196.430,0.5741,0.6899,0.5484,0.6747,-6.43,11.07,0.333,,1,1,19.126,0.2785
196.462,0.5639,0.6856,0.5315,0.6716,-6.45,13.51,0.338,,1,1,19.126,0.2785
196.493,0.5559,0.6817,0.5301,0.6688,-6.21,12.71,0.332,,1,1,19.126,0.2785
196.541,0.5480,0.6777,0.5308,0.6686,-6.37,11.99,0.330,,1,1,19.126,0.2785
196.573,0.5450,0.6775,0.5357,0.6771,-6.37,11.05,0.335,,1,1,19.126,0.2785
196.604,0.5436,0.6768,0.5390,0.6745,-6.42,11.13,0.333,,1,1,19.126,0.2785
196.635,0.5456,0.6767,0.5519,0.6761,-6.30,11.14,0.339,,1,1,19.126,0.2785
196.667,0.5475,0.6783,0.5536,0.6837,-6.33,12.19,0.332,,1,1,19.126,0.2785
196.701,0.5501,0.6798,0.5583,0.6843,-6.30,12.22,0.327,,1,1,19.126,0.2785
196.733,0.5547,0.6831,0.5699,0.6944,-6.36,11.41,0.315,,1,1,19.126,0.2785
196.767,0.5547,0.6893,0.5550,0.7090,-6.23,9.96,0.251,,1,1,19.126,0.2785
196.798,0.5438,0.6961,0.5078,0.7184,-6.47,6.05,0.166,,1,1,19.126,0.2785
196.828,0.5405,0.7089,0.5295,0.7525,-6.36,8.16,0.170,,1,1,19.126,0.2785
196.861,0.5353,0.7172,0.5184,0.7437,-6.31,8.86,0.183,,1,1,19.126,0.2785
196.893,0.5303,0.7230,0.5142,0.7419,-6.25,8.36,0.186,,1,1,19.126,0.2785
196.926,0.5186,0.7253,0.4820,0.7325,-6.54,11.65,0.206,,1,1,19.126,0.2785
196.957,0.5015,0.7230,0.4448,0.7152,-6.55,13.53,0.233,,1,1,19.126,0.2785
196.989,0.4826,0.7180,0.4231,0.7018,-6.43,13.78,0.252,,1,1,19.126,0.2785
197.021,0.4636,0.7136,0.4028,0.6987,-6.31,15.45,0.276,,1,1,19.126,0.2785
197.054,0.4431,0.7078,0.3807,0.6894,-6.39,14.95,0.281,,1,1,19.126,0.2785
197.100,0.4124,0.6904,0.3459,0.6510,-6.38,16.15,0.291,,1,1,19.126,0.2785
197.135,0.3902,0.6774,0.3262,0.6383,-6.18,17.33,0.288,,1,1,19.126,0.2785
197.166,0.3676,0.6636,0.2953,0.6176,-6.30,17.16,0.289,,1,1,19.126,0.2785
197.196,0.3496,0.6523,0.2903,0.6136,-6.53,17.64,0.300,,1,1,19.126,0.2785
197.230,0.3309,0.6403,0.2759,0.6038,-6.42,16.28,0.309,,1,1,19.126,0.2785
197.262,0.3156,0.6285,0.2688,0.5911,-6.63,15.69,0.315,,1,1,19.126,0.2785
197.293,0.3000,0.6221,0.2503,0.6008,-7.02,16.87,0.320,,1,1,19.126,0.2785
197.325,0.2874,0.6193,0.2466,0.6101,-7.23,15.69,0.313,,1,1,19.126,0.2785
197.358,0.2788,0.6175,0.2538,0.6122,-7.10,16.38,0.316,,1,1,19.126,0.2785
197.389,0.2743,0.6165,0.2592,0.6131,-7.23,16.42,0.322,,1,1,19.126,0.2785
197.420,0.2725,0.6156,0.2667,0.6127,-7.08,16.73,0.324,,1,1,19.126,0.2785
197.453,0.2708,0.6156,0.2656,0.6154,-6.93,17.12,0.323,,1,1,19.126,0.2785
197.484,0.2707,0.6165,0.2705,0.6196,-6.71,17.41,0.325,,1,1,19.126,0.2785
197.518,0.2711,0.6192,0.2722,0.6281,-6.89,17.47,0.320,,1,1,19.126,0.2785
197.550,0.2731,0.6215,0.2795,0.6285,-6.98,18.18,0.314,,1,1,19.126,0.2785
197.580,0.2759,0.6237,0.2859,0.6321,-6.98,18.17,0.313,,1,1,19.126,0.2785
197.613,0.2788,0.6247,0.2878,0.6278,-6.91,18.58,0.318,,1,1,19.126,0.2785
197.646,0.2834,0.6228,0.2984,0.6167,-6.98,18.40,0.317,,1,1,19.126,0.2785
197.691,0.2876,0.6208,0.2973,0.6160,-6.67,17.88,0.317,,1,1,19.126,0.2785
197.724,0.2887,0.6217,0.2923,0.6247,-6.76,17.85,0.315,,1,1,19.126,0.2785
197.757,0.2895,0.6200,0.2923,0.6144,-6.60,17.78,0.315,,1,1,19.126,0.2785
197.789,0.2916,0.6199,0.2983,0.6194,-6.62,16.94,0.314,,1,1,19.126,0.2785
197.821,0.2911,0.6190,0.2894,0.6161,-6.70,17.54,0.321,,1,1,19.126,0.2785
197.853,0.2899,0.6169,0.2861,0.6099,-6.84,17.69,0.316,,1,1,19.126,0.2785
197.884,0.2899,0.6150,0.2898,0.6085,-6.68,18.02,0.318,,1,1,19.126,0.2785
197.917,0.2890,0.6060,0.2861,0.5776,-7.06,18.84,0.344,,1,1,19.126,0.2785
197.948,0.2936,0.5991,0.3092,0.5759,-6.77,18.56,0.314,,1,1,19.126,0.2785
197.981,0.3020,0.6015,0.3291,0.6095,-6.61,15.05,0.195,,1,1,19.126,0.2785
198.014,0.3080,0.6018,0.3271,0.6025,-6.76,15.17,0.208,,1,1,19.126,0.2785
198.046,0.3093,0.5957,0.3133,0.5758,-6.79,16.12,0.275,,1,1,19.126,0.2785
198.077,0.3060,0.5843,0.2947,0.5458,-7.04,16.72,0.339,,1,1,19.126,0.2785
198.109,0.3007,0.5684,0.2828,0.5165,-7.44,17.53,0.397,,1,1,19.126,0.2785
198.141,0.2952,0.5552,0.2776,0.5138,-7.57,18.67,0.412,,1,1,19.126,0.2785
198.204,0.2879,0.5261,0.2757,0.4786,-7.78,17.80,0.427,,1,1,19.126,0.2785
198.253,0.2806,0.5050,0.2647,0.4603,-7.53,18.10,0.438,,1,1,19.126,0.2785
198.286,0.2753,0.4937,0.2584,0.4589,-7.40,19.15,0.447,,1,1,19.126,0.2785
198.312,0.2715,0.4862,0.2568,0.4576,-7.40,19.39,0.449,,1,1,19.126,0.2785
198.338,0.2683,0.4814,0.2555,0.4626,-7.46,20.02,0.449,,1,1,19.126,0.2785
198.365,0.2643,0.4748,0.2483,0.4490,-7.65,19.80,0.445,,1,1,19.126,0.2785
198.392,0.2604,0.4700,0.2454,0.4518,-7.70,20.39,0.446,,1,1,19.126,0.2785
198.418,0.2570,0.4639,0.2433,0.4403,-7.60,19.91,0.446,,1,1,19.126,0.2785
198.447,0.2526,0.4546,0.2368,0.4220,-7.52,20.14,0.447,,1,1,19.126,0.2785
198.477,0.2492,0.4408,0.2376,0.3945,-7.56,19.80,0.448,,1,1,19.126,0.2785
198.510,0.2471,0.4293,0.2399,0.3916,-7.21,19.75,0.454,,1,1,19.126,0.2785
198.541,0.2454,0.4176,0.2398,0.3809,-7.43,19.93,0.458,,1,1,19.126,0.2785
198.605,0.3143,0.4314,0.4256,0.4534,-6.89,20.52,0.463,,1,1,19.126,0.2785
198.638,0.3568,0.4328,0.4895,0.4373,-6.80,19.46,0.470,,1,1,19.126,0.2785
198.670,0.4037,0.4232,0.5495,0.3921,-7.22,14.61,0.490,,1,1,19.126,0.2785
198.701,0.4479,0.4180,0.5846,0.4010,-7.07,17.44,0.493,,1,1,19.126,0.2785
198.732,0.4870,0.4131,0.6086,0.3966,-7.28,15.56,0.497,,1,1,19.126,0.2785
198.765,0.5320,0.4012,0.6617,0.3640,-6.91,1.23,0.493,,1,1,19.126,0.2785
198.812,0.5320,0.4012,,,-7.23,-7.97,0.497,,1,1,19.126,0.2785
198.845,0.5320,0.4012,,,-7.73,-6.22,0.493,,1,1,19.126,0.2785
198.873,0.6413,0.3885,0.7393,0.3763,-8.11,-2.98,0.489,,1,1,19.126,0.2785
198.899,0.6413,0.3885,,,-7.82,-9.42,0.494,,1,1,19.126,0.2785
198.927,0.6413,0.3885,,,-7.85,-10.95,0.491,,1,1,19.126,0.2785
198.953,0.6413,0.3885,,,-8.02,-9.88,0.483,,1,1,19.126,0.2785
199.005,0.6413,0.3885,,,-7.48,-13.43,0.498,,1,1,19.126,0.2785
199.037,0.6413,0.3885,,,-7.47,-11.46,0.484,,1,1,19.126,0.2785
199.069,0.6413,0.3885,,,-7.64,-11.49,0.488,,1,1,19.126,0.2785
199.101,0.6413,0.3885,,,-7.38,-13.52,0.485,,1,1,19.126,0.2785
199.134,0.6413,0.3885,,,-7.35,-13.11,0.485,,1,1,19.126,0.2785
199.165,0.6413,0.3885,,,-7.17,-13.24,0.489,,1,1,19.126,0.2785
199.197,0.6413,0.3885,,,-6.95,-12.56,0.489,,1,1,19.126,0.2785
199.228,0.6413,0.3885,,,-6.97,-12.79,0.496,,1,1,19.126,0.2785
199.262,0.6413,0.3885,,,-6.92,-13.02,0.495,,1,1,19.126,0.2785
199.293,0.6413,0.3885,,,-6.96,-12.39,0.495,,1,1,19.126,0.2785
199.324,0.6413,0.3885,,,-6.94,-12.09,0.489,,1,1,19.126,0.2785
199.358,0.6413,0.3885,,,-6.93,-14.97,0.491,,1,1,19.126,0.2785
199.404,0.6413,0.3885,,,-7.02,-15.78,0.497,,1,1,19.126,0.2785
199.437,0.6413,0.3885,,,-7.02,-15.71,0.492,,1,1,19.126,0.2785
199.470,0.6413,0.3885,,,-6.74,-13.60,0.489,,1,1,19.126,0.2785
199.500,0.6413,0.3885,,,-6.65,-15.26,0.493,,1,1,19.126,0.2785
199.534,0.6413,0.3885,,,-6.66,-14.59,0.489,,1,1,19.126,0.2785
199.565,0.6413,0.3885,,,-6.62,-14.48,0.484,,1,1,19.126,0.2785
199.597,0.6413,0.3885,,,-6.84,-15.99,0.482,,1,1,19.126,0.2785
199.629,0.6413,0.3885,,,-6.87,-14.75,0.481,,1,1,19.126,0.2785
199.662,0.6413,0.3885,,,-6.95,-14.92,0.482,,1,1,19.126,0.2785
199.693,0.6413,0.3885,,,-6.89,-15.59,0.479,,1,1,19.126,0.2785
199.726,0.6413,0.3885,,,-6.80,-14.61,0.484,,1,1,19.126,0.2785
199.757,0.6413,0.3885,,,-6.73,-13.95,0.480,,1,1,19.126,0.2785
199.791,0.6413,0.3885,,,-6.88,-15.44,0.483,,1,1,19.126,0.2785
199.821,0.6413,0.3885,,,-6.55,-14.79,0.478,,1,1,19.126,0.2785
199.853,0.6413,0.3885,,,-6.38,-15.00,0.474,,1,1,19.126,0.2785
199.884,0.6413,0.3885,,,-6.51,-15.80,0.430,,1,1,19.126,0.2785
199.917,0.6413,0.3885,,,-6.01,-12.54,0.270,,1,1,19.126,0.2785
199.965,0.6413,0.3885,,,-5.51,-8.77,0.121,,1,1,19.126,0.2785
199.996,0.6413,0.3885,,,-5.17,-7.97,0.140,,1,1,19.126,0.2785
200.029,0.7191,0.3850,0.7352,0.3843,-4.24,-0.52,0.144,,1,1,19.126,0.2785
200.061,0.7186,0.3896,0.7169,0.4051,-4.35,-1.99,0.143,,1,1,19.126,0.2785
200.094,0.7096,0.4045,0.6813,0.4514,-4.58,1.90,0.163,,1,1,19.126,0.2785
200.128,0.6996,0.4267,0.6679,0.4954,-4.21,5.46,0.167,,1,1,19.126,0.2785
200.156,0.6939,0.4445,0.6732,0.5079,-4.39,8.11,0.191,,1,1,19.126,0.2785
200.188,0.6874,0.4638,0.6659,0.5252,-4.23,8.43,0.173,,1,1,19.126,0.2785
200.220,0.6834,0.4747,0.6704,0.5094,-4.51,8.69,0.179,,1,1,19.126,0.2785
200.253,0.6797,0.4793,0.6676,0.4940,-4.43,6.65,0.188,,1,1,19.126,0.2785
200.284,0.6722,0.4722,0.6466,0.4482,-4.51,5.14,0.187,,1,1,19.126,0.2785
200.318,0.6728,0.4747,0.6748,0.4823,-4.20,5.75,0.188,,1,1,19.126,0.2785
200.351,0.6730,0.4760,0.6734,0.4804,-4.28,6.93,0.186,,1,1,19.126,0.2785
