time_s,gaze_x,gaze_y,raw_x,raw_y,pitch_deg,yaw_deg,ear,blink,face_detected,calibrated,calib_mgae_deg,calib_rmse,calib_point_idx,calib_target_x,calib_target_y
0.615,0.5000,0.5000,0.5000,0.5000,-8.67,14.97,0.512,,1,0,,,,,
0.663,0.5000,0.5000,0.5000,0.5000,-8.64,14.93,0.476,,1,0,,,,,
0.703,0.5000,0.5000,0.5000,0.5000,-27.15,18.33,0.463,,1,0,,,,,
0.746,0.5000,0.5000,0.5000,0.5000,-25.46,18.05,0.456,,1,0,,,,,
0.778,0.5000,0.5000,0.5000,0.5000,-23.97,17.91,0.501,,1,0,,,,,
0.806,0.5000,0.5000,0.5000,0.5000,-23.00,17.87,0.519,,1,0,,,,,
0.838,0.5000,0.5000,0.5000,0.5000,-22.06,17.85,0.545,,1,0,,,,,
0.862,0.5000,0.5000,0.5000,0.5000,-21.29,17.89,0.537,,1,0,,,,,
0.888,0.5000,0.5000,0.5000,0.5000,-20.61,17.94,0.529,,1,0,,,,,
0.917,0.5000,0.5000,0.5000,0.5000,-19.77,18.01,0.515,,1,0,,,,,
0.946,0.5000,0.5000,0.5000,0.5000,-18.94,18.03,0.523,,1,0,,,,,
0.976,0.5000,0.5000,0.5000,0.5000,-18.06,17.95,0.508,,1,0,,,,,
1.005,0.5000,0.5000,0.5000,0.5000,-17.17,17.66,0.486,,1,0,,,,,
1.031,0.5000,0.5000,0.5000,0.5000,-16.36,17.37,0.411,,1,0,,,,,
1.058,0.5000,0.5000,0.5000,0.5000,-15.60,16.95,0.363,,1,0,,,,,
1.092,0.5000,0.5000,0.5000,0.5000,-14.73,16.15,0.345,,1,0,,,,,
1.123,0.5000,0.5000,0.5000,0.5000,-13.91,15.02,0.345,,1,0,,,,,
1.149,0.5000,0.5000,0.5000,0.5000,-13.38,13.61,0.348,,1,0,,,,,
1.188,0.5000,0.5000,0.5000,0.5000,-13.10,11.11,0.370,,1,0,,,,,
1.223,0.5000,0.5000,0.5000,0.5000,-12.84,8.78,0.349,,1,0,,,,,
1.254,0.5000,0.5000,0.5000,0.5000,-12.55,6.50,0.348,,1,0,,,,,
1.289,0.5000,0.5000,0.5000,0.5000,-12.19,4.19,0.353,,1,0,,,,,
1.330,0.5000,0.5000,0.5000,0.5000,-11.58,2.27,0.344,,1,0,,,,,
1.360,0.5000,0.5000,0.5000,0.5000,-11.11,0.55,0.334,,1,0,,,,,
1.385,0.5000,0.5000,0.5000,0.5000,-10.63,-0.23,0.319,,1,0,,,,,
1.416,0.5000,0.5000,0.5000,0.5000,-9.98,-0.08,0.312,,1,0,,,,,
1.450,0.5000,0.5000,0.5000,0.5000,-9.34,0.32,0.325,,1,0,,,,,
1.482,0.5000,0.5000,0.5000,0.5000,-8.75,0.68,0.320,,1,0,,,,,
1.531,0.5000,0.5000,0.5000,0.5000,-8.03,1.38,0.327,,1,0,,,,,
1.566,0.5000,0.5000,0.5000,0.5000,-7.52,1.81,0.321,,1,0,,,,,
1.593,0.5000,0.5000,0.5000,0.5000,-7.13,2.12,0.319,,1,0,,,,,
1.621,0.5000,0.5000,0.5000,0.5000,-6.76,2.52,0.321,,1,0,,,,,
1.651,0.5000,0.5000,0.5000,0.5000,-6.37,3.12,0.330,,1,0,,,,,
1.677,0.5000,0.5000,0.5000,0.5000,-6.05,3.53,0.315,,1,0,,,,,
1.704,0.5000,0.5000,0.5000,0.5000,-5.74,3.90,0.307,,1,0,,,,,
1.732,0.5000,0.5000,0.5000,0.5000,-5.42,4.35,0.307,,1,0,,,,,
1.757,0.5000,0.5000,0.5000,0.5000,-5.11,4.82,0.296,,1,0,,,,,
1.821,0.5000,0.5000,0.5000,0.5000,-4.51,5.63,0.239,,1,0,,,,,
1.849,0.5000,0.5000,0.5000,0.5000,-4.11,5.96,0.183,,1,0,,,,,
1.882,0.5000,0.5000,0.5000,0.5000,-3.74,6.21,0.174,,1,0,,,,,
1.912,0.5000,0.5000,0.5000,0.5000,-3.46,6.75,0.332,,1,0,,,,,
1.947,0.5000,0.5000,0.5000,0.5000,-3.16,7.36,0.435,,1,0,,,,,
1.979,0.5000,0.5000,0.5000,0.5000,-2.91,7.84,0.490,,1,0,,,,,
2.014,0.5000,0.5000,0.5000,0.5000,-2.63,8.27,0.496,,1,0,,,,,
2.046,0.5000,0.5000,0.5000,0.5000,-2.35,8.50,0.499,,1,0,,,,,
2.093,0.5000,0.5000,0.5000,0.5000,-2.01,8.96,0.481,,1,0,,,,,
2.127,0.5000,0.5000,0.5000,0.5000,-1.71,9.34,0.487,,1,0,,,,,
2.160,0.5000,0.5000,0.5000,0.5000,-1.47,9.57,0.485,,1,0,,,,,
2.190,0.5000,0.5000,0.5000,0.5000,-1.25,9.75,0.496,,1,0,,,,,
2.218,0.5000,0.5000,0.5000,0.5000,-1.01,9.80,0.494,,1,0,,,,,
2.253,0.5000,0.5000,0.5000,0.5000,-0.78,9.80,0.498,,1,0,,,,,
2.282,0.5000,0.5000,0.5000,0.5000,-0.52,9.81,0.490,,1,0,,,,,
2.322,0.5000,0.5000,0.5000,0.5000,-0.21,9.94,0.475,,1,0,,,,,
2.358,0.5000,0.5000,0.5000,0.5000,0.15,10.11,0.467,,1,0,,,,,
2.395,0.5000,0.5000,0.5000,0.5000,0.46,10.35,0.458,,1,0,,,,,
2.428,0.5000,0.5000,0.5000,0.5000,0.80,10.54,0.450,,1,0,,,,,
2.452,0.5000,0.5000,0.5000,0.5000,1.07,10.73,0.445,,1,0,,,,,
2.485,0.5000,0.5000,0.5000,0.5000,1.28,10.79,0.445,,1,0,,,,,
2.526,0.5000,0.5000,0.5000,0.5000,1.57,10.92,0.448,,1,0,,,,,
2.570,0.5000,0.5000,0.5000,0.5000,1.88,10.93,0.452,,1,0,,,,,
2.622,0.5000,0.5000,0.5000,0.5000,2.25,10.81,0.455,,1,0,,,,,
2.662,0.5000,0.5000,0.5000,0.5000,2.44,10.83,0.462,,1,0,,,,,
2.701,0.5000,0.5000,0.5000,0.5000,2.58,10.87,0.434,,1,0,,,,,
2.728,0.5000,0.5000,0.5000,0.5000,2.77,10.98,0.431,,1,0,,,,,
2.769,0.5000,0.5000,0.5000,0.5000,2.95,11.28,0.414,,1,0,,,,,
2.807,0.5000,0.5000,0.5000,0.5000,3.09,11.53,0.413,,1,0,,,,,
2.834,0.5000,0.5000,0.5000,0.5000,3.21,11.69,0.404,,1,0,,,,,
2.867,0.5000,0.5000,0.5000,0.5000,3.25,11.89,0.401,,1,0,,,,,
2.894,0.5000,0.5000,0.5000,0.5000,3.36,12.01,0.400,,1,0,,,,,
2.922,0.5000,0.5000,0.5000,0.5000,3.42,12.19,0.409,,1,0,,,,,
2.957,0.5000,0.5000,0.5000,0.5000,3.46,12.33,0.408,,1,0,,,,,
2.991,0.5000,0.5000,0.5000,0.5000,3.42,12.70,0.383,,1,0,,,,,
3.021,0.5000,0.5000,0.5000,0.5000,3.40,12.62,0.308,,1,0,,,,,
3.057,0.5000,0.5000,0.5000,0.5000,3.38,12.48,0.217,,1,0,,,,,
3.098,0.5000,0.5000,0.5000,0.5000,3.33,12.41,0.221,,1,0,,,,,
3.143,0.5000,0.5000,0.5000,0.5000,3.25,12.17,0.227,,1,0,,,,,
3.181,0.5000,0.5000,0.5000,0.5000,3.14,12.20,0.283,,1,0,,,,,
3.210,0.5000,0.5000,0.5000,0.5000,3.03,12.37,0.292,,1,0,,,,,
3.238,0.5000,0.5000,0.5000,0.5000,2.96,12.48,0.299,,1,0,,,,,
3.265,0.5000,0.5000,0.5000,0.5000,2.88,12.57,0.259,,1,0,,,,,
3.292,0.5000,0.5000,0.5000,0.5000,2.79,12.77,0.289,,1,0,,,,,
3.316,0.5000,0.5000,0.5000,0.5000,2.69,12.94,0.301,,1,0,,,,,
3.341,0.5000,0.5000,0.5000,0.5000,2.57,13.24,0.311,,1,0,,,,,
3.368,0.5000,0.5000,0.5000,0.5000,2.46,13.46,0.309,,1,0,,,,,
3.395,0.5000,0.5000,0.5000,0.5000,2.34,13.80,0.310,,1,0,,,,,
3.421,0.5000,0.5000,0.5000,0.5000,2.24,14.09,0.302,,1,0,,,,,
3.453,0.5000,0.5000,0.5000,0.5000,2.11,14.48,0.304,,1,0,,,,,
3.481,0.5000,0.5000,0.5000,0.5000,2.01,14.95,0.312,,1,0,,,,,
3.506,0.5000,0.5000,0.5000,0.5000,1.92,15.25,0.307,,1,0,,,,,
3.532,0.5000,0.5000,0.5000,0.5000,1.86,15.50,0.306,,1,0,,,,,
3.559,0.5000,0.5000,0.5000,0.5000,1.85,15.69,0.226,,1,0,,,,,
3.592,0.5000,0.5000,0.5000,0.5000,1.84,15.78,0.223,,1,0,,,,,
3.625,0.5000,0.5000,0.5000,0.5000,1.76,16.15,0.261,,1,0,,,,,
3.659,0.5000,0.5000,0.5000,0.5000,1.67,16.56,0.280,,1,0,,,,,
3.692,0.5000,0.5000,0.5000,0.5000,1.55,17.05,0.276,,1,0,,,,,
3.724,0.5000,0.5000,0.5000,0.5000,1.51,17.39,0.257,,1,0,,,,,
3.758,0.5000,0.5000,0.5000,0.5000,1.42,17.74,0.215,,1,0,,,,,
3.834,0.5000,0.5000,0.5000,0.5000,1.01,18.69,0.233,,1,0,,,,,
3.861,0.5000,0.5000,0.5000,0.5000,0.89,18.93,0.211,,1,0,,,,,
3.893,0.5000,0.5000,0.5000,0.5000,0.79,19.30,0.235,,1,0,,,,,
3.926,0.5000,0.5000,0.5000,0.5000,0.66,19.86,0.233,,1,0,,,,,
3.958,0.5000,0.5000,0.5000,0.5000,0.58,20.29,0.260,,1,0,,,,,
3.991,0.5000,0.5000,0.5000,0.5000,0.51,20.79,0.269,,1,0,,,,,
4.027,0.5000,0.5000,0.5000,0.5000,0.42,21.28,0.267,,1,0,,,,,
4.062,0.5000,0.5000,0.5000,0.5000,0.32,21.64,0.253,,1,0,,,,,
4.093,0.5000,0.5000,0.5000,0.5000,0.26,21.93,0.273,,1,0,,,,,
4.132,0.5000,0.5000,0.5000,0.5000,0.14,22.34,0.278,,1,0,,,,,
4.165,0.5000,0.5000,0.5000,0.5000,0.05,22.55,0.278,,1,0,,,,,
4.192,0.5000,0.5000,0.5000,0.5000,-0.05,22.78,0.292,,1,0,,,,,
4.223,0.5000,0.5000,0.5000,0.5000,-0.11,22.99,0.309,,1,0,,,,,
4.252,0.5000,0.5000,0.5000,0.5000,-0.16,23.16,0.298,,1,0,,,,,
4.281,0.5000,0.5000,0.5000,0.5000,-0.23,23.25,0.261,,1,0,,,,,
4.323,0.5000,0.5000,0.5000,0.5000,-0.33,23.37,0.272,,1,0,,,,,
4.365,0.5000,0.5000,0.5000,0.5000,-0.45,23.63,0.301,,1,0,,,,,
4.402,0.5000,0.5000,0.5000,0.5000,-0.54,23.76,0.277,,1,0,,,,,
4.426,0.5000,0.5000,0.5000,0.5000,-0.62,23.84,0.272,,1,0,,,,,
4.455,0.5000,0.5000,0.5000,0.5000,-0.70,23.89,0.267,,1,0,,,,,
4.481,0.5000,0.5000,0.5000,0.5000,-0.75,23.92,0.270,,1,0,,,,,
4.507,0.5000,0.5000,0.5000,0.5000,-0.82,23.96,0.274,,1,0,,,,,
4.533,0.5000,0.5000,0.5000,0.5000,-0.87,23.98,0.271,,1,0,,,,,
4.561,0.5000,0.5000,0.5000,0.5000,-0.90,24.01,0.275,,1,0,,,,,
4.619,0.5000,0.5000,0.5000,0.5000,-0.95,24.12,0.272,,1,0,,,,,
4.652,0.5000,0.5000,0.5000,0.5000,-0.99,24.22,0.256,,1,0,,,,,
4.680,0.5000,0.5000,0.5000,0.5000,-1.04,24.31,0.270,,1,0,,,,,
4.714,0.5000,0.5000,0.5000,0.5000,-1.06,24.41,0.272,,1,0,,,,,
4.745,0.5000,0.5000,0.5000,0.5000,-1.11,24.46,0.270,,1,0,,,,,
4.777,0.5000,0.5000,0.5000,0.5000,-1.13,24.53,0.275,,1,0,,,,,
4.809,0.5000,0.5000,0.5000,0.5000,-1.14,24.58,0.269,,1,0,,,,,
4.841,0.5000,0.5000,0.5000,0.5000,-1.16,24.60,0.258,,1,0,,,,,
4.872,0.5000,0.5000,0.5000,0.5000,-1.19,24.60,0.246,,1,0,,,,,
4.928,0.5000,0.5000,0.5000,0.5000,-1.20,24.60,0.249,,1,0,,,,,
4.957,0.5000,0.5000,0.5000,0.5000,-1.20,24.60,0.245,,1,0,,,,,
4.985,0.5000,0.5000,0.5000,0.5000,-1.22,24.60,0.248,,1,0,,,,,
5.020,0.5000,0.5000,0.5000,0.5000,-1.25,24.59,0.259,,1,0,,,,,
5.055,0.5000,0.5000,0.5000,0.5000,-1.28,24.56,0.265,,1,0,,,,,
5.084,0.5000,0.5000,0.5000,0.5000,-1.30,24.48,0.270,,1,0,,,,,
5.121,0.5000,0.5000,0.5000,0.5000,-1.32,24.38,0.244,,1,0,,,,,
5.160,0.5000,0.5000,0.5000,0.5000,-1.33,24.22,0.252,,1,0,,,,,
5.187,0.5000,0.5000,0.5000,0.5000,-1.34,24.16,0.257,,1,0,,,,,
5.213,0.5000,0.5000,0.5000,0.5000,-1.36,24.08,0.258,,1,0,,,,,
5.244,0.5000,0.5000,0.5000,0.5000,-1.37,24.02,0.256,,1,0,,,,,
5.272,0.5000,0.5000,0.5000,0.5000,-1.34,23.97,0.273,,1,0,,,,,
5.306,0.5000,0.5000,0.5000,0.5000,-1.34,23.90,0.284,,1,0,,,,,
5.341,0.5000,0.5000,0.5000,0.5000,-1.37,23.85,0.280,,1,0,,,,,
5.371,0.5000,0.5000,0.5000,0.5000,-1.41,23.80,0.258,,1,0,,,,,
5.406,0.5000,0.5000,0.5000,0.5000,-1.46,23.77,0.267,,1,0,,,,,
5.440,0.5000,0.5000,0.5000,0.5000,-1.52,23.73,0.257,,1,0,,,,,
5.465,0.5000,0.5000,0.5000,0.5000,-1.58,23.76,0.273,,1,0,,,,,
5.515,0.5000,0.5000,0.5000,0.5000,-1.69,23.77,0.266,,1,0,,,,,
5.544,0.5000,0.5000,0.5000,0.5000,-1.76,23.79,0.268,,1,0,,,,,
5.576,0.5000,0.5000,0.5000,0.5000,-1.84,23.77,0.266,,1,0,,,,,
5.607,0.5000,0.5000,0.5000,0.5000,-1.94,23.71,0.251,,1,0,,,,,
5.641,0.5000,0.5000,0.5000,0.5000,-2.02,23.67,0.249,,1,0,,,,,
5.677,0.5000,0.5000,0.5000,0.5000,-2.10,23.69,0.260,,1,0,,,,,
5.718,0.5000,0.5000,0.5000,0.5000,-2.17,23.66,0.264,,1,0,,,,,
5.749,0.5000,0.5000,0.5000,0.5000,-2.23,23.65,0.269,,1,0,,,,,
5.779,0.5000,0.5000,0.5000,0.5000,-2.28,23.63,0.265,,1,0,,,,,
5.821,0.5000,0.5000,0.5000,0.5000,-2.34,23.54,0.276,,1,0,,,,,
5.860,0.5000,0.5000,0.5000,0.5000,-2.39,23.48,0.275,,1,0,,,,,
5.890,0.5000,0.5000,0.5000,0.5000,-2.45,23.44,0.284,,1,0,,,,,
5.916,0.5000,0.5000,0.5000,0.5000,-2.51,23.41,0.295,,1,0,,,,,
5.945,0.5000,0.5000,0.5000,0.5000,-2.55,23.39,0.303,,1,0,,,,,
5.972,0.5000,0.5000,0.5000,0.5000,-2.60,23.37,0.304,,1,0,,,,,
5.995,0.5000,0.5000,0.5000,0.5000,-2.64,23.36,0.311,,1,0,,,,,
6.028,0.5000,0.5000,0.5000,0.5000,-2.70,23.36,0.309,,1,0,,,,,
6.072,0.5000,0.5000,0.5000,0.5000,-2.80,23.30,0.292,,1,0,,,,,
6.106,0.5000,0.5000,0.5000,0.5000,-2.89,23.27,0.302,,1,0,,,,,
6.138,0.5000,0.5000,0.5000,0.5000,-2.95,23.24,0.321,,1,0,,,,,
6.168,0.5000,0.5000,0.5000,0.5000,-3.00,23.21,0.328,,1,0,,,,,
6.228,0.5000,0.5000,0.5000,0.5000,-3.03,23.14,0.331,,1,0,,,,,
6.253,0.5000,0.5000,0.5000,0.5000,-3.04,23.04,0.319,,1,0,,,,,
6.276,0.5000,0.5000,0.5000,0.5000,-3.04,22.95,0.312,,1,0,,,,,
6.310,0.5000,0.5000,0.5000,0.5000,-3.05,22.86,0.314,,1,0,,,,,
6.339,0.5000,0.5000,0.5000,0.5000,-3.04,22.69,0.311,,1,0,,,,,
6.366,0.5000,0.5000,0.5000,0.5000,-3.04,22.47,0.310,,1,0,,,,,
6.394,0.5000,0.5000,0.5000,0.5000,-3.04,22.14,0.316,,1,0,,,,,
6.426,0.5000,0.5000,0.5000,0.5000,-3.03,21.79,0.326,,1,0,,,,,
6.459,0.5000,0.5000,0.5000,0.5000,-3.03,21.38,0.330,,1,0,,,,,
6.490,0.5000,0.5000,0.5000,0.5000,-3.03,20.90,0.333,,1,0,,,,,
6.526,0.5000,0.5000,0.5000,0.5000,-3.03,20.50,0.334,,1,0,,,,,
6.556,0.5000,0.5000,0.5000,0.5000,-3.04,20.07,0.332,,1,0,,,,,
6.633,0.5000,0.5000,0.5000,0.5000,-3.00,19.63,0.406,,1,0,,,,,
6.668,0.5000,0.5000,0.5000,0.5000,-2.96,19.43,0.420,,1,0,,,,,
6.697,0.5000,0.5000,0.5000,0.5000,-2.92,19.18,0.410,,1,0,,,,,
6.723,0.5000,0.5000,0.5000,0.5000,-2.89,19.13,0.480,,1,0,,,,,
6.753,0.5000,0.5000,0.5000,0.5000,-2.86,19.16,0.526,,1,0,,,,,
6.780,0.5000,0.5000,0.5000,0.5000,-2.84,19.18,0.538,,1,0,,,,,
6.807,0.5000,0.5000,0.5000,0.5000,-2.81,19.17,0.544,,1,0,,,,,
6.838,0.5000,0.5000,0.5000,0.5000,-2.76,19.09,0.548,,1,0,,,,,
6.869,0.5000,0.5000,0.5000,0.5000,-2.69,18.98,0.540,,1,0,,,,,
6.893,0.5000,0.5000,0.5000,0.5000,-2.62,18.96,0.529,,1,0,,,,,
6.922,0.5000,0.5000,0.5000,0.5000,-2.55,18.97,0.538,,1,0,,,,,
6.957,0.5000,0.5000,0.5000,0.5000,-2.44,18.97,0.540,,1,0,,,,,
7.028,0.5000,0.5000,0.5000,0.5000,-2.21,18.85,0.553,,1,0,,,,,
7.056,0.5000,0.5000,0.5000,0.5000,-2.11,18.81,0.539,,1,0,,,,,
7.085,0.5000,0.5000,0.5000,0.5000,-2.01,18.69,0.549,,1,0,,,,,
7.120,0.5000,0.5000,0.5000,0.5000,-1.88,18.50,0.545,,1,0,,,,,
7.150,0.5000,0.5000,0.5000,0.5000,-1.77,18.18,0.547,,1,0,,,,,
7.204,0.5000,0.5000,0.5000,0.5000,-1.56,17.90,0.541,,1,0,,,,,
7.234,0.5000,0.5000,0.5000,0.5000,-1.37,17.65,0.550,,1,0,,,,,
7.265,0.5000,0.5000,0.5000,0.5000,-1.24,17.38,0.546,,1,0,,,,,
7.297,0.5000,0.5000,0.5000,0.5000,-1.10,17.15,0.540,,1,0,,,,,
7.326,0.5000,0.5000,0.5000,0.5000,-0.98,16.99,0.528,,1,0,,,,,
7.354,0.5000,0.5000,0.5000,0.5000,-0.88,16.82,0.530,,1,0,,,,,
7.381,0.5000,0.5000,0.5000,0.5000,-0.78,16.69,0.521,,1,0,,,,,
7.419,0.5000,0.5000,0.5000,0.5000,-0.63,16.55,0.539,,1,0,,,,,
7.450,0.5000,0.5000,0.5000,0.5000,-0.52,16.46,0.531,,1,0,,,,,
7.480,0.5000,0.5000,0.5000,0.5000,-0.40,16.49,0.522,,1,0,,,,,
7.514,0.5000,0.5000,0.5000,0.5000,-0.28,16.43,0.521,,1,0,,,,,
7.545,0.5000,0.5000,0.5000,0.5000,-0.16,16.30,0.518,,1,0,,,,,
7.579,0.5000,0.5000,0.5000,0.5000,-0.05,16.14,0.522,,1,0,,,,,
7.608,0.5000,0.5000,0.5000,0.5000,0.06,16.06,0.517,,1,0,,,,,
7.642,0.5000,0.5000,0.5000,0.5000,0.18,16.00,0.517,,1,0,,,,,
7.673,0.5000,0.5000,0.5000,0.5000,0.30,15.96,0.512,,1,0,,,,,
7.706,0.5000,0.5000,0.5000,0.5000,0.42,15.91,0.510,,1,0,,,,,
7.738,0.5000,0.5000,0.5000,0.5000,0.51,15.90,0.507,,1,0,,,,,
7.785,0.5000,0.5000,0.5000,0.5000,0.61,15.95,0.511,,1,0,,,,,
7.819,0.5000,0.5000,0.5000,0.5000,0.68,16.00,0.510,,1,0,,,,,
7.851,0.5000,0.5000,0.5000,0.5000,0.74,16.02,0.509,,1,0,,,,,
7.882,0.5000,0.5000,0.5000,0.5000,0.82,16.02,0.509,,1,0,,,,,
7.911,0.5000,0.5000,0.5000,0.5000,0.90,15.99,0.515,,1,0,,,,,
7.950,0.5000,0.5000,0.5000,0.5000,0.97,15.90,0.515,,1,0,,,,,
7.978,0.5000,0.5000,0.5000,0.5000,1.04,15.89,0.514,,1,0,,,,,
8.013,0.5000,0.5000,0.5000,0.5000,1.10,15.81,0.514,,1,0,,,,,
8.042,0.5000,0.5000,0.5000,0.5000,1.17,15.69,0.509,,1,0,,,,,
8.073,0.5000,0.5000,0.5000,0.5000,1.24,15.61,0.506,,1,0,,,,,
8.108,0.5000,0.5000,0.5000,0.5000,1.30,15.58,0.505,,1,0,,,,,
8.147,0.5000,0.5000,0.5000,0.5000,1.35,15.54,0.502,,1,0,,,,,
8.180,0.5000,0.5000,0.5000,0.5000,1.40,15.54,0.500,,1,0,,,,,
8.215,0.5000,0.5000,0.5000,0.5000,1.46,15.52,0.499,,1,0,,,,,
8.249,0.5000,0.5000,0.5000,0.5000,1.50,15.43,0.501,,1,0,,,,,
8.282,0.5000,0.5000,0.5000,0.5000,1.53,15.42,0.504,,1,0,,,,,
8.309,0.5000,0.5000,0.5000,0.5000,1.56,15.47,0.499,,1,0,,,,,
8.347,0.5000,0.5000,0.5000,0.5000,1.61,15.48,0.497,,1,0,,,,,
8.379,0.5000,0.5000,0.5000,0.5000,1.63,15.44,0.503,,1,0,,,,,
8.410,0.5000,0.5000,0.5000,0.5000,1.66,15.37,0.507,,1,0,,,,,
8.442,0.5000,0.5000,0.5000,0.5000,1.70,15.30,0.514,,1,0,,,,,
8.474,0.5000,0.5000,0.5000,0.5000,1.73,15.15,0.517,,1,0,,,,,
8.513,0.5000,0.5000,0.5000,0.5000,1.75,14.98,0.524,,1,0,,,,,
8.541,0.5000,0.5000,0.5000,0.5000,1.76,14.92,0.520,,1,0,,,,,
8.568,0.5000,0.5000,0.5000,0.5000,1.76,14.83,0.521,,1,0,,,,,
8.600,0.5000,0.5000,0.5000,0.5000,1.78,14.77,0.520,,1,0,,,,,
8.635,0.5000,0.5000,0.5000,0.5000,1.79,14.81,0.522,,1,0,,,,,
8.667,0.5000,0.5000,0.5000,0.5000,1.81,14.80,0.523,,1,0,,,,,
8.699,0.5000,0.5000,0.5000,0.5000,1.84,14.78,0.521,,1,0,,,,,
8.730,0.5000,0.5000,0.5000,0.5000,1.87,14.67,0.516,,1,0,,,,,
8.763,0.5000,0.5000,0.5000,0.5000,1.91,14.56,0.519,,1,0,,,,,
8.793,0.5000,0.5000,0.5000,0.5000,1.95,14.47,0.519,,1,0,,,,,
8.826,0.5000,0.5000,0.5000,0.5000,2.01,14.40,0.524,,1,0,,,,,
8.858,0.5000,0.5000,0.5000,0.5000,2.06,14.35,0.519,,1,0,,,,,
8.908,0.5000,0.5000,0.5000,0.5000,2.13,14.25,0.517,,1,0,,,,,
8.938,0.5000,0.5000,0.5000,0.5000,2.19,14.13,0.519,,1,0,,,,,
8.971,0.5000,0.5000,0.5000,0.5000,2.24,14.04,0.521,,1,0,,,,,
9.000,0.5000,0.5000,0.5000,0.5000,2.27,13.90,0.523,,1,0,,,,,
9.035,0.5000,0.5000,0.5000,0.5000,2.29,13.81,0.523,,1,0,,,,,
9.064,0.5000,0.5000,0.5000,0.5000,2.32,13.77,0.518,,1,0,,,,,
9.097,0.5000,0.5000,0.5000,0.5000,2.32,13.64,0.517,,1,0,,,,,
9.127,0.5000,0.5000,0.5000,0.5000,2.34,13.48,0.519,,1,0,,,,,
9.161,0.5000,0.5000,0.5000,0.5000,2.38,13.34,0.519,,1,0,,,,,
9.196,0.5000,0.5000,0.5000,0.5000,2.41,13.25,0.518,,1,0,,,,,
9.224,0.5000,0.5000,0.5000,0.5000,2.44,13.16,0.514,,1,0,,,,,
9.258,0.5000,0.5000,0.5000,0.5000,2.47,13.09,0.518,,1,0,,,,,
9.290,0.5000,0.5000,0.5000,0.5000,2.50,13.03,0.521,,1,0,,,,,
9.322,0.5000,0.5000,0.5000,0.5000,2.52,12.98,0.524,,1,0,,,,,
9.352,0.5000,0.5000,0.5000,0.5000,2.55,12.93,0.523,,1,0,,,,,
9.417,0.5000,0.5000,0.5000,0.5000,2.62,12.68,0.529,,1,0,,,,,
9.466,0.5000,0.5000,0.5000,0.5000,2.67,12.58,0.518,,1,0,,,,,
9.497,0.5000,0.5000,0.5000,0.5000,2.68,12.54,0.519,,1,0,,,,,
9.522,0.5000,0.5000,0.5000,0.5000,2.68,12.51,0.520,,1,0,,,,,
9.552,0.5000,0.5000,0.5000,0.5000,2.69,12.49,0.520,,1,0,,,,,
9.576,0.5000,0.5000,0.5000,0.5000,2.70,12.47,0.516,,1,0,,,,,
9.601,0.5000,0.5000,0.5000,0.5000,2.72,12.46,0.518,,1,0,,,,,
9.629,0.5000,0.5000,0.5000,0.5000,2.72,12.45,0.525,,1,0,,,,,
9.657,0.5000,0.5000,0.5000,0.5000,2.73,12.44,0.521,,1,0,,,,,
9.690,0.5000,0.5000,0.5000,0.5000,2.73,12.44,0.519,,1,0,,,,,
9.725,0.5000,0.5000,0.5000,0.5000,2.75,12.45,0.523,,1,0,,,,,
9.754,0.5000,0.5000,0.5000,0.5000,2.78,12.46,0.520,,1,0,,,,,
9.820,0.5000,0.5000,0.5000,0.5000,2.86,12.51,0.525,,1,0,,,,,
9.848,0.5000,0.5000,0.5000,0.5000,2.89,12.55,0.525,,1,0,,,,,
9.882,0.5000,0.5000,0.5000,0.5000,2.92,12.57,0.527,,1,0,,,,,
9.913,0.5000,0.5000,0.5000,0.5000,2.95,12.62,0.530,,1,0,,,,,
9.948,0.5000,0.5000,0.5000,0.5000,2.99,12.64,0.530,,1,0,,,,,
9.979,0.5000,0.5000,0.5000,0.5000,3.01,12.65,0.527,,1,0,,,,,
10.029,0.5000,0.5000,0.5000,0.5000,3.04,12.72,0.531,,1,0,,,,,
10.060,0.5000,0.5000,0.5000,0.5000,3.08,12.80,0.518,,1,0,,,,,
10.093,0.5000,0.5000,0.5000,0.5000,3.11,12.80,0.504,,1,0,,,,,
10.129,0.5000,0.5000,0.5000,0.5000,3.14,12.78,0.502,,1,0,,,,,
10.164,0.5000,0.5000,0.5000,0.5000,3.17,12.79,0.499,,1,0,,,,,
10.197,0.5000,0.5000,0.5000,0.5000,3.21,12.81,0.500,,1,0,,,,,
10.223,0.5000,0.5000,0.5000,0.5000,3.24,12.82,0.502,,1,0,,,,,
10.250,0.5000,0.5000,0.5000,0.5000,3.28,12.83,0.503,,1,0,,,,,
10.280,0.5000,0.5000,0.5000,0.5000,3.33,12.90,0.503,,1,0,,,,,
10.312,0.5000,0.5000,0.5000,0.5000,3.39,12.96,0.500,,1,0,,,,,
10.345,0.5000,0.5000,0.5000,0.5000,3.44,12.97,0.497,,1,0,,,,,
10.375,0.5000,0.5000,0.5000,0.5000,3.50,12.99,0.496,,1,0,,,,,
10.408,0.5000,0.5000,0.5000,0.5000,3.53,13.04,0.495,,1,0,,,,,
10.440,0.5000,0.5000,0.5000,0.5000,3.58,13.14,0.465,,1,0,,,,,
10.472,0.5000,0.5000,0.5000,0.5000,3.65,13.29,0.345,,1,0,,,,,
10.505,0.5000,0.5000,0.5000,0.5000,3.73,13.32,0.218,,1,0,,,,,
10.539,0.5000,0.5000,0.5000,0.5000,3.75,13.45,0.221,,1,0,,,,,
10.638,0.5000,0.5000,0.5000,0.5000,3.74,13.73,0.292,,1,0,,,,,
10.682,0.5000,0.5000,0.5000,0.5000,3.69,13.78,0.334,,1,0,,,,,
10.710,0.5000,0.5000,0.5000,0.5000,3.61,13.70,0.348,,1,0,,,,,
10.743,0.5000,0.5000,0.5000,0.5000,3.38,13.47,0.373,,1,0,,,,,
10.774,0.5000,0.5000,0.5000,0.5000,2.89,12.19,0.373,,1,0,,,,,
10.807,0.5000,0.5000,0.5000,0.5000,2.51,10.94,0.315,,1,0,,,,,
10.837,0.5000,0.5000,0.5000,0.5000,2.10,9.49,0.198,,1,0,,,,,
10.873,0.5000,0.5000,0.5000,0.5000,1.74,8.23,0.260,,1,0,,,,,
10.935,0.5000,0.5000,0.5000,0.5000,1.07,5.57,0.285,,1,0,,,,,
10.985,0.5000,0.5000,0.5000,0.5000,0.28,2.87,0.337,,1,0,,,,,
11.021,0.5000,0.5000,0.5000,0.5000,-0.15,1.34,0.336,,1,0,,,,,
11.071,0.5000,0.5000,0.5000,0.5000,-0.47,-0.12,0.342,,1,0,,,,,
11.109,0.5000,0.5000,0.5000,0.5000,-0.81,-1.44,0.342,,1,0,,,,,
11.142,0.5000,0.5000,0.5000,0.5000,-0.98,-2.22,0.332,,1,0,,,,,
11.172,0.5000,0.5000,0.5000,0.5000,-1.09,-2.76,0.319,,1,0,,,,,
11.202,0.5000,0.5000,0.5000,0.5000,-1.22,-3.31,0.322,,1,0,,,,,
11.225,0.5000,0.5000,0.5000,0.5000,-1.34,-3.84,0.324,,1,0,,,,,
11.253,0.5000,0.5000,0.5000,0.5000,-1.41,-4.19,0.327,,1,0,,,,,
11.281,0.5000,0.5000,0.5000,0.5000,-1.49,-4.53,0.321,,1,0,,,,,
11.306,0.5000,0.5000,0.5000,0.5000,-1.58,-4.94,0.322,,1,0,,,,,
11.337,0.5000,0.5000,0.5000,0.5000,-1.66,-5.20,0.315,,1,0,,,,,
11.391,0.5000,0.5000,0.5000,0.5000,-1.76,-5.47,0.322,,1,0,,,,,
11.425,0.5000,0.5000,0.5000,0.5000,-1.82,-5.63,0.318,,1,0,,,,,
11.453,0.5000,0.5000,0.5000,0.5000,-1.85,-5.61,0.319,,1,0,,,,,
11.475,0.5000,0.5000,0.5000,0.5000,-1.88,-5.44,0.323,,1,0,,,,,
11.501,0.5000,0.5000,0.5000,0.5000,-1.86,-5.34,0.347,,1,0,,,,,
11.528,0.5000,0.5000,0.5000,0.5000,-1.84,-4.99,0.357,,1,0,,,,,
11.563,0.5000,0.5000,0.5000,0.5000,-1.82,-4.37,0.369,,1,0,,,,,
11.593,0.5000,0.5000,0.5000,0.5000,-1.82,-3.74,0.368,,1,0,,,,,
11.624,0.5000,0.5000,0.5000,0.5000,-1.83,-3.05,0.353,,1,0,,,,,
11.659,0.5000,0.5000,0.5000,0.5000,-1.82,-2.49,0.351,,1,0,,,,,
11.690,0.5000,0.5000,0.5000,0.5000,-1.86,-1.68,0.366,,1,0,,,,,
11.721,0.5000,0.5000,0.5000,0.5000,-1.92,-0.76,0.387,,1,0,,,,,
11.770,0.5000,0.5000,0.5000,0.5000,-2.03,0.74,0.421,,1,0,,,,,
11.802,0.5000,0.5000,0.5000,0.5000,-2.09,1.75,0.436,,1,0,,,,,
11.837,0.5000,0.5000,0.5000,0.5000,-2.10,2.46,0.438,,1,0,,,,,
11.869,0.5000,0.5000,0.5000,0.5000,-2.18,3.56,0.462,,1,0,,,,,
11.902,0.5000,0.5000,0.5000,0.5000,-2.25,4.46,0.513,,1,0,,,,,
11.932,0.5000,0.5000,0.5000,0.5000,-2.30,5.56,0.537,,1,0,,,,,
11.963,0.5000,0.5000,0.5000,0.5000,-2.25,6.44,0.554,,1,0,,,,,
11.993,0.5000,0.5000,0.5000,0.5000,-2.20,7.21,0.538,,1,0,,,,,
12.024,0.5000,0.5000,0.5000,0.5000,-2.13,7.76,0.535,,1,0,,,,,
12.056,0.5000,0.5000,0.5000,0.5000,-2.03,8.40,0.548,,1,0,,,,,
12.093,0.5000,0.5000,0.5000,0.5000,-1.87,9.10,0.564,,1,0,,,,,
12.122,0.5000,0.5000,0.5000,0.5000,-1.74,9.58,0.540,,1,0,,,,,
12.156,0.5000,0.5000,0.5000,0.5000,-1.61,10.11,0.527,,1,0,,,,,
12.218,0.5000,0.5000,0.5000,0.5000,-1.35,11.49,0.513,,1,0,,,,,
12.249,0.5000,0.5000,0.5000,0.5000,-1.17,12.06,0.525,,1,0,,,,,
12.281,0.5000,0.5000,0.5000,0.5000,-0.98,12.57,0.547,,1,0,,,,,
12.330,0.5000,0.5000,0.5000,0.5000,-0.69,13.06,0.548,,1,0,,,,,
12.362,0.5000,0.5000,0.5000,0.5000,-0.47,13.24,0.540,,1,0,,,,,
12.388,0.5000,0.5000,0.5000,0.5000,-0.31,13.31,0.536,,1,0,,,,,
12.413,0.5000,0.5000,0.5000,0.5000,-0.18,13.51,0.539,,1,0,,,,,
12.440,0.5000,0.5000,0.5000,0.5000,-0.04,13.64,0.544,,1,0,,,,,
12.464,0.5000,0.5000,0.5000,0.5000,0.09,13.81,0.541,,1,0,,,,,
12.491,0.5000,0.5000,0.5000,0.5000,0.25,13.96,0.537,,1,0,,,,,
12.521,0.5000,0.5000,0.5000,0.5000,0.40,14.12,0.525,,1,0,,,,,
12.553,0.5000,0.5000,0.5000,0.5000,0.57,14.26,0.533,,1,0,,,,,
12.617,0.5000,0.5000,0.5000,0.5000,0.93,14.47,0.529,,1,0,,,,,
12.650,0.5000,0.5000,0.5000,0.5000,1.09,14.61,0.526,,1,0,,,,,
12.681,0.5000,0.5000,0.5000,0.5000,1.22,14.82,0.515,,1,0,,,,,
12.713,0.5000,0.5000,0.5000,0.5000,1.32,15.13,0.531,,1,0,,,,,
12.744,0.5000,0.5000,0.5000,0.5000,1.44,15.34,0.536,,1,0,,,,,
12.777,0.5000,0.5000,0.5000,0.5000,1.55,15.54,0.534,,1,0,,,,,
12.810,0.5000,0.5000,0.5000,0.5000,1.65,15.67,0.540,,1,0,,,,,
12.839,0.5000,0.5000,0.5000,0.5000,1.73,15.77,0.539,,1,0,,,,,
13.591,0.5000,0.5000,0.5000,0.5000,1.74,12.56,0.410,,1,0,,,,,
13.616,0.5000,0.5000,0.5000,0.5000,1.75,12.29,0.408,,1,0,,,,,
13.642,0.5000,0.5000,0.5000,0.5000,1.77,11.98,0.405,,1,0,,,,,
13.673,0.5000,0.5000,0.5000,0.5000,1.82,11.42,0.399,,1,0,,,,,
13.707,0.5000,0.5000,0.5000,0.5000,1.90,10.95,0.392,,1,0,,,,,
13.737,0.5000,0.5000,0.5000,0.5000,1.90,9.89,0.392,,1,0,,,,,
13.770,0.5000,0.5000,0.5000,0.5000,1.92,8.83,0.393,,1,0,,,,,
13.803,0.5000,0.5000,0.5000,0.5000,1.86,7.89,0.395,,1,0,,,,,
13.834,0.5000,0.5000,0.5000,0.5000,1.79,6.99,0.402,,1,0,,,,,
13.866,0.5000,0.5000,0.5000,0.5000,1.65,5.85,0.396,,1,0,,,,,
13.897,0.5000,0.5000,0.5000,0.5000,1.61,5.02,0.396,,1,0,,,,,
13.929,0.5000,0.5000,0.5000,0.5000,1.50,4.05,0.395,,1,0,,,,,
13.962,0.5000,0.5000,0.5000,0.5000,1.31,2.76,0.397,,1,0,,,,,
13.992,0.5000,0.5000,0.5000,0.5000,1.15,1.70,0.394,,1,0,,,,,
14.042,0.5000,0.5000,0.5000,0.5000,0.95,0.52,0.400,,1,0,,,,,
14.074,0.5000,0.5000,0.5000,0.5000,0.89,-0.07,0.399,,1,0,,,,,
14.105,0.5000,0.5000,0.5000,0.5000,0.86,-0.62,0.397,,1,0,,,,,
14.138,0.5000,0.5000,0.5000,0.5000,0.82,-1.18,0.396,,1,0,,,,,
14.169,0.5000,0.5000,0.5000,0.5000,0.76,-1.69,0.398,,1,0,,,,,
14.202,0.5000,0.5000,0.5000,0.5000,0.69,-2.24,0.395,,1,0,,,,,
14.233,0.5000,0.5000,0.5000,0.5000,0.62,-2.83,0.397,,1,0,,,,,
14.266,0.5000,0.5000,0.5000,0.5000,0.50,-3.53,0.394,,1,0,,,,,
14.378,0.5000,0.5000,0.5000,0.5000,0.20,-5.27,0.389,,1,0,,,,,
14.409,0.5000,0.5000,0.5000,0.5000,0.14,-5.75,0.386,,1,0,,,,,
14.438,0.5000,0.5000,0.5000,0.5000,0.08,-6.17,0.380,,1,0,,,,,
14.469,0.5000,0.5000,0.5000,0.5000,-0.00,-6.63,0.384,,1,0,,,,,
14.497,0.5000,0.5000,0.5000,0.5000,-0.08,-7.03,0.386,,1,0,,,,,
14.524,0.5000,0.5000,0.5000,0.5000,-0.14,-7.37,0.385,,1,0,,,,,
14.554,0.5000,0.5000,0.5000,0.5000,-0.21,-7.74,0.383,,1,0,,,,,
14.579,0.5000,0.5000,0.5000,0.5000,-0.28,-8.07,0.388,,1,0,,,,,
14.607,0.5000,0.5000,0.5000,0.5000,-0.33,-8.37,0.384,,1,0,,,,,
14.636,0.5000,0.5000,0.5000,0.5000,-0.40,-8.71,0.392,,1,0,,,,,
14.664,0.5000,0.5000,0.5000,0.5000,-0.48,-9.04,0.395,,1,0,,,,,
14.693,0.5000,0.5000,0.5000,0.5000,-0.55,-9.30,0.388,,1,0,,,,,
14.722,0.5000,0.5000,0.5000,0.5000,-0.63,-9.57,0.394,,1,0,,,,,
14.750,0.5000,0.5000,0.5000,0.5000,-0.70,-9.85,0.388,,1,0,,,,,
14.775,0.5000,0.5000,0.5000,0.5000,-0.77,-10.08,0.375,,1,0,,,,,
14.803,0.5000,0.5000,0.5000,0.5000,-0.85,-10.29,0.377,,1,0,,,,,
14.830,0.5000,0.5000,0.5000,0.5000,-0.93,-10.33,0.367,,1,0,,,,,
14.858,0.5000,0.5000,0.5000,0.5000,-0.95,-9.96,0.363,,1,0,,,,,
14.889,0.5000,0.5000,0.5000,0.5000,-1.07,-9.16,0.367,,1,0,,,,,
14.920,0.5000,0.5000,0.5000,0.5000,-1.22,-8.14,0.349,,1,0,,,,,
14.957,0.5000,0.5000,0.5000,0.5000,-1.39,-7.28,0.296,,1,0,,,,,
15.016,0.5000,0.5000,0.5000,0.5000,-1.98,-6.03,0.041,,1,0,,,,,
15.049,0.5000,0.5000,0.5000,0.5000,-2.37,-5.37,0.059,,1,0,,,,,
15.083,0.5000,0.5000,0.5000,0.5000,-2.69,-4.87,0.195,,1,0,,,,,
15.114,0.5000,0.5000,0.5000,0.5000,-2.97,-4.30,0.296,,1,0,,,,,
15.160,0.5000,0.5000,0.5000,0.5000,-3.40,-3.54,0.336,,1,0,,,,,
15.192,0.5000,0.5000,0.5000,0.5000,-3.65,-3.06,0.350,,1,0,,,,,
15.220,0.5000,0.5000,0.5000,0.5000,-3.83,-2.68,0.358,,1,0,,,,,
15.246,0.5000,0.5000,0.5000,0.5000,-4.01,-2.30,0.361,,1,0,,,,,
15.272,0.5000,0.5000,0.5000,0.5000,-4.15,-1.90,0.361,,1,0,,,,,
15.299,0.5000,0.5000,0.5000,0.5000,-4.27,-1.40,0.374,,1,0,,,,,
15.324,0.5000,0.5000,0.5000,0.5000,-4.36,-0.89,0.368,,1,0,,,,,
15.355,0.5000,0.5000,0.5000,0.5000,-4.48,-0.09,0.363,,1,0,,,,,
15.416,0.5000,0.5000,0.5000,0.5000,-4.69,1.47,0.324,,1,0,,,,,
15.448,0.5000,0.5000,0.5000,0.5000,-4.78,2.20,0.188,,1,0,,,,,
15.481,0.5000,0.5000,0.5000,0.5000,-4.87,2.80,0.137,,1,0,,,,,
15.512,0.5000,0.5000,0.5000,0.5000,-5.02,3.32,0.097,,1,0,,,,,
15.545,0.5000,0.5000,0.5000,0.5000,-5.15,3.89,0.111,,1,0,,,,,
15.576,0.5000,0.5000,0.5000,0.5000,-5.31,4.39,0.099,,1,0,,,,,
15.608,0.5000,0.5000,0.5000,0.5000,-5.45,4.95,0.107,,1,0,,,,,
15.639,0.5000,0.5000,0.5000,0.5000,-5.55,5.51,0.130,,1,0,,,,,
15.672,0.5000,0.5000,0.5000,0.5000,-5.61,6.05,0.147,,1,0,,,,,
15.722,0.5000,0.5000,0.5000,0.5000,-5.70,6.76,0.162,,1,0,,,,,
15.752,0.5000,0.5000,0.5000,0.5000,-5.84,7.09,0.106,,1,0,,,,,
15.777,0.5000,0.5000,0.5000,0.5000,-5.94,7.33,0.097,,1,0,,,,,
15.817,0.5000,0.5000,0.5000,0.5000,-6.04,7.67,0.106,,1,0,,,,,
15.849,0.5000,0.5000,0.5000,0.5000,-6.06,7.93,0.111,,1,0,,,,,
15.882,0.5000,0.5000,0.5000,0.5000,-6.10,8.15,0.115,,1,0,,,,,
15.912,0.5000,0.5000,0.5000,0.5000,-6.22,8.33,0.127,,1,0,,,,,
15.946,0.5000,0.5000,0.5000,0.5000,-6.30,8.79,0.314,,1,0,,,,,
15.977,0.5000,0.5000,0.5000,0.5000,-6.33,9.38,0.400,,1,0,,,,,
16.008,0.5000,0.5000,0.5000,0.5000,-6.32,9.94,0.405,,1,0,,,,,
16.040,0.5000,0.5000,0.5000,0.5000,-6.30,10.44,0.390,,1,0,,,,,
16.072,0.5000,0.5000,0.5000,0.5000,-6.27,10.92,0.400,,1,0,,,,,
16.103,0.5000,0.5000,0.5000,0.5000,-6.28,11.33,0.440,,1,0,,,,,
16.139,0.5000,0.5000,0.5000,0.5000,-6.28,11.69,0.443,,1,0,,,,,
16.169,0.5000,0.5000,0.5000,0.5000,-6.23,12.01,0.436,,1,0,,,,,
16.209,0.5000,0.5000,0.5000,0.5000,-6.18,12.29,0.425,,1,0,,,,,
16.247,0.5000,0.5000,0.5000,0.5000,-6.15,12.64,0.420,,1,0,,,,,
16.277,0.5000,0.5000,0.5000,0.5000,-6.11,12.87,0.421,,1,0,,,,,
16.310,0.5000,0.5000,0.5000,0.5000,-6.05,13.07,0.425,,1,0,,,0,0.5000,0.5000
16.345,0.5000,0.5000,0.5000,0.5000,-6.00,13.23,0.435,,1,0,,,0,0.5000,0.5000
16.375,0.5000,0.5000,0.5000,0.5000,-5.94,13.44,0.437,,1,0,,,0,0.5000,0.5000
16.408,0.5000,0.5000,0.5000,0.5000,-5.83,13.66,0.446,,1,0,,,0,0.5000,0.5000
16.440,0.5000,0.5000,0.5000,0.5000,-5.73,13.93,0.443,,1,0,,,0,0.5000,0.5000
16.474,0.5000,0.5000,0.5000,0.5000,-5.61,14.04,0.446,,1,0,,,0,0.5000,0.5000
16.504,0.5000,0.5000,0.5000,0.5000,-5.54,14.13,0.452,,1,0,,,0,0.5000,0.5000
16.537,0.5000,0.5000,0.5000,0.5000,-5.49,14.18,0.447,,1,0,,,0,0.5000,0.5000
16.570,0.5000,0.5000,0.5000,0.5000,-5.39,14.09,0.422,,1,0,,,0,0.5000,0.5000
16.602,0.5000,0.5000,0.5000,0.5000,-5.25,13.87,0.428,,1,0,,,0,0.5000,0.5000
16.633,0.5000,0.5000,0.5000,0.5000,-5.12,13.86,0.423,,1,0,,,0,0.5000,0.5000
16.666,0.5000,0.5000,0.5000,0.5000,-5.05,13.82,0.426,,1,0,,,0,0.5000,0.5000
16.698,0.5000,0.5000,0.5000,0.5000,-4.98,13.69,0.426,,1,0,,,0,0.5000,0.5000
16.728,0.5000,0.5000,0.5000,0.5000,-4.95,13.63,0.431,,1,0,,,0,0.5000,0.5000
16.761,0.5000,0.5000,0.5000,0.5000,-4.93,13.58,0.431,,1,0,,,0,0.5000,0.5000
16.792,0.5000,0.5000,0.5000,0.5000,-4.89,13.45,0.433,,1,0,,,0,0.5000,0.5000
16.825,0.5000,0.5000,0.5000,0.5000,-4.82,13.15,0.435,,1,0,,,0,0.5000,0.5000
16.871,0.5000,0.5000,0.5000,0.5000,-4.77,12.78,0.424,,1,0,,,0,0.5000,0.5000
16.904,0.5000,0.5000,0.5000,0.5000,-4.79,12.60,0.428,,1,0,,,0,0.5000,0.5000
16.936,0.5000,0.5000,0.5000,0.5000,-4.83,12.48,0.410,,1,0,,,0,0.5000,0.5000
16.969,0.5000,0.5000,0.5000,0.5000,-4.84,12.56,0.410,,1,0,,,0,0.5000,0.5000
17.002,0.5000,0.5000,0.5000,0.5000,-4.81,12.53,0.411,,1,0,,,0,0.5000,0.5000
17.033,0.5000,0.5000,0.5000,0.5000,-4.77,12.68,0.410,,1,0,,,0,0.5000,0.5000
17.066,0.5000,0.5000,0.5000,0.5000,-4.75,12.75,0.417,,1,0,,,0,0.5000,0.5000
17.096,0.5000,0.5000,0.5000,0.5000,-4.75,12.82,0.405,,1,0,,,0,0.5000,0.5000
17.130,0.5000,0.5000,0.5000,0.5000,-4.73,12.95,0.410,,1,0,,,0,0.5000,0.5000
17.161,0.5000,0.5000,0.5000,0.5000,-4.70,13.20,0.414,,1,0,,,0,0.5000,0.5000
17.192,0.5000,0.5000,0.5000,0.5000,-4.67,13.50,0.409,,1,0,,,0,0.5000,0.5000
17.223,0.5000,0.5000,0.5000,0.5000,-4.63,13.76,0.398,,1,0,,,0,0.5000,0.5000
17.257,0.5000,0.5000,0.5000,0.5000,-4.59,14.13,0.408,,1,0,,,0,0.5000,0.5000
17.288,0.5000,0.5000,0.5000,0.5000,-4.55,14.45,0.415,,1,0,,,0,0.5000,0.5000
17.324,0.5000,0.5000,0.5000,0.5000,-4.49,14.76,0.407,,1,0,,,0,0.5000,0.5000
17.352,0.5000,0.5000,0.5000,0.5000,-4.44,15.03,0.391,,1,0,,,0,0.5000,0.5000
17.435,0.5000,0.5000,0.5000,0.5000,-4.31,15.36,0.395,,1,0,,,0,0.5000,0.5000
17.465,0.5000,0.5000,0.5000,0.5000,-4.27,15.52,0.394,,1,0,,,0,0.5000,0.5000
17.491,0.5000,0.5000,0.5000,0.5000,-4.23,15.64,0.395,,1,0,,,0,0.5000,0.5000
17.518,0.5000,0.5000,0.5000,0.5000,-4.19,15.78,0.396,,1,0,,,0,0.5000,0.5000
17.541,0.5000,0.5000,0.5000,0.5000,-4.15,15.91,0.396,,1,0,,,0,0.5000,0.5000
17.570,0.5000,0.5000,0.5000,0.5000,-4.11,16.01,0.391,,1,0,,,0,0.5000,0.5000
17.595,0.5000,0.5000,0.5000,0.5000,-4.07,16.08,0.393,,1,0,,,0,0.5000,0.5000
17.626,0.5000,0.5000,0.5000,0.5000,-4.02,16.13,0.389,,1,0,,,0,0.5000,0.5000
17.656,0.5000,0.5000,0.5000,0.5000,-3.94,16.19,0.389,,1,0,,,0,0.5000,0.5000
17.690,0.5000,0.5000,0.5000,0.5000,-3.85,16.29,0.391,,1,0,,,0,0.5000,0.5000
17.720,0.5000,0.5000,0.5000,0.5000,-3.78,16.37,0.396,,1,0,,,0,0.5000,0.5000
17.753,0.5000,0.5000,0.5000,0.5000,-3.72,16.53,0.400,,1,0,,,0,0.5000,0.5000
17.818,0.5000,0.5000,0.5000,0.5000,-3.57,16.80,0.399,,1,0,,,0,0.5000,0.5000
17.847,0.5000,0.5000,0.5000,0.5000,-3.48,16.92,0.383,,1,0,,,0,0.5000,0.5000
17.882,0.5000,0.5000,0.5000,0.5000,-3.41,16.91,0.383,,1,0,,,0,0.5000,0.5000
17.913,0.5000,0.5000,0.5000,0.5000,-3.33,16.97,0.384,,1,0,,,0,0.5000,0.5000
17.945,0.5000,0.5000,0.5000,0.5000,-3.25,16.96,0.382,,1,0,,,0,0.5000,0.5000
17.993,0.5000,0.5000,0.5000,0.5000,-3.17,17.03,0.373,,1,0,,,0,0.5000,0.5000
18.024,0.5000,0.5000,0.5000,0.5000,-3.12,17.09,0.368,,1,0,,,0,0.5000,0.5000
18.054,0.5000,0.5000,0.5000,0.5000,-3.07,17.14,0.372,,1,0,,,0,0.5000,0.5000
18.084,0.5000,0.5000,0.5000,0.5000,-3.01,17.22,0.375,,1,0,,,0,0.5000,0.5000
18.114,0.5000,0.5000,0.5000,0.5000,-2.96,17.31,0.370,,1,0,,,0,0.5000,0.5000
18.143,0.5000,0.5000,0.5000,0.5000,-2.92,17.40,0.365,,1,0,,,0,0.5000,0.5000
18.172,0.5000,0.5000,0.5000,0.5000,-2.90,17.50,0.372,,1,0,,,0,0.5000,0.5000
18.216,0.5000,0.5000,0.5000,0.5000,-2.87,17.66,0.375,,1,0,,,0,0.5000,0.5000
18.247,0.5000,0.5000,0.5000,0.5000,-2.85,17.79,0.364,,1,0,,,0,0.5000,0.5000
18.288,0.5000,0.5000,0.5000,0.5000,-2.81,17.88,0.374,,1,0,,,0,0.5000,0.5000
18.319,0.5000,0.5000,0.5000,0.5000,-2.76,18.04,0.374,,1,0,,,0,0.5000,0.5000
18.350,0.5000,0.5000,0.5000,0.5000,-2.70,18.11,0.368,,1,0,,,0,0.5000,0.5000
18.383,0.5000,0.5000,0.5000,0.5000,-2.64,18.22,0.360,,1,0,,,0,0.5000,0.5000
18.420,0.5000,0.5000,0.5000,0.5000,-2.55,18.30,0.368,,1,0,,,0,0.5000,0.5000
18.448,0.5000,0.5000,0.5000,0.5000,-2.47,18.36,0.378,,1,0,,,0,0.5000,0.5000
18.476,0.5000,0.5000,0.5000,0.5000,-2.41,18.42,0.374,,1,0,,,0,0.5000,0.5000
18.505,0.5000,0.5000,0.5000,0.5000,-2.36,18.49,0.372,,1,0,,,0,0.5000,0.5000
18.538,0.5000,0.5000,0.5000,0.5000,-2.30,18.51,0.369,,1,0,,,0,0.5000,0.5000
18.584,0.5000,0.5000,0.5000,0.5000,-2.22,18.48,0.371,,1,0,,,0,0.5000,0.5000
18.617,0.5000,0.5000,0.5000,0.5000,-2.17,18.47,0.362,,1,0,,,0,0.5000,0.5000
18.649,0.5000,0.5000,0.5000,0.5000,-2.14,18.50,0.362,,1,0,,,0,0.5000,0.5000
18.681,0.5000,0.5000,0.5000,0.5000,-2.10,18.56,0.365,,1,0,,,0,0.5000,0.5000
18.712,0.5000,0.5000,0.5000,0.5000,-2.08,18.60,0.364,,1,0,,,0,0.5000,0.5000
18.745,0.5000,0.5000,0.5000,0.5000,-2.07,18.64,0.356,,1,0,,,0,0.5000,0.5000
18.777,0.5000,0.5000,0.5000,0.5000,-2.04,18.63,0.356,,1,0,,,0,0.5000,0.5000
18.808,0.5000,0.5000,0.5000,0.5000,-2.01,18.63,0.358,,1,0,,,0,0.5000,0.5000
18.839,0.5000,0.5000,0.5000,0.5000,-1.98,18.70,0.358,,1,0,,,0,0.5000,0.5000
18.874,0.5000,0.5000,0.5000,0.5000,-1.97,18.79,0.361,,1,0,,,0,0.5000,0.5000
18.907,0.5000,0.5000,0.5000,0.5000,-1.95,18.83,0.366,,1,0,,,0,0.5000,0.5000
18.937,0.5000,0.5000,0.5000,0.5000,-1.92,18.86,0.362,,1,0,,,0,0.5000,0.5000
18.969,0.5000,0.5000,0.5000,0.5000,-1.88,18.92,0.356,,1,0,,,0,0.5000,0.5000
19.001,0.5000,0.5000,0.5000,0.5000,-1.84,18.96,0.354,,1,0,,,0,0.5000,0.5000
19.033,0.5000,0.5000,0.5000,0.5000,-1.77,18.96,0.353,,1,0,,,0,0.5000,0.5000
19.066,0.5000,0.5000,0.5000,0.5000,-1.70,18.89,0.354,,1,0,,,0,0.5000,0.5000
19.096,0.5000,0.5000,0.5000,0.5000,-1.65,18.83,0.356,,1,0,,,0,0.5000,0.5000
19.147,0.5000,0.5000,0.5000,0.5000,-1.56,18.79,0.358,,1,0,,,0,0.5000,0.5000
19.176,0.5000,0.5000,0.5000,0.5000,-1.51,18.75,0.354,,1,0,,,0,0.5000,0.5000
19.208,0.5000,0.5000,0.5000,0.5000,-1.45,18.66,0.353,,1,0,,,0,0.5000,0.5000
19.240,0.5000,0.5000,0.5000,0.5000,-1.39,18.63,0.351,,1,0,,,0,0.5000,0.5000
19.272,0.5000,0.5000,0.5000,0.5000,-1.33,18.61,0.355,,1,0,,,0,0.5000,0.5000
19.305,0.5000,0.5000,0.5000,0.5000,-1.28,18.60,0.354,,1,0,,,0,0.5000,0.5000
19.337,0.5000,0.5000,0.5000,0.5000,-1.24,18.59,0.354,,1,0,,,1,0.1000,0.1000
19.369,0.5000,0.5000,0.5000,0.5000,-1.19,18.58,0.360,,1,0,,,1,0.1000,0.1000
19.401,0.5000,0.5000,0.5000,0.5000,-1.15,18.58,0.349,,1,0,,,1,0.1000,0.1000
19.433,0.5000,0.5000,0.5000,0.5000,-1.12,18.60,0.341,,1,0,,,1,0.1000,0.1000
19.466,0.5000,0.5000,0.5000,0.5000,-1.10,18.57,0.342,,1,0,,,1,0.1000,0.1000
19.497,0.5000,0.5000,0.5000,0.5000,-1.08,18.56,0.345,,1,0,,,1,0.1000,0.1000
19.527,0.5000,0.5000,0.5000,0.5000,-1.07,18.58,0.344,,1,0,,,1,0.1000,0.1000
19.561,0.5000,0.5000,0.5000,0.5000,-1.06,18.58,0.349,,1,0,,,1,0.1000,0.1000
19.593,0.5000,0.5000,0.5000,0.5000,-1.06,18.54,0.349,,1,0,,,1,0.1000,0.1000
19.624,0.5000,0.5000,0.5000,0.5000,-1.05,18.50,0.351,,1,0,,,1,0.1000,0.1000
19.656,0.5000,0.5000,0.5000,0.5000,-1.04,18.46,0.351,,1,0,,,1,0.1000,0.1000
19.706,0.5000,0.5000,0.5000,0.5000,-1.05,18.38,0.341,,1,0,,,1,0.1000,0.1000
19.737,0.5000,0.5000,0.5000,0.5000,-1.06,18.30,0.361,,1,0,,,1,0.1000,0.1000
19.769,0.5000,0.5000,0.5000,0.5000,-1.07,18.23,0.371,,1,0,,,1,0.1000,0.1000
19.800,0.5000,0.5000,0.5000,0.5000,-1.09,18.09,0.380,,1,0,,,1,0.1000,0.1000
19.833,0.5000,0.5000,0.5000,0.5000,-1.14,18.03,0.390,,1,0,,,1,0.1000,0.1000
19.865,0.5000,0.5000,0.5000,0.5000,-1.18,17.99,0.396,,1,0,,,1,0.1000,0.1000
19.896,0.5000,0.5000,0.5000,0.5000,-1.22,18.03,0.394,,1,0,,,1,0.1000,0.1000
19.927,0.5000,0.5000,0.5000,0.5000,-1.26,18.10,0.401,,1,0,,,1,0.1000,0.1000
19.961,0.5000,0.5000,0.5000,0.5000,-1.32,18.22,0.409,,1,0,,,1,0.1000,0.1000
19.992,0.5000,0.5000,0.5000,0.5000,-1.36,18.23,0.409,,1,0,,,1,0.1000,0.1000
20.025,0.5000,0.5000,0.5000,0.5000,-1.40,18.25,0.411,,1,0,,,1,0.1000,0.1000
20.057,0.5000,0.5000,0.5000,0.5000,-1.44,18.25,0.415,,1,0,,,1,0.1000,0.1000
20.088,0.5000,0.5000,0.5000,0.5000,-1.47,18.25,0.416,,1,0,,,1,0.1000,0.1000
20.121,0.5000,0.5000,0.5000,0.5000,-1.51,18.26,0.411,,1,0,,,1,0.1000,0.1000
20.154,0.5000,0.5000,0.5000,0.5000,-1.55,18.27,0.413,,1,0,,,1,0.1000,0.1000
20.215,0.5000,0.5000,0.5000,0.5000,-1.65,18.24,0.408,,1,0,,,1,0.1000,0.1000
20.249,0.5000,0.5000,0.5000,0.5000,-1.69,18.23,0.411,,1,0,,,1,0.1000,0.1000
20.301,0.5000,0.5000,0.5000,0.5000,-1.74,18.17,0.416,,1,0,,,1,0.1000,0.1000
20.328,0.5000,0.5000,0.5000,0.5000,-1.78,18.12,0.418,,1,0,,,1,0.1000,0.1000
20.354,0.5000,0.5000,0.5000,0.5000,-1.81,18.07,0.418,,1,0,,,1,0.1000,0.1000
20.380,0.5000,0.5000,0.5000,0.5000,-1.84,18.04,0.419,,1,0,,,1,0.1000,0.1000
20.406,0.5000,0.5000,0.5000,0.5000,-1.87,17.98,0.418,,1,0,,,1,0.1000,0.1000
20.435,0.5000,0.5000,0.5000,0.5000,-1.90,17.94,0.418,,1,0,,,1,0.1000,0.1000
20.463,0.5000,0.5000,0.5000,0.5000,-1.92,17.90,0.418,,1,0,,,1,0.1000,0.1000
20.488,0.5000,0.5000,0.5000,0.5000,-1.94,17.86,0.420,,1,0,,,1,0.1000,0.1000
20.519,0.5000,0.5000,0.5000,0.5000,-1.96,17.88,0.419,,1,0,,,1,0.1000,0.1000
20.554,0.5000,0.5000,0.5000,0.5000,-1.97,17.87,0.416,,1,0,,,1,0.1000,0.1000
20.620,0.5000,0.5000,0.5000,0.5000,-2.01,17.97,0.417,,1,0,,,1,0.1000,0.1000
20.649,0.5000,0.5000,0.5000,0.5000,-2.03,18.01,0.421,,1,0,,,1,0.1000,0.1000
20.682,0.5000,0.5000,0.5000,0.5000,-2.04,18.04,0.423,,1,0,,,1,0.1000,0.1000
20.713,0.5000,0.5000,0.5000,0.5000,-2.06,18.06,0.420,,1,0,,,1,0.1000,0.1000
20.744,0.5000,0.5000,0.5000,0.5000,-2.07,18.08,0.418,,1,0,,,1,0.1000,0.1000
20.776,0.5000,0.5000,0.5000,0.5000,-2.08,18.12,0.421,,1,0,,,1,0.1000,0.1000
20.808,0.5000,0.5000,0.5000,0.5000,-2.12,18.16,0.422,,1,0,,,1,0.1000,0.1000
20.855,0.5000,0.5000,0.5000,0.5000,-2.17,18.19,0.425,,1,0,,,1,0.1000,0.1000
20.889,0.5000,0.5000,0.5000,0.5000,-2.20,18.20,0.422,,1,0,,,1,0.1000,0.1000
20.916,0.5000,0.5000,0.5000,0.5000,-2.21,18.21,0.417,,1,0,,,1,0.1000,0.1000
20.941,0.5000,0.5000,0.5000,0.5000,-2.24,18.19,0.419,,1,0,,,1,0.1000,0.1000
20.972,0.5000,0.5000,0.5000,0.5000,-2.27,18.21,0.420,,1,0,,,1,0.1000,0.1000
21.018,0.5000,0.5000,0.5000,0.5000,-2.30,18.15,0.420,,1,0,,,1,0.1000,0.1000
21.049,0.5000,0.5000,0.5000,0.5000,-2.33,18.14,0.422,,1,0,,,1,0.1000,0.1000
21.080,0.5000,0.5000,0.5000,0.5000,-2.35,18.12,0.420,,1,0,,,1,0.1000,0.1000
21.112,0.5000,0.5000,0.5000,0.5000,-2.38,18.11,0.422,,1,0,,,1,0.1000,0.1000
21.145,0.5000,0.5000,0.5000,0.5000,-2.41,18.09,0.424,,1,0,,,1,0.1000,0.1000
21.177,0.5000,0.5000,0.5000,0.5000,-2.43,18.08,0.424,,1,0,,,1,0.1000,0.1000
21.209,0.5000,0.5000,0.5000,0.5000,-2.45,18.09,0.424,,1,0,,,1,0.1000,0.1000
21.240,0.5000,0.5000,0.5000,0.5000,-2.47,18.10,0.423,,1,0,,,1,0.1000,0.1000
21.273,0.5000,0.5000,0.5000,0.5000,-2.49,18.10,0.426,,1,0,,,1,0.1000,0.1000
21.306,0.5000,0.5000,0.5000,0.5000,-2.51,18.10,0.426,,1,0,,,1,0.1000,0.1000
21.337,0.5000,0.5000,0.5000,0.5000,-2.54,18.09,0.428,,1,0,,,1,0.1000,0.1000
21.368,0.5000,0.5000,0.5000,0.5000,-2.56,18.09,0.429,,1,0,,,1,0.1000,0.1000
21.417,0.5000,0.5000,0.5000,0.5000,-2.57,18.13,0.431,,1,0,,,1,0.1000,0.1000
21.449,0.5000,0.5000,0.5000,0.5000,-2.58,18.15,0.432,,1,0,,,1,0.1000,0.1000
21.480,0.5000,0.5000,0.5000,0.5000,-2.59,18.15,0.430,,1,0,,,1,0.1000,0.1000
21.512,0.5000,0.5000,0.5000,0.5000,-2.59,18.15,0.429,,1,0,,,1,0.1000,0.1000
21.545,0.5000,0.5000,0.5000,0.5000,-2.60,18.15,0.431,,1,0,,,1,0.1000,0.1000
21.577,0.5000,0.5000,0.5000,0.5000,-2.60,18.14,0.429,,1,0,,,1,0.1000,0.1000
21.608,0.5000,0.5000,0.5000,0.5000,-2.61,18.15,0.429,,1,0,,,1,0.1000,0.1000
21.641,0.5000,0.5000,0.5000,0.5000,-2.61,18.18,0.428,,1,0,,,1,0.1000,0.1000
21.673,0.5000,0.5000,0.5000,0.5000,-2.63,18.19,0.431,,1,0,,,1,0.1000,0.1000
21.704,0.5000,0.5000,0.5000,0.5000,-2.64,18.20,0.431,,1,0,,,1,0.1000,0.1000
21.738,0.5000,0.5000,0.5000,0.5000,-2.65,18.21,0.429,,1,0,,,1,0.1000,0.1000
21.769,0.5000,0.5000,0.5000,0.5000,-2.67,18.24,0.430,,1,0,,,1,0.1000,0.1000
21.801,0.5000,0.5000,0.5000,0.5000,-2.68,18.25,0.430,,1,0,,,1,0.1000,0.1000
21.832,0.5000,0.5000,0.5000,0.5000,-2.69,18.26,0.428,,1,0,,,1,0.1000,0.1000
21.866,0.5000,0.5000,0.5000,0.5000,-2.69,18.30,0.432,,1,0,,,1,0.1000,0.1000
21.896,0.5000,0.5000,0.5000,0.5000,-2.69,18.35,0.437,,1,0,,,1,0.1000,0.1000
21.928,0.5000,0.5000,0.5000,0.5000,-2.69,18.41,0.438,,1,0,,,1,0.1000,0.1000
21.977,0.5000,0.5000,0.5000,0.5000,-2.69,18.50,0.432,,1,0,,,1,0.1000,0.1000
22.008,0.5000,0.5000,0.5000,0.5000,-2.70,18.55,0.431,,1,0,,,1,0.1000,0.1000
22.041,0.5000,0.5000,0.5000,0.5000,-2.70,18.52,0.431,,1,0,,,1,0.1000,0.1000
22.073,0.5000,0.5000,0.5000,0.5000,-2.70,18.52,0.427,,1,0,,,1,0.1000,0.1000
22.105,0.5000,0.5000,0.5000,0.5000,-2.71,18.51,0.429,,1,0,,,1,0.1000,0.1000
22.136,0.5000,0.5000,0.5000,0.5000,-2.70,18.51,0.427,,1,0,,,1,0.1000,0.1000
22.168,0.5000,0.5000,0.5000,0.5000,-2.69,18.51,0.427,,1,0,,,1,0.1000,0.1000
22.202,0.5000,0.5000,0.5000,0.5000,-2.67,18.51,0.428,,1,0,,,1,0.1000,0.1000
22.233,0.5000,0.5000,0.5000,0.5000,-2.67,18.52,0.430,,1,0,,,1,0.1000,0.1000
22.265,0.5000,0.5000,0.5000,0.5000,-2.67,18.52,0.425,,1,0,,,1,0.1000,0.1000
22.298,0.5000,0.5000,0.5000,0.5000,-2.67,18.57,0.426,,1,0,,,1,0.1000,0.1000
22.329,0.5000,0.5000,0.5000,0.5000,-2.66,18.59,0.429,,1,0,,,1,0.1000,0.1000
22.360,0.5000,0.5000,0.5000,0.5000,-2.66,18.58,0.425,,1,0,,,2,0.9000,0.1000
22.392,0.5000,0.5000,0.5000,0.5000,-2.65,18.55,0.427,,1,0,,,2,0.9000,0.1000
22.425,0.5000,0.5000,0.5000,0.5000,-2.64,18.50,0.428,,1,0,,,2,0.9000,0.1000
22.457,0.5000,0.5000,0.5000,0.5000,-2.63,18.46,0.425,,1,0,,,2,0.9000,0.1000
22.488,0.5000,0.5000,0.5000,0.5000,-2.62,18.43,0.426,,1,0,,,2,0.9000,0.1000
22.521,0.5000,0.5000,0.5000,0.5000,-2.61,18.40,0.421,,1,0,,,2,0.9000,0.1000
22.569,0.5000,0.5000,0.5000,0.5000,-2.60,18.35,0.421,,1,0,,,2,0.9000,0.1000
22.601,0.5000,0.5000,0.5000,0.5000,-2.58,18.30,0.423,,1,0,,,2,0.9000,0.1000
22.634,0.5000,0.5000,0.5000,0.5000,-2.58,18.26,0.423,,1,0,,,2,0.9000,0.1000
22.666,0.5000,0.5000,0.5000,0.5000,-2.56,18.25,0.423,,1,0,,,2,0.9000,0.1000
22.697,0.5000,0.5000,0.5000,0.5000,-2.54,18.36,0.423,,1,0,,,2,0.9000,0.1000
22.729,0.5000,0.5000,0.5000,0.5000,-2.52,18.45,0.420,,1,0,,,2,0.9000,0.1000
22.762,0.5000,0.5000,0.5000,0.5000,-2.50,18.53,0.423,,1,0,,,2,0.9000,0.1000
22.793,0.5000,0.5000,0.5000,0.5000,-2.48,18.63,0.426,,1,0,,,2,0.9000,0.1000
22.824,0.5000,0.5000,0.5000,0.5000,-2.45,18.74,0.430,,1,0,,,2,0.9000,0.1000
22.857,0.5000,0.5000,0.5000,0.5000,-2.42,18.84,0.435,,1,0,,,2,0.9000,0.1000
22.890,0.5000,0.5000,0.5000,0.5000,-2.41,18.94,0.437,,1,0,,,2,0.9000,0.1000
22.921,0.5000,0.5000,0.5000,0.5000,-2.39,19.04,0.441,,1,0,,,2,0.9000,0.1000
22.954,0.5000,0.5000,0.5000,0.5000,-2.39,19.15,0.443,,1,0,,,2,0.9000,0.1000
23.017,0.5000,0.5000,0.5000,0.5000,-2.34,19.16,0.446,,1,0,,,2,0.9000,0.1000
23.050,0.5000,0.5000,0.5000,0.5000,-2.32,19.17,0.449,,1,0,,,2,0.9000,0.1000
23.082,0.5000,0.5000,0.5000,0.5000,-2.30,19.21,0.450,,1,0,,,2,0.9000,0.1000
23.130,0.5000,0.5000,0.5000,0.5000,-2.29,19.31,0.450,,1,0,,,2,0.9000,0.1000
23.160,0.5000,0.5000,0.5000,0.5000,-2.28,19.37,0.452,,1,0,,,2,0.9000,0.1000
23.188,0.5000,0.5000,0.5000,0.5000,-2.27,19.42,0.453,,1,0,,,2,0.9000,0.1000
23.214,0.5000,0.5000,0.5000,0.5000,-2.27,19.47,0.454,,1,0,,,2,0.9000,0.1000
23.238,0.5000,0.5000,0.5000,0.5000,-2.26,19.51,0.456,,1,0,,,2,0.9000,0.1000
23.263,0.5000,0.5000,0.5000,0.5000,-2.26,19.55,0.456,,1,0,,,2,0.9000,0.1000
23.288,0.5000,0.5000,0.5000,0.5000,-2.25,19.58,0.456,,1,0,,,2,0.9000,0.1000
23.324,0.5000,0.5000,0.5000,0.5000,-2.24,19.61,0.453,,1,0,,,2,0.9000,0.1000
23.358,0.5000,0.5000,0.5000,0.5000,-2.23,19.64,0.454,,1,0,,,2,0.9000,0.1000
23.422,0.5000,0.5000,0.5000,0.5000,-2.20,19.66,0.453,,1,0,,,2,0.9000,0.1000
23.452,0.5000,0.5000,0.5000,0.5000,-2.18,19.64,0.450,,1,0,,,2,0.9000,0.1000
23.481,0.5000,0.5000,0.5000,0.5000,-2.16,19.64,0.451,,1,0,,,2,0.9000,0.1000
23.513,0.5000,0.5000,0.5000,0.5000,-2.14,19.62,0.458,,1,0,,,2,0.9000,0.1000
23.547,0.5000,0.5000,0.5000,0.5000,-2.13,19.59,0.455,,1,0,,,2,0.9000,0.1000
23.577,0.5000,0.5000,0.5000,0.5000,-2.11,19.53,0.456,,1,0,,,2,0.9000,0.1000
23.609,0.5000,0.5000,0.5000,0.5000,-2.11,19.51,0.453,,1,0,,,2,0.9000,0.1000
23.641,0.5000,0.5000,0.5000,0.5000,-2.10,19.49,0.456,,1,0,,,2,0.9000,0.1000
23.690,0.5000,0.5000,0.5000,0.5000,-2.09,19.43,0.460,,1,0,,,2,0.9000,0.1000
23.721,0.5000,0.5000,0.5000,0.5000,-2.07,19.38,0.461,,1,0,,,2,0.9000,0.1000
23.749,0.5000,0.5000,0.5000,0.5000,-2.06,19.34,0.462,,1,0,,,2,0.9000,0.1000
23.773,0.5000,0.5000,0.5000,0.5000,-2.05,19.28,0.458,,1,0,,,2,0.9000,0.1000
23.818,0.5000,0.5000,0.5000,0.5000,-2.03,19.25,0.460,,1,0,,,2,0.9000,0.1000
23.849,0.5000,0.5000,0.5000,0.5000,-2.03,19.22,0.463,,1,0,,,2,0.9000,0.1000
23.881,0.5000,0.5000,0.5000,0.5000,-2.04,19.18,0.462,,1,0,,,2,0.9000,0.1000
23.912,0.5000,0.5000,0.5000,0.5000,-2.04,19.15,0.462,,1,0,,,2,0.9000,0.1000
23.944,0.5000,0.5000,0.5000,0.5000,-2.05,19.13,0.462,,1,0,,,2,0.9000,0.1000
23.976,0.5000,0.5000,0.5000,0.5000,-2.06,19.12,0.461,,1,0,,,2,0.9000,0.1000
24.009,0.5000,0.5000,0.5000,0.5000,-2.06,19.10,0.462,,1,0,,,2,0.9000,0.1000
24.039,0.5000,0.5000,0.5000,0.5000,-2.06,19.06,0.461,,1,0,,,2,0.9000,0.1000
24.072,0.5000,0.5000,0.5000,0.5000,-2.06,19.02,0.462,,1,0,,,2,0.9000,0.1000
24.107,0.5000,0.5000,0.5000,0.5000,-2.07,18.97,0.461,,1,0,,,2,0.9000,0.1000
24.135,0.5000,0.5000,0.5000,0.5000,-2.08,18.94,0.461,,1,0,,,2,0.9000,0.1000
24.169,0.5000,0.5000,0.5000,0.5000,-2.08,18.90,0.458,,1,0,,,2,0.9000,0.1000
24.202,0.5000,0.5000,0.5000,0.5000,-2.08,18.82,0.458,,1,0,,,2,0.9000,0.1000
24.247,0.5000,0.5000,0.5000,0.5000,-2.07,18.73,0.458,,1,0,,,2,0.9000,0.1000
24.280,0.5000,0.5000,0.5000,0.5000,-2.06,18.68,0.457,,1,0,,,2,0.9000,0.1000
24.312,0.5000,0.5000,0.5000,0.5000,-2.06,18.67,0.457,,1,0,,,2,0.9000,0.1000
24.346,0.5000,0.5000,0.5000,0.5000,-2.05,18.66,0.455,,1,0,,,2,0.9000,0.1000
24.376,0.5000,0.5000,0.5000,0.5000,-2.06,18.67,0.452,,1,0,,,2,0.9000,0.1000
24.407,0.5000,0.5000,0.5000,0.5000,-2.06,18.62,0.452,,1,0,,,2,0.9000,0.1000
24.439,0.5000,0.5000,0.5000,0.5000,-2.06,18.64,0.451,,1,0,,,2,0.9000,0.1000
24.472,0.5000,0.5000,0.5000,0.5000,-2.06,18.59,0.451,,1,0,,,2,0.9000,0.1000
24.505,0.5000,0.5000,0.5000,0.5000,-2.06,18.51,0.447,,1,0,,,2,0.9000,0.1000
24.536,0.5000,0.5000,0.5000,0.5000,-2.05,18.42,0.447,,1,0,,,2,0.9000,0.1000
24.568,0.5000,0.5000,0.5000,0.5000,-2.05,18.36,0.450,,1,0,,,2,0.9000,0.1000
24.602,0.5000,0.5000,0.5000,0.5000,-2.05,18.34,0.452,,1,0,,,2,0.9000,0.1000
24.634,0.5000,0.5000,0.5000,0.5000,-2.05,18.32,0.447,,1,0,,,2,0.9000,0.1000
24.665,0.5000,0.5000,0.5000,0.5000,-2.04,18.25,0.447,,1,0,,,2,0.9000,0.1000
24.696,0.5000,0.5000,0.5000,0.5000,-2.04,18.10,0.448,,1,0,,,2,0.9000,0.1000
24.729,0.5000,0.5000,0.5000,0.5000,-2.03,17.98,0.448,,1,0,,,2,0.9000,0.1000
24.765,0.5000,0.5000,0.5000,0.5000,-2.03,17.88,0.448,,1,0,,,2,0.9000,0.1000
24.792,0.5000,0.5000,0.5000,0.5000,-2.03,17.77,0.445,,1,0,,,2,0.9000,0.1000
24.840,0.5000,0.5000,0.5000,0.5000,-2.02,17.61,0.446,,1,0,,,2,0.9000,0.1000
24.872,0.5000,0.5000,0.5000,0.5000,-2.02,17.56,0.446,,1,0,,,2,0.9000,0.1000
24.906,0.5000,0.5000,0.5000,0.5000,-2.02,17.55,0.451,,1,0,,,2,0.9000,0.1000
24.936,0.5000,0.5000,0.5000,0.5000,-2.01,17.55,0.452,,1,0,,,2,0.9000,0.1000
24.968,0.5000,0.5000,0.5000,0.5000,-2.00,17.49,0.450,,1,0,,,2,0.9000,0.1000
25.000,0.5000,0.5000,0.5000,0.5000,-1.99,17.46,0.454,,1,0,,,2,0.9000,0.1000
25.034,0.5000,0.5000,0.5000,0.5000,-1.98,17.43,0.456,,1,0,,,2,0.9000,0.1000
25.066,0.5000,0.5000,0.5000,0.5000,-1.97,17.34,0.454,,1,0,,,2,0.9000,0.1000
25.099,0.5000,0.5000,0.5000,0.5000,-1.97,17.26,0.451,,1,0,,,2,0.9000,0.1000
25.128,0.5000,0.5000,0.5000,0.5000,-1.96,17.29,0.451,,1,0,,,2,0.9000,0.1000
25.160,0.5000,0.5000,0.5000,0.5000,-1.96,17.32,0.455,,1,0,,,2,0.9000,0.1000
25.193,0.5000,0.5000,0.5000,0.5000,-1.96,17.37,0.450,,1,0,,,2,0.9000,0.1000
25.225,0.5000,0.5000,0.5000,0.5000,-1.96,17.35,0.452,,1,0,,,2,0.9000,0.1000
25.257,0.5000,0.5000,0.5000,0.5000,-1.94,17.39,0.453,,1,0,,,2,0.9000,0.1000
25.290,0.5000,0.5000,0.5000,0.5000,-1.94,17.37,0.453,,1,0,,,2,0.9000,0.1000
25.321,0.5000,0.5000,0.5000,0.5000,-1.94,17.33,0.446,,1,0,,,2,0.9000,0.1000
25.354,0.5000,0.5000,0.5000,0.5000,-1.95,17.33,0.449,,1,0,,,2,0.9000,0.1000
25.435,0.5000,0.5000,0.5000,0.5000,-1.99,17.54,0.454,,1,0,,,3,0.1000,0.9000
25.461,0.5000,0.5000,0.5000,0.5000,-2.01,17.62,0.455,,1,0,,,3,0.1000,0.9000
25.485,0.5000,0.5000,0.5000,0.5000,-2.02,17.67,0.459,,1,0,,,3,0.1000,0.9000
25.511,0.5000,0.5000,0.5000,0.5000,-2.02,17.70,0.458,,1,0,,,3,0.1000,0.9000
25.538,0.5000,0.5000,0.5000,0.5000,-2.03,17.74,0.456,,1,0,,,3,0.1000,0.9000
25.564,0.5000,0.5000,0.5000,0.5000,-2.04,17.76,0.452,,1,0,,,3,0.1000,0.9000
25.595,0.5000,0.5000,0.5000,0.5000,-2.05,17.79,0.449,,1,0,,,3,0.1000,0.9000
25.625,0.5000,0.5000,0.5000,0.5000,-2.06,17.80,0.453,,1,0,,,3,0.1000,0.9000
25.655,0.5000,0.5000,0.5000,0.5000,-2.07,17.84,0.453,,1,0,,,3,0.1000,0.9000
25.688,0.5000,0.5000,0.5000,0.5000,-2.08,17.94,0.447,,1,0,,,3,0.1000,0.9000
25.721,0.5000,0.5000,0.5000,0.5000,-2.07,17.96,0.348,,1,0,,,3,0.1000,0.9000
25.754,0.5000,0.5000,0.5000,0.5000,-2.05,17.70,0.082,,1,0,,,3,0.1000,0.9000
25.820,0.5000,0.5000,0.5000,0.5000,-2.10,17.06,0.066,,1,0,,,3,0.1000,0.9000
25.849,0.5000,0.5000,0.5000,0.5000,-2.13,16.71,0.086,,1,0,,,3,0.1000,0.9000
25.881,0.5000,0.5000,0.5000,0.5000,-2.13,16.48,0.133,,1,0,,,3,0.1000,0.9000
25.912,0.5000,0.5000,0.5000,0.5000,-2.13,16.27,0.157,,1,0,,,3,0.1000,0.9000
25.960,0.5000,0.5000,0.5000,0.5000,-2.12,16.19,0.186,,1,0,,,3,0.1000,0.9000
25.994,0.5000,0.5000,0.5000,0.5000,-2.12,16.14,0.214,,1,0,,,3,0.1000,0.9000
26.020,0.5000,0.5000,0.5000,0.5000,-2.12,16.12,0.225,,1,0,,,3,0.1000,0.9000
26.048,0.5000,0.5000,0.5000,0.5000,-2.11,16.14,0.239,,1,0,,,3,0.1000,0.9000
26.072,0.5000,0.5000,0.5000,0.5000,-2.11,16.15,0.252,,1,0,,,3,0.1000,0.9000
26.099,0.5000,0.5000,0.5000,0.5000,-2.11,16.15,0.265,,1,0,,,3,0.1000,0.9000
26.124,0.5000,0.5000,0.5000,0.5000,-2.11,16.13,0.267,,1,0,,,3,0.1000,0.9000
26.151,0.5000,0.5000,0.5000,0.5000,-2.10,16.10,0.268,,1,0,,,3,0.1000,0.9000
26.217,0.5000,0.5000,0.5000,0.5000,-2.11,16.02,0.264,,1,0,,,3,0.1000,0.9000
26.249,0.5000,0.5000,0.5000,0.5000,-2.12,16.07,0.266,,1,0,,,3,0.1000,0.9000
26.282,0.5000,0.5000,0.5000,0.5000,-2.14,16.18,0.277,,1,0,,,3,0.1000,0.9000
26.314,0.5000,0.5000,0.5000,0.5000,-2.15,16.28,0.276,,1,0,,,3,0.1000,0.9000
26.345,0.5000,0.5000,0.5000,0.5000,-2.17,16.39,0.291,,1,0,,,3,0.1000,0.9000
26.376,0.5000,0.5000,0.5000,0.5000,-2.18,16.48,0.287,,1,0,,,3,0.1000,0.9000
26.409,0.5000,0.5000,0.5000,0.5000,-2.19,16.56,0.291,,1,0,,,3,0.1000,0.9000
26.440,0.5000,0.5000,0.5000,0.5000,-2.20,16.63,0.289,,1,0,,,3,0.1000,0.9000
26.472,0.5000,0.5000,0.5000,0.5000,-2.21,16.70,0.295,,1,0,,,3,0.1000,0.9000
26.506,0.5000,0.5000,0.5000,0.5000,-2.22,16.77,0.299,,1,0,,,3,0.1000,0.9000
26.553,0.5000,0.5000,0.5000,0.5000,-2.24,16.85,0.301,,1,0,,,3,0.1000,0.9000
26.579,0.5000,0.5000,0.5000,0.5000,-2.25,16.89,0.303,,1,0,,,3,0.1000,0.9000
26.618,0.5000,0.5000,0.5000,0.5000,-2.25,16.96,0.308,,1,0,,,3,0.1000,0.9000
26.649,0.5000,0.5000,0.5000,0.5000,-2.25,17.03,0.303,,1,0,,,3,0.1000,0.9000
26.682,0.5000,0.5000,0.5000,0.5000,-2.25,17.08,0.302,,1,0,,,3,0.1000,0.9000
26.713,0.5000,0.5000,0.5000,0.5000,-2.24,17.14,0.302,,1,0,,,3,0.1000,0.9000
26.745,0.5000,0.5000,0.5000,0.5000,-2.24,17.21,0.304,,1,0,,,3,0.1000,0.9000
26.777,0.5000,0.5000,0.5000,0.5000,-2.24,17.30,0.303,,1,0,,,3,0.1000,0.9000
26.807,0.5000,0.5000,0.5000,0.5000,-2.24,17.38,0.301,,1,0,,,3,0.1000,0.9000
26.839,0.5000,0.5000,0.5000,0.5000,-2.24,17.45,0.300,,1,0,,,3,0.1000,0.9000
26.871,0.5000,0.5000,0.5000,0.5000,-2.25,17.50,0.300,,1,0,,,3,0.1000,0.9000
26.904,0.5000,0.5000,0.5000,0.5000,-2.25,17.55,0.302,,1,0,,,3,0.1000,0.9000
26.937,0.5000,0.5000,0.5000,0.5000,-2.26,17.59,0.305,,1,0,,,3,0.1000,0.9000
26.969,0.5000,0.5000,0.5000,0.5000,-2.26,17.63,0.305,,1,0,,,3,0.1000,0.9000
27.002,0.5000,0.5000,0.5000,0.5000,-2.26,17.66,0.303,,1,0,,,3,0.1000,0.9000
27.034,0.5000,0.5000,0.5000,0.5000,-2.26,17.70,0.307,,1,0,,,3,0.1000,0.9000
27.064,0.5000,0.5000,0.5000,0.5000,-2.26,17.76,0.307,,1,0,,,3,0.1000,0.9000
27.113,0.5000,0.5000,0.5000,0.5000,-2.25,17.78,0.304,,1,0,,,3,0.1000,0.9000
27.146,0.5000,0.5000,0.5000,0.5000,-2.25,17.82,0.303,,1,0,,,3,0.1000,0.9000
27.180,0.5000,0.5000,0.5000,0.5000,-2.25,17.83,0.314,,1,0,,,3,0.1000,0.9000
27.211,0.5000,0.5000,0.5000,0.5000,-2.24,17.84,0.314,,1,0,,,3,0.1000,0.9000
27.241,0.5000,0.5000,0.5000,0.5000,-2.24,17.85,0.314,,1,0,,,3,0.1000,0.9000
27.273,0.5000,0.5000,0.5000,0.5000,-2.24,17.91,0.307,,1,0,,,3,0.1000,0.9000
27.303,0.5000,0.5000,0.5000,0.5000,-2.25,17.98,0.307,,1,0,,,3,0.1000,0.9000
27.338,0.5000,0.5000,0.5000,0.5000,-2.25,18.05,0.306,,1,0,,,3,0.1000,0.9000
27.372,0.5000,0.5000,0.5000,0.5000,-2.26,18.09,0.301,,1,0,,,3,0.1000,0.9000
27.401,0.5000,0.5000,0.5000,0.5000,-2.26,18.10,0.297,,1,0,,,3,0.1000,0.9000
27.432,0.5000,0.5000,0.5000,0.5000,-2.28,18.17,0.297,,1,0,,,3,0.1000,0.9000
27.466,0.5000,0.5000,0.5000,0.5000,-2.30,18.25,0.298,,1,0,,,3,0.1000,0.9000
27.507,0.5000,0.5000,0.5000,0.5000,-2.32,18.32,0.301,,1,0,,,3,0.1000,0.9000
27.536,0.5000,0.5000,0.5000,0.5000,-2.33,18.40,0.307,,1,0,,,3,0.1000,0.9000
27.565,0.5000,0.5000,0.5000,0.5000,-2.34,18.45,0.309,,1,0,,,3,0.1000,0.9000
27.593,0.5000,0.5000,0.5000,0.5000,-2.37,18.53,0.314,,1,0,,,3,0.1000,0.9000
27.624,0.5000,0.5000,0.5000,0.5000,-2.39,18.62,0.313,,1,0,,,3,0.1000,0.9000
27.673,0.5000,0.5000,0.5000,0.5000,-2.41,18.65,0.313,,1,0,,,3,0.1000,0.9000
27.715,0.5000,0.5000,0.5000,0.5000,-2.42,18.71,0.315,,1,0,,,3,0.1000,0.9000
27.745,0.5000,0.5000,0.5000,0.5000,-2.43,18.75,0.312,,1,0,,,3,0.1000,0.9000
27.771,0.5000,0.5000,0.5000,0.5000,-2.43,18.76,0.311,,1,0,,,3,0.1000,0.9000
27.801,0.5000,0.5000,0.5000,0.5000,-2.43,18.75,0.307,,1,0,,,3,0.1000,0.9000
27.833,0.5000,0.5000,0.5000,0.5000,-2.46,18.78,0.311,,1,0,,,3,0.1000,0.9000
27.866,0.5000,0.5000,0.5000,0.5000,-2.46,18.80,0.311,,1,0,,,3,0.1000,0.9000
27.898,0.5000,0.5000,0.5000,0.5000,-2.47,18.83,0.305,,1,0,,,3,0.1000,0.9000
27.928,0.5000,0.5000,0.5000,0.5000,-2.48,18.86,0.300,,1,0,,,3,0.1000,0.9000
27.962,0.5000,0.5000,0.5000,0.5000,-2.50,18.90,0.302,,1,0,,,3,0.1000,0.9000
27.993,0.5000,0.5000,0.5000,0.5000,-2.52,18.95,0.298,,1,0,,,3,0.1000,0.9000
28.028,0.5000,0.5000,0.5000,0.5000,-2.53,18.97,0.299,,1,0,,,3,0.1000,0.9000
28.058,0.5000,0.5000,0.5000,0.5000,-2.55,18.95,0.296,,1,0,,,3,0.1000,0.9000
28.087,0.5000,0.5000,0.5000,0.5000,-2.56,18.92,0.291,,1,0,,,3,0.1000,0.9000
28.121,0.5000,0.5000,0.5000,0.5000,-2.58,18.90,0.292,,1,0,,,3,0.1000,0.9000
28.152,0.5000,0.5000,0.5000,0.5000,-2.60,18.89,0.293,,1,0,,,3,0.1000,0.9000
28.232,0.5000,0.5000,0.5000,0.5000,-2.65,18.94,0.295,,1,0,,,3,0.1000,0.9000
28.264,0.5000,0.5000,0.5000,0.5000,-2.66,18.99,0.294,,1,0,,,3,0.1000,0.9000
28.294,0.5000,0.5000,0.5000,0.5000,-2.67,19.03,0.293,,1,0,,,3,0.1000,0.9000
28.324,0.5000,0.5000,0.5000,0.5000,-2.68,19.05,0.299,,1,0,,,3,0.1000,0.9000
28.351,0.5000,0.5000,0.5000,0.5000,-2.69,19.06,0.300,,1,0,,,3,0.1000,0.9000
28.375,0.5000,0.5000,0.5000,0.5000,-2.69,19.04,0.299,,1,0,,,3,0.1000,0.9000
28.403,0.5000,0.5000,0.5000,0.5000,-2.69,19.06,0.300,,1,0,,,4,0.9000,0.9000
28.429,0.5000,0.5000,0.5000,0.5000,-2.69,19.07,0.300,,1,0,,,4,0.9000,0.9000
28.457,0.5000,0.5000,0.5000,0.5000,-2.70,19.10,0.299,,1,0,,,4,0.9000,0.9000
28.490,0.5000,0.5000,0.5000,0.5000,-2.71,19.11,0.295,,1,0,,,4,0.9000,0.9000
28.519,0.5000,0.5000,0.5000,0.5000,-2.72,19.11,0.293,,1,0,,,4,0.9000,0.9000
28.552,0.5000,0.5000,0.5000,0.5000,-2.73,19.12,0.292,,1,0,,,4,0.9000,0.9000
28.616,0.5000,0.5000,0.5000,0.5000,-2.75,19.12,0.297,,1,0,,,4,0.9000,0.9000
28.648,0.5000,0.5000,0.5000,0.5000,-2.75,19.14,0.288,,1,0,,,4,0.9000,0.9000
28.681,0.5000,0.5000,0.5000,0.5000,-2.75,19.21,0.286,,1,0,,,4,0.9000,0.9000
28.712,0.5000,0.5000,0.5000,0.5000,-2.74,19.30,0.287,,1,0,,,4,0.9000,0.9000
28.746,0.5000,0.5000,0.5000,0.5000,-2.73,19.43,0.290,,1,0,,,4,0.9000,0.9000
28.781,0.5000,0.5000,0.5000,0.5000,-2.69,19.54,0.294,,1,0,,,4,0.9000,0.9000
28.824,0.5000,0.5000,0.5000,0.5000,-2.66,19.58,0.315,,1,0,,,4,0.9000,0.9000
28.851,0.5000,0.5000,0.5000,0.5000,-2.65,19.62,0.322,,1,0,,,4,0.9000,0.9000
28.877,0.5000,0.5000,0.5000,0.5000,-2.64,19.64,0.323,,1,0,,,4,0.9000,0.9000
28.902,0.5000,0.5000,0.5000,0.5000,-2.63,19.67,0.320,,1,0,,,4,0.9000,0.9000
28.927,0.5000,0.5000,0.5000,0.5000,-2.62,19.72,0.320,,1,0,,,4,0.9000,0.9000
28.955,0.5000,0.5000,0.5000,0.5000,-2.61,19.65,0.315,,1,0,,,4,0.9000,0.9000
29.018,0.5000,0.5000,0.5000,0.5000,-2.55,19.67,0.324,,1,0,,,4,0.9000,0.9000
29.051,0.5000,0.5000,0.5000,0.5000,-2.53,19.64,0.320,,1,0,,,4,0.9000,0.9000
29.081,0.5000,0.5000,0.5000,0.5000,-2.52,19.55,0.326,,1,0,,,4,0.9000,0.9000
29.113,0.5000,0.5000,0.5000,0.5000,-2.50,19.42,0.320,,1,0,,,4,0.9000,0.9000
29.144,0.5000,0.5000,0.5000,0.5000,-2.48,19.35,0.328,,1,0,,,4,0.9000,0.9000
29.177,0.5000,0.5000,0.5000,0.5000,-2.47,19.24,0.331,,1,0,,,4,0.9000,0.9000
29.209,0.5000,0.5000,0.5000,0.5000,-2.47,19.21,0.332,,1,0,,,4,0.9000,0.9000
29.240,0.5000,0.5000,0.5000,0.5000,-2.47,19.12,0.331,,1,0,,,4,0.9000,0.9000
29.275,0.5000,0.5000,0.5000,0.5000,-2.50,19.01,0.331,,1,0,,,4,0.9000,0.9000
29.304,0.5000,0.5000,0.5000,0.5000,-2.51,18.89,0.332,,1,0,,,4,0.9000,0.9000
29.336,0.5000,0.5000,0.5000,0.5000,-2.54,18.80,0.329,,1,0,,,4,0.9000,0.9000
29.386,0.5000,0.5000,0.5000,0.5000,-2.57,18.74,0.331,,1,0,,,4,0.9000,0.9000
29.418,0.5000,0.5000,0.5000,0.5000,-2.59,18.72,0.332,,1,0,,,4,0.9000,0.9000
29.449,0.5000,0.5000,0.5000,0.5000,-2.62,18.65,0.332,,1,0,,,4,0.9000,0.9000
29.482,0.5000,0.5000,0.5000,0.5000,-2.65,18.58,0.344,,1,0,,,4,0.9000,0.9000
29.513,0.5000,0.5000,0.5000,0.5000,-2.70,18.49,0.338,,1,0,,,4,0.9000,0.9000
29.544,0.5000,0.5000,0.5000,0.5000,-2.74,18.42,0.343,,1,0,,,4,0.9000,0.9000
29.575,0.5000,0.5000,0.5000,0.5000,-2.76,18.35,0.337,,1,0,,,4,0.9000,0.9000
29.609,0.5000,0.5000,0.5000,0.5000,-2.79,18.28,0.337,,1,0,,,4,0.9000,0.9000
29.640,0.5000,0.5000,0.5000,0.5000,-2.81,18.22,0.325,,1,0,,,4,0.9000,0.9000
29.674,0.5000,0.5000,0.5000,0.5000,-2.82,18.12,0.324,,1,0,,,4,0.9000,0.9000
29.707,0.5000,0.5000,0.5000,0.5000,-2.83,18.02,0.324,,1,0,,,4,0.9000,0.9000
29.737,0.5000,0.5000,0.5000,0.5000,-2.83,17.93,0.325,,1,0,,,4,0.9000,0.9000
29.768,0.5000,0.5000,0.5000,0.5000,-2.84,17.85,0.325,,1,0,,,4,0.9000,0.9000
29.801,0.5000,0.5000,0.5000,0.5000,-2.84,17.75,0.324,,1,0,,,4,0.9000,0.9000
29.832,0.5000,0.5000,0.5000,0.5000,-2.84,17.70,0.328,,1,0,,,4,0.9000,0.9000
29.865,0.5000,0.5000,0.5000,0.5000,-2.84,17.66,0.326,,1,0,,,4,0.9000,0.9000
29.895,0.5000,0.5000,0.5000,0.5000,-2.85,17.63,0.327,,1,0,,,4,0.9000,0.9000
29.949,0.5000,0.5000,0.5000,0.5000,-2.86,17.56,0.329,,1,0,,,4,0.9000,0.9000
29.987,0.5000,0.5000,0.5000,0.5000,-2.88,17.53,0.330,,1,0,,,4,0.9000,0.9000
30.018,0.5000,0.5000,0.5000,0.5000,-2.89,17.49,0.333,,1,0,,,4,0.9000,0.9000
30.044,0.5000,0.5000,0.5000,0.5000,-2.89,17.46,0.331,,1,0,,,4,0.9000,0.9000
30.073,0.5000,0.5000,0.5000,0.5000,-2.90,17.43,0.329,,1,0,,,4,0.9000,0.9000
30.103,0.5000,0.5000,0.5000,0.5000,-2.90,17.41,0.330,,1,0,,,4,0.9000,0.9000
30.141,0.5000,0.5000,0.5000,0.5000,-2.89,17.40,0.333,,1,0,,,4,0.9000,0.9000
30.167,0.5000,0.5000,0.5000,0.5000,-2.89,17.35,0.330,,1,0,,,4,0.9000,0.9000
30.200,0.5000,0.5000,0.5000,0.5000,-2.89,17.33,0.334,,1,0,,,4,0.9000,0.9000
30.232,0.5000,0.5000,0.5000,0.5000,-2.89,17.32,0.335,,1,0,,,4,0.9000,0.9000
30.265,0.5000,0.5000,0.5000,0.5000,-2.89,17.34,0.335,,1,0,,,4,0.9000,0.9000
30.297,0.5000,0.5000,0.5000,0.5000,-2.89,17.34,0.339,,1,0,,,4,0.9000,0.9000
30.330,0.5000,0.5000,0.5000,0.5000,-2.88,17.36,0.336,,1,0,,,4,0.9000,0.9000
30.361,0.5000,0.5000,0.5000,0.5000,-2.89,17.36,0.336,,1,0,,,4,0.9000,0.9000
30.393,0.5000,0.5000,0.5000,0.5000,-2.90,17.39,0.338,,1,0,,,4,0.9000,0.9000
30.425,0.5000,0.5000,0.5000,0.5000,-2.91,17.40,0.337,,1,0,,,4,0.9000,0.9000
30.455,0.5000,0.5000,0.5000,0.5000,-2.92,17.38,0.335,,1,0,,,4,0.9000,0.9000
30.507,0.5000,0.5000,0.5000,0.5000,-2.92,17.38,0.335,,1,0,,,4,0.9000,0.9000
30.537,0.5000,0.5000,0.5000,0.5000,-2.93,17.39,0.336,,1,0,,,4,0.9000,0.9000
30.569,0.5000,0.5000,0.5000,0.5000,-2.94,17.37,0.336,,1,0,,,4,0.9000,0.9000
30.600,0.5000,0.5000,0.5000,0.5000,-2.95,17.34,0.334,,1,0,,,4,0.9000,0.9000
30.633,0.5000,0.5000,0.5000,0.5000,-2.95,17.32,0.336,,1,0,,,4,0.9000,0.9000
30.665,0.5000,0.5000,0.5000,0.5000,-2.93,17.21,0.330,,1,0,,,4,0.9000,0.9000
30.699,0.5000,0.5000,0.5000,0.5000,-2.92,17.11,0.330,,1,0,,,4,0.9000,0.9000
30.728,0.5000,0.5000,0.5000,0.5000,-2.92,17.05,0.336,,1,0,,,4,0.9000,0.9000
30.761,0.5000,0.5000,0.5000,0.5000,-2.89,17.00,0.332,,1,0,,,4,0.9000,0.9000
30.793,0.5000,0.5000,0.5000,0.5000,-2.87,16.97,0.332,,1,0,,,4,0.9000,0.9000
30.825,0.5000,0.5000,0.5000,0.5000,-2.84,16.94,0.334,,1,0,,,4,0.9000,0.9000
30.856,0.5000,0.5000,0.5000,0.5000,-2.82,16.93,0.336,,1,0,,,4,0.9000,0.9000
30.890,0.5000,0.5000,0.5000,0.5000,-2.80,16.93,0.335,,1,0,,,4,0.9000,0.9000
30.921,0.5000,0.5000,0.5000,0.5000,-2.79,16.89,0.334,,1,0,,,4,0.9000,0.9000
30.954,0.5000,0.5000,0.5000,0.5000,-2.78,16.85,0.332,,1,0,,,4,0.9000,0.9000
31.015,0.5000,0.5000,0.5000,0.5000,-2.77,16.73,0.333,,1,0,,,4,0.9000,0.9000
31.051,0.5000,0.5000,0.5000,0.5000,-2.76,16.68,0.333,,1,0,,,4,0.9000,0.9000
31.096,0.5000,0.5000,0.5000,0.5000,-2.76,16.60,0.332,,1,0,,,4,0.9000,0.9000
31.130,0.5000,0.5000,0.5000,0.5000,-2.75,16.57,0.332,,1,0,,,4,0.9000,0.9000
31.155,0.5000,0.5000,0.5000,0.5000,-2.75,16.55,0.331,,1,0,,,4,0.9000,0.9000
31.182,0.5000,0.5000,0.5000,0.5000,-2.74,16.54,0.331,,1,0,,,4,0.9000,0.9000
31.209,0.5000,0.5000,0.5000,0.5000,-2.74,16.53,0.334,,1,0,,,4,0.9000,0.9000
31.237,0.5000,0.5000,0.5000,0.5000,-2.75,16.52,0.333,,1,0,,,4,0.9000,0.9000
31.264,0.5000,0.5000,0.5000,0.5000,-2.75,16.52,0.331,,1,0,,,4,0.9000,0.9000
31.289,0.5000,0.5000,0.5000,0.5000,-2.75,16.52,0.335,,1,0,,,4,0.9000,0.9000
31.321,0.5000,0.5000,0.5000,0.5000,-2.74,16.53,0.333,,1,0,,,4,0.9000,0.9000
31.352,0.5000,0.5000,0.5000,0.5000,-2.72,16.53,0.333,,1,0,,,4,0.9000,0.9000
31.417,0.5000,0.5000,0.5000,0.5000,-2.70,16.62,0.332,,1,0,,,4,0.9000,0.9000
31.449,0.5000,0.5000,0.5000,0.5000,-2.69,16.63,0.330,,1,0,,,5,0.5000,0.1000
31.481,0.5000,0.5000,0.5000,0.5000,-2.69,16.68,0.328,,1,0,,,5,0.5000,0.1000
31.513,0.5000,0.5000,0.5000,0.5000,-2.68,16.75,0.331,,1,0,,,5,0.5000,0.1000
31.545,0.5000,0.5000,0.5000,0.5000,-2.68,16.77,0.329,,1,0,,,5,0.5000,0.1000
31.576,0.5000,0.5000,0.5000,0.5000,-2.68,16.84,0.326,,1,0,,,5,0.5000,0.1000
31.608,0.5000,0.5000,0.5000,0.5000,-2.68,16.89,0.323,,1,0,,,5,0.5000,0.1000
31.657,0.5000,0.5000,0.5000,0.5000,-2.66,17.06,0.323,,1,0,,,5,0.5000,0.1000
31.688,0.5000,0.5000,0.5000,0.5000,-2.64,17.15,0.326,,1,0,,,5,0.5000,0.1000
31.714,0.5000,0.5000,0.5000,0.5000,-2.63,17.20,0.328,,1,0,,,5,0.5000,0.1000
31.739,0.5000,0.5000,0.5000,0.5000,-2.62,17.26,0.322,,1,0,,,5,0.5000,0.1000
31.766,0.5000,0.5000,0.5000,0.5000,-2.62,17.32,0.293,,1,0,,,5,0.5000,0.1000
31.817,0.5000,0.5000,0.5000,0.5000,-2.68,16.85,0.093,,1,0,,,5,0.5000,0.1000
31.849,0.5000,0.5000,0.5000,0.5000,-2.71,16.64,0.111,,1,0,,,5,0.5000,0.1000
31.882,0.5000,0.5000,0.5000,0.5000,-2.72,16.43,0.203,,1,0,,,5,0.5000,0.1000
31.915,0.5000,0.5000,0.5000,0.5000,-2.74,16.33,0.289,,1,0,,,5,0.5000,0.1000
31.945,0.5000,0.5000,0.5000,0.5000,-2.75,16.35,0.342,,1,0,,,5,0.5000,0.1000
31.976,0.5000,0.5000,0.5000,0.5000,-2.78,16.43,0.384,,1,0,,,5,0.5000,0.1000
32.007,0.5000,0.5000,0.5000,0.5000,-2.80,16.54,0.408,,1,0,,,5,0.5000,0.1000
32.040,0.5000,0.5000,0.5000,0.5000,-2.81,16.65,0.427,,1,0,,,5,0.5000,0.1000
32.073,0.5000,0.5000,0.5000,0.5000,-2.83,16.79,0.428,,1,0,,,5,0.5000,0.1000
32.106,0.5000,0.5000,0.5000,0.5000,-2.84,16.98,0.438,,1,0,,,5,0.5000,0.1000
32.139,0.5000,0.5000,0.5000,0.5000,-2.85,17.17,0.437,,1,0,,,5,0.5000,0.1000
32.169,0.5000,0.5000,0.5000,0.5000,-2.86,17.34,0.442,,1,0,,,5,0.5000,0.1000
32.217,0.5000,0.5000,0.5000,0.5000,-2.90,17.66,0.446,,1,0,,,5,0.5000,0.1000
32.250,0.5000,0.5000,0.5000,0.5000,-2.91,17.77,0.438,,1,0,,,5,0.5000,0.1000
32.283,0.5000,0.5000,0.5000,0.5000,-2.93,17.91,0.439,,1,0,,,5,0.5000,0.1000
32.312,0.5000,0.5000,0.5000,0.5000,-2.94,18.01,0.438,,1,0,,,5,0.5000,0.1000
32.345,0.5000,0.5000,0.5000,0.5000,-2.96,18.14,0.435,,1,0,,,5,0.5000,0.1000
32.377,0.5000,0.5000,0.5000,0.5000,-2.97,18.27,0.437,,1,0,,,5,0.5000,0.1000
32.409,0.5000,0.5000,0.5000,0.5000,-2.98,18.40,0.436,,1,0,,,5,0.5000,0.1000
32.441,0.5000,0.5000,0.5000,0.5000,-2.99,18.52,0.435,,1,0,,,5,0.5000,0.1000
32.474,0.5000,0.5000,0.5000,0.5000,-3.00,18.65,0.435,,1,0,,,5,0.5000,0.1000
32.503,0.5000,0.5000,0.5000,0.5000,-3.00,18.75,0.437,,1,0,,,5,0.5000,0.1000
32.536,0.5000,0.5000,0.5000,0.5000,-3.01,18.86,0.438,,1,0,,,5,0.5000,0.1000
32.570,0.5000,0.5000,0.5000,0.5000,-3.02,18.97,0.432,,1,0,,,5,0.5000,0.1000
32.601,0.5000,0.5000,0.5000,0.5000,-3.02,19.02,0.431,,1,0,,,5,0.5000,0.1000
32.634,0.5000,0.5000,0.5000,0.5000,-3.03,19.09,0.431,,1,0,,,5,0.5000,0.1000
32.666,0.5000,0.5000,0.5000,0.5000,-3.03,19.17,0.430,,1,0,,,5,0.5000,0.1000
32.697,0.5000,0.5000,0.5000,0.5000,-3.04,19.21,0.430,,1,0,,,5,0.5000,0.1000
32.730,0.5000,0.5000,0.5000,0.5000,-3.04,19.24,0.430,,1,0,,,5,0.5000,0.1000
32.777,0.5000,0.5000,0.5000,0.5000,-3.04,19.26,0.428,,1,0,,,5,0.5000,0.1000
32.809,0.5000,0.5000,0.5000,0.5000,-3.05,19.29,0.429,,1,0,,,5,0.5000,0.1000
32.841,0.5000,0.5000,0.5000,0.5000,-3.06,19.33,0.426,,1,0,,,5,0.5000,0.1000
32.872,0.5000,0.5000,0.5000,0.5000,-3.07,19.37,0.425,,1,0,,,5,0.5000,0.1000
32.907,0.5000,0.5000,0.5000,0.5000,-3.08,19.41,0.427,,1,0,,,5,0.5000,0.1000
32.938,0.5000,0.5000,0.5000,0.5000,-3.09,19.44,0.427,,1,0,,,5,0.5000,0.1000
32.968,0.5000,0.5000,0.5000,0.5000,-3.11,19.46,0.427,,1,0,,,5,0.5000,0.1000
33.000,0.5000,0.5000,0.5000,0.5000,-3.13,19.49,0.427,,1,0,,,5,0.5000,0.1000
33.033,0.5000,0.5000,0.5000,0.5000,-3.15,19.53,0.424,,1,0,,,5,0.5000,0.1000
33.064,0.5000,0.5000,0.5000,0.5000,-3.16,19.61,0.426,,1,0,,,5,0.5000,0.1000
33.098,0.5000,0.5000,0.5000,0.5000,-3.17,19.67,0.424,,1,0,,,5,0.5000,0.1000
33.129,0.5000,0.5000,0.5000,0.5000,-3.18,19.70,0.423,,1,0,,,5,0.5000,0.1000
33.161,0.5000,0.5000,0.5000,0.5000,-3.17,19.75,0.422,,1,0,,,5,0.5000,0.1000
33.193,0.5000,0.5000,0.5000,0.5000,-3.17,19.82,0.423,,1,0,,,5,0.5000,0.1000
33.225,0.5000,0.5000,0.5000,0.5000,-3.17,19.88,0.423,,1,0,,,5,0.5000,0.1000
33.258,0.5000,0.5000,0.5000,0.5000,-3.18,19.94,0.423,,1,0,,,5,0.5000,0.1000
33.289,0.5000,0.5000,0.5000,0.5000,-3.19,20.00,0.422,,1,0,,,5,0.5000,0.1000
33.321,0.5000,0.5000,0.5000,0.5000,-3.19,20.04,0.421,,1,0,,,5,0.5000,0.1000
33.370,0.5000,0.5000,0.5000,0.5000,-3.19,20.09,0.423,,1,0,,,5,0.5000,0.1000
33.400,0.5000,0.5000,0.5000,0.5000,-3.20,20.13,0.422,,1,0,,,5,0.5000,0.1000
33.432,0.5000,0.5000,0.5000,0.5000,-3.21,20.19,0.424,,1,0,,,5,0.5000,0.1000
33.465,0.5000,0.5000,0.5000,0.5000,-3.23,20.21,0.422,,1,0,,,5,0.5000,0.1000
33.497,0.5000,0.5000,0.5000,0.5000,-3.24,20.25,0.422,,1,0,,,5,0.5000,0.1000
33.528,0.5000,0.5000,0.5000,0.5000,-3.24,20.29,0.421,,1,0,,,5,0.5000,0.1000
33.561,0.5000,0.5000,0.5000,0.5000,-3.25,20.36,0.418,,1,0,,,5,0.5000,0.1000
33.593,0.5000,0.5000,0.5000,0.5000,-3.25,20.42,0.417,,1,0,,,5,0.5000,0.1000
33.625,0.5000,0.5000,0.5000,0.5000,-3.25,20.48,0.415,,1,0,,,5,0.5000,0.1000
33.656,0.5000,0.5000,0.5000,0.5000,-3.25,20.51,0.416,,1,0,,,5,0.5000,0.1000
33.688,0.5000,0.5000,0.5000,0.5000,-3.25,20.52,0.416,,1,0,,,5,0.5000,0.1000
33.720,0.5000,0.5000,0.5000,0.5000,-3.25,20.54,0.417,,1,0,,,5,0.5000,0.1000
33.751,0.5000,0.5000,0.5000,0.5000,-3.26,20.58,0.417,,1,0,,,5,0.5000,0.1000
33.818,0.5000,0.5000,0.5000,0.5000,-3.25,20.67,0.414,,1,0,,,5,0.5000,0.1000
33.849,0.5000,0.5000,0.5000,0.5000,-3.25,20.69,0.413,,1,0,,,5,0.5000,0.1000
33.880,0.5000,0.5000,0.5000,0.5000,-3.25,20.72,0.410,,1,0,,,5,0.5000,0.1000
33.929,0.5000,0.5000,0.5000,0.5000,-3.24,20.75,0.410,,1,0,,,5,0.5000,0.1000
33.961,0.5000,0.5000,0.5000,0.5000,-3.24,20.76,0.410,,1,0,,,5,0.5000,0.1000
33.986,0.5000,0.5000,0.5000,0.5000,-3.24,20.77,0.411,,1,0,,,5,0.5000,0.1000
34.013,0.5000,0.5000,0.5000,0.5000,-3.23,20.77,0.411,,1,0,,,5,0.5000,0.1000
34.038,0.5000,0.5000,0.5000,0.5000,-3.23,20.77,0.411,,1,0,,,5,0.5000,0.1000
34.065,0.5000,0.5000,0.5000,0.5000,-3.23,20.76,0.410,,1,0,,,5,0.5000,0.1000
34.090,0.5000,0.5000,0.5000,0.5000,-3.22,20.76,0.410,,1,0,,,5,0.5000,0.1000
34.123,0.5000,0.5000,0.5000,0.5000,-3.22,20.77,0.413,,1,0,,,5,0.5000,0.1000
34.151,0.5000,0.5000,0.5000,0.5000,-3.21,20.78,0.409,,1,0,,,5,0.5000,0.1000
34.217,0.5000,0.5000,0.5000,0.5000,-3.17,20.88,0.409,,1,0,,,5,0.5000,0.1000
34.249,0.5000,0.5000,0.5000,0.5000,-3.14,20.93,0.408,,1,0,,,5,0.5000,0.1000
34.281,0.5000,0.5000,0.5000,0.5000,-3.13,20.94,0.410,,1,0,,,5,0.5000,0.1000
34.313,0.5000,0.5000,0.5000,0.5000,-3.11,20.96,0.414,,1,0,,,5,0.5000,0.1000
34.344,0.5000,0.5000,0.5000,0.5000,-3.09,20.98,0.411,,1,0,,,5,0.5000,0.1000
34.375,0.5000,0.5000,0.5000,0.5000,-3.08,21.03,0.408,,1,0,,,5,0.5000,0.1000
34.407,0.5000,0.5000,0.5000,0.5000,-3.07,21.07,0.408,,1,0,,,5,0.5000,0.1000
34.439,0.5000,0.5000,0.5000,0.5000,-3.07,21.11,0.405,,1,0,,,5,0.5000,0.1000
34.489,0.5000,0.5000,0.5000,0.5000,-3.07,21.21,0.410,,1,0,,,6,0.1000,0.5000
34.520,0.5000,0.5000,0.5000,0.5000,-3.07,21.27,0.414,,1,0,,,6,0.1000,0.5000
34.549,0.5000,0.5000,0.5000,0.5000,-3.07,21.31,0.415,,1,0,,,6,0.1000,0.5000
34.574,0.5000,0.5000,0.5000,0.5000,-3.07,21.35,0.414,,1,0,,,6,0.1000,0.5000
34.617,0.5000,0.5000,0.5000,0.5000,-3.07,21.45,0.415,,1,0,,,6,0.1000,0.5000
34.649,0.5000,0.5000,0.5000,0.5000,-3.07,21.51,0.416,,1,0,,,6,0.1000,0.5000
34.682,0.5000,0.5000,0.5000,0.5000,-3.08,21.57,0.409,,1,0,,,6,0.1000,0.5000
34.712,0.5000,0.5000,0.5000,0.5000,-3.09,21.60,0.407,,1,0,,,6,0.1000,0.5000
34.745,0.5000,0.5000,0.5000,0.5000,-3.09,21.61,0.405,,1,0,,,6,0.1000,0.5000
34.776,0.5000,0.5000,0.5000,0.5000,-3.09,21.62,0.405,,1,0,,,6,0.1000,0.5000
34.809,0.5000,0.5000,0.5000,0.5000,-3.08,21.60,0.383,,1,0,,,6,0.1000,0.5000
34.840,0.5000,0.5000,0.5000,0.5000,-3.06,21.53,0.328,,1,0,,,6,0.1000,0.5000
34.873,0.5000,0.5000,0.5000,0.5000,-3.04,21.41,0.305,,1,0,,,6,0.1000,0.5000
34.906,0.5000,0.5000,0.5000,0.5000,-3.03,21.26,0.304,,1,0,,,6,0.1000,0.5000
34.936,0.5000,0.5000,0.5000,0.5000,-3.02,21.14,0.302,,1,0,,,6,0.1000,0.5000
34.967,0.5000,0.5000,0.5000,0.5000,-3.02,21.03,0.311,,1,0,,,6,0.1000,0.5000
35.000,0.5000,0.5000,0.5000,0.5000,-3.02,20.93,0.313,,1,0,,,6,0.1000,0.5000
35.032,0.5000,0.5000,0.5000,0.5000,-3.02,20.83,0.322,,1,0,,,6,0.1000,0.5000
35.081,0.5000,0.5000,0.5000,0.5000,-3.03,20.69,0.328,,1,0,,,6,0.1000,0.5000
35.113,0.5000,0.5000,0.5000,0.5000,-3.05,20.62,0.333,,1,0,,,6,0.1000,0.5000
35.145,0.5000,0.5000,0.5000,0.5000,-3.06,20.56,0.334,,1,0,,,6,0.1000,0.5000
35.176,0.5000,0.5000,0.5000,0.5000,-3.07,20.50,0.335,,1,0,,,6,0.1000,0.5000
35.209,0.5000,0.5000,0.5000,0.5000,-3.08,20.45,0.336,,1,0,,,6,0.1000,0.5000
35.241,0.5000,0.5000,0.5000,0.5000,-3.09,20.39,0.336,,1,0,,,6,0.1000,0.5000
35.272,0.5000,0.5000,0.5000,0.5000,-3.10,20.34,0.337,,1,0,,,6,0.1000,0.5000
35.305,0.5000,0.5000,0.5000,0.5000,-3.11,20.27,0.340,,1,0,,,6,0.1000,0.5000
35.335,0.5000,0.5000,0.5000,0.5000,-3.11,20.22,0.338,,1,0,,,6,0.1000,0.5000
35.368,0.5000,0.5000,0.5000,0.5000,-3.11,20.14,0.342,,1,0,,,6,0.1000,0.5000
35.401,0.5000,0.5000,0.5000,0.5000,-3.10,20.06,0.341,,1,0,,,6,0.1000,0.5000
35.433,0.5000,0.5000,0.5000,0.5000,-3.09,19.98,0.345,,1,0,,,6,0.1000,0.5000
35.466,0.5000,0.5000,0.5000,0.5000,-3.10,19.98,0.346,,1,0,,,6,0.1000,0.5000
35.497,0.5000,0.5000,0.5000,0.5000,-3.10,20.00,0.347,,1,0,,,6,0.1000,0.5000
35.529,0.5000,0.5000,0.5000,0.5000,-3.11,20.00,0.349,,1,0,,,6,0.1000,0.5000
35.561,0.5000,0.5000,0.5000,0.5000,-3.12,19.99,0.349,,1,0,,,6,0.1000,0.5000
35.593,0.5000,0.5000,0.5000,0.5000,-3.12,19.97,0.350,,1,0,,,6,0.1000,0.5000
35.641,0.5000,0.5000,0.5000,0.5000,-3.14,19.98,0.349,,1,0,,,6,0.1000,0.5000
35.671,0.5000,0.5000,0.5000,0.5000,-3.16,19.99,0.351,,1,0,,,6,0.1000,0.5000
35.704,0.5000,0.5000,0.5000,0.5000,-3.18,19.97,0.349,,1,0,,,6,0.1000,0.5000
35.737,0.5000,0.5000,0.5000,0.5000,-3.19,19.95,0.349,,1,0,,,6,0.1000,0.5000
35.769,0.5000,0.5000,0.5000,0.5000,-3.20,19.95,0.350,,1,0,,,6,0.1000,0.5000
35.802,0.5000,0.5000,0.5000,0.5000,-3.21,19.93,0.352,,1,0,,,6,0.1000,0.5000
35.833,0.5000,0.5000,0.5000,0.5000,-3.22,19.92,0.353,,1,0,,,6,0.1000,0.5000
35.865,0.5000,0.5000,0.5000,0.5000,-3.22,19.91,0.352,,1,0,,,6,0.1000,0.5000
35.898,0.5000,0.5000,0.5000,0.5000,-3.23,19.89,0.352,,1,0,,,6,0.1000,0.5000
35.929,0.5000,0.5000,0.5000,0.5000,-3.23,19.89,0.357,,1,0,,,6,0.1000,0.5000
35.964,0.5000,0.5000,0.5000,0.5000,-3.22,19.85,0.357,,1,0,,,6,0.1000,0.5000
35.992,0.5000,0.5000,0.5000,0.5000,-3.22,19.83,0.358,,1,0,,,6,0.1000,0.5000
36.025,0.5000,0.5000,0.5000,0.5000,-3.22,19.80,0.357,,1,0,,,6,0.1000,0.5000
36.056,0.5000,0.5000,0.5000,0.5000,-3.22,19.78,0.355,,1,0,,,6,0.1000,0.5000
36.087,0.5000,0.5000,0.5000,0.5000,-3.22,19.75,0.353,,1,0,,,6,0.1000,0.5000
36.121,0.5000,0.5000,0.5000,0.5000,-3.22,19.73,0.356,,1,0,,,6,0.1000,0.5000
36.151,0.5000,0.5000,0.5000,0.5000,-3.22,19.74,0.354,,1,0,,,6,0.1000,0.5000
36.232,0.5000,0.5000,0.5000,0.5000,-3.25,19.73,0.356,,1,0,,,6,0.1000,0.5000
36.259,0.5000,0.5000,0.5000,0.5000,-3.25,19.73,0.357,,1,0,,,6,0.1000,0.5000
36.284,0.5000,0.5000,0.5000,0.5000,-3.26,19.73,0.357,,1,0,,,6,0.1000,0.5000
36.311,0.5000,0.5000,0.5000,0.5000,-3.27,19.74,0.357,,1,0,,,6,0.1000,0.5000
36.337,0.5000,0.5000,0.5000,0.5000,-3.28,19.77,0.355,,1,0,,,6,0.1000,0.5000
36.364,0.5000,0.5000,0.5000,0.5000,-3.29,19.80,0.355,,1,0,,,6,0.1000,0.5000
36.393,0.5000,0.5000,0.5000,0.5000,-3.30,19.85,0.358,,1,0,,,6,0.1000,0.5000
36.425,0.5000,0.5000,0.5000,0.5000,-3.31,19.87,0.356,,1,0,,,6,0.1000,0.5000
36.457,0.5000,0.5000,0.5000,0.5000,-3.31,19.89,0.353,,1,0,,,6,0.1000,0.5000
36.487,0.5000,0.5000,0.5000,0.5000,-3.31,19.88,0.356,,1,0,,,6,0.1000,0.5000
36.519,0.5000,0.5000,0.5000,0.5000,-3.31,19.89,0.355,,1,0,,,6,0.1000,0.5000
36.551,0.5000,0.5000,0.5000,0.5000,-3.31,19.90,0.355,,1,0,,,6,0.1000,0.5000
36.619,0.5000,0.5000,0.5000,0.5000,-3.30,19.94,0.353,,1,0,,,6,0.1000,0.5000
36.648,0.5000,0.5000,0.5000,0.5000,-3.29,19.93,0.352,,1,0,,,6,0.1000,0.5000
36.682,0.5000,0.5000,0.5000,0.5000,-3.27,19.92,0.356,,1,0,,,6,0.1000,0.5000
36.717,0.5000,0.5000,0.5000,0.5000,-3.26,19.90,0.356,,1,0,,,6,0.1000,0.5000
36.762,0.5000,0.5000,0.5000,0.5000,-3.24,19.90,0.355,,1,0,,,6,0.1000,0.5000
36.793,0.5000,0.5000,0.5000,0.5000,-3.23,19.91,0.360,,1,0,,,6,0.1000,0.5000
36.820,0.5000,0.5000,0.5000,0.5000,-3.23,19.92,0.364,,1,0,,,6,0.1000,0.5000
36.847,0.5000,0.5000,0.5000,0.5000,-3.23,19.93,0.361,,1,0,,,6,0.1000,0.5000
36.871,0.5000,0.5000,0.5000,0.5000,-3.23,19.94,0.361,,1,0,,,6,0.1000,0.5000
36.898,0.5000,0.5000,0.5000,0.5000,-3.23,19.95,0.361,,1,0,,,6,0.1000,0.5000
36.924,0.5000,0.5000,0.5000,0.5000,-3.23,19.95,0.360,,1,0,,,6,0.1000,0.5000
36.955,0.5000,0.5000,0.5000,0.5000,-3.24,19.95,0.361,,1,0,,,6,0.1000,0.5000
37.018,0.5000,0.5000,0.5000,0.5000,-3.27,19.96,0.364,,1,0,,,6,0.1000,0.5000
37.049,0.5000,0.5000,0.5000,0.5000,-3.27,19.95,0.366,,1,0,,,6,0.1000,0.5000
37.082,0.5000,0.5000,0.5000,0.5000,-3.26,19.95,0.362,,1,0,,,6,0.1000,0.5000
37.112,0.5000,0.5000,0.5000,0.5000,-3.25,19.98,0.360,,1,0,,,6,0.1000,0.5000
37.145,0.5000,0.5000,0.5000,0.5000,-3.24,20.01,0.364,,1,0,,,6,0.1000,0.5000
37.177,0.5000,0.5000,0.5000,0.5000,-3.23,20.04,0.366,,1,0,,,6,0.1000,0.5000
37.209,0.5000,0.5000,0.5000,0.5000,-3.22,20.09,0.373,,1,0,,,6,0.1000,0.5000
37.241,0.5000,0.5000,0.5000,0.5000,-3.22,20.13,0.376,,1,0,,,6,0.1000,0.5000
37.273,0.5000,0.5000,0.5000,0.5000,-3.21,20.14,0.375,,1,0,,,6,0.1000,0.5000
37.305,0.5000,0.5000,0.5000,0.5000,-3.19,20.14,0.374,,1,0,,,6,0.1000,0.5000
37.351,0.5000,0.5000,0.5000,0.5000,-3.19,20.13,0.371,,1,0,,,6,0.1000,0.5000
37.377,0.5000,0.5000,0.5000,0.5000,-3.18,20.12,0.371,,1,0,,,6,0.1000,0.5000
37.417,0.5000,0.5000,0.5000,0.5000,-3.17,20.14,0.373,,1,0,,,6,0.1000,0.5000
37.449,0.5000,0.5000,0.5000,0.5000,-3.16,20.12,0.373,,1,0,,,6,0.1000,0.5000
37.479,0.5000,0.5000,0.5000,0.5000,-3.15,20.12,0.372,,1,0,,,7,0.9000,0.5000
37.515,0.5000,0.5000,0.5000,0.5000,-3.14,20.11,0.371,,1,0,,,7,0.9000,0.5000
37.544,0.5000,0.5000,0.5000,0.5000,-3.14,20.11,0.372,,1,0,,,7,0.9000,0.5000
37.576,0.5000,0.5000,0.5000,0.5000,-3.15,20.12,0.374,,1,0,,,7,0.9000,0.5000
37.609,0.5000,0.5000,0.5000,0.5000,-3.15,20.14,0.373,,1,0,,,7,0.9000,0.5000
37.641,0.5000,0.5000,0.5000,0.5000,-3.15,20.11,0.372,,1,0,,,7,0.9000,0.5000
37.673,0.5000,0.5000,0.5000,0.5000,-3.14,20.09,0.370,,1,0,,,7,0.9000,0.5000
37.705,0.5000,0.5000,0.5000,0.5000,-3.14,20.07,0.370,,1,0,,,7,0.9000,0.5000
37.736,0.5000,0.5000,0.5000,0.5000,-3.14,20.06,0.369,,1,0,,,7,0.9000,0.5000
37.769,0.5000,0.5000,0.5000,0.5000,-3.14,20.05,0.372,,1,0,,,7,0.9000,0.5000
37.800,0.5000,0.5000,0.5000,0.5000,-3.14,20.04,0.365,,1,0,,,7,0.9000,0.5000
37.832,0.5000,0.5000,0.5000,0.5000,-3.12,20.07,0.365,,1,0,,,7,0.9000,0.5000
37.863,0.5000,0.5000,0.5000,0.5000,-3.11,20.16,0.357,,1,0,,,7,0.9000,0.5000
37.913,0.5000,0.5000,0.5000,0.5000,-3.08,20.38,0.330,,1,0,,,7,0.9000,0.5000
37.948,0.5000,0.5000,0.5000,0.5000,-3.06,20.53,0.317,,1,0,,,7,0.9000,0.5000
37.978,0.5000,0.5000,0.5000,0.5000,-3.03,20.66,0.320,,1,0,,,7,0.9000,0.5000
38.008,0.5000,0.5000,0.5000,0.5000,-3.01,20.79,0.326,,1,0,,,7,0.9000,0.5000
38.040,0.5000,0.5000,0.5000,0.5000,-2.98,20.90,0.329,,1,0,,,7,0.9000,0.5000
38.072,0.5000,0.5000,0.5000,0.5000,-2.96,20.98,0.335,,1,0,,,7,0.9000,0.5000
38.104,0.5000,0.5000,0.5000,0.5000,-2.93,21.04,0.338,,1,0,,,7,0.9000,0.5000
38.138,0.5000,0.5000,0.5000,0.5000,-2.90,21.12,0.339,,1,0,,,7,0.9000,0.5000
38.169,0.5000,0.5000,0.5000,0.5000,-2.88,21.20,0.340,,1,0,,,7,0.9000,0.5000
38.200,0.5000,0.5000,0.5000,0.5000,-2.87,21.32,0.346,,1,0,,,7,0.9000,0.5000
38.234,0.5000,0.5000,0.5000,0.5000,-2.86,21.45,0.348,,1,0,,,7,0.9000,0.5000
38.265,0.5000,0.5000,0.5000,0.5000,-2.85,21.56,0.349,,1,0,,,7,0.9000,0.5000
38.298,0.5000,0.5000,0.5000,0.5000,-2.83,21.61,0.350,,1,0,,,7,0.9000,0.5000
38.330,0.5000,0.5000,0.5000,0.5000,-2.83,21.66,0.354,,1,0,,,7,0.9000,0.5000
38.361,0.5000,0.5000,0.5000,0.5000,-2.81,21.69,0.355,,1,0,,,7,0.9000,0.5000
38.392,0.5000,0.5000,0.5000,0.5000,-2.80,21.74,0.356,,1,0,,,7,0.9000,0.5000
38.426,0.5000,0.5000,0.5000,0.5000,-2.79,21.80,0.354,,1,0,,,7,0.9000,0.5000
38.474,0.5000,0.5000,0.5000,0.5000,-2.78,21.86,0.354,,1,0,,,7,0.9000,0.5000
38.506,0.5000,0.5000,0.5000,0.5000,-2.78,21.92,0.357,,1,0,,,7,0.9000,0.5000
38.537,0.5000,0.5000,0.5000,0.5000,-2.78,22.00,0.357,,1,0,,,7,0.9000,0.5000
38.568,0.5000,0.5000,0.5000,0.5000,-2.78,22.08,0.359,,1,0,,,7,0.9000,0.5000
38.600,0.5000,0.5000,0.5000,0.5000,-2.79,22.15,0.360,,1,0,,,7,0.9000,0.5000
38.633,0.5000,0.5000,0.5000,0.5000,-2.79,22.21,0.361,,1,0,,,7,0.9000,0.5000
38.664,0.5000,0.5000,0.5000,0.5000,-2.81,22.27,0.361,,1,0,,,7,0.9000,0.5000
38.696,0.5000,0.5000,0.5000,0.5000,-2.82,22.29,0.362,,1,0,,,7,0.9000,0.5000
38.730,0.5000,0.5000,0.5000,0.5000,-2.84,22.28,0.363,,1,0,,,7,0.9000,0.5000
38.761,0.5000,0.5000,0.5000,0.5000,-2.85,22.27,0.364,,1,0,,,7,0.9000,0.5000
38.792,0.5000,0.5000,0.5000,0.5000,-2.86,22.26,0.363,,1,0,,,7,0.9000,0.5000
38.824,0.5000,0.5000,0.5000,0.5000,-2.86,22.25,0.366,,1,0,,,7,0.9000,0.5000
38.857,0.5000,0.5000,0.5000,0.5000,-2.86,22.25,0.369,,1,0,,,7,0.9000,0.5000
38.891,0.5000,0.5000,0.5000,0.5000,-2.85,22.24,0.367,,1,0,,,7,0.9000,0.5000
38.920,0.5000,0.5000,0.5000,0.5000,-2.85,22.23,0.368,,1,0,,,7,0.9000,0.5000
38.955,0.5000,0.5000,0.5000,0.5000,-2.85,22.24,0.368,,1,0,,,7,0.9000,0.5000
39.032,0.5000,0.5000,0.5000,0.5000,-2.87,22.27,0.367,,1,0,,,7,0.9000,0.5000
39.065,0.5000,0.5000,0.5000,0.5000,-2.87,22.26,0.365,,1,0,,,7,0.9000,0.5000
39.092,0.5000,0.5000,0.5000,0.5000,-2.87,22.25,0.364,,1,0,,,7,0.9000,0.5000
39.119,0.5000,0.5000,0.5000,0.5000,-2.87,22.26,0.363,,1,0,,,7,0.9000,0.5000
39.145,0.5000,0.5000,0.5000,0.5000,-2.88,22.29,0.366,,1,0,,,7,0.9000,0.5000
39.171,0.5000,0.5000,0.5000,0.5000,-2.88,22.33,0.367,,1,0,,,7,0.9000,0.5000
39.198,0.5000,0.5000,0.5000,0.5000,-2.88,22.31,0.359,,1,0,,,7,0.9000,0.5000
39.226,0.5000,0.5000,0.5000,0.5000,-2.88,22.29,0.359,,1,0,,,7,0.9000,0.5000
39.256,0.5000,0.5000,0.5000,0.5000,-2.89,22.30,0.353,,1,0,,,7,0.9000,0.5000
39.288,0.5000,0.5000,0.5000,0.5000,-2.91,22.31,0.354,,1,0,,,7,0.9000,0.5000
39.320,0.5000,0.5000,0.5000,0.5000,-2.95,22.32,0.356,,1,0,,,7,0.9000,0.5000
39.353,0.5000,0.5000,0.5000,0.5000,-2.97,22.33,0.351,,1,0,,,7,0.9000,0.5000
39.418,0.5000,0.5000,0.5000,0.5000,-3.02,22.31,0.349,,1,0,,,7,0.9000,0.5000
39.449,0.5000,0.5000,0.5000,0.5000,-3.04,22.31,0.349,,1,0,,,7,0.9000,0.5000
39.482,0.5000,0.5000,0.5000,0.5000,-3.06,22.29,0.349,,1,0,,,7,0.9000,0.5000
39.513,0.5000,0.5000,0.5000,0.5000,-3.08,22.31,0.352,,1,0,,,7,0.9000,0.5000
39.545,0.5000,0.5000,0.5000,0.5000,-3.09,22.32,0.351,,1,0,,,7,0.9000,0.5000
39.577,0.5000,0.5000,0.5000,0.5000,-3.12,22.33,0.348,,1,0,,,7,0.9000,0.5000
39.624,0.5000,0.5000,0.5000,0.5000,-3.16,22.37,0.349,,1,0,,,7,0.9000,0.5000
39.655,0.5000,0.5000,0.5000,0.5000,-3.19,22.38,0.349,,1,0,,,7,0.9000,0.5000
39.683,0.5000,0.5000,0.5000,0.5000,-3.21,22.38,0.349,,1,0,,,7,0.9000,0.5000
39.713,0.5000,0.5000,0.5000,0.5000,-3.23,22.39,0.349,,1,0,,,7,0.9000,0.5000
39.736,0.5000,0.5000,0.5000,0.5000,-3.25,22.39,0.351,,1,0,,,7,0.9000,0.5000
39.764,0.5000,0.5000,0.5000,0.5000,-3.26,22.42,0.355,,1,0,,,7,0.9000,0.5000
39.817,0.5000,0.5000,0.5000,0.5000,-3.26,22.43,0.356,,1,0,,,7,0.9000,0.5000
39.848,0.5000,0.5000,0.5000,0.5000,-3.26,22.43,0.355,,1,0,,,7,0.9000,0.5000
39.883,0.5000,0.5000,0.5000,0.5000,-3.26,22.43,0.354,,1,0,,,7,0.9000,0.5000
39.913,0.5000,0.5000,0.5000,0.5000,-3.26,22.45,0.354,,1,0,,,7,0.9000,0.5000
39.949,0.5000,0.5000,0.5000,0.5000,-3.26,22.47,0.351,,1,0,,,7,0.9000,0.5000
39.976,0.5000,0.5000,0.5000,0.5000,-3.26,22.50,0.353,,1,0,,,7,0.9000,0.5000
40.008,0.5000,0.5000,0.5000,0.5000,-3.26,22.51,0.353,,1,0,,,7,0.9000,0.5000
40.041,0.5000,0.5000,0.5000,0.5000,-3.26,22.51,0.355,,1,0,,,7,0.9000,0.5000
40.072,0.5000,0.5000,0.5000,0.5000,-3.25,22.50,0.355,,1,0,,,7,0.9000,0.5000
40.105,0.5000,0.5000,0.5000,0.5000,-3.24,22.48,0.356,,1,0,,,7,0.9000,0.5000
40.136,0.5000,0.5000,0.5000,0.5000,-3.24,22.46,0.358,,1,0,,,7,0.9000,0.5000
40.185,0.5000,0.5000,0.5000,0.5000,-3.23,22.46,0.358,,1,0,,,7,0.9000,0.5000
40.217,0.5000,0.5000,0.5000,0.5000,-3.22,22.44,0.357,,1,0,,,7,0.9000,0.5000
40.247,0.5000,0.5000,0.5000,0.5000,-3.21,22.43,0.356,,1,0,,,7,0.9000,0.5000
40.280,0.5000,0.5000,0.5000,0.5000,-3.20,22.40,0.353,,1,0,,,7,0.9000,0.5000
40.313,0.5000,0.5000,0.5000,0.5000,-3.20,22.34,0.357,,1,0,,,7,0.9000,0.5000
40.345,0.5000,0.5000,0.5000,0.5000,-3.20,22.30,0.358,,1,0,,,7,0.9000,0.5000
40.377,0.5000,0.5000,0.5000,0.5000,-3.19,22.26,0.358,,1,0,,,7,0.9000,0.5000
40.409,0.5000,0.5000,0.5000,0.5000,-3.18,22.24,0.356,,1,0,,,7,0.9000,0.5000
40.441,0.5000,0.5000,0.5000,0.5000,-3.18,22.23,0.357,,1,0,,,7,0.9000,0.5000
40.472,0.5000,0.5000,0.5000,0.5000,-3.17,22.21,0.360,,1,0,,,7,0.9000,0.5000
40.505,0.5000,0.5000,0.5000,0.5000,-3.17,22.20,0.359,,1,0,,,8,0.5000,0.9000
40.537,0.5000,0.5000,0.5000,0.5000,-3.17,22.17,0.359,,1,0,,,8,0.5000,0.9000
40.567,0.5000,0.5000,0.5000,0.5000,-3.16,22.16,0.357,,1,0,,,8,0.5000,0.9000
40.602,0.5000,0.5000,0.5000,0.5000,-3.16,22.12,0.355,,1,0,,,8,0.5000,0.9000
40.632,0.5000,0.5000,0.5000,0.5000,-3.16,22.10,0.355,,1,0,,,8,0.5000,0.9000
40.664,0.5000,0.5000,0.5000,0.5000,-3.15,22.07,0.355,,1,0,,,8,0.5000,0.9000
40.698,0.5000,0.5000,0.5000,0.5000,-3.15,22.07,0.355,,1,0,,,8,0.5000,0.9000
40.745,0.5000,0.5000,0.5000,0.5000,-3.14,22.01,0.352,,1,0,,,8,0.5000,0.9000
40.778,0.5000,0.5000,0.5000,0.5000,-3.14,21.98,0.354,,1,0,,,8,0.5000,0.9000
40.811,0.5000,0.5000,0.5000,0.5000,-3.14,21.97,0.355,,1,0,,,8,0.5000,0.9000
40.840,0.5000,0.5000,0.5000,0.5000,-3.14,21.95,0.346,,1,0,,,8,0.5000,0.9000
40.873,0.5000,0.5000,0.5000,0.5000,-3.16,21.93,0.330,,1,0,,,8,0.5000,0.9000
40.904,0.5000,0.5000,0.5000,0.5000,-3.16,21.92,0.317,,1,0,,,8,0.5000,0.9000
40.936,0.5000,0.5000,0.5000,0.5000,-3.18,21.92,0.316,,1,0,,,8,0.5000,0.9000
40.969,0.5000,0.5000,0.5000,0.5000,-3.19,21.90,0.317,,1,0,,,8,0.5000,0.9000
41.000,0.5000,0.5000,0.5000,0.5000,-3.20,21.89,0.317,,1,0,,,8,0.5000,0.9000
41.032,0.5000,0.5000,0.5000,0.5000,-3.20,21.88,0.319,,1,0,,,8,0.5000,0.9000
41.065,0.5000,0.5000,0.5000,0.5000,-3.21,21.86,0.320,,1,0,,,8,0.5000,0.9000
41.097,0.5000,0.5000,0.5000,0.5000,-3.21,21.83,0.322,,1,0,,,8,0.5000,0.9000
41.129,0.5000,0.5000,0.5000,0.5000,-3.21,21.79,0.321,,1,0,,,8,0.5000,0.9000
41.162,0.5000,0.5000,0.5000,0.5000,-3.21,21.75,0.325,,1,0,,,8,0.5000,0.9000
41.192,0.5000,0.5000,0.5000,0.5000,-3.23,21.71,0.323,,1,0,,,8,0.5000,0.9000
41.225,0.5000,0.5000,0.5000,0.5000,-3.24,21.68,0.320,,1,0,,,8,0.5000,0.9000
41.258,0.5000,0.5000,0.5000,0.5000,-3.23,21.65,0.325,,1,0,,,8,0.5000,0.9000
41.303,0.5000,0.5000,0.5000,0.5000,-3.23,21.60,0.323,,1,0,,,8,0.5000,0.9000
41.336,0.5000,0.5000,0.5000,0.5000,-3.23,21.54,0.322,,1,0,,,8,0.5000,0.9000
41.369,0.5000,0.5000,0.5000,0.5000,-3.23,21.50,0.322,,1,0,,,8,0.5000,0.9000
41.400,0.5000,0.5000,0.5000,0.5000,-3.24,21.47,0.322,,1,0,,,8,0.5000,0.9000
41.433,0.5000,0.5000,0.5000,0.5000,-3.25,21.46,0.325,,1,0,,,8,0.5000,0.9000
41.465,0.5000,0.5000,0.5000,0.5000,-3.27,21.46,0.322,,1,0,,,8,0.5000,0.9000
41.496,0.5000,0.5000,0.5000,0.5000,-3.29,21.41,0.319,,1,0,,,8,0.5000,0.9000
41.530,0.5000,0.5000,0.5000,0.5000,-3.30,21.35,0.317,,1,0,,,8,0.5000,0.9000
41.561,0.5000,0.5000,0.5000,0.5000,-3.32,21.28,0.317,,1,0,,,8,0.5000,0.9000
41.592,0.5000,0.5000,0.5000,0.5000,-3.33,21.20,0.319,,1,0,,,8,0.5000,0.9000
41.626,0.5000,0.5000,0.5000,0.5000,-3.34,21.13,0.318,,1,0,,,8,0.5000,0.9000
41.658,0.5000,0.5000,0.5000,0.5000,-3.36,21.08,0.321,,1,0,,,8,0.5000,0.9000
41.687,0.5000,0.5000,0.5000,0.5000,-3.38,21.03,0.320,,1,0,,,8,0.5000,0.9000
41.721,0.5000,0.5000,0.5000,0.5000,-3.40,21.04,0.321,,1,0,,,8,0.5000,0.9000
41.751,0.5000,0.5000,0.5000,0.5000,-3.42,21.05,0.323,,1,0,,,8,0.5000,0.9000
41.821,0.5000,0.5000,0.5000,0.5000,-3.46,20.99,0.321,,1,0,,,8,0.5000,0.9000
41.849,0.5000,0.5000,0.5000,0.5000,-3.47,20.99,0.320,,1,0,,,8,0.5000,0.9000
41.897,0.5000,0.5000,0.5000,0.5000,-3.51,21.04,0.319,,1,0,,,8,0.5000,0.9000
41.930,0.5000,0.5000,0.5000,0.5000,-3.53,21.08,0.320,,1,0,,,8,0.5000,0.9000
41.959,0.5000,0.5000,0.5000,0.5000,-3.53,21.10,0.320,,1,0,,,8,0.5000,0.9000
41.985,0.5000,0.5000,0.5000,0.5000,-3.53,21.10,0.322,,1,0,,,8,0.5000,0.9000
42.014,0.5000,0.5000,0.5000,0.5000,-3.54,21.09,0.321,,1,0,,,8,0.5000,0.9000
42.040,0.5000,0.5000,0.5000,0.5000,-3.55,21.06,0.319,,1,0,,,8,0.5000,0.9000
42.067,0.5000,0.5000,0.5000,0.5000,-3.55,21.03,0.317,,1,0,,,8,0.5000,0.9000
42.096,0.5000,0.5000,0.5000,0.5000,-3.56,21.02,0.315,,1,0,,,8,0.5000,0.9000
42.122,0.5000,0.5000,0.5000,0.5000,-3.55,21.01,0.314,,1,0,,,8,0.5000,0.9000
42.152,0.5000,0.5000,0.5000,0.5000,-3.55,21.01,0.313,,1,0,,,8,0.5000,0.9000
42.220,0.5000,0.5000,0.5000,0.5000,-3.55,20.93,0.310,,1,0,,,8,0.5000,0.9000
42.247,0.5000,0.5000,0.5000,0.5000,-3.56,20.89,0.310,,1,0,,,8,0.5000,0.9000
42.283,0.5000,0.5000,0.5000,0.5000,-3.56,20.90,0.310,,1,0,,,8,0.5000,0.9000
42.312,0.5000,0.5000,0.5000,0.5000,-3.57,20.91,0.311,,1,0,,,8,0.5000,0.9000
42.345,0.5000,0.5000,0.5000,0.5000,-3.58,20.93,0.310,,1,0,,,8,0.5000,0.9000
42.377,0.5000,0.5000,0.5000,0.5000,-3.59,20.94,0.310,,1,0,,,8,0.5000,0.9000
42.407,0.5000,0.5000,0.5000,0.5000,-3.60,20.94,0.309,,1,0,,,8,0.5000,0.9000
42.458,0.5000,0.5000,0.5000,0.5000,-3.60,20.95,0.311,,1,0,,,8,0.5000,0.9000
42.488,0.5000,0.5000,0.5000,0.5000,-3.60,20.96,0.311,,1,0,,,8,0.5000,0.9000
42.516,0.5000,0.5000,0.5000,0.5000,-3.61,20.97,0.310,,1,0,,,8,0.5000,0.9000
42.541,0.5000,0.5000,0.5000,0.5000,-3.60,20.98,0.308,,1,0,,,8,0.5000,0.9000
42.565,0.5000,0.5000,0.5000,0.5000,-3.59,20.98,0.308,,1,0,,,8,0.5000,0.9000
42.615,0.5000,0.5000,0.5000,0.5000,-3.60,21.02,0.308,,1,0,,,8,0.5000,0.9000
42.648,0.5000,0.5000,0.5000,0.5000,-3.60,21.02,0.305,,1,0,,,8,0.5000,0.9000
42.680,0.5000,0.5000,0.5000,0.5000,-3.60,21.03,0.306,,1,0,,,8,0.5000,0.9000
42.713,0.5000,0.5000,0.5000,0.5000,-3.60,21.04,0.305,,1,0,,,8,0.5000,0.9000
42.746,0.5000,0.5000,0.5000,0.5000,-3.61,21.06,0.305,,1,0,,,8,0.5000,0.9000
42.777,0.5000,0.5000,0.5000,0.5000,-3.61,21.07,0.309,,1,0,,,8,0.5000,0.9000
42.810,0.5000,0.5000,0.5000,0.5000,-3.63,21.08,0.312,,1,0,,,8,0.5000,0.9000
42.841,0.5000,0.5000,0.5000,0.5000,-3.62,21.08,0.311,,1,0,,,8,0.5000,0.9000
42.872,0.5000,0.5000,0.5000,0.5000,-3.62,21.08,0.309,,1,0,,,8,0.5000,0.9000
42.905,0.5000,0.5000,0.5000,0.5000,-3.61,21.07,0.311,,1,0,,,8,0.5000,0.9000
42.936,0.5000,0.5000,0.5000,0.5000,-3.60,21.07,0.311,,1,0,,,8,0.5000,0.9000
42.968,0.5000,0.5000,0.5000,0.5000,-3.60,21.05,0.310,,1,0,,,8,0.5000,0.9000
43.017,0.5000,0.5000,0.5000,0.5000,-3.59,21.00,0.310,,1,0,,,8,0.5000,0.9000
43.049,0.5000,0.5000,0.5000,0.5000,-3.59,20.97,0.309,,1,0,,,8,0.5000,0.9000
43.081,0.5000,0.5000,0.5000,0.5000,-3.58,20.94,0.310,,1,0,,,8,0.5000,0.9000
43.113,0.5000,0.5000,0.5000,0.5000,-3.57,20.92,0.310,,1,0,,,8,0.5000,0.9000
43.145,0.5000,0.5000,0.5000,0.5000,-3.56,20.91,0.311,,1,0,,,8,0.5000,0.9000
43.181,0.5000,0.5000,0.5000,0.5000,-3.54,20.87,0.310,,1,0,,,8,0.5000,0.9000
43.209,0.5000,0.5000,0.5000,0.5000,-3.52,20.85,0.311,,1,0,,,8,0.5000,0.9000
43.241,0.5000,0.5000,0.5000,0.5000,-3.52,20.82,0.309,,1,0,,,8,0.5000,0.9000
43.271,0.5000,0.5000,0.5000,0.5000,-3.53,20.81,0.305,,1,0,,,8,0.5000,0.9000
43.305,0.5000,0.5000,0.5000,0.5000,-3.53,20.80,0.306,,1,0,,,8,0.5000,0.9000
43.336,0.5000,0.5000,0.5000,0.5000,-3.54,20.80,0.312,,1,0,,,8,0.5000,0.9000
43.367,0.5000,0.5000,0.5000,0.5000,-3.53,20.83,0.314,,1,0,,,8,0.5000,0.9000
43.400,0.5000,0.5000,0.5000,0.5000,-3.52,20.86,0.314,,1,0,,,8,0.5000,0.9000
43.432,0.5000,0.5000,0.5000,0.5000,-3.52,20.89,0.314,,1,0,,,8,0.5000,0.9000
43.464,0.5000,0.5000,0.5000,0.5000,-3.51,20.91,0.313,,1,0,,,8,0.5000,0.9000
43.497,0.5000,0.5000,0.5000,0.5000,-3.50,20.92,0.310,,1,0,,,8,0.5000,0.9000
43.540,0.5500,0.8183,0.5500,0.8183,-3.49,20.95,0.309,,1,1,11.981,0.1902,,,
43.565,0.5500,0.8190,0.5498,0.8220,-3.49,20.96,0.311,,1,1,11.981,0.1902,,,
43.608,0.5497,0.8272,0.5492,0.8469,-3.48,20.98,0.312,,1,1,11.981,0.1902,,,
43.642,0.5480,0.8292,0.5426,0.8357,-3.48,21.01,0.311,,1,1,11.981,0.1902,,,
43.673,0.5467,0.8289,0.5423,0.8279,-3.49,21.03,0.310,,1,1,11.981,0.1902,,,
43.705,0.5432,0.8273,0.5317,0.8219,-3.49,21.04,0.310,,1,1,11.981,0.1902,,,
43.736,0.5394,0.8241,0.5267,0.8132,-3.50,21.04,0.313,,1,1,11.981,0.1902,,,
43.768,0.5370,0.8208,0.5290,0.8101,-3.50,21.03,0.305,,1,1,11.981,0.1902,,,
43.800,0.5332,0.8179,0.5206,0.8082,-3.51,21.03,0.306,,1,1,11.981,0.1902,,,
43.834,0.5288,0.8154,0.5154,0.8076,-3.52,21.05,0.307,,1,1,11.981,0.1902,,,
43.864,0.5254,0.8114,0.5131,0.7973,-3.53,21.07,0.308,,1,1,11.981,0.1902,,,
43.896,0.5221,0.8063,0.5116,0.7901,-3.53,21.09,0.310,,1,1,11.981,0.1902,,,
43.930,0.5200,0.8027,0.5133,0.7913,-3.53,21.12,0.315,,1,1,11.981,0.1902,,,
43.965,0.5172,0.7988,0.5090,0.7871,-3.54,21.13,0.322,,1,1,11.981,0.1902,,,
44.002,0.5127,0.7883,0.4998,0.7585,-3.54,21.16,0.336,,1,1,11.981,0.1902,,,
44.033,0.5026,0.7639,0.4682,0.6813,-3.55,21.19,0.338,,1,1,11.981,0.1902,,,
44.066,0.4878,0.7242,0.4413,0.6031,-3.57,21.24,0.366,,1,1,11.981,0.1902,,,
44.096,0.4757,0.6906,0.4331,0.5774,-3.59,21.30,0.413,,1,1,11.981,0.1902,,,
44.124,0.4634,0.6554,0.4196,0.5356,-3.61,21.35,0.455,,1,1,11.981,0.1902,,,
44.179,0.4459,0.6005,0.4138,0.5047,-3.67,21.42,0.483,,1,1,11.981,0.1902,,,
44.231,0.4339,0.5539,0.4100,0.4665,-3.75,21.60,0.490,,1,1,11.981,0.1902,,,
44.261,0.4292,0.5312,0.4127,0.4562,-3.79,21.69,0.482,,1,1,11.981,0.1902,,,
44.288,0.4251,0.5113,0.4099,0.4410,-3.83,21.77,0.484,,1,1,11.981,0.1902,,,
44.316,0.4234,0.4937,0.4172,0.4317,-3.87,21.81,0.486,,1,1,11.981,0.1902,,,
44.345,0.4220,0.4729,0.4167,0.4020,-3.90,21.84,0.496,,1,1,11.981,0.1902,,,
44.373,0.4198,0.4453,0.4118,0.3542,-3.95,21.88,0.504,,1,1,11.981,0.1902,,,
44.400,0.4185,0.4234,0.4137,0.3450,-3.99,21.90,0.501,,1,1,11.981,0.1902,,,
44.428,0.4190,0.4046,0.4209,0.3398,-4.03,21.91,0.497,,1,1,11.981,0.1902,,,
44.457,0.4202,0.3861,0.4244,0.3244,-4.07,21.92,0.497,,1,1,11.981,0.1902,,,
44.489,0.4219,0.3566,0.4276,0.2701,-4.12,21.96,0.499,,1,1,11.981,0.1902,,,
44.520,0.4238,0.3297,0.4304,0.2451,-4.15,21.97,0.499,,1,1,11.981,0.1902,,,
44.554,0.4262,0.3032,0.4336,0.2260,-4.18,22.02,0.494,,1,1,11.981,0.1902,,,
44.615,0.4350,0.2590,0.4501,0.1903,-4.24,22.13,0.495,,1,1,11.981,0.1902,,,
44.648,0.4419,0.2351,0.4639,0.1645,-4.25,22.12,0.489,,1,1,11.981,0.1902,,,
44.682,0.4516,0.2141,0.4828,0.1524,-4.25,22.11,0.487,,1,1,11.981,0.1902,,,
44.729,0.4595,0.1802,0.4768,0.1110,-4.24,22.13,0.483,,1,1,11.981,0.1902,,,
44.762,0.4683,0.1582,0.4958,0.0933,-4.23,22.13,0.483,,1,1,11.981,0.1902,,,
44.789,0.4756,0.1429,0.5035,0.0885,-4.22,22.13,0.483,,1,1,11.981,0.1902,,,
44.819,0.4860,0.1263,0.5227,0.0711,-4.21,22.14,0.481,,1,1,11.981,0.1902,,,
44.847,0.5075,0.1057,0.5886,0.0315,-4.19,22.11,0.474,,1,1,11.981,0.1902,,,
44.873,0.5365,0.0907,0.6431,0.0371,-4.17,22.11,0.468,,1,1,11.981,0.1902,,,
44.899,0.5654,0.0812,0.6750,0.0457,-4.15,22.11,0.466,,1,1,11.981,0.1902,,,
44.928,0.5955,0.0539,0.6976,-0.0383,-4.13,22.06,0.469,,1,1,11.981,0.1902,,,
44.958,0.6267,0.0394,0.7250,-0.0066,-4.11,21.97,0.468,,1,1,11.981,0.1902,,,
45.017,0.6901,0.0155,0.7952,-0.0250,-4.06,21.67,0.458,,1,1,11.981,0.1902,,,
45.048,0.7229,0.0006,0.8223,-0.0457,-4.04,21.50,0.466,,1,1,11.981,0.1902,,,
45.083,0.7535,0.0000,0.8395,-0.0443,-4.03,21.41,0.470,,1,1,11.981,0.1902,,,
45.114,0.7794,0.0000,0.8596,-0.0036,-4.02,21.32,0.470,,1,1,11.981,0.1902,,,
45.146,0.8039,0.0000,0.8772,0.0087,-4.01,21.22,0.479,,1,1,11.981,0.1902,,,
45.178,0.8253,0.0000,0.8890,-0.0054,-4.01,21.16,0.477,,1,1,11.981,0.1902,,,
45.209,0.8483,0.0000,0.9191,0.0098,-4.01,20.97,0.477,,1,1,11.981,0.1902,,,
45.242,0.8715,0.0000,0.9400,-0.0308,-4.02,20.74,0.478,,1,1,11.981,0.1902,,,
45.288,0.8999,0.0000,0.9595,-0.0453,-4.01,20.54,0.478,,1,1,11.981,0.1902,,,
45.320,0.9169,0.0000,0.9690,-0.0324,-4.03,20.41,0.478,,1,1,11.981,0.1902,,,
45.348,0.9305,0.0000,0.9775,-0.0249,-4.04,20.30,0.479,,1,1,11.981,0.1902,,,
45.373,0.9412,0.0000,0.9835,-0.0380,-4.06,20.19,0.478,,1,1,11.981,0.1902,,,
45.417,0.9554,0.0000,0.9873,-0.0119,-4.06,20.05,0.482,,1,1,11.981,0.1902,,,
45.449,0.9538,0.0086,0.9490,0.1063,-4.06,19.95,0.444,,1,1,11.981,0.1902,,,
45.481,0.9464,0.0614,0.9225,0.2311,-4.04,19.81,0.404,,1,1,11.981,0.1902,,,
45.513,0.9383,0.1144,0.9126,0.2766,-4.01,19.59,0.383,,1,1,11.981,0.1902,,,
45.547,0.9306,0.1648,0.9069,0.3084,-3.99,19.40,0.369,,1,1,11.981,0.1902,,,
45.579,0.9262,0.2109,0.9117,0.3499,-3.97,19.18,0.371,,1,1,11.981,0.1902,,,
45.611,0.9211,0.2459,0.9043,0.3490,-3.94,18.95,0.368,,1,1,11.981,0.1902,,,
45.641,0.9176,0.2768,0.9056,0.3727,-3.92,18.80,0.366,,1,1,11.981,0.1902,,,
45.673,0.9159,0.3088,0.9103,0.4047,-3.90,18.58,0.366,,1,1,11.981,0.1902,,,
45.705,0.9165,0.3434,0.9185,0.4458,-3.88,18.32,0.377,,1,1,11.981,0.1902,,,
45.737,0.9137,0.3728,0.9044,0.4576,-3.86,18.07,0.373,,1,1,11.981,0.1902,,,
45.768,0.9036,0.3978,0.8694,0.4739,-3.83,17.93,0.362,,1,1,11.981,0.1902,,,
45.804,0.8953,0.4268,0.8708,0.5047,-3.80,17.79,0.362,,1,1,11.981,0.1902,,,
45.832,0.8896,0.4470,0.8684,0.5150,-3.80,17.70,0.369,,1,1,11.981,0.1902,,,
45.881,0.8762,0.4803,0.8475,0.5460,-3.78,17.53,0.357,,1,1,11.981,0.1902,,,
45.913,0.8694,0.5012,0.8478,0.5627,-3.77,17.44,0.356,,1,1,11.981,0.1902,,,
45.946,0.8620,0.5168,0.8381,0.5639,-3.76,17.32,0.353,,1,1,11.981,0.1902,,,
45.979,0.8556,0.5258,0.8354,0.5522,-3.76,17.21,0.350,,1,1,11.981,0.1902,,,
46.010,0.8514,0.5399,0.8379,0.5835,-3.75,17.04,0.355,,1,1,11.981,0.1902,,,
46.042,0.8503,0.5542,0.8466,0.6006,-3.75,16.88,0.348,,1,1,11.981,0.1902,,,
46.072,0.8501,0.5672,0.8492,0.6081,-3.74,16.74,0.345,,1,1,11.981,0.1902,,,
46.105,0.8550,0.5742,0.8710,0.5956,-3.75,16.63,0.338,,1,1,11.981,0.1902,,,
46.136,0.8609,0.5782,0.8806,0.5910,-3.76,16.54,0.336,,1,1,11.981,0.1902,,,
46.170,0.8721,0.5759,0.9069,0.5691,-3.79,16.48,0.335,,1,1,11.981,0.1902,,,
46.201,0.8806,0.5727,0.9101,0.5616,-3.82,16.42,0.333,,1,1,11.981,0.1902,,,
46.234,0.8882,0.5679,0.9122,0.5531,-3.85,16.44,0.332,,1,1,11.981,0.1902,,,
46.265,0.8942,0.5650,0.9147,0.5547,-3.87,16.43,0.331,,1,1,11.981,0.1902,,,
46.296,0.9007,0.5644,0.9219,0.5625,-3.89,16.42,0.333,,1,1,11.981,0.1902,,,
46.330,0.9077,0.5666,0.9289,0.5733,-3.90,16.41,0.329,,1,1,11.981,0.1902,,,
46.362,0.9134,0.5693,0.9322,0.5784,-3.90,16.39,0.326,,1,1,11.981,0.1902,,,
46.393,0.9189,0.5723,0.9372,0.5822,-3.91,16.39,0.332,,1,1,11.981,0.1902,,,
46.440,0.9221,0.5740,0.9291,0.5778,-3.93,16.33,0.313,,1,1,11.981,0.1902,,,
46.473,0.9152,0.5753,0.8930,0.5794,-3.94,16.29,0.314,,1,1,11.981,0.1902,,,
46.506,0.9078,0.5765,0.8839,0.5802,-3.96,16.25,0.314,,1,1,11.981,0.1902,,,
46.536,0.9019,0.5765,0.8805,0.5767,-3.99,16.20,0.313,,1,1,11.981,0.1902,,,
46.567,0.8943,0.5749,0.8696,0.5695,-4.00,16.16,0.320,,1,1,11.981,0.1902,,,
46.599,0.8874,0.5829,0.8650,0.6089,-4.02,16.10,0.319,,1,1,11.981,0.1902,,,
46.632,0.8834,0.5897,0.8703,0.6118,-4.02,16.03,0.322,,1,1,11.981,0.1902,,,
46.666,0.8823,0.6014,0.8791,0.6366,-4.04,15.97,0.327,,1,1,11.981,0.1902,,,
46.697,0.8842,0.6139,0.8905,0.6556,-4.06,15.92,0.318,,1,1,11.981,0.1902,,,
46.729,0.8864,0.6263,0.8937,0.6667,-4.08,15.85,0.324,,1,1,11.981,0.1902,,,
46.762,0.8887,0.6381,0.8960,0.6740,-4.10,15.75,0.319,,1,1,11.981,0.1902,,,
46.794,0.8912,0.6528,0.8998,0.7010,-4.12,15.62,0.319,,1,1,11.981,0.1902,,,
46.827,0.8934,0.6685,0.9005,0.7166,-4.14,15.50,0.320,,1,1,11.981,0.1902,,,
46.857,0.8936,0.6790,0.8942,0.7145,-4.15,15.36,0.317,,1,1,11.981,0.1902,,,
46.893,0.8905,0.6874,0.8812,0.7111,-4.17,15.23,0.315,,1,1,11.981,0.1902,,,
46.922,0.8882,0.6915,0.8801,0.7062,-4.19,15.16,0.315,,1,1,11.981,0.1902,,,
46.956,0.8876,0.6960,0.8855,0.7093,-4.20,15.05,0.316,,1,1,11.981,0.1902,,,
47.033,0.8880,0.6912,0.8885,0.6846,-4.27,14.83,0.319,,1,1,11.981,0.1902,,,
47.059,0.8883,0.6883,0.8895,0.6771,-4.29,14.76,0.320,,1,1,11.981,0.1902,,,
47.087,0.8870,0.6836,0.8821,0.6661,-4.30,14.67,0.322,,1,1,11.981,0.1902,,,
47.114,0.8868,0.6838,0.8861,0.6848,-4.31,14.62,0.325,,1,1,11.981,0.1902,,,
47.144,0.8873,0.6828,0.8890,0.6793,-4.32,14.56,0.325,,1,1,11.981,0.1902,,,
47.174,0.8884,0.6812,0.8924,0.6753,-4.32,14.51,0.325,,1,1,11.981,0.1902,,,
47.207,0.8898,0.6740,0.8944,0.6511,-4.33,14.45,0.328,,1,1,11.981,0.1902,,,
47.234,0.8917,0.6700,0.8992,0.6543,-4.34,14.41,0.326,,1,1,11.981,0.1902,,,
47.265,0.8928,0.6645,0.8964,0.6454,-4.35,14.34,0.326,,1,1,11.981,0.1902,,,
47.298,0.8875,0.6519,0.8706,0.6122,-4.36,14.30,0.333,,1,1,11.981,0.1902,,,
47.326,0.8839,0.6404,0.8705,0.5977,-4.37,14.26,0.330,,1,1,11.981,0.1902,,,
47.355,0.8826,0.6288,0.8780,0.5882,-4.39,14.16,0.287,,1,1,11.981,0.1902,,,
47.420,0.8649,0.5995,0.8357,0.5525,-4.42,14.22,0.315,,1,1,11.981,0.1902,,,
47.452,0.8513,0.5882,0.8079,0.5525,-4.43,14.22,0.332,,1,1,11.981,0.1902,,,
47.482,0.8360,0.5786,0.7834,0.5462,-4.44,14.29,0.345,,1,1,11.981,0.1902,,,
47.517,0.8105,0.5591,0.7361,0.5022,-4.45,14.47,0.360,,1,1,11.981,0.1902,,,
47.559,0.7812,0.5410,0.7113,0.4979,-4.48,14.65,0.364,,1,1,11.981,0.1902,,,
47.595,0.7682,0.5447,0.7318,0.5551,-4.51,14.75,0.367,,1,1,11.981,0.1902,,,
47.624,0.7640,0.5534,0.7489,0.5852,-4.53,14.81,0.368,,1,1,11.981,0.1902,,,
47.650,0.7634,0.5649,0.7611,0.6112,-4.55,14.89,0.353,,1,1,11.981,0.1902,,,
47.676,0.7615,0.5737,0.7542,0.6090,-4.56,14.95,0.354,,1,1,11.981,0.1902,,,
47.702,0.7589,0.5857,0.7483,0.6354,-4.57,15.05,0.350,,1,1,11.981,0.1902,,,
47.729,0.7525,0.5980,0.7285,0.6449,-4.58,15.18,0.343,,1,1,11.981,0.1902,,,
47.755,0.7481,0.6144,0.7307,0.6791,-4.59,15.34,0.338,,1,1,11.981,0.1902,,,
47.817,0.7345,0.6529,0.7117,0.7169,-4.59,15.69,0.349,,1,1,11.981,0.1902,,,
47.849,0.7059,0.6584,0.6155,0.6758,-4.60,15.90,0.349,,1,1,11.981,0.1902,,,
47.882,0.6798,0.6569,0.6017,0.6525,-4.62,16.13,0.345,,1,1,11.981,0.1902,,,
47.914,0.6568,0.6568,0.5839,0.6563,-4.64,16.33,0.343,,1,1,11.981,0.1902,,,
47.946,0.6407,0.6556,0.5907,0.6519,-4.66,16.50,0.346,,1,1,11.981,0.1902,,,
47.977,0.6198,0.6449,0.5541,0.6091,-4.67,16.70,0.350,,1,1,11.981,0.1902,,,
48.010,0.5970,0.6325,0.5269,0.5918,-4.70,16.87,0.350,,1,1,11.981,0.1902,,,
48.042,0.5812,0.6275,0.5325,0.6110,-4.72,17.07,0.350,,1,1,11.981,0.1902,,,
48.071,0.5720,0.6244,0.5410,0.6134,-4.74,17.27,0.350,,1,1,11.981,0.1902,,,
48.105,0.5607,0.6153,0.5268,0.5866,-4.75,17.41,0.355,,1,1,11.981,0.1902,,,
48.152,0.5518,0.6071,0.5323,0.5886,-4.77,17.63,0.361,,1,1,11.981,0.1902,,,
48.184,0.5452,0.5952,0.5253,0.5580,-4.79,17.75,0.375,,1,1,11.981,0.1902,,,
48.218,0.5399,0.5810,0.5241,0.5372,-4.81,17.88,0.378,,1,1,11.981,0.1902,,,
48.248,0.5362,0.5689,0.5235,0.5279,-4.83,18.01,0.381,,1,1,11.981,0.1902,,,
48.280,0.5327,0.5559,0.5217,0.5148,-4.85,18.13,0.391,,1,1,11.981,0.1902,,,
48.313,0.5299,0.5465,0.5210,0.5172,-4.86,18.27,0.393,,1,1,11.981,0.1902,,,
48.345,0.5273,0.5351,0.5190,0.4987,-4.88,18.40,0.393,,1,1,11.981,0.1902,,,
48.377,0.5247,0.5245,0.5165,0.4907,-4.91,18.51,0.396,,1,1,11.981,0.1902,,,
48.411,0.5241,0.5178,0.5222,0.4975,-4.91,18.59,0.397,,1,1,11.981,0.1902,,,
48.443,0.5201,0.5083,0.5071,0.4779,-4.92,18.69,0.398,,1,1,11.981,0.1902,,,
48.473,0.5121,0.4980,0.4846,0.4634,-4.93,18.79,0.405,,1,1,11.981,0.1902,,,
48.505,0.5071,0.4940,0.4905,0.4809,-4.94,18.91,0.410,,1,1,11.981,0.1902,,,
48.537,0.5054,0.4958,0.5001,0.5015,-4.96,19.05,0.410,,1,1,11.981,0.1902,,,
48.568,0.4984,0.4905,0.4754,0.4732,-4.98,19.20,0.411,,1,1,11.981,0.1902,,,
48.600,0.5182,0.4959,0.5840,0.5136,-4.99,19.11,0.135,,1,1,11.981,0.1902,,,
48.632,0.5475,0.5205,0.6425,0.6016,-5.00,18.94,0.056,,1,1,11.981,0.1902,,,
48.666,0.5705,0.5353,0.6397,0.5809,-5.03,18.69,0.058,,1,1,11.981,0.1902,,,
48.715,0.5861,0.5735,0.6194,0.6551,-5.04,18.49,0.097,,1,1,11.981,0.1902,,,
48.750,0.5823,0.5943,0.5714,0.6542,-5.04,18.44,0.161,,1,1,11.981,0.1902,,,
48.784,0.5652,0.5972,0.5120,0.6061,-5.03,18.41,0.237,,1,1,11.981,0.1902,,,
48.811,0.5513,0.5978,0.4973,0.5999,-5.03,18.46,0.284,,1,1,11.981,0.1902,,,
48.841,0.5334,0.5946,0.4705,0.5835,-5.03,18.53,0.314,,1,1,11.981,0.1902,,,
48.877,0.5125,0.5899,0.4535,0.5766,-5.03,18.60,0.343,,1,1,11.981,0.1902,,,
48.906,0.4989,0.5854,0.4501,0.5685,-5.04,18.68,0.357,,1,1,11.981,0.1902,,,
48.937,0.4834,0.5749,0.4336,0.5399,-5.05,18.82,0.365,,1,1,11.981,0.1902,,,
48.970,0.4713,0.5671,0.4332,0.5417,-5.06,19.01,0.377,,1,1,11.981,0.1902,,,
48.999,0.4522,0.5524,0.3862,0.4998,-5.08,19.19,0.385,,1,1,11.981,0.1902,,,
49.033,0.4293,0.5344,0.3619,0.4799,-5.11,19.48,0.389,,1,1,11.981,0.1902,,,
49.064,0.4130,0.5194,0.3597,0.4690,-5.15,19.72,0.398,,1,1,11.981,0.1902,,,
49.097,0.3969,0.5015,0.3469,0.4450,-5.20,19.97,0.411,,1,1,11.981,0.1902,,,
49.130,0.3802,0.4853,0.3313,0.4369,-5.24,20.28,0.411,,1,1,11.981,0.1902,,,
49.161,0.3655,0.4701,0.3180,0.4205,-5.28,20.55,0.412,,1,1,11.981,0.1902,,,
49.193,0.3404,0.4389,0.2623,0.3409,-5.33,20.80,0.422,,1,1,11.981,0.1902,,,
49.225,0.3226,0.4098,0.2675,0.3203,-5.38,21.07,0.440,,1,1,11.981,0.1902,,,
49.273,0.3051,0.3761,0.2689,0.3067,-5.46,21.41,0.450,,1,1,11.981,0.1902,,,
49.305,0.2969,0.3560,0.2715,0.2950,-5.51,21.65,0.458,,1,1,11.981,0.1902,,,
49.336,0.2861,0.3317,0.2509,0.2541,-5.56,21.88,0.456,,1,1,11.981,0.1902,,,
49.369,0.2720,0.2958,0.2289,0.1898,-5.62,22.15,0.480,,1,1,11.981,0.1902,,,
49.401,0.2576,0.2566,0.2116,0.1358,-5.68,22.39,0.493,,1,1,11.981,0.1902,,,
49.433,0.2448,0.2155,0.2056,0.0963,-5.74,22.63,0.503,,1,1,11.981,0.1902,,,
49.466,0.2352,0.1802,0.2059,0.0781,-5.80,22.87,0.498,,1,1,11.981,0.1902,,,
49.496,0.2291,0.1522,0.2086,0.0645,-5.85,23.07,0.496,,1,1,11.981,0.1902,,,
49.530,0.2235,0.1215,0.2067,0.0354,-5.90,23.30,0.496,,1,1,11.981,0.1902,,,
49.562,0.2223,0.0931,0.2185,0.0089,-5.94,23.50,0.498,,1,1,11.981,0.1902,,,
49.594,0.2216,0.0669,0.2194,-0.0107,-5.99,23.70,0.505,,1,1,11.981,0.1902,,,
49.626,0.2209,0.0430,0.2187,-0.0284,-6.03,23.91,0.504,,1,1,11.981,0.1902,,,
49.656,0.2199,0.0204,0.2166,-0.0500,-6.07,24.09,0.509,,1,1,11.981,0.1902,,,
49.688,0.2165,0.0027,0.2053,-0.0734,-6.10,24.27,0.509,,1,1,11.981,0.1902,,,
49.720,0.2139,0.0000,0.2055,-0.0859,-6.13,24.43,0.508,,1,1,11.981,0.1902,,,
49.751,0.2049,0.0000,0.1747,-0.1290,-6.16,24.60,0.503,,1,1,11.981,0.1902,,,
49.815,0.1856,0.0000,0.1543,-0.1528,-6.23,24.89,0.500,,1,1,11.981,0.1902,,,
49.867,0.1690,0.0000,0.1355,-0.1718,-6.28,25.11,0.498,,1,1,11.981,0.1902,,,
49.895,0.1599,0.0000,0.1275,-0.1823,-6.32,25.24,0.498,,1,1,11.981,0.1902,,,
49.921,0.1548,0.0000,0.1349,-0.1815,-6.34,25.34,0.496,,1,1,11.981,0.1902,,,
49.950,0.1484,0.0000,0.1247,-0.1918,-6.37,25.43,0.498,,1,1,11.981,0.1902,,,
49.976,0.1433,0.0000,0.1241,-0.1884,-6.40,25.52,0.495,,1,1,11.981,0.1902,,,
50.008,0.1340,0.0000,0.1036,-0.2053,-6.43,25.61,0.495,,1,1,11.981,0.1902,,,
50.033,0.1306,0.0000,0.1167,-0.1879,-6.46,25.70,0.493,,1,1,11.981,0.1902,,,
50.062,0.1166,0.0000,0.0665,-0.2415,-6.49,25.78,0.494,,1,1,11.981,0.1902,,,
50.089,0.1065,0.0000,0.0683,-0.2454,-6.51,25.84,0.486,,1,1,11.981,0.1902,,,
50.121,0.0963,0.0000,0.0642,-0.2405,-6.54,25.90,0.395,,1,1,11.981,0.1902,,,
50.152,0.1310,0.0000,0.2508,-0.0818,-6.54,25.82,0.157,,1,1,11.981,0.1902,,,
50.217,0.2130,0.0000,0.3445,0.0769,-6.60,25.26,0.074,,1,1,11.981,0.1902,,,
50.248,0.2467,0.0208,0.3539,0.0921,-6.63,25.01,0.098,,1,1,11.981,0.1902,,,
50.280,0.2706,0.0429,0.3449,0.1127,-6.63,24.90,0.151,,1,1,11.981,0.1902,,,
50.313,0.2838,0.0523,0.3254,0.0829,-6.64,24.82,0.177,,1,1,11.981,0.1902,,,
50.344,0.2869,0.0529,0.2968,0.0546,-6.64,24.82,0.203,,1,1,11.981,0.1902,,,
50.378,0.2882,0.0542,0.2922,0.0582,-6.64,24.83,0.226,,1,1,11.981,0.1902,,,
50.425,0.2837,0.0492,0.2739,0.0381,-6.61,24.92,0.252,,1,1,11.981,0.1902,,,
50.458,0.2812,0.0474,0.2731,0.0418,-6.60,24.96,0.264,,1,1,11.981,0.1902,,,
50.482,0.2797,0.0478,0.2737,0.0495,-6.59,24.99,0.270,,1,1,11.981,0.1902,,,
50.512,0.2783,0.0481,0.2730,0.0494,-6.59,25.03,0.272,,1,1,11.981,0.1902,,,
50.537,0.2771,0.0484,0.2725,0.0494,-6.59,25.06,0.276,,1,1,11.981,0.1902,,,
50.563,0.2730,0.0503,0.2562,0.0579,-6.58,25.08,0.287,,1,1,11.981,0.1902,,,
50.616,0.2566,0.0541,0.2236,0.0618,-6.55,25.11,0.282,,1,1,11.981,0.1902,,,
50.650,0.2448,0.0579,0.2088,0.0695,-6.54,25.13,0.286,,1,1,11.981,0.1902,,,
50.682,0.2403,0.0718,0.2254,0.1176,-6.54,25.09,0.245,,1,1,11.981,0.1902,,,
50.713,0.2688,0.0999,0.3678,0.1956,-6.54,24.89,0.113,,1,1,11.981,0.1902,,,
50.745,0.3046,0.1424,0.4177,0.2731,-6.57,24.58,0.069,,1,1,11.981,0.1902,,,
50.778,0.3356,0.1730,0.4282,0.2628,-6.62,24.26,0.067,,1,1,11.981,0.1902,,,
50.808,0.3565,0.1868,0.4257,0.2320,-6.66,23.99,0.091,,1,1,11.981,0.1902,,,
50.841,0.3543,0.1866,0.3472,0.1857,-6.69,23.75,0.104,,1,1,11.981,0.1902,,,
50.873,0.3305,0.1874,0.2549,0.1900,-6.71,23.61,0.135,,1,1,11.981,0.1902,,,
50.905,0.3035,0.1812,0.2148,0.1616,-6.75,23.47,0.149,,1,1,11.981,0.1902,,,
50.937,0.2868,0.1790,0.2319,0.1718,-6.76,23.38,0.162,,1,1,11.981,0.1902,,,
50.984,0.2678,0.1725,0.2252,0.1581,-6.78,23.32,0.169,,1,1,11.981,0.1902,,,
51.016,0.2872,0.1887,0.3514,0.2410,-6.78,23.32,0.185,,1,1,11.981,0.1902,,,
51.048,0.3178,0.2016,0.4161,0.2425,-6.79,23.32,0.190,,1,1,11.981,0.1902,,,
51.080,0.3398,0.2042,0.4110,0.2127,-6.79,23.32,0.197,,1,1,11.981,0.1902,,,
51.114,0.3588,0.2035,0.4172,0.2014,-6.80,23.34,0.194,,1,1,11.981,0.1902,,,
51.145,0.3703,0.1994,0.4070,0.1860,-6.82,23.35,0.190,,1,1,11.981,0.1902,,,
51.180,0.3794,0.1927,0.4060,0.1726,-6.84,23.37,0.192,,1,1,11.981,0.1902,,,
51.211,0.3841,0.1856,0.4001,0.1603,-6.86,23.38,0.196,,1,1,11.981,0.1902,,,
51.242,0.3950,0.1869,0.4292,0.1912,-6.87,23.38,0.195,,1,1,11.981,0.1902,,,
51.273,0.4026,0.1831,0.4277,0.1701,-6.87,23.37,0.193,,1,1,11.981,0.1902,,,
51.304,0.4113,0.1794,0.4396,0.1667,-6.88,23.36,0.195,,1,1,11.981,0.1902,,,
51.337,0.4105,0.1729,0.4081,0.1518,-6.88,23.37,0.203,,1,1,11.981,0.1902,,,
51.367,0.4018,0.1645,0.3722,0.1356,-6.88,23.41,0.222,,1,1,11.981,0.1902,,,
51.401,0.3923,0.1561,0.3626,0.1302,-6.87,23.50,0.249,,1,1,11.981,0.1902,,,
51.432,0.3834,0.1502,0.3529,0.1304,-6.86,23.58,0.266,,1,1,11.981,0.1902,,,
51.466,0.3753,0.1459,0.3493,0.1323,-6.85,23.66,0.275,,1,1,11.981,0.1902,,,
51.496,0.3688,0.1423,0.3465,0.1299,-6.84,23.74,0.284,,1,1,11.981,0.1902,,,
51.545,0.3538,0.1318,0.3221,0.1098,-6.82,23.89,0.303,,1,1,11.981,0.1902,,,
51.577,0.3481,0.1290,0.3295,0.1198,-6.80,23.99,0.315,,1,1,11.981,0.1902,,,
51.608,0.3396,0.1250,0.3113,0.1117,-6.79,24.08,0.318,,1,1,11.981,0.1902,,,
51.642,0.3264,0.1150,0.2854,0.0840,-6.79,24.18,0.325,,1,1,11.981,0.1902,,,
51.672,0.3186,0.1101,0.2921,0.0931,-6.79,24.27,0.326,,1,1,11.981,0.1902,,,
51.704,0.3119,0.1051,0.2903,0.0888,-6.78,24.36,0.336,,1,1,11.981,0.1902,,,
51.736,0.3056,0.0980,0.2848,0.0747,-6.78,24.45,0.350,,1,1,11.981,0.1902,,,
51.767,0.3009,0.0898,0.2858,0.0632,-6.80,24.53,0.360,,1,1,11.981,0.1902,,,
51.802,0.2975,0.0807,0.2873,0.0537,-6.82,24.60,0.362,,1,1,11.981,0.1902,,,
51.833,0.2948,0.0733,0.2854,0.0480,-6.83,24.67,0.359,,1,1,11.981,0.1902,,,
51.863,0.2916,0.0651,0.2813,0.0381,-6.83,24.72,0.357,,1,1,11.981,0.1902,,,
51.896,0.2892,0.0584,0.2814,0.0370,-6.83,24.77,0.356,,1,1,11.981,0.1902,,,
51.928,0.3006,0.0660,0.3380,0.0907,-6.83,24.84,0.356,,1,1,11.981,0.1902,,,
51.961,0.3089,0.0702,0.3351,0.0833,-6.83,24.91,0.356,,1,1,11.981,0.1902,,,
51.995,0.3145,0.0727,0.3319,0.0806,-6.84,24.97,0.358,,1,1,11.981,0.1902,,,
52.025,0.3184,0.0738,0.3323,0.0774,-6.84,25.05,0.358,,1,1,11.981,0.1902,,,
52.058,0.3215,0.0729,0.3317,0.0702,-6.85,25.12,0.357,,1,1,11.981,0.1902,,,
52.087,0.3254,0.0727,0.3390,0.0721,-6.84,25.19,0.355,,1,1,11.981,0.1902,,,
52.137,0.3277,0.0689,0.3325,0.0605,-6.83,25.32,0.350,,1,1,11.981,0.1902,,,
52.166,0.3286,0.0667,0.3319,0.0593,-6.82,25.37,0.350,,1,1,11.981,0.1902,,,
52.201,0.3291,0.0656,0.3306,0.0621,-6.81,25.41,0.348,,1,1,11.981,0.1902,,,
52.232,0.3323,0.0681,0.3434,0.0771,-6.80,25.45,0.348,,1,1,11.981,0.1902,,,
52.266,0.3340,0.0686,0.3393,0.0699,-6.80,25.49,0.346,,1,1,11.981,0.1902,,,
52.295,0.3349,0.0686,0.3383,0.0687,-6.79,25.53,0.346,,1,1,11.981,0.1902,,,
52.328,0.3360,0.0691,0.3396,0.0707,-6.79,25.58,0.348,,1,1,11.981,0.1902,,,
52.360,0.3367,0.0713,0.3391,0.0784,-6.78,25.63,0.347,,1,1,11.981,0.1902,,,
52.392,0.3347,0.0734,0.3278,0.0806,-6.77,25.67,0.350,,1,1,11.981,0.1902,,,
52.424,0.3306,0.0753,0.3172,0.0814,-6.76,25.73,0.348,,1,1,11.981,0.1902,,,
52.458,0.3252,0.0726,0.3076,0.0640,-6.76,25.77,0.347,,1,1,11.981,0.1902,,,
52.488,0.3208,0.0706,0.3059,0.0637,-6.76,25.82,0.348,,1,1,11.981,0.1902,,,
52.520,0.3164,0.0696,0.3019,0.0662,-6.74,25.88,0.348,,1,1,11.981,0.1902,,,
52.555,0.3156,0.0702,0.3131,0.0721,-6.73,25.92,0.345,,1,1,11.981,0.1902,,,
52.617,0.3228,0.0865,0.3350,0.1142,-6.70,26.01,0.346,,1,1,11.981,0.1902,,,
52.647,0.3258,0.0922,0.3365,0.1119,-6.69,26.04,0.346,,1,1,11.981,0.1902,,,
52.695,0.3211,0.0944,0.3106,0.0992,-6.67,26.05,0.345,,1,1,11.981,0.1902,,,
52.728,0.3167,0.0951,0.3028,0.0975,-6.66,26.05,0.344,,1,1,11.981,0.1902,,,
52.755,0.3123,0.0943,0.2948,0.0909,-6.65,26.04,0.342,,1,1,11.981,0.1902,,,
52.780,0.3097,0.0956,0.2990,0.1009,-6.64,26.04,0.344,,1,1,11.981,0.1902,,,
52.806,0.3066,0.0954,0.2940,0.0949,-6.63,26.03,0.342,,1,1,11.981,0.1902,,,
52.831,0.3039,0.0968,0.2930,0.1024,-6.62,26.04,0.344,,1,1,11.981,0.1902,,,
52.858,0.3027,0.1003,0.2980,0.1141,-6.61,26.04,0.344,,1,1,11.981,0.1902,,,
52.890,0.3028,0.1044,0.3029,0.1177,-6.61,26.06,0.344,,1,1,11.981,0.1902,,,
52.921,0.2539,0.2914,0.0913,0.8613,-6.62,26.07,0.344,,1,1,11.981,0.1902,,,
52.954,0.2121,0.4482,0.0884,0.8559,-6.62,26.08,0.345,,1,1,11.981,0.1902,,,
53.016,0.1648,0.6162,0.0878,0.8560,-6.62,26.13,0.346,,1,1,11.981,0.1902,,,
53.048,0.1484,0.6848,0.0980,0.8684,-6.61,26.15,0.346,,1,1,11.981,0.1902,,,
53.080,0.1350,0.7307,0.0931,0.8559,-6.61,26.17,0.350,,1,1,11.981,0.1902,,,
53.113,0.1250,0.7670,0.0946,0.8645,-6.62,26.19,0.348,,1,1,11.981,0.1902,,,
53.145,0.1160,0.7939,0.0882,0.8681,-6.62,26.20,0.353,,1,1,11.981,0.1902,,,
53.177,0.1098,0.8150,0.0901,0.8747,-6.62,26.23,0.344,,1,1,11.981,0.1902,,,
53.211,0.1084,0.8395,0.1041,0.9083,-6.61,26.25,0.342,,1,1,11.981,0.1902,,,
53.256,0.1054,0.8609,0.0987,0.9042,-6.61,26.32,0.342,,1,1,11.981,0.1902,,,
53.288,0.0993,0.8675,0.0793,0.8874,-6.61,26.35,0.342,,1,1,11.981,0.1902,,,
53.316,0.0929,0.8710,0.0695,0.8833,-6.61,26.36,0.343,,1,1,11.981,0.1902,,,
53.344,0.0844,0.8740,0.0526,0.8845,-6.62,26.37,0.343,,1,1,11.981,0.1902,,,
53.369,0.0785,0.8769,0.0550,0.8880,-6.62,26.37,0.342,,1,1,11.981,0.1902,,,
53.415,0.0754,0.8910,0.0687,0.9215,-6.62,26.33,0.350,,1,1,11.981,0.1902,,,
53.449,0.0690,0.8956,0.0493,0.9092,-6.62,26.33,0.350,,1,1,11.981,0.1902,,,
53.479,0.0642,0.9001,0.0478,0.9150,-6.62,26.33,0.348,,1,1,11.981,0.1902,,,
53.512,0.0614,0.9089,0.0528,0.9359,-6.62,26.33,0.347,,1,1,11.981,0.1902,,,
53.545,0.0587,0.9146,0.0499,0.9323,-6.62,26.32,0.344,,1,1,11.981,0.1902,,,
53.578,0.0584,0.9222,0.0575,0.9455,-6.61,26.31,0.343,,1,1,11.981,0.1902,,,
53.611,0.0584,0.9294,0.0585,0.9521,-6.60,26.31,0.345,,1,1,11.981,0.1902,,,
53.642,0.0569,0.9328,0.0519,0.9438,-6.60,26.31,0.343,,1,1,11.981,0.1902,,,
53.671,0.0561,0.9363,0.0531,0.9486,-6.59,26.32,0.341,,1,1,11.981,0.1902,,,
53.706,0.0555,0.9406,0.0536,0.9535,-6.58,26.32,0.338,,1,1,11.981,0.1902,,,
53.738,0.0558,0.9440,0.0567,0.9548,-6.59,26.32,0.338,,1,1,11.981,0.1902,,,
53.770,0.0555,0.9448,0.0548,0.9474,-6.59,26.31,0.340,,1,1,11.981,0.1902,,,
53.816,0.0553,0.9397,0.0547,0.9280,-6.61,26.31,0.334,,1,1,11.981,0.1902,,,
53.848,0.0552,0.9346,0.0548,0.9182,-6.63,26.33,0.334,,1,1,11.981,0.1902,,,
53.881,0.0546,0.9287,0.0526,0.9100,-6.63,26.33,0.335,,1,1,11.981,0.1902,,,
53.912,0.0770,0.9318,0.1538,0.9423,-6.63,26.31,0.335,,1,1,11.981,0.1902,,,
53.946,0.1268,0.9388,0.2802,0.9612,-6.62,26.26,0.310,,1,1,11.981,0.1902,,,
53.978,0.1868,0.9437,0.3634,0.9590,-6.60,26.25,0.299,,1,1,11.981,0.1902,,,
54.009,0.2279,0.9412,0.3594,0.9328,-6.58,26.23,0.313,,1,1,11.981,0.1902,,,
54.040,0.2624,0.9357,0.3662,0.9174,-6.57,26.21,0.333,,1,1,11.981,0.1902,,,
54.073,0.2935,0.9367,0.3852,0.9398,-6.54,26.16,0.361,,1,1,11.981,0.1902,,,
54.106,0.3259,0.9388,0.4204,0.9457,-6.52,26.12,0.392,,1,1,11.981,0.1902,,,
54.137,0.3524,0.9357,0.4334,0.9252,-6.49,26.08,0.406,,1,1,11.981,0.1902,,,
54.169,0.3781,0.9386,0.4573,0.9483,-6.46,26.03,0.416,,1,1,11.981,0.1902,,,
54.203,0.4027,0.9410,0.4735,0.9486,-6.42,25.91,0.424,,1,1,11.981,0.1902,,,
54.233,0.4245,0.9377,0.4889,0.9271,-6.37,25.76,0.434,,1,1,11.981,0.1902,,,
54.267,0.4457,0.9396,0.5068,0.9454,-6.33,25.65,0.438,,1,1,11.981,0.1902,,,
54.299,0.4680,0.9468,0.5349,0.9705,-6.29,25.48,0.433,,1,1,11.981,0.1902,,,
54.329,0.4878,0.9457,0.5519,0.9417,-6.26,25.39,0.442,,1,1,11.981,0.1902,,,
54.361,0.5030,0.9316,0.5492,0.8851,-6.23,25.35,0.466,,1,1,11.981,0.1902,,,
54.408,0.5147,0.8996,0.5389,0.8293,-6.22,25.25,0.480,,1,1,11.981,0.1902,,,
54.441,0.5231,0.8858,0.5481,0.8428,-6.22,25.14,0.490,,1,1,11.981,0.1902,,,
54.474,0.5280,0.8655,0.5434,0.8014,-6.22,25.01,0.487,,1,1,11.981,0.1902,,,
54.505,0.5338,0.8472,0.5524,0.7872,-6.21,24.89,0.480,,1,1,11.981,0.1902,,,
54.539,0.5440,0.8357,0.5741,0.8016,-6.20,24.77,0.484,,1,1,11.981,0.1902,,,
54.569,0.5501,0.8233,0.5703,0.7820,-6.18,24.65,0.483,,1,1,11.981,0.1902,,,
54.601,0.5581,0.8144,0.5837,0.7861,-6.15,24.54,0.486,,1,1,11.981,0.1902,,,
54.633,0.5648,0.8049,0.5867,0.7733,-6.10,24.46,0.486,,1,1,11.981,0.1902,,,
54.665,0.5695,0.7944,0.5838,0.7627,-6.07,24.43,0.490,,1,1,11.981,0.1902,,,
54.696,0.5712,0.7833,0.5770,0.7464,-6.05,24.39,0.480,,1,1,11.981,0.1902,,,
54.728,0.5690,0.7685,0.5619,0.7223,-5.99,24.32,0.475,,1,1,11.981,0.1902,,,
54.761,0.5606,0.7400,0.5340,0.6530,-5.93,24.23,0.480,,1,1,11.981,0.1902,,,
54.795,0.5537,0.7119,0.5316,0.6273,-5.87,24.13,0.477,,1,1,11.981,0.1902,,,
54.827,0.5458,0.6793,0.5206,0.5826,-5.77,24.08,0.444,,1,1,11.981,0.1902,,,
54.858,0.5436,0.6484,0.5358,0.5470,-5.68,23.93,0.271,,1,1,11.981,0.1902,,,
54.888,0.5433,0.6320,0.5420,0.5815,-5.59,23.81,0.243,,1,1,11.981,0.1902,,,
54.923,0.5399,0.6175,0.5294,0.5750,-5.46,23.74,0.297,,1,1,11.981,0.1902,,,
54.970,0.5281,0.5923,0.5016,0.5393,-5.31,23.70,0.356,,1,1,11.981,0.1902,,,
55.001,0.5180,0.5748,0.4851,0.5209,-5.24,23.70,0.396,,1,1,11.981,0.1902,,,
55.031,0.5097,0.5629,0.4817,0.5246,-5.18,23.70,0.435,,1,1,11.981,0.1902,,,
55.064,0.5013,0.5517,0.4749,0.5179,-5.12,23.66,0.447,,1,1,11.981,0.1902,,,
55.097,0.4921,0.5396,0.4624,0.5026,-5.06,23.64,0.457,,1,1,11.981,0.1902,,,
55.128,0.4831,0.5346,0.4534,0.5186,-5.01,23.62,0.457,,1,1,11.981,0.1902,,,
55.160,0.4748,0.5373,0.4483,0.5455,-4.96,23.60,0.471,,1,1,11.981,0.1902,,,
55.195,0.4655,0.5455,0.4368,0.5709,-4.90,23.58,0.459,,1,1,11.981,0.1902,,,
55.225,0.4515,0.5479,0.4050,0.5558,-4.86,23.56,0.463,,1,1,11.981,0.1902,,,
55.258,0.4321,0.5628,0.3738,0.6091,-4.80,23.53,0.463,,1,1,11.981,0.1902,,,
55.290,0.4131,0.5803,0.3530,0.6382,-4.74,23.47,0.470,,1,1,11.981,0.1902,,,
55.322,0.3938,0.5979,0.3319,0.6561,-4.66,23.40,0.477,,1,1,11.981,0.1902,,,
55.352,0.3731,0.6146,0.3045,0.6720,-4.57,23.32,0.481,,1,1,11.981,0.1902,,,
55.419,0.3323,0.6176,0.2701,0.6223,-4.44,23.26,0.485,,1,1,11.981,0.1902,,,
55.450,0.3128,0.6131,0.2534,0.5986,-4.37,23.23,0.478,,1,1,11.981,0.1902,,,
55.482,0.2932,0.5980,0.2311,0.5469,-4.31,23.20,0.485,,1,1,11.981,0.1902,,,
55.528,0.2753,0.5889,0.2367,0.5681,-4.22,23.12,0.496,,1,1,11.981,0.1902,,,
55.560,0.2666,0.5802,0.2395,0.5518,-4.17,23.10,0.502,,1,1,11.981,0.1902,,,
55.589,0.2615,0.5761,0.2435,0.5613,-4.13,23.07,0.503,,1,1,11.981,0.1902,,,
55.615,0.2571,0.5630,0.2404,0.5113,-4.08,23.07,0.499,,1,1,11.981,0.1902,,,
55.644,0.2564,0.5432,0.2537,0.4708,-4.02,23.12,0.502,,1,1,11.981,0.1902,,,
55.670,0.2618,0.5234,0.2823,0.4489,-3.97,23.15,0.506,,1,1,11.981,0.1902,,,
55.696,0.2752,0.5128,0.3302,0.4710,-3.91,23.13,0.504,,1,1,11.981,0.1902,,,
55.722,0.2930,0.5063,0.3634,0.4817,-3.85,23.11,0.492,,1,1,11.981,0.1902,,,
55.753,0.3146,0.4974,0.3884,0.4677,-3.80,23.12,0.492,,1,1,11.981,0.1902,,,
55.817,0.3610,0.4846,0.4356,0.4641,-3.65,22.34,0.115,,1,1,11.981,0.1902,,,
55.848,0.3994,0.5114,0.5222,0.6007,-3.57,21.97,0.148,,1,1,11.981,0.1902,,,
55.883,0.4358,0.5336,0.5413,0.6023,-3.45,21.85,0.207,,1,1,11.981,0.1902,,,
55.913,0.4622,0.5595,0.5472,0.6471,-3.35,21.72,0.263,,1,1,11.981,0.1902,,,
55.947,0.4809,0.5762,0.5371,0.6288,-3.26,21.63,0.323,,1,1,11.981,0.1902,,,
55.979,0.4900,0.5783,0.5168,0.5848,-3.19,21.54,0.375,,1,1,11.981,0.1902,,,
56.011,0.4981,0.5771,0.5235,0.5730,-3.13,21.49,0.400,,1,1,11.981,0.1902,,,
56.041,0.5071,0.5851,0.5375,0.6130,-3.08,21.48,0.414,,1,1,11.981,0.1902,,,
56.088,0.5250,0.6051,0.5632,0.6489,-3.01,21.31,0.415,,1,1,11.981,0.1902,,,
56.121,0.5325,0.6197,0.5551,0.6648,-2.96,21.14,0.421,,1,1,11.981,0.1902,,,
56.148,0.5373,0.6334,0.5552,0.6849,-2.93,20.99,0.424,,1,1,11.981,0.1902,,,
56.176,0.5397,0.6449,0.5484,0.6865,-2.89,20.89,0.428,,1,1,11.981,0.1902,,,
56.217,0.5412,0.6598,0.5449,0.6967,-2.86,20.75,0.449,,1,1,11.981,0.1902,,,
56.248,0.5417,0.6653,0.5434,0.6837,-2.83,20.70,0.455,,1,1,11.981,0.1902,,,
56.281,0.5414,0.6681,0.5403,0.6766,-2.81,20.66,0.463,,1,1,11.981,0.1902,,,
56.313,0.5387,0.6737,0.5301,0.6917,-2.79,20.63,0.466,,1,1,11.981,0.1902,,,
56.343,0.5360,0.6774,0.5266,0.6901,-2.75,20.59,0.472,,1,1,11.981,0.1902,,,
56.377,0.5313,0.6782,0.5168,0.6808,-2.72,20.58,0.476,,1,1,11.981,0.1902,,,
56.410,0.5269,0.6780,0.5121,0.6773,-2.70,20.57,0.473,,1,1,11.981,0.1902,,,
56.442,0.5222,0.6786,0.5075,0.6806,-2.66,20.51,0.480,,1,1,11.981,0.1902,,,
56.472,0.5169,0.6797,0.4981,0.6834,-2.62,20.49,0.501,,1,1,11.981,0.1902,,,
56.505,0.5089,0.6738,0.4831,0.6546,-2.59,20.48,0.510,,1,1,11.981,0.1902,,,
56.537,0.5004,0.6655,0.4728,0.6383,-2.58,20.49,0.510,,1,1,11.981,0.1902,,,
56.570,0.4911,0.6566,0.4615,0.6276,-2.53,20.50,0.502,,1,1,11.981,0.1902,,,
56.601,0.4826,0.6498,0.4532,0.6262,-2.47,20.49,0.501,,1,1,11.981,0.1902,,,
56.632,0.4745,0.6456,0.4483,0.6317,-2.42,20.49,0.501,,1,1,11.981,0.1902,,,
56.679,0.4648,0.6430,0.4433,0.6372,-2.34,20.48,0.500,,1,1,11.981,0.1902,,,
56.713,0.4574,0.6387,0.4352,0.6257,-2.28,20.46,0.489,,1,1,11.981,0.1902,,,
56.744,0.4519,0.6366,0.4340,0.6296,-2.22,20.44,0.423,,1,1,11.981,0.1902,,,
56.777,0.4485,0.6511,0.4377,0.6981,-2.14,20.17,0.206,,1,1,11.981,0.1902,,,
56.811,0.4463,0.6719,0.4395,0.7359,-2.05,19.87,0.212,,1,1,11.981,0.1902,,,
56.842,0.4419,0.6822,0.4274,0.7165,-1.99,19.74,0.246,,1,1,11.981,0.1902,,,
56.876,0.4336,0.6823,0.4080,0.6826,-1.92,19.67,0.311,,1,1,11.981,0.1902,,,
56.906,0.4228,0.6728,0.3853,0.6390,-1.87,19.65,0.355,,1,1,11.981,0.1902,,,
56.937,0.4127,0.6626,0.3791,0.6279,-1.80,19.61,0.388,,1,1,11.981,0.1902,,,
56.970,0.4033,0.6534,0.3733,0.6231,-1.73,19.64,0.395,,1,1,11.981,0.1902,,,
57.002,0.3978,0.6531,0.3806,0.6523,-1.69,19.67,0.400,,1,1,11.981,0.1902,,,
57.032,0.3961,0.6561,0.3902,0.6668,-1.65,19.72,0.402,,1,1,11.981,0.1902,,,
57.065,0.3958,0.6636,0.3947,0.6873,-1.61,19.77,0.402,,1,1,11.981,0.1902,,,
57.097,0.3966,0.6739,0.3994,0.7069,-1.57,19.81,0.406,,1,1,11.981,0.1902,,,
57.128,0.3978,0.6845,0.4017,0.7206,-1.53,19.85,0.409,,1,1,11.981,0.1902,,,
57.160,0.3996,0.6983,0.4056,0.7425,-1.50,19.87,0.410,,1,1,11.981,0.1902,,,
57.192,0.3946,0.7022,0.3783,0.7149,-1.46,19.86,0.409,,1,1,11.981,0.1902,,,
57.241,0.3777,0.6999,0.3414,0.6951,-1.41,19.86,0.409,,1,1,11.981,0.1902,,,
57.274,0.3628,0.6941,0.3155,0.6751,-1.38,19.88,0.411,,1,1,11.981,0.1902,,,
57.305,0.3502,0.6918,0.3089,0.6844,-1.35,19.88,0.413,,1,1,11.981,0.1902,,,
57.339,0.3383,0.6961,0.3019,0.7093,-1.32,19.86,0.412,,1,1,11.981,0.1902,,,
57.368,0.3154,0.6838,0.2362,0.6396,-1.30,19.83,0.412,,1,1,11.981,0.1902,,,
57.400,0.2854,0.6653,0.1918,0.6049,-1.28,19.77,0.412,,1,1,11.981,0.1902,,,
57.436,0.2598,0.6496,0.1855,0.6022,-1.27,19.73,0.413,,1,1,11.981,0.1902,,,
57.464,0.2423,0.6421,0.1832,0.6160,-1.25,19.72,0.413,,1,1,11.981,0.1902,,,
57.497,0.2251,0.6265,0.1737,0.5781,-1.21,19.72,0.411,,1,1,11.981,0.1902,,,
57.529,0.2078,0.6086,0.1524,0.5494,-1.18,19.74,0.412,,1,1,11.981,0.1902,,,
57.561,0.1958,0.5900,0.1591,0.5323,-1.14,19.69,0.407,,1,1,11.981,0.1902,,,
57.594,0.1857,0.5436,0.1559,0.4075,-1.11,19.68,0.410,,1,1,11.981,0.1902,,,
57.625,0.1834,0.4982,0.1756,0.3530,-1.06,19.73,0.412,,1,1,11.981,0.1902,,,
57.659,0.1991,0.4690,0.2470,0.3850,-1.04,19.79,0.414,,1,1,11.981,0.1902,,,
57.690,0.2246,0.4531,0.3109,0.4035,-1.03,19.84,0.419,,1,1,11.981,0.1902,,,
57.721,0.2590,0.4490,0.3720,0.4365,-1.00,19.83,0.417,,1,1,11.981,0.1902,,,
57.753,0.2890,0.4375,0.3854,0.4018,-0.97,19.86,0.413,,1,1,11.981,0.1902,,,
57.833,0.4232,0.4834,0.5901,0.5423,-0.86,19.88,0.411,,1,1,11.981,0.1902,,,
57.860,0.4631,0.5040,0.6067,0.5840,-0.83,19.86,0.411,,1,1,11.981,0.1902,,,
57.885,0.4991,0.5275,0.6371,0.6261,-0.79,19.80,0.417,,1,1,11.981,0.1902,,,
57.911,0.5312,0.5520,0.6504,0.6508,-0.77,19.76,0.415,,1,1,11.981,0.1902,,,
57.937,0.5648,0.5907,0.6828,0.7358,-0.74,19.75,0.427,,1,1,11.981,0.1902,,,
57.966,0.5946,0.6365,0.6974,0.8009,-0.71,19.69,0.428,,1,1,11.981,0.1902,,,
57.994,0.6189,0.6736,0.6963,0.7951,-0.69,19.65,0.423,,1,1,11.981,0.1902,,,
58.024,0.6393,0.7071,0.7025,0.8124,-0.67,19.62,0.422,,1,1,11.981,0.1902,,,
58.057,0.6577,0.7341,0.7112,0.8127,-0.65,19.57,0.415,,1,1,11.981,0.1902,,,
58.090,0.6699,0.7549,0.7059,0.8162,-0.63,19.61,0.415,,1,1,11.981,0.1902,,,
58.120,0.6828,0.7819,0.7236,0.8663,-0.61,19.58,0.420,,1,1,11.981,0.1902,,,
58.153,0.6953,0.8093,0.7320,0.8889,-0.58,19.54,0.418,,1,1,11.981,0.1902,,,
58.218,0.7074,0.8440,0.7259,0.8962,-0.57,19.58,0.433,,1,1,11.981,0.1902,,,
58.249,0.7070,0.8578,0.7058,0.9012,-0.57,19.69,0.437,,1,1,11.981,0.1902,,,
58.281,0.6991,0.8627,0.6744,0.8776,-0.57,19.81,0.439,,1,1,11.981,0.1902,,,
58.312,0.7005,0.8783,0.7051,0.9279,-0.53,19.78,0.249,,1,1,11.981,0.1902,,,
58.344,0.7002,0.9206,0.6992,1.0598,-0.47,19.32,0.064,,1,1,11.981,0.1902,,,
58.393,0.6923,0.9632,0.6750,1.0667,-0.38,18.74,0.073,,1,1,11.981,0.1902,,,
58.421,0.6878,0.9834,0.6719,1.0867,-0.34,18.40,0.070,,1,1,11.981,0.1902,,,
58.451,0.6857,0.9989,0.6781,1.1205,-0.28,18.24,0.095,,1,1,11.981,0.1902,,,
58.476,0.6778,1.0000,0.6448,1.1345,-0.22,18.17,0.183,,1,1,11.981,0.1902,,,
58.502,0.6686,1.0000,0.6307,1.2148,-0.15,18.19,0.258,,1,1,11.981,0.1902,,,
58.530,0.6507,1.0000,0.5842,1.1352,-0.11,18.24,0.319,,1,1,11.981,0.1902,,,
58.558,0.6306,1.0000,0.5581,1.0899,-0.07,18.31,0.340,,1,1,11.981,0.1902,,,
58.618,0.5998,1.0000,0.5471,1.1289,0.05,18.50,0.355,,1,1,11.981,0.1902,,,
58.649,0.5840,1.0000,0.5320,1.1080,0.10,18.61,0.373,,1,1,11.981,0.1902,,,
58.679,0.5701,1.0000,0.5242,1.1177,0.16,18.71,0.386,,1,1,11.981,0.1902,,,
58.712,0.5561,1.0000,0.5131,1.1385,0.20,18.79,0.389,,1,1,11.981,0.1902,,,
58.747,0.5397,1.0000,0.4924,1.0955,0.24,18.88,0.404,,1,1,11.981,0.1902,,,
58.777,0.5255,1.0000,0.4778,1.0669,0.29,18.98,0.405,,1,1,11.981,0.1902,,,
58.809,0.5113,1.0000,0.4653,1.0484,0.33,19.06,0.405,,1,1,11.981,0.1902,,,
58.842,0.4946,1.0000,0.4457,1.0042,0.39,19.16,0.398,,1,1,11.981,0.1902,,,
58.873,0.4672,1.0000,0.3757,0.9830,0.43,19.25,0.382,,1,1,11.981,0.1902,,,
58.905,0.4254,1.0000,0.2997,0.9267,0.47,19.36,0.384,,1,1,11.981,0.1902,,,
58.953,0.3732,0.9856,0.2690,0.9516,0.53,19.41,0.390,,1,1,11.981,0.1902,,,
58.984,0.3363,0.9631,0.2221,0.8889,0.59,19.40,0.384,,1,1,11.981,0.1902,,,
59.016,0.3063,0.9625,0.2166,0.9607,0.64,19.40,0.385,,1,1,11.981,0.1902,,,
59.048,0.2806,0.9720,0.2014,1.0039,0.69,19.34,0.387,,1,1,11.981,0.1902,,,
59.080,0.2600,0.9901,0.1981,1.0683,0.73,19.35,0.389,,1,1,11.981,0.1902,,,
59.113,0.2382,0.9991,0.1755,1.0274,0.77,19.34,0.391,,1,1,11.981,0.1902,,,
59.144,0.2238,1.0000,0.1782,1.0522,0.79,19.45,0.393,,1,1,11.981,0.1902,,,
59.178,0.2233,1.0000,0.2217,1.0562,0.81,19.56,0.389,,1,1,11.981,0.1902,,,
59.208,0.2315,1.0000,0.2589,1.1564,0.83,19.62,0.400,,1,1,11.981,0.1902,,,
59.242,0.2503,1.0000,0.3083,1.2217,0.85,19.66,0.391,,1,1,11.981,0.1902,,,
59.274,0.2650,1.0000,0.3129,1.2343,0.86,19.73,0.383,,1,1,11.981,0.1902,,,
59.306,0.2809,1.0000,0.3326,1.2864,0.88,19.74,0.388,,1,1,11.981,0.1902,,,
59.339,0.2998,1.0000,0.3613,1.3526,0.88,19.75,0.395,,1,1,11.981,0.1902,,,
59.369,0.3184,1.0000,0.3814,1.3862,0.87,19.78,0.377,,1,1,11.981,0.1902,,,
59.400,0.3384,1.0000,0.4034,1.4315,0.87,19.79,0.366,,1,1,11.981,0.1902,,,
59.433,0.3578,1.0000,0.4187,1.4676,0.85,19.80,0.381,,1,1,11.981,0.1902,,,
59.464,0.3750,1.0000,0.4310,1.4802,0.81,19.77,0.402,,1,1,11.981,0.1902,,,
59.512,0.4012,1.0000,0.4561,1.4704,0.69,19.90,0.415,,1,1,11.981,0.1902,,,
59.545,0.4196,1.0000,0.4777,1.5061,0.63,19.98,0.422,,1,1,11.981,0.1902,,,
59.577,0.4418,1.0000,0.5096,1.5616,0.57,20.05,0.427,,1,1,11.981,0.1902,,,
59.610,0.4711,1.0000,0.5597,1.5669,0.50,20.13,0.410,,1,1,11.981,0.1902,,,
59.642,0.5133,1.0000,0.6409,1.6676,0.48,20.12,0.313,,1,1,11.981,0.1902,,,
59.673,0.5626,1.0000,0.7132,1.8335,0.49,19.87,0.053,,1,1,11.981,0.1902,,,
59.704,0.6281,1.0000,0.8257,1.9492,0.51,19.56,0.040,,1,1,11.981,0.1902,,,
59.738,0.7033,1.0000,0.9047,2.0024,0.49,19.22,0.076,,1,1,11.981,0.1902,,,
59.769,0.7793,1.0000,0.9993,2.1157,0.50,19.05,0.168,,1,1,11.981,0.1902,,,
59.800,0.8429,1.0000,1.0298,2.0575,0.48,18.96,0.207,,1,1,11.981,0.1902,,,
59.834,0.9010,1.0000,1.0961,2.1126,0.47,18.83,0.203,,1,1,11.981,0.1902,,,
59.865,0.9397,1.0000,1.1599,2.1527,0.43,18.80,0.270,,1,1,11.981,0.1902,,,
59.896,0.9680,1.0000,1.2248,2.1549,0.41,18.72,0.253,,1,1,11.981,0.1902,,,
59.929,0.9899,1.0000,1.2802,2.2218,0.41,18.74,0.259,,1,1,11.981,0.1902,,,
59.962,1.0000,1.0000,1.3056,2.2306,0.40,18.72,0.292,,1,1,11.981,0.1902,,,
59.993,1.0000,1.0000,1.3421,2.1862,0.38,18.66,0.290,,1,1,11.981,0.1902,,,
60.025,1.0000,1.0000,1.3579,2.1846,0.37,18.70,0.320,,1,1,11.981,0.1902,,,
60.072,1.0000,1.0000,1.3761,2.1076,0.33,18.86,0.355,,1,1,11.981,0.1902,,,
60.104,1.0000,1.0000,1.3896,2.1076,0.29,19.04,0.378,,1,1,11.981,0.1902,,,
60.138,1.0000,1.0000,1.4143,2.1087,0.26,19.21,0.398,,1,1,11.981,0.1902,,,
60.168,1.0000,1.0000,1.4237,2.1209,0.24,19.36,0.413,,1,1,11.981,0.1902,,,
60.201,1.0000,1.0000,1.4455,2.1145,0.21,19.52,0.424,,1,1,11.981,0.1902,,,
60.233,1.0000,1.0000,1.5216,2.0938,0.21,19.67,0.443,,1,1,11.981,0.1902,,,
60.265,1.0000,1.0000,1.5520,2.0663,0.21,19.75,0.454,,1,1,11.981,0.1902,,,
60.297,1.0000,1.0000,1.5494,2.1278,0.23,19.80,0.461,,1,1,11.981,0.1902,,,
60.329,1.0000,1.0000,1.5390,2.2011,0.26,19.85,0.456,,1,1,11.981,0.1902,,,
60.362,1.0000,1.0000,1.5589,2.1767,0.29,19.88,0.463,,1,1,11.981,0.1902,,,
60.393,1.0000,1.0000,1.5258,2.2484,0.32,19.83,0.455,,1,1,11.981,0.1902,,,
60.425,1.0000,1.0000,1.4739,2.2742,0.34,19.76,0.453,,1,1,11.981,0.1902,,,
60.458,1.0000,1.0000,1.4496,2.2475,0.36,19.71,0.453,,1,1,11.981,0.1902,,,
60.488,1.0000,1.0000,1.3961,2.2301,0.36,19.64,0.470,,1,1,11.981,0.1902,,,
60.522,1.0000,1.0000,1.3709,2.2283,0.37,19.55,0.474,,1,1,11.981,0.1902,,,
60.554,1.0000,1.0000,1.3404,2.2557,0.39,19.54,0.471,,1,1,11.981,0.1902,,,
60.619,1.0000,1.0000,1.2888,2.3022,0.44,19.45,0.466,,1,1,11.981,0.1902,,,
60.665,1.0000,1.0000,1.2689,2.4107,0.46,19.53,0.465,,1,1,11.981,0.1902,,,
60.691,1.0000,1.0000,1.2537,2.4437,0.46,19.59,0.465,,1,1,11.981,0.1902,,,
60.720,1.0000,1.0000,1.2283,2.4634,0.48,19.68,0.461,,1,1,11.981,0.1902,,,
60.747,1.0000,1.0000,1.2232,2.5035,0.53,19.71,0.445,,1,1,11.981,0.1902,,,
60.776,1.0000,1.0000,1.2281,2.6797,0.58,19.68,0.377,,1,1,11.981,0.1902,,,
60.805,1.0000,1.0000,1.2609,2.7875,0.65,19.69,0.354,,1,1,11.981,0.1902,,,
60.834,1.0000,1.0000,1.2578,2.9320,0.71,19.65,0.345,,1,1,11.981,0.1902,,,
60.860,1.0000,1.0000,1.2928,3.0124,0.75,19.64,0.347,,1,1,11.981,0.1902,,,
60.889,1.0000,1.0000,1.3008,3.0910,0.76,19.61,0.358,,1,1,11.981,0.1902,,,
60.921,1.0000,1.0000,1.3279,3.1392,0.76,19.65,0.358,,1,1,11.981,0.1902,,,
60.955,1.0000,1.0000,1.3371,3.1748,0.76,19.64,0.351,,1,1,11.981,0.1902,,,
61.016,1.0000,1.0000,1.3576,3.2273,0.77,19.45,0.281,,1,1,11.981,0.1902,,,
61.050,1.0000,1.0000,1.3906,3.2750,0.78,19.02,0.109,,1,1,11.981,0.1902,,,
61.079,1.0000,1.0000,1.3991,3.3535,0.75,18.49,0.052,,1,1,11.981,0.1902,,,
61.112,1.0000,1.0000,1.3895,3.2882,0.71,17.97,0.077,,1,1,11.981,0.1902,,,
61.145,1.0000,1.0000,1.3921,3.3083,0.70,17.53,0.084,,1,1,11.981,0.1902,,,
61.177,1.0000,1.0000,1.3464,3.3077,0.66,17.23,0.225,,1,1,11.981,0.1902,,,
61.223,1.0000,1.0000,1.2957,3.2269,0.62,17.15,0.347,,1,1,11.981,0.1902,,,
61.258,1.0000,1.0000,1.2873,3.2095,0.58,17.19,0.378,,1,1,11.981,0.1902,,,
61.284,1.0000,1.0000,1.2853,3.2008,0.55,17.26,0.390,,1,1,11.981,0.1902,,,
61.311,1.0000,1.0000,1.2754,3.1933,0.51,17.42,0.407,,1,1,11.981,0.1902,,,
61.340,1.0000,1.0000,1.2470,3.1504,0.47,17.63,0.427,,1,1,11.981,0.1902,,,
61.367,1.0000,1.0000,1.2308,3.0680,0.43,17.95,0.432,,1,1,11.981,0.1902,,,
61.417,1.0000,1.0000,1.1294,2.9491,0.38,18.64,0.432,,1,1,11.981,0.1902,,,
61.449,1.0000,1.0000,1.0317,2.9215,0.36,19.06,0.442,,1,1,11.981,0.1902,,,
61.481,1.0000,1.0000,0.9538,2.8632,0.35,19.49,0.452,,1,1,11.981,0.1902,,,
61.512,0.9883,1.0000,0.8702,2.8316,0.38,19.88,0.444,,1,1,11.981,0.1902,,,
61.545,0.9447,1.0000,0.8127,2.7778,0.44,20.30,0.450,,1,1,11.981,0.1902,,,
61.576,0.8974,1.0000,0.7495,2.7505,0.52,20.64,0.443,,1,1,11.981,0.1902,,,
61.609,0.8440,1.0000,0.6896,2.7727,0.59,21.07,0.445,,1,1,11.981,0.1902,,,
61.642,0.7841,1.0000,0.6131,2.7094,0.67,21.44,0.455,,1,1,11.981,0.1902,,,
61.675,0.7401,1.0000,0.6127,2.7740,0.78,21.74,0.438,,1,1,11.981,0.1902,,,
61.705,0.7004,1.0000,0.5816,2.7838,0.87,22.00,0.441,,1,1,11.981,0.1902,,,
61.737,0.6603,1.0000,0.5429,2.7849,0.97,22.20,0.442,,1,1,11.981,0.1902,,,
61.784,0.6097,1.0000,0.5102,2.8426,1.08,22.46,0.444,,1,1,11.981,0.1902,,,
61.818,0.5731,1.0000,0.4728,2.8319,1.19,22.59,0.444,,1,1,11.981,0.1902,,,
61.850,0.5415,1.0000,0.4494,2.9009,1.27,22.79,0.447,,1,1,11.981,0.1902,,,
61.882,0.5184,1.0000,0.4473,2.9862,1.34,22.97,0.441,,1,1,11.981,0.1902,,,
61.914,0.4913,1.0000,0.4153,3.0848,1.40,23.16,0.436,,1,1,11.981,0.1902,,,
61.947,0.4475,1.0000,0.3230,3.0409,1.47,23.30,0.437,,1,1,11.981,0.1902,,,
61.977,0.4168,1.0000,0.3203,3.1235,1.56,23.51,0.439,,1,1,11.981,0.1902,,,
62.010,0.3777,1.0000,0.2671,3.1190,1.63,23.67,0.443,,1,1,11.981,0.1902,,,
62.040,0.3379,1.0000,0.2159,3.0881,1.69,23.88,0.438,,1,1,11.981,0.1902,,,
62.076,0.3025,1.0000,0.2086,3.1207,1.74,24.12,0.433,,1,1,11.981,0.1902,,,
62.104,0.2790,1.0000,0.2033,3.1427,1.79,24.29,0.434,,1,1,11.981,0.1902,,,
62.140,0.2625,1.0000,0.2190,3.2064,1.84,24.44,0.427,,1,1,11.981,0.1902,,,
62.169,0.2541,1.0000,0.2269,3.2164,1.92,24.57,0.405,,1,1,11.981,0.1902,,,
62.201,0.2529,1.0000,0.2489,3.2056,2.03,24.59,0.199,,1,1,11.981,0.1902,,,
62.236,0.2759,1.0000,0.3419,3.2734,2.19,24.49,0.086,,1,1,11.981,0.1902,,,
62.273,0.3358,1.0000,0.5092,3.4514,2.42,24.24,0.108,,1,1,11.981,0.1902,,,
62.303,0.3908,1.0000,0.5723,3.4938,2.62,24.15,0.164,,1,1,11.981,0.1902,,,
62.344,0.4350,1.0000,0.5442,3.3322,2.75,24.16,0.267,,1,1,11.981,0.1902,,,
62.378,0.4760,1.0000,0.5970,3.3260,2.82,24.15,0.293,,1,1,11.981,0.1902,,,
62.408,0.5138,1.0000,0.6357,3.3794,2.91,24.03,0.312,,1,1,11.981,0.1902,,,
62.442,0.5551,1.0000,0.6735,3.3973,3.02,23.90,0.330,,1,1,11.981,0.1902,,,
62.472,0.5958,1.0000,0.7208,3.3928,3.11,23.81,0.340,,1,1,11.981,0.1902,,,
62.507,0.6391,1.0000,0.7583,3.3970,3.19,23.64,0.349,,1,1,11.981,0.1902,,,
62.537,0.6776,1.0000,0.7976,3.4409,3.26,23.43,0.359,,1,1,11.981,0.1902,,,
62.568,0.7131,1.0000,0.8195,3.3769,3.31,23.37,0.380,,1,1,11.981,0.1902,,,
62.600,0.7518,1.0000,0.8643,3.4498,3.32,23.23,0.380,,1,1,11.981,0.1902,,,
62.633,0.7866,1.0000,0.8865,3.4287,3.31,23.15,0.379,,1,1,11.981,0.1902,,,
62.664,0.8196,1.0000,0.9171,3.4713,3.26,23.09,0.387,,1,1,11.981,0.1902,,,
62.696,0.8652,1.0000,0.9988,3.6122,3.21,22.93,0.357,,1,1,11.981,0.1902,,,
62.728,0.9122,1.0000,1.0469,3.6899,3.14,22.86,0.364,,1,1,11.981,0.1902,,,
62.761,0.9480,1.0000,1.0994,3.8217,3.08,22.80,0.361,,1,1,11.981,0.1902,,,
62.793,0.9736,1.0000,1.1364,3.8450,2.99,22.71,0.343,,1,1,11.981,0.1902,,,
62.826,0.9941,1.0000,1.1787,3.8924,2.89,22.58,0.331,,1,1,11.981,0.1902,,,
62.858,1.0000,1.0000,1.1921,3.9285,2.78,22.49,0.348,,1,1,11.981,0.1902,,,
62.891,1.0000,1.0000,1.2131,3.9272,2.67,22.42,0.352,,1,1,11.981,0.1902,,,
62.937,1.0000,1.0000,1.2405,3.9249,2.59,22.36,0.339,,1,1,11.981,0.1902,,,
62.970,1.0000,1.0000,1.2515,3.9027,2.53,22.33,0.343,,1,1,11.981,0.1902,,,
63.002,1.0000,1.0000,1.2704,3.8806,2.45,22.32,0.340,,1,1,11.981,0.1902,,,
63.035,1.0000,1.0000,1.2844,3.8714,2.38,22.28,0.336,,1,1,11.981,0.1902,,,
63.063,1.0000,1.0000,1.2972,3.8789,2.32,22.23,0.319,,1,1,11.981,0.1902,,,
63.096,1.0000,1.0000,1.3304,3.8532,2.28,22.09,0.167,,1,1,11.981,0.1902,,,
63.128,1.0000,1.0000,1.3139,3.8057,2.21,21.78,0.143,,1,1,11.981,0.1902,,,
63.161,1.0000,1.0000,1.3134,3.7741,2.16,21.61,0.255,,1,1,11.981,0.1902,,,
63.192,1.0000,1.0000,1.2991,3.6683,2.08,21.54,0.381,,1,1,11.981,0.1902,,,
63.224,1.0000,1.0000,1.2795,3.5826,1.99,21.48,0.451,,1,1,11.981,0.1902,,,
63.257,1.0000,1.0000,1.2649,3.4970,1.90,21.47,0.496,,1,1,11.981,0.1902,,,
63.288,1.0000,1.0000,1.2754,3.4955,1.80,21.46,0.497,,1,1,11.981,0.1902,,,
63.322,1.0000,1.0000,1.2794,3.4651,1.70,21.48,0.495,,1,1,11.981,0.1902,,,
63.352,1.0000,1.0000,1.2928,3.4064,1.61,21.48,0.500,,1,1,11.981,0.1902,,,
63.418,1.0000,1.0000,1.3052,3.2546,1.41,21.29,0.511,,1,1,11.981,0.1902,,,
63.450,1.0000,1.0000,1.3076,3.1955,1.31,21.20,0.513,,1,1,11.981,0.1902,,,
63.496,1.0000,1.0000,1.3082,3.1808,1.18,21.11,0.514,,1,1,11.981,0.1902,,,
63.528,1.0000,1.0000,1.3177,3.1432,1.10,21.02,0.507,,1,1,11.981,0.1902,,,
63.556,1.0000,1.0000,1.3222,3.1214,1.03,20.96,0.505,,1,1,11.981,0.1902,,,
63.585,1.0000,1.0000,1.2919,3.1043,0.95,20.84,0.502,,1,1,11.981,0.1902,,,
63.611,1.0000,1.0000,1.2127,3.0641,0.88,20.68,0.501,,1,1,11.981,0.1902,,,
63.639,1.0000,1.0000,1.1712,3.0650,0.81,20.51,0.498,,1,1,11.981,0.1902,,,
63.667,1.0000,1.0000,1.1416,3.0289,0.73,20.38,0.494,,1,1,11.981,0.1902,,,
63.696,1.0000,1.0000,1.1002,3.0260,0.67,20.29,0.491,,1,1,11.981,0.1902,,,
63.725,1.0000,1.0000,1.0800,3.0308,0.61,20.32,0.486,,1,1,11.981,0.1902,,,
63.753,1.0000,1.0000,1.0571,3.0065,0.55,20.39,0.489,,1,1,11.981,0.1902,,,
63.817,1.0000,1.0000,0.9679,2.9955,0.45,20.68,0.477,,1,1,11.981,0.1902,,,
63.848,1.0000,1.0000,0.9624,3.0064,0.40,20.85,0.474,,1,1,11.981,0.1902,,,
63.881,0.9871,1.0000,0.9295,2.9365,0.37,21.01,0.472,,1,1,11.981,0.1902,,,
63.915,0.9744,1.0000,0.9353,2.9869,0.35,21.26,0.461,,1,1,11.981,0.1902,,,
63.948,0.9658,1.0000,0.9388,2.9772,0.31,21.50,0.461,,1,1,11.981,0.1902,,,
63.977,0.9575,1.0000,0.9289,2.9620,0.27,21.73,0.463,,1,1,11.981,0.1902,,,
64.010,0.9517,1.0000,0.9327,2.9412,0.24,21.95,0.448,,1,1,11.981,0.1902,,,
64.056,0.9497,1.0000,0.9455,2.9340,0.20,22.28,0.438,,1,1,11.981,0.1902,,,
64.090,0.9480,1.0000,0.9428,2.9033,0.16,22.51,0.436,,1,1,11.981,0.1902,,,
64.119,0.9467,1.0000,0.9420,2.8783,0.12,22.72,0.437,,1,1,11.981,0.1902,,,
64.147,0.9502,1.0000,0.9636,2.9153,0.07,22.90,0.437,,1,1,11.981,0.1902,,,
64.175,0.9615,1.0000,1.0031,3.0189,0.05,23.01,0.434,,1,1,11.981,0.1902,,,
64.215,0.9859,1.0000,1.0787,3.1858,-0.01,23.10,0.430,,1,1,11.981,0.1902,,,
64.250,1.0000,1.0000,1.1176,3.2488,-0.06,23.08,0.433,,1,1,11.981,0.1902,,,
64.281,1.0000,1.0000,1.1439,3.2612,-0.14,23.05,0.411,,1,1,11.981,0.1902,,,
64.313,1.0000,1.0000,1.3341,3.2576,-0.21,22.91,0.174,,1,1,11.981,0.1902,,,
64.347,1.0000,1.0000,1.4315,3.3817,-0.22,22.64,0.059,,1,1,11.981,0.1902,,,
64.377,1.0000,1.0000,1.4883,3.4694,-0.24,22.37,0.073,,1,1,11.981,0.1902,,,
64.409,1.0000,1.0000,1.4690,3.4263,-0.28,22.09,0.090,,1,1,11.981,0.1902,,,
64.441,1.0000,1.0000,1.4649,3.3997,-0.33,21.84,0.127,,1,1,11.981,0.1902,,,
64.474,1.0000,1.0000,1.4612,3.4207,-0.36,21.72,0.179,,1,1,11.981,0.1902,,,
64.507,1.0000,1.0000,1.4489,3.4244,-0.39,21.63,0.195,,1,1,11.981,0.1902,,,
64.537,1.0000,1.0000,1.4564,3.4368,-0.46,21.60,0.210,,1,1,11.981,0.1902,,,
64.570,1.0000,1.0000,1.4566,3.4593,-0.52,21.53,0.222,,1,1,11.981,0.1902,,,
64.615,1.0000,1.0000,1.4586,3.5166,-0.58,21.50,0.249,,1,1,11.981,0.1902,,,
64.648,1.0000,1.0000,1.4703,3.5262,-0.64,21.45,0.246,,1,1,11.981,0.1902,,,
64.682,1.0000,1.0000,1.4822,3.5317,-0.71,21.43,0.212,,1,1,11.981,0.1902,,,
64.713,1.0000,1.0000,1.4921,3.5789,-0.76,21.41,0.251,,1,1,11.981,0.1902,,,
64.744,1.0000,1.0000,1.5010,3.5880,-0.82,21.40,0.259,,1,1,11.981,0.1902,,,
64.777,1.0000,1.0000,1.4966,3.5726,-0.89,21.39,0.240,,1,1,11.981,0.1902,,,
64.808,1.0000,1.0000,1.5088,3.6008,-0.97,21.38,0.255,,1,1,11.981,0.1902,,,
64.842,1.0000,1.0000,1.5189,3.6236,-1.04,21.40,0.288,,1,1,11.981,0.1902,,,
64.873,1.0000,1.0000,1.5455,3.6691,-1.09,21.47,0.293,,1,1,11.981,0.1902,,,
64.907,1.0000,1.0000,1.5878,3.7474,-1.20,21.56,0.303,,1,1,11.981,0.1902,,,
64.938,1.0000,1.0000,1.6251,3.8486,-1.29,21.62,0.311,,1,1,11.981,0.1902,,,
64.968,1.0000,1.0000,1.6959,4.0145,-1.38,21.67,0.316,,1,1,11.981,0.1902,,,
65.000,1.0000,1.0000,1.7668,4.1536,-1.53,21.74,0.323,,1,1,11.981,0.1902,,,
65.032,1.0000,1.0000,1.8344,4.2817,-1.66,21.75,0.345,,1,1,11.981,0.1902,,,
65.063,1.0000,1.0000,1.8911,4.3826,-1.82,21.77,0.371,,1,1,11.981,0.1902,,,
65.096,1.0000,1.0000,1.9461,4.4689,-2.01,21.72,0.396,,1,1,11.981,0.1902,,,
65.129,1.0000,1.0000,1.9636,4.4861,-2.20,21.65,0.396,,1,1,11.981,0.1902,,,
65.161,1.0000,1.0000,1.9903,4.4963,-2.41,21.54,0.419,,1,1,11.981,0.1902,,,
65.209,1.0000,1.0000,2.0178,4.4868,-2.66,21.35,0.425,,1,1,11.981,0.1902,,,
65.242,1.0000,1.0000,2.0266,4.4385,-2.85,21.30,0.410,,1,1,11.981,0.1902,,,
65.273,1.0000,1.0000,2.0516,4.3959,-3.06,21.23,0.403,,1,1,11.981,0.1902,,,
65.306,1.0000,1.0000,2.1913,4.3526,-3.27,21.17,0.412,,1,1,11.981,0.1902,,,
65.337,1.0000,1.0000,2.2095,4.3175,-3.47,21.06,0.415,,1,1,11.981,0.1902,,,
65.368,1.0000,1.0000,2.2369,4.3102,-3.70,20.94,0.422,,1,1,11.981,0.1902,,,
65.401,1.0000,1.0000,2.2750,4.2672,-3.96,20.77,0.422,,1,1,11.981,0.1902,,,
65.433,1.0000,1.0000,2.3072,4.2750,-4.15,20.66,0.420,,1,1,11.981,0.1902,,,
65.464,1.0000,1.0000,2.3459,4.2864,-4.33,20.50,0.449,,1,1,11.981,0.1902,,,
65.498,1.0000,1.0000,2.3555,4.2568,-4.50,20.33,0.419,,1,1,11.981,0.1902,,,
65.528,1.0000,1.0000,2.3382,4.1760,-4.67,20.14,0.418,,1,1,11.981,0.1902,,,
65.560,1.0000,1.0000,2.3301,4.1018,-4.82,19.96,0.419,,1,1,11.981,0.1902,,,
65.594,1.0000,1.0000,2.3051,4.0185,-4.95,19.78,0.417,,1,1,11.981,0.1902,,,
65.625,1.0000,1.0000,2.2434,3.9200,-5.06,19.84,0.424,,1,1,11.981,0.1902,,,
65.657,1.0000,1.0000,2.0111,3.7061,-5.18,20.00,0.441,,1,1,11.981,0.1902,,,
65.690,1.0000,1.0000,1.6880,3.3840,-5.33,20.43,0.459,,1,1,11.981,0.1902,,,
65.723,1.0000,1.0000,1.4377,3.0854,-5.45,21.03,0.449,,1,1,11.981,0.1902,,,
65.768,1.0000,1.0000,1.2012,2.8231,-5.58,22.12,0.473,,1,1,11.981,0.1902,,,
65.800,1.0000,1.0000,0.9706,2.7409,-5.62,22.92,0.465,,1,1,11.981,0.1902,,,
65.833,0.9762,1.0000,0.8070,2.6911,-5.66,23.82,0.452,,1,1,11.981,0.1902,,,
65.866,0.8930,1.0000,0.6494,2.6331,-5.68,24.80,0.456,,1,1,11.981,0.1902,,,
65.896,0.8930,1.0000,,,-23.05,22.27,0.445,,1,1,11.981,0.1902,,,
65.929,0.8930,1.0000,,,-40.30,21.46,0.461,,1,1,11.981,0.1902,,,
65.962,0.8930,1.0000,,,-56.49,11.11,0.474,,1,1,11.981,0.1902,,,
65.992,0.8930,1.0000,,,-52.87,14.17,0.488,,1,1,11.981,0.1902,,,
66.023,0.8930,1.0000,,,-67.69,13.11,0.491,,1,1,11.981,0.1902,,,
66.057,0.8930,1.0000,,,-81.59,15.57,0.504,,1,1,11.981,0.1902,,,
66.089,0.8930,1.0000,,,-86.61,21.32,0.509,,1,1,11.981,0.1902,,,
66.121,0.8930,1.0000,,,-77.32,29.49,0.524,,1,1,11.981,0.1902,,,
66.152,0.8930,1.0000,,,-64.94,15.98,0.519,,1,1,11.981,0.1902,,,
66.216,0.8930,1.0000,,,-57.60,-16.98,0.510,,1,1,11.981,0.1902,,,
66.248,0.8930,1.0000,,,-48.65,-10.87,0.505,,1,1,11.981,0.1902,,,
66.280,0.8930,1.0000,,,-41.56,-1.55,0.500,,1,1,11.981,0.1902,,,
66.328,0.8930,1.0000,,,-40.00,-23.39,0.502,,1,1,11.981,0.1902,,,
66.361,0.8930,1.0000,,,-44.52,-40.77,0.498,,1,1,11.981,0.1902,,,
66.388,0.8930,1.0000,,,-56.55,-55.53,0.496,,1,1,11.981,0.1902,,,
66.414,0.8930,1.0000,,,-61.02,-46.60,0.493,,1,1,11.981,0.1902,,,
66.441,0.8930,1.0000,,,-80.54,-57.30,0.485,,1,1,11.981,0.1902,,,
66.469,0.8930,1.0000,,,-70.46,-60.62,0.483,,1,1,11.981,0.1902,,,
66.495,0.8930,1.0000,,,-83.95,-55.24,0.464,,1,1,11.981,0.1902,,,
66.523,0.8930,1.0000,,,-87.43,-47.86,0.440,,1,1,11.981,0.1902,,,
66.554,0.8930,1.0000,,,-85.63,-38.46,0.432,,1,1,11.981,0.1902,,,
66.618,0.8930,1.0000,,,-77.88,-24.15,0.445,,1,1,11.981,0.1902,,,
66.650,0.8930,1.0000,,,-73.24,-17.28,0.439,,1,1,11.981,0.1902,,,
66.681,0.8930,1.0000,,,-67.83,-12.77,0.457,,1,1,11.981,0.1902,,,
66.713,0.8930,1.0000,,,-62.27,-9.49,0.449,,1,1,11.981,0.1902,,,
66.745,0.8930,1.0000,,,-56.98,-7.83,0.458,,1,1,11.981,0.1902,,,
66.777,0.8930,1.0000,,,-51.95,-7.01,0.466,,1,1,11.981,0.1902,,,
66.809,0.8930,1.0000,,,-47.44,-6.90,0.467,,1,1,11.981,0.1902,,,
66.840,0.8930,1.0000,,,-43.55,-7.02,0.468,,1,1,11.981,0.1902,,,
66.872,0.8930,1.0000,,,-39.84,-7.45,0.460,,1,1,11.981,0.1902,,,
66.921,0.8930,1.0000,,,-35.16,-8.41,0.462,,1,1,11.981,0.1902,,,
66.949,0.8930,1.0000,,,-32.95,-9.00,0.460,,1,1,11.981,0.1902,,,
66.976,0.8930,1.0000,,,-30.62,-9.53,0.457,,1,1,11.981,0.1902,,,
67.016,0.8930,1.0000,,,-27.74,-10.46,0.464,,1,1,11.981,0.1902,,,
67.048,0.8930,1.0000,,,-25.84,-11.09,0.462,,1,1,11.981,0.1902,,,
67.080,0.8930,1.0000,,,-24.07,-11.74,0.460,,1,1,11.981,0.1902,,,
67.111,0.8930,1.0000,,,-22.45,-12.32,0.389,,1,1,11.981,0.1902,,,
67.145,0.8930,1.0000,,,-20.85,-12.44,0.134,,1,1,11.981,0.1902,,,
67.176,0.8930,1.0000,,,-19.41,-12.63,0.142,,1,1,11.981,0.1902,,,
67.209,0.8930,1.0000,,,-18.11,-12.83,0.164,,1,1,11.981,0.1902,,,
67.241,0.8930,1.0000,,,-16.87,-13.11,0.247,,1,1,11.981,0.1902,,,
67.273,0.8930,1.0000,,,-15.87,-13.39,0.283,,1,1,11.981,0.1902,,,
67.305,0.8930,1.0000,,,-14.92,-13.70,0.323,,1,1,11.981,0.1902,,,
67.337,0.8930,1.0000,,,-14.10,-14.03,0.364,,1,1,11.981,0.1902,,,
67.370,0.8930,1.0000,,,-13.31,-14.34,0.377,,1,1,11.981,0.1902,,,
67.401,0.8930,1.0000,,,-12.60,-14.63,0.384,,1,1,11.981,0.1902,,,
67.437,0.8930,1.0000,,,-11.94,-14.97,0.391,,1,1,11.981,0.1902,,,
67.480,0.8930,1.0000,,,-11.12,-15.39,0.401,,1,1,11.981,0.1902,,,
67.513,0.8930,1.0000,,,-10.61,-15.76,0.426,,1,1,11.981,0.1902,,,
67.544,0.8930,1.0000,,,-10.19,-16.12,0.438,,1,1,11.981,0.1902,,,
67.577,0.8930,1.0000,,,-9.76,-16.34,0.440,,1,1,11.981,0.1902,,,
67.608,0.8930,1.0000,,,-9.37,-16.56,0.445,,1,1,11.981,0.1902,,,
67.642,0.8930,1.0000,,,-9.01,-16.65,0.449,,1,1,11.981,0.1902,,,
67.673,0.8930,1.0000,,,-8.65,-16.49,0.440,,1,1,11.981,0.1902,,,
67.705,0.8930,1.0000,,,-8.66,-14.44,0.440,,1,1,11.981,0.1902,,,
67.737,0.8930,1.0000,,,-8.68,-12.17,0.442,,1,1,11.981,0.1902,,,
67.769,0.8930,1.0000,,,-8.76,-9.63,0.443,,1,1,11.981,0.1902,,,
67.801,0.8930,1.0000,,,-8.83,-7.06,0.438,,1,1,11.981,0.1902,,,
67.832,0.8930,1.0000,,,-8.84,-4.65,0.447,,1,1,11.981,0.1902,,,
67.863,0.8930,1.0000,,,-8.79,-2.18,0.453,,1,1,11.981,0.1902,,,
67.898,0.9884,0.2355,1.0082,0.0708,-8.70,0.18,0.452,,1,1,11.981,0.1902,,,
67.928,0.9884,0.2153,0.9884,0.1484,-8.58,2.47,0.454,,1,1,11.981,0.1902,,,
67.960,0.9868,0.2029,0.9819,0.1642,-8.45,4.56,0.452,,1,1,11.981,0.1902,,,
67.993,0.9887,0.2144,0.9945,0.2508,-8.26,6.39,0.454,,1,1,11.981,0.1902,,,
68.041,0.9930,0.2698,1.0024,0.3914,-7.88,8.52,0.464,,1,1,11.981,0.1902,,,
68.074,0.9975,0.3233,1.0124,0.4936,-7.61,9.81,0.459,,1,1,11.981,0.1902,,,
68.104,1.0000,0.4109,1.0353,0.6825,-7.29,10.95,0.455,,1,1,11.981,0.1902,,,
68.139,1.0000,0.5139,1.0366,0.7915,-6.98,11.99,0.456,,1,1,11.981,0.1902,,,
68.168,1.0000,0.6122,1.0416,0.9110,-6.69,12.94,0.453,,1,1,11.981,0.1902,,,
68.200,1.0000,0.7267,1.0512,1.0310,-6.42,13.78,0.439,,1,1,11.981,0.1902,,,
68.232,1.0000,0.8136,1.1506,1.0956,-6.18,14.51,0.437,,1,1,11.981,0.1902,,,
68.264,1.0000,0.8788,1.2511,1.1769,-5.92,15.25,0.433,,1,1,11.981,0.1902,,,
68.296,1.0000,0.9258,1.2861,1.2626,-5.67,15.83,0.444,,1,1,11.981,0.1902,,,
68.331,1.0000,0.9609,1.3333,1.3341,-5.41,16.38,0.451,,1,1,11.981,0.1902,,,
68.359,1.0000,0.9827,1.3433,1.4203,-5.19,16.81,0.454,,1,1,11.981,0.1902,,,
68.393,1.0000,1.0000,1.3487,1.5098,-4.96,17.23,0.453,,1,1,11.981,0.1902,,,
68.425,1.0000,1.0000,1.3510,1.6183,-4.75,17.60,0.454,,1,1,11.981,0.1902,,,
68.458,1.0000,1.0000,1.3445,1.6670,-4.55,17.91,0.452,,1,1,11.981,0.1902,,,
68.490,1.0000,1.0000,1.3368,1.7449,-4.36,18.31,0.394,,1,1,11.981,0.1902,,,
68.522,1.0000,1.0000,1.3193,1.9543,-4.13,18.37,0.173,,1,1,11.981,0.1902,,,
68.554,1.0000,1.0000,1.2836,2.0150,-3.90,18.42,0.176,,1,1,11.981,0.1902,,,
68.633,1.0000,1.0000,1.1447,2.0780,-3.55,19.32,0.374,,1,1,11.981,0.1902,,,
68.660,1.0000,1.0000,1.1173,2.0663,-3.45,19.64,0.405,,1,1,11.981,0.1902,,,
68.691,1.0000,1.0000,1.0967,2.1065,-3.35,19.95,0.435,,1,1,11.981,0.1902,,,
68.719,1.0000,1.0000,1.0707,2.1212,-3.25,20.29,0.465,,1,1,11.981,0.1902,,,
68.744,1.0000,1.0000,1.0687,2.1422,-3.18,20.55,0.475,,1,1,11.981,0.1902,,,
68.774,1.0000,1.0000,1.0535,2.1659,-3.09,20.82,0.484,,1,1,11.981,0.1902,,,
68.802,1.0000,1.0000,1.0312,2.2024,-3.01,21.04,0.487,,1,1,11.981,0.1902,,,
68.832,1.0000,1.0000,1.0172,2.2234,-2.92,21.28,0.484,,1,1,11.981,0.1902,,,
68.859,1.0000,1.0000,0.9907,2.2226,-2.84,21.47,0.492,,1,1,11.981,0.1902,,,
68.889,1.0000,1.0000,0.9828,2.2900,-2.76,21.71,0.485,,1,1,11.981,0.1902,,,
68.922,1.0000,1.0000,0.9496,2.3030,-2.68,21.94,0.487,,1,1,11.981,0.1902,,,
68.955,0.9769,1.0000,0.8963,2.3158,-2.62,22.14,0.492,,1,1,11.981,0.1902,,,
69.017,0.9266,1.0000,0.8452,2.3731,-2.51,22.50,0.487,,1,1,11.981,0.1902,,,
69.049,0.9028,1.0000,0.8265,2.4119,-2.44,22.67,0.485,,1,1,11.981,0.1902,,,
69.082,0.8840,1.0000,0.8289,2.4620,-2.37,22.84,0.486,,1,1,11.981,0.1902,,,
69.112,0.8696,1.0000,0.8213,2.4604,-2.32,23.00,0.487,,1,1,11.981,0.1902,,,
69.146,0.8545,1.0000,0.8095,2.4837,-2.27,23.19,0.490,,1,1,11.981,0.1902,,,
69.193,0.8422,1.0000,0.8162,2.4942,-2.25,23.42,0.488,,1,1,11.981,0.1902,,,
69.220,0.8360,1.0000,0.8131,2.4894,-2.24,23.53,0.487,,1,1,11.981,0.1902,,,
69.246,0.8315,1.0000,0.8134,2.5080,-2.23,23.65,0.486,,1,1,11.981,0.1902,,,
69.271,0.8262,1.0000,0.8054,2.5199,-2.22,23.78,0.485,,1,1,11.981,0.1902,,,
69.299,0.8188,1.0000,0.7919,2.5123,-2.20,23.93,0.487,,1,1,11.981,0.1902,,,
69.326,0.8109,1.0000,0.7816,2.5115,-2.17,24.07,0.484,,1,1,11.981,0.1902,,,
69.355,0.8035,1.0000,0.7775,2.5242,-2.13,24.19,0.485,,1,1,11.981,0.1902,,,
69.416,0.7949,1.0000,0.7804,2.5605,-2.08,24.51,0.487,,1,1,11.981,0.1902,,,
69.448,0.7892,1.0000,0.7712,2.5541,-2.05,24.70,0.485,,1,1,11.981,0.1902,,,
69.481,0.7849,1.0000,0.7705,2.5619,-2.02,24.86,0.480,,1,1,11.981,0.1902,,,
69.513,0.7814,1.0000,0.7707,2.5720,-2.01,25.00,0.480,,1,1,11.981,0.1902,,,
69.545,0.7771,1.0000,0.7632,2.5788,-1.98,25.09,0.470,,1,1,11.981,0.1902,,,
69.577,0.7963,1.0000,0.8596,2.7027,-1.92,25.11,0.205,,1,1,11.981,0.1902,,,
69.609,0.8412,1.0000,0.9854,2.8505,-1.81,24.87,0.038,,1,1,11.981,0.1902,,,
69.642,0.8783,1.0000,0.9922,2.9168,-1.72,24.60,0.075,,1,1,11.981,0.1902,,,
69.675,0.9054,1.0000,0.9869,2.9172,-1.62,24.40,0.127,,1,1,11.981,0.1902,,,
69.705,0.9139,1.0000,0.9424,2.9136,-1.57,24.32,0.240,,1,1,11.981,0.1902,,,
69.752,0.9080,1.0000,0.8952,2.9095,-1.49,24.36,0.346,,1,1,11.981,0.1902,,,
69.786,0.9002,1.0000,0.8765,2.8965,-1.46,24.43,0.385,,1,1,11.981,0.1902,,,
69.819,0.8922,1.0000,0.8669,2.8779,-1.43,24.51,0.413,,1,1,11.981,0.1902,,,
69.848,0.8835,1.0000,0.8516,2.8759,-1.42,24.62,0.438,,1,1,11.981,0.1902,,,
69.881,0.8732,1.0000,0.8406,2.8603,-1.41,24.72,0.450,,1,1,11.981,0.1902,,,
69.913,0.8636,1.0000,0.8314,2.8370,-1.41,24.82,0.457,,1,1,11.981,0.1902,,,
69.947,0.8490,1.0000,0.8042,2.8132,-1.42,24.90,0.465,,1,1,11.981,0.1902,,,
69.975,0.8388,1.0000,0.8013,2.7927,-1.43,24.98,0.468,,1,1,11.981,0.1902,,,
70.007,0.8283,1.0000,0.7945,2.7594,-1.45,25.07,0.472,,1,1,11.981,0.1902,,,
70.040,0.8177,1.0000,0.7842,2.7331,-1.47,25.17,0.477,,1,1,11.981,0.1902,,,
70.074,0.8141,1.0000,0.8030,2.7435,-1.48,25.26,0.480,,1,1,11.981,0.1902,,,
70.107,0.8122,1.0000,0.8064,2.7519,-1.49,25.33,0.479,,1,1,11.981,0.1902,,,
70.138,0.8120,1.0000,0.8113,2.7597,-1.49,25.40,0.484,,1,1,11.981,0.1902,,,
70.170,0.8137,1.0000,0.8192,2.7727,-1.50,25.48,0.483,,1,1,11.981,0.1902,,,
70.200,0.8151,1.0000,0.8198,2.7704,-1.51,25.55,0.482,,1,1,11.981,0.1902,,,
70.231,0.8154,1.0000,0.8167,2.7544,-1.52,25.66,0.483,,1,1,11.981,0.1902,,,
70.265,0.8153,1.0000,0.8148,2.7408,-1.55,25.76,0.482,,1,1,11.981,0.1902,,,
70.313,0.8181,1.0000,0.8242,2.7393,-1.58,25.91,0.482,,1,1,11.981,0.1902,,,
70.346,0.8200,1.0000,0.8261,2.7398,-1.60,25.97,0.481,,1,1,11.981,0.1902,,,
70.376,0.8218,1.0000,0.8283,2.7411,-1.61,26.01,0.483,,1,1,11.981,0.1902,,,
70.408,0.8239,1.0000,0.8307,2.7514,-1.62,26.04,0.484,,1,1,11.981,0.1902,,,
70.441,0.8254,1.0000,0.8302,2.7441,-1.64,26.08,0.485,,1,1,11.981,0.1902,,,
70.473,0.8264,1.0000,0.8297,2.7352,-1.67,26.14,0.486,,1,1,11.981,0.1902,,,
70.505,0.8294,1.0000,0.8391,2.7432,-1.68,26.19,0.485,,1,1,11.981,0.1902,,,
70.538,0.8327,1.0000,0.8435,2.7513,-1.69,26.22,0.487,,1,1,11.981,0.1902,,,
70.568,0.8355,1.0000,0.8450,2.7450,-1.70,26.25,0.485,,1,1,11.981,0.1902,,,
70.600,0.8375,1.0000,0.8440,2.7425,-1.71,26.27,0.485,,1,1,11.981,0.1902,,,
70.632,0.8390,1.0000,0.8440,2.7415,-1.71,26.29,0.483,,1,1,11.981,0.1902,,,
70.668,0.8407,1.0000,0.8459,2.7602,-1.71,26.29,0.480,,1,1,11.981,0.1902,,,
70.695,0.8402,1.0000,0.8383,2.7580,-1.71,26.30,0.478,,1,1,11.981,0.1902,,,
70.727,0.8403,1.0000,0.8404,2.7668,-1.70,26.30,0.477,,1,1,11.981,0.1902,,,
70.760,0.8398,1.0000,0.8384,2.7821,-1.69,26.35,0.479,,1,1,11.981,0.1902,,,
70.792,0.8372,1.0000,0.8286,2.7871,-1.69,26.39,0.481,,1,1,11.981,0.1902,,,
70.826,0.8346,1.0000,0.8260,2.7934,-1.69,26.44,0.479,,1,1,11.981,0.1902,,,
70.871,0.8316,1.0000,0.8250,2.7920,-1.69,26.55,0.476,,1,1,11.981,0.1902,,,
70.907,0.8298,1.0000,0.8244,2.7928,-1.68,26.64,0.475,,1,1,11.981,0.1902,,,
70.937,0.7829,1.0000,0.6219,2.0720,-1.68,26.70,0.477,,1,1,11.981,0.1902,,,
70.970,0.7425,1.0000,0.6223,2.0703,-1.67,26.73,0.481,,1,1,11.981,0.1902,,,
71.001,0.7117,1.0000,0.6122,2.0677,-1.66,26.73,0.479,,1,1,11.981,0.1902,,,
71.033,0.6890,1.0000,0.6188,2.0772,-1.64,26.73,0.477,,1,1,11.981,0.1902,,,
71.067,0.6717,1.0000,0.6221,2.0874,-1.64,26.73,0.477,,1,1,11.981,0.1902,,,
71.103,0.6571,1.0000,0.6167,2.0779,-1.63,26.73,0.478,,1,1,11.981,0.1902,,,
71.132,0.6475,1.0000,0.6142,2.0793,-1.62,26.74,0.479,,1,1,11.981,0.1902,,,
71.160,0.6404,1.0000,0.6152,2.0881,-1.62,26.74,0.477,,1,1,11.981,0.1902,,,
71.193,0.6344,1.0000,0.6163,2.0994,-1.61,26.76,0.475,,1,1,11.981,0.1902,,,
71.226,0.6295,1.0000,0.6147,2.0962,-1.60,26.77,0.475,,1,1,11.981,0.1902,,,
71.257,0.6262,1.0000,0.6147,2.1025,-1.58,26.77,0.478,,1,1,11.981,0.1902,,,
71.291,0.6211,1.0000,0.6062,2.0931,-1.58,26.78,0.479,,1,1,11.981,0.1902,,,
71.318,0.6181,1.0000,0.6070,2.0938,-1.58,26.79,0.479,,1,1,11.981,0.1902,,,
71.352,0.6154,1.0000,0.6072,2.0899,-1.59,26.83,0.479,,1,1,11.981,0.1902,,,
71.419,0.6134,1.0000,0.6102,2.0948,-1.60,26.86,0.477,,1,1,11.981,0.1902,,,
71.466,0.6129,1.0000,0.6120,2.0950,-1.62,26.92,0.474,,1,1,11.981,0.1902,,,
71.496,0.6123,1.0000,0.6102,2.0903,-1.61,26.96,0.473,,1,1,11.981,0.1902,,,
71.523,0.6115,1.0000,0.6082,2.0872,-1.60,26.98,0.471,,1,1,11.981,0.1902,,,
71.549,0.6110,1.0000,0.6090,2.0921,-1.59,27.01,0.469,,1,1,11.981,0.1902,,,
71.574,0.6081,1.0000,0.5960,2.0808,-1.59,27.03,0.470,,1,1,11.981,0.1902,,,
71.601,0.6057,1.0000,0.5966,2.0855,-1.58,27.05,0.467,,1,1,11.981,0.1902,,,
71.627,0.6041,1.0000,0.5975,2.0873,-1.58,27.08,0.463,,1,1,11.981,0.1902,,,
71.659,0.6227,1.0000,0.6825,2.1494,-1.57,27.10,0.421,,1,1,11.981,0.1902,,,
71.689,0.6467,1.0000,0.7298,2.1333,-1.54,27.18,0.410,,1,1,11.981,0.1902,,,
71.720,0.6716,1.0000,0.7553,2.1533,-1.52,27.24,0.406,,1,1,11.981,0.1902,,,
71.754,0.6932,1.0000,0.7564,2.1614,-1.50,27.31,0.408,,1,1,11.981,0.1902,,,
71.817,0.7261,1.0000,0.7792,2.2229,-1.43,27.43,0.415,,1,1,11.981,0.1902,,,
71.848,0.7392,1.0000,0.7815,2.2221,-1.41,27.47,0.425,,1,1,11.981,0.1902,,,
71.880,0.7578,1.0000,0.8164,2.2074,-1.41,27.52,0.425,,1,1,11.981,0.1902,,,
71.912,0.7869,1.0000,0.8789,2.1664,-1.41,27.54,0.427,,1,1,11.981,0.1902,,,
71.949,0.8143,1.0000,0.8874,2.1399,-1.41,27.54,0.441,,1,1,11.981,0.1902,,,
71.978,0.8307,1.0000,0.8869,2.1535,-1.42,27.55,0.449,,1,1,11.981,0.1902,,,
72.025,0.8534,1.0000,0.9023,2.1452,-1.41,27.54,0.461,,1,1,11.981,0.1902,,,
72.058,0.8642,1.0000,0.8956,2.1560,-1.41,27.50,0.467,,1,1,11.981,0.1902,,,
72.085,0.8700,1.0000,0.8921,2.1613,-1.41,27.46,0.470,,1,1,11.981,0.1902,,,
72.112,0.8741,1.0000,0.8900,2.1605,-1.41,27.44,0.472,,1,1,11.981,0.1902,,,
72.139,0.8775,1.0000,0.8893,2.1491,-1.42,27.39,0.472,,1,1,11.981,0.1902,,,
72.166,0.8799,1.0000,0.8890,2.1496,-1.43,27.32,0.473,,1,1,11.981,0.1902,,,
72.218,0.8815,1.0000,0.8847,2.1634,-1.41,27.23,0.475,,1,1,11.981,0.1902,,,
72.249,0.8811,1.0000,0.8798,2.1620,-1.40,27.20,0.478,,1,1,11.981,0.1902,,,
72.280,0.8799,1.0000,0.8760,2.1673,-1.39,27.17,0.479,,1,1,11.981,0.1902,,,
72.311,0.8776,1.0000,0.8700,2.1660,-1.37,27.10,0.477,,1,1,11.981,0.1902,,,
72.345,0.8744,1.0000,0.8641,2.1879,-1.36,27.04,0.479,,1,1,11.981,0.1902,,,
72.375,0.8731,1.0000,0.8686,2.1626,-1.34,27.00,0.479,,1,1,11.981,0.1902,,,
72.408,0.8733,1.0000,0.8740,2.1414,-1.33,26.97,0.480,,1,1,11.981,0.1902,,,
72.441,0.8813,1.0000,0.9067,2.1733,-1.32,26.92,0.476,,1,1,11.981,0.1902,,,
72.473,0.8933,1.0000,0.9332,2.1708,-1.29,26.90,0.483,,1,1,11.981,0.1902,,,
72.507,0.9107,1.0000,0.9636,2.1833,-1.25,26.87,0.477,,1,1,11.981,0.1902,,,
72.537,0.9365,1.0000,1.0247,2.1568,-1.21,26.80,0.425,,1,1,11.981,0.1902,,,
72.583,0.9723,1.0000,1.0719,2.2695,-1.13,26.58,0.275,,1,1,11.981,0.1902,,,
72.617,0.9922,1.0000,1.1176,2.3965,-1.08,26.22,0.173,,1,1,11.981,0.1902,,,
72.650,1.0000,1.0000,1.1654,2.4286,-1.05,25.71,0.109,,1,1,11.981,0.1902,,,
72.681,1.0000,1.0000,1.2112,2.5128,-1.02,25.21,0.119,,1,1,11.981,0.1902,,,
72.714,1.0000,1.0000,1.2392,2.5140,-0.98,24.76,0.144,,1,1,11.981,0.1902,,,
72.743,1.0000,1.0000,1.2660,2.5540,-0.95,24.35,0.160,,1,1,11.981,0.1902,,,
72.775,1.0000,1.0000,1.2853,2.5542,-0.93,23.97,0.169,,1,1,11.981,0.1902,,,
72.809,1.0000,1.0000,1.3067,2.5643,-0.86,23.74,0.188,,1,1,11.981,0.1902,,,
72.840,1.0000,1.0000,1.3210,2.6351,-0.82,23.56,0.211,,1,1,11.981,0.1902,,,
72.873,1.0000,1.0000,1.3283,2.6424,-0.79,23.27,0.215,,1,1,11.981,0.1902,,,
72.905,1.0000,1.0000,1.3473,2.6397,-0.77,22.94,0.225,,1,1,11.981,0.1902,,,
72.938,1.0000,1.0000,1.3674,2.6667,-0.74,22.72,0.251,,1,1,11.981,0.1902,,,
72.971,1.0000,1.0000,1.3725,2.6803,-0.73,22.54,0.251,,1,1,11.981,0.1902,,,
73.001,1.0000,1.0000,1.3871,2.6987,-0.71,22.44,0.262,,1,1,11.981,0.1902,,,
73.033,1.0000,1.0000,1.4246,2.7086,-0.69,22.34,0.276,,1,1,11.981,0.1902,,,
73.065,1.0000,1.0000,1.4354,2.7445,-0.67,22.27,0.280,,1,1,11.981,0.1902,,,
73.096,1.0000,1.0000,1.4440,2.7423,-0.67,22.19,0.279,,1,1,11.981,0.1902,,,
73.129,1.0000,1.0000,1.4502,2.7699,-0.66,22.18,0.282,,1,1,11.981,0.1902,,,
73.177,1.0000,1.0000,1.4416,2.7720,-0.64,22.14,0.282,,1,1,11.981,0.1902,,,
73.208,1.0000,1.0000,1.4392,2.7709,-0.65,22.11,0.282,,1,1,11.981,0.1902,,,
73.241,1.0000,1.0000,1.4406,2.7258,-0.66,21.98,0.315,,1,1,11.981,0.1902,,,
73.274,1.0000,1.0000,1.4140,2.6446,-0.68,21.96,0.398,,1,1,11.981,0.1902,,,
73.306,1.0000,1.0000,1.3723,2.5847,-0.71,21.94,0.453,,1,1,11.981,0.1902,,,
73.338,1.0000,1.0000,1.3435,2.5060,-0.76,21.91,0.490,,1,1,11.981,0.1902,,,
73.370,1.0000,1.0000,1.3117,2.3998,-0.82,21.95,0.514,,1,1,11.981,0.1902,,,
73.401,1.0000,1.0000,1.3010,2.3501,-0.87,22.00,0.516,,1,1,11.981,0.1902,,,
73.433,1.0000,1.0000,1.2922,2.3071,-0.90,22.05,0.508,,1,1,11.981,0.1902,,,
73.466,1.0000,1.0000,1.2729,2.2633,-0.90,22.06,0.505,,1,1,11.981,0.1902,,,
73.496,1.0000,1.0000,1.2552,2.2397,-0.91,22.05,0.495,,1,1,11.981,0.1902,,,
73.528,1.0000,1.0000,1.2377,2.2426,-0.93,22.03,0.491,,1,1,11.981,0.1902,,,
73.562,1.0000,1.0000,1.2270,2.2151,-0.94,22.02,0.490,,1,1,11.981,0.1902,,,
73.592,1.0000,1.0000,1.2200,2.2245,-0.95,21.94,0.489,,1,1,11.981,0.1902,,,
73.626,1.0000,1.0000,1.2130,2.2198,-0.96,21.92,0.485,,1,1,11.981,0.1902,,,
73.658,1.0000,1.0000,1.2152,2.1977,-0.98,21.90,0.480,,1,1,11.981,0.1902,,,
73.689,1.0000,1.0000,1.2015,2.1726,-0.99,21.86,0.479,,1,1,11.981,0.1902,,,
73.737,1.0000,1.0000,1.1742,2.2040,-0.95,21.83,0.301,,1,1,11.981,0.1902,,,
73.770,1.0000,1.0000,1.1954,2.3644,-0.88,21.62,0.143,,1,1,11.981,0.1902,,,
73.803,1.0000,1.0000,1.1636,2.3986,-0.79,21.40,0.138,,1,1,11.981,0.1902,,,
73.833,1.0000,1.0000,1.1326,2.4625,-0.73,21.34,0.162,,1,1,11.981,0.1902,,,
73.866,1.0000,1.0000,1.0668,2.4115,-0.68,21.38,0.236,,1,1,11.981,0.1902,,,
73.896,1.0000,1.0000,1.0407,2.4325,-0.64,21.39,0.303,,1,1,11.981,0.1902,,,
73.928,1.0000,1.0000,1.0356,2.4197,-0.61,21.49,0.330,,1,1,11.981,0.1902,,,
73.964,1.0000,1.0000,1.0197,2.4133,-0.57,21.54,0.341,,1,1,11.981,0.1902,,,
73.992,1.0000,1.0000,0.9968,2.4423,-0.54,21.61,0.355,,1,1,11.981,0.1902,,,
74.023,1.0000,1.0000,0.9944,2.4450,-0.51,21.74,0.363,,1,1,11.981,0.1902,,,
74.057,1.0000,1.0000,0.9947,2.4394,-0.49,21.85,0.374,,1,1,11.981,0.1902,,,
74.089,1.0000,1.0000,0.9970,2.4375,-0.47,21.94,0.375,,1,1,11.981,0.1902,,,
74.121,1.0000,1.0000,0.9926,2.4336,-0.47,22.06,0.377,,1,1,11.981,0.1902,,,
74.155,1.0000,1.0000,0.9845,2.4491,-0.48,22.19,0.380,,1,1,11.981,0.1902,,,
74.218,0.9874,1.0000,0.9649,2.4701,-0.51,22.36,0.383,,1,1,11.981,0.1902,,,
74.250,0.9809,1.0000,0.9599,2.4793,-0.52,22.45,0.385,,1,1,11.981,0.1902,,,
74.298,0.9705,1.0000,0.9479,2.4695,-0.55,22.71,0.396,,1,1,11.981,0.1902,,,
74.329,0.9530,1.0000,0.8951,2.4455,-0.56,22.87,0.392,,1,1,11.981,0.1902,,,
74.356,0.9375,1.0000,0.8780,2.4534,-0.57,22.97,0.387,,1,1,11.981,0.1902,,,
74.383,0.9056,1.0000,0.7896,2.4393,-0.59,23.04,0.385,,1,1,11.981,0.1902,,,
74.409,0.8810,1.0000,0.7805,2.4706,-0.62,23.08,0.390,,1,1,11.981,0.1902,,,
74.437,0.8524,1.0000,0.7581,2.4830,-0.65,23.12,0.402,,1,1,11.981,0.1902,,,
74.464,0.8247,1.0000,0.7263,2.4735,-0.69,23.16,0.402,,1,1,11.981,0.1902,,,
74.493,0.7963,1.0000,0.7009,2.4357,-0.73,23.21,0.408,,1,1,11.981,0.1902,,,
74.522,0.7743,1.0000,0.6999,2.4415,-0.77,23.26,0.411,,1,1,11.981,0.1902,,,
74.553,0.7563,1.0000,0.7018,2.4494,-0.81,23.34,0.426,,1,1,11.981,0.1902,,,
74.618,0.7275,1.0000,0.6839,2.4661,-0.88,23.60,0.427,,1,1,11.981,0.1902,,,
74.650,0.7248,1.0000,0.7161,2.4903,-0.90,23.72,0.429,,1,1,11.981,0.1902,,,
74.681,0.7202,1.0000,0.7057,2.4713,-0.92,23.86,0.437,,1,1,11.981,0.1902,,,
74.713,0.7202,1.0000,0.7200,2.5144,-0.93,23.94,0.441,,1,1,11.981,0.1902,,,
74.746,0.7225,1.0000,0.7299,2.5132,-0.95,24.01,0.438,,1,1,11.981,0.1902,,,
74.776,0.7248,1.0000,0.7324,2.5316,-0.96,24.08,0.434,,1,1,11.981,0.1902,,,
74.809,0.7309,1.0000,0.7499,2.5757,-0.97,24.13,0.416,,1,1,11.981,0.1902,,,
74.857,0.7461,1.0000,0.7804,2.6679,-0.95,24.14,0.389,,1,1,11.981,0.1902,,,
74.892,0.7557,1.0000,0.7839,2.6797,-0.94,24.11,0.387,,1,1,11.981,0.1902,,,
74.932,0.7657,1.0000,0.7924,2.6997,-0.94,24.06,0.381,,1,1,11.981,0.1902,,,
74.968,0.7752,1.0000,0.8028,2.7239,-0.92,24.04,0.382,,1,1,11.981,0.1902,,,
74.994,0.7825,1.0000,0.8120,2.7255,-0.92,24.09,0.375,,1,1,11.981,0.1902,,,
75.024,0.7902,1.0000,0.8164,2.7206,-0.94,24.15,0.369,,1,1,11.981,0.1902,,,
75.052,0.7996,1.0000,0.8349,2.7791,-0.94,24.21,0.371,,1,1,11.981,0.1902,,,
75.081,0.8031,1.0000,0.8155,2.7737,-0.95,24.29,0.372,,1,1,11.981,0.1902,,,
75.114,0.8027,1.0000,0.8014,2.7700,-0.98,24.40,0.374,,1,1,11.981,0.1902,,,
75.145,0.7939,1.0000,0.7634,2.7696,-1.00,24.49,0.377,,1,1,11.981,0.1902,,,
75.176,0.7881,1.0000,0.7680,2.7955,-1.00,24.59,0.368,,1,1,11.981,0.1902,,,
75.208,0.7794,1.0000,0.7516,2.7939,-1.01,24.66,0.367,,1,1,11.981,0.1902,,,
75.240,0.7717,1.0000,0.7461,2.7978,-1.02,24.71,0.361,,1,1,11.981,0.1902,,,
75.274,0.7586,1.0000,0.7187,2.7940,-1.03,24.77,0.360,,1,1,11.981,0.1902,,,
75.304,0.7511,1.0000,0.7254,2.8122,-1.04,24.83,0.355,,1,1,11.981,0.1902,,,
75.337,0.7389,1.0000,0.7005,2.7889,-1.07,24.87,0.337,,1,1,11.981,0.1902,,,
75.369,0.7302,1.0000,0.7018,2.7855,-1.11,24.93,0.328,,1,1,11.981,0.1902,,,
75.402,0.7243,1.0000,0.7060,2.7910,-1.15,24.99,0.316,,1,1,11.981,0.1902,,,
75.449,0.7177,1.0000,0.7028,2.8183,-1.19,25.01,0.333,,1,1,11.981,0.1902,,,
75.481,0.7092,1.0000,0.6821,2.8084,-1.21,25.05,0.327,,1,1,11.981,0.1902,,,
75.513,0.7029,1.0000,0.6825,2.8000,-1.24,25.09,0.328,,1,1,11.981,0.1902,,,
75.544,0.7023,1.0000,0.7004,2.7896,-1.27,25.15,0.325,,1,1,11.981,0.1902,,,
75.576,0.7044,1.0000,0.7112,2.7930,-1.31,25.18,0.319,,1,1,11.981,0.1902,,,
75.611,0.7092,1.0000,0.7239,2.7983,-1.37,25.23,0.323,,1,1,11.981,0.1902,,,
75.641,0.7219,1.0000,0.7647,2.7998,-1.42,25.27,0.315,,1,1,11.981,0.1902,,,
75.679,0.7442,1.0000,0.8057,2.7744,-1.46,25.31,0.301,,1,1,11.981,0.1902,,,
75.716,0.7675,1.0000,0.8331,2.7656,-1.49,25.35,0.301,,1,1,11.981,0.1902,,,
75.747,0.7859,1.0000,0.8471,2.7507,-1.52,25.37,0.303,,1,1,11.981,0.1902,,,
75.774,0.8009,1.0000,0.8563,2.7389,-1.55,25.39,0.304,,1,1,11.981,0.1902,,,
75.803,0.8130,1.0000,0.8550,2.7372,-1.57,25.37,0.305,,1,1,11.981,0.1902,,,
75.836,0.8229,1.0000,0.8535,2.6943,-1.60,25.34,0.299,,1,1,11.981,0.1902,,,
75.866,0.8326,1.0000,0.8658,2.6793,-1.64,25.31,0.301,,1,1,11.981,0.1902,,,
75.897,0.8427,1.0000,0.8752,2.6505,-1.67,25.31,0.303,,1,1,11.981,0.1902,,,
75.931,0.8498,1.0000,0.8716,2.6370,-1.69,25.26,0.302,,1,1,11.981,0.1902,,,
75.961,0.8533,1.0000,0.8649,2.6086,-1.70,25.17,0.291,,1,1,11.981,0.1902,,,
76.008,0.8642,1.0000,0.8884,2.5843,-1.73,25.08,0.280,,1,1,11.981,0.1902,,,
76.041,0.8788,1.0000,0.9229,2.6068,-1.75,25.05,0.284,,1,1,11.981,0.1902,,,
76.073,0.8909,1.0000,0.9294,2.5971,-1.77,25.02,0.277,,1,1,11.981,0.1902,,,
76.106,0.9024,1.0000,0.9382,2.6033,-1.79,25.02,0.279,,1,1,11.981,0.1902,,,
76.138,0.9127,1.0000,0.9462,2.5954,-1.80,25.02,0.280,,1,1,11.981,0.1902,,,
76.169,0.9210,1.0000,0.9471,2.5758,-1.81,25.01,0.284,,1,1,11.981,0.1902,,,
76.202,0.9361,1.0000,0.9841,2.5928,-1.82,25.00,0.287,,1,1,11.981,0.1902,,,
76.233,0.9541,1.0000,1.0117,2.5630,-1.84,24.96,0.275,,1,1,11.981,0.1902,,,
76.266,0.9773,1.0000,1.0819,2.5058,-1.85,24.84,0.224,,1,1,11.981,0.1902,,,
76.296,0.9948,1.0000,1.1567,2.5443,-1.83,24.56,0.118,,1,1,11.981,0.1902,,,
76.329,1.0000,1.0000,1.2087,2.5393,-1.78,24.23,0.089,,1,1,11.981,0.1902,,,
76.361,1.0000,1.0000,1.3064,2.5111,-1.68,24.16,0.209,,1,1,11.981,0.1902,,,
76.394,1.0000,1.0000,1.3649,2.5244,-1.64,24.03,0.318,,1,1,11.981,0.1902,,,
76.425,1.0000,1.0000,1.4023,2.4172,-1.62,23.87,0.384,,1,1,11.981,0.1902,,,
76.458,1.0000,1.0000,1.4423,2.3812,-1.62,23.74,0.411,,1,1,11.981,0.1902,,,
76.489,1.0000,1.0000,1.4860,2.3018,-1.66,23.34,0.427,,1,1,11.981,0.1902,,,
76.525,1.0000,1.0000,1.5140,2.2795,-1.69,22.87,0.442,,1,1,11.981,0.1902,,,
76.571,1.0000,1.0000,1.5441,2.1598,-1.79,22.08,0.462,,1,1,11.981,0.1902,,,
76.602,1.0000,1.0000,1.5802,2.0441,-1.93,21.35,0.486,,1,1,11.981,0.1902,,,
76.633,1.0000,1.0000,1.5806,1.9897,-2.03,20.90,0.496,,1,1,11.981,0.1902,,,
76.665,1.0000,1.0000,1.5871,1.9317,-2.09,20.51,0.502,,1,1,11.981,0.1902,,,
76.697,1.0000,1.0000,1.5982,1.8701,-2.18,20.09,0.504,,1,1,11.981,0.1902,,,
76.729,1.0000,1.0000,1.6168,1.8375,-2.20,19.90,0.500,,1,1,11.981,0.1902,,,
76.760,1.0000,1.0000,1.6380,1.7949,-2.28,19.22,0.503,,1,1,11.981,0.1902,,,
76.794,1.0000,1.0000,1.6280,1.8443,-2.29,19.06,0.504,,1,1,11.981,0.1902,,,
76.825,1.0000,1.0000,1.6548,1.8206,-2.28,18.99,0.501,,1,1,11.981,0.1902,,,
76.857,1.0000,1.0000,1.6780,1.8029,-2.29,18.87,0.498,,1,1,11.981,0.1902,,,
76.889,1.0000,1.0000,1.6812,1.7993,-2.29,18.80,0.500,,1,1,11.981,0.1902,,,
76.922,1.0000,1.0000,1.7007,1.7401,-2.39,18.47,0.501,,1,1,11.981,0.1902,,,
76.954,1.0000,1.0000,1.7046,1.7155,-2.42,18.30,0.502,,1,1,11.981,0.1902,,,
77.018,1.0000,1.0000,1.6876,1.7152,-2.48,17.98,0.507,,1,1,11.981,0.1902,,,
77.049,1.0000,1.0000,1.6345,1.7695,-2.52,17.79,0.497,,1,1,11.981,0.1902,,,
77.081,1.0000,1.0000,1.5601,1.8000,-2.50,17.85,0.489,,1,1,11.981,0.1902,,,
77.128,1.0000,1.0000,1.4914,1.8710,-2.48,17.65,0.446,,1,1,11.981,0.1902,,,
77.161,1.0000,1.0000,1.4726,1.9610,-2.44,17.66,0.426,,1,1,11.981,0.1902,,,
77.189,1.0000,1.0000,1.4754,1.9801,-2.42,17.69,0.415,,1,1,11.981,0.1902,,,
77.214,1.0000,1.0000,1.4666,2.0255,-2.38,17.67,0.411,,1,1,11.981,0.1902,,,
77.241,1.0000,1.0000,1.4670,2.0411,-2.34,17.75,0.392,,1,1,11.981,0.1902,,,
77.268,1.0000,1.0000,1.4692,2.0886,-2.29,17.83,0.316,,1,1,11.981,0.1902,,,
77.296,1.0000,1.0000,1.4670,2.2261,-2.22,17.65,0.262,,1,1,11.981,0.1902,,,
77.323,1.0000,1.0000,1.4793,2.2519,-2.17,17.56,0.264,,1,1,11.981,0.1902,,,
77.353,1.0000,1.0000,1.4717,2.2594,-2.13,17.39,0.232,,1,1,11.981,0.1902,,,
77.416,1.0000,1.0000,1.5039,2.3297,-2.00,17.34,0.232,,1,1,11.981,0.1902,,,
77.449,1.0000,1.0000,1.5600,2.3534,-1.93,17.30,0.173,,1,1,11.981,0.1902,,,
77.481,1.0000,1.0000,1.5825,2.4151,-1.86,17.30,0.144,,1,1,11.981,0.1902,,,
77.514,1.0000,1.0000,1.5836,2.4911,-1.80,17.30,0.181,,1,1,11.981,0.1902,,,
77.544,1.0000,1.0000,1.5761,2.5565,-1.74,17.27,0.182,,1,1,11.981,0.1902,,,
77.578,1.0000,1.0000,1.5710,2.6009,-1.69,17.23,0.183,,1,1,11.981,0.1902,,,
77.609,1.0000,1.0000,1.5752,2.6175,-1.64,17.22,0.173,,1,1,11.981,0.1902,,,
77.641,1.0000,1.0000,1.5735,2.6313,-1.59,17.21,0.174,,1,1,11.981,0.1902,,,
77.675,1.0000,1.0000,1.5662,2.6495,-1.55,17.20,0.177,,1,1,11.981,0.1902,,,
77.720,1.0000,1.0000,1.5725,2.6351,-1.55,17.10,0.163,,1,1,11.981,0.1902,,,
77.755,1.0000,1.0000,1.5607,2.5547,-1.58,16.96,0.137,,1,1,11.981,0.1902,,,
77.781,1.0000,1.0000,1.5636,2.4975,-1.60,16.86,0.129,,1,1,11.981,0.1902,,,
77.817,1.0000,1.0000,1.6355,2.4513,-1.60,16.49,0.114,,1,1,11.981,0.1902,,,
77.851,1.0000,1.0000,1.6872,2.4460,-1.57,16.16,0.114,,1,1,11.981,0.1902,,,
77.880,1.0000,1.0000,1.7025,2.4627,-1.54,15.94,0.123,,1,1,11.981,0.1902,,,
77.912,1.0000,1.0000,1.7262,2.3945,-1.52,15.72,0.116,,1,1,11.981,0.1902,,,
77.945,1.0000,1.0000,1.7694,2.3325,-1.47,15.59,0.123,,1,1,11.981,0.1902,,,
77.976,1.0000,1.0000,1.7771,2.3502,-1.43,15.44,0.123,,1,1,11.981,0.1902,,,
78.010,1.0000,1.0000,1.7909,2.2939,-1.43,15.27,0.129,,1,1,11.981,0.1902,,,
78.042,1.0000,1.0000,1.7972,2.2790,-1.39,15.18,0.137,,1,1,11.981,0.1902,,,
78.074,1.0000,1.0000,1.7846,2.2714,-1.35,15.08,0.132,,1,1,11.981,0.1902,,,
78.105,1.0000,1.0000,1.7456,2.1909,-1.31,15.10,0.182,,1,1,11.981,0.1902,,,
78.136,0.5000,0.5000,0.5000,0.5000,-1.33,15.26,0.286,,1,0,,,0,0.5000,0.5000
78.168,0.5000,0.5000,0.5000,0.5000,-1.35,15.53,0.347,,1,0,,,0,0.5000,0.5000
78.201,0.5000,0.5000,0.5000,0.5000,-1.37,15.84,0.376,,1,0,,,0,0.5000,0.5000
78.233,0.5000,0.5000,0.5000,0.5000,-1.37,15.99,0.389,,1,0,,,0,0.5000,0.5000
78.281,0.5000,0.5000,0.5000,0.5000,-1.39,16.43,0.402,,1,0,,,0,0.5000,0.5000
78.312,0.5000,0.5000,0.5000,0.5000,-1.41,16.73,0.403,,1,0,,,0,0.5000,0.5000
78.343,0.5000,0.5000,0.5000,0.5000,-1.41,17.05,0.397,,1,0,,,0,0.5000,0.5000
78.376,0.5000,0.5000,0.5000,0.5000,-1.42,17.37,0.392,,1,0,,,0,0.5000,0.5000
78.408,0.5000,0.5000,0.5000,0.5000,-1.43,17.70,0.396,,1,0,,,0,0.5000,0.5000
78.440,0.5000,0.5000,0.5000,0.5000,-1.46,18.00,0.400,,1,0,,,0,0.5000,0.5000
78.474,0.5000,0.5000,0.5000,0.5000,-1.48,18.28,0.404,,1,0,,,0,0.5000,0.5000
78.506,0.5000,0.5000,0.5000,0.5000,-1.50,18.52,0.409,,1,0,,,0,0.5000,0.5000
78.536,0.5000,0.5000,0.5000,0.5000,-1.50,18.73,0.412,,1,0,,,0,0.5000,0.5000
78.569,0.5000,0.5000,0.5000,0.5000,-1.51,18.98,0.416,,1,0,,,0,0.5000,0.5000
78.601,0.5000,0.5000,0.5000,0.5000,-1.52,19.18,0.419,,1,0,,,0,0.5000,0.5000
78.633,0.5000,0.5000,0.5000,0.5000,-1.53,19.38,0.424,,1,0,,,0,0.5000,0.5000
78.666,0.5000,0.5000,0.5000,0.5000,-1.53,19.50,0.428,,1,0,,,0,0.5000,0.5000
78.698,0.5000,0.5000,0.5000,0.5000,-1.52,19.62,0.426,,1,0,,,0,0.5000,0.5000
78.730,0.5000,0.5000,0.5000,0.5000,-1.52,19.80,0.431,,1,0,,,0,0.5000,0.5000
78.761,0.5000,0.5000,0.5000,0.5000,-1.53,19.79,0.415,,1,0,,,0,0.5000,0.5000
78.792,0.5000,0.5000,0.5000,0.5000,-1.52,19.97,0.371,,1,0,,,0,0.5000,0.5000
78.842,0.5000,0.5000,0.5000,0.5000,-1.49,20.22,0.351,,1,0,,,0,0.5000,0.5000
78.872,0.5000,0.5000,0.5000,0.5000,-1.46,20.43,0.338,,1,0,,,0,0.5000,0.5000
78.905,0.5000,0.5000,0.5000,0.5000,-1.43,20.60,0.328,,1,0,,,0,0.5000,0.5000
78.938,0.5000,0.5000,0.5000,0.5000,-1.42,20.78,0.318,,1,0,,,0,0.5000,0.5000
78.967,0.5000,0.5000,0.5000,0.5000,-1.42,21.01,0.331,,1,0,,,0,0.5000,0.5000
79.001,0.5000,0.5000,0.5000,0.5000,-1.41,21.27,0.345,,1,0,,,0,0.5000,0.5000
79.031,0.5000,0.5000,0.5000,0.5000,-1.43,21.48,0.349,,1,0,,,0,0.5000,0.5000
79.064,0.5000,0.5000,0.5000,0.5000,-1.44,21.70,0.345,,1,0,,,0,0.5000,0.5000
79.095,0.5000,0.5000,0.5000,0.5000,-1.48,21.91,0.333,,1,0,,,0,0.5000,0.5000
79.128,0.5000,0.5000,0.5000,0.5000,-1.50,22.13,0.351,,1,0,,,0,0.5000,0.5000
79.159,0.5000,0.5000,0.5000,0.5000,-1.55,22.31,0.356,,1,0,,,0,0.5000,0.5000
79.192,0.5000,0.5000,0.5000,0.5000,-1.59,22.46,0.358,,1,0,,,0,0.5000,0.5000
79.224,0.5000,0.5000,0.5000,0.5000,-1.60,22.66,0.346,,1,0,,,0,0.5000,0.5000
79.257,0.5000,0.5000,0.5000,0.5000,-1.63,22.92,0.344,,1,0,,,0,0.5000,0.5000
79.287,0.5000,0.5000,0.5000,0.5000,-1.65,23.12,0.351,,1,0,,,0,0.5000,0.5000
79.321,0.5000,0.5000,0.5000,0.5000,-1.66,23.32,0.356,,1,0,,,0,0.5000,0.5000
79.355,0.5000,0.5000,0.5000,0.5000,-1.68,23.45,0.352,,1,0,,,0,0.5000,0.5000
79.437,0.5000,0.5000,0.5000,0.5000,-1.68,23.59,0.344,,1,0,,,0,0.5000,0.5000
79.464,0.5000,0.5000,0.5000,0.5000,-1.69,23.65,0.342,,1,0,,,0,0.5000,0.5000
79.490,0.5000,0.5000,0.5000,0.5000,-1.71,23.73,0.345,,1,0,,,0,0.5000,0.5000
79.514,0.5000,0.5000,0.5000,0.5000,-1.74,23.80,0.362,,1,0,,,0,0.5000,0.5000
79.539,0.5000,0.5000,0.5000,0.5000,-1.75,23.88,0.360,,1,0,,,0,0.5000,0.5000
79.566,0.5000,0.5000,0.5000,0.5000,-1.76,23.97,0.360,,1,0,,,0,0.5000,0.5000
79.593,0.5000,0.5000,0.5000,0.5000,-1.76,24.05,0.361,,1,0,,,0,0.5000,0.5000
79.624,0.5000,0.5000,0.5000,0.5000,-1.75,24.15,0.362,,1,0,,,0,0.5000,0.5000
79.656,0.5000,0.5000,0.5000,0.5000,-1.73,24.20,0.359,,1,0,,,0,0.5000,0.5000
79.689,0.5000,0.5000,0.5000,0.5000,-1.72,24.29,0.360,,1,0,,,0,0.5000,0.5000
79.722,0.5000,0.5000,0.5000,0.5000,-1.71,24.42,0.360,,1,0,,,0,0.5000,0.5000
79.752,0.5000,0.5000,0.5000,0.5000,-1.72,24.54,0.362,,1,0,,,0,0.5000,0.5000
79.817,0.5000,0.5000,0.5000,0.5000,-1.73,24.68,0.356,,1,0,,,0,0.5000,0.5000
79.849,0.5000,0.5000,0.5000,0.5000,-1.71,24.73,0.355,,1,0,,,0,0.5000,0.5000
79.881,0.5000,0.5000,0.5000,0.5000,-1.71,24.79,0.357,,1,0,,,0,0.5000,0.5000
79.913,0.5000,0.5000,0.5000,0.5000,-1.71,24.87,0.358,,1,0,,,0,0.5000,0.5000
79.947,0.5000,0.5000,0.5000,0.5000,-1.71,24.93,0.359,,1,0,,,0,0.5000,0.5000
79.992,0.5000,0.5000,0.5000,0.5000,-1.72,25.00,0.360,,1,0,,,0,0.5000,0.5000
80.025,0.5000,0.5000,0.5000,0.5000,-1.72,25.03,0.362,,1,0,,,0,0.5000,0.5000
80.054,0.5000,0.5000,0.5000,0.5000,-1.72,25.04,0.366,,1,0,,,0,0.5000,0.5000
80.081,0.5000,0.5000,0.5000,0.5000,-1.70,25.05,0.366,,1,0,,,0,0.5000,0.5000
80.107,0.5000,0.5000,0.5000,0.5000,-1.67,25.07,0.367,,1,0,,,0,0.5000,0.5000
80.133,0.5000,0.5000,0.5000,0.5000,-1.64,25.11,0.367,,1,0,,,0,0.5000,0.5000
80.159,0.5000,0.5000,0.5000,0.5000,-1.61,25.14,0.365,,1,0,,,0,0.5000,0.5000
80.218,0.5000,0.5000,0.5000,0.5000,-1.59,25.21,0.356,,1,0,,,0,0.5000,0.5000
80.249,0.5000,0.5000,0.5000,0.5000,-1.60,25.24,0.357,,1,0,,,0,0.5000,0.5000
80.280,0.5000,0.5000,0.5000,0.5000,-1.59,25.26,0.365,,1,0,,,0,0.5000,0.5000
80.312,0.5000,0.5000,0.5000,0.5000,-1.58,25.28,0.358,,1,0,,,0,0.5000,0.5000
80.343,0.5000,0.5000,0.5000,0.5000,-1.57,25.29,0.359,,1,0,,,0,0.5000,0.5000
80.376,0.5000,0.5000,0.5000,0.5000,-1.56,25.28,0.360,,1,0,,,0,0.5000,0.5000
80.409,0.5000,0.5000,0.5000,0.5000,-1.56,25.27,0.366,,1,0,,,0,0.5000,0.5000
80.441,0.5000,0.5000,0.5000,0.5000,-1.56,25.26,0.364,,1,0,,,0,0.5000,0.5000
80.472,0.5000,0.5000,0.5000,0.5000,-1.56,25.28,0.363,,1,0,,,0,0.5000,0.5000
80.505,0.5000,0.5000,0.5000,0.5000,-1.56,25.29,0.363,,1,0,,,0,0.5000,0.5000
80.553,0.5000,0.5000,0.5000,0.5000,-1.52,25.28,0.357,,1,0,,,0,0.5000,0.5000
80.586,0.5000,0.5000,0.5000,0.5000,-1.48,25.29,0.348,,1,0,,,0,0.5000,0.5000
80.616,0.5000,0.5000,0.5000,0.5000,-1.42,25.28,0.349,,1,0,,,0,0.5000,0.5000
80.650,0.5000,0.5000,0.5000,0.5000,-1.37,25.29,0.350,,1,0,,,0,0.5000,0.5000
80.682,0.5000,0.5000,0.5000,0.5000,-1.33,25.26,0.332,,1,0,,,0,0.5000,0.5000
80.713,0.5000,0.5000,0.5000,0.5000,-1.30,25.28,0.342,,1,0,,,0,0.5000,0.5000
80.745,0.5000,0.5000,0.5000,0.5000,-1.26,25.30,0.350,,1,0,,,0,0.5000,0.5000
80.777,0.5000,0.5000,0.5000,0.5000,-1.21,25.34,0.358,,1,0,,,0,0.5000,0.5000
80.808,0.5000,0.5000,0.5000,0.5000,-1.18,25.36,0.358,,1,0,,,0,0.5000,0.5000
80.842,0.5000,0.5000,0.5000,0.5000,-1.16,25.42,0.364,,1,0,,,0,0.5000,0.5000
80.871,0.5000,0.5000,0.5000,0.5000,-1.14,25.45,0.363,,1,0,,,0,0.5000,0.5000
80.905,0.5000,0.5000,0.5000,0.5000,-1.14,25.47,0.371,,1,0,,,0,0.5000,0.5000
80.936,0.5000,0.5000,0.5000,0.5000,-1.14,25.51,0.367,,1,0,,,0,0.5000,0.5000
80.969,0.5000,0.5000,0.5000,0.5000,-1.14,25.52,0.367,,1,0,,,0,0.5000,0.5000
80.999,0.5000,0.5000,0.5000,0.5000,-1.13,25.50,0.364,,1,0,,,0,0.5000,0.5000
81.032,0.5000,0.5000,0.5000,0.5000,-1.12,25.51,0.360,,1,0,,,0,0.5000,0.5000
81.067,0.5000,0.5000,0.5000,0.5000,-1.09,25.51,0.365,,1,0,,,0,0.5000,0.5000
81.111,0.5000,0.5000,0.5000,0.5000,-1.05,25.49,0.367,,1,0,,,0,0.5000,0.5000
81.144,0.5000,0.5000,0.5000,0.5000,-1.03,25.51,0.365,,1,0,,,1,0.1000,0.1000
81.176,0.5000,0.5000,0.5000,0.5000,-1.01,25.54,0.357,,1,0,,,1,0.1000,0.1000
81.207,0.5000,0.5000,0.5000,0.5000,-0.98,25.58,0.357,,1,0,,,1,0.1000,0.1000
81.241,0.5000,0.5000,0.5000,0.5000,-0.97,25.64,0.357,,1,0,,,1,0.1000,0.1000
81.272,0.5000,0.5000,0.5000,0.5000,-0.96,25.69,0.358,,1,0,,,1,0.1000,0.1000
81.305,0.5000,0.5000,0.5000,0.5000,-0.95,25.71,0.359,,1,0,,,1,0.1000,0.1000
81.337,0.5000,0.5000,0.5000,0.5000,-0.94,25.72,0.363,,1,0,,,1,0.1000,0.1000
81.369,0.5000,0.5000,0.5000,0.5000,-0.93,25.74,0.363,,1,0,,,1,0.1000,0.1000
81.402,0.5000,0.5000,0.5000,0.5000,-0.93,25.74,0.364,,1,0,,,1,0.1000,0.1000
81.433,0.5000,0.5000,0.5000,0.5000,-0.93,25.74,0.382,,1,0,,,1,0.1000,0.1000
81.465,0.5000,0.5000,0.5000,0.5000,-0.95,25.76,0.404,,1,0,,,1,0.1000,0.1000
81.497,0.5000,0.5000,0.5000,0.5000,-0.97,25.76,0.420,,1,0,,,1,0.1000,0.1000
81.529,0.5000,0.5000,0.5000,0.5000,-1.00,25.78,0.435,,1,0,,,1,0.1000,0.1000
81.564,0.5000,0.5000,0.5000,0.5000,-1.03,25.87,0.448,,1,0,,,1,0.1000,0.1000
81.592,0.5000,0.5000,0.5000,0.5000,-1.06,25.95,0.451,,1,0,,,1,0.1000,0.1000
81.624,0.5000,0.5000,0.5000,0.5000,-1.09,26.05,0.440,,1,0,,,1,0.1000,0.1000
81.657,0.5000,0.5000,0.5000,0.5000,-1.11,26.13,0.432,,1,0,,,1,0.1000,0.1000
81.705,0.5000,0.5000,0.5000,0.5000,-1.15,26.26,0.432,,1,0,,,1,0.1000,0.1000
81.738,0.5000,0.5000,0.5000,0.5000,-1.18,26.34,0.431,,1,0,,,1,0.1000,0.1000
81.769,0.5000,0.5000,0.5000,0.5000,-1.20,26.41,0.425,,1,0,,,1,0.1000,0.1000
81.802,0.5000,0.5000,0.5000,0.5000,-1.23,26.48,0.430,,1,0,,,1,0.1000,0.1000
81.832,0.5000,0.5000,0.5000,0.5000,-1.24,26.57,0.431,,1,0,,,1,0.1000,0.1000
81.866,0.5000,0.5000,0.5000,0.5000,-1.26,26.69,0.425,,1,0,,,1,0.1000,0.1000
81.897,0.5000,0.5000,0.5000,0.5000,-1.27,26.75,0.426,,1,0,,,1,0.1000,0.1000
81.929,0.5000,0.5000,0.5000,0.5000,-1.29,26.80,0.432,,1,0,,,1,0.1000,0.1000
81.960,0.5000,0.5000,0.5000,0.5000,-1.31,26.85,0.435,,1,0,,,1,0.1000,0.1000
81.993,0.5000,0.5000,0.5000,0.5000,-1.32,26.90,0.434,,1,0,,,1,0.1000,0.1000
82.024,0.5000,0.5000,0.5000,0.5000,-1.32,26.95,0.432,,1,0,,,1,0.1000,0.1000
82.056,0.5000,0.5000,0.5000,0.5000,-1.31,27.00,0.432,,1,0,,,1,0.1000,0.1000
82.089,0.5000,0.5000,0.5000,0.5000,-1.29,27.04,0.430,,1,0,,,1,0.1000,0.1000
82.120,0.5000,0.5000,0.5000,0.5000,-1.27,27.07,0.430,,1,0,,,1,0.1000,0.1000
82.154,0.5000,0.5000,0.5000,0.5000,-1.25,27.13,0.423,,1,0,,,1,0.1000,0.1000
82.219,0.5000,0.5000,0.5000,0.5000,-1.22,27.23,0.426,,1,0,,,1,0.1000,0.1000
82.265,0.5000,0.5000,0.5000,0.5000,-1.23,27.30,0.424,,1,0,,,1,0.1000,0.1000
82.297,0.5000,0.5000,0.5000,0.5000,-1.23,27.33,0.426,,1,0,,,1,0.1000,0.1000
82.321,0.5000,0.5000,0.5000,0.5000,-1.22,27.36,0.427,,1,0,,,1,0.1000,0.1000
82.347,0.5000,0.5000,0.5000,0.5000,-1.22,27.39,0.429,,1,0,,,1,0.1000,0.1000
82.373,0.5000,0.5000,0.5000,0.5000,-1.21,27.41,0.433,,1,0,,,1,0.1000,0.1000
82.397,0.5000,0.5000,0.5000,0.5000,-1.21,27.46,0.432,,1,0,,,1,0.1000,0.1000
82.425,0.5000,0.5000,0.5000,0.5000,-1.21,27.52,0.432,,1,0,,,1,0.1000,0.1000
82.456,0.5000,0.5000,0.5000,0.5000,-1.21,27.59,0.431,,1,0,,,1,0.1000,0.1000
82.488,0.5000,0.5000,0.5000,0.5000,-1.20,27.65,0.433,,1,0,,,1,0.1000,0.1000
82.521,0.5000,0.5000,0.5000,0.5000,-1.20,27.70,0.433,,1,0,,,1,0.1000,0.1000
82.555,0.5000,0.5000,0.5000,0.5000,-1.19,27.74,0.434,,1,0,,,1,0.1000,0.1000
82.618,0.5000,0.5000,0.5000,0.5000,-1.17,27.81,0.432,,1,0,,,1,0.1000,0.1000
82.647,0.5000,0.5000,0.5000,0.5000,-1.16,27.81,0.434,,1,0,,,1,0.1000,0.1000
82.681,0.5000,0.5000,0.5000,0.5000,-1.14,27.82,0.432,,1,0,,,1,0.1000,0.1000
82.713,0.5000,0.5000,0.5000,0.5000,-1.13,27.84,0.433,,1,0,,,1,0.1000,0.1000
82.744,0.5000,0.5000,0.5000,0.5000,-1.12,27.86,0.432,,1,0,,,1,0.1000,0.1000
82.775,0.5000,0.5000,0.5000,0.5000,-1.12,27.88,0.433,,1,0,,,1,0.1000,0.1000
82.827,0.5000,0.5000,0.5000,0.5000,-1.13,27.91,0.425,,1,0,,,1,0.1000,0.1000
82.857,0.5000,0.5000,0.5000,0.5000,-1.13,27.93,0.425,,1,0,,,1,0.1000,0.1000
82.884,0.5000,0.5000,0.5000,0.5000,-1.13,27.96,0.423,,1,0,,,1,0.1000,0.1000
82.909,0.5000,0.5000,0.5000,0.5000,-1.13,27.99,0.421,,1,0,,,1,0.1000,0.1000
82.937,0.5000,0.5000,0.5000,0.5000,-1.12,28.03,0.423,,1,0,,,1,0.1000,0.1000
82.966,0.5000,0.5000,0.5000,0.5000,-1.12,28.04,0.428,,1,0,,,1,0.1000,0.1000
83.018,0.5000,0.5000,0.5000,0.5000,-1.09,28.07,0.427,,1,0,,,1,0.1000,0.1000
83.050,0.5000,0.5000,0.5000,0.5000,-1.09,28.09,0.428,,1,0,,,1,0.1000,0.1000
83.080,0.5000,0.5000,0.5000,0.5000,-1.12,28.09,0.433,,1,0,,,1,0.1000,0.1000
83.111,0.5000,0.5000,0.5000,0.5000,-1.15,28.09,0.436,,1,0,,,1,0.1000,0.1000
83.143,0.5000,0.5000,0.5000,0.5000,-1.18,28.04,0.436,,1,0,,,1,0.1000,0.1000
83.177,0.5000,0.5000,0.5000,0.5000,-1.20,28.03,0.434,,1,0,,,1,0.1000,0.1000
83.209,0.5000,0.5000,0.5000,0.5000,-1.21,28.04,0.432,,1,0,,,1,0.1000,0.1000
83.241,0.5000,0.5000,0.5000,0.5000,-1.23,28.06,0.436,,1,0,,,1,0.1000,0.1000
83.272,0.5000,0.5000,0.5000,0.5000,-1.25,28.09,0.435,,1,0,,,1,0.1000,0.1000
83.306,0.5000,0.5000,0.5000,0.5000,-1.27,28.12,0.439,,1,0,,,1,0.1000,0.1000
83.336,0.5000,0.5000,0.5000,0.5000,-1.29,28.14,0.439,,1,0,,,1,0.1000,0.1000
83.383,0.5000,0.5000,0.5000,0.5000,-1.30,28.15,0.441,,1,0,,,1,0.1000,0.1000
83.415,0.5000,0.5000,0.5000,0.5000,-1.31,28.15,0.441,,1,0,,,1,0.1000,0.1000
83.449,0.5000,0.5000,0.5000,0.5000,-1.32,28.09,0.442,,1,0,,,1,0.1000,0.1000
83.480,0.5000,0.5000,0.5000,0.5000,-1.32,28.02,0.445,,1,0,,,1,0.1000,0.1000
83.516,0.5000,0.5000,0.5000,0.5000,-1.31,27.97,0.435,,1,0,,,1,0.1000,0.1000
83.545,0.5000,0.5000,0.5000,0.5000,-1.31,27.92,0.436,,1,0,,,1,0.1000,0.1000
83.577,0.5000,0.5000,0.5000,0.5000,-1.31,27.85,0.439,,1,0,,,1,0.1000,0.1000
83.610,0.5000,0.5000,0.5000,0.5000,-1.32,27.80,0.441,,1,0,,,1,0.1000,0.1000
83.640,0.5000,0.5000,0.5000,0.5000,-1.32,27.77,0.441,,1,0,,,1,0.1000,0.1000
83.672,0.5000,0.5000,0.5000,0.5000,-1.31,27.75,0.436,,1,0,,,1,0.1000,0.1000
83.704,0.5000,0.5000,0.5000,0.5000,-1.31,27.74,0.435,,1,0,,,1,0.1000,0.1000
83.735,0.5000,0.5000,0.5000,0.5000,-1.31,27.74,0.435,,1,0,,,1,0.1000,0.1000
83.769,0.5000,0.5000,0.5000,0.5000,-1.31,27.74,0.433,,1,0,,,1,0.1000,0.1000
83.802,0.5000,0.5000,0.5000,0.5000,-1.30,27.74,0.433,,1,0,,,1,0.1000,0.1000
83.833,0.5000,0.5000,0.5000,0.5000,-1.30,27.73,0.433,,1,0,,,1,0.1000,0.1000
83.864,0.5000,0.5000,0.5000,0.5000,-1.30,27.71,0.431,,1,0,,,1,0.1000,0.1000
83.900,0.5000,0.5000,0.5000,0.5000,-1.29,27.70,0.433,,1,0,,,1,0.1000,0.1000
83.928,0.5000,0.5000,0.5000,0.5000,-1.30,27.68,0.433,,1,0,,,1,0.1000,0.1000
83.977,0.5000,0.5000,0.5000,0.5000,-1.29,27.66,0.431,,1,0,,,1,0.1000,0.1000
84.008,0.5000,0.5000,0.5000,0.5000,-1.30,27.65,0.431,,1,0,,,1,0.1000,0.1000
84.041,0.5000,0.5000,0.5000,0.5000,-1.29,27.64,0.432,,1,0,,,1,0.1000,0.1000
84.073,0.5000,0.5000,0.5000,0.5000,-1.28,27.67,0.433,,1,0,,,1,0.1000,0.1000
84.103,0.5000,0.5000,0.5000,0.5000,-1.28,27.71,0.430,,1,0,,,1,0.1000,0.1000
84.136,0.5000,0.5000,0.5000,0.5000,-1.29,27.73,0.425,,1,0,,,1,0.1000,0.1000
84.168,0.5000,0.5000,0.5000,0.5000,-1.27,27.75,0.420,,1,0,,,2,0.9000,0.1000
84.200,0.5000,0.5000,0.5000,0.5000,-1.26,27.76,0.422,,1,0,,,2,0.9000,0.1000
84.234,0.5000,0.5000,0.5000,0.5000,-1.25,27.77,0.423,,1,0,,,2,0.9000,0.1000
84.266,0.5000,0.5000,0.5000,0.5000,-1.23,27.81,0.417,,1,0,,,2,0.9000,0.1000
84.297,0.5000,0.5000,0.5000,0.5000,-1.19,27.89,0.421,,1,0,,,2,0.9000,0.1000
84.328,0.5000,0.5000,0.5000,0.5000,-1.12,27.93,0.415,,1,0,,,2,0.9000,0.1000
84.360,0.5000,0.5000,0.5000,0.5000,-1.07,27.96,0.413,,1,0,,,2,0.9000,0.1000
84.393,0.5000,0.5000,0.5000,0.5000,-1.02,28.00,0.417,,1,0,,,2,0.9000,0.1000
84.424,0.5000,0.5000,0.5000,0.5000,-0.96,28.04,0.419,,1,0,,,2,0.9000,0.1000
84.458,0.5000,0.5000,0.5000,0.5000,-0.89,28.08,0.430,,1,0,,,2,0.9000,0.1000
84.488,0.5000,0.5000,0.5000,0.5000,-0.84,28.11,0.434,,1,0,,,2,0.9000,0.1000
84.537,0.5000,0.5000,0.5000,0.5000,-0.77,28.17,0.433,,1,0,,,2,0.9000,0.1000
84.570,0.5000,0.5000,0.5000,0.5000,-0.69,28.20,0.435,,1,0,,,2,0.9000,0.1000
84.603,0.5000,0.5000,0.5000,0.5000,-0.61,28.25,0.434,,1,0,,,2,0.9000,0.1000
84.631,0.5000,0.5000,0.5000,0.5000,-0.54,28.28,0.435,,1,0,,,2,0.9000,0.1000
84.665,0.5000,0.5000,0.5000,0.5000,-0.48,28.30,0.435,,1,0,,,2,0.9000,0.1000
84.696,0.5000,0.5000,0.5000,0.5000,-0.43,28.31,0.438,,1,0,,,2,0.9000,0.1000
84.728,0.5000,0.5000,0.5000,0.5000,-0.39,28.35,0.440,,1,0,,,2,0.9000,0.1000
84.761,0.5000,0.5000,0.5000,0.5000,-0.35,28.39,0.438,,1,0,,,2,0.9000,0.1000
84.793,0.5000,0.5000,0.5000,0.5000,-0.33,28.46,0.443,,1,0,,,2,0.9000,0.1000
84.823,0.5000,0.5000,0.5000,0.5000,-0.31,28.52,0.444,,1,0,,,2,0.9000,0.1000
84.858,0.5000,0.5000,0.5000,0.5000,-0.26,28.57,0.445,,1,0,,,2,0.9000,0.1000
84.888,0.5000,0.5000,0.5000,0.5000,-0.20,28.62,0.447,,1,0,,,2,0.9000,0.1000
84.921,0.5000,0.5000,0.5000,0.5000,-0.17,28.68,0.442,,1,0,,,2,0.9000,0.1000
84.954,0.5000,0.5000,0.5000,0.5000,-0.14,28.71,0.436,,1,0,,,2,0.9000,0.1000
85.018,0.5000,0.5000,0.5000,0.5000,-0.11,28.84,0.439,,1,0,,,2,0.9000,0.1000
85.048,0.5000,0.5000,0.5000,0.5000,-0.09,28.85,0.437,,1,0,,,2,0.9000,0.1000
85.097,0.5000,0.5000,0.5000,0.5000,-0.05,28.82,0.434,,1,0,,,2,0.9000,0.1000
85.126,0.5000,0.5000,0.5000,0.5000,-0.02,28.82,0.437,,1,0,,,2,0.9000,0.1000
85.152,0.5000,0.5000,0.5000,0.5000,-0.00,28.83,0.437,,1,0,,,2,0.9000,0.1000
85.178,0.5000,0.5000,0.5000,0.5000,0.01,28.83,0.438,,1,0,,,2,0.9000,0.1000
85.204,0.5000,0.5000,0.5000,0.5000,0.02,28.86,0.435,,1,0,,,2,0.9000,0.1000
85.229,0.5000,0.5000,0.5000,0.5000,0.04,28.86,0.434,,1,0,,,2,0.9000,0.1000
85.257,0.5000,0.5000,0.5000,0.5000,0.05,28.86,0.434,,1,0,,,2,0.9000,0.1000
85.288,0.5000,0.5000,0.5000,0.5000,0.08,28.88,0.438,,1,0,,,2,0.9000,0.1000
85.322,0.5000,0.5000,0.5000,0.5000,0.09,28.90,0.436,,1,0,,,2,0.9000,0.1000
85.355,0.5000,0.5000,0.5000,0.5000,0.12,28.92,0.435,,1,0,,,2,0.9000,0.1000
85.417,0.5000,0.5000,0.5000,0.5000,0.15,28.94,0.433,,1,0,,,2,0.9000,0.1000
85.450,0.5000,0.5000,0.5000,0.5000,0.18,28.94,0.431,,1,0,,,2,0.9000,0.1000
85.482,0.5000,0.5000,0.5000,0.5000,0.20,28.92,0.430,,1,0,,,2,0.9000,0.1000
85.520,0.5000,0.5000,0.5000,0.5000,0.22,28.90,0.429,,1,0,,,2,0.9000,0.1000
85.549,0.5000,0.5000,0.5000,0.5000,0.25,28.86,0.430,,1,0,,,2,0.9000,0.1000
85.577,0.5000,0.5000,0.5000,0.5000,0.26,28.84,0.431,,1,0,,,2,0.9000,0.1000
85.608,0.5000,0.5000,0.5000,0.5000,0.27,28.86,0.430,,1,0,,,2,0.9000,0.1000
85.656,0.5000,0.5000,0.5000,0.5000,0.29,28.90,0.433,,1,0,,,2,0.9000,0.1000
85.688,0.5000,0.5000,0.5000,0.5000,0.31,28.92,0.432,,1,0,,,2,0.9000,0.1000
85.717,0.5000,0.5000,0.5000,0.5000,0.33,28.95,0.430,,1,0,,,2,0.9000,0.1000
85.740,0.5000,0.5000,0.5000,0.5000,0.35,28.97,0.431,,1,0,,,2,0.9000,0.1000
85.768,0.5000,0.5000,0.5000,0.5000,0.35,28.97,0.432,,1,0,,,2,0.9000,0.1000
85.816,0.5000,0.5000,0.5000,0.5000,0.40,28.99,0.432,,1,0,,,2,0.9000,0.1000
85.847,0.5000,0.5000,0.5000,0.5000,0.43,29.01,0.430,,1,0,,,2,0.9000,0.1000
85.880,0.5000,0.5000,0.5000,0.5000,0.46,29.00,0.428,,1,0,,,2,0.9000,0.1000
85.913,0.5000,0.5000,0.5000,0.5000,0.48,28.99,0.430,,1,0,,,2,0.9000,0.1000
85.946,0.5000,0.5000,0.5000,0.5000,0.51,29.02,0.430,,1,0,,,2,0.9000,0.1000
85.978,0.5000,0.5000,0.5000,0.5000,0.55,29.02,0.430,,1,0,,,2,0.9000,0.1000
86.008,0.5000,0.5000,0.5000,0.5000,0.57,29.00,0.432,,1,0,,,2,0.9000,0.1000
86.041,0.5000,0.5000,0.5000,0.5000,0.59,28.97,0.429,,1,0,,,2,0.9000,0.1000
86.074,0.5000,0.5000,0.5000,0.5000,0.61,28.93,0.428,,1,0,,,2,0.9000,0.1000
86.106,0.5000,0.5000,0.5000,0.5000,0.63,28.88,0.428,,1,0,,,2,0.9000,0.1000
86.137,0.5000,0.5000,0.5000,0.5000,0.64,28.85,0.428,,1,0,,,2,0.9000,0.1000
86.168,0.5000,0.5000,0.5000,0.5000,0.62,28.84,0.431,,1,0,,,2,0.9000,0.1000
86.202,0.5000,0.5000,0.5000,0.5000,0.61,28.81,0.431,,1,0,,,2,0.9000,0.1000
86.249,0.5000,0.5000,0.5000,0.5000,0.59,28.75,0.428,,1,0,,,2,0.9000,0.1000
86.281,0.5000,0.5000,0.5000,0.5000,0.56,28.74,0.426,,1,0,,,2,0.9000,0.1000
86.312,0.5000,0.5000,0.5000,0.5000,0.54,28.70,0.427,,1,0,,,2,0.9000,0.1000
86.344,0.5000,0.5000,0.5000,0.5000,0.53,28.66,0.421,,1,0,,,2,0.9000,0.1000
86.377,0.5000,0.5000,0.5000,0.5000,0.53,28.63,0.423,,1,0,,,2,0.9000,0.1000
86.409,0.5000,0.5000,0.5000,0.5000,0.52,28.61,0.423,,1,0,,,2,0.9000,0.1000
86.439,0.5000,0.5000,0.5000,0.5000,0.51,28.58,0.427,,1,0,,,2,0.9000,0.1000
86.472,0.5000,0.5000,0.5000,0.5000,0.49,28.56,0.425,,1,0,,,2,0.9000,0.1000
86.505,0.5000,0.5000,0.5000,0.5000,0.47,28.57,0.424,,1,0,,,2,0.9000,0.1000
86.537,0.5000,0.5000,0.5000,0.5000,0.47,28.57,0.423,,1,0,,,2,0.9000,0.1000
86.568,0.5000,0.5000,0.5000,0.5000,0.46,28.55,0.426,,1,0,,,2,0.9000,0.1000
86.601,0.5000,0.5000,0.5000,0.5000,0.45,28.51,0.430,,1,0,,,2,0.9000,0.1000
86.633,0.5000,0.5000,0.5000,0.5000,0.43,28.49,0.428,,1,0,,,2,0.9000,0.1000
86.666,0.5000,0.5000,0.5000,0.5000,0.41,28.48,0.425,,1,0,,,2,0.9000,0.1000
86.698,0.5000,0.5000,0.5000,0.5000,0.40,28.48,0.425,,1,0,,,2,0.9000,0.1000
86.727,0.5000,0.5000,0.5000,0.5000,0.39,28.46,0.424,,1,0,,,2,0.9000,0.1000
86.760,0.5000,0.5000,0.5000,0.5000,0.40,28.47,0.427,,1,0,,,2,0.9000,0.1000
86.808,0.5000,0.5000,0.5000,0.5000,0.40,28.47,0.434,,1,0,,,2,0.9000,0.1000
86.839,0.5000,0.5000,0.5000,0.5000,0.42,28.46,0.433,,1,0,,,2,0.9000,0.1000
86.872,0.5000,0.5000,0.5000,0.5000,0.43,28.41,0.427,,1,0,,,2,0.9000,0.1000
86.903,0.5000,0.5000,0.5000,0.5000,0.44,28.36,0.429,,1,0,,,2,0.9000,0.1000
86.935,0.5000,0.5000,0.5000,0.5000,0.44,28.30,0.428,,1,0,,,2,0.9000,0.1000
86.969,0.5000,0.5000,0.5000,0.5000,0.45,28.29,0.427,,1,0,,,2,0.9000,0.1000
87.001,0.5000,0.5000,0.5000,0.5000,0.45,28.28,0.427,,1,0,,,2,0.9000,0.1000
87.034,0.5000,0.5000,0.5000,0.5000,0.44,28.29,0.426,,1,0,,,2,0.9000,0.1000
87.065,0.5000,0.5000,0.5000,0.5000,0.42,28.28,0.426,,1,0,,,2,0.9000,0.1000
87.096,0.5000,0.5000,0.5000,0.5000,0.40,28.27,0.425,,1,0,,,2,0.9000,0.1000
87.129,0.5000,0.5000,0.5000,0.5000,0.37,28.29,0.423,,1,0,,,2,0.9000,0.1000
87.160,0.5000,0.5000,0.5000,0.5000,0.35,28.30,0.424,,1,0,,,2,0.9000,0.1000
87.191,0.5000,0.5000,0.5000,0.5000,0.33,28.31,0.423,,1,0,,,3,0.1000,0.9000
87.225,0.5000,0.5000,0.5000,0.5000,0.32,28.30,0.421,,1,0,,,3,0.1000,0.9000
87.257,0.5000,0.5000,0.5000,0.5000,0.31,28.27,0.420,,1,0,,,3,0.1000,0.9000
87.288,0.5000,0.5000,0.5000,0.5000,0.30,28.26,0.422,,1,0,,,3,0.1000,0.9000
87.320,0.5000,0.5000,0.5000,0.5000,0.30,28.26,0.422,,1,0,,,3,0.1000,0.9000
87.369,0.5000,0.5000,0.5000,0.5000,0.32,28.26,0.420,,1,0,,,3,0.1000,0.9000
87.400,0.5000,0.5000,0.5000,0.5000,0.31,28.26,0.419,,1,0,,,3,0.1000,0.9000
87.434,0.5000,0.5000,0.5000,0.5000,0.31,28.25,0.412,,1,0,,,3,0.1000,0.9000
87.465,0.5000,0.5000,0.5000,0.5000,0.30,28.20,0.385,,1,0,,,3,0.1000,0.9000
87.498,0.5000,0.5000,0.5000,0.5000,0.29,28.07,0.288,,1,0,,,3,0.1000,0.9000
87.530,0.5000,0.5000,0.5000,0.5000,0.29,27.82,0.160,,1,0,,,3,0.1000,0.9000
87.561,0.5000,0.5000,0.5000,0.5000,0.31,27.53,0.156,,1,0,,,3,0.1000,0.9000
87.592,0.5000,0.5000,0.5000,0.5000,0.32,27.24,0.158,,1,0,,,3,0.1000,0.9000
87.624,0.5000,0.5000,0.5000,0.5000,0.31,26.97,0.169,,1,0,,,3,0.1000,0.9000
87.657,0.5000,0.5000,0.5000,0.5000,0.30,26.72,0.194,,1,0,,,3,0.1000,0.9000
87.692,0.5000,0.5000,0.5000,0.5000,0.28,26.49,0.197,,1,0,,,3,0.1000,0.9000
87.721,0.5000,0.5000,0.5000,0.5000,0.26,26.31,0.207,,1,0,,,3,0.1000,0.9000
87.752,0.5000,0.5000,0.5000,0.5000,0.25,26.15,0.190,,1,0,,,3,0.1000,0.9000
87.819,0.5000,0.5000,0.5000,0.5000,0.23,26.03,0.217,,1,0,,,3,0.1000,0.9000
87.849,0.5000,0.5000,0.5000,0.5000,0.22,25.96,0.223,,1,0,,,3,0.1000,0.9000
87.880,0.5000,0.5000,0.5000,0.5000,0.22,25.88,0.223,,1,0,,,3,0.1000,0.9000
87.930,0.5000,0.5000,0.5000,0.5000,0.20,25.81,0.237,,1,0,,,3,0.1000,0.9000
87.963,0.5000,0.5000,0.5000,0.5000,0.20,25.75,0.235,,1,0,,,3,0.1000,0.9000
87.989,0.5000,0.5000,0.5000,0.5000,0.20,25.70,0.237,,1,0,,,3,0.1000,0.9000
88.015,0.5000,0.5000,0.5000,0.5000,0.20,25.64,0.234,,1,0,,,3,0.1000,0.9000
88.040,0.5000,0.5000,0.5000,0.5000,0.20,25.56,0.231,,1,0,,,3,0.1000,0.9000
88.068,0.5000,0.5000,0.5000,0.5000,0.20,25.47,0.237,,1,0,,,3,0.1000,0.9000
88.093,0.5000,0.5000,0.5000,0.5000,0.19,25.39,0.250,,1,0,,,3,0.1000,0.9000
88.121,0.5000,0.5000,0.5000,0.5000,0.19,25.32,0.252,,1,0,,,3,0.1000,0.9000
88.155,0.5000,0.5000,0.5000,0.5000,0.18,25.22,0.247,,1,0,,,3,0.1000,0.9000
88.221,0.5000,0.5000,0.5000,0.5000,0.18,25.02,0.255,,1,0,,,3,0.1000,0.9000
88.251,0.5000,0.5000,0.5000,0.5000,0.18,24.94,0.261,,1,0,,,3,0.1000,0.9000
88.280,0.5000,0.5000,0.5000,0.5000,0.17,24.87,0.257,,1,0,,,3,0.1000,0.9000
88.315,0.5000,0.5000,0.5000,0.5000,0.17,24.83,0.255,,1,0,,,3,0.1000,0.9000
88.344,0.5000,0.5000,0.5000,0.5000,0.17,24.80,0.254,,1,0,,,3,0.1000,0.9000
88.375,0.5000,0.5000,0.5000,0.5000,0.17,24.77,0.263,,1,0,,,3,0.1000,0.9000
88.410,0.5000,0.5000,0.5000,0.5000,0.18,24.80,0.259,,1,0,,,3,0.1000,0.9000
88.440,0.5000,0.5000,0.5000,0.5000,0.19,24.81,0.261,,1,0,,,3,0.1000,0.9000
88.471,0.5000,0.5000,0.5000,0.5000,0.19,24.78,0.264,,1,0,,,3,0.1000,0.9000
88.521,0.5000,0.5000,0.5000,0.5000,0.22,24.77,0.270,,1,0,,,3,0.1000,0.9000
88.554,0.5000,0.5000,0.5000,0.5000,0.22,24.75,0.278,,1,0,,,3,0.1000,0.9000
88.580,0.5000,0.5000,0.5000,0.5000,0.23,24.72,0.280,,1,0,,,3,0.1000,0.9000
88.618,0.5000,0.5000,0.5000,0.5000,0.23,24.67,0.276,,1,0,,,3,0.1000,0.9000
88.649,0.5000,0.5000,0.5000,0.5000,0.23,24.64,0.272,,1,0,,,3,0.1000,0.9000
88.680,0.5000,0.5000,0.5000,0.5000,0.23,24.60,0.262,,1,0,,,3,0.1000,0.9000
88.714,0.5000,0.5000,0.5000,0.5000,0.23,24.59,0.258,,1,0,,,3,0.1000,0.9000
88.746,0.5000,0.5000,0.5000,0.5000,0.23,24.56,0.269,,1,0,,,3,0.1000,0.9000
88.775,0.5000,0.5000,0.5000,0.5000,0.24,24.56,0.267,,1,0,,,3,0.1000,0.9000
88.808,0.5000,0.5000,0.5000,0.5000,0.24,24.56,0.270,,1,0,,,3,0.1000,0.9000
88.840,0.5000,0.5000,0.5000,0.5000,0.25,24.55,0.261,,1,0,,,3,0.1000,0.9000
88.873,0.5000,0.5000,0.5000,0.5000,0.26,24.53,0.266,,1,0,,,3,0.1000,0.9000
88.903,0.5000,0.5000,0.5000,0.5000,0.26,24.51,0.267,,1,0,,,3,0.1000,0.9000
88.936,0.5000,0.5000,0.5000,0.5000,0.26,24.51,0.264,,1,0,,,3,0.1000,0.9000
88.969,0.5000,0.5000,0.5000,0.5000,0.25,24.52,0.272,,1,0,,,3,0.1000,0.9000
89.001,0.5000,0.5000,0.5000,0.5000,0.24,24.53,0.280,,1,0,,,3,0.1000,0.9000
89.033,0.5000,0.5000,0.5000,0.5000,0.23,24.53,0.282,,1,0,,,3,0.1000,0.9000
89.081,0.5000,0.5000,0.5000,0.5000,0.21,24.56,0.273,,1,0,,,3,0.1000,0.9000
89.113,0.5000,0.5000,0.5000,0.5000,0.20,24.58,0.277,,1,0,,,3,0.1000,0.9000
89.146,0.5000,0.5000,0.5000,0.5000,0.20,24.60,0.263,,1,0,,,3,0.1000,0.9000
89.176,0.5000,0.5000,0.5000,0.5000,0.21,24.60,0.271,,1,0,,,3,0.1000,0.9000
89.210,0.5000,0.5000,0.5000,0.5000,0.22,24.58,0.261,,1,0,,,3,0.1000,0.9000
89.246,0.5000,0.5000,0.5000,0.5000,0.23,24.58,0.266,,1,0,,,3,0.1000,0.9000
89.280,0.5000,0.5000,0.5000,0.5000,0.21,24.63,0.269,,1,0,,,3,0.1000,0.9000
89.311,0.5000,0.5000,0.5000,0.5000,0.21,24.67,0.265,,1,0,,,3,0.1000,0.9000
89.338,0.5000,0.5000,0.5000,0.5000,0.22,24.68,0.264,,1,0,,,3,0.1000,0.9000
89.369,0.5000,0.5000,0.5000,0.5000,0.21,24.69,0.250,,1,0,,,3,0.1000,0.9000
89.400,0.5000,0.5000,0.5000,0.5000,0.20,24.69,0.237,,1,0,,,3,0.1000,0.9000
89.432,0.5000,0.5000,0.5000,0.5000,0.20,24.68,0.233,,1,0,,,3,0.1000,0.9000
89.465,0.5000,0.5000,0.5000,0.5000,0.19,24.67,0.244,,1,0,,,3,0.1000,0.9000
89.498,0.5000,0.5000,0.5000,0.5000,0.17,24.70,0.253,,1,0,,,3,0.1000,0.9000
89.527,0.5000,0.5000,0.5000,0.5000,0.16,24.71,0.246,,1,0,,,3,0.1000,0.9000
89.560,0.5000,0.5000,0.5000,0.5000,0.14,24.71,0.255,,1,0,,,3,0.1000,0.9000
89.592,0.5000,0.5000,0.5000,0.5000,0.13,24.71,0.253,,1,0,,,3,0.1000,0.9000
89.641,0.5000,0.5000,0.5000,0.5000,0.11,24.70,0.268,,1,0,,,3,0.1000,0.9000
89.673,0.5000,0.5000,0.5000,0.5000,0.10,24.69,0.262,,1,0,,,3,0.1000,0.9000
89.707,0.5000,0.5000,0.5000,0.5000,0.08,24.67,0.257,,1,0,,,3,0.1000,0.9000
89.736,0.5000,0.5000,0.5000,0.5000,0.07,24.66,0.262,,1,0,,,3,0.1000,0.9000
89.770,0.5000,0.5000,0.5000,0.5000,0.07,24.66,0.272,,1,0,,,3,0.1000,0.9000
89.800,0.5000,0.5000,0.5000,0.5000,0.08,24.65,0.276,,1,0,,,3,0.1000,0.9000
89.833,0.5000,0.5000,0.5000,0.5000,0.09,24.65,0.275,,1,0,,,3,0.1000,0.9000
89.866,0.5000,0.5000,0.5000,0.5000,0.09,24.64,0.272,,1,0,,,3,0.1000,0.9000
89.897,0.5000,0.5000,0.5000,0.5000,0.09,24.63,0.272,,1,0,,,3,0.1000,0.9000
89.929,0.5000,0.5000,0.5000,0.5000,0.10,24.65,0.278,,1,0,,,3,0.1000,0.9000
89.959,0.5000,0.5000,0.5000,0.5000,0.11,24.65,0.270,,1,0,,,3,0.1000,0.9000
89.993,0.5000,0.5000,0.5000,0.5000,0.12,24.67,0.273,,1,0,,,3,0.1000,0.9000
90.024,0.5000,0.5000,0.5000,0.5000,0.12,24.66,0.280,,1,0,,,3,0.1000,0.9000
90.056,0.5000,0.5000,0.5000,0.5000,0.12,24.65,0.284,,1,0,,,3,0.1000,0.9000
90.093,0.5000,0.5000,0.5000,0.5000,0.11,24.65,0.288,,1,0,,,3,0.1000,0.9000
90.121,0.5000,0.5000,0.5000,0.5000,0.11,24.67,0.287,,1,0,,,3,0.1000,0.9000
90.153,0.5000,0.5000,0.5000,0.5000,0.11,24.66,0.290,,1,0,,,3,0.1000,0.9000
90.235,0.5000,0.5000,0.5000,0.5000,0.20,24.55,0.277,,1,0,,,3,0.1000,0.9000
90.261,0.5000,0.5000,0.5000,0.5000,0.23,24.51,0.273,,1,0,,,4,0.9000,0.9000
90.286,0.5000,0.5000,0.5000,0.5000,0.26,24.49,0.271,,1,0,,,4,0.9000,0.9000
90.310,0.5000,0.5000,0.5000,0.5000,0.28,24.51,0.271,,1,0,,,4,0.9000,0.9000
90.337,0.5000,0.5000,0.5000,0.5000,0.29,24.53,0.271,,1,0,,,4,0.9000,0.9000
90.364,0.5000,0.5000,0.5000,0.5000,0.31,24.57,0.276,,1,0,,,4,0.9000,0.9000
90.393,0.5000,0.5000,0.5000,0.5000,0.32,24.60,0.273,,1,0,,,4,0.9000,0.9000
90.425,0.5000,0.5000,0.5000,0.5000,0.32,24.62,0.275,,1,0,,,4,0.9000,0.9000
90.457,0.5000,0.5000,0.5000,0.5000,0.33,24.62,0.270,,1,0,,,4,0.9000,0.9000
90.488,0.5000,0.5000,0.5000,0.5000,0.34,24.62,0.270,,1,0,,,4,0.9000,0.9000
90.521,0.5000,0.5000,0.5000,0.5000,0.35,24.63,0.280,,1,0,,,4,0.9000,0.9000
90.553,0.5000,0.5000,0.5000,0.5000,0.37,24.72,0.279,,1,0,,,4,0.9000,0.9000
90.617,0.5000,0.5000,0.5000,0.5000,0.39,24.93,0.286,,1,0,,,4,0.9000,0.9000
90.649,0.5000,0.5000,0.5000,0.5000,0.41,25.05,0.298,,1,0,,,4,0.9000,0.9000
90.681,0.5000,0.5000,0.5000,0.5000,0.44,25.23,0.307,,1,0,,,4,0.9000,0.9000
90.713,0.5000,0.5000,0.5000,0.5000,0.48,25.41,0.305,,1,0,,,4,0.9000,0.9000
90.745,0.5000,0.5000,0.5000,0.5000,0.50,25.56,0.313,,1,0,,,4,0.9000,0.9000
90.792,0.5000,0.5000,0.5000,0.5000,0.55,25.74,0.332,,1,0,,,4,0.9000,0.9000
90.824,0.5000,0.5000,0.5000,0.5000,0.57,25.89,0.333,,1,0,,,4,0.9000,0.9000
90.851,0.5000,0.5000,0.5000,0.5000,0.58,26.03,0.333,,1,0,,,4,0.9000,0.9000
90.877,0.5000,0.5000,0.5000,0.5000,0.59,26.18,0.332,,1,0,,,4,0.9000,0.9000
90.902,0.5000,0.5000,0.5000,0.5000,0.61,26.29,0.331,,1,0,,,4,0.9000,0.9000
90.929,0.5000,0.5000,0.5000,0.5000,0.62,26.39,0.336,,1,0,,,4,0.9000,0.9000
90.956,0.5000,0.5000,0.5000,0.5000,0.63,26.46,0.336,,1,0,,,4,0.9000,0.9000
91.015,0.5000,0.5000,0.5000,0.5000,0.62,26.53,0.335,,1,0,,,4,0.9000,0.9000
91.049,0.5000,0.5000,0.5000,0.5000,0.62,26.57,0.334,,1,0,,,4,0.9000,0.9000
91.081,0.5000,0.5000,0.5000,0.5000,0.62,26.61,0.337,,1,0,,,4,0.9000,0.9000
91.113,0.5000,0.5000,0.5000,0.5000,0.63,26.65,0.335,,1,0,,,4,0.9000,0.9000
91.145,0.5000,0.5000,0.5000,0.5000,0.65,26.68,0.332,,1,0,,,4,0.9000,0.9000
91.178,0.5000,0.5000,0.5000,0.5000,0.67,26.74,0.335,,1,0,,,4,0.9000,0.9000
91.209,0.5000,0.5000,0.5000,0.5000,0.68,26.79,0.334,,1,0,,,4,0.9000,0.9000
91.241,0.5000,0.5000,0.5000,0.5000,0.71,26.87,0.340,,1,0,,,4,0.9000,0.9000
91.273,0.5000,0.5000,0.5000,0.5000,0.73,26.94,0.342,,1,0,,,4,0.9000,0.9000
91.305,0.5000,0.5000,0.5000,0.5000,0.75,26.99,0.335,,1,0,,,4,0.9000,0.9000
91.353,0.5000,0.5000,0.5000,0.5000,0.77,27.05,0.335,,1,0,,,4,0.9000,0.9000
91.385,0.5000,0.5000,0.5000,0.5000,0.77,27.11,0.336,,1,0,,,4,0.9000,0.9000
91.417,0.5000,0.5000,0.5000,0.5000,0.77,27.17,0.334,,1,0,,,4,0.9000,0.9000
91.448,0.5000,0.5000,0.5000,0.5000,0.75,27.25,0.335,,1,0,,,4,0.9000,0.9000
91.480,0.5000,0.5000,0.5000,0.5000,0.74,27.34,0.330,,1,0,,,4,0.9000,0.9000
91.513,0.5000,0.5000,0.5000,0.5000,0.73,27.39,0.331,,1,0,,,4,0.9000,0.9000
91.545,0.5000,0.5000,0.5000,0.5000,0.74,27.44,0.336,,1,0,,,4,0.9000,0.9000
91.576,0.5000,0.5000,0.5000,0.5000,0.74,27.45,0.334,,1,0,,,4,0.9000,0.9000
91.612,0.5000,0.5000,0.5000,0.5000,0.75,27.44,0.335,,1,0,,,4,0.9000,0.9000
91.642,0.5000,0.5000,0.5000,0.5000,0.75,27.44,0.336,,1,0,,,4,0.9000,0.9000
91.672,0.5000,0.5000,0.5000,0.5000,0.76,27.42,0.337,,1,0,,,4,0.9000,0.9000
91.704,0.5000,0.5000,0.5000,0.5000,0.76,27.42,0.335,,1,0,,,4,0.9000,0.9000
91.737,0.5000,0.5000,0.5000,0.5000,0.76,27.44,0.335,,1,0,,,4,0.9000,0.9000
91.768,0.5000,0.5000,0.5000,0.5000,0.76,27.46,0.335,,1,0,,,4,0.9000,0.9000
91.801,0.5000,0.5000,0.5000,0.5000,0.75,27.43,0.333,,1,0,,,4,0.9000,0.9000
91.834,0.5000,0.5000,0.5000,0.5000,0.74,27.41,0.335,,1,0,,,4,0.9000,0.9000
91.866,0.5000,0.5000,0.5000,0.5000,0.74,27.41,0.336,,1,0,,,4,0.9000,0.9000
91.914,0.5000,0.5000,0.5000,0.5000,0.75,27.46,0.329,,1,0,,,4,0.9000,0.9000
91.945,0.5000,0.5000,0.5000,0.5000,0.75,27.47,0.328,,1,0,,,4,0.9000,0.9000
91.976,0.5000,0.5000,0.5000,0.5000,0.74,27.46,0.327,,1,0,,,4,0.9000,0.9000
92.007,0.5000,0.5000,0.5000,0.5000,0.74,27.47,0.323,,1,0,,,4,0.9000,0.9000
92.039,0.5000,0.5000,0.5000,0.5000,0.75,27.48,0.326,,1,0,,,4,0.9000,0.9000
92.073,0.5000,0.5000,0.5000,0.5000,0.75,27.51,0.324,,1,0,,,4,0.9000,0.9000
92.103,0.5000,0.5000,0.5000,0.5000,0.76,27.52,0.322,,1,0,,,4,0.9000,0.9000
92.138,0.5000,0.5000,0.5000,0.5000,0.78,27.52,0.326,,1,0,,,4,0.9000,0.9000
92.170,0.5000,0.5000,0.5000,0.5000,0.79,27.50,0.326,,1,0,,,4,0.9000,0.9000
92.202,0.5000,0.5000,0.5000,0.5000,0.80,27.50,0.335,,1,0,,,4,0.9000,0.9000
92.241,0.5000,0.5000,0.5000,0.5000,0.81,27.49,0.334,,1,0,,,4,0.9000,0.9000
92.277,0.5000,0.5000,0.5000,0.5000,0.82,27.51,0.336,,1,0,,,4,0.9000,0.9000
92.304,0.5000,0.5000,0.5000,0.5000,0.82,27.53,0.334,,1,0,,,4,0.9000,0.9000
92.332,0.5000,0.5000,0.5000,0.5000,0.84,27.55,0.337,,1,0,,,4,0.9000,0.9000
92.360,0.5000,0.5000,0.5000,0.5000,0.85,27.56,0.343,,1,0,,,4,0.9000,0.9000
92.393,0.5000,0.5000,0.5000,0.5000,0.87,27.55,0.340,,1,0,,,4,0.9000,0.9000
92.423,0.5000,0.5000,0.5000,0.5000,0.87,27.55,0.335,,1,0,,,4,0.9000,0.9000
92.456,0.5000,0.5000,0.5000,0.5000,0.88,27.51,0.334,,1,0,,,4,0.9000,0.9000
92.506,0.5000,0.5000,0.5000,0.5000,0.89,27.45,0.332,,1,0,,,4,0.9000,0.9000
92.544,0.5000,0.5000,0.5000,0.5000,0.90,27.42,0.327,,1,0,,,4,0.9000,0.9000
92.573,0.5000,0.5000,0.5000,0.5000,0.90,27.38,0.330,,1,0,,,4,0.9000,0.9000
92.605,0.5000,0.5000,0.5000,0.5000,0.89,27.35,0.335,,1,0,,,4,0.9000,0.9000
92.633,0.5000,0.5000,0.5000,0.5000,0.88,27.33,0.336,,1,0,,,4,0.9000,0.9000
92.667,0.5000,0.5000,0.5000,0.5000,0.88,27.35,0.332,,1,0,,,4,0.9000,0.9000
92.701,0.5000,0.5000,0.5000,0.5000,0.87,27.36,0.329,,1,0,,,4,0.9000,0.9000
92.739,0.5000,0.5000,0.5000,0.5000,0.87,27.36,0.333,,1,0,,,4,0.9000,0.9000
92.769,0.5000,0.5000,0.5000,0.5000,0.86,27.34,0.337,,1,0,,,4,0.9000,0.9000
92.797,0.5000,0.5000,0.5000,0.5000,0.85,27.32,0.337,,1,0,,,4,0.9000,0.9000
92.826,0.5000,0.5000,0.5000,0.5000,0.85,27.30,0.338,,1,0,,,4,0.9000,0.9000
92.855,0.5000,0.5000,0.5000,0.5000,0.85,27.28,0.327,,1,0,,,4,0.9000,0.9000
92.888,0.5000,0.5000,0.5000,0.5000,0.86,27.28,0.332,,1,0,,,4,0.9000,0.9000
92.919,0.5000,0.5000,0.5000,0.5000,0.86,27.28,0.327,,1,0,,,4,0.9000,0.9000
92.956,0.5000,0.5000,0.5000,0.5000,0.86,27.28,0.328,,1,0,,,4,0.9000,0.9000
93.016,0.5000,0.5000,0.5000,0.5000,0.86,27.26,0.323,,1,0,,,4,0.9000,0.9000
93.066,0.5000,0.5000,0.5000,0.5000,0.85,27.25,0.322,,1,0,,,4,0.9000,0.9000
93.096,0.5000,0.5000,0.5000,0.5000,0.85,27.21,0.322,,1,0,,,4,0.9000,0.9000
93.122,0.5000,0.5000,0.5000,0.5000,0.85,27.17,0.323,,1,0,,,4,0.9000,0.9000
93.150,0.5000,0.5000,0.5000,0.5000,0.85,27.14,0.322,,1,0,,,4,0.9000,0.9000
93.173,0.5000,0.5000,0.5000,0.5000,0.86,27.13,0.321,,1,0,,,4,0.9000,0.9000
93.201,0.5000,0.5000,0.5000,0.5000,0.86,27.10,0.319,,1,0,,,4,0.9000,0.9000
93.227,0.5000,0.5000,0.5000,0.5000,0.87,27.08,0.316,,1,0,,,4,0.9000,0.9000
93.257,0.5000,0.5000,0.5000,0.5000,0.89,27.06,0.318,,1,0,,,4,0.9000,0.9000
93.287,0.5000,0.5000,0.5000,0.5000,0.89,27.07,0.319,,1,0,,,5,0.5000,0.1000
93.319,0.5000,0.5000,0.5000,0.5000,0.89,27.07,0.327,,1,0,,,5,0.5000,0.1000
93.353,0.5000,0.5000,0.5000,0.5000,0.89,27.08,0.329,,1,0,,,5,0.5000,0.1000
93.420,0.5000,0.5000,0.5000,0.5000,0.86,27.07,0.321,,1,0,,,5,0.5000,0.1000
93.450,0.5000,0.5000,0.5000,0.5000,0.85,27.06,0.321,,1,0,,,5,0.5000,0.1000
93.483,0.5000,0.5000,0.5000,0.5000,0.84,27.02,0.323,,1,0,,,5,0.5000,0.1000
93.512,0.5000,0.5000,0.5000,0.5000,0.84,27.00,0.311,,1,0,,,5,0.5000,0.1000
93.545,0.5000,0.5000,0.5000,0.5000,0.85,27.01,0.313,,1,0,,,5,0.5000,0.1000
93.577,0.5000,0.5000,0.5000,0.5000,0.85,27.00,0.256,,1,0,,,5,0.5000,0.1000
93.625,0.5000,0.5000,0.5000,0.5000,0.85,26.72,0.148,,1,0,,,5,0.5000,0.1000
93.657,0.5000,0.5000,0.5000,0.5000,0.85,26.52,0.135,,1,0,,,5,0.5000,0.1000
93.685,0.5000,0.5000,0.5000,0.5000,0.85,26.35,0.128,,1,0,,,5,0.5000,0.1000
93.712,0.5000,0.5000,0.5000,0.5000,0.84,26.26,0.204,,1,0,,,5,0.5000,0.1000
93.735,0.5000,0.5000,0.5000,0.5000,0.82,26.22,0.276,,1,0,,,5,0.5000,0.1000
93.762,0.5000,0.5000,0.5000,0.5000,0.80,26.23,0.313,,1,0,,,5,0.5000,0.1000
93.816,0.5000,0.5000,0.5000,0.5000,0.77,26.33,0.354,,1,0,,,5,0.5000,0.1000
93.849,0.5000,0.5000,0.5000,0.5000,0.74,26.41,0.370,,1,0,,,5,0.5000,0.1000
93.883,0.5000,0.5000,0.5000,0.5000,0.70,26.46,0.378,,1,0,,,5,0.5000,0.1000
93.913,0.5000,0.5000,0.5000,0.5000,0.67,26.51,0.383,,1,0,,,5,0.5000,0.1000
93.946,0.5000,0.5000,0.5000,0.5000,0.65,26.54,0.391,,1,0,,,5,0.5000,0.1000
93.978,0.5000,0.5000,0.5000,0.5000,0.63,26.57,0.388,,1,0,,,5,0.5000,0.1000
94.009,0.5000,0.5000,0.5000,0.5000,0.60,26.62,0.396,,1,0,,,5,0.5000,0.1000
94.040,0.5000,0.5000,0.5000,0.5000,0.58,26.69,0.397,,1,0,,,5,0.5000,0.1000
94.073,0.5000,0.5000,0.5000,0.5000,0.55,26.73,0.393,,1,0,,,5,0.5000,0.1000
94.102,0.5000,0.5000,0.5000,0.5000,0.52,26.75,0.400,,1,0,,,5,0.5000,0.1000
94.136,0.5000,0.5000,0.5000,0.5000,0.50,26.73,0.405,,1,0,,,5,0.5000,0.1000
94.189,0.5000,0.5000,0.5000,0.5000,0.47,26.75,0.412,,1,0,,,5,0.5000,0.1000
94.224,0.5000,0.5000,0.5000,0.5000,0.46,26.80,0.417,,1,0,,,5,0.5000,0.1000
94.251,0.5000,0.5000,0.5000,0.5000,0.45,26.82,0.417,,1,0,,,5,0.5000,0.1000
94.279,0.5000,0.5000,0.5000,0.5000,0.43,26.83,0.413,,1,0,,,5,0.5000,0.1000
94.310,0.5000,0.5000,0.5000,0.5000,0.41,26.83,0.410,,1,0,,,5,0.5000,0.1000
94.343,0.5000,0.5000,0.5000,0.5000,0.39,26.79,0.404,,1,0,,,5,0.5000,0.1000
94.377,0.5000,0.5000,0.5000,0.5000,0.37,26.76,0.405,,1,0,,,5,0.5000,0.1000
94.407,0.5000,0.5000,0.5000,0.5000,0.36,26.74,0.407,,1,0,,,5,0.5000,0.1000
94.440,0.5000,0.5000,0.5000,0.5000,0.35,26.70,0.413,,1,0,,,5,0.5000,0.1000
94.474,0.5000,0.5000,0.5000,0.5000,0.34,26.70,0.415,,1,0,,,5,0.5000,0.1000
94.507,0.5000,0.5000,0.5000,0.5000,0.34,26.69,0.411,,1,0,,,5,0.5000,0.1000
94.537,0.5000,0.5000,0.5000,0.5000,0.34,26.69,0.408,,1,0,,,5,0.5000,0.1000
94.568,0.5000,0.5000,0.5000,0.5000,0.33,26.64,0.408,,1,0,,,5,0.5000,0.1000
94.603,0.5000,0.5000,0.5000,0.5000,0.30,26.56,0.407,,1,0,,,5,0.5000,0.1000
94.637,0.5000,0.5000,0.5000,0.5000,0.28,26.54,0.405,,1,0,,,5,0.5000,0.1000
94.665,0.5000,0.5000,0.5000,0.5000,0.26,26.53,0.404,,1,0,,,5,0.5000,0.1000
94.699,0.5000,0.5000,0.5000,0.5000,0.24,26.52,0.404,,1,0,,,5,0.5000,0.1000
94.729,0.5000,0.5000,0.5000,0.5000,0.22,26.45,0.405,,1,0,,,5,0.5000,0.1000
94.779,0.5000,0.5000,0.5000,0.5000,0.19,26.38,0.403,,1,0,,,5,0.5000,0.1000
94.810,0.5000,0.5000,0.5000,0.5000,0.17,26.34,0.402,,1,0,,,5,0.5000,0.1000
94.842,0.5000,0.5000,0.5000,0.5000,0.16,26.31,0.406,,1,0,,,5,0.5000,0.1000
94.872,0.5000,0.5000,0.5000,0.5000,0.14,26.29,0.408,,1,0,,,5,0.5000,0.1000
94.904,0.5000,0.5000,0.5000,0.5000,0.11,26.24,0.410,,1,0,,,5,0.5000,0.1000
94.935,0.5000,0.5000,0.5000,0.5000,0.09,26.21,0.410,,1,0,,,5,0.5000,0.1000
94.967,0.5000,0.5000,0.5000,0.5000,0.07,26.14,0.410,,1,0,,,5,0.5000,0.1000
95.000,0.5000,0.5000,0.5000,0.5000,0.06,26.07,0.410,,1,0,,,5,0.5000,0.1000
95.033,0.5000,0.5000,0.5000,0.5000,0.04,25.99,0.411,,1,0,,,5,0.5000,0.1000
95.066,0.5000,0.5000,0.5000,0.5000,0.03,25.90,0.410,,1,0,,,5,0.5000,0.1000
95.097,0.5000,0.5000,0.5000,0.5000,0.03,25.83,0.405,,1,0,,,5,0.5000,0.1000
95.130,0.5000,0.5000,0.5000,0.5000,0.02,25.80,0.406,,1,0,,,5,0.5000,0.1000
95.162,0.5000,0.5000,0.5000,0.5000,0.01,25.77,0.404,,1,0,,,5,0.5000,0.1000
95.194,0.5000,0.5000,0.5000,0.5000,0.01,25.73,0.401,,1,0,,,5,0.5000,0.1000
95.225,0.5000,0.5000,0.5000,0.5000,0.00,25.70,0.402,,1,0,,,5,0.5000,0.1000
95.257,0.5000,0.5000,0.5000,0.5000,-0.01,25.67,0.400,,1,0,,,5,0.5000,0.1000
95.289,0.5000,0.5000,0.5000,0.5000,-0.01,25.66,0.402,,1,0,,,5,0.5000,0.1000
95.337,0.5000,0.5000,0.5000,0.5000,-0.01,25.58,0.400,,1,0,,,5,0.5000,0.1000
95.369,0.5000,0.5000,0.5000,0.5000,-0.02,25.51,0.398,,1,0,,,5,0.5000,0.1000
95.400,0.5000,0.5000,0.5000,0.5000,-0.02,25.47,0.398,,1,0,,,5,0.5000,0.1000
95.433,0.5000,0.5000,0.5000,0.5000,-0.02,25.45,0.398,,1,0,,,5,0.5000,0.1000
95.467,0.5000,0.5000,0.5000,0.5000,-0.03,25.44,0.401,,1,0,,,5,0.5000,0.1000
95.496,0.5000,0.5000,0.5000,0.5000,-0.04,25.43,0.402,,1,0,,,5,0.5000,0.1000
95.529,0.5000,0.5000,0.5000,0.5000,-0.05,25.41,0.401,,1,0,,,5,0.5000,0.1000
95.561,0.5000,0.5000,0.5000,0.5000,-0.06,25.39,0.399,,1,0,,,5,0.5000,0.1000
95.593,0.5000,0.5000,0.5000,0.5000,-0.07,25.40,0.399,,1,0,,,5,0.5000,0.1000
95.625,0.5000,0.5000,0.5000,0.5000,-0.08,25.40,0.398,,1,0,,,5,0.5000,0.1000
95.655,0.5000,0.5000,0.5000,0.5000,-0.09,25.32,0.399,,1,0,,,5,0.5000,0.1000
95.688,0.5000,0.5000,0.5000,0.5000,-0.09,25.27,0.400,,1,0,,,5,0.5000,0.1000
95.721,0.5000,0.5000,0.5000,0.5000,-0.09,25.22,0.397,,1,0,,,5,0.5000,0.1000
95.752,0.5000,0.5000,0.5000,0.5000,-0.08,25.18,0.396,,1,0,,,5,0.5000,0.1000
95.818,0.5000,0.5000,0.5000,0.5000,-0.09,25.22,0.396,,1,0,,,5,0.5000,0.1000
95.850,0.5000,0.5000,0.5000,0.5000,-0.09,25.23,0.399,,1,0,,,5,0.5000,0.1000
95.899,0.5000,0.5000,0.5000,0.5000,-0.10,25.25,0.399,,1,0,,,5,0.5000,0.1000
95.928,0.5000,0.5000,0.5000,0.5000,-0.11,25.28,0.400,,1,0,,,5,0.5000,0.1000
95.959,0.5000,0.5000,0.5000,0.5000,-0.11,25.32,0.400,,1,0,,,5,0.5000,0.1000
95.987,0.5000,0.5000,0.5000,0.5000,-0.11,25.36,0.399,,1,0,,,5,0.5000,0.1000
96.013,0.5000,0.5000,0.5000,0.5000,-0.11,25.39,0.401,,1,0,,,5,0.5000,0.1000
96.042,0.5000,0.5000,0.5000,0.5000,-0.11,25.40,0.397,,1,0,,,5,0.5000,0.1000
96.070,0.5000,0.5000,0.5000,0.5000,-0.11,25.46,0.399,,1,0,,,5,0.5000,0.1000
96.101,0.5000,0.5000,0.5000,0.5000,-0.10,25.48,0.396,,1,0,,,5,0.5000,0.1000
96.128,0.5000,0.5000,0.5000,0.5000,-0.10,25.51,0.397,,1,0,,,5,0.5000,0.1000
96.154,0.5000,0.5000,0.5000,0.5000,-0.10,25.50,0.397,,1,0,,,5,0.5000,0.1000
96.219,0.5000,0.5000,0.5000,0.5000,-0.09,25.59,0.404,,1,0,,,5,0.5000,0.1000
96.248,0.5000,0.5000,0.5000,0.5000,-0.10,25.65,0.407,,1,0,,,5,0.5000,0.1000
96.281,0.5000,0.5000,0.5000,0.5000,-0.09,25.66,0.406,,1,0,,,5,0.5000,0.1000
96.310,0.5000,0.5000,0.5000,0.5000,-0.08,25.68,0.404,,1,0,,,6,0.1000,0.5000
96.346,0.5000,0.5000,0.5000,0.5000,-0.08,25.74,0.403,,1,0,,,6,0.1000,0.5000
96.375,0.5000,0.5000,0.5000,0.5000,-0.08,25.75,0.399,,1,0,,,6,0.1000,0.5000
96.408,0.5000,0.5000,0.5000,0.5000,-0.09,25.75,0.400,,1,0,,,6,0.1000,0.5000
96.439,0.5000,0.5000,0.5000,0.5000,-0.11,25.73,0.398,,1,0,,,6,0.1000,0.5000
96.488,0.5000,0.5000,0.5000,0.5000,-0.11,25.84,0.402,,1,0,,,6,0.1000,0.5000
96.515,0.5000,0.5000,0.5000,0.5000,-0.12,25.91,0.402,,1,0,,,6,0.1000,0.5000
96.543,0.5000,0.5000,0.5000,0.5000,-0.11,25.97,0.401,,1,0,,,6,0.1000,0.5000
96.568,0.5000,0.5000,0.5000,0.5000,-0.12,25.99,0.403,,1,0,,,6,0.1000,0.5000
96.615,0.5000,0.5000,0.5000,0.5000,-0.13,26.01,0.397,,1,0,,,6,0.1000,0.5000
96.648,0.5000,0.5000,0.5000,0.5000,-0.14,25.99,0.394,,1,0,,,6,0.1000,0.5000
96.681,0.5000,0.5000,0.5000,0.5000,-0.16,25.95,0.395,,1,0,,,6,0.1000,0.5000
96.713,0.5000,0.5000,0.5000,0.5000,-0.17,25.95,0.394,,1,0,,,6,0.1000,0.5000
96.746,0.5000,0.5000,0.5000,0.5000,-0.19,25.91,0.394,,1,0,,,6,0.1000,0.5000
96.776,0.5000,0.5000,0.5000,0.5000,-0.19,25.86,0.395,,1,0,,,6,0.1000,0.5000
96.811,0.5000,0.5000,0.5000,0.5000,-0.19,25.83,0.394,,1,0,,,6,0.1000,0.5000
96.840,0.5000,0.5000,0.5000,0.5000,-0.19,25.81,0.394,,1,0,,,6,0.1000,0.5000
96.874,0.5000,0.5000,0.5000,0.5000,-0.20,25.74,0.391,,1,0,,,6,0.1000,0.5000
96.904,0.5000,0.5000,0.5000,0.5000,-0.19,25.69,0.389,,1,0,,,6,0.1000,0.5000
96.937,0.5000,0.5000,0.5000,0.5000,-0.19,25.64,0.384,,1,0,,,6,0.1000,0.5000
96.969,0.5000,0.5000,0.5000,0.5000,-0.20,25.60,0.384,,1,0,,,6,0.1000,0.5000
97.000,0.5000,0.5000,0.5000,0.5000,-0.20,25.53,0.386,,1,0,,,6,0.1000,0.5000
97.049,0.5000,0.5000,0.5000,0.5000,-0.20,25.37,0.385,,1,0,,,6,0.1000,0.5000
97.081,0.5000,0.5000,0.5000,0.5000,-0.20,25.32,0.389,,1,0,,,6,0.1000,0.5000
97.114,0.5000,0.5000,0.5000,0.5000,-0.20,25.29,0.389,,1,0,,,6,0.1000,0.5000
97.144,0.5000,0.5000,0.5000,0.5000,-0.21,25.25,0.386,,1,0,,,6,0.1000,0.5000
97.177,0.5000,0.5000,0.5000,0.5000,-0.22,25.20,0.390,,1,0,,,6,0.1000,0.5000
97.209,0.5000,0.5000,0.5000,0.5000,-0.22,25.18,0.383,,1,0,,,6,0.1000,0.5000
97.240,0.5000,0.5000,0.5000,0.5000,-0.22,25.15,0.386,,1,0,,,6,0.1000,0.5000
97.272,0.5000,0.5000,0.5000,0.5000,-0.24,25.13,0.387,,1,0,,,6,0.1000,0.5000
97.304,0.5000,0.5000,0.5000,0.5000,-0.23,25.11,0.388,,1,0,,,6,0.1000,0.5000
97.336,0.5000,0.5000,0.5000,0.5000,-0.22,25.11,0.391,,1,0,,,6,0.1000,0.5000
97.369,0.5000,0.5000,0.5000,0.5000,-0.21,25.12,0.387,,1,0,,,6,0.1000,0.5000
97.401,0.5000,0.5000,0.5000,0.5000,-0.20,25.11,0.384,,1,0,,,6,0.1000,0.5000
97.432,0.5000,0.5000,0.5000,0.5000,-0.20,25.09,0.386,,1,0,,,6,0.1000,0.5000
97.466,0.5000,0.5000,0.5000,0.5000,-0.20,25.06,0.382,,1,0,,,6,0.1000,0.5000
97.498,0.5000,0.5000,0.5000,0.5000,-0.20,25.02,0.382,,1,0,,,6,0.1000,0.5000
97.528,0.5000,0.5000,0.5000,0.5000,-0.20,24.98,0.383,,1,0,,,6,0.1000,0.5000
97.561,0.5000,0.5000,0.5000,0.5000,-0.20,24.94,0.384,,1,0,,,6,0.1000,0.5000
97.609,0.5000,0.5000,0.5000,0.5000,-0.21,24.89,0.374,,1,0,,,6,0.1000,0.5000
97.640,0.5000,0.5000,0.5000,0.5000,-0.21,24.83,0.382,,1,0,,,6,0.1000,0.5000
97.673,0.5000,0.5000,0.5000,0.5000,-0.22,24.78,0.386,,1,0,,,6,0.1000,0.5000
97.703,0.5000,0.5000,0.5000,0.5000,-0.23,24.78,0.387,,1,0,,,6,0.1000,0.5000
97.738,0.5000,0.5000,0.5000,0.5000,-0.23,24.74,0.395,,1,0,,,6,0.1000,0.5000
97.768,0.5000,0.5000,0.5000,0.5000,-0.23,24.73,0.393,,1,0,,,6,0.1000,0.5000
97.800,0.5000,0.5000,0.5000,0.5000,-0.23,24.74,0.393,,1,0,,,6,0.1000,0.5000
97.833,0.5000,0.5000,0.5000,0.5000,-0.23,24.74,0.393,,1,0,,,6,0.1000,0.5000
97.865,0.5000,0.5000,0.5000,0.5000,-0.21,24.70,0.389,,1,0,,,6,0.1000,0.5000
97.898,0.5000,0.5000,0.5000,0.5000,-0.20,24.67,0.391,,1,0,,,6,0.1000,0.5000
97.929,0.5000,0.5000,0.5000,0.5000,-0.20,24.66,0.393,,1,0,,,6,0.1000,0.5000
97.962,0.5000,0.5000,0.5000,0.5000,-0.18,24.64,0.394,,1,0,,,6,0.1000,0.5000
97.992,0.5000,0.5000,0.5000,0.5000,-0.18,24.63,0.399,,1,0,,,6,0.1000,0.5000
98.024,0.5000,0.5000,0.5000,0.5000,-0.17,24.60,0.397,,1,0,,,6,0.1000,0.5000
98.056,0.5000,0.5000,0.5000,0.5000,-0.17,24.59,0.397,,1,0,,,6,0.1000,0.5000
98.091,0.5000,0.5000,0.5000,0.5000,-0.16,24.60,0.395,,1,0,,,6,0.1000,0.5000
98.120,0.5000,0.5000,0.5000,0.5000,-0.15,24.62,0.396,,1,0,,,6,0.1000,0.5000
98.168,0.5000,0.5000,0.5000,0.5000,-0.15,24.63,0.396,,1,0,,,6,0.1000,0.5000
98.201,0.5000,0.5000,0.5000,0.5000,-0.14,24.62,0.394,,1,0,,,6,0.1000,0.5000
98.232,0.5000,0.5000,0.5000,0.5000,-0.13,24.60,0.393,,1,0,,,6,0.1000,0.5000
98.266,0.5000,0.5000,0.5000,0.5000,-0.12,24.59,0.393,,1,0,,,6,0.1000,0.5000
98.297,0.5000,0.5000,0.5000,0.5000,-0.12,24.57,0.387,,1,0,,,6,0.1000,0.5000
98.328,0.5000,0.5000,0.5000,0.5000,-0.12,24.55,0.387,,1,0,,,6,0.1000,0.5000
98.360,0.5000,0.5000,0.5000,0.5000,-0.11,24.53,0.390,,1,0,,,6,0.1000,0.5000
98.393,0.5000,0.5000,0.5000,0.5000,-0.11,24.53,0.389,,1,0,,,6,0.1000,0.5000
98.423,0.5000,0.5000,0.5000,0.5000,-0.11,24.56,0.392,,1,0,,,6,0.1000,0.5000
98.457,0.5000,0.5000,0.5000,0.5000,-0.11,24.59,0.391,,1,0,,,6,0.1000,0.5000
98.487,0.5000,0.5000,0.5000,0.5000,-0.11,24.60,0.388,,1,0,,,6,0.1000,0.5000
98.519,0.5000,0.5000,0.5000,0.5000,-0.11,24.61,0.388,,1,0,,,6,0.1000,0.5000
98.554,0.5000,0.5000,0.5000,0.5000,-0.11,24.65,0.388,,1,0,,,6,0.1000,0.5000
98.619,0.5000,0.5000,0.5000,0.5000,-0.15,24.71,0.388,,1,0,,,6,0.1000,0.5000
98.650,0.5000,0.5000,0.5000,0.5000,-0.17,24.73,0.376,,1,0,,,6,0.1000,0.5000
98.680,0.5000,0.5000,0.5000,0.5000,-0.19,24.73,0.378,,1,0,,,6,0.1000,0.5000
98.714,0.5000,0.5000,0.5000,0.5000,-0.20,24.72,0.379,,1,0,,,6,0.1000,0.5000
98.761,0.5000,0.5000,0.5000,0.5000,-0.21,24.70,0.379,,1,0,,,6,0.1000,0.5000
98.786,0.5000,0.5000,0.5000,0.5000,-0.22,24.67,0.378,,1,0,,,6,0.1000,0.5000
98.815,0.5000,0.5000,0.5000,0.5000,-0.21,24.63,0.377,,1,0,,,6,0.1000,0.5000
98.840,0.5000,0.5000,0.5000,0.5000,-0.22,24.58,0.379,,1,0,,,6,0.1000,0.5000
98.867,0.5000,0.5000,0.5000,0.5000,-0.22,24.53,0.381,,1,0,,,6,0.1000,0.5000
98.892,0.5000,0.5000,0.5000,0.5000,-0.23,24.49,0.381,,1,0,,,6,0.1000,0.5000
98.921,0.5000,0.5000,0.5000,0.5000,-0.25,24.46,0.381,,1,0,,,6,0.1000,0.5000
98.959,0.5000,0.5000,0.5000,0.5000,-0.27,24.47,0.382,,1,0,,,6,0.1000,0.5000
99.016,0.5000,0.5000,0.5000,0.5000,-0.29,24.55,0.373,,1,0,,,6,0.1000,0.5000
99.048,0.5000,0.5000,0.5000,0.5000,-0.30,24.58,0.370,,1,0,,,6,0.1000,0.5000
99.080,0.5000,0.5000,0.5000,0.5000,-0.32,24.61,0.372,,1,0,,,6,0.1000,0.5000
99.113,0.5000,0.5000,0.5000,0.5000,-0.32,24.65,0.376,,1,0,,,6,0.1000,0.5000
99.146,0.5000,0.5000,0.5000,0.5000,-0.32,24.70,0.379,,1,0,,,6,0.1000,0.5000
99.176,0.5000,0.5000,0.5000,0.5000,-0.32,24.74,0.377,,1,0,,,6,0.1000,0.5000
99.209,0.5000,0.5000,0.5000,0.5000,-0.33,24.75,0.377,,1,0,,,6,0.1000,0.5000
99.240,0.5000,0.5000,0.5000,0.5000,-0.33,24.77,0.375,,1,0,,,6,0.1000,0.5000
99.272,0.5000,0.5000,0.5000,0.5000,-0.33,24.81,0.375,,1,0,,,6,0.1000,0.5000
99.320,0.5000,0.5000,0.5000,0.5000,-0.33,24.85,0.367,,1,0,,,6,0.1000,0.5000
99.353,0.5000,0.5000,0.5000,0.5000,-0.32,24.85,0.369,,1,0,,,7,0.9000,0.5000
99.381,0.5000,0.5000,0.5000,0.5000,-0.32,24.85,0.370,,1,0,,,7,0.9000,0.5000
99.416,0.5000,0.5000,0.5000,0.5000,-0.33,24.85,0.370,,1,0,,,7,0.9000,0.5000
99.449,0.5000,0.5000,0.5000,0.5000,-0.33,24.83,0.373,,1,0,,,7,0.9000,0.5000
99.481,0.5000,0.5000,0.5000,0.5000,-0.33,24.81,0.378,,1,0,,,7,0.9000,0.5000
99.514,0.5000,0.5000,0.5000,0.5000,-0.32,24.83,0.378,,1,0,,,7,0.9000,0.5000
99.544,0.5000,0.5000,0.5000,0.5000,-0.31,24.83,0.383,,1,0,,,7,0.9000,0.5000
99.577,0.5000,0.5000,0.5000,0.5000,-0.31,24.84,0.381,,1,0,,,7,0.9000,0.5000
99.609,0.5000,0.5000,0.5000,0.5000,-0.30,24.83,0.385,,1,0,,,7,0.9000,0.5000
99.640,0.5000,0.5000,0.5000,0.5000,-0.30,24.84,0.385,,1,0,,,7,0.9000,0.5000
99.672,0.5000,0.5000,0.5000,0.5000,-0.28,24.85,0.386,,1,0,,,7,0.9000,0.5000
99.706,0.5000,0.5000,0.5000,0.5000,-0.27,24.85,0.383,,1,0,,,7,0.9000,0.5000
99.737,0.5000,0.5000,0.5000,0.5000,-0.27,24.86,0.383,,1,0,,,7,0.9000,0.5000
99.768,0.5000,0.5000,0.5000,0.5000,-0.26,24.88,0.382,,1,0,,,7,0.9000,0.5000
99.801,0.5000,0.5000,0.5000,0.5000,-0.25,24.98,0.371,,1,0,,,7,0.9000,0.5000
99.833,0.5000,0.5000,0.5000,0.5000,-0.23,25.10,0.372,,1,0,,,7,0.9000,0.5000
99.881,0.5000,0.5000,0.5000,0.5000,-0.21,25.26,0.382,,1,0,,,7,0.9000,0.5000
99.912,0.5000,0.5000,0.5000,0.5000,-0.19,25.36,0.383,,1,0,,,7,0.9000,0.5000
99.948,0.5000,0.5000,0.5000,0.5000,-0.17,25.45,0.383,,1,0,,,7,0.9000,0.5000
99.978,0.5000,0.5000,0.5000,0.5000,-0.15,25.54,0.382,,1,0,,,7,0.9000,0.5000
100.008,0.5000,0.5000,0.5000,0.5000,-0.13,25.60,0.382,,1,0,,,7,0.9000,0.5000
100.041,0.5000,0.5000,0.5000,0.5000,-0.12,25.65,0.386,,1,0,,,7,0.9000,0.5000
100.073,0.5000,0.5000,0.5000,0.5000,-0.09,25.69,0.388,,1,0,,,7,0.9000,0.5000
100.103,0.5000,0.5000,0.5000,0.5000,-0.08,25.72,0.388,,1,0,,,7,0.9000,0.5000
100.137,0.5000,0.5000,0.5000,0.5000,-0.05,25.75,0.389,,1,0,,,7,0.9000,0.5000
100.169,0.5000,0.5000,0.5000,0.5000,-0.04,25.79,0.391,,1,0,,,7,0.9000,0.5000
100.204,0.5000,0.5000,0.5000,0.5000,-0.02,25.83,0.392,,1,0,,,7,0.9000,0.5000
100.234,0.5000,0.5000,0.5000,0.5000,0.00,25.91,0.395,,1,0,,,7,0.9000,0.5000
100.267,0.5000,0.5000,0.5000,0.5000,0.03,26.01,0.396,,1,0,,,7,0.9000,0.5000
100.296,0.5000,0.5000,0.5000,0.5000,0.05,26.10,0.397,,1,0,,,7,0.9000,0.5000
100.328,0.5000,0.5000,0.5000,0.5000,0.07,26.19,0.404,,1,0,,,7,0.9000,0.5000
100.362,0.5000,0.5000,0.5000,0.5000,0.09,26.25,0.406,,1,0,,,7,0.9000,0.5000
100.396,0.5000,0.5000,0.5000,0.5000,0.11,26.30,0.404,,1,0,,,7,0.9000,0.5000
100.441,0.5000,0.5000,0.5000,0.5000,0.12,26.36,0.403,,1,0,,,7,0.9000,0.5000
100.471,0.5000,0.5000,0.5000,0.5000,0.13,26.40,0.406,,1,0,,,7,0.9000,0.5000
100.503,0.5000,0.5000,0.5000,0.5000,0.13,26.46,0.409,,1,0,,,7,0.9000,0.5000
100.537,0.5000,0.5000,0.5000,0.5000,0.12,26.52,0.408,,1,0,,,7,0.9000,0.5000
100.568,0.5000,0.5000,0.5000,0.5000,0.13,26.55,0.405,,1,0,,,7,0.9000,0.5000
100.600,0.5000,0.5000,0.5000,0.5000,0.13,26.62,0.403,,1,0,,,7,0.9000,0.5000
100.633,0.5000,0.5000,0.5000,0.5000,0.14,26.67,0.403,,1,0,,,7,0.9000,0.5000
100.665,0.5000,0.5000,0.5000,0.5000,0.15,26.73,0.398,,1,0,,,7,0.9000,0.5000
100.697,0.5000,0.5000,0.5000,0.5000,0.16,26.78,0.395,,1,0,,,7,0.9000,0.5000
100.729,0.5000,0.5000,0.5000,0.5000,0.16,26.83,0.399,,1,0,,,7,0.9000,0.5000
100.760,0.5000,0.5000,0.5000,0.5000,0.16,26.87,0.399,,1,0,,,7,0.9000,0.5000
100.792,0.5000,0.5000,0.5000,0.5000,0.16,26.91,0.403,,1,0,,,7,0.9000,0.5000
100.825,0.5000,0.5000,0.5000,0.5000,0.16,26.94,0.401,,1,0,,,7,0.9000,0.5000
100.857,0.5000,0.5000,0.5000,0.5000,0.18,26.98,0.400,,1,0,,,7,0.9000,0.5000
100.890,0.5000,0.5000,0.5000,0.5000,0.19,27.03,0.400,,1,0,,,7,0.9000,0.5000
100.919,0.5000,0.5000,0.5000,0.5000,0.21,27.07,0.398,,1,0,,,7,0.9000,0.5000
100.955,0.5000,0.5000,0.5000,0.5000,0.22,27.11,0.398,,1,0,,,7,0.9000,0.5000
101.032,0.5000,0.5000,0.5000,0.5000,0.24,27.13,0.397,,1,0,,,7,0.9000,0.5000
101.066,0.5000,0.5000,0.5000,0.5000,0.26,27.13,0.397,,1,0,,,7,0.9000,0.5000
101.094,0.5000,0.5000,0.5000,0.5000,0.27,27.11,0.398,,1,0,,,7,0.9000,0.5000
101.122,0.5000,0.5000,0.5000,0.5000,0.28,27.11,0.398,,1,0,,,7,0.9000,0.5000
101.151,0.5000,0.5000,0.5000,0.5000,0.28,27.11,0.394,,1,0,,,7,0.9000,0.5000
101.180,0.5000,0.5000,0.5000,0.5000,0.28,27.11,0.394,,1,0,,,7,0.9000,0.5000
101.207,0.5000,0.5000,0.5000,0.5000,0.29,27.11,0.394,,1,0,,,7,0.9000,0.5000
101.236,0.5000,0.5000,0.5000,0.5000,0.29,27.09,0.399,,1,0,,,7,0.9000,0.5000
101.263,0.5000,0.5000,0.5000,0.5000,0.29,27.09,0.398,,1,0,,,7,0.9000,0.5000
101.288,0.5000,0.5000,0.5000,0.5000,0.29,27.08,0.397,,1,0,,,7,0.9000,0.5000
101.321,0.5000,0.5000,0.5000,0.5000,0.31,27.07,0.398,,1,0,,,7,0.9000,0.5000
101.354,0.5000,0.5000,0.5000,0.5000,0.32,27.05,0.398,,1,0,,,7,0.9000,0.5000
101.417,0.5000,0.5000,0.5000,0.5000,0.35,27.00,0.395,,1,0,,,7,0.9000,0.5000
101.451,0.5000,0.5000,0.5000,0.5000,0.36,26.97,0.393,,1,0,,,7,0.9000,0.5000
101.482,0.5000,0.5000,0.5000,0.5000,0.35,26.95,0.395,,1,0,,,7,0.9000,0.5000
101.512,0.5000,0.5000,0.5000,0.5000,0.35,26.94,0.395,,1,0,,,7,0.9000,0.5000
101.546,0.5000,0.5000,0.5000,0.5000,0.34,26.93,0.397,,1,0,,,7,0.9000,0.5000
101.592,0.5000,0.5000,0.5000,0.5000,0.33,26.92,0.393,,1,0,,,7,0.9000,0.5000
101.625,0.5000,0.5000,0.5000,0.5000,0.31,26.93,0.395,,1,0,,,7,0.9000,0.5000
101.652,0.5000,0.5000,0.5000,0.5000,0.30,26.94,0.394,,1,0,,,7,0.9000,0.5000
101.678,0.5000,0.5000,0.5000,0.5000,0.29,26.96,0.389,,1,0,,,7,0.9000,0.5000
101.702,0.5000,0.5000,0.5000,0.5000,0.29,26.98,0.388,,1,0,,,7,0.9000,0.5000
101.727,0.5000,0.5000,0.5000,0.5000,0.28,27.00,0.387,,1,0,,,7,0.9000,0.5000
101.752,0.5000,0.5000,0.5000,0.5000,0.27,27.03,0.386,,1,0,,,7,0.9000,0.5000
101.817,0.5000,0.5000,0.5000,0.5000,0.26,27.04,0.383,,1,0,,,7,0.9000,0.5000
101.849,0.5000,0.5000,0.5000,0.5000,0.27,27.04,0.383,,1,0,,,7,0.9000,0.5000
101.882,0.5000,0.5000,0.5000,0.5000,0.27,27.05,0.383,,1,0,,,7,0.9000,0.5000
101.914,0.5000,0.5000,0.5000,0.5000,0.27,27.04,0.384,,1,0,,,7,0.9000,0.5000
101.945,0.5000,0.5000,0.5000,0.5000,0.27,27.02,0.383,,1,0,,,7,0.9000,0.5000
101.977,0.5000,0.5000,0.5000,0.5000,0.28,26.99,0.384,,1,0,,,7,0.9000,0.5000
102.008,0.5000,0.5000,0.5000,0.5000,0.28,26.95,0.384,,1,0,,,7,0.9000,0.5000
102.043,0.5000,0.5000,0.5000,0.5000,0.28,26.91,0.386,,1,0,,,7,0.9000,0.5000
102.073,0.5000,0.5000,0.5000,0.5000,0.28,26.87,0.386,,1,0,,,7,0.9000,0.5000
102.104,0.5000,0.5000,0.5000,0.5000,0.28,26.82,0.386,,1,0,,,7,0.9000,0.5000
102.152,0.5000,0.5000,0.5000,0.5000,0.27,26.82,0.382,,1,0,,,7,0.9000,0.5000
102.186,0.5000,0.5000,0.5000,0.5000,0.28,26.82,0.380,,1,0,,,7,0.9000,0.5000
102.217,0.5000,0.5000,0.5000,0.5000,0.28,26.82,0.377,,1,0,,,7,0.9000,0.5000
102.248,0.5000,0.5000,0.5000,0.5000,0.28,26.80,0.380,,1,0,,,7,0.9000,0.5000
102.281,0.5000,0.5000,0.5000,0.5000,0.30,26.76,0.380,,1,0,,,7,0.9000,0.5000
102.313,0.5000,0.5000,0.5000,0.5000,0.32,26.76,0.381,,1,0,,,7,0.9000,0.5000
102.345,0.5000,0.5000,0.5000,0.5000,0.35,26.75,0.379,,1,0,,,7,0.9000,0.5000
102.377,0.5000,0.5000,0.5000,0.5000,0.34,26.75,0.378,,1,0,,,8,0.5000,0.9000
102.408,0.5000,0.5000,0.5000,0.5000,0.33,26.76,0.375,,1,0,,,8,0.5000,0.9000
102.442,0.5000,0.5000,0.5000,0.5000,0.31,26.76,0.376,,1,0,,,8,0.5000,0.9000
102.471,0.5000,0.5000,0.5000,0.5000,0.30,26.75,0.373,,1,0,,,8,0.5000,0.9000
102.505,0.5000,0.5000,0.5000,0.5000,0.29,26.73,0.375,,1,0,,,8,0.5000,0.9000
102.537,0.5000,0.5000,0.5000,0.5000,0.29,26.71,0.376,,1,0,,,8,0.5000,0.9000
102.569,0.5000,0.5000,0.5000,0.5000,0.29,26.70,0.376,,1,0,,,8,0.5000,0.9000
102.602,0.5000,0.5000,0.5000,0.5000,0.29,26.71,0.375,,1,0,,,8,0.5000,0.9000
102.633,0.5000,0.5000,0.5000,0.5000,0.29,26.72,0.376,,1,0,,,8,0.5000,0.9000
102.665,0.5000,0.5000,0.5000,0.5000,0.29,26.72,0.377,,1,0,,,8,0.5000,0.9000
102.711,0.5000,0.5000,0.5000,0.5000,0.31,26.76,0.374,,1,0,,,8,0.5000,0.9000
102.745,0.5000,0.5000,0.5000,0.5000,0.31,26.76,0.356,,1,0,,,8,0.5000,0.9000
102.777,0.5000,0.5000,0.5000,0.5000,0.31,26.74,0.352,,1,0,,,8,0.5000,0.9000
102.808,0.5000,0.5000,0.5000,0.5000,0.31,26.70,0.340,,1,0,,,8,0.5000,0.9000
102.843,0.5000,0.5000,0.5000,0.5000,0.31,26.66,0.333,,1,0,,,8,0.5000,0.9000
102.872,0.5000,0.5000,0.5000,0.5000,0.32,26.63,0.333,,1,0,,,8,0.5000,0.9000
102.904,0.5000,0.5000,0.5000,0.5000,0.32,26.59,0.335,,1,0,,,8,0.5000,0.9000
102.937,0.5000,0.5000,0.5000,0.5000,0.32,26.57,0.334,,1,0,,,8,0.5000,0.9000
102.968,0.5000,0.5000,0.5000,0.5000,0.31,26.54,0.332,,1,0,,,8,0.5000,0.9000
103.000,0.5000,0.5000,0.5000,0.5000,0.31,26.49,0.329,,1,0,,,8,0.5000,0.9000
103.032,0.5000,0.5000,0.5000,0.5000,0.31,26.44,0.330,,1,0,,,8,0.5000,0.9000
103.064,0.5000,0.5000,0.5000,0.5000,0.30,26.40,0.324,,1,0,,,8,0.5000,0.9000
103.099,0.5000,0.5000,0.5000,0.5000,0.30,26.38,0.322,,1,0,,,8,0.5000,0.9000
103.130,0.5000,0.5000,0.5000,0.5000,0.31,26.34,0.319,,1,0,,,8,0.5000,0.9000
103.161,0.5000,0.5000,0.5000,0.5000,0.32,26.31,0.318,,1,0,,,8,0.5000,0.9000
103.193,0.5000,0.5000,0.5000,0.5000,0.33,26.24,0.322,,1,0,,,8,0.5000,0.9000
103.228,0.5000,0.5000,0.5000,0.5000,0.33,26.20,0.320,,1,0,,,8,0.5000,0.9000
103.257,0.5000,0.5000,0.5000,0.5000,0.35,26.14,0.322,,1,0,,,8,0.5000,0.9000
103.304,0.5000,0.5000,0.5000,0.5000,0.36,26.04,0.323,,1,0,,,8,0.5000,0.9000
103.335,0.5000,0.5000,0.5000,0.5000,0.38,25.98,0.321,,1,0,,,8,0.5000,0.9000
103.369,0.5000,0.5000,0.5000,0.5000,0.40,25.95,0.322,,1,0,,,8,0.5000,0.9000
103.400,0.5000,0.5000,0.5000,0.5000,0.42,25.95,0.323,,1,0,,,8,0.5000,0.9000
103.433,0.5000,0.5000,0.5000,0.5000,0.44,25.92,0.320,,1,0,,,8,0.5000,0.9000
103.464,0.5000,0.5000,0.5000,0.5000,0.45,25.88,0.320,,1,0,,,8,0.5000,0.9000
103.498,0.5000,0.5000,0.5000,0.5000,0.47,25.85,0.320,,1,0,,,8,0.5000,0.9000
103.528,0.5000,0.5000,0.5000,0.5000,0.49,25.82,0.318,,1,0,,,8,0.5000,0.9000
103.563,0.5000,0.5000,0.5000,0.5000,0.50,25.76,0.306,,1,0,,,8,0.5000,0.9000
103.593,0.5000,0.5000,0.5000,0.5000,0.50,25.73,0.307,,1,0,,,8,0.5000,0.9000
103.625,0.5000,0.5000,0.5000,0.5000,0.50,25.71,0.308,,1,0,,,8,0.5000,0.9000
103.656,0.5000,0.5000,0.5000,0.5000,0.50,25.68,0.309,,1,0,,,8,0.5000,0.9000
103.688,0.5000,0.5000,0.5000,0.5000,0.49,25.72,0.307,,1,0,,,8,0.5000,0.9000
103.720,0.5000,0.5000,0.5000,0.5000,0.49,25.73,0.309,,1,0,,,8,0.5000,0.9000
103.753,0.5000,0.5000,0.5000,0.5000,0.51,25.75,0.309,,1,0,,,8,0.5000,0.9000
103.819,0.5000,0.5000,0.5000,0.5000,0.54,25.73,0.314,,1,0,,,8,0.5000,0.9000
103.864,0.5000,0.5000,0.5000,0.5000,0.57,25.71,0.316,,1,0,,,8,0.5000,0.9000
103.897,0.5000,0.5000,0.5000,0.5000,0.59,25.70,0.314,,1,0,,,8,0.5000,0.9000
103.923,0.5000,0.5000,0.5000,0.5000,0.60,25.69,0.314,,1,0,,,8,0.5000,0.9000
103.949,0.5000,0.5000,0.5000,0.5000,0.61,25.67,0.314,,1,0,,,8,0.5000,0.9000
103.977,0.5000,0.5000,0.5000,0.5000,0.62,25.66,0.314,,1,0,,,8,0.5000,0.9000
104.014,0.5000,0.5000,0.5000,0.5000,0.63,25.65,0.315,,1,0,,,8,0.5000,0.9000
104.050,0.5000,0.5000,0.5000,0.5000,0.63,25.61,0.309,,1,0,,,8,0.5000,0.9000
104.081,0.5000,0.5000,0.5000,0.5000,0.61,25.58,0.311,,1,0,,,8,0.5000,0.9000
104.105,0.5000,0.5000,0.5000,0.5000,0.60,25.59,0.311,,1,0,,,8,0.5000,0.9000
104.130,0.5000,0.5000,0.5000,0.5000,0.59,25.61,0.304,,1,0,,,8,0.5000,0.9000
104.157,0.5000,0.5000,0.5000,0.5000,0.57,25.62,0.303,,1,0,,,8,0.5000,0.9000
104.219,0.5000,0.5000,0.5000,0.5000,0.55,25.65,0.304,,1,0,,,8,0.5000,0.9000
104.249,0.5000,0.5000,0.5000,0.5000,0.53,25.65,0.309,,1,0,,,8,0.5000,0.9000
104.281,0.5000,0.5000,0.5000,0.5000,0.52,25.62,0.298,,1,0,,,8,0.5000,0.9000
104.314,0.5000,0.5000,0.5000,0.5000,0.52,25.60,0.301,,1,0,,,8,0.5000,0.9000
104.346,0.5000,0.5000,0.5000,0.5000,0.52,25.59,0.306,,1,0,,,8,0.5000,0.9000
104.378,0.5000,0.5000,0.5000,0.5000,0.52,25.59,0.308,,1,0,,,8,0.5000,0.9000
104.425,0.5000,0.5000,0.5000,0.5000,0.54,25.65,0.302,,1,0,,,8,0.5000,0.9000
104.456,0.5000,0.5000,0.5000,0.5000,0.54,25.66,0.301,,1,0,,,8,0.5000,0.9000
104.484,0.5000,0.5000,0.5000,0.5000,0.53,25.67,0.301,,1,0,,,8,0.5000,0.9000
104.509,0.5000,0.5000,0.5000,0.5000,0.52,25.66,0.300,,1,0,,,8,0.5000,0.9000
104.533,0.5000,0.5000,0.5000,0.5000,0.51,25.66,0.298,,1,0,,,8,0.5000,0.9000
104.560,0.5000,0.5000,0.5000,0.5000,0.49,25.66,0.301,,1,0,,,8,0.5000,0.9000
104.616,0.5000,0.5000,0.5000,0.5000,0.48,25.64,0.303,,1,0,,,8,0.5000,0.9000
104.649,0.5000,0.5000,0.5000,0.5000,0.47,25.60,0.310,,1,0,,,8,0.5000,0.9000
104.682,0.5000,0.5000,0.5000,0.5000,0.47,25.57,0.310,,1,0,,,8,0.5000,0.9000
104.714,0.5000,0.5000,0.5000,0.5000,0.47,25.57,0.301,,1,0,,,8,0.5000,0.9000
104.744,0.5000,0.5000,0.5000,0.5000,0.48,25.60,0.305,,1,0,,,8,0.5000,0.9000
104.777,0.5000,0.5000,0.5000,0.5000,0.47,25.65,0.306,,1,0,,,8,0.5000,0.9000
104.808,0.5000,0.5000,0.5000,0.5000,0.48,25.70,0.306,,1,0,,,8,0.5000,0.9000
104.840,0.5000,0.5000,0.5000,0.5000,0.48,25.73,0.308,,1,0,,,8,0.5000,0.9000
104.873,0.5000,0.5000,0.5000,0.5000,0.48,25.77,0.307,,1,0,,,8,0.5000,0.9000
104.905,0.5000,0.5000,0.5000,0.5000,0.48,25.82,0.313,,1,0,,,8,0.5000,0.9000
104.935,0.5000,0.5000,0.5000,0.5000,0.49,25.83,0.312,,1,0,,,8,0.5000,0.9000
104.970,0.5000,0.5000,0.5000,0.5000,0.49,25.85,0.310,,1,0,,,8,0.5000,0.9000
105.015,0.5000,0.5000,0.5000,0.5000,0.50,25.84,0.313,,1,0,,,8,0.5000,0.9000
105.048,0.5000,0.5000,0.5000,0.5000,0.52,25.83,0.313,,1,0,,,8,0.5000,0.9000
105.080,0.5000,0.5000,0.5000,0.5000,0.54,25.82,0.314,,1,0,,,8,0.5000,0.9000
105.114,0.5000,0.5000,0.5000,0.5000,0.55,25.80,0.312,,1,0,,,8,0.5000,0.9000
105.145,0.5000,0.5000,0.5000,0.5000,0.57,25.78,0.312,,1,0,,,8,0.5000,0.9000
105.178,0.5000,0.5000,0.5000,0.5000,0.57,25.74,0.310,,1,0,,,8,0.5000,0.9000
105.209,0.5000,0.5000,0.5000,0.5000,0.57,25.70,0.307,,1,0,,,8,0.5000,0.9000
105.240,0.5000,0.5000,0.5000,0.5000,0.57,25.66,0.310,,1,0,,,8,0.5000,0.9000
105.273,0.5000,0.5000,0.5000,0.5000,0.57,25.62,0.314,,1,0,,,8,0.5000,0.9000
105.307,0.5000,0.5000,0.5000,0.5000,0.57,25.53,0.316,,1,0,,,8,0.5000,0.9000
105.339,0.5000,0.5000,0.5000,0.5000,0.57,25.48,0.321,,1,0,,,8,0.5000,0.9000
105.368,0.5000,0.5000,0.5000,0.5000,0.56,25.46,0.311,,1,0,,,8,0.5000,0.9000
105.411,0.6097,0.8554,0.6097,0.8554,0.52,25.43,0.315,,1,1,14.560,0.2203,,,
105.438,0.6101,0.8498,0.6119,0.8284,0.51,25.44,0.312,,1,1,14.560,0.2203,,,
105.464,0.6114,0.8460,0.6164,0.8309,0.51,25.45,0.314,,1,1,14.560,0.2203,,,
105.496,0.6128,0.8398,0.6173,0.8195,0.51,25.44,0.307,,1,1,14.560,0.2203,,,
105.529,0.6155,0.8336,0.6245,0.8131,0.52,25.42,0.308,,1,1,14.560,0.2203,,,
105.576,0.6194,0.8404,0.6281,0.8553,0.53,25.40,0.305,,1,1,14.560,0.2203,,,
105.608,0.6226,0.8428,0.6332,0.8509,0.55,25.39,0.304,,1,1,14.560,0.2203,,,
105.640,0.6247,0.8461,0.6313,0.8569,0.55,25.39,0.307,,1,1,14.560,0.2203,,,
105.671,0.6256,0.8446,0.6287,0.8397,0.55,25.42,0.302,,1,1,14.560,0.2203,,,
105.705,0.6266,0.8349,0.6297,0.8048,0.54,25.48,0.299,,1,1,14.560,0.2203,,,
105.736,0.6279,0.8249,0.6324,0.7915,0.55,25.54,0.301,,1,1,14.560,0.2203,,,
105.769,0.6289,0.8190,0.6321,0.8006,0.56,25.61,0.299,,1,1,14.560,0.2203,,,
105.801,0.6298,0.8146,0.6328,0.7996,0.58,25.67,0.299,,1,1,14.560,0.2203,,,
105.833,0.6306,0.8115,0.6333,0.8016,0.59,25.73,0.300,,1,1,14.560,0.2203,,,
105.865,0.6316,0.8119,0.6346,0.8131,0.60,25.80,0.306,,1,1,14.560,0.2203,,,
105.898,0.6318,0.8084,0.6328,0.7972,0.60,25.86,0.303,,1,1,14.560,0.2203,,,
105.929,0.6329,0.7999,0.6363,0.7721,0.60,25.91,0.286,,1,1,14.560,0.2203,,,
105.963,0.6342,0.7909,0.6384,0.7630,0.60,25.91,0.260,,1,1,14.560,0.2203,,,
105.994,0.6288,0.7759,0.6105,0.7260,0.59,25.94,0.272,,1,1,14.560,0.2203,,,
106.025,0.6236,0.7608,0.6060,0.7116,0.59,25.98,0.328,,1,1,14.560,0.2203,,,
106.058,0.6138,0.7556,0.5820,0.7391,0.57,26.02,0.375,,1,1,14.560,0.2203,,,
106.087,0.6025,0.7486,0.5630,0.7246,0.55,26.09,0.400,,1,1,14.560,0.2203,,,
106.137,0.5809,0.7478,0.5358,0.7461,0.53,26.27,0.410,,1,1,14.560,0.2203,,,
106.168,0.5660,0.7442,0.5164,0.7320,0.50,26.36,0.429,,1,1,14.560,0.2203,,,
106.202,0.5470,0.7437,0.4894,0.7423,0.47,26.42,0.431,,1,1,14.560,0.2203,,,
106.234,0.5313,0.7393,0.4818,0.7249,0.43,26.44,0.440,,1,1,14.560,0.2203,,,
106.264,0.5179,0.7334,0.4732,0.7135,0.40,26.46,0.453,,1,1,14.560,0.2203,,,
106.296,0.5030,0.7251,0.4560,0.6982,0.36,26.45,0.449,,1,1,14.560,0.2203,,,
106.328,0.4919,0.7126,0.4570,0.6727,0.31,26.44,0.455,,1,1,14.560,0.2203,,,
106.362,0.4802,0.6896,0.4449,0.6198,0.26,26.44,0.455,,1,1,14.560,0.2203,,,
106.393,0.4709,0.6742,0.4405,0.6238,0.21,26.45,0.454,,1,1,14.560,0.2203,,,
106.426,0.4634,0.6464,0.4404,0.5615,0.16,26.47,0.458,,1,1,14.560,0.2203,,,
106.458,0.4581,0.6163,0.4413,0.5237,0.12,26.46,0.461,,1,1,14.560,0.2203,,,
106.489,0.4559,0.5917,0.4485,0.5132,0.06,26.46,0.460,,1,1,14.560,0.2203,,,
106.520,0.4562,0.5588,0.4573,0.4554,0.02,26.49,0.454,,1,1,14.560,0.2203,,,
106.552,0.4707,0.5258,0.5187,0.4249,-0.01,26.38,0.216,,1,1,14.560,0.2203,,,
106.617,0.4991,0.4728,0.5453,0.3935,0.04,26.35,0.258,,1,1,14.560,0.2203,,,
106.649,0.5133,0.4560,0.5601,0.4042,0.04,26.38,0.272,,1,1,14.560,0.2203,,,
106.697,0.5298,0.4318,0.5657,0.3822,0.06,26.41,0.313,,1,1,14.560,0.2203,,,
106.731,0.5381,0.4181,0.5643,0.3768,0.09,26.43,0.350,,1,1,14.560,0.2203,,,
106.760,0.5435,0.4048,0.5620,0.3618,0.12,26.45,0.366,,1,1,14.560,0.2203,,,
106.789,0.5482,0.3911,0.5653,0.3433,0.15,26.46,0.386,,1,1,14.560,0.2203,,,
106.815,0.5518,0.3791,0.5660,0.3348,0.17,26.47,0.404,,1,1,14.560,0.2203,,,
106.843,0.5563,0.3653,0.5733,0.3151,0.19,26.48,0.411,,1,1,14.560,0.2203,,,
106.869,0.5607,0.3539,0.5780,0.3109,0.20,26.51,0.409,,1,1,14.560,0.2203,,,
106.897,0.5649,0.3445,0.5808,0.3109,0.20,26.51,0.413,,1,1,14.560,0.2203,,,
106.923,0.5684,0.3390,0.5824,0.3182,0.20,26.50,0.413,,1,1,14.560,0.2203,,,
106.959,0.5723,0.3310,0.5833,0.3085,0.20,26.47,0.421,,1,1,14.560,0.2203,,,
107.016,0.5770,0.3198,0.5858,0.3000,0.19,26.43,0.426,,1,1,14.560,0.2203,,,
107.049,0.5794,0.3121,0.5866,0.2887,0.19,26.39,0.425,,1,1,14.560,0.2203,,,
107.080,0.5811,0.3053,0.5870,0.2827,0.20,26.37,0.425,,1,1,14.560,0.2203,,,
107.113,0.5815,0.3032,0.5826,0.2966,0.21,26.35,0.427,,1,1,14.560,0.2203,,,
107.144,0.5793,0.3007,0.5720,0.2927,0.21,26.35,0.428,,1,1,14.560,0.2203,,,
107.178,0.5762,0.2985,0.5664,0.2917,0.20,26.38,0.428,,1,1,14.560,0.2203,,,
107.209,0.5738,0.2970,0.5657,0.2918,0.21,26.41,0.426,,1,1,14.560,0.2203,,,
107.242,0.5773,0.2953,0.5883,0.2899,0.23,26.41,0.430,,1,1,14.560,0.2203,,,
107.288,0.5864,0.2817,0.6072,0.2511,0.23,26.41,0.432,,1,1,14.560,0.2203,,,
107.314,0.5917,0.2712,0.6134,0.2295,0.23,26.41,0.432,,1,1,14.560,0.2203,,,
107.340,0.5975,0.2632,0.6204,0.2313,0.23,26.40,0.431,,1,1,14.560,0.2203,,,
107.366,0.6026,0.2537,0.6231,0.2168,0.24,26.41,0.432,,1,1,14.560,0.2203,,,
107.417,0.6258,0.2310,0.6729,0.1856,0.25,26.40,0.433,,1,1,14.560,0.2203,,,
107.449,0.6390,0.2111,0.6815,0.1477,0.26,26.41,0.433,,1,1,14.560,0.2203,,,
107.481,0.6518,0.1926,0.6924,0.1353,0.26,26.43,0.435,,1,1,14.560,0.2203,,,
107.515,0.6639,0.1732,0.7014,0.1143,0.27,26.45,0.436,,1,1,14.560,0.2203,,,
107.545,0.6721,0.1585,0.6993,0.1105,0.27,26.47,0.438,,1,1,14.560,0.2203,,,
107.577,0.6808,0.1371,0.7086,0.0707,0.27,26.53,0.439,,1,1,14.560,0.2203,,,
107.610,0.6865,0.1214,0.7045,0.0728,0.26,26.56,0.437,,1,1,14.560,0.2203,,,
107.641,0.6901,0.1123,0.7024,0.0820,0.25,26.55,0.440,,1,1,14.560,0.2203,,,
107.673,0.6939,0.1095,0.7058,0.1009,0.25,26.51,0.443,,1,1,14.560,0.2203,,,
107.704,0.6963,0.1109,0.7041,0.1155,0.25,26.47,0.442,,1,1,14.560,0.2203,,,
107.736,0.6976,0.1174,0.7021,0.1392,0.25,26.44,0.444,,1,1,14.560,0.2203,,,
107.769,0.6989,0.1204,0.7029,0.1295,0.24,26.38,0.445,,1,1,14.560,0.2203,,,
107.800,0.6978,0.1339,0.6940,0.1804,0.23,26.33,0.444,,1,1,14.560,0.2203,,,
107.849,0.6961,0.1497,0.6924,0.1844,0.20,26.27,0.444,,1,1,14.560,0.2203,,,
107.880,0.6959,0.1599,0.6951,0.1928,0.19,26.25,0.441,,1,1,14.560,0.2203,,,
107.913,0.6997,0.1554,0.7118,0.1411,0.18,26.26,0.358,,1,1,14.560,0.2203,,,
107.947,0.7029,0.1996,0.7127,0.3335,0.21,26.12,0.192,,1,1,14.560,0.2203,,,
107.977,0.7030,0.2431,0.7035,0.3881,0.24,25.95,0.219,,1,1,14.560,0.2203,,,
108.010,0.7041,0.2748,0.7076,0.3703,0.29,25.88,0.251,,1,1,14.560,0.2203,,,
108.040,0.7104,0.2948,0.7325,0.3603,0.31,25.88,0.277,,1,1,14.560,0.2203,,,
108.073,0.7182,0.3100,0.7427,0.3553,0.34,25.83,0.296,,1,1,14.560,0.2203,,,
108.105,0.7268,0.3228,0.7549,0.3624,0.37,25.79,0.314,,1,1,14.560,0.2203,,,
108.135,0.7341,0.3369,0.7592,0.3837,0.39,25.76,0.336,,1,1,14.560,0.2203,,,
108.168,0.7424,0.3453,0.7687,0.3709,0.40,25.72,0.348,,1,1,14.560,0.2203,,,
108.200,0.7474,0.3531,0.7635,0.3770,0.41,25.68,0.366,,1,1,14.560,0.2203,,,
108.232,0.7543,0.3482,0.7768,0.3328,0.42,25.66,0.378,,1,1,14.560,0.2203,,,
108.265,0.7600,0.3390,0.7781,0.3100,0.43,25.64,0.387,,1,1,14.560,0.2203,,,
108.297,0.7650,0.3288,0.7812,0.2958,0.43,25.60,0.401,,1,1,14.560,0.2203,,,
108.329,0.7679,0.3211,0.7768,0.2961,0.44,25.58,0.415,,1,1,14.560,0.2203,,,
108.361,0.7713,0.3125,0.7830,0.2832,0.43,25.55,0.422,,1,1,14.560,0.2203,,,
108.409,0.7746,0.2791,0.7817,0.2070,0.39,25.53,0.429,,1,1,14.560,0.2203,,,
108.442,0.7782,0.2597,0.7895,0.1984,0.37,25.42,0.437,,1,1,14.560,0.2203,,,
108.471,0.7804,0.2374,0.7881,0.1606,0.35,25.33,0.441,,1,1,14.560,0.2203,,,
108.503,0.7857,0.2111,0.8031,0.1286,0.32,25.25,0.454,,1,1,14.560,0.2203,,,
108.538,0.7890,0.1862,0.7992,0.1135,0.31,25.18,0.461,,1,1,14.560,0.2203,,,
108.570,0.7923,0.1711,0.8027,0.1248,0.31,25.10,0.463,,1,1,14.560,0.2203,,,
108.602,0.7954,0.1657,0.8056,0.1485,0.29,25.00,0.460,,1,1,14.560,0.2203,,,
108.633,0.7986,0.1618,0.8096,0.1489,0.26,24.88,0.461,,1,1,14.560,0.2203,,,
108.664,0.8049,0.1424,0.8255,0.0804,0.24,24.76,0.461,,1,1,14.560,0.2203,,,
108.698,0.8137,0.1226,0.8410,0.0639,0.23,24.61,0.461,,1,1,14.560,0.2203,,,
108.728,0.8222,0.1008,0.8511,0.0296,0.22,24.47,0.460,,1,1,14.560,0.2203,,,
108.761,0.8330,0.0740,0.8667,-0.0068,0.22,24.35,0.460,,1,1,14.560,0.2203,,,
108.793,0.8444,0.0506,0.8826,-0.0245,0.22,24.20,0.460,,1,1,14.560,0.2203,,,
108.825,0.8552,0.0253,0.8889,-0.0515,0.21,24.06,0.461,,1,1,14.560,0.2203,,,
108.857,0.8634,0.0066,0.8892,-0.0640,0.20,23.97,0.466,,1,1,14.560,0.2203,,,
108.888,0.8680,0.0019,0.8838,-0.0136,0.19,23.86,0.463,,1,1,14.560,0.2203,,,
108.920,0.8753,0.0000,0.8981,-0.0678,0.18,23.78,0.463,,1,1,14.560,0.2203,,,
108.967,0.8810,0.0000,0.8936,-0.0439,0.17,23.76,0.460,,1,1,14.560,0.2203,,,
109.001,0.8858,0.0000,0.9004,-0.0542,0.16,23.70,0.460,,1,1,14.560,0.2203,,,
109.032,0.8892,0.0000,0.9004,-0.0213,0.16,23.62,0.462,,1,1,14.560,0.2203,,,
109.066,0.8935,0.0000,0.9071,-0.0481,0.15,23.56,0.465,,1,1,14.560,0.2203,,,
109.098,0.9001,0.0000,0.9217,-0.0500,0.14,23.51,0.460,,1,1,14.560,0.2203,,,
109.129,0.9063,0.0000,0.9266,-0.0002,0.13,23.48,0.460,,1,1,14.560,0.2203,,,
109.160,0.9125,0.0000,0.9329,0.0314,0.13,23.44,0.460,,1,1,14.560,0.2203,,,
109.193,0.9197,0.0000,0.9423,0.0366,0.13,23.41,0.455,,1,1,14.560,0.2203,,,
109.224,0.9262,0.0196,0.9475,0.0920,0.14,23.35,0.399,,1,1,14.560,0.2203,,,
109.258,0.9350,0.0601,0.9621,0.1818,0.14,23.23,0.297,,1,1,14.560,0.2203,,,
109.288,0.9444,0.1208,0.9775,0.3245,0.17,23.17,0.246,,1,1,14.560,0.2203,,,
109.320,0.9506,0.1912,0.9701,0.3958,0.20,23.05,0.220,,1,1,14.560,0.2203,,,
109.352,0.9566,0.2623,0.9755,0.4655,0.24,22.87,0.207,,1,1,14.560,0.2203,,,
109.417,0.9616,0.3708,0.9697,0.5277,0.31,22.60,0.245,,1,1,14.560,0.2203,,,
109.449,0.9655,0.4014,0.9779,0.4895,0.35,22.49,0.258,,1,1,14.560,0.2203,,,
109.480,0.9681,0.4303,0.9767,0.5170,0.39,22.37,0.267,,1,1,14.560,0.2203,,,
109.514,0.9734,0.4553,0.9898,0.5251,0.42,22.20,0.273,,1,1,14.560,0.2203,,,
109.559,0.9808,0.4926,0.9978,0.5709,0.45,21.99,0.286,,1,1,14.560,0.2203,,,
109.595,0.9873,0.5193,1.0060,0.5900,0.48,21.86,0.281,,1,1,14.560,0.2203,,,
109.621,0.9919,0.5379,1.0105,0.6065,0.50,21.76,0.280,,1,1,14.560,0.2203,,,
109.650,0.9988,0.5522,1.0234,0.5996,0.51,21.55,0.277,,1,1,14.560,0.2203,,,
109.678,1.0000,0.5680,1.0235,0.6226,0.52,21.39,0.279,,1,1,14.560,0.2203,,,
109.702,1.0000,0.5777,1.0327,0.6168,0.52,21.25,0.275,,1,1,14.560,0.2203,,,
109.728,1.0000,0.5844,1.0389,0.6090,0.53,21.15,0.265,,1,1,14.560,0.2203,,,
109.756,1.0000,0.5880,1.0455,0.6004,0.53,21.02,0.245,,1,1,14.560,0.2203,,,
109.817,1.0000,0.5966,1.0715,0.6108,0.45,20.17,0.121,,1,1,14.560,0.2203,,,
109.849,1.0000,0.6089,1.0780,0.6471,0.41,19.74,0.130,,1,1,14.560,0.2203,,,
109.881,1.0000,0.6197,1.0799,0.6534,0.38,19.30,0.145,,1,1,14.560,0.2203,,,
109.913,1.0000,0.6240,1.0820,0.6381,0.36,18.92,0.153,,1,1,14.560,0.2203,,,
109.948,1.0000,0.6196,1.0871,0.6073,0.33,18.54,0.156,,1,1,14.560,0.2203,,,
109.976,1.0000,0.6155,1.0894,0.6002,0.32,18.20,0.158,,1,1,14.560,0.2203,,,
110.008,1.0000,0.6120,1.0866,0.6006,0.32,17.91,0.162,,1,1,14.560,0.2203,,,
110.040,1.0000,0.6125,1.0823,0.6142,0.32,17.64,0.164,,1,1,14.560,0.2203,,,
110.073,1.0000,0.6234,1.0707,0.6583,0.33,17.46,0.168,,1,1,14.560,0.2203,,,
110.121,1.0000,0.6406,1.0677,0.6775,0.34,17.14,0.161,,1,1,14.560,0.2203,,,
110.154,1.0000,0.6580,1.0557,0.7136,0.35,16.95,0.163,,1,1,14.560,0.2203,,,
110.180,1.0000,0.6742,1.0522,0.7347,0.36,16.81,0.164,,1,1,14.560,0.2203,,,
110.217,1.0000,0.6967,1.0267,0.7582,0.40,16.73,0.171,,1,1,14.560,0.2203,,,
110.250,1.0000,0.7152,1.0145,0.7720,0.41,16.60,0.168,,1,1,14.560,0.2203,,,
110.280,1.0000,0.7233,1.0144,0.7508,0.41,16.47,0.162,,1,1,14.560,0.2203,,,
110.313,1.0000,0.7396,0.9960,0.7880,0.41,16.30,0.161,,1,1,14.560,0.2203,,,
110.345,1.0000,0.7504,0.9870,0.7851,0.40,16.20,0.163,,1,1,14.560,0.2203,,,
110.379,0.9998,0.7677,0.9545,0.8193,0.40,16.13,0.177,,1,1,14.560,0.2203,,,
110.408,0.9834,0.7772,0.9270,0.8088,0.38,16.11,0.178,,1,1,14.560,0.2203,,,
110.442,0.9677,0.7771,0.9195,0.7768,0.35,16.05,0.171,,1,1,14.560,0.2203,,,
110.473,0.9548,0.7844,0.9126,0.8085,0.34,16.05,0.176,,1,1,14.560,0.2203,,,
110.505,0.9397,0.7990,0.8912,0.8458,0.32,16.13,0.197,,1,1,14.560,0.2203,,,
110.536,0.9207,0.8084,0.8604,0.8383,0.30,16.25,0.203,,1,1,14.560,0.2203,,,
110.569,0.8964,0.8204,0.8223,0.8577,0.27,16.47,0.230,,1,1,14.560,0.2203,,,
110.600,0.8699,0.8402,0.7821,0.9066,0.24,16.73,0.256,,1,1,14.560,0.2203,,,
110.633,0.8440,0.8509,0.7675,0.8831,0.21,16.95,0.278,,1,1,14.560,0.2203,,,
110.681,0.8109,0.8390,0.7443,0.8142,0.12,17.46,0.291,,1,1,14.560,0.2203,,,
110.712,0.7839,0.8404,0.6985,0.8449,0.08,17.66,0.294,,1,1,14.560,0.2203,,,
110.746,0.7595,0.8331,0.6877,0.8105,0.04,17.85,0.297,,1,1,14.560,0.2203,,,
110.777,0.7353,0.8435,0.6600,0.8778,-0.00,18.06,0.305,,1,1,14.560,0.2203,,,
110.809,0.7102,0.8443,0.6335,0.8471,-0.05,18.31,0.315,,1,1,14.560,0.2203,,,
110.842,0.6875,0.8578,0.6207,0.8997,-0.09,18.64,0.331,,1,1,14.560,0.2203,,,
110.872,0.6692,0.8777,0.6103,0.9453,-0.13,18.85,0.316,,1,1,14.560,0.2203,,,
110.906,0.6558,0.8874,0.6155,0.9179,-0.16,18.99,0.178,,1,1,14.560,0.2203,,,
110.937,0.6473,0.9268,0.6212,1.1289,-0.16,18.91,0.076,,1,1,14.560,0.2203,,,
110.967,0.6332,0.9560,0.5877,1.0979,-0.17,18.89,0.093,,1,1,14.560,0.2203,,,
111.001,0.6078,0.9800,0.5343,1.1408,-0.18,19.05,0.187,,1,1,14.560,0.2203,,,
111.032,0.5790,0.9967,0.4880,1.0903,-0.22,19.32,0.289,,1,1,14.560,0.2203,,,
111.067,0.5476,0.9928,0.4593,0.9815,-0.27,19.65,0.344,,1,1,14.560,0.2203,,,
111.098,0.5214,0.9943,0.4400,0.9993,-0.33,20.00,0.384,,1,1,14.560,0.2203,,,
111.127,0.5023,0.9816,0.4394,0.9374,-0.40,20.32,0.399,,1,1,14.560,0.2203,,,
111.162,0.4834,0.9514,0.4299,0.8586,-0.47,20.65,0.412,,1,1,14.560,0.2203,,,
111.194,0.4729,0.9174,0.4414,0.8082,-0.52,20.95,0.408,,1,1,14.560,0.2203,,,
111.240,0.4660,0.8686,0.4508,0.7593,-0.60,21.37,0.415,,1,1,14.560,0.2203,,,
111.273,0.4624,0.8367,0.4517,0.7411,-0.65,21.63,0.416,,1,1,14.560,0.2203,,,
111.304,0.4603,0.8126,0.4533,0.7332,-0.69,21.87,0.419,,1,1,14.560,0.2203,,,
111.336,0.4578,0.7912,0.4502,0.7264,-0.72,22.08,0.425,,1,1,14.560,0.2203,,,
111.370,0.4565,0.7681,0.4523,0.7000,-0.75,22.31,0.426,,1,1,14.560,0.2203,,,
111.402,0.4514,0.7543,0.4353,0.7119,-0.77,22.50,0.429,,1,1,14.560,0.2203,,,
111.433,0.4480,0.7412,0.4368,0.6995,-0.79,22.70,0.429,,1,1,14.560,0.2203,,,
111.464,0.4452,0.7229,0.4356,0.6643,-0.81,22.86,0.429,,1,1,14.560,0.2203,,,
111.496,0.4408,0.7089,0.4268,0.6655,-0.83,22.99,0.426,,1,1,14.560,0.2203,,,
111.530,0.4361,0.7030,0.4218,0.6854,-0.84,23.14,0.423,,1,1,14.560,0.2203,,,
111.561,0.4337,0.7013,0.4254,0.6956,-0.85,23.27,0.420,,1,1,14.560,0.2203,,,
111.594,0.4319,0.7030,0.4262,0.7083,-0.86,23.38,0.414,,1,1,14.560,0.2203,,,
111.625,0.4297,0.7100,0.4224,0.7328,-0.88,23.46,0.410,,1,1,14.560,0.2203,,,
111.657,0.4285,0.7185,0.4248,0.7458,-0.91,23.51,0.406,,1,1,14.560,0.2203,,,
111.689,0.4275,0.7265,0.4239,0.7527,-0.94,23.57,0.408,,1,1,14.560,0.2203,,,
111.722,0.4248,0.7277,0.4164,0.7316,-0.96,23.66,0.403,,1,1,14.560,0.2203,,,
111.753,0.4204,0.7208,0.4056,0.6974,-0.99,23.77,0.404,,1,1,14.560,0.2203,,,
111.833,0.4114,0.6919,0.3996,0.6544,-1.06,23.99,0.407,,1,1,14.560,0.2203,,,
111.866,0.4059,0.6712,0.3888,0.6066,-1.09,24.09,0.408,,1,1,14.560,0.2203,,,
111.894,0.4019,0.6485,0.3867,0.5650,-1.11,24.17,0.408,,1,1,14.560,0.2203,,,
111.922,0.3979,0.6319,0.3829,0.5722,-1.13,24.28,0.409,,1,1,14.560,0.2203,,,
111.948,0.3944,0.6148,0.3808,0.5493,-1.15,24.38,0.412,,1,1,14.560,0.2203,,,
111.977,0.3925,0.6019,0.3855,0.5577,-1.16,24.50,0.414,,1,1,14.560,0.2203,,,
112.004,0.3888,0.5920,0.3740,0.5541,-1.17,24.58,0.414,,1,1,14.560,0.2203,,,
112.031,0.3848,0.5909,0.3696,0.5870,-1.19,24.66,0.417,,1,1,14.560,0.2203,,,
112.057,0.3821,0.5895,0.3712,0.5840,-1.20,24.73,0.417,,1,1,14.560,0.2203,,,
112.087,0.3763,0.5937,0.3566,0.6075,-1.19,24.80,0.414,,1,1,14.560,0.2203,,,
112.119,0.3675,0.5908,0.3388,0.5816,-1.20,24.91,0.409,,1,1,14.560,0.2203,,,
112.152,0.3542,0.5859,0.3126,0.5705,-1.21,25.03,0.403,,1,1,14.560,0.2203,,,
112.217,0.3334,0.5909,0.3006,0.5989,-1.26,25.14,0.392,,1,1,14.560,0.2203,,,
112.253,0.3236,0.5917,0.2946,0.5941,-1.27,25.20,0.388,,1,1,14.560,0.2203,,,
112.290,0.3135,0.5963,0.2862,0.6089,-1.28,25.30,0.381,,1,1,14.560,0.2203,,,
112.315,0.3070,0.6003,0.2800,0.6171,-1.28,25.39,0.379,,1,1,14.560,0.2203,,,
112.346,0.2993,0.6017,0.2737,0.6066,-1.30,25.45,0.382,,1,1,14.560,0.2203,,,
112.393,0.2911,0.6062,0.2732,0.6163,-1.33,25.55,0.384,,1,1,14.560,0.2203,,,
112.426,0.2840,0.6085,0.2617,0.6162,-1.36,25.66,0.386,,1,1,14.560,0.2203,,,
112.455,0.2784,0.6066,0.2586,0.5995,-1.38,25.78,0.383,,1,1,14.560,0.2203,,,
112.485,0.2745,0.6093,0.2614,0.6187,-1.40,25.89,0.379,,1,1,14.560,0.2203,,,
112.513,0.2708,0.6112,0.2566,0.6188,-1.42,25.99,0.377,,1,1,14.560,0.2203,,,
112.541,0.2678,0.6122,0.2571,0.6158,-1.43,26.12,0.377,,1,1,14.560,0.2203,,,
112.566,0.2638,0.6091,0.2469,0.5958,-1.43,26.21,0.370,,1,1,14.560,0.2203,,,
112.616,0.2545,0.5875,0.2352,0.5422,-1.44,26.35,0.393,,1,1,14.560,0.2203,,,
112.647,0.2466,0.5720,0.2203,0.5195,-1.44,26.45,0.392,,1,1,14.560,0.2203,,,
112.680,0.2403,0.5568,0.2211,0.5104,-1.46,26.52,0.394,,1,1,14.560,0.2203,,,
112.713,0.2366,0.5371,0.2245,0.4751,-1.48,26.59,0.399,,1,1,14.560,0.2203,,,
112.746,0.2332,0.5125,0.2226,0.4372,-1.50,26.68,0.406,,1,1,14.560,0.2203,,,
112.777,0.2294,0.4781,0.2169,0.3689,-1.52,26.76,0.426,,1,1,14.560,0.2203,,,
112.809,0.2251,0.4378,0.2111,0.3138,-1.54,26.87,0.431,,1,1,14.560,0.2203,,,
112.841,0.2222,0.4040,0.2128,0.3015,-1.55,26.97,0.433,,1,1,14.560,0.2203,,,
112.873,0.2247,0.3790,0.2328,0.3031,-1.56,27.06,0.442,,1,1,14.560,0.2203,,,
112.905,0.2270,0.3591,0.2345,0.2989,-1.57,27.13,0.451,,1,1,14.560,0.2203,,,
112.954,0.2284,0.3379,0.2316,0.2951,-1.57,27.22,0.452,,1,1,14.560,0.2203,,,
112.987,0.2288,0.3230,0.2298,0.2785,-1.59,27.28,0.454,,1,1,14.560,0.2203,,,
113.018,0.2304,0.3086,0.2360,0.2624,-1.61,27.35,0.461,,1,1,14.560,0.2203,,,
113.051,0.2316,0.2900,0.2353,0.2356,-1.63,27.40,0.469,,1,1,14.560,0.2203,,,
113.081,0.2326,0.2779,0.2360,0.2378,-1.66,27.44,0.470,,1,1,14.560,0.2203,,,
113.114,0.2332,0.2652,0.2352,0.2269,-1.69,27.53,0.471,,1,1,14.560,0.2203,,,
113.145,0.2327,0.2542,0.2312,0.2194,-1.72,27.59,0.472,,1,1,14.560,0.2203,,,
113.179,0.2302,0.2396,0.2225,0.1963,-1.75,27.63,0.473,,1,1,14.560,0.2203,,,
113.209,0.2211,0.2135,0.1889,0.1267,-1.78,27.68,0.473,,1,1,14.560,0.2203,,,
113.243,0.2099,0.1905,0.1750,0.1231,-1.80,27.73,0.474,,1,1,14.560,0.2203,,,
113.273,0.2008,0.1748,0.1697,0.1239,-1.80,27.80,0.471,,1,1,14.560,0.2203,,,
113.305,0.1933,0.1655,0.1693,0.1368,-1.81,27.86,0.467,,1,1,14.560,0.2203,,,
113.338,0.1888,0.1675,0.1741,0.1738,-1.81,27.94,0.470,,1,1,14.560,0.2203,,,
113.367,0.1846,0.1695,0.1698,0.1764,-1.82,28.02,0.469,,1,1,14.560,0.2203,,,
113.401,0.1772,0.1671,0.1551,0.1600,-1.83,28.11,0.470,,1,1,14.560,0.2203,,,
113.432,0.1714,0.1655,0.1520,0.1604,-1.83,28.18,0.470,,1,1,14.560,0.2203,,,
113.463,0.1671,0.1644,0.1530,0.1608,-1.83,28.25,0.471,,1,1,14.560,0.2203,,,
113.496,0.1656,0.1636,0.1607,0.1610,-1.85,28.29,0.469,,1,1,14.560,0.2203,,,
113.546,0.1634,0.1480,0.1586,0.1151,-1.88,28.37,0.470,,1,1,14.560,0.2203,,,
113.578,0.1633,0.1317,0.1632,0.0795,-1.90,28.41,0.468,,1,1,14.560,0.2203,,,
113.610,0.1642,0.1145,0.1672,0.0599,-1.90,28.45,0.467,,1,1,14.560,0.2203,,,
113.641,0.1665,0.1018,0.1744,0.0597,-1.92,28.47,0.464,,1,1,14.560,0.2203,,,
113.673,0.1756,0.0883,0.2055,0.0459,-1.93,28.45,0.464,,1,1,14.560,0.2203,,,
113.705,0.1874,0.0863,0.2260,0.0797,-1.93,28.42,0.461,,1,1,14.560,0.2203,,,
113.737,0.2014,0.0876,0.2469,0.0919,-1.93,28.41,0.459,,1,1,14.560,0.2203,,,
113.769,0.2138,0.0840,0.2534,0.0724,-1.94,28.44,0.436,,1,1,14.560,0.2203,,,
113.801,0.2317,0.1001,0.2888,0.1526,-1.95,28.36,0.294,,1,1,14.560,0.2203,,,
113.833,0.2755,0.1602,0.4132,0.3536,-1.93,28.10,0.142,,1,1,14.560,0.2203,,,
113.865,0.3119,0.2228,0.4233,0.4144,-1.91,27.83,0.112,,1,1,14.560,0.2203,,,
113.897,0.3353,0.2853,0.4097,0.4799,-1.87,27.59,0.134,,1,1,14.560,0.2203,,,
113.929,0.3540,0.3429,0.4102,0.5087,-1.84,27.35,0.151,,1,1,14.560,0.2203,,,
113.963,0.3658,0.3866,0.4002,0.5078,-1.81,27.13,0.160,,1,1,14.560,0.2203,,,
113.994,0.3726,0.4169,0.3944,0.5086,-1.79,26.91,0.164,,1,1,14.560,0.2203,,,
114.026,0.3703,0.4488,0.3635,0.5403,-1.76,26.77,0.176,,1,1,14.560,0.2203,,,
114.056,0.3616,0.4737,0.3316,0.5518,-1.75,26.65,0.191,,1,1,14.560,0.2203,,,
114.103,0.3381,0.5009,0.2863,0.5558,-1.74,26.42,0.193,,1,1,14.560,0.2203,,,
114.137,0.3278,0.5282,0.2953,0.6062,-1.73,26.38,0.211,,1,1,14.560,0.2203,,,
114.169,0.3190,0.5452,0.2896,0.5967,-1.75,26.37,0.232,,1,1,14.560,0.2203,,,
114.200,0.3063,0.5541,0.2637,0.5816,-1.76,26.41,0.243,,1,1,14.560,0.2203,,,
114.233,0.2913,0.5642,0.2443,0.5937,-1.79,26.43,0.245,,1,1,14.560,0.2203,,,
114.264,0.2812,0.5711,0.2477,0.5929,-1.79,26.42,0.248,,1,1,14.560,0.2203,,,
114.298,0.2721,0.5738,0.2430,0.5822,-1.81,26.43,0.262,,1,1,14.560,0.2203,,,
114.328,0.2644,0.5776,0.2389,0.5897,-1.82,26.44,0.261,,1,1,14.560,0.2203,,,
114.360,0.2594,0.5798,0.2433,0.5870,-1.82,26.44,0.264,,1,1,14.560,0.2203,,,
114.396,0.2548,0.5824,0.2415,0.5899,-1.82,26.45,0.261,,1,1,14.560,0.2203,,,
114.426,0.2509,0.5886,0.2379,0.6086,-1.82,26.45,0.255,,1,1,14.560,0.2203,,,
114.457,0.2511,0.5950,0.2519,0.6167,-1.82,26.43,0.249,,1,1,14.560,0.2203,,,
114.489,0.2524,0.6050,0.2565,0.6367,-1.82,26.42,0.248,,1,1,14.560,0.2203,,,
114.521,0.2532,0.6166,0.2558,0.6533,-1.83,26.40,0.223,,1,1,14.560,0.2203,,,
114.551,0.2585,0.6246,0.2772,0.6518,-1.83,26.32,0.194,,1,1,14.560,0.2203,,,
114.618,0.2729,0.6577,0.2957,0.7087,-1.80,26.04,0.163,,1,1,14.560,0.2203,,,
114.663,0.2799,0.6787,0.2961,0.7254,-1.77,25.81,0.146,,1,1,14.560,0.2203,,,
114.697,0.2804,0.6860,0.2823,0.7088,-1.75,25.65,0.147,,1,1,14.560,0.2203,,,
114.723,0.2794,0.6905,0.2755,0.7074,-1.74,25.53,0.148,,1,1,14.560,0.2203,,,
114.748,0.2798,0.6968,0.2813,0.7226,-1.73,25.40,0.148,,1,1,14.560,0.2203,,,
114.776,0.2825,0.7080,0.2929,0.7496,-1.71,25.28,0.150,,1,1,14.560,0.2203,,,
114.803,0.2848,0.7247,0.2935,0.7863,-1.69,25.15,0.158,,1,1,14.560,0.2203,,,
114.831,0.2885,0.7353,0.3023,0.7735,-1.68,25.06,0.165,,1,1,14.560,0.2203,,,
114.859,0.2927,0.7465,0.3088,0.7869,-1.66,25.00,0.170,,1,1,14.560,0.2203,,,
114.889,0.2962,0.7561,0.3079,0.7878,-1.65,24.95,0.190,,1,1,14.560,0.2203,,,
114.922,0.3017,0.7603,0.3192,0.7733,-1.64,24.88,0.186,,1,1,14.560,0.2203,,,
114.954,0.3054,0.7608,0.3177,0.7625,-1.63,24.82,0.181,,1,1,14.560,0.2203,,,
115.018,0.3032,0.7744,0.2996,0.7960,-1.58,24.73,0.193,,1,1,14.560,0.2203,,,
115.048,0.3020,0.7795,0.2976,0.7974,-1.55,24.73,0.206,,1,1,14.560,0.2203,,,
115.081,0.3020,0.7869,0.3022,0.8099,-1.53,24.73,0.204,,1,1,14.560,0.2203,,,
115.113,0.3038,0.7919,0.3096,0.8084,-1.51,24.72,0.201,,1,1,14.560,0.2203,,,
115.145,0.3072,0.7941,0.3182,0.8011,-1.50,24.73,0.204,,1,1,14.560,0.2203,,,
115.178,0.3088,0.7914,0.3139,0.7826,-1.49,24.73,0.215,,1,1,14.560,0.2203,,,
115.225,0.3096,0.7891,0.3116,0.7841,-1.50,24.79,0.230,,1,1,14.560,0.2203,,,
115.257,0.3131,0.7890,0.3246,0.7884,-1.51,24.84,0.243,,1,1,14.560,0.2203,,,
115.284,0.3159,0.7881,0.3270,0.7846,-1.52,24.89,0.247,,1,1,14.560,0.2203,,,
115.310,0.3186,0.7857,0.3290,0.7768,-1.52,24.99,0.259,,1,1,14.560,0.2203,,,
115.339,0.3198,0.7824,0.3243,0.7696,-1.53,25.08,0.266,,1,1,14.560,0.2203,,,
115.363,0.3205,0.7787,0.3236,0.7629,-1.53,25.18,0.275,,1,1,14.560,0.2203,,,
115.417,0.3307,0.7833,0.3508,0.7925,-1.51,25.35,0.274,,1,1,14.560,0.2203,,,
115.448,0.3394,0.7870,0.3680,0.7993,-1.51,25.42,0.283,,1,1,14.560,0.2203,,,
115.480,0.3476,0.7895,0.3744,0.7978,-1.51,25.53,0.296,,1,1,14.560,0.2203,,,
115.514,0.3548,0.7804,0.3772,0.7520,-1.51,25.60,0.298,,1,1,14.560,0.2203,,,
115.544,0.3610,0.7702,0.3825,0.7338,-1.51,25.67,0.299,,1,1,14.560,0.2203,,,
115.577,0.3675,0.7634,0.3873,0.7427,-1.50,25.76,0.315,,1,1,14.560,0.2203,,,
115.609,0.3725,0.7630,0.3888,0.7618,-1.50,25.86,0.329,,1,1,14.560,0.2203,,,
115.641,0.3766,0.7668,0.3906,0.7796,-1.50,25.96,0.335,,1,1,14.560,0.2203,,,
115.677,0.3800,0.7692,0.3894,0.7761,-1.50,26.04,0.340,,1,1,14.560,0.2203,,,
115.714,0.3822,0.7715,0.3887,0.7782,-1.50,26.13,0.343,,1,1,14.560,0.2203,,,
115.746,0.3833,0.7738,0.3868,0.7815,-1.51,26.21,0.347,,1,1,14.560,0.2203,,,
115.772,0.3837,0.7756,0.3853,0.7826,-1.51,26.24,0.349,,1,1,14.560,0.2203,,,
115.823,0.3841,0.7774,0.3847,0.7810,-1.52,26.34,0.357,,1,1,14.560,0.2203,,,
115.859,0.3846,0.7780,0.3861,0.7800,-1.52,26.44,0.362,,1,1,14.560,0.2203,,,
115.884,0.3846,0.7770,0.3845,0.7727,-1.53,26.53,0.362,,1,1,14.560,0.2203,,,
115.913,0.3841,0.7781,0.3824,0.7819,-1.53,26.60,0.367,,1,1,14.560,0.2203,,,
115.947,0.3837,0.7810,0.3823,0.7901,-1.52,26.68,0.372,,1,1,14.560,0.2203,,,
115.978,0.3832,0.7812,0.3818,0.7819,-1.50,26.78,0.372,,1,1,14.560,0.2203,,,
116.010,0.3820,0.7848,0.3781,0.7965,-1.50,26.88,0.379,,1,1,14.560,0.2203,,,
116.040,0.3812,0.7901,0.3782,0.8088,-1.50,26.99,0.379,,1,1,14.560,0.2203,,,
116.072,0.3802,0.7959,0.3769,0.8146,-1.50,27.09,0.379,,1,1,14.560,0.2203,,,
116.103,0.3796,0.8022,0.3774,0.8235,-1.49,27.16,0.379,,1,1,14.560,0.2203,,,
116.135,0.3791,0.8094,0.3775,0.8332,-1.49,27.20,0.380,,1,1,14.560,0.2203,,,
116.169,0.3791,0.8127,0.3791,0.8228,-1.49,27.28,0.383,,1,1,14.560,0.2203,,,
116.200,0.3784,0.8119,0.3759,0.8092,-1.50,27.35,0.385,,1,1,14.560,0.2203,,,
116.233,0.3779,0.8114,0.3765,0.8100,-1.50,27.39,0.377,,1,1,14.560,0.2203,,,
116.264,0.3774,0.8109,0.3758,0.8091,-1.50,27.40,0.377,,1,1,14.560,0.2203,,,
116.297,0.3769,0.8124,0.3752,0.8171,-1.50,27.40,0.373,,1,1,14.560,0.2203,,,
116.331,0.3759,0.8137,0.3726,0.8181,-1.50,27.44,0.368,,1,1,14.560,0.2203,,,
116.378,0.3750,0.8136,0.3731,0.8134,-1.51,27.49,0.361,,1,1,14.560,0.2203,,,
116.411,0.3748,0.8128,0.3740,0.8103,-1.51,27.53,0.357,,1,1,14.560,0.2203,,,
116.440,0.3749,0.8161,0.3752,0.8274,-1.51,27.55,0.358,,1,1,14.560,0.2203,,,
116.472,0.3754,0.8178,0.3772,0.8234,-1.51,27.57,0.357,,1,1,14.560,0.2203,,,
116.503,0.3766,0.8233,0.3805,0.8420,-1.51,27.59,0.345,,1,1,14.560,0.2203,,,
116.537,0.3772,0.8310,0.3794,0.8551,-1.53,27.60,0.333,,1,1,14.560,0.2203,,,
116.570,0.3780,0.8547,0.3805,0.9290,-1.54,27.54,0.216,,1,1,14.560,0.2203,,,
116.601,0.3784,0.9009,0.3798,1.1359,-1.56,27.19,0.057,,1,1,14.560,0.2203,,,
116.632,0.3669,0.9370,0.3285,1.1841,-1.60,26.74,0.034,,1,1,14.560,0.2203,,,
116.665,0.3619,0.9649,0.3454,1.1313,-1.61,26.36,0.039,,1,1,14.560,0.2203,,,
116.696,0.3524,0.9793,0.3214,1.0239,-1.62,26.08,0.035,,1,1,14.560,0.2203,,,
116.728,0.3298,0.9574,0.2564,0.8878,-1.65,25.94,0.205,,1,1,14.560,0.2203,,,
116.761,0.3063,0.9004,0.2344,0.7192,-1.69,25.96,0.322,,1,1,14.560,0.2203,,,
116.794,0.2874,0.8368,0.2283,0.6380,-1.73,26.08,0.366,,1,1,14.560,0.2203,,,
116.824,0.2699,0.7790,0.2121,0.5930,-1.77,26.19,0.388,,1,1,14.560,0.2203,,,
116.857,0.2547,0.7316,0.2077,0.5909,-1.81,26.31,0.397,,1,1,14.560,0.2203,,,
116.889,0.2427,0.6912,0.2049,0.5699,-1.84,26.42,0.398,,1,1,14.560,0.2203,,,
116.937,0.2318,0.6450,0.2086,0.5527,-1.86,26.62,0.409,,1,1,14.560,0.2203,,,
116.968,0.2243,0.6095,0.1998,0.5006,-1.89,26.81,0.420,,1,1,14.560,0.2203,,,
117.000,0.2191,0.5825,0.2022,0.4996,-1.91,26.97,0.419,,1,1,14.560,0.2203,,,
117.032,0.2130,0.5547,0.1939,0.4747,-1.93,27.12,0.424,,1,1,14.560,0.2203,,,
117.065,0.2047,0.5322,0.1792,0.4670,-1.94,27.26,0.423,,1,1,14.560,0.2203,,,
117.099,0.1938,0.5167,0.1605,0.4717,-1.95,27.36,0.426,,1,1,14.560,0.2203,,,
117.129,0.1815,0.5003,0.1411,0.4492,-1.95,27.44,0.429,,1,1,14.560,0.2203,,,
117.162,0.1710,0.4900,0.1389,0.4599,-1.95,27.54,0.431,,1,1,14.560,0.2203,,,
117.197,0.1624,0.4814,0.1369,0.4566,-1.96,27.66,0.438,,1,1,14.560,0.2203,,,
117.225,0.1571,0.4752,0.1384,0.4538,-1.96,27.77,0.441,,1,1,14.560,0.2203,,,
117.256,0.1523,0.4717,0.1364,0.4607,-1.98,27.89,0.443,,1,1,14.560,0.2203,,,
117.289,0.1490,0.4670,0.1384,0.4522,-2.01,28.00,0.444,,1,1,14.560,0.2203,,,
117.322,0.1461,0.4576,0.1372,0.4286,-2.03,28.12,0.453,,1,1,14.560,0.2203,,,
117.351,0.1428,0.4465,0.1312,0.4092,-2.06,28.23,0.453,,1,1,14.560,0.2203,,,
117.417,0.1339,0.4079,0.1199,0.3486,-2.12,28.53,0.456,,1,1,14.560,0.2203,,,
117.449,0.1355,0.3980,0.1406,0.3670,-2.15,28.65,0.459,,1,1,14.560,0.2203,,,
117.496,0.1328,0.3721,0.1268,0.3165,-2.18,28.85,0.464,,1,1,14.560,0.2203,,,
117.528,0.1297,0.3514,0.1192,0.2851,-2.20,28.94,0.468,,1,1,14.560,0.2203,,,
117.556,0.1261,0.3330,0.1128,0.2675,-2.23,29.00,0.469,,1,1,14.560,0.2203,,,
117.582,0.1207,0.3194,0.0982,0.2659,-2.24,29.06,0.469,,1,1,14.560,0.2203,,,
117.610,0.1142,0.3001,0.0909,0.2338,-2.25,29.13,0.466,,1,1,14.560,0.2203,,,
117.638,0.1068,0.2847,0.0793,0.2305,-2.27,29.17,0.467,,1,1,14.560,0.2203,,,
117.664,0.1012,0.2726,0.0788,0.2264,-2.26,29.22,0.464,,1,1,14.560,0.2203,,,
117.693,0.0944,0.2631,0.0708,0.2311,-2.26,29.30,0.464,,1,1,14.560,0.2203,,,
117.721,0.0846,0.2493,0.0480,0.2001,-2.27,29.40,0.468,,1,1,14.560,0.2203,,,
117.755,0.0668,0.2277,0.0135,0.1647,-2.27,29.48,0.469,,1,1,14.560,0.2203,,,
117.816,0.0430,0.1894,0.0030,0.1272,-2.32,29.70,0.466,,1,1,14.560,0.2203,,,
117.850,0.0210,0.1576,-0.0432,0.0674,-2.34,29.80,0.462,,1,1,14.560,0.2203,,,
117.883,0.0093,0.1353,-0.0267,0.0689,-2.35,29.87,0.463,,1,1,14.560,0.2203,,,
117.913,0.0004,0.1173,-0.0297,0.0579,-2.35,29.95,0.465,,1,1,14.560,0.2203,,,
117.944,0.0000,0.0966,-0.0365,0.0313,-2.34,30.03,0.458,,1,1,14.560,0.2203,,,
117.977,0.0000,0.0851,-0.0273,0.0501,-2.35,30.10,0.457,,1,1,14.560,0.2203,,,
118.009,0.0000,0.0709,-0.0209,0.0276,-2.36,30.16,0.457,,1,1,14.560,0.2203,,,
118.042,0.0000,0.0716,0.0292,0.0737,-2.36,30.22,0.453,,1,1,14.560,0.2203,,,
118.087,0.0105,0.0683,0.0448,0.0609,-2.40,30.28,0.453,,1,1,14.560,0.2203,,,
118.121,0.0201,0.0586,0.0510,0.0291,-2.43,30.28,0.457,,1,1,14.560,0.2203,,,
118.147,0.0267,0.0497,0.0528,0.0159,-2.47,30.28,0.458,,1,1,14.560,0.2203,,,
118.175,0.0391,0.0449,0.0853,0.0273,-2.49,30.28,0.462,,1,1,14.560,0.2203,,,
118.219,0.0622,0.0344,0.1173,0.0098,-2.51,30.24,0.461,,1,1,14.560,0.2203,,,
118.248,0.0795,0.0264,0.1384,-0.0007,-2.51,30.21,0.458,,1,1,14.560,0.2203,,,
118.279,0.0974,0.0233,0.1558,0.0130,-2.51,30.15,0.441,,1,1,14.560,0.2203,,,
118.320,0.1377,0.0467,0.2362,0.1064,-2.51,29.97,0.277,,1,1,14.560,0.2203,,,
118.347,0.1729,0.0987,0.3007,0.2962,-2.50,29.64,0.103,,1,1,14.560,0.2203,,,
118.378,0.2106,0.1809,0.3357,0.4547,-2.47,29.29,0.046,,1,1,14.560,0.2203,,,
118.410,0.2443,0.2833,0.3430,0.5721,-2.45,28.88,0.042,,1,1,14.560,0.2203,,,
118.441,0.2677,0.3887,0.3392,0.6864,-2.42,28.44,0.037,,1,1,14.560,0.2203,,,
118.475,0.2828,0.4613,0.3265,0.6524,-2.40,28.02,0.058,,1,1,14.560,0.2203,,,
118.505,0.2889,0.5024,0.3089,0.6242,-2.38,27.69,0.084,,1,1,14.560,0.2203,,,
118.538,0.2918,0.5402,0.3005,0.6422,-2.38,27.42,0.105,,1,1,14.560,0.2203,,,
118.569,0.2881,0.5824,0.2759,0.7045,-2.37,27.19,0.123,,1,1,14.560,0.2203,,,
118.599,0.2835,0.6161,0.2683,0.7154,-2.36,26.97,0.131,,1,1,14.560,0.2203,,,
118.649,0.2751,0.6604,0.2580,0.7410,-2.33,26.73,0.142,,1,1,14.560,0.2203,,,
118.681,0.2656,0.6785,0.2325,0.7341,-2.31,26.59,0.157,,1,1,14.560,0.2203,,,
118.712,0.2547,0.6948,0.2195,0.7420,-2.28,26.52,0.170,,1,1,14.560,0.2203,,,
118.745,0.2399,0.7054,0.1928,0.7358,-2.25,26.53,0.208,,1,1,14.560,0.2203,,,
118.776,0.2299,0.7162,0.1953,0.7503,-2.22,26.51,0.208,,1,1,14.560,0.2203,,,
118.809,0.2186,0.7229,0.1839,0.7422,-2.18,26.48,0.202,,1,1,14.560,0.2203,,,
118.843,0.2054,0.7301,0.1650,0.7512,-2.14,26.48,0.202,,1,1,14.560,0.2203,,,
118.876,0.1931,0.7447,0.1540,0.7885,-2.11,26.47,0.201,,1,1,14.560,0.2203,,,
118.912,0.1836,0.7547,0.1567,0.7820,-2.11,26.43,0.199,,1,1,14.560,0.2203,,,
118.946,0.1776,0.7591,0.1592,0.7725,-2.11,26.43,0.210,,1,1,14.560,0.2203,,,
118.976,0.1738,0.7663,0.1606,0.7902,-2.11,26.42,0.206,,1,1,14.560,0.2203,,,
119.003,0.1697,0.7720,0.1535,0.7937,-2.10,26.44,0.229,,1,1,14.560,0.2203,,,
119.036,0.1651,0.7725,0.1510,0.7741,-2.09,26.47,0.237,,1,1,14.560,0.2203,,,
119.068,0.1614,0.7730,0.1495,0.7744,-2.08,26.50,0.240,,1,1,14.560,0.2203,,,
119.095,0.1589,0.7713,0.1492,0.7651,-2.08,26.54,0.245,,1,1,14.560,0.2203,,,
119.129,0.1572,0.7685,0.1521,0.7598,-2.07,26.60,0.253,,1,1,14.560,0.2203,,,
119.160,0.1569,0.7679,0.1557,0.7658,-2.07,26.65,0.248,,1,1,14.560,0.2203,,,
119.209,0.1595,0.7674,0.1652,0.7664,-2.07,26.71,0.248,,1,1,14.560,0.2203,,,
119.240,0.1619,0.7689,0.1698,0.7736,-2.08,26.75,0.263,,1,1,14.560,0.2203,,,
119.274,0.1643,0.7744,0.1719,0.7920,-2.07,26.79,0.270,,1,1,14.560,0.2203,,,
119.305,0.1660,0.7739,0.1720,0.7721,-2.07,26.83,0.255,,1,1,14.560,0.2203,,,
119.341,0.1622,0.7625,0.1505,0.7282,-2.08,26.84,0.250,,1,1,14.560,0.2203,,,
119.368,0.1598,0.7519,0.1509,0.7118,-2.09,26.86,0.242,,1,1,14.560,0.2203,,,
119.401,0.1579,0.7432,0.1515,0.7145,-2.10,26.90,0.249,,1,1,14.560,0.2203,,,
119.432,0.1564,0.7357,0.1517,0.7114,-2.11,26.94,0.250,,1,1,14.560,0.2203,,,
119.464,0.1566,0.7310,0.1570,0.7158,-2.12,26.96,0.250,,1,1,14.560,0.2203,,,
119.497,0.1587,0.7233,0.1659,0.6979,-2.12,27.01,0.251,,1,1,14.560,0.2203,,,
119.528,0.1648,0.7202,0.1850,0.7104,-2.10,27.05,0.248,,1,1,14.560,0.2203,,,
119.562,0.1777,0.7241,0.2194,0.7367,-2.07,27.09,0.253,,1,1,14.560,0.2203,,,
119.594,0.1933,0.7232,0.2423,0.7200,-2.05,27.10,0.258,,1,1,14.560,0.2203,,,
119.625,0.2085,0.7146,0.2582,0.6864,-2.02,27.17,0.266,,1,1,14.560,0.2203,,,
119.657,0.2280,0.7098,0.2900,0.6941,-1.99,27.23,0.267,,1,1,14.560,0.2203,,,
119.689,0.2533,0.7048,0.3343,0.6882,-1.96,27.31,0.279,,1,1,14.560,0.2203,,,
119.722,0.2772,0.7032,0.3503,0.6983,-1.92,27.37,0.299,,1,1,14.560,0.2203,,,
119.752,0.3006,0.7057,0.3766,0.7143,-1.88,27.40,0.309,,1,1,14.560,0.2203,,,
119.800,0.3408,0.7076,0.4242,0.7117,-1.82,27.39,0.328,,1,1,14.560,0.2203,,,
119.832,0.3675,0.7045,0.4501,0.6943,-1.76,27.35,0.338,,1,1,14.560,0.2203,,,
119.866,0.3921,0.7089,0.4634,0.7224,-1.71,27.24,0.340,,1,1,14.560,0.2203,,,
119.895,0.4129,0.7183,0.4820,0.7523,-1.67,27.13,0.340,,1,1,14.560,0.2203,,,
119.929,0.4315,0.7339,0.4856,0.7823,-1.62,27.04,0.342,,1,1,14.560,0.2203,,,
119.960,0.4479,0.7414,0.4991,0.7664,-1.59,26.94,0.342,,1,1,14.560,0.2203,,,
119.993,0.4631,0.7382,0.5092,0.7278,-1.57,26.83,0.348,,1,1,14.560,0.2203,,,
120.025,0.4782,0.7297,0.5238,0.7020,-1.54,26.76,0.350,,1,1,14.560,0.2203,,,
120.057,0.4919,0.7252,0.5356,0.7098,-1.53,26.64,0.348,,1,1,14.560,0.2203,,,
120.088,0.5053,0.7258,0.5472,0.7279,-1.52,26.55,0.348,,1,1,14.560,0.2203,,,
120.121,0.5186,0.7241,0.5592,0.7184,-1.50,26.45,0.352,,1,1,14.560,0.2203,,,
120.153,0.5299,0.7184,0.5649,0.6997,-1.49,26.39,0.356,,1,1,14.560,0.2203,,,
120.218,0.5496,0.7198,0.5809,0.7222,-1.46,26.27,0.355,,1,1,14.560,0.2203,,,
120.248,0.5590,0.7186,0.5896,0.7143,-1.45,26.19,0.358,,1,1,14.560,0.2203,,,
120.280,0.5661,0.7143,0.5877,0.7007,-1.46,26.13,0.353,,1,1,14.560,0.2203,,,
120.312,0.5710,0.7104,0.5869,0.6974,-1.46,26.09,0.356,,1,1,14.560,0.2203,,,
120.360,0.5767,0.7059,0.5889,0.6959,-1.46,26.00,0.358,,1,1,14.560,0.2203,,,
120.394,0.5782,0.7010,0.5827,0.6858,-1.45,25.92,0.356,,1,1,14.560,0.2203,,,
120.420,0.5787,0.6963,0.5808,0.6779,-1.45,25.85,0.359,,1,1,14.560,0.2203,,,
120.447,0.5755,0.6838,0.5632,0.6353,-1.44,25.78,0.377,,1,1,14.560,0.2203,,,
120.473,0.5706,0.6671,0.5504,0.6004,-1.43,25.73,0.395,,1,1,14.560,0.2203,,,
120.497,0.5660,0.6509,0.5463,0.5846,-1.44,25.70,0.408,,1,1,14.560,0.2203,,,
120.526,0.5606,0.6299,0.5404,0.5550,-1.44,25.68,0.415,,1,1,14.560,0.2203,,,
120.554,0.5543,0.6085,0.5311,0.5334,-1.45,25.66,0.417,,1,1,14.560,0.2203,,,
120.616,0.5335,0.5420,0.4980,0.4353,-1.43,25.59,0.431,,1,1,14.560,0.2203,,,
120.649,0.5205,0.4912,0.4796,0.3414,-1.38,25.58,0.440,,1,1,14.560,0.2203,,,
120.680,0.5048,0.4259,0.4522,0.2269,-1.37,25.58,0.437,,1,1,14.560,0.2203,,,
120.712,0.4858,0.3601,0.4266,0.1744,-1.34,25.58,0.448,,1,1,14.560,0.2203,,,
120.745,0.4664,0.2668,0.4066,0.0132,-1.34,25.59,0.443,,1,1,14.560,0.2203,,,
120.777,0.4478,0.1838,0.3878,-0.0707,-1.30,25.59,0.437,,1,1,14.560,0.2203,,,
120.809,0.4305,0.1205,0.3769,-0.1209,-1.23,25.61,0.425,,1,1,14.560,0.2203,,,
120.842,0.4141,0.0736,0.3648,-0.1582,-1.16,25.61,0.430,,1,1,14.560,0.2203,,,
120.873,0.4008,0.0419,0.3572,-0.1675,-1.11,25.58,0.430,,1,1,14.560,0.2203,,,
120.921,0.3822,0.0101,0.3433,-0.1146,-1.04,25.58,0.422,,1,1,14.560,0.2203,,,
120.956,0.3716,0.0000,0.3398,-0.1445,-0.99,25.64,0.424,,1,1,14.560,0.2203,,,
120.981,0.3650,0.0000,0.3382,-0.1466,-0.96,25.72,0.425,,1,1,14.560,0.2203,,,
121.015,0.3556,0.0000,0.3286,-0.0977,-0.91,25.75,0.428,,1,1,14.560,0.2203,,,
121.048,0.3466,0.0000,0.3193,-0.0414,-0.87,25.76,0.428,,1,1,14.560,0.2203,,,
121.083,0.3402,0.0000,0.3211,-0.0198,-0.83,25.79,0.428,,1,1,14.560,0.2203,,,
121.113,0.3360,0.0000,0.3220,0.0032,-0.80,25.81,0.430,,1,1,14.560,0.2203,,,
121.145,0.3343,0.0000,0.3287,0.0006,-0.78,25.82,0.433,,1,1,14.560,0.2203,,,
121.177,0.3388,0.0000,0.3539,0.0392,-0.76,25.81,0.429,,1,1,14.560,0.2203,,,
121.212,0.3511,0.0107,0.3879,0.0489,-0.77,25.85,0.433,,1,1,14.560,0.2203,,,
121.241,0.3660,0.0122,0.4190,0.0174,-0.78,25.86,0.430,,1,1,14.560,0.2203,,,
121.274,0.3836,0.0163,0.4400,0.0297,-0.77,25.88,0.428,,1,1,14.560,0.2203,,,
121.309,0.4046,0.0300,0.4677,0.0720,-0.77,25.85,0.427,,1,1,14.560,0.2203,,,
121.339,0.4340,0.0353,0.5307,0.0532,-0.78,25.87,0.427,,1,1,14.560,0.2203,,,
121.369,0.4659,0.0353,0.5750,0.0354,-0.78,25.90,0.431,,1,1,14.560,0.2203,,,
121.400,0.5011,0.0382,0.6103,0.0481,-0.80,25.79,0.440,,1,1,14.560,0.2203,,,
121.433,0.5372,0.0318,0.6445,0.0108,-0.81,25.70,0.438,,1,1,14.560,0.2203,,,
121.481,0.5773,0.0457,0.6585,0.0761,-0.82,25.70,0.445,,1,1,14.560,0.2203,,,
121.514,0.6029,0.0518,0.6794,0.0714,-0.84,25.63,0.444,,1,1,14.560,0.2203,,,
121.546,0.6234,0.0579,0.6885,0.0788,-0.85,25.54,0.437,,1,1,14.560,0.2203,,,
121.579,0.6467,0.0337,0.7126,-0.0405,-0.86,25.41,0.440,,1,1,14.560,0.2203,,,
121.610,0.6659,0.0145,0.7261,-0.0513,-0.88,25.29,0.436,,1,1,14.560,0.2203,,,
121.645,0.6826,0.0000,0.7310,-0.0583,-0.88,25.14,0.437,,1,1,14.560,0.2203,,,
121.676,0.6977,0.0000,0.7449,-0.0745,-0.88,24.99,0.439,,1,1,14.560,0.2203,,,
121.706,0.7109,0.0000,0.7533,-0.0734,-0.89,24.85,0.443,,1,1,14.560,0.2203,,,
121.738,0.7216,0.0000,0.7546,-0.0750,-0.91,24.66,0.447,,1,1,14.560,0.2203,,,
121.770,0.7316,0.0000,0.7621,-0.0988,-0.91,24.53,0.446,,1,1,14.560,0.2203,,,
121.799,0.7398,0.0000,0.7680,-0.1152,-0.92,24.51,0.451,,1,1,14.560,0.2203,,,
121.832,0.7506,0.0000,0.7835,-0.1610,-0.91,24.46,0.447,,1,1,14.560,0.2203,,,
121.864,0.7610,0.0000,0.7941,-0.1436,-0.90,24.37,0.445,,1,1,14.560,0.2203,,,
121.895,0.7703,0.0000,0.7998,-0.1374,-0.91,24.33,0.443,,1,1,14.560,0.2203,,,
121.930,0.7798,0.0000,0.8079,-0.1309,-0.92,24.25,0.448,,1,1,14.560,0.2203,,,
121.963,0.7899,0.0000,0.8207,-0.1292,-0.92,24.20,0.449,,1,1,14.560,0.2203,,,
121.993,0.7986,0.0000,0.8276,-0.1392,-0.93,24.11,0.450,,1,1,14.560,0.2203,,,
122.026,0.8122,0.0000,0.8541,-0.1895,-0.93,24.03,0.452,,1,1,14.560,0.2203,,,
122.073,0.8279,0.0000,0.8618,-0.1843,-0.92,23.92,0.455,,1,1,14.560,0.2203,,,
122.106,0.8411,0.0000,0.8824,-0.2171,-0.91,23.84,0.454,,1,1,14.560,0.2203,,,
122.137,0.8535,0.0000,0.8933,-0.1993,-0.91,23.76,0.457,,1,1,14.560,0.2203,,,
122.168,0.8689,0.0000,0.9188,-0.2531,-0.91,23.65,0.453,,1,1,14.560,0.2203,,,
122.200,0.8833,0.0000,0.9288,-0.2398,-0.92,23.48,0.457,,1,1,14.560,0.2203,,,
122.233,0.8992,0.0000,0.9476,-0.2920,-0.93,23.39,0.458,,1,1,14.560,0.2203,,,
122.265,0.9156,0.0000,0.9665,-0.2589,-0.93,23.27,0.413,,1,1,14.560,0.2203,,,
122.299,0.9321,0.0000,0.9814,-0.1622,-0.89,23.18,0.298,,1,1,14.560,0.2203,,,
122.331,0.9496,0.0000,1.0032,0.0658,-0.83,22.95,0.191,,1,1,14.560,0.2203,,,
122.361,0.9629,0.0217,1.0079,0.1723,-0.78,22.69,0.142,,1,1,14.560,0.2203,,,
122.393,0.9738,0.0720,1.0075,0.2253,-0.72,22.38,0.159,,1,1,14.560,0.2203,,,
122.425,0.9811,0.1166,1.0042,0.2534,-0.67,22.08,0.174,,1,1,14.560,0.2203,,,
122.457,0.9867,0.1543,1.0045,0.2666,-0.63,21.91,0.203,,1,1,14.560,0.2203,,,
122.489,0.9920,0.1869,1.0088,0.2837,-0.59,21.79,0.228,,1,1,14.560,0.2203,,,
122.522,0.9956,0.2202,1.0069,0.3175,-0.54,21.67,0.245,,1,1,14.560,0.2203,,,
122.552,0.9973,0.2560,1.0032,0.3678,-0.51,21.55,0.263,,1,1,14.560,0.2203,,,
122.633,1.0000,0.3292,1.0108,0.4163,-0.42,21.35,0.291,,1,1,14.560,0.2203,,,
122.665,1.0000,0.3534,1.0119,0.4274,-0.40,21.27,0.297,,1,1,14.560,0.2203,,,
122.691,1.0000,0.3705,1.0107,0.4313,-0.39,21.24,0.301,,1,1,14.560,0.2203,,,
122.718,1.0000,0.3855,1.0035,0.4410,-0.38,21.20,0.302,,1,1,14.560,0.2203,,,
122.745,1.0000,0.3997,1.0040,0.4498,-0.38,21.17,0.303,,1,1,14.560,0.2203,,,
122.775,1.0000,0.4209,0.9979,0.4911,-0.38,21.16,0.306,,1,1,14.560,0.2203,,,
122.801,1.0000,0.4328,1.0013,0.4754,-0.39,21.16,0.310,,1,1,14.560,0.2203,,,
122.830,0.9993,0.4439,0.9848,0.4813,-0.39,21.16,0.304,,1,1,14.560,0.2203,,,
122.857,0.9926,0.4610,0.9666,0.5223,-0.40,21.15,0.302,,1,1,14.560,0.2203,,,
122.889,0.9841,0.4783,0.9544,0.5342,-0.40,21.15,0.303,,1,1,14.560,0.2203,,,
122.919,0.9735,0.4974,0.9389,0.5560,-0.39,21.17,0.302,,1,1,14.560,0.2203,,,
122.954,0.9620,0.5126,0.9276,0.5553,-0.39,21.16,0.303,,1,1,14.560,0.2203,,,
123.015,0.9482,0.5335,0.9246,0.5676,-0.42,21.19,0.296,,1,1,14.560,0.2203,,,
123.048,0.9435,0.5459,0.9287,0.5836,-0.42,21.21,0.300,,1,1,14.560,0.2203,,,
123.081,0.9430,0.5602,0.9415,0.6039,-0.42,21.28,0.305,,1,1,14.560,0.2203,,,
123.112,0.9495,0.5538,0.9711,0.5331,-0.42,21.30,0.306,,1,1,14.560,0.2203,,,
123.144,0.9592,0.5424,0.9916,0.5057,-0.41,21.37,0.307,,1,1,14.560,0.2203,,,
123.192,0.9660,0.5514,0.9808,0.5705,-0.41,21.36,0.307,,1,1,14.560,0.2203,,,
123.224,0.9695,0.5554,0.9812,0.5682,-0.41,21.37,0.308,,1,1,14.560,0.2203,,,
123.253,0.9719,0.5581,0.9808,0.5680,-0.40,21.39,0.309,,1,1,14.560,0.2203,,,
123.280,0.9730,0.5595,0.9771,0.5647,-0.40,21.40,0.309,,1,1,14.560,0.2203,,,
123.309,0.9747,0.5623,0.9812,0.5727,-0.40,21.42,0.317,,1,1,14.560,0.2203,,,
123.335,0.9762,0.5660,0.9818,0.5803,-0.38,21.44,0.314,,1,1,14.560,0.2203,,,
123.363,0.9768,0.5734,0.9794,0.6007,-0.37,21.47,0.316,,1,1,14.560,0.2203,,,
123.417,0.9760,0.5940,0.9744,0.6336,-0.33,21.56,0.316,,1,1,14.560,0.2203,,,
123.449,0.9751,0.6082,0.9723,0.6526,-0.31,21.59,0.314,,1,1,14.560,0.2203,,,
123.481,0.9744,0.6253,0.9719,0.6799,-0.28,21.63,0.314,,1,1,14.560,0.2203,,,
123.512,0.9768,0.6364,0.9852,0.6730,-0.26,21.59,0.265,,1,1,14.560,0.2203,,,
123.544,0.9799,0.6527,0.9898,0.7042,-0.25,21.50,0.212,,1,1,14.560,0.2203,,,
123.576,0.9821,0.6746,0.9894,0.7440,-0.24,21.42,0.192,,1,1,14.560,0.2203,,,
123.609,0.9834,0.6926,0.9876,0.7471,-0.23,21.35,0.198,,1,1,14.560,0.2203,,,
123.641,0.9843,0.7106,0.9872,0.7673,-0.22,21.30,0.206,,1,1,14.560,0.2203,,,
123.673,0.9837,0.7324,0.9819,0.7991,-0.20,21.27,0.216,,1,1,14.560,0.2203,,,
123.705,0.9828,0.7499,0.9797,0.8075,-0.19,21.23,0.215,,1,1,14.560,0.2203,,,
123.752,0.9848,0.7642,0.9890,0.7937,-0.17,21.18,0.220,,1,1,14.560,0.2203,,,
123.784,0.9854,0.7730,0.9876,0.8009,-0.16,21.16,0.229,,1,1,14.560,0.2203,,,
123.818,0.9869,0.7798,0.9915,0.7998,-0.16,21.12,0.226,,1,1,14.560,0.2203,,,
123.847,0.9875,0.7802,0.9898,0.7816,-0.16,21.09,0.220,,1,1,14.560,0.2203,,,
123.881,0.9880,0.7799,0.9895,0.7789,-0.14,21.04,0.227,,1,1,14.560,0.2203,,,
123.915,0.9886,0.7738,0.9902,0.7548,-0.14,20.98,0.220,,1,1,14.560,0.2203,,,
123.947,0.9867,0.7781,0.9804,0.7923,-0.12,20.91,0.220,,1,1,14.560,0.2203,,,
123.978,0.9860,0.7815,0.9837,0.7929,-0.11,20.89,0.224,,1,1,14.560,0.2203,,,
124.010,0.9879,0.7852,0.9937,0.7968,-0.09,20.88,0.224,,1,1,14.560,0.2203,,,
124.041,0.9899,0.7866,0.9966,0.7914,-0.08,20.87,0.224,,1,1,14.560,0.2203,,,
124.073,0.9928,0.7820,1.0026,0.7669,-0.09,20.85,0.232,,1,1,14.560,0.2203,,,
124.104,0.9938,0.7766,0.9972,0.7584,-0.09,20.86,0.227,,1,1,14.560,0.2203,,,
124.138,0.9910,0.7813,0.9823,0.7959,-0.10,20.88,0.232,,1,1,14.560,0.2203,,,
124.170,0.9804,0.7838,0.9444,0.7921,-0.10,20.85,0.218,,1,1,14.560,0.2203,,,
124.203,0.9689,0.7856,0.9326,0.7913,-0.11,20.78,0.213,,1,1,14.560,0.2203,,,
124.234,0.9590,0.7889,0.9266,0.7999,-0.12,20.72,0.202,,1,1,14.560,0.2203,,,
124.264,0.9492,0.7929,0.9142,0.8074,-0.14,20.72,0.203,,1,1,14.560,0.2203,,,
124.298,0.9393,0.8086,0.9094,0.8560,-0.16,20.64,0.207,,1,1,14.560,0.2203,,,
124.345,0.9211,0.8314,0.8814,0.8814,-0.19,20.55,0.207,,1,1,14.560,0.2203,,,
124.378,0.9079,0.8329,0.8671,0.8376,-0.20,20.46,0.207,,1,1,14.560,0.2203,,,
124.408,0.8992,0.8325,0.8700,0.8310,-0.22,20.40,0.213,,1,1,14.560,0.2203,,,
124.442,0.8889,0.8390,0.8562,0.8599,-0.23,20.34,0.227,,1,1,14.560,0.2203,,,
124.472,0.8814,0.8416,0.8571,0.8504,-0.25,20.39,0.234,,1,1,14.560,0.2203,,,
124.504,0.8744,0.8463,0.8519,0.8615,-0.26,20.43,0.241,,1,1,14.560,0.2203,,,
124.537,0.8669,0.8533,0.8437,0.8754,-0.26,20.45,0.244,,1,1,14.560,0.2203,,,
124.569,0.8613,0.8565,0.8428,0.8670,-0.25,20.46,0.230,,1,1,14.560,0.2203,,,
124.601,0.8545,0.8588,0.8335,0.8660,-0.25,20.47,0.230,,1,1,14.560,0.2203,,,
124.632,0.8480,0.8565,0.8261,0.8487,-0.25,20.50,0.233,,1,1,14.560,0.2203,,,
124.664,0.8368,0.8627,0.8011,0.8831,-0.26,20.55,0.243,,1,1,14.560,0.2203,,,
124.695,0.8223,0.8672,0.7747,0.8820,-0.27,20.67,0.256,,1,1,14.560,0.2203,,,
124.729,0.8024,0.8787,0.7431,0.9139,-0.29,20.83,0.281,,1,1,14.560,0.2203,,,
124.760,0.7832,0.8912,0.7199,0.9335,-0.32,20.94,0.318,,1,1,14.560,0.2203,,,
124.793,0.7589,0.9029,0.6860,0.9388,-0.36,21.03,0.349,,1,1,14.560,0.2203,,,
124.825,0.7351,0.9087,0.6615,0.9273,-0.43,21.10,0.373,,1,1,14.560,0.2203,,,
124.858,0.7090,0.9177,0.6284,0.9467,-0.48,21.16,0.386,,1,1,14.560,0.2203,,,
124.905,0.6745,0.9263,0.6036,0.9448,-0.57,21.26,0.386,,1,1,14.560,0.2203,,,
124.937,0.6546,0.9299,0.5916,0.9419,-0.62,21.35,0.389,,1,1,14.560,0.2203,,,
124.972,0.6337,0.9236,0.5754,0.9049,-0.66,21.47,0.393,,1,1,14.560,0.2203,,,
125.007,0.6138,0.9188,0.5571,0.9044,-0.71,21.67,0.394,,1,1,14.560,0.2203,,,
125.037,0.5996,0.9114,0.5537,0.8859,-0.75,21.84,0.404,,1,1,14.560,0.2203,,,
125.063,0.5904,0.9046,0.5553,0.8770,-0.79,21.95,0.415,,1,1,14.560,0.2203,,,
125.097,0.5764,0.8806,0.5350,0.8058,-0.84,22.06,0.422,,1,1,14.560,0.2203,,,
125.127,0.5681,0.8667,0.5406,0.8193,-0.87,22.22,0.414,,1,1,14.560,0.2203,,,
125.159,0.5617,0.8511,0.5418,0.8010,-0.92,22.35,0.412,,1,1,14.560,0.2203,,,
125.193,0.5569,0.8334,0.5419,0.7785,-0.95,22.48,0.411,,1,1,14.560,0.2203,,,
125.226,0.5536,0.8192,0.5438,0.7767,-0.98,22.61,0.405,,1,1,14.560,0.2203,,,
125.257,0.5511,0.8016,0.5428,0.7442,-1.00,22.73,0.406,,1,1,14.560,0.2203,,,
125.290,0.5478,0.7867,0.5378,0.7409,-1.02,22.84,0.409,,1,1,14.560,0.2203,,,
125.321,0.5459,0.7754,0.5394,0.7389,-1.02,22.94,0.408,,1,1,14.560,0.2203,,,
125.352,0.5467,0.7630,0.5493,0.7228,-1.04,23.01,0.406,,1,1,14.560,0.2203,,,
125.417,0.5468,0.7277,0.5469,0.6730,-1.08,23.23,0.414,,1,1,14.560,0.2203,,,
125.466,0.5475,0.6880,0.5490,0.6044,-1.12,23.39,0.421,,1,1,14.560,0.2203,,,
125.498,0.5472,0.6568,0.5461,0.5627,-1.15,23.46,0.420,,1,1,14.560,0.2203,,,
125.525,0.5464,0.6328,0.5437,0.5458,-1.16,23.50,0.421,,1,1,14.560,0.2203,,,
125.552,0.5458,0.6175,0.5430,0.5606,-1.18,23.55,0.420,,1,1,14.560,0.2203,,,
125.578,0.5448,0.5994,0.5411,0.5325,-1.20,23.62,0.426,,1,1,14.560,0.2203,,,
125.607,0.5410,0.5770,0.5272,0.5027,-1.21,23.70,0.432,,1,1,14.560,0.2203,,,
125.637,0.5338,0.5552,0.5087,0.4838,-1.24,23.78,0.438,,1,1,14.560,0.2203,,,
125.665,0.5244,0.5276,0.4897,0.4330,-1.28,23.86,0.450,,1,1,14.560,0.2203,,,
125.695,0.5114,0.5017,0.4665,0.4186,-1.32,23.91,0.452,,1,1,14.560,0.2203,,,
125.724,0.4949,0.4681,0.4374,0.3592,-1.35,23.98,0.456,,1,1,14.560,0.2203,,,
125.754,0.4789,0.4362,0.4251,0.3361,-1.39,24.09,0.460,,1,1,14.560,0.2203,,,
125.816,0.4570,0.3929,0.4211,0.3256,-1.45,24.27,0.459,,1,1,14.560,0.2203,,,
125.851,0.4481,0.3711,0.4215,0.3092,-1.49,24.32,0.460,,1,1,14.560,0.2203,,,
125.882,0.4419,0.3488,0.4211,0.2794,-1.53,24.37,0.460,,1,1,14.560,0.2203,,,
125.913,0.4342,0.3292,0.4098,0.2696,-1.56,24.45,0.461,,1,1,14.560,0.2203,,,
125.948,0.4269,0.3089,0.4045,0.2504,-1.59,24.53,0.466,,1,1,14.560,0.2203,,,
125.977,0.4219,0.2943,0.4049,0.2469,-1.60,24.62,0.468,,1,1,14.560,0.2203,,,
126.024,0.4196,0.2811,0.4145,0.2533,-1.61,24.72,0.469,,1,1,14.560,0.2203,,,
126.057,0.4187,0.2743,0.4159,0.2542,-1.61,24.80,0.469,,1,1,14.560,0.2203,,,
126.085,0.4181,0.2700,0.4159,0.2539,-1.61,24.86,0.468,,1,1,14.560,0.2203,,,
126.112,0.4174,0.2674,0.4145,0.2580,-1.61,24.95,0.466,,1,1,14.560,0.2203,,,
126.141,0.4159,0.2658,0.4109,0.2603,-1.61,25.02,0.465,,1,1,14.560,0.2203,,,
126.169,0.4146,0.2641,0.4097,0.2578,-1.61,25.08,0.463,,1,1,14.560,0.2203,,,
126.216,0.4131,0.2615,0.4097,0.2557,-1.64,25.15,0.459,,1,1,14.560,0.2203,,,
126.247,0.4121,0.2613,0.4085,0.2608,-1.64,25.19,0.456,,1,1,14.560,0.2203,,,
126.281,0.4122,0.2580,0.4125,0.2480,-1.65,25.24,0.455,,1,1,14.560,0.2203,,,
126.312,0.4121,0.2579,0.4117,0.2575,-1.65,25.28,0.455,,1,1,14.560,0.2203,,,
126.345,0.4134,0.2551,0.4176,0.2465,-1.66,25.34,0.455,,1,1,14.560,0.2203,,,
126.375,0.4168,0.2553,0.4287,0.2561,-1.67,25.38,0.450,,1,1,14.560,0.2203,,,
126.410,0.4194,0.2509,0.4276,0.2371,-1.70,25.44,0.451,,1,1,14.560,0.2203,,,
126.441,0.4199,0.2417,0.4218,0.2124,-1.72,25.48,0.445,,1,1,14.560,0.2203,,,
126.473,0.4140,0.2251,0.3939,0.1705,-1.74,25.50,0.448,,1,1,14.560,0.2203,,,
126.506,0.4066,0.2128,0.3829,0.1741,-1.77,25.49,0.452,,1,1,14.560,0.2203,,,
126.538,0.4009,0.2029,0.3818,0.1711,-1.79,25.48,0.456,,1,1,14.560,0.2203,,,
126.570,0.3967,0.1910,0.3833,0.1536,-1.80,25.47,0.460,,1,1,14.560,0.2203,,,
126.616,0.3924,0.1737,0.3827,0.1355,-1.81,25.36,0.463,,1,1,14.560,0.2203,,,
126.648,0.3887,0.1573,0.3768,0.1057,-1.83,25.30,0.462,,1,1,14.560,0.2203,,,
126.681,0.3846,0.1367,0.3711,0.0719,-1.85,25.23,0.463,,1,1,14.560,0.2203,,,
126.713,0.3803,0.1114,0.3665,0.0332,-1.86,25.20,0.464,,1,1,14.560,0.2203,,,
126.744,0.3790,0.0927,0.3743,0.0318,-1.87,25.16,0.466,,1,1,14.560,0.2203,,,
126.777,0.3788,0.0738,0.3783,0.0171,-1.89,25.15,0.470,,1,1,14.560,0.2203,,,
126.809,0.3791,0.0592,0.3802,0.0146,-1.89,25.14,0.469,,1,1,14.560,0.2203,,,
126.841,0.3842,0.0468,0.4009,0.0081,-1.92,25.17,0.474,,1,1,14.560,0.2203,,,
126.873,0.3874,0.0306,0.3985,-0.0211,-1.94,25.20,0.477,,1,1,14.560,0.2203,,,
126.906,0.3900,0.0158,0.3982,-0.0281,-1.95,25.22,0.476,,1,1,14.560,0.2203,,,
126.936,0.3919,0.0028,0.3984,-0.0403,-1.95,25.21,0.474,,1,1,14.560,0.2203,,,
126.970,0.3950,0.0000,0.4050,-0.0176,-1.96,25.18,0.419,,1,1,14.560,0.2203,,,
127.001,0.4172,0.0000,0.4914,-0.0483,-1.95,25.06,0.234,,1,1,14.560,0.2203,,,
127.032,0.4333,0.0003,0.4857,0.0438,-1.93,24.96,0.228,,1,1,14.560,0.2203,,,
127.065,0.4415,0.0058,0.4685,0.0241,-1.92,24.90,0.261,,1,1,14.560,0.2203,,,
127.098,0.4360,0.0063,0.4196,0.0079,-1.91,24.86,0.305,,1,1,14.560,0.2203,,,
127.130,0.4288,0.0000,0.4051,-0.0271,-1.91,24.89,0.345,,1,1,14.560,0.2203,,,
127.176,0.4169,0.0075,0.3896,0.0283,-1.91,24.94,0.376,,1,1,14.560,0.2203,,,
127.210,0.4100,0.0142,0.3887,0.0349,-1.89,24.94,0.382,,1,1,14.560,0.2203,,,
127.241,0.4045,0.0218,0.3855,0.0477,-1.90,24.92,0.401,,1,1,14.560,0.2203,,,
127.275,0.3992,0.0269,0.3829,0.0429,-1.90,24.93,0.409,,1,1,14.560,0.2203,,,
127.304,0.3946,0.0307,0.3782,0.0445,-1.90,24.97,0.409,,1,1,14.560,0.2203,,,
127.337,0.3905,0.0328,0.3773,0.0395,-1.91,25.00,0.414,,1,1,14.560,0.2203,,,
127.370,0.3869,0.0290,0.3754,0.0170,-1.92,25.04,0.425,,1,1,14.560,0.2203,,,
127.401,0.3842,0.0201,0.3752,-0.0099,-1.94,25.09,0.425,,1,1,14.560,0.2203,,,
127.433,0.3820,0.0091,0.3747,-0.0276,-1.96,25.14,0.431,,1,1,14.560,0.2203,,,
127.464,0.3797,0.0000,0.3721,-0.0607,-1.98,25.20,0.439,,1,1,14.560,0.2203,,,
127.497,0.3785,0.0000,0.3746,-0.0723,-2.00,25.26,0.439,,1,1,14.560,0.2203,,,
127.529,0.3742,0.0000,0.3594,-0.0823,-2.04,25.31,0.439,,1,1,14.560,0.2203,,,
127.561,0.3688,0.0000,0.3518,-0.0905,-2.05,25.35,0.442,,1,1,14.560,0.2203,,,
127.592,0.3668,0.0000,0.3599,-0.0697,-2.06,25.39,0.443,,1,1,14.560,0.2203,,,
127.626,0.3631,0.0000,0.3516,-0.0722,-2.06,25.41,0.446,,1,1,14.560,0.2203,,,
127.657,0.3560,0.0000,0.3326,-0.0505,-2.06,25.44,0.450,,1,1,14.560,0.2203,,,
127.690,0.3446,0.0000,0.3084,-0.0545,-2.06,25.54,0.454,,1,1,14.560,0.2203,,,
127.737,0.3232,0.0000,0.2756,-0.0273,-2.05,25.65,0.461,,1,1,14.560,0.2203,,,
127.769,0.3084,0.0000,0.2620,-0.0301,-2.05,25.74,0.462,,1,1,14.560,0.2203,,,
127.803,0.2959,0.0000,0.2583,-0.0250,-2.05,25.81,0.469,,1,1,14.560,0.2203,,,
127.833,0.2857,0.0000,0.2505,0.0000,-2.04,25.86,0.472,,1,1,14.560,0.2203,,,
127.865,0.2764,0.0000,0.2460,0.0068,-2.05,25.91,0.473,,1,1,14.560,0.2203,,,
127.897,0.2642,0.0000,0.2272,-0.0248,-2.06,25.97,0.479,,1,1,14.560,0.2203,,,
127.928,0.2540,0.0000,0.2200,-0.0366,-2.08,26.03,0.485,,1,1,14.560,0.2203,,,
127.963,0.2451,0.0000,0.2184,-0.0546,-2.09,26.09,0.489,,1,1,14.560,0.2203,,,
127.993,0.2397,0.0000,0.2216,-0.0583,-2.11,26.13,0.488,,1,1,14.560,0.2203,,,
128.025,0.2362,0.0000,0.2251,-0.0634,-2.12,26.17,0.495,,1,1,14.560,0.2203,,,
128.056,0.2335,0.0000,0.2245,-0.0711,-2.15,26.22,0.494,,1,1,14.560,0.2203,,,
128.089,0.2318,0.0000,0.2267,-0.0819,-2.17,26.26,0.498,,1,1,14.560,0.2203,,,
128.123,0.2328,0.0000,0.2358,-0.0784,-2.18,26.32,0.498,,1,1,14.560,0.2203,,,
128.154,0.2344,0.0000,0.2395,-0.0898,-2.20,26.35,0.493,,1,1,14.560,0.2203,,,
128.218,0.2378,0.0000,0.2435,-0.1152,-2.23,26.45,0.492,,1,1,14.560,0.2203,,,
128.248,0.2393,0.0000,0.2443,-0.1332,-2.26,26.50,0.490,,1,1,14.560,0.2203,,,
128.280,0.2400,0.0000,0.2426,-0.1648,-2.28,26.58,0.494,,1,1,14.560,0.2203,,,
128.329,0.2407,0.0000,0.2423,-0.1620,-2.28,26.68,0.490,,1,1,14.560,0.2203,,,
128.357,0.2410,0.0000,0.2421,-0.1607,-2.28,26.73,0.490,,1,1,14.560,0.2203,,,
128.384,0.2395,0.0000,0.2336,-0.1410,-2.28,26.78,0.491,,1,1,14.560,0.2203,,,
128.409,0.2387,0.0000,0.2353,-0.1371,-2.30,26.83,0.493,,1,1,14.560,0.2203,,,
128.436,0.2386,0.0000,0.2380,-0.1337,-2.31,26.89,0.493,,1,1,14.560,0.2203,,,
128.463,0.2382,0.0000,0.2366,-0.1376,-2.32,26.96,0.493,,1,1,14.560,0.2203,,,
128.491,0.2380,0.0000,0.2371,-0.1486,-2.33,27.04,0.492,,1,1,14.560,0.2203,,,
128.521,0.2362,0.0000,0.2302,-0.1587,-2.35,27.11,0.491,,1,1,14.560,0.2203,,,
128.553,0.2324,0.0000,0.2194,-0.1660,-2.37,27.18,0.489,,1,1,14.560,0.2203,,,
128.617,0.2023,0.0000,0.1537,-0.2029,-2.39,27.38,0.481,,1,1,14.560,0.2203,,,
128.648,0.1802,0.0000,0.1058,-0.1456,-2.38,27.51,0.472,,1,1,14.560,0.2203,,,
128.682,0.1523,0.0000,0.0690,-0.0361,-2.36,27.75,0.471,,1,1,14.560,0.2203,,,
128.714,0.1202,0.0000,0.0189,0.0368,-2.34,28.00,0.467,,1,1,14.560,0.2203,,,
128.745,0.0904,0.0073,-0.0070,0.1235,-2.30,28.27,0.465,,1,1,14.560,0.2203,,,
128.777,0.0550,0.0453,-0.0651,0.1609,-2.26,28.58,0.463,,1,1,14.560,0.2203,,,
128.809,0.0290,0.0970,-0.0720,0.2542,-2.22,28.83,0.463,,1,1,14.560,0.2203,,,
128.840,0.0098,0.1415,-0.0902,0.2780,-2.20,29.12,0.463,,1,1,14.560,0.2203,,,
128.888,0.0000,0.1847,-0.1255,0.2722,-2.17,29.64,0.460,,1,1,14.560,0.2203,,,
128.921,0.0000,0.2118,-0.1316,0.2903,-2.16,29.92,0.461,,1,1,14.560,0.2203,,,
128.950,0.0000,0.2315,-0.1360,0.2977,-2.15,30.14,0.463,,1,1,14.560,0.2203,,,
128.977,0.0000,0.2524,-0.1282,0.3256,-2.14,30.36,0.456,,1,1,14.560,0.2203,,,
129.017,0.0000,0.2743,-0.1518,0.3279,-2.12,30.59,0.454,,1,1,14.560,0.2203,,,
129.047,0.0000,0.2978,-0.1488,0.3723,-2.11,30.73,0.447,,1,1,14.560,0.2203,,,
129.082,0.0000,0.3207,-0.1509,0.3856,-2.10,30.85,0.445,,1,1,14.560,0.2203,,,
129.112,0.0000,0.3362,-0.1475,0.3864,-2.09,30.99,0.442,,1,1,14.560,0.2203,,,
129.144,0.0000,0.3526,-0.1498,0.4031,-2.09,31.11,0.444,,1,1,14.560,0.2203,,,
129.176,0.0000,0.3722,-0.1440,0.4317,-2.08,31.25,0.442,,1,1,14.560,0.2203,,,
129.209,0.0000,0.3955,-0.1408,0.4640,-2.06,31.39,0.437,,1,1,14.560,0.2203,,,
129.241,0.0000,0.4099,-0.1274,0.4532,-2.07,31.51,0.435,,1,1,14.560,0.2203,,,
129.272,0.0000,0.4112,-0.1181,0.4155,-2.09,31.57,0.438,,1,1,14.560,0.2203,,,
129.305,0.0000,0.4076,-0.0962,0.3969,-2.09,31.61,0.439,,1,1,14.560,0.2203,,,
129.337,0.0000,0.4101,-0.0496,0.4178,-2.08,31.63,0.438,,1,1,14.560,0.2203,,,
129.370,0.0000,0.4034,-0.0242,0.3825,-2.09,31.63,0.437,,1,1,14.560,0.2203,,,
129.401,0.0000,0.3916,0.0005,0.3510,-2.10,31.61,0.446,,1,1,14.560,0.2203,,,
129.447,0.0000,0.3638,0.0258,0.3008,-2.11,31.59,0.445,,1,1,14.560,0.2203,,,
129.481,0.0024,0.3452,0.0576,0.2860,-2.10,31.49,0.446,,1,1,14.560,0.2203,,,
129.512,0.0252,0.3025,0.0999,0.1635,-2.10,31.41,0.448,,1,1,14.560,0.2203,,,
129.546,0.0652,0.2852,0.1796,0.2355,-2.10,31.23,0.446,,1,1,14.560,0.2203,,,
129.577,0.0971,0.2469,0.2037,0.1182,-2.13,31.05,0.449,,1,1,14.560,0.2203,,,
129.609,0.1352,0.1961,0.2469,0.0477,-2.15,30.84,0.453,,1,1,14.560,0.2203,,,
129.641,0.1649,0.1435,0.2587,-0.0191,-2.17,30.69,0.458,,1,1,14.560,0.2203,,,
129.674,0.2060,0.1091,0.3229,0.0124,-2.19,30.48,0.456,,1,1,14.560,0.2203,,,
129.705,0.2371,0.0698,0.3331,-0.0579,-2.22,30.25,0.456,,1,1,14.560,0.2203,,,
129.737,0.2616,0.0396,0.3353,-0.0928,-2.23,30.10,0.457,,1,1,14.560,0.2203,,,
129.768,0.2801,0.0173,0.3368,-0.1162,-2.23,30.03,0.458,,1,1,14.560,0.2203,,,
129.799,0.2922,0.0007,0.3299,-0.1026,-2.25,29.92,0.453,,1,1,14.560,0.2203,,,
129.832,0.3087,0.0000,0.3567,-0.1090,-2.27,29.81,0.454,,1,1,14.560,0.2203,,,
129.865,0.3177,0.0000,0.3464,-0.1225,-2.28,29.74,0.456,,1,1,14.560,0.2203,,,
129.896,0.3261,0.0000,0.3516,-0.1353,-2.30,29.67,0.456,,1,1,14.560,0.2203,,,
129.929,0.3330,0.0000,0.3538,-0.1004,-2.31,29.59,0.457,,1,1,14.560,0.2203,,,
129.961,0.3377,0.0000,0.3530,-0.0923,-2.32,29.56,0.458,,1,1,14.560,0.2203,,,
130.011,0.3280,0.0000,0.3081,-0.1377,-2.32,29.52,0.459,,1,1,14.560,0.2203,,,
130.041,0.3180,0.0000,0.2851,-0.0801,-2.34,29.47,0.453,,1,1,14.560,0.2203,,,
130.073,0.3052,0.0000,0.2631,0.0178,-2.35,29.47,0.450,,1,1,14.560,0.2203,,,
130.105,0.2839,0.0000,0.2119,0.0454,-2.35,29.48,0.448,,1,1,14.560,0.2203,,,
130.137,0.2520,0.0147,0.1492,0.1025,-2.36,29.50,0.440,,1,1,14.560,0.2203,,,
130.168,0.2153,0.0479,0.0980,0.1556,-2.37,29.58,0.437,,1,1,14.560,0.2203,,,
130.201,0.1814,0.0908,0.0774,0.2228,-2.39,29.75,0.443,,1,1,14.560,0.2203,,,
130.236,0.1412,0.1403,0.0285,0.2792,-2.40,29.89,0.438,,1,1,14.560,0.2203,,,
130.264,0.1119,0.1785,0.0125,0.3075,-2.39,30.07,0.439,,1,1,14.560,0.2203,,,
130.295,0.0885,0.2180,0.0154,0.3395,-2.36,30.24,0.437,,1,1,14.560,0.2203,,,
130.330,0.0706,0.2513,0.0209,0.3418,-2.35,30.45,0.440,,1,1,14.560,0.2203,,,
130.360,0.0603,0.2661,0.0256,0.3147,-2.35,30.60,0.437,,1,1,14.560,0.2203,,,
130.391,0.0466,0.2761,0.0039,0.3069,-2.33,30.71,0.432,,1,1,14.560,0.2203,,,
130.425,0.0399,0.2895,0.0201,0.3284,-2.31,30.81,0.437,,1,1,14.560,0.2203,,,
130.461,0.0366,0.3006,0.0272,0.3312,-2.30,30.89,0.435,,1,1,14.560,0.2203,,,
130.492,0.0356,0.3084,0.0327,0.3329,-2.31,30.97,0.436,,1,1,14.560,0.2203,,,
130.520,0.0394,0.3151,0.0528,0.3387,-2.34,31.01,0.438,,1,1,14.560,0.2203,,,
130.553,0.0447,0.3095,0.0617,0.2919,-2.38,31.04,0.439,,1,1,14.560,0.2203,,,
130.601,0.0526,0.2816,0.0695,0.2218,-2.43,31.04,0.439,,1,1,14.560,0.2203,,,
130.634,0.0589,0.2657,0.0794,0.2143,-2.45,31.01,0.439,,1,1,14.560,0.2203,,,
130.664,0.0676,0.2594,0.0986,0.2372,-2.46,30.96,0.433,,1,1,14.560,0.2203,,,
130.695,0.0766,0.2472,0.1066,0.2062,-2.46,30.92,0.436,,1,1,14.560,0.2203,,,
130.727,0.0848,0.2279,0.1119,0.1653,-2.47,30.89,0.442,,1,1,14.560,0.2203,,,
130.760,0.0916,0.2034,0.1135,0.1264,-2.47,30.86,0.442,,1,1,14.560,0.2203,,,
130.792,0.0972,0.1833,0.1148,0.1206,-2.48,30.84,0.440,,1,1,14.560,0.2203,,,
130.823,0.1022,0.1669,0.1190,0.1135,-2.48,30.84,0.443,,1,1,14.560,0.2203,,,
130.857,0.1062,0.1517,0.1189,0.1061,-2.49,30.84,0.443,,1,1,14.560,0.2203,,,
130.887,0.1106,0.1415,0.1261,0.1068,-2.50,30.84,0.445,,1,1,14.560,0.2203,,,
130.922,0.1143,0.1295,0.1252,0.0947,-2.52,30.81,0.445,,1,1,14.560,0.2203,,,
130.956,0.1163,0.1179,0.1223,0.0838,-2.53,30.78,0.450,,1,1,14.560,0.2203,,,
131.015,0.1173,0.0968,0.1191,0.0605,-2.55,30.80,0.446,,1,1,14.560,0.2203,,,
131.048,0.1126,0.0807,0.0975,0.0316,-2.55,30.81,0.446,,1,1,14.560,0.2203,,,
131.082,0.1077,0.0725,0.0925,0.0478,-2.56,30.83,0.433,,1,1,14.560,0.2203,,,
131.113,0.1082,0.0868,0.1098,0.1340,-2.56,30.82,0.339,,1,1,14.560,0.2203,,,
131.161,0.1362,0.1702,0.1979,0.3533,-2.51,30.50,0.136,,1,1,14.560,0.2203,,,
131.193,0.1570,0.2446,0.2238,0.4738,-2.50,30.12,0.065,,1,1,14.560,0.2203,,,
131.220,0.1717,0.2983,0.2264,0.4868,-2.51,29.83,0.063,,1,1,14.560,0.2203,,,
131.252,0.1837,0.3691,0.2226,0.5778,-2.52,29.42,0.034,,1,1,14.560,0.2203,,,
131.281,0.1931,0.4302,0.2259,0.6229,-2.51,29.00,0.038,,1,1,14.560,0.2203,,,
131.310,0.1994,0.4725,0.2217,0.6062,-2.49,28.66,0.065,,1,1,14.560,0.2203,,,
131.335,0.1972,0.5159,0.1887,0.6673,-2.47,28.43,0.074,,1,1,14.560,0.2203,,,
131.366,0.1911,0.5608,0.1704,0.6916,-2.45,28.23,0.081,,1,1,14.560,0.2203,,,
131.416,0.1752,0.6244,0.1419,0.7398,-2.40,27.99,0.113,,1,1,14.560,0.2203,,,
131.449,0.1665,0.6499,0.1383,0.7215,-2.38,27.91,0.120,,1,1,14.560,0.2203,,,
131.479,0.1556,0.6614,0.1173,0.6972,-2.36,27.81,0.127,,1,1,14.560,0.2203,,,
131.511,0.1502,0.6771,0.1324,0.7230,-2.33,27.73,0.136,,1,1,14.560,0.2203,,,
131.544,0.1450,0.6949,0.1288,0.7460,-2.30,27.58,0.136,,1,1,14.560,0.2203,,,
131.576,0.1384,0.7181,0.1168,0.7878,-2.29,27.47,0.166,,1,1,14.560,0.2203,,,
131.609,0.1326,0.7381,0.1136,0.7973,-2.28,27.37,0.172,,1,1,14.560,0.2203,,,
131.641,0.1303,0.7522,0.1233,0.7939,-2.27,27.27,0.166,,1,1,14.560,0.2203,,,
131.671,0.1292,0.7625,0.1254,0.7959,-2.26,27.18,0.168,,1,1,14.560,0.2203,,,
131.721,0.1249,0.7681,0.1158,0.7793,-2.27,27.08,0.171,,1,1,14.560,0.2203,,,
131.753,0.1236,0.7686,0.1195,0.7702,-2.27,27.02,0.170,,1,1,14.560,0.2203,,,
131.781,0.1239,0.7682,0.1246,0.7669,-2.27,26.97,0.169,,1,1,14.560,0.2203,,,
131.815,0.1268,0.7653,0.1361,0.7563,-2.28,26.93,0.180,,1,1,14.560,0.2203,,,
131.849,0.1332,0.7552,0.1540,0.7233,-2.28,26.86,0.176,,1,1,14.560,0.2203,,,
131.879,0.1386,0.7454,0.1563,0.7131,-2.28,26.80,0.174,,1,1,14.560,0.2203,,,
131.912,0.1429,0.7320,0.1568,0.6882,-2.29,26.75,0.171,,1,1,14.560,0.2203,,,
131.944,0.1485,0.7204,0.1669,0.6825,-2.29,26.73,0.172,,1,1,14.560,0.2203,,,
131.975,0.1525,0.7131,0.1662,0.6884,-2.28,26.72,0.177,,1,1,14.560,0.2203,,,
132.008,0.1537,0.7032,0.1573,0.6723,-2.28,26.70,0.181,,1,1,14.560,0.2203,,,
132.041,0.1576,0.6935,0.1700,0.6627,-2.29,26.70,0.190,,1,1,14.560,0.2203,,,
132.074,0.1540,0.6782,0.1420,0.6290,-2.31,26.73,0.190,,1,1,14.560,0.2203,,,
132.105,0.1574,0.6773,0.1687,0.6745,-2.32,26.76,0.212,,1,1,14.560,0.2203,,,
132.137,0.1688,0.6737,0.2061,0.6618,-2.31,26.79,0.223,,1,1,14.560,0.2203,,,
132.171,0.1806,0.6632,0.2166,0.6313,-2.29,26.84,0.247,,1,1,14.560,0.2203,,,
132.201,0.1967,0.6516,0.2519,0.6119,-2.29,26.96,0.272,,1,1,14.560,0.2203,,,
132.233,0.2166,0.6365,0.2798,0.5884,-2.27,27.08,0.287,,1,1,14.560,0.2203,,,
132.281,0.2468,0.6275,0.3109,0.6082,-2.23,27.24,0.300,,1,1,14.560,0.2203,,,
132.311,0.2668,0.6242,0.3338,0.6130,-2.20,27.26,0.310,,1,1,14.560,0.2203,,,
132.345,0.2883,0.6314,0.3526,0.6537,-2.17,27.31,0.320,,1,1,14.560,0.2203,,,
132.377,0.3083,0.6285,0.3702,0.6192,-2.15,27.34,0.325,,1,1,14.560,0.2203,,,
132.410,0.3260,0.6263,0.3815,0.6190,-2.13,27.31,0.323,,1,1,14.560,0.2203,,,
132.441,0.3447,0.6244,0.4023,0.6183,-2.10,27.29,0.324,,1,1,14.560,0.2203,,,
132.472,0.3625,0.6254,0.4187,0.6286,-2.08,27.25,0.325,,1,1,14.560,0.2203,,,
132.506,0.3760,0.6267,0.4162,0.6308,-2.05,27.22,0.335,,1,1,14.560,0.2203,,,
132.538,0.3850,0.6233,0.4132,0.6121,-2.03,27.13,0.334,,1,1,14.560,0.2203,,,
132.570,0.3917,0.6227,0.4135,0.6208,-2.01,27.07,0.337,,1,1,14.560,0.2203,,,
132.602,0.4004,0.6205,0.4265,0.6137,-1.99,27.07,0.349,,1,1,14.560,0.2203,,,
132.632,0.4052,0.6146,0.4215,0.5935,-1.99,27.05,0.368,,1,1,14.560,0.2203,,,
132.665,0.4094,0.6118,0.4225,0.6030,-1.99,27.04,0.376,,1,1,14.560,0.2203,,,
132.696,0.4156,0.6072,0.4362,0.5915,-1.99,27.00,0.375,,1,1,14.560,0.2203,,,
132.729,0.4234,0.6007,0.4470,0.5806,-2.00,26.97,0.381,,1,1,14.560,0.2203,,,
132.763,0.4341,0.5903,0.4657,0.5589,-2.01,26.94,0.379,,1,1,14.560,0.2203,,,
132.794,0.4432,0.5801,0.4737,0.5455,-2.02,26.90,0.377,,1,1,14.560,0.2203,,,
132.828,0.4529,0.5724,0.4817,0.5491,-2.00,26.87,0.381,,1,1,14.560,0.2203,,,
132.876,0.4609,0.5642,0.4782,0.5465,-1.97,26.84,0.391,,1,1,14.560,0.2203,,,
132.907,0.4660,0.5569,0.4826,0.5329,-1.95,26.83,0.376,,1,1,14.560,0.2203,,,
132.938,0.4701,0.5534,0.4842,0.5413,-1.94,26.80,0.376,,1,1,14.560,0.2203,,,
132.970,0.4732,0.5521,0.4828,0.5479,-1.92,26.78,0.379,,1,1,14.560,0.2203,,,
133.002,0.4759,0.5498,0.4854,0.5419,-1.91,26.75,0.379,,1,1,14.560,0.2203,,,
133.035,0.4786,0.5497,0.4868,0.5496,-1.89,26.73,0.381,,1,1,14.560,0.2203,,,
133.068,0.4807,0.5487,0.4871,0.5454,-1.88,26.71,0.389,,1,1,14.560,0.2203,,,
133.096,0.4813,0.5513,0.4835,0.5611,-1.87,26.67,0.401,,1,1,14.560,0.2203,,,
133.129,0.4814,0.5492,0.4819,0.5425,-1.87,26.66,0.417,,1,1,14.560,0.2203,,,
133.160,0.4801,0.5395,0.4757,0.5070,-1.88,26.64,0.436,,1,1,14.560,0.2203,,,
133.192,0.4773,0.5148,0.4680,0.4353,-1.90,26.64,0.437,,1,1,14.560,0.2203,,,
133.227,0.4746,0.4908,0.4661,0.4195,-1.92,26.64,0.443,,1,1,14.560,0.2203,,,
133.259,0.4736,0.4675,0.4704,0.3949,-1.94,26.64,0.441,,1,1,14.560,0.2203,,,
133.289,0.4749,0.4481,0.4797,0.3829,-1.96,26.64,0.443,,1,1,14.560,0.2203,,,
133.320,0.4774,0.4261,0.4859,0.3560,-1.99,26.64,0.443,,1,1,14.560,0.2203,,,
133.353,0.4836,0.4036,0.5037,0.3349,-2.02,26.64,0.444,,1,1,14.560,0.2203,,,
133.432,0.5175,0.3428,0.5621,0.2664,-2.06,26.48,0.454,,1,1,14.560,0.2203,,,
133.466,0.5325,0.3188,0.5786,0.2483,-2.07,26.37,0.460,,1,1,14.560,0.2203,,,
133.494,0.5439,0.3013,0.5857,0.2394,-2.08,26.25,0.464,,1,1,14.560,0.2203,,,
133.521,0.5576,0.2808,0.6092,0.2073,-2.07,26.20,0.463,,1,1,14.560,0.2203,,,
133.547,0.5749,0.2611,0.6413,0.1879,-2.06,26.11,0.465,,1,1,14.560,0.2203,,,
133.575,0.5971,0.2308,0.6761,0.1264,-2.06,25.98,0.463,,1,1,14.560,0.2203,,,
133.603,0.6206,0.1932,0.7048,0.0643,-2.05,25.86,0.460,,1,1,14.560,0.2203,,,
133.629,0.6503,0.1518,0.7626,0.0011,-2.01,25.80,0.348,,1,1,14.560,0.2203,,,
133.662,0.6798,0.1239,0.7705,0.0409,-1.98,25.74,0.281,,1,1,14.560,0.2203,,,
133.699,0.7199,0.0937,0.8202,0.0198,-1.92,25.58,0.304,,1,1,14.560,0.2203,,,
133.727,0.7499,0.0760,0.8541,0.0152,-1.88,25.43,0.314,,1,1,14.560,0.2203,,,
133.755,0.7698,0.0782,0.8366,0.0857,-1.84,25.34,0.323,,1,1,14.560,0.2203,,,
133.818,0.8015,0.0828,0.8510,0.0900,-1.80,25.07,0.362,,1,1,14.560,0.2203,,,
133.848,0.8097,0.0888,0.8363,0.1086,-1.77,24.97,0.383,,1,1,14.560,0.2203,,,
133.880,0.8150,0.0967,0.8317,0.1229,-1.75,24.85,0.397,,1,1,14.560,0.2203,,,
133.912,0.8234,0.0873,0.8490,0.0577,-1.73,24.72,0.421,,1,1,14.560,0.2203,,,
133.944,0.8270,0.0799,0.8385,0.0560,-1.70,24.65,0.446,,1,1,14.560,0.2203,,,
133.991,0.8289,0.0700,0.8331,0.0484,-1.69,24.50,0.488,,1,1,14.560,0.2203,,,
134.025,0.8330,0.0472,0.8452,-0.0198,-1.68,24.41,0.498,,1,1,14.560,0.2203,,,
134.054,0.8372,0.0258,0.8520,-0.0751,-1.68,24.35,0.501,,1,1,14.560,0.2203,,,
134.084,0.8406,0.0085,0.8527,-0.1000,-1.69,24.30,0.494,,1,1,14.560,0.2203,,,
134.111,0.8440,0.0000,0.8563,-0.1379,-1.70,24.24,0.492,,1,1,14.560,0.2203,,,
134.136,0.8459,0.0000,0.8541,-0.1226,-1.70,24.20,0.490,,1,1,14.560,0.2203,,,
134.164,0.8467,0.0000,0.8497,-0.1182,-1.71,24.15,0.488,,1,1,14.560,0.2203,,,
134.217,0.8540,0.0000,0.8681,-0.1600,-1.75,24.12,0.488,,1,1,14.560,0.2203,,,
134.251,0.8599,0.0000,0.8781,-0.2063,-1.78,24.07,0.488,,1,1,14.560,0.2203,,,
134.281,0.8631,0.0000,0.8742,-0.2128,-1.79,23.99,0.485,,1,1,14.560,0.2203,,,
134.312,0.8658,0.0000,0.8748,-0.2120,-1.80,23.91,0.489,,1,1,14.560,0.2203,,,
134.344,0.8685,0.0000,0.8772,-0.2053,-1.81,23.86,0.493,,1,1,14.560,0.2203,,,
134.377,0.8707,0.0000,0.8778,-0.2066,-1.81,23.79,0.497,,1,1,14.560,0.2203,,,
134.410,0.8715,0.0000,0.8743,-0.1917,-1.81,23.75,0.497,,1,1,14.560,0.2203,,,
134.440,0.8721,0.0000,0.8739,-0.1946,-1.82,23.69,0.497,,1,1,14.560,0.2203,,,
134.474,0.8740,0.0000,0.8798,-0.2259,-1.82,23.67,0.489,,1,1,14.560,0.2203,,,
134.506,0.8769,0.0000,0.8867,-0.2172,-1.81,23.66,0.461,,1,1,14.560,0.2203,,,
134.554,0.8971,0.0000,0.9410,-0.1532,-1.74,23.69,0.335,,1,1,14.560,0.2203,,,
134.587,0.9125,0.0000,0.9601,-0.0201,-1.69,23.66,0.207,,1,1,14.560,0.2203,,,
134.618,0.9230,0.0000,0.9584,0.1335,-1.63,23.52,0.151,,1,1,14.560,0.2203,,,
134.649,0.9269,0.0631,0.9394,0.2671,-1.59,23.22,0.110,,1,1,14.560,0.2203,,,
134.681,0.9290,0.1208,0.9362,0.2986,-1.55,22.91,0.125,,1,1,14.560,0.2203,,,
134.713,0.9297,0.1746,0.9317,0.3340,-1.52,22.63,0.148,,1,1,14.560,0.2203,,,
134.745,0.9315,0.2166,0.9376,0.3394,-1.47,22.41,0.167,,1,1,14.560,0.2203,,,
134.778,0.9314,0.2493,0.9308,0.3452,-1.42,22.21,0.161,,1,1,14.560,0.2203,,,
134.809,0.9317,0.2772,0.9327,0.3597,-1.38,22.08,0.168,,1,1,14.560,0.2203,,,
134.842,0.9333,0.2972,0.9386,0.3547,-1.33,22.01,0.192,,1,1,14.560,0.2203,,,
134.872,0.9339,0.3180,0.9360,0.3843,-1.30,21.99,0.219,,1,1,14.560,0.2203,,,
134.905,0.9355,0.3401,0.9403,0.4040,-1.26,22.00,0.229,,1,1,14.560,0.2203,,,
134.937,0.9362,0.3607,0.9384,0.4210,-1.23,22.02,0.242,,1,1,14.560,0.2203,,,
134.971,0.9360,0.3836,0.9357,0.4484,-1.19,22.03,0.250,,1,1,14.560,0.2203,,,
135.000,0.9359,0.4026,0.9354,0.4660,-1.15,22.03,0.253,,1,1,14.560,0.2203,,,
135.033,0.9345,0.4253,0.9302,0.4916,-1.12,22.02,0.252,,1,1,14.560,0.2203,,,
135.067,0.9344,0.4463,0.9338,0.5071,-1.09,22.03,0.258,,1,1,14.560,0.2203,,,
135.095,0.9354,0.4618,0.9392,0.5148,-1.06,22.03,0.262,,1,1,14.560,0.2203,,,
135.144,0.9375,0.4777,0.9421,0.5097,-1.02,22.08,0.272,,1,1,14.560,0.2203,,,
135.178,0.9401,0.4854,0.9484,0.5083,-0.99,22.14,0.274,,1,1,14.560,0.2203,,,
135.210,0.9430,0.4942,0.9525,0.5215,-0.96,22.24,0.275,,1,1,14.560,0.2203,,,
135.240,0.9463,0.5028,0.9578,0.5308,-0.93,22.29,0.263,,1,1,14.560,0.2203,,,
135.272,0.9487,0.5125,0.9566,0.5431,-0.91,22.34,0.269,,1,1,14.560,0.2203,,,
135.305,0.9542,0.5109,0.9719,0.5059,-0.89,22.42,0.269,,1,1,14.560,0.2203,,,
135.337,0.9578,0.5146,0.9693,0.5264,-0.87,22.50,0.272,,1,1,14.560,0.2203,,,
135.370,0.9610,0.5215,0.9712,0.5427,-0.85,22.57,0.272,,1,1,14.560,0.2203,,,
135.401,0.9615,0.5393,0.9633,0.5969,-0.83,22.61,0.267,,1,1,14.560,0.2203,,,
135.433,0.9641,0.5552,0.9729,0.6064,-0.82,22.62,0.263,,1,1,14.560,0.2203,,,
135.465,0.9667,0.5723,0.9748,0.6252,-0.80,22.61,0.262,,1,1,14.560,0.2203,,,
135.497,0.9678,0.5890,0.9718,0.6424,-0.79,22.58,0.251,,1,1,14.560,0.2203,,,
135.529,0.9693,0.6281,0.9744,0.7513,-0.76,22.46,0.177,,1,1,14.560,0.2203,,,
135.561,0.9691,0.6656,0.9683,0.7780,-0.74,22.28,0.136,,1,1,14.560,0.2203,,,
135.592,0.9652,0.7071,0.9524,0.8334,-0.75,21.95,0.101,,1,1,14.560,0.2203,,,
135.626,0.9643,0.7543,0.9613,0.8870,-0.75,21.67,0.097,,1,1,14.560,0.2203,,,
135.657,0.9627,0.7858,0.9575,0.8805,-0.76,21.43,0.106,,1,1,14.560,0.2203,,,
135.704,0.9609,0.8106,0.9566,0.8616,-0.78,21.08,0.113,,1,1,14.560,0.2203,,,
135.738,0.9591,0.8210,0.9536,0.8517,-0.80,20.87,0.119,,1,1,14.560,0.2203,,,
135.770,0.9570,0.8288,0.9502,0.8522,-0.81,20.71,0.124,,1,1,14.560,0.2203,,,
135.801,0.9561,0.8290,0.9530,0.8296,-0.80,20.51,0.131,,1,1,14.560,0.2203,,,
135.833,0.9541,0.8339,0.9474,0.8494,-0.81,20.32,0.133,,1,1,14.560,0.2203,,,
135.863,0.9532,0.8352,0.9501,0.8397,-0.80,20.17,0.136,,1,1,14.560,0.2203,,,
135.896,0.9527,0.8352,0.9510,0.8349,-0.80,19.99,0.139,,1,1,14.560,0.2203,,,
135.930,0.9521,0.8387,0.9505,0.8491,-0.78,19.86,0.150,,1,1,14.560,0.2203,,,
135.963,0.9518,0.8379,0.9507,0.8355,-0.77,19.80,0.158,,1,1,14.560,0.2203,,,
135.996,0.9500,0.8430,0.9441,0.8591,-0.77,19.73,0.155,,1,1,14.560,0.2203,,,
136.024,0.9475,0.8417,0.9380,0.8368,-0.77,19.68,0.149,,1,1,14.560,0.2203,,,
136.057,0.9456,0.8428,0.9396,0.8460,-0.75,19.63,0.152,,1,1,14.560,0.2203,,,
136.089,0.9448,0.8435,0.9423,0.8459,-0.73,19.60,0.160,,1,1,14.560,0.2203,,,
136.121,0.9441,0.8419,0.9416,0.8366,-0.71,19.58,0.164,,1,1,14.560,0.2203,,,
136.152,0.9423,0.8399,0.9361,0.8334,-0.70,19.59,0.165,,1,1,14.560,0.2203,,,
136.218,0.9380,0.8323,0.9313,0.8202,-0.69,19.46,0.156,,1,1,14.560,0.2203,,,
136.265,0.9336,0.8313,0.9233,0.8288,-0.68,19.41,0.158,,1,1,14.560,0.2203,,,
136.299,0.9268,0.8307,0.9059,0.8291,-0.69,19.37,0.159,,1,1,14.560,0.2203,,,
136.325,0.9208,0.8299,0.8969,0.8267,-0.70,19.34,0.162,,1,1,14.560,0.2203,,,
136.352,0.9145,0.8257,0.8899,0.8088,-0.71,19.32,0.179,,1,1,14.560,0.2203,,,
136.381,0.9068,0.8208,0.8799,0.8035,-0.72,19.26,0.174,,1,1,14.560,0.2203,,,
136.407,0.9001,0.8193,0.8737,0.8133,-0.73,19.24,0.197,,1,1,14.560,0.2203,,,
136.435,0.8906,0.8189,0.8543,0.8173,-0.74,19.26,0.257,,1,1,14.560,0.2203,,,
136.461,0.8806,0.8137,0.8415,0.7930,-0.76,19.31,0.318,,1,1,14.560,0.2203,,,
136.490,0.8669,0.8145,0.8181,0.8175,-0.79,19.39,0.346,,1,1,14.560,0.2203,,,
136.521,0.8543,0.8000,0.8135,0.7516,-0.82,19.57,0.375,,1,1,14.560,0.2203,,,
136.554,0.8428,0.7810,0.8077,0.7222,-0.86,19.73,0.378,,1,1,14.560,0.2203,,,
136.618,0.8183,0.7551,0.7790,0.7135,-0.96,20.04,0.387,,1,1,14.560,0.2203,,,
136.650,0.8057,0.7435,0.7652,0.7055,-1.00,20.21,0.387,,1,1,14.560,0.2203,,,
136.680,0.7931,0.7302,0.7515,0.6861,-1.03,20.36,0.387,,1,1,14.560,0.2203,,,
136.713,0.7817,0.7210,0.7458,0.6919,-1.07,20.53,0.384,,1,1,14.560,0.2203,,,
136.744,0.7703,0.7149,0.7322,0.6943,-1.11,20.70,0.389,,1,1,14.560,0.2203,,,
136.775,0.7573,0.7001,0.7167,0.6533,-1.16,20.90,0.391,,1,1,14.560,0.2203,,,
136.809,0.7424,0.6976,0.6984,0.6901,-1.17,21.10,0.360,,1,1,14.560,0.2203,,,
136.858,0.7261,0.7169,0.6916,0.7587,-1.20,20.99,0.176,,1,1,14.560,0.2203,,,
136.886,0.7191,0.7292,0.6941,0.7754,-1.21,20.90,0.146,,1,1,14.560,0.2203,,,
136.914,0.7147,0.7801,0.6986,0.9666,-1.23,20.67,0.040,,1,1,14.560,0.2203,,,
136.940,0.7130,0.8283,0.7065,1.0108,-1.23,20.49,0.051,,1,1,14.560,0.2203,,,
136.971,0.7065,0.8674,0.6849,0.9890,-1.25,20.30,0.068,,1,1,14.560,0.2203,,,
137.016,0.6953,0.8720,0.6692,0.8824,-1.29,20.34,0.195,,1,1,14.560,0.2203,,,
137.050,0.6817,0.8756,0.6417,0.8861,-1.31,20.42,0.256,,1,1,14.560,0.2203,,,
137.079,0.6693,0.8805,0.6257,0.8973,-1.32,20.55,0.301,,1,1,14.560,0.2203,,,
137.113,0.6567,0.8705,0.6190,0.8406,-1.33,20.71,0.339,,1,1,14.560,0.2203,,,
137.144,0.6465,0.8572,0.6131,0.8131,-1.36,20.86,0.349,,1,1,14.560,0.2203,,,
137.178,0.6365,0.8472,0.6068,0.8164,-1.38,20.99,0.361,,1,1,14.560,0.2203,,,
137.208,0.6304,0.8368,0.6097,0.7999,-1.41,21.12,0.368,,1,1,14.560,0.2203,,,
137.241,0.6246,0.8259,0.6068,0.7912,-1.42,21.28,0.370,,1,1,14.560,0.2203,,,
137.276,0.6187,0.8063,0.6010,0.7475,-1.44,21.44,0.380,,1,1,14.560,0.2203,,,
137.305,0.6142,0.7953,0.5987,0.7567,-1.46,21.56,0.378,,1,1,14.560,0.2203,,,
137.337,0.6093,0.7878,0.5937,0.7637,-1.47,21.69,0.382,,1,1,14.560,0.2203,,,
137.370,0.6052,0.7817,0.5922,0.7622,-1.48,21.83,0.383,,1,1,14.560,0.2203,,,
137.417,0.6013,0.7646,0.5928,0.7273,-1.50,22.09,0.392,,1,1,14.560,0.2203,,,
137.449,0.5995,0.7540,0.5934,0.7201,-1.52,22.26,0.394,,1,1,14.560,0.2203,,,
137.482,0.5975,0.7419,0.5913,0.7041,-1.53,22.46,0.395,,1,1,14.560,0.2203,,,
137.513,0.5963,0.7280,0.5922,0.6818,-1.56,22.62,0.396,,1,1,14.560,0.2203,,,
137.544,0.5962,0.7159,0.5957,0.6772,-1.58,22.80,0.399,,1,1,14.560,0.2203,,,
137.576,0.5956,0.7065,0.5937,0.6758,-1.59,22.96,0.402,,1,1,14.560,0.2203,,,
137.609,0.5935,0.7013,0.5868,0.6856,-1.62,23.07,0.401,,1,1,14.560,0.2203,,,
137.640,0.5922,0.6965,0.5878,0.6806,-1.63,23.20,0.397,,1,1,14.560,0.2203,,,
137.673,0.5887,0.6961,0.5774,0.6950,-1.63,23.34,0.395,,1,1,14.560,0.2203,,,
137.706,0.5854,0.6981,0.5751,0.7044,-1.64,23.47,0.392,,1,1,14.560,0.2203,,,
137.737,0.5814,0.6854,0.5677,0.6433,-1.65,23.61,0.404,,1,1,14.560,0.2203,,,
137.769,0.5743,0.6615,0.5514,0.5863,-1.66,23.73,0.434,,1,1,14.560,0.2203,,,
137.799,0.5671,0.6255,0.5424,0.5064,-1.68,23.90,0.455,,1,1,14.560,0.2203,,,
137.833,0.5580,0.5849,0.5303,0.4679,-1.72,24.06,0.453,,1,1,14.560,0.2203,,,
137.865,0.5483,0.5536,0.5164,0.4560,-1.75,24.20,0.463,,1,1,14.560,0.2203,,,
137.897,0.5397,0.5281,0.5122,0.4519,-1.78,24.33,0.464,,1,1,14.560,0.2203,,,
137.930,0.5313,0.4966,0.5052,0.4043,-1.80,24.46,0.466,,1,1,14.560,0.2203,,,
137.978,0.5233,0.4603,0.5059,0.3863,-1.83,24.65,0.461,,1,1,14.560,0.2203,,,
138.008,0.5186,0.4391,0.5022,0.3702,-1.86,24.75,0.470,,1,1,14.560,0.2203,,,
138.042,0.5143,0.4182,0.5015,0.3595,-1.87,24.85,0.469,,1,1,14.560,0.2203,,,
138.073,0.5109,0.4000,0.4994,0.3423,-1.90,24.91,0.471,,1,1,14.560,0.2203,,,
138.106,0.5070,0.3900,0.4943,0.3592,-1.90,24.98,0.466,,1,1,14.560,0.2203,,,
138.137,0.5033,0.3715,0.4914,0.3152,-1.91,25.07,0.470,,1,1,14.560,0.2203,,,
138.173,0.4991,0.3532,0.4867,0.3031,-1.94,25.18,0.477,,1,1,14.560,0.2203,,,
138.203,0.4951,0.3373,0.4815,0.2849,-1.95,25.27,0.472,,1,1,14.560,0.2203,,,
138.234,0.4896,0.3263,0.4703,0.2901,-1.96,25.36,0.469,,1,1,14.560,0.2203,,,
138.265,0.4837,0.3167,0.4645,0.2869,-1.96,25.42,0.467,,1,1,14.560,0.2203,,,
138.297,0.4781,0.3107,0.4602,0.2919,-1.96,25.49,0.465,,1,1,14.560,0.2203,,,
138.327,0.4742,0.3085,0.4609,0.3013,-1.96,25.55,0.462,,1,1,14.560,0.2203,,,
138.360,0.4715,0.3089,0.4627,0.3103,-1.96,25.60,0.461,,1,1,14.560,0.2203,,,
138.392,0.4694,0.3101,0.4624,0.3139,-1.97,25.65,0.461,,1,1,14.560,0.2203,,,
138.424,0.4679,0.3109,0.4631,0.3132,-1.98,25.71,0.459,,1,1,14.560,0.2203,,,
138.456,0.4682,0.3098,0.4693,0.3066,-1.99,25.76,0.462,,1,1,14.560,0.2203,,,
138.488,0.4696,0.3039,0.4741,0.2846,-2.01,25.81,0.465,,1,1,14.560,0.2203,,,
138.537,0.4721,0.2892,0.4774,0.2579,-2.04,25.90,0.462,,1,1,14.560,0.2203,,,
138.570,0.4750,0.2774,0.4845,0.2405,-2.06,25.94,0.464,,1,1,14.560,0.2203,,,
138.601,0.4782,0.2687,0.4893,0.2400,-2.08,25.96,0.463,,1,1,14.560,0.2203,,,
138.633,0.4835,0.2562,0.5007,0.2170,-2.11,25.98,0.464,,1,1,14.560,0.2203,,,
138.664,0.4900,0.2374,0.5119,0.1758,-2.13,26.01,0.463,,1,1,14.560,0.2203,,,
138.695,0.4984,0.2181,0.5268,0.1551,-2.15,26.02,0.465,,1,1,14.560,0.2203,,,
138.729,0.5069,0.1987,0.5329,0.1418,-2.17,26.00,0.463,,1,1,14.560,0.2203,,,
138.761,0.5142,0.1767,0.5381,0.1073,-2.19,26.00,0.471,,1,1,14.560,0.2203,,,
138.792,0.5216,0.1580,0.5465,0.0975,-2.19,26.01,0.471,,1,1,14.560,0.2203,,,
138.826,0.5303,0.1395,0.5573,0.0848,-2.19,26.01,0.472,,1,1,14.560,0.2203,,,
138.857,0.5362,0.1236,0.5554,0.0731,-2.18,25.99,0.479,,1,1,14.560,0.2203,,,
138.889,0.5401,0.1099,0.5533,0.0659,-2.17,25.98,0.478,,1,1,14.560,0.2203,,,
138.921,0.5433,0.0999,0.5536,0.0691,-2.17,25.97,0.480,,1,1,14.560,0.2203,,,
138.957,0.5450,0.0943,0.5496,0.0791,-2.14,25.94,0.479,,1,1,14.560,0.2203,,,
139.018,0.5464,0.0975,0.5490,0.1028,-2.09,25.88,0.483,,1,1,14.560,0.2203,,,
139.050,0.5470,0.1005,0.5489,0.1105,-2.07,25.87,0.483,,1,1,14.560,0.2203,,,
139.080,0.5474,0.1035,0.5486,0.1139,-2.06,25.86,0.480,,1,1,14.560,0.2203,,,
139.129,0.5480,0.1118,0.5492,0.1294,-2.05,25.83,0.476,,1,1,14.560,0.2203,,,
139.158,0.5483,0.1174,0.5497,0.1382,-2.04,25.82,0.472,,1,1,14.560,0.2203,,,
139.187,0.5479,0.1229,0.5465,0.1427,-2.04,25.82,0.472,,1,1,14.560,0.2203,,,
139.214,0.5481,0.1304,0.5485,0.1598,-2.03,25.83,0.462,,1,1,14.560,0.2203,,,
139.240,0.5502,0.1499,0.5588,0.2266,-2.02,25.82,0.369,,1,1,14.560,0.2203,,,
139.267,0.5594,0.1668,0.5947,0.2305,-2.00,25.77,0.229,,1,1,14.560,0.2203,,,
139.294,0.5736,0.2036,0.6295,0.3438,-1.97,25.63,0.156,,1,1,14.560,0.2203,,,
139.322,0.5808,0.2464,0.6074,0.3959,-1.94,25.48,0.156,,1,1,14.560,0.2203,,,
139.355,0.5855,0.2875,0.6000,0.4075,-1.92,25.30,0.165,,1,1,14.560,0.2203,,,
139.417,0.5930,0.3473,0.6055,0.4408,-1.86,25.04,0.195,,1,1,14.560,0.2203,,,
139.449,0.5936,0.3812,0.5958,0.4838,-1.82,24.95,0.217,,1,1,14.560,0.2203,,,
139.480,0.5935,0.4146,0.5929,0.5174,-1.79,24.84,0.239,,1,1,14.560,0.2203,,,
139.514,0.5923,0.4499,0.5888,0.5485,-1.76,24.77,0.253,,1,1,14.560,0.2203,,,
139.544,0.5898,0.4774,0.5812,0.5629,-1.74,24.66,0.261,,1,1,14.560,0.2203,,,
139.577,0.5882,0.5033,0.5831,0.5791,-1.72,24.59,0.265,,1,1,14.560,0.2203,,,
139.611,0.5879,0.5353,0.5867,0.6249,-1.69,24.49,0.241,,1,1,14.560,0.2203,,,
139.640,0.5866,0.5685,0.5822,0.6764,-1.67,24.41,0.228,,1,1,14.560,0.2203,,,
139.689,0.5820,0.6197,0.5719,0.7186,-1.61,24.31,0.222,,1,1,14.560,0.2203,,,
139.721,0.5796,0.6532,0.5720,0.7520,-1.59,24.22,0.218,,1,1,14.560,0.2203,,,
139.750,0.5784,0.6792,0.5737,0.7693,-1.58,24.14,0.216,,1,1,14.560,0.2203,,,
139.780,0.5775,0.7041,0.5744,0.7786,-1.57,24.09,0.219,,1,1,14.560,0.2203,,,
139.816,0.5707,0.7363,0.5507,0.8210,-1.56,23.99,0.221,,1,1,14.560,0.2203,,,
139.850,0.5662,0.7676,0.5520,0.8572,-1.55,23.91,0.214,,1,1,14.560,0.2203,,,
139.883,0.5625,0.7890,0.5508,0.8494,-1.55,23.79,0.218,,1,1,14.560,0.2203,,,
139.913,0.5598,0.8078,0.5503,0.8691,-1.55,23.70,0.222,,1,1,14.560,0.2203,,,
139.946,0.5575,0.8227,0.5503,0.8661,-1.55,23.62,0.223,,1,1,14.560,0.2203,,,
139.975,0.5562,0.8294,0.5514,0.8516,-1.55,23.52,0.221,,1,1,14.560,0.2203,,,
140.011,0.5577,0.8336,0.5619,0.8452,-1.55,23.40,0.216,,1,1,14.560,0.2203,,,
140.041,0.5594,0.8363,0.5656,0.8453,-1.55,23.31,0.216,,1,1,14.560,0.2203,,,
140.073,0.5653,0.8343,0.5851,0.8278,-1.55,23.22,0.206,,1,1,14.560,0.2203,,,
140.104,0.5703,0.8315,0.5869,0.8227,-1.54,23.16,0.219,,1,1,14.560,0.2203,,,
140.138,0.5762,0.8294,0.5951,0.8230,-1.54,23.14,0.218,,1,1,14.560,0.2203,,,
140.171,0.5792,0.8357,0.5887,0.8550,-1.53,23.11,0.221,,1,1,14.560,0.2203,,,
140.201,0.5822,0.8459,0.5926,0.8810,-1.51,23.12,0.231,,1,1,14.560,0.2203,,,
140.247,0.5851,0.8621,0.5918,0.8978,-1.48,23.13,0.226,,1,1,14.560,0.2203,,,
140.280,0.5859,0.8703,0.5883,0.8957,-1.47,23.12,0.228,,1,1,14.560,0.2203,,,
140.312,0.5866,0.8729,0.5887,0.8813,-1.46,23.12,0.230,,1,1,14.560,0.2203,,,
140.346,0.5833,0.8763,0.5731,0.8867,-1.45,23.14,0.235,,1,1,14.560,0.2203,,,
140.375,0.5739,0.8816,0.5400,0.9005,-1.47,23.10,0.224,,1,1,14.560,0.2203,,,
140.410,0.5556,0.8753,0.4990,0.8558,-1.48,23.06,0.221,,1,1,14.560,0.2203,,,
140.441,0.5400,0.8556,0.4898,0.7903,-1.51,23.09,0.253,,1,1,14.560,0.2203,,,
140.474,0.5168,0.8561,0.4444,0.8580,-1.53,23.10,0.297,,1,1,14.560,0.2203,,,
140.507,0.4965,0.8499,0.4342,0.8299,-1.56,23.13,0.314,,1,1,14.560,0.2203,,,
140.538,0.4766,0.8371,0.4115,0.7936,-1.58,23.18,0.322,,1,1,14.560,0.2203,,,
140.570,0.4599,0.8242,0.4076,0.7824,-1.61,23.26,0.342,,1,1,14.560,0.2203,,,
140.602,0.4469,0.8084,0.4065,0.7581,-1.64,23.40,0.368,,1,1,14.560,0.2203,,,
140.635,0.4384,0.7934,0.4123,0.7468,-1.66,23.54,0.375,,1,1,14.560,0.2203,,,
140.665,0.4301,0.7793,0.4018,0.7306,-1.69,23.68,0.380,,1,1,14.560,0.2203,,,
140.697,0.4194,0.7591,0.3845,0.6929,-1.73,23.81,0.385,,1,1,14.560,0.2203,,,
140.728,0.4079,0.7429,0.3726,0.6935,-1.76,23.97,0.387,,1,1,14.560,0.2203,,,
140.761,0.3965,0.7234,0.3612,0.6632,-1.80,24.09,0.391,,1,1,14.560,0.2203,,,
140.807,0.3820,0.6902,0.3495,0.6171,-1.85,24.30,0.395,,1,1,14.560,0.2203,,,
140.842,0.3727,0.6653,0.3460,0.5946,-1.88,24.43,0.399,,1,1,14.560,0.2203,,,
140.874,0.3667,0.6463,0.3475,0.5873,-1.89,24.55,0.403,,1,1,14.560,0.2203,,,
140.904,0.3621,0.6304,0.3465,0.5787,-1.91,24.69,0.402,,1,1,14.560,0.2203,,,
140.939,0.3574,0.6122,0.3438,0.5612,-1.94,24.83,0.400,,1,1,14.560,0.2203,,,
140.968,0.3533,0.6000,0.3390,0.5581,-1.95,24.94,0.398,,1,1,14.560,0.2203,,,
141.001,0.3482,0.5975,0.3317,0.5896,-1.97,25.04,0.395,,1,1,14.560,0.2203,,,
141.032,0.3422,0.5925,0.3225,0.5766,-2.00,25.15,0.373,,1,1,14.560,0.2203,,,
141.064,0.3331,0.5822,0.3039,0.5500,-2.04,25.23,0.352,,1,1,14.560,0.2203,,,
141.097,0.3233,0.5689,0.2926,0.5275,-2.09,25.28,0.340,,1,1,14.560,0.2203,,,
141.129,0.3064,0.5562,0.2511,0.5150,-2.15,25.32,0.333,,1,1,14.560,0.2203,,,
141.162,0.2931,0.5534,0.2533,0.5452,-2.21,25.35,0.333,,1,1,14.560,0.2203,,,
141.194,0.2813,0.5444,0.2422,0.5143,-2.27,25.44,0.330,,1,1,14.560,0.2203,,,
141.223,0.2686,0.5500,0.2256,0.5693,-2.30,25.52,0.304,,1,1,14.560,0.2203,,,
141.258,0.2600,0.5508,0.2349,0.5531,-2.33,25.58,0.301,,1,1,14.560,0.2203,,,
141.292,0.2556,0.5465,0.2425,0.5338,-2.35,25.64,0.290,,1,1,14.560,0.2203,,,
141.321,0.2496,0.5429,0.2285,0.5298,-2.36,25.71,0.284,,1,1,14.560,0.2203,,,
141.355,0.2454,0.5408,0.2324,0.5345,-2.36,25.78,0.269,,1,1,14.560,0.2203,,,
141.432,0.2421,0.5641,0.2377,0.5958,-2.35,25.95,0.256,,1,1,14.560,0.2203,,,
141.460,0.2406,0.5738,0.2351,0.6106,-2.34,26.02,0.256,,1,1,14.560,0.2203,,,
141.488,0.2410,0.5774,0.2426,0.5906,-2.34,26.01,0.248,,1,1,14.560,0.2203,,,
141.515,0.2422,0.5811,0.2469,0.5956,-2.34,26.00,0.242,,1,1,14.560,0.2203,,,
141.541,0.2441,0.5920,0.2514,0.6352,-2.33,25.98,0.249,,1,1,14.560,0.2203,,,
141.568,0.2465,0.5988,0.2564,0.6262,-2.32,25.96,0.242,,1,1,14.560,0.2203,,,
141.595,0.2496,0.6031,0.2611,0.6190,-2.32,25.92,0.229,,1,1,14.560,0.2203,,,
141.623,0.2514,0.6040,0.2583,0.6075,-2.34,25.90,0.237,,1,1,14.560,0.2203,,,
141.656,0.2569,0.6050,0.2748,0.6083,-2.35,25.92,0.246,,1,1,14.560,0.2203,,,
141.689,0.2612,0.6175,0.2751,0.6574,-2.36,25.94,0.250,,1,1,14.560,0.2203,,,
141.722,0.2604,0.6240,0.2579,0.6442,-2.36,25.90,0.221,,1,1,14.560,0.2203,,,
141.754,0.2582,0.6282,0.2510,0.6418,-2.36,25.86,0.229,,1,1,14.560,0.2203,,,
141.815,0.2495,0.6380,0.2344,0.6545,-2.34,25.84,0.221,,1,1,14.560,0.2203,,,
141.849,0.2459,0.6434,0.2345,0.6601,-2.32,25.84,0.225,,1,1,14.560,0.2203,,,
141.881,0.2469,0.6482,0.2504,0.6638,-2.31,25.84,0.221,,1,1,14.560,0.2203,,,
141.911,0.2463,0.6493,0.2443,0.6531,-2.30,25.88,0.225,,1,1,14.560,0.2203,,,
141.961,0.2393,0.6445,0.2243,0.6342,-2.30,25.85,0.218,,1,1,14.560,0.2203,,,
141.992,0.2370,0.6440,0.2294,0.6423,-2.30,25.85,0.232,,1,1,14.560,0.2203,,,
142.018,0.2349,0.6460,0.2258,0.6547,-2.31,25.86,0.237,,1,1,14.560,0.2203,,,
142.043,0.2328,0.6479,0.2242,0.6558,-2.31,25.86,0.234,,1,1,14.560,0.2203,,,
142.069,0.2337,0.6459,0.2377,0.6373,-2.31,25.85,0.207,,1,1,14.560,0.2203,,,
142.096,0.2336,0.6466,0.2330,0.6492,-2.32,25.82,0.205,,1,1,14.560,0.2203,,,
142.122,0.2337,0.6474,0.2340,0.6505,-2.31,25.82,0.210,,1,1,14.560,0.2203,,,
142.154,0.2395,0.6500,0.2584,0.6586,-2.31,25.79,0.167,,1,1,14.560,0.2203,,,
142.217,0.2673,0.6805,0.3135,0.7309,-2.26,25.62,0.095,,1,1,14.560,0.2203,,,
142.248,0.2750,0.6932,0.3013,0.7360,-2.24,25.51,0.098,,1,1,14.560,0.2203,,,
142.280,0.2746,0.7067,0.2731,0.7501,-2.23,25.42,0.119,,1,1,14.560,0.2203,,,
142.313,0.2742,0.7126,0.2730,0.7310,-2.22,25.34,0.147,,1,1,14.560,0.2203,,,
142.344,0.2702,0.7090,0.2561,0.6968,-2.23,25.33,0.208,,1,1,14.560,0.2203,,,
142.377,0.2670,0.6930,0.2566,0.6403,-2.24,25.35,0.212,,1,1,14.560,0.2203,,,
142.411,0.2610,0.6806,0.2428,0.6436,-2.26,25.36,0.224,,1,1,14.560,0.2203,,,
142.440,0.2524,0.6657,0.2219,0.6126,-2.27,25.40,0.230,,1,1,14.560,0.2203,,,
142.473,0.2431,0.6555,0.2131,0.6229,-2.29,25.51,0.259,,1,1,14.560,0.2203,,,
142.520,0.2324,0.6515,0.2082,0.6425,-2.30,25.66,0.262,,1,1,14.560,0.2203,,,
142.553,0.2249,0.6474,0.2021,0.6347,-2.32,25.79,0.259,,1,1,14.560,0.2203,,,
142.579,0.2196,0.6436,0.1984,0.6283,-2.34,25.91,0.263,,1,1,14.560,0.2203,,,
142.616,0.2147,0.6373,0.2007,0.6197,-2.35,26.07,0.266,,1,1,14.560,0.2203,,,
142.648,0.2122,0.6319,0.2041,0.6148,-2.36,26.20,0.269,,1,1,14.560,0.2203,,,
142.680,0.2058,0.6161,0.1839,0.5622,-2.37,26.29,0.260,,1,1,14.560,0.2203,,,
142.712,0.1965,0.5961,0.1670,0.5337,-2.38,26.38,0.255,,1,1,14.560,0.2203,,,
142.745,0.1903,0.5876,0.1709,0.5616,-2.38,26.49,0.275,,1,1,14.560,0.2203,,,
142.777,0.1862,0.5812,0.1732,0.5606,-2.39,26.58,0.277,,1,1,14.560,0.2203,,,
142.808,0.1830,0.5807,0.1723,0.5789,-2.40,26.65,0.276,,1,1,14.560,0.2203,,,
142.842,0.1804,0.5801,0.1726,0.5784,-2.40,26.72,0.273,,1,1,14.560,0.2203,,,
142.872,0.1789,0.5790,0.1735,0.5751,-2.42,26.79,0.298,,1,1,14.560,0.2203,,,
142.906,0.1791,0.5830,0.1799,0.5954,-2.43,26.86,0.292,,1,1,14.560,0.2203,,,
142.936,0.1779,0.5851,0.1738,0.5923,-2.44,26.90,0.298,,1,1,14.560,0.2203,,,
142.972,0.1761,0.5782,0.1707,0.5579,-2.45,26.97,0.279,,1,1,14.560,0.2203,,,
143.002,0.1722,0.5656,0.1591,0.5231,-2.45,27.05,0.286,,1,1,14.560,0.2203,,,
143.032,0.1649,0.5427,0.1386,0.4620,-2.45,27.13,0.317,,1,1,14.560,0.2203,,,
143.067,0.1582,0.5167,0.1385,0.4430,-2.45,27.23,0.332,,1,1,14.560,0.2203,,,
143.114,0.1440,0.4791,0.1116,0.3959,-2.45,27.35,0.339,,1,1,14.560,0.2203,,,
143.145,0.1405,0.4499,0.1291,0.3592,-2.46,27.49,0.372,,1,1,14.560,0.2203,,,
143.177,0.1368,0.4184,0.1251,0.3222,-2.47,27.62,0.390,,1,1,14.560,0.2203,,,
143.209,0.1322,0.3886,0.1172,0.2972,-2.49,27.75,0.413,,1,1,14.560,0.2203,,,
143.241,0.1301,0.3638,0.1233,0.2886,-2.51,27.90,0.421,,1,1,14.560,0.2203,,,
143.274,0.1279,0.3409,0.1209,0.2730,-2.53,28.04,0.425,,1,1,14.560,0.2203,,,
143.305,0.1278,0.3272,0.1274,0.2842,-2.55,28.16,0.426,,1,1,14.560,0.2203,,,
143.337,0.1282,0.3122,0.1293,0.2663,-2.56,28.28,0.431,,1,1,14.560,0.2203,,,
143.371,0.1281,0.2976,0.1278,0.2538,-2.57,28.38,0.438,,1,1,14.560,0.2203,,,
143.401,0.1279,0.2819,0.1275,0.2324,-2.59,28.45,0.443,,1,1,14.560,0.2203,,,
143.433,0.1270,0.2657,0.1238,0.2160,-2.60,28.51,0.446,,1,1,14.560,0.2203,,,
143.464,0.1252,0.2433,0.1190,0.1724,-2.61,28.56,0.455,,1,1,14.560,0.2203,,,
143.497,0.1258,0.2264,0.1278,0.1761,-2.64,28.62,0.456,,1,1,14.560,0.2203,,,
143.529,0.1253,0.2063,0.1235,0.1437,-2.66,28.72,0.456,,1,1,14.560,0.2203,,,
143.561,0.1248,0.1860,0.1233,0.1245,-2.67,28.77,0.456,,1,1,14.560,0.2203,,,
143.592,0.1251,0.1684,0.1260,0.1122,-2.67,28.81,0.454,,1,1,14.560,0.2203,,,
143.625,0.1263,0.1546,0.1300,0.1136,-2.66,28.85,0.452,,1,1,14.560,0.2203,,,
143.672,0.1297,0.1364,0.1378,0.0965,-2.66,28.91,0.452,,1,1,14.560,0.2203,,,
143.705,0.1328,0.1140,0.1424,0.0475,-2.68,28.95,0.449,,1,1,14.560,0.2203,,,
143.737,0.1549,0.0930,0.2254,0.0293,-2.69,29.02,0.447,,1,1,14.560,0.2203,,,
143.769,0.1865,0.0747,0.2871,0.0186,-2.69,29.09,0.446,,1,1,14.560,0.2203,,,
143.802,0.2184,0.0653,0.3161,0.0367,-2.66,29.11,0.447,,1,1,14.560,0.2203,,,
143.832,0.2453,0.0409,0.3341,-0.0385,-2.64,29.12,0.447,,1,1,14.560,0.2203,,,
143.865,0.2688,0.0181,0.3394,-0.0997,-2.63,29.14,0.454,,1,1,14.560,0.2203,,,
143.897,0.2995,0.0015,0.3943,-0.1126,-2.60,29.11,0.446,,1,1,14.560,0.2203,,,
143.929,0.3442,0.0000,0.4777,-0.2194,-2.57,29.07,0.450,,1,1,14.560,0.2203,,,
143.963,0.3834,0.0000,0.4945,-0.1400,-2.53,28.98,0.453,,1,1,14.560,0.2203,,,
143.994,0.4240,0.0000,0.5521,-0.1808,-2.51,28.84,0.455,,1,1,14.560,0.2203,,,
144.024,0.4692,0.0000,0.6058,-0.1989,-2.49,28.65,0.454,,1,1,14.560,0.2203,,,
144.057,0.5205,0.0000,0.6642,-0.2619,-2.45,28.50,0.457,,1,1,14.560,0.2203,,,
144.089,0.5753,0.0000,0.7323,-0.4019,-2.42,28.26,0.473,,1,1,14.560,0.2203,,,
144.122,0.6200,0.0000,0.7450,-0.3420,-2.39,28.13,0.486,,1,1,14.560,0.2203,,,
144.154,0.6616,0.0000,0.7799,-0.4108,-2.37,28.03,0.488,,1,1,14.560,0.2203,,,
144.233,0.7295,0.0000,0.8109,-0.3905,-2.32,27.65,0.494,,1,1,14.560,0.2203,,,
144.266,0.7636,0.0000,0.8603,-0.5326,-2.30,27.50,0.489,,1,1,14.560,0.2203,,,
144.293,0.7862,0.0000,0.8632,-0.5393,-2.28,27.36,0.491,,1,1,14.560,0.2203,,,
144.320,0.8003,0.0000,0.8505,-0.4475,-2.26,27.31,0.494,,1,1,14.560,0.2203,,,
144.346,0.8088,0.0000,0.8403,-0.4046,-2.25,27.21,0.491,,1,1,14.560,0.2203,,,
144.372,0.8189,0.0000,0.8553,-0.4303,-2.24,27.12,0.488,,1,1,14.560,0.2203,,,
144.398,0.8257,0.0000,0.8519,-0.4266,-2.24,27.02,0.486,,1,1,14.560,0.2203,,,
144.424,0.8331,0.0000,0.8603,-0.4384,-2.24,26.91,0.485,,1,1,14.560,0.2203,,,
144.457,0.8437,0.0000,0.8752,-0.4657,-2.24,26.75,0.477,,1,1,14.560,0.2203,,,
144.488,0.8493,0.0000,0.8675,-0.4319,-2.22,26.58,0.472,,1,1,14.560,0.2203,,,
144.521,0.8553,0.0000,0.8734,-0.4443,-2.20,26.44,0.474,,1,1,14.560,0.2203,,,
144.552,0.8584,0.0000,0.8681,-0.4318,-2.19,26.32,0.473,,1,1,14.560,0.2203,,,
144.617,0.8593,0.0000,0.8608,-0.4134,-2.18,26.12,0.468,,1,1,14.560,0.2203,,,
144.651,0.8575,0.0000,0.8522,-0.3680,-2.15,26.08,0.464,,1,1,14.560,0.2203,,,
144.680,0.8548,0.0000,0.8450,-0.3164,-2.10,26.03,0.411,,1,1,14.560,0.2203,,,
144.712,0.8536,0.0000,0.8499,-0.1923,-2.04,25.93,0.300,,1,1,14.560,0.2203,,,
144.745,0.8505,0.0000,0.8407,0.0570,-1.96,25.69,0.164,,1,1,14.560,0.2203,,,
144.793,0.8419,0.0339,0.8228,0.1587,-1.85,25.27,0.151,,1,1,14.560,0.2203,,,
144.824,0.8363,0.0827,0.8177,0.2341,-1.78,24.95,0.153,,1,1,14.560,0.2203,,,
144.853,0.8321,0.1268,0.8164,0.2756,-1.73,24.71,0.152,,1,1,14.560,0.2203,,,
144.881,0.8284,0.1683,0.8143,0.3105,-1.68,24.49,0.179,,1,1,14.560,0.2203,,,
144.907,0.8254,0.2070,0.8132,0.3469,-1.63,24.34,0.202,,1,1,14.560,0.2203,,,
144.935,0.8226,0.2466,0.8125,0.3768,-1.57,24.27,0.210,,1,1,14.560,0.2203,,,
144.964,0.8203,0.2845,0.8115,0.4066,-1.52,24.21,0.222,,1,1,14.560,0.2203,,,
145.016,0.8211,0.3483,0.8227,0.4611,-1.43,24.14,0.247,,1,1,14.560,0.2203,,,
145.051,0.8228,0.3896,0.8280,0.4997,-1.41,24.11,0.260,,1,1,14.560,0.2203,,,
145.082,0.8241,0.4197,0.8285,0.5108,-1.39,24.15,0.262,,1,1,14.560,0.2203,,,
145.115,0.8276,0.4483,0.8392,0.5301,-1.36,24.14,0.273,,1,1,14.560,0.2203,,,
145.145,0.8304,0.4720,0.8401,0.5463,-1.34,24.11,0.284,,1,1,14.560,0.2203,,,
145.176,0.8351,0.4940,0.8512,0.5618,-1.32,24.07,0.283,,1,1,14.560,0.2203,,,
145.209,0.8389,0.5122,0.8516,0.5660,-1.30,24.01,0.286,,1,1,14.560,0.2203,,,
145.244,0.8418,0.5277,0.8500,0.5693,-1.28,23.97,0.289,,1,1,14.560,0.2203,,,
145.272,0.8454,0.5338,0.8591,0.5545,-1.25,23.96,0.290,,1,1,14.560,0.2203,,,
145.307,0.8494,0.5490,0.8613,0.5916,-1.21,23.93,0.289,,1,1,14.560,0.2203,,,
145.338,0.8531,0.5624,0.8659,0.6052,-1.19,23.91,0.277,,1,1,14.560,0.2203,,,
145.385,0.8650,0.5954,0.8908,0.6630,-1.16,23.80,0.266,,1,1,14.560,0.2203,,,
145.418,0.8751,0.6101,0.9073,0.6546,-1.15,23.70,0.268,,1,1,14.560,0.2203,,,
145.450,0.8870,0.6177,0.9251,0.6412,-1.16,23.60,0.272,,1,1,14.560,0.2203,,,
145.481,0.8955,0.6264,0.9244,0.6545,-1.16,23.46,0.269,,1,1,14.560,0.2203,,,
145.514,0.9065,0.6348,0.9412,0.6608,-1.17,23.21,0.251,,1,1,14.560,0.2203,,,
145.546,0.9218,0.6437,0.9699,0.6711,-1.21,22.86,0.172,,1,1,14.560,0.2203,,,
145.576,0.9370,0.6618,0.9885,0.7224,-1.26,22.42,0.100,,1,1,14.560,0.2203,,,
145.608,0.9521,0.6653,1.0005,0.6762,-1.33,21.92,0.107,,1,1,14.560,0.2203,,,
145.644,0.9704,0.6646,1.0210,0.6626,-1.37,21.51,0.127,,1,1,14.560,0.2203,,,
145.674,0.9834,0.6525,1.0279,0.6101,-1.37,21.32,0.158,,1,1,14.560,0.2203,,,
145.704,0.9982,0.6337,1.0463,0.5697,-1.38,21.19,0.189,,1,1,14.560,0.2203,,,
145.742,1.0000,0.6118,1.0463,0.5500,-1.39,21.07,0.204,,1,1,14.560,0.2203,,,
145.778,1.0000,0.6018,1.0379,0.5728,-1.39,20.95,0.223,,1,1,14.560,0.2203,,,
145.812,1.0000,0.5923,1.0506,0.5634,-1.39,20.92,0.231,,1,1,14.560,0.2203,,,
145.838,1.0000,0.5795,1.0647,0.5274,-1.39,20.90,0.235,,1,1,14.560,0.2203,,,
145.866,1.0000,0.5692,1.0636,0.5316,-1.38,20.91,0.247,,1,1,14.560,0.2203,,,
145.897,1.0000,0.5587,1.0641,0.5239,-1.38,20.93,0.255,,1,1,14.560,0.2203,,,
145.946,1.0000,0.5521,1.0619,0.5385,-1.36,20.95,0.254,,1,1,14.560,0.2203,,,
145.977,1.0000,0.5542,1.0334,0.5611,-1.36,20.89,0.247,,1,1,14.560,0.2203,,,
146.008,1.0000,0.5448,1.0313,0.5133,-1.35,20.78,0.238,,1,1,14.560,0.2203,,,
146.041,1.0000,0.5493,1.0043,0.5638,-1.35,20.70,0.236,,1,1,14.560,0.2203,,,
146.073,1.0000,0.5628,0.9828,0.6064,-1.35,20.63,0.234,,1,1,14.560,0.2203,,,
146.106,1.0000,0.5819,0.9680,0.6416,-1.35,20.51,0.220,,1,1,14.560,0.2203,,,
146.136,0.9981,0.6047,0.9681,0.6835,-1.35,20.45,0.227,,1,1,14.560,0.2203,,,
146.169,0.9907,0.6251,0.9668,0.6892,-1.36,20.38,0.220,,1,1,14.560,0.2203,,,
146.205,0.9790,0.6469,0.9460,0.7078,-1.37,20.24,0.226,,1,1,14.560,0.2203,,,
146.237,0.9665,0.6657,0.9257,0.7259,-1.38,20.07,0.218,,1,1,14.560,0.2203,,,
146.266,0.9513,0.6824,0.8978,0.7400,-1.42,19.98,0.236,,1,1,14.560,0.2203,,,
146.296,0.9392,0.6911,0.8973,0.7207,-1.45,19.93,0.244,,1,1,14.560,0.2203,,,
146.329,0.9279,0.6929,0.8934,0.6984,-1.48,19.88,0.245,,1,1,14.560,0.2203,,,
146.361,0.9178,0.6999,0.8855,0.7220,-1.50,19.84,0.252,,1,1,14.560,0.2203,,,
146.392,0.9112,0.7055,0.8893,0.7246,-1.51,19.81,0.253,,1,1,14.560,0.2203,,,
146.424,0.9029,0.7043,0.8771,0.7003,-1.52,19.80,0.239,,1,1,14.560,0.2203,,,
146.456,0.8920,0.7088,0.8566,0.7238,-1.53,19.80,0.242,,1,1,14.560,0.2203,,,
146.505,0.8660,0.7284,0.8120,0.7696,-1.56,19.76,0.230,,1,1,14.560,0.2203,,,
146.538,0.8528,0.7346,0.8132,0.7535,-1.58,19.74,0.236,,1,1,14.560,0.2203,,,
146.570,0.8388,0.7470,0.7936,0.7874,-1.61,19.78,0.258,,1,1,14.560,0.2203,,,
146.603,0.8210,0.7622,0.7666,0.8094,-1.63,19.79,0.263,,1,1,14.560,0.2203,,,
146.634,0.8072,0.7682,0.7622,0.7880,-1.64,19.83,0.250,,1,1,14.560,0.2203,,,
146.665,0.7969,0.7717,0.7645,0.7831,-1.65,19.95,0.269,,1,1,14.560,0.2203,,,
146.696,0.7834,0.7787,0.7384,0.8023,-1.65,20.01,0.269,,1,1,14.560,0.2203,,,
146.728,0.7675,0.7816,0.7186,0.7907,-1.67,20.13,0.263,,1,1,14.560,0.2203,,,
146.761,0.7545,0.7799,0.7149,0.7746,-1.71,20.20,0.263,,1,1,14.560,0.2203,,,
146.792,0.7457,0.7723,0.7170,0.7463,-1.75,20.27,0.258,,1,1,14.560,0.2203,,,
146.824,0.7304,0.7652,0.6819,0.7419,-1.80,20.35,0.264,,1,1,14.560,0.2203,,,
146.856,0.7144,0.7520,0.6644,0.7083,-1.83,20.34,0.265,,1,1,14.560,0.2203,,,
146.889,0.6965,0.7378,0.6423,0.6930,-1.88,20.41,0.267,,1,1,14.560,0.2203,,,
146.921,0.6785,0.7257,0.6228,0.6866,-1.91,20.56,0.267,,1,1,14.560,0.2203,,,
146.956,0.6580,0.7287,0.5996,0.7376,-1.91,20.73,0.275,,1,1,14.560,0.2203,,,
147.016,0.6113,0.7421,0.5343,0.7657,-1.92,21.14,0.306,,1,1,14.560,0.2203,,,
147.064,0.5748,0.7577,0.4984,0.7924,-1.93,21.38,0.321,,1,1,14.560,0.2203,,,
147.096,0.5445,0.7679,0.4518,0.8012,-1.93,21.54,0.326,,1,1,14.560,0.2203,,,
147.125,0.5229,0.7763,0.4496,0.8065,-1.93,21.71,0.328,,1,1,14.560,0.2203,,,
147.153,0.4998,0.7883,0.4179,0.8335,-1.95,21.94,0.331,,1,1,14.560,0.2203,,,
147.180,0.4794,0.7858,0.4074,0.7764,-1.99,22.13,0.327,,1,1,14.560,0.2203,,,
147.206,0.4612,0.7780,0.3937,0.7467,-2.03,22.35,0.331,,1,1,14.560,0.2203,,,
147.234,0.4251,0.7692,0.3000,0.7353,-2.09,22.60,0.327,,1,1,14.560,0.2203,,,
147.260,0.3942,0.7614,0.2823,0.7301,-2.14,22.89,0.330,,1,1,14.560,0.2203,,,
147.289,0.3624,0.7500,0.2598,0.7089,-2.18,23.13,0.339,,1,1,14.560,0.2203,,,
147.322,0.3320,0.7325,0.2454,0.6781,-2.25,23.32,0.341,,1,1,14.560,0.2203,,,
147.352,0.3081,0.7132,0.2323,0.6468,-2.29,23.53,0.338,,1,1,14.560,0.2203,,,
147.417,0.2797,0.6681,0.2378,0.5980,-2.36,23.86,0.326,,1,1,14.560,0.2203,,,
147.450,0.2710,0.6541,0.2444,0.6099,-2.40,24.05,0.331,,1,1,14.560,0.2203,,,
147.481,0.2643,0.6406,0.2437,0.5975,-2.42,24.23,0.332,,1,1,14.560,0.2203,,,
147.511,0.2602,0.6206,0.2466,0.5540,-2.45,24.40,0.318,,1,1,14.560,0.2203,,,
147.543,0.2575,0.6046,0.2491,0.5541,-2.48,24.56,0.323,,1,1,14.560,0.2203,,,
147.576,0.2558,0.5885,0.2503,0.5376,-2.51,24.73,0.324,,1,1,14.560,0.2203,,,
147.607,0.2506,0.5717,0.2339,0.5185,-2.53,24.89,0.324,,1,1,14.560,0.2203,,,
147.658,0.2421,0.5691,0.2252,0.5639,-2.54,25.12,0.331,,1,1,14.560,0.2203,,,
147.690,0.2386,0.5652,0.2274,0.5530,-2.55,25.29,0.328,,1,1,14.560,0.2203,,,
147.719,0.2361,0.5617,0.2274,0.5493,-2.55,25.42,0.328,,1,1,14.560,0.2203,,,
147.747,0.2309,0.5654,0.2116,0.5794,-2.55,25.53,0.329,,1,1,14.560,0.2203,,,
147.773,0.2289,0.5715,0.2211,0.5952,-2.55,25.63,0.336,,1,1,14.560,0.2203,,,
147.817,0.2240,0.5779,0.2125,0.5931,-2.55,25.74,0.333,,1,1,14.560,0.2203,,,
147.850,0.2211,0.5803,0.2118,0.5882,-2.55,25.83,0.328,,1,1,14.560,0.2203,,,
147.881,0.2190,0.5809,0.2119,0.5827,-2.55,25.92,0.328,,1,1,14.560,0.2203,,,
147.914,0.2173,0.5780,0.2119,0.5688,-2.57,26.01,0.328,,1,1,14.560,0.2203,,,
147.948,0.2203,0.5718,0.2295,0.5531,-2.57,26.10,0.309,,1,1,14.560,0.2203,,,
147.979,0.2294,0.5701,0.2607,0.5640,-2.57,26.08,0.211,,1,1,14.560,0.2203,,,
148.014,0.2469,0.6069,0.3020,0.7222,-2.55,25.92,0.095,,1,1,14.560,0.2203,,,
148.050,0.2676,0.6408,0.3249,0.7331,-2.52,25.72,0.081,,1,1,14.560,0.2203,,,
148.081,0.2827,0.6617,0.3338,0.7314,-2.50,25.56,0.102,,1,1,14.560,0.2203,,,
148.111,0.2929,0.6786,0.3274,0.7352,-2.50,25.44,0.116,,1,1,14.560,0.2203,,,
148.138,0.2997,0.6924,0.3258,0.7433,-2.51,25.30,0.119,,1,1,14.560,0.2203,,,
148.170,0.3074,0.6980,0.3321,0.7161,-2.51,25.17,0.118,,1,1,14.560,0.2203,,,
148.216,0.3104,0.7011,0.3171,0.7078,-2.52,25.03,0.123,,1,1,14.560,0.2203,,,
148.247,0.3108,0.7008,0.3119,0.6998,-2.54,24.93,0.130,,1,1,14.560,0.2203,,,
148.280,0.3108,0.6984,0.3110,0.6909,-2.55,24.82,0.134,,1,1,14.560,0.2203,,,
148.314,0.3071,0.7022,0.2956,0.7140,-2.57,24.80,0.162,,1,1,14.560,0.2203,,,
148.345,0.3052,0.6985,0.2985,0.6860,-2.58,24.81,0.162,,1,1,14.560,0.2203,,,
148.376,0.3043,0.6885,0.3016,0.6555,-2.59,24.84,0.165,,1,1,14.560,0.2203,,,
148.407,0.3005,0.6834,0.2873,0.6662,-2.61,24.91,0.188,,1,1,14.560,0.2203,,,
148.440,0.2942,0.6757,0.2739,0.6507,-2.62,24.96,0.188,,1,1,14.560,0.2203,,,
148.473,0.2856,0.6780,0.2576,0.6852,-2.62,25.02,0.201,,1,1,14.560,0.2203,,,
148.505,0.2751,0.6712,0.2416,0.6492,-2.65,25.12,0.198,,1,1,14.560,0.2203,,,
148.538,0.2559,0.6646,0.1957,0.6436,-2.68,25.21,0.195,,1,1,14.560,0.2203,,,
148.571,0.2421,0.6651,0.1976,0.6669,-2.71,25.28,0.198,,1,1,14.560,0.2203,,,
148.602,0.2291,0.6631,0.1873,0.6563,-2.74,25.34,0.200,,1,1,14.560,0.2203,,,
148.634,0.2160,0.6659,0.1746,0.6752,-2.76,25.43,0.213,,1,1,14.560,0.2203,,,
148.666,0.2034,0.6747,0.1636,0.7036,-2.76,25.55,0.219,,1,1,14.560,0.2203,,,
148.698,0.1948,0.6851,0.1678,0.7186,-2.76,25.67,0.219,,1,1,14.560,0.2203,,,
148.730,0.1855,0.7016,0.1553,0.7563,-2.76,25.77,0.211,,1,1,14.560,0.2203,,,
148.776,0.1662,0.7148,0.1233,0.7449,-2.77,25.96,0.214,,1,1,14.560,0.2203,,,
148.809,0.1571,0.7229,0.1292,0.7482,-2.77,26.04,0.211,,1,1,14.560,0.2203,,,
148.841,0.1477,0.7221,0.1172,0.7194,-2.78,26.13,0.217,,1,1,14.560,0.2203,,,
148.872,0.1433,0.7217,0.1291,0.7203,-2.78,26.21,0.233,,1,1,14.560,0.2203,,,
148.903,0.1372,0.7218,0.1170,0.7221,-2.77,26.27,0.234,,1,1,14.560,0.2203,,,
148.935,0.1332,0.7204,0.1206,0.7160,-2.76,26.38,0.239,,1,1,14.560,0.2203,,,
148.969,0.1274,0.7245,0.1101,0.7370,-2.75,26.47,0.254,,1,1,14.560,0.2203,,,
149.002,0.1246,0.7274,0.1157,0.7367,-2.74,26.56,0.266,,1,1,14.560,0.2203,,,
149.034,0.1221,0.7300,0.1141,0.7385,-2.73,26.63,0.265,,1,1,14.560,0.2203,,,
149.067,0.1201,0.7308,0.1136,0.7336,-2.72,26.69,0.270,,1,1,14.560,0.2203,,,
149.097,0.1175,0.7309,0.1089,0.7309,-2.71,26.75,0.273,,1,1,14.560,0.2203,,,
149.130,0.1168,0.7322,0.1143,0.7368,-2.70,26.82,0.278,,1,1,14.560,0.2203,,,
149.159,0.1140,0.7338,0.1044,0.7393,-2.70,26.91,0.280,,1,1,14.560,0.2203,,,
149.191,0.1121,0.7368,0.1059,0.7467,-2.69,27.02,0.287,,1,1,14.560,0.2203,,,
149.224,0.1093,0.7368,0.1004,0.7368,-2.69,27.13,0.286,,1,1,14.560,0.2203,,,
149.257,0.1065,0.7386,0.0976,0.7443,-2.69,27.24,0.286,,1,1,14.560,0.2203,,,
149.291,0.1079,0.7417,0.1123,0.7511,-2.69,27.36,0.292,,1,1,14.560,0.2203,,,
149.335,0.1070,0.7260,0.1047,0.6875,-2.66,27.54,0.291,,1,1,14.560,0.2203,,,
149.370,0.1072,0.7169,0.1077,0.6901,-2.64,27.69,0.297,,1,1,14.560,0.2203,,,
149.401,0.1069,0.7151,0.1060,0.7088,-2.61,27.78,0.295,,1,1,14.560,0.2203,,,
149.434,0.1090,0.7135,0.1157,0.7085,-2.59,27.86,0.297,,1,1,14.560,0.2203,,,
149.465,0.1118,0.7120,0.1212,0.7070,-2.57,27.93,0.276,,1,1,14.560,0.2203,,,
149.497,0.1314,0.7064,0.1974,0.6871,-2.55,27.88,0.198,,1,1,14.560,0.2203,,,
149.530,0.1466,0.7065,0.1932,0.7070,-2.53,27.84,0.184,,1,1,14.560,0.2203,,,
149.561,0.1446,0.6983,0.1380,0.6708,-2.52,27.83,0.263,,1,1,14.560,0.2203,,,
149.593,0.1339,0.6651,0.0984,0.5580,-2.54,27.91,0.345,,1,1,14.560,0.2203,,,
149.624,0.1218,0.6178,0.0807,0.4666,-2.58,28.04,0.404,,1,1,14.560,0.2203,,,
149.656,0.1085,0.5667,0.0638,0.4076,-2.63,28.19,0.416,,1,1,14.560,0.2203,,,
149.689,0.0920,0.5237,0.0418,0.4023,-2.66,28.38,0.426,,1,1,14.560,0.2203,,,
149.720,0.0775,0.4936,0.0288,0.3997,-2.67,28.52,0.427,,1,1,14.560,0.2203,,,
149.753,0.0659,0.4629,0.0297,0.3739,-2.67,28.68,0.427,,1,1,14.560,0.2203,,,
149.818,0.0523,0.4298,0.0307,0.3799,-2.70,29.01,0.437,,1,1,14.560,0.2203,,,
149.850,0.0473,0.4148,0.0312,0.3690,-2.70,29.15,0.443,,1,1,14.560,0.2203,,,
149.881,0.0424,0.4027,0.0260,0.3648,-2.70,29.27,0.444,,1,1,14.560,0.2203,,,
149.927,0.0371,0.3842,0.0252,0.3444,-2.72,29.41,0.443,,1,1,14.560,0.2203,,,
149.961,0.0368,0.3693,0.0359,0.3258,-2.74,29.50,0.448,,1,1,14.560,0.2203,,,
149.989,0.0369,0.3583,0.0371,0.3189,-2.75,29.56,0.450,,1,1,14.560,0.2203,,,
150.016,0.0376,0.3545,0.0402,0.3408,-2.76,29.60,0.449,,1,1,14.560,0.2203,,,
150.045,0.0389,0.3486,0.0437,0.3281,-2.76,29.63,0.451,,1,1,14.560,0.2203,,,
150.074,0.0438,0.3449,0.0616,0.3317,-2.77,29.65,0.453,,1,1,14.560,0.2203,,,
150.106,0.0526,0.3359,0.0831,0.3065,-2.78,29.67,0.451,,1,1,14.560,0.2203,,,
150.135,0.0632,0.3252,0.1003,0.2889,-2.79,29.69,0.453,,1,1,14.560,0.2203,,,
150.161,0.0738,0.3154,0.1157,0.2779,-2.79,29.70,0.453,,1,1,14.560,0.2203,,,
150.222,0.0911,0.2787,0.1205,0.2182,-2.78,29.73,0.456,,1,1,14.560,0.2203,,,
150.249,0.0970,0.2645,0.1203,0.2105,-2.77,29.76,0.460,,1,1,14.560,0.2203,,,
150.281,0.1089,0.2525,0.1467,0.2149,-2.78,29.80,0.455,,1,1,14.560,0.2203,,,
150.312,0.1332,0.2420,0.2125,0.2083,-2.78,29.81,0.452,,1,1,14.560,0.2203,,,
150.345,0.1673,0.2235,0.2709,0.1676,-2.77,29.80,0.448,,1,1,14.560,0.2203,,,
150.376,0.1960,0.2040,0.2895,0.1402,-2.76,29.79,0.451,,1,1,14.560,0.2203,,,
150.409,0.2253,0.1876,0.3105,0.1391,-2.76,29.77,0.451,,1,1,14.560,0.2203,,,
150.442,0.2480,0.1771,0.3158,0.1450,-2.74,29.75,0.448,,1,1,14.560,0.2203,,,
150.490,0.2800,0.1502,0.3473,0.0929,-2.72,29.68,0.453,,1,1,14.560,0.2203,,,
150.521,0.3059,0.1297,0.3853,0.0658,-2.71,29.59,0.459,,1,1,14.560,0.2203,,,
150.551,0.3262,0.1109,0.3956,0.0454,-2.70,29.50,0.461,,1,1,14.560,0.2203,,,
150.576,0.3466,0.0819,0.4222,-0.0258,-2.66,29.43,0.466,,1,1,14.560,0.2203,,,
150.617,0.3823,0.0430,0.4672,-0.0517,-2.64,29.26,0.484,,1,1,14.560,0.2203,,,
150.649,0.4089,0.0199,0.4892,-0.0735,-2.61,29.04,0.478,,1,1,14.560,0.2203,,,
150.682,0.4407,0.0021,0.5323,-0.1573,-2.58,28.94,0.482,,1,1,14.560,0.2203,,,
150.713,0.4662,0.0000,0.5458,-0.1116,-2.54,28.81,0.483,,1,1,14.560,0.2203,,,
150.744,0.4957,0.0000,0.5864,-0.1607,-2.51,28.61,0.486,,1,1,14.560,0.2203,,,
150.777,0.5246,0.0000,0.6084,-0.1736,-2.48,28.48,0.483,,1,1,14.560,0.2203,,,
150.808,0.5552,0.0000,0.6517,-0.1944,-2.46,28.36,0.480,,1,1,14.560,0.2203,,,
150.841,0.5901,0.0000,0.6882,-0.2927,-2.44,28.22,0.480,,1,1,14.560,0.2203,,,
150.873,0.6230,0.0000,0.7222,-0.3110,-2.43,28.09,0.487,,1,1,14.560,0.2203,,,
150.904,0.6505,0.0000,0.7348,-0.2756,-2.40,27.99,0.490,,1,1,14.560,0.2203,,,
150.937,0.6845,0.0000,0.7837,-0.3592,-2.38,27.85,0.488,,1,1,14.560,0.2203,,,
150.968,0.7171,0.0000,0.8134,-0.3818,-2.37,27.64,0.492,,1,1,14.560,0.2203,,,
151.001,0.7434,0.0000,0.8188,-0.3767,-2.35,27.47,0.492,,1,1,14.560,0.2203,,,
151.049,0.7744,0.0000,0.8364,-0.4000,-2.31,27.30,0.483,,1,1,14.560,0.2203,,,
151.084,0.7960,0.0000,0.8546,-0.3926,-2.28,27.15,0.482,,1,1,14.560,0.2203,,,
151.112,0.8185,0.0000,0.8952,-0.4426,-2.27,26.91,0.480,,1,1,14.560,0.2203,,,
151.143,0.8409,0.0000,0.9106,-0.4668,-2.25,26.74,0.485,,1,1,14.560,0.2203,,,
151.176,0.8564,0.0000,0.9028,-0.3852,-2.21,26.61,0.480,,1,1,14.560,0.2203,,,
151.209,0.8782,0.0000,0.9425,-0.4550,-2.18,26.47,0.476,,1,1,14.560,0.2203,,,
151.240,0.8936,0.0000,0.9413,-0.4243,-2.17,26.30,0.476,,1,1,14.560,0.2203,,,
151.271,0.9027,0.0000,0.9311,-0.3779,-2.16,26.23,0.451,,1,1,14.560,0.2203,,,
151.304,0.9103,0.0000,0.9332,-0.2217,-2.11,26.04,0.323,,1,1,14.560,0.2203,,,
151.337,0.9221,0.0000,0.9573,-0.0881,-2.07,25.78,0.190,,1,1,14.560,0.2203,,,
151.369,0.9331,0.0000,0.9680,-0.0474,-2.02,25.40,0.160,,1,1,14.560,0.2203,,,
151.402,0.9463,0.0000,0.9858,0.0200,-1.95,25.06,0.173,,1,1,14.560,0.2203,,,
151.432,0.9561,0.0000,0.9883,0.0535,-1.91,24.67,0.157,,1,1,14.560,0.2203,,,
151.466,0.9626,0.0240,0.9822,0.1365,-1.86,24.26,0.163,,1,1,14.560,0.2203,,,
151.497,0.9607,0.0737,0.9546,0.2320,-1.81,23.90,0.158,,1,1,14.560,0.2203,,,
151.529,0.9495,0.1348,0.9136,0.3175,-1.74,23.66,0.165,,1,1,14.560,0.2203,,,
151.559,0.9327,0.1881,0.8739,0.3549,-1.69,23.36,0.154,,1,1,14.560,0.2203,,,
151.591,0.9114,0.2416,0.8418,0.3965,-1.68,22.92,0.134,,1,1,14.560,0.2203,,,
151.641,0.8789,0.3074,0.8088,0.4343,-1.63,22.44,0.134,,1,1,14.560,0.2203,,,
151.675,0.8533,0.3363,0.7772,0.4148,-1.60,22.07,0.103,,1,1,14.560,0.2203,,,
151.704,0.8340,0.3517,0.7694,0.3998,-1.53,21.81,0.093,,1,1,14.560,0.2203,,,
151.737,0.8062,0.3753,0.7213,0.4431,-1.45,21.51,0.103,,1,1,14.560,0.2203,,,
151.768,0.7849,0.3620,0.7167,0.3207,-1.37,21.28,0.088,,1,1,14.560,0.2203,,,
151.801,0.7678,0.3341,0.7158,0.2481,-1.31,21.03,0.087,,1,1,14.560,0.2203,,,
151.832,0.7559,0.3186,0.7177,0.2676,-1.21,20.83,0.087,,1,1,14.560,0.2203,,,
151.865,0.7455,0.3008,0.7137,0.2441,-1.14,20.63,0.091,,1,1,14.560,0.2203,,,
151.897,0.7395,0.2835,0.7204,0.2259,-1.06,20.44,0.104,,1,1,14.560,0.2203,,,
151.931,0.7411,0.2609,0.7461,0.1912,-0.99,20.26,0.087,,1,1,14.560,0.2203,,,
151.961,0.7485,0.2489,0.7742,0.2073,-0.95,20.02,0.089,,1,1,14.560,0.2203,,,
151.993,0.7631,0.2323,0.8104,0.1792,-0.89,19.84,0.095,,1,1,14.560,0.2203,,,
152.025,0.7813,0.2158,0.8416,0.1632,-0.84,19.65,0.090,,1,1,14.560,0.2203,,,
152.055,0.8011,0.2023,0.8689,0.1572,-0.78,19.44,0.091,,1,1,14.560,0.2203,,,
152.088,0.8234,0.2057,0.8940,0.2165,-0.72,19.34,0.095,,1,1,14.560,0.2203,,,
152.120,0.8453,0.2099,0.9147,0.2236,-0.65,19.23,0.093,,1,1,14.560,0.2203,,,
152.152,0.8617,0.2160,0.9131,0.2355,-0.59,19.06,0.095,,1,1,14.560,0.2203,,,
152.232,0.8927,0.1995,0.9325,0.1777,-0.55,18.62,0.084,,1,1,14.560,0.2203,,,
152.258,0.9042,0.1887,0.9482,0.1469,-0.55,18.47,0.086,,1,1,14.560,0.2203,,,
152.285,0.9105,0.1639,0.9343,0.0699,-0.53,18.40,0.097,,1,1,14.560,0.2203,,,
152.310,0.9136,0.1400,0.9264,0.0435,-0.52,18.32,0.082,,1,1,14.560,0.2203,,,
152.338,0.9154,0.1279,0.9220,0.0837,-0.51,18.25,0.068,,1,1,14.560,0.2203,,,
152.365,0.9180,0.1204,0.9275,0.0932,-0.49,18.15,0.067,,1,1,14.560,0.2203,,,
152.393,0.9188,0.1216,0.9217,0.1259,-0.49,18.11,0.083,,1,1,14.560,0.2203,,,
152.426,0.9112,0.0841,0.8873,-0.0294,-0.51,18.01,0.077,,1,1,14.560,0.2203,,,
152.457,0.9042,0.0526,0.8800,-0.1085,-0.49,17.93,0.090,,1,1,14.560,0.2203,,,
152.490,0.8968,0.0267,0.8731,-0.2239,-0.47,17.88,0.109,,1,1,14.560,0.2203,,,
152.521,0.5000,0.5000,0.5000,0.5000,-0.45,18.14,0.196,,1,0,,,0,0.5000,0.5000
152.554,0.5000,0.5000,0.5000,0.5000,-0.45,18.47,0.290,,1,0,,,0,0.5000,0.5000
152.617,0.5000,0.5000,0.5000,0.5000,-0.52,19.08,0.384,,1,0,,,0,0.5000,0.5000
152.649,0.5000,0.5000,0.5000,0.5000,-0.55,19.41,0.393,,1,0,,,0,0.5000,0.5000
152.683,0.5000,0.5000,0.5000,0.5000,-0.59,19.79,0.439,,1,0,,,0,0.5000,0.5000
152.714,0.5000,0.5000,0.5000,0.5000,-0.63,20.13,0.432,,1,0,,,0,0.5000,0.5000
152.760,0.5000,0.5000,0.5000,0.5000,-0.69,20.57,0.457,,1,0,,,0,0.5000,0.5000
152.792,0.5000,0.5000,0.5000,0.5000,-0.76,20.85,0.458,,1,0,,,0,0.5000,0.5000
152.820,0.5000,0.5000,0.5000,0.5000,-0.81,21.05,0.443,,1,0,,,0,0.5000,0.5000
152.847,0.5000,0.5000,0.5000,0.5000,-0.84,21.19,0.429,,1,0,,,0,0.5000,0.5000
152.870,0.5000,0.5000,0.5000,0.5000,-0.86,21.37,0.434,,1,0,,,0,0.5000,0.5000
152.896,0.5000,0.5000,0.5000,0.5000,-0.86,21.53,0.433,,1,0,,,0,0.5000,0.5000
152.922,0.5000,0.5000,0.5000,0.5000,-0.86,21.68,0.427,,1,0,,,0,0.5000,0.5000
152.954,0.5000,0.5000,0.5000,0.5000,-0.84,21.83,0.430,,1,0,,,0,0.5000,0.5000
153.017,0.5000,0.5000,0.5000,0.5000,-0.83,22.10,0.426,,1,0,,,0,0.5000,0.5000
153.048,0.5000,0.5000,0.5000,0.5000,-0.84,22.23,0.421,,1,0,,,0,0.5000,0.5000
153.082,0.5000,0.5000,0.5000,0.5000,-0.85,22.36,0.422,,1,0,,,0,0.5000,0.5000
153.112,0.5000,0.5000,0.5000,0.5000,-0.85,22.47,0.415,,1,0,,,0,0.5000,0.5000
153.144,0.5000,0.5000,0.5000,0.5000,-0.83,22.59,0.404,,1,0,,,0,0.5000,0.5000
153.178,0.5000,0.5000,0.5000,0.5000,-0.81,22.69,0.392,,1,0,,,0,0.5000,0.5000
153.208,0.5000,0.5000,0.5000,0.5000,-0.81,22.75,0.394,,1,0,,,0,0.5000,0.5000
153.239,0.5000,0.5000,0.5000,0.5000,-0.82,22.80,0.406,,1,0,,,0,0.5000,0.5000
153.273,0.5000,0.5000,0.5000,0.5000,-0.80,22.79,0.403,,1,0,,,0,0.5000,0.5000
153.321,0.5000,0.5000,0.5000,0.5000,-0.77,22.81,0.402,,1,0,,,0,0.5000,0.5000
153.354,0.5000,0.5000,0.5000,0.5000,-0.75,22.80,0.403,,1,0,,,0,0.5000,0.5000
153.381,0.5000,0.5000,0.5000,0.5000,-0.73,22.80,0.406,,1,0,,,0,0.5000,0.5000
153.417,0.5000,0.5000,0.5000,0.5000,-0.76,22.78,0.397,,1,0,,,0,0.5000,0.5000
153.448,0.5000,0.5000,0.5000,0.5000,-0.77,22.76,0.394,,1,0,,,0,0.5000,0.5000
153.480,0.5000,0.5000,0.5000,0.5000,-0.77,22.82,0.392,,1,0,,,0,0.5000,0.5000
153.514,0.5000,0.5000,0.5000,0.5000,-0.77,22.84,0.392,,1,0,,,0,0.5000,0.5000
153.543,0.5000,0.5000,0.5000,0.5000,-0.78,22.91,0.395,,1,0,,,0,0.5000,0.5000
153.579,0.5000,0.5000,0.5000,0.5000,-0.76,22.96,0.400,,1,0,,,0,0.5000,0.5000
153.607,0.5000,0.5000,0.5000,0.5000,-0.75,23.01,0.405,,1,0,,,0,0.5000,0.5000
153.639,0.5000,0.5000,0.5000,0.5000,-0.71,23.03,0.398,,1,0,,,0,0.5000,0.5000
153.672,0.5000,0.5000,0.5000,0.5000,-0.68,23.11,0.399,,1,0,,,0,0.5000,0.5000
153.705,0.5000,0.5000,0.5000,0.5000,-0.64,23.22,0.405,,1,0,,,0,0.5000,0.5000
153.737,0.5000,0.5000,0.5000,0.5000,-0.62,23.26,0.401,,1,0,,,0,0.5000,0.5000
153.768,0.5000,0.5000,0.5000,0.5000,-0.60,23.28,0.413,,1,0,,,0,0.5000,0.5000
153.801,0.5000,0.5000,0.5000,0.5000,-0.57,23.32,0.410,,1,0,,,0,0.5000,0.5000
153.833,0.5000,0.5000,0.5000,0.5000,-0.54,23.37,0.397,,1,0,,,0,0.5000,0.5000
153.864,0.5000,0.5000,0.5000,0.5000,-0.52,23.42,0.400,,1,0,,,0,0.5000,0.5000
153.913,0.5000,0.5000,0.5000,0.5000,-0.47,23.46,0.398,,1,0,,,0,0.5000,0.5000
153.945,0.5000,0.5000,0.5000,0.5000,-0.44,23.51,0.399,,1,0,,,0,0.5000,0.5000
153.976,0.5000,0.5000,0.5000,0.5000,-0.40,23.59,0.407,,1,0,,,0,0.5000,0.5000
154.009,0.5000,0.5000,0.5000,0.5000,-0.35,23.67,0.401,,1,0,,,0,0.5000,0.5000
154.040,0.5000,0.5000,0.5000,0.5000,-0.29,23.74,0.400,,1,0,,,0,0.5000,0.5000
154.074,0.5000,0.5000,0.5000,0.5000,-0.24,23.80,0.382,,1,0,,,0,0.5000,0.5000
154.105,0.5000,0.5000,0.5000,0.5000,-0.19,23.87,0.381,,1,0,,,0,0.5000,0.5000
154.138,0.5000,0.5000,0.5000,0.5000,-0.14,23.93,0.383,,1,0,,,0,0.5000,0.5000
154.168,0.5000,0.5000,0.5000,0.5000,-0.09,23.90,0.387,,1,0,,,0,0.5000,0.5000
154.201,0.5000,0.5000,0.5000,0.5000,-0.05,23.93,0.386,,1,0,,,0,0.5000,0.5000
154.233,0.5000,0.5000,0.5000,0.5000,-0.01,24.06,0.380,,1,0,,,0,0.5000,0.5000
154.264,0.5000,0.5000,0.5000,0.5000,0.02,24.18,0.380,,1,0,,,0,0.5000,0.5000
154.296,0.5000,0.5000,0.5000,0.5000,0.05,24.29,0.382,,1,0,,,0,0.5000,0.5000
154.328,0.5000,0.5000,0.5000,0.5000,0.08,24.36,0.391,,1,0,,,0,0.5000,0.5000
154.361,0.5000,0.5000,0.5000,0.5000,0.11,24.43,0.388,,1,0,,,0,0.5000,0.5000
154.392,0.5000,0.5000,0.5000,0.5000,0.14,24.51,0.388,,1,0,,,0,0.5000,0.5000
154.423,0.5000,0.5000,0.5000,0.5000,0.17,24.58,0.381,,1,0,,,0,0.5000,0.5000
154.473,0.5000,0.5000,0.5000,0.5000,0.22,24.77,0.374,,1,0,,,0,0.5000,0.5000
154.504,0.5000,0.5000,0.5000,0.5000,0.25,24.89,0.381,,1,0,,,0,0.5000,0.5000
154.536,0.5000,0.5000,0.5000,0.5000,0.27,25.00,0.382,,1,0,,,0,0.5000,0.5000
154.570,0.5000,0.5000,0.5000,0.5000,0.28,25.05,0.387,,1,0,,,0,0.5000,0.5000
154.601,0.5000,0.5000,0.5000,0.5000,0.30,25.03,0.385,,1,0,,,0,0.5000,0.5000
154.633,0.5000,0.5000,0.5000,0.5000,0.38,25.07,0.393,,1,0,,,0,0.5000,0.5000
154.665,0.5000,0.5000,0.5000,0.5000,0.42,25.04,0.382,,1,0,,,0,0.5000,0.5000
154.698,0.5000,0.5000,0.5000,0.5000,0.44,25.00,0.384,,1,0,,,0,0.5000,0.5000
154.730,0.5000,0.5000,0.5000,0.5000,0.46,24.96,0.381,,1,0,,,0,0.5000,0.5000
154.761,0.5000,0.5000,0.5000,0.5000,0.50,24.94,0.386,,1,0,,,0,0.5000,0.5000
154.792,0.5000,0.5000,0.5000,0.5000,0.53,24.95,0.384,,1,0,,,0,0.5000,0.5000
154.826,0.5000,0.5000,0.5000,0.5000,0.56,24.98,0.384,,1,0,,,0,0.5000,0.5000
154.856,0.5000,0.5000,0.5000,0.5000,0.59,25.02,0.385,,1,0,,,0,0.5000,0.5000
154.888,0.5000,0.5000,0.5000,0.5000,0.61,25.06,0.387,,1,0,,,0,0.5000,0.5000
154.921,0.5000,0.5000,0.5000,0.5000,0.62,25.08,0.380,,1,0,,,0,0.5000,0.5000
154.954,0.5000,0.5000,0.5000,0.5000,0.62,25.12,0.378,,1,0,,,0,0.5000,0.5000
155.032,0.5000,0.5000,0.5000,0.5000,0.65,25.23,0.377,,1,0,,,0,0.5000,0.5000
155.063,0.5000,0.5000,0.5000,0.5000,0.65,25.27,0.371,,1,0,,,0,0.5000,0.5000
155.092,0.5000,0.5000,0.5000,0.5000,0.66,25.30,0.368,,1,0,,,0,0.5000,0.5000
155.121,0.5000,0.5000,0.5000,0.5000,0.67,25.33,0.367,,1,0,,,0,0.5000,0.5000
155.147,0.5000,0.5000,0.5000,0.5000,0.67,25.36,0.368,,1,0,,,0,0.5000,0.5000
155.172,0.5000,0.5000,0.5000,0.5000,0.66,25.40,0.366,,1,0,,,0,0.5000,0.5000
155.201,0.5000,0.5000,0.5000,0.5000,0.66,25.44,0.368,,1,0,,,0,0.5000,0.5000
155.232,0.5000,0.5000,0.5000,0.5000,0.65,25.48,0.367,,1,0,,,0,0.5000,0.5000
155.257,0.5000,0.5000,0.5000,0.5000,0.65,25.51,0.373,,1,0,,,0,0.5000,0.5000
155.289,0.5000,0.5000,0.5000,0.5000,0.64,25.51,0.384,,1,0,,,0,0.5000,0.5000
155.321,0.5000,0.5000,0.5000,0.5000,0.64,25.52,0.387,,1,0,,,0,0.5000,0.5000
155.353,0.5000,0.5000,0.5000,0.5000,0.62,25.51,0.384,,1,0,,,0,0.5000,0.5000
155.418,0.5000,0.5000,0.5000,0.5000,0.63,25.44,0.374,,1,0,,,0,0.5000,0.5000
155.449,0.5000,0.5000,0.5000,0.5000,0.63,25.42,0.373,,1,0,,,0,0.5000,0.5000
155.480,0.5000,0.5000,0.5000,0.5000,0.64,25.45,0.378,,1,0,,,0,0.5000,0.5000
155.512,0.5000,0.5000,0.5000,0.5000,0.65,25.47,0.377,,1,0,,,0,0.5000,0.5000
155.546,0.5000,0.5000,0.5000,0.5000,0.65,25.47,0.378,,1,0,,,1,0.1000,0.1000
155.592,0.5000,0.5000,0.5000,0.5000,0.66,25.49,0.377,,1,0,,,1,0.1000,0.1000
155.625,0.5000,0.5000,0.5000,0.5000,0.66,25.52,0.374,,1,0,,,1,0.1000,0.1000
155.652,0.5000,0.5000,0.5000,0.5000,0.66,25.56,0.372,,1,0,,,1,0.1000,0.1000
155.677,0.5000,0.5000,0.5000,0.5000,0.65,25.61,0.369,,1,0,,,1,0.1000,0.1000
155.702,0.5000,0.5000,0.5000,0.5000,0.65,25.66,0.368,,1,0,,,1,0.1000,0.1000
155.727,0.5000,0.5000,0.5000,0.5000,0.65,25.70,0.371,,1,0,,,1,0.1000,0.1000
155.753,0.5000,0.5000,0.5000,0.5000,0.65,25.71,0.368,,1,0,,,1,0.1000,0.1000
155.819,0.5000,0.5000,0.5000,0.5000,0.64,25.84,0.373,,1,0,,,1,0.1000,0.1000
155.850,0.5000,0.5000,0.5000,0.5000,0.63,25.87,0.383,,1,0,,,1,0.1000,0.1000
155.882,0.5000,0.5000,0.5000,0.5000,0.60,25.88,0.397,,1,0,,,1,0.1000,0.1000
155.913,0.5000,0.5000,0.5000,0.5000,0.56,25.89,0.403,,1,0,,,1,0.1000,0.1000
155.948,0.5000,0.5000,0.5000,0.5000,0.50,25.86,0.413,,1,0,,,1,0.1000,0.1000
155.978,0.5000,0.5000,0.5000,0.5000,0.44,25.84,0.421,,1,0,,,1,0.1000,0.1000
156.010,0.5000,0.5000,0.5000,0.5000,0.39,25.82,0.428,,1,0,,,1,0.1000,0.1000
156.040,0.5000,0.5000,0.5000,0.5000,0.35,25.81,0.426,,1,0,,,1,0.1000,0.1000
156.072,0.5000,0.5000,0.5000,0.5000,0.31,25.78,0.423,,1,0,,,1,0.1000,0.1000
156.106,0.5000,0.5000,0.5000,0.5000,0.25,25.77,0.411,,1,0,,,1,0.1000,0.1000
156.137,0.5000,0.5000,0.5000,0.5000,0.21,25.75,0.416,,1,0,,,1,0.1000,0.1000
156.186,0.5000,0.5000,0.5000,0.5000,0.17,25.72,0.414,,1,0,,,1,0.1000,0.1000
156.217,0.5000,0.5000,0.5000,0.5000,0.15,25.66,0.414,,1,0,,,1,0.1000,0.1000
156.250,0.5000,0.5000,0.5000,0.5000,0.14,25.54,0.413,,1,0,,,1,0.1000,0.1000
156.281,0.5000,0.5000,0.5000,0.5000,0.12,25.44,0.415,,1,0,,,1,0.1000,0.1000
156.314,0.5000,0.5000,0.5000,0.5000,0.11,25.39,0.415,,1,0,,,1,0.1000,0.1000
156.345,0.5000,0.5000,0.5000,0.5000,0.09,25.32,0.413,,1,0,,,1,0.1000,0.1000
156.376,0.5000,0.5000,0.5000,0.5000,0.07,25.29,0.407,,1,0,,,1,0.1000,0.1000
156.409,0.5000,0.5000,0.5000,0.5000,0.06,25.23,0.407,,1,0,,,1,0.1000,0.1000
156.440,0.5000,0.5000,0.5000,0.5000,0.05,25.21,0.407,,1,0,,,1,0.1000,0.1000
156.475,0.5000,0.5000,0.5000,0.5000,0.05,25.17,0.407,,1,0,,,1,0.1000,0.1000
156.504,0.5000,0.5000,0.5000,0.5000,0.06,25.14,0.412,,1,0,,,1,0.1000,0.1000
156.537,0.5000,0.5000,0.5000,0.5000,0.06,25.12,0.411,,1,0,,,1,0.1000,0.1000
156.569,0.5000,0.5000,0.5000,0.5000,0.04,25.08,0.413,,1,0,,,1,0.1000,0.1000
156.601,0.5000,0.5000,0.5000,0.5000,0.01,25.04,0.413,,1,0,,,1,0.1000,0.1000
156.632,0.5000,0.5000,0.5000,0.5000,-0.01,25.03,0.415,,1,0,,,1,0.1000,0.1000
156.665,0.5000,0.5000,0.5000,0.5000,-0.02,25.06,0.416,,1,0,,,1,0.1000,0.1000
156.699,0.5000,0.5000,0.5000,0.5000,-0.04,25.07,0.417,,1,0,,,1,0.1000,0.1000
156.745,0.5000,0.5000,0.5000,0.5000,-0.02,25.06,0.416,,1,0,,,1,0.1000,0.1000
156.776,0.5000,0.5000,0.5000,0.5000,-0.00,25.07,0.400,,1,0,,,1,0.1000,0.1000
156.808,0.5000,0.5000,0.5000,0.5000,0.01,25.09,0.402,,1,0,,,1,0.1000,0.1000
156.840,0.5000,0.5000,0.5000,0.5000,0.03,25.11,0.402,,1,0,,,1,0.1000,0.1000
156.872,0.5000,0.5000,0.5000,0.5000,0.04,25.07,0.400,,1,0,,,1,0.1000,0.1000
156.905,0.5000,0.5000,0.5000,0.5000,0.05,25.05,0.404,,1,0,,,1,0.1000,0.1000
156.937,0.5000,0.5000,0.5000,0.5000,0.07,25.03,0.409,,1,0,,,1,0.1000,0.1000
156.969,0.5000,0.5000,0.5000,0.5000,0.08,25.00,0.414,,1,0,,,1,0.1000,0.1000
157.001,0.5000,0.5000,0.5000,0.5000,0.11,24.97,0.416,,1,0,,,1,0.1000,0.1000
157.035,0.5000,0.5000,0.5000,0.5000,0.15,24.97,0.420,,1,0,,,1,0.1000,0.1000
157.065,0.5000,0.5000,0.5000,0.5000,0.18,25.02,0.424,,1,0,,,1,0.1000,0.1000
157.096,0.5000,0.5000,0.5000,0.5000,0.22,25.05,0.417,,1,0,,,1,0.1000,0.1000
157.127,0.5000,0.5000,0.5000,0.5000,0.26,25.05,0.416,,1,0,,,1,0.1000,0.1000
157.161,0.5000,0.5000,0.5000,0.5000,0.29,25.05,0.417,,1,0,,,1,0.1000,0.1000
157.191,0.5000,0.5000,0.5000,0.5000,0.32,25.08,0.415,,1,0,,,1,0.1000,0.1000
157.225,0.5000,0.5000,0.5000,0.5000,0.32,25.05,0.410,,1,0,,,1,0.1000,0.1000
157.257,0.5000,0.5000,0.5000,0.5000,0.33,25.04,0.403,,1,0,,,1,0.1000,0.1000
157.305,0.5000,0.5000,0.5000,0.5000,0.35,25.03,0.400,,1,0,,,1,0.1000,0.1000
157.336,0.5000,0.5000,0.5000,0.5000,0.36,25.01,0.404,,1,0,,,1,0.1000,0.1000
157.369,0.5000,0.5000,0.5000,0.5000,0.36,25.02,0.405,,1,0,,,1,0.1000,0.1000
157.405,0.5000,0.5000,0.5000,0.5000,0.35,25.05,0.415,,1,0,,,1,0.1000,0.1000
157.435,0.5000,0.5000,0.5000,0.5000,0.34,25.03,0.412,,1,0,,,1,0.1000,0.1000
157.465,0.5000,0.5000,0.5000,0.5000,0.33,25.01,0.412,,1,0,,,1,0.1000,0.1000
157.505,0.5000,0.5000,0.5000,0.5000,0.32,25.01,0.413,,1,0,,,1,0.1000,0.1000
157.534,0.5000,0.5000,0.5000,0.5000,0.31,25.02,0.415,,1,0,,,1,0.1000,0.1000
157.561,0.5000,0.5000,0.5000,0.5000,0.30,25.04,0.414,,1,0,,,1,0.1000,0.1000
157.591,0.5000,0.5000,0.5000,0.5000,0.27,25.06,0.408,,1,0,,,1,0.1000,0.1000
157.630,0.5000,0.5000,0.5000,0.5000,0.23,25.07,0.408,,1,0,,,1,0.1000,0.1000
157.660,0.5000,0.5000,0.5000,0.5000,0.18,25.02,0.413,,1,0,,,1,0.1000,0.1000
157.689,0.5000,0.5000,0.5000,0.5000,0.14,25.00,0.409,,1,0,,,1,0.1000,0.1000
157.722,0.5000,0.5000,0.5000,0.5000,0.11,24.96,0.411,,1,0,,,1,0.1000,0.1000
157.756,0.5000,0.5000,0.5000,0.5000,0.08,24.95,0.411,,1,0,,,1,0.1000,0.1000
157.823,0.5000,0.5000,0.5000,0.5000,0.06,24.94,0.409,,1,0,,,1,0.1000,0.1000
157.865,0.5000,0.5000,0.5000,0.5000,0.05,24.93,0.407,,1,0,,,1,0.1000,0.1000
157.899,0.5000,0.5000,0.5000,0.5000,0.03,24.93,0.407,,1,0,,,1,0.1000,0.1000
157.925,0.5000,0.5000,0.5000,0.5000,0.01,24.93,0.408,,1,0,,,1,0.1000,0.1000
157.954,0.5000,0.5000,0.5000,0.5000,0.00,24.93,0.405,,1,0,,,1,0.1000,0.1000
157.980,0.5000,0.5000,0.5000,0.5000,0.01,24.92,0.406,,1,0,,,1,0.1000,0.1000
158.005,0.5000,0.5000,0.5000,0.5000,0.01,24.92,0.404,,1,0,,,1,0.1000,0.1000
158.032,0.5000,0.5000,0.5000,0.5000,-0.00,24.90,0.408,,1,0,,,1,0.1000,0.1000
158.060,0.5000,0.5000,0.5000,0.5000,-0.01,24.88,0.401,,1,0,,,1,0.1000,0.1000
158.088,0.5000,0.5000,0.5000,0.5000,-0.01,24.88,0.400,,1,0,,,1,0.1000,0.1000
158.120,0.5000,0.5000,0.5000,0.5000,0.01,24.84,0.400,,1,0,,,1,0.1000,0.1000
158.152,0.5000,0.5000,0.5000,0.5000,0.04,24.82,0.402,,1,0,,,1,0.1000,0.1000
158.218,0.5000,0.5000,0.5000,0.5000,0.11,24.82,0.400,,1,0,,,1,0.1000,0.1000
158.248,0.5000,0.5000,0.5000,0.5000,0.13,24.83,0.398,,1,0,,,1,0.1000,0.1000
158.281,0.5000,0.5000,0.5000,0.5000,0.15,24.86,0.395,,1,0,,,1,0.1000,0.1000
158.314,0.5000,0.5000,0.5000,0.5000,0.15,24.87,0.396,,1,0,,,1,0.1000,0.1000
158.345,0.5000,0.5000,0.5000,0.5000,0.12,24.87,0.397,,1,0,,,1,0.1000,0.1000
158.376,0.5000,0.5000,0.5000,0.5000,0.10,24.86,0.399,,1,0,,,1,0.1000,0.1000
158.409,0.5000,0.5000,0.5000,0.5000,0.08,24.87,0.398,,1,0,,,1,0.1000,0.1000
158.457,0.5000,0.5000,0.5000,0.5000,0.06,24.84,0.390,,1,0,,,1,0.1000,0.1000
158.489,0.5000,0.5000,0.5000,0.5000,0.05,24.85,0.395,,1,0,,,1,0.1000,0.1000
158.515,0.5000,0.5000,0.5000,0.5000,0.06,24.88,0.397,,1,0,,,1,0.1000,0.1000
158.540,0.5000,0.5000,0.5000,0.5000,0.06,24.91,0.398,,1,0,,,2,0.9000,0.1000
158.568,0.5000,0.5000,0.5000,0.5000,0.06,24.95,0.409,,1,0,,,2,0.9000,0.1000
158.616,0.5000,0.5000,0.5000,0.5000,0.05,24.99,0.407,,1,0,,,2,0.9000,0.1000
158.650,0.5000,0.5000,0.5000,0.5000,0.04,25.01,0.406,,1,0,,,2,0.9000,0.1000
158.682,0.5000,0.5000,0.5000,0.5000,0.03,25.02,0.408,,1,0,,,2,0.9000,0.1000
158.713,0.5000,0.5000,0.5000,0.5000,0.03,25.04,0.408,,1,0,,,2,0.9000,0.1000
158.745,0.5000,0.5000,0.5000,0.5000,0.02,25.03,0.407,,1,0,,,2,0.9000,0.1000
158.777,0.5000,0.5000,0.5000,0.5000,0.02,25.01,0.400,,1,0,,,2,0.9000,0.1000
158.811,0.5000,0.5000,0.5000,0.5000,0.01,25.02,0.400,,1,0,,,2,0.9000,0.1000
158.848,0.5000,0.5000,0.5000,0.5000,-0.00,25.07,0.396,,1,0,,,2,0.9000,0.1000
158.877,0.5000,0.5000,0.5000,0.5000,-0.01,25.17,0.396,,1,0,,,2,0.9000,0.1000
158.903,0.5000,0.5000,0.5000,0.5000,-0.01,25.25,0.395,,1,0,,,2,0.9000,0.1000
158.937,0.5000,0.5000,0.5000,0.5000,0.00,25.34,0.396,,1,0,,,2,0.9000,0.1000
158.969,0.5000,0.5000,0.5000,0.5000,0.01,25.43,0.400,,1,0,,,2,0.9000,0.1000
159.015,0.5000,0.5000,0.5000,0.5000,0.02,25.58,0.400,,1,0,,,2,0.9000,0.1000
159.049,0.5000,0.5000,0.5000,0.5000,0.04,25.68,0.404,,1,0,,,2,0.9000,0.1000
159.080,0.5000,0.5000,0.5000,0.5000,0.05,25.76,0.404,,1,0,,,2,0.9000,0.1000
159.113,0.5000,0.5000,0.5000,0.5000,0.07,25.83,0.404,,1,0,,,2,0.9000,0.1000
159.144,0.5000,0.5000,0.5000,0.5000,0.09,25.89,0.405,,1,0,,,2,0.9000,0.1000
159.178,0.5000,0.5000,0.5000,0.5000,0.11,25.94,0.405,,1,0,,,2,0.9000,0.1000
159.210,0.5000,0.5000,0.5000,0.5000,0.13,26.01,0.408,,1,0,,,2,0.9000,0.1000
159.241,0.5000,0.5000,0.5000,0.5000,0.15,26.09,0.411,,1,0,,,2,0.9000,0.1000
159.271,0.5000,0.5000,0.5000,0.5000,0.18,26.16,0.411,,1,0,,,2,0.9000,0.1000
159.304,0.5000,0.5000,0.5000,0.5000,0.20,26.26,0.409,,1,0,,,2,0.9000,0.1000
159.338,0.5000,0.5000,0.5000,0.5000,0.22,26.34,0.411,,1,0,,,2,0.9000,0.1000
159.367,0.5000,0.5000,0.5000,0.5000,0.24,26.37,0.414,,1,0,,,2,0.9000,0.1000
159.400,0.5000,0.5000,0.5000,0.5000,0.26,26.37,0.419,,1,0,,,2,0.9000,0.1000
159.433,0.5000,0.5000,0.5000,0.5000,0.26,26.40,0.423,,1,0,,,2,0.9000,0.1000
159.465,0.5000,0.5000,0.5000,0.5000,0.27,26.41,0.413,,1,0,,,2,0.9000,0.1000
159.497,0.5000,0.5000,0.5000,0.5000,0.27,26.39,0.416,,1,0,,,2,0.9000,0.1000
159.529,0.5000,0.5000,0.5000,0.5000,0.28,26.39,0.418,,1,0,,,2,0.9000,0.1000
159.577,0.5000,0.5000,0.5000,0.5000,0.28,26.40,0.414,,1,0,,,2,0.9000,0.1000
159.608,0.5000,0.5000,0.5000,0.5000,0.30,26.40,0.415,,1,0,,,2,0.9000,0.1000
159.641,0.5000,0.5000,0.5000,0.5000,0.33,26.43,0.414,,1,0,,,2,0.9000,0.1000
159.674,0.5000,0.5000,0.5000,0.5000,0.35,26.48,0.420,,1,0,,,2,0.9000,0.1000
159.704,0.5000,0.5000,0.5000,0.5000,0.36,26.53,0.418,,1,0,,,2,0.9000,0.1000
159.736,0.5000,0.5000,0.5000,0.5000,0.37,26.55,0.421,,1,0,,,2,0.9000,0.1000
159.767,0.5000,0.5000,0.5000,0.5000,0.38,26.57,0.421,,1,0,,,2,0.9000,0.1000
159.801,0.5000,0.5000,0.5000,0.5000,0.38,26.61,0.422,,1,0,,,2,0.9000,0.1000
159.833,0.5000,0.5000,0.5000,0.5000,0.39,26.64,0.423,,1,0,,,2,0.9000,0.1000
159.865,0.5000,0.5000,0.5000,0.5000,0.40,26.67,0.422,,1,0,,,2,0.9000,0.1000
159.896,0.5000,0.5000,0.5000,0.5000,0.40,26.71,0.420,,1,0,,,2,0.9000,0.1000
159.929,0.5000,0.5000,0.5000,0.5000,0.41,26.75,0.422,,1,0,,,2,0.9000,0.1000
159.962,0.5000,0.5000,0.5000,0.5000,0.42,26.78,0.420,,1,0,,,2,0.9000,0.1000
159.993,0.5000,0.5000,0.5000,0.5000,0.42,26.84,0.421,,1,0,,,2,0.9000,0.1000
160.027,0.5000,0.5000,0.5000,0.5000,0.42,26.89,0.418,,1,0,,,2,0.9000,0.1000
160.057,0.5000,0.5000,0.5000,0.5000,0.42,26.94,0.415,,1,0,,,2,0.9000,0.1000
160.090,0.5000,0.5000,0.5000,0.5000,0.42,26.99,0.416,,1,0,,,2,0.9000,0.1000
160.121,0.5000,0.5000,0.5000,0.5000,0.43,27.00,0.415,,1,0,,,2,0.9000,0.1000
160.170,0.5000,0.5000,0.5000,0.5000,0.46,26.99,0.414,,1,0,,,2,0.9000,0.1000
160.200,0.5000,0.5000,0.5000,0.5000,0.48,27.01,0.415,,1,0,,,2,0.9000,0.1000
160.232,0.5000,0.5000,0.5000,0.5000,0.51,26.99,0.415,,1,0,,,2,0.9000,0.1000
160.266,0.5000,0.5000,0.5000,0.5000,0.53,26.96,0.417,,1,0,,,2,0.9000,0.1000
160.297,0.5000,0.5000,0.5000,0.5000,0.56,26.95,0.416,,1,0,,,2,0.9000,0.1000
160.329,0.5000,0.5000,0.5000,0.5000,0.57,26.97,0.416,,1,0,,,2,0.9000,0.1000
160.360,0.5000,0.5000,0.5000,0.5000,0.58,26.96,0.414,,1,0,,,2,0.9000,0.1000
160.394,0.5000,0.5000,0.5000,0.5000,0.58,26.96,0.414,,1,0,,,2,0.9000,0.1000
160.425,0.5000,0.5000,0.5000,0.5000,0.59,26.98,0.416,,1,0,,,2,0.9000,0.1000
160.456,0.5000,0.5000,0.5000,0.5000,0.61,26.95,0.417,,1,0,,,2,0.9000,0.1000
160.488,0.5000,0.5000,0.5000,0.5000,0.63,26.94,0.418,,1,0,,,2,0.9000,0.1000
160.520,0.5000,0.5000,0.5000,0.5000,0.65,26.97,0.418,,1,0,,,2,0.9000,0.1000
160.551,0.5000,0.5000,0.5000,0.5000,0.67,27.00,0.415,,1,0,,,2,0.9000,0.1000
160.617,0.5000,0.5000,0.5000,0.5000,0.68,27.04,0.413,,1,0,,,2,0.9000,0.1000
160.650,0.5000,0.5000,0.5000,0.5000,0.68,27.04,0.409,,1,0,,,2,0.9000,0.1000
160.682,0.5000,0.5000,0.5000,0.5000,0.68,26.99,0.411,,1,0,,,2,0.9000,0.1000
160.728,0.5000,0.5000,0.5000,0.5000,0.68,26.98,0.411,,1,0,,,2,0.9000,0.1000
160.761,0.5000,0.5000,0.5000,0.5000,0.68,26.96,0.415,,1,0,,,2,0.9000,0.1000
160.789,0.5000,0.5000,0.5000,0.5000,0.68,26.94,0.416,,1,0,,,2,0.9000,0.1000
160.818,0.5000,0.5000,0.5000,0.5000,0.68,26.91,0.415,,1,0,,,2,0.9000,0.1000
160.845,0.5000,0.5000,0.5000,0.5000,0.68,26.90,0.413,,1,0,,,2,0.9000,0.1000
160.871,0.5000,0.5000,0.5000,0.5000,0.69,26.91,0.414,,1,0,,,2,0.9000,0.1000
160.899,0.5000,0.5000,0.5000,0.5000,0.69,26.91,0.414,,1,0,,,2,0.9000,0.1000
160.926,0.5000,0.5000,0.5000,0.5000,0.69,26.92,0.414,,1,0,,,2,0.9000,0.1000
160.962,0.5000,0.5000,0.5000,0.5000,0.69,26.93,0.413,,1,0,,,2,0.9000,0.1000
161.016,0.5000,0.5000,0.5000,0.5000,0.67,26.95,0.422,,1,0,,,2,0.9000,0.1000
161.049,0.5000,0.5000,0.5000,0.5000,0.67,26.95,0.420,,1,0,,,2,0.9000,0.1000
161.081,0.5000,0.5000,0.5000,0.5000,0.66,26.93,0.416,,1,0,,,2,0.9000,0.1000
161.111,0.5000,0.5000,0.5000,0.5000,0.65,26.92,0.411,,1,0,,,2,0.9000,0.1000
161.144,0.5000,0.5000,0.5000,0.5000,0.63,26.89,0.410,,1,0,,,2,0.9000,0.1000
161.180,0.5000,0.5000,0.5000,0.5000,0.61,26.87,0.412,,1,0,,,2,0.9000,0.1000
161.207,0.5000,0.5000,0.5000,0.5000,0.60,26.85,0.411,,1,0,,,2,0.9000,0.1000
161.242,0.5000,0.5000,0.5000,0.5000,0.58,26.75,0.409,,1,0,,,2,0.9000,0.1000
161.288,0.5000,0.5000,0.5000,0.5000,0.56,26.69,0.411,,1,0,,,2,0.9000,0.1000
161.320,0.5000,0.5000,0.5000,0.5000,0.54,26.65,0.411,,1,0,,,2,0.9000,0.1000
161.346,0.5000,0.5000,0.5000,0.5000,0.52,26.62,0.411,,1,0,,,2,0.9000,0.1000
161.369,0.5000,0.5000,0.5000,0.5000,0.50,26.60,0.411,,1,0,,,2,0.9000,0.1000
161.417,0.5000,0.5000,0.5000,0.5000,0.49,26.54,0.406,,1,0,,,2,0.9000,0.1000
161.449,0.5000,0.5000,0.5000,0.5000,0.48,26.55,0.407,,1,0,,,2,0.9000,0.1000
161.481,0.5000,0.5000,0.5000,0.5000,0.47,26.58,0.409,,1,0,,,2,0.9000,0.1000
161.512,0.5000,0.5000,0.5000,0.5000,0.46,26.62,0.411,,1,0,,,2,0.9000,0.1000
161.545,0.5000,0.5000,0.5000,0.5000,0.45,26.68,0.412,,1,0,,,2,0.9000,0.1000
161.579,0.5000,0.5000,0.5000,0.5000,0.44,26.73,0.411,,1,0,,,3,0.1000,0.9000
161.607,0.5000,0.5000,0.5000,0.5000,0.45,26.77,0.408,,1,0,,,3,0.1000,0.9000
161.640,0.5000,0.5000,0.5000,0.5000,0.46,26.80,0.409,,1,0,,,3,0.1000,0.9000
161.674,0.5000,0.5000,0.5000,0.5000,0.47,26.83,0.410,,1,0,,,3,0.1000,0.9000
161.704,0.5000,0.5000,0.5000,0.5000,0.49,26.85,0.408,,1,0,,,3,0.1000,0.9000
161.735,0.5000,0.5000,0.5000,0.5000,0.52,26.86,0.409,,1,0,,,3,0.1000,0.9000
161.769,0.5000,0.5000,0.5000,0.5000,0.53,26.88,0.407,,1,0,,,3,0.1000,0.9000
161.801,0.5000,0.5000,0.5000,0.5000,0.55,26.92,0.408,,1,0,,,3,0.1000,0.9000
161.846,0.5000,0.5000,0.5000,0.5000,0.55,27.02,0.396,,1,0,,,3,0.1000,0.9000
161.881,0.5000,0.5000,0.5000,0.5000,0.53,27.05,0.389,,1,0,,,3,0.1000,0.9000
161.913,0.5000,0.5000,0.5000,0.5000,0.52,27.07,0.389,,1,0,,,3,0.1000,0.9000
161.944,0.5000,0.5000,0.5000,0.5000,0.51,27.07,0.376,,1,0,,,3,0.1000,0.9000
161.977,0.5000,0.5000,0.5000,0.5000,0.50,26.95,0.208,,1,0,,,3,0.1000,0.9000
162.010,0.5000,0.5000,0.5000,0.5000,0.49,26.68,0.123,,1,0,,,3,0.1000,0.9000
162.040,0.5000,0.5000,0.5000,0.5000,0.46,26.36,0.113,,1,0,,,3,0.1000,0.9000
162.072,0.5000,0.5000,0.5000,0.5000,0.45,26.06,0.129,,1,0,,,3,0.1000,0.9000
162.105,0.5000,0.5000,0.5000,0.5000,0.43,25.76,0.141,,1,0,,,3,0.1000,0.9000
162.138,0.5000,0.5000,0.5000,0.5000,0.43,25.49,0.151,,1,0,,,3,0.1000,0.9000
162.169,0.5000,0.5000,0.5000,0.5000,0.46,25.27,0.163,,1,0,,,3,0.1000,0.9000
162.200,0.5000,0.5000,0.5000,0.5000,0.48,25.07,0.179,,1,0,,,3,0.1000,0.9000
162.232,0.5000,0.5000,0.5000,0.5000,0.52,24.90,0.189,,1,0,,,3,0.1000,0.9000
162.265,0.5000,0.5000,0.5000,0.5000,0.55,24.73,0.197,,1,0,,,3,0.1000,0.9000
162.298,0.5000,0.5000,0.5000,0.5000,0.56,24.58,0.212,,1,0,,,3,0.1000,0.9000
162.329,0.5000,0.5000,0.5000,0.5000,0.57,24.46,0.210,,1,0,,,3,0.1000,0.9000
162.360,0.5000,0.5000,0.5000,0.5000,0.58,24.33,0.205,,1,0,,,3,0.1000,0.9000
162.394,0.5000,0.5000,0.5000,0.5000,0.58,24.20,0.196,,1,0,,,3,0.1000,0.9000
162.440,0.5000,0.5000,0.5000,0.5000,0.60,24.04,0.206,,1,0,,,3,0.1000,0.9000
162.472,0.5000,0.5000,0.5000,0.5000,0.61,23.97,0.212,,1,0,,,3,0.1000,0.9000
162.503,0.5000,0.5000,0.5000,0.5000,0.62,23.91,0.213,,1,0,,,3,0.1000,0.9000
162.538,0.5000,0.5000,0.5000,0.5000,0.63,23.83,0.217,,1,0,,,3,0.1000,0.9000
162.570,0.5000,0.5000,0.5000,0.5000,0.64,23.78,0.224,,1,0,,,3,0.1000,0.9000
162.602,0.5000,0.5000,0.5000,0.5000,0.66,23.75,0.226,,1,0,,,3,0.1000,0.9000
162.634,0.5000,0.5000,0.5000,0.5000,0.68,23.70,0.247,,1,0,,,3,0.1000,0.9000
162.665,0.5000,0.5000,0.5000,0.5000,0.70,23.66,0.227,,1,0,,,3,0.1000,0.9000
162.697,0.5000,0.5000,0.5000,0.5000,0.71,23.61,0.234,,1,0,,,3,0.1000,0.9000
162.728,0.5000,0.5000,0.5000,0.5000,0.71,23.59,0.247,,1,0,,,3,0.1000,0.9000
162.762,0.5000,0.5000,0.5000,0.5000,0.73,23.54,0.226,,1,0,,,3,0.1000,0.9000
162.793,0.5000,0.5000,0.5000,0.5000,0.74,23.51,0.227,,1,0,,,3,0.1000,0.9000
162.825,0.5000,0.5000,0.5000,0.5000,0.73,23.46,0.223,,1,0,,,3,0.1000,0.9000
162.856,0.5000,0.5000,0.5000,0.5000,0.72,23.40,0.226,,1,0,,,3,0.1000,0.9000
162.888,0.5000,0.5000,0.5000,0.5000,0.72,23.37,0.235,,1,0,,,3,0.1000,0.9000
162.925,0.5000,0.5000,0.5000,0.5000,0.73,23.35,0.223,,1,0,,,3,0.1000,0.9000
162.961,0.5000,0.5000,0.5000,0.5000,0.70,23.35,0.228,,1,0,,,3,0.1000,0.9000
163.031,0.5000,0.5000,0.5000,0.5000,0.72,23.26,0.221,,1,0,,,3,0.1000,0.9000
163.059,0.5000,0.5000,0.5000,0.5000,0.73,23.25,0.224,,1,0,,,3,0.1000,0.9000
163.085,0.5000,0.5000,0.5000,0.5000,0.74,23.25,0.224,,1,0,,,3,0.1000,0.9000
163.111,0.5000,0.5000,0.5000,0.5000,0.75,23.26,0.233,,1,0,,,3,0.1000,0.9000
163.137,0.5000,0.5000,0.5000,0.5000,0.76,23.26,0.233,,1,0,,,3,0.1000,0.9000
163.165,0.5000,0.5000,0.5000,0.5000,0.75,23.23,0.223,,1,0,,,3,0.1000,0.9000
163.193,0.5000,0.5000,0.5000,0.5000,0.73,23.22,0.221,,1,0,,,3,0.1000,0.9000
163.226,0.5000,0.5000,0.5000,0.5000,0.71,23.19,0.226,,1,0,,,3,0.1000,0.9000
163.256,0.5000,0.5000,0.5000,0.5000,0.68,23.16,0.224,,1,0,,,3,0.1000,0.9000
163.289,0.5000,0.5000,0.5000,0.5000,0.66,23.10,0.233,,1,0,,,3,0.1000,0.9000
163.321,0.5000,0.5000,0.5000,0.5000,0.65,23.04,0.238,,1,0,,,3,0.1000,0.9000
163.354,0.5000,0.5000,0.5000,0.5000,0.62,22.96,0.233,,1,0,,,3,0.1000,0.9000
163.416,0.5000,0.5000,0.5000,0.5000,0.58,22.92,0.255,,1,0,,,3,0.1000,0.9000
163.449,0.5000,0.5000,0.5000,0.5000,0.55,22.92,0.264,,1,0,,,3,0.1000,0.9000
163.480,0.5000,0.5000,0.5000,0.5000,0.53,22.92,0.251,,1,0,,,3,0.1000,0.9000
163.512,0.5000,0.5000,0.5000,0.5000,0.52,22.92,0.259,,1,0,,,3,0.1000,0.9000
163.560,0.5000,0.5000,0.5000,0.5000,0.49,22.86,0.243,,1,0,,,3,0.1000,0.9000
163.594,0.5000,0.5000,0.5000,0.5000,0.47,22.80,0.240,,1,0,,,3,0.1000,0.9000
163.621,0.5000,0.5000,0.5000,0.5000,0.45,22.74,0.240,,1,0,,,3,0.1000,0.9000
163.649,0.5000,0.5000,0.5000,0.5000,0.43,22.67,0.243,,1,0,,,3,0.1000,0.9000
163.675,0.5000,0.5000,0.5000,0.5000,0.43,22.61,0.239,,1,0,,,3,0.1000,0.9000
163.700,0.5000,0.5000,0.5000,0.5000,0.43,22.59,0.231,,1,0,,,3,0.1000,0.9000
163.727,0.5000,0.5000,0.5000,0.5000,0.42,22.58,0.231,,1,0,,,3,0.1000,0.9000
163.753,0.5000,0.5000,0.5000,0.5000,0.42,22.60,0.246,,1,0,,,3,0.1000,0.9000
163.816,0.5000,0.5000,0.5000,0.5000,0.44,22.58,0.245,,1,0,,,3,0.1000,0.9000
163.850,0.5000,0.5000,0.5000,0.5000,0.44,22.61,0.247,,1,0,,,3,0.1000,0.9000
163.883,0.5000,0.5000,0.5000,0.5000,0.44,22.64,0.244,,1,0,,,3,0.1000,0.9000
163.915,0.5000,0.5000,0.5000,0.5000,0.46,22.67,0.239,,1,0,,,3,0.1000,0.9000
163.947,0.5000,0.5000,0.5000,0.5000,0.46,22.68,0.229,,1,0,,,3,0.1000,0.9000
163.977,0.5000,0.5000,0.5000,0.5000,0.47,22.66,0.234,,1,0,,,3,0.1000,0.9000
164.008,0.5000,0.5000,0.5000,0.5000,0.49,22.64,0.229,,1,0,,,3,0.1000,0.9000
164.039,0.5000,0.5000,0.5000,0.5000,0.49,22.64,0.244,,1,0,,,3,0.1000,0.9000
164.074,0.5000,0.5000,0.5000,0.5000,0.49,22.65,0.243,,1,0,,,3,0.1000,0.9000
164.122,0.5000,0.5000,0.5000,0.5000,0.48,22.66,0.264,,1,0,,,3,0.1000,0.9000
164.152,0.5000,0.5000,0.5000,0.5000,0.49,22.66,0.261,,1,0,,,3,0.1000,0.9000
164.177,0.5000,0.5000,0.5000,0.5000,0.48,22.67,0.260,,1,0,,,3,0.1000,0.9000
164.216,0.5000,0.5000,0.5000,0.5000,0.48,22.76,0.267,,1,0,,,3,0.1000,0.9000
164.248,0.5000,0.5000,0.5000,0.5000,0.47,22.81,0.256,,1,0,,,3,0.1000,0.9000
164.280,0.5000,0.5000,0.5000,0.5000,0.46,22.82,0.258,,1,0,,,3,0.1000,0.9000
164.315,0.5000,0.5000,0.5000,0.5000,0.47,22.83,0.256,,1,0,,,3,0.1000,0.9000
164.344,0.5000,0.5000,0.5000,0.5000,0.48,22.84,0.254,,1,0,,,3,0.1000,0.9000
164.377,0.5000,0.5000,0.5000,0.5000,0.50,22.92,0.260,,1,0,,,3,0.1000,0.9000
164.408,0.5000,0.5000,0.5000,0.5000,0.51,23.00,0.252,,1,0,,,3,0.1000,0.9000
164.441,0.5000,0.5000,0.5000,0.5000,0.54,23.04,0.229,,1,0,,,3,0.1000,0.9000
164.473,0.5000,0.5000,0.5000,0.5000,0.55,23.12,0.238,,1,0,,,3,0.1000,0.9000
164.504,0.5000,0.5000,0.5000,0.5000,0.57,23.23,0.238,,1,0,,,3,0.1000,0.9000
164.537,0.5000,0.5000,0.5000,0.5000,0.59,23.28,0.232,,1,0,,,3,0.1000,0.9000
164.567,0.5000,0.5000,0.5000,0.5000,0.62,23.28,0.227,,1,0,,,3,0.1000,0.9000
164.600,0.5000,0.5000,0.5000,0.5000,0.64,23.29,0.240,,1,0,,,4,0.9000,0.9000
164.633,0.5000,0.5000,0.5000,0.5000,0.65,23.29,0.233,,1,0,,,4,0.9000,0.9000
164.664,0.5000,0.5000,0.5000,0.5000,0.65,23.28,0.227,,1,0,,,4,0.9000,0.9000
164.714,0.5000,0.5000,0.5000,0.5000,0.65,23.20,0.220,,1,0,,,4,0.9000,0.9000
164.744,0.5000,0.5000,0.5000,0.5000,0.64,23.14,0.215,,1,0,,,4,0.9000,0.9000
164.777,0.5000,0.5000,0.5000,0.5000,0.63,23.09,0.217,,1,0,,,4,0.9000,0.9000
164.809,0.5000,0.5000,0.5000,0.5000,0.62,23.05,0.231,,1,0,,,4,0.9000,0.9000
164.840,0.5000,0.5000,0.5000,0.5000,0.63,23.02,0.231,,1,0,,,4,0.9000,0.9000
164.871,0.5000,0.5000,0.5000,0.5000,0.65,23.04,0.242,,1,0,,,4,0.9000,0.9000
164.906,0.5000,0.5000,0.5000,0.5000,0.66,23.05,0.230,,1,0,,,4,0.9000,0.9000
164.938,0.5000,0.5000,0.5000,0.5000,0.69,23.12,0.236,,1,0,,,4,0.9000,0.9000
164.970,0.5000,0.5000,0.5000,0.5000,0.72,23.26,0.249,,1,0,,,4,0.9000,0.9000
165.001,0.5000,0.5000,0.5000,0.5000,0.76,23.43,0.257,,1,0,,,4,0.9000,0.9000
165.033,0.5000,0.5000,0.5000,0.5000,0.79,23.60,0.264,,1,0,,,4,0.9000,0.9000
165.065,0.5000,0.5000,0.5000,0.5000,0.80,23.79,0.276,,1,0,,,4,0.9000,0.9000
165.097,0.5000,0.5000,0.5000,0.5000,0.82,23.95,0.274,,1,0,,,4,0.9000,0.9000
165.130,0.5000,0.5000,0.5000,0.5000,0.84,24.11,0.279,,1,0,,,4,0.9000,0.9000
165.162,0.5000,0.5000,0.5000,0.5000,0.86,24.28,0.277,,1,0,,,4,0.9000,0.9000
165.193,0.5000,0.5000,0.5000,0.5000,0.89,24.40,0.286,,1,0,,,4,0.9000,0.9000
165.225,0.5000,0.5000,0.5000,0.5000,0.92,24.51,0.293,,1,0,,,4,0.9000,0.9000
165.271,0.5000,0.5000,0.5000,0.5000,0.96,24.64,0.308,,1,0,,,4,0.9000,0.9000
165.304,0.5000,0.5000,0.5000,0.5000,0.99,24.73,0.309,,1,0,,,4,0.9000,0.9000
165.337,0.5000,0.5000,0.5000,0.5000,1.02,24.81,0.304,,1,0,,,4,0.9000,0.9000
165.371,0.5000,0.5000,0.5000,0.5000,1.05,24.90,0.306,,1,0,,,4,0.9000,0.9000
165.401,0.5000,0.5000,0.5000,0.5000,1.08,24.97,0.306,,1,0,,,4,0.9000,0.9000
165.433,0.5000,0.5000,0.5000,0.5000,1.11,25.08,0.306,,1,0,,,4,0.9000,0.9000
165.466,0.5000,0.5000,0.5000,0.5000,1.13,25.19,0.313,,1,0,,,4,0.9000,0.9000
165.497,0.5000,0.5000,0.5000,0.5000,1.15,25.29,0.308,,1,0,,,4,0.9000,0.9000
165.529,0.5000,0.5000,0.5000,0.5000,1.15,25.38,0.311,,1,0,,,4,0.9000,0.9000
165.561,0.5000,0.5000,0.5000,0.5000,1.16,25.46,0.302,,1,0,,,4,0.9000,0.9000
165.593,0.5000,0.5000,0.5000,0.5000,1.17,25.54,0.307,,1,0,,,4,0.9000,0.9000
165.624,0.5000,0.5000,0.5000,0.5000,1.18,25.60,0.316,,1,0,,,4,0.9000,0.9000
165.657,0.5000,0.5000,0.5000,0.5000,1.18,25.65,0.316,,1,0,,,4,0.9000,0.9000
165.689,0.5000,0.5000,0.5000,0.5000,1.18,25.69,0.304,,1,0,,,4,0.9000,0.9000
165.721,0.5000,0.5000,0.5000,0.5000,1.18,25.71,0.305,,1,0,,,4,0.9000,0.9000
165.753,0.5000,0.5000,0.5000,0.5000,1.19,25.74,0.302,,1,0,,,4,0.9000,0.9000
165.835,0.5000,0.5000,0.5000,0.5000,1.19,25.83,0.308,,1,0,,,4,0.9000,0.9000
165.866,0.5000,0.5000,0.5000,0.5000,1.18,25.86,0.308,,1,0,,,4,0.9000,0.9000
165.894,0.5000,0.5000,0.5000,0.5000,1.18,25.89,0.308,,1,0,,,4,0.9000,0.9000
165.920,0.5000,0.5000,0.5000,0.5000,1.18,25.95,0.309,,1,0,,,4,0.9000,0.9000
165.947,0.5000,0.5000,0.5000,0.5000,1.18,25.99,0.307,,1,0,,,4,0.9000,0.9000
165.981,0.5000,0.5000,0.5000,0.5000,1.19,25.99,0.299,,1,0,,,4,0.9000,0.9000
166.008,0.5000,0.5000,0.5000,0.5000,1.20,25.99,0.302,,1,0,,,4,0.9000,0.9000
166.034,0.5000,0.5000,0.5000,0.5000,1.20,25.99,0.305,,1,0,,,4,0.9000,0.9000
166.059,0.5000,0.5000,0.5000,0.5000,1.21,26.00,0.304,,1,0,,,4,0.9000,0.9000
166.090,0.5000,0.5000,0.5000,0.5000,1.21,26.01,0.303,,1,0,,,4,0.9000,0.9000
166.121,0.5000,0.5000,0.5000,0.5000,1.22,26.04,0.304,,1,0,,,4,0.9000,0.9000
166.153,0.5000,0.5000,0.5000,0.5000,1.24,26.05,0.310,,1,0,,,4,0.9000,0.9000
166.216,0.5000,0.5000,0.5000,0.5000,1.27,26.10,0.309,,1,0,,,4,0.9000,0.9000
166.249,0.5000,0.5000,0.5000,0.5000,1.28,26.13,0.307,,1,0,,,4,0.9000,0.9000
166.282,0.5000,0.5000,0.5000,0.5000,1.29,26.14,0.310,,1,0,,,4,0.9000,0.9000
166.314,0.5000,0.5000,0.5000,0.5000,1.30,26.15,0.311,,1,0,,,4,0.9000,0.9000
166.345,0.5000,0.5000,0.5000,0.5000,1.30,26.16,0.315,,1,0,,,4,0.9000,0.9000
166.377,0.5000,0.5000,0.5000,0.5000,1.30,26.17,0.312,,1,0,,,4,0.9000,0.9000
166.425,0.5000,0.5000,0.5000,0.5000,1.30,26.18,0.317,,1,0,,,4,0.9000,0.9000
166.452,0.5000,0.5000,0.5000,0.5000,1.30,26.18,0.317,,1,0,,,4,0.9000,0.9000
166.478,0.5000,0.5000,0.5000,0.5000,1.31,26.21,0.316,,1,0,,,4,0.9000,0.9000
166.503,0.5000,0.5000,0.5000,0.5000,1.31,26.24,0.317,,1,0,,,4,0.9000,0.9000
166.532,0.5000,0.5000,0.5000,0.5000,1.30,26.24,0.312,,1,0,,,4,0.9000,0.9000
166.557,0.5000,0.5000,0.5000,0.5000,1.29,26.25,0.313,,1,0,,,4,0.9000,0.9000
166.617,0.5000,0.5000,0.5000,0.5000,1.29,26.28,0.303,,1,0,,,4,0.9000,0.9000
166.650,0.5000,0.5000,0.5000,0.5000,1.29,26.29,0.301,,1,0,,,4,0.9000,0.9000
166.681,0.5000,0.5000,0.5000,0.5000,1.29,26.31,0.305,,1,0,,,4,0.9000,0.9000
166.713,0.5000,0.5000,0.5000,0.5000,1.29,26.31,0.305,,1,0,,,4,0.9000,0.9000
166.745,0.5000,0.5000,0.5000,0.5000,1.28,26.31,0.306,,1,0,,,4,0.9000,0.9000
166.777,0.5000,0.5000,0.5000,0.5000,1.28,26.31,0.306,,1,0,,,4,0.9000,0.9000
166.809,0.5000,0.5000,0.5000,0.5000,1.26,26.31,0.315,,1,0,,,4,0.9000,0.9000
166.840,0.5000,0.5000,0.5000,0.5000,1.26,26.31,0.318,,1,0,,,4,0.9000,0.9000
166.872,0.5000,0.5000,0.5000,0.5000,1.25,26.31,0.313,,1,0,,,4,0.9000,0.9000
166.905,0.5000,0.5000,0.5000,0.5000,1.24,26.30,0.309,,1,0,,,4,0.9000,0.9000
166.940,0.5000,0.5000,0.5000,0.5000,1.23,26.26,0.309,,1,0,,,4,0.9000,0.9000
166.983,0.5000,0.5000,0.5000,0.5000,1.24,26.22,0.315,,1,0,,,4,0.9000,0.9000
167.016,0.5000,0.5000,0.5000,0.5000,1.25,26.20,0.315,,1,0,,,4,0.9000,0.9000
167.049,0.5000,0.5000,0.5000,0.5000,1.26,26.17,0.312,,1,0,,,4,0.9000,0.9000
167.081,0.5000,0.5000,0.5000,0.5000,1.27,26.15,0.315,,1,0,,,4,0.9000,0.9000
167.113,0.5000,0.5000,0.5000,0.5000,1.27,26.15,0.315,,1,0,,,4,0.9000,0.9000
167.143,0.5000,0.5000,0.5000,0.5000,1.28,26.15,0.304,,1,0,,,4,0.9000,0.9000
167.178,0.5000,0.5000,0.5000,0.5000,1.29,26.15,0.304,,1,0,,,4,0.9000,0.9000
167.208,0.5000,0.5000,0.5000,0.5000,1.29,26.17,0.302,,1,0,,,4,0.9000,0.9000
167.242,0.5000,0.5000,0.5000,0.5000,1.30,26.20,0.302,,1,0,,,4,0.9000,0.9000
167.272,0.5000,0.5000,0.5000,0.5000,1.31,26.22,0.302,,1,0,,,4,0.9000,0.9000
167.304,0.5000,0.5000,0.5000,0.5000,1.31,26.24,0.308,,1,0,,,4,0.9000,0.9000
167.337,0.5000,0.5000,0.5000,0.5000,1.33,26.26,0.307,,1,0,,,4,0.9000,0.9000
167.369,0.5000,0.5000,0.5000,0.5000,1.35,26.27,0.308,,1,0,,,4,0.9000,0.9000
167.401,0.5000,0.5000,0.5000,0.5000,1.38,26.27,0.309,,1,0,,,4,0.9000,0.9000
167.433,0.5000,0.5000,0.5000,0.5000,1.39,26.27,0.308,,1,0,,,4,0.9000,0.9000
167.465,0.5000,0.5000,0.5000,0.5000,1.40,26.27,0.307,,1,0,,,4,0.9000,0.9000
167.498,0.5000,0.5000,0.5000,0.5000,1.40,26.28,0.303,,1,0,,,4,0.9000,0.9000
167.545,0.5000,0.5000,0.5000,0.5000,1.40,26.29,0.302,,1,0,,,4,0.9000,0.9000
167.576,0.5000,0.5000,0.5000,0.5000,1.41,26.29,0.297,,1,0,,,4,0.9000,0.9000
167.610,0.5000,0.5000,0.5000,0.5000,1.42,26.26,0.297,,1,0,,,5,0.5000,0.1000
167.641,0.5000,0.5000,0.5000,0.5000,1.41,26.26,0.297,,1,0,,,5,0.5000,0.1000
167.674,0.5000,0.5000,0.5000,0.5000,1.39,26.27,0.294,,1,0,,,5,0.5000,0.1000
167.705,0.5000,0.5000,0.5000,0.5000,1.37,26.27,0.293,,1,0,,,5,0.5000,0.1000
167.737,0.5000,0.5000,0.5000,0.5000,1.35,26.26,0.293,,1,0,,,5,0.5000,0.1000
167.768,0.5000,0.5000,0.5000,0.5000,1.33,26.26,0.298,,1,0,,,5,0.5000,0.1000
167.800,0.5000,0.5000,0.5000,0.5000,1.31,26.26,0.296,,1,0,,,5,0.5000,0.1000
167.833,0.5000,0.5000,0.5000,0.5000,1.31,26.24,0.298,,1,0,,,5,0.5000,0.1000
167.865,0.5000,0.5000,0.5000,0.5000,1.31,26.24,0.302,,1,0,,,5,0.5000,0.1000
167.896,0.5000,0.5000,0.5000,0.5000,1.30,26.22,0.283,,1,0,,,5,0.5000,0.1000
167.930,0.5000,0.5000,0.5000,0.5000,1.30,26.23,0.312,,1,0,,,5,0.5000,0.1000
167.965,0.5000,0.5000,0.5000,0.5000,1.28,26.23,0.333,,1,0,,,5,0.5000,0.1000
167.992,0.5000,0.5000,0.5000,0.5000,1.26,26.25,0.350,,1,0,,,5,0.5000,0.1000
168.024,0.5000,0.5000,0.5000,0.5000,1.22,26.25,0.356,,1,0,,,5,0.5000,0.1000
168.056,0.5000,0.5000,0.5000,0.5000,1.18,26.26,0.361,,1,0,,,5,0.5000,0.1000
168.105,0.5000,0.5000,0.5000,0.5000,1.09,26.30,0.364,,1,0,,,5,0.5000,0.1000
168.136,0.5000,0.5000,0.5000,0.5000,1.03,26.33,0.368,,1,0,,,5,0.5000,0.1000
168.169,0.5000,0.5000,0.5000,0.5000,0.97,26.35,0.369,,1,0,,,5,0.5000,0.1000
168.203,0.5000,0.5000,0.5000,0.5000,0.93,26.34,0.371,,1,0,,,5,0.5000,0.1000
168.232,0.5000,0.5000,0.5000,0.5000,0.89,26.35,0.372,,1,0,,,5,0.5000,0.1000
168.266,0.5000,0.5000,0.5000,0.5000,0.86,26.34,0.374,,1,0,,,5,0.5000,0.1000
168.297,0.5000,0.5000,0.5000,0.5000,0.84,26.34,0.374,,1,0,,,5,0.5000,0.1000
168.328,0.5000,0.5000,0.5000,0.5000,0.82,26.33,0.376,,1,0,,,5,0.5000,0.1000
168.361,0.5000,0.5000,0.5000,0.5000,0.80,26.38,0.378,,1,0,,,5,0.5000,0.1000
168.393,0.5000,0.5000,0.5000,0.5000,0.78,26.42,0.379,,1,0,,,5,0.5000,0.1000
168.424,0.5000,0.5000,0.5000,0.5000,0.77,26.47,0.379,,1,0,,,5,0.5000,0.1000
168.457,0.5000,0.5000,0.5000,0.5000,0.76,26.51,0.383,,1,0,,,5,0.5000,0.1000
168.491,0.5000,0.5000,0.5000,0.5000,0.73,26.56,0.382,,1,0,,,5,0.5000,0.1000
168.521,0.5000,0.5000,0.5000,0.5000,0.70,26.59,0.381,,1,0,,,5,0.5000,0.1000
168.554,0.5000,0.5000,0.5000,0.5000,0.67,26.60,0.378,,1,0,,,5,0.5000,0.1000
168.618,0.5000,0.5000,0.5000,0.5000,0.63,26.56,0.379,,1,0,,,5,0.5000,0.1000
168.650,0.5000,0.5000,0.5000,0.5000,0.62,26.55,0.377,,1,0,,,5,0.5000,0.1000
168.697,0.5000,0.5000,0.5000,0.5000,0.61,26.54,0.377,,1,0,,,5,0.5000,0.1000
168.726,0.5000,0.5000,0.5000,0.5000,0.61,26.54,0.377,,1,0,,,5,0.5000,0.1000
168.752,0.5000,0.5000,0.5000,0.5000,0.61,26.53,0.374,,1,0,,,5,0.5000,0.1000
168.777,0.5000,0.5000,0.5000,0.5000,0.61,26.54,0.374,,1,0,,,5,0.5000,0.1000
168.801,0.5000,0.5000,0.5000,0.5000,0.61,26.56,0.374,,1,0,,,5,0.5000,0.1000
168.827,0.5000,0.5000,0.5000,0.5000,0.60,26.54,0.376,,1,0,,,5,0.5000,0.1000
168.860,0.5000,0.5000,0.5000,0.5000,0.59,26.52,0.376,,1,0,,,5,0.5000,0.1000
168.889,0.5000,0.5000,0.5000,0.5000,0.58,26.53,0.376,,1,0,,,5,0.5000,0.1000
168.925,0.5000,0.5000,0.5000,0.5000,0.58,26.52,0.381,,1,0,,,5,0.5000,0.1000
168.957,0.5000,0.5000,0.5000,0.5000,0.56,26.50,0.379,,1,0,,,5,0.5000,0.1000
168.983,0.5000,0.5000,0.5000,0.5000,0.56,26.49,0.374,,1,0,,,5,0.5000,0.1000
169.053,0.5000,0.5000,0.5000,0.5000,0.54,26.50,0.367,,1,0,,,5,0.5000,0.1000
169.083,0.5000,0.5000,0.5000,0.5000,0.53,26.51,0.366,,1,0,,,5,0.5000,0.1000
169.114,0.5000,0.5000,0.5000,0.5000,0.50,26.51,0.363,,1,0,,,5,0.5000,0.1000
169.146,0.5000,0.5000,0.5000,0.5000,0.49,26.53,0.365,,1,0,,,5,0.5000,0.1000
169.177,0.5000,0.5000,0.5000,0.5000,0.48,26.54,0.365,,1,0,,,5,0.5000,0.1000
169.209,0.5000,0.5000,0.5000,0.5000,0.47,26.55,0.366,,1,0,,,5,0.5000,0.1000
169.258,0.5000,0.5000,0.5000,0.5000,0.45,26.59,0.365,,1,0,,,5,0.5000,0.1000
169.289,0.5000,0.5000,0.5000,0.5000,0.43,26.61,0.368,,1,0,,,5,0.5000,0.1000
169.315,0.5000,0.5000,0.5000,0.5000,0.42,26.63,0.370,,1,0,,,5,0.5000,0.1000
169.343,0.5000,0.5000,0.5000,0.5000,0.40,26.64,0.370,,1,0,,,5,0.5000,0.1000
169.368,0.5000,0.5000,0.5000,0.5000,0.40,26.67,0.372,,1,0,,,5,0.5000,0.1000
169.417,0.5000,0.5000,0.5000,0.5000,0.39,26.70,0.372,,1,0,,,5,0.5000,0.1000
169.448,0.5000,0.5000,0.5000,0.5000,0.39,26.73,0.370,,1,0,,,5,0.5000,0.1000
169.481,0.5000,0.5000,0.5000,0.5000,0.39,26.75,0.367,,1,0,,,5,0.5000,0.1000
169.513,0.5000,0.5000,0.5000,0.5000,0.38,26.77,0.365,,1,0,,,5,0.5000,0.1000
169.547,0.5000,0.5000,0.5000,0.5000,0.38,26.79,0.366,,1,0,,,5,0.5000,0.1000
169.577,0.5000,0.5000,0.5000,0.5000,0.36,26.81,0.364,,1,0,,,5,0.5000,0.1000
169.608,0.5000,0.5000,0.5000,0.5000,0.36,26.81,0.360,,1,0,,,5,0.5000,0.1000
169.641,0.5000,0.5000,0.5000,0.5000,0.35,26.81,0.363,,1,0,,,5,0.5000,0.1000
169.675,0.5000,0.5000,0.5000,0.5000,0.34,26.82,0.365,,1,0,,,5,0.5000,0.1000
169.706,0.5000,0.5000,0.5000,0.5000,0.33,26.82,0.369,,1,0,,,5,0.5000,0.1000
169.739,0.5000,0.5000,0.5000,0.5000,0.33,26.80,0.370,,1,0,,,5,0.5000,0.1000
169.769,0.5000,0.5000,0.5000,0.5000,0.33,26.79,0.372,,1,0,,,5,0.5000,0.1000
169.817,0.5000,0.5000,0.5000,0.5000,0.30,26.77,0.377,,1,0,,,5,0.5000,0.1000
169.849,0.5000,0.5000,0.5000,0.5000,0.29,26.77,0.377,,1,0,,,5,0.5000,0.1000
169.882,0.5000,0.5000,0.5000,0.5000,0.29,26.75,0.374,,1,0,,,5,0.5000,0.1000
169.913,0.5000,0.5000,0.5000,0.5000,0.29,26.74,0.374,,1,0,,,5,0.5000,0.1000
169.950,0.5000,0.5000,0.5000,0.5000,0.28,26.72,0.373,,1,0,,,5,0.5000,0.1000
169.979,0.5000,0.5000,0.5000,0.5000,0.27,26.70,0.372,,1,0,,,5,0.5000,0.1000
170.009,0.5000,0.5000,0.5000,0.5000,0.27,26.70,0.369,,1,0,,,5,0.5000,0.1000
170.042,0.5000,0.5000,0.5000,0.5000,0.27,26.70,0.371,,1,0,,,5,0.5000,0.1000
170.073,0.5000,0.5000,0.5000,0.5000,0.27,26.69,0.368,,1,0,,,5,0.5000,0.1000
170.103,0.5000,0.5000,0.5000,0.5000,0.28,26.66,0.361,,1,0,,,5,0.5000,0.1000
170.137,0.5000,0.5000,0.5000,0.5000,0.27,26.64,0.362,,1,0,,,5,0.5000,0.1000
170.167,0.5000,0.5000,0.5000,0.5000,0.25,26.63,0.367,,1,0,,,5,0.5000,0.1000
170.199,0.5000,0.5000,0.5000,0.5000,0.21,26.61,0.363,,1,0,,,5,0.5000,0.1000
170.232,0.5000,0.5000,0.5000,0.5000,0.18,26.59,0.360,,1,0,,,5,0.5000,0.1000
170.265,0.5000,0.5000,0.5000,0.5000,0.15,26.56,0.360,,1,0,,,5,0.5000,0.1000
170.296,0.5000,0.5000,0.5000,0.5000,0.13,26.52,0.363,,1,0,,,5,0.5000,0.1000
170.330,0.5000,0.5000,0.5000,0.5000,0.11,26.47,0.360,,1,0,,,5,0.5000,0.1000
170.379,0.5000,0.5000,0.5000,0.5000,0.10,26.37,0.360,,1,0,,,5,0.5000,0.1000
170.409,0.5000,0.5000,0.5000,0.5000,0.08,26.31,0.362,,1,0,,,5,0.5000,0.1000
170.441,0.5000,0.5000,0.5000,0.5000,0.09,26.25,0.367,,1,0,,,5,0.5000,0.1000
170.472,0.5000,0.5000,0.5000,0.5000,0.09,26.22,0.366,,1,0,,,5,0.5000,0.1000
170.504,0.5000,0.5000,0.5000,0.5000,0.09,26.19,0.365,,1,0,,,5,0.5000,0.1000
170.536,0.5000,0.5000,0.5000,0.5000,0.08,26.16,0.367,,1,0,,,5,0.5000,0.1000
170.569,0.5000,0.5000,0.5000,0.5000,0.08,26.16,0.370,,1,0,,,5,0.5000,0.1000
170.602,0.5000,0.5000,0.5000,0.5000,0.07,26.17,0.367,,1,0,,,5,0.5000,0.1000
170.633,0.5000,0.5000,0.5000,0.5000,0.05,26.18,0.367,,1,0,,,6,0.1000,0.5000
170.664,0.5000,0.5000,0.5000,0.5000,0.04,26.19,0.370,,1,0,,,6,0.1000,0.5000
170.698,0.5000,0.5000,0.5000,0.5000,0.03,26.21,0.371,,1,0,,,6,0.1000,0.5000
170.729,0.5000,0.5000,0.5000,0.5000,0.03,26.23,0.371,,1,0,,,6,0.1000,0.5000
170.761,0.5000,0.5000,0.5000,0.5000,0.03,26.24,0.373,,1,0,,,6,0.1000,0.5000
170.793,0.5000,0.5000,0.5000,0.5000,0.04,26.25,0.372,,1,0,,,6,0.1000,0.5000
170.825,0.5000,0.5000,0.5000,0.5000,0.05,26.24,0.371,,1,0,,,6,0.1000,0.5000
170.855,0.5000,0.5000,0.5000,0.5000,0.05,26.24,0.372,,1,0,,,6,0.1000,0.5000
170.888,0.5000,0.5000,0.5000,0.5000,0.06,26.27,0.372,,1,0,,,6,0.1000,0.5000
170.920,0.5000,0.5000,0.5000,0.5000,0.07,26.28,0.374,,1,0,,,6,0.1000,0.5000
170.968,0.5000,0.5000,0.5000,0.5000,0.05,26.27,0.367,,1,0,,,6,0.1000,0.5000
171.000,0.5000,0.5000,0.5000,0.5000,0.04,26.25,0.356,,1,0,,,6,0.1000,0.5000
171.033,0.5000,0.5000,0.5000,0.5000,0.02,26.21,0.347,,1,0,,,6,0.1000,0.5000
171.065,0.5000,0.5000,0.5000,0.5000,-0.00,26.20,0.344,,1,0,,,6,0.1000,0.5000
171.097,0.5000,0.5000,0.5000,0.5000,-0.02,26.16,0.322,,1,0,,,6,0.1000,0.5000
171.131,0.5000,0.5000,0.5000,0.5000,-0.05,26.12,0.324,,1,0,,,6,0.1000,0.5000
171.162,0.5000,0.5000,0.5000,0.5000,-0.07,26.08,0.324,,1,0,,,6,0.1000,0.5000
171.192,0.5000,0.5000,0.5000,0.5000,-0.09,26.00,0.328,,1,0,,,6,0.1000,0.5000
171.227,0.5000,0.5000,0.5000,0.5000,-0.11,25.91,0.333,,1,0,,,6,0.1000,0.5000
171.269,0.5000,0.5000,0.5000,0.5000,-0.11,25.77,0.332,,1,0,,,6,0.1000,0.5000
171.297,0.5000,0.5000,0.5000,0.5000,-0.11,25.69,0.338,,1,0,,,6,0.1000,0.5000
171.324,0.5000,0.5000,0.5000,0.5000,-0.10,25.65,0.338,,1,0,,,6,0.1000,0.5000
171.351,0.5000,0.5000,0.5000,0.5000,-0.10,25.59,0.340,,1,0,,,6,0.1000,0.5000
171.418,0.5000,0.5000,0.5000,0.5000,-0.09,25.47,0.338,,1,0,,,6,0.1000,0.5000
171.448,0.5000,0.5000,0.5000,0.5000,-0.10,25.40,0.341,,1,0,,,6,0.1000,0.5000
171.480,0.5000,0.5000,0.5000,0.5000,-0.11,25.32,0.345,,1,0,,,6,0.1000,0.5000
171.530,0.5000,0.5000,0.5000,0.5000,-0.13,25.29,0.335,,1,0,,,6,0.1000,0.5000
171.562,0.5000,0.5000,0.5000,0.5000,-0.14,25.30,0.329,,1,0,,,6,0.1000,0.5000
171.588,0.5000,0.5000,0.5000,0.5000,-0.15,25.30,0.326,,1,0,,,6,0.1000,0.5000
171.616,0.5000,0.5000,0.5000,0.5000,-0.16,25.30,0.330,,1,0,,,6,0.1000,0.5000
171.640,0.5000,0.5000,0.5000,0.5000,-0.16,25.31,0.333,,1,0,,,6,0.1000,0.5000
171.665,0.5000,0.5000,0.5000,0.5000,-0.16,25.32,0.332,,1,0,,,6,0.1000,0.5000
171.690,0.5000,0.5000,0.5000,0.5000,-0.15,25.33,0.329,,1,0,,,6,0.1000,0.5000
171.726,0.5000,0.5000,0.5000,0.5000,-0.14,25.34,0.331,,1,0,,,6,0.1000,0.5000
171.759,0.5000,0.5000,0.5000,0.5000,-0.13,25.36,0.334,,1,0,,,6,0.1000,0.5000
171.823,0.5000,0.5000,0.5000,0.5000,-0.10,25.37,0.333,,1,0,,,6,0.1000,0.5000
171.853,0.5000,0.5000,0.5000,0.5000,-0.08,25.38,0.333,,1,0,,,6,0.1000,0.5000
171.881,0.5000,0.5000,0.5000,0.5000,-0.07,25.38,0.335,,1,0,,,6,0.1000,0.5000
171.911,0.5000,0.5000,0.5000,0.5000,-0.07,25.37,0.328,,1,0,,,6,0.1000,0.5000
171.946,0.5000,0.5000,0.5000,0.5000,-0.06,25.36,0.350,,1,0,,,6,0.1000,0.5000
171.977,0.5000,0.5000,0.5000,0.5000,-0.05,25.36,0.353,,1,0,,,6,0.1000,0.5000
172.010,0.5000,0.5000,0.5000,0.5000,-0.03,25.38,0.355,,1,0,,,6,0.1000,0.5000
172.041,0.5000,0.5000,0.5000,0.5000,-0.04,25.40,0.356,,1,0,,,6,0.1000,0.5000
172.088,0.5000,0.5000,0.5000,0.5000,-0.03,25.45,0.354,,1,0,,,6,0.1000,0.5000
172.119,0.5000,0.5000,0.5000,0.5000,-0.03,25.50,0.355,,1,0,,,6,0.1000,0.5000
172.147,0.5000,0.5000,0.5000,0.5000,-0.02,25.53,0.355,,1,0,,,6,0.1000,0.5000
172.171,0.5000,0.5000,0.5000,0.5000,-0.02,25.55,0.354,,1,0,,,6,0.1000,0.5000
172.216,0.5000,0.5000,0.5000,0.5000,-0.03,25.49,0.355,,1,0,,,6,0.1000,0.5000
172.247,0.5000,0.5000,0.5000,0.5000,-0.03,25.45,0.354,,1,0,,,6,0.1000,0.5000
172.280,0.5000,0.5000,0.5000,0.5000,-0.03,25.44,0.352,,1,0,,,6,0.1000,0.5000
172.313,0.5000,0.5000,0.5000,0.5000,-0.03,25.43,0.349,,1,0,,,6,0.1000,0.5000
172.348,0.5000,0.5000,0.5000,0.5000,-0.03,25.43,0.346,,1,0,,,6,0.1000,0.5000
172.377,0.5000,0.5000,0.5000,0.5000,-0.03,25.42,0.346,,1,0,,,6,0.1000,0.5000
172.407,0.5000,0.5000,0.5000,0.5000,-0.02,25.44,0.349,,1,0,,,6,0.1000,0.5000
172.441,0.5000,0.5000,0.5000,0.5000,-0.01,25.45,0.347,,1,0,,,6,0.1000,0.5000
172.471,0.5000,0.5000,0.5000,0.5000,-0.01,25.44,0.349,,1,0,,,6,0.1000,0.5000
172.505,0.5000,0.5000,0.5000,0.5000,-0.01,25.40,0.336,,1,0,,,6,0.1000,0.5000
172.536,0.5000,0.5000,0.5000,0.5000,-0.03,25.38,0.338,,1,0,,,6,0.1000,0.5000
172.570,0.5000,0.5000,0.5000,0.5000,-0.04,25.34,0.339,,1,0,,,6,0.1000,0.5000
172.601,0.5000,0.5000,0.5000,0.5000,-0.05,25.32,0.341,,1,0,,,6,0.1000,0.5000
172.648,0.5000,0.5000,0.5000,0.5000,-0.07,25.27,0.343,,1,0,,,6,0.1000,0.5000
172.681,0.5000,0.5000,0.5000,0.5000,-0.08,25.22,0.342,,1,0,,,6,0.1000,0.5000
172.712,0.5000,0.5000,0.5000,0.5000,-0.09,25.16,0.320,,1,0,,,6,0.1000,0.5000
172.744,0.5000,0.5000,0.5000,0.5000,-0.11,25.15,0.329,,1,0,,,6,0.1000,0.5000
172.777,0.5000,0.5000,0.5000,0.5000,-0.12,25.12,0.326,,1,0,,,6,0.1000,0.5000
172.810,0.5000,0.5000,0.5000,0.5000,-0.12,25.10,0.331,,1,0,,,6,0.1000,0.5000
172.841,0.5000,0.5000,0.5000,0.5000,-0.12,25.10,0.334,,1,0,,,6,0.1000,0.5000
172.873,0.5000,0.5000,0.5000,0.5000,-0.12,25.09,0.334,,1,0,,,6,0.1000,0.5000
172.905,0.5000,0.5000,0.5000,0.5000,-0.12,25.06,0.337,,1,0,,,6,0.1000,0.5000
172.935,0.5000,0.5000,0.5000,0.5000,-0.12,25.02,0.338,,1,0,,,6,0.1000,0.5000
172.969,0.5000,0.5000,0.5000,0.5000,-0.12,25.01,0.344,,1,0,,,6,0.1000,0.5000
172.999,0.5000,0.5000,0.5000,0.5000,-0.13,24.99,0.344,,1,0,,,6,0.1000,0.5000
173.032,0.5000,0.5000,0.5000,0.5000,-0.13,24.98,0.342,,1,0,,,6,0.1000,0.5000
173.066,0.5000,0.5000,0.5000,0.5000,-0.14,24.99,0.345,,1,0,,,6,0.1000,0.5000
173.097,0.5000,0.5000,0.5000,0.5000,-0.14,24.98,0.349,,1,0,,,6,0.1000,0.5000
173.129,0.5000,0.5000,0.5000,0.5000,-0.15,24.96,0.351,,1,0,,,6,0.1000,0.5000
173.160,0.5000,0.5000,0.5000,0.5000,-0.15,24.96,0.347,,1,0,,,6,0.1000,0.5000
173.195,0.5000,0.5000,0.5000,0.5000,-0.15,24.98,0.346,,1,0,,,6,0.1000,0.5000
173.240,0.5000,0.5000,0.5000,0.5000,-0.14,24.95,0.343,,1,0,,,6,0.1000,0.5000
173.271,0.5000,0.5000,0.5000,0.5000,-0.14,24.95,0.348,,1,0,,,6,0.1000,0.5000
173.304,0.5000,0.5000,0.5000,0.5000,-0.14,24.98,0.351,,1,0,,,6,0.1000,0.5000
173.336,0.5000,0.5000,0.5000,0.5000,-0.15,24.97,0.345,,1,0,,,6,0.1000,0.5000
173.368,0.5000,0.5000,0.5000,0.5000,-0.15,24.97,0.346,,1,0,,,6,0.1000,0.5000
173.400,0.5000,0.5000,0.5000,0.5000,-0.17,24.97,0.347,,1,0,,,6,0.1000,0.5000
173.432,0.5000,0.5000,0.5000,0.5000,-0.17,24.97,0.347,,1,0,,,6,0.1000,0.5000
173.465,0.5000,0.5000,0.5000,0.5000,-0.18,24.97,0.327,,1,0,,,6,0.1000,0.5000
173.497,0.5000,0.5000,0.5000,0.5000,-0.19,24.98,0.336,,1,0,,,6,0.1000,0.5000
173.529,0.5000,0.5000,0.5000,0.5000,-0.20,24.96,0.337,,1,0,,,6,0.1000,0.5000
173.564,0.5000,0.5000,0.5000,0.5000,-0.20,24.94,0.361,,1,0,,,6,0.1000,0.5000
173.594,0.5000,0.5000,0.5000,0.5000,-0.20,24.92,0.360,,1,0,,,6,0.1000,0.5000
173.625,0.5000,0.5000,0.5000,0.5000,-0.19,24.89,0.359,,1,0,,,6,0.1000,0.5000
173.656,0.5000,0.5000,0.5000,0.5000,-0.17,24.88,0.360,,1,0,,,7,0.9000,0.5000
173.688,0.5000,0.5000,0.5000,0.5000,-0.16,24.84,0.359,,1,0,,,7,0.9000,0.5000
173.719,0.5000,0.5000,0.5000,0.5000,-0.15,24.81,0.357,,1,0,,,7,0.9000,0.5000
173.751,0.5000,0.5000,0.5000,0.5000,-0.14,24.81,0.358,,1,0,,,7,0.9000,0.5000
173.832,0.5000,0.5000,0.5000,0.5000,-0.17,24.88,0.365,,1,0,,,7,0.9000,0.5000
173.859,0.5000,0.5000,0.5000,0.5000,-0.19,24.91,0.367,,1,0,,,7,0.9000,0.5000
173.884,0.5000,0.5000,0.5000,0.5000,-0.19,24.92,0.365,,1,0,,,7,0.9000,0.5000
173.912,0.5000,0.5000,0.5000,0.5000,-0.19,24.91,0.366,,1,0,,,7,0.9000,0.5000
173.939,0.5000,0.5000,0.5000,0.5000,-0.19,24.85,0.367,,1,0,,,7,0.9000,0.5000
173.969,0.5000,0.5000,0.5000,0.5000,-0.19,24.84,0.363,,1,0,,,7,0.9000,0.5000
174.002,0.5000,0.5000,0.5000,0.5000,-0.18,24.83,0.362,,1,0,,,7,0.9000,0.5000
174.029,0.5000,0.5000,0.5000,0.5000,-0.17,24.84,0.356,,1,0,,,7,0.9000,0.5000
174.058,0.5000,0.5000,0.5000,0.5000,-0.15,24.90,0.350,,1,0,,,7,0.9000,0.5000
174.092,0.5000,0.5000,0.5000,0.5000,-0.12,25.01,0.346,,1,0,,,7,0.9000,0.5000
174.120,0.5000,0.5000,0.5000,0.5000,-0.09,25.13,0.346,,1,0,,,7,0.9000,0.5000
174.155,0.5000,0.5000,0.5000,0.5000,-0.04,25.25,0.348,,1,0,,,7,0.9000,0.5000
174.217,0.5000,0.5000,0.5000,0.5000,0.02,25.45,0.353,,1,0,,,7,0.9000,0.5000
174.249,0.5000,0.5000,0.5000,0.5000,0.07,25.56,0.352,,1,0,,,7,0.9000,0.5000
174.279,0.5000,0.5000,0.5000,0.5000,0.12,25.68,0.350,,1,0,,,7,0.9000,0.5000
174.314,0.5000,0.5000,0.5000,0.5000,0.17,25.77,0.353,,1,0,,,7,0.9000,0.5000
174.361,0.5000,0.5000,0.5000,0.5000,0.23,25.91,0.359,,1,0,,,7,0.9000,0.5000
174.393,0.5000,0.5000,0.5000,0.5000,0.27,26.01,0.356,,1,0,,,7,0.9000,0.5000
174.421,0.5000,0.5000,0.5000,0.5000,0.29,26.08,0.355,,1,0,,,7,0.9000,0.5000
174.447,0.5000,0.5000,0.5000,0.5000,0.32,26.14,0.354,,1,0,,,7,0.9000,0.5000
174.474,0.5000,0.5000,0.5000,0.5000,0.34,26.19,0.357,,1,0,,,7,0.9000,0.5000
174.501,0.5000,0.5000,0.5000,0.5000,0.35,26.24,0.355,,1,0,,,7,0.9000,0.5000
174.527,0.5000,0.5000,0.5000,0.5000,0.36,26.28,0.355,,1,0,,,7,0.9000,0.5000
174.554,0.5000,0.5000,0.5000,0.5000,0.37,26.31,0.356,,1,0,,,7,0.9000,0.5000
174.617,0.5000,0.5000,0.5000,0.5000,0.40,26.42,0.359,,1,0,,,7,0.9000,0.5000
174.647,0.5000,0.5000,0.5000,0.5000,0.42,26.47,0.362,,1,0,,,7,0.9000,0.5000
174.680,0.5000,0.5000,0.5000,0.5000,0.42,26.47,0.361,,1,0,,,7,0.9000,0.5000
174.711,0.5000,0.5000,0.5000,0.5000,0.43,26.48,0.362,,1,0,,,7,0.9000,0.5000
174.744,0.5000,0.5000,0.5000,0.5000,0.43,26.53,0.363,,1,0,,,7,0.9000,0.5000
174.779,0.5000,0.5000,0.5000,0.5000,0.44,26.61,0.370,,1,0,,,7,0.9000,0.5000
174.809,0.5000,0.5000,0.5000,0.5000,0.43,26.68,0.366,,1,0,,,7,0.9000,0.5000
174.842,0.5000,0.5000,0.5000,0.5000,0.43,26.72,0.360,,1,0,,,7,0.9000,0.5000
174.873,0.5000,0.5000,0.5000,0.5000,0.43,26.74,0.361,,1,0,,,7,0.9000,0.5000
174.904,0.5000,0.5000,0.5000,0.5000,0.44,26.75,0.367,,1,0,,,7,0.9000,0.5000
174.955,0.5000,0.5000,0.5000,0.5000,0.46,26.77,0.369,,1,0,,,7,0.9000,0.5000
174.980,0.5000,0.5000,0.5000,0.5000,0.48,26.78,0.369,,1,0,,,7,0.9000,0.5000
175.017,0.5000,0.5000,0.5000,0.5000,0.50,26.80,0.368,,1,0,,,7,0.9000,0.5000
175.047,0.5000,0.5000,0.5000,0.5000,0.50,26.82,0.367,,1,0,,,7,0.9000,0.5000
175.081,0.5000,0.5000,0.5000,0.5000,0.50,26.83,0.367,,1,0,,,7,0.9000,0.5000
175.112,0.5000,0.5000,0.5000,0.5000,0.50,26.86,0.372,,1,0,,,7,0.9000,0.5000
175.144,0.5000,0.5000,0.5000,0.5000,0.51,26.88,0.375,,1,0,,,7,0.9000,0.5000
175.177,0.5000,0.5000,0.5000,0.5000,0.51,26.90,0.372,,1,0,,,7,0.9000,0.5000
175.209,0.5000,0.5000,0.5000,0.5000,0.51,26.95,0.369,,1,0,,,7,0.9000,0.5000
175.241,0.5000,0.5000,0.5000,0.5000,0.50,26.98,0.370,,1,0,,,7,0.9000,0.5000
175.272,0.5000,0.5000,0.5000,0.5000,0.50,27.02,0.370,,1,0,,,7,0.9000,0.5000
175.303,0.5000,0.5000,0.5000,0.5000,0.50,27.05,0.372,,1,0,,,7,0.9000,0.5000
175.335,0.5000,0.5000,0.5000,0.5000,0.51,27.09,0.371,,1,0,,,7,0.9000,0.5000
175.368,0.5000,0.5000,0.5000,0.5000,0.52,27.11,0.371,,1,0,,,7,0.9000,0.5000
175.400,0.5000,0.5000,0.5000,0.5000,0.54,27.08,0.366,,1,0,,,7,0.9000,0.5000
175.434,0.5000,0.5000,0.5000,0.5000,0.55,27.07,0.364,,1,0,,,7,0.9000,0.5000
175.464,0.5000,0.5000,0.5000,0.5000,0.57,27.04,0.362,,1,0,,,7,0.9000,0.5000
175.513,0.5000,0.5000,0.5000,0.5000,0.60,27.01,0.368,,1,0,,,7,0.9000,0.5000
175.546,0.5000,0.5000,0.5000,0.5000,0.62,26.97,0.369,,1,0,,,7,0.9000,0.5000
175.578,0.5000,0.5000,0.5000,0.5000,0.63,26.98,0.369,,1,0,,,7,0.9000,0.5000
175.609,0.5000,0.5000,0.5000,0.5000,0.64,27.00,0.372,,1,0,,,7,0.9000,0.5000
175.641,0.5000,0.5000,0.5000,0.5000,0.64,27.01,0.368,,1,0,,,7,0.9000,0.5000
175.673,0.5000,0.5000,0.5000,0.5000,0.65,27.02,0.367,,1,0,,,7,0.9000,0.5000
175.706,0.5000,0.5000,0.5000,0.5000,0.65,27.00,0.361,,1,0,,,7,0.9000,0.5000
175.737,0.5000,0.5000,0.5000,0.5000,0.66,27.00,0.360,,1,0,,,7,0.9000,0.5000
175.768,0.5000,0.5000,0.5000,0.5000,0.66,27.01,0.360,,1,0,,,7,0.9000,0.5000
175.806,0.5000,0.5000,0.5000,0.5000,0.67,27.03,0.359,,1,0,,,7,0.9000,0.5000
175.833,0.5000,0.5000,0.5000,0.5000,0.68,27.06,0.357,,1,0,,,7,0.9000,0.5000
175.864,0.5000,0.5000,0.5000,0.5000,0.70,27.08,0.356,,1,0,,,7,0.9000,0.5000
175.897,0.5000,0.5000,0.5000,0.5000,0.71,27.09,0.356,,1,0,,,7,0.9000,0.5000
175.929,0.5000,0.5000,0.5000,0.5000,0.72,27.11,0.356,,1,0,,,7,0.9000,0.5000
175.961,0.5000,0.5000,0.5000,0.5000,0.73,27.14,0.358,,1,0,,,7,0.9000,0.5000
175.993,0.5000,0.5000,0.5000,0.5000,0.74,27.16,0.362,,1,0,,,7,0.9000,0.5000
176.024,0.5000,0.5000,0.5000,0.5000,0.75,27.18,0.360,,1,0,,,7,0.9000,0.5000
176.072,0.5000,0.5000,0.5000,0.5000,0.76,27.17,0.352,,1,0,,,7,0.9000,0.5000
176.105,0.5000,0.5000,0.5000,0.5000,0.76,27.15,0.351,,1,0,,,7,0.9000,0.5000
176.137,0.5000,0.5000,0.5000,0.5000,0.77,27.15,0.352,,1,0,,,7,0.9000,0.5000
176.168,0.5000,0.5000,0.5000,0.5000,0.76,27.11,0.354,,1,0,,,7,0.9000,0.5000
176.201,0.5000,0.5000,0.5000,0.5000,0.77,27.07,0.355,,1,0,,,7,0.9000,0.5000
176.231,0.5000,0.5000,0.5000,0.5000,0.77,27.02,0.356,,1,0,,,7,0.9000,0.5000
176.264,0.5000,0.5000,0.5000,0.5000,0.76,27.01,0.357,,1,0,,,7,0.9000,0.5000
176.299,0.5000,0.5000,0.5000,0.5000,0.75,26.99,0.357,,1,0,,,7,0.9000,0.5000
176.328,0.5000,0.5000,0.5000,0.5000,0.74,26.98,0.357,,1,0,,,7,0.9000,0.5000
176.361,0.5000,0.5000,0.5000,0.5000,0.74,27.01,0.357,,1,0,,,7,0.9000,0.5000
176.393,0.5000,0.5000,0.5000,0.5000,0.72,27.05,0.359,,1,0,,,7,0.9000,0.5000
176.425,0.5000,0.5000,0.5000,0.5000,0.72,27.06,0.354,,1,0,,,7,0.9000,0.5000
176.458,0.5000,0.5000,0.5000,0.5000,0.72,27.11,0.353,,1,0,,,7,0.9000,0.5000
176.489,0.5000,0.5000,0.5000,0.5000,0.72,27.16,0.352,,1,0,,,7,0.9000,0.5000
176.521,0.5000,0.5000,0.5000,0.5000,0.74,27.20,0.359,,1,0,,,7,0.9000,0.5000
176.553,0.5000,0.5000,0.5000,0.5000,0.74,27.22,0.359,,1,0,,,7,0.9000,0.5000
176.638,0.5000,0.5000,0.5000,0.5000,0.77,27.26,0.356,,1,0,,,7,0.9000,0.5000
176.665,0.5000,0.5000,0.5000,0.5000,0.76,27.27,0.358,,1,0,,,8,0.5000,0.9000
176.691,0.5000,0.5000,0.5000,0.5000,0.76,27.27,0.358,,1,0,,,8,0.5000,0.9000
176.718,0.5000,0.5000,0.5000,0.5000,0.75,27.28,0.359,,1,0,,,8,0.5000,0.9000
176.744,0.5000,0.5000,0.5000,0.5000,0.74,27.28,0.359,,1,0,,,8,0.5000,0.9000
176.769,0.5000,0.5000,0.5000,0.5000,0.72,27.30,0.360,,1,0,,,8,0.5000,0.9000
176.798,0.5000,0.5000,0.5000,0.5000,0.71,27.31,0.356,,1,0,,,8,0.5000,0.9000
176.826,0.5000,0.5000,0.5000,0.5000,0.69,27.36,0.353,,1,0,,,8,0.5000,0.9000
176.856,0.5000,0.5000,0.5000,0.5000,0.68,27.42,0.355,,1,0,,,8,0.5000,0.9000
176.892,0.5000,0.5000,0.5000,0.5000,0.67,27.46,0.355,,1,0,,,8,0.5000,0.9000
176.922,0.5000,0.5000,0.5000,0.5000,0.66,27.46,0.356,,1,0,,,8,0.5000,0.9000
176.956,0.5000,0.5000,0.5000,0.5000,0.66,27.45,0.346,,1,0,,,8,0.5000,0.9000
177.018,0.5000,0.5000,0.5000,0.5000,0.64,27.37,0.319,,1,0,,,8,0.5000,0.9000
177.048,0.5000,0.5000,0.5000,0.5000,0.63,27.35,0.315,,1,0,,,8,0.5000,0.9000
177.079,0.5000,0.5000,0.5000,0.5000,0.63,27.31,0.298,,1,0,,,8,0.5000,0.9000
177.113,0.5000,0.5000,0.5000,0.5000,0.63,27.17,0.277,,1,0,,,8,0.5000,0.9000
177.145,0.5000,0.5000,0.5000,0.5000,0.63,27.07,0.282,,1,0,,,8,0.5000,0.9000
177.176,0.5000,0.5000,0.5000,0.5000,0.62,26.94,0.286,,1,0,,,8,0.5000,0.9000
177.225,0.5000,0.5000,0.5000,0.5000,0.61,26.79,0.289,,1,0,,,8,0.5000,0.9000
177.250,0.5000,0.5000,0.5000,0.5000,0.60,26.72,0.291,,1,0,,,8,0.5000,0.9000
177.277,0.5000,0.5000,0.5000,0.5000,0.60,26.66,0.294,,1,0,,,8,0.5000,0.9000
177.303,0.5000,0.5000,0.5000,0.5000,0.59,26.59,0.301,,1,0,,,8,0.5000,0.9000
177.330,0.5000,0.5000,0.5000,0.5000,0.58,26.51,0.305,,1,0,,,8,0.5000,0.9000
177.357,0.5000,0.5000,0.5000,0.5000,0.58,26.43,0.305,,1,0,,,8,0.5000,0.9000
177.419,0.5000,0.5000,0.5000,0.5000,0.56,26.26,0.308,,1,0,,,8,0.5000,0.9000
177.449,0.5000,0.5000,0.5000,0.5000,0.54,26.19,0.309,,1,0,,,8,0.5000,0.9000
177.482,0.5000,0.5000,0.5000,0.5000,0.52,26.12,0.313,,1,0,,,8,0.5000,0.9000
177.514,0.5000,0.5000,0.5000,0.5000,0.51,26.11,0.313,,1,0,,,8,0.5000,0.9000
177.545,0.5000,0.5000,0.5000,0.5000,0.51,26.08,0.313,,1,0,,,8,0.5000,0.9000
177.577,0.5000,0.5000,0.5000,0.5000,0.50,26.05,0.313,,1,0,,,8,0.5000,0.9000
177.608,0.5000,0.5000,0.5000,0.5000,0.49,25.99,0.318,,1,0,,,8,0.5000,0.9000
177.642,0.5000,0.5000,0.5000,0.5000,0.49,25.89,0.316,,1,0,,,8,0.5000,0.9000
177.672,0.5000,0.5000,0.5000,0.5000,0.48,25.81,0.316,,1,0,,,8,0.5000,0.9000
177.705,0.5000,0.5000,0.5000,0.5000,0.48,25.76,0.320,,1,0,,,8,0.5000,0.9000
177.736,0.5000,0.5000,0.5000,0.5000,0.48,25.71,0.315,,1,0,,,8,0.5000,0.9000
177.785,0.5000,0.5000,0.5000,0.5000,0.48,25.63,0.317,,1,0,,,8,0.5000,0.9000
177.817,0.5000,0.5000,0.5000,0.5000,0.48,25.57,0.319,,1,0,,,8,0.5000,0.9000
177.847,0.5000,0.5000,0.5000,0.5000,0.49,25.50,0.310,,1,0,,,8,0.5000,0.9000
177.882,0.5000,0.5000,0.5000,0.5000,0.50,25.43,0.311,,1,0,,,8,0.5000,0.9000
177.913,0.5000,0.5000,0.5000,0.5000,0.51,25.38,0.310,,1,0,,,8,0.5000,0.9000
177.946,0.5000,0.5000,0.5000,0.5000,0.53,25.29,0.308,,1,0,,,8,0.5000,0.9000
177.978,0.5000,0.5000,0.5000,0.5000,0.54,25.20,0.312,,1,0,,,8,0.5000,0.9000
178.009,0.5000,0.5000,0.5000,0.5000,0.57,25.12,0.305,,1,0,,,8,0.5000,0.9000
178.041,0.5000,0.5000,0.5000,0.5000,0.58,25.09,0.299,,1,0,,,8,0.5000,0.9000
178.073,0.5000,0.5000,0.5000,0.5000,0.60,25.07,0.299,,1,0,,,8,0.5000,0.9000
178.103,0.5000,0.5000,0.5000,0.5000,0.61,25.03,0.302,,1,0,,,8,0.5000,0.9000
178.138,0.5000,0.5000,0.5000,0.5000,0.63,24.96,0.302,,1,0,,,8,0.5000,0.9000
178.172,0.5000,0.5000,0.5000,0.5000,0.63,24.90,0.306,,1,0,,,8,0.5000,0.9000
178.201,0.5000,0.5000,0.5000,0.5000,0.63,24.83,0.303,,1,0,,,8,0.5000,0.9000
178.232,0.5000,0.5000,0.5000,0.5000,0.63,24.75,0.300,,1,0,,,8,0.5000,0.9000
178.264,0.5000,0.5000,0.5000,0.5000,0.63,24.67,0.305,,1,0,,,8,0.5000,0.9000
178.296,0.5000,0.5000,0.5000,0.5000,0.64,24.60,0.309,,1,0,,,8,0.5000,0.9000
178.349,0.5000,0.5000,0.5000,0.5000,0.64,24.53,0.306,,1,0,,,8,0.5000,0.9000
178.380,0.5000,0.5000,0.5000,0.5000,0.64,24.49,0.294,,1,0,,,8,0.5000,0.9000
178.409,0.5000,0.5000,0.5000,0.5000,0.64,24.44,0.281,,1,0,,,8,0.5000,0.9000
178.441,0.5000,0.5000,0.5000,0.5000,0.63,24.36,0.274,,1,0,,,8,0.5000,0.9000
178.473,0.5000,0.5000,0.5000,0.5000,0.62,24.30,0.254,,1,0,,,8,0.5000,0.9000
178.505,0.5000,0.5000,0.5000,0.5000,0.62,24.26,0.255,,1,0,,,8,0.5000,0.9000
178.539,0.5000,0.5000,0.5000,0.5000,0.62,24.28,0.266,,1,0,,,8,0.5000,0.9000
178.567,0.5000,0.5000,0.5000,0.5000,0.61,24.28,0.256,,1,0,,,8,0.5000,0.9000
178.601,0.5000,0.5000,0.5000,0.5000,0.60,24.29,0.271,,1,0,,,8,0.5000,0.9000
178.632,0.5000,0.5000,0.5000,0.5000,0.59,24.30,0.272,,1,0,,,8,0.5000,0.9000
178.664,0.5000,0.5000,0.5000,0.5000,0.60,24.30,0.282,,1,0,,,8,0.5000,0.9000
178.697,0.5000,0.5000,0.5000,0.5000,0.61,24.31,0.280,,1,0,,,8,0.5000,0.9000
178.728,0.5000,0.5000,0.5000,0.5000,0.62,24.33,0.284,,1,0,,,8,0.5000,0.9000
178.761,0.5000,0.5000,0.5000,0.5000,0.64,24.32,0.283,,1,0,,,8,0.5000,0.9000
178.792,0.5000,0.5000,0.5000,0.5000,0.65,24.29,0.294,,1,0,,,8,0.5000,0.9000
178.825,0.5000,0.5000,0.5000,0.5000,0.66,24.29,0.292,,1,0,,,8,0.5000,0.9000
178.858,0.5000,0.5000,0.5000,0.5000,0.66,24.33,0.285,,1,0,,,8,0.5000,0.9000
178.907,0.5000,0.5000,0.5000,0.5000,0.66,24.38,0.293,,1,0,,,8,0.5000,0.9000
178.937,0.5000,0.5000,0.5000,0.5000,0.66,24.44,0.295,,1,0,,,8,0.5000,0.9000
178.968,0.5000,0.5000,0.5000,0.5000,0.66,24.49,0.294,,1,0,,,8,0.5000,0.9000
179.000,0.5000,0.5000,0.5000,0.5000,0.67,24.54,0.294,,1,0,,,8,0.5000,0.9000
179.032,0.5000,0.5000,0.5000,0.5000,0.68,24.58,0.290,,1,0,,,8,0.5000,0.9000
179.066,0.5000,0.5000,0.5000,0.5000,0.69,24.61,0.290,,1,0,,,8,0.5000,0.9000
179.096,0.5000,0.5000,0.5000,0.5000,0.69,24.63,0.287,,1,0,,,8,0.5000,0.9000
179.129,0.5000,0.5000,0.5000,0.5000,0.68,24.68,0.284,,1,0,,,8,0.5000,0.9000
179.160,0.5000,0.5000,0.5000,0.5000,0.68,24.71,0.284,,1,0,,,8,0.5000,0.9000
179.195,0.5000,0.5000,0.5000,0.5000,0.68,24.75,0.278,,1,0,,,8,0.5000,0.9000
179.225,0.5000,0.5000,0.5000,0.5000,0.68,24.74,0.276,,1,0,,,8,0.5000,0.9000
179.258,0.5000,0.5000,0.5000,0.5000,0.66,24.72,0.264,,1,0,,,8,0.5000,0.9000
179.289,0.5000,0.5000,0.5000,0.5000,0.65,24.70,0.269,,1,0,,,8,0.5000,0.9000
179.320,0.5000,0.5000,0.5000,0.5000,0.66,24.72,0.268,,1,0,,,8,0.5000,0.9000
179.354,0.5000,0.5000,0.5000,0.5000,0.66,24.69,0.269,,1,0,,,8,0.5000,0.9000
179.419,0.5000,0.5000,0.5000,0.5000,0.65,24.55,0.248,,1,0,,,8,0.5000,0.9000
179.448,0.5000,0.5000,0.5000,0.5000,0.68,24.50,0.251,,1,0,,,8,0.5000,0.9000
179.497,0.5000,0.5000,0.5000,0.5000,0.72,24.39,0.270,,1,0,,,8,0.5000,0.9000
179.529,0.5000,0.5000,0.5000,0.5000,0.74,24.31,0.274,,1,0,,,8,0.5000,0.9000
179.556,0.5000,0.5000,0.5000,0.5000,0.76,24.26,0.278,,1,0,,,8,0.5000,0.9000
179.581,0.5000,0.5000,0.5000,0.5000,0.78,24.21,0.274,,1,0,,,8,0.5000,0.9000
179.607,0.5000,0.5000,0.5000,0.5000,0.80,24.17,0.275,,1,0,,,8,0.5000,0.9000
179.633,0.5000,0.5000,0.5000,0.5000,0.81,24.15,0.279,,1,0,,,8,0.5000,0.9000
179.660,0.5000,0.5000,0.5000,0.5000,0.82,24.14,0.279,,1,0,,,8,0.5000,0.9000
179.704,0.8158,0.8611,0.8158,0.8611,0.81,24.12,0.282,,1,1,15.841,0.2387,,,
179.730,0.8177,0.8656,0.8257,0.8844,0.81,24.15,0.271,,1,1,15.841,0.2387,,,
179.761,0.8207,0.8736,0.8310,0.9006,0.82,24.14,0.270,,1,1,15.841,0.2387,,,
179.818,0.8119,0.8918,0.7955,0.9249,0.78,24.14,0.273,,1,1,15.841,0.2387,,,
179.854,0.8092,0.9108,0.8012,0.9671,0.76,24.08,0.258,,1,1,15.841,0.2387,,,
179.879,0.7992,0.9095,0.7581,0.9039,0.75,24.07,0.259,,1,1,15.841,0.2387,,,
179.911,0.7887,0.8989,0.7542,0.8642,0.73,24.06,0.261,,1,1,15.841,0.2387,,,
179.948,0.7783,0.8935,0.7490,0.8779,0.70,24.08,0.261,,1,1,15.841,0.2387,,,
179.976,0.7730,0.8921,0.7537,0.8868,0.69,24.08,0.264,,1,1,15.841,0.2387,,,
180.009,0.7702,0.8901,0.7613,0.8835,0.66,24.11,0.260,,1,1,15.841,0.2387,,,
180.056,0.7660,0.8867,0.7566,0.8792,0.63,24.12,0.258,,1,1,15.841,0.2387,,,
180.091,0.7700,0.8914,0.7820,0.9054,0.61,24.13,0.243,,1,1,15.841,0.2387,,,
180.116,0.7747,0.8966,0.7947,0.9190,0.61,24.13,0.238,,1,1,15.841,0.2387,,,
180.141,0.7792,0.9032,0.7981,0.9303,0.60,24.13,0.238,,1,1,15.841,0.2387,,,
180.166,0.7844,0.9146,0.8065,0.9618,0.59,24.14,0.257,,1,1,15.841,0.2387,,,
180.217,0.7821,0.9177,0.7770,0.9241,0.58,24.11,0.240,,1,1,15.841,0.2387,,,
180.249,0.7686,0.8887,0.7253,0.7952,0.56,24.03,0.197,,1,1,15.841,0.2387,,,
180.280,0.7532,0.8612,0.7009,0.7685,0.56,24.04,0.221,,1,1,15.841,0.2387,,,
180.311,0.7327,0.8319,0.6648,0.7361,0.54,24.15,0.277,,1,1,15.841,0.2387,,,
180.346,0.7026,0.7767,0.6135,0.6173,0.53,24.33,0.355,,1,1,15.841,0.2387,,,
180.377,0.6779,0.7459,0.5988,0.6501,0.51,24.46,0.404,,1,1,15.841,0.2387,,,
180.410,0.6547,0.7252,0.5849,0.6641,0.48,24.57,0.425,,1,1,15.841,0.2387,,,
180.440,0.6410,0.7182,0.5957,0.6953,0.44,24.65,0.442,,1,1,15.841,0.2387,,,
180.472,0.6300,0.7088,0.5958,0.6796,0.40,24.72,0.447,,1,1,15.841,0.2387,,,
180.505,0.6217,0.6991,0.5965,0.6698,0.36,24.80,0.457,,1,1,15.841,0.2387,,,
180.536,0.6163,0.6876,0.5987,0.6512,0.32,24.92,0.460,,1,1,15.841,0.2387,,,
180.570,0.6158,0.6732,0.6145,0.6296,0.28,25.07,0.460,,1,1,15.841,0.2387,,,
180.616,0.6166,0.6515,0.6185,0.6049,0.22,25.13,0.458,,1,1,15.841,0.2387,,,
180.650,0.6189,0.6350,0.6260,0.5859,0.18,25.21,0.467,,1,1,15.841,0.2387,,,
180.681,0.6316,0.6420,0.6743,0.6648,0.15,25.28,0.465,,1,1,15.841,0.2387,,,
180.714,0.6504,0.6548,0.7112,0.6952,0.12,25.36,0.465,,1,1,15.841,0.2387,,,
180.745,0.6714,0.6602,0.7422,0.6786,0.10,25.37,0.465,,1,1,15.841,0.2387,,,
180.777,0.6921,0.6388,0.7596,0.5690,0.08,25.39,0.468,,1,1,15.841,0.2387,,,
180.809,0.7152,0.6215,0.7874,0.5673,0.04,25.38,0.463,,1,1,15.841,0.2387,,,
180.842,0.7330,0.6009,0.7871,0.5384,0.01,25.41,0.448,,1,1,15.841,0.2387,,,
180.873,0.7666,0.6425,0.8758,0.7858,0.02,25.30,0.235,,1,1,15.841,0.2387,,,
180.905,0.7982,0.6866,0.8955,0.8289,0.05,25.10,0.175,,1,1,15.841,0.2387,,,
180.938,0.8273,0.7364,0.9136,0.8876,0.08,25.04,0.220,,1,1,15.841,0.2387,,,
180.969,0.8536,0.7849,0.9351,0.9359,0.09,25.01,0.247,,1,1,15.841,0.2387,,,
180.999,0.8742,0.8070,0.9410,0.8789,0.10,24.96,0.284,,1,1,15.841,0.2387,,,
181.032,0.8889,0.8120,0.9327,0.8269,0.11,24.94,0.341,,1,1,15.841,0.2387,,,
181.064,0.8997,0.8196,0.9329,0.8432,0.10,24.91,0.372,,1,1,15.841,0.2387,,,
181.097,0.9055,0.8211,0.9229,0.8256,0.09,24.88,0.399,,1,1,15.841,0.2387,,,
181.128,0.9034,0.8069,0.8967,0.7607,0.09,24.87,0.418,,1,1,15.841,0.2387,,,
181.178,0.8993,0.7875,0.8910,0.7470,0.09,24.83,0.426,,1,1,15.841,0.2387,,,
181.209,0.8933,0.7640,0.8734,0.6830,0.08,24.80,0.435,,1,1,15.841,0.2387,,,
181.241,0.8851,0.7273,0.8581,0.6079,0.08,24.77,0.449,,1,1,15.841,0.2387,,,
181.273,0.8738,0.6871,0.8371,0.5626,0.09,24.77,0.457,,1,1,15.841,0.2387,,,
181.305,0.8598,0.6430,0.8137,0.5069,0.09,24.76,0.463,,1,1,15.841,0.2387,,,
181.336,0.8457,0.5985,0.7980,0.4588,0.07,24.71,0.470,,1,1,15.841,0.2387,,,
181.368,0.8286,0.5283,0.7732,0.3225,0.07,24.66,0.471,,1,1,15.841,0.2387,,,
181.401,0.8080,0.4549,0.7434,0.2486,0.06,24.62,0.467,,1,1,15.841,0.2387,,,
181.433,0.7891,0.3966,0.7298,0.2336,0.04,24.54,0.467,,1,1,15.841,0.2387,,,
181.465,0.7693,0.3430,0.7060,0.1892,0.03,24.47,0.461,,1,1,15.841,0.2387,,,
181.497,0.7543,0.3024,0.7074,0.1886,0.03,24.40,0.456,,1,1,15.841,0.2387,,,
181.529,0.7395,0.2632,0.6930,0.1521,0.02,24.34,0.448,,1,1,15.841,0.2387,,,
181.562,0.7256,0.2264,0.6838,0.1261,0.02,24.30,0.452,,1,1,15.841,0.2387,,,
181.593,0.7119,0.1961,0.6670,0.1058,0.02,24.29,0.459,,1,1,15.841,0.2387,,,
181.627,0.6996,0.1694,0.6616,0.0937,0.03,24.28,0.459,,1,1,15.841,0.2387,,,
181.658,0.6897,0.1504,0.6595,0.0962,0.03,24.26,0.458,,1,1,15.841,0.2387,,,
181.689,0.6795,0.1324,0.6460,0.0776,0.04,24.23,0.461,,1,1,15.841,0.2387,,,
181.722,0.6693,0.1188,0.6377,0.0791,0.05,24.21,0.461,,1,1,15.841,0.2387,,,
181.768,0.6603,0.1054,0.6405,0.0774,0.06,24.19,0.460,,1,1,15.841,0.2387,,,
181.801,0.6560,0.0918,0.6423,0.0507,0.07,24.20,0.462,,1,1,15.841,0.2387,,,
181.835,0.6517,0.0824,0.6391,0.0557,0.08,24.20,0.460,,1,1,15.841,0.2387,,,
181.863,0.6492,0.0709,0.6398,0.0303,0.09,24.21,0.462,,1,1,15.841,0.2387,,,
181.896,0.6477,0.0624,0.6431,0.0375,0.10,24.20,0.462,,1,1,15.841,0.2387,,,
181.930,0.6497,0.0672,0.6560,0.0816,0.12,24.19,0.460,,1,1,15.841,0.2387,,,
181.961,0.6493,0.0811,0.6480,0.1272,0.13,24.19,0.457,,1,1,15.841,0.2387,,,
181.993,0.6401,0.1087,0.6101,0.1995,0.13,24.16,0.446,,1,1,15.841,0.2387,,,
182.024,0.6324,0.1373,0.6068,0.2325,0.13,24.11,0.437,,1,1,15.841,0.2387,,,
182.057,0.6198,0.1553,0.5799,0.2125,0.13,24.09,0.431,,1,1,15.841,0.2387,,,
182.088,0.6108,0.1699,0.5811,0.2186,0.13,24.09,0.428,,1,1,15.841,0.2387,,,
182.119,0.5992,0.1789,0.5612,0.2080,0.14,24.06,0.421,,1,1,15.841,0.2387,,,
182.151,0.5910,0.1913,0.5648,0.2311,0.14,24.04,0.415,,1,1,15.841,0.2387,,,
182.215,0.5850,0.2145,0.5754,0.2516,0.13,24.07,0.418,,1,1,15.841,0.2387,,,
182.248,0.5837,0.2279,0.5794,0.2693,0.13,24.07,0.418,,1,1,15.841,0.2387,,,
182.281,0.5820,0.2336,0.5765,0.2518,0.13,24.10,0.420,,1,1,15.841,0.2387,,,
182.327,0.5766,0.2323,0.5645,0.2292,0.14,24.13,0.419,,1,1,15.841,0.2387,,,
182.361,0.5745,0.2373,0.5681,0.2531,0.14,24.11,0.420,,1,1,15.841,0.2387,,,
182.391,0.5727,0.2415,0.5665,0.2555,0.13,24.09,0.420,,1,1,15.841,0.2387,,,
182.422,0.5694,0.2450,0.5583,0.2566,0.13,24.09,0.415,,1,1,15.841,0.2387,,,
182.450,0.5687,0.2495,0.5664,0.2662,0.11,24.08,0.417,,1,1,15.841,0.2387,,,
182.477,0.5691,0.2558,0.5704,0.2803,0.10,24.12,0.415,,1,1,15.841,0.2387,,,
182.504,0.5687,0.2631,0.5670,0.2913,0.09,24.15,0.415,,1,1,15.841,0.2387,,,
182.530,0.5653,0.2601,0.5520,0.2481,0.08,24.16,0.419,,1,1,15.841,0.2387,,,
182.558,0.5616,0.2637,0.5475,0.2776,0.09,24.19,0.420,,1,1,15.841,0.2387,,,
182.617,0.5402,0.2676,0.5024,0.2744,0.10,24.26,0.416,,1,1,15.841,0.2387,,,
182.651,0.5327,0.2771,0.5100,0.3060,0.11,24.32,0.412,,1,1,15.841,0.2387,,,
182.681,0.5259,0.2913,0.5021,0.3400,0.10,24.30,0.333,,1,1,15.841,0.2387,,,
182.711,0.5142,0.2955,0.4746,0.3097,0.09,24.20,0.267,,1,1,15.841,0.2387,,,
182.744,0.5012,0.3041,0.4592,0.3321,0.07,24.06,0.278,,1,1,15.841,0.2387,,,
182.777,0.4889,0.3174,0.4516,0.3577,0.05,23.92,0.290,,1,1,15.841,0.2387,,,
182.809,0.4772,0.3202,0.4402,0.3293,0.04,23.82,0.304,,1,1,15.841,0.2387,,,
182.844,0.4662,0.3225,0.4334,0.3295,0.04,23.73,0.322,,1,1,15.841,0.2387,,,
182.891,0.4580,0.3278,0.4401,0.3394,0.04,23.63,0.336,,1,1,15.841,0.2387,,,
182.926,0.4477,0.3247,0.4181,0.3157,0.04,23.56,0.346,,1,1,15.841,0.2387,,,
182.962,0.4369,0.3188,0.4062,0.3015,0.05,23.50,0.353,,1,1,15.841,0.2387,,,
182.997,0.4285,0.3133,0.4032,0.2962,0.06,23.45,0.361,,1,1,15.841,0.2387,,,
183.025,0.4171,0.2945,0.3750,0.2229,0.06,23.38,0.385,,1,1,15.841,0.2387,,,
183.054,0.4064,0.2738,0.3694,0.2012,0.06,23.33,0.394,,1,1,15.841,0.2387,,,
183.083,0.3964,0.2518,0.3610,0.1741,0.05,23.31,0.404,,1,1,15.841,0.2387,,,
183.114,0.3803,0.2106,0.3282,0.0796,0.03,23.31,0.415,,1,1,15.841,0.2387,,,
183.144,0.3645,0.1733,0.3126,0.0540,0.02,23.34,0.419,,1,1,15.841,0.2387,,,
183.177,0.3524,0.1435,0.3150,0.0537,0.01,23.36,0.427,,1,1,15.841,0.2387,,,
183.210,0.3365,0.1069,0.2883,0.0005,0.01,23.38,0.432,,1,1,15.841,0.2387,,,
183.241,0.3101,0.0689,0.2237,-0.1051,0.01,23.41,0.444,,1,1,15.841,0.2387,,,
183.273,0.2842,0.0394,0.2032,-0.1481,-0.01,23.49,0.448,,1,1,15.841,0.2387,,,
183.306,0.2635,0.0158,0.2038,-0.1586,-0.02,23.59,0.447,,1,1,15.841,0.2387,,,
183.336,0.2508,0.0002,0.2089,-0.1357,-0.04,23.67,0.450,,1,1,15.841,0.2387,,,
183.369,0.2408,0.0000,0.2107,-0.1376,-0.05,23.76,0.450,,1,1,15.841,0.2387,,,
183.400,0.2317,0.0000,0.2022,-0.1633,-0.08,23.82,0.444,,1,1,15.841,0.2387,,,
183.433,0.2235,0.0000,0.1987,-0.1754,-0.10,23.89,0.443,,1,1,15.841,0.2387,,,
183.480,0.2126,0.0000,0.1889,-0.2155,-0.11,23.96,0.443,,1,1,15.841,0.2387,,,
183.513,0.2079,0.0000,0.1936,-0.2234,-0.12,24.02,0.442,,1,1,15.841,0.2387,,,
183.545,0.2059,0.0000,0.1995,-0.2069,-0.12,24.04,0.441,,1,1,15.841,0.2387,,,
183.577,0.2000,0.0000,0.1806,-0.2159,-0.12,24.05,0.442,,1,1,15.841,0.2387,,,
183.610,0.1973,0.0000,0.1889,-0.1975,-0.12,24.08,0.440,,1,1,15.841,0.2387,,,
183.641,0.1940,0.0000,0.1829,-0.2173,-0.15,24.11,0.440,,1,1,15.841,0.2387,,,
183.673,0.1886,0.0000,0.1708,-0.2127,-0.16,24.11,0.437,,1,1,15.841,0.2387,,,
183.706,0.1845,0.0000,0.1716,-0.2158,-0.18,24.13,0.441,,1,1,15.841,0.2387,,,
183.736,0.1823,0.0000,0.1751,-0.1762,-0.20,24.13,0.442,,1,1,15.841,0.2387,,,
183.769,0.1759,0.0000,0.1556,-0.1892,-0.21,24.13,0.445,,1,1,15.841,0.2387,,,
183.801,0.1620,0.0000,0.1172,-0.2493,-0.22,24.13,0.444,,1,1,15.841,0.2387,,,
183.835,0.1510,0.0000,0.1180,-0.2467,-0.23,24.16,0.445,,1,1,15.841,0.2387,,,
183.864,0.1498,0.0000,0.1455,-0.1988,-0.26,24.22,0.445,,1,1,15.841,0.2387,,,
183.897,0.1472,0.0000,0.1390,-0.2238,-0.27,24.29,0.441,,1,1,15.841,0.2387,,,
183.930,0.1388,0.0000,0.1117,-0.2641,-0.30,24.35,0.441,,1,1,15.841,0.2387,,,
183.962,0.1307,0.0000,0.1053,-0.2438,-0.31,24.41,0.443,,1,1,15.841,0.2387,,,
183.992,0.1284,0.0000,0.1203,-0.2059,-0.31,24.46,0.441,,1,1,15.841,0.2387,,,
184.040,0.1264,0.0000,0.1222,-0.2326,-0.31,24.53,0.433,,1,1,15.841,0.2387,,,
184.073,0.1267,0.0000,0.1278,-0.2187,-0.31,24.58,0.436,,1,1,15.841,0.2387,,,
184.106,0.1307,0.0000,0.1437,-0.1868,-0.31,24.63,0.430,,1,1,15.841,0.2387,,,
184.139,0.1346,0.0000,0.1470,-0.1838,-0.33,24.69,0.431,,1,1,15.841,0.2387,,,
184.169,0.1378,0.0000,0.1490,-0.1761,-0.34,24.75,0.437,,1,1,15.841,0.2387,,,
184.203,0.1418,0.0000,0.1545,-0.1551,-0.34,24.80,0.433,,1,1,15.841,0.2387,,,
184.233,0.1502,0.0000,0.1792,-0.0877,-0.33,24.88,0.418,,1,1,15.841,0.2387,,,
184.265,0.1904,0.0000,0.3242,0.1093,-0.32,24.86,0.246,,1,1,15.841,0.2387,,,
184.297,0.2700,0.0839,0.5067,0.3722,-0.28,24.74,0.123,,1,1,15.841,0.2387,,,
184.328,0.3485,0.1943,0.5837,0.5179,-0.24,24.57,0.104,,1,1,15.841,0.2387,,,
184.363,0.4196,0.3118,0.6105,0.6146,-0.21,24.39,0.124,,1,1,15.841,0.2387,,,
184.392,0.4678,0.3902,0.6177,0.6221,-0.18,24.23,0.138,,1,1,15.841,0.2387,,,
184.425,0.5104,0.4679,0.6300,0.6733,-0.16,24.10,0.177,,1,1,15.841,0.2387,,,
184.458,0.5404,0.5312,0.6233,0.6948,-0.16,24.00,0.208,,1,1,15.841,0.2387,,,
184.489,0.5660,0.5824,0.6420,0.7243,-0.15,23.92,0.223,,1,1,15.841,0.2387,,,
184.520,0.5751,0.6171,0.6026,0.7151,-0.15,23.91,0.238,,1,1,15.841,0.2387,,,
184.551,0.5851,0.6518,0.6163,0.7524,-0.15,23.90,0.235,,1,1,15.841,0.2387,,,
184.633,0.5854,0.7078,0.5857,0.7707,-0.18,23.90,0.229,,1,1,15.841,0.2387,,,
184.663,0.5844,0.7248,0.5814,0.7769,-0.19,23.90,0.226,,1,1,15.841,0.2387,,,
184.691,0.5833,0.7344,0.5795,0.7669,-0.20,23.87,0.220,,1,1,15.841,0.2387,,,
184.720,0.5880,0.7573,0.6041,0.8317,-0.21,23.85,0.234,,1,1,15.841,0.2387,,,
184.747,0.5921,0.7759,0.6077,0.8423,-0.22,23.82,0.229,,1,1,15.841,0.2387,,,
184.774,0.5973,0.7968,0.6169,0.8702,-0.22,23.77,0.236,,1,1,15.841,0.2387,,,
184.802,0.5991,0.8089,0.6057,0.8499,-0.22,23.75,0.241,,1,1,15.841,0.2387,,,
184.831,0.6003,0.8277,0.6044,0.8895,-0.22,23.72,0.239,,1,1,15.841,0.2387,,,
184.860,0.6037,0.8284,0.6161,0.8308,-0.22,23.68,0.219,,1,1,15.841,0.2387,,,
184.889,0.6038,0.8286,0.6040,0.8293,-0.21,23.67,0.219,,1,1,15.841,0.2387,,,
184.922,0.6034,0.8283,0.6023,0.8274,-0.21,23.64,0.232,,1,1,15.841,0.2387,,,
184.954,0.6033,0.8279,0.6029,0.8266,-0.21,23.60,0.232,,1,1,15.841,0.2387,,,
185.017,0.6010,0.8377,0.5970,0.8538,-0.19,23.58,0.236,,1,1,15.841,0.2387,,,
185.048,0.5996,0.8449,0.5951,0.8684,-0.19,23.55,0.237,,1,1,15.841,0.2387,,,
185.082,0.5973,0.8505,0.5900,0.8678,-0.18,23.55,0.256,,1,1,15.841,0.2387,,,
185.112,0.5963,0.8558,0.5928,0.8730,-0.19,23.57,0.282,,1,1,15.841,0.2387,,,
185.160,0.5930,0.8582,0.5857,0.8633,-0.20,23.62,0.289,,1,1,15.841,0.2387,,,
185.193,0.5891,0.8630,0.5767,0.8781,-0.22,23.68,0.306,,1,1,15.841,0.2387,,,
185.222,0.5871,0.8683,0.5793,0.8876,-0.24,23.73,0.314,,1,1,15.841,0.2387,,,
185.248,0.5814,0.8612,0.5588,0.8327,-0.25,23.79,0.326,,1,1,15.841,0.2387,,,
185.276,0.5716,0.8518,0.5344,0.8162,-0.27,23.88,0.337,,1,1,15.841,0.2387,,,
185.301,0.5596,0.8379,0.5112,0.7809,-0.27,23.94,0.361,,1,1,15.841,0.2387,,,
185.328,0.5404,0.8111,0.4659,0.7065,-0.28,23.99,0.375,,1,1,15.841,0.2387,,,
185.355,0.5257,0.7936,0.4715,0.7286,-0.30,24.04,0.380,,1,1,15.841,0.2387,,,
185.416,0.4920,0.7509,0.4362,0.6802,-0.33,24.10,0.412,,1,1,15.841,0.2387,,,
185.448,0.4741,0.7298,0.4167,0.6624,-0.34,24.12,0.419,,1,1,15.841,0.2387,,,
185.481,0.4593,0.7165,0.4134,0.6755,-0.34,24.13,0.421,,1,1,15.841,0.2387,,,
185.512,0.4512,0.7131,0.4258,0.7024,-0.33,24.17,0.418,,1,1,15.841,0.2387,,,
185.544,0.4392,0.6966,0.4012,0.6442,-0.33,24.23,0.417,,1,1,15.841,0.2387,,,
185.577,0.4281,0.6832,0.3937,0.6414,-0.33,24.32,0.420,,1,1,15.841,0.2387,,,
185.608,0.4189,0.6729,0.3890,0.6399,-0.33,24.43,0.418,,1,1,15.841,0.2387,,,
185.642,0.4096,0.6627,0.3824,0.6328,-0.34,24.54,0.411,,1,1,15.841,0.2387,,,
185.680,0.3971,0.6493,0.3629,0.6129,-0.35,24.64,0.397,,1,1,15.841,0.2387,,,
185.718,0.3910,0.6458,0.3746,0.6365,-0.36,24.71,0.396,,1,1,15.841,0.2387,,,
185.754,0.3883,0.6485,0.3807,0.6561,-0.37,24.76,0.389,,1,1,15.841,0.2387,,,
185.780,0.3885,0.6530,0.3893,0.6709,-0.39,24.80,0.386,,1,1,15.841,0.2387,,,
185.816,0.3853,0.6503,0.3763,0.6425,-0.41,24.85,0.372,,1,1,15.841,0.2387,,,
185.849,0.3835,0.6477,0.3777,0.6393,-0.41,24.90,0.373,,1,1,15.841,0.2387,,,
185.881,0.3823,0.6451,0.3783,0.6368,-0.41,24.92,0.373,,1,1,15.841,0.2387,,,
185.911,0.3848,0.6471,0.3936,0.6538,-0.40,24.94,0.364,,1,1,15.841,0.2387,,,
185.947,0.3853,0.6444,0.3867,0.6365,-0.40,24.97,0.371,,1,1,15.841,0.2387,,,
185.985,0.3871,0.6451,0.3921,0.6471,-0.39,24.96,0.363,,1,1,15.841,0.2387,,,
186.014,0.3919,0.6543,0.4091,0.6875,-0.38,24.96,0.362,,1,1,15.841,0.2387,,,
186.042,0.3974,0.6669,0.4184,0.7149,-0.36,24.96,0.365,,1,1,15.841,0.2387,,,
186.072,0.3994,0.6726,0.4068,0.6925,-0.35,24.95,0.372,,1,1,15.841,0.2387,,,
186.106,0.4001,0.6750,0.4022,0.6820,-0.34,24.93,0.369,,1,1,15.841,0.2387,,,
186.137,0.3899,0.6656,0.3549,0.6336,-0.33,24.92,0.374,,1,1,15.841,0.2387,,,
186.171,0.3808,0.6567,0.3528,0.6291,-0.34,24.90,0.374,,1,1,15.841,0.2387,,,
186.201,0.3749,0.6500,0.3532,0.6256,-0.35,24.90,0.373,,1,1,15.841,0.2387,,,
186.232,0.3783,0.6508,0.3898,0.6532,-0.36,24.88,0.370,,1,1,15.841,0.2387,,,
186.266,0.3807,0.6470,0.3881,0.6355,-0.36,24.89,0.356,,1,1,15.841,0.2387,,,
186.312,0.3794,0.6367,0.3762,0.6130,-0.37,24.93,0.361,,1,1,15.841,0.2387,,,
186.344,0.3858,0.6555,0.4073,0.7180,-0.37,24.93,0.371,,1,1,15.841,0.2387,,,
186.377,0.3935,0.6739,0.4181,0.7320,-0.38,24.95,0.373,,1,1,15.841,0.2387,,,
186.409,0.4007,0.6897,0.4243,0.7406,-0.39,24.97,0.376,,1,1,15.841,0.2387,,,
186.441,0.4056,0.6999,0.4215,0.7329,-0.41,25.01,0.369,,1,1,15.841,0.2387,,,
186.473,0.4097,0.7071,0.4234,0.7307,-0.43,25.03,0.368,,1,1,15.841,0.2387,,,
186.507,0.4123,0.7118,0.4203,0.7259,-0.43,25.05,0.377,,1,1,15.841,0.2387,,,
186.536,0.4097,0.7134,0.4003,0.7192,-0.42,25.07,0.373,,1,1,15.841,0.2387,,,
186.568,0.4046,0.7078,0.3879,0.6895,-0.42,25.08,0.364,,1,1,15.841,0.2387,,,
186.601,0.4029,0.7076,0.3972,0.7068,-0.42,25.13,0.361,,1,1,15.841,0.2387,,,
186.632,0.4013,0.7085,0.3957,0.7115,-0.42,25.17,0.362,,1,1,15.841,0.2387,,,
186.664,0.3946,0.6999,0.3731,0.6722,-0.42,25.20,0.356,,1,1,15.841,0.2387,,,
186.699,0.3988,0.7074,0.4115,0.7302,-0.42,25.23,0.356,,1,1,15.841,0.2387,,,
186.728,0.4033,0.7161,0.4203,0.7480,-0.42,25.27,0.359,,1,1,15.841,0.2387,,,
186.760,0.4046,0.7109,0.4086,0.6940,-0.42,25.35,0.363,,1,1,15.841,0.2387,,,
186.792,0.4088,0.7158,0.4224,0.7316,-0.41,25.42,0.366,,1,1,15.841,0.2387,,,
186.825,0.4170,0.7306,0.4437,0.7779,-0.40,25.46,0.362,,1,1,15.841,0.2387,,,
186.873,0.4219,0.7361,0.4328,0.7483,-0.39,25.50,0.365,,1,1,15.841,0.2387,,,
186.904,0.3395,0.7823,0.0811,0.9275,-0.40,25.55,0.363,,1,1,15.841,0.2387,,,
186.937,0.2752,0.8120,0.0752,0.9064,-0.40,25.61,0.361,,1,1,15.841,0.2387,,,
186.969,0.2255,0.8389,0.0810,0.9201,-0.40,25.64,0.366,,1,1,15.841,0.2387,,,
187.001,0.1884,0.8626,0.0782,0.9356,-0.40,25.65,0.363,,1,1,15.841,0.2387,,,
187.031,0.1594,0.8751,0.0686,0.9156,-0.40,25.65,0.359,,1,1,15.841,0.2387,,,
187.065,0.1389,0.8968,0.0822,0.9589,-0.38,25.65,0.363,,1,1,15.841,0.2387,,,
187.096,0.1259,0.9138,0.0842,0.9693,-0.37,25.65,0.365,,1,1,15.841,0.2387,,,
187.126,0.1156,0.9251,0.0834,0.9617,-0.36,25.65,0.363,,1,1,15.841,0.2387,,,
187.161,0.1052,0.9336,0.0755,0.9580,-0.36,25.64,0.364,,1,1,15.841,0.2387,,,
187.193,0.0922,0.9339,0.0525,0.9348,-0.36,25.64,0.362,,1,1,15.841,0.2387,,,
187.225,0.0837,0.9434,0.0576,0.9731,-0.36,25.66,0.366,,1,1,15.841,0.2387,,,
187.258,0.0785,0.9528,0.0623,0.9823,-0.36,25.69,0.364,,1,1,15.841,0.2387,,,
187.289,0.0729,0.9534,0.0547,0.9552,-0.35,25.71,0.359,,1,1,15.841,0.2387,,,
187.321,0.0684,0.9593,0.0543,0.9780,-0.35,25.75,0.365,,1,1,15.841,0.2387,,,
187.352,0.0673,0.9682,0.0640,0.9978,-0.34,25.81,0.365,,1,1,15.841,0.2387,,,
187.436,0.0634,0.9798,0.0586,0.9940,-0.35,25.89,0.369,,1,1,15.841,0.2387,,,
187.464,0.0614,0.9816,0.0542,0.9882,-0.36,25.89,0.367,,1,1,15.841,0.2387,,,
187.491,0.0584,0.9796,0.0471,0.9721,-0.36,25.88,0.368,,1,1,15.841,0.2387,,,
187.521,0.0581,0.9809,0.0569,0.9856,-0.37,25.87,0.370,,1,1,15.841,0.2387,,,
187.547,0.0590,0.9828,0.0625,0.9901,-0.39,25.87,0.355,,1,1,15.841,0.2387,,,
187.576,0.0595,0.9827,0.0615,0.9824,-0.40,25.87,0.355,,1,1,15.841,0.2387,,,
187.604,0.0642,0.9839,0.0818,0.9886,-0.41,25.87,0.339,,1,1,15.841,0.2387,,,
187.630,0.0821,0.9862,0.1534,0.9951,-0.41,25.88,0.343,,1,1,15.841,0.2387,,,
187.658,0.1100,0.9941,0.2112,1.0232,-0.41,25.91,0.340,,1,1,15.841,0.2387,,,
187.691,0.1374,1.0000,0.2252,1.0661,-0.39,25.95,0.335,,1,1,15.841,0.2387,,,
187.722,0.1614,1.0000,0.2375,1.0926,-0.37,26.00,0.334,,1,1,15.841,0.2387,,,
187.753,0.1823,1.0000,0.2488,1.0649,-0.34,25.98,0.253,,1,1,15.841,0.2387,,,
187.816,0.2472,1.0000,0.3518,1.1942,-0.26,25.71,0.148,,1,1,15.841,0.2387,,,
187.848,0.2708,1.0000,0.3422,1.2139,-0.23,25.57,0.153,,1,1,15.841,0.2387,,,
187.881,0.2927,1.0000,0.3575,1.2279,-0.22,25.49,0.195,,1,1,15.841,0.2387,,,
187.914,0.3078,1.0000,0.3526,1.2065,-0.21,25.45,0.227,,1,1,15.841,0.2387,,,
187.945,0.3191,1.0000,0.3552,1.2017,-0.20,25.45,0.245,,1,1,15.841,0.2387,,,
187.978,0.3235,1.0000,0.3368,1.1748,-0.20,25.47,0.256,,1,1,15.841,0.2387,,,
188.025,0.3298,1.0000,0.3435,1.2023,-0.18,25.52,0.272,,1,1,15.841,0.2387,,,
188.056,0.3316,1.0000,0.3375,1.1938,-0.16,25.55,0.281,,1,1,15.841,0.2387,,,
188.083,0.3334,1.0000,0.3401,1.1976,-0.15,25.56,0.287,,1,1,15.841,0.2387,,,
188.111,0.3333,1.0000,0.3330,1.2156,-0.12,25.57,0.296,,1,1,15.841,0.2387,,,
188.135,0.3313,1.0000,0.3227,1.2040,-0.11,25.57,0.303,,1,1,15.841,0.2387,,,
188.163,0.3290,1.0000,0.3205,1.1932,-0.09,25.58,0.319,,1,1,15.841,0.2387,,,
188.216,0.3204,1.0000,0.3036,1.1599,-0.06,25.60,0.342,,1,1,15.841,0.2387,,,
188.249,0.3181,1.0000,0.3108,1.1582,-0.06,25.56,0.355,,1,1,15.841,0.2387,,,
188.280,0.3098,1.0000,0.2812,1.0647,-0.06,25.53,0.389,,1,1,15.841,0.2387,,,
188.313,0.3025,1.0000,0.2788,1.0387,-0.06,25.49,0.430,,1,1,15.841,0.2387,,,
188.346,0.2863,1.0000,0.2358,0.8983,-0.09,25.49,0.466,,1,1,15.841,0.2387,,,
188.376,0.2752,0.9687,0.2370,0.8280,-0.13,25.49,0.481,,1,1,15.841,0.2387,,,
188.409,0.2616,0.9181,0.2192,0.7676,-0.15,25.48,0.484,,1,1,15.841,0.2387,,,
188.441,0.2546,0.8762,0.2317,0.7485,-0.17,25.51,0.480,,1,1,15.841,0.2387,,,
188.475,0.2614,0.8566,0.2825,0.8002,-0.19,25.45,0.472,,1,1,15.841,0.2387,,,
188.506,0.2687,0.8327,0.2933,0.7585,-0.21,25.35,0.476,,1,1,15.841,0.2387,,,
188.537,0.2761,0.7883,0.3011,0.6512,-0.24,25.30,0.487,,1,1,15.841,0.2387,,,
188.584,0.2807,0.7226,0.2911,0.5902,-0.27,25.24,0.481,,1,1,15.841,0.2387,,,
188.615,0.2892,0.6876,0.3178,0.5818,-0.28,25.23,0.477,,1,1,15.841,0.2387,,,
188.648,0.2908,0.6322,0.2960,0.4740,-0.28,25.17,0.482,,1,1,15.841,0.2387,,,
188.681,0.2983,0.5995,0.3221,0.5065,-0.29,25.12,0.473,,1,1,15.841,0.2387,,,
188.712,0.3024,0.5678,0.3164,0.4720,-0.27,25.12,0.466,,1,1,15.841,0.2387,,,
188.745,0.3265,0.5592,0.4020,0.5346,-0.24,24.93,0.262,,1,1,15.841,0.2387,,,
188.777,0.3576,0.5708,0.4561,0.6060,-0.20,24.72,0.165,,1,1,15.841,0.2387,,,
188.811,0.3794,0.5794,0.4433,0.6043,-0.15,24.56,0.192,,1,1,15.841,0.2387,,,
188.842,0.3885,0.5789,0.4189,0.5770,-0.11,24.41,0.252,,1,1,15.841,0.2387,,,
188.875,0.3823,0.5508,0.3634,0.4676,-0.06,24.33,0.317,,1,1,15.841,0.2387,,,
188.906,0.3791,0.5372,0.3686,0.4932,-0.02,24.25,0.355,,1,1,15.841,0.2387,,,
188.937,0.3724,0.5174,0.3500,0.4542,0.01,24.24,0.377,,1,1,15.841,0.2387,,,
188.969,0.3681,0.5109,0.3542,0.4906,0.03,24.24,0.384,,1,1,15.841,0.2387,,,
189.001,0.3640,0.5016,0.3498,0.4719,0.05,24.24,0.394,,1,1,15.841,0.2387,,,
189.032,0.3554,0.4793,0.3264,0.4089,0.06,24.26,0.404,,1,1,15.841,0.2387,,,
189.066,0.3480,0.4625,0.3251,0.4134,0.08,24.25,0.413,,1,1,15.841,0.2387,,,
189.096,0.3416,0.4502,0.3194,0.4100,0.08,24.25,0.417,,1,1,15.841,0.2387,,,
189.146,0.3360,0.4372,0.3243,0.4108,0.07,24.22,0.425,,1,1,15.841,0.2387,,,
189.177,0.3300,0.4290,0.3098,0.4029,0.08,24.21,0.436,,1,1,15.841,0.2387,,,
189.210,0.3217,0.4158,0.2950,0.3751,0.09,24.23,0.443,,1,1,15.841,0.2387,,,
189.242,0.3136,0.4037,0.2873,0.3655,0.10,24.23,0.447,,1,1,15.841,0.2387,,,
189.275,0.3123,0.3964,0.3083,0.3743,0.11,24.23,0.450,,1,1,15.841,0.2387,,,
189.306,0.3101,0.3839,0.3027,0.3423,0.12,24.24,0.453,,1,1,15.841,0.2387,,,
189.336,0.3095,0.3666,0.3072,0.3085,0.13,24.23,0.454,,1,1,15.841,0.2387,,,
189.368,0.3119,0.3601,0.3197,0.3399,0.13,24.21,0.456,,1,1,15.841,0.2387,,,
189.399,0.3162,0.3505,0.3311,0.3191,0.14,24.17,0.453,,1,1,15.841,0.2387,,,
189.432,0.3238,0.3503,0.3483,0.3496,0.14,24.13,0.455,,1,1,15.841,0.2387,,,
189.466,0.3288,0.3466,0.3443,0.3354,0.13,24.08,0.456,,1,1,15.841,0.2387,,,
189.498,0.3315,0.3433,0.3403,0.3327,0.13,24.03,0.456,,1,1,15.841,0.2387,,,
189.529,0.3327,0.3418,0.3369,0.3368,0.12,23.97,0.458,,1,1,15.841,0.2387,,,
189.561,0.3314,0.3333,0.3272,0.3066,0.10,23.91,0.461,,1,1,15.841,0.2387,,,
189.593,0.3304,0.3242,0.3271,0.2952,0.07,23.83,0.459,,1,1,15.841,0.2387,,,
189.624,0.3315,0.3091,0.3353,0.2581,0.06,23.77,0.463,,1,1,15.841,0.2387,,,
189.658,0.3428,0.2992,0.3776,0.2695,0.05,23.72,0.463,,1,1,15.841,0.2387,,,
189.688,0.3712,0.2629,0.4680,0.1428,0.05,23.55,0.462,,1,1,15.841,0.2387,,,
189.737,0.4147,0.2250,0.5052,0.1476,0.09,23.53,0.463,,1,1,15.841,0.2387,,,
189.768,0.4411,0.2126,0.5264,0.1726,0.10,23.54,0.463,,1,1,15.841,0.2387,,,
189.801,0.4661,0.2148,0.5418,0.2218,0.11,23.49,0.461,,1,1,15.841,0.2387,,,
189.834,0.4887,0.1964,0.5556,0.1411,0.10,23.42,0.464,,1,1,15.841,0.2387,,,
189.865,0.5046,0.1927,0.5567,0.1804,0.11,23.37,0.465,,1,1,15.841,0.2387,,,
189.898,0.5183,0.1945,0.5596,0.1998,0.13,23.33,0.466,,1,1,15.841,0.2387,,,
189.929,0.5279,0.1991,0.5589,0.2147,0.14,23.29,0.469,,1,1,15.841,0.2387,,,
189.960,0.5381,0.2078,0.5703,0.2361,0.16,23.21,0.469,,1,1,15.841,0.2387,,,
189.993,0.5472,0.2139,0.5745,0.2333,0.17,23.13,0.468,,1,1,15.841,0.2387,,,
190.024,0.5527,0.2177,0.5707,0.2310,0.20,23.05,0.469,,1,1,15.841,0.2387,,,
190.058,0.5575,0.2230,0.5720,0.2398,0.21,22.93,0.467,,1,1,15.841,0.2387,,,
190.091,0.5620,0.2313,0.5760,0.2580,0.22,22.83,0.470,,1,1,15.841,0.2387,,,
190.121,0.5610,0.2506,0.5575,0.3170,0.23,22.79,0.470,,1,1,15.841,0.2387,,,
190.153,0.5601,0.2658,0.5572,0.3144,0.23,22.73,0.473,,1,1,15.841,0.2387,,,
190.218,0.5593,0.2970,0.5581,0.3468,0.24,22.57,0.475,,1,1,15.841,0.2387,,,
190.249,0.5594,0.3057,0.5598,0.3340,0.24,22.47,0.474,,1,1,15.841,0.2387,,,
190.296,0.5593,0.3119,0.5588,0.3255,0.24,22.36,0.473,,1,1,15.841,0.2387,,,
190.329,0.5581,0.3176,0.5542,0.3357,0.23,22.29,0.472,,1,1,15.841,0.2387,,,
190.354,0.5570,0.3218,0.5524,0.3394,0.23,22.23,0.473,,1,1,15.841,0.2387,,,
190.379,0.5556,0.3214,0.5496,0.3196,0.23,22.14,0.473,,1,1,15.841,0.2387,,,
190.407,0.5576,0.3219,0.5657,0.3238,0.21,22.12,0.473,,1,1,15.841,0.2387,,,
190.435,0.5622,0.3203,0.5783,0.3149,0.20,22.09,0.473,,1,1,15.841,0.2387,,,
190.461,0.5709,0.3167,0.6069,0.3016,0.19,22.07,0.471,,1,1,15.841,0.2387,,,
190.489,0.5866,0.2955,0.6438,0.2169,0.19,21.98,0.468,,1,1,15.841,0.2387,,,
190.523,0.6016,0.2729,0.6471,0.2036,0.19,21.95,0.468,,1,1,15.841,0.2387,,,
190.554,0.6128,0.2580,0.6512,0.2070,0.18,21.86,0.470,,1,1,15.841,0.2387,,,
190.617,0.6480,0.2341,0.7042,0.1955,0.18,21.63,0.470,,1,1,15.841,0.2387,,,
190.650,0.6641,0.2358,0.7126,0.2410,0.18,21.55,0.471,,1,1,15.841,0.2387,,,
190.681,0.6800,0.2383,0.7330,0.2468,0.19,21.42,0.471,,1,1,15.841,0.2387,,,
190.713,0.6956,0.2456,0.7442,0.2695,0.19,21.29,0.470,,1,1,15.841,0.2387,,,
190.745,0.7084,0.2468,0.7490,0.2507,0.19,21.19,0.472,,1,1,15.841,0.2387,,,
190.780,0.7187,0.2475,0.7483,0.2496,0.20,21.02,0.471,,1,1,15.841,0.2387,,,
190.810,0.7238,0.2521,0.7411,0.2684,0.21,20.90,0.470,,1,1,15.841,0.2387,,,
190.858,0.7297,0.2599,0.7422,0.2772,0.21,20.71,0.470,,1,1,15.841,0.2387,,,
190.891,0.7301,0.2602,0.7315,0.2613,0.23,20.58,0.471,,1,1,15.841,0.2387,,,
190.917,0.7288,0.2571,0.7241,0.2450,0.25,20.46,0.473,,1,1,15.841,0.2387,,,
190.950,0.7260,0.2456,0.7167,0.2086,0.28,20.38,0.473,,1,1,15.841,0.2387,,,
190.978,0.7153,0.2489,0.6748,0.2612,0.30,20.32,0.476,,1,1,15.841,0.2387,,,
191.018,0.6960,0.2209,0.6462,0.1497,0.29,20.15,0.478,,1,1,15.841,0.2387,,,
191.050,0.6842,0.2000,0.6446,0.1308,0.28,20.04,0.473,,1,1,15.841,0.2387,,,
191.082,0.6762,0.1952,0.6492,0.1795,0.27,20.02,0.472,,1,1,15.841,0.2387,,,
191.112,0.6670,0.1970,0.6367,0.2029,0.25,20.03,0.475,,1,1,15.841,0.2387,,,
191.145,0.6596,0.1973,0.6362,0.1982,0.23,20.01,0.473,,1,1,15.841,0.2387,,,
191.179,0.6526,0.1983,0.6307,0.2017,0.21,20.00,0.470,,1,1,15.841,0.2387,,,
191.209,0.6469,0.1988,0.6279,0.2002,0.20,20.00,0.470,,1,1,15.841,0.2387,,,
191.241,0.6446,0.1997,0.6370,0.2028,0.20,20.00,0.469,,1,1,15.841,0.2387,,,
191.274,0.6476,0.2098,0.6571,0.2422,0.19,19.91,0.468,,1,1,15.841,0.2387,,,
191.305,0.6571,0.2063,0.6890,0.1948,0.19,19.91,0.468,,1,1,15.841,0.2387,,,
191.337,0.6692,0.1906,0.7092,0.1392,0.20,19.91,0.466,,1,1,15.841,0.2387,,,
191.368,0.6814,0.1853,0.7226,0.1674,0.19,19.95,0.465,,1,1,15.841,0.2387,,,
191.416,0.6986,0.1737,0.7361,0.1484,0.18,19.90,0.466,,1,1,15.841,0.2387,,,
191.449,0.7079,0.1659,0.7374,0.1411,0.17,19.92,0.467,,1,1,15.841,0.2387,,,
191.480,0.7159,0.1716,0.7420,0.1904,0.17,19.90,0.466,,1,1,15.841,0.2387,,,
191.512,0.7235,0.1703,0.7488,0.1659,0.17,19.86,0.464,,1,1,15.841,0.2387,,,
191.544,0.7304,0.1703,0.7521,0.1702,0.16,19.75,0.468,,1,1,15.841,0.2387,,,
191.577,0.7360,0.1660,0.7536,0.1525,0.15,19.63,0.467,,1,1,15.841,0.2387,,,
191.611,0.7385,0.1788,0.7463,0.2195,0.15,19.51,0.467,,1,1,15.841,0.2387,,,
191.643,0.7397,0.2053,0.7435,0.2911,0.14,19.45,0.477,,1,1,15.841,0.2387,,,
191.675,0.7377,0.2140,0.7311,0.2424,0.15,19.33,0.477,,1,1,15.841,0.2387,,,
191.706,0.7324,0.2058,0.7146,0.1786,0.14,19.30,0.484,,1,1,15.841,0.2387,,,
191.738,0.7282,0.1960,0.7144,0.1635,0.14,19.34,0.485,,1,1,15.841,0.2387,,,
191.770,0.7239,0.1945,0.7095,0.1893,0.14,19.38,0.483,,1,1,15.841,0.2387,,,
191.801,0.7191,0.1805,0.7032,0.1347,0.14,19.43,0.488,,1,1,15.841,0.2387,,,
191.833,0.7172,0.1759,0.7109,0.1605,0.14,19.44,0.486,,1,1,15.841,0.2387,,,
191.864,0.7187,0.1812,0.7238,0.1989,0.14,19.42,0.485,,1,1,15.841,0.2387,,,
191.895,0.7264,0.2019,0.7523,0.2717,0.13,19.48,0.471,,1,1,15.841,0.2387,,,
191.928,0.7547,0.2284,0.8438,0.3113,0.16,19.48,0.381,,1,1,15.841,0.2387,,,
191.964,0.7953,0.2922,0.9118,0.4718,0.19,19.41,0.296,,1,1,15.841,0.2387,,,
192.009,0.8466,0.3988,0.9598,0.6251,0.23,19.27,0.269,,1,1,15.841,0.2387,,,
192.041,0.8796,0.4726,0.9808,0.6865,0.27,19.14,0.264,,1,1,15.841,0.2387,,,
192.074,0.9098,0.5504,1.0009,0.7689,0.30,19.05,0.285,,1,1,15.841,0.2387,,,
192.104,0.9317,0.6097,1.0020,0.7845,0.33,18.92,0.277,,1,1,15.841,0.2387,,,
192.138,0.9499,0.6579,1.0028,0.7868,0.34,18.76,0.288,,1,1,15.841,0.2387,,,
192.170,0.9673,0.6879,1.0206,0.7727,0.35,18.56,0.301,,1,1,15.841,0.2387,,,
192.204,0.9814,0.7215,1.0219,0.8114,0.37,18.35,0.311,,1,1,15.841,0.2387,,,
192.234,0.9907,0.7451,1.0211,0.8170,0.38,18.15,0.312,,1,1,15.841,0.2387,,,
192.265,1.0000,0.7767,1.0321,0.8720,0.40,17.95,0.328,,1,1,15.841,0.2387,,,
192.297,1.0000,0.8101,1.0430,0.9056,0.42,17.90,0.329,,1,1,15.841,0.2387,,,
192.328,1.0000,0.8348,1.0425,0.9093,0.44,17.83,0.329,,1,1,15.841,0.2387,,,
192.361,1.0000,0.8592,1.0355,0.9285,0.46,17.82,0.329,,1,1,15.841,0.2387,,,
192.394,1.0000,0.8797,1.0388,0.9385,0.48,17.75,0.328,,1,1,15.841,0.2387,,,
192.426,1.0000,0.8918,1.0289,0.9274,0.49,17.70,0.321,,1,1,15.841,0.2387,,,
192.457,1.0000,0.8976,1.0275,0.9160,0.50,17.70,0.312,,1,1,15.841,0.2387,,,
192.488,1.0000,0.9136,1.0268,0.9637,0.50,17.69,0.308,,1,1,15.841,0.2387,,,
192.522,1.0000,0.9430,1.0385,1.0266,0.51,17.62,0.295,,1,1,15.841,0.2387,,,
192.569,1.0000,0.9779,1.0244,1.0532,0.55,17.60,0.297,,1,1,15.841,0.2387,,,
192.600,1.0000,0.9953,1.0140,1.1036,0.57,17.64,0.296,,1,1,15.841,0.2387,,,
192.634,1.0000,1.0000,0.9775,1.1147,0.57,17.52,0.279,,1,1,15.841,0.2387,,,
192.665,1.0000,1.0000,0.9848,1.1177,0.58,17.42,0.282,,1,1,15.841,0.2387,,,
192.697,0.9983,1.0000,0.9701,1.1013,0.60,17.34,0.290,,1,1,15.841,0.2387,,,
192.729,0.9865,1.0000,0.9478,1.1028,0.61,17.42,0.301,,1,1,15.841,0.2387,,,
192.761,0.9739,1.0000,0.9333,1.0645,0.63,17.48,0.311,,1,1,15.841,0.2387,,,
192.796,0.9487,0.9986,0.8740,0.8842,0.63,17.61,0.360,,1,1,15.841,0.2387,,,
192.826,0.9135,0.9270,0.7983,0.6888,0.60,17.72,0.436,,1,1,15.841,0.2387,,,
192.858,0.8832,0.8663,0.7847,0.6704,0.57,17.84,0.453,,1,1,15.841,0.2387,,,
192.891,0.8519,0.7892,0.7615,0.5735,0.52,18.01,0.475,,1,1,15.841,0.2387,,,
192.921,0.8280,0.7278,0.7501,0.5375,0.48,18.16,0.479,,1,1,15.841,0.2387,,,
192.957,0.8031,0.6604,0.7357,0.4896,0.44,18.28,0.479,,1,1,15.841,0.2387,,,
193.017,0.7842,0.5867,0.7525,0.4711,0.37,18.46,0.475,,1,1,15.841,0.2387,,,
193.049,0.7748,0.5630,0.7462,0.4948,0.34,18.63,0.478,,1,1,15.841,0.2387,,,
193.080,0.7709,0.5487,0.7578,0.5043,0.31,18.78,0.479,,1,1,15.841,0.2387,,,
193.129,0.7679,0.5265,0.7617,0.4831,0.26,19.01,0.476,,1,1,15.841,0.2387,,,
193.160,0.7660,0.5090,0.7598,0.4562,0.24,19.07,0.475,,1,1,15.841,0.2387,,,
193.190,0.7644,0.4937,0.7589,0.4432,0.23,19.07,0.474,,1,1,15.841,0.2387,,,
193.215,0.7600,0.4924,0.7425,0.4870,0.22,19.05,0.478,,1,1,15.841,0.2387,,,
193.243,0.7414,0.4945,0.6742,0.5019,0.21,19.04,0.458,,1,1,15.841,0.2387,,,
193.271,0.7219,0.4924,0.6506,0.4846,0.21,19.04,0.430,,1,1,15.841,0.2387,,,
193.298,0.7026,0.5003,0.6327,0.5294,0.22,18.99,0.410,,1,1,15.841,0.2387,,,
193.326,0.6867,0.5147,0.6299,0.5683,0.23,18.95,0.395,,1,1,15.841,0.2387,,,
193.353,0.6775,0.5403,0.6432,0.6416,0.23,18.95,0.377,,1,1,15.841,0.2387,,,
193.418,0.6554,0.6241,0.6213,0.7559,0.25,18.83,0.363,,1,1,15.841,0.2387,,,
193.450,0.6466,0.6520,0.6173,0.7461,0.26,18.71,0.357,,1,1,15.841,0.2387,,,
193.479,0.6435,0.6721,0.6331,0.7386,0.26,18.63,0.356,,1,1,15.841,0.2387,,,
193.513,0.6451,0.7017,0.6497,0.7878,0.28,18.54,0.343,,1,1,15.841,0.2387,,,
193.544,0.6478,0.7205,0.6567,0.7803,0.30,18.42,0.346,,1,1,15.841,0.2387,,,
193.576,0.6505,0.7358,0.6597,0.7837,0.32,18.34,0.344,,1,1,15.841,0.2387,,,
193.609,0.6539,0.7474,0.6644,0.7824,0.33,18.18,0.343,,1,1,15.841,0.2387,,,
193.642,0.6552,0.7552,0.6593,0.7791,0.34,18.05,0.340,,1,1,15.841,0.2387,,,
193.689,0.6580,0.7653,0.6645,0.7869,0.35,17.82,0.342,,1,1,15.841,0.2387,,,
193.721,0.6595,0.7698,0.6643,0.7843,0.36,17.70,0.341,,1,1,15.841,0.2387,,,
193.750,0.6607,0.7735,0.6652,0.7864,0.36,17.59,0.341,,1,1,15.841,0.2387,,,
193.777,0.6636,0.7761,0.6745,0.7858,0.37,17.45,0.337,,1,1,15.841,0.2387,,,
193.816,0.6693,0.7671,0.6850,0.7432,0.38,17.36,0.337,,1,1,15.841,0.2387,,,
193.849,0.7000,0.7375,0.7973,0.6409,0.39,17.33,0.307,,1,1,15.841,0.2387,,,
193.879,0.7398,0.7052,0.8707,0.5965,0.40,17.39,0.288,,1,1,15.841,0.2387,,,
193.912,0.7835,0.6923,0.9143,0.6520,0.41,17.40,0.333,,1,1,15.841,0.2387,,,
193.947,0.8137,0.6376,0.8997,0.4798,0.39,17.35,0.412,,1,1,15.841,0.2387,,,
193.976,0.8288,0.5837,0.8795,0.4054,0.35,17.36,0.455,,1,1,15.841,0.2387,,,
194.009,0.8441,0.5288,0.8899,0.3695,0.29,17.23,0.467,,1,1,15.841,0.2387,,,
194.042,0.8592,0.4284,0.9051,0.1455,0.16,16.65,0.479,,1,1,15.841,0.2387,,,
194.074,0.8709,0.3600,0.9072,0.1692,-0.33,15.16,0.490,,1,1,15.841,0.2387,,,
194.106,0.8773,0.2503,0.8972,-0.1228,-0.79,13.69,0.502,,1,1,15.841,0.2387,,,
194.137,0.8814,0.1710,0.8950,-0.1757,-1.24,12.19,0.505,,1,1,15.841,0.2387,,,
194.170,0.8837,0.1085,0.8907,-0.1967,-1.32,11.49,0.504,,1,1,15.841,0.2387,,,
194.201,0.8846,0.0667,0.8874,-0.2305,-1.36,11.68,0.505,,1,1,15.841,0.2387,,,
194.233,0.8813,0.0360,0.8704,-0.2439,-1.40,11.89,0.504,,1,1,15.841,0.2387,,,
194.282,0.8770,0.0059,0.8679,-0.2703,-1.45,12.15,0.501,,1,1,15.841,0.2387,,,
194.313,0.8761,0.0000,0.8733,-0.2983,-1.47,12.36,0.505,,1,1,15.841,0.2387,,,
194.344,0.8737,0.0000,0.8653,-0.3079,-1.48,12.55,0.503,,1,1,15.841,0.2387,,,
194.377,0.8727,0.0000,0.8696,-0.2874,-1.46,12.88,0.500,,1,1,15.841,0.2387,,,
194.408,0.8744,0.0000,0.8798,-0.2637,-1.46,13.02,0.499,,1,1,15.841,0.2387,,,
194.442,0.8767,0.0000,0.8843,-0.2424,-1.44,13.17,0.499,,1,1,15.841,0.2387,,,
194.473,0.8796,0.0000,0.8891,-0.2251,-1.47,13.20,0.500,,1,1,15.841,0.2387,,,
194.505,0.8805,0.0000,0.8836,-0.1771,-1.43,13.42,0.495,,1,1,15.841,0.2387,,,
194.539,0.8790,0.0000,0.8744,-0.1246,-1.39,13.60,0.490,,1,1,15.841,0.2387,,,
194.570,0.8710,0.0000,0.8437,-0.0366,-1.34,13.75,0.413,,1,1,15.841,0.2387,,,
194.601,0.8537,0.0000,0.7953,-0.0625,-1.30,13.28,0.223,,1,1,15.841,0.2387,,,
194.634,0.8342,0.0000,0.7727,0.0583,-1.29,12.67,0.258,,1,1,15.841,0.2387,,,
194.665,0.8067,0.0000,0.7165,0.0505,-1.26,12.65,0.273,,1,1,15.841,0.2387,,,
194.698,0.7774,0.0222,0.6857,0.1072,-1.25,12.65,0.301,,1,1,15.841,0.2387,,,
194.728,0.7495,0.0441,0.6599,0.1166,-1.16,12.85,0.321,,1,1,15.841,0.2387,,,
194.764,0.7244,0.0673,0.6555,0.1327,-1.10,13.01,0.334,,1,1,15.841,0.2387,,,
194.794,0.7047,0.0917,0.6413,0.1719,-1.05,13.30,0.337,,1,1,15.841,0.2387,,,
194.841,0.6723,0.0967,0.6015,0.1080,-1.01,14.02,0.366,,1,1,15.841,0.2387,,,
194.874,0.6468,0.0947,0.5730,0.0886,-0.96,14.42,0.367,,1,1,15.841,0.2387,,,
194.907,0.6213,0.1135,0.5470,0.1704,-0.92,14.76,0.375,,1,1,15.841,0.2387,,,
194.938,0.5866,0.1181,0.4771,0.1335,-0.89,15.22,0.379,,1,1,15.841,0.2387,,,
194.969,0.5474,0.1392,0.4276,0.2070,-0.85,15.48,0.387,,1,1,15.841,0.2387,,,
195.000,0.5016,0.1489,0.3579,0.1815,-0.81,15.73,0.395,,1,1,15.841,0.2387,,,
195.034,0.4613,0.1518,0.3522,0.1605,-0.78,16.10,0.405,,1,1,15.841,0.2387,,,
195.065,0.4300,0.1597,0.3335,0.1862,-0.75,16.51,0.410,,1,1,15.841,0.2387,,,
195.098,0.3992,0.1772,0.3108,0.2309,-0.74,16.91,0.414,,1,1,15.841,0.2387,,,
195.131,0.3684,0.1813,0.2809,0.1940,-0.70,17.24,0.422,,1,1,15.841,0.2387,,,
195.161,0.3403,0.1923,0.2525,0.2297,-0.66,17.48,0.430,,1,1,15.841,0.2387,,,
195.193,0.3081,0.2064,0.2134,0.2508,-0.63,17.71,0.429,,1,1,15.841,0.2387,,,
195.225,0.2809,0.2283,0.2004,0.2977,-0.63,17.95,0.434,,1,1,15.841,0.2387,,,
195.257,0.2379,0.2250,0.1114,0.2142,-0.64,18.09,0.440,,1,1,15.841,0.2387,,,
195.288,0.2051,0.2287,0.1085,0.2409,-0.64,18.24,0.453,,1,1,15.841,0.2387,,,
195.321,0.1636,0.2096,0.0432,0.1475,-0.66,18.50,0.465,,1,1,15.841,0.2387,,,
195.353,0.1277,0.1982,0.0208,0.1596,-0.66,18.75,0.472,,1,1,15.841,0.2387,,,
195.434,0.0546,0.1584,-0.0300,0.1074,-0.68,19.29,0.472,,1,1,15.841,0.2387,,,
195.461,0.0316,0.1403,-0.0496,0.0705,-0.69,19.48,0.472,,1,1,15.841,0.2387,,,
195.488,0.0132,0.1228,-0.0605,0.0579,-0.70,19.69,0.473,,1,1,15.841,0.2387,,,
195.516,0.0007,0.1142,-0.0436,0.0818,-0.69,19.85,0.474,,1,1,15.841,0.2387,,,
195.543,0.0000,0.0984,-0.0539,0.0392,-0.68,20.02,0.477,,1,1,15.841,0.2387,,,
195.570,0.0000,0.0896,-0.0455,0.0571,-0.67,20.23,0.478,,1,1,15.841,0.2387,,,
195.596,0.0000,0.0884,-0.0280,0.0836,-0.67,20.39,0.480,,1,1,15.841,0.2387,,,
195.625,0.0000,0.0913,-0.0085,0.1015,-0.67,20.55,0.479,,1,1,15.841,0.2387,,,
195.657,0.0000,0.1009,0.0201,0.1322,-0.66,20.72,0.479,,1,1,15.841,0.2387,,,
195.691,0.0020,0.1105,0.0342,0.1406,-0.67,20.87,0.480,,1,1,15.841,0.2387,,,
195.722,0.0092,0.1163,0.0341,0.1370,-0.67,20.97,0.474,,1,1,15.841,0.2387,,,
195.755,0.0158,0.1180,0.0367,0.1234,-0.68,21.04,0.465,,1,1,15.841,0.2387,,,
195.817,0.0802,0.1634,0.1868,0.2383,-0.66,21.32,0.447,,1,1,15.841,0.2387,,,
195.848,0.1170,0.1905,0.2357,0.2785,-0.64,21.44,0.444,,1,1,15.841,0.2387,,,
195.879,0.1464,0.2153,0.2432,0.2976,-0.63,21.55,0.442,,1,1,15.841,0.2387,,,
195.912,0.1699,0.2375,0.2402,0.3046,-0.62,21.67,0.444,,1,1,15.841,0.2387,,,
195.962,0.2031,0.2734,0.2700,0.3459,-0.62,21.87,0.443,,1,1,15.841,0.2387,,,
195.992,0.2223,0.2952,0.2854,0.3670,-0.61,21.99,0.447,,1,1,15.841,0.2387,,,
196.020,0.2387,0.3187,0.2972,0.4023,-0.59,22.08,0.449,,1,1,15.841,0.2387,,,
196.049,0.2520,0.3347,0.2977,0.3895,-0.58,22.15,0.453,,1,1,15.841,0.2387,,,
196.079,0.2661,0.3498,0.3131,0.3995,-0.59,22.20,0.457,,1,1,15.841,0.2387,,,
196.107,0.2785,0.3543,0.3210,0.3696,-0.59,22.25,0.461,,1,1,15.841,0.2387,,,
196.137,0.2914,0.3511,0.3344,0.3405,-0.59,22.29,0.463,,1,1,15.841,0.2387,,,
196.166,0.3157,0.3709,0.3984,0.4393,-0.58,22.27,0.471,,1,1,15.841,0.2387,,,
196.216,0.3515,0.3788,0.4219,0.3947,-0.55,22.25,0.473,,1,1,15.841,0.2387,,,
196.248,0.3689,0.3601,0.4240,0.2984,-0.53,22.12,0.480,,1,1,15.841,0.2387,,,
196.282,0.3921,0.3480,0.4583,0.3113,-0.51,22.05,0.489,,1,1,15.841,0.2387,,,
196.314,0.4173,0.3505,0.4948,0.3586,-0.51,21.91,0.485,,1,1,15.841,0.2387,,,
196.344,0.4343,0.3454,0.4892,0.3276,-0.50,21.84,0.483,,1,1,15.841,0.2387,,,
196.377,0.4551,0.3461,0.5170,0.3484,-0.49,21.74,0.485,,1,1,15.841,0.2387,,,
196.409,0.4723,0.3399,0.5259,0.3189,-0.47,21.68,0.488,,1,1,15.841,0.2387,,,
196.440,0.4879,0.3348,0.5369,0.3175,-0.45,21.63,0.489,,1,1,15.841,0.2387,,,
196.474,0.5026,0.3297,0.5458,0.3138,-0.42,21.57,0.488,,1,1,15.841,0.2387,,,
196.505,0.5112,0.3220,0.5387,0.2962,-0.39,21.49,0.484,,1,1,15.841,0.2387,,,
196.552,0.5240,0.3235,0.5508,0.3267,-0.34,21.45,0.484,,1,1,15.841,0.2387,,,
196.584,0.5290,0.3229,0.5454,0.3208,-0.33,21.42,0.485,,1,1,15.841,0.2387,,,
196.616,0.5326,0.3207,0.5435,0.3138,-0.31,21.37,0.486,,1,1,15.841,0.2387,,,
196.649,0.5350,0.3194,0.5429,0.3152,-0.30,21.22,0.485,,1,1,15.841,0.2387,,,
196.680,0.5369,0.3254,0.5431,0.3461,-0.28,21.07,0.486,,1,1,15.841,0.2387,,,
196.713,0.5334,0.3185,0.5226,0.2969,-0.26,20.86,0.488,,1,1,15.841,0.2387,,,
196.745,0.5255,0.3089,0.5002,0.2775,-0.24,20.72,0.490,,1,1,15.841,0.2387,,,
196.777,0.5128,0.2888,0.4698,0.2223,-0.22,20.59,0.487,,1,1,15.841,0.2387,,,
196.809,0.4990,0.2733,0.4547,0.2252,-0.20,20.53,0.483,,1,1,15.841,0.2387,,,
196.841,0.4852,0.2558,0.4398,0.1995,-0.16,20.45,0.481,,1,1,15.841,0.2387,,,
196.875,0.4705,0.2444,0.4255,0.2102,-0.13,20.45,0.477,,1,1,15.841,0.2387,,,
196.904,0.4583,0.2365,0.4146,0.2084,-0.11,20.45,0.481,,1,1,15.841,0.2387,,,
196.937,0.4445,0.2327,0.4012,0.2206,-0.09,20.50,0.477,,1,1,15.841,0.2387,,,
196.970,0.4340,0.2392,0.4017,0.2595,-0.06,20.59,0.478,,1,1,15.841,0.2387,,,
197.001,0.4244,0.2457,0.3926,0.2675,-0.03,20.65,0.478,,1,1,15.841,0.2387,,,
197.033,0.4156,0.2448,0.3877,0.2418,-0.02,20.73,0.479,,1,1,15.841,0.2387,,,
197.064,0.4114,0.2536,0.3974,0.2833,0.00,20.81,0.454,,1,1,15.841,0.2387,,,
197.111,0.4151,0.2711,0.4233,0.3103,0.06,20.93,0.348,,1,1,15.841,0.2387,,,
197.145,0.4384,0.3003,0.5139,0.3928,0.10,20.91,0.241,,1,1,15.841,0.2387,,,
197.176,0.4778,0.3670,0.6058,0.5750,0.17,20.83,0.169,,1,1,15.841,0.2387,,,
197.209,0.5160,0.4357,0.6339,0.6373,0.25,20.70,0.187,,1,1,15.841,0.2387,,,
197.241,0.5455,0.4962,0.6367,0.6726,0.32,20.62,0.223,,1,1,15.841,0.2387,,,
197.275,0.5725,0.5596,0.6517,0.7324,0.39,20.56,0.236,,1,1,15.841,0.2387,,,
197.306,0.5933,0.6121,0.6597,0.7672,0.44,20.50,0.247,,1,1,15.841,0.2387,,,
197.338,0.6113,0.6521,0.6666,0.7664,0.50,20.47,0.264,,1,1,15.841,0.2387,,,
197.368,0.6248,0.6837,0.6690,0.7795,0.55,20.41,0.271,,1,1,15.841,0.2387,,,
197.403,0.6373,0.7139,0.6732,0.7951,0.59,20.25,0.270,,1,1,15.841,0.2387,,,
197.433,0.6453,0.7359,0.6716,0.8034,0.62,20.11,0.273,,1,1,15.841,0.2387,,,
197.465,0.6509,0.7518,0.6687,0.7983,0.64,19.98,0.277,,1,1,15.841,0.2387,,,
197.499,0.6551,0.7676,0.6675,0.8121,0.66,19.87,0.298,,1,1,15.841,0.2387,,,
197.527,0.6540,0.7703,0.6499,0.7796,0.69,19.81,0.297,,1,1,15.841,0.2387,,,
197.560,0.6506,0.7713,0.6400,0.7741,0.72,19.82,0.300,,1,1,15.841,0.2387,,,
197.596,0.6449,0.7793,0.6281,0.8020,0.76,19.97,0.303,,1,1,15.841,0.2387,,,
197.624,0.6357,0.7880,0.6027,0.8173,0.77,20.09,0.309,,1,1,15.841,0.2387,,,
197.672,0.5965,0.7973,0.5093,0.8170,0.79,20.06,0.316,,1,1,15.841,0.2387,,,
197.704,0.5645,0.7938,0.4646,0.7830,0.80,20.00,0.326,,1,1,15.841,0.2387,,,
197.739,0.5333,0.7803,0.4426,0.7403,0.80,19.96,0.341,,1,1,15.841,0.2387,,,
197.772,0.5031,0.7590,0.4102,0.6900,0.79,19.92,0.351,,1,1,15.841,0.2387,,,
197.802,0.4735,0.7219,0.3762,0.5939,0.78,19.91,0.342,,1,1,15.841,0.2387,,,
197.834,0.4414,0.6915,0.3444,0.5960,0.76,19.98,0.350,,1,1,15.841,0.2387,,,
197.865,0.4098,0.6603,0.3111,0.5592,0.74,20.00,0.366,,1,1,15.841,0.2387,,,
197.897,0.3779,0.6164,0.2802,0.4797,0.73,20.00,0.380,,1,1,15.841,0.2387,,,
197.928,0.3509,0.5859,0.2651,0.4877,0.71,20.02,0.381,,1,1,15.841,0.2387,,,
197.962,0.3299,0.5583,0.2722,0.4817,0.69,20.06,0.392,,1,1,15.841,0.2387,,,
197.991,0.3132,0.5377,0.2576,0.4691,0.67,20.09,0.406,,1,1,15.841,0.2387,,,
198.025,0.2964,0.5136,0.2484,0.4447,0.63,20.13,0.425,,1,1,15.841,0.2387,,,
198.058,0.2784,0.4702,0.2245,0.3430,0.61,20.18,0.429,,1,1,15.841,0.2387,,,
198.091,0.2619,0.4294,0.2112,0.3071,0.59,20.21,0.431,,1,1,15.841,0.2387,,,
198.122,0.2500,0.3988,0.2132,0.3076,0.57,20.25,0.433,,1,1,15.841,0.2387,,,
198.153,0.2423,0.3774,0.2178,0.3120,0.55,20.32,0.436,,1,1,15.841,0.2387,,,
198.217,0.2325,0.3756,0.2171,0.3729,0.50,20.26,0.445,,1,1,15.841,0.2387,,,
198.267,0.2311,0.3771,0.2283,0.3801,0.44,20.31,0.440,,1,1,15.841,0.2387,,,
198.295,0.2318,0.3794,0.2341,0.3877,0.41,20.35,0.438,,1,1,15.841,0.2387,,,
198.322,0.2315,0.3794,0.2304,0.3795,0.38,20.44,0.436,,1,1,15.841,0.2387,,,
198.349,0.2305,0.3803,0.2268,0.3834,0.35,20.51,0.434,,1,1,15.841,0.2387,,,
198.377,0.2306,0.3862,0.2312,0.4086,0.33,20.56,0.433,,1,1,15.841,0.2387,,,
198.404,0.2213,0.3812,0.1859,0.3624,0.30,20.57,0.438,,1,1,15.841,0.2387,,,
198.431,0.2129,0.3785,0.1817,0.3682,0.26,20.61,0.432,,1,1,15.841,0.2387,,,
198.458,0.2054,0.3810,0.1762,0.3908,0.24,20.59,0.432,,1,1,15.841,0.2387,,,
198.490,0.1933,0.3744,0.1548,0.3530,0.22,20.62,0.431,,1,1,15.841,0.2387,,,
198.522,0.1796,0.3728,0.1363,0.3677,0.20,20.68,0.424,,1,1,15.841,0.2387,,,
198.553,0.1762,0.3849,0.1646,0.4271,0.19,20.76,0.410,,1,1,15.841,0.2387,,,
198.618,0.1829,0.4333,0.1937,0.5120,0.19,20.85,0.399,,1,1,15.841,0.2387,,,
198.648,0.1858,0.4515,0.1956,0.5125,0.19,20.93,0.396,,1,1,15.841,0.2387,,,
198.682,0.1889,0.4685,0.1991,0.5219,0.20,21.00,0.394,,1,1,15.841,0.2387,,,
198.715,0.1902,0.4775,0.1941,0.5042,0.22,21.07,0.395,,1,1,15.841,0.2387,,,
198.746,0.1952,0.4932,0.2124,0.5455,0.24,21.11,0.393,,1,1,15.841,0.2387,,,
198.777,0.1999,0.5061,0.2162,0.5485,0.26,21.14,0.389,,1,1,15.841,0.2387,,,
198.825,0.2098,0.5275,0.2316,0.5728,0.28,21.23,0.375,,1,1,15.841,0.2387,,,
198.860,0.2177,0.5462,0.2413,0.6000,0.30,21.27,0.370,,1,1,15.841,0.2387,,,
198.894,0.2255,0.5674,0.2489,0.6288,0.31,21.30,0.367,,1,1,15.841,0.2387,,,
198.925,0.2362,0.5938,0.2721,0.6788,0.33,21.31,0.354,,1,1,15.841,0.2387,,,
198.955,0.2470,0.6157,0.2847,0.6886,0.34,21.31,0.355,,1,1,15.841,0.2387,,,
198.983,0.2562,0.6368,0.2900,0.7112,0.34,21.30,0.357,,1,1,15.841,0.2387,,,
199.017,0.2650,0.6593,0.2917,0.7241,0.35,21.26,0.355,,1,1,15.841,0.2387,,,
199.048,0.2730,0.6697,0.2995,0.7032,0.35,21.25,0.345,,1,1,15.841,0.2387,,,
199.080,0.2836,0.6864,0.3171,0.7375,0.35,21.26,0.312,,1,1,15.841,0.2387,,,
199.111,0.3148,0.7070,0.4165,0.7726,0.37,21.20,0.224,,1,1,15.841,0.2387,,,
199.144,0.3431,0.7267,0.4297,0.7860,0.38,21.10,0.208,,1,1,15.841,0.2387,,,
199.175,0.3647,0.7450,0.4330,0.8025,0.36,20.97,0.207,,1,1,15.841,0.2387,,,
199.208,0.3849,0.7621,0.4463,0.8136,0.37,20.83,0.189,,1,1,15.841,0.2387,,,
199.241,0.4012,0.7851,0.4494,0.8528,0.37,20.66,0.204,,1,1,15.841,0.2387,,,
199.275,0.4129,0.7981,0.4494,0.8383,0.38,20.52,0.203,,1,1,15.841,0.2387,,,
199.305,0.4241,0.8175,0.4597,0.8782,0.39,20.40,0.197,,1,1,15.841,0.2387,,,
199.337,0.4255,0.8148,0.4299,0.8068,0.40,20.34,0.203,,1,1,15.841,0.2387,,,
199.385,0.4226,0.8223,0.4164,0.8379,0.40,20.17,0.207,,1,1,15.841,0.2387,,,
199.417,0.4142,0.8252,0.3869,0.8345,0.39,20.11,0.224,,1,1,15.841,0.2387,,,
199.448,0.3997,0.8382,0.3507,0.8808,0.40,20.13,0.258,,1,1,15.841,0.2387,,,
199.480,0.3816,0.8375,0.3220,0.8351,0.40,20.14,0.275,,1,1,15.841,0.2387,,,
199.513,0.3622,0.8324,0.3007,0.8165,0.42,20.16,0.290,,1,1,15.841,0.2387,,,
199.544,0.3432,0.8313,0.2812,0.8278,0.44,20.19,0.298,,1,1,15.841,0.2387,,,
199.577,0.3273,0.8327,0.2769,0.8373,0.46,20.22,0.302,,1,1,15.841,0.2387,,,
199.609,0.3142,0.8414,0.2724,0.8694,0.47,20.33,0.319,,1,1,15.841,0.2387,,,
199.643,0.2997,0.8450,0.2559,0.8559,0.50,20.37,0.325,,1,1,15.841,0.2387,,,
199.673,0.2913,0.8489,0.2632,0.8625,0.53,20.42,0.331,,1,1,15.841,0.2387,,,
199.706,0.2833,0.8473,0.2582,0.8419,0.56,20.52,0.334,,1,1,15.841,0.2387,,,
199.738,0.2753,0.8499,0.2504,0.8583,0.59,20.57,0.339,,1,1,15.841,0.2387,,,
199.769,0.2685,0.8532,0.2451,0.8647,0.60,20.62,0.341,,1,1,15.841,0.2387,,,
199.800,0.2586,0.8479,0.2272,0.8308,0.60,20.66,0.340,,1,1,15.841,0.2387,,,
199.834,0.2515,0.8459,0.2299,0.8396,0.60,20.71,0.346,,1,1,15.841,0.2387,,,
199.865,0.2466,0.8490,0.2299,0.8600,0.60,20.77,0.345,,1,1,15.841,0.2387,,,
199.897,0.2428,0.8512,0.2310,0.8582,0.60,20.86,0.348,,1,1,15.841,0.2387,,,
199.947,0.2364,0.8498,0.2234,0.8467,0.59,21.02,0.356,,1,1,15.841,0.2387,,,
199.986,0.2282,0.8383,0.2064,0.8073,0.59,21.15,0.372,,1,1,15.841,0.2387,,,
200.018,0.2209,0.8252,0.1971,0.7817,0.58,21.28,0.373,,1,1,15.841,0.2387,,,
200.042,0.2171,0.8202,0.2007,0.7982,0.57,21.37,0.382,,1,1,15.841,0.2387,,,
200.071,0.2125,0.8147,0.1956,0.7948,0.57,21.47,0.387,,1,1,15.841,0.2387,,,
200.106,0.2064,0.8076,0.1887,0.7864,0.56,21.56,0.393,,1,1,15.841,0.2387,,,
200.137,0.2015,0.8018,0.1850,0.7826,0.55,21.64,0.381,,1,1,15.841,0.2387,,,
200.169,0.1950,0.7897,0.1741,0.7507,0.54,21.72,0.382,,1,1,15.841,0.2387,,,
200.200,0.1860,0.7720,0.1562,0.7136,0.52,21.79,0.375,,1,1,15.841,0.2387,,,
200.233,0.1773,0.7550,0.1502,0.7028,0.50,21.84,0.370,,1,1,15.841,0.2387,,,
200.264,0.1671,0.7429,0.1337,0.7033,0.49,21.96,0.371,,1,1,15.841,0.2387,,,
200.296,0.1540,0.7200,0.1115,0.6475,0.49,22.02,0.369,,1,1,15.841,0.2387,,,
200.328,0.1436,0.7022,0.1104,0.6464,0.49,22.08,0.358,,1,1,15.841,0.2387,,,
200.361,0.1345,0.6912,0.1063,0.6575,0.49,22.09,0.340,,1,1,15.841,0.2387,,,
200.391,0.1307,0.6819,0.1175,0.6505,0.49,22.09,0.315,,1,1,15.841,0.2387,,,
200.426,0.1243,0.6766,0.1050,0.6609,0.49,22.09,0.315,,1,1,15.841,0.2387,,,
200.457,0.1225,0.6767,0.1168,0.6769,0.49,22.09,0.308,,1,1,15.841,0.2387,,,
200.489,0.1225,0.6805,0.1224,0.6929,0.49,22.08,0.307,,1,1,15.841,0.2387,,,
200.541,0.1250,0.6840,0.1300,0.6908,0.49,22.14,0.301,,1,1,15.841,0.2387,,,
200.570,0.1269,0.6906,0.1339,0.7143,0.49,22.16,0.301,,1,1,15.841,0.2387,,,
200.601,0.1260,0.6913,0.1228,0.6938,0.50,22.17,0.297,,1,1,15.841,0.2387,,,
200.632,0.1239,0.6881,0.1168,0.6775,0.51,22.19,0.306,,1,1,15.841,0.2387,,,
200.664,0.1233,0.6877,0.1214,0.6865,0.52,22.20,0.299,,1,1,15.841,0.2387,,,
200.697,0.1198,0.6875,0.1087,0.6867,0.52,22.21,0.303,,1,1,15.841,0.2387,,,
200.728,0.1259,0.6989,0.1477,0.7400,0.50,22.21,0.284,,1,1,15.841,0.2387,,,
200.760,0.1361,0.7159,0.1682,0.7683,0.50,22.20,0.273,,1,1,15.841,0.2387,,,
200.792,0.1480,0.7355,0.1877,0.8003,0.49,22.20,0.266,,1,1,15.841,0.2387,,,
200.826,0.1627,0.7450,0.2073,0.7733,0.49,22.21,0.254,,1,1,15.841,0.2387,,,
200.857,0.1806,0.7512,0.2403,0.7721,0.49,22.17,0.206,,1,1,15.841,0.2387,,,
200.889,0.1939,0.7554,0.2362,0.7690,0.48,22.08,0.204,,1,1,15.841,0.2387,,,
200.920,0.2084,0.7647,0.2557,0.7952,0.48,22.02,0.203,,1,1,15.841,0.2387,,,
200.953,0.2280,0.7892,0.2878,0.8644,0.48,21.97,0.205,,1,1,15.841,0.2387,,,
201.019,0.2366,0.8087,0.2503,0.8397,0.51,21.71,0.183,,1,1,15.841,0.2387,,,
201.049,0.2354,0.8160,0.2314,0.8401,0.51,21.59,0.187,,1,1,15.841,0.2387,,,
201.097,0.2308,0.8227,0.2207,0.8369,0.52,21.41,0.186,,1,1,15.841,0.2387,,,
201.128,0.2259,0.8290,0.2094,0.8500,0.51,21.31,0.189,,1,1,15.841,0.2387,,,
201.154,0.2221,0.8341,0.2065,0.8544,0.51,21.23,0.190,,1,1,15.841,0.2387,,,
201.182,0.2191,0.8440,0.2081,0.8802,0.51,21.17,0.201,,1,1,15.841,0.2387,,,
201.207,0.2154,0.8484,0.1989,0.8671,0.51,21.10,0.214,,1,1,15.841,0.2387,,,
201.233,0.2125,0.8613,0.2014,0.9097,0.51,21.04,0.216,,1,1,15.841,0.2387,,,
201.259,0.2075,0.8643,0.1870,0.8765,0.51,20.99,0.215,,1,1,15.841,0.2387,,,
201.288,0.2016,0.8573,0.1803,0.8326,0.51,20.97,0.224,,1,1,15.841,0.2387,,,
201.321,0.2038,0.8457,0.2112,0.8083,0.53,20.99,0.228,,1,1,15.841,0.2387,,,
201.353,0.2132,0.8454,0.2442,0.8445,0.55,21.05,0.254,,1,1,15.841,0.2387,,,
201.418,0.2208,0.8411,0.2330,0.8340,0.56,21.29,0.284,,1,1,15.841,0.2387,,,
201.449,0.2242,0.8440,0.2360,0.8544,0.56,21.43,0.290,,1,1,15.841,0.2387,,,
201.482,0.2269,0.8502,0.2357,0.8698,0.56,21.58,0.306,,1,1,15.841,0.2387,,,
201.514,0.2345,0.8520,0.2596,0.8579,0.57,21.73,0.319,,1,1,15.841,0.2387,,,
201.545,0.2403,0.8516,0.2596,0.8501,0.58,21.87,0.331,,1,1,15.841,0.2387,,,
201.579,0.2548,0.8641,0.2995,0.9028,0.59,22.00,0.346,,1,1,15.841,0.2387,,,
201.609,0.2630,0.8676,0.2909,0.8796,0.61,22.13,0.356,,1,1,15.841,0.2387,,,
201.657,0.2715,0.8667,0.2904,0.8647,0.62,22.33,0.368,,1,1,15.841,0.2387,,,
201.690,0.2816,0.8754,0.3118,0.9019,0.63,22.45,0.381,,1,1,15.841,0.2387,,,
201.718,0.2939,0.8880,0.3393,0.9351,0.63,22.55,0.387,,1,1,15.841,0.2387,,,
201.747,0.3027,0.8999,0.3358,0.9443,0.63,22.60,0.388,,1,1,15.841,0.2387,,,
201.774,0.3119,0.9041,0.3447,0.9193,0.63,22.62,0.385,,1,1,15.841,0.2387,,,
201.815,0.3271,0.9074,0.3651,0.9157,0.65,22.58,0.383,,1,1,15.841,0.2387,,,
201.849,0.3496,0.9219,0.4170,0.9661,0.65,22.57,0.372,,1,1,15.841,0.2387,,,
201.881,0.3818,0.9529,0.4803,1.0491,0.65,22.56,0.376,,1,1,15.841,0.2387,,,
201.913,0.4126,0.9718,0.5092,1.0320,0.65,22.56,0.374,,1,1,15.841,0.2387,,,
201.944,0.4367,0.9881,0.5116,1.0399,0.64,22.60,0.374,,1,1,15.841,0.2387,,,
201.978,0.4580,1.0000,0.5196,1.0439,0.64,22.57,0.371,,1,1,15.841,0.2387,,,
202.009,0.4748,1.0000,0.5294,1.0749,0.64,22.53,0.370,,1,1,15.841,0.2387,,,
202.040,0.4891,1.0000,0.5343,1.0689,0.65,22.48,0.369,,1,1,15.841,0.2387,,,
202.073,0.5010,1.0000,0.5365,1.0454,0.65,22.44,0.368,,1,1,15.841,0.2387,,,
202.105,0.5140,1.0000,0.5551,1.0572,0.66,22.42,0.371,,1,1,15.841,0.2387,,,
202.136,0.5260,1.0000,0.5634,1.0570,0.67,22.41,0.370,,1,1,15.841,0.2387,,,
202.168,0.5355,1.0000,0.5657,1.0391,0.67,22.42,0.369,,1,1,15.841,0.2387,,,
202.221,0.5461,1.0000,0.5662,1.0374,0.67,22.50,0.372,,1,1,15.841,0.2387,,,
202.255,0.5383,1.0000,0.5154,0.9150,0.66,22.65,0.378,,1,1,15.841,0.2387,,,
202.283,0.5249,0.9666,0.4735,0.8131,0.64,22.74,0.391,,1,1,15.841,0.2387,,,
202.312,0.5095,0.9240,0.4534,0.7772,0.62,22.85,0.433,,1,1,15.841,0.2387,,,
202.344,0.4961,0.8824,0.4529,0.7572,0.59,22.97,0.444,,1,1,15.841,0.2387,,,
202.377,0.4838,0.8449,0.4443,0.7334,0.56,23.07,0.446,,1,1,15.841,0.2387,,,
202.409,0.4710,0.8064,0.4291,0.6906,0.54,23.12,0.446,,1,1,15.841,0.2387,,,
202.445,0.4553,0.7616,0.4105,0.6432,0.49,23.15,0.449,,1,1,15.841,0.2387,,,
202.473,0.4447,0.7286,0.4065,0.6195,0.44,23.21,0.451,,1,1,15.841,0.2387,,,
202.503,0.4328,0.6909,0.3917,0.5708,0.40,23.28,0.455,,1,1,15.841,0.2387,,,
202.538,0.4215,0.6578,0.3887,0.5700,0.35,23.34,0.451,,1,1,15.841,0.2387,,,
202.569,0.4100,0.6280,0.3703,0.5330,0.30,23.39,0.460,,1,1,15.841,0.2387,,,
202.602,0.4015,0.6131,0.3762,0.5715,0.27,23.43,0.457,,1,1,15.841,0.2387,,,
202.634,0.3940,0.5985,0.3697,0.5544,0.24,23.45,0.456,,1,1,15.841,0.2387,,,
202.664,0.3871,0.5741,0.3642,0.4977,0.20,23.47,0.444,,1,1,15.841,0.2387,,,
202.696,0.4096,0.6035,0.4825,0.6941,0.19,23.27,0.175,,1,1,15.841,0.2387,,,
202.729,0.4369,0.6234,0.5247,0.6852,0.22,23.00,0.137,,1,1,15.841,0.2387,,,
202.762,0.4557,0.6264,0.5154,0.6358,0.26,22.87,0.180,,1,1,15.841,0.2387,,,
202.807,0.4566,0.5974,0.4587,0.5324,0.29,22.81,0.267,,1,1,15.841,0.2387,,,
202.840,0.4462,0.5548,0.4132,0.4259,0.32,22.81,0.320,,1,1,15.841,0.2387,,,
202.874,0.4291,0.5013,0.3750,0.3452,0.33,22.80,0.357,,1,1,15.841,0.2387,,,
202.906,0.4129,0.4546,0.3597,0.3136,0.34,22.81,0.373,,1,1,15.841,0.2387,,,
202.939,0.3972,0.4133,0.3465,0.2910,0.34,22.83,0.387,,1,1,15.841,0.2387,,,
202.970,0.3806,0.3720,0.3275,0.2511,0.34,22.86,0.399,,1,1,15.841,0.2387,,,
203.001,0.3655,0.3458,0.3155,0.2654,0.34,22.90,0.404,,1,1,15.841,0.2387,,,
203.034,0.3488,0.3170,0.2970,0.2336,0.33,22.95,0.416,,1,1,15.841,0.2387,,,
203.065,0.3367,0.2993,0.2982,0.2464,0.32,23.04,0.420,,1,1,15.841,0.2387,,,
203.096,0.3283,0.2918,0.3011,0.2684,0.32,23.12,0.427,,1,1,15.841,0.2387,,,
203.128,0.3201,0.2882,0.2939,0.2774,0.32,23.16,0.436,,1,1,15.841,0.2387,,,
203.160,0.3110,0.2799,0.2817,0.2540,0.33,23.19,0.444,,1,1,15.841,0.2387,,,
203.192,0.2999,0.2648,0.2649,0.2187,0.34,23.22,0.452,,1,1,15.841,0.2387,,,
203.225,0.2883,0.2476,0.2524,0.1957,0.35,23.19,0.451,,1,1,15.841,0.2387,,,
203.258,0.2786,0.2396,0.2487,0.2159,0.35,23.17,0.450,,1,1,15.841,0.2387,,,
203.290,0.2727,0.2226,0.2539,0.1694,0.36,23.16,0.450,,1,1,15.841,0.2387,,,
203.321,0.2725,0.2170,0.2720,0.1992,0.39,23.18,0.454,,1,1,15.841,0.2387,,,
203.368,0.2693,0.1945,0.2622,0.1462,0.42,23.16,0.457,,1,1,15.841,0.2387,,,
203.401,0.2730,0.1851,0.2848,0.1559,0.43,23.17,0.459,,1,1,15.841,0.2387,,,
203.433,0.2789,0.1815,0.2981,0.1702,0.45,23.12,0.461,,1,1,15.841,0.2387,,,
203.465,0.2870,0.1809,0.3135,0.1790,0.46,23.12,0.463,,1,1,15.841,0.2387,,,
203.496,0.3015,0.1791,0.3503,0.1734,0.47,23.08,0.464,,1,1,15.841,0.2387,,,
203.534,0.3270,0.1844,0.3999,0.1994,0.50,23.06,0.461,,1,1,15.841,0.2387,,,
203.562,0.3498,0.1881,0.4286,0.2011,0.52,22.93,0.462,,1,1,15.841,0.2387,,,
203.593,0.3726,0.1953,0.4483,0.2201,0.54,22.88,0.466,,1,1,15.841,0.2387,,,
203.624,0.3980,0.1965,0.4790,0.2005,0.56,22.89,0.446,,1,1,15.841,0.2387,,,
203.657,0.4549,0.2782,0.6256,0.5322,0.63,22.77,0.215,,1,1,15.841,0.2387,,,
203.690,0.5160,0.3671,0.6974,0.6336,0.69,22.60,0.175,,1,1,15.841,0.2387,,,
203.721,0.5624,0.4421,0.6971,0.6575,0.75,22.53,0.215,,1,1,15.841,0.2387,,,
203.756,0.5930,0.4801,0.6754,0.5812,0.78,22.38,0.238,,1,1,15.841,0.2387,,,
203.816,0.6174,0.4804,0.6566,0.4810,0.76,22.15,0.303,,1,1,15.841,0.2387,,,
203.850,0.6321,0.4864,0.6750,0.5037,0.75,21.97,0.345,,1,1,15.841,0.2387,,,
203.882,0.6380,0.4721,0.6557,0.4286,0.74,21.82,0.376,,1,1,15.841,0.2387,,,
203.930,0.6320,0.4335,0.6194,0.3504,0.72,21.68,0.419,,1,1,15.841,0.2387,,,
203.962,0.6242,0.3982,0.5992,0.2807,0.72,21.61,0.425,,1,1,15.841,0.2387,,,
203.990,0.6166,0.3643,0.5892,0.2404,0.73,21.57,0.432,,1,1,15.841,0.2387,,,
204.018,0.6095,0.3458,0.5816,0.2750,0.73,21.54,0.437,,1,1,15.841,0.2387,,,
204.044,0.6023,0.3273,0.5737,0.2570,0.73,21.50,0.443,,1,1,15.841,0.2387,,,
204.074,0.5953,0.3093,0.5715,0.2512,0.74,21.45,0.454,,1,1,15.841,0.2387,,,
204.101,0.5881,0.2913,0.5595,0.2236,0.73,21.42,0.459,,1,1,15.841,0.2387,,,
204.128,0.5807,0.2645,0.5523,0.1690,0.72,21.35,0.465,,1,1,15.841,0.2387,,,
204.156,0.5767,0.2620,0.5615,0.2529,0.68,21.32,0.463,,1,1,15.841,0.2387,,,
204.216,0.5694,0.2463,0.5566,0.2202,0.61,21.26,0.483,,1,1,15.841,0.2387,,,
204.250,0.5650,0.2216,0.5519,0.1499,0.58,21.20,0.486,,1,1,15.841,0.2387,,,
204.281,0.5669,0.1791,0.5734,0.0423,0.54,21.11,0.486,,1,1,15.841,0.2387,,,
204.311,0.5763,0.1495,0.6098,0.0521,0.51,21.01,0.483,,1,1,15.841,0.2387,,,
204.345,0.5901,0.1055,0.6321,-0.0165,0.48,20.88,0.486,,1,1,15.841,0.2387,,,
204.377,0.6045,0.0906,0.6521,0.0450,0.45,20.75,0.485,,1,1,15.841,0.2387,,,
204.408,0.6183,0.0824,0.6642,0.0567,0.42,20.67,0.484,,1,1,15.841,0.2387,,,
204.441,0.6341,0.0615,0.6824,0.0009,0.39,20.63,0.487,,1,1,15.841,0.2387,,,
204.488,0.6536,0.0359,0.6960,-0.0178,0.35,20.42,0.485,,1,1,15.841,0.2387,,,
204.522,0.6635,0.0179,0.6932,-0.0340,0.33,20.32,0.485,,1,1,15.841,0.2387,,,
204.549,0.6695,0.0044,0.6929,-0.0458,0.31,20.24,0.485,,1,1,15.841,0.2387,,,
204.575,0.6748,0.0000,0.6951,-0.0589,0.29,20.15,0.486,,1,1,15.841,0.2387,,,
204.618,0.6771,0.0000,0.6828,-0.0823,0.27,19.98,0.487,,1,1,15.841,0.2387,,,
204.647,0.6792,0.0000,0.6864,-0.0692,0.25,19.87,0.484,,1,1,15.841,0.2387,,,
204.682,0.6814,0.0000,0.6880,0.0393,0.24,19.73,0.484,,1,1,15.841,0.2387,,,
204.713,0.6832,0.0002,0.6893,0.0342,0.22,19.60,0.480,,1,1,15.841,0.2387,,,
204.745,0.6842,0.0061,0.6874,0.0256,0.20,19.53,0.482,,1,1,15.841,0.2387,,,
204.776,0.6834,0.0036,0.6806,-0.0047,0.19,19.43,0.480,,1,1,15.841,0.2387,,,
204.809,0.6829,0.0011,0.6813,-0.0074,0.18,19.35,0.479,,1,1,15.841,0.2387,,,
204.842,0.6860,0.0053,0.6956,0.0188,0.19,19.29,0.470,,1,1,15.841,0.2387,,,
204.874,0.6956,0.0200,0.7260,0.0665,0.19,19.29,0.473,,1,1,15.841,0.2387,,,
204.905,0.7037,0.0299,0.7307,0.0636,0.17,19.29,0.475,,1,1,15.841,0.2387,,,
204.939,0.7201,0.0382,0.7718,0.0646,0.14,19.19,0.478,,1,1,15.841,0.2387,,,
204.968,0.7351,0.0461,0.7859,0.0734,0.09,19.05,0.479,,1,1,15.841,0.2387,,,
205.001,0.7584,0.0607,0.8300,0.1063,0.07,18.97,0.475,,1,1,15.841,0.2387,,,
205.033,0.7811,0.0704,0.8521,0.1019,0.04,18.88,0.473,,1,1,15.841,0.2387,,,
205.080,0.8120,0.0627,0.8779,0.0456,-0.12,18.50,0.473,,1,1,15.841,0.2387,,,
205.113,0.8315,0.0504,0.8903,0.0113,-0.16,18.43,0.474,,1,1,15.841,0.2387,,,
205.144,0.8521,0.0532,0.9202,0.0632,-0.25,18.06,0.474,,1,1,15.841,0.2387,,,
205.177,0.8738,0.0609,0.9378,0.0849,-0.58,16.74,0.472,,1,1,15.841,0.2387,,,
205.209,0.8969,0.0738,0.9677,0.1154,-0.65,16.58,0.464,,1,1,15.841,0.2387,,,
205.240,0.9164,0.0745,0.9788,0.0771,-0.81,15.68,0.457,,1,1,15.841,0.2387,,,
205.273,0.9327,0.0561,0.9819,-0.0034,-0.82,15.29,0.459,,1,1,15.841,0.2387,,,
205.305,0.9440,0.0384,0.9783,-0.0189,-0.86,15.00,0.459,,1,1,15.841,0.2387,,,
205.337,0.9540,0.0175,0.9851,-0.0550,-0.88,14.71,0.459,,1,1,15.841,0.2387,,,
205.370,0.9524,0.0015,0.9475,-0.1097,-0.90,14.75,0.463,,1,1,15.841,0.2387,,,
205.401,0.9484,0.0000,0.9354,-0.1112,-0.88,14.92,0.464,,1,1,15.841,0.2387,,,
205.434,0.9404,0.0000,0.9158,0.0130,-0.87,14.90,0.461,,1,1,15.841,0.2387,,,
205.465,0.9306,0.0000,0.8978,-0.0329,-0.87,14.80,0.464,,1,1,15.841,0.2387,,,
205.496,0.9216,0.0089,0.8907,0.0778,-0.87,14.71,0.464,,1,1,15.841,0.2387,,,
205.530,0.9093,0.0149,0.8705,0.0341,-0.88,14.68,0.467,,1,1,15.841,0.2387,,,
205.561,0.8943,0.0082,0.8446,-0.0143,-0.90,14.72,0.461,,1,1,15.841,0.2387,,,
205.592,0.8903,0.0282,0.8770,0.0960,-0.90,14.71,0.406,,1,1,15.841,0.2387,,,
205.641,0.8831,0.0777,0.8677,0.1820,-0.81,14.86,0.268,,1,1,15.841,0.2387,,,
205.674,0.9067,0.1905,0.9827,0.5206,-0.73,14.70,0.209,,1,1,15.841,0.2387,,,
205.706,0.9366,0.3378,1.0345,0.7565,-0.65,14.52,0.165,,1,1,15.841,0.2387,,,
205.737,0.9549,0.4537,1.0140,0.7687,-0.58,14.34,0.156,,1,1,15.841,0.2387,,,
205.770,0.9685,0.5630,1.0115,0.8473,-0.49,14.18,0.184,,1,1,15.841,0.2387,,,
205.801,0.9774,0.6446,1.0060,0.8604,-0.40,14.10,0.199,,1,1,15.841,0.2387,,,
205.835,0.9841,0.7112,1.0046,0.8792,-0.32,14.06,0.221,,1,1,15.841,0.2387,,,
205.865,0.9866,0.7631,0.9949,0.9063,-0.23,14.12,0.234,,1,1,15.841,0.2387,,,
205.898,0.9896,0.8022,0.9994,0.9071,-0.15,14.22,0.248,,1,1,15.841,0.2387,,,
205.929,0.9894,0.8369,0.9887,0.9313,-0.09,14.32,0.257,,1,1,15.841,0.2387,,,
205.961,0.9890,0.8662,0.9877,0.9478,-0.02,14.42,0.272,,1,1,15.841,0.2387,,,
205.991,0.9887,0.8945,0.9877,0.9774,0.04,14.48,0.274,,1,1,15.841,0.2387,,,
206.025,0.9895,0.9091,0.9920,0.9480,0.07,14.53,0.278,,1,1,15.841,0.2387,,,
206.058,0.9913,0.9180,0.9971,0.9433,0.10,14.62,0.281,,1,1,15.841,0.2387,,,
206.090,0.9918,0.9372,0.9935,0.9939,0.13,14.75,0.291,,1,1,15.841,0.2387,,,
206.122,0.9935,0.9565,0.9992,1.0136,0.17,14.93,0.287,,1,1,15.841,0.2387,,,
206.153,0.9948,0.9716,0.9990,1.0172,0.19,15.08,0.289,,1,1,15.841,0.2387,,,
206.232,0.9926,1.0000,0.9897,1.0416,0.27,15.57,0.284,,1,1,15.841,0.2387,,,
206.259,0.9918,1.0000,0.9885,1.0811,0.30,15.73,0.280,,1,1,15.841,0.2387,,,
206.288,0.9825,1.0000,0.9488,1.0640,0.32,15.78,0.269,,1,1,15.841,0.2387,,,
206.315,0.9665,1.0000,0.9050,1.1115,0.34,15.87,0.275,,1,1,15.841,0.2387,,,
206.342,0.9422,1.0000,0.8513,1.0404,0.36,16.01,0.292,,1,1,15.841,0.2387,,,
206.370,0.9077,1.0000,0.7827,0.9728,0.37,16.12,0.329,,1,1,15.841,0.2387,,,
206.397,0.8713,0.9944,0.7415,0.9051,0.37,16.24,0.358,,1,1,15.841,0.2387,,,
206.427,0.8319,0.9626,0.7017,0.8487,0.37,16.30,0.385,,1,1,15.841,0.2387,,,
206.456,0.7944,0.9224,0.6721,0.7825,0.36,16.40,0.416,,1,1,15.841,0.2387,,,
206.489,0.7624,0.8864,0.6696,0.7773,0.34,16.59,0.421,,1,1,15.841,0.2387,,,
206.523,0.7373,0.8556,0.6663,0.7646,0.32,16.79,0.431,,1,1,15.841,0.2387,,,
206.553,0.7181,0.8312,0.6581,0.7531,0.31,17.02,0.433,,1,1,15.841,0.2387,,,
206.619,0.6723,0.7872,0.6047,0.7209,0.27,17.49,0.441,,1,1,15.841,0.2387,,,
206.648,0.6468,0.7698,0.5616,0.7102,0.26,17.70,0.435,,1,1,15.841,0.2387,,,
206.682,0.6168,0.7708,0.5319,0.7737,0.23,17.89,0.427,,1,1,15.841,0.2387,,,
206.714,0.5876,0.7853,0.4998,0.8316,0.21,18.11,0.424,,1,1,15.841,0.2387,,,
206.745,0.5550,0.7949,0.4511,0.8284,0.19,18.39,0.420,,1,1,15.841,0.2387,,,
206.793,0.5069,0.8023,0.4136,0.8179,0.17,18.89,0.413,,1,1,15.841,0.2387,,,
206.821,0.4812,0.7996,0.3922,0.7891,0.16,19.18,0.409,,1,1,15.841,0.2387,,,
206.847,0.4557,0.7947,0.3626,0.7752,0.16,19.44,0.403,,1,1,15.841,0.2387,,,
206.874,0.4325,0.7989,0.3502,0.8156,0.15,19.73,0.396,,1,1,15.841,0.2387,,,
206.901,0.4135,0.8035,0.3471,0.8214,0.16,19.94,0.391,,1,1,15.841,0.2387,,,
206.928,0.3941,0.8076,0.3258,0.8238,0.17,20.10,0.387,,1,1,15.841,0.2387,,,
206.957,0.3723,0.8000,0.3018,0.7729,0.19,20.34,0.385,,1,1,15.841,0.2387,,,
207.018,0.3459,0.8086,0.3034,0.8236,0.24,20.78,0.383,,1,1,15.841,0.2387,,,
207.049,0.3381,0.8251,0.3135,0.8807,0.28,20.93,0.382,,1,1,15.841,0.2387,,,
207.082,0.3219,0.8275,0.2738,0.8352,0.31,21.08,0.381,,1,1,15.841,0.2387,,,
207.114,0.3102,0.8300,0.2741,0.8382,0.34,21.25,0.381,,1,1,15.841,0.2387,,,
207.145,0.3022,0.8291,0.2772,0.8264,0.37,21.40,0.382,,1,1,15.841,0.2387,,,
207.178,0.2905,0.8128,0.2544,0.7595,0.40,21.57,0.370,,1,1,15.841,0.2387,,,
207.211,0.2642,0.7607,0.1850,0.5992,0.41,21.76,0.407,,1,1,15.841,0.2387,,,
207.241,0.2334,0.6890,0.1337,0.4575,0.39,21.96,0.450,,1,1,15.841,0.2387,,,
207.273,0.2058,0.6193,0.1218,0.4137,0.37,22.13,0.467,,1,1,15.841,0.2387,,,
207.305,0.1853,0.5586,0.1236,0.3844,0.34,22.30,0.474,,1,1,15.841,0.2387,,,
207.353,0.1699,0.5097,0.1381,0.4137,0.28,22.43,0.467,,1,1,15.841,0.2387,,,
207.385,0.1650,0.4754,0.1499,0.3756,0.24,22.55,0.473,,1,1,15.841,0.2387,,,
207.418,0.1619,0.4482,0.1524,0.3681,0.19,22.64,0.474,,1,1,15.841,0.2387,,,
207.449,0.1617,0.4311,0.1609,0.3801,0.16,22.73,0.471,,1,1,15.841,0.2387,,,
207.482,0.1633,0.4214,0.1681,0.3934,0.12,22.74,0.476,,1,1,15.841,0.2387,,,
207.515,0.1652,0.4133,0.1714,0.3890,0.10,22.77,0.474,,1,1,15.841,0.2387,,,
207.546,0.1668,0.3974,0.1719,0.3478,0.09,22.80,0.476,,1,1,15.841,0.2387,,,
207.577,0.1714,0.3866,0.1871,0.3523,0.07,22.79,0.480,,1,1,15.841,0.2387,,,
207.610,0.1799,0.3781,0.2063,0.3533,0.04,22.77,0.480,,1,1,15.841,0.2387,,,
207.641,0.1829,0.3628,0.1934,0.3137,0.02,22.76,0.479,,1,1,15.841,0.2387,,,
207.673,0.1919,0.3481,0.2218,0.3022,-0.00,22.77,0.482,,1,1,15.841,0.2387,,,
207.707,0.2000,0.3310,0.2251,0.2805,-0.03,22.77,0.480,,1,1,15.841,0.2387,,,
207.737,0.2053,0.3086,0.2242,0.2345,-0.06,22.72,0.485,,1,1,15.841,0.2387,,,
207.769,0.2134,0.2945,0.2394,0.2518,-0.07,22.68,0.483,,1,1,15.841,0.2387,,,
207.801,0.2288,0.2907,0.2777,0.2790,-0.09,22.67,0.479,,1,1,15.841,0.2387,,,
207.834,0.2492,0.2848,0.3132,0.2666,-0.09,22.71,0.433,,1,1,15.841,0.2387,,,
207.864,0.2748,0.2877,0.3609,0.2973,-0.09,22.73,0.410,,1,1,15.841,0.2387,,,
207.913,0.3166,0.3005,0.4020,0.3276,-0.08,22.67,0.398,,1,1,15.841,0.2387,,,
207.949,0.3416,0.2962,0.4143,0.2830,-0.08,22.64,0.405,,1,1,15.841,0.2387,,,
207.975,0.3600,0.2859,0.4263,0.2477,-0.07,22.63,0.407,,1,1,15.841,0.2387,,,
208.009,0.3824,0.2677,0.4482,0.2123,-0.07,22.64,0.412,,1,1,15.841,0.2387,,,
208.040,0.4079,0.2656,0.4878,0.2588,-0.07,22.61,0.414,,1,1,15.841,0.2387,,,
208.073,0.4296,0.2618,0.4941,0.2501,-0.07,22.51,0.418,,1,1,15.841,0.2387,,,
208.105,0.4480,0.2532,0.5050,0.2251,-0.07,22.52,0.422,,1,1,15.841,0.2387,,,
208.137,0.4708,0.2680,0.5404,0.3164,-0.07,22.43,0.422,,1,1,15.841,0.2387,,,
208.169,0.4904,0.2784,0.5497,0.3123,-0.07,22.37,0.426,,1,1,15.841,0.2387,,,
208.204,0.5043,0.2826,0.5454,0.2958,-0.05,22.30,0.424,,1,1,15.841,0.2387,,,
208.233,0.5157,0.2898,0.5528,0.3147,-0.05,22.22,0.424,,1,1,15.841,0.2387,,,
208.266,0.5269,0.3060,0.5608,0.3580,-0.04,22.15,0.425,,1,1,15.841,0.2387,,,
208.297,0.5348,0.3156,0.5599,0.3475,-0.03,22.12,0.426,,1,1,15.841,0.2387,,,
208.328,0.5398,0.3205,0.5567,0.3374,-0.02,22.07,0.426,,1,1,15.841,0.2387,,,
208.360,0.5435,0.3249,0.5549,0.3389,-0.01,22.01,0.427,,1,1,15.841,0.2387,,,
208.394,0.5456,0.3289,0.5520,0.3413,0.01,21.95,0.429,,1,1,15.841,0.2387,,,
208.424,0.5464,0.3318,0.5491,0.3418,0.03,21.88,0.429,,1,1,15.841,0.2387,,,
208.476,0.5583,0.3139,0.5820,0.2775,0.05,21.84,0.434,,1,1,15.841,0.2387,,,
208.506,0.5674,0.3082,0.5980,0.2883,0.06,21.81,0.443,,1,1,15.841,0.2387,,,
208.537,0.5732,0.3063,0.5924,0.2996,0.07,21.81,0.445,,1,1,15.841,0.2387,,,
208.570,0.5773,0.3026,0.5900,0.2911,0.09,21.76,0.454,,1,1,15.841,0.2387,,,
208.603,0.5810,0.3051,0.5926,0.3131,0.10,21.72,0.458,,1,1,15.841,0.2387,,,
208.634,0.5840,0.3028,0.5939,0.2951,0.11,21.70,0.461,,1,1,15.841,0.2387,,,
208.665,0.5850,0.2985,0.5885,0.2841,0.11,21.66,0.474,,1,1,15.841,0.2387,,,
208.695,0.5871,0.2821,0.5941,0.2251,0.12,21.63,0.485,,1,1,15.841,0.2387,,,
208.728,0.5855,0.2590,0.5803,0.1865,0.12,21.63,0.493,,1,1,15.841,0.2387,,,
208.761,0.5848,0.2405,0.5829,0.1830,0.12,21.64,0.495,,1,1,15.841,0.2387,,,
208.792,0.5841,0.2266,0.5814,0.1805,0.12,21.65,0.498,,1,1,15.841,0.2387,,,
208.826,0.5828,0.2073,0.5786,0.1487,0.10,21.64,0.500,,1,1,15.841,0.2387,,,
208.858,0.5818,0.1915,0.5787,0.1417,0.10,21.63,0.500,,1,1,15.841,0.2387,,,
208.890,0.5787,0.1860,0.5685,0.1691,0.10,21.62,0.502,,1,1,15.841,0.2387,,,
208.922,0.5756,0.1786,0.5656,0.1552,0.09,21.56,0.503,,1,1,15.841,0.2387,,,
208.956,0.5715,0.1704,0.5588,0.1460,0.08,21.47,0.505,,1,1,15.841,0.2387,,,
209.016,0.5645,0.1546,0.5519,0.1272,0.03,21.29,0.497,,1,1,15.841,0.2387,,,
209.065,0.5590,0.1238,0.5474,0.0616,-0.01,21.27,0.500,,1,1,15.841,0.2387,,,
209.091,0.5567,0.1075,0.5473,0.0439,-0.02,21.28,0.500,,1,1,15.841,0.2387,,,
209.121,0.5538,0.0937,0.5437,0.0465,-0.03,21.23,0.501,,1,1,15.841,0.2387,,,
209.148,0.5557,0.0895,0.5629,0.0736,-0.05,21.13,0.505,,1,1,15.841,0.2387,,,
209.175,0.5659,0.1012,0.6052,0.1451,-0.06,21.00,0.493,,1,1,15.841,0.2387,,,
209.205,0.5851,0.0985,0.6557,0.0888,-0.08,20.86,0.489,,1,1,15.841,0.2387,,,
209.232,0.6019,0.0968,0.6633,0.0906,-0.10,20.72,0.494,,1,1,15.841,0.2387,,,
209.257,0.6187,0.0986,0.6853,0.1057,-0.12,20.60,0.490,,1,1,15.841,0.2387,,,
209.289,0.6354,0.1036,0.6890,0.1202,-0.12,20.45,0.492,,1,1,15.841,0.2387,,,
209.320,0.6520,0.1126,0.7064,0.1435,-0.13,20.39,0.488,,1,1,15.841,0.2387,,,
209.354,0.6721,0.1127,0.7313,0.1128,-0.14,20.30,0.487,,1,1,15.841,0.2387,,,
209.418,0.7004,0.1354,0.7449,0.1728,-0.18,19.96,0.490,,1,1,15.841,0.2387,,,
209.449,0.7093,0.1399,0.7381,0.1553,-0.20,19.82,0.493,,1,1,15.841,0.2387,,,
209.480,0.7191,0.1470,0.7513,0.1709,-0.21,19.64,0.493,,1,1,15.841,0.2387,,,
209.512,0.7256,0.1451,0.7464,0.1388,-0.21,19.52,0.494,,1,1,15.841,0.2387,,,
209.544,0.7336,0.1385,0.7587,0.1167,-0.21,19.39,0.495,,1,1,15.841,0.2387,,,
209.578,0.7391,0.1381,0.7558,0.1369,-0.19,19.30,0.494,,1,1,15.841,0.2387,,,
209.625,0.7460,0.1488,0.7611,0.1730,-0.17,19.19,0.495,,1,1,15.841,0.2387,,,
209.656,0.7518,0.1459,0.7708,0.1363,-0.16,19.15,0.489,,1,1,15.841,0.2387,,,
209.684,0.7562,0.1392,0.7724,0.1132,-0.16,19.14,0.487,,1,1,15.841,0.2387,,,
209.711,0.7573,0.1332,0.7618,0.1078,-0.16,19.14,0.487,,1,1,15.841,0.2387,,,
209.738,0.7583,0.1237,0.7621,0.0882,-0.15,19.13,0.488,,1,1,15.841,0.2387,,,
209.764,0.7587,0.1181,0.7602,0.0963,-0.15,19.11,0.488,,1,1,15.841,0.2387,,,
209.816,0.7570,0.1061,0.7538,0.0824,-0.15,19.10,0.486,,1,1,15.841,0.2387,,,
209.850,0.7536,0.0938,0.7423,0.0544,-0.15,19.09,0.488,,1,1,15.841,0.2387,,,
209.881,0.7484,0.0778,0.7313,0.0262,-0.15,19.10,0.492,,1,1,15.841,0.2387,,,
209.911,0.7426,0.0604,0.7224,0.0027,-0.15,19.13,0.491,,1,1,15.841,0.2387,,,
209.947,0.7348,0.0399,0.7116,-0.0186,-0.15,19.08,0.486,,1,1,15.841,0.2387,,,
209.976,0.7280,0.0195,0.7041,-0.0774,-0.13,18.98,0.477,,1,1,15.841,0.2387,,,
210.008,0.7207,0.0030,0.6963,-0.0689,-0.11,18.87,0.475,,1,1,15.841,0.2387,,,
210.041,0.7241,0.0000,0.7348,-0.0977,-0.11,18.69,0.471,,1,1,15.841,0.2387,,,
210.076,0.7290,0.0000,0.7441,-0.1209,-0.16,18.32,0.476,,1,1,15.841,0.2387,,,
210.105,0.7386,0.0000,0.7732,-0.0839,-0.22,17.67,0.475,,1,1,15.841,0.2387,,,
210.137,0.7507,0.0000,0.7884,-0.0595,-0.28,17.01,0.474,,1,1,15.841,0.2387,,,
210.186,0.7697,0.0000,0.8104,-0.0525,-0.37,16.57,0.473,,1,1,15.841,0.2387,,,
210.221,0.7840,0.0000,0.8263,-0.1721,-0.68,15.24,0.472,,1,1,15.841,0.2387,,,
210.253,0.7954,0.0000,0.8324,-0.1827,-0.72,14.67,0.471,,1,1,15.841,0.2387,,,
210.284,0.8058,0.0000,0.8404,-0.1942,-0.83,13.82,0.469,,1,1,15.841,0.2387,,,
210.312,0.8124,0.0000,0.8361,-0.1982,-0.82,13.49,0.469,,1,1,15.841,0.2387,,,
210.346,0.8183,0.0000,0.8367,-0.2072,-0.80,13.22,0.468,,1,1,15.841,0.2387,,,
210.376,0.8234,0.0000,0.8403,-0.2017,-0.80,13.12,0.444,,1,1,15.841,0.2387,,,
210.409,0.8286,0.0000,0.8451,-0.1964,-0.86,12.39,0.361,,1,1,15.841,0.2387,,,
210.441,0.8413,0.0000,0.8820,-0.1675,-0.93,11.57,0.298,,1,1,15.841,0.2387,,,
210.473,0.8494,0.0000,0.8753,-0.1561,-0.99,10.79,0.316,,1,1,15.841,0.2387,,,
210.505,0.8620,0.0000,0.9031,-0.0993,-1.03,10.02,0.348,,1,1,15.841,0.2387,,,
210.536,0.8734,0.0000,0.9099,-0.0961,-1.03,9.49,0.357,,1,1,15.841,0.2387,,,
210.570,0.8820,0.0000,0.9081,-0.1113,-1.03,9.01,0.361,,1,1,15.841,0.2387,,,
210.603,0.8885,0.0000,0.9090,-0.1170,-1.08,8.43,0.367,,1,1,15.841,0.2387,,,
210.634,0.8937,0.0000,0.9107,-0.1191,-1.11,7.98,0.370,,1,1,15.841,0.2387,,,
210.665,0.8989,0.0000,0.9164,-0.0772,-1.04,7.84,0.372,,1,1,15.841,0.2387,,,
210.697,0.9024,0.0000,0.9136,-0.0627,-1.01,7.83,0.377,,1,1,15.841,0.2387,,,
210.745,0.9103,0.0000,0.9271,-0.1026,-1.09,7.04,0.382,,1,1,15.841,0.2387,,,
210.780,0.9177,0.0000,0.9403,-0.0643,-1.05,7.19,0.358,,1,1,15.841,0.2387,,,
210.807,0.9352,0.0000,0.9989,0.1266,-1.03,6.40,0.224,,1,1,15.841,0.2387,,,
210.841,0.9638,0.0534,1.0654,0.2474,-1.00,5.67,0.168,,1,1,15.841,0.2387,,,
210.872,0.9638,0.0534,,,-0.98,5.05,0.139,,1,1,15.841,0.2387,,,
210.906,0.9638,0.0534,,,-0.95,4.46,0.143,,1,1,15.841,0.2387,,,
210.938,0.9638,0.0534,,,-0.93,3.82,0.160,,1,1,15.841,0.2387,,,
210.973,0.9638,0.0534,,,-0.89,3.31,0.172,,1,1,15.841,0.2387,,,
211.001,0.9638,0.0534,,,-0.85,2.93,0.196,,1,1,15.841,0.2387,,,
211.034,0.9638,0.0534,,,-0.78,2.81,0.199,,1,1,15.841,0.2387,,,
211.065,0.9638,0.0534,,,-0.71,2.79,0.206,,1,1,15.841,0.2387,,,
211.098,0.9638,0.0534,,,-0.66,2.80,0.213,,1,1,15.841,0.2387,,,
211.129,0.9638,0.0534,,,-0.60,2.88,0.241,,1,1,15.841,0.2387,,,
211.163,0.9638,0.0534,,,-0.56,2.87,0.244,,1,1,15.841,0.2387,,,
211.197,0.9638,0.0534,,,-0.50,3.03,0.245,,1,1,15.841,0.2387,,,
211.229,0.9638,0.0534,,,-0.44,3.33,0.251,,1,1,15.841,0.2387,,,
211.264,0.9638,0.0534,,,-0.37,3.51,0.262,,1,1,15.841,0.2387,,,
211.299,0.9638,0.0534,,,-0.31,3.61,0.265,,1,1,15.841,0.2387,,,
211.340,0.9638,0.0534,,,-0.26,3.63,0.281,,1,1,15.841,0.2387,,,
211.371,0.9638,0.0534,,,-0.22,3.84,0.260,,1,1,15.841,0.2387,,,
211.402,0.9638,0.0534,,,-0.20,4.00,0.272,,1,1,15.841,0.2387,,,
211.436,0.9638,0.0534,,,-0.19,4.34,0.289,,1,1,15.841,0.2387,,,
211.468,0.9638,0.0534,,,-0.21,4.73,0.304,,1,1,15.841,0.2387,,,
211.497,0.9638,0.0534,,,-0.20,4.98,0.309,,1,1,15.841,0.2387,,,
211.529,0.9638,0.0534,,,-0.21,5.32,0.314,,1,1,15.841,0.2387,,,
211.561,0.9664,0.4394,0.9669,0.5181,-0.21,5.55,0.328,,1,1,15.841,0.2387,,,
211.591,0.9638,0.4600,0.9548,0.5287,-0.24,5.81,0.326,,1,1,15.841,0.2387,,,
211.625,0.9515,0.4697,0.9132,0.4984,-0.29,6.31,0.337,,1,1,15.841,0.2387,,,
211.658,0.9393,0.4798,0.9004,0.5109,-0.29,7.01,0.337,,1,1,15.841,0.2387,,,
211.689,0.9248,0.4916,0.8762,0.5302,-0.29,7.65,0.344,,1,1,15.841,0.2387,,,
211.720,0.9111,0.5052,0.8651,0.5502,-0.31,8.28,0.365,,1,1,15.841,0.2387,,,
211.752,0.8964,0.5083,0.8501,0.5180,-0.32,8.89,0.375,,1,1,15.841,0.2387,,,
211.819,0.8697,0.5146,0.8283,0.5242,-0.33,10.05,0.376,,1,1,15.841,0.2387,,,
211.850,0.8562,0.5158,0.8125,0.5199,-0.33,10.40,0.386,,1,1,15.841,0.2387,,,
211.896,0.8355,0.5284,0.7898,0.5564,-0.32,11.11,0.391,,1,1,15.841,0.2387,,,
211.931,0.8225,0.5297,0.7840,0.5336,-0.29,11.45,0.389,,1,1,15.841,0.2387,,,
211.961,0.8125,0.5271,0.7787,0.5183,-0.26,11.81,0.386,,1,1,15.841,0.2387,,,
211.990,0.8036,0.5300,0.7726,0.5404,-0.25,12.14,0.384,,1,1,15.841,0.2387,,,
212.019,0.7905,0.5306,0.7449,0.5324,-0.24,12.46,0.382,,1,1,15.841,0.2387,,,
212.048,0.7757,0.5404,0.7209,0.5779,-0.24,12.72,0.384,,1,1,15.841,0.2387,,,
212.077,0.7538,0.5400,0.6819,0.5389,-0.23,13.07,0.384,,1,1,15.841,0.2387,,,
212.106,0.7306,0.5304,0.6513,0.4954,-0.22,13.46,0.378,,1,1,15.841,0.2387,,,
212.135,0.7135,0.5330,0.6548,0.5426,-0.21,13.83,0.377,,1,1,15.841,0.2387,,,
212.167,0.6979,0.5329,0.6470,0.5327,-0.19,14.16,0.379,,1,1,15.841,0.2387,,,
212.216,0.6711,0.5243,0.6181,0.5059,-0.16,14.63,0.380,,1,1,15.841,0.2387,,,
212.251,0.6563,0.5350,0.6143,0.5672,-0.14,14.95,0.380,,1,1,15.841,0.2387,,,
212.281,0.6351,0.5399,0.5653,0.5569,-0.13,15.30,0.413,,1,1,15.841,0.2387,,,
212.314,0.6075,0.5414,0.5229,0.5463,-0.15,15.60,0.446,,1,1,15.841,0.2387,,,
212.345,0.5749,0.5166,0.4758,0.4357,-0.18,15.89,0.473,,1,1,15.841,0.2387,,,
212.376,0.5473,0.4922,0.4625,0.4122,-0.21,16.19,0.479,,1,1,15.841,0.2387,,,
212.410,0.5207,0.4727,0.4433,0.4127,-0.24,16.49,0.486,,1,1,15.841,0.2387,,,
212.458,0.4892,0.4386,0.4254,0.3665,-0.28,16.83,0.488,,1,1,15.841,0.2387,,,
212.489,0.4718,0.4286,0.4168,0.3959,-0.30,17.08,0.490,,1,1,15.841,0.2387,,,
212.516,0.4594,0.4237,0.4146,0.4051,-0.31,17.26,0.491,,1,1,15.841,0.2387,,,
212.543,0.4486,0.4157,0.4093,0.3860,-0.32,17.45,0.489,,1,1,15.841,0.2387,,,
212.570,0.4392,0.4047,0.4057,0.3636,-0.34,17.62,0.489,,1,1,15.841,0.2387,,,
212.617,0.4289,0.3925,0.4065,0.3657,-0.36,17.89,0.484,,1,1,15.841,0.2387,,,
212.649,0.4210,0.3727,0.3965,0.3103,-0.37,18.04,0.481,,1,1,15.841,0.2387,,,
212.680,0.4146,0.3555,0.3944,0.3011,-0.39,18.23,0.479,,1,1,15.841,0.2387,,,
212.712,0.4102,0.3289,0.3960,0.2455,-0.40,18.42,0.482,,1,1,15.841,0.2387,,,
212.744,0.4155,0.3177,0.4329,0.2821,-0.42,18.61,0.479,,1,1,15.841,0.2387,,,
212.777,0.4251,0.3082,0.4550,0.2797,-0.43,18.75,0.478,,1,1,15.841,0.2387,,,
212.810,0.4325,0.2993,0.4560,0.2720,-0.44,18.94,0.473,,1,1,15.841,0.2387,,,
212.841,0.4388,0.2837,0.4602,0.2338,-0.45,19.11,0.476,,1,1,15.841,0.2387,,,
212.873,0.4453,0.2648,0.4666,0.2052,-0.46,19.26,0.480,,1,1,15.841,0.2387,,,
212.906,0.4522,0.2509,0.4741,0.2094,-0.48,19.46,0.476,,1,1,15.841,0.2387,,,
212.938,0.4596,0.2452,0.4846,0.2268,-0.49,19.59,0.476,,1,1,15.841,0.2387,,,
212.969,0.4665,0.2410,0.4892,0.2274,-0.51,19.69,0.475,,1,1,15.841,0.2387,,,
213.001,0.4724,0.2362,0.4915,0.2210,-0.52,19.78,0.479,,1,1,15.841,0.2387,,,
213.049,0.4576,0.2123,0.4248,0.1616,-0.53,19.93,0.472,,1,1,15.841,0.2387,,,
213.082,0.4461,0.2057,0.4094,0.1854,-0.54,20.02,0.470,,1,1,15.841,0.2387,,,
213.117,0.4331,0.1929,0.3939,0.1553,-0.55,20.07,0.467,,1,1,15.841,0.2387,,,
213.152,0.4212,0.1877,0.3864,0.1726,-0.55,20.12,0.465,,1,1,15.841,0.2387,,,
213.179,0.4139,0.1837,0.3856,0.1684,-0.54,20.14,0.464,,1,1,15.841,0.2387,,,
213.209,0.4096,0.1870,0.3940,0.1991,-0.53,20.17,0.461,,1,1,15.841,0.2387,,,
213.241,0.3974,0.1776,0.3584,0.1475,-0.53,20.17,0.462,,1,1,15.841,0.2387,,,
213.272,0.3850,0.1612,0.3445,0.1082,-0.52,20.20,0.457,,1,1,15.841,0.2387,,,
213.305,0.3659,0.1446,0.3070,0.0936,-0.53,20.20,0.452,,1,1,15.841,0.2387,,,
213.336,0.3533,0.1344,0.3129,0.1013,-0.54,20.18,0.450,,1,1,15.841,0.2387,,,
213.369,0.3425,0.1273,0.3086,0.1051,-0.54,20.14,0.447,,1,1,15.841,0.2387,,,
213.402,0.3292,0.1191,0.2874,0.0933,-0.55,20.13,0.443,,1,1,15.841,0.2387,,,
213.436,0.3127,0.1105,0.2631,0.0843,-0.53,20.18,0.441,,1,1,15.841,0.2387,,,
213.466,0.2983,0.1049,0.2522,0.0870,-0.51,20.21,0.438,,1,1,15.841,0.2387,,,
213.497,0.2827,0.1002,0.2321,0.0847,-0.49,20.20,0.439,,1,1,15.841,0.2387,,,
213.530,0.2670,0.1177,0.2189,0.1735,-0.46,20.18,0.436,,1,1,15.841,0.2387,,,
213.561,0.2459,0.1344,0.1783,0.1914,-0.45,20.23,0.439,,1,1,15.841,0.2387,,,
213.608,0.2195,0.1402,0.1632,0.1532,-0.41,20.37,0.440,,1,1,15.841,0.2387,,,
213.641,0.2056,0.1430,0.1639,0.1521,-0.38,20.46,0.439,,1,1,15.841,0.2387,,,
213.673,0.1875,0.1408,0.1302,0.1331,-0.36,20.51,0.442,,1,1,15.841,0.2387,,,
213.706,0.1698,0.1354,0.1165,0.1182,-0.35,20.58,0.441,,1,1,15.841,0.2387,,,
213.737,0.1522,0.1302,0.0965,0.1126,-0.34,20.64,0.446,,1,1,15.841,0.2387,,,
213.770,0.1315,0.1124,0.0680,0.0548,-0.34,20.71,0.445,,1,1,15.841,0.2387,,,
213.803,0.1163,0.1052,0.0709,0.0826,-0.34,20.72,0.447,,1,1,15.841,0.2387,,,
213.832,0.1072,0.0997,0.0755,0.0801,-0.34,20.78,0.448,,1,1,15.841,0.2387,,,
213.865,0.0981,0.0960,0.0711,0.0845,-0.33,20.81,0.449,,1,1,15.841,0.2387,,,
213.897,0.0953,0.1015,0.0865,0.1195,-0.32,20.81,0.449,,1,1,15.841,0.2387,,,
213.929,0.0953,0.1083,0.0951,0.1311,-0.31,20.81,0.448,,1,1,15.841,0.2387,,,
213.964,0.0981,0.1182,0.1067,0.1485,-0.30,20.84,0.448,,1,1,15.841,0.2387,,,
213.992,0.1042,0.1346,0.1266,0.1957,-0.31,20.86,0.451,,1,1,15.841,0.2387,,,
214.024,0.1191,0.1576,0.1662,0.2291,-0.31,20.88,0.403,,1,1,15.841,0.2387,,,
214.056,0.1525,0.1788,0.2616,0.2465,-0.30,20.79,0.247,,1,1,15.841,0.2387,,,
214.088,0.2312,0.2624,0.4747,0.5158,-0.25,20.55,0.124,,1,1,15.841,0.2387,,,
214.120,0.3171,0.3726,0.5705,0.6885,-0.20,20.19,0.078,,1,1,15.841,0.2387,,,
214.169,0.4023,0.5075,0.5709,0.7635,-0.14,19.73,0.108,,1,1,15.841,0.2387,,,
214.201,0.4412,0.5794,0.5500,0.7706,-0.11,19.45,0.132,,1,1,15.841,0.2387,,,
214.233,0.4670,0.6332,0.5432,0.7833,-0.06,19.33,0.149,,1,1,15.841,0.2387,,,
214.266,0.4835,0.6831,0.5304,0.8154,-0.01,19.22,0.157,,1,1,15.841,0.2387,,,
214.299,0.4898,0.7206,0.5083,0.8229,0.03,19.14,0.171,,1,1,15.841,0.2387,,,
214.328,0.4888,0.7534,0.4853,0.8548,0.06,19.13,0.204,,1,1,15.841,0.2387,,,
214.360,0.4887,0.7978,0.4884,0.9227,0.10,19.09,0.221,,1,1,15.841,0.2387,,,
214.392,0.4857,0.8485,0.4765,0.9902,0.13,19.07,0.229,,1,1,15.841,0.2387,,,
214.427,0.4773,0.8766,0.4522,0.9510,0.16,18.99,0.239,,1,1,15.841,0.2387,,,
214.457,0.4717,0.9031,0.4530,0.9825,0.19,18.94,0.244,,1,1,15.841,0.2387,,,
214.488,0.4671,0.9035,0.4510,0.9047,0.20,18.91,0.249,,1,1,15.841,0.2387,,,
214.522,0.4636,0.9049,0.4529,0.9091,0.21,18.95,0.244,,1,1,15.841,0.2387,,,
214.552,0.4571,0.8952,0.4354,0.8651,0.22,18.96,0.236,,1,1,15.841,0.2387,,,
214.621,0.4407,0.9277,0.4151,0.9749,0.26,18.98,0.236,,1,1,15.841,0.2387,,,
214.650,0.4289,0.9393,0.3866,0.9784,0.27,18.96,0.233,,1,1,15.841,0.2387,,,
214.682,0.4150,0.9535,0.3683,0.9989,0.27,18.95,0.252,,1,1,15.841,0.2387,,,
214.728,0.4024,0.9790,0.3747,1.0328,0.30,18.95,0.257,,1,1,15.841,0.2387,,,
214.761,0.3983,0.9955,0.3849,1.0470,0.32,18.99,0.263,,1,1,15.841,0.2387,,,
214.788,0.3961,1.0000,0.3880,1.0509,0.33,19.04,0.265,,1,1,15.841,0.2387,,,
214.816,0.3917,1.0000,0.3755,1.0367,0.33,19.12,0.278,,1,1,15.841,0.2387,,,
214.844,0.3845,1.0000,0.3571,1.0453,0.33,19.17,0.285,,1,1,15.841,0.2387,,,
214.871,0.3782,1.0000,0.3548,1.0337,0.34,19.25,0.294,,1,1,15.841,0.2387,,,
214.900,0.3692,1.0000,0.3365,0.9989,0.34,19.31,0.299,,1,1,15.841,0.2387,,,
214.925,0.3626,1.0000,0.3363,0.9861,0.35,19.38,0.297,,1,1,15.841,0.2387,,,
214.957,0.3553,1.0000,0.3315,0.9990,0.35,19.45,0.306,,1,1,15.841,0.2387,,,
215.017,0.3386,0.9788,0.3100,0.9262,0.34,19.67,0.314,,1,1,15.841,0.2387,,,
215.051,0.3295,0.9673,0.3017,0.9314,0.32,19.82,0.329,,1,1,15.841,0.2387,,,
215.082,0.3242,0.9602,0.3058,0.9350,0.31,19.99,0.341,,1,1,15.841,0.2387,,,
215.113,0.3209,0.9632,0.3106,0.9729,0.30,20.07,0.350,,1,1,15.841,0.2387,,,
215.146,0.3106,0.9555,0.2780,0.9304,0.30,20.15,0.352,,1,1,15.841,0.2387,,,
215.178,0.2981,0.9434,0.2576,0.9039,0.30,20.25,0.356,,1,1,15.841,0.2387,,,
215.208,0.2894,0.9359,0.2602,0.9106,0.30,20.33,0.359,,1,1,15.841,0.2387,,,
215.241,0.2798,0.9316,0.2501,0.9181,0.30,20.45,0.358,,1,1,15.841,0.2387,,,
215.272,0.2666,0.9182,0.2233,0.8736,0.30,20.59,0.359,,1,1,15.841,0.2387,,,
215.322,0.2504,0.9097,0.2170,0.8920,0.26,20.74,0.358,,1,1,15.841,0.2387,,,
215.351,0.2436,0.9047,0.2193,0.8869,0.24,20.83,0.357,,1,1,15.841,0.2387,,,
215.381,0.2373,0.9041,0.2163,0.9020,0.22,20.96,0.359,,1,1,15.841,0.2387,,,
215.419,0.2307,0.9037,0.2120,0.9026,0.21,21.15,0.363,,1,1,15.841,0.2387,,,
215.449,0.2220,0.8986,0.1940,0.8820,0.20,21.26,0.362,,1,1,15.841,0.2387,,,
215.482,0.2103,0.8996,0.1735,0.9028,0.19,21.34,0.362,,1,1,15.841,0.2387,,,
215.514,0.2006,0.8958,0.1696,0.8831,0.19,21.44,0.357,,1,1,15.841,0.2387,,,
215.546,0.1920,0.8908,0.1643,0.8748,0.19,21.56,0.358,,1,1,15.841,0.2387,,,
215.578,0.1845,0.8834,0.1611,0.8596,0.18,21.65,0.356,,1,1,15.841,0.2387,,,
215.612,0.1850,0.8912,0.1866,0.9156,0.19,21.74,0.357,,1,1,15.841,0.2387,,,
215.642,0.1882,0.9050,0.1992,0.9531,0.21,21.83,0.350,,1,1,15.841,0.2387,,,
215.672,0.1896,0.9135,0.1943,0.9439,0.21,21.89,0.353,,1,1,15.841,0.2387,,,
215.704,0.1889,0.9153,0.1867,0.9212,0.21,21.94,0.345,,1,1,15.841,0.2387,,,
215.737,0.1906,0.9183,0.1962,0.9279,0.21,21.99,0.340,,1,1,15.841,0.2387,,,
215.769,0.1907,0.9167,0.1911,0.9115,0.21,22.05,0.339,,1,1,15.841,0.2387,,,
215.800,0.1930,0.9165,0.2005,0.9158,0.18,22.09,0.337,,1,1,15.841,0.2387,,,
215.834,0.1943,0.9155,0.1986,0.9124,0.17,22.12,0.338,,1,1,15.841,0.2387,,,
215.884,0.1899,0.8966,0.1805,0.8567,0.15,22.16,0.338,,1,1,15.841,0.2387,,,
215.917,0.1942,0.8914,0.2080,0.8751,0.13,22.18,0.339,,1,1,15.841,0.2387,,,
215.953,0.2035,0.8943,0.2309,0.9027,0.12,22.20,0.342,,1,1,15.841,0.2387,,,
215.984,0.2102,0.8950,0.2329,0.8972,0.11,22.22,0.341,,1,1,15.841,0.2387,,,
216.011,0.2141,0.8966,0.2294,0.9030,0.10,22.21,0.336,,1,1,15.841,0.2387,,,
216.045,0.2122,0.8950,0.2062,0.8902,0.10,22.21,0.337,,1,1,15.841,0.2387,,,
216.073,0.2119,0.8964,0.2110,0.9016,0.09,22.18,0.343,,1,1,15.841,0.2387,,,
216.105,0.2077,0.8941,0.1935,0.8865,0.11,22.18,0.350,,1,1,15.841,0.2387,,,
216.137,0.2014,0.8843,0.1809,0.8525,0.11,22.21,0.353,,1,1,15.841,0.2387,,,
216.170,0.1886,0.8571,0.1473,0.7703,0.11,22.28,0.370,,1,1,15.841,0.2387,,,
216.201,0.1688,0.8161,0.1044,0.6867,0.09,22.37,0.410,,1,1,15.841,0.2387,,,
216.232,0.1441,0.7600,0.0629,0.5828,0.06,22.46,0.458,,1,1,15.841,0.2387,,,
216.267,0.1104,0.6793,0.0131,0.4605,0.01,22.55,0.472,,1,1,15.841,0.2387,,,
216.300,0.0816,0.6068,-0.0061,0.4017,-0.03,22.64,0.473,,1,1,15.841,0.2387,,,
216.330,0.0605,0.5531,-0.0108,0.3863,-0.07,22.72,0.466,,1,1,15.841,0.2387,,,
216.361,0.0426,0.5111,-0.0135,0.3902,-0.10,22.78,0.463,,1,1,15.841,0.2387,,,
216.395,0.0287,0.4816,-0.0122,0.4015,-0.13,22.84,0.464,,1,1,15.841,0.2387,,,
216.440,0.0135,0.4527,-0.0197,0.3933,-0.17,22.96,0.465,,1,1,15.841,0.2387,,,
216.473,0.0015,0.4338,-0.0354,0.3794,-0.20,23.01,0.465,,1,1,15.841,0.2387,,,
216.504,0.0000,0.4138,-0.0502,0.3533,-0.23,23.07,0.470,,1,1,15.841,0.2387,,,
216.537,0.0000,0.4074,-0.0467,0.3882,-0.26,23.13,0.468,,1,1,15.841,0.2387,,,
216.570,0.0000,0.4040,-0.0467,0.3940,-0.27,23.17,0.465,,1,1,15.841,0.2387,,,
216.602,0.0000,0.3972,-0.0588,0.3767,-0.28,23.19,0.468,,1,1,15.841,0.2387,,,
216.634,0.0000,0.3917,-0.0573,0.3745,-0.29,23.22,0.469,,1,1,15.841,0.2387,,,
216.665,0.0000,0.3817,-0.0682,0.3492,-0.30,23.25,0.469,,1,1,15.841,0.2387,,,
216.697,0.0000,0.3588,-0.0927,0.2896,-0.31,23.30,0.472,,1,1,15.841,0.2387,,,
216.728,0.0000,0.3452,-0.0914,0.3015,-0.32,23.33,0.469,,1,1,15.841,0.2387,,,
216.760,0.0000,0.3385,-0.0860,0.3171,-0.32,23.36,0.470,,1,1,15.841,0.2387,,,
216.792,0.0000,0.3331,-0.0919,0.3163,-0.31,23.41,0.468,,1,1,15.841,0.2387,,,
216.824,0.0000,0.3316,-0.0876,0.3270,-0.31,23.46,0.467,,1,1,15.841,0.2387,,,
216.858,0.0000,0.3181,-0.1028,0.2776,-0.34,23.50,0.470,,1,1,15.841,0.2387,,,
216.890,0.0000,0.3141,-0.0871,0.3013,-0.37,23.51,0.467,,1,1,15.841,0.2387,,,
216.921,0.0000,0.3232,-0.0154,0.3550,-0.40,23.53,0.468,,1,1,15.841,0.2387,,,
216.957,0.0000,0.3263,0.0716,0.3349,-0.42,23.59,0.469,,1,1,15.841,0.2387,,,
217.033,0.0652,0.3491,0.1686,0.3807,-0.43,23.78,0.471,,1,1,15.841,0.2387,,,
217.062,0.0909,0.3578,0.1811,0.3899,-0.42,23.85,0.471,,1,1,15.841,0.2387,,,
217.088,0.1191,0.3683,0.2245,0.4096,-0.42,23.91,0.467,,1,1,15.841,0.2387,,,
217.117,0.1491,0.3820,0.2501,0.4307,-0.41,23.97,0.466,,1,1,15.841,0.2387,,,
217.142,0.1778,0.4007,0.2905,0.4782,-0.40,23.92,0.462,,1,1,15.841,0.2387,,,
217.169,0.2113,0.4134,0.3286,0.4610,-0.38,23.87,0.467,,1,1,15.841,0.2387,,,
217.196,0.2402,0.4160,0.3448,0.4260,-0.37,23.89,0.472,,1,1,15.841,0.2387,,,
217.225,0.2667,0.4265,0.3538,0.4640,-0.35,23.87,0.471,,1,1,15.841,0.2387,,,
217.257,0.2924,0.4244,0.3682,0.4175,-0.36,23.88,0.471,,1,1,15.841,0.2387,,,
217.290,0.3185,0.4216,0.3950,0.4127,-0.37,23.84,0.468,,1,1,15.841,0.2387,,,
217.321,0.3450,0.4237,0.4258,0.4306,-0.37,23.78,0.468,,1,1,15.841,0.2387,,,
217.353,0.3678,0.4147,0.4349,0.3858,-0.38,23.69,0.465,,1,1,15.841,0.2387,,,
217.416,0.4128,0.4328,0.4818,0.4627,-0.41,23.62,0.463,,1,1,15.841,0.2387,,,
217.451,0.4358,0.4448,0.5025,0.4823,-0.42,23.52,0.466,,1,1,15.841,0.2387,,,
217.482,0.4566,0.4465,0.5185,0.4517,-0.42,23.44,0.467,,1,1,15.841,0.2387,,,
217.514,0.4771,0.4565,0.5403,0.4897,-0.42,23.30,0.464,,1,1,15.841,0.2387,,,
217.544,0.4950,0.4689,0.5541,0.5120,-0.41,23.22,0.460,,1,1,15.841,0.2387,,,
217.597,0.5279,0.4848,0.5877,0.5154,-0.41,23.16,0.467,,1,1,15.841,0.2387,,,
217.627,0.5482,0.5021,0.6141,0.5608,-0.41,23.01,0.465,,1,1,15.841,0.2387,,,
217.655,0.5664,0.5225,0.6288,0.5953,-0.41,22.82,0.464,,1,1,15.841,0.2387,,,
217.684,0.5801,0.5330,0.6276,0.5700,-0.41,22.73,0.467,,1,1,15.841,0.2387,,,
217.711,0.5959,0.5483,0.6531,0.6054,-0.41,22.64,0.464,,1,1,15.841,0.2387,,,
217.735,0.6085,0.5512,0.6596,0.5631,-0.42,22.61,0.463,,1,1,15.841,0.2387,,,
217.761,0.6236,0.5480,0.6798,0.5356,-0.43,22.55,0.463,,1,1,15.841,0.2387,,,
217.817,0.6427,0.5243,0.6765,0.4803,-0.43,22.42,0.463,,1,1,15.841,0.2387,,,
217.850,0.6508,0.5063,0.6753,0.4484,-0.41,22.45,0.466,,1,1,15.841,0.2387,,,
217.882,0.6622,0.4966,0.6974,0.4652,-0.40,22.48,0.470,,1,1,15.841,0.2387,,,
217.914,0.6808,0.4888,0.7394,0.4625,-0.41,22.41,0.472,,1,1,15.841,0.2387,,,
217.944,0.6991,0.4651,0.7588,0.3848,-0.40,22.27,0.471,,1,1,15.841,0.2387,,,
217.977,0.7203,0.4604,0.7861,0.4453,-0.41,22.10,0.476,,1,1,15.841,0.2387,,,
218.012,0.7413,0.4395,0.7992,0.3796,-0.41,22.03,0.477,,1,1,15.841,0.2387,,,
218.040,0.7619,0.4256,0.8342,0.3749,-0.41,21.99,0.479,,1,1,15.841,0.2387,,,
218.074,0.7846,0.4154,0.8493,0.3852,-0.40,21.85,0.476,,1,1,15.841,0.2387,,,
218.107,0.8023,0.4234,0.8562,0.4487,-0.41,21.72,0.478,,1,1,15.841,0.2387,,,
218.153,0.8315,0.4057,0.8941,0.3662,-0.43,21.52,0.473,,1,1,15.841,0.2387,,,
218.185,0.8472,0.3999,0.8952,0.3812,-0.44,21.43,0.479,,1,1,15.841,0.2387,,,
218.218,0.8595,0.3950,0.8964,0.3799,-0.45,21.34,0.482,,1,1,15.841,0.2387,,,
218.248,0.8666,0.3918,0.8903,0.3806,-0.46,21.24,0.482,,1,1,15.841,0.2387,,,
218.282,0.8700,0.3854,0.8799,0.3660,-0.47,21.10,0.481,,1,1,15.841,0.2387,,,
218.313,0.8737,0.3848,0.8862,0.3826,-0.48,20.91,0.483,,1,1,15.841,0.2387,,,
218.344,0.8751,0.3882,0.8794,0.3996,-0.48,20.81,0.482,,1,1,15.841,0.2387,,,
218.379,0.8755,0.3843,0.8769,0.3725,-0.49,20.71,0.481,,1,1,15.841,0.2387,,,
218.409,0.8763,0.3863,0.8788,0.3933,-0.50,20.67,0.482,,1,1,15.841,0.2387,,,
218.441,0.8775,0.3857,0.8814,0.3836,-0.51,20.57,0.484,,1,1,15.841,0.2387,,,
218.475,0.8781,0.3873,0.8798,0.3924,-0.51,20.47,0.483,,1,1,15.841,0.2387,,,
218.505,0.8788,0.3763,0.8812,0.3378,-0.52,20.36,0.484,,1,1,15.841,0.2387,,,
218.536,0.8844,0.3814,0.9034,0.3991,-0.52,20.33,0.477,,1,1,15.841,0.2387,,,
218.569,0.8970,0.3985,0.9364,0.4532,-0.51,20.33,0.451,,1,1,15.841,0.2387,,,
218.602,0.9337,0.4517,1.0494,0.6198,-0.47,20.26,0.340,,1,1,15.841,0.2387,,,
218.633,0.9622,0.5402,1.0937,0.8041,-0.41,20.11,0.298,,1,1,15.841,0.2387,,,
218.668,0.9843,0.6339,1.1038,0.8941,-0.35,20.01,0.309,,1,1,15.841,0.2387,,,
218.712,1.0000,0.7520,1.1139,0.9877,-0.29,19.92,0.333,,1,1,15.841,0.2387,,,
218.746,1.0000,0.8201,1.1194,1.0031,-0.23,19.82,0.337,,1,1,15.841,0.2387,,,
218.776,1.0000,0.8710,1.1269,1.0196,-0.19,19.80,0.344,,1,1,15.841,0.2387,,,
218.808,1.0000,0.9050,1.1365,1.0018,-0.15,19.79,0.343,,1,1,15.841,0.2387,,,
218.839,1.0000,0.9387,1.1420,1.0355,-0.12,19.81,0.338,,1,1,15.841,0.2387,,,
218.874,1.0000,0.9560,1.1522,1.0015,-0.09,19.83,0.344,,1,1,15.841,0.2387,,,
218.905,1.0000,0.9692,1.1525,1.0098,-0.06,19.82,0.344,,1,1,15.841,0.2387,,,
218.939,1.0000,0.9802,1.1432,1.0107,-0.03,19.81,0.347,,1,1,15.841,0.2387,,,
218.971,1.0000,0.9955,1.1510,1.0411,0.00,19.76,0.350,,1,1,15.841,0.2387,,,
219.001,1.0000,1.0000,1.1250,1.1222,0.03,19.69,0.350,,1,1,15.841,0.2387,,,
219.033,1.0000,1.0000,1.0991,1.1132,0.06,19.68,0.350,,1,1,15.841,0.2387,,,
219.064,1.0000,1.0000,1.0598,1.0865,0.08,19.68,0.352,,1,1,15.841,0.2387,,,
219.097,1.0000,1.0000,1.0338,1.0814,0.10,19.62,0.352,,1,1,15.841,0.2387,,,
219.129,1.0000,1.0000,0.9471,1.0289,0.11,19.40,0.343,,1,1,15.841,0.2387,,,
219.160,0.9877,1.0000,0.8750,1.0324,0.10,19.19,0.339,,1,1,15.841,0.2387,,,
219.190,0.9576,1.0000,0.8574,1.0633,0.11,18.98,0.329,,1,1,15.841,0.2387,,,
219.226,0.9293,1.0000,0.8497,1.0708,0.13,18.88,0.326,,1,1,15.841,0.2387,,,
219.272,0.8978,1.0000,0.8298,1.0446,0.16,18.79,0.329,,1,1,15.841,0.2387,,,
219.305,0.8783,1.0000,0.8198,0.9927,0.17,18.76,0.325,,1,1,15.841,0.2387,,,
219.339,0.8616,1.0000,0.8100,1.0061,0.18,18.68,0.327,,1,1,15.841,0.2387,,,
219.371,0.8387,1.0000,0.7713,0.9464,0.18,18.62,0.325,,1,1,15.841,0.2387,,,
219.401,0.8195,0.9914,0.7560,0.9430,0.20,18.60,0.324,,1,1,15.841,0.2387,,,
219.433,0.8008,0.9837,0.7414,0.9579,0.21,18.58,0.324,,1,1,15.841,0.2387,,,
219.468,0.7902,0.9917,0.7596,1.0164,0.24,18.57,0.333,,1,1,15.841,0.2387,,,
219.498,0.7764,0.9883,0.7323,0.9767,0.26,18.51,0.331,,1,1,15.841,0.2387,,,
219.530,0.7656,0.9885,0.7325,0.9891,0.28,18.50,0.332,,1,1,15.841,0.2387,,,
219.561,0.7536,0.9773,0.7139,0.9384,0.31,18.52,0.339,,1,1,15.841,0.2387,,,
219.593,0.7382,0.9579,0.6908,0.8960,0.33,18.54,0.348,,1,1,15.841,0.2387,,,
219.625,0.7133,0.9083,0.6363,0.7533,0.34,18.64,0.381,,1,1,15.841,0.2387,,,
219.657,0.6888,0.8529,0.6130,0.6837,0.33,18.72,0.400,,1,1,15.841,0.2387,,,
219.687,0.6572,0.7860,0.5560,0.5784,0.32,18.80,0.415,,1,1,15.841,0.2387,,,
219.720,0.6207,0.7030,0.5129,0.4705,0.29,18.88,0.424,,1,1,15.841,0.2387,,,
219.752,0.5865,0.6246,0.4832,0.4032,0.25,18.99,0.430,,1,1,15.841,0.2387,,,
219.817,0.5403,0.5295,0.4714,0.3965,0.19,19.20,0.421,,1,1,15.841,0.2387,,,
219.866,0.5185,0.4816,0.4745,0.3904,0.15,19.37,0.425,,1,1,15.841,0.2387,,,
219.900,0.5022,0.4493,0.4556,0.3623,0.13,19.46,0.427,,1,1,15.841,0.2387,,,
219.927,0.4902,0.4266,0.4446,0.3449,0.11,19.54,0.430,,1,1,15.841,0.2387,,,
219.957,0.4763,0.3994,0.4319,0.3174,0.08,19.63,0.435,,1,1,15.841,0.2387,,,
219.987,0.4637,0.3742,0.4223,0.2956,0.06,19.80,0.439,,1,1,15.841,0.2387,,,
220.015,0.4511,0.3526,0.4064,0.2802,0.05,19.93,0.440,,1,1,15.841,0.2387,,,
220.040,0.4405,0.3365,0.3988,0.2763,0.03,20.06,0.438,,1,1,15.841,0.2387,,,
220.067,0.4317,0.3287,0.3991,0.3010,0.02,20.16,0.437,,1,1,15.841,0.2387,,,
220.096,0.4222,0.3140,0.3893,0.2652,0.01,20.27,0.438,,1,1,15.841,0.2387,,,
220.123,0.4140,0.3026,0.3842,0.2624,0.01,20.34,0.437,,1,1,15.841,0.2387,,,
220.153,0.4068,0.2949,0.3824,0.2697,0.01,20.42,0.440,,1,1,15.841,0.2387,,,
220.218,0.3950,0.2769,0.3767,0.2495,-0.02,20.61,0.439,,1,1,15.841,0.2387,,,
220.249,0.3900,0.2682,0.3729,0.2392,-0.02,20.72,0.437,,1,1,15.841,0.2387,,,
220.281,0.3841,0.2630,0.3658,0.2472,-0.03,20.84,0.437,,1,1,15.841,0.2387,,,
220.312,0.3800,0.2653,0.3666,0.2726,-0.03,20.92,0.442,,1,1,15.841,0.2387,,,
220.345,0.3677,0.2529,0.3291,0.2141,-0.03,21.00,0.444,,1,1,15.841,0.2387,,,
220.377,0.3481,0.2333,0.2861,0.1720,-0.04,21.12,0.445,,1,1,15.841,0.2387,,,
220.424,0.3204,0.2236,0.2614,0.2029,-0.04,21.22,0.442,,1,1,15.841,0.2387,,,
220.457,0.3028,0.2140,0.2480,0.1839,-0.03,21.30,0.442,,1,1,15.841,0.2387,,,
220.484,0.2903,0.2107,0.2438,0.1985,-0.03,21.35,0.441,,1,1,15.841,0.2387,,,
220.511,0.2803,0.2075,0.2434,0.1955,-0.02,21.39,0.444,,1,1,15.841,0.2387,,,
220.536,0.2734,0.2046,0.2452,0.1923,-0.02,21.42,0.444,,1,1,15.841,0.2387,,,
220.564,0.2686,0.2051,0.2518,0.2067,-0.02,21.44,0.447,,1,1,15.841,0.2387,,,
220.618,0.2463,0.1683,0.2046,0.0989,-0.04,21.49,0.443,,1,1,15.841,0.2387,,,
220.649,0.2383,0.1694,0.2111,0.1729,-0.05,21.46,0.444,,1,1,15.841,0.2387,,,
220.683,0.2284,0.1631,0.1999,0.1446,-0.07,21.39,0.442,,1,1,15.841,0.2387,,,
220.711,0.2226,0.1590,0.2014,0.1442,-0.07,21.28,0.444,,1,1,15.841,0.2387,,,
220.746,0.2117,0.1427,0.1801,0.0949,-0.07,21.17,0.444,,1,1,15.841,0.2387,,,
220.777,0.2025,0.1308,0.1719,0.0913,-0.08,21.09,0.444,,1,1,15.841,0.2387,,,
220.810,0.1961,0.1305,0.1754,0.1293,-0.08,20.92,0.440,,1,1,15.841,0.2387,,,
220.841,0.1906,0.1294,0.1729,0.1258,-0.10,20.83,0.440,,1,1,15.841,0.2387,,,
220.872,0.1845,0.1193,0.1648,0.0869,-0.12,20.76,0.436,,1,1,15.841,0.2387,,,
220.905,0.1788,0.1094,0.1609,0.0781,-0.14,20.71,0.434,,1,1,15.841,0.2387,,,
220.938,0.1722,0.1005,0.1521,0.0733,-0.15,20.68,0.432,,1,1,15.841,0.2387,,,
220.985,0.1749,0.1090,0.1808,0.1280,-0.17,20.69,0.432,,1,1,15.841,0.2387,,,
221.016,0.1755,0.1186,0.1774,0.1507,-0.17,20.71,0.431,,1,1,15.841,0.2387,,,
221.050,0.1743,0.1194,0.1709,0.1218,-0.19,20.76,0.433,,1,1,15.841,0.2387,,,
221.081,0.1739,0.1229,0.1725,0.1351,-0.20,20.72,0.430,,1,1,15.841,0.2387,,,
221.112,0.1715,0.1187,0.1633,0.1043,-0.21,20.69,0.430,,1,1,15.841,0.2387,,,
221.144,0.1674,0.1114,0.1543,0.0879,-0.22,20.61,0.432,,1,1,15.841,0.2387,,,
221.177,0.1627,0.1007,0.1476,0.0668,-0.23,20.55,0.433,,1,1,15.841,0.2387,,,
221.210,0.1627,0.1037,0.1628,0.1134,-0.23,20.50,0.433,,1,1,15.841,0.2387,,,
221.240,0.1625,0.1036,0.1617,0.1031,-0.24,20.47,0.432,,1,1,15.841,0.2387,,,
221.274,0.1647,0.1062,0.1716,0.1144,-0.25,20.50,0.433,,1,1,15.841,0.2387,,,
221.305,0.1660,0.1071,0.1707,0.1102,-0.26,20.53,0.433,,1,1,15.841,0.2387,,,
221.337,0.1713,0.1187,0.1885,0.1563,-0.28,20.62,0.432,,1,1,15.841,0.2387,,,
221.370,0.1775,0.1327,0.1978,0.1776,-0.28,20.71,0.432,,1,1,15.841,0.2387,,,
221.402,0.1742,0.1162,0.1627,0.0602,-0.27,20.88,0.435,,1,1,15.841,0.2387,,,
221.434,0.1729,0.1077,0.1686,0.0803,-0.26,21.05,0.434,,1,1,15.841,0.2387,,,
221.467,0.1718,0.1016,0.1685,0.0825,-0.26,21.21,0.433,,1,1,15.841,0.2387,,,
221.498,0.1726,0.1054,0.1751,0.1182,-0.25,21.34,0.432,,1,1,15.841,0.2387,,,
221.530,0.1774,0.1067,0.1937,0.1111,-0.24,21.44,0.357,,1,1,15.841,0.2387,,,
221.577,0.2358,0.1489,0.3626,0.2419,-0.20,21.24,0.185,,1,1,15.841,0.2387,,,
221.609,0.2919,0.2170,0.4643,0.4265,-0.15,21.01,0.106,,1,1,15.841,0.2387,,,
221.641,0.3498,0.3095,0.5298,0.5920,-0.14,20.56,0.064,,1,1,15.841,0.2387,,,
221.672,0.4062,0.4137,0.5725,0.7076,-0.09,20.15,0.092,,1,1,15.841,0.2387,,,
221.705,0.4455,0.4831,0.5583,0.6728,-0.05,19.79,0.122,,1,1,15.841,0.2387,,,
221.736,0.4707,0.5330,0.5484,0.6781,-0.00,19.52,0.139,,1,1,15.841,0.2387,,,
221.769,0.4842,0.6022,0.5232,0.7867,0.03,19.32,0.161,,1,1,15.841,0.2387,,,
221.800,0.4908,0.6483,0.5113,0.7793,0.07,19.20,0.174,,1,1,15.841,0.2387,,,
221.833,0.4932,0.6818,0.5004,0.7725,0.11,19.11,0.181,,1,1,15.841,0.2387,,,
221.865,0.4904,0.7169,0.4815,0.8167,0.16,19.06,0.211,,1,1,15.841,0.2387,,,
221.898,0.4835,0.7484,0.4622,0.8356,0.19,19.02,0.218,,1,1,15.841,0.2387,,,
221.930,0.4777,0.7804,0.4596,0.8706,0.22,18.98,0.223,,1,1,15.841,0.2387,,,
221.961,0.4676,0.7943,0.4338,0.8354,0.24,18.96,0.219,,1,1,15.841,0.2387,,,
221.995,0.4716,0.8319,0.4838,0.9356,0.27,18.91,0.181,,1,1,15.841,0.2387,,,
222.025,0.4789,0.8596,0.5042,0.9454,0.29,18.77,0.139,,1,1,15.841,0.2387,,,
222.058,0.4865,0.8802,0.5105,0.9388,0.33,18.66,0.142,,1,1,15.841,0.2387,,,
222.088,0.4881,0.8922,0.4937,0.9306,0.36,18.57,0.139,,1,1,15.841,0.2387,,,
222.137,0.4936,0.9083,0.5054,0.9399,0.40,18.46,0.148,,1,1,15.841,0.2387,,,
222.168,0.4930,0.9185,0.4911,0.9501,0.43,18.40,0.149,,1,1,15.841,0.2387,,,
222.200,0.4901,0.9242,0.4803,0.9418,0.45,18.35,0.149,,1,1,15.841,0.2387,,,
222.232,0.4828,0.9149,0.4586,0.8859,0.46,18.28,0.152,,1,1,15.841,0.2387,,,
222.264,0.4775,0.9171,0.4600,0.9240,0.46,18.25,0.160,,1,1,15.841,0.2387,,,
222.297,0.4783,0.9177,0.4809,0.9196,0.47,18.29,0.164,,1,1,15.841,0.2387,,,
222.329,0.4702,0.8838,0.4435,0.7726,0.46,18.46,0.243,,1,1,15.841,0.2387,,,
222.361,0.4468,0.8042,0.3709,0.5529,0.43,18.71,0.368,,1,1,15.841,0.2387,,,
222.392,0.4173,0.7057,0.3209,0.4044,0.38,18.98,0.413,,1,1,15.841,0.2387,,,
222.425,0.3902,0.6251,0.3072,0.3982,0.32,19.29,0.438,,1,1,15.841,0.2387,,,
222.457,0.3615,0.5460,0.2720,0.3226,0.26,19.61,0.450,,1,1,15.841,0.2387,,,
222.488,0.3403,0.4918,0.2737,0.3377,0.21,19.91,0.465,,1,1,15.841,0.2387,,,
222.520,0.3265,0.4554,0.2837,0.3531,0.17,20.17,0.453,,1,1,15.841,0.2387,,,
222.553,0.3173,0.4227,0.2891,0.3306,0.13,20.45,0.456,,1,1,15.841,0.2387,,,
222.618,0.3092,0.4025,0.2965,0.3731,0.06,20.90,0.463,,1,1,15.841,0.2387,,,
222.653,0.3048,0.3714,0.2917,0.2850,0.04,21.13,0.462,,1,1,15.841,0.2387,,,
222.696,0.3052,0.3431,0.3059,0.2823,0.00,21.47,0.461,,1,1,15.841,0.2387,,,
222.729,0.3098,0.3290,0.3245,0.2878,-0.03,21.69,0.460,,1,1,15.841,0.2387,,,
222.756,0.3142,0.3218,0.3311,0.2963,-0.06,21.85,0.458,,1,1,15.841,0.2387,,,
222.782,0.3164,0.3123,0.3253,0.2767,-0.07,22.02,0.457,,1,1,15.841,0.2387,,,
222.805,0.3179,0.3054,0.3245,0.2762,-0.09,22.15,0.456,,1,1,15.841,0.2387,,,
222.833,0.3196,0.2988,0.3264,0.2753,-0.11,22.25,0.457,,1,1,15.841,0.2387,,,
222.858,0.3188,0.2913,0.3153,0.2614,-0.11,22.35,0.456,,1,1,15.841,0.2387,,,
222.888,0.3176,0.2898,0.3132,0.2848,-0.11,22.39,0.455,,1,1,15.841,0.2387,,,
222.920,0.3136,0.2905,0.3007,0.2926,-0.12,22.50,0.459,,1,1,15.841,0.2387,,,
222.954,0.3122,0.2968,0.3077,0.3164,-0.11,22.59,0.458,,1,1,15.841,0.2387,,,
223.016,0.3134,0.3110,0.3153,0.3343,-0.12,22.75,0.460,,1,1,15.841,0.2387,,,
223.051,0.3141,0.3184,0.3163,0.3407,-0.12,22.84,0.458,,1,1,15.841,0.2387,,,
223.081,0.3185,0.3197,0.3339,0.3241,-0.11,22.92,0.453,,1,1,15.841,0.2387,,,
223.113,0.3221,0.3210,0.3341,0.3256,-0.11,22.96,0.451,,1,1,15.841,0.2387,,,
223.145,0.3253,0.3236,0.3357,0.3324,-0.11,22.96,0.452,,1,1,15.841,0.2387,,,
223.179,0.3281,0.3284,0.3370,0.3432,-0.12,22.92,0.451,,1,1,15.841,0.2387,,,
223.210,0.3303,0.3335,0.3376,0.3508,-0.11,22.90,0.453,,1,1,15.841,0.2387,,,
223.257,0.3331,0.3544,0.3397,0.4019,-0.11,22.87,0.455,,1,1,15.841,0.2387,,,
223.289,0.3335,0.3652,0.3348,0.4002,-0.12,22.87,0.455,,1,1,15.841,0.2387,,,
223.317,0.3335,0.3711,0.3335,0.3925,-0.13,22.89,0.455,,1,1,15.841,0.2387,,,
223.344,0.3452,0.3979,0.3900,0.4976,-0.11,22.92,0.401,,1,1,15.841,0.2387,,,
223.371,0.3676,0.4540,0.4526,0.6579,-0.08,22.92,0.270,,1,1,15.841,0.2387,,,
223.415,0.4033,0.5357,0.4852,0.7125,0.00,22.78,0.224,,1,1,15.841,0.2387,,,
223.450,0.4233,0.5902,0.4821,0.7403,0.05,22.65,0.251,,1,1,15.841,0.2387,,,
223.482,0.4476,0.6588,0.5227,0.8536,0.10,22.51,0.293,,1,1,15.841,0.2387,,,
223.513,0.4642,0.7043,0.5184,0.8405,0.16,22.45,0.306,,1,1,15.841,0.2387,,,
223.545,0.4806,0.7406,0.5307,0.8430,0.21,22.39,0.288,,1,1,15.841,0.2387,,,
223.579,0.4945,0.7743,0.5357,0.8668,0.25,22.38,0.289,,1,1,15.841,0.2387,,,
223.609,0.5038,0.7951,0.5351,0.8596,0.27,22.35,0.295,,1,1,15.841,0.2387,,,
223.639,0.5110,0.8163,0.5351,0.8828,0.30,22.33,0.302,,1,1,15.841,0.2387,,,
223.675,0.5185,0.8381,0.5396,0.8958,0.33,22.31,0.298,,1,1,15.841,0.2387,,,
223.705,0.5239,0.8535,0.5424,0.9022,0.35,22.33,0.300,,1,1,15.841,0.2387,,,
223.738,0.5304,0.8588,0.5505,0.8745,0.37,22.32,0.305,,1,1,15.841,0.2387,,,
223.769,0.5333,0.8558,0.5427,0.8463,0.39,22.32,0.307,,1,1,15.841,0.2387,,,
223.800,0.5372,0.8530,0.5500,0.8442,0.41,22.33,0.310,,1,1,15.841,0.2387,,,
223.849,0.5477,0.8687,0.5697,0.9006,0.43,22.33,0.319,,1,1,15.841,0.2387,,,
223.882,0.5530,0.8795,0.5693,0.9125,0.47,22.33,0.317,,1,1,15.841,0.2387,,,
223.914,0.5528,0.8823,0.5521,0.8913,0.50,22.35,0.317,,1,1,15.841,0.2387,,,
223.946,0.5488,0.8813,0.5356,0.8778,0.54,22.29,0.319,,1,1,15.841,0.2387,,,
223.976,0.5420,0.8712,0.5184,0.8368,0.57,22.31,0.326,,1,1,15.841,0.2387,,,
224.008,0.5240,0.8413,0.4645,0.7417,0.58,22.40,0.369,,1,1,15.841,0.2387,,,
224.041,0.4954,0.7973,0.4060,0.6611,0.58,22.50,0.428,,1,1,15.841,0.2387,,,
224.072,0.4528,0.7288,0.3157,0.5134,0.53,22.59,0.482,,1,1,15.841,0.2387,,,
224.105,0.4158,0.6750,0.3022,0.5140,0.49,22.62,0.488,,1,1,15.841,0.2387,,,
224.136,0.3867,0.6272,0.2958,0.4833,0.44,22.63,0.486,,1,1,15.841,0.2387,,,
224.169,0.3574,0.5852,0.2705,0.4650,0.40,22.61,0.484,,1,1,15.841,0.2387,,,
224.202,0.3342,0.5602,0.2653,0.4882,0.36,22.57,0.488,,1,1,15.841,0.2387,,,
224.234,0.3177,0.5399,0.2672,0.4796,0.33,22.55,0.485,,1,1,15.841,0.2387,,,
224.265,0.3066,0.5242,0.2720,0.4763,0.32,22.53,0.486,,1,1,15.841,0.2387,,,
224.298,0.2980,0.5098,0.2713,0.4662,0.29,22.56,0.489,,1,1,15.841,0.2387,,,
224.332,0.2899,0.4922,0.2665,0.4429,0.26,22.57,0.486,,1,1,15.841,0.2387,,,
224.361,0.2848,0.4750,0.2667,0.4162,0.23,22.59,0.484,,1,1,15.841,0.2387,,,
224.408,0.2796,0.4557,0.2687,0.4161,0.18,22.61,0.486,,1,1,15.841,0.2387,,,
224.440,0.2801,0.4430,0.2816,0.4039,0.14,22.64,0.485,,1,1,15.841,0.2387,,,
224.472,0.2837,0.4320,0.2955,0.3978,0.11,22.67,0.487,,1,1,15.841,0.2387,,,
224.505,0.2910,0.4161,0.3144,0.3671,0.09,22.67,0.483,,1,1,15.841,0.2387,,,
224.536,0.3010,0.3985,0.3345,0.3434,0.06,22.66,0.486,,1,1,15.841,0.2387,,,
224.569,0.3232,0.3975,0.3951,0.3945,0.03,22.69,0.482,,1,1,15.841,0.2387,,,
224.601,0.3490,0.3941,0.4301,0.3837,0.01,22.65,0.476,,1,1,15.841,0.2387,,,
224.634,0.3722,0.3886,0.4439,0.3716,-0.01,22.63,0.478,,1,1,15.841,0.2387,,,
224.665,0.3898,0.3827,0.4475,0.3634,-0.02,22.60,0.477,,1,1,15.841,0.2387,,,
224.698,0.4093,0.3884,0.4685,0.4062,-0.01,22.58,0.478,,1,1,15.841,0.2387,,,
224.729,0.4288,0.4002,0.4933,0.4407,-0.01,22.57,0.475,,1,1,15.841,0.2387,,,
224.762,0.4451,0.4076,0.4945,0.4309,-0.01,22.54,0.478,,1,1,15.841,0.2387,,,
224.792,0.4549,0.4093,0.4878,0.4152,-0.04,22.53,0.478,,1,1,15.841,0.2387,,,
224.830,0.4645,0.4117,0.4909,0.4189,-0.07,22.52,0.477,,1,1,15.841,0.2387,,,
224.865,0.4709,0.4082,0.4885,0.3978,-0.09,22.54,0.478,,1,1,15.841,0.2387,,,
224.900,0.4757,0.4051,0.4898,0.3958,-0.11,22.55,0.479,,1,1,15.841,0.2387,,,
224.926,0.4785,0.4020,0.4898,0.3894,-0.13,22.56,0.478,,1,1,15.841,0.2387,,,
224.968,0.4843,0.4010,0.4983,0.3986,-0.15,22.56,0.477,,1,1,15.841,0.2387,,,
225.001,0.4866,0.4005,0.4937,0.3987,-0.16,22.54,0.475,,1,1,15.841,0.2387,,,
225.032,0.4855,0.3863,0.4822,0.3387,-0.18,22.58,0.478,,1,1,15.841,0.2387,,,
225.067,0.4825,0.3709,0.4733,0.3240,-0.18,22.59,0.480,,1,1,15.841,0.2387,,,
225.098,0.4811,0.3607,0.4766,0.3284,-0.18,22.57,0.478,,1,1,15.841,0.2387,,,
225.129,0.4795,0.3468,0.4738,0.2999,-0.18,22.55,0.474,,1,1,15.841,0.2387,,,
225.162,0.4794,0.3282,0.4793,0.2711,-0.18,22.53,0.477,,1,1,15.841,0.2387,,,
225.193,0.4867,0.3111,0.5110,0.2556,-0.17,22.55,0.477,,1,1,15.841,0.2387,,,
225.225,0.4986,0.2822,0.5369,0.1926,-0.17,22.58,0.476,,1,1,15.841,0.2387,,,
225.257,0.5086,0.2476,0.5412,0.1399,-0.16,22.61,0.475,,1,1,15.841,0.2387,,,
225.289,0.5177,0.2327,0.5484,0.1849,-0.14,22.62,0.478,,1,1,15.841,0.2387,,,
225.324,0.5305,0.2153,0.5672,0.1676,-0.13,22.62,0.477,,1,1,15.841,0.2387,,,
225.353,0.5401,0.2012,0.5738,0.1530,-0.12,22.61,0.478,,1,1,15.841,0.2387,,,
225.418,0.5274,0.1011,0.5070,-0.0602,-0.09,22.66,0.483,,1,1,15.841,0.2387,,,
225.448,0.5185,0.0648,0.4876,-0.1013,-0.07,22.60,0.478,,1,1,15.841,0.2387,,,
225.481,0.5071,0.0356,0.4704,-0.1311,-0.06,22.58,0.482,,1,1,15.841,0.2387,,,
225.529,0.4977,0.0073,0.4770,-0.1601,-0.06,22.52,0.488,,1,1,15.841,0.2387,,,
225.560,0.4934,0.0000,0.4791,-0.1245,-0.05,22.52,0.484,,1,1,15.841,0.2387,,,
225.590,0.4894,0.0000,0.4749,-0.1001,-0.03,22.52,0.483,,1,1,15.841,0.2387,,,
225.619,0.4865,0.0000,0.4761,-0.0960,-0.01,22.52,0.483,,1,1,15.841,0.2387,,,
225.647,0.4827,0.0000,0.4678,0.0119,-0.00,22.48,0.481,,1,1,15.841,0.2387,,,
225.673,0.4696,0.0000,0.4198,-0.0035,-0.00,22.44,0.477,,1,1,15.841,0.2387,,,
225.701,0.4546,0.0000,0.3981,-0.0147,0.00,22.40,0.476,,1,1,15.841,0.2387,,,
225.726,0.4435,0.0056,0.3996,0.0848,0.01,22.36,0.466,,1,1,15.841,0.2387,,,
225.753,0.4334,0.0227,0.3952,0.0901,0.01,22.33,0.448,,1,1,15.841,0.2387,,,
225.817,0.4308,0.0907,0.4265,0.2012,0.07,21.93,0.219,,1,1,15.841,0.2387,,,
225.849,0.4526,0.1792,0.5231,0.4460,0.12,21.69,0.195,,1,1,15.841,0.2387,,,
225.881,0.4785,0.2625,0.5636,0.5075,0.17,21.38,0.168,,1,1,15.841,0.2387,,,
225.913,0.4921,0.3186,0.5363,0.4821,0.23,21.11,0.188,,1,1,15.841,0.2387,,,
225.949,0.5022,0.3734,0.5323,0.5178,0.29,20.86,0.214,,1,1,15.841,0.2387,,,
225.978,0.5078,0.4191,0.5269,0.5584,0.34,20.67,0.236,,1,1,15.841,0.2387,,,
226.010,0.5141,0.4704,0.5351,0.6178,0.40,20.57,0.260,,1,1,15.841,0.2387,,,
226.043,0.5212,0.5072,0.5431,0.6076,0.45,20.52,0.258,,1,1,15.841,0.2387,,,
226.074,0.5267,0.5406,0.5450,0.6398,0.50,20.50,0.270,,1,1,15.841,0.2387,,,
226.120,0.5248,0.5611,0.5206,0.6031,0.55,20.51,0.284,,1,1,15.841,0.2387,,,
226.153,0.5214,0.5801,0.5106,0.6337,0.58,20.55,0.287,,1,1,15.841,0.2387,,,
226.180,0.5162,0.5920,0.4959,0.6339,0.61,20.61,0.287,,1,1,15.841,0.2387,,,
226.217,0.5099,0.6025,0.4917,0.6302,0.65,20.66,0.280,,1,1,15.841,0.2387,,,
226.249,0.5070,0.6171,0.4975,0.6610,0.68,20.71,0.294,,1,1,15.841,0.2387,,,
226.281,0.5022,0.6305,0.4866,0.6708,0.71,20.76,0.297,,1,1,15.841,0.2387,,,
226.315,0.4784,0.6291,0.4045,0.6250,0.72,20.78,0.323,,1,1,15.841,0.2387,,,
226.349,0.4213,0.5747,0.2522,0.4078,0.70,20.77,0.381,,1,1,15.841,0.2387,,,
226.385,0.3650,0.5190,0.2138,0.3606,0.68,20.77,0.399,,1,1,15.841,0.2387,,,
226.412,0.3287,0.4716,0.1986,0.2946,0.64,20.81,0.400,,1,1,15.841,0.2387,,,
226.441,0.2996,0.4321,0.2030,0.2980,0.63,20.83,0.408,,1,1,15.841,0.2387,,,
226.472,0.2791,0.4096,0.2155,0.3386,0.62,20.84,0.414,,1,1,15.841,0.2387,,,
226.507,0.2561,0.3754,0.1921,0.2792,0.61,20.84,0.428,,1,1,15.841,0.2387,,,
226.540,0.2330,0.3400,0.1666,0.2382,0.59,20.84,0.442,,1,1,15.841,0.2387,,,
226.569,0.2149,0.3065,0.1547,0.1962,0.56,20.84,0.460,,1,1,15.841,0.2387,,,
226.601,0.1969,0.2749,0.1416,0.1794,0.53,20.85,0.471,,1,1,15.841,0.2387,,,
226.633,0.1701,0.2312,0.0886,0.1018,0.47,20.86,0.490,,1,1,15.841,0.2387,,,
226.679,0.1395,0.1761,0.0750,0.0631,0.42,20.79,0.497,,1,1,15.841,0.2387,,,
226.713,0.1191,0.1485,0.0614,0.0724,0.38,20.80,0.496,,1,1,15.841,0.2387,,,
226.745,0.1046,0.1313,0.0592,0.0794,0.33,20.87,0.496,,1,1,15.841,0.2387,,,
226.777,0.0937,0.1159,0.0610,0.0705,0.29,20.94,0.497,,1,1,15.841,0.2387,,,
226.808,0.0850,0.1043,0.0571,0.0680,0.25,20.99,0.495,,1,1,15.841,0.2387,,,
226.840,0.0784,0.0921,0.0581,0.0549,0.19,21.05,0.494,,1,1,15.841,0.2387,,,
226.874,0.0816,0.0954,0.0911,0.1052,0.14,21.09,0.498,,1,1,15.841,0.2387,,,
226.904,0.0805,0.0905,0.0768,0.0744,0.10,21.07,0.500,,1,1,15.841,0.2387,,,
226.937,0.0789,0.0830,0.0737,0.0595,0.06,21.09,0.499,,1,1,15.841,0.2387,,,
226.968,0.0796,0.0764,0.0821,0.0558,0.03,21.09,0.495,,1,1,15.841,0.2387,,,
227.001,0.0815,0.0737,0.0876,0.0652,-0.00,21.08,0.485,,1,1,15.841,0.2387,,,
227.033,0.0807,0.0708,0.0781,0.0618,-0.04,21.09,0.466,,1,1,15.841,0.2387,,,
227.064,0.1002,0.0967,0.1669,0.1841,-0.04,21.08,0.350,,1,1,15.841,0.2387,,,
227.098,0.1469,0.1520,0.2867,0.3183,-0.02,20.89,0.199,,1,1,15.841,0.2387,,,
227.128,0.1915,0.2031,0.3401,0.3733,0.02,20.64,0.177,,1,1,15.841,0.2387,,,
227.160,0.2310,0.2672,0.3522,0.4603,0.07,20.49,0.194,,1,1,15.841,0.2387,,,
227.194,0.2685,0.3361,0.3763,0.5280,0.12,20.40,0.226,,1,1,15.841,0.2387,,,
227.240,0.2914,0.4323,0.3405,0.6266,0.15,20.37,0.264,,1,1,15.841,0.2387,,,
227.273,0.2982,0.4944,0.3185,0.6666,0.15,20.39,0.288,,1,1,15.841,0.2387,,,
227.305,0.2930,0.5425,0.2766,0.6808,0.16,20.41,0.284,,1,1,15.841,0.2387,,,
227.336,0.2855,0.5794,0.2610,0.6867,0.17,20.48,0.291,,1,1,15.841,0.2387,,,
227.368,0.2845,0.6247,0.2811,0.7565,0.19,20.53,0.290,,1,1,15.841,0.2387,,,
227.400,0.2694,0.6427,0.2217,0.6931,0.19,20.56,0.295,,1,1,15.841,0.2387,,,
227.435,0.2541,0.6579,0.2082,0.6984,0.18,20.64,0.293,,1,1,15.841,0.2387,,,
227.466,0.2445,0.6676,0.2116,0.6975,0.18,20.70,0.279,,1,1,15.841,0.2387,,,
227.499,0.2357,0.6762,0.2075,0.7010,0.17,20.77,0.288,,1,1,15.841,0.2387,,,
227.528,0.2271,0.6818,0.1963,0.7009,0.18,20.79,0.292,,1,1,15.841,0.2387,,,
227.561,0.2165,0.6848,0.1832,0.6934,0.18,20.83,0.299,,1,1,15.841,0.2387,,,
227.593,0.2079,0.6748,0.1797,0.6433,0.19,20.85,0.275,,1,1,15.841,0.2387,,,
227.625,0.2016,0.6715,0.1813,0.6610,0.20,20.89,0.278,,1,1,15.841,0.2387,,,
227.655,0.1985,0.6738,0.1879,0.6818,0.21,20.93,0.271,,1,1,15.841,0.2387,,,
227.688,0.1939,0.6789,0.1793,0.6948,0.22,20.94,0.268,,1,1,15.841,0.2387,,,
227.721,0.1952,0.6953,0.1994,0.7470,0.23,20.97,0.283,,1,1,15.841,0.2387,,,
227.752,0.1974,0.7109,0.2049,0.7611,0.24,21.01,0.289,,1,1,15.841,0.2387,,,
227.836,0.2059,0.7500,0.2165,0.7976,0.26,21.10,0.309,,1,1,15.841,0.2387,,,
227.862,0.2079,0.7607,0.2163,0.8021,0.27,21.13,0.314,,1,1,15.841,0.2387,,,
227.886,0.2083,0.7693,0.2101,0.8059,0.27,21.16,0.319,,1,1,15.841,0.2387,,,
227.912,0.2086,0.7765,0.2098,0.8040,0.27,21.22,0.324,,1,1,15.841,0.2387,,,
227.939,0.2103,0.7815,0.2171,0.8005,0.28,21.25,0.326,,1,1,15.841,0.2387,,,
227.968,0.2093,0.7789,0.2056,0.7695,0.27,21.27,0.320,,1,1,15.841,0.2387,,,
227.996,0.2084,0.7774,0.2048,0.7720,0.27,21.29,0.323,,1,1,15.841,0.2387,,,
228.026,0.2123,0.7764,0.2272,0.7726,0.26,21.32,0.313,,1,1,15.841,0.2387,,,
228.057,0.2246,0.7764,0.2644,0.7765,0.25,21.41,0.313,,1,1,15.841,0.2387,,,
228.088,0.2357,0.7697,0.2724,0.7471,0.25,21.54,0.317,,1,1,15.841,0.2387,,,
228.119,0.2445,0.7609,0.2742,0.7311,0.25,21.66,0.312,,1,1,15.841,0.2387,,,
228.152,0.2487,0.7523,0.2624,0.7240,0.25,21.76,0.306,,1,1,15.841,0.2387,,,
228.215,0.2739,0.7539,0.3147,0.7566,0.25,22.02,0.316,,1,1,15.841,0.2387,,,
228.249,0.2937,0.7653,0.3557,0.8017,0.27,22.11,0.320,,1,1,15.841,0.2387,,,
228.281,0.3107,0.7727,0.3634,0.7964,0.29,22.22,0.317,,1,1,15.841,0.2387,,,
228.312,0.3277,0.7846,0.3822,0.8238,0.32,22.28,0.319,,1,1,15.841,0.2387,,,
228.345,0.3452,0.7954,0.4001,0.8302,0.35,22.36,0.321,,1,1,15.841,0.2387,,,
228.392,0.3695,0.8123,0.4213,0.8491,0.38,22.51,0.320,,1,1,15.841,0.2387,,,
228.425,0.3821,0.8097,0.4212,0.8017,0.40,22.60,0.334,,1,1,15.841,0.2387,,,
228.451,0.3918,0.8070,0.4286,0.7965,0.42,22.69,0.341,,1,1,15.841,0.2387,,,
228.481,0.4021,0.8101,0.4369,0.8209,0.43,22.76,0.338,,1,1,15.841,0.2387,,,
228.509,0.4200,0.8188,0.4847,0.8513,0.45,22.87,0.341,,1,1,15.841,0.2387,,,
228.536,0.4447,0.8342,0.5349,0.8931,0.48,22.91,0.341,,1,1,15.841,0.2387,,,
228.563,0.4722,0.8538,0.5701,0.9260,0.49,22.95,0.343,,1,1,15.841,0.2387,,,
228.616,0.5287,0.8725,0.6322,0.9083,0.51,22.93,0.351,,1,1,15.841,0.2387,,,
228.649,0.5721,0.8867,0.6996,0.9310,0.52,22.91,0.356,,1,1,15.841,0.2387,,,
228.681,0.6140,0.8933,0.7412,0.9148,0.52,22.90,0.361,,1,1,15.841,0.2387,,,
228.713,0.6539,0.9075,0.7751,0.9537,0.53,22.84,0.378,,1,1,15.841,0.2387,,,
228.744,0.6895,0.9178,0.7936,0.9502,0.54,22.76,0.383,,1,1,15.841,0.2387,,,
228.776,0.7147,0.9245,0.7875,0.9454,0.55,22.69,0.386,,1,1,15.841,0.2387,,,
228.809,0.7372,0.9444,0.8036,1.0069,0.55,22.66,0.386,,1,1,15.841,0.2387,,,
228.840,0.7526,0.9549,0.7992,0.9887,0.57,22.66,0.396,,1,1,15.841,0.2387,,,
228.872,0.7637,0.9554,0.7977,0.9571,0.58,22.60,0.404,,1,1,15.841,0.2387,,,
228.905,0.7722,0.9577,0.7972,0.9647,0.61,22.57,0.412,,1,1,15.841,0.2387,,,
228.955,0.7820,0.9491,0.8014,0.9314,0.62,22.50,0.420,,1,1,15.841,0.2387,,,
228.985,0.7841,0.9249,0.7911,0.8373,0.63,22.43,0.449,,1,1,15.841,0.2387,,,
229.017,0.7778,0.8794,0.7580,0.7354,0.61,22.38,0.471,,1,1,15.841,0.2387,,,
229.050,0.7701,0.8253,0.7458,0.6600,0.57,22.31,0.463,,1,1,15.841,0.2387,,,
229.081,0.7613,0.7755,0.7325,0.6230,0.54,22.27,0.467,,1,1,15.841,0.2387,,,
229.113,0.7575,0.7175,0.7449,0.5426,0.50,22.17,0.473,,1,1,15.841,0.2387,,,
229.146,0.7549,0.6619,0.7468,0.5050,0.46,22.07,0.474,,1,1,15.841,0.2387,,,
229.179,0.7561,0.6238,0.7600,0.5165,0.43,22.07,0.475,,1,1,15.841,0.2387,,,
229.210,0.7598,0.6028,0.7723,0.5390,0.40,22.04,0.474,,1,1,15.841,0.2387,,,
229.241,0.7644,0.5602,0.7800,0.4325,0.37,21.98,0.474,,1,1,15.841,0.2387,,,
229.274,0.7638,0.5143,0.7617,0.3832,0.32,21.90,0.482,,1,1,15.841,0.2387,,,
229.304,0.7683,0.4779,0.7840,0.3662,0.29,21.80,0.480,,1,1,15.841,0.2387,,,
229.336,0.7715,0.4238,0.7817,0.2694,0.25,21.71,0.474,,1,1,15.841,0.2387,,,
229.368,0.7744,0.4012,0.7838,0.3359,0.21,21.62,0.477,,1,1,15.841,0.2387,,,
229.400,0.7817,0.3817,0.8055,0.3252,0.18,21.51,0.476,,1,1,15.841,0.2387,,,
229.433,0.7877,0.3672,0.8072,0.3245,0.15,21.40,0.478,,1,1,15.841,0.2387,,,
229.465,0.7931,0.3650,0.8102,0.3588,0.12,21.31,0.479,,1,1,15.841,0.2387,,,
229.513,0.7964,0.3554,0.8037,0.3355,0.09,21.22,0.467,,1,1,15.841,0.2387,,,
229.545,0.8001,0.3500,0.8121,0.3336,0.06,21.13,0.466,,1,1,15.841,0.2387,,,
229.580,0.8037,0.3404,0.8146,0.3130,0.04,20.98,0.470,,1,1,15.841,0.2387,,,
229.608,0.8083,0.3342,0.8255,0.3120,0.03,20.85,0.467,,1,1,15.841,0.2387,,,
229.642,0.8106,0.3222,0.8178,0.2869,0.02,20.76,0.466,,1,1,15.841,0.2387,,,
229.673,0.8114,0.3102,0.8141,0.2719,0.01,20.67,0.471,,1,1,15.841,0.2387,,,
229.704,0.8123,0.3061,0.8151,0.2927,-0.00,20.60,0.471,,1,1,15.841,0.2387,,,
229.737,0.8114,0.3017,0.8088,0.2880,-0.02,20.59,0.472,,1,1,15.841,0.2387,,,
229.769,0.8113,0.2977,0.8109,0.2851,-0.03,20.54,0.471,,1,1,15.841,0.2387,,,
229.801,0.8109,0.2926,0.8096,0.2762,-0.05,20.40,0.470,,1,1,15.841,0.2387,,,
229.833,0.8124,0.2819,0.8175,0.2474,-0.07,20.26,0.468,,1,1,15.841,0.2387,,,
229.865,0.8011,0.2848,0.7627,0.2944,-0.07,20.25,0.462,,1,1,15.841,0.2387,,,
229.898,0.7849,0.3022,0.7348,0.3562,-0.07,20.31,0.460,,1,1,15.841,0.2387,,,
229.929,0.7589,0.2944,0.6718,0.2679,-0.07,20.39,0.452,,1,1,15.841,0.2387,,,
229.962,0.7314,0.2852,0.6474,0.2564,-0.07,20.43,0.449,,1,1,15.841,0.2387,,,
229.993,0.7054,0.2748,0.6223,0.2404,-0.08,20.43,0.449,,1,1,15.841,0.2387,,,
230.024,0.6818,0.2606,0.6051,0.2130,-0.08,20.43,0.448,,1,1,15.841,0.2387,,,
230.055,0.6587,0.2426,0.5853,0.1836,-0.08,20.49,0.446,,1,1,15.841,0.2387,,,
230.105,0.6264,0.2195,0.5622,0.1724,-0.10,20.53,0.447,,1,1,15.841,0.2387,,,
230.136,0.6059,0.1997,0.5408,0.1351,-0.10,20.58,0.445,,1,1,15.841,0.2387,,,
230.169,0.5868,0.1793,0.5292,0.1166,-0.12,20.63,0.442,,1,1,15.841,0.2387,,,
230.201,0.5712,0.1696,0.5235,0.1394,-0.12,20.66,0.446,,1,1,15.841,0.2387,,,
230.233,0.5573,0.1673,0.5148,0.1603,-0.12,20.66,0.445,,1,1,15.841,0.2387,,,
230.266,0.5452,0.1676,0.5085,0.1683,-0.12,20.68,0.444,,1,1,15.841,0.2387,,,
230.297,0.5383,0.1812,0.5159,0.2275,-0.13,20.67,0.450,,1,1,15.841,0.2387,,,
230.329,0.5319,0.1886,0.5117,0.2130,-0.14,20.69,0.451,,1,1,15.841,0.2387,,,
230.362,0.5262,0.1918,0.5086,0.2018,-0.15,20.69,0.453,,1,1,15.841,0.2387,,,
230.394,0.5202,0.1906,0.5013,0.1869,-0.15,20.70,0.457,,1,1,15.841,0.2387,,,
230.427,0.5098,0.1840,0.4778,0.1628,-0.14,20.72,0.459,,1,1,15.841,0.2387,,,
230.458,0.5020,0.1814,0.4759,0.1725,-0.14,20.79,0.454,,1,1,15.841,0.2387,,,
230.488,0.4895,0.1747,0.4485,0.1523,-0.14,20.90,0.457,,1,1,15.841,0.2387,,,
230.520,0.4837,0.1864,0.4656,0.2247,-0.15,20.98,0.449,,1,1,15.841,0.2387,,,
230.553,0.4888,0.2137,0.5053,0.3039,-0.15,21.00,0.379,,1,1,15.841,0.2387,,,
230.617,0.5547,0.3689,0.6617,0.6051,-0.05,20.73,0.226,,1,1,15.841,0.2387,,,
230.664,0.5914,0.4646,0.6750,0.6661,0.01,20.44,0.228,,1,1,15.841,0.2387,,,
230.698,0.6178,0.5025,0.6949,0.6061,0.06,20.23,0.218,,1,1,15.841,0.2387,,,
230.725,0.6357,0.5209,0.7014,0.5849,0.10,20.06,0.213,,1,1,15.841,0.2387,,,
230.752,0.6508,0.5461,0.7080,0.6360,0.15,19.93,0.229,,1,1,15.841,0.2387,,,
230.780,0.6626,0.5688,0.7047,0.6452,0.19,19.83,0.233,,1,1,15.841,0.2387,,,
230.807,0.6679,0.5949,0.6879,0.6882,0.22,19.73,0.243,,1,1,15.841,0.2387,,,
230.833,0.6697,0.6191,0.6768,0.7069,0.24,19.67,0.247,,1,1,15.841,0.2387,,,
230.861,0.6693,0.6437,0.6679,0.7255,0.26,19.62,0.257,,1,1,15.841,0.2387,,,
230.889,0.6693,0.6668,0.6691,0.7449,0.29,19.61,0.266,,1,1,15.841,0.2387,,,
230.921,0.6693,0.6878,0.6692,0.7507,0.33,19.60,0.267,,1,1,15.841,0.2387,,,
230.957,0.6713,0.7168,0.6773,0.7947,0.36,19.58,0.282,,1,1,15.841,0.2387,,,
231.016,0.6657,0.7663,0.6558,0.8464,0.42,19.62,0.296,,1,1,15.841,0.2387,,,
231.049,0.6653,0.7912,0.6639,0.8661,0.47,19.63,0.297,,1,1,15.841,0.2387,,,
231.081,0.6614,0.8145,0.6488,0.8835,0.50,19.62,0.293,,1,1,15.841,0.2387,,,
231.114,0.6591,0.8373,0.6517,0.9038,0.53,19.55,0.281,,1,1,15.841,0.2387,,,
231.145,0.6556,0.8477,0.6439,0.8802,0.56,19.46,0.244,,1,1,15.841,0.2387,,,
231.178,0.6481,0.8492,0.6242,0.8535,0.59,19.42,0.243,,1,1,15.841,0.2387,,,
231.224,0.6409,0.8806,0.6245,0.9475,0.63,19.39,0.248,,1,1,15.841,0.2387,,,
231.256,0.6347,0.8981,0.6142,0.9526,0.65,19.43,0.247,,1,1,15.841,0.2387,,,
231.282,0.6302,0.9112,0.6123,0.9604,0.67,19.48,0.247,,1,1,15.841,0.2387,,,
231.307,0.6289,0.9272,0.6234,0.9909,0.69,19.53,0.249,,1,1,15.841,0.2387,,,
231.332,0.6275,0.9389,0.6218,0.9850,0.71,19.59,0.256,,1,1,15.841,0.2387,,,
231.358,0.6278,0.9541,0.6290,1.0111,0.73,19.66,0.258,,1,1,15.841,0.2387,,,
231.417,0.6261,0.9693,0.6231,0.9951,0.74,19.80,0.261,,1,1,15.841,0.2387,,,
231.449,0.6217,0.9721,0.6074,0.9806,0.74,19.88,0.280,,1,1,15.841,0.2387,,,
231.482,0.6029,0.9396,0.5436,0.8374,0.71,20.01,0.338,,1,1,15.841,0.2387,,,
231.515,0.5735,0.8911,0.4821,0.7371,0.69,20.16,0.396,,1,1,15.841,0.2387,,,
231.545,0.5379,0.8225,0.4193,0.5955,0.65,20.36,0.434,,1,1,15.841,0.2387,,,
231.577,0.5083,0.7587,0.4171,0.5670,0.60,20.50,0.444,,1,1,15.841,0.2387,,,
231.609,0.4821,0.6966,0.4005,0.5117,0.55,20.62,0.454,,1,1,15.841,0.2387,,,
231.640,0.4616,0.6441,0.3975,0.4883,0.50,20.72,0.465,,1,1,15.841,0.2387,,,
231.673,0.4438,0.6007,0.3903,0.4781,0.45,20.78,0.475,,1,1,15.841,0.2387,,,
231.706,0.4310,0.5643,0.3928,0.4627,0.41,20.79,0.470,,1,1,15.841,0.2387,,,
231.737,0.4200,0.5346,0.3849,0.4455,0.37,20.80,0.483,,1,1,15.841,0.2387,,,
231.784,0.4051,0.4993,0.3736,0.4289,0.33,20.79,0.486,,1,1,15.841,0.2387,,,
231.816,0.3975,0.4804,0.3737,0.4239,0.31,20.79,0.488,,1,1,15.841,0.2387,,,
231.848,0.3913,0.4647,0.3715,0.4173,0.28,20.79,0.486,,1,1,15.841,0.2387,,,
231.881,0.3812,0.4533,0.3504,0.4203,0.26,20.83,0.483,,1,1,15.841,0.2387,,,
231.913,0.3674,0.4247,0.3240,0.3389,0.23,20.90,0.484,,1,1,15.841,0.2387,,,
231.950,0.3450,0.3727,0.2835,0.2376,0.20,20.97,0.486,,1,1,15.841,0.2387,,,
231.983,0.3279,0.3347,0.2763,0.2263,0.16,21.09,0.483,,1,1,15.841,0.2387,,,
232.014,0.3177,0.3129,0.2851,0.2469,0.12,21.14,0.479,,1,1,15.841,0.2387,,,
232.047,0.3100,0.2917,0.2865,0.2302,0.08,21.17,0.479,,1,1,15.841,0.2387,,,
232.074,0.3042,0.2732,0.2825,0.2079,0.05,21.19,0.484,,1,1,15.841,0.2387,,,
232.103,0.2850,0.2454,0.2170,0.1524,0.02,21.20,0.477,,1,1,15.841,0.2387,,,
232.137,0.2579,0.2014,0.1786,0.0789,-0.02,21.23,0.479,,1,1,15.841,0.2387,,,
232.169,0.2302,0.1564,0.1449,0.0250,-0.06,21.13,0.483,,1,1,15.841,0.2387,,,
232.200,0.2104,0.1346,0.1487,0.0698,-0.09,21.00,0.471,,1,1,15.841,0.2387,,,
232.232,0.1933,0.1119,0.1394,0.0428,-0.12,20.91,0.475,,1,1,15.841,0.2387,,,
232.264,0.1812,0.1003,0.1441,0.0659,-0.14,20.82,0.475,,1,1,15.841,0.2387,,,
232.297,0.1712,0.0903,0.1414,0.0613,-0.16,20.77,0.471,,1,1,15.841,0.2387,,,
232.329,0.1542,0.0663,0.1013,-0.0062,-0.17,20.75,0.471,,1,1,15.841,0.2387,,,
232.376,0.1438,0.0637,0.1214,0.0580,-0.19,20.72,0.468,,1,1,15.841,0.2387,,,
232.410,0.1381,0.0621,0.1213,0.0575,-0.20,20.67,0.463,,1,1,15.841,0.2387,,,
232.442,0.1311,0.0572,0.1080,0.0412,-0.20,20.62,0.463,,1,1,15.841,0.2387,,,
232.474,0.1292,0.0633,0.1231,0.0830,-0.20,20.58,0.463,,1,1,15.841,0.2387,,,
232.505,0.1271,0.0648,0.1205,0.0695,-0.20,20.53,0.464,,1,1,15.841,0.2387,,,
232.537,0.1265,0.0827,0.1245,0.1403,-0.21,20.59,0.461,,1,1,15.841,0.2387,,,
232.569,0.1248,0.0904,0.1193,0.1169,-0.23,20.65,0.462,,1,1,15.841,0.2387,,,
232.601,0.1251,0.1056,0.1260,0.1533,-0.26,20.64,0.461,,1,1,15.841,0.2387,,,
232.633,0.1225,0.1031,0.1136,0.0948,-0.27,20.69,0.458,,1,1,15.841,0.2387,,,
232.665,0.1244,0.1129,0.1307,0.1450,-0.29,20.71,0.457,,1,1,15.841,0.2387,,,
232.698,0.1301,0.1289,0.1488,0.1809,-0.29,20.77,0.435,,1,1,15.841,0.2387,,,
232.730,0.1387,0.1559,0.1661,0.2387,-0.30,20.81,0.420,,1,1,15.841,0.2387,,,
232.762,0.1449,0.1782,0.1655,0.2494,-0.30,20.91,0.405,,1,1,15.841,0.2387,,,
232.792,0.1531,0.2057,0.1816,0.2972,-0.28,21.00,0.398,,1,1,15.841,0.2387,,,
232.825,0.1498,0.2212,0.1393,0.2686,-0.25,21.10,0.381,,1,1,15.841,0.2387,,,
232.856,0.1562,0.2577,0.1772,0.3718,-0.21,21.16,0.330,,1,1,15.841,0.2387,,,
232.888,0.1725,0.3050,0.2265,0.4504,-0.17,21.14,0.249,,1,1,15.841,0.2387,,,
232.936,0.1992,0.3766,0.2561,0.5178,-0.11,21.14,0.250,,1,1,15.841,0.2387,,,
232.968,0.2040,0.4153,0.2195,0.5290,-0.08,21.04,0.267,,1,1,15.841,0.2387,,,
233.003,0.2118,0.4561,0.2349,0.5672,-0.06,21.00,0.275,,1,1,15.841,0.2387,,,
233.035,0.2170,0.4896,0.2336,0.5882,-0.03,20.95,0.289,,1,1,15.841,0.2387,,,
233.065,0.2228,0.5261,0.2427,0.6399,0.00,20.96,0.282,,1,1,15.841,0.2387,,,
233.097,0.2276,0.5650,0.2433,0.6788,0.03,20.95,0.288,,1,1,15.841,0.2387,,,
233.129,0.2312,0.5943,0.2428,0.6813,0.05,20.95,0.291,,1,1,15.841,0.2387,,,
233.161,0.2309,0.6148,0.2302,0.6750,0.08,20.99,0.294,,1,1,15.841,0.2387,,,
233.193,0.2307,0.6315,0.2299,0.6815,0.11,21.01,0.285,,1,1,15.841,0.2387,,,
233.227,0.2300,0.6413,0.2281,0.6689,0.14,21.03,0.269,,1,1,15.841,0.2387,,,
233.257,0.2310,0.6514,0.2343,0.6839,0.15,21.06,0.267,,1,1,15.841,0.2387,,,
233.289,0.2283,0.6588,0.2193,0.6813,0.17,21.04,0.263,,1,1,15.841,0.2387,,,
233.320,0.2264,0.6634,0.2198,0.6781,0.17,21.07,0.264,,1,1,15.841,0.2387,,,
233.354,0.2198,0.6506,0.1996,0.6131,0.17,21.10,0.259,,1,1,15.841,0.2387,,,
233.419,0.2024,0.6378,0.1742,0.6175,0.15,21.05,0.250,,1,1,15.841,0.2387,,,
233.451,0.1963,0.6324,0.1759,0.6147,0.15,21.05,0.237,,1,1,15.841,0.2387,,,
233.496,0.1906,0.6293,0.1772,0.6220,0.10,21.07,0.242,,1,1,15.841,0.2387,,,
233.529,0.1873,0.6379,0.1771,0.6648,0.08,21.12,0.250,,1,1,15.841,0.2387,,,
233.557,0.1834,0.6426,0.1686,0.6600,0.06,21.18,0.255,,1,1,15.841,0.2387,,,
233.585,0.1783,0.6454,0.1589,0.6562,0.05,21.23,0.255,,1,1,15.841,0.2387,,,
233.611,0.1737,0.6495,0.1562,0.6652,0.05,21.26,0.257,,1,1,15.841,0.2387,,,
233.636,0.1710,0.6554,0.1597,0.6800,0.06,21.30,0.267,,1,1,15.841,0.2387,,,
233.663,0.1698,0.6655,0.1650,0.7050,0.07,21.39,0.281,,1,1,15.841,0.2387,,,
233.689,0.1683,0.6720,0.1620,0.6977,0.08,21.44,0.281,,1,1,15.841,0.2387,,,
233.721,0.1703,0.6839,0.1769,0.7225,0.10,21.48,0.282,,1,1,15.841,0.2387,,,
233.752,0.1707,0.6984,0.1722,0.7453,0.12,21.52,0.279,,1,1,15.841,0.2387,,,
233.820,0.1799,0.7159,0.1942,0.7424,0.16,21.53,0.257,,1,1,15.841,0.2387,,,
233.847,0.1833,0.7167,0.1963,0.7197,0.17,21.52,0.251,,1,1,15.841,0.2387,,,
233.881,0.1833,0.7141,0.1835,0.7059,0.17,21.50,0.241,,1,1,15.841,0.2387,,,
233.914,0.1844,0.7105,0.1876,0.6995,0.17,21.47,0.222,,1,1,15.841,0.2387,,,
233.944,0.1862,0.7108,0.1927,0.7121,0.16,21.43,0.224,,1,1,15.841,0.2387,,,
233.977,0.1915,0.7178,0.2086,0.7403,0.16,21.38,0.216,,1,1,15.841,0.2387,,,
234.009,0.1930,0.7330,0.1984,0.7838,0.16,21.38,0.236,,1,1,15.841,0.2387,,,
234.056,0.1978,0.7423,0.2081,0.7622,0.16,21.36,0.234,,1,1,15.841,0.2387,,,
234.087,0.1993,0.7405,0.2045,0.7347,0.16,21.34,0.213,,1,1,15.841,0.2387,,,
234.114,0.1993,0.7364,0.1991,0.7200,0.17,21.32,0.206,,1,1,15.841,0.2387,,,
234.142,0.1960,0.7313,0.1840,0.7123,0.16,21.27,0.206,,1,1,15.841,0.2387,,,
234.166,0.1945,0.7317,0.1877,0.7336,0.16,21.20,0.216,,1,1,15.841,0.2387,,,
234.217,0.1934,0.7329,0.1910,0.7355,0.13,21.24,0.237,,1,1,15.841,0.2387,,,
234.249,0.1870,0.7340,0.1658,0.7374,0.13,21.23,0.257,,1,1,15.841,0.2387,,,
234.281,0.1777,0.7355,0.1477,0.7406,0.12,21.30,0.279,,1,1,15.841,0.2387,,,
234.312,0.1647,0.7378,0.1206,0.7457,0.13,21.37,0.327,,1,1,15.841,0.2387,,,
234.346,0.1476,0.7383,0.0954,0.7400,0.13,21.47,0.352,,1,1,15.841,0.2387,,,
234.376,0.1310,0.7381,0.0757,0.7374,0.12,21.55,0.373,,1,1,15.841,0.2387,,,
234.410,0.1166,0.7349,0.0716,0.7243,0.12,21.65,0.379,,1,1,15.841,0.2387,,,
234.442,0.0979,0.7158,0.0401,0.6547,0.13,21.74,0.386,,1,1,15.841,0.2387,,,
234.471,0.0846,0.7007,0.0386,0.6472,0.14,21.83,0.386,,1,1,15.841,0.2387,,,
234.504,0.0735,0.6903,0.0395,0.6580,0.16,21.91,0.390,,1,1,15.841,0.2387,,,
234.536,0.0657,0.6833,0.0406,0.6604,0.17,21.97,0.391,,1,1,15.841,0.2387,,,
234.568,0.0587,0.6783,0.0364,0.6619,0.18,22.03,0.391,,1,1,15.841,0.2387,,,
234.600,0.0531,0.6729,0.0355,0.6555,0.18,22.09,0.393,,1,1,15.841,0.2387,,,
234.648,0.0454,0.6644,0.0292,0.6464,0.18,22.18,0.394,,1,1,15.841,0.2387,,,
234.681,0.0447,0.6630,0.0424,0.6587,0.17,22.25,0.393,,1,1,15.841,0.2387,,,
234.714,0.0414,0.6515,0.0308,0.6151,0.15,22.36,0.389,,1,1,15.841,0.2387,,,
234.745,0.0414,0.6468,0.0415,0.6312,0.14,22.45,0.391,,1,1,15.841,0.2387,,,
234.778,0.0419,0.6478,0.0436,0.6510,0.13,22.48,0.386,,1,1,15.841,0.2387,,,
234.809,0.0427,0.6469,0.0451,0.6437,0.11,22.49,0.384,,1,1,15.841,0.2387,,,
234.841,0.0429,0.6432,0.0437,0.6312,0.09,22.50,0.384,,1,1,15.841,0.2387,,,
234.874,0.0456,0.6459,0.0541,0.6546,0.07,22.54,0.378,,1,1,15.841,0.2387,,,
234.904,0.0575,0.6661,0.0991,0.7358,0.06,22.58,0.363,,1,1,15.841,0.2387,,,
234.937,0.0889,0.6865,0.1894,0.7522,0.07,22.69,0.362,,1,1,15.841,0.2387,,,
234.968,0.1212,0.7065,0.2255,0.7718,0.07,22.82,0.366,,1,1,15.841,0.2387,,,
235.001,0.1474,0.7032,0.2282,0.6928,0.07,23.05,0.371,,1,1,15.841,0.2387,,,
235.032,0.1704,0.7120,0.2434,0.7408,0.07,23.21,0.372,,1,1,15.841,0.2387,,,
235.066,0.1933,0.7303,0.2612,0.7865,0.07,23.37,0.377,,1,1,15.841,0.2387,,,
235.098,0.2100,0.7408,0.2620,0.7743,0.06,23.53,0.380,,1,1,15.841,0.2387,,,
235.129,0.2217,0.7499,0.2592,0.7801,0.05,23.67,0.381,,1,1,15.841,0.2387,,,
235.161,0.2311,0.7545,0.2606,0.7693,0.05,23.80,0.381,,1,1,15.841,0.2387,,,
235.207,0.2467,0.7664,0.2802,0.7924,0.04,23.87,0.371,,1,1,15.841,0.2387,,,
235.241,0.2624,0.7766,0.3091,0.8077,0.04,23.92,0.373,,1,1,15.841,0.2387,,,
235.274,0.2835,0.7896,0.3482,0.8306,0.03,23.98,0.382,,1,1,15.841,0.2387,,,
235.306,0.3052,0.8125,0.3719,0.8837,0.03,24.03,0.381,,1,1,15.841,0.2387,,,
235.337,0.3237,0.8195,0.3856,0.8436,0.04,24.07,0.387,,1,1,15.841,0.2387,,,
235.368,0.3452,0.8289,0.4106,0.8584,0.03,24.10,0.389,,1,1,15.841,0.2387,,,
235.400,0.3644,0.8291,0.4239,0.8296,0.03,24.06,0.390,,1,1,15.841,0.2387,,,
235.432,0.3862,0.8322,0.4543,0.8422,0.04,24.02,0.392,,1,1,15.841,0.2387,,,
235.465,0.4152,0.8461,0.5009,0.8891,0.06,23.93,0.389,,1,1,15.841,0.2387,,,
235.496,0.4510,0.8541,0.5604,0.8800,0.06,23.85,0.386,,1,1,15.841,0.2387,,,
235.530,0.4956,0.8726,0.6221,0.9284,0.08,23.75,0.389,,1,1,15.841,0.2387,,,
235.562,0.5519,0.9147,0.7174,1.0458,0.07,23.64,0.382,,1,1,15.841,0.2387,,,
235.592,0.6017,0.9411,0.7552,1.0276,0.06,23.41,0.388,,1,1,15.841,0.2387,,,
235.625,0.6466,0.9639,0.7780,1.0352,0.06,23.22,0.390,,1,1,15.841,0.2387,,,
235.657,0.6862,0.9828,0.7965,1.0388,0.05,23.13,0.397,,1,1,15.841,0.2387,,,
235.688,0.7074,0.9580,0.7704,0.8779,0.04,23.14,0.430,,1,1,15.841,0.2387,,,
235.721,0.7262,0.9349,0.7801,0.8615,-0.00,23.10,0.443,,1,1,15.841,0.2387,,,
235.768,0.7426,0.8975,0.7757,0.8141,-0.06,23.01,0.442,,1,1,15.841,0.2387,,,
235.803,0.7510,0.8688,0.7747,0.7824,-0.07,22.93,0.442,,1,1,15.841,0.2387,,,
235.833,0.7571,0.8447,0.7767,0.7644,-0.08,22.84,0.445,,1,1,15.841,0.2387,,,
235.864,0.7623,0.8230,0.7789,0.7514,-0.10,22.77,0.449,,1,1,15.841,0.2387,,,
235.897,0.7656,0.8039,0.7755,0.7452,-0.12,22.67,0.448,,1,1,15.841,0.2387,,,
235.929,0.7650,0.7829,0.7630,0.7179,-0.15,22.58,0.449,,1,1,15.841,0.2387,,,
235.964,0.7584,0.7513,0.7392,0.6611,-0.18,22.44,0.462,,1,1,15.841,0.2387,,,
235.993,0.7476,0.7214,0.7090,0.6207,-0.21,22.35,0.464,,1,1,15.841,0.2387,,,
236.025,0.7299,0.6858,0.6709,0.5764,-0.24,22.20,0.473,,1,1,15.841,0.2387,,,
236.057,0.7025,0.6470,0.6131,0.5311,-0.26,22.12,0.473,,1,1,15.841,0.2387,,,
236.089,0.6736,0.6261,0.5815,0.5636,-0.27,22.07,0.469,,1,1,15.841,0.2387,,,
236.121,0.6379,0.6047,0.5238,0.5391,-0.29,22.01,0.465,,1,1,15.841,0.2387,,,
236.151,0.6079,0.5894,0.5085,0.5398,-0.30,21.96,0.474,,1,1,15.841,0.2387,,,
236.221,0.5332,0.5497,0.4287,0.4946,-0.35,21.82,0.467,,1,1,15.841,0.2387,,,
236.248,0.5006,0.5171,0.3824,0.3994,-0.38,21.84,0.472,,1,1,15.841,0.2387,,,
236.281,0.4651,0.4751,0.3627,0.3548,-0.38,21.88,0.475,,1,1,15.841,0.2387,,,
236.312,0.4408,0.4502,0.3648,0.3727,-0.38,21.90,0.473,,1,1,15.841,0.2387,,,
236.360,0.4103,0.4177,0.3482,0.3520,-0.38,22.08,0.467,,1,1,15.841,0.2387,,,
236.386,0.3970,0.4074,0.3462,0.3684,-0.38,22.17,0.464,,1,1,15.841,0.2387,,,
236.414,0.3822,0.3972,0.3323,0.3628,-0.38,22.26,0.463,,1,1,15.841,0.2387,,,
236.443,0.3724,0.3905,0.3386,0.3672,-0.39,22.34,0.462,,1,1,15.841,0.2387,,,
236.471,0.3641,0.3799,0.3346,0.3423,-0.40,22.43,0.463,,1,1,15.841,0.2387,,,
236.495,0.3587,0.3718,0.3372,0.3396,-0.42,22.52,0.463,,1,1,15.841,0.2387,,,
236.523,0.3556,0.3591,0.3444,0.3130,-0.44,22.61,0.466,,1,1,15.841,0.2387,,,
236.552,0.3487,0.3322,0.3255,0.2439,-0.47,22.71,0.467,,1,1,15.841,0.2387,,,
236.616,0.3389,0.2755,0.3232,0.1878,-0.57,22.86,0.473,,1,1,15.841,0.2387,,,
236.649,0.3356,0.2481,0.3248,0.1639,-0.58,22.90,0.475,,1,1,15.841,0.2387,,,
236.681,0.3311,0.2204,0.3172,0.1391,-0.57,22.91,0.480,,1,1,15.841,0.2387,,,
236.713,0.3311,0.2045,0.3313,0.1556,-0.58,22.91,0.479,,1,1,15.841,0.2387,,,
236.744,0.3299,0.1871,0.3261,0.1330,-0.57,22.90,0.477,,1,1,15.841,0.2387,,,
236.778,0.3267,0.1648,0.3166,0.0998,-0.58,22.92,0.475,,1,1,15.841,0.2387,,,
236.808,0.3279,0.1609,0.3321,0.1480,-0.57,22.89,0.471,,1,1,15.841,0.2387,,,
236.842,0.3313,0.1584,0.3418,0.1513,-0.54,22.77,0.472,,1,1,15.841,0.2387,,,
236.873,0.3385,0.1585,0.3640,0.1587,-0.54,22.69,0.473,,1,1,15.841,0.2387,,,
236.919,0.3538,0.1461,0.3881,0.1195,-0.54,22.54,0.476,,1,1,15.841,0.2387,,,
236.953,0.3603,0.1342,0.3804,0.0984,-0.54,22.45,0.478,,1,1,15.841,0.2387,,,
236.979,0.3640,0.1263,0.3794,0.0947,-0.53,22.38,0.478,,1,1,15.841,0.2387,,,
237.017,0.3704,0.1139,0.3878,0.0816,-0.53,22.27,0.481,,1,1,15.841,0.2387,,,
237.049,0.3759,0.1099,0.3941,0.0967,-0.53,22.20,0.481,,1,1,15.841,0.2387,,,
237.080,0.3809,0.1046,0.3972,0.0878,-0.53,22.12,0.483,,1,1,15.841,0.2387,,,
237.113,0.3866,0.1045,0.4046,0.1043,-0.53,22.04,0.481,,1,1,15.841,0.2387,,,
237.144,0.3920,0.1031,0.4100,0.0983,-0.53,21.97,0.480,,1,1,15.841,0.2387,,,
237.177,0.4036,0.1198,0.4414,0.1751,-0.53,21.91,0.473,,1,1,15.841,0.2387,,,
237.212,0.4149,0.1300,0.4481,0.1606,-0.52,21.86,0.473,,1,1,15.841,0.2387,,,
237.241,0.4227,0.1340,0.4499,0.1484,-0.52,21.80,0.473,,1,1,15.841,0.2387,,,
237.273,0.4283,0.1328,0.4463,0.1288,-0.52,21.76,0.470,,1,1,15.841,0.2387,,,
237.304,0.4307,0.1244,0.4387,0.0956,-0.54,21.73,0.468,,1,1,15.841,0.2387,,,
237.336,0.4330,0.1181,0.4405,0.0979,-0.55,21.73,0.467,,1,1,15.841,0.2387,,,
237.369,0.4355,0.1138,0.4434,0.0997,-0.56,21.75,0.465,,1,1,15.841,0.2387,,,
237.401,0.4411,0.1193,0.4588,0.1370,-0.57,21.78,0.468,,1,1,15.841,0.2387,,,
237.433,0.4469,0.1266,0.4660,0.1508,-0.57,21.78,0.465,,1,1,15.841,0.2387,,,
237.482,0.4722,0.1412,0.5260,0.1729,-0.56,21.87,0.464,,1,1,15.841,0.2387,,,
237.514,0.4973,0.1488,0.5758,0.1736,-0.56,21.92,0.466,,1,1,15.841,0.2387,,,
237.545,0.5247,0.1390,0.6135,0.1055,-0.55,21.97,0.468,,1,1,15.841,0.2387,,,
237.579,0.5472,0.1357,0.6166,0.1250,-0.55,22.01,0.467,,1,1,15.841,0.2387,,,
237.611,0.5674,0.1342,0.6266,0.1292,-0.55,22.05,0.475,,1,1,15.841,0.2387,,,
237.641,0.5844,0.1410,0.6419,0.1654,-0.56,22.10,0.482,,1,1,15.841,0.2387,,,
237.673,0.5994,0.1496,0.6459,0.1778,-0.57,22.11,0.486,,1,1,15.841,0.2387,,,
237.704,0.6121,0.1546,0.6528,0.1714,-0.57,22.14,0.487,,1,1,15.841,0.2387,,,
237.737,0.6227,0.1557,0.6557,0.1592,-0.57,22.13,0.495,,1,1,15.841,0.2387,,,
237.769,0.6387,0.1424,0.6881,0.0986,-0.57,22.05,0.497,,1,1,15.841,0.2387,,,
237.801,0.6550,0.1508,0.7042,0.1777,-0.57,21.99,0.494,,1,1,15.841,0.2387,,,
237.832,0.6755,0.1715,0.7411,0.2409,-0.58,21.81,0.497,,1,1,15.841,0.2387,,,
237.864,0.6943,0.1783,0.7547,0.2012,-0.59,21.61,0.502,,1,1,15.841,0.2387,,,
237.897,0.7118,0.1868,0.7628,0.2126,-0.60,21.43,0.501,,1,1,15.841,0.2387,,,
237.928,0.7271,0.1923,0.7763,0.2106,-0.62,21.35,0.502,,1,1,15.841,0.2387,,,
237.961,0.7455,0.1988,0.8012,0.2196,-0.64,21.06,0.499,,1,1,15.841,0.2387,,,
237.993,0.7619,0.1883,0.8126,0.1538,-0.68,20.77,0.502,,1,1,15.841,0.2387,,,
238.040,0.7776,0.1686,0.8109,0.1241,-0.70,20.53,0.505,,1,1,15.841,0.2387,,,
238.072,0.7889,0.1622,0.8244,0.1408,-0.72,20.44,0.505,,1,1,15.841,0.2387,,,
238.103,0.8046,0.1534,0.8541,0.1243,-0.74,20.24,0.500,,1,1,15.841,0.2387,,,
238.136,0.8165,0.1345,0.8525,0.0754,-0.80,19.92,0.502,,1,1,15.841,0.2387,,,
238.168,0.8288,0.1132,0.8685,0.0433,-0.86,19.52,0.502,,1,1,15.841,0.2387,,,
238.201,0.8442,0.1002,0.8906,0.0603,-0.87,19.23,0.500,,1,1,15.841,0.2387,,,
238.232,0.8525,0.0842,0.8792,0.0320,-0.89,18.95,0.496,,1,1,15.841,0.2387,,,
238.265,0.8613,0.0677,0.8881,0.0172,-0.89,18.72,0.498,,1,1,15.841,0.2387,,,
238.297,0.8671,0.0575,0.8860,0.0242,-0.87,18.60,0.498,,1,1,15.841,0.2387,,,
238.329,0.8715,0.0472,0.8849,0.0157,-0.86,18.43,0.498,,1,1,15.841,0.2387,,,
238.361,0.8730,0.0376,0.8778,0.0068,-0.85,18.20,0.493,,1,1,15.841,0.2387,,,
238.394,0.8728,0.0302,0.8723,0.0077,-0.83,18.12,0.492,,1,1,15.841,0.2387,,,
238.424,0.8722,0.0226,0.8700,-0.0033,-0.82,18.04,0.492,,1,1,15.841,0.2387,,,
238.457,0.8706,0.0150,0.8657,-0.0084,-0.80,17.97,0.493,,1,1,15.841,0.2387,,,
238.488,0.8701,0.0206,0.8683,0.0387,-0.80,17.85,0.492,,1,1,15.841,0.2387,,,
238.521,0.8697,0.0308,0.8685,0.0631,-0.80,17.67,0.491,,1,1,15.841,0.2387,,,
238.554,0.8690,0.0408,0.8669,0.0732,-0.80,17.54,0.490,,1,1,15.841,0.2387,,,
238.633,0.9230,0.1793,0.9937,0.3583,-0.67,17.41,0.352,,1,1,15.841,0.2387,,,
238.659,0.9423,0.2303,1.0164,0.4188,-0.62,17.37,0.338,,1,1,15.841,0.2387,,,
238.686,0.9571,0.2853,1.0141,0.4837,-0.57,17.21,0.273,,1,1,15.841,0.2387,,,
238.713,0.9716,0.3421,1.0276,0.5440,-0.53,17.01,0.239,,1,1,15.841,0.2387,,,
238.739,0.9852,0.3972,1.0348,0.5804,-0.47,16.89,0.239,,1,1,15.841,0.2387,,,
238.766,0.9953,0.4412,1.0333,0.5897,-0.41,16.79,0.247,,1,1,15.841,0.2387,,,
238.795,0.9997,0.4965,1.0147,0.6649,-0.36,16.70,0.262,,1,1,15.841,0.2387,,,
238.826,1.0000,0.5535,1.0231,0.7172,-0.31,16.58,0.282,,1,1,15.841,0.2387,,,
238.858,1.0000,0.6084,1.0138,0.7616,-0.25,16.53,0.295,,1,1,15.841,0.2387,,,
238.890,1.0000,0.6528,1.0248,0.7817,-0.20,16.48,0.302,,1,1,15.841,0.2387,,,
238.922,1.0000,0.6845,1.0099,0.7695,-0.16,16.43,0.305,,1,1,15.841,0.2387,,,
238.955,1.0000,0.7167,1.0174,0.8037,-0.12,16.42,0.308,,1,1,15.841,0.2387,,,
239.016,1.0000,0.7459,1.0114,0.7909,-0.05,16.47,0.310,,1,1,15.841,0.2387,,,
239.049,1.0000,0.7555,1.0004,0.7835,-0.02,16.48,0.308,,1,1,15.841,0.2387,,,
239.081,1.0000,0.7683,1.0003,0.8064,0.01,16.51,0.314,,1,1,15.841,0.2387,,,
239.113,1.0000,0.7798,1.0006,0.8140,0.04,16.55,0.312,,1,1,15.841,0.2387,,,
239.146,1.0000,0.7931,1.0049,0.8325,0.07,16.62,0.315,,1,1,15.841,0.2387,,,
239.195,1.0000,0.8105,0.9954,0.8453,0.14,16.68,0.317,,1,1,15.841,0.2387,,,
239.223,1.0000,0.8228,0.9949,0.8657,0.17,16.76,0.316,,1,1,15.841,0.2387,,,
239.255,0.9990,0.8349,0.9932,0.8733,0.20,16.83,0.315,,1,1,15.841,0.2387,,,
239.283,0.9978,0.8425,0.9932,0.8694,0.23,16.96,0.318,,1,1,15.841,0.2387,,,
239.309,0.9836,0.8431,0.9269,0.8453,0.25,17.01,0.315,,1,1,15.841,0.2387,,,
239.334,0.9639,0.8356,0.8819,0.8052,0.27,17.06,0.308,,1,1,15.841,0.2387,,,
239.361,0.9347,0.8457,0.8283,0.8825,0.28,17.13,0.313,,1,1,15.841,0.2387,,,
239.416,0.8838,0.8586,0.7902,0.8830,0.32,17.11,0.329,,1,1,15.841,0.2387,,,
239.448,0.8478,0.8540,0.7364,0.8391,0.34,17.11,0.328,,1,1,15.841,0.2387,,,
239.481,0.8152,0.8577,0.7201,0.8691,0.37,17.12,0.333,,1,1,15.841,0.2387,,,
239.512,0.7876,0.8508,0.7012,0.8275,0.37,17.17,0.338,,1,1,15.841,0.2387,,,
239.545,0.7554,0.8340,0.6613,0.7803,0.37,17.26,0.335,,1,1,15.841,0.2387,,,
239.577,0.7307,0.8179,0.6555,0.7646,0.37,17.36,0.332,,1,1,15.841,0.2387,,,
239.608,0.7121,0.8105,0.6535,0.7851,0.38,17.41,0.334,,1,1,15.841,0.2387,,,
239.640,0.6983,0.8065,0.6563,0.7935,0.39,17.54,0.342,,1,1,15.841,0.2387,,,
239.672,0.6834,0.8109,0.6381,0.8254,0.41,17.69,0.342,,1,1,15.841,0.2387,,,
239.705,0.6693,0.8166,0.6273,0.8349,0.42,17.95,0.345,,1,1,15.841,0.2387,,,
239.753,0.6511,0.8261,0.6136,0.8471,0.45,18.29,0.349,,1,1,15.841,0.2387,,,
239.784,0.6414,0.8336,0.6100,0.8592,0.46,18.50,0.347,,1,1,15.841,0.2387,,,
239.817,0.6314,0.8499,0.6001,0.9032,0.48,18.64,0.346,,1,1,15.841,0.2387,,,
239.847,0.6213,0.8599,0.5887,0.8933,0.49,18.83,0.348,,1,1,15.841,0.2387,,,
239.882,0.6098,0.8751,0.5775,0.9190,0.50,19.06,0.348,,1,1,15.841,0.2387,,,
239.912,0.6018,0.8876,0.5737,0.9320,0.51,19.24,0.348,,1,1,15.841,0.2387,,,
239.945,0.5909,0.8936,0.5579,0.9120,0.51,19.40,0.351,,1,1,15.841,0.2387,,,
239.976,0.5797,0.8914,0.5440,0.8841,0.51,19.50,0.352,,1,1,15.841,0.2387,,,
240.009,0.5695,0.8919,0.5374,0.8937,0.50,19.67,0.351,,1,1,15.841,0.2387,,,
240.040,0.5576,0.8860,0.5196,0.8665,0.48,19.79,0.344,,1,1,15.841,0.2387,,,
240.073,0.5429,0.8742,0.4974,0.8359,0.47,19.85,0.344,,1,1,15.841,0.2387,,,
240.103,0.5369,0.8793,0.5170,0.8969,0.46,19.95,0.343,,1,1,15.841,0.2387,,,
240.136,0.5290,0.8896,0.5047,0.9222,0.46,20.04,0.329,,1,1,15.841,0.2387,,,
240.169,0.5085,0.8956,0.4457,0.9147,0.45,20.14,0.326,,1,1,15.841,0.2387,,,
240.201,0.4796,0.9019,0.3904,0.9223,0.44,20.17,0.329,,1,1,15.841,0.2387,,,
240.232,0.4567,0.9053,0.3810,0.9171,0.41,20.19,0.329,,1,1,15.841,0.2387,,,
240.264,0.4259,0.8992,0.3339,0.8797,0.39,20.24,0.328,,1,1,15.841,0.2387,,,
240.312,0.3983,0.9013,0.3420,0.9057,0.34,20.25,0.309,,1,1,15.841,0.2387,,,
240.345,0.3861,0.9037,0.3485,0.9117,0.31,20.33,0.318,,1,1,15.841,0.2387,,,
240.378,0.3741,0.8993,0.3387,0.8855,0.27,20.46,0.309,,1,1,15.841,0.2387,,,
240.409,0.3649,0.9139,0.3347,0.9638,0.25,20.57,0.312,,1,1,15.841,0.2387,,,
240.441,0.3540,0.9179,0.3205,0.9306,0.23,20.67,0.304,,1,1,15.841,0.2387,,,
240.473,0.3388,0.9183,0.2916,0.9199,0.22,20.76,0.298,,1,1,15.841,0.2387,,,
240.504,0.3225,0.9231,0.2688,0.9394,0.21,20.84,0.302,,1,1,15.841,0.2387,,,
240.536,0.3047,0.9129,0.2497,0.8795,0.20,20.94,0.294,,1,1,15.841,0.2387,,,
240.567,0.2914,0.9139,0.2493,0.9172,0.19,21.04,0.305,,1,1,15.841,0.2387,,,
240.601,0.2775,0.9097,0.2361,0.8967,0.19,21.13,0.289,,1,1,15.841,0.2387,,,
240.632,0.2639,0.9069,0.2202,0.8972,0.17,21.22,0.297,,1,1,15.841,0.2387,,,
240.665,0.2529,0.8969,0.2193,0.8649,0.17,21.31,0.286,,1,1,15.841,0.2387,,,
240.696,0.2427,0.8891,0.2103,0.8634,0.16,21.40,0.286,,1,1,15.841,0.2387,,,
240.729,0.2343,0.8934,0.2079,0.9072,0.15,21.49,0.296,,1,1,15.841,0.2387,,,
240.762,0.2230,0.8895,0.1891,0.8773,0.13,21.59,0.301,,1,1,15.841,0.2387,,,
240.793,0.2091,0.8715,0.1644,0.8116,0.12,21.69,0.305,,1,1,15.841,0.2387,,,
240.826,0.1983,0.8592,0.1645,0.8199,0.11,21.76,0.303,,1,1,15.841,0.2387,,,
240.858,0.1898,0.8483,0.1631,0.8137,0.11,21.80,0.301,,1,1,15.841,0.2387,,,
240.907,0.1703,0.8088,0.1304,0.7271,0.09,21.88,0.314,,1,1,15.841,0.2387,,,
240.938,0.1543,0.7712,0.1016,0.6493,0.07,21.97,0.324,,1,1,15.841,0.2387,,,
240.972,0.1342,0.7266,0.0749,0.5985,0.05,22.05,0.348,,1,1,15.841,0.2387,,,
241.000,0.1177,0.6874,0.0583,0.5505,0.03,22.14,0.357,,1,1,15.841,0.2387,,,
241.032,0.0917,0.6279,0.0082,0.4464,0.03,22.20,0.358,,1,1,15.841,0.2387,,,
241.062,0.0598,0.5509,-0.0407,0.3251,0.01,22.28,0.391,,1,1,15.841,0.2387,,,
241.100,0.0288,0.4554,-0.0749,0.2325,-0.02,22.36,0.424,,1,1,15.841,0.2387,,,
241.128,0.0115,0.3740,-0.1274,0.1149,-0.06,22.42,0.451,,1,1,15.841,0.2387,,,
241.165,0.0000,0.2915,-0.1335,0.0984,-0.10,22.47,0.454,,1,1,15.841,0.2387,,,
241.193,0.0000,0.2303,-0.1547,0.0437,-0.11,22.47,0.452,,1,1,15.841,0.2387,,,
241.226,0.0000,0.1680,-0.1704,0.0037,-0.12,22.50,0.457,,1,1,15.841,0.2387,,,
241.257,0.0000,0.1102,-0.1954,-0.0581,-0.15,22.53,0.459,,1,1,15.841,0.2387,,,
241.289,0.0000,0.0667,-0.2273,-0.1407,-0.16,22.57,0.451,,1,1,15.841,0.2387,,,
241.321,0.0000,0.0356,-0.2565,-0.1970,-0.16,22.58,0.458,,1,1,15.841,0.2387,,,
241.353,0.0000,0.0134,-0.2733,-0.2388,-0.15,22.62,0.454,,1,1,15.841,0.2387,,,
241.417,0.0000,0.0000,-0.2751,-0.2632,-0.10,22.77,0.457,,1,1,15.841,0.2387,,,
241.465,0.0000,0.0000,-0.2929,-0.3353,-0.11,22.71,0.456,,1,1,15.841,0.2387,,,
241.498,0.0000,0.0000,-0.3052,-0.3615,-0.09,22.67,0.448,,1,1,15.841,0.2387,,,
241.525,0.0000,0.0000,-0.3073,-0.3635,-0.09,22.66,0.444,,1,1,15.841,0.2387,,,
241.550,0.0000,0.0000,-0.3163,-0.4150,-0.08,22.64,0.437,,1,1,15.841,0.2387,,,
241.577,0.0000,0.0000,-0.3011,-0.3861,-0.08,22.54,0.440,,1,1,15.841,0.2387,,,
241.605,0.0000,0.0000,-0.2136,-0.4268,-0.07,22.45,0.439,,1,1,15.841,0.2387,,,
241.632,0.0000,0.0000,-0.1509,-0.3471,-0.07,22.43,0.442,,1,1,15.841,0.2387,,,
241.659,0.0000,0.0000,-0.0963,-0.2971,-0.06,22.41,0.443,,1,1,15.841,0.2387,,,
241.689,0.0000,0.0000,-0.0622,-0.3147,-0.05,22.36,0.441,,1,1,15.841,0.2387,,,
241.720,0.0000,0.0000,-0.0769,-0.4010,-0.04,22.37,0.436,,1,1,15.841,0.2387,,,
241.752,0.0000,0.0000,-0.0068,-0.2824,-0.03,22.33,0.434,,1,1,15.841,0.2387,,,
241.817,0.0000,0.0000,0.0204,-0.3296,0.01,22.26,0.435,,1,1,15.841,0.2387,,,
241.848,0.0068,0.0000,0.0853,-0.2516,0.03,22.20,0.424,,1,1,15.841,0.2387,,,
241.882,0.0360,0.0000,0.1244,-0.2276,0.02,22.14,0.428,,1,1,15.841,0.2387,,,
241.913,0.0628,0.0000,0.1500,-0.2499,0.01,22.04,0.431,,1,1,15.841,0.2387,,,
241.946,0.0967,0.0000,0.1982,-0.1439,0.01,21.97,0.428,,1,1,15.841,0.2387,,,
241.979,0.1367,0.0000,0.2546,-0.1007,-0.02,21.85,0.428,,1,1,15.841,0.2387,,,
242.025,0.1847,0.0000,0.2894,-0.2476,-0.05,21.76,0.433,,1,1,15.841,0.2387,,,
242.058,0.2204,0.0000,0.3219,-0.1923,-0.06,21.68,0.428,,1,1,15.841,0.2387,,,
242.083,0.2444,0.0000,0.3339,-0.1399,-0.06,21.64,0.429,,1,1,15.841,0.2387,,,
242.111,0.2687,0.0000,0.3535,-0.2602,-0.06,21.50,0.429,,1,1,15.841,0.2387,,,
242.135,0.2988,0.0000,0.4139,-0.2684,-0.05,21.29,0.423,,1,1,15.841,0.2387,,,
242.164,0.3352,0.0000,0.4549,-0.2765,-0.06,21.06,0.427,,1,1,15.841,0.2387,,,
242.217,0.4205,0.0000,0.5721,-0.1382,-0.04,21.01,0.420,,1,1,15.841,0.2387,,,
242.249,0.4728,0.0000,0.6231,-0.0387,-0.03,20.97,0.424,,1,1,15.841,0.2387,,,
242.283,0.5301,0.0000,0.6854,0.0926,-0.04,20.89,0.418,,1,1,15.841,0.2387,,,
242.312,0.5842,0.0455,0.7503,0.2429,-0.06,20.91,0.419,,1,1,15.841,0.2387,,,
242.345,0.6394,0.1214,0.7905,0.3431,-0.06,20.95,0.393,,1,1,15.841,0.2387,,,
242.379,0.7063,0.2284,0.8887,0.5281,-0.05,20.95,0.291,,1,1,15.841,0.2387,,,
242.410,0.7783,0.3742,0.9759,0.7682,-0.01,20.70,0.155,,1,1,15.841,0.2387,,,
242.441,0.8436,0.5358,1.0268,0.9628,0.01,20.35,0.114,,1,1,15.841,0.2387,,,
242.473,0.8841,0.6620,0.9950,0.9775,0.02,20.07,0.114,,1,1,15.841,0.2387,,,
242.506,0.8916,0.7102,0.9127,0.8329,0.02,19.85,0.139,,1,1,15.841,0.2387,,,
242.537,0.8825,0.7266,0.8555,0.7703,0.01,19.62,0.155,,1,1,15.841,0.2387,,,
242.583,0.8665,0.7450,0.8337,0.7795,0.02,19.43,0.155,,1,1,15.841,0.2387,,,
242.617,0.8425,0.7733,0.7706,0.8494,0.02,19.28,0.161,,1,1,15.841,0.2387,,,
242.649,0.8282,0.7954,0.7831,0.8575,0.03,19.17,0.158,,1,1,15.841,0.2387,,,
242.680,0.8009,0.8008,0.7098,0.8169,0.04,19.04,0.151,,1,1,15.841,0.2387,,,
242.713,0.7769,0.8000,0.7002,0.7976,0.04,18.93,0.152,,1,1,15.841,0.2387,,,
242.744,0.7606,0.7998,0.7060,0.7991,0.05,18.84,0.151,,1,1,15.841,0.2387,,,
242.776,0.7454,0.7965,0.6954,0.7861,0.05,18.76,0.158,,1,1,15.841,0.2387,,,
242.809,0.7407,0.7875,0.7260,0.7604,0.06,18.62,0.133,,1,1,15.841,0.2387,,,
242.841,0.7377,0.7817,0.7278,0.7636,0.09,18.53,0.151,,1,1,15.841,0.2387,,,
242.872,0.7282,0.7690,0.6966,0.7270,0.12,18.38,0.157,,1,1,15.841,0.2387,,,
242.903,0.7211,0.7614,0.6979,0.7359,0.15,18.23,0.157,,1,1,15.841,0.2387,,,
242.937,0.7350,0.8008,0.7797,0.9237,0.18,18.10,0.142,,1,1,15.841,0.2387,,,
242.967,0.7471,0.8347,0.7882,0.9433,0.20,17.96,0.134,,1,1,15.841,0.2387,,,
243.002,0.7300,0.7910,0.6788,0.6612,0.22,17.89,0.166,,1,1,15.841,0.2387,,,
