time_s,gaze_x,gaze_y,raw_x,raw_y,pitch_deg,yaw_deg,ear,blink,face_detected,calibrated,calib_mgae_deg,calib_rmse
0.646,0.5000,0.5000,0.5000,0.5000,-2.17,-14.96,0.094,,1,0,,
0.701,0.5000,0.5000,0.5000,0.5000,-2.20,-15.16,0.241,,1,0,,
0.731,0.5000,0.5000,0.5000,0.5000,-2.26,-15.42,0.405,,1,0,,
0.762,0.5000,0.5000,0.5000,0.5000,-2.35,-15.77,0.496,,1,0,,
0.788,0.5000,0.5000,0.5000,0.5000,-2.40,-15.97,0.516,,1,0,,
0.813,0.5000,0.5000,0.5000,0.5000,-2.50,-16.20,0.531,,1,0,,
0.838,0.5000,0.5000,0.5000,0.5000,-2.59,-16.36,0.524,,1,0,,
0.864,0.5000,0.5000,0.5000,0.5000,-2.63,-16.28,0.524,,1,0,,
0.893,0.5000,0.5000,0.5000,0.5000,-2.55,-15.69,0.523,,1,0,,
0.919,0.5000,0.5000,0.5000,0.5000,-2.66,-14.42,0.529,,1,0,,
0.943,0.5000,0.5000,0.5000,0.5000,-2.84,-12.83,0.537,,1,0,,
0.971,0.5000,0.5000,0.5000,0.5000,-2.92,-11.49,0.536,,1,0,,
1.003,0.5000,0.5000,0.5000,0.5000,-3.01,-9.73,0.536,,1,0,,
1.035,0.5000,0.5000,0.5000,0.5000,-2.96,-8.18,0.519,,1,0,,
1.068,0.5000,0.5000,0.5000,0.5000,-2.87,-6.68,0.519,,1,0,,
1.099,0.5000,0.5000,0.5000,0.5000,-2.76,-5.32,0.526,,1,0,,
1.129,0.5000,0.5000,0.5000,0.5000,-2.61,-4.17,0.524,,1,0,,
1.160,0.5000,0.5000,0.5000,0.5000,-2.45,-3.20,0.520,,1,0,,
1.191,0.5000,0.5000,0.5000,0.5000,-2.30,-2.35,0.531,,1,0,,
1.224,0.5000,0.5000,0.5000,0.5000,-2.21,-1.52,0.530,,1,0,,
1.256,0.5000,0.5000,0.5000,0.5000,-2.10,-0.80,0.533,,1,0,,
1.289,0.5000,0.5000,0.5000,0.5000,-1.98,-0.13,0.525,,1,0,,
1.323,0.5000,0.5000,0.5000,0.5000,-1.86,0.45,0.531,,1,0,,
1.355,0.5000,0.5000,0.5000,0.5000,-1.73,0.92,0.536,,1,0,,
1.418,0.5000,0.5000,0.5000,0.5000,-1.35,1.32,0.539,,1,0,,
1.452,0.5000,0.5000,0.5000,0.5000,-1.22,1.62,0.535,,1,0,,
1.483,0.5000,0.5000,0.5000,0.5000,-1.08,1.69,0.529,,1,0,,
1.529,0.5000,0.5000,0.5000,0.5000,-0.84,1.66,0.528,,1,0,,
1.562,0.5000,0.5000,0.5000,0.5000,-0.69,1.66,0.525,,1,0,,
1.587,0.5000,0.5000,0.5000,0.5000,-0.60,1.70,0.526,,1,0,,
1.612,0.5000,0.5000,0.5000,0.5000,-0.48,1.88,0.521,,1,0,,
1.636,0.5000,0.5000,0.5000,0.5000,-0.33,1.97,0.512,,1,0,,
1.663,0.5000,0.5000,0.5000,0.5000,-0.12,2.34,0.279,,1,0,,
1.689,0.5000,0.5000,0.5000,0.5000,0.15,2.57,0.127,,1,0,,
1.721,0.5000,0.5000,0.5000,0.5000,0.47,3.18,0.198,,1,0,,
1.754,0.5000,0.5000,0.5000,0.5000,0.70,4.15,0.296,,1,0,,
1.817,0.5000,0.5000,0.5000,0.5000,0.93,6.39,0.453,,1,0,,
1.850,0.5000,0.5000,0.5000,0.5000,1.09,7.53,0.482,,1,0,,
1.882,0.5000,0.5000,0.5000,0.5000,1.27,8.64,0.491,,1,0,,
1.912,0.5000,0.5000,0.5000,0.5000,1.42,9.72,0.493,,1,0,,
1.944,0.5000,0.5000,0.5000,0.5000,1.58,10.75,0.497,,1,0,,
1.976,0.5000,0.5000,0.5000,0.5000,1.73,11.74,0.507,,1,0,,
2.010,0.5000,0.5000,0.5000,0.5000,1.91,12.86,0.512,,1,0,,
2.041,0.5000,0.5000,0.5000,0.5000,2.06,13.79,0.521,,1,0,,
2.074,0.5000,0.5000,0.5000,0.5000,2.26,14.67,0.516,,1,0,,
2.121,0.5000,0.5000,0.5000,0.5000,2.49,15.77,0.523,,1,0,,
2.152,0.5000,0.5000,0.5000,0.5000,2.58,16.47,0.531,,1,0,,
2.178,0.5000,0.5000,0.5000,0.5000,2.66,17.03,0.525,,1,0,,
2.216,0.5000,0.5000,0.5000,0.5000,2.73,17.86,0.529,,1,0,,
2.248,0.5000,0.5000,0.5000,0.5000,2.79,18.44,0.537,,1,0,,
2.284,0.5000,0.5000,0.5000,0.5000,2.82,18.94,0.543,,1,0,,
2.313,0.5000,0.5000,0.5000,0.5000,2.83,19.41,0.529,,1,0,,
2.345,0.5000,0.5000,0.5000,0.5000,2.83,19.83,0.533,,1,0,,
2.375,0.5000,0.5000,0.5000,0.5000,2.83,20.22,0.528,,1,0,,
2.410,0.5000,0.5000,0.5000,0.5000,2.79,20.57,0.536,,1,0,,
2.440,0.5000,0.5000,0.5000,0.5000,2.78,20.82,0.540,,1,0,,
2.472,0.5000,0.5000,0.5000,0.5000,2.72,21.00,0.532,,1,0,,
2.505,0.5000,0.5000,0.5000,0.5000,2.67,21.25,0.533,,1,0,,
2.537,0.5000,0.5000,0.5000,0.5000,2.59,21.52,0.535,,1,0,,
2.569,0.5000,0.5000,0.5000,0.5000,2.53,21.78,0.532,,1,0,,
2.601,0.5000,0.5000,0.5000,0.5000,2.50,22.02,0.536,,1,0,,
2.632,0.5000,0.5000,0.5000,0.5000,2.45,22.25,0.530,,1,0,,
2.680,0.5000,0.5000,0.5000,0.5000,2.36,22.38,0.523,,1,0,,
2.710,0.5000,0.5000,0.5000,0.5000,2.34,22.54,0.522,,1,0,,
2.745,0.5000,0.5000,0.5000,0.5000,2.34,22.73,0.527,,1,0,,
2.777,0.5000,0.5000,0.5000,0.5000,2.37,22.85,0.509,,1,0,,
2.808,0.5000,0.5000,0.5000,0.5000,2.40,22.86,0.509,,1,0,,
2.843,0.5000,0.5000,0.5000,0.5000,2.43,22.87,0.506,,1,0,,
2.873,0.5000,0.5000,0.5000,0.5000,2.44,22.86,0.513,,1,0,,
2.905,0.5000,0.5000,0.5000,0.5000,2.45,22.81,0.511,,1,0,,
2.937,0.5000,0.5000,0.5000,0.5000,2.47,22.66,0.515,,1,0,,
2.970,0.5000,0.5000,0.5000,0.5000,2.44,22.63,0.512,,1,0,,
3.002,0.5000,0.5000,0.5000,0.5000,2.42,22.48,0.504,,1,0,,
3.034,0.5000,0.5000,0.5000,0.5000,2.34,22.16,0.501,,1,0,,
3.065,0.5000,0.5000,0.5000,0.5000,2.25,21.85,0.502,,1,0,,
3.096,0.5000,0.5000,0.5000,0.5000,2.14,21.57,0.501,,1,0,,
3.129,0.5000,0.5000,0.5000,0.5000,2.01,21.21,0.504,,1,0,,
3.160,0.5000,0.5000,0.5000,0.5000,1.77,20.31,0.528,,1,0,,
3.193,0.5000,0.5000,0.5000,0.5000,1.53,19.34,0.531,,1,0,,
3.241,0.5000,0.5000,0.5000,0.5000,1.07,17.47,0.540,,1,0,,
3.273,0.5000,0.5000,0.5000,0.5000,0.58,15.79,0.550,,1,0,,
3.305,0.5000,0.5000,0.5000,0.5000,0.15,13.94,0.544,,1,0,,
3.336,0.5000,0.5000,0.5000,0.5000,-0.23,12.05,0.545,,1,0,,
3.370,0.5000,0.5000,0.5000,0.5000,-0.56,10.16,0.536,,1,0,,
3.403,0.5000,0.5000,0.5000,0.5000,-0.77,8.43,0.530,,1,0,,
3.434,0.5000,0.5000,0.5000,0.5000,-0.85,7.01,0.524,,1,0,,
3.464,0.5000,0.5000,0.5000,0.5000,-0.95,5.49,0.535,,1,0,,
3.498,0.5000,0.5000,0.5000,0.5000,-0.94,4.15,0.533,,1,0,,
3.530,0.5000,0.5000,0.5000,0.5000,-0.96,2.94,0.532,,1,0,,
3.560,0.5000,0.5000,0.5000,0.5000,-0.95,1.90,0.536,,1,0,,
3.594,0.5000,0.5000,0.5000,0.5000,-0.94,0.83,0.539,,1,0,,
3.624,0.5000,0.5000,0.5000,0.5000,-0.92,-0.10,0.536,,1,0,,
3.771,0.5000,0.5000,0.5000,0.5000,-0.61,-2.31,0.502,,1,0,,
3.801,0.5000,0.5000,0.5000,0.5000,-0.52,-2.63,0.507,,1,0,,
3.836,0.5000,0.5000,0.5000,0.5000,-0.43,-2.71,0.509,,1,0,,
3.865,0.5000,0.5000,0.5000,0.5000,-0.34,-2.55,0.512,,1,0,,
3.898,0.5000,0.5000,0.5000,0.5000,-0.24,-2.26,0.509,,1,0,,
3.930,0.5000,0.5000,0.5000,0.5000,-0.14,-1.94,0.510,,1,0,,
3.964,0.5000,0.5000,0.5000,0.5000,-0.05,-1.47,0.513,,1,0,,
3.995,0.5000,0.5000,0.5000,0.5000,0.06,-1.07,0.510,,1,0,,
4.025,0.5000,0.5000,0.5000,0.5000,0.16,-0.87,0.510,,1,0,,
4.058,0.5000,0.5000,0.5000,0.5000,0.28,-0.64,0.502,,1,0,,
4.088,0.5000,0.5000,0.5000,0.5000,0.37,-0.42,0.502,,1,0,,
4.121,0.5000,0.5000,0.5000,0.5000,0.43,0.03,0.497,,1,0,,
4.152,0.5000,0.5000,0.5000,0.5000,0.51,0.39,0.498,,1,0,,
4.184,0.5000,0.5000,0.5000,0.5000,0.58,0.96,0.493,,1,0,,
4.255,0.5000,0.5000,0.5000,0.5000,0.74,1.61,0.479,,1,0,,
4.284,0.5000,0.5000,0.5000,0.5000,0.82,1.91,0.460,,1,0,,
4.314,0.5000,0.5000,0.5000,0.5000,0.89,2.18,0.453,,1,0,,
4.346,0.5000,0.5000,0.5000,0.5000,0.94,2.51,0.447,,1,0,,
4.393,0.5000,0.5000,0.5000,0.5000,1.02,2.73,0.434,,1,0,,
4.424,0.5000,0.5000,0.5000,0.5000,1.05,2.75,0.395,,1,0,,
4.453,0.5000,0.5000,0.5000,0.5000,1.06,2.67,0.391,,1,0,,
4.481,0.5000,0.5000,0.5000,0.5000,1.11,2.66,0.117,,1,0,,
4.504,0.5000,0.5000,0.5000,0.5000,1.18,2.68,0.020,,1,0,,
4.531,0.5000,0.5000,0.5000,0.5000,1.22,2.75,0.020,,1,0,,
4.558,0.5000,0.5000,0.5000,0.5000,1.23,2.83,0.039,,1,0,,
4.586,0.5000,0.5000,0.5000,0.5000,1.19,2.86,0.057,,1,0,,
4.650,0.5000,0.5000,0.5000,0.5000,1.01,2.82,0.098,,1,0,,
4.682,0.5000,0.5000,0.5000,0.5000,0.96,2.89,0.077,,1,0,,
4.714,0.5000,0.5000,0.5000,0.5000,0.91,3.03,0.067,,1,0,,
4.745,0.5000,0.5000,0.5000,0.5000,0.88,3.25,0.065,,1,0,,
4.778,0.5000,0.5000,0.5000,0.5000,0.85,3.50,0.059,,1,0,,
4.812,0.5000,0.5000,0.5000,0.5000,0.82,3.63,0.066,,1,0,,
4.844,0.5000,0.5000,0.5000,0.5000,0.82,3.80,0.075,,1,0,,
4.874,0.5000,0.5000,0.5000,0.5000,0.82,3.90,0.056,,1,0,,
4.905,0.5000,0.5000,0.5000,0.5000,0.85,4.06,0.037,,1,0,,
4.953,0.5000,0.5000,0.5000,0.5000,0.91,4.36,0.033,,1,0,,
4.985,0.5000,0.5000,0.5000,0.5000,0.94,4.56,0.038,,1,0,,
5.017,0.5000,0.5000,0.5000,0.5000,0.97,4.71,0.034,,1,0,,
5.050,0.5000,0.5000,0.5000,0.5000,0.99,4.91,0.057,,1,0,,
5.081,0.5000,0.5000,0.5000,0.5000,1.05,5.07,0.043,,1,0,,
5.114,0.5000,0.5000,0.5000,0.5000,1.12,5.21,0.045,,1,0,,
5.146,0.5000,0.5000,0.5000,0.5000,1.19,5.34,0.049,,1,0,,
5.177,0.5000,0.5000,0.5000,0.5000,1.25,5.42,0.051,,1,0,,
5.208,0.5000,0.5000,0.5000,0.5000,1.33,5.51,0.055,,1,0,,
5.242,0.5000,0.5000,0.5000,0.5000,1.44,5.64,0.054,,1,0,,
5.272,0.5000,0.5000,0.5000,0.5000,1.55,5.83,0.063,,1,0,,
5.304,0.5000,0.5000,0.5000,0.5000,1.59,6.35,0.291,,1,0,,
5.337,0.5000,0.5000,0.5000,0.5000,1.62,7.03,0.433,,1,0,,
5.369,0.5000,0.5000,0.5000,0.5000,1.63,7.75,0.492,,1,0,,
5.402,0.5000,0.5000,0.5000,0.5000,1.64,8.46,0.530,,1,0,,
5.434,0.5000,0.5000,0.5000,0.5000,1.64,9.25,0.526,,1,0,,
5.468,0.5000,0.5000,0.5000,0.5000,1.62,10.01,0.521,,1,0,,
5.513,0.5000,0.5000,0.5000,0.5000,1.62,10.95,0.507,,1,0,,
5.544,0.5000,0.5000,0.5000,0.5000,1.64,11.46,0.480,,1,0,,
5.578,0.5000,0.5000,0.5000,0.5000,1.65,12.03,0.462,,1,0,,
5.610,0.5000,0.5000,0.5000,0.5000,1.68,12.59,0.471,,1,0,,
5.641,0.5000,0.5000,0.5000,0.5000,1.71,13.05,0.511,,1,0,,
5.673,0.5000,0.5000,0.5000,0.5000,1.74,13.37,0.525,,1,0,,
5.705,0.5000,0.5000,0.5000,0.5000,1.76,13.74,0.540,,1,0,,
5.738,0.5000,0.5000,0.5000,0.5000,1.79,14.08,0.552,,1,0,,
5.768,0.5000,0.5000,0.5000,0.5000,1.81,14.39,0.548,,1,0,,
5.802,0.5000,0.5000,0.5000,0.5000,1.83,14.72,0.544,,1,0,,
5.832,0.5000,0.5000,0.5000,0.5000,1.83,14.98,0.531,,1,0,,
5.867,0.5000,0.5000,0.5000,0.5000,1.83,15.25,0.527,,1,0,,
5.897,0.5000,0.5000,0.5000,0.5000,1.81,15.50,0.518,,1,0,,
5.929,0.5000,0.5000,0.5000,0.5000,1.82,15.55,0.510,,1,0,,
5.965,0.5000,0.5000,0.5000,0.5000,1.84,15.59,0.511,,1,0,,
5.993,0.5000,0.5000,0.5000,0.5000,1.84,15.66,0.504,,1,0,,
6.024,0.5000,0.5000,0.5000,0.5000,1.82,15.77,0.505,,1,0,,
6.057,0.5000,0.5000,0.5000,0.5000,1.78,15.88,0.505,,1,0,,
6.105,0.5000,0.5000,0.5000,0.5000,1.72,16.05,0.501,,1,0,,
6.137,0.5000,0.5000,0.5000,0.5000,1.71,16.19,0.499,,1,0,,
6.169,0.5000,0.5000,0.5000,0.5000,1.69,16.38,0.500,,1,0,,
6.201,0.5000,0.5000,0.5000,0.5000,1.67,16.58,0.506,,1,0,,
6.232,0.5000,0.5000,0.5000,0.5000,1.65,16.69,0.507,,1,0,,
6.264,0.5000,0.5000,0.5000,0.5000,1.64,16.79,0.503,,1,0,,
6.298,0.5000,0.5000,0.5000,0.5000,1.63,16.89,0.512,,1,0,,
6.329,0.5000,0.5000,0.5000,0.5000,1.64,16.93,0.509,,1,0,,
6.362,0.5000,0.5000,0.5000,0.5000,1.66,17.00,0.507,,1,0,,
6.392,0.5000,0.5000,0.5000,0.5000,1.67,17.07,0.503,,1,0,,
6.425,0.5000,0.5000,0.5000,0.5000,1.69,17.15,0.497,,1,0,,
6.457,0.5000,0.5000,0.5000,0.5000,1.71,17.25,0.500,,1,0,,
6.488,0.5000,0.5000,0.5000,0.5000,1.73,17.36,0.504,,1,0,,
6.520,0.5000,0.5000,0.5000,0.5000,1.74,17.45,0.502,,1,0,,
6.553,0.5000,0.5000,0.5000,0.5000,1.73,17.52,0.502,,1,0,,
6.619,0.5000,0.5000,0.5000,0.5000,1.75,17.59,0.504,,1,0,,
6.665,0.5000,0.5000,0.5000,0.5000,1.75,17.68,0.505,,1,0,,
6.698,0.5000,0.5000,0.5000,0.5000,1.74,17.75,0.504,,1,0,,
6.724,0.5000,0.5000,0.5000,0.5000,1.73,17.83,0.504,,1,0,,
6.751,0.5000,0.5000,0.5000,0.5000,1.72,17.90,0.504,,1,0,,
6.775,0.5000,0.5000,0.5000,0.5000,1.71,17.98,0.501,,1,0,,
6.802,0.5000,0.5000,0.5000,0.5000,1.72,18.04,0.502,,1,0,,
6.828,0.5000,0.5000,0.5000,0.5000,1.73,18.09,0.502,,1,0,,
6.857,0.5000,0.5000,0.5000,0.5000,1.74,18.10,0.505,,1,0,,
6.889,0.5000,0.5000,0.5000,0.5000,1.73,18.24,0.501,,1,0,,
6.921,0.5000,0.5000,0.5000,0.5000,1.74,18.34,0.500,,1,0,,
6.953,0.5000,0.5000,0.5000,0.5000,1.76,18.41,0.502,,1,0,,
6.986,0.5000,0.5000,0.5000,0.5000,1.77,18.48,0.505,,1,0,,
7.054,0.5000,0.5000,0.5000,0.5000,1.77,18.55,0.509,,1,0,,
7.081,0.5000,0.5000,0.5000,0.5000,1.76,18.59,0.505,,1,0,,
7.112,0.5000,0.5000,0.5000,0.5000,1.76,18.63,0.505,,1,0,,
7.146,0.5000,0.5000,0.5000,0.5000,1.77,18.67,0.510,,1,0,,
7.176,0.5000,0.5000,0.5000,0.5000,1.76,18.76,0.508,,1,0,,
7.224,0.5000,0.5000,0.5000,0.5000,1.73,18.92,0.515,,1,0,,
7.257,0.5000,0.5000,0.5000,0.5000,1.72,19.03,0.513,,1,0,,
7.285,0.5000,0.5000,0.5000,0.5000,1.71,19.11,0.512,,1,0,,
7.310,0.5000,0.5000,0.5000,0.5000,1.71,19.15,0.512,,1,0,,
7.337,0.5000,0.5000,0.5000,0.5000,1.71,19.21,0.504,,1,0,,
7.365,0.5000,0.5000,0.5000,0.5000,1.72,19.19,0.504,,1,0,,
7.418,0.5000,0.5000,0.5000,0.5000,1.71,19.11,0.506,,1,0,,
7.448,0.5000,0.5000,0.5000,0.5000,1.70,19.07,0.503,,1,0,,
7.481,0.5000,0.5000,0.5000,0.5000,1.70,19.03,0.502,,1,0,,
7.514,0.5000,0.5000,0.5000,0.5000,1.69,18.99,0.499,,1,0,,
7.545,0.5000,0.5000,0.5000,0.5000,1.68,18.97,0.502,,1,0,,
7.577,0.5000,0.5000,0.5000,0.5000,1.67,18.97,0.501,,1,0,,
7.608,0.5000,0.5000,0.5000,0.5000,1.65,18.99,0.496,,1,0,,
7.640,0.5000,0.5000,0.5000,0.5000,1.64,19.07,0.497,,1,0,,
7.674,0.5000,0.5000,0.5000,0.5000,1.63,19.14,0.503,,1,0,,
7.703,0.5000,0.5000,0.5000,0.5000,1.63,19.19,0.504,,1,0,,
7.737,0.5000,0.5000,0.5000,0.5000,1.62,19.22,0.502,,1,0,,
7.786,0.5000,0.5000,0.5000,0.5000,1.60,19.26,0.497,,1,0,,
7.815,0.5000,0.5000,0.5000,0.5000,1.59,19.28,0.497,,1,0,,
7.850,0.5000,0.5000,0.5000,0.5000,1.58,19.30,0.499,,1,0,,
7.882,0.5000,0.5000,0.5000,0.5000,1.57,19.31,0.504,,1,0,,
7.913,0.5000,0.5000,0.5000,0.5000,1.58,19.32,0.504,,1,0,,
7.944,0.5000,0.5000,0.5000,0.5000,1.59,19.31,0.504,,1,0,,
7.975,0.5000,0.5000,0.5000,0.5000,1.60,19.32,0.503,,1,0,,
8.008,0.5000,0.5000,0.5000,0.5000,1.59,19.33,0.502,,1,0,,
8.040,0.5000,0.5000,0.5000,0.5000,1.59,19.30,0.505,,1,0,,
8.073,0.5000,0.5000,0.5000,0.5000,1.58,19.27,0.500,,1,0,,
8.104,0.5000,0.5000,0.5000,0.5000,1.60,19.23,0.500,,1,0,,
8.137,0.5000,0.5000,0.5000,0.5000,1.61,19.18,0.500,,1,0,,
8.169,0.5000,0.5000,0.5000,0.5000,1.60,19.16,0.496,,1,0,,
8.202,0.5000,0.5000,0.5000,0.5000,1.61,19.10,0.493,,1,0,,
8.234,0.5000,0.5000,0.5000,0.5000,1.62,19.04,0.496,,1,0,,
8.266,0.5000,0.5000,0.5000,0.5000,1.64,18.97,0.497,,1,0,,
8.298,0.5000,0.5000,0.5000,0.5000,1.66,18.92,0.499,,1,0,,
8.329,0.5000,0.5000,0.5000,0.5000,1.68,18.88,0.500,,1,0,,
8.378,0.5000,0.5000,0.5000,0.5000,1.71,18.82,0.508,,1,0,,
8.409,0.5000,0.5000,0.5000,0.5000,1.73,18.78,0.505,,1,0,,
8.441,0.5000,0.5000,0.5000,0.5000,1.74,18.74,0.505,,1,0,,
8.472,0.5000,0.5000,0.5000,0.5000,1.75,18.71,0.502,,1,0,,
8.505,0.5000,0.5000,0.5000,0.5000,1.77,18.68,0.501,,1,0,,
8.536,0.5000,0.5000,0.5000,0.5000,1.79,18.65,0.499,,1,0,,
8.570,0.5000,0.5000,0.5000,0.5000,1.81,18.59,0.498,,1,0,,
8.603,0.5000,0.5000,0.5000,0.5000,1.80,18.51,0.494,,1,0,,
8.635,0.5000,0.5000,0.5000,0.5000,1.80,18.46,0.496,,1,0,,
8.666,0.5000,0.5000,0.5000,0.5000,1.81,18.44,0.497,,1,0,,
8.698,0.5000,0.5000,0.5000,0.5000,1.81,18.35,0.499,,1,0,,
8.730,0.5000,0.5000,0.5000,0.5000,1.82,18.26,0.499,,1,0,,
8.761,0.5000,0.5000,0.5000,0.5000,1.84,18.19,0.498,,1,0,,
8.792,0.5000,0.5000,0.5000,0.5000,1.86,18.11,0.485,,1,0,,
8.824,0.5000,0.5000,0.5000,0.5000,1.85,18.04,0.488,,1,0,,
8.858,0.5000,0.5000,0.5000,0.5000,1.85,17.96,0.494,,1,0,,
8.888,0.5000,0.5000,0.5000,0.5000,1.83,17.91,0.502,,1,0,,
8.937,0.5000,0.5000,0.5000,0.5000,1.81,17.76,0.498,,1,0,,
8.969,0.5000,0.5000,0.5000,0.5000,1.78,17.76,0.496,,1,0,,
9.001,0.5000,0.5000,0.5000,0.5000,1.76,17.72,0.494,,1,0,,
9.032,0.5000,0.5000,0.5000,0.5000,1.72,17.67,0.497,,1,0,,
9.065,0.5000,0.5000,0.5000,0.5000,1.70,17.61,0.502,,1,0,,
9.096,0.5000,0.5000,0.5000,0.5000,1.67,17.56,0.502,,1,0,,
9.128,0.5000,0.5000,0.5000,0.5000,1.63,17.55,0.503,,1,0,,
9.161,0.5000,0.5000,0.5000,0.5000,1.61,17.47,0.513,,1,0,,
9.192,0.5000,0.5000,0.5000,0.5000,1.61,17.41,0.518,,1,0,,
9.225,0.5000,0.5000,0.5000,0.5000,1.60,17.35,0.515,,1,0,,
9.256,0.5000,0.5000,0.5000,0.5000,1.59,17.30,0.512,,1,0,,
9.288,0.5000,0.5000,0.5000,0.5000,1.58,17.27,0.514,,1,0,,
9.321,0.5000,0.5000,0.5000,0.5000,1.57,17.28,0.509,,1,0,,
9.353,0.5000,0.5000,0.5000,0.5000,1.56,17.34,0.514,,1,0,,
9.417,0.5000,0.5000,0.5000,0.5000,1.54,17.44,0.518,,1,0,,
9.450,0.5000,0.5000,0.5000,0.5000,1.54,17.52,0.518,,1,0,,
9.498,0.5000,0.5000,0.5000,0.5000,1.55,17.58,0.525,,1,0,,
9.529,0.5000,0.5000,0.5000,0.5000,1.57,17.64,0.520,,1,0,,
9.555,0.5000,0.5000,0.5000,0.5000,1.58,17.70,0.519,,1,0,,
9.582,0.5000,0.5000,0.5000,0.5000,1.59,17.74,0.518,,1,0,,
9.607,0.5000,0.5000,0.5000,0.5000,1.60,17.75,0.515,,1,0,,
9.635,0.5000,0.5000,0.5000,0.5000,1.61,17.81,0.515,,1,0,,
9.661,0.5000,0.5000,0.5000,0.5000,1.62,17.91,0.515,,1,0,,
9.690,0.5000,0.5000,0.5000,0.5000,1.62,18.02,0.513,,1,0,,
9.720,0.5000,0.5000,0.5000,0.5000,1.64,18.11,0.518,,1,0,,
9.752,0.5000,0.5000,0.5000,0.5000,1.65,18.18,0.518,,1,0,,
9.820,0.5000,0.5000,0.5000,0.5000,1.68,18.31,0.510,,1,0,,
9.852,0.5000,0.5000,0.5000,0.5000,1.70,18.36,0.508,,1,0,,
9.882,0.5000,0.5000,0.5000,0.5000,1.72,18.46,0.509,,1,0,,
9.912,0.5000,0.5000,0.5000,0.5000,1.74,18.52,0.509,,1,0,,
9.946,0.5000,0.5000,0.5000,0.5000,1.75,18.56,0.507,,1,0,,
9.978,0.5000,0.5000,0.5000,0.5000,1.77,18.53,0.509,,1,0,,
10.007,0.5000,0.5000,0.5000,0.5000,1.78,18.53,0.508,,1,0,,
10.057,0.5000,0.5000,0.5000,0.5000,1.80,18.52,0.509,,1,0,,
10.088,0.5000,0.5000,0.5000,0.5000,1.82,18.49,0.509,,1,0,,
10.115,0.5000,0.5000,0.5000,0.5000,1.83,18.46,0.510,,1,0,,
10.140,0.5000,0.5000,0.5000,0.5000,1.85,18.44,0.514,,1,0,,
10.165,0.5000,0.5000,0.5000,0.5000,1.87,18.40,0.513,,1,0,,
10.219,0.5000,0.5000,0.5000,0.5000,1.89,18.49,0.508,,1,0,,
10.249,0.5000,0.5000,0.5000,0.5000,1.91,18.51,0.508,,1,0,,
10.284,0.5000,0.5000,0.5000,0.5000,1.93,18.55,0.508,,1,0,,
10.315,0.5000,0.5000,0.5000,0.5000,1.93,18.59,0.511,,1,0,,
10.346,0.5000,0.5000,0.5000,0.5000,1.93,18.66,0.513,,1,0,,
10.377,0.5000,0.5000,0.5000,0.5000,1.94,18.74,0.515,,1,0,,
10.409,0.5000,0.5000,0.5000,0.5000,1.94,18.82,0.513,,1,0,,
10.443,0.5000,0.5000,0.5000,0.5000,1.95,18.88,0.513,,1,0,,
10.472,0.5000,0.5000,0.5000,0.5000,1.96,18.95,0.512,,1,0,,
10.505,0.5000,0.5000,0.5000,0.5000,1.94,19.04,0.512,,1,0,,
10.536,0.5000,0.5000,0.5000,0.5000,1.93,19.08,0.512,,1,0,,
10.571,0.5000,0.5000,0.5000,0.5000,1.93,19.11,0.512,,1,0,,
10.602,0.5000,0.5000,0.5000,0.5000,1.93,19.15,0.510,,1,0,,
10.648,0.5000,0.5000,0.5000,0.5000,1.94,19.20,0.512,,1,0,,
10.681,0.5000,0.5000,0.5000,0.5000,1.94,19.30,0.511,,1,0,,
10.712,0.5000,0.5000,0.5000,0.5000,1.97,19.38,0.511,,1,0,,
10.745,0.5000,0.5000,0.5000,0.5000,1.97,19.46,0.508,,1,0,,
10.776,0.5000,0.5000,0.5000,0.5000,1.99,19.53,0.507,,1,0,,
10.808,0.5000,0.5000,0.5000,0.5000,1.99,19.60,0.509,,1,0,,
10.841,0.5000,0.5000,0.5000,0.5000,2.00,19.68,0.506,,1,0,,
10.873,0.5000,0.5000,0.5000,0.5000,2.00,19.76,0.507,,1,0,,
10.904,0.5000,0.5000,0.5000,0.5000,1.99,19.86,0.506,,1,0,,
10.936,0.5000,0.5000,0.5000,0.5000,1.99,19.92,0.508,,1,0,,
10.969,0.5000,0.5000,0.5000,0.5000,1.98,19.97,0.507,,1,0,,
11.001,0.5000,0.5000,0.5000,0.5000,1.98,20.01,0.508,,1,0,,
11.033,0.5000,0.5000,0.5000,0.5000,1.97,20.05,0.510,,1,0,,
11.065,0.5000,0.5000,0.5000,0.5000,1.96,20.10,0.510,,1,0,,
11.097,0.5000,0.5000,0.5000,0.5000,1.97,20.13,0.511,,1,0,,
11.131,0.5000,0.5000,0.5000,0.5000,1.98,20.15,0.511,,1,0,,
11.162,0.5000,0.5000,0.5000,0.5000,1.99,20.16,0.510,,1,0,,
11.209,0.5000,0.5000,0.5000,0.5000,1.98,20.16,0.508,,1,0,,
11.242,0.5000,0.5000,0.5000,0.5000,1.97,20.16,0.510,,1,0,,
11.272,0.5000,0.5000,0.5000,0.5000,1.99,20.18,0.510,,1,0,,
11.304,0.5000,0.5000,0.5000,0.5000,1.99,20.26,0.514,,1,0,,
11.336,0.5000,0.5000,0.5000,0.5000,2.00,20.29,0.512,,1,0,,
11.369,0.5000,0.5000,0.5000,0.5000,2.00,20.37,0.513,,1,0,,
11.401,0.5000,0.5000,0.5000,0.5000,1.99,20.45,0.514,,1,0,,
11.433,0.5000,0.5000,0.5000,0.5000,1.99,20.51,0.512,,1,0,,
11.465,0.5000,0.5000,0.5000,0.5000,1.98,20.58,0.513,,1,0,,
11.496,0.5000,0.5000,0.5000,0.5000,1.98,20.61,0.513,,1,0,,
11.529,0.5000,0.5000,0.5000,0.5000,1.98,20.64,0.515,,1,0,,
11.561,0.5000,0.5000,0.5000,0.5000,1.98,20.67,0.519,,1,0,,
11.592,0.5000,0.5000,0.5000,0.5000,1.98,20.71,0.517,,1,0,,
11.625,0.5000,0.5000,0.5000,0.5000,1.99,20.74,0.520,,1,0,,
11.658,0.5000,0.5000,0.5000,0.5000,1.99,20.83,0.522,,1,0,,
11.688,0.5000,0.5000,0.5000,0.5000,2.00,20.83,0.523,,1,0,,
11.723,0.5000,0.5000,0.5000,0.5000,2.01,20.90,0.520,,1,0,,
11.770,0.5000,0.5000,0.5000,0.5000,2.03,21.02,0.519,,1,0,,
11.803,0.5000,0.5000,0.5000,0.5000,2.03,21.07,0.517,,1,0,,
11.832,0.5000,0.5000,0.5000,0.5000,2.04,21.12,0.511,,1,0,,
11.866,0.5000,0.5000,0.5000,0.5000,2.04,21.24,0.513,,1,0,,
11.896,0.5000,0.5000,0.5000,0.5000,2.04,21.42,0.493,,1,0,,
11.928,0.5000,0.5000,0.5000,0.5000,2.07,21.63,0.496,,1,0,,
11.960,0.5000,0.5000,0.5000,0.5000,2.09,21.83,0.507,,1,0,,
11.994,0.5000,0.5000,0.5000,0.5000,2.11,21.99,0.508,,1,0,,
12.025,0.5000,0.5000,0.5000,0.5000,2.14,22.12,0.514,,1,0,,
12.056,0.5000,0.5000,0.5000,0.5000,2.15,22.24,0.520,,1,0,,
12.088,0.5000,0.5000,0.5000,0.5000,2.16,22.34,0.524,,1,0,,
12.120,0.5000,0.5000,0.5000,0.5000,2.17,22.40,0.523,,1,0,,
12.153,0.5000,0.5000,0.5000,0.5000,2.19,22.43,0.524,,1,0,,
12.223,0.5000,0.5000,0.5000,0.5000,2.21,22.53,0.528,,1,0,,
12.250,0.5000,0.5000,0.5000,0.5000,2.23,22.61,0.534,,1,0,,
12.281,0.5000,0.5000,0.5000,0.5000,2.24,22.62,0.535,,1,0,,
12.314,0.5000,0.5000,0.5000,0.5000,2.25,22.64,0.537,,1,0,,
12.362,0.5000,0.5000,0.5000,0.5000,2.25,22.69,0.538,,1,0,,
12.388,0.5000,0.5000,0.5000,0.5000,2.26,22.71,0.539,,1,0,,
12.417,0.5000,0.5000,0.5000,0.5000,2.25,22.75,0.540,,1,0,,
12.445,0.5000,0.5000,0.5000,0.5000,2.24,22.78,0.540,,1,0,,
12.473,0.5000,0.5000,0.5000,0.5000,2.23,22.81,0.537,,1,0,,
12.500,0.5000,0.5000,0.5000,0.5000,2.22,22.85,0.544,,1,0,,
12.527,0.5000,0.5000,0.5000,0.5000,2.23,22.90,0.545,,1,0,,
12.551,0.5000,0.5000,0.5000,0.5000,2.24,22.95,0.543,,1,0,,
12.618,0.5000,0.5000,0.5000,0.5000,2.27,23.04,0.538,,1,0,,
12.651,0.5000,0.5000,0.5000,0.5000,2.27,23.09,0.539,,1,0,,
12.680,0.5000,0.5000,0.5000,0.5000,2.27,23.14,0.541,,1,0,,
12.712,0.5000,0.5000,0.5000,0.5000,2.27,23.18,0.542,,1,0,,
12.745,0.5000,0.5000,0.5000,0.5000,2.27,23.23,0.544,,1,0,,
12.777,0.5000,0.5000,0.5000,0.5000,2.27,23.25,0.543,,1,0,,
12.808,0.5000,0.5000,0.5000,0.5000,2.27,23.26,0.541,,1,0,,
12.840,0.5000,0.5000,0.5000,0.5000,2.28,23.27,0.539,,1,0,,
12.874,0.5000,0.5000,0.5000,0.5000,2.27,23.29,0.539,,1,0,,
12.921,0.5000,0.5000,0.5000,0.5000,2.26,23.31,0.540,,1,0,,
12.953,0.5000,0.5000,0.5000,0.5000,2.24,23.32,0.542,,1,0,,
12.982,0.5000,0.5000,0.5000,0.5000,2.21,23.32,0.541,,1,0,,
13.019,0.5000,0.5000,0.5000,0.5000,2.18,23.34,0.535,,1,0,,
13.052,0.5000,0.5000,0.5000,0.5000,2.15,23.35,0.535,,1,0,,
13.081,0.5000,0.5000,0.5000,0.5000,2.13,23.35,0.533,,1,0,,
13.113,0.5000,0.5000,0.5000,0.5000,2.12,23.30,0.537,,1,0,,
13.146,0.5000,0.5000,0.5000,0.5000,2.10,23.28,0.539,,1,0,,
13.176,0.5000,0.5000,0.5000,0.5000,2.08,23.29,0.534,,1,0,,
13.209,0.5000,0.5000,0.5000,0.5000,2.07,23.29,0.535,,1,0,,
13.241,0.5000,0.5000,0.5000,0.5000,2.06,23.27,0.534,,1,0,,
13.273,0.5000,0.5000,0.5000,0.5000,2.06,23.26,0.535,,1,0,,
13.304,0.5000,0.5000,0.5000,0.5000,2.06,23.25,0.537,,1,0,,
13.336,0.5000,0.5000,0.5000,0.5000,2.07,23.23,0.536,,1,0,,
13.368,0.5000,0.5000,0.5000,0.5000,2.06,23.21,0.527,,1,0,,
13.401,0.5000,0.5000,0.5000,0.5000,2.05,23.13,0.526,,1,0,,
13.433,0.5000,0.5000,0.5000,0.5000,2.05,23.04,0.526,,1,0,,
13.480,0.5000,0.5000,0.5000,0.5000,2.04,22.94,0.526,,1,0,,
13.512,0.5000,0.5000,0.5000,0.5000,2.03,22.87,0.527,,1,0,,
13.546,0.5000,0.5000,0.5000,0.5000,2.03,22.80,0.529,,1,0,,
13.576,0.5000,0.5000,0.5000,0.5000,2.03,22.75,0.533,,1,0,,
13.610,0.5000,0.5000,0.5000,0.5000,2.02,22.67,0.534,,1,0,,
13.642,0.5000,0.5000,0.5000,0.5000,2.01,22.59,0.531,,1,0,,
13.672,0.5000,0.5000,0.5000,0.5000,2.01,22.51,0.532,,1,0,,
13.704,0.5000,0.5000,0.5000,0.5000,2.01,22.44,0.532,,1,0,,
13.736,0.5000,0.5000,0.5000,0.5000,1.99,22.40,0.529,,1,0,,
13.768,0.5000,0.5000,0.5000,0.5000,2.00,22.33,0.527,,1,0,,
13.801,0.5000,0.5000,0.5000,0.5000,2.01,22.27,0.530,,1,0,,
13.835,0.5000,0.5000,0.5000,0.5000,2.02,22.15,0.531,,1,0,,
13.865,0.5000,0.5000,0.5000,0.5000,2.03,22.10,0.528,,1,0,,
13.899,0.5000,0.5000,0.5000,0.5000,2.04,22.04,0.524,,1,0,,
13.929,0.5000,0.5000,0.5000,0.5000,2.04,22.01,0.522,,1,0,,
13.961,0.5000,0.5000,0.5000,0.5000,2.05,21.97,0.520,,1,0,,
13.993,0.5000,0.5000,0.5000,0.5000,2.08,21.93,0.513,,1,0,,
14.040,0.5000,0.5000,0.5000,0.5000,2.18,21.85,0.515,,1,0,,
14.073,0.5000,0.5000,0.5000,0.5000,2.23,21.80,0.520,,1,0,,
14.104,0.5000,0.5000,0.5000,0.5000,2.27,21.74,0.523,,1,0,,
14.137,0.5000,0.5000,0.5000,0.5000,2.30,21.68,0.522,,1,0,,
14.169,0.5000,0.5000,0.5000,0.5000,2.32,21.65,0.521,,1,0,,
14.200,0.5000,0.5000,0.5000,0.5000,2.35,21.58,0.519,,1,0,,
14.233,0.5000,0.5000,0.5000,0.5000,2.37,21.51,0.522,,1,0,,
14.264,0.5000,0.5000,0.5000,0.5000,2.38,21.42,0.526,,1,0,,
14.297,0.5000,0.5000,0.5000,0.5000,2.38,21.27,0.526,,1,0,,
14.328,0.5000,0.5000,0.5000,0.5000,2.39,21.18,0.526,,1,0,,
14.361,0.5000,0.5000,0.5000,0.5000,2.38,21.09,0.527,,1,0,,
14.392,0.5000,0.5000,0.5000,0.5000,2.38,20.99,0.525,,1,0,,
14.424,0.5000,0.5000,0.5000,0.5000,2.39,20.90,0.523,,1,0,,
14.457,0.5000,0.5000,0.5000,0.5000,2.39,20.77,0.527,,1,0,,
14.489,0.5000,0.5000,0.5000,0.5000,2.40,20.68,0.527,,1,0,,
14.519,0.5000,0.5000,0.5000,0.5000,2.40,20.58,0.529,,1,0,,
14.552,0.5000,0.5000,0.5000,0.5000,2.40,20.50,0.531,,1,0,,
14.584,0.5000,0.5000,0.5000,0.5000,2.39,20.40,0.529,,1,0,,
14.632,0.5000,0.5000,0.5000,0.5000,2.38,20.25,0.527,,1,0,,
14.664,0.5000,0.5000,0.5000,0.5000,2.39,20.17,0.528,,1,0,,
14.696,0.5000,0.5000,0.5000,0.5000,2.39,20.11,0.532,,1,0,,
14.730,0.5000,0.5000,0.5000,0.5000,2.38,20.08,0.529,,1,0,,
14.761,0.5000,0.5000,0.5000,0.5000,2.38,20.07,0.525,,1,0,,
14.793,0.5000,0.5000,0.5000,0.5000,2.39,20.06,0.526,,1,0,,
14.826,0.5000,0.5000,0.5000,0.5000,2.39,20.05,0.527,,1,0,,
14.856,0.5000,0.5000,0.5000,0.5000,2.39,20.04,0.528,,1,0,,
14.890,0.5000,0.5000,0.5000,0.5000,2.39,19.99,0.478,,1,0,,
14.921,0.5000,0.5000,0.5000,0.5000,2.44,19.84,0.272,,1,0,,
14.954,0.5000,0.5000,0.5000,0.5000,2.51,19.59,0.232,,1,0,,
15.018,0.5000,0.5000,0.5000,0.5000,2.63,19.01,0.316,,1,0,,
15.050,0.5000,0.5000,0.5000,0.5000,2.68,18.68,0.345,,1,0,,
15.082,0.5000,0.5000,0.5000,0.5000,2.73,18.36,0.359,,1,0,,
15.112,0.5000,0.5000,0.5000,0.5000,2.77,18.04,0.367,,1,0,,
15.146,0.5000,0.5000,0.5000,0.5000,2.82,17.76,0.377,,1,0,,
15.193,0.5000,0.5000,0.5000,0.5000,2.88,17.41,0.383,,1,0,,
15.225,0.5000,0.5000,0.5000,0.5000,2.92,17.17,0.386,,1,0,,
15.252,0.5000,0.5000,0.5000,0.5000,2.96,16.98,0.388,,1,0,,
15.276,0.5000,0.5000,0.5000,0.5000,3.00,16.80,0.389,,1,0,,
15.302,0.5000,0.5000,0.5000,0.5000,3.03,16.60,0.393,,1,0,,
15.327,0.5000,0.5000,0.5000,0.5000,3.05,16.43,0.393,,1,0,,
15.353,0.5000,0.5000,0.5000,0.5000,3.08,16.25,0.393,,1,0,,
15.417,0.5000,0.5000,0.5000,0.5000,3.16,15.99,0.392,,1,0,,
15.448,0.5000,0.5000,0.5000,0.5000,3.21,15.96,0.391,,1,0,,
15.481,0.5000,0.5000,0.5000,0.5000,3.26,15.91,0.380,,1,0,,
15.513,0.5000,0.5000,0.5000,0.5000,3.32,15.83,0.364,,1,0,,
15.545,0.5000,0.5000,0.5000,0.5000,3.36,15.73,0.367,,1,0,,
15.577,0.5000,0.5000,0.5000,0.5000,3.39,15.67,0.367,,1,0,,
15.609,0.5000,0.5000,0.5000,0.5000,3.41,15.60,0.367,,1,0,,
15.642,0.5000,0.5000,0.5000,0.5000,3.44,15.52,0.370,,1,0,,
15.672,0.5000,0.5000,0.5000,0.5000,3.47,15.46,0.370,,1,0,,
15.706,0.5000,0.5000,0.5000,0.5000,3.48,15.41,0.370,,1,0,,
15.753,0.5000,0.5000,0.5000,0.5000,3.51,15.37,0.375,,1,0,,
15.785,0.5000,0.5000,0.5000,0.5000,3.54,15.34,0.375,,1,0,,
15.816,0.5000,0.5000,0.5000,0.5000,3.56,15.32,0.375,,1,0,,
15.849,0.5000,0.5000,0.5000,0.5000,3.58,15.28,0.376,,1,0,,
15.882,0.5000,0.5000,0.5000,0.5000,3.61,15.25,0.378,,1,0,,
15.913,0.5000,0.5000,0.5000,0.5000,3.64,15.22,0.378,,1,0,,
15.944,0.5000,0.5000,0.5000,0.5000,3.65,15.18,0.379,,1,0,,
15.977,0.5000,0.5000,0.5000,0.5000,3.67,15.12,0.382,,1,0,,
16.008,0.5000,0.5000,0.5000,0.5000,3.68,15.09,0.383,,1,0,,
16.040,0.5000,0.5000,0.5000,0.5000,3.70,15.10,0.381,,1,0,,
16.072,0.5000,0.5000,0.5000,0.5000,3.71,15.11,0.381,,1,0,,
16.104,0.5000,0.5000,0.5000,0.5000,3.72,15.11,0.379,,1,0,,
16.138,0.5000,0.5000,0.5000,0.5000,3.73,15.10,0.379,,1,0,,
16.170,0.5000,0.5000,0.5000,0.5000,3.74,15.10,0.380,,1,0,,
16.201,0.5000,0.5000,0.5000,0.5000,3.75,15.11,0.383,,1,0,,
16.232,0.5000,0.5000,0.5000,0.5000,3.75,15.14,0.386,,1,0,,
16.266,0.5000,0.5000,0.5000,0.5000,3.76,15.15,0.386,,1,0,,
16.312,0.5000,0.5000,0.5000,0.5000,3.78,15.17,0.387,,1,0,,
16.345,0.5000,0.5000,0.5000,0.5000,3.80,15.16,0.388,,1,0,,
16.377,0.5000,0.5000,0.5000,0.5000,3.81,15.23,0.388,,1,0,,
16.408,0.5000,0.5000,0.5000,0.5000,3.82,15.29,0.387,,1,0,,
16.440,0.5000,0.5000,0.5000,0.5000,3.84,15.34,0.387,,1,0,,
16.475,0.5000,0.5000,0.5000,0.5000,3.86,15.38,0.386,,1,0,,
16.505,0.5000,0.5000,0.5000,0.5000,3.88,15.37,0.383,,1,0,,
16.537,0.5000,0.5000,0.5000,0.5000,3.90,15.36,0.387,,1,0,,
16.569,0.5000,0.5000,0.5000,0.5000,3.92,15.34,0.388,,1,0,,
16.601,0.5000,0.5000,0.5000,0.5000,3.93,15.32,0.387,,1,0,,
16.632,0.5000,0.5000,0.5000,0.5000,3.94,15.32,0.385,,1,0,,
16.666,0.5000,0.5000,0.5000,0.5000,3.96,15.40,0.385,,1,0,,
16.697,0.5000,0.5000,0.5000,0.5000,3.97,15.48,0.383,,1,0,,
16.728,0.5000,0.5000,0.5000,0.5000,3.97,15.53,0.385,,1,0,,
16.761,0.5000,0.5000,0.5000,0.5000,3.99,15.54,0.389,,1,0,,
16.793,0.5000,0.5000,0.5000,0.5000,4.00,15.57,0.387,,1,0,,
16.823,0.5000,0.5000,0.5000,0.5000,4.01,15.61,0.386,,1,0,,
16.860,0.5000,0.5000,0.5000,0.5000,4.02,15.66,0.384,,1,0,,
16.905,0.5000,0.5000,0.5000,0.5000,4.04,15.74,0.381,,1,0,,
16.937,0.5000,0.5000,0.5000,0.5000,4.06,15.79,0.383,,1,0,,
16.969,0.5000,0.5000,0.5000,0.5000,4.08,15.85,0.381,,1,0,,
17.001,0.5000,0.5000,0.5000,0.5000,4.10,15.92,0.381,,1,0,,
17.032,0.5000,0.5000,0.5000,0.5000,4.11,16.02,0.382,,1,0,,
17.065,0.5000,0.5000,0.5000,0.5000,4.13,16.15,0.377,,1,0,,
17.096,0.5000,0.5000,0.5000,0.5000,4.15,16.27,0.379,,1,0,,
17.129,0.5000,0.5000,0.5000,0.5000,4.19,16.38,0.380,,1,0,,
17.162,0.5000,0.5000,0.5000,0.5000,4.24,16.47,0.384,,1,0,,
17.193,0.5000,0.5000,0.5000,0.5000,4.31,16.54,0.378,,1,0,,
17.223,0.5000,0.5000,0.5000,0.5000,4.37,16.58,0.383,,1,0,,
17.256,0.5000,0.5000,0.5000,0.5000,4.40,16.70,0.381,,1,0,,
17.292,0.5000,0.5000,0.5000,0.5000,4.44,16.81,0.381,,1,0,,
17.320,0.5000,0.5000,0.5000,0.5000,4.48,16.92,0.378,,1,0,,
17.352,0.5000,0.5000,0.5000,0.5000,4.51,17.00,0.377,,1,0,,
17.386,0.5000,0.5000,0.5000,0.5000,4.53,17.11,0.377,,1,0,,
17.464,0.5000,0.5000,0.5000,0.5000,4.55,17.29,0.378,,1,0,,
17.498,0.5000,0.5000,0.5000,0.5000,4.56,17.37,0.374,,1,0,,
17.524,0.5000,0.5000,0.5000,0.5000,4.57,17.44,0.373,,1,0,,
17.550,0.5000,0.5000,0.5000,0.5000,4.57,17.52,0.372,,1,0,,
17.575,0.5000,0.5000,0.5000,0.5000,4.58,17.59,0.373,,1,0,,
17.602,0.5000,0.5000,0.5000,0.5000,4.59,17.64,0.371,,1,0,,
17.628,0.5000,0.5000,0.5000,0.5000,4.59,17.69,0.373,,1,0,,
17.657,0.5000,0.5000,0.5000,0.5000,4.61,17.74,0.380,,1,0,,
17.688,0.5000,0.5000,0.5000,0.5000,4.63,17.80,0.381,,1,0,,
17.722,0.5000,0.5000,0.5000,0.5000,4.64,17.85,0.378,,1,0,,
17.752,0.5000,0.5000,0.5000,0.5000,4.65,17.90,0.376,,1,0,,
17.818,0.5000,0.5000,0.5000,0.5000,4.69,18.03,0.377,,1,0,,
17.849,0.5000,0.5000,0.5000,0.5000,4.70,18.10,0.365,,1,0,,
17.881,0.5000,0.5000,0.5000,0.5000,4.72,18.26,0.357,,1,0,,
17.913,0.5000,0.5000,0.5000,0.5000,4.72,18.48,0.267,,1,0,,
17.945,0.5000,0.5000,0.5000,0.5000,4.71,18.69,0.257,,1,0,,
17.976,0.5000,0.5000,0.5000,0.5000,4.69,18.95,0.283,,1,0,,
18.025,0.5000,0.5000,0.5000,0.5000,4.65,19.33,0.338,,1,0,,
18.056,0.5000,0.5000,0.5000,0.5000,4.64,19.58,0.357,,1,0,,
18.083,0.5000,0.5000,0.5000,0.5000,4.63,19.76,0.367,,1,0,,
18.108,0.5000,0.5000,0.5000,0.5000,4.63,19.98,0.389,,1,0,,
18.133,0.5000,0.5000,0.5000,0.5000,4.63,20.15,0.405,,1,0,,
18.158,0.5000,0.5000,0.5000,0.5000,4.62,20.32,0.418,,1,0,,
18.184,0.5000,0.5000,0.5000,0.5000,4.62,20.46,0.422,,1,0,,
18.252,0.5000,0.5000,0.5000,0.5000,4.61,20.81,0.438,,1,0,,
18.281,0.5000,0.5000,0.5000,0.5000,4.61,20.94,0.433,,1,0,,
18.313,0.5000,0.5000,0.5000,0.5000,4.61,21.06,0.436,,1,0,,
18.346,0.5000,0.5000,0.5000,0.5000,4.62,21.05,0.438,,1,0,,
18.377,0.5000,0.5000,0.5000,0.5000,4.62,21.05,0.443,,1,0,,
18.409,0.5000,0.5000,0.5000,0.5000,4.60,21.04,0.442,,1,0,,
18.441,0.5000,0.5000,0.5000,0.5000,4.59,21.05,0.447,,1,0,,
18.473,0.5000,0.5000,0.5000,0.5000,4.58,21.06,0.446,,1,0,,
18.506,0.5000,0.5000,0.5000,0.5000,4.58,21.06,0.448,,1,0,,
18.537,0.5000,0.5000,0.5000,0.5000,4.56,21.07,0.448,,1,0,,
18.568,0.5000,0.5000,0.5000,0.5000,4.54,21.10,0.449,,1,0,,
18.617,0.5000,0.5000,0.5000,0.5000,4.53,21.14,0.448,,1,0,,
18.650,0.5000,0.5000,0.5000,0.5000,4.52,21.15,0.451,,1,0,,
18.682,0.5000,0.5000,0.5000,0.5000,4.51,21.15,0.451,,1,0,,
18.714,0.5000,0.5000,0.5000,0.5000,4.52,21.17,0.451,,1,0,,
18.746,0.5000,0.5000,0.5000,0.5000,4.53,21.15,0.449,,1,0,,
18.776,0.5000,0.5000,0.5000,0.5000,4.52,21.15,0.446,,1,0,,
18.811,0.5000,0.5000,0.5000,0.5000,4.52,21.16,0.445,,1,0,,
18.845,0.5000,0.5000,0.5000,0.5000,4.53,21.18,0.446,,1,0,,
18.871,0.5000,0.5000,0.5000,0.5000,4.55,21.19,0.445,,1,0,,
18.903,0.5000,0.5000,0.5000,0.5000,4.56,21.20,0.446,,1,0,,
18.937,0.5000,0.5000,0.5000,0.5000,4.56,21.23,0.444,,1,0,,
18.969,0.5000,0.5000,0.5000,0.5000,4.57,21.26,0.446,,1,0,,
19.001,0.5000,0.5000,0.5000,0.5000,4.56,21.29,0.446,,1,0,,
19.033,0.5000,0.5000,0.5000,0.5000,4.55,21.31,0.445,,1,0,,
19.065,0.5000,0.5000,0.5000,0.5000,4.54,21.36,0.446,,1,0,,
19.098,0.5000,0.5000,0.5000,0.5000,4.52,21.40,0.446,,1,0,,
19.128,0.5000,0.5000,0.5000,0.5000,4.51,21.45,0.447,,1,0,,
19.176,0.5000,0.5000,0.5000,0.5000,4.50,21.51,0.447,,1,0,,
19.209,0.5000,0.5000,0.5000,0.5000,4.49,21.55,0.449,,1,0,,
19.241,0.5000,0.5000,0.5000,0.5000,4.47,21.59,0.449,,1,0,,
19.273,0.5000,0.5000,0.5000,0.5000,4.46,21.59,0.446,,1,0,,
19.304,0.5000,0.5000,0.5000,0.5000,4.46,21.59,0.446,,1,0,,
19.336,0.5000,0.5000,0.5000,0.5000,4.45,21.59,0.445,,1,0,,
19.369,0.5000,0.5000,0.5000,0.5000,4.43,21.60,0.442,,1,0,,
19.401,0.5000,0.5000,0.5000,0.5000,4.43,21.57,0.436,,1,0,,
19.433,0.5000,0.5000,0.5000,0.5000,4.44,21.55,0.438,,1,0,,
19.466,0.5000,0.5000,0.5000,0.5000,4.44,21.55,0.438,,1,0,,
19.497,0.5000,0.5000,0.5000,0.5000,4.45,21.56,0.438,,1,0,,
19.529,0.5000,0.5000,0.5000,0.5000,4.44,21.59,0.441,,1,0,,
19.559,0.5000,0.5000,0.5000,0.5000,4.44,21.61,0.446,,1,0,,
19.594,0.5000,0.5000,0.5000,0.5000,4.43,21.64,0.447,,1,0,,
19.625,0.5000,0.5000,0.5000,0.5000,4.42,21.65,0.447,,1,0,,
19.658,0.5000,0.5000,0.5000,0.5000,4.42,21.66,0.448,,1,0,,
19.689,0.5000,0.5000,0.5000,0.5000,4.42,21.64,0.446,,1,0,,
19.737,0.5000,0.5000,0.5000,0.5000,4.44,21.55,0.446,,1,0,,
19.768,0.5000,0.5000,0.5000,0.5000,4.44,21.50,0.446,,1,0,,
19.801,0.5000,0.5000,0.5000,0.5000,4.44,21.44,0.443,,1,0,,
19.834,0.5000,0.5000,0.5000,0.5000,4.45,21.40,0.444,,1,0,,
19.865,0.5000,0.5000,0.5000,0.5000,4.46,21.38,0.445,,1,0,,
19.897,0.5000,0.5000,0.5000,0.5000,4.47,21.32,0.446,,1,0,,
19.931,0.5000,0.5000,0.5000,0.5000,4.48,21.26,0.445,,1,0,,
19.963,0.5000,0.5000,0.5000,0.5000,4.48,21.20,0.445,,1,0,,
19.993,0.5000,0.5000,0.5000,0.5000,4.47,21.16,0.443,,1,0,,
20.025,0.5000,0.5000,0.5000,0.5000,4.47,21.16,0.447,,1,0,,
20.057,0.5000,0.5000,0.5000,0.5000,4.47,21.17,0.450,,1,0,,
20.088,0.5000,0.5000,0.5000,0.5000,4.46,21.18,0.447,,1,0,,
20.121,0.5000,0.5000,0.5000,0.5000,4.47,21.20,0.448,,1,0,,
20.153,0.5000,0.5000,0.5000,0.5000,4.47,21.19,0.448,,1,0,,
20.185,0.5000,0.5000,0.5000,0.5000,4.47,21.18,0.443,,1,0,,
20.250,0.5000,0.5000,0.5000,0.5000,4.49,21.13,0.441,,1,0,,
20.296,0.5000,0.5000,0.5000,0.5000,4.52,21.09,0.441,,1,0,,
20.329,0.5000,0.5000,0.5000,0.5000,4.54,21.12,0.440,,1,0,,
20.356,0.5000,0.5000,0.5000,0.5000,4.55,21.15,0.440,,1,0,,
20.382,0.5000,0.5000,0.5000,0.5000,4.56,21.19,0.440,,1,0,,
20.409,0.5000,0.5000,0.5000,0.5000,4.57,21.24,0.439,,1,0,,
20.433,0.5000,0.5000,0.5000,0.5000,4.59,21.26,0.443,,1,0,,
20.460,0.5000,0.5000,0.5000,0.5000,4.60,21.29,0.444,,1,0,,
20.488,0.5000,0.5000,0.5000,0.5000,4.61,21.32,0.445,,1,0,,
20.521,0.5000,0.5000,0.5000,0.5000,4.61,21.36,0.447,,1,0,,
20.551,0.5000,0.5000,0.5000,0.5000,4.62,21.40,0.442,,1,0,,
20.620,0.5000,0.5000,0.5000,0.5000,4.64,21.38,0.440,,1,0,,
20.649,0.5000,0.5000,0.5000,0.5000,4.64,21.38,0.441,,1,0,,
20.681,0.5000,0.5000,0.5000,0.5000,4.64,21.39,0.439,,1,0,,
20.713,0.5000,0.5000,0.5000,0.5000,4.65,21.40,0.439,,1,0,,
20.746,0.5000,0.5000,0.5000,0.5000,4.65,21.42,0.438,,1,0,,
20.778,0.5000,0.5000,0.5000,0.5000,4.65,21.44,0.439,,1,0,,
20.808,0.5000,0.5000,0.5000,0.5000,4.64,21.46,0.438,,1,0,,
20.841,0.5000,0.5000,0.5000,0.5000,4.65,21.47,0.437,,1,0,,
20.888,0.5000,0.5000,0.5000,0.5000,4.65,21.47,0.438,,1,0,,
20.913,0.5000,0.5000,0.5000,0.5000,4.65,21.46,0.438,,1,0,,
20.938,0.5000,0.5000,0.5000,0.5000,4.64,21.45,0.437,,1,0,,
20.965,0.5000,0.5000,0.5000,0.5000,4.62,21.48,0.440,,1,0,,
21.017,0.5000,0.5000,0.5000,0.5000,4.56,21.65,0.366,,1,0,,
21.049,0.5000,0.5000,0.5000,0.5000,4.51,21.74,0.354,,1,0,,
21.082,0.5000,0.5000,0.5000,0.5000,4.44,21.83,0.407,,1,0,,
21.113,0.5000,0.5000,0.5000,0.5000,4.34,21.95,0.451,,1,0,,
21.145,0.5000,0.5000,0.5000,0.5000,4.24,22.06,0.482,,1,0,,
21.179,0.5000,0.5000,0.5000,0.5000,4.14,22.15,0.495,,1,0,,
21.208,0.5000,0.5000,0.5000,0.5000,4.05,22.24,0.509,,1,0,,
21.239,0.5000,0.5000,0.5000,0.5000,3.96,22.31,0.511,,1,0,,
21.272,0.5000,0.5000,0.5000,0.5000,3.88,22.37,0.510,,1,0,,
21.304,0.5000,0.5000,0.5000,0.5000,3.80,22.37,0.507,,1,0,,
21.336,0.5000,0.5000,0.5000,0.5000,3.72,22.40,0.504,,1,0,,
21.368,0.5000,0.5000,0.5000,0.5000,3.65,22.45,0.509,,1,0,,
21.399,0.5000,0.5000,0.5000,0.5000,3.58,22.51,0.506,,1,0,,
21.446,0.5000,0.5000,0.5000,0.5000,3.46,22.61,0.503,,1,0,,
21.480,0.5000,0.5000,0.5000,0.5000,3.38,22.69,0.502,,1,0,,
21.512,0.5000,0.5000,0.5000,0.5000,3.32,22.71,0.502,,1,0,,
21.545,0.5000,0.5000,0.5000,0.5000,3.27,22.71,0.502,,1,0,,
21.577,0.5000,0.5000,0.5000,0.5000,3.21,22.73,0.502,,1,0,,
21.608,0.5000,0.5000,0.5000,0.5000,3.16,22.73,0.504,,1,0,,
21.640,0.5000,0.5000,0.5000,0.5000,3.11,22.75,0.511,,1,0,,
21.673,0.5000,0.5000,0.5000,0.5000,3.06,22.76,0.514,,1,0,,
21.705,0.5000,0.5000,0.5000,0.5000,3.01,22.79,0.514,,1,0,,
21.736,0.5000,0.5000,0.5000,0.5000,2.96,22.80,0.513,,1,0,,
21.769,0.5000,0.5000,0.5000,0.5000,2.92,22.82,0.514,,1,0,,
21.800,0.5000,0.5000,0.5000,0.5000,2.90,22.79,0.512,,1,0,,
21.833,0.5000,0.5000,0.5000,0.5000,2.89,22.76,0.512,,1,0,,
21.865,0.5000,0.5000,0.5000,0.5000,2.86,22.72,0.514,,1,0,,
21.897,0.5000,0.5000,0.5000,0.5000,2.84,22.72,0.515,,1,0,,
21.929,0.5000,0.5000,0.5000,0.5000,2.82,22.71,0.511,,1,0,,
21.961,0.5000,0.5000,0.5000,0.5000,2.80,22.73,0.509,,1,0,,
22.008,0.5000,0.5000,0.5000,0.5000,2.77,22.77,0.510,,1,0,,
22.040,0.5000,0.5000,0.5000,0.5000,2.75,22.78,0.509,,1,0,,
22.072,0.5000,0.5000,0.5000,0.5000,2.74,22.79,0.513,,1,0,,
22.104,0.5000,0.5000,0.5000,0.5000,2.74,22.79,0.514,,1,0,,
22.137,0.5000,0.5000,0.5000,0.5000,2.73,22.78,0.514,,1,0,,
22.169,0.5000,0.5000,0.5000,0.5000,2.72,22.77,0.509,,1,0,,
22.204,0.5000,0.5000,0.5000,0.5000,2.70,22.77,0.509,,1,0,,
22.232,0.5000,0.5000,0.5000,0.5000,2.68,22.76,0.509,,1,0,,
22.265,0.5000,0.5000,0.5000,0.5000,2.66,22.75,0.509,,1,0,,
22.296,0.5000,0.5000,0.5000,0.5000,2.65,22.73,0.509,,1,0,,
22.329,0.5000,0.5000,0.5000,0.5000,2.63,22.73,0.507,,1,0,,
22.361,0.5000,0.5000,0.5000,0.5000,2.62,22.72,0.509,,1,0,,
22.393,0.5000,0.5000,0.5000,0.5000,2.60,22.72,0.508,,1,0,,
22.425,0.5000,0.5000,0.5000,0.5000,2.59,22.73,0.510,,1,0,,
22.458,0.5000,0.5000,0.5000,0.5000,2.58,22.71,0.508,,1,0,,
22.487,0.5000,0.5000,0.5000,0.5000,2.57,22.70,0.505,,1,0,,
22.521,0.5000,0.5000,0.5000,0.5000,2.56,22.70,0.506,,1,0,,
22.569,0.5000,0.5000,0.5000,0.5000,2.54,22.73,0.504,,1,0,,
22.601,0.5000,0.5000,0.5000,0.5000,2.55,22.72,0.502,,1,0,,
22.633,0.5000,0.5000,0.5000,0.5000,2.56,22.69,0.503,,1,0,,
22.665,0.5000,0.5000,0.5000,0.5000,2.57,22.73,0.501,,1,0,,
22.698,0.5000,0.5000,0.5000,0.5000,2.58,22.74,0.500,,1,0,,
22.729,0.5000,0.5000,0.5000,0.5000,2.56,22.77,0.500,,1,0,,
22.761,0.5000,0.5000,0.5000,0.5000,2.54,22.77,0.503,,1,0,,
22.792,0.5000,0.5000,0.5000,0.5000,2.53,22.78,0.502,,1,0,,
22.825,0.5000,0.5000,0.5000,0.5000,2.52,22.79,0.509,,1,0,,
22.857,0.5000,0.5000,0.5000,0.5000,2.51,22.78,0.509,,1,0,,
22.889,0.5000,0.5000,0.5000,0.5000,2.50,22.79,0.509,,1,0,,
22.920,0.5000,0.5000,0.5000,0.5000,2.50,22.80,0.509,,1,0,,
22.952,0.5000,0.5000,0.5000,0.5000,2.49,22.82,0.507,,1,0,,
22.985,0.5000,0.5000,0.5000,0.5000,2.49,22.81,0.508,,1,0,,
23.050,0.5000,0.5000,0.5000,0.5000,2.45,22.82,0.506,,1,0,,
23.082,0.5000,0.5000,0.5000,0.5000,2.44,22.82,0.506,,1,0,,
23.114,0.5000,0.5000,0.5000,0.5000,2.43,22.81,0.506,,1,0,,
23.159,0.5000,0.5000,0.5000,0.5000,2.40,22.85,0.506,,1,0,,
23.194,0.5000,0.5000,0.5000,0.5000,2.39,22.86,0.506,,1,0,,
23.219,0.5000,0.5000,0.5000,0.5000,2.39,22.86,0.505,,1,0,,
23.243,0.5000,0.5000,0.5000,0.5000,2.39,22.87,0.503,,1,0,,
23.268,0.5000,0.5000,0.5000,0.5000,2.40,22.88,0.503,,1,0,,
23.297,0.5000,0.5000,0.5000,0.5000,2.40,22.88,0.499,,1,0,,
23.321,0.5000,0.5000,0.5000,0.5000,2.40,22.89,0.501,,1,0,,
23.353,0.5000,0.5000,0.5000,0.5000,2.42,22.90,0.503,,1,0,,
23.385,0.5000,0.5000,0.5000,0.5000,2.42,22.90,0.502,,1,0,,
23.450,0.5000,0.5000,0.5000,0.5000,2.40,22.91,0.499,,1,0,,
23.481,0.5000,0.5000,0.5000,0.5000,2.40,22.88,0.501,,1,0,,
23.514,0.5000,0.5000,0.5000,0.5000,2.40,22.87,0.502,,1,0,,
23.545,0.5000,0.5000,0.5000,0.5000,2.39,22.85,0.503,,1,0,,
23.577,0.5000,0.5000,0.5000,0.5000,2.38,22.81,0.502,,1,0,,
23.609,0.5000,0.5000,0.5000,0.5000,2.39,22.77,0.504,,1,0,,
23.642,0.5000,0.5000,0.5000,0.5000,2.40,22.73,0.504,,1,0,,
23.673,0.5000,0.5000,0.5000,0.5000,2.41,22.72,0.503,,1,0,,
23.721,0.5000,0.5000,0.5000,0.5000,2.41,22.69,0.501,,1,0,,
23.752,0.5000,0.5000,0.5000,0.5000,2.41,22.68,0.500,,1,0,,
23.779,0.5000,0.5000,0.5000,0.5000,2.42,22.66,0.500,,1,0,,
23.816,0.5000,0.5000,0.5000,0.5000,2.46,22.58,0.499,,1,0,,
23.848,0.5000,0.5000,0.5000,0.5000,2.49,22.52,0.499,,1,0,,
23.880,0.5000,0.5000,0.5000,0.5000,2.50,22.50,0.500,,1,0,,
23.914,0.5000,0.5000,0.5000,0.5000,2.50,22.49,0.502,,1,0,,
23.944,0.5000,0.5000,0.5000,0.5000,2.50,22.50,0.501,,1,0,,
23.977,0.5000,0.5000,0.5000,0.5000,2.51,22.47,0.500,,1,0,,
24.009,0.5000,0.5000,0.5000,0.5000,2.53,22.42,0.415,,1,0,,
24.042,0.5000,0.5000,0.5000,0.5000,2.57,22.25,0.313,,1,0,,
24.073,0.5000,0.5000,0.5000,0.5000,2.63,22.06,0.324,,1,0,,
24.106,0.5000,0.5000,0.5000,0.5000,2.68,21.88,0.356,,1,0,,
24.136,0.5000,0.5000,0.5000,0.5000,2.72,21.73,0.374,,1,0,,
24.170,0.5000,0.5000,0.5000,0.5000,2.76,21.55,0.382,,1,0,,
24.201,0.5000,0.5000,0.5000,0.5000,2.78,21.39,0.400,,1,0,,
24.233,0.5000,0.5000,0.5000,0.5000,2.80,21.28,0.403,,1,0,,
24.282,0.5000,0.5000,0.5000,0.5000,2.82,21.07,0.420,,1,0,,
24.313,0.5000,0.5000,0.5000,0.5000,2.85,20.93,0.432,,1,0,,
24.345,0.5000,0.5000,0.5000,0.5000,2.87,20.80,0.435,,1,0,,
24.376,0.5000,0.5000,0.5000,0.5000,2.88,20.69,0.437,,1,0,,
24.408,0.5000,0.5000,0.5000,0.5000,2.89,20.59,0.439,,1,0,,
24.441,0.5000,0.5000,0.5000,0.5000,2.89,20.51,0.442,,1,0,,
24.473,0.5000,0.5000,0.5000,0.5000,2.90,20.48,0.443,,1,0,,
24.505,0.5000,0.5000,0.5000,0.5000,2.90,20.45,0.449,,1,0,,
24.539,0.5000,0.5000,0.5000,0.5000,2.91,20.37,0.450,,1,0,,
24.569,0.5000,0.5000,0.5000,0.5000,2.92,20.33,0.447,,1,0,,
24.601,0.5000,0.5000,0.5000,0.5000,2.92,20.31,0.451,,1,0,,
24.633,0.5000,0.5000,0.5000,0.5000,2.93,20.29,0.449,,1,0,,
24.665,0.5000,0.5000,0.5000,0.5000,2.95,20.26,0.452,,1,0,,
24.698,0.5000,0.5000,0.5000,0.5000,2.97,20.23,0.451,,1,0,,
24.729,0.5000,0.5000,0.5000,0.5000,2.99,20.20,0.452,,1,0,,
24.762,0.5000,0.5000,0.5000,0.5000,3.01,20.13,0.452,,1,0,,
24.795,0.5000,0.5000,0.5000,0.5000,3.03,20.05,0.453,,1,0,,
24.842,0.5000,0.5000,0.5000,0.5000,3.07,19.95,0.449,,1,0,,
24.874,0.5000,0.5000,0.5000,0.5000,3.09,19.89,0.450,,1,0,,
24.905,0.5000,0.5000,0.5000,0.5000,3.10,19.85,0.451,,1,0,,
24.937,0.5000,0.5000,0.5000,0.5000,3.12,19.86,0.453,,1,0,,
24.972,0.5000,0.5000,0.5000,0.5000,3.13,19.87,0.457,,1,0,,
25.003,0.5000,0.5000,0.5000,0.5000,3.14,19.87,0.459,,1,0,,
25.032,0.5000,0.5000,0.5000,0.5000,3.14,19.86,0.458,,1,0,,
25.064,0.5000,0.5000,0.5000,0.5000,3.15,19.87,0.458,,1,0,,
25.096,0.5000,0.5000,0.5000,0.5000,3.15,19.86,0.458,,1,0,,
25.130,0.5000,0.5000,0.5000,0.5000,3.15,19.83,0.458,,1,0,,
25.160,0.5000,0.5000,0.5000,0.5000,3.15,19.81,0.458,,1,0,,
25.193,0.5000,0.5000,0.5000,0.5000,3.15,19.78,0.459,,1,0,,
25.225,0.5000,0.5000,0.5000,0.5000,3.14,19.75,0.460,,1,0,,
25.256,0.5000,0.5000,0.5000,0.5000,3.13,19.71,0.460,,1,0,,
25.288,0.5000,0.5000,0.5000,0.5000,3.13,19.70,0.458,,1,0,,
25.321,0.5000,0.5000,0.5000,0.5000,3.12,19.70,0.457,,1,0,,
25.352,0.5000,0.5000,0.5000,0.5000,3.11,19.71,0.455,,1,0,,
25.437,0.5000,0.5000,0.5000,0.5000,3.10,19.66,0.457,,1,0,,
25.465,0.5000,0.5000,0.5000,0.5000,3.09,19.66,0.459,,1,0,,
25.491,0.5000,0.5000,0.5000,0.5000,3.09,19.67,0.460,,1,0,,
25.515,0.5000,0.5000,0.5000,0.5000,3.09,19.66,0.462,,1,0,,
25.541,0.5000,0.5000,0.5000,0.5000,3.09,19.67,0.461,,1,0,,
25.567,0.5000,0.5000,0.5000,0.5000,3.09,19.66,0.460,,1,0,,
25.593,0.5000,0.5000,0.5000,0.5000,3.10,19.66,0.459,,1,0,,
25.624,0.5000,0.5000,0.5000,0.5000,3.10,19.62,0.460,,1,0,,
25.656,0.5000,0.5000,0.5000,0.5000,3.12,19.54,0.459,,1,0,,
25.688,0.5000,0.5000,0.5000,0.5000,3.12,19.53,0.458,,1,0,,
25.721,0.5000,0.5000,0.5000,0.5000,3.14,19.49,0.460,,1,0,,
25.752,0.5000,0.5000,0.5000,0.5000,3.15,19.45,0.458,,1,0,,
25.819,0.5000,0.5000,0.5000,0.5000,3.16,19.38,0.457,,1,0,,
25.850,0.5000,0.5000,0.5000,0.5000,3.16,19.38,0.453,,1,0,,
25.881,0.5000,0.5000,0.5000,0.5000,3.17,19.36,0.452,,1,0,,
25.913,0.5000,0.5000,0.5000,0.5000,3.18,19.35,0.453,,1,0,,
25.945,0.5000,0.5000,0.5000,0.5000,3.19,19.33,0.454,,1,0,,
25.992,0.5000,0.5000,0.5000,0.5000,3.21,19.26,0.458,,1,0,,
26.024,0.5000,0.5000,0.5000,0.5000,3.23,19.22,0.460,,1,0,,
26.049,0.5000,0.5000,0.5000,0.5000,3.25,19.18,0.461,,1,0,,
26.078,0.5000,0.5000,0.5000,0.5000,3.27,19.13,0.462,,1,0,,
26.102,0.5000,0.5000,0.5000,0.5000,3.28,19.09,0.461,,1,0,,
26.128,0.5000,0.5000,0.5000,0.5000,3.28,19.09,0.461,,1,0,,
26.152,0.5000,0.5000,0.5000,0.5000,3.28,19.13,0.460,,1,0,,
26.217,0.5000,0.5000,0.5000,0.5000,3.28,19.25,0.463,,1,0,,
26.248,0.5000,0.5000,0.5000,0.5000,3.29,19.28,0.463,,1,0,,
26.283,0.5000,0.5000,0.5000,0.5000,3.29,19.32,0.461,,1,0,,
26.313,0.5000,0.5000,0.5000,0.5000,3.29,19.32,0.454,,1,0,,
26.346,0.5000,0.5000,0.5000,0.5000,3.29,19.34,0.454,,1,0,,
26.377,0.5000,0.5000,0.5000,0.5000,3.29,19.35,0.451,,1,0,,
26.408,0.5000,0.5000,0.5000,0.5000,3.28,19.36,0.450,,1,0,,
26.441,0.5000,0.5000,0.5000,0.5000,3.29,19.35,0.451,,1,0,,
26.472,0.5000,0.5000,0.5000,0.5000,3.30,19.34,0.458,,1,0,,
26.505,0.5000,0.5000,0.5000,0.5000,3.31,19.29,0.459,,1,0,,
26.555,0.5000,0.5000,0.5000,0.5000,3.29,19.30,0.456,,1,0,,
26.586,0.5000,0.5000,0.5000,0.5000,3.28,19.32,0.454,,1,0,,
26.617,0.5000,0.5000,0.5000,0.5000,3.27,19.32,0.453,,1,0,,
26.647,0.5000,0.5000,0.5000,0.5000,3.25,19.34,0.454,,1,0,,
26.681,0.5000,0.5000,0.5000,0.5000,3.25,19.38,0.455,,1,0,,
26.712,0.5000,0.5000,0.5000,0.5000,3.24,19.39,0.454,,1,0,,
26.745,0.5000,0.5000,0.5000,0.5000,3.24,19.38,0.453,,1,0,,
26.778,0.5000,0.5000,0.5000,0.5000,3.24,19.36,0.451,,1,0,,
26.809,0.5000,0.5000,0.5000,0.5000,3.24,19.35,0.449,,1,0,,
26.841,0.5000,0.5000,0.5000,0.5000,3.25,19.31,0.452,,1,0,,
26.872,0.5000,0.5000,0.5000,0.5000,3.26,19.28,0.453,,1,0,,
26.904,0.5000,0.5000,0.5000,0.5000,3.29,19.24,0.452,,1,0,,
26.936,0.5000,0.5000,0.5000,0.5000,3.29,19.25,0.452,,1,0,,
26.968,0.5000,0.5000,0.5000,0.5000,3.30,19.37,0.405,,1,0,,
27.000,0.5000,0.5000,0.5000,0.5000,3.33,19.49,0.368,,1,0,,
27.032,0.5000,0.5000,0.5000,0.5000,3.37,19.61,0.383,,1,0,,
27.065,0.5000,0.5000,0.5000,0.5000,3.40,19.75,0.394,,1,0,,
27.096,0.5000,0.5000,0.5000,0.5000,3.43,19.89,0.416,,1,0,,
27.145,0.5000,0.5000,0.5000,0.5000,3.48,20.12,0.446,,1,0,,
27.177,0.5000,0.5000,0.5000,0.5000,3.50,20.30,0.452,,1,0,,
27.210,0.5000,0.5000,0.5000,0.5000,3.53,20.46,0.466,,1,0,,
27.240,0.5000,0.5000,0.5000,0.5000,3.55,20.59,0.474,,1,0,,
27.274,0.5000,0.5000,0.5000,0.5000,3.57,20.73,0.478,,1,0,,
27.304,0.5000,0.5000,0.5000,0.5000,3.57,20.87,0.480,,1,0,,
27.336,0.5000,0.5000,0.5000,0.5000,3.58,21.01,0.489,,1,0,,
27.370,0.5000,0.5000,0.5000,0.5000,3.60,21.11,0.491,,1,0,,
27.400,0.5000,0.5000,0.5000,0.5000,3.60,21.19,0.493,,1,0,,
27.433,0.5000,0.5000,0.5000,0.5000,3.61,21.25,0.495,,1,0,,
27.467,0.5000,0.5000,0.5000,0.5000,3.62,21.30,0.497,,1,0,,
27.497,0.5000,0.5000,0.5000,0.5000,3.63,21.33,0.498,,1,0,,
27.530,0.5000,0.5000,0.5000,0.5000,3.63,21.42,0.498,,1,0,,
27.562,0.5000,0.5000,0.5000,0.5000,3.64,21.56,0.497,,1,0,,
27.593,0.5000,0.5000,0.5000,0.5000,3.64,21.69,0.493,,1,0,,
27.623,0.5000,0.5000,0.5000,0.5000,3.64,21.80,0.494,,1,0,,
27.655,0.5000,0.5000,0.5000,0.5000,3.65,21.90,0.495,,1,0,,
27.706,0.5000,0.5000,0.5000,0.5000,3.65,22.04,0.490,,1,0,,
27.737,0.5000,0.5000,0.5000,0.5000,3.65,22.12,0.492,,1,0,,
27.768,0.5000,0.5000,0.5000,0.5000,3.65,22.18,0.491,,1,0,,
27.800,0.5000,0.5000,0.5000,0.5000,3.64,22.27,0.487,,1,0,,
27.833,0.5000,0.5000,0.5000,0.5000,3.64,22.33,0.492,,1,0,,
27.864,0.5000,0.5000,0.5000,0.5000,3.62,22.39,0.492,,1,0,,
27.897,0.5000,0.5000,0.5000,0.5000,3.61,22.44,0.495,,1,0,,
27.928,0.5000,0.5000,0.5000,0.5000,3.59,22.50,0.494,,1,0,,
27.962,0.5000,0.5000,0.5000,0.5000,3.58,22.52,0.494,,1,0,,
27.993,0.5000,0.5000,0.5000,0.5000,3.58,22.54,0.497,,1,0,,
28.026,0.5000,0.5000,0.5000,0.5000,3.57,22.58,0.497,,1,0,,
28.056,0.5000,0.5000,0.5000,0.5000,3.56,22.60,0.498,,1,0,,
28.090,0.5000,0.5000,0.5000,0.5000,3.56,22.62,0.496,,1,0,,
28.121,0.5000,0.5000,0.5000,0.5000,3.56,22.66,0.496,,1,0,,
28.153,0.5000,0.5000,0.5000,0.5000,3.55,22.68,0.495,,1,0,,
28.185,0.5000,0.5000,0.5000,0.5000,3.54,22.70,0.495,,1,0,,
28.272,0.5000,0.5000,0.5000,0.5000,3.55,22.65,0.498,,1,0,,
28.298,0.5000,0.5000,0.5000,0.5000,3.55,22.64,0.496,,1,0,,
28.326,0.5000,0.5000,0.5000,0.5000,3.54,22.65,0.495,,1,0,,
28.352,0.5000,0.5000,0.5000,0.5000,3.54,22.66,0.497,,1,0,,
28.380,0.5000,0.5000,0.5000,0.5000,3.55,22.67,0.496,,1,0,,
28.407,0.5000,0.5000,0.5000,0.5000,3.55,22.65,0.498,,1,0,,
28.432,0.5000,0.5000,0.5000,0.5000,3.56,22.64,0.496,,1,0,,
28.459,0.5000,0.5000,0.5000,0.5000,3.58,22.62,0.497,,1,0,,
28.488,0.5000,0.5000,0.5000,0.5000,3.59,22.61,0.496,,1,0,,
28.520,0.5000,0.5000,0.5000,0.5000,3.61,22.59,0.496,,1,0,,
28.552,0.5000,0.5000,0.5000,0.5000,3.62,22.58,0.496,,1,0,,
28.584,0.5000,0.5000,0.5000,0.5000,3.63,22.57,0.495,,1,0,,
28.649,0.5000,0.5000,0.5000,0.5000,3.62,22.58,0.496,,1,0,,
28.681,0.5000,0.5000,0.5000,0.5000,3.61,22.59,0.496,,1,0,,
28.713,0.5000,0.5000,0.5000,0.5000,3.59,22.59,0.495,,1,0,,
28.747,0.5000,0.5000,0.5000,0.5000,3.59,22.57,0.495,,1,0,,
28.777,0.5000,0.5000,0.5000,0.5000,3.59,22.51,0.497,,1,0,,
28.825,0.5000,0.5000,0.5000,0.5000,3.59,22.41,0.498,,1,0,,
28.858,0.5000,0.5000,0.5000,0.5000,3.58,22.37,0.498,,1,0,,
28.883,0.5000,0.5000,0.5000,0.5000,3.58,22.35,0.498,,1,0,,
28.907,0.5000,0.5000,0.5000,0.5000,3.58,22.34,0.497,,1,0,,
28.933,0.5000,0.5000,0.5000,0.5000,3.58,22.32,0.496,,1,0,,
28.959,0.5000,0.5000,0.5000,0.5000,3.59,22.28,0.495,,1,0,,
29.017,0.5000,0.5000,0.5000,0.5000,3.60,22.23,0.498,,1,0,,
29.049,0.5000,0.5000,0.5000,0.5000,3.62,22.21,0.496,,1,0,,
29.080,0.5000,0.5000,0.5000,0.5000,3.63,22.18,0.496,,1,0,,
29.114,0.5000,0.5000,0.5000,0.5000,3.64,22.16,0.494,,1,0,,
29.146,0.5000,0.5000,0.5000,0.5000,3.66,22.15,0.496,,1,0,,
29.178,0.5000,0.5000,0.5000,0.5000,3.66,22.12,0.498,,1,0,,
29.209,0.5000,0.5000,0.5000,0.5000,3.66,22.10,0.496,,1,0,,
29.240,0.5000,0.5000,0.5000,0.5000,3.65,22.07,0.497,,1,0,,
29.274,0.5000,0.5000,0.5000,0.5000,3.64,22.06,0.497,,1,0,,
29.305,0.5000,0.5000,0.5000,0.5000,3.64,22.06,0.495,,1,0,,
29.336,0.5000,0.5000,0.5000,0.5000,3.66,22.08,0.495,,1,0,,
29.368,0.5000,0.5000,0.5000,0.5000,3.66,22.14,0.495,,1,0,,
29.417,0.5000,0.5000,0.5000,0.5000,3.66,22.20,0.497,,1,0,,
29.449,0.5000,0.5000,0.5000,0.5000,3.66,22.22,0.499,,1,0,,
29.481,0.5000,0.5000,0.5000,0.5000,3.67,22.24,0.499,,1,0,,
29.515,0.5000,0.5000,0.5000,0.5000,3.68,22.25,0.497,,1,0,,
29.545,0.5000,0.5000,0.5000,0.5000,3.69,22.25,0.496,,1,0,,
29.579,0.5000,0.5000,0.5000,0.5000,3.70,22.22,0.493,,1,0,,
29.609,0.5000,0.5000,0.5000,0.5000,3.71,22.19,0.493,,1,0,,
29.640,0.5000,0.5000,0.5000,0.5000,3.71,22.20,0.493,,1,0,,
29.671,0.5000,0.5000,0.5000,0.5000,3.71,22.20,0.494,,1,0,,
29.706,0.5000,0.5000,0.5000,0.5000,3.70,22.20,0.493,,1,0,,
29.736,0.5000,0.5000,0.5000,0.5000,3.69,22.18,0.496,,1,0,,
29.767,0.5000,0.5000,0.5000,0.5000,3.69,22.17,0.490,,1,0,,
29.802,0.5000,0.5000,0.5000,0.5000,3.69,22.16,0.494,,1,0,,
29.832,0.5000,0.5000,0.5000,0.5000,3.68,22.17,0.492,,1,0,,
29.865,0.5000,0.5000,0.5000,0.5000,3.67,22.18,0.490,,1,0,,
29.897,0.5000,0.5000,0.5000,0.5000,3.65,22.19,0.490,,1,0,,
29.929,0.5000,0.5000,0.5000,0.5000,3.64,22.21,0.468,,1,0,,
29.977,0.5000,0.5000,0.5000,0.5000,3.67,22.21,0.377,,1,0,,
30.008,0.5000,0.5000,0.5000,0.5000,3.72,22.14,0.241,,1,0,,
30.040,0.5000,0.5000,0.5000,0.5000,3.79,22.04,0.216,,1,0,,
30.075,0.5000,0.5000,0.5000,0.5000,3.87,21.93,0.239,,1,0,,
30.105,0.5000,0.5000,0.5000,0.5000,3.93,21.85,0.266,,1,0,,
30.137,0.5000,0.5000,0.5000,0.5000,3.99,21.75,0.283,,1,0,,
30.169,0.5000,0.5000,0.5000,0.5000,4.03,21.68,0.292,,1,0,,
30.202,0.5000,0.5000,0.5000,0.5000,4.06,21.65,0.305,,1,0,,
30.233,0.5000,0.5000,0.5000,0.5000,4.11,21.65,0.318,,1,0,,
30.265,0.5000,0.5000,0.5000,0.5000,4.15,21.63,0.330,,1,0,,
30.296,0.5000,0.5000,0.5000,0.5000,4.18,21.52,0.338,,1,0,,
30.328,0.5000,0.5000,0.5000,0.5000,4.21,21.49,0.340,,1,0,,
30.362,0.5000,0.5000,0.5000,0.5000,4.23,21.47,0.344,,1,0,,
30.393,0.5000,0.5000,0.5000,0.5000,4.26,21.45,0.350,,1,0,,
30.425,0.5000,0.5000,0.5000,0.5000,4.29,21.45,0.356,,1,0,,
30.457,0.5000,0.5000,0.5000,0.5000,4.32,21.44,0.354,,1,0,,
30.489,0.5000,0.5000,0.5000,0.5000,4.34,21.44,0.357,,1,0,,
30.538,0.5000,0.5000,0.5000,0.5000,4.38,21.43,0.359,,1,0,,
30.567,0.5000,0.5000,0.5000,0.5000,4.39,21.39,0.362,,1,0,,
30.602,0.5000,0.5000,0.5000,0.5000,4.40,21.38,0.364,,1,0,,
30.632,0.5000,0.5000,0.5000,0.5000,4.43,21.35,0.367,,1,0,,
30.665,0.5000,0.5000,0.5000,0.5000,4.45,21.33,0.368,,1,0,,
30.695,0.5000,0.5000,0.5000,0.5000,4.46,21.34,0.368,,1,0,,
30.733,0.5000,0.5000,0.5000,0.5000,4.47,21.34,0.375,,1,0,,
30.761,0.5000,0.5000,0.5000,0.5000,4.47,21.34,0.379,,1,0,,
30.793,0.5000,0.5000,0.5000,0.5000,4.47,21.35,0.384,,1,0,,
30.824,0.5000,0.5000,0.5000,0.5000,4.47,21.38,0.381,,1,0,,
30.856,0.5000,0.5000,0.5000,0.5000,4.47,21.41,0.385,,1,0,,
30.889,0.5000,0.5000,0.5000,0.5000,4.47,21.40,0.383,,1,0,,
30.921,0.5000,0.5000,0.5000,0.5000,4.47,21.41,0.383,,1,0,,
30.953,0.5000,0.5000,0.5000,0.5000,4.48,21.39,0.382,,1,0,,
30.984,0.5000,0.5000,0.5000,0.5000,4.49,21.37,0.386,,1,0,,
31.050,0.5000,0.5000,0.5000,0.5000,4.48,21.36,0.384,,1,0,,
31.097,0.5000,0.5000,0.5000,0.5000,4.47,21.39,0.387,,1,0,,
31.130,0.5000,0.5000,0.5000,0.5000,4.47,21.42,0.384,,1,0,,
31.157,0.5000,0.5000,0.5000,0.5000,4.46,21.44,0.384,,1,0,,
31.182,0.5000,0.5000,0.5000,0.5000,4.46,21.44,0.383,,1,0,,
31.207,0.5000,0.5000,0.5000,0.5000,4.47,21.45,0.384,,1,0,,
31.232,0.5000,0.5000,0.5000,0.5000,4.48,21.44,0.384,,1,0,,
31.257,0.5000,0.5000,0.5000,0.5000,4.49,21.44,0.385,,1,0,,
31.290,0.5000,0.5000,0.5000,0.5000,4.50,21.42,0.385,,1,0,,
31.319,0.5000,0.5000,0.5000,0.5000,4.51,21.39,0.385,,1,0,,
31.352,0.5000,0.5000,0.5000,0.5000,4.50,21.41,0.385,,1,0,,
31.418,0.5000,0.5000,0.5000,0.5000,4.48,21.52,0.387,,1,0,,
31.449,0.5000,0.5000,0.5000,0.5000,4.47,21.56,0.388,,1,0,,
31.481,0.5000,0.5000,0.5000,0.5000,4.45,21.64,0.386,,1,0,,
31.514,0.5000,0.5000,0.5000,0.5000,4.42,21.69,0.385,,1,0,,
31.544,0.5000,0.5000,0.5000,0.5000,4.42,21.69,0.385,,1,0,,
31.578,0.5000,0.5000,0.5000,0.5000,4.42,21.69,0.383,,1,0,,
31.608,0.5000,0.5000,0.5000,0.5000,4.43,21.70,0.381,,1,0,,
31.641,0.5000,0.5000,0.5000,0.5000,4.43,21.71,0.382,,1,0,,
31.688,0.5000,0.5000,0.5000,0.5000,4.43,21.71,0.380,,1,0,,
31.723,0.5000,0.5000,0.5000,0.5000,4.42,21.67,0.384,,1,0,,
31.748,0.5000,0.5000,0.5000,0.5000,4.41,21.64,0.385,,1,0,,
31.773,0.5000,0.5000,0.5000,0.5000,4.41,21.60,0.387,,1,0,,
31.816,0.5000,0.5000,0.5000,0.5000,4.41,21.52,0.387,,1,0,,
31.848,0.5000,0.5000,0.5000,0.5000,4.40,21.46,0.393,,1,0,,
31.881,0.5000,0.5000,0.5000,0.5000,4.39,21.42,0.393,,1,0,,
31.913,0.5000,0.5000,0.5000,0.5000,4.36,21.40,0.390,,1,0,,
31.946,0.5000,0.5000,0.5000,0.5000,4.35,21.40,0.388,,1,0,,
31.977,0.5000,0.5000,0.5000,0.5000,4.34,21.38,0.389,,1,0,,
32.008,0.5000,0.5000,0.5000,0.5000,4.33,21.39,0.385,,1,0,,
32.041,0.5000,0.5000,0.5000,0.5000,4.32,21.41,0.388,,1,0,,
32.073,0.5000,0.5000,0.5000,0.5000,4.30,21.42,0.387,,1,0,,
32.104,0.5000,0.5000,0.5000,0.5000,4.29,21.43,0.389,,1,0,,
32.135,0.5000,0.5000,0.5000,0.5000,4.28,21.45,0.391,,1,0,,
32.168,0.5000,0.5000,0.5000,0.5000,4.27,21.47,0.392,,1,0,,
32.200,0.5000,0.5000,0.5000,0.5000,4.24,21.50,0.389,,1,0,,
32.248,0.5000,0.5000,0.5000,0.5000,4.25,21.42,0.397,,1,0,,
32.280,0.5000,0.5000,0.5000,0.5000,4.25,21.36,0.395,,1,0,,
32.312,0.5000,0.5000,0.5000,0.5000,4.24,21.27,0.398,,1,0,,
32.345,0.5000,0.5000,0.5000,0.5000,4.23,21.22,0.396,,1,0,,
32.377,0.5000,0.5000,0.5000,0.5000,4.22,21.16,0.394,,1,0,,
32.408,0.5000,0.5000,0.5000,0.5000,4.20,21.17,0.394,,1,0,,
32.441,0.5000,0.5000,0.5000,0.5000,4.19,21.19,0.393,,1,0,,
32.473,0.5000,0.5000,0.5000,0.5000,4.18,21.18,0.394,,1,0,,
32.506,0.5000,0.5000,0.5000,0.5000,4.18,21.16,0.390,,1,0,,
32.536,0.5000,0.5000,0.5000,0.5000,4.18,21.11,0.388,,1,0,,
32.568,0.5000,0.5000,0.5000,0.5000,4.18,21.07,0.386,,1,0,,
32.602,0.5000,0.5000,0.5000,0.5000,4.18,21.07,0.388,,1,0,,
32.632,0.5000,0.5000,0.5000,0.5000,4.18,21.11,0.394,,1,0,,
32.666,0.4775,0.7854,0.4775,0.7854,4.18,21.17,0.391,,1,1,14.927,0.2247
32.696,0.4776,0.7833,0.4779,0.7760,4.19,21.22,0.393,,1,1,14.927,0.2247
32.730,0.4778,0.7831,0.4784,0.7827,4.20,21.27,0.387,,1,1,14.927,0.2247
32.761,0.4784,0.7810,0.4804,0.7738,4.22,21.24,0.387,,1,1,14.927,0.2247
32.809,0.4791,0.7811,0.4806,0.7814,4.21,21.19,0.389,,1,1,14.927,0.2247
32.841,0.4790,0.7808,0.4790,0.7796,4.20,21.16,0.390,,1,1,14.927,0.2247
32.873,0.4770,0.7819,0.4701,0.7855,4.20,21.14,0.390,,1,1,14.927,0.2247
32.906,0.4756,0.7773,0.4710,0.7620,4.21,21.12,0.389,,1,1,14.927,0.2247
32.936,0.4741,0.7731,0.4690,0.7593,4.21,21.08,0.389,,1,1,14.927,0.2247
32.970,0.4726,0.7614,0.4680,0.7249,4.23,21.06,0.381,,1,1,14.927,0.2247
33.001,0.4724,0.7488,0.4717,0.7066,4.23,21.09,0.391,,1,1,14.927,0.2247
33.031,0.4722,0.7382,0.4714,0.7021,4.24,21.09,0.394,,1,1,14.927,0.2247
33.065,0.4720,0.7288,0.4713,0.6994,4.23,21.11,0.395,,1,1,14.927,0.2247
33.097,0.4721,0.7238,0.4724,0.7079,4.22,21.12,0.400,,1,1,14.927,0.2247
33.129,0.4713,0.7187,0.4688,0.7024,4.22,21.13,0.401,,1,1,14.927,0.2247
33.161,0.4701,0.7168,0.4661,0.7108,4.21,21.15,0.401,,1,1,14.927,0.2247
33.193,0.4659,0.7128,0.4518,0.6995,4.20,21.16,0.394,,1,1,14.927,0.2247
33.225,0.4647,0.7008,0.4607,0.6631,4.17,21.27,0.357,,1,1,14.927,0.2247
33.257,0.4673,0.7003,0.4761,0.6985,4.15,21.33,0.312,,1,1,14.927,0.2247
33.291,0.4680,0.6777,0.4701,0.6093,4.09,21.46,0.352,,1,1,14.927,0.2247
33.321,0.4622,0.6524,0.4419,0.5668,4.05,21.51,0.449,,1,1,14.927,0.2247
33.367,0.4464,0.6264,0.4110,0.5703,3.94,21.64,0.491,,1,1,14.927,0.2247
33.402,0.4337,0.6131,0.3958,0.5747,3.87,21.73,0.512,,1,1,14.927,0.2247
33.432,0.4236,0.6077,0.3886,0.5894,3.80,21.80,0.510,,1,1,14.927,0.2247
33.467,0.4138,0.6047,0.3846,0.5958,3.72,21.86,0.515,,1,1,14.927,0.2247
33.499,0.4078,0.6070,0.3886,0.6145,3.66,21.93,0.516,,1,1,14.927,0.2247
33.528,0.4057,0.6080,0.3981,0.6116,3.59,21.99,0.518,,1,1,14.927,0.2247
33.561,0.4047,0.6090,0.4016,0.6120,3.52,22.04,0.515,,1,1,14.927,0.2247
33.593,0.4043,0.6087,0.4029,0.6078,3.45,22.10,0.520,,1,1,14.927,0.2247
33.625,0.4035,0.6090,0.4011,0.6100,3.38,22.15,0.516,,1,1,14.927,0.2247
33.657,0.4016,0.6133,0.3951,0.6278,3.33,22.18,0.512,,1,1,14.927,0.2247
33.688,0.4027,0.6173,0.4063,0.6308,3.26,22.21,0.515,,1,1,14.927,0.2247
33.721,0.4094,0.6082,0.4313,0.5783,3.23,22.36,0.429,,1,1,14.927,0.2247
33.752,0.4232,0.6100,0.4690,0.6161,3.24,22.41,0.260,,1,1,14.927,0.2247
33.815,0.4424,0.5994,0.4740,0.5817,3.26,22.43,0.395,,1,1,14.927,0.2247
33.849,0.4494,0.5859,0.4712,0.5441,3.24,22.47,0.446,,1,1,14.927,0.2247
33.881,0.4534,0.5685,0.4662,0.5132,3.21,22.53,0.486,,1,1,14.927,0.2247
33.914,0.4552,0.5503,0.4611,0.4934,3.17,22.60,0.508,,1,1,14.927,0.2247
33.962,0.4555,0.5248,0.4560,0.4703,3.13,22.70,0.534,,1,1,14.927,0.2247
33.994,0.4547,0.5086,0.4522,0.4575,3.10,22.76,0.526,,1,1,14.927,0.2247
34.022,0.4535,0.4961,0.4491,0.4504,3.08,22.81,0.523,,1,1,14.927,0.2247
34.050,0.4511,0.4841,0.4419,0.4406,3.05,22.86,0.521,,1,1,14.927,0.2247
34.079,0.4465,0.4710,0.4300,0.4259,3.04,22.90,0.525,,1,1,14.927,0.2247
34.106,0.4438,0.4599,0.4329,0.4174,3.04,22.90,0.519,,1,1,14.927,0.2247
34.133,0.4409,0.4488,0.4298,0.4090,3.04,22.86,0.526,,1,1,14.927,0.2247
34.162,0.4386,0.4408,0.4304,0.4132,3.07,22.81,0.524,,1,1,14.927,0.2247
34.216,0.4408,0.4192,0.4450,0.3788,3.12,22.68,0.527,,1,1,14.927,0.2247
34.250,0.4451,0.4148,0.4587,0.4018,3.16,22.59,0.535,,1,1,14.927,0.2247
34.281,0.4489,0.4006,0.4619,0.3537,3.19,22.49,0.526,,1,1,14.927,0.2247
34.313,0.4527,0.3852,0.4656,0.3350,3.24,22.36,0.514,,1,1,14.927,0.2247
34.344,0.4550,0.3712,0.4627,0.3276,3.27,22.26,0.520,,1,1,14.927,0.2247
34.376,0.4584,0.3546,0.4697,0.3026,3.31,22.15,0.524,,1,1,14.927,0.2247
34.411,0.4609,0.3402,0.4688,0.2964,3.37,22.02,0.518,,1,1,14.927,0.2247
34.443,0.4621,0.3255,0.4658,0.2813,3.44,21.90,0.519,,1,1,14.927,0.2247
34.473,0.4646,0.3155,0.4734,0.2821,3.51,21.75,0.515,,1,1,14.927,0.2247
34.521,0.4716,0.2940,0.4870,0.2484,3.61,21.56,0.513,,1,1,14.927,0.2247
34.553,0.4795,0.2880,0.5049,0.2691,3.72,21.39,0.514,,1,1,14.927,0.2247
34.580,0.4858,0.2860,0.5102,0.2788,3.80,21.27,0.516,,1,1,14.927,0.2247
34.617,0.4952,0.2847,0.5216,0.2810,3.91,21.03,0.518,,1,1,14.927,0.2247
34.649,0.5074,0.2775,0.5467,0.2544,4.00,20.87,0.518,,1,1,14.927,0.2247
34.679,0.5193,0.2738,0.5601,0.2614,4.08,20.74,0.521,,1,1,14.927,0.2247
34.712,0.5339,0.2701,0.5800,0.2581,4.16,20.60,0.523,,1,1,14.927,0.2247
34.744,0.5499,0.2555,0.6010,0.2089,4.23,20.49,0.519,,1,1,14.927,0.2247
34.777,0.5624,0.2438,0.6003,0.2084,4.29,20.40,0.515,,1,1,14.927,0.2247
34.810,0.5708,0.2352,0.5970,0.2079,4.33,20.26,0.517,,1,1,14.927,0.2247
34.842,0.5762,0.2287,0.5934,0.2080,4.38,20.16,0.516,,1,1,14.927,0.2247
34.874,0.5786,0.2280,0.5861,0.2255,4.43,20.05,0.517,,1,1,14.927,0.2247
34.905,0.5762,0.2262,0.5685,0.2204,4.49,20.00,0.520,,1,1,14.927,0.2247
34.937,0.5700,0.2272,0.5499,0.2304,4.55,19.93,0.523,,1,1,14.927,0.2247
34.969,0.5575,0.2318,0.5165,0.2467,4.62,19.86,0.521,,1,1,14.927,0.2247
35.002,0.5447,0.2314,0.5037,0.2301,4.68,19.76,0.522,,1,1,14.927,0.2247
35.033,0.5343,0.2309,0.4985,0.2292,4.75,19.64,0.520,,1,1,14.927,0.2247
35.081,0.5232,0.2258,0.4991,0.2145,4.83,19.52,0.524,,1,1,14.927,0.2247
35.115,0.5177,0.2250,0.5008,0.2226,4.89,19.41,0.523,,1,1,14.927,0.2247
35.146,0.5140,0.2250,0.5013,0.2249,4.93,19.34,0.520,,1,1,14.927,0.2247
35.177,0.5112,0.2227,0.5021,0.2151,4.98,19.25,0.521,,1,1,14.927,0.2247
35.210,0.5253,0.2094,0.5712,0.1663,5.02,19.17,0.515,,1,1,14.927,0.2247
35.241,0.5774,0.1667,0.7460,0.0299,5.06,19.10,0.515,,1,1,14.927,0.2247
35.273,0.6278,0.1144,0.7876,-0.0797,5.09,19.05,0.517,,1,1,14.927,0.2247
35.304,0.6767,0.0741,0.8272,-0.0755,5.13,19.00,0.516,,1,1,14.927,0.2247
35.336,0.7126,0.0440,0.8246,-0.0552,5.15,18.96,0.519,,1,1,14.927,0.2247
35.368,0.7446,0.0202,0.8384,-0.0633,5.17,18.93,0.521,,1,1,14.927,0.2247
35.401,0.7733,0.0024,0.8566,-0.0928,5.18,18.90,0.520,,1,1,14.927,0.2247
35.437,0.8007,0.0000,0.8747,-0.0862,5.19,18.89,0.521,,1,1,14.927,0.2247
35.465,0.8174,0.0000,0.8748,-0.0732,5.20,18.88,0.520,,1,1,14.927,0.2247
35.496,0.8334,0.0000,0.8826,-0.0856,5.21,18.87,0.521,,1,1,14.927,0.2247
35.530,0.8471,0.0000,0.8865,-0.0981,5.22,18.86,0.522,,1,1,14.927,0.2247
35.562,0.8561,0.0000,0.8838,-0.1126,5.23,18.85,0.523,,1,1,14.927,0.2247
35.594,0.8635,0.0000,0.8867,-0.1065,5.25,18.84,0.522,,1,1,14.927,0.2247
35.626,0.8682,0.0000,0.8826,-0.1040,5.24,18.85,0.525,,1,1,14.927,0.2247
35.673,0.8715,0.0000,0.8785,-0.0969,5.26,18.84,0.523,,1,1,14.927,0.2247
35.705,0.8730,0.0000,0.8780,-0.0925,5.28,18.84,0.524,,1,1,14.927,0.2247
35.737,0.8745,0.0000,0.8790,-0.0754,5.31,18.81,0.533,,1,1,14.927,0.2247
35.769,0.8749,0.0000,0.8761,-0.0434,5.32,18.78,0.532,,1,1,14.927,0.2247
35.801,0.8765,0.0000,0.8820,-0.0679,5.35,18.70,0.532,,1,1,14.927,0.2247
35.833,0.8832,0.0000,0.9048,-0.0108,5.36,18.61,0.537,,1,1,14.927,0.2247
35.865,0.8929,0.0000,0.9239,-0.0281,5.38,18.51,0.533,,1,1,14.927,0.2247
35.896,0.9041,0.0000,0.9416,-0.0057,5.39,18.43,0.529,,1,1,14.927,0.2247
35.929,0.9167,0.0000,0.9561,0.0274,5.41,18.32,0.525,,1,1,14.927,0.2247
35.962,0.9287,0.0000,0.9654,0.0355,5.42,18.24,0.528,,1,1,14.927,0.2247
35.995,0.9377,0.0093,0.9655,0.0492,5.44,18.09,0.530,,1,1,14.927,0.2247
36.026,0.9448,0.0209,0.9682,0.0599,5.43,18.01,0.531,,1,1,14.927,0.2247
36.059,0.9510,0.0194,0.9711,0.0141,5.42,17.96,0.526,,1,1,14.927,0.2247
36.089,0.9628,0.0234,1.0022,0.0370,5.43,17.92,0.475,,1,1,14.927,0.2247
36.122,0.9736,0.0355,1.0066,0.0730,5.47,17.87,0.431,,1,1,14.927,0.2247
36.152,0.9807,0.0474,1.0044,0.0874,5.50,17.85,0.444,,1,1,14.927,0.2247
36.236,1.0000,0.0504,1.0575,0.0541,5.55,17.81,0.462,,1,1,14.927,0.2247
36.265,1.0000,0.0497,1.0584,0.0473,5.54,17.84,0.467,,1,1,14.927,0.2247
36.294,1.0000,0.0479,1.0595,0.0412,5.53,17.88,0.471,,1,1,14.927,0.2247
36.323,1.0000,0.0486,1.0472,0.0512,5.54,17.91,0.474,,1,1,14.927,0.2247
36.351,1.0000,0.0501,1.0406,0.0560,5.54,17.93,0.476,,1,1,14.927,0.2247
36.380,1.0000,0.0500,1.0414,0.0497,5.54,17.97,0.476,,1,1,14.927,0.2247
36.407,1.0000,0.0523,1.0363,0.0613,5.55,18.01,0.478,,1,1,14.927,0.2247
36.435,1.0000,0.0539,1.0362,0.0595,5.55,18.03,0.478,,1,1,14.927,0.2247
36.463,1.0000,0.0570,1.0248,0.0687,5.56,18.06,0.478,,1,1,14.927,0.2247
36.493,1.0000,0.0628,1.0192,0.0827,5.56,18.08,0.485,,1,1,14.927,0.2247
36.524,1.0000,0.0692,1.0217,0.0915,5.56,18.08,0.492,,1,1,14.927,0.2247
36.554,1.0000,0.0756,1.0190,0.0971,5.56,18.11,0.494,,1,1,14.927,0.2247
36.619,1.0000,0.1020,0.9897,0.1445,5.56,18.20,0.493,,1,1,14.927,0.2247
36.650,1.0000,0.1071,0.9977,0.1243,5.54,18.22,0.489,,1,1,14.927,0.2247
36.681,1.0000,0.1099,0.9924,0.1192,5.53,18.23,0.489,,1,1,14.927,0.2247
36.713,1.0000,0.1108,0.9842,0.1136,5.50,18.30,0.485,,1,1,14.927,0.2247
36.744,0.9957,0.1175,0.9800,0.1400,5.49,18.33,0.486,,1,1,14.927,0.2247
36.794,0.9832,0.1326,0.9569,0.1640,5.46,18.43,0.481,,1,1,14.927,0.2247
36.826,0.9734,0.1304,0.9418,0.1234,5.45,18.49,0.460,,1,1,14.927,0.2247
36.851,0.9661,0.1285,0.9360,0.1205,5.44,18.54,0.447,,1,1,14.927,0.2247
36.878,0.9524,0.1428,0.8995,0.1983,5.43,18.57,0.384,,1,1,14.927,0.2247
36.903,0.9415,0.1658,0.8970,0.2601,5.44,18.56,0.359,,1,1,14.927,0.2247
36.929,0.9325,0.1827,0.8972,0.2484,5.45,18.63,0.374,,1,1,14.927,0.2247
36.957,0.9235,0.1996,0.8907,0.2600,5.47,18.62,0.380,,1,1,14.927,0.2247
37.017,0.9010,0.2309,0.8626,0.2838,5.50,18.64,0.401,,1,1,14.927,0.2247
37.050,0.8854,0.2525,0.8375,0.3176,5.52,18.65,0.409,,1,1,14.927,0.2247
37.081,0.8768,0.2536,0.8484,0.2572,5.50,18.68,0.413,,1,1,14.927,0.2247
37.112,0.8662,0.2524,0.8321,0.2487,5.49,18.75,0.416,,1,1,14.927,0.2247
37.146,0.8606,0.2433,0.8436,0.2152,5.48,18.79,0.426,,1,1,14.927,0.2247
37.176,0.8516,0.2442,0.8215,0.2471,5.47,18.87,0.431,,1,1,14.927,0.2247
37.209,0.8398,0.2485,0.8036,0.2618,5.45,18.96,0.435,,1,1,14.927,0.2247
37.240,0.8252,0.2546,0.7779,0.2748,5.42,19.03,0.437,,1,1,14.927,0.2247
37.276,0.8147,0.2585,0.7843,0.2699,5.39,19.09,0.442,,1,1,14.927,0.2247
37.306,0.8073,0.2613,0.7823,0.2713,5.37,19.14,0.442,,1,1,14.927,0.2247
37.353,0.8004,0.2663,0.7852,0.2773,5.32,19.21,0.446,,1,1,14.927,0.2247
37.383,0.7957,0.2657,0.7800,0.2638,5.29,19.25,0.447,,1,1,14.927,0.2247
37.417,0.7914,0.2695,0.7784,0.2809,5.29,19.31,0.450,,1,1,14.927,0.2247
37.450,0.7941,0.2665,0.8029,0.2566,5.27,19.34,0.455,,1,1,14.927,0.2247
37.479,0.7964,0.2650,0.8045,0.2599,5.25,19.37,0.459,,1,1,14.927,0.2247
37.512,0.7986,0.2649,0.8057,0.2647,5.23,19.39,0.458,,1,1,14.927,0.2247
37.545,0.7612,0.3171,0.6463,0.4768,5.23,19.39,0.427,,1,1,14.927,0.2247
37.577,0.7066,0.3626,0.5371,0.5043,5.22,19.36,0.319,,1,1,14.927,0.2247
37.609,0.6476,0.3908,0.4708,0.4771,5.24,19.28,0.248,,1,1,14.927,0.2247
37.642,0.5539,0.3917,0.2849,0.3943,5.23,19.21,0.270,,1,1,14.927,0.2247
37.673,0.4648,0.3907,0.2164,0.3875,5.20,19.17,0.334,,1,1,14.927,0.2247
37.706,0.3869,0.3785,0.1747,0.3399,5.13,19.14,0.401,,1,1,14.927,0.2247
37.737,0.3285,0.3565,0.1646,0.2831,5.05,19.17,0.445,,1,1,14.927,0.2247
37.768,0.2854,0.3428,0.1612,0.2955,4.98,19.20,0.464,,1,1,14.927,0.2247
37.799,0.2526,0.3295,0.1600,0.2851,4.91,19.26,0.473,,1,1,14.927,0.2247
37.832,0.2279,0.3157,0.1603,0.2724,4.83,19.32,0.473,,1,1,14.927,0.2247
37.865,0.2018,0.3072,0.1288,0.2800,4.76,19.36,0.477,,1,1,14.927,0.2247
37.897,0.1841,0.2976,0.1328,0.2668,4.71,19.41,0.479,,1,1,14.927,0.2247
37.945,0.1501,0.2773,0.0838,0.2338,4.63,19.47,0.482,,1,1,14.927,0.2247
37.976,0.1269,0.2728,0.0567,0.2580,4.58,19.51,0.486,,1,1,14.927,0.2247
38.008,0.1102,0.2649,0.0602,0.2394,4.53,19.58,0.485,,1,1,14.927,0.2247
38.041,0.0940,0.2554,0.0466,0.2253,4.47,19.62,0.487,,1,1,14.927,0.2247
38.073,0.0830,0.2444,0.0494,0.2089,4.42,19.66,0.490,,1,1,14.927,0.2247
38.106,0.0728,0.2376,0.0428,0.2165,4.38,19.69,0.490,,1,1,14.927,0.2247
38.136,0.0655,0.2292,0.0421,0.2011,4.34,19.72,0.491,,1,1,14.927,0.2247
38.169,0.0598,0.2225,0.0419,0.2010,4.30,19.75,0.491,,1,1,14.927,0.2247
38.201,0.0553,0.2181,0.0414,0.2041,4.27,19.77,0.497,,1,1,14.927,0.2247
38.231,0.0518,0.2160,0.0404,0.2089,4.23,19.78,0.497,,1,1,14.927,0.2247
38.266,0.0481,0.2128,0.0374,0.2035,4.19,19.79,0.495,,1,1,14.927,0.2247
38.299,0.0591,0.2279,0.0935,0.2759,4.15,19.86,0.478,,1,1,14.927,0.2247
38.329,0.1428,0.2929,0.4318,0.5167,4.14,19.99,0.351,,1,1,14.927,0.2247
38.361,0.2811,0.2917,0.6833,0.2879,4.16,20.15,0.347,,1,1,14.927,0.2247
38.393,0.4026,0.2959,0.7476,0.3099,4.17,20.27,0.367,,1,1,14.927,0.2247
38.426,0.4921,0.3054,0.7330,0.3352,4.19,20.38,0.403,,1,1,14.927,0.2247
38.458,0.5626,0.3020,0.7481,0.2914,4.20,20.46,0.443,,1,1,14.927,0.2247
38.505,0.6256,0.3126,0.7440,0.3359,4.19,20.57,0.470,,1,1,14.927,0.2247
38.537,0.6646,0.3177,0.7727,0.3340,4.16,20.68,0.485,,1,1,14.927,0.2247
38.568,0.6937,0.3114,0.7787,0.2902,4.13,20.77,0.498,,1,1,14.927,0.2247
38.601,0.7180,0.3019,0.7856,0.2710,4.10,20.84,0.504,,1,1,14.927,0.2247
38.633,0.7423,0.2821,0.8123,0.2168,4.09,20.86,0.513,,1,1,14.927,0.2247
38.665,0.7586,0.2711,0.8060,0.2354,4.06,20.88,0.515,,1,1,14.927,0.2247
38.697,0.7732,0.2654,0.8151,0.2473,4.02,20.90,0.519,,1,1,14.927,0.2247
38.728,0.7853,0.2546,0.8224,0.2182,3.99,20.91,0.522,,1,1,14.927,0.2247
38.761,0.7918,0.2548,0.8111,0.2557,3.95,20.96,0.523,,1,1,14.927,0.2247
38.794,0.7942,0.2552,0.8014,0.2563,3.91,21.02,0.523,,1,1,14.927,0.2247
38.825,0.7947,0.2550,0.7964,0.2544,3.88,21.07,0.524,,1,1,14.927,0.2247
38.860,0.7934,0.2536,0.7896,0.2494,3.85,21.11,0.524,,1,1,14.927,0.2247
38.889,0.7912,0.2525,0.7835,0.2488,3.82,21.14,0.526,,1,1,14.927,0.2247
38.922,0.7900,0.2500,0.7863,0.2419,3.79,21.18,0.526,,1,1,14.927,0.2247
38.953,0.7892,0.2472,0.7864,0.2379,3.77,21.23,0.527,,1,1,14.927,0.2247
38.983,0.7898,0.2431,0.7921,0.2289,3.74,21.34,0.527,,1,1,14.927,0.2247
39.069,0.7911,0.2418,0.7926,0.2402,3.69,21.54,0.531,,1,1,14.927,0.2247
39.098,0.7921,0.2385,0.7957,0.2262,3.66,21.60,0.533,,1,1,14.927,0.2247
39.125,0.7927,0.2349,0.7952,0.2207,3.65,21.64,0.533,,1,1,14.927,0.2247
39.149,0.7893,0.2365,0.7745,0.2436,3.63,21.68,0.527,,1,1,14.927,0.2247
39.175,0.7537,0.2626,0.6140,0.3658,3.63,21.71,0.434,,1,1,14.927,0.2247
39.202,0.7007,0.3205,0.5020,0.5379,3.68,21.66,0.261,,1,1,14.927,0.2247
39.228,0.6244,0.3389,0.3514,0.4080,3.74,21.55,0.247,,1,1,14.927,0.2247
39.257,0.5261,0.3437,0.2116,0.3608,3.79,21.42,0.299,,1,1,14.927,0.2247
39.294,0.4254,0.3336,0.1868,0.3062,3.83,21.29,0.317,,1,1,14.927,0.2247
39.333,0.3488,0.3259,0.1695,0.3047,3.87,21.15,0.348,,1,1,14.927,0.2247
39.368,0.2789,0.3247,0.1103,0.3212,3.90,21.01,0.379,,1,1,14.927,0.2247
39.416,0.2192,0.3194,0.1079,0.3080,3.93,20.89,0.408,,1,1,14.927,0.2247
39.448,0.1855,0.3149,0.0894,0.2999,3.94,20.80,0.423,,1,1,14.927,0.2247
39.485,0.1568,0.3253,0.0870,0.3540,3.96,20.66,0.433,,1,1,14.927,0.2247
39.513,0.1380,0.3236,0.0748,0.3172,3.96,20.53,0.443,,1,1,14.927,0.2247
39.547,0.1210,0.3147,0.0744,0.2870,3.97,20.40,0.453,,1,1,14.927,0.2247
39.576,0.1085,0.3117,0.0688,0.3010,3.97,20.31,0.459,,1,1,14.927,0.2247
39.623,0.0919,0.2985,0.0579,0.2690,3.97,20.18,0.460,,1,1,14.927,0.2247
39.656,0.0797,0.2975,0.0439,0.2945,3.95,20.07,0.471,,1,1,14.927,0.2247
39.681,0.0725,0.3014,0.0444,0.3175,3.94,19.99,0.478,,1,1,14.927,0.2247
39.706,0.0659,0.2996,0.0402,0.2922,3.93,19.91,0.479,,1,1,14.927,0.2247
39.731,0.0598,0.2975,0.0358,0.2888,3.91,19.87,0.489,,1,1,14.927,0.2247
39.758,0.0519,0.2931,0.0223,0.2753,3.88,19.84,0.491,,1,1,14.927,0.2247
39.818,0.0394,0.2746,0.0184,0.2424,3.81,19.80,0.493,,1,1,14.927,0.2247
39.847,0.0350,0.2668,0.0203,0.2394,3.76,19.80,0.495,,1,1,14.927,0.2247
39.881,0.0334,0.2562,0.0282,0.2218,3.72,19.80,0.503,,1,1,14.927,0.2247
39.913,0.0322,0.2474,0.0286,0.2203,3.69,19.81,0.501,,1,1,14.927,0.2247
39.944,0.0355,0.2439,0.0463,0.2325,3.66,19.76,0.499,,1,1,14.927,0.2247
39.977,0.1165,0.2844,0.3695,0.4138,3.65,19.79,0.422,,1,1,14.927,0.2247
40.010,0.2568,0.2951,0.6615,0.3293,3.66,19.86,0.358,,1,1,14.927,0.2247
40.041,0.3895,0.2845,0.7667,0.2488,3.68,19.95,0.377,,1,1,14.927,0.2247
40.073,0.4930,0.2805,0.7853,0.2663,3.70,20.02,0.396,,1,1,14.927,0.2247
40.107,0.5811,0.2757,0.7930,0.2615,3.70,20.13,0.429,,1,1,14.927,0.2247
40.137,0.6316,0.2787,0.7788,0.2897,3.70,20.22,0.456,,1,1,14.927,0.2247
40.169,0.6608,0.2882,0.7394,0.3189,3.69,20.32,0.470,,1,1,14.927,0.2247
40.217,0.6921,0.3044,0.7506,0.3397,3.67,20.46,0.485,,1,1,14.927,0.2247
40.248,0.7085,0.3100,0.7581,0.3291,3.67,20.52,0.496,,1,1,14.927,0.2247
40.281,0.7217,0.3085,0.7586,0.3039,3.65,20.59,0.504,,1,1,14.927,0.2247
40.314,0.7352,0.3017,0.7739,0.2802,3.63,20.62,0.509,,1,1,14.927,0.2247
40.345,0.7445,0.2959,0.7740,0.2750,3.62,20.65,0.512,,1,1,14.927,0.2247
40.377,0.7600,0.2809,0.8037,0.2345,3.59,20.68,0.514,,1,1,14.927,0.2247
40.410,0.7682,0.2725,0.7932,0.2454,3.56,20.72,0.519,,1,1,14.927,0.2247
40.442,0.7786,0.2660,0.8097,0.2450,3.54,20.77,0.518,,1,1,14.927,0.2247
40.473,0.7895,0.2578,0.8246,0.2302,3.50,20.84,0.519,,1,1,14.927,0.2247
40.505,0.7995,0.2537,0.8306,0.2401,3.48,20.89,0.519,,1,1,14.927,0.2247
40.537,0.8060,0.2531,0.8262,0.2512,3.45,20.88,0.517,,1,1,14.927,0.2247
40.569,0.8141,0.2621,0.8390,0.2909,3.44,20.91,0.480,,1,1,14.927,0.2247
40.601,0.8211,0.2866,0.8432,0.3685,3.47,20.90,0.446,,1,1,14.927,0.2247
40.633,0.8298,0.3120,0.8574,0.3933,3.51,20.83,0.434,,1,1,14.927,0.2247
40.666,0.8395,0.3338,0.8693,0.4020,3.57,20.81,0.443,,1,1,14.927,0.2247
40.697,0.8499,0.3447,0.8836,0.3805,3.62,20.80,0.449,,1,1,14.927,0.2247
40.729,0.8604,0.3514,0.8940,0.3728,3.66,20.80,0.450,,1,1,14.927,0.2247
40.777,0.8718,0.3593,0.8958,0.3761,3.73,20.74,0.450,,1,1,14.927,0.2247
40.809,0.8795,0.3628,0.9042,0.3740,3.77,20.66,0.446,,1,1,14.927,0.2247
40.842,0.8837,0.3691,0.8966,0.3890,3.82,20.60,0.437,,1,1,14.927,0.2247
40.875,0.8841,0.3833,0.8855,0.4273,3.87,20.52,0.426,,1,1,14.927,0.2247
40.905,0.8846,0.3981,0.8865,0.4487,3.92,20.45,0.427,,1,1,14.927,0.2247
40.937,0.8860,0.4173,0.8901,0.4765,3.97,20.39,0.416,,1,1,14.927,0.2247
40.969,0.8937,0.4258,0.9191,0.4532,4.00,20.31,0.407,,1,1,14.927,0.2247
41.000,0.8973,0.4394,0.9093,0.4830,4.04,20.23,0.361,,1,1,14.927,0.2247
41.034,0.8911,0.4690,0.8717,0.5569,4.09,20.13,0.273,,1,1,14.927,0.2247
41.064,0.8861,0.4973,0.8686,0.5903,4.15,20.05,0.265,,1,1,14.927,0.2247
41.097,0.8826,0.5298,0.8715,0.6261,4.23,19.95,0.292,,1,1,14.927,0.2247
41.129,0.8910,0.5365,0.9189,0.5573,4.27,19.88,0.314,,1,1,14.927,0.2247
41.161,0.9040,0.5356,0.9463,0.5329,4.30,19.82,0.331,,1,1,14.927,0.2247
41.194,0.9161,0.5405,0.9538,0.5553,4.32,19.76,0.333,,1,1,14.927,0.2247
41.227,0.9263,0.5409,0.9591,0.5423,4.32,19.73,0.344,,1,1,14.927,0.2247
41.257,0.9330,0.5422,0.9555,0.5464,4.33,19.69,0.357,,1,1,14.927,0.2247
41.293,0.9426,0.5508,0.9706,0.5758,4.31,19.65,0.363,,1,1,14.927,0.2247
41.336,0.9564,0.5586,0.9893,0.5772,4.28,19.61,0.375,,1,1,14.927,0.2247
41.371,0.9679,0.5669,1.0008,0.5909,4.25,19.55,0.385,,1,1,14.927,0.2247
41.403,0.9815,0.5721,1.0253,0.5889,4.23,19.44,0.388,,1,1,14.927,0.2247
41.433,0.9927,0.5829,1.0310,0.6197,4.20,19.30,0.394,,1,1,14.927,0.2247
41.466,1.0000,0.6013,1.0592,0.6578,4.16,19.15,0.394,,1,1,14.927,0.2247
41.498,1.0000,0.6169,1.0966,0.6678,4.13,18.97,0.390,,1,1,14.927,0.2247
41.529,1.0000,0.6345,1.0993,0.6914,4.09,18.81,0.391,,1,1,14.927,0.2247
41.561,1.0000,0.6555,1.1005,0.7216,4.03,18.62,0.386,,1,1,14.927,0.2247
41.593,1.0000,0.6694,1.1266,0.7127,3.95,18.44,0.379,,1,1,14.927,0.2247
41.627,1.0000,0.6787,1.1226,0.7063,3.84,18.29,0.381,,1,1,14.927,0.2247
41.659,1.0000,0.6882,1.1283,0.7177,3.77,18.14,0.396,,1,1,14.927,0.2247
41.689,1.0000,0.6974,1.1166,0.7283,3.68,18.01,0.402,,1,1,14.927,0.2247
41.722,1.0000,0.7045,1.1230,0.7268,3.62,17.84,0.409,,1,1,14.927,0.2247
41.753,1.0000,0.7099,1.1205,0.7274,3.54,17.70,0.414,,1,1,14.927,0.2247
41.820,1.0000,0.7529,1.0241,0.8181,3.41,17.47,0.423,,1,1,14.927,0.2247
41.849,1.0000,0.7858,0.9183,0.8989,3.34,17.42,0.428,,1,1,14.927,0.2247
41.882,0.9760,0.8136,0.8653,0.8968,3.25,17.44,0.447,,1,1,14.927,0.2247
41.929,0.9347,0.8298,0.8437,0.8648,3.15,17.34,0.448,,1,1,14.927,0.2247
41.955,0.9158,0.8359,0.8428,0.8593,3.10,17.27,0.448,,1,1,14.927,0.2247
41.979,0.8851,0.8563,0.7673,0.9352,3.04,17.26,0.457,,1,1,14.927,0.2247
42.005,0.8532,0.8784,0.7349,0.9615,2.98,17.25,0.459,,1,1,14.927,0.2247
42.031,0.8249,0.8974,0.7193,0.9695,2.92,17.28,0.456,,1,1,14.927,0.2247
42.060,0.7955,0.9128,0.6965,0.9657,2.85,17.33,0.458,,1,1,14.927,0.2247
42.089,0.7718,0.9261,0.6941,0.9713,2.79,17.36,0.462,,1,1,14.927,0.2247
42.121,0.7367,0.9366,0.6326,0.9686,2.73,17.43,0.466,,1,1,14.927,0.2247
42.153,0.6721,0.9324,0.4865,0.9194,2.68,17.41,0.462,,1,1,14.927,0.2247
42.223,0.5685,0.9162,0.4294,0.8926,2.56,17.34,0.444,,1,1,14.927,0.2247
42.248,0.5359,0.9204,0.4149,0.9376,2.52,17.30,0.440,,1,1,14.927,0.2247
42.283,0.4986,0.9288,0.3998,0.9532,2.48,17.23,0.427,,1,1,14.927,0.2247
42.313,0.4709,0.9307,0.3849,0.9371,2.44,17.27,0.426,,1,1,14.927,0.2247
42.345,0.4285,0.9196,0.3058,0.8836,2.39,17.26,0.419,,1,1,14.927,0.2247
42.377,0.3886,0.9045,0.2721,0.8540,2.35,17.23,0.420,,1,1,14.927,0.2247
42.412,0.3455,0.8933,0.2329,0.8599,2.31,17.27,0.419,,1,1,14.927,0.2247
42.442,0.3207,0.8812,0.2443,0.8392,2.28,17.29,0.421,,1,1,14.927,0.2247
42.488,0.2940,0.8572,0.2394,0.8034,2.25,17.32,0.418,,1,1,14.927,0.2247
42.522,0.2791,0.8443,0.2362,0.8043,2.24,17.32,0.413,,1,1,14.927,0.2247
42.548,0.2706,0.8375,0.2396,0.8108,2.23,17.30,0.413,,1,1,14.927,0.2247
42.575,0.2661,0.8333,0.2502,0.8178,2.23,17.29,0.412,,1,1,14.927,0.2247
42.618,0.2629,0.8292,0.2554,0.8189,2.21,17.27,0.415,,1,1,14.927,0.2247
42.649,0.2503,0.8183,0.2111,0.7833,2.20,17.25,0.418,,1,1,14.927,0.2247
42.682,0.2373,0.8040,0.1986,0.7599,2.19,17.26,0.421,,1,1,14.927,0.2247
42.712,0.2241,0.7960,0.1808,0.7690,2.21,17.27,0.422,,1,1,14.927,0.2247
42.746,0.2128,0.7874,0.1789,0.7609,2.23,17.26,0.426,,1,1,14.927,0.2247
42.777,0.2024,0.7822,0.1695,0.7653,2.25,17.22,0.425,,1,1,14.927,0.2247
42.809,0.1916,0.7791,0.1569,0.7690,2.27,17.19,0.428,,1,1,14.927,0.2247
42.842,0.1818,0.7755,0.1519,0.7643,2.28,17.17,0.428,,1,1,14.927,0.2247
42.874,0.1708,0.7677,0.1369,0.7429,2.28,17.16,0.423,,1,1,14.927,0.2247
42.906,0.1633,0.7605,0.1395,0.7370,2.29,17.15,0.423,,1,1,14.927,0.2247
42.938,0.1569,0.7544,0.1367,0.7348,2.29,17.12,0.422,,1,1,14.927,0.2247
42.971,0.1523,0.7495,0.1377,0.7339,2.30,17.09,0.419,,1,1,14.927,0.2247
43.002,0.1474,0.7489,0.1313,0.7470,2.30,17.04,0.426,,1,1,14.927,0.2247
43.048,0.1398,0.7430,0.1227,0.7295,2.30,16.97,0.428,,1,1,14.927,0.2247
43.080,0.1350,0.7308,0.1199,0.6922,2.29,16.97,0.443,,1,1,14.927,0.2247
43.113,0.1313,0.7077,0.1195,0.6355,2.27,17.01,0.448,,1,1,14.927,0.2247
43.144,0.1324,0.6935,0.1361,0.6477,2.23,17.11,0.471,,1,1,14.927,0.2247
43.176,0.1332,0.6795,0.1356,0.6350,2.19,17.20,0.475,,1,1,14.927,0.2247
43.209,0.1374,0.6616,0.1511,0.6065,2.14,17.26,0.474,,1,1,14.927,0.2247
43.240,0.1427,0.6433,0.1605,0.5842,2.10,17.33,0.479,,1,1,14.927,0.2247
43.274,0.1446,0.6231,0.1508,0.5621,2.03,17.43,0.487,,1,1,14.927,0.2247
43.305,0.1452,0.6096,0.1473,0.5674,1.97,17.51,0.496,,1,1,14.927,0.2247
43.336,0.1467,0.6000,0.1518,0.5691,1.92,17.57,0.500,,1,1,14.927,0.2247
43.368,0.1464,0.5908,0.1454,0.5609,1.86,17.62,0.504,,1,1,14.927,0.2247
43.401,0.1477,0.5777,0.1516,0.5386,1.82,17.70,0.506,,1,1,14.927,0.2247
43.433,0.1470,0.5691,0.1447,0.5416,1.79,17.78,0.510,,1,1,14.927,0.2247
43.465,0.1470,0.5634,0.1470,0.5450,1.78,17.85,0.513,,1,1,14.927,0.2247
43.495,0.1449,0.5583,0.1377,0.5413,1.76,17.91,0.520,,1,1,14.927,0.2247
43.528,0.1408,0.5534,0.1277,0.5386,1.74,17.97,0.521,,1,1,14.927,0.2247
43.559,0.1335,0.5504,0.1088,0.5402,1.71,17.99,0.525,,1,1,14.927,0.2247
43.611,0.1221,0.5437,0.0988,0.5304,1.64,18.08,0.521,,1,1,14.927,0.2247
43.642,0.1159,0.5395,0.0956,0.5255,1.61,18.11,0.518,,1,1,14.927,0.2247
43.673,0.1105,0.5378,0.0921,0.5321,1.58,18.10,0.521,,1,1,14.927,0.2247
43.706,0.1070,0.5343,0.0957,0.5231,1.56,18.11,0.521,,1,1,14.927,0.2247
43.737,0.1023,0.5332,0.0865,0.5295,1.52,18.14,0.521,,1,1,14.927,0.2247
43.769,0.0990,0.5335,0.0886,0.5346,1.49,18.17,0.522,,1,1,14.927,0.2247
43.801,0.0957,0.5328,0.0851,0.5307,1.46,18.19,0.521,,1,1,14.927,0.2247
43.832,0.0923,0.5306,0.0805,0.5231,1.43,18.20,0.519,,1,1,14.927,0.2247
43.866,0.0890,0.5267,0.0790,0.5145,1.40,18.24,0.519,,1,1,14.927,0.2247
43.897,0.0865,0.5244,0.0780,0.5170,1.39,18.25,0.520,,1,1,14.927,0.2247
43.929,0.0845,0.5217,0.0779,0.5124,1.37,18.23,0.521,,1,1,14.927,0.2247
43.959,0.0836,0.5188,0.0805,0.5091,1.36,18.22,0.514,,1,1,14.927,0.2247
43.991,0.1310,0.5516,0.2865,0.6606,1.39,18.15,0.307,,1,1,14.927,0.2247
44.026,0.2162,0.6004,0.4542,0.7409,1.43,18.06,0.218,,1,1,14.927,0.2247
44.058,0.2645,0.6258,0.4120,0.7066,1.48,18.02,0.270,,1,1,14.927,0.2247
44.090,0.2726,0.6401,0.2977,0.6850,1.51,18.03,0.370,,1,1,14.927,0.2247
44.120,0.2654,0.6555,0.2418,0.7064,1.52,18.07,0.458,,1,1,14.927,0.2247
44.154,0.2554,0.6738,0.2242,0.7299,1.51,18.18,0.485,,1,1,14.927,0.2247
44.201,0.2372,0.6861,0.1986,0.7116,1.48,18.45,0.506,,1,1,14.927,0.2247
44.232,0.2236,0.6951,0.1777,0.7246,1.46,18.59,0.517,,1,1,14.927,0.2247
44.265,0.2182,0.6977,0.2009,0.7057,1.44,18.73,0.518,,1,1,14.927,0.2247
44.298,0.2429,0.7149,0.3209,0.7677,1.42,18.88,0.527,,1,1,14.927,0.2247
44.331,0.2695,0.7337,0.3521,0.7916,1.40,19.00,0.529,,1,1,14.927,0.2247
44.359,0.2893,0.7391,0.3599,0.7583,1.37,19.13,0.529,,1,1,14.927,0.2247
44.393,0.3114,0.7387,0.3773,0.7375,1.34,19.31,0.536,,1,1,14.927,0.2247
44.425,0.3275,0.7364,0.3779,0.7290,1.31,19.47,0.539,,1,1,14.927,0.2247
44.458,0.3391,0.7367,0.3751,0.7377,1.30,19.62,0.539,,1,1,14.927,0.2247
44.488,0.3471,0.7451,0.3735,0.7736,1.27,19.80,0.541,,1,1,14.927,0.2247
44.522,0.3538,0.7466,0.3739,0.7513,1.25,19.92,0.545,,1,1,14.927,0.2247
44.553,0.3606,0.7470,0.3832,0.7484,1.24,20.03,0.544,,1,1,14.927,0.2247
44.616,0.3886,0.7440,0.4332,0.7392,1.18,20.37,0.542,,1,1,14.927,0.2247
44.649,0.4030,0.7392,0.4480,0.7234,1.15,20.54,0.539,,1,1,14.927,0.2247
44.682,0.4200,0.7268,0.4739,0.6856,1.13,20.63,0.537,,1,1,14.927,0.2247
44.713,0.4399,0.7087,0.5023,0.6496,1.12,20.72,0.539,,1,1,14.927,0.2247
44.761,0.4567,0.6916,0.4918,0.6549,1.11,20.85,0.539,,1,1,14.927,0.2247
44.793,0.4630,0.6838,0.4829,0.6587,1.11,20.88,0.539,,1,1,14.927,0.2247
44.821,0.4661,0.6812,0.4776,0.6711,1.11,20.87,0.539,,1,1,14.927,0.2247
44.846,0.4681,0.6795,0.4764,0.6724,1.12,20.89,0.541,,1,1,14.927,0.2247
44.873,0.4701,0.6803,0.4777,0.6837,1.12,20.91,0.540,,1,1,14.927,0.2247
44.900,0.4722,0.6809,0.4800,0.6829,1.14,20.93,0.538,,1,1,14.927,0.2247
44.926,0.4716,0.6789,0.4694,0.6709,1.14,20.97,0.527,,1,1,14.927,0.2247
44.954,0.4800,0.6893,0.5123,0.7304,1.20,20.97,0.245,,1,1,14.927,0.2247
45.018,0.5133,0.6834,0.5659,0.6738,1.39,21.02,0.227,,1,1,14.927,0.2247
45.049,0.5217,0.6826,0.5490,0.6798,1.46,21.05,0.249,,1,1,14.927,0.2247
45.081,0.5199,0.6842,0.5141,0.6895,1.51,21.15,0.377,,1,1,14.927,0.2247
45.112,0.5164,0.6757,0.5046,0.6468,1.53,21.27,0.461,,1,1,14.927,0.2247
45.144,0.5126,0.6654,0.5005,0.6321,1.55,21.39,0.497,,1,1,14.927,0.2247
45.177,0.5081,0.6565,0.4934,0.6277,1.55,21.48,0.516,,1,1,14.927,0.2247
45.208,0.5016,0.6473,0.4800,0.6175,1.53,21.55,0.516,,1,1,14.927,0.2247
45.240,0.4955,0.6404,0.4751,0.6179,1.52,21.61,0.524,,1,1,14.927,0.2247
45.273,0.4885,0.6344,0.4658,0.6152,1.51,21.69,0.527,,1,1,14.927,0.2247
45.321,0.4749,0.6320,0.4455,0.6268,1.58,21.77,0.542,,1,1,14.927,0.2247
45.353,0.4631,0.6240,0.4250,0.5980,1.62,21.83,0.533,,1,1,14.927,0.2247
45.381,0.4525,0.6146,0.4114,0.5780,1.65,21.88,0.523,,1,1,14.927,0.2247
45.417,0.4314,0.5981,0.3729,0.5523,1.74,21.97,0.527,,1,1,14.927,0.2247
45.449,0.4150,0.5812,0.3635,0.5279,1.82,22.03,0.526,,1,1,14.927,0.2247
45.479,0.4026,0.5655,0.3602,0.5125,1.90,22.05,0.535,,1,1,14.927,0.2247
45.514,0.3927,0.5473,0.3633,0.4933,1.99,22.13,0.526,,1,1,14.927,0.2247
45.545,0.3858,0.5333,0.3633,0.4887,2.10,22.19,0.523,,1,1,14.927,0.2247
45.577,0.3800,0.5191,0.3617,0.4745,2.20,22.22,0.516,,1,1,14.927,0.2247
45.609,0.3761,0.5041,0.3638,0.4572,2.28,22.25,0.519,,1,1,14.927,0.2247
45.642,0.3739,0.4900,0.3668,0.4461,2.36,22.29,0.524,,1,1,14.927,0.2247
45.673,0.3741,0.4779,0.3745,0.4398,2.45,22.32,0.527,,1,1,14.927,0.2247
45.706,0.3759,0.4740,0.3817,0.4621,2.55,22.32,0.527,,1,1,14.927,0.2247
45.737,0.3800,0.4627,0.3940,0.4258,2.63,22.35,0.525,,1,1,14.927,0.2247
45.769,0.3938,0.4228,0.4394,0.2995,2.75,22.44,0.454,,1,1,14.927,0.2247
45.801,0.4325,0.3919,0.5590,0.2956,2.93,22.47,0.298,,1,1,14.927,0.2247
45.832,0.4874,0.3258,0.6627,0.1242,3.08,22.49,0.333,,1,1,14.927,0.2247
45.881,0.5426,0.2708,0.6563,0.1611,3.21,22.57,0.428,,1,1,14.927,0.2247
45.913,0.5733,0.2374,0.6629,0.1429,3.29,22.59,0.488,,1,1,14.927,0.2247
45.944,0.5872,0.2221,0.6329,0.1729,3.35,22.58,0.524,,1,1,14.927,0.2247
45.977,0.5991,0.2089,0.6340,0.1710,3.38,22.55,0.532,,1,1,14.927,0.2247
46.008,0.6120,0.1941,0.6533,0.1479,3.42,22.50,0.534,,1,1,14.927,0.2247
46.041,0.6206,0.1845,0.6462,0.1563,3.45,22.45,0.529,,1,1,14.927,0.2247
46.072,0.6096,0.2014,0.5736,0.2558,3.47,22.41,0.525,,1,1,14.927,0.2247
46.104,0.5860,0.2369,0.5068,0.3562,3.49,22.37,0.523,,1,1,14.927,0.2247
46.136,0.5610,0.2721,0.4819,0.3830,3.50,22.38,0.528,,1,1,14.927,0.2247
46.169,0.5400,0.2963,0.4714,0.3748,3.52,22.37,0.528,,1,1,14.927,0.2247
46.201,0.5187,0.3159,0.4506,0.3779,3.54,22.36,0.530,,1,1,14.927,0.2247
46.234,0.4999,0.3298,0.4421,0.3724,3.57,22.34,0.534,,1,1,14.927,0.2247
46.265,0.4866,0.3382,0.4422,0.3664,3.58,22.34,0.533,,1,1,14.927,0.2247
46.298,0.4757,0.3435,0.4429,0.3597,3.59,22.36,0.535,,1,1,14.927,0.2247
46.331,0.4652,0.3579,0.4325,0.4027,3.59,22.36,0.528,,1,1,14.927,0.2247
46.361,0.4587,0.3680,0.4367,0.4020,3.60,22.35,0.530,,1,1,14.927,0.2247
46.394,0.4689,0.3480,0.5013,0.2842,3.62,22.35,0.535,,1,1,14.927,0.2247
46.426,0.4993,0.3107,0.5995,0.1890,3.64,22.29,0.530,,1,1,14.927,0.2247
46.472,0.5344,0.2692,0.6133,0.1768,3.65,22.26,0.532,,1,1,14.927,0.2247
46.505,0.5594,0.2472,0.6386,0.1780,3.66,22.27,0.532,,1,1,14.927,0.2247
46.536,0.5756,0.2343,0.6281,0.1924,3.68,22.28,0.533,,1,1,14.927,0.2247
46.572,0.5934,0.2173,0.6441,0.1693,3.69,22.26,0.532,,1,1,14.927,0.2247
46.603,0.6079,0.2023,0.6554,0.1533,3.69,22.23,0.530,,1,1,14.927,0.2247
46.632,0.6206,0.1885,0.6637,0.1415,3.69,22.21,0.530,,1,1,14.927,0.2247
46.665,0.6305,0.1739,0.6615,0.1282,3.70,22.19,0.530,,1,1,14.927,0.2247
46.698,0.6372,0.1649,0.6580,0.1375,3.70,22.17,0.532,,1,1,14.927,0.2247
46.730,0.6427,0.1554,0.6599,0.1259,3.71,22.13,0.532,,1,1,14.927,0.2247
46.761,0.6491,0.1460,0.6701,0.1155,3.72,22.07,0.532,,1,1,14.927,0.2247
46.793,0.6538,0.1402,0.6689,0.1215,3.73,22.08,0.535,,1,1,14.927,0.2247
46.824,0.6581,0.1371,0.6721,0.1272,3.74,22.04,0.536,,1,1,14.927,0.2247
46.858,0.6614,0.1334,0.6717,0.1218,3.75,21.98,0.534,,1,1,14.927,0.2247
46.889,0.6659,0.1290,0.6809,0.1144,3.77,21.92,0.539,,1,1,14.927,0.2247
46.922,0.6670,0.1346,0.6703,0.1524,3.78,21.85,0.536,,1,1,14.927,0.2247
46.952,0.6731,0.1368,0.6938,0.1445,3.80,21.81,0.536,,1,1,14.927,0.2247
46.985,0.6792,0.1382,0.6987,0.1426,3.80,21.79,0.536,,1,1,14.927,0.2247
47.067,0.6962,0.1401,0.7175,0.1425,3.80,21.67,0.539,,1,1,14.927,0.2247
47.093,0.7014,0.1406,0.7220,0.1426,3.80,21.61,0.542,,1,1,14.927,0.2247
47.120,0.7070,0.1437,0.7287,0.1557,3.80,21.56,0.541,,1,1,14.927,0.2247
47.147,0.7133,0.1447,0.7374,0.1487,3.80,21.53,0.541,,1,1,14.927,0.2247
47.174,0.7187,0.1508,0.7398,0.1750,3.81,21.49,0.539,,1,1,14.927,0.2247
47.200,0.7240,0.1473,0.7451,0.1331,3.81,21.47,0.537,,1,1,14.927,0.2247
47.225,0.7290,0.1451,0.7488,0.1362,3.81,21.45,0.535,,1,1,14.927,0.2247
47.258,0.7346,0.1445,0.7526,0.1426,3.82,21.38,0.533,,1,1,14.927,0.2247
47.291,0.7417,0.1434,0.7639,0.1397,3.83,21.30,0.531,,1,1,14.927,0.2247
47.321,0.7486,0.1427,0.7722,0.1401,3.85,21.22,0.531,,1,1,14.927,0.2247
47.353,0.7555,0.1424,0.7775,0.1417,3.86,21.14,0.530,,1,1,14.927,0.2247
47.387,0.7661,0.1518,0.7983,0.1806,3.87,21.01,0.532,,1,1,14.927,0.2247
47.448,0.7898,0.1539,0.8295,0.1575,3.88,20.80,0.522,,1,1,14.927,0.2247
47.481,0.8142,0.1563,0.8898,0.1639,3.91,20.70,0.389,,1,1,14.927,0.2247
47.512,0.8043,0.2015,0.7712,0.3507,3.98,20.54,0.206,,1,1,14.927,0.2247
47.545,0.8122,0.2046,0.8369,0.2145,4.07,20.42,0.278,,1,1,14.927,0.2247
47.592,0.8439,0.1967,0.9130,0.1792,4.21,20.26,0.305,,1,1,14.927,0.2247
47.626,0.8603,0.1970,0.9089,0.1980,4.26,20.15,0.405,,1,1,14.927,0.2247
47.653,0.8696,0.1970,0.9051,0.1968,4.28,20.08,0.437,,1,1,14.927,0.2247
47.677,0.8803,0.1892,0.9252,0.1549,4.30,19.96,0.464,,1,1,14.927,0.2247
47.702,0.8898,0.1831,0.9280,0.1574,4.32,19.78,0.486,,1,1,14.927,0.2247
47.726,0.8993,0.1815,0.9381,0.1746,4.33,19.63,0.506,,1,1,14.927,0.2247
47.754,0.9096,0.1748,0.9480,0.1489,4.33,19.52,0.511,,1,1,14.927,0.2247
47.820,0.9357,0.1569,0.9752,0.1287,4.33,19.27,0.522,,1,1,14.927,0.2247
47.850,0.9452,0.1511,0.9781,0.1304,4.32,19.13,0.524,,1,1,14.927,0.2247
47.879,0.9548,0.1500,0.9875,0.1460,4.33,18.98,0.527,,1,1,14.927,0.2247
47.913,0.9614,0.1464,0.9818,0.1352,4.33,18.82,0.529,,1,1,14.927,0.2247
47.945,0.9658,0.1434,0.9798,0.1337,4.33,18.68,0.533,,1,1,14.927,0.2247
47.977,0.9699,0.1383,0.9826,0.1216,4.33,18.55,0.532,,1,1,14.927,0.2247
48.009,0.9725,0.1312,0.9811,0.1080,4.32,18.39,0.531,,1,1,14.927,0.2247
48.041,0.9572,0.1438,0.9057,0.1863,4.31,18.24,0.525,,1,1,14.927,0.2247
48.074,0.8829,0.1876,0.6605,0.3203,4.30,18.10,0.445,,1,1,14.927,0.2247
48.107,0.7986,0.2262,0.5483,0.3454,4.34,17.79,0.299,,1,1,14.927,0.2247
48.152,0.6408,0.2351,0.3165,0.2552,4.38,17.38,0.336,,1,1,14.927,0.2247
48.184,0.5469,0.2347,0.2881,0.2335,4.39,17.12,0.368,,1,1,14.927,0.2247
48.219,0.4558,0.2229,0.2270,0.1880,4.38,17.09,0.419,,1,1,14.927,0.2247
48.249,0.3865,0.2129,0.1827,0.1769,4.36,17.16,0.441,,1,1,14.927,0.2247
48.282,0.3225,0.1967,0.1543,0.1452,4.34,17.28,0.455,,1,1,14.927,0.2247
48.312,0.2753,0.1779,0.1424,0.1144,4.32,17.40,0.469,,1,1,14.927,0.2247
48.344,0.2297,0.1649,0.1026,0.1219,4.30,17.53,0.479,,1,1,14.927,0.2247
48.376,0.1899,0.1514,0.0822,0.1087,4.29,17.62,0.483,,1,1,14.927,0.2247
48.409,0.1408,0.1486,0.0066,0.1399,4.28,17.76,0.480,,1,1,14.927,0.2247
48.441,0.0969,0.1509,-0.0255,0.1584,4.26,17.96,0.488,,1,1,14.927,0.2247
48.474,0.0641,0.1416,-0.0230,0.1129,4.24,18.09,0.491,,1,1,14.927,0.2247
48.504,0.0363,0.1377,-0.0474,0.1243,4.22,18.22,0.491,,1,1,14.927,0.2247
48.537,0.0134,0.1323,-0.0581,0.1152,4.19,18.39,0.493,,1,1,14.927,0.2247
48.569,0.0000,0.1283,-0.0626,0.1152,4.19,18.51,0.495,,1,1,14.927,0.2247
48.602,0.0000,0.1238,-0.0663,0.1095,4.17,18.72,0.496,,1,1,14.927,0.2247
48.633,0.0000,0.1164,-0.0545,0.0923,4.14,18.91,0.498,,1,1,14.927,0.2247
48.666,0.0000,0.1111,-0.0505,0.0944,4.13,19.04,0.498,,1,1,14.927,0.2247
48.697,0.0000,0.1101,-0.0473,0.1066,4.12,19.15,0.498,,1,1,14.927,0.2247
48.745,0.0000,0.1117,-0.0486,0.1152,4.12,19.29,0.491,,1,1,14.927,0.2247
48.777,0.0000,0.1266,-0.0343,0.1755,4.14,19.30,0.397,,1,1,14.927,0.2247
48.808,0.0143,0.2435,0.1902,0.6093,4.24,19.21,0.233,,1,1,14.927,0.2247
48.841,0.0616,0.3409,0.2110,0.6201,4.33,19.15,0.211,,1,1,14.927,0.2247
48.873,0.0913,0.4008,0.1851,0.5723,4.41,19.10,0.271,,1,1,14.927,0.2247
48.905,0.1105,0.4397,0.1705,0.5505,4.46,19.07,0.316,,1,1,14.927,0.2247
48.936,0.1205,0.4626,0.1530,0.5306,4.52,19.08,0.339,,1,1,14.927,0.2247
48.969,0.1238,0.4743,0.1338,0.5077,4.56,19.09,0.349,,1,1,14.927,0.2247
49.001,0.1176,0.4713,0.0971,0.4619,4.60,19.10,0.357,,1,1,14.927,0.2247
49.033,0.1111,0.4646,0.0900,0.4444,4.62,19.13,0.361,,1,1,14.927,0.2247
49.065,0.1073,0.4618,0.0952,0.4532,4.65,19.17,0.360,,1,1,14.927,0.2247
49.099,0.1026,0.4660,0.0879,0.4785,4.68,19.20,0.369,,1,1,14.927,0.2247
49.130,0.0992,0.4700,0.0870,0.4833,4.71,19.22,0.372,,1,1,14.927,0.2247
49.162,0.1018,0.4851,0.1101,0.5311,4.75,19.21,0.381,,1,1,14.927,0.2247
49.192,0.1044,0.5002,0.1137,0.5497,4.79,19.20,0.382,,1,1,14.927,0.2247
49.224,0.1071,0.5121,0.1160,0.5500,4.83,19.18,0.376,,1,1,14.927,0.2247
49.258,0.1117,0.5292,0.1259,0.5800,4.86,19.17,0.382,,1,1,14.927,0.2247
49.304,0.1161,0.5521,0.1260,0.6017,4.89,19.15,0.379,,1,1,14.927,0.2247
49.338,0.1187,0.5645,0.1274,0.6032,4.89,19.15,0.373,,1,1,14.927,0.2247
49.371,0.1191,0.5757,0.1203,0.6086,4.90,19.19,0.371,,1,1,14.927,0.2247
49.402,0.1142,0.5751,0.0974,0.5731,4.91,19.22,0.365,,1,1,14.927,0.2247
49.432,0.1117,0.5798,0.1028,0.5954,4.92,19.28,0.363,,1,1,14.927,0.2247
49.466,0.1108,0.5800,0.1080,0.5806,4.95,19.33,0.340,,1,1,14.927,0.2247
49.496,0.1094,0.5742,0.1045,0.5544,4.95,19.41,0.348,,1,1,14.927,0.2247
49.529,0.1030,0.5652,0.0820,0.5359,4.95,19.48,0.348,,1,1,14.927,0.2247
49.559,0.0917,0.5538,0.0534,0.5146,4.91,19.53,0.354,,1,1,14.927,0.2247
49.592,0.0808,0.5480,0.0459,0.5291,4.89,19.54,0.351,,1,1,14.927,0.2247
49.625,0.0687,0.5475,0.0311,0.5460,4.86,19.56,0.356,,1,1,14.927,0.2247
49.658,0.0599,0.5489,0.0320,0.5533,4.83,19.61,0.356,,1,1,14.927,0.2247
49.691,0.0470,0.5518,0.0077,0.5609,4.81,19.62,0.359,,1,1,14.927,0.2247
49.722,0.0363,0.5549,0.0004,0.5658,4.80,19.62,0.361,,1,1,14.927,0.2247
49.753,0.0287,0.5575,0.0037,0.5664,4.78,19.65,0.361,,1,1,14.927,0.2247
49.817,0.0175,0.5578,-0.0008,0.5582,4.73,19.71,0.367,,1,1,14.927,0.2247
49.865,0.0140,0.5652,0.0064,0.5816,4.71,19.76,0.365,,1,1,14.927,0.2247
49.898,0.0145,0.5704,0.0163,0.5866,4.70,19.78,0.368,,1,1,14.927,0.2247
49.924,0.0163,0.5735,0.0232,0.5860,4.69,19.79,0.369,,1,1,14.927,0.2247
49.950,0.0189,0.5738,0.0296,0.5748,4.68,19.79,0.364,,1,1,14.927,0.2247
49.975,0.0231,0.5714,0.0410,0.5616,4.68,19.81,0.364,,1,1,14.927,0.2247
50.001,0.0317,0.5780,0.0660,0.6040,4.67,19.82,0.368,,1,1,14.927,0.2247
50.028,0.0373,0.5808,0.0590,0.5916,4.67,19.83,0.367,,1,1,14.927,0.2247
50.056,0.0448,0.5821,0.0731,0.5871,4.67,19.85,0.363,,1,1,14.927,0.2247
50.089,0.0562,0.5759,0.0927,0.5555,4.67,19.88,0.367,,1,1,14.927,0.2247
50.121,0.0650,0.5695,0.0935,0.5485,4.65,19.92,0.366,,1,1,14.927,0.2247
50.151,0.0727,0.5618,0.0993,0.5346,4.65,19.95,0.365,,1,1,14.927,0.2247
50.185,0.0805,0.5599,0.1044,0.5541,4.63,19.98,0.364,,1,1,14.927,0.2247
50.250,0.0918,0.5650,0.1097,0.5733,4.62,19.93,0.360,,1,1,14.927,0.2247
50.282,0.0957,0.5692,0.1086,0.5831,4.62,19.94,0.364,,1,1,14.927,0.2247
50.312,0.0986,0.5727,0.1088,0.5852,4.62,20.00,0.366,,1,1,14.927,0.2247
50.345,0.1002,0.5776,0.1051,0.5932,4.61,20.06,0.370,,1,1,14.927,0.2247
50.379,0.0998,0.5894,0.0988,0.6252,4.61,20.11,0.378,,1,1,14.927,0.2247
50.409,0.0990,0.5975,0.0961,0.6264,4.61,20.13,0.372,,1,1,14.927,0.2247
50.457,0.0962,0.6153,0.0901,0.6533,4.59,20.07,0.370,,1,1,14.927,0.2247
50.483,0.0940,0.6250,0.0851,0.6631,4.57,20.04,0.369,,1,1,14.927,0.2247
50.510,0.0917,0.6318,0.0821,0.6587,4.56,20.02,0.366,,1,1,14.927,0.2247
50.535,0.0879,0.6336,0.0727,0.6406,4.56,19.99,0.366,,1,1,14.927,0.2247
50.560,0.0858,0.6329,0.0767,0.6301,4.56,19.95,0.365,,1,1,14.927,0.2247
50.619,0.0797,0.6352,0.0689,0.6392,4.51,19.95,0.366,,1,1,14.927,0.2247
50.649,0.0780,0.6312,0.0718,0.6169,4.50,19.93,0.367,,1,1,14.927,0.2247
50.681,0.0774,0.6300,0.0756,0.6262,4.50,19.88,0.364,,1,1,14.927,0.2247
50.712,0.0758,0.6270,0.0704,0.6169,4.50,19.83,0.363,,1,1,14.927,0.2247
50.745,0.0726,0.6224,0.0625,0.6078,4.50,19.77,0.361,,1,1,14.927,0.2247
50.779,0.0681,0.6167,0.0539,0.5984,4.49,19.71,0.358,,1,1,14.927,0.2247
50.808,0.0616,0.6069,0.0385,0.5721,4.48,19.67,0.358,,1,1,14.927,0.2247
50.841,0.0564,0.6023,0.0398,0.5878,4.48,19.62,0.361,,1,1,14.927,0.2247
50.873,0.0523,0.5998,0.0389,0.5914,4.48,19.62,0.359,,1,1,14.927,0.2247
50.907,0.0483,0.5958,0.0357,0.5829,4.49,19.62,0.355,,1,1,14.927,0.2247
50.937,0.0441,0.5914,0.0296,0.5764,4.50,19.61,0.356,,1,1,14.927,0.2247
50.969,0.0400,0.5891,0.0273,0.5817,4.51,19.62,0.356,,1,1,14.927,0.2247
51.016,0.0459,0.6071,0.0590,0.6480,4.51,19.55,0.347,,1,1,14.927,0.2247
51.050,0.0490,0.6124,0.0589,0.6293,4.50,19.55,0.348,,1,1,14.927,0.2247
51.081,0.0460,0.6085,0.0355,0.5949,4.48,19.56,0.347,,1,1,14.927,0.2247
51.113,0.0483,0.6126,0.0559,0.6260,4.47,19.57,0.335,,1,1,14.927,0.2247
51.145,0.0681,0.6291,0.1337,0.6834,4.47,19.49,0.278,,1,1,14.927,0.2247
51.176,0.1277,0.6586,0.3196,0.7555,4.51,19.36,0.112,,1,1,14.927,0.2247
51.208,0.1729,0.6809,0.3113,0.7512,4.55,19.21,0.081,,1,1,14.927,0.2247
51.241,0.1981,0.7056,0.2738,0.7817,4.61,19.08,0.123,,1,1,14.927,0.2247
51.273,0.2238,0.7368,0.3019,0.8331,4.66,18.95,0.143,,1,1,14.927,0.2247
51.303,0.2222,0.7333,0.2171,0.7219,4.69,18.82,0.185,,1,1,14.927,0.2247
51.336,0.2113,0.7273,0.1779,0.7089,4.72,18.71,0.216,,1,1,14.927,0.2247
51.373,0.1812,0.7222,0.0961,0.7078,4.73,18.62,0.249,,1,1,14.927,0.2247
51.400,0.1647,0.7202,0.0998,0.7126,4.73,18.55,0.258,,1,1,14.927,0.2247
51.435,0.1499,0.7039,0.1050,0.6543,4.73,18.50,0.261,,1,1,14.927,0.2247
51.466,0.1358,0.6920,0.0881,0.6514,4.71,18.48,0.277,,1,1,14.927,0.2247
51.498,0.1225,0.6783,0.0794,0.6335,4.69,18.50,0.285,,1,1,14.927,0.2247
51.529,0.1048,0.6627,0.0463,0.6105,4.67,18.48,0.290,,1,1,14.927,0.2247
51.577,0.0860,0.6450,0.0462,0.6071,4.61,18.52,0.298,,1,1,14.927,0.2247
51.611,0.0776,0.6359,0.0526,0.6085,4.58,18.55,0.302,,1,1,14.927,0.2247
51.642,0.0683,0.6255,0.0366,0.5902,4.55,18.59,0.306,,1,1,14.927,0.2247
51.672,0.0678,0.6229,0.0661,0.6141,4.53,18.63,0.306,,1,1,14.927,0.2247
51.706,0.0820,0.6398,0.1253,0.6918,4.50,18.70,0.310,,1,1,14.927,0.2247
51.739,0.0989,0.6543,0.1544,0.7020,4.48,18.76,0.309,,1,1,14.927,0.2247
51.771,0.1154,0.6772,0.1690,0.7511,4.47,18.77,0.312,,1,1,14.927,0.2247
51.802,0.1297,0.7038,0.1779,0.7916,4.47,18.78,0.309,,1,1,14.927,0.2247
51.833,0.1398,0.7251,0.1732,0.7951,4.47,18.77,0.308,,1,1,14.927,0.2247
51.864,0.1467,0.7398,0.1704,0.7887,4.46,18.78,0.311,,1,1,14.927,0.2247
51.897,0.1502,0.7504,0.1611,0.7824,4.44,18.79,0.313,,1,1,14.927,0.2247
51.930,0.1524,0.7571,0.1592,0.7783,4.41,18.83,0.317,,1,1,14.927,0.2247
51.960,0.1544,0.7617,0.1613,0.7769,4.39,18.87,0.315,,1,1,14.927,0.2247
51.993,0.1567,0.7639,0.1638,0.7706,4.38,18.90,0.316,,1,1,14.927,0.2247
52.025,0.1577,0.7649,0.1612,0.7681,4.38,18.92,0.319,,1,1,14.927,0.2247
52.059,0.1575,0.7526,0.1566,0.7128,4.37,18.92,0.319,,1,1,14.927,0.2247
52.089,0.1577,0.7443,0.1585,0.7168,4.34,18.90,0.321,,1,1,14.927,0.2247
52.136,0.1598,0.7406,0.1644,0.7323,4.34,18.85,0.321,,1,1,14.927,0.2247
52.169,0.1608,0.7338,0.1643,0.7117,4.34,18.82,0.319,,1,1,14.927,0.2247
52.201,0.1620,0.7278,0.1657,0.7082,4.34,18.80,0.323,,1,1,14.927,0.2247
52.233,0.1612,0.7219,0.1587,0.7026,4.33,18.79,0.348,,1,1,14.927,0.2247
52.264,0.1577,0.7061,0.1457,0.6540,4.32,18.81,0.395,,1,1,14.927,0.2247
52.296,0.1784,0.7023,0.2471,0.6898,4.28,18.87,0.436,,1,1,14.927,0.2247
52.328,0.2341,0.7129,0.4064,0.7472,4.24,19.00,0.442,,1,1,14.927,0.2247
52.361,0.2903,0.7266,0.4576,0.7705,4.18,19.22,0.434,,1,1,14.927,0.2247
52.393,0.3287,0.7302,0.4519,0.7428,4.15,19.34,0.436,,1,1,14.927,0.2247
52.426,0.3648,0.7374,0.4647,0.7593,4.11,19.50,0.439,,1,1,14.927,0.2247
52.456,0.3892,0.7390,0.4671,0.7443,4.07,19.62,0.435,,1,1,14.927,0.2247
52.489,0.4097,0.7460,0.4702,0.7686,4.03,19.75,0.437,,1,1,14.927,0.2247
52.523,0.4244,0.7470,0.4661,0.7498,4.00,19.85,0.436,,1,1,14.927,0.2247
52.552,0.4336,0.7488,0.4645,0.7555,3.98,19.94,0.437,,1,1,14.927,0.2247
52.619,0.4445,0.7493,0.4606,0.7501,3.95,20.10,0.440,,1,1,14.927,0.2247
52.649,0.4474,0.7490,0.4573,0.7480,3.94,20.19,0.437,,1,1,14.927,0.2247
52.681,0.4454,0.7504,0.4390,0.7549,3.92,20.30,0.439,,1,1,14.927,0.2247
52.729,0.4447,0.7565,0.4430,0.7699,3.89,20.46,0.438,,1,1,14.927,0.2247
52.754,0.4446,0.7599,0.4442,0.7743,3.88,20.52,0.439,,1,1,14.927,0.2247
52.779,0.4448,0.7630,0.4459,0.7754,3.87,20.59,0.438,,1,1,14.927,0.2247
52.806,0.4454,0.7654,0.4476,0.7750,3.85,20.66,0.439,,1,1,14.927,0.2247
52.830,0.4437,0.7645,0.4365,0.7605,3.83,20.74,0.438,,1,1,14.927,0.2247
52.859,0.4428,0.7624,0.4394,0.7546,3.81,20.84,0.437,,1,1,14.927,0.2247
52.889,0.4425,0.7583,0.4416,0.7440,3.80,20.95,0.432,,1,1,14.927,0.2247
52.922,0.4413,0.7518,0.4370,0.7300,3.80,21.06,0.430,,1,1,14.927,0.2247
52.954,0.4404,0.7427,0.4375,0.7144,3.78,21.19,0.431,,1,1,14.927,0.2247
52.985,0.4386,0.7465,0.4327,0.7591,3.77,21.26,0.425,,1,1,14.927,0.2247
53.048,0.5029,0.6917,0.6079,0.6019,3.76,21.33,0.472,,1,1,14.927,0.2247
53.080,0.5325,0.6759,0.6262,0.6251,3.75,21.38,0.490,,1,1,14.927,0.2247
53.113,0.5605,0.6635,0.6455,0.6250,3.75,21.39,0.507,,1,1,14.927,0.2247
53.146,0.5819,0.6558,0.6484,0.6311,3.75,21.37,0.515,,1,1,14.927,0.2247
53.178,0.5959,0.6482,0.6392,0.6243,3.74,21.36,0.517,,1,1,14.927,0.2247
53.209,0.6047,0.6432,0.6329,0.6269,3.73,21.33,0.515,,1,1,14.927,0.2247
53.241,0.6117,0.6380,0.6338,0.6211,3.72,21.32,0.513,,1,1,14.927,0.2247
53.289,0.6261,0.6179,0.6563,0.5750,3.71,21.30,0.520,,1,1,14.927,0.2247
53.322,0.6349,0.6066,0.6626,0.5709,3.70,21.33,0.516,,1,1,14.927,0.2247
53.354,0.6419,0.5976,0.6637,0.5693,3.69,21.36,0.514,,1,1,14.927,0.2247
53.383,0.6467,0.5921,0.6635,0.5727,3.67,21.40,0.512,,1,1,14.927,0.2247
53.419,0.6498,0.5903,0.6590,0.5852,3.64,21.43,0.511,,1,1,14.927,0.2247
53.449,0.6526,0.5886,0.6617,0.5828,3.62,21.46,0.510,,1,1,14.927,0.2247
53.482,0.6597,0.5830,0.6818,0.5654,3.61,21.47,0.507,,1,1,14.927,0.2247
53.514,0.6741,0.5692,0.7205,0.5246,3.60,21.48,0.506,,1,1,14.927,0.2247
53.544,0.6965,0.5611,0.7710,0.5339,3.59,21.40,0.506,,1,1,14.927,0.2247
53.576,0.7153,0.5533,0.7755,0.5278,3.59,21.30,0.503,,1,1,14.927,0.2247
53.607,0.7306,0.5466,0.7798,0.5246,3.58,21.24,0.504,,1,1,14.927,0.2247
53.640,0.7412,0.5513,0.7736,0.5662,3.58,21.19,0.507,,1,1,14.927,0.2247
53.673,0.7515,0.5569,0.7833,0.5748,3.58,21.14,0.507,,1,1,14.927,0.2247
53.705,0.7633,0.5537,0.8001,0.5434,3.58,21.07,0.505,,1,1,14.927,0.2247
53.738,0.7703,0.5547,0.7916,0.5577,3.57,21.02,0.504,,1,1,14.927,0.2247
53.769,0.7753,0.5565,0.7917,0.5627,3.56,20.97,0.501,,1,1,14.927,0.2247
53.800,0.7784,0.5624,0.7887,0.5828,3.55,20.92,0.502,,1,1,14.927,0.2247
53.849,0.7827,0.5676,0.7918,0.5789,3.57,20.91,0.502,,1,1,14.927,0.2247
53.879,0.7855,0.5696,0.7948,0.5766,3.57,20.90,0.502,,1,1,14.927,0.2247
53.912,0.7887,0.5730,0.7989,0.5837,3.55,20.85,0.495,,1,1,14.927,0.2247
53.945,0.7914,0.5761,0.7997,0.5862,3.55,20.79,0.490,,1,1,14.927,0.2247
53.977,0.7935,0.5825,0.8003,0.6037,3.54,20.73,0.489,,1,1,14.927,0.2247
54.009,0.7905,0.5965,0.7809,0.6419,3.54,20.68,0.486,,1,1,14.927,0.2247
54.040,0.7885,0.6056,0.7818,0.6365,3.55,20.62,0.481,,1,1,14.927,0.2247
54.073,0.7879,0.6126,0.7857,0.6351,3.56,20.59,0.475,,1,1,14.927,0.2247
54.107,0.7876,0.6146,0.7866,0.6206,3.56,20.56,0.475,,1,1,14.927,0.2247
54.138,0.7914,0.6111,0.8045,0.5993,3.56,20.51,0.473,,1,1,14.927,0.2247
54.169,0.7968,0.6104,0.8153,0.6081,3.57,20.45,0.470,,1,1,14.927,0.2247
54.202,0.8013,0.6103,0.8153,0.6100,3.58,20.39,0.464,,1,1,14.927,0.2247
54.232,0.8043,0.6107,0.8150,0.6122,3.58,20.37,0.456,,1,1,14.927,0.2247
54.266,0.8166,0.5948,0.8543,0.5452,3.57,20.41,0.447,,1,1,14.927,0.2247
54.295,0.8257,0.5784,0.8580,0.5194,3.56,20.45,0.441,,1,1,14.927,0.2247
54.327,0.8370,0.5545,0.8729,0.4787,3.54,20.53,0.486,,1,1,14.927,0.2247
54.360,0.8378,0.5379,0.8404,0.4859,3.48,20.62,0.523,,1,1,14.927,0.2247
54.408,0.8334,0.5234,0.8240,0.4927,3.37,20.70,0.548,,1,1,14.927,0.2247
54.440,0.8310,0.5140,0.8230,0.4834,3.29,20.71,0.557,,1,1,14.927,0.2247
54.473,0.8328,0.4966,0.8385,0.4430,3.21,20.69,0.549,,1,1,14.927,0.2247
54.506,0.8368,0.4766,0.8496,0.4147,3.14,20.70,0.545,,1,1,14.927,0.2247
54.538,0.8452,0.4617,0.8718,0.4160,3.08,20.67,0.546,,1,1,14.927,0.2247
54.569,0.8500,0.4563,0.8665,0.4385,3.01,20.66,0.549,,1,1,14.927,0.2247
54.602,0.8548,0.4475,0.8699,0.4199,2.94,20.63,0.549,,1,1,14.927,0.2247
54.632,0.8584,0.4372,0.8711,0.4024,2.86,20.64,0.546,,1,1,14.927,0.2247
54.664,0.8612,0.4261,0.8701,0.3920,2.79,20.63,0.547,,1,1,14.927,0.2247
54.696,0.8621,0.4180,0.8653,0.3920,2.71,20.68,0.543,,1,1,14.927,0.2247
54.727,0.8627,0.4129,0.8644,0.3962,2.65,20.68,0.544,,1,1,14.927,0.2247
54.759,0.8623,0.4086,0.8612,0.3947,2.59,20.72,0.546,,1,1,14.927,0.2247
54.792,0.8603,0.4070,0.8536,0.4022,2.53,20.73,0.549,,1,1,14.927,0.2247
54.824,0.8572,0.4053,0.8472,0.3997,2.48,20.74,0.548,,1,1,14.927,0.2247
54.857,0.8478,0.4132,0.8177,0.4385,2.47,20.75,0.455,,1,1,14.927,0.2247
54.890,0.8063,0.4763,0.6744,0.6774,2.50,20.65,0.224,,1,1,14.927,0.2247
54.921,0.7535,0.5275,0.5868,0.6893,2.58,20.47,0.157,,1,1,14.927,0.2247
54.953,0.6354,0.5170,0.2873,0.4834,2.63,20.26,0.241,,1,1,14.927,0.2247
55.038,0.4212,0.4980,0.1889,0.4749,2.69,19.91,0.343,,1,1,14.927,0.2247
55.065,0.3648,0.4921,0.1757,0.4690,2.71,19.80,0.362,,1,1,14.927,0.2247
55.091,0.3175,0.4847,0.1550,0.4548,2.73,19.73,0.405,,1,1,14.927,0.2247
55.114,0.2814,0.4789,0.1452,0.4529,2.73,19.72,0.443,,1,1,14.927,0.2247
55.140,0.2475,0.4790,0.1317,0.4793,2.74,19.68,0.461,,1,1,14.927,0.2247
55.166,0.2132,0.4814,0.0957,0.4915,2.76,19.64,0.471,,1,1,14.927,0.2247
55.192,0.1907,0.4825,0.1119,0.4871,2.77,19.58,0.479,,1,1,14.927,0.2247
55.225,0.1688,0.4761,0.1086,0.4557,2.79,19.55,0.485,,1,1,14.927,0.2247
55.257,0.1526,0.4693,0.1063,0.4468,2.80,19.51,0.488,,1,1,14.927,0.2247
55.291,0.1390,0.4632,0.1008,0.4439,2.81,19.55,0.492,,1,1,14.927,0.2247
55.322,0.1270,0.4550,0.0908,0.4276,2.82,19.59,0.491,,1,1,14.927,0.2247
55.354,0.1126,0.4483,0.0697,0.4266,2.82,19.56,0.494,,1,1,14.927,0.2247
55.419,0.0801,0.4301,0.0315,0.4010,2.81,19.55,0.497,,1,1,14.927,0.2247
55.447,0.0660,0.4251,0.0170,0.4066,2.82,19.54,0.494,,1,1,14.927,0.2247
55.481,0.0537,0.4190,0.0180,0.4000,2.83,19.51,0.496,,1,1,14.927,0.2247
55.514,0.0463,0.4147,0.0236,0.4013,2.84,19.49,0.497,,1,1,14.927,0.2247
55.561,0.0657,0.4284,0.1087,0.4600,2.86,19.48,0.467,,1,1,14.927,0.2247
55.592,0.1526,0.4649,0.4257,0.5802,2.87,19.62,0.466,,1,1,14.927,0.2247
55.617,0.2175,0.4910,0.4793,0.6001,2.88,19.78,0.468,,1,1,14.927,0.2247
55.641,0.2915,0.5026,0.5791,0.5516,2.90,19.94,0.482,,1,1,14.927,0.2247
55.669,0.3672,0.5102,0.6107,0.5377,2.91,20.07,0.499,,1,1,14.927,0.2247
55.694,0.4300,0.5067,0.6520,0.4921,2.93,20.21,0.507,,1,1,14.927,0.2247
55.722,0.4910,0.5034,0.6811,0.4912,2.94,20.33,0.513,,1,1,14.927,0.2247
55.755,0.5329,0.5067,0.6432,0.5169,2.97,20.46,0.515,,1,1,14.927,0.2247
55.785,0.5734,0.4964,0.6961,0.4595,2.99,20.60,0.517,,1,1,14.927,0.2247
55.852,0.6402,0.4757,0.7306,0.4432,2.97,20.85,0.518,,1,1,14.927,0.2247
55.881,0.6655,0.4655,0.7448,0.4284,2.97,20.95,0.525,,1,1,14.927,0.2247
55.912,0.6840,0.4559,0.7405,0.4231,2.97,21.04,0.525,,1,1,14.927,0.2247
55.944,0.6986,0.4485,0.7405,0.4250,2.98,21.12,0.528,,1,1,14.927,0.2247
55.978,0.7094,0.4413,0.7403,0.4187,3.00,21.14,0.529,,1,1,14.927,0.2247
56.008,0.7198,0.4347,0.7523,0.4123,3.02,21.16,0.530,,1,1,14.927,0.2247
56.040,0.7300,0.4327,0.7609,0.4259,3.03,21.17,0.530,,1,1,14.927,0.2247
56.073,0.7395,0.4305,0.7686,0.4234,3.04,21.19,0.530,,1,1,14.927,0.2247
56.120,0.7537,0.4279,0.7827,0.4222,3.03,21.23,0.533,,1,1,14.927,0.2247
56.153,0.7608,0.4264,0.7828,0.4216,3.02,21.28,0.534,,1,1,14.927,0.2247
56.181,0.7655,0.4254,0.7825,0.4216,3.01,21.32,0.535,,1,1,14.927,0.2247
56.217,0.7687,0.4269,0.7773,0.4313,2.99,21.38,0.534,,1,1,14.927,0.2247
56.250,0.7695,0.4287,0.7722,0.4345,2.97,21.41,0.536,,1,1,14.927,0.2247
56.280,0.7723,0.4272,0.7817,0.4221,2.94,21.39,0.537,,1,1,14.927,0.2247
56.312,0.7752,0.4206,0.7846,0.3992,2.92,21.40,0.537,,1,1,14.927,0.2247
56.344,0.7800,0.4141,0.7957,0.3926,2.90,21.35,0.536,,1,1,14.927,0.2247
56.377,0.7856,0.4089,0.8027,0.3926,2.87,21.35,0.534,,1,1,14.927,0.2247
56.409,0.7910,0.4025,0.8085,0.3814,2.83,21.36,0.530,,1,1,14.927,0.2247
56.441,0.7981,0.3916,0.8210,0.3563,2.80,21.38,0.527,,1,1,14.927,0.2247
56.474,0.8061,0.3857,0.8314,0.3670,2.77,21.39,0.530,,1,1,14.927,0.2247
56.505,0.8220,0.3785,0.8739,0.3549,2.77,21.48,0.406,,1,1,14.927,0.2247
56.538,0.8358,0.3781,0.8800,0.3765,2.81,21.49,0.320,,1,1,14.927,0.2247
56.568,0.8545,0.3683,0.9149,0.3358,2.84,21.51,0.344,,1,1,14.927,0.2247
56.600,0.8677,0.3699,0.9099,0.3752,2.86,21.53,0.402,,1,1,14.927,0.2247
56.633,0.8801,0.3643,0.9185,0.3466,2.87,21.53,0.481,,1,1,14.927,0.2247
56.681,0.8812,0.3711,0.8833,0.3858,2.88,21.54,0.523,,1,1,14.927,0.2247
56.715,0.8816,0.3749,0.8828,0.3869,2.87,21.57,0.532,,1,1,14.927,0.2247
56.743,0.8816,0.3720,0.8818,0.3612,2.85,21.59,0.540,,1,1,14.927,0.2247
56.778,0.8816,0.3689,0.8815,0.3595,2.81,21.61,0.548,,1,1,14.927,0.2247
56.809,0.8816,0.3674,0.8814,0.3624,2.79,21.59,0.548,,1,1,14.927,0.2247
56.841,0.8810,0.3648,0.8793,0.3563,2.76,21.55,0.547,,1,1,14.927,0.2247
56.872,0.8808,0.3615,0.8802,0.3504,2.73,21.51,0.547,,1,1,14.927,0.2247
56.906,0.8805,0.3607,0.8795,0.3579,2.71,21.46,0.548,,1,1,14.927,0.2247
56.936,0.8809,0.3588,0.8824,0.3523,2.67,21.39,0.547,,1,1,14.927,0.2247
56.969,0.8821,0.3594,0.8860,0.3614,2.65,21.37,0.545,,1,1,14.927,0.2247
57.001,0.8827,0.3561,0.8844,0.3456,2.62,21.37,0.543,,1,1,14.927,0.2247
57.032,0.8822,0.3513,0.8805,0.3350,2.57,21.36,0.543,,1,1,14.927,0.2247
57.067,0.8816,0.3471,0.8800,0.3343,2.52,21.34,0.544,,1,1,14.927,0.2247
57.097,0.8818,0.3438,0.8824,0.3322,2.48,21.30,0.541,,1,1,14.927,0.2247
57.128,0.8823,0.3415,0.8839,0.3336,2.42,21.29,0.540,,1,1,14.927,0.2247
57.160,0.8798,0.3412,0.8715,0.3402,2.38,21.27,0.542,,1,1,14.927,0.2247
57.193,0.8487,0.3811,0.7500,0.5082,2.34,21.25,0.541,,1,1,14.927,0.2247
57.224,0.7894,0.4000,0.5997,0.4621,2.31,21.27,0.466,,1,1,14.927,0.2247
57.272,0.6865,0.3863,0.4803,0.3569,2.31,21.21,0.381,,1,1,14.927,0.2247
57.306,0.6118,0.3657,0.4004,0.2998,2.30,21.15,0.401,,1,1,14.927,0.2247
57.338,0.5580,0.3765,0.4003,0.4126,2.28,21.08,0.438,,1,1,14.927,0.2247
57.369,0.5410,0.3781,0.4911,0.3831,2.26,21.03,0.469,,1,1,14.927,0.2247
57.401,0.5792,0.3837,0.6954,0.4020,2.24,20.99,0.489,,1,1,14.927,0.2247
57.433,0.6321,0.3757,0.8049,0.3491,2.22,20.95,0.511,,1,1,14.927,0.2247
57.466,0.6795,0.3800,0.8298,0.3936,2.19,20.91,0.515,,1,1,14.927,0.2247
57.496,0.7119,0.3906,0.8237,0.4276,2.16,20.87,0.520,,1,1,14.927,0.2247
57.530,0.7406,0.3926,0.8287,0.3993,2.14,20.81,0.527,,1,1,14.927,0.2247
57.560,0.7657,0.3833,0.8463,0.3513,2.12,20.75,0.526,,1,1,14.927,0.2247
57.593,0.7853,0.3726,0.8445,0.3387,2.11,20.68,0.528,,1,1,14.927,0.2247
57.624,0.7996,0.3687,0.8457,0.3555,2.09,20.60,0.530,,1,1,14.927,0.2247
57.658,0.8121,0.3587,0.8484,0.3281,2.08,20.53,0.533,,1,1,14.927,0.2247
57.689,0.8213,0.3469,0.8513,0.3071,2.07,20.46,0.533,,1,1,14.927,0.2247
57.723,0.8281,0.3372,0.8483,0.3077,2.07,20.39,0.533,,1,1,14.927,0.2247
57.753,0.8335,0.3287,0.8518,0.2990,2.07,20.31,0.535,,1,1,14.927,0.2247
57.837,0.8416,0.3037,0.8514,0.2731,2.17,20.13,0.542,,1,1,14.927,0.2247
57.864,0.8453,0.2941,0.8594,0.2573,2.20,20.08,0.541,,1,1,14.927,0.2247
57.890,0.8487,0.2849,0.8630,0.2472,2.22,20.04,0.543,,1,1,14.927,0.2247
57.915,0.8511,0.2769,0.8603,0.2457,2.26,19.97,0.541,,1,1,14.927,0.2247
57.941,0.8548,0.2645,0.8701,0.2139,2.30,19.92,0.543,,1,1,14.927,0.2247
57.970,0.8581,0.2515,0.8698,0.2069,2.35,19.89,0.541,,1,1,14.927,0.2247
57.998,0.8596,0.2425,0.8654,0.2093,2.41,19.80,0.537,,1,1,14.927,0.2247
58.025,0.8611,0.2354,0.8668,0.2091,2.46,19.71,0.536,,1,1,14.927,0.2247
58.057,0.8632,0.2249,0.8698,0.1915,2.52,19.58,0.532,,1,1,14.927,0.2247
58.090,0.8659,0.2201,0.8746,0.2053,2.57,19.44,0.531,,1,1,14.927,0.2247
58.121,0.8710,0.2183,0.8879,0.2124,2.63,19.29,0.540,,1,1,14.927,0.2247
58.154,0.8786,0.2133,0.9030,0.1975,2.69,19.14,0.536,,1,1,14.927,0.2247
58.186,0.8864,0.2043,0.9113,0.1759,2.76,19.00,0.542,,1,1,14.927,0.2247
58.252,0.8888,0.2083,0.8925,0.2146,2.92,18.55,0.538,,1,1,14.927,0.2247
58.284,0.8885,0.2072,0.8876,0.2037,3.00,18.33,0.543,,1,1,14.927,0.2247
58.314,0.8880,0.2061,0.8864,0.2021,3.10,18.10,0.542,,1,1,14.927,0.2247
58.346,0.8863,0.2033,0.8804,0.1940,3.19,17.88,0.544,,1,1,14.927,0.2247
58.392,0.8800,0.2078,0.8656,0.2182,3.32,17.61,0.542,,1,1,14.927,0.2247
58.426,0.8767,0.2093,0.8661,0.2141,3.40,17.50,0.543,,1,1,14.927,0.2247
58.452,0.8747,0.2108,0.8671,0.2166,3.46,17.44,0.544,,1,1,14.927,0.2247
58.478,0.8662,0.2302,0.8307,0.3105,3.53,17.37,0.544,,1,1,14.927,0.2247
58.504,0.8169,0.2495,0.6257,0.3261,3.59,17.32,0.534,,1,1,14.927,0.2247
58.532,0.7234,0.2532,0.4090,0.2666,3.64,17.31,0.527,,1,1,14.927,0.2247
58.560,0.6239,0.2488,0.3048,0.2326,3.67,17.30,0.511,,1,1,14.927,0.2247
58.616,0.4652,0.2279,0.2138,0.1886,3.72,17.44,0.497,,1,1,14.927,0.2247
58.650,0.3859,0.2091,0.1804,0.1511,3.77,17.54,0.502,,1,1,14.927,0.2247
58.681,0.3212,0.2041,0.1350,0.1865,3.80,17.67,0.501,,1,1,14.927,0.2247
58.712,0.2705,0.1884,0.1274,0.1355,3.82,17.81,0.502,,1,1,14.927,0.2247
58.743,0.2234,0.1804,0.0930,0.1545,3.84,17.98,0.503,,1,1,14.927,0.2247
58.778,0.1811,0.1662,0.0746,0.1243,3.81,18.26,0.500,,1,1,14.927,0.2247
58.809,0.1478,0.1453,0.0499,0.0750,3.78,18.47,0.510,,1,1,14.927,0.2247
58.840,0.1113,0.1288,0.0056,0.0749,3.78,18.67,0.509,,1,1,14.927,0.2247
58.874,0.0742,0.1139,-0.0231,0.0702,3.78,18.88,0.509,,1,1,14.927,0.2247
58.906,0.0481,0.1061,-0.0270,0.0812,3.78,19.05,0.505,,1,1,14.927,0.2247
58.939,0.0283,0.0935,-0.0279,0.0542,3.79,19.18,0.510,,1,1,14.927,0.2247
58.984,0.0025,0.0850,-0.0545,0.0661,3.80,19.37,0.515,,1,1,14.927,0.2247
59.019,0.0000,0.0826,-0.0615,0.0753,3.81,19.48,0.515,,1,1,14.927,0.2247
59.049,0.0000,0.0766,-0.0645,0.0569,3.82,19.59,0.515,,1,1,14.927,0.2247
59.081,0.0000,0.0737,-0.0735,0.0642,3.83,19.68,0.517,,1,1,14.927,0.2247
59.113,0.0000,0.0731,-0.0715,0.0713,3.85,19.77,0.514,,1,1,14.927,0.2247
59.145,0.0000,0.0734,-0.0664,0.0743,3.86,19.84,0.511,,1,1,14.927,0.2247
59.176,0.0000,0.0767,-0.0680,0.0882,3.89,19.88,0.465,,1,1,14.927,0.2247
59.207,0.0000,0.0928,-0.0558,0.1466,3.97,19.80,0.331,,1,1,14.927,0.2247
59.242,0.0033,0.1959,0.1441,0.4947,4.07,19.70,0.252,,1,1,14.927,0.2247
59.274,0.0382,0.2877,0.1557,0.5676,4.17,19.61,0.253,,1,1,14.927,0.2247
59.305,0.0626,0.3514,0.1403,0.5349,4.27,19.54,0.294,,1,1,14.927,0.2247
59.336,0.0775,0.3912,0.1258,0.5074,4.36,19.51,0.321,,1,1,14.927,0.2247
59.370,0.0943,0.4276,0.1447,0.5270,4.45,19.48,0.351,,1,1,14.927,0.2247
59.401,0.1017,0.4537,0.1261,0.5332,4.50,19.48,0.356,,1,1,14.927,0.2247
59.433,0.1068,0.4791,0.1235,0.5537,4.55,19.50,0.369,,1,1,14.927,0.2247
59.464,0.1111,0.4952,0.1249,0.5437,4.60,19.50,0.376,,1,1,14.927,0.2247
59.496,0.1163,0.5133,0.1329,0.5669,4.65,19.50,0.379,,1,1,14.927,0.2247
59.544,0.1129,0.5212,0.1055,0.5378,4.72,19.50,0.378,,1,1,14.927,0.2247
59.577,0.1086,0.5231,0.0953,0.5283,4.77,19.50,0.380,,1,1,14.927,0.2247
59.610,0.1055,0.5197,0.0957,0.5095,4.83,19.48,0.378,,1,1,14.927,0.2247
59.641,0.0990,0.5064,0.0768,0.4633,4.88,19.47,0.372,,1,1,14.927,0.2247
59.672,0.0911,0.4914,0.0643,0.4413,4.93,19.50,0.365,,1,1,14.927,0.2247
59.705,0.0891,0.4826,0.0828,0.4543,4.98,19.51,0.343,,1,1,14.927,0.2247
59.738,0.0878,0.4828,0.0833,0.4836,5.02,19.52,0.334,,1,1,14.927,0.2247
59.769,0.0897,0.4946,0.0960,0.5331,5.05,19.57,0.315,,1,1,14.927,0.2247
59.803,0.1106,0.5263,0.1777,0.6257,5.12,19.57,0.203,,1,1,14.927,0.2247
59.832,0.1370,0.5652,0.2257,0.6925,5.18,19.55,0.168,,1,1,14.927,0.2247
59.864,0.1482,0.5858,0.1851,0.6521,5.23,19.55,0.196,,1,1,14.927,0.2247
59.896,0.1546,0.5854,0.1747,0.5839,5.27,19.55,0.210,,1,1,14.927,0.2247
59.929,0.1484,0.5781,0.1288,0.5555,5.31,19.59,0.223,,1,1,14.927,0.2247
59.961,0.1396,0.5561,0.1110,0.4850,5.35,19.61,0.234,,1,1,14.927,0.2247
59.991,0.1337,0.5453,0.1131,0.5079,5.38,19.65,0.242,,1,1,14.927,0.2247
60.024,0.1227,0.5470,0.0874,0.5526,5.41,19.64,0.252,,1,1,14.927,0.2247
60.057,0.1145,0.5484,0.0885,0.5529,5.43,19.56,0.254,,1,1,14.927,0.2247
60.105,0.1031,0.5490,0.0777,0.5502,5.47,19.47,0.264,,1,1,14.927,0.2247
60.138,0.0954,0.5427,0.0709,0.5226,5.48,19.43,0.261,,1,1,14.927,0.2247
60.169,0.0900,0.5395,0.0719,0.5287,5.49,19.41,0.269,,1,1,14.927,0.2247
60.202,0.0830,0.5417,0.0610,0.5486,5.51,19.44,0.271,,1,1,14.927,0.2247
60.234,0.0791,0.5456,0.0661,0.5589,5.54,19.46,0.274,,1,1,14.927,0.2247
60.265,0.0758,0.5525,0.0649,0.5754,5.58,19.47,0.274,,1,1,14.927,0.2247
60.297,0.0705,0.5588,0.0534,0.5795,5.60,19.48,0.277,,1,1,14.927,0.2247
60.329,0.0736,0.5644,0.0838,0.5828,5.61,19.52,0.266,,1,1,14.927,0.2247
60.360,0.0748,0.5682,0.0789,0.5809,5.63,19.51,0.259,,1,1,14.927,0.2247
60.393,0.0752,0.5748,0.0763,0.5954,5.63,19.52,0.261,,1,1,14.927,0.2247
60.425,0.0767,0.5770,0.0818,0.5843,5.65,19.48,0.257,,1,1,14.927,0.2247
60.457,0.0945,0.6010,0.1512,0.6759,5.68,19.48,0.258,,1,1,14.927,0.2247
60.489,0.1178,0.6270,0.1931,0.7094,5.71,19.53,0.258,,1,1,14.927,0.2247
60.521,0.1420,0.6527,0.2200,0.7340,5.73,19.59,0.260,,1,1,14.927,0.2247
60.553,0.1596,0.6749,0.2150,0.7440,5.74,19.67,0.262,,1,1,14.927,0.2247
60.617,0.1756,0.6902,0.2013,0.7143,5.78,19.81,0.265,,1,1,14.927,0.2247
60.665,0.1840,0.7126,0.2019,0.7600,5.80,19.85,0.274,,1,1,14.927,0.2247
60.696,0.1884,0.7209,0.2027,0.7476,5.83,19.84,0.278,,1,1,14.927,0.2247
60.722,0.1921,0.7237,0.2068,0.7348,5.85,19.83,0.281,,1,1,14.927,0.2247
60.747,0.1976,0.7253,0.2204,0.7319,5.87,19.82,0.280,,1,1,14.927,0.2247
60.774,0.2025,0.7264,0.2212,0.7304,5.89,19.79,0.279,,1,1,14.927,0.2247
60.800,0.2075,0.7240,0.2274,0.7147,5.90,19.79,0.281,,1,1,14.927,0.2247
60.829,0.2243,0.7200,0.2841,0.7054,5.89,19.80,0.282,,1,1,14.927,0.2247
60.858,0.2412,0.7137,0.3012,0.6904,5.89,19.81,0.289,,1,1,14.927,0.2247
60.889,0.2602,0.6971,0.3211,0.6411,5.89,19.82,0.296,,1,1,14.927,0.2247
60.921,0.2804,0.6846,0.3431,0.6442,5.88,19.83,0.296,,1,1,14.927,0.2247
60.954,0.2954,0.6779,0.3418,0.6564,5.87,19.83,0.303,,1,1,14.927,0.2247
61.018,0.3208,0.6804,0.3606,0.6844,5.81,19.90,0.304,,1,1,14.927,0.2247
61.050,0.3348,0.6853,0.3784,0.7012,5.78,19.90,0.301,,1,1,14.927,0.2247
61.080,0.3465,0.6858,0.3860,0.6876,5.74,19.86,0.305,,1,1,14.927,0.2247
61.113,0.3655,0.6886,0.4239,0.6979,5.69,19.76,0.312,,1,1,14.927,0.2247
61.144,0.3891,0.6924,0.4640,0.7050,5.64,19.65,0.314,,1,1,14.927,0.2247
61.175,0.4040,0.6947,0.4515,0.7026,5.60,19.56,0.314,,1,1,14.927,0.2247
61.209,0.4187,0.7023,0.4625,0.7261,5.57,19.45,0.316,,1,1,14.927,0.2247
61.257,0.4356,0.6992,0.4705,0.6926,5.51,19.33,0.317,,1,1,14.927,0.2247
61.287,0.4449,0.6961,0.4764,0.6851,5.48,19.28,0.315,,1,1,14.927,0.2247
61.313,0.4539,0.6998,0.4879,0.7142,5.45,19.21,0.317,,1,1,14.927,0.2247
61.340,0.4643,0.7017,0.5030,0.7091,5.43,19.12,0.317,,1,1,14.927,0.2247
61.366,0.4736,0.7037,0.5094,0.7118,5.41,19.01,0.323,,1,1,14.927,0.2247
61.416,0.5118,0.7031,0.5887,0.7018,5.35,18.99,0.322,,1,1,14.927,0.2247
61.448,0.5609,0.7042,0.7112,0.7081,5.34,18.90,0.337,,1,1,14.927,0.2247
61.482,0.6190,0.6846,0.7852,0.6227,5.33,18.80,0.375,,1,1,14.927,0.2247
61.512,0.6697,0.6578,0.8250,0.5677,5.32,18.59,0.406,,1,1,14.927,0.2247
61.545,0.7135,0.6453,0.8381,0.6064,5.30,18.32,0.413,,1,1,14.927,0.2247
61.577,0.7472,0.6406,0.8457,0.6253,5.29,18.12,0.420,,1,1,14.927,0.2247
61.610,0.7916,0.6265,0.9155,0.5834,5.26,17.92,0.422,,1,1,14.927,0.2247
61.641,0.8351,0.6127,0.9646,0.5672,5.23,17.77,0.422,,1,1,14.927,0.2247
61.674,0.8720,0.5976,0.9771,0.5502,5.20,17.57,0.435,,1,1,14.927,0.2247
61.705,0.9038,0.5835,0.9981,0.5379,5.18,17.35,0.444,,1,1,14.927,0.2247
61.737,0.9357,0.5632,1.0268,0.5004,5.16,17.15,0.452,,1,1,14.927,0.2247
61.770,0.9573,0.5574,1.0201,0.5389,5.14,17.00,0.451,,1,1,14.927,0.2247
61.816,0.9829,0.5481,1.0351,0.5281,5.12,16.77,0.449,,1,1,14.927,0.2247
61.848,0.9994,0.5386,1.0489,0.5079,5.11,16.61,0.449,,1,1,14.927,0.2247
61.883,1.0000,0.5274,1.0445,0.4944,5.10,16.46,0.452,,1,1,14.927,0.2247
61.913,1.0000,0.5262,1.0291,0.5221,5.10,16.33,0.451,,1,1,14.927,0.2247
61.944,1.0000,0.5165,1.0395,0.4848,5.09,16.16,0.446,,1,1,14.927,0.2247
61.977,1.0000,0.5015,1.0405,0.4547,5.07,15.99,0.451,,1,1,14.927,0.2247
62.009,1.0000,0.4735,1.0727,0.3866,5.02,15.94,0.475,,1,1,14.927,0.2247
62.041,1.0000,0.4375,1.1003,0.3246,4.98,15.90,0.492,,1,1,14.927,0.2247
62.074,1.0000,0.3930,1.1506,0.2615,4.94,15.82,0.497,,1,1,14.927,0.2247
62.105,1.0000,0.3633,1.1471,0.2723,4.91,15.74,0.500,,1,1,14.927,0.2247
62.139,1.0000,0.3436,1.1381,0.2874,4.86,15.69,0.505,,1,1,14.927,0.2247
62.169,1.0000,0.3249,1.1350,0.2645,4.81,15.68,0.514,,1,1,14.927,0.2247
62.201,1.0000,0.3045,1.1255,0.2408,4.74,15.67,0.526,,1,1,14.927,0.2247
62.234,1.0000,0.2863,1.1258,0.2334,4.67,15.69,0.529,,1,1,14.927,0.2247
62.265,1.0000,0.2746,1.1141,0.2374,4.60,15.71,0.533,,1,1,14.927,0.2247
62.298,1.0000,0.2677,1.0996,0.2470,4.52,15.71,0.533,,1,1,14.927,0.2247
62.329,1.0000,0.2643,1.0881,0.2534,4.45,15.69,0.538,,1,1,14.927,0.2247
62.377,1.0000,0.2588,1.0919,0.2472,4.34,15.59,0.533,,1,1,14.927,0.2247
62.410,1.0000,0.2533,1.0986,0.2365,4.27,15.44,0.529,,1,1,14.927,0.2247
62.441,1.0000,0.2488,1.1023,0.2342,4.20,15.35,0.524,,1,1,14.927,0.2247
62.472,1.0000,0.2438,1.0933,0.2277,4.12,15.29,0.524,,1,1,14.927,0.2247
62.504,1.0000,0.2427,1.0910,0.2389,4.05,15.26,0.528,,1,1,14.927,0.2247
62.537,1.0000,0.2433,1.0722,0.2451,4.00,15.19,0.528,,1,1,14.927,0.2247
62.570,1.0000,0.2564,0.9819,0.2976,3.95,15.19,0.519,,1,1,14.927,0.2247
62.601,0.9846,0.3159,0.8263,0.5105,3.98,15.21,0.327,,1,1,14.927,0.2247
62.634,0.9320,0.3680,0.7723,0.5273,4.04,15.22,0.191,,1,1,14.927,0.2247
62.665,0.8202,0.3534,0.4839,0.3056,4.09,15.18,0.252,,1,1,14.927,0.2247
62.696,0.6910,0.3289,0.3284,0.2478,4.10,15.22,0.363,,1,1,14.927,0.2247
62.727,0.5859,0.2988,0.2958,0.1965,4.09,15.29,0.451,,1,1,14.927,0.2247
62.762,0.4953,0.2775,0.2716,0.2130,4.05,15.39,0.489,,1,1,14.927,0.2247
62.794,0.4251,0.2629,0.2402,0.2161,4.00,15.52,0.504,,1,1,14.927,0.2247
62.826,0.3672,0.2559,0.2145,0.2335,3.96,15.59,0.524,,1,1,14.927,0.2247
62.857,0.3302,0.2507,0.2274,0.2336,3.93,15.62,0.523,,1,1,14.927,0.2247
62.889,0.2998,0.2438,0.2173,0.2217,3.89,15.64,0.523,,1,1,14.927,0.2247
62.937,0.2723,0.2280,0.2202,0.1940,3.84,15.72,0.522,,1,1,14.927,0.2247
62.972,0.2562,0.2188,0.2140,0.1918,3.82,15.75,0.523,,1,1,14.927,0.2247
63.002,0.2447,0.2126,0.2085,0.1909,3.80,15.84,0.522,,1,1,14.927,0.2247
63.032,0.2334,0.2083,0.1980,0.1936,3.77,15.97,0.518,,1,1,14.927,0.2247
63.065,0.2194,0.2026,0.1799,0.1851,3.75,16.06,0.521,,1,1,14.927,0.2247
63.097,0.2063,0.1978,0.1670,0.1824,3.72,16.18,0.524,,1,1,14.927,0.2247
63.129,0.1941,0.1935,0.1563,0.1792,3.71,16.28,0.525,,1,1,14.927,0.2247
63.162,0.1798,0.1884,0.1372,0.1724,3.69,16.50,0.526,,1,1,14.927,0.2247
63.194,0.1626,0.1836,0.1106,0.1683,3.68,16.68,0.528,,1,1,14.927,0.2247
63.224,0.1514,0.1787,0.1155,0.1618,3.66,16.82,0.529,,1,1,14.927,0.2247
63.257,0.1427,0.1747,0.1159,0.1618,3.65,16.91,0.527,,1,1,14.927,0.2247
63.292,0.1353,0.1667,0.1142,0.1432,3.64,16.98,0.526,,1,1,14.927,0.2247
63.321,0.1239,0.1615,0.0855,0.1434,3.63,17.03,0.521,,1,1,14.927,0.2247
63.353,0.1104,0.1538,0.0673,0.1283,3.62,17.08,0.474,,1,1,14.927,0.2247
63.417,0.1998,0.3254,0.3451,0.5945,3.83,16.87,0.199,,1,1,14.927,0.2247
63.449,0.2409,0.4117,0.3750,0.6733,3.94,16.77,0.221,,1,1,14.927,0.2247
63.482,0.2663,0.4599,0.3452,0.5994,4.03,16.70,0.264,,1,1,14.927,0.2247
63.527,0.2811,0.4975,0.3146,0.5770,4.14,16.61,0.292,,1,1,14.927,0.2247
63.560,0.2802,0.5309,0.2774,0.6281,4.20,16.57,0.321,,1,1,14.927,0.2247
63.589,0.2753,0.5586,0.2573,0.6503,4.25,16.56,0.334,,1,1,14.927,0.2247
63.615,0.2715,0.5709,0.2568,0.6153,4.27,16.58,0.343,,1,1,14.927,0.2247
63.640,0.2676,0.5809,0.2513,0.6191,4.29,16.59,0.344,,1,1,14.927,0.2247
63.669,0.2631,0.5925,0.2465,0.6314,4.32,16.60,0.358,,1,1,14.927,0.2247
63.696,0.2578,0.6015,0.2372,0.6340,4.35,16.61,0.364,,1,1,14.927,0.2247
63.723,0.2525,0.6072,0.2311,0.6283,4.38,16.63,0.364,,1,1,14.927,0.2247
63.754,0.2455,0.6137,0.2221,0.6339,4.42,16.64,0.363,,1,1,14.927,0.2247
63.818,0.2269,0.6100,0.1966,0.6041,4.49,16.59,0.358,,1,1,14.927,0.2247
63.850,0.2152,0.6032,0.1771,0.5814,4.53,16.57,0.359,,1,1,14.927,0.2247
63.884,0.2021,0.5920,0.1618,0.5574,4.56,16.60,0.364,,1,1,14.927,0.2247
63.914,0.1906,0.5878,0.1519,0.5733,4.59,16.60,0.366,,1,1,14.927,0.2247
63.945,0.1783,0.5803,0.1372,0.5544,4.63,16.59,0.365,,1,1,14.927,0.2247
63.977,0.1688,0.5757,0.1375,0.5603,4.67,16.59,0.363,,1,1,14.927,0.2247
64.009,0.1588,0.5724,0.1275,0.5616,4.70,16.61,0.359,,1,1,14.927,0.2247
64.041,0.1515,0.5702,0.1284,0.5632,4.74,16.63,0.360,,1,1,14.927,0.2247
64.089,0.1436,0.5698,0.1267,0.5690,4.79,16.66,0.360,,1,1,14.927,0.2247
64.120,0.1391,0.5667,0.1244,0.5564,4.81,16.68,0.362,,1,1,14.927,0.2247
64.147,0.1355,0.5622,0.1215,0.5445,4.82,16.71,0.363,,1,1,14.927,0.2247
64.171,0.1322,0.5613,0.1180,0.5573,4.83,16.73,0.362,,1,1,14.927,0.2247
64.216,0.1285,0.5652,0.1199,0.5743,4.86,16.76,0.364,,1,1,14.927,0.2247
64.250,0.1251,0.5689,0.1147,0.5807,4.87,16.78,0.362,,1,1,14.927,0.2247
64.282,0.1173,0.5620,0.0920,0.5391,4.88,16.80,0.362,,1,1,14.927,0.2247
64.313,0.1128,0.5504,0.0971,0.5097,4.89,16.81,0.361,,1,1,14.927,0.2247
64.343,0.1086,0.5430,0.0949,0.5185,4.90,16.84,0.362,,1,1,14.927,0.2247
64.377,0.1032,0.5382,0.0864,0.5235,4.91,16.83,0.356,,1,1,14.927,0.2247
64.409,0.1020,0.5368,0.0980,0.5320,4.92,16.79,0.353,,1,1,14.927,0.2247
64.440,0.1230,0.5636,0.1939,0.6537,4.92,16.80,0.347,,1,1,14.927,0.2247
64.475,0.2033,0.6044,0.4470,0.7307,4.93,16.94,0.355,,1,1,14.927,0.2247
64.507,0.2927,0.6003,0.5524,0.5872,4.94,17.12,0.330,,1,1,14.927,0.2247
64.538,0.3825,0.5942,0.6453,0.5740,4.96,17.27,0.335,,1,1,14.927,0.2247
64.571,0.4596,0.5816,0.6724,0.5411,4.96,17.42,0.389,,1,1,14.927,0.2247
64.602,0.5143,0.5887,0.6690,0.6122,4.96,17.59,0.416,,1,1,14.927,0.2247
64.649,0.5666,0.5888,0.6698,0.5890,4.93,17.78,0.450,,1,1,14.927,0.2247
64.680,0.6066,0.5705,0.7238,0.5084,4.90,17.85,0.464,,1,1,14.927,0.2247
64.714,0.6384,0.5591,0.7223,0.5249,4.86,17.92,0.465,,1,1,14.927,0.2247
64.745,0.6598,0.5554,0.7251,0.5427,4.82,18.00,0.471,,1,1,14.927,0.2247
64.777,0.6781,0.5525,0.7307,0.5430,4.79,18.07,0.473,,1,1,14.927,0.2247
64.811,0.7078,0.5390,0.7909,0.4972,4.75,18.11,0.477,,1,1,14.927,0.2247
64.842,0.7352,0.5049,0.8183,0.3928,4.68,18.15,0.491,,1,1,14.927,0.2247
64.875,0.7696,0.4584,0.8679,0.3180,4.58,18.20,0.515,,1,1,14.927,0.2247
64.904,0.7966,0.4205,0.8841,0.2929,4.49,18.22,0.516,,1,1,14.927,0.2247
64.936,0.8206,0.3819,0.8895,0.2686,4.40,18.23,0.521,,1,1,14.927,0.2247
64.969,0.8362,0.3573,0.8816,0.2848,4.30,18.24,0.525,,1,1,14.927,0.2247
65.001,0.8528,0.3420,0.9022,0.2958,4.21,18.22,0.526,,1,1,14.927,0.2247
65.032,0.8730,0.3331,0.9356,0.3048,4.13,18.19,0.532,,1,1,14.927,0.2247
65.067,0.8901,0.3276,0.9382,0.3120,4.05,18.15,0.531,,1,1,14.927,0.2247
65.097,0.9099,0.3241,0.9742,0.3122,3.98,18.05,0.531,,1,1,14.927,0.2247
65.129,0.9345,0.3144,1.0087,0.2844,3.90,17.94,0.534,,1,1,14.927,0.2247
65.161,0.9545,0.3011,1.0144,0.2598,3.81,17.89,0.536,,1,1,14.927,0.2247
65.193,0.9727,0.2891,1.0280,0.2514,3.74,17.84,0.534,,1,1,14.927,0.2247
65.242,0.9898,0.2757,1.0240,0.2483,3.65,17.55,0.539,,1,1,14.927,0.2247
65.274,0.9987,0.2733,1.0263,0.2657,3.61,17.38,0.542,,1,1,14.927,0.2247
65.305,1.0000,0.2718,1.0276,0.2670,3.55,17.24,0.541,,1,1,14.927,0.2247
65.339,1.0000,0.2691,1.0263,0.2609,3.51,17.11,0.541,,1,1,14.927,0.2247
65.368,1.0000,0.2659,1.0246,0.2544,3.47,16.99,0.536,,1,1,14.927,0.2247
65.402,1.0000,0.2617,1.0325,0.2492,3.42,16.84,0.532,,1,1,14.927,0.2247
65.433,1.0000,0.2605,1.0385,0.2565,3.37,16.76,0.534,,1,1,14.927,0.2247
65.466,1.0000,0.2592,1.0395,0.2551,3.31,16.70,0.534,,1,1,14.927,0.2247
65.498,1.0000,0.2579,1.0441,0.2534,3.26,16.64,0.534,,1,1,14.927,0.2247
65.530,1.0000,0.2587,1.0384,0.2616,3.21,16.59,0.533,,1,1,14.927,0.2247
65.560,1.0000,0.2598,1.0355,0.2634,3.15,16.61,0.532,,1,1,14.927,0.2247
65.593,1.0000,0.2587,1.0293,0.2554,3.10,16.56,0.532,,1,1,14.927,0.2247
65.625,1.0000,0.2585,1.0248,0.2577,3.06,16.51,0.535,,1,1,14.927,0.2247
65.657,1.0000,0.2595,1.0209,0.2630,3.02,16.45,0.536,,1,1,14.927,0.2247
65.689,1.0000,0.2617,1.0318,0.2690,2.98,16.41,0.534,,1,1,14.927,0.2247
65.720,1.0000,0.3101,0.9783,0.4716,3.02,16.30,0.269,,1,1,14.927,0.2247
65.751,0.9743,0.3948,0.8321,0.6576,3.13,16.08,0.139,,1,1,14.927,0.2247
65.801,0.9347,0.4791,0.8546,0.6401,3.28,15.99,0.252,,1,1,14.927,0.2247
65.834,0.9437,0.4644,0.9726,0.4197,3.35,16.00,0.385,,1,1,14.927,0.2247
65.865,0.9588,0.4274,1.0093,0.3056,3.39,16.07,0.493,,1,1,14.927,0.2247
65.899,0.9688,0.3842,1.0001,0.2491,3.41,16.14,0.536,,1,1,14.927,0.2247
65.929,0.9748,0.3529,0.9956,0.2464,3.42,16.14,0.557,,1,1,14.927,0.2247
65.961,0.9810,0.3245,1.0015,0.2341,3.44,16.12,0.553,,1,1,14.927,0.2247
65.993,0.9900,0.2922,1.0195,0.1909,3.45,16.11,0.549,,1,1,14.927,0.2247
66.024,0.9854,0.2777,0.9698,0.2300,3.46,16.04,0.557,,1,1,14.927,0.2247
66.055,0.9441,0.3025,0.8076,0.3839,3.48,15.99,0.549,,1,1,14.927,0.2247
66.090,0.8832,0.3434,0.7039,0.4712,3.50,15.91,0.541,,1,1,14.927,0.2247
66.121,0.8412,0.3678,0.7112,0.4474,3.51,15.82,0.545,,1,1,14.927,0.2247
66.153,0.8100,0.3809,0.7150,0.4233,3.51,15.76,0.536,,1,1,14.927,0.2247
66.219,0.7668,0.3854,0.7030,0.3924,3.51,15.65,0.543,,1,1,14.927,0.2247
66.248,0.7670,0.3684,0.7678,0.3045,3.50,15.60,0.538,,1,1,14.927,0.2247
66.284,0.7727,0.3409,0.7883,0.2622,3.50,15.56,0.537,,1,1,14.927,0.2247
66.312,0.7796,0.3225,0.8050,0.2546,3.51,15.54,0.537,,1,1,14.927,0.2247
66.361,0.7929,0.2973,0.8207,0.2452,3.53,15.44,0.535,,1,1,14.927,0.2247
66.393,0.7999,0.2856,0.8231,0.2474,3.56,15.37,0.536,,1,1,14.927,0.2247
66.420,0.8050,0.2775,0.8248,0.2468,3.59,15.32,0.536,,1,1,14.927,0.2247
66.447,0.8104,0.2704,0.8315,0.2439,3.62,15.28,0.535,,1,1,14.927,0.2247
66.474,0.8150,0.2665,0.8329,0.2519,3.64,15.31,0.534,,1,1,14.927,0.2247
66.502,0.8159,0.2651,0.8193,0.2599,3.66,15.34,0.535,,1,1,14.927,0.2247
66.530,0.7943,0.2972,0.7128,0.4204,3.67,15.37,0.537,,1,1,14.927,0.2247
66.558,0.7722,0.3233,0.6921,0.4184,3.68,15.38,0.539,,1,1,14.927,0.2247
66.616,0.7362,0.3482,0.6723,0.3930,3.71,15.38,0.540,,1,1,14.927,0.2247
66.649,0.7142,0.3658,0.6481,0.4193,3.75,15.43,0.535,,1,1,14.927,0.2247
66.682,0.6800,0.3872,0.5758,0.4535,3.80,15.47,0.542,,1,1,14.927,0.2247
66.713,0.6304,0.4019,0.4754,0.4498,3.82,15.47,0.541,,1,1,14.927,0.2247
66.745,0.5782,0.4059,0.4179,0.4189,3.84,15.47,0.536,,1,1,14.927,0.2247
66.778,0.5406,0.3909,0.4325,0.3437,3.87,15.48,0.534,,1,1,14.927,0.2247
66.809,0.5122,0.3914,0.4274,0.3933,3.91,15.48,0.527,,1,1,14.927,0.2247
66.841,0.4890,0.3855,0.4193,0.3657,3.95,15.44,0.525,,1,1,14.927,0.2247
66.872,0.4695,0.3724,0.4072,0.3264,3.99,15.41,0.526,,1,1,14.927,0.2247
66.921,0.4450,0.3572,0.3972,0.3250,4.03,15.44,0.527,,1,1,14.927,0.2247
66.953,0.4337,0.3531,0.3997,0.3396,4.06,15.52,0.528,,1,1,14.927,0.2247
66.982,0.4257,0.3516,0.3989,0.3464,4.07,15.58,0.528,,1,1,14.927,0.2247
67.017,0.4207,0.3521,0.4064,0.3534,4.09,15.65,0.524,,1,1,14.927,0.2247
67.051,0.4164,0.3489,0.4036,0.3392,4.11,15.69,0.525,,1,1,14.927,0.2247
67.081,0.4140,0.3467,0.4060,0.3391,4.15,15.70,0.528,,1,1,14.927,0.2247
67.113,0.4122,0.3449,0.4065,0.3390,4.19,15.69,0.531,,1,1,14.927,0.2247
67.143,0.4115,0.3444,0.4092,0.3425,4.25,15.65,0.529,,1,1,14.927,0.2247
67.177,0.4114,0.3460,0.4110,0.3510,4.31,15.55,0.527,,1,1,14.927,0.2247
67.210,0.4128,0.3479,0.4171,0.3540,4.34,15.41,0.525,,1,1,14.927,0.2247
67.241,0.4160,0.3497,0.4266,0.3558,4.37,15.32,0.512,,1,1,14.927,0.2247
67.274,0.4280,0.3683,0.4671,0.4282,4.43,15.27,0.366,,1,1,14.927,0.2247
67.305,0.4570,0.4098,0.5542,0.5455,4.56,15.19,0.280,,1,1,14.927,0.2247
67.337,0.4818,0.4455,0.5603,0.5559,4.68,15.14,0.319,,1,1,14.927,0.2247
67.375,0.5055,0.4762,0.5690,0.5566,4.82,15.09,0.358,,1,1,14.927,0.2247
67.405,0.5228,0.4973,0.5822,0.5679,4.93,15.06,0.392,,1,1,14.927,0.2247
67.434,0.5381,0.5105,0.5902,0.5549,5.01,14.98,0.397,,1,1,14.927,0.2247
67.465,0.5489,0.5248,0.5848,0.5711,5.07,14.93,0.401,,1,1,14.927,0.2247
67.511,0.5618,0.5513,0.5898,0.6078,5.16,14.88,0.406,,1,1,14.927,0.2247
67.545,0.5747,0.5720,0.6138,0.6331,5.21,14.81,0.374,,1,1,14.927,0.2247
67.576,0.5850,0.5906,0.6181,0.6494,5.27,14.74,0.353,,1,1,14.927,0.2247
67.608,0.5943,0.6070,0.6236,0.6573,5.32,14.72,0.352,,1,1,14.927,0.2247
67.641,0.6016,0.6209,0.6242,0.6634,5.37,14.70,0.345,,1,1,14.927,0.2247
67.672,0.6071,0.6375,0.6252,0.6910,5.42,14.65,0.361,,1,1,14.927,0.2247
67.705,0.6096,0.6508,0.6174,0.6900,5.45,14.64,0.346,,1,1,14.927,0.2247
67.742,0.6121,0.6643,0.6190,0.7010,5.48,14.62,0.352,,1,1,14.927,0.2247
67.772,0.6143,0.6742,0.6220,0.7069,5.48,14.63,0.348,,1,1,14.927,0.2247
67.804,0.6218,0.6845,0.6458,0.7169,5.49,14.63,0.345,,1,1,14.927,0.2247
67.834,0.6269,0.6939,0.6450,0.7259,5.49,14.66,0.332,,1,1,14.927,0.2247
67.865,0.6347,0.7006,0.6600,0.7220,5.49,14.66,0.334,,1,1,14.927,0.2247
67.899,0.6439,0.7086,0.6733,0.7335,5.50,14.62,0.339,,1,1,14.927,0.2247
67.931,0.6516,0.7268,0.6758,0.7828,5.51,14.58,0.348,,1,1,14.927,0.2247
67.963,0.6639,0.7402,0.7039,0.7833,5.51,14.56,0.340,,1,1,14.927,0.2247
67.999,0.6840,0.7192,0.7390,0.6611,5.45,14.61,0.406,,1,1,14.927,0.2247
68.038,0.7101,0.6660,0.7786,0.5209,5.36,14.50,0.487,,1,1,14.927,0.2247
68.076,0.7263,0.6094,0.7695,0.4573,5.25,14.56,0.510,,1,1,14.927,0.2247
68.105,0.7385,0.5654,0.7800,0.4185,5.15,14.45,0.528,,1,1,14.927,0.2247
68.137,0.7474,0.5305,0.7757,0.4235,5.08,14.42,0.522,,1,1,14.927,0.2247
68.170,0.7543,0.5038,0.7754,0.4247,5.01,14.33,0.514,,1,1,14.927,0.2247
68.201,0.7882,0.4363,0.8987,0.2279,4.93,14.29,0.517,,1,1,14.927,0.2247
68.235,0.8334,0.3696,0.9653,0.1849,4.86,14.17,0.526,,1,1,14.927,0.2247
68.265,0.8642,0.3251,0.9616,0.1918,4.84,13.95,0.530,,1,1,14.927,0.2247
68.298,0.9011,0.2700,1.0102,0.1152,4.78,13.62,0.522,,1,1,14.927,0.2247
68.329,0.9362,0.2204,1.0449,0.0750,4.73,13.33,0.514,,1,1,14.927,0.2247
68.363,0.9661,0.1885,1.0601,0.1029,4.67,13.01,0.524,,1,1,14.927,0.2247
68.393,0.9864,0.1607,1.0612,0.0767,4.62,12.52,0.527,,1,1,14.927,0.2247
68.426,1.0000,0.1273,1.0970,0.0323,4.55,11.99,0.522,,1,1,14.927,0.2247
68.457,1.0000,0.0987,1.1541,0.0105,4.50,11.62,0.514,,1,1,14.927,0.2247
68.488,1.0000,0.0756,1.1688,0.0090,4.46,11.28,0.517,,1,1,14.927,0.2247
68.521,1.0000,0.0564,1.1834,0.0009,4.41,10.80,0.517,,1,1,14.927,0.2247
68.553,1.0000,0.0439,1.1965,0.0074,4.38,10.51,0.519,,1,1,14.927,0.2247
68.586,1.0000,0.0305,1.2296,-0.0092,4.37,10.33,0.520,,1,1,14.927,0.2247
68.667,1.0000,0.0199,1.2366,0.0071,4.35,10.26,0.514,,1,1,14.927,0.2247
68.693,1.0000,0.0186,1.2357,0.0135,4.35,10.23,0.514,,1,1,14.927,0.2247
68.721,1.0000,0.0212,1.2406,0.0309,4.34,10.09,0.515,,1,1,14.927,0.2247
68.748,1.0000,0.0169,1.2587,0.0010,4.33,9.93,0.514,,1,1,14.927,0.2247
68.777,1.0000,0.0109,1.2592,-0.0102,4.30,9.66,0.516,,1,1,14.927,0.2247
68.804,1.0000,0.0092,1.2535,0.0027,4.29,9.42,0.515,,1,1,14.927,0.2247
68.834,1.0000,0.0099,1.2588,0.0122,4.27,9.12,0.518,,1,1,14.927,0.2247
68.863,1.0000,0.0078,1.2638,0.0006,4.23,8.81,0.517,,1,1,14.927,0.2247
68.893,1.0000,0.0095,1.2619,0.0154,4.20,8.48,0.525,,1,1,14.927,0.2247
68.925,1.0000,0.0115,1.2618,0.0178,4.18,8.20,0.525,,1,1,14.927,0.2247
68.955,1.0000,0.0128,1.2620,0.0175,4.19,7.99,0.524,,1,1,14.927,0.2247
69.019,1.0000,0.0076,1.2723,-0.0011,4.20,7.78,0.522,,1,1,14.927,0.2247
69.050,1.0000,0.0009,1.2620,-0.0217,4.21,7.65,0.523,,1,1,14.927,0.2247
69.083,1.0000,0.0000,1.2482,-0.0204,4.21,7.50,0.523,,1,1,14.927,0.2247
69.115,1.0000,0.0000,1.2449,-0.0209,4.22,7.39,0.521,,1,1,14.927,0.2247
69.148,1.0000,0.0000,1.2391,-0.0137,4.25,7.32,0.450,,1,1,14.927,0.2247
69.191,1.0000,0.1054,1.0683,0.3739,4.39,7.31,0.119,,1,1,14.927,0.2247
69.224,1.0000,0.2152,0.9326,0.5305,4.56,7.28,0.050,,1,1,14.927,0.2247
69.251,0.9941,0.2898,0.8899,0.5435,4.69,7.28,0.052,,1,1,14.927,0.2247
69.275,0.9598,0.3645,0.8135,0.6466,4.84,7.34,0.056,,1,1,14.927,0.2247
69.303,0.9061,0.4610,0.7212,0.7551,4.97,7.50,0.051,,1,1,14.927,0.2247
69.327,0.8536,0.5379,0.6547,0.7971,5.06,7.72,0.055,,1,1,14.927,0.2247
69.354,0.7971,0.6263,0.6053,0.8946,5.12,8.03,0.069,,1,1,14.927,0.2247
69.421,0.6542,0.7649,0.4573,0.9415,5.08,8.81,0.068,,1,1,14.927,0.2247
69.449,0.6042,0.8153,0.4457,0.9652,5.10,9.22,0.073,,1,1,14.927,0.2247
69.481,0.5580,0.8679,0.4212,1.0154,5.14,9.71,0.087,,1,1,14.927,0.2247
69.513,0.5049,0.8897,0.3625,0.9462,5.16,10.13,0.080,,1,1,14.927,0.2247
69.544,0.4758,0.9147,0.3906,0.9864,5.18,10.52,0.095,,1,1,14.927,0.2247
69.577,0.4514,0.9146,0.3828,0.9144,5.20,10.87,0.083,,1,1,14.927,0.2247
69.609,0.4356,0.9161,0.3900,0.9204,5.22,11.20,0.079,,1,1,14.927,0.2247
69.642,0.4273,0.9170,0.4035,0.9195,5.25,11.45,0.084,,1,1,14.927,0.2247
69.674,0.4257,0.9158,0.4208,0.9122,5.28,11.62,0.085,,1,1,14.927,0.2247
69.705,0.4339,0.9122,0.4603,0.9004,5.29,11.81,0.082,,1,1,14.927,0.2247
69.737,0.4535,0.9022,0.5158,0.8707,5.31,11.99,0.076,,1,1,14.927,0.2247
69.785,0.4933,0.9134,0.5769,0.9363,5.35,12.16,0.079,,1,1,14.927,0.2247
69.818,0.5142,0.9206,0.5822,0.9429,5.38,12.13,0.074,,1,1,14.927,0.2247
69.852,0.5448,0.9266,0.6395,0.9450,5.43,12.05,0.065,,1,1,14.927,0.2247
69.882,0.5727,0.9363,0.6664,0.9686,5.46,11.96,0.072,,1,1,14.927,0.2247
69.913,0.6007,0.9424,0.6925,0.9627,5.48,11.90,0.062,,1,1,14.927,0.2247
