time_s,gaze_x,gaze_y,raw_x,raw_y,pitch_deg,yaw_deg,ear,blink,face_detected,calibrated,calib_mgae_deg,calib_rmse,calib_point_idx,calib_target_x,calib_target_y,X_feat,Y_feat,loo_mgae_deg,loo_euc_cm,loo_euc_x_cm,loo_euc_y_cm,tap_target_x,tap_target_y
0.821,,,,,,,,,0,0,,,,,,,,,,,,,
0.957,,,,,,,,,0,0,,,,,,,,,,,,,
0.999,,,,,,,,,0,0,,,,,,,,,,,,,
1.059,,,,,,,,,0,0,,,,,,,,,,,,,
1.095,,,,,,,,,0,0,,,,,,,,,,,,,
1.140,,,,,,,,,0,0,,,,,,,,,,,,,
1.166,,,,,,,,,0,0,,,,,,,,,,,,,
1.194,,,,,,,,,0,0,,,,,,,,,,,,,
1.251,,,,,,,,,0,0,,,,,,,,,,,,,
1.300,,,,,,,,,0,0,,,,,,,,,,,,,
1.340,,,,,,,,,0,0,,,,,,,,,,,,,
1.366,,,,,,,,,0,0,,,,,,,,,,,,,
1.425,,,,,,,,,0,0,,,,,,,,,,,,,
1.466,,,,,,,,,0,0,,,,,,,,,,,,,
1.514,,,,,,,,,0,0,,,,,,,,,,,,,
1.582,,,,,,,,,0,0,,,,,,,,,,,,,
1.625,,,,,,,,,0,0,,,,,,,,,,,,,
1.652,,,,,,,,,0,0,,,,,,,,,,,,,
1.678,,,,,,,,,0,0,,,,,,,,,,,,,
1.726,,,,,,,,,0,0,,,,,,,,,,,,,
1.762,,,,,,,,,0,0,,,,,,,,,,,,,
1.789,,,,,,,,,0,0,,,,,,,,,,,,,
1.831,,,,,,,,,0,0,,,,,,,,,,,,,
1.881,,,,,,,,,0,0,,,,,,,,,,,,,
1.919,,,,,,,,,0,0,,,,,,,,,,,,,
1.958,,,,,,,,,0,0,,,,,,,,,,,,,
1.990,,,,,,,,,0,0,,,,,,,,,,,,,
2.045,,,,,,,,,0,0,,,,,,,,,,,,,
2.078,,,,,,,,,0,0,,,,,,,,,,,,,
2.112,,,,,,,,,0,0,,,,,,,,,,,,,
2.147,,,,,,,,,0,0,,,,,,,,,,,,,
2.197,,,,,,,,,0,0,,,,,,,,,,,,,
2.231,,,,,,,,,0,0,,,,,,,,,,,,,
2.261,,,,,,,,,0,0,,,,,,,,,,,,,
2.310,,,,,,,,,0,0,,,,,,,,,,,,,
2.340,,,,,,,,,0,0,,,,,,,,,,,,,
2.363,,,,,,,,,0,0,,,,,,,,,,,,,
2.389,,,,,,,,,0,0,,,,,,,,,,,,,
2.432,,,,,,,,,0,0,,,,,,,,,,,,,
2.469,,,,,,,,,0,0,,,,,,,,,,,,,
2.492,,,,,,,,,0,0,,,,,,,,,,,,,
2.521,,,,,,,,,0,0,,,,,,,,,,,,,
2.549,,,,,,,,,0,0,,,,,,,,,,,,,
2.580,,,,,,,,,0,0,,,,,,,,,,,,,
2.605,,,,,,,,,0,0,,,,,,,,,,,,,
2.652,,,,,,,,,0,0,,,,,,,,,,,,,
2.695,,,,,,,,,0,0,,,,,,,,,,,,,
2.756,,,,,,,,,0,0,,,,,,,,,,,,,
2.786,,,,,,,,,0,0,,,,,,,,,,,,,
2.843,,,,,,,,,0,0,,,,,,,,,,,,,
2.894,,,,,,,,,0,0,,,,,,,,,,,,,
2.935,,,,,,,,,0,0,,,,,,,,,,,,,
2.969,,,,,,,,,0,0,,,,,,,,,,,,,
3.000,,,,,,,,,0,0,,,,,,,,,,,,,
3.044,,,,,,,,,0,0,,,,,,,,,,,,,
3.078,,,,,,,,,0,0,,,,,,,,,,,,,
3.111,,,,,,,,,0,0,,,,,,,,,,,,,
3.155,,,,,,,,,0,0,,,,,,,,,,,,,
3.182,,,,,,,,,0,0,,,,,,,,,,,,,
3.227,,,,,,,,,0,0,,,,,,,,,,,,,
3.252,,,,,,,,,0,0,,,,,,,,,,,,,
3.280,,,,,,,,,0,0,,,,,,,,,,,,,
3.336,,,,,,,,,0,0,,,,,,,,,,,,,
3.377,,,,,,,,,0,0,,,,,,,,,,,,,
3.398,,,,,,,,,0,0,,,,,,,,,,,,,
3.443,,,,,,,,,0,0,,,,,,,,,,,,,
3.484,,,,,,,,,0,0,,,,,,,,,,,,,
3.522,,,,,,,,,0,0,,,,,,,,,,,,,
3.559,,,,,,,,,0,0,,,,,,,,,,,,,
3.583,,,,,,,,,0,0,,,,,,,,,,,,,
3.606,,,,,,,,,0,0,,,,,,,,,,,,,
3.647,,,,,,,,,0,0,,,,,,,,,,,,,
3.683,,,,,,,,,0,0,,,,,,,,,,,,,
3.717,,,,,,,,,0,0,,,,,,,,,,,,,
3.768,,,,,,,,,0,0,,,,,,,,,,,,,
3.818,,,,,,,,,0,0,,,,,,,,,,,,,
3.852,,,,,,,,,0,0,,,,,,,,,,,,,
3.901,,,,,,,,,0,0,,,,,,,,,,,,,
3.928,,,,,,,,,0,0,,,,,,,,,,,,,
3.957,,,,,,,,,0,0,,,,,,,,,,,,,
3.991,,,,,,,,,0,0,,,,,,,,,,,,,
4.024,,,,,,,,,0,0,,,,,,,,,,,,,
4.070,,,,,,,,,0,0,,,,,,,,,,,,,
4.097,,,,,,,,,0,0,,,,,,,,,,,,,
4.123,,,,,,,,,0,0,,,,,,,,,,,,,
4.156,,,,,,,,,0,0,,,,,,,,,,,,,
4.186,,,,,,,,,0,0,,,,,,,,,,,,,
4.255,,,,,,,,,0,0,,,,,,,,,,,,,
4.293,,,,,,,,,0,0,,,,,,,,,,,,,
4.341,,,,,,,,,0,0,,,,,,,,,,,,,
4.381,,,,,,,,,0,0,,,,,,,,,,,,,
4.406,,,,,,,,,0,0,,,,,,,,,,,,,
4.465,,,,,,,,,0,0,,,,,,,,,,,,,
4.501,,,,,,,,,0,0,,,,,,,,,,,,,
4.544,,,,,,,,,0,0,,,,,,,,,,,,,
4.566,,,,,,,,,0,0,,,,,,,,,,,,,
4.596,,,,,,,,,0,0,,,,,,,,,,,,,
4.635,,,,,,,,,0,0,,,,,,,,,,,,,
4.684,,,,,,,,,0,0,,,,,,,,,,,,,
4.735,,,,,,,,,0,0,,,,,,,,,,,,,
4.773,,,,,,,,,0,0,,,,,,,,,,,,,
4.812,,,,,,,,,0,0,,,,,,,,,,,,,
4.850,,,,,,,,,0,0,,,,,,,,,,,,,
4.884,,,,,,,,,0,0,,,,,,,,,,,,,
4.944,,,,,,,,,0,0,,,,,,,,,,,,,
4.996,,,,,,,,,0,0,,,,,,,,,,,,,
5.044,,,,,,,,,0,0,,,,,,,,,,,,,
5.077,,,,,,,,,0,0,,,,,,,,,,,,,
5.111,,,,,,,,,0,0,,,,,,,,,,,,,
5.149,,,,,,,,,0,0,,,,,,,,,,,,,
5.183,,,,,,,,,0,0,,,,,,,,,,,,,
5.234,,,,,,,,,0,0,,,,,,,,,,,,,
5.259,,,,,,,,,0,0,,,,,,,,,,,,,
5.294,,,,,,,,,0,0,,,,,,,,,,,,,
5.322,,,,,,,,,0,0,,,,,,,,,,,,,
5.354,,,,,,,,,0,0,,,,,,,,,,,,,
5.394,,,,,,,,,0,0,,,,,,,,,,,,,
5.416,,,,,,,,,0,0,,,,,,,,,,,,,
5.443,,,,,,,,,0,0,,,,,,,,,,,,,
5.521,,,,,,,,,0,0,,,,,,,,,,,,,
5.583,,,,,,,,,0,0,,,,,,,,,,,,,
5.616,,,,,,,,,0,0,,,,,,,,,,,,,
5.674,,,,,,,,,0,0,,,,,,,,,,,,,
5.699,,,,,,,,,0,0,,,,,,,,,,,,,
5.734,,,,,,,,,0,0,,,,,,,,,,,,,
5.765,,,,,,,,,0,0,,,,,,,,,,,,,
5.785,,,,,,,,,0,0,,,,,,,,,,,,,
5.808,,,,,,,,,0,0,,,,,,,,,,,,,
5.840,,,,,,,,,0,0,,,,,,,,,,,,,
5.898,,,,,,,,,0,0,,,,,,,,,,,,,
5.926,,,,,,,,,0,0,,,,,,,,,,,,,
5.977,,,,,,,,,0,0,,,,,,,,,,,,,
6.024,,,,,,,,,0,0,,,,,,,,,,,,,
6.075,,,,,,,,,0,0,,,,,,,,,,,,,
6.116,,,,,,,,,0,0,,,,,,,,,,,,,
6.147,,,,,,,,,0,0,,,,,,,,,,,,,
6.184,,,,,,,,,0,0,,,,,,,,,,,,,
6.214,,,,,,,,,0,0,,,,,,,,,,,,,
6.250,,,,,,,,,0,0,,,,,,,,,,,,,
6.299,,,,,,,,,0,0,,,,,,,,,,,,,
6.331,,,,,,,,,0,0,,,,,,,,,,,,,
6.384,,,,,,,,,0,0,,,,,,,,,,,,,
6.420,,,,,,,,,0,0,,,,,,,,,,,,,
6.446,,,,,,,,,0,0,,,,,,,,,,,,,
6.488,,,,,,,,,0,0,,,,,,,,,,,,,
6.530,,,,,,,,,0,0,,,,,,,,,,,,,
6.560,,,,,,,,,0,0,,,,,,,,,,,,,
6.614,,,,,,,,,0,0,,,,,,,,,,,,,
6.643,,,,,,,,,0,0,,,,,,,,,,,,,
6.684,,,,,,,,,0,0,,,,,,,,,,,,,
6.723,,,,,,,,,0,0,,,,,,,,,,,,,
6.764,,,,,,,,,0,0,,,,,,,,,,,,,
6.786,,,,,,,,,0,0,,,,,,,,,,,,,
6.822,,,,,,,,,0,0,,,,,,,,,,,,,
6.846,,,,,,,,,0,0,,,,,,,,,,,,,
6.898,,,,,,,,,0,0,,,,,,,,,,,,,
6.930,,,,,,,,,0,0,,,,,,,,,,,,,
6.973,,,,,,,,,0,0,,,,,,,,,,,,,
7.017,,,,,,,,,0,0,,,,,,,,,,,,,
7.068,,,,,,,,,0,0,,,,,,,,,,,,,
7.113,,,,,,,,,0,0,,,,,,,,,,,,,
7.157,,,,,,,,,0,0,,,,,,,,,,,,,
7.187,,,,,,,,,0,0,,,,,,,,,,,,,
7.220,,,,,,,,,0,0,,,,,,,,,,,,,
7.275,,,,,,,,,0,0,,,,,,,,,,,,,
7.327,,,,,,,,,0,0,,,,,,,,,,,,,
7.379,,,,,,,,,0,0,,,,,,,,,,,,,
7.403,,,,,,,,,0,0,,,,,,,,,,,,,
7.478,,,,,,,,,0,0,,,,,,,,,,,,,
7.516,,,,,,,,,0,0,,,,,,,,,,,,,
7.551,,,,,,,,,0,0,,,,,,,,,,,,,
7.594,,,,,,,,,0,0,,,,,,,,,,,,,
7.641,,,,,,,,,0,0,,,,,,,,,,,,,
7.675,,,,,,,,,0,0,,,,,,,,,,,,,
7.701,,,,,,,,,0,0,,,,,,,,,,,,,
7.762,,,,,,,,,0,0,,,,,,,,,,,,,
7.819,,,,,,,,,0,0,,,,,,,,,,,,,
7.870,,,,,,,,,0,0,,,,,,,,,,,,,
7.920,,,,,,,,,0,0,,,,,,,,,,,,,
7.945,,,,,,,,,0,0,,,,,,,,,,,,,
7.996,,,,,,,,,0,0,,,,,,,,,,,,,
8.068,,,,,,,,,0,0,,,,,,,,,,,,,
8.119,,,,,,,,,0,0,,,,,,,,,,,,,
8.139,,,,,,,,,0,0,,,,,,,,,,,,,
8.192,,,,,,,,,0,0,,,,,,,,,,,,,
8.245,,,,,,,,,0,0,,,,,,,,,,,,,
8.287,,,,,,,,,0,0,,,,,,,,,,,,,
8.325,,,,,,,,,0,0,,,,,,,,,,,,,
8.376,,,,,,,,,0,0,,,,,,,,,,,,,
8.412,,,,,,,,,0,0,,,,,,,,,,,,,
8.451,,,,,,,,,0,0,,,,,,,,,,,,,
8.498,,,,,,,,,0,0,,,,,,,,,,,,,
8.533,,,,,,,,,0,0,,,,,,,,,,,,,
8.577,,,,,,,,,0,0,,,,,,,,,,,,,
8.605,,,,,,,,,0,0,,,,,,,,,,,,,
8.645,,,,,,,,,0,0,,,,,,,,,,,,,
8.677,,,,,,,,,0,0,,,,,,,,,,,,,
8.730,,,,,,,,,0,0,,,,,,,,,,,,,
8.781,,,,,,,,,0,0,,,,,,,,,,,,,
8.802,,,,,,,,,0,0,,,,,,,,,,,,,
8.857,,,,,,,,,0,0,,,,,,,,,,,,,
8.898,,,,,,,,,0,0,,,,,,,,,,,,,
8.925,,,,,,,,,0,0,,,,,,,,,,,,,
9.003,,,,,,,,,0,0,,,,,,,,,,,,,
9.050,,,,,,,,,0,0,,,,,,,,,,,,,
9.103,,,,,,,,,0,0,,,,,,,,,,,,,
9.137,,,,,,,,,0,0,,,,,,,,,,,,,
9.167,,,,,,,,,0,0,,,,,,,,,,,,,
9.227,,,,,,,,,0,0,,,,,,,,,,,,,
9.252,,,,,,,,,0,0,,,,,,,,,,,,,
9.317,,,,,,,,,0,0,,,,,,,,,,,,,
9.363,,,,,,,,,0,0,,,,,,,,,,,,,
9.413,,,,,,,,,0,0,,,,,,,,,,,,,
9.450,,,,,,,,,0,0,,,,,,,,,,,,,
9.487,,,,,,,,,0,0,,,,,,,,,,,,,
9.526,,,,,,,,,0,0,,,,,,,,,,,,,
9.561,,,,,,,,,0,0,,,,,,,,,,,,,
9.616,,,,,,,,,0,0,,,,,,,,,,,,,
9.662,,,,,,,,,0,0,,,,,,,,,,,,,
9.690,,,,,,,,,0,0,,,,,,,,,,,,,
9.732,,,,,,,,,0,0,,,,,,,,,,,,,
9.770,,,,,,,,,0,0,,,,,,,,,,,,,
9.817,,,,,,,,,0,0,,,,,,,,,,,,,
9.850,,,,,,,,,0,0,,,,,,,,,,,,,
9.907,,,,,,,,,0,0,,,,,,,,,,,,,
9.955,,,,,,,,,0,0,,,,,,,,,,,,,
9.996,,,,,,,,,0,0,,,,,,,,,,,,,
10.044,,,,,,,,,0,0,,,,,,,,,,,,,
10.073,,,,,,,,,0,0,,,,,,,,,,,,,
10.113,,,,,,,,,0,0,,,,,,,,,,,,,
10.160,,,,,,,,,0,0,,,,,,,,,,,,,
10.202,,,,,,,,,0,0,,,,,,,,,,,,,
10.243,,,,,,,,,0,0,,,,,,,,,,,,,
10.283,,,,,,,,,0,0,,,,,,,,,,,,,
10.309,,,,,,,,,0,0,,,,,,,,,,,,,
10.373,,,,,,,,,0,0,,,,,,,,,,,,,
10.409,,,,,,,,,0,0,,,,,,,,,,,,,
10.462,,,,,,,,,0,0,,,,,,,,,,,,,
10.508,,,,,,,,,0,0,,,,,,,,,,,,,
10.527,,,,,,,,,0,0,,,,,,,,,,,,,
10.568,,,,,,,,,0,0,,,,,,,,,,,,,
10.615,,,,,,,,,0,0,,,,,,,,,,,,,
10.668,,,,,,,,,0,0,,,,,,,,,,,,,
10.717,,,,,,,,,0,0,,,,,,,,,,,,,
10.763,,,,,,,,,0,0,,,,,,,,,,,,,
10.812,,,,,,,,,0,0,,,,,,,,,,,,,
10.859,,,,,,,,,0,0,,,,,,,,,,,,,
10.911,,,,,,,,,0,0,,,,,,,,,,,,,
10.977,,,,,,,,,0,0,,,,,,,,,,,,,
11.028,,,,,,,,,0,0,,,,,,,,,,,,,
11.073,,,,,,,,,0,0,,,,,,,,,,,,,
11.111,,,,,,,,,0,0,,,,,,,,,,,,,
11.144,,,,,,,,,0,0,,,,,,,,,,,,,
11.189,,,,,,,,,0,0,,,,,,,,,,,,,
11.244,,,,,,,,,0,0,,,,,,,,,,,,,
11.312,,,,,,,,,0,0,,,,,,,,,,,,,
11.348,,,,,,,,,0,0,,,,,,,,,,,,,
11.385,,,,,,,,,0,0,,,,,,,,,,,,,
11.416,,,,,,,,,0,0,,,,,,,,,,,,,
11.464,,,,,,,,,0,0,,,,,,,,,,,,,
11.491,,,,,,,,,0,0,,,,,,,,,,,,,
11.535,,,,,,,,,0,0,,,,,,,,,,,,,
11.559,,,,,,,,,0,0,,,,,,,,,,,,,
11.593,,,,,,,,,0,0,,,,,,,,,,,,,
11.641,,,,,,,,,0,0,,,,,,,,,,,,,
11.683,,,,,,,,,0,0,,,,,,,,,,,,,
11.720,,,,,,,,,0,0,,,,,,,,,,,,,
11.758,,,,,,,,,0,0,,,,,,,,,,,,,
11.793,,,,,,,,,0,0,,,,,,,,,,,,,
11.837,,,,,,,,,0,0,,,,,,,,,,,,,
11.866,,,,,,,,,0,0,,,,,,,,,,,,,
11.926,,,,,,,,,0,0,,,,,,,,,,,,,
11.981,,,,,,,,,0,0,,,,,,,,,,,,,
12.033,,,,,,,,,0,0,,,,,,,,,,,,,
12.080,,,,,,,,,0,0,,,,,,,,,,,,,
12.130,,,,,,,,,0,0,,,,,,,,,,,,,
12.170,,,,,,,,,0,0,,,,,,,,,,,,,
12.193,,,,,,,,,0,0,,,,,,,,,,,,,
12.215,,,,,,,,,0,0,,,,,,,,,,,,,
12.246,,,,,,,,,0,0,,,,,,,,,,,,,
12.291,,,,,,,,,0,0,,,,,,,,,,,,,
12.327,,,,,,,,,0,0,,,,,,,,,,,,,
12.380,,,,,,,,,0,0,,,,,,,,,,,,,
12.425,,,,,,,,,0,0,,,,,,,,,,,,,
12.474,,,,,,,,,0,0,,,,,,,,,,,,,
12.522,,,,,,,,,0,0,,,,,,,,,,,,,
12.558,,,,,,,,,0,0,,,,,,,,,,,,,
12.598,,,,,,,,,0,0,,,,,,,,,,,,,
12.642,,,,,,,,,0,0,,,,,,,,,,,,,
12.691,,,,,,,,,0,0,,,,,,,,,,,,,
12.717,,,,,,,,,0,0,,,,,,,,,,,,,
12.767,,,,,,,,,0,0,,,,,,,,,,,,,
12.817,,,,,,,,,0,0,,,,,,,,,,,,,
12.850,,,,,,,,,0,0,,,,,,,,,,,,,
12.898,,,,,,,,,0,0,,,,,,,,,,,,,
12.925,,,,,,,,,0,0,,,,,,,,,,,,,
12.953,,,,,,,,,0,0,,,,,,,,,,,,,
13.010,,,,,,,,,0,0,,,,,,,,,,,,,
13.052,,,,,,,,,0,0,,,,,,,,,,,,,
13.092,,,,,,,,,0,0,,,,,,,,,,,,,
13.131,,,,,,,,,0,0,,,,,,,,,,,,,
13.176,,,,,,,,,0,0,,,,,,,,,,,,,
13.221,,,,,,,,,0,0,,,,,,,,,,,,,
13.252,,,,,,,,,0,0,,,,,,,,,,,,,
13.318,,,,,,,,,0,0,,,,,,,,,,,,,
13.365,,,,,,,,,0,0,,,,,,,,,,,,,
13.402,,,,,,,,,0,0,,,,,,,,,,,,,
13.432,,,,,,,,,0,0,,,,,,,,,,,,,
13.469,,,,,,,,,0,0,,,,,,,,,,,,,
13.504,,,,,,,,,0,0,,,,,,,,,,,,,
13.542,,,,,,,,,0,0,,,,,,,,,,,,,
13.575,,,,,,,,,0,0,,,,,,,,,,,,,
13.618,,,,,,,,,0,0,,,,,,,,,,,,,
13.659,,,,,,,,,0,0,,,,,,,,,,,,,
13.704,,,,,,,,,0,0,,,,,,,,,,,,,
13.754,,,,,,,,,0,0,,,,,,,,,,,,,
13.782,,,,,,,,,0,0,,,,,,,,,,,,,
13.833,,,,,,,,,0,0,,,,,,,,,,,,,
13.867,,,,,,,,,0,0,,,,,,,,,,,,,
13.922,,,,,,,,,0,0,,,,,,,,,,,,,
13.945,,,,,,,,,0,0,,,,,,,,,,,,,
13.993,,,,,,,,,0,0,,,,,,,,,,,,,
14.051,,,,,,,,,0,0,,,,,,,,,,,,,
14.093,,,,,,,,,0,0,,,,,,,,,,,,,
14.145,,,,,,,,,0,0,,,,,,,,,,,,,
14.189,,,,,,,,,0,0,,,,,,,,,,,,,
14.234,,,,,,,,,0,0,,,,,,,,,,,,,
14.279,,,,,,,,,0,0,,,,,,,,,,,,,
14.321,,,,,,,,,0,0,,,,,,,,,,,,,
14.367,,,,,,,,,0,0,,,,,,,,,,,,,
14.395,,,,,,,,,0,0,,,,,,,,,,,,,
14.435,,,,,,,,,0,0,,,,,,,,,,,,,
14.458,,,,,,,,,0,0,,,,,,,,,,,,,
14.500,,,,,,,,,0,0,,,,,,,,,,,,,
14.529,,,,,,,,,0,0,,,,,,,,,,,,,
14.592,,,,,,,,,0,0,,,,,,,,,,,,,
14.611,,,,,,,,,0,0,,,,,,,,,,,,,
14.661,,,,,,,,,0,0,,,,,,,,,,,,,
14.697,,,,,,,,,0,0,,,,,,,,,,,,,
14.729,,,,,,,,,0,0,,,,,,,,,,,,,
14.758,,,,,,,,,0,0,,,,,,,,,,,,,
14.804,,,,,,,,,0,0,,,,,,,,,,,,,
14.841,,,,,,,,,0,0,,,,,,,,,,,,,
14.891,,,,,,,,,0,0,,,,,,,,,,,,,
14.922,,,,,,,,,0,0,,,,,,,,,,,,,
14.972,,,,,,,,,0,0,,,,,,,,,,,,,
15.022,,,,,,,,,0,0,,,,,,,,,,,,,
15.069,,,,,,,,,0,0,,,,,,,,,,,,,
15.113,,,,,,,,,0,0,,,,,,,,,,,,,
15.158,,,,,,,,,0,0,,,,,,,,,,,,,
15.202,,,,,,,,,0,0,,,,,,,,,,,,,
15.250,,,,,,,,,0,0,,,,,,,,,,,,,
15.271,,,,,,,,,0,0,,,,,,,,,,,,,
15.313,,,,,,,,,0,0,,,,,,,,,,,,,
15.349,,,,,,,,,0,0,,,,,,,,,,,,,
15.395,,,,,,,,,0,0,,,,,,,,,,,,,
15.414,,,,,,,,,0,0,,,,,,,,,,,,,
15.479,,,,,,,,,0,0,,,,,,,,,,,,,
15.505,,,,,,,,,0,0,,,,,,,,,,,,,
15.578,,,,,,,,,0,0,,,,,,,,,,,,,
15.633,,,,,,,,,0,0,,,,,,,,,,,,,
15.673,,,,,,,,,0,0,,,,,,,,,,,,,
15.710,,,,,,,,,0,0,,,,,,,,,,,,,
15.747,,,,,,,,,0,0,,,,,,,,,,,,,
15.789,,,,,,,,,0,0,,,,,,,,,,,,,
15.821,,,,,,,,,0,0,,,,,,,,,,,,,
15.859,,,,,,,,,0,0,,,,,,,,,,,,,
15.901,,,,,,,,,0,0,,,,,,,,,,,,,
15.926,,,,,,,,,0,0,,,,,,,,,,,,,
15.974,,,,,,,,,0,0,,,,,,,,,,,,,
16.021,,,,,,,,,0,0,,,,,,,,,,,,,
16.067,,,,,,,,,0,0,,,,,,,,,,,,,
16.104,,,,,,,,,0,0,,,,,,,,,,,,,
16.150,,,,,,,,,0,0,,,,,,,,,,,,,
16.198,,,,,,,,,0,0,,,,,,,,,,,,,
16.245,,,,,,,,,0,0,,,,,,,,,,,,,
16.265,,,,,,,,,0,0,,,,,,,,,,,,,
16.324,,,,,,,,,0,0,,,,,,,,,,,,,
16.370,,,,,,,,,0,0,,,,,,,,,,,,,
16.420,,,,,,,,,0,0,,,,,,,,,,,,,
16.469,,,,,,,,,0,0,,,,,,,,,,,,,
16.508,,,,,,,,,0,0,,,,,,,,,,,,,
16.546,,,,,,,,,0,0,,,,,,,,,,,,,
16.596,,,,,,,,,0,0,,,,,,,,,,,,,
16.620,,,,,,,,,0,0,,,,,,,,,,,,,
16.660,,,,,,,,,0,0,,,,,,,,,,,,,
16.704,,,,,,,,,0,0,,,,,,,,,,,,,
16.736,,,,,,,,,0,0,,,,,,,,,,,,,
16.781,,,,,,,,,0,0,,,,,,,,,,,,,
16.826,,,,,,,,,0,0,,,,,,,,,,,,,
16.869,,,,,,,,,0,0,,,,,,,,,,,,,
16.916,,,,,,,,,0,0,,,,,,,,,,,,,
16.957,,,,,,,,,0,0,,,,,,,,,,,,,
16.987,,,,,,,,,0,0,,,,,,,,,,,,,
17.035,,,,,,,,,0,0,,,,,,,,,,,,,
17.077,,,,,,,,,0,0,,,,,,,,,,,,,
17.123,,,,,,,,,0,0,,,,,,,,,,,,,
17.169,,,,,,,,,0,0,,,,,,,,,,,,,
17.208,,,,,,,,,0,0,,,,,,,,,,,,,
17.256,,,,,,,,,0,0,,,,,,,,,,,,,
17.305,,,,,,,,,0,0,,,,,,,,,,,,,
17.357,,,,,,,,,0,0,,,,,,,,,,,,,
17.402,,,,,,,,,0,0,,,,,,,,,,,,,
17.453,,,,,,,,,0,0,,,,,,,,,,,,,
17.503,,,,,,,,,0,0,,,,,,,,,,,,,
17.551,,,,,,,,,0,0,,,,,,,,,,,,,
17.599,,,,,,,,,0,0,,,,,,,,,,,,,
17.649,,,,,,,,,0,0,,,,,,,,,,,,,
17.697,,,,,,,,,0,0,,,,,,,,,,,,,
17.742,,,,,,,,,0,0,,,,,,,,,,,,,
17.795,,,,,,,,,0,0,,,,,,,,,,,,,
17.840,,,,,,,,,0,0,,,,,,,,,,,,,
17.897,,,,,,,,,0,0,,,,,,,,,,,,,
17.948,,,,,,,,,0,0,,,,,,,,,,,,,
17.999,,,,,,,,,0,0,,,,,,,,,,,,,
18.053,,,,,,,,,0,0,,,,,,,,,,,,,
18.103,,,,,,,,,0,0,,,,,,,,,,,,,
18.153,,,,,,,,,0,0,,,,,,,,,,,,,
18.200,,,,,,,,,0,0,,,,,,,,,,,,,
18.244,,,,,,,,,0,0,,,,,,,,,,,,,
18.278,,,,,,,,,0,0,,,,,,,,,,,,,
18.318,,,,,,,,,0,0,,,,,,,,,,,,,
18.363,,,,,,,,,0,0,,,,,,,,,,,,,
18.409,,,,,,,,,0,0,,,,,,,,,,,,,
18.442,,,,,,,,,0,0,,,,,,,,,,,,,
18.492,,,,,,,,,0,0,,,,,,,,,,,,,
18.522,,,,,,,,,0,0,,,,,,,,,,,,,
18.568,,,,,,,,,0,0,,,,,,,,,,,,,
18.608,,,,,,,,,0,0,,,,,,,,,,,,,
18.652,,,,,,,,,0,0,,,,,,,,,,,,,
18.700,,,,,,,,,0,0,,,,,,,,,,,,,
18.740,,,,,,,,,0,0,,,,,,,,,,,,,
18.784,,,,,,,,,0,0,,,,,,,,,,,,,
18.808,,,,,,,,,0,0,,,,,,,,,,,,,
18.837,,,,,,,,,0,0,,,,,,,,,,,,,
18.878,,,,,,,,,0,0,,,,,,,,,,,,,
18.915,,,,,,,,,0,0,,,,,,,,,,,,,
18.953,,,,,,,,,0,0,,,,,,,,,,,,,
18.978,,,,,,,,,0,0,,,,,,,,,,,,,
19.007,,,,,,,,,0,0,,,,,,,,,,,,,
19.067,,,,,,,,,0,0,,,,,,,,,,,,,
19.108,,,,,,,,,0,0,,,,,,,,,,,,,
19.149,,,,,,,,,0,0,,,,,,,,,,,,,
19.172,,,,,,,,,0,0,,,,,,,,,,,,,
19.211,,,,,,,,,0,0,,,,,,,,,,,,,
19.245,,,,,,,,,0,0,,,,,,,,,,,,,
19.276,,,,,,,,,0,0,,,,,,,,,,,,,
19.315,,,,,,,,,0,0,,,,,,,,,,,,,
19.348,,,,,,,,,0,0,,,,,,,,,,,,,
19.383,,,,,,,,,0,0,,,,,,,,,,,,,
19.423,,,,,,,,,0,0,,,,,,,,,,,,,
19.474,,,,,,,,,0,0,,,,,,,,,,,,,
19.529,,,,,,,,,0,0,,,,,,,,,,,,,
19.576,,,,,,,,,0,0,,,,,,,,,,,,,
19.608,,,,,,,,,0,0,,,,,,,,,,,,,
19.652,,,,,,,,,0,0,,,,,,,,,,,,,
19.697,,,,,,,,,0,0,,,,,,,,,,,,,
19.740,,,,,,,,,0,0,,,,,,,,,,,,,
19.790,,,,,,,,,0,0,,,,,,,,,,,,,
19.833,,,,,,,,,0,0,,,,,,,,,,,,,
19.876,,,,,,,,,0,0,,,,,,,,,,,,,
19.919,,,,,,,,,0,0,,,,,,,,,,,,,
19.965,,,,,,,,,0,0,,,,,,,,,,,,,
20.006,,,,,,,,,0,0,,,,,,,,,,,,,
20.056,,,,,,,,,0,0,,,,,,,,,,,,,
20.105,,,,,,,,,0,0,,,,,,,,,,,,,
20.131,,,,,,,,,0,0,,,,,,,,,,,,,
20.174,,,,,,,,,0,0,,,,,,,,,,,,,
20.207,,,,,,,,,0,0,,,,,,,,,,,,,
20.256,,,,,,,,,0,0,,,,,,,,,,,,,
20.290,,,,,,,,,0,0,,,,,,,,,,,,,
20.334,,,,,,,,,0,0,,,,,,,,,,,,,
20.373,,,,,,,,,0,0,,,,,,,,,,,,,
20.411,,,,,,,,,0,0,,,,,,,,,,,,,
20.461,,,,,,,,,0,0,,,,,,,,,,,,,
20.509,,,,,,,,,0,0,,,,,,,,,,,,,
20.560,,,,,,,,,0,0,,,,,,,,,,,,,
20.602,,,,,,,,,0,0,,,,,,,,,,,,,
20.653,,,,,,,,,0,0,,,,,,,,,,,,,
20.694,,,,,,,,,0,0,,,,,,,,,,,,,
20.743,,,,,,,,,0,0,,,,,,,,,,,,,
20.787,,,,,,,,,0,0,,,,,,,,,,,,,
20.824,,,,,,,,,0,0,,,,,,,,,,,,,
20.864,,,,,,,,,0,0,,,,,,,,,,,,,
20.914,,,,,,,,,0,0,,,,,,,,,,,,,
20.958,,,,,,,,,0,0,,,,,,,,,,,,,
20.991,,,,,,,,,0,0,,,,,,,,,,,,,
21.018,,,,,,,,,0,0,,,,,,,,,,,,,
21.061,,,,,,,,,0,0,,,,,,,,,,,,,
21.105,,,,,,,,,0,0,,,,,,,,,,,,,
21.152,,,,,,,,,0,0,,,,,,,,,,,,,
21.194,,,,,,,,,0,0,,,,,,,,,,,,,
21.220,,,,,,,,,0,0,,,,,,,,,,,,,
21.257,,,,,,,,,0,0,,,,,,,,,,,,,
21.302,,,,,,,,,0,0,,,,,,,,,,,,,
21.341,,,,,,,,,0,0,,,,,,,,,,,,,
21.382,,,,,,,,,0,0,,,,,,,,,,,,,
21.437,,,,,,,,,0,0,,,,,,,,,,,,,
21.489,,,,,,,,,0,0,,,,,,,,,,,,,
21.539,,,,,,,,,0,0,,,,,,,,,,,,,
21.573,,,,,,,,,0,0,,,,,,,,,,,,,
21.602,,,,,,,,,0,0,,,,,,,,,,,,,
21.650,,,,,,,,,0,0,,,,,,,,,,,,,
21.675,,,,,,,,,0,0,,,,,,,,,,,,,
21.728,,,,,,,,,0,0,,,,,,,,,,,,,
21.770,,,,,,,,,0,0,,,,,,,,,,,,,
21.806,,,,,,,,,0,0,,,,,,,,,,,,,
21.854,,,,,,,,,0,0,,,,,,,,,,,,,
21.876,,,,,,,,,0,0,,,,,,,,,,,,,
21.901,,,,,,,,,0,0,,,,,,,,,,,,,
21.956,,,,,,,,,0,0,,,,,,,,,,,,,
21.983,,,,,,,,,0,0,,,,,,,,,,,,,
22.033,,,,,,,,,0,0,,,,,,,,,,,,,
22.072,,,,,,,,,0,0,,,,,,,,,,,,,
22.102,,,,,,,,,0,0,,,,,,,,,,,,,
22.137,,,,,,,,,0,0,,,,,,,,,,,,,
22.172,,,,,,,,,0,0,,,,,,,,,,,,,
22.208,,,,,,,,,0,0,,,,,,,,,,,,,
22.244,,,,,,,,,0,0,,,,,,,,,,,,,
22.265,,,,,,,,,0,0,,,,,,,,,,,,,
22.315,,,,,,,,,0,0,,,,,,,,,,,,,
22.345,,,,,,,,,0,0,,,,,,,,,,,,,
22.392,,,,,,,,,0,0,,,,,,,,,,,,,
22.426,,,,,,,,,0,0,,,,,,,,,,,,,
22.464,,,,,,,,,0,0,,,,,,,,,,,,,
22.504,,,,,,,,,0,0,,,,,,,,,,,,,
22.531,,,,,,,,,0,0,,,,,,,,,,,,,
22.554,,,,,,,,,0,0,,,,,,,,,,,,,
22.584,,,,,,,,,0,0,,,,,,,,,,,,,
22.630,,,,,,,,,0,0,,,,,,,,,,,,,
22.674,,,,,,,,,0,0,,,,,,,,,,,,,
22.706,,,,,,,,,0,0,,,,,,,,,,,,,
22.762,,,,,,,,,0,0,,,,,,,,,,,,,
22.798,,,,,,,,,0,0,,,,,,,,,,,,,
22.825,,,,,,,,,0,0,,,,,,,,,,,,,
22.875,,,,,,,,,0,0,,,,,,,,,,,,,
22.911,,,,,,,,,0,0,,,,,,,,,,,,,
22.954,,,,,,,,,0,0,,,,,,,,,,,,,
22.982,,,,,,,,,0,0,,,,,,,,,,,,,
23.032,,,,,,,,,0,0,,,,,,,,,,,,,
23.071,,,,,,,,,0,0,,,,,,,,,,,,,
23.119,,,,,,,,,0,0,,,,,,,,,,,,,
23.157,,,,,,,,,0,0,,,,,,,,,,,,,
23.178,,,,,,,,,0,0,,,,,,,,,,,,,
23.207,,,,,,,,,0,0,,,,,,,,,,,,,
23.269,,,,,,,,,0,0,,,,,,,,,,,,,
23.311,,,,,,,,,0,0,,,,,,,,,,,,,
23.363,,,,,,,,,0,0,,,,,,,,,,,,,
23.406,,,,,,,,,0,0,,,,,,,,,,,,,
23.451,,,,,,,,,0,0,,,,,,,,,,,,,
23.490,,,,,,,,,0,0,,,,,,,,,,,,,
23.536,,,,,,,,,0,0,,,,,,,,,,,,,
23.570,,,,,,,,,0,0,,,,,,,,,,,,,
23.624,,,,,,,,,0,0,,,,,,,,,,,,,
23.660,,,,,,,,,0,0,,,,,,,,,,,,,
23.704,,,,,,,,,0,0,,,,,,,,,,,,,
23.740,,,,,,,,,0,0,,,,,,,,,,,,,
23.784,,,,,,,,,0,0,,,,,,,,,,,,,
23.812,,,,,,,,,0,0,,,,,,,,,,,,,
23.859,,,,,,,,,0,0,,,,,,,,,,,,,
23.902,,,,,,,,,0,0,,,,,,,,,,,,,
23.941,,,,,,,,,0,0,,,,,,,,,,,,,
23.991,,,,,,,,,0,0,,,,,,,,,,,,,
24.032,,,,,,,,,0,0,,,,,,,,,,,,,
24.073,,,,,,,,,0,0,,,,,,,,,,,,,
24.124,,,,,,,,,0,0,,,,,,,,,,,,,
24.151,,,,,,,,,0,0,,,,,,,,,,,,,
24.182,,,,,,,,,0,0,,,,,,,,,,,,,
24.222,,,,,,,,,0,0,,,,,,,,,,,,,
24.258,,,,,,,,,0,0,,,,,,,,,,,,,
24.298,,,,,,,,,0,0,,,,,,,,,,,,,
24.329,,,,,,,,,0,0,,,,,,,,,,,,,
24.356,,,,,,,,,0,0,,,,,,,,,,,,,
24.409,,,,,,,,,0,0,,,,,,,,,,,,,
24.453,,,,,,,,,0,0,,,,,,,,,,,,,
24.486,,,,,,,,,0,0,,,,,,,,,,,,,
24.515,,,,,,,,,0,0,,,,,,,,,,,,,
24.565,,,,,,,,,0,0,,,,,,,,,,,,,
24.591,,,,,,,,,0,0,,,,,,,,,,,,,
24.630,,,,,,,,,0,0,,,,,,,,,,,,,
24.687,,,,,,,,,0,0,,,,,,,,,,,,,
24.734,,,,,,,,,0,0,,,,,,,,,,,,,
24.790,,,,,,,,,0,0,,,,,,,,,,,,,
24.836,,,,,,,,,0,0,,,,,,,,,,,,,
24.891,,,,,,,,,0,0,,,,,,,,,,,,,
24.919,,,,,,,,,0,0,,,,,,,,,,,,,
24.972,,,,,,,,,0,0,,,,,,,,,,,,,
25.011,,,,,,,,,0,0,,,,,,,,,,,,,
25.039,,,,,,,,,0,0,,,,,,,,,,,,,
25.080,,,,,,,,,0,0,,,,,,,,,,,,,
25.127,,,,,,,,,0,0,,,,,,,,,,,,,
25.164,,,,,,,,,0,0,,,,,,,,,,,,,
25.189,,,,,,,,,0,0,,,,,,,,,,,,,
25.240,,,,,,,,,0,0,,,,,,,,,,,,,
25.301,,,,,,,,,0,0,,,,,,,,,,,,,
25.355,,,,,,,,,0,0,,,,,,,,,,,,,
25.420,,,,,,,,,0,0,,,,,,,,,,,,,
25.451,,,,,,,,,0,0,,,,,,,,,,,,,
25.500,,,,,,,,,0,0,,,,,,,,,,,,,
25.528,,,,,,,,,0,0,,,,,,,,,,,,,
25.555,,,,,,,,,0,0,,,,,,,,,,,,,
25.577,,,,,,,,,0,0,,,,,,,,,,,,,
25.605,,,,,,,,,0,0,,,,,,,,,,,,,
25.639,,,,,,,,,0,0,,,,,,,,,,,,,
25.658,,,,,,,,,0,0,,,,,,,,,,,,,
25.692,,,,,,,,,0,0,,,,,,,,,,,,,
25.723,,,,,,,,,0,0,,,,,,,,,,,,,
25.752,,,,,,,,,0,0,,,,,,,,,,,,,
25.784,,,,,,,,,0,0,,,,,,,,,,,,,
25.847,,,,,,,,,0,0,,,,,,,,,,,,,
25.889,,,,,,,,,0,0,,,,,,,,,,,,,
25.984,0.5000,0.5000,0.5000,0.5000,-15.34,14.70,0.404,,1,0,,,,,,-18.43225,-16.88962,,,,,,
26.013,0.5000,0.5000,,,,,,,0,0,,,,,,,,,,,,,
26.066,0.5000,0.5000,0.5000,0.5000,-15.47,14.58,0.428,,1,0,,,,,,-14.33724,-10.03664,,,,,,
26.102,0.5000,0.5000,,,,,,,0,0,,,,,,,,,,,,,
26.146,0.5000,0.5000,0.5000,0.5000,-15.49,14.92,0.561,,1,0,,,,,,-14.02329,-5.04280,,,,,,
26.186,0.5000,0.5000,0.5000,0.5000,-15.49,15.29,0.568,,1,0,,,,,,-12.21711,-3.61464,,,,,,
26.239,0.5000,0.5000,0.5000,0.5000,-15.55,16.00,0.558,,1,0,,,,,,-11.96432,-2.45566,,,,,,
26.279,0.5000,0.5000,,,,,,,0,0,,,,,,,,,,,,,
26.321,0.5000,0.5000,,,,,,,0,0,,,,,,,,,,,,,
26.352,0.5000,0.5000,,,,,,,0,0,,,,,,,,,,,,,
26.398,0.5000,0.5000,,,,,,,0,0,,,,,,,,,,,,,
26.447,0.5000,0.5000,,,,,,,0,0,,,,,,,,,,,,,
26.490,0.5000,0.5000,0.5000,0.5000,-14.82,16.74,0.489,,1,0,,,,,,-6.13315,9.97879,,,,,,
26.545,0.5000,0.5000,0.5000,0.5000,-13.65,18.27,0.504,,1,0,,,,,,-5.20582,10.60904,,,,,,
26.583,0.5000,0.5000,0.5000,0.5000,-12.75,19.54,0.535,,1,0,,,,,,-4.05949,10.61571,,,,,,
26.628,0.5000,0.5000,0.5000,0.5000,-11.73,20.97,0.590,,1,0,,,,,,-3.07147,9.72152,,,,,,
26.674,0.5000,0.5000,0.5000,0.5000,-10.29,22.60,0.528,,1,0,,,,,,-0.73133,8.10995,,,,,,
26.724,0.5000,0.5000,0.5000,0.5000,-8.86,23.88,0.564,,1,0,,,,,,-0.10992,7.95925,,,,,,
26.769,0.5000,0.5000,0.5000,0.5000,-7.53,25.09,0.544,,1,0,,,,,,0.05167,8.16339,,,,,,
26.836,0.5000,0.5000,0.5000,0.5000,-5.90,26.33,0.556,,1,0,,,,,,0.09640,8.64307,,,,,,
26.892,0.5000,0.5000,0.5000,0.5000,-4.76,27.48,0.591,,1,0,,,,,,-0.57470,7.76382,,,,,,
26.943,0.5000,0.5000,0.5000,0.5000,-3.61,28.14,0.567,,1,0,,,,,,-1.08473,8.52682,,,,,,
26.991,0.5000,0.5000,0.5000,0.5000,-2.42,28.51,0.537,,1,0,,,,,,-1.93843,8.86146,,,,,,
27.037,0.5000,0.5000,0.5000,0.5000,-1.42,28.60,0.461,,1,0,,,,,,-2.83527,9.83124,,,,,,
27.075,0.5000,0.5000,0.5000,0.5000,-0.55,28.72,0.464,,1,0,,,,,,-3.56843,10.10814,,,,,,
27.123,0.5000,0.5000,0.5000,0.5000,0.32,28.67,0.479,,1,0,,,,,,-4.24429,10.09779,,,,,,
27.165,0.5000,0.5000,0.5000,0.5000,1.05,28.63,0.490,,1,0,,,,,,-4.97712,10.24646,,,,,,
27.214,0.5000,0.5000,0.5000,0.5000,1.58,28.54,0.503,,1,0,,,,,,-5.74492,10.39979,,,,,,
27.261,0.5000,0.5000,0.5000,0.5000,2.12,27.55,0.484,,1,0,,,,,,-7.43346,9.15362,,,,,,
27.322,0.5000,0.5000,0.5000,0.5000,2.53,26.79,0.521,,1,0,,,,,,-7.87887,9.13548,,,,,,
27.369,0.5000,0.5000,0.5000,0.5000,2.75,26.35,0.522,,1,0,,,,,,-8.08598,9.03019,,,,,,
27.413,0.5000,0.5000,0.5000,0.5000,2.97,25.76,0.514,,1,0,,,,,,-8.11874,8.73528,,,,,,
27.447,0.5000,0.5000,0.5000,0.5000,3.12,25.17,0.564,,1,0,,,,,,-7.50586,8.20712,,,,,,
27.517,0.5000,0.5000,0.5000,0.5000,3.36,24.71,0.526,,1,0,,,,,,-7.85735,7.96774,,,,,,
27.548,0.5000,0.5000,,,,,,,0,0,,,,,,,,,,,,,
27.592,0.5000,0.5000,0.5000,0.5000,3.31,24.49,0.439,,1,0,,,,,,-3.97262,3.64381,,,,,,
27.641,0.5000,0.5000,0.5000,0.5000,3.08,24.17,0.403,,1,0,,,,,,-2.89235,3.07984,,,,,,
27.742,0.5000,0.5000,0.5000,0.5000,2.83,23.47,0.396,,1,0,,,,,,-1.49895,2.43227,,,,,,
27.786,0.5000,0.5000,0.5000,0.5000,-0.81,16.20,0.428,,1,0,,,,,,3.35270,1.54868,,,,,,
27.823,0.5000,0.5000,0.5000,0.5000,-1.81,12.61,0.384,,1,0,,,,,,4.58422,1.28790,,,,,,
27.874,0.5000,0.5000,0.5000,0.5000,-2.64,8.21,0.394,,1,0,,,,,,5.72043,1.22759,,,,,,
27.930,0.5000,0.5000,0.5000,0.5000,-3.14,3.33,0.398,,1,0,,,,,,6.85285,1.22311,,,,,,
27.972,0.5000,0.5000,0.5000,0.5000,-3.30,-0.31,0.422,,1,0,,,,,,7.84995,1.21525,,,,,,
28.023,0.5000,0.5000,0.5000,0.5000,-3.31,-4.31,0.462,,1,0,,,,,,8.94775,1.21339,,,,,,
28.074,0.5000,0.5000,0.5000,0.5000,-3.09,-8.20,0.510,,1,0,,,,,,11.05944,0.93708,,,,,,
28.119,0.5000,0.5000,0.5000,0.5000,-2.69,-10.81,0.491,,1,0,,,,,,11.36218,0.79590,,,,,,
28.175,0.5000,0.5000,0.5000,0.5000,-2.20,-13.42,0.507,,1,0,,,,,,11.69780,0.63968,,,,,,
28.211,0.5000,0.5000,0.5000,0.5000,-1.79,-15.25,0.502,,1,0,,,,,,11.63195,0.37078,,,,,,
28.249,0.5000,0.5000,0.5000,0.5000,-1.47,-16.60,0.516,,1,0,,,,,,11.93635,-0.01054,,,,,,
28.294,0.5000,0.5000,0.5000,0.5000,-1.21,-17.88,0.518,,1,0,,,,,,12.26020,-0.96818,,,,,,
28.343,0.5000,0.5000,0.5000,0.5000,-0.97,-18.80,0.522,,1,0,,,,,,12.22268,-1.39273,,,,,,
28.364,0.5000,0.5000,0.5000,0.5000,-0.70,-19.86,0.492,,1,0,,,,,,12.19955,-1.81423,,,,,,
28.408,0.5000,0.5000,0.5000,0.5000,-0.52,-20.68,0.503,,1,0,,,,,,11.89923,-2.08648,,,,,,
28.454,0.5000,0.5000,0.5000,0.5000,-0.42,-21.37,0.494,,1,0,,,,,,12.15764,-2.15457,,,,,,
28.493,0.5000,0.5000,0.5000,0.5000,-0.29,-21.95,0.498,,1,0,,,,,,11.99030,-2.21330,,,,,,
28.540,0.5000,0.5000,0.5000,0.5000,-0.44,-22.18,0.512,,1,0,,,,,,11.56618,-0.75676,,,,,,
28.581,0.5000,0.5000,0.5000,0.5000,-0.45,-22.18,0.489,,1,0,,,,,,11.33436,0.09741,,,,,,
28.625,0.5000,0.5000,0.5000,0.5000,-0.52,-21.59,0.434,,1,0,,,,,,10.64796,0.73085,,,,,,
28.667,0.5000,0.5000,0.5000,0.5000,-0.47,-20.76,0.438,,1,0,,,,,,10.12264,1.23615,,,,,,
28.709,0.5000,0.5000,0.5000,0.5000,-0.70,-18.72,0.448,,1,0,,,,,,9.34279,1.50373,,,,,,
28.771,0.5000,0.5000,0.5000,0.5000,-2.07,-13.76,0.457,,1,0,,,,,,8.98913,1.48918,,,,,,
28.816,0.5000,0.5000,0.5000,0.5000,-3.71,-5.90,0.445,,1,0,,,,,,8.17267,1.39403,,,,,,
28.863,0.5000,0.5000,0.5000,0.5000,-4.31,-0.34,0.448,,1,0,,,,,,7.30838,1.31849,,,,,,
28.919,0.5000,0.5000,0.5000,0.5000,-4.47,4.68,0.458,,1,0,,,,,,6.83686,1.36484,,,,,,
28.973,0.5000,0.5000,0.5000,0.5000,-4.18,9.48,0.464,,1,0,,,,,,5.14921,1.41542,,,,,,
29.042,0.5000,0.5000,0.5000,0.5000,-3.80,13.04,0.450,,1,0,,,,,,4.28518,1.32881,,,,,,
29.090,0.5000,0.5000,0.5000,0.5000,-3.23,16.32,0.452,,1,0,,,,,,3.69431,1.26034,,,,,,
29.124,0.5000,0.5000,0.5000,0.5000,-2.78,17.75,0.482,,1,0,,,,,,2.43529,1.00877,,,,,,
29.163,0.5000,0.5000,0.5000,0.5000,-2.40,19.00,0.479,,1,0,,,,,,1.95564,0.77949,,,,,,
29.225,0.5000,0.5000,0.5000,0.5000,-2.00,20.14,0.464,,1,0,,,,,,1.52176,0.59237,,,,,,
29.286,0.5000,0.5000,0.5000,0.5000,-1.72,20.63,0.489,,1,0,,,,,,0.91076,-0.04274,,,,,,
29.325,0.5000,0.5000,0.5000,0.5000,-1.54,21.13,0.472,,1,0,,,,,,0.99808,-0.32927,,,,,,
29.361,0.5000,0.5000,0.5000,0.5000,-1.42,21.56,0.461,,1,0,,,,,,1.18899,-0.54937,,,,,,
29.406,0.5000,0.5000,0.5000,0.5000,-1.36,21.86,0.457,,1,0,,,,,,1.36192,-0.70615,,,,,,
29.454,0.5000,0.5000,0.5000,0.5000,-1.30,22.13,0.450,,1,0,,,,,,1.58937,-0.84158,,,,,,
29.509,0.5000,0.5000,0.5000,0.5000,-1.30,22.37,0.463,,1,0,,,,,,1.70818,-0.90473,,,,,,
29.556,0.5000,0.5000,0.5000,0.5000,-1.24,22.31,0.463,,1,0,,,,,,1.95991,-0.93032,,,,,,
29.611,0.5000,0.5000,0.5000,0.5000,-1.18,22.47,0.458,,1,0,,,,,,2.82121,-0.82550,,,,,,
29.651,0.5000,0.5000,0.5000,0.5000,-1.05,22.67,0.484,,1,0,,,,,,3.02779,-0.72641,,,,,,
29.718,0.5000,0.5000,0.5000,0.5000,-0.88,22.08,0.481,,1,0,,,,,,3.05863,-0.23331,,,,,,
29.761,0.5000,0.5000,0.5000,0.5000,-0.77,22.04,0.480,,1,0,,,,,,3.15526,-0.29310,,,,,,
29.798,0.5000,0.5000,0.5000,0.5000,-0.70,22.03,0.474,,1,0,,,,,,3.24477,-0.31208,,,,,,
29.848,0.5000,0.5000,0.5000,0.5000,-0.64,21.77,0.480,,1,0,,,,,,3.16213,-0.19172,,,,,,
29.913,0.5000,0.5000,0.5000,0.5000,-0.46,21.69,0.448,,1,0,,,,,,2.35081,0.71682,,,,,,
29.974,0.5000,0.5000,0.5000,0.5000,-0.33,21.59,0.440,,1,0,,,,,,1.94309,0.84731,,,,,,
30.018,0.5000,0.5000,0.5000,0.5000,-0.30,21.79,0.467,,1,0,,,,,,1.61610,0.94670,,,,,,
30.070,0.5000,0.5000,0.5000,0.5000,-0.18,21.85,0.456,,1,0,,,,,,1.38555,1.16798,,,,,,
30.116,0.5000,0.5000,0.5000,0.5000,-0.04,22.04,0.474,,1,0,,,,,,1.03921,1.63098,,,,,,
30.162,0.5000,0.5000,0.5000,0.5000,0.05,22.56,0.468,,1,0,,,,,,-0.22539,1.94561,,,,,,
30.206,0.5000,0.5000,0.5000,0.5000,0.15,22.82,0.463,,1,0,,,,,,-0.45417,1.81717,,,,,,
30.245,0.5000,0.5000,0.5000,0.5000,0.24,22.96,0.471,,1,0,,,,,,-0.61241,1.93131,,,,,,
30.287,0.5000,0.5000,0.5000,0.5000,0.38,23.08,0.460,,1,0,,,,,,-0.80623,2.03197,,,,,,
30.335,0.5000,0.5000,0.5000,0.5000,0.52,23.08,0.467,,1,0,,,,,,-1.00931,2.12930,,,,,,
30.380,0.5000,0.5000,0.5000,0.5000,0.60,23.16,0.474,,1,0,,,,,,-1.25165,2.08478,,,,,,
30.421,0.5000,0.5000,0.5000,0.5000,0.59,23.14,0.477,,1,0,,,,,,-1.24209,1.97019,,,,,,
30.462,0.5000,0.5000,0.5000,0.5000,0.71,23.18,0.481,,1,0,,,,,,-1.24265,1.82794,,,,,,
30.498,0.5000,0.5000,0.5000,0.5000,0.79,23.21,0.468,,1,0,,,,,,-1.31718,1.80653,,,,,,
30.534,0.5000,0.5000,0.5000,0.5000,0.86,23.25,0.474,,1,0,,,,,,-1.33817,1.79016,,,,,,
30.591,0.5000,0.5000,0.5000,0.5000,0.97,23.53,0.480,,1,0,,,,,,-1.65591,1.15212,,,,,,
30.634,0.5000,0.5000,0.5000,0.5000,1.06,23.60,0.488,,1,0,,,,,,-1.55793,0.84639,,,,,,
30.686,0.5000,0.5000,0.5000,0.5000,1.20,23.65,0.473,,1,0,,,,,,-1.53331,0.76535,,,,,,
30.728,0.5000,0.5000,0.5000,0.5000,1.35,23.72,0.487,,1,0,,,,,,-1.59998,0.75877,,,,,,
30.776,0.5000,0.5000,0.5000,0.5000,1.52,23.81,0.495,,1,0,,,,,,-1.56834,0.66178,,,,,,
30.829,0.5000,0.5000,0.5000,0.5000,1.74,23.96,0.514,,1,0,,,,,,-1.57214,0.42961,,,,,,
30.894,0.5000,0.5000,0.5000,0.5000,1.92,24.26,0.465,,1,0,,,,,,-1.87387,0.04637,,,,,,
30.959,0.5000,0.5000,0.5000,0.5000,2.15,24.53,0.473,,1,0,,,,,,-1.98713,-0.01433,,,,,,
31.016,0.5000,0.5000,0.5000,0.5000,2.32,24.84,0.489,,1,0,,,,,,-2.06557,-0.19187,,,,,,
31.057,0.5000,0.5000,0.5000,0.5000,2.38,25.00,0.484,,1,0,,,,,,-2.06068,-0.36254,,,,,,
31.110,0.5000,0.5000,0.5000,0.5000,2.52,25.14,0.478,,1,0,,,,,,-2.06317,-0.42090,,,,,,
31.171,0.5000,0.5000,0.5000,0.5000,2.61,25.22,0.486,,1,0,,,,,,-2.02184,-0.37208,,,,,,
31.206,0.5000,0.5000,0.5000,0.5000,2.68,25.27,0.484,,1,0,,,,,,-2.00580,-0.28563,,,,,,
31.257,0.5000,0.5000,0.5000,0.5000,2.74,25.40,0.452,,1,0,,,,,,-1.73615,-0.40545,,,,,,
31.300,0.5000,0.5000,0.5000,0.5000,2.81,25.51,0.442,,1,0,,,,,,-1.36857,-0.35736,,,,,,
31.344,0.5000,0.5000,0.5000,0.5000,2.77,25.71,0.453,,1,0,,,,,,-1.01217,-0.21734,,,,,,
31.380,0.5000,0.5000,0.5000,0.5000,2.68,25.77,0.434,,1,0,,,,,,-0.81601,-0.04733,,,,,,
31.428,0.5000,0.5000,0.5000,0.5000,2.61,25.75,0.433,,1,0,,,,,,-0.65069,0.05791,,,,,,
31.465,0.5000,0.5000,0.5000,0.5000,2.52,25.66,0.428,,1,0,,,,,,-0.48391,0.07216,,,,,,
31.504,0.5000,0.5000,0.5000,0.5000,2.48,25.54,0.424,,1,0,,,,,,-0.31454,0.09106,,,,,,
31.548,0.5000,0.5000,0.5000,0.5000,2.42,25.41,0.433,,1,0,,,,,,-0.24272,0.13339,,,,,,
31.598,0.5000,0.5000,0.5000,0.5000,2.21,25.01,0.403,,1,0,,,,,,-0.05320,0.61801,,,,,,
31.650,0.5000,0.5000,0.5000,0.5000,2.09,24.35,0.248,,1,0,,,,,,0.00206,1.06833,,,,,,
31.714,0.5000,0.5000,0.5000,0.5000,1.85,23.46,0.225,,1,0,,,,,,0.05157,1.41951,,,,,,
31.763,0.5000,0.5000,0.5000,0.5000,1.65,22.62,0.217,,1,0,,,,,,0.12494,1.59339,,,,,,
31.815,0.5000,0.5000,0.5000,0.5000,1.45,21.96,0.282,,1,0,,,,,,0.08185,1.62807,,,,,,
31.864,0.5000,0.5000,0.5000,0.5000,1.37,21.41,0.292,,1,0,,,,,,0.09944,1.73362,,,,,,
31.918,0.5000,0.5000,0.5000,0.5000,1.26,21.14,0.244,,1,0,,,,,,0.11408,1.67972,,,,,,
31.961,0.5000,0.5000,0.5000,0.5000,1.18,20.99,0.249,,1,0,,,,,,0.08228,1.58113,,,,,,
32.029,0.5000,0.5000,0.5000,0.5000,1.09,21.16,0.405,,1,0,,,,,,0.00805,1.24241,,,,,,
32.070,0.5000,0.5000,0.5000,0.5000,1.00,21.36,0.475,,1,0,,,,,,-0.01856,0.94721,,,,,,
32.125,0.5000,0.5000,0.5000,0.5000,0.91,21.68,0.506,,1,0,,,,,,-0.37453,0.38960,,,,,,
32.174,0.5000,0.5000,0.5000,0.5000,0.84,21.97,0.485,,1,0,,,,,,-0.70043,0.08385,,,,,,
32.243,0.5000,0.5000,0.5000,0.5000,0.76,22.19,0.478,,1,0,,,,,,-0.92412,-0.16334,,,,,,
32.295,0.5000,0.5000,0.5000,0.5000,0.53,22.52,0.488,,1,0,,,,,,-1.16998,-0.30128,,,,,,
32.350,0.5000,0.5000,0.5000,0.5000,0.37,22.78,0.486,,1,0,,,,,,-1.46618,-0.40130,,,,,,
32.388,0.5000,0.5000,0.5000,0.5000,0.12,23.03,0.477,,1,0,,,,,,-1.79912,-0.49583,,,,,,
32.427,0.5000,0.5000,0.5000,0.5000,-0.50,23.52,0.544,,1,0,,,,,,-3.25646,-2.05662,,,,,,
32.469,0.5000,0.5000,0.5000,0.5000,-1.03,23.93,0.531,,1,0,,,,,,-3.44114,-2.86306,,,,,,
32.512,0.5000,0.5000,0.5000,0.5000,-1.86,24.56,0.506,,1,0,,,,,,-3.80397,-4.14804,,,,,,
32.533,0.5000,0.5000,,,,,,,0,0,,,,,,,,,,,,,
32.592,0.5000,0.5000,0.5000,0.5000,-3.25,24.62,0.481,,1,0,,,,,,-4.37066,-7.13416,,,,,,
32.635,0.5000,0.5000,0.5000,0.5000,-4.52,24.99,0.602,,1,0,,,,,,-4.46938,-9.01058,,,,,,
32.663,0.5000,0.5000,0.5000,0.5000,-5.81,25.37,0.626,,1,0,,,,,,-4.27460,-10.07547,,,,,,
32.728,0.5000,0.5000,0.5000,0.5000,-6.86,25.59,0.550,,1,0,,,,,,-4.49759,-12.04310,,,,,,
32.766,0.5000,0.5000,,,,,,,0,0,,,,,,,,,,,,,
32.792,0.5000,0.5000,,,,,,,0,0,,,,,,,,,,,,,
32.826,0.5000,0.5000,,,,,,,0,0,,,,,,,,,,,,,
32.873,0.5000,0.5000,,,,,,,0,0,,,,,,,,,,,,,
32.927,0.5000,0.5000,,,,,,,0,0,,,,,,,,,,,,,
32.963,0.5000,0.5000,,,,,,,0,0,,,,,,,,,,,,,
32.991,0.5000,0.5000,,,,,,,0,0,,,,,,,,,,,,,
33.027,0.5000,0.5000,,,,,,,0,0,,,,,,,,,,,,,
33.055,0.5000,0.5000,,,,,,,0,0,,,,,,,,,,,,,
33.098,0.5000,0.5000,,,,,,,0,0,,,,,,,,,,,,,
33.136,0.5000,0.5000,,,,,,,0,0,,,,,,,,,,,,,
33.160,0.5000,0.5000,,,,,,,0,0,,,,,,,,,,,,,
33.200,0.5000,0.5000,,,,,,,0,0,,,,,,,,,,,,,
33.230,0.5000,0.5000,,,,,,,0,0,,,,,,,,,,,,,
33.255,0.5000,0.5000,,,,,,,0,0,,,,,,,,,,,,,
33.289,0.5000,0.5000,,,,,,,0,0,,,,,,,,,,,,,
33.322,0.5000,0.5000,,,,,,,0,0,,,,,,,,,,,,,
33.361,0.5000,0.5000,,,,,,,0,0,,,,,,,,,,,,,
33.389,0.5000,0.5000,,,,,,,0,0,,,,,,,,,,,,,
33.418,0.5000,0.5000,,,,,,,0,0,,,,,,,,,,,,,
33.461,0.5000,0.5000,0.5000,0.5000,16.00,16.12,0.430,,1,0,,,,,,-0.05358,0.40875,,,,,,
33.516,0.5000,0.5000,,,,,,,0,0,,,,,,,,,,,,,
33.558,0.5000,0.5000,,,,,,,0,0,,,,,,,,,,,,,
33.596,0.5000,0.5000,,,,,,,0,0,,,,,,,,,,,,,
33.622,0.5000,0.5000,,,,,,,0,0,,,,,,,,,,,,,
33.669,0.5000,0.5000,,,,,,,0,0,,,,,,,,,,,,,
33.720,0.5000,0.5000,,,,,,,0,0,,,,,,,,,,,,,
33.795,0.5000,0.5000,0.5000,0.5000,-30.92,-1.10,0.364,,1,0,,,,,,-7.24685,-20.15403,,,,,,
33.845,0.5000,0.5000,0.5000,0.5000,-44.23,-2.46,0.392,,1,0,,,,,,-9.56940,-19.39657,,,,,,
33.885,0.5000,0.5000,0.5000,0.5000,38.50,9.49,0.405,,1,0,,,,,,-11.00951,-21.45910,,,,,,
33.939,0.5000,0.5000,0.5000,0.5000,21.71,1.54,0.388,,1,0,,,,,,-11.97765,-21.11753,,,,,,
33.999,0.5000,0.5000,0.5000,0.5000,-47.19,-0.76,0.371,,1,0,,,,,,-11.75788,-20.40139,,,,,,
34.061,0.5000,0.5000,0.5000,0.5000,-88.43,2.22,0.374,,1,0,,,,,,-12.37920,-20.94129,,,,,,
34.118,0.5000,0.5000,0.5000,0.5000,-67.48,4.64,0.357,,1,0,,,,,,-14.28284,-22.97896,,,,,,
34.179,0.5000,0.5000,0.5000,0.5000,-51.40,6.50,0.356,,1,0,,,,,,-13.57406,-21.92081,,,,,,
34.226,0.5000,0.5000,0.5000,0.5000,-41.70,7.26,0.348,,1,0,,,,,,-12.99465,-20.98115,,,,,,
34.295,0.5000,0.5000,0.5000,0.5000,-34.91,7.48,0.351,,1,0,,,,,,-13.19285,-20.89840,,,,,,
34.354,0.5000,0.5000,0.5000,0.5000,-28.83,7.25,0.351,,1,0,,,,,,-13.58413,-21.09683,,,,,,
34.410,0.5000,0.5000,0.5000,0.5000,-25.40,6.85,0.327,,1,0,,,,,,-13.08888,-20.41071,,,,,,
34.453,0.5000,0.5000,0.5000,0.5000,-23.51,6.32,0.334,,1,0,,,,,,-13.35055,-20.64713,,,,,,
34.515,0.5000,0.5000,0.5000,0.5000,-21.75,6.06,0.339,,1,0,,,,,,-13.98242,-21.44815,,,,,,
34.591,0.5000,0.5000,0.5000,0.5000,-20.36,5.44,0.342,,1,0,,,,,,-13.64744,-20.91965,,,,,,
34.635,0.5000,0.5000,0.5000,0.5000,-18.55,5.04,0.337,,1,0,,,,,,-13.74763,-21.10706,,,,,,
34.686,0.5000,0.5000,0.5000,0.5000,-17.43,4.71,0.336,,1,0,,,,,,-13.57838,-20.96346,,,,,,
34.720,0.5000,0.5000,0.5000,0.5000,-16.49,4.68,0.367,,1,0,,,,,,-13.64277,-21.23362,,,,,,
34.796,0.5000,0.5000,0.5000,0.5000,-15.67,4.62,0.358,,1,0,,,,,,-13.86569,-21.57115,,,,,,
34.843,0.5000,0.5000,0.5000,0.5000,-15.34,5.40,0.362,,1,0,,,,,,-15.07213,-23.75695,,,,,,
34.891,0.5000,0.5000,0.5000,0.5000,-14.81,6.48,0.372,,1,0,,,,,,-14.39949,-24.06316,,,,,,
34.948,0.5000,0.5000,0.5000,0.5000,-14.01,7.48,0.348,,1,0,,,,,,-13.80609,-23.21072,,,,,,
35.005,0.5000,0.5000,0.5000,0.5000,-13.35,8.79,0.344,,1,0,,,,,,-14.16815,-24.11735,,,,,,
35.054,0.5000,0.5000,0.5000,0.5000,-12.85,11.97,0.464,,1,0,,,,,,-18.02350,-33.00813,,,,,,
35.111,0.5000,0.5000,0.5000,0.5000,-11.42,14.30,0.443,,1,0,,,,,,-16.43048,-31.19080,,,,,,
35.189,0.5000,0.5000,0.5000,0.5000,-8.97,17.37,0.465,,1,0,,,,,,-15.35993,-30.76469,,,,,,
35.220,0.5000,0.5000,,,,,,,0,0,,,,,,,,,,,,,
35.272,0.5000,0.5000,,,,,,,0,0,,,,,,,,,,,,,
35.304,0.5000,0.5000,,,,,,,0,0,,,,,,,,,,,,,
35.322,0.5000,0.5000,,,,,,,0,0,,,,,,,,,,,,,
35.351,0.5000,0.5000,,,,,,,0,0,,,,,,,,,,,,,
35.376,0.5000,0.5000,,,,,,,0,0,,,,,,,,,,,,,
35.395,0.5000,0.5000,,,,,,,0,0,,,,,,,,,,,,,
35.424,0.5000,0.5000,,,,,,,0,0,,,,,,,,,,,,,
35.454,0.5000,0.5000,,,,,,,0,0,,,,,,,,,,,,,
35.483,0.5000,0.5000,,,,,,,0,0,,,,,,,,,,,,,
35.520,0.5000,0.5000,,,,,,,0,0,,,,,,,,,,,,,
35.557,0.5000,0.5000,,,,,,,0,0,,,,,,,,,,,,,
35.601,0.5000,0.5000,,,,,,,0,0,,,,,,,,,,,,,
35.632,0.5000,0.5000,,,,,,,0,0,,,,,,,,,,,,,
35.673,0.5000,0.5000,,,,,,,0,0,,,,,,,,,,,,,
35.706,0.5000,0.5000,,,,,,,0,0,,,,,,,,,,,,,
35.750,0.5000,0.5000,,,,,,,0,0,,,,,,,,,,,,,
35.788,0.5000,0.5000,,,,,,,0,0,,,,,,,,,,,,,
35.820,0.5000,0.5000,,,,,,,0,0,,,,,,,,,,,,,
35.845,0.5000,0.5000,,,,,,,0,0,,,,,,,,,,,,,
35.885,0.5000,0.5000,,,,,,,0,0,,,,,,,,,,,,,
35.914,0.5000,0.5000,,,,,,,0,0,,,,,,,,,,,,,
35.953,0.5000,0.5000,,,,,,,0,0,,,,,,,,,,,,,
35.991,0.5000,0.5000,,,,,,,0,0,,,,,,,,,,,,,
36.041,0.5000,0.5000,,,,,,,0,0,,,,,,,,,,,,,
36.081,0.5000,0.5000,,,,,,,0,0,,,,,,,,,,,,,
36.129,0.5000,0.5000,,,,,,,0,0,,,,,,,,,,,,,
36.161,0.5000,0.5000,,,,,,,0,0,,,,,,,,,,,,,
36.206,0.5000,0.5000,,,,,,,0,0,,,,,,,,,,,,,
36.239,0.5000,0.5000,,,,,,,0,0,,,,,,,,,,,,,
36.265,0.5000,0.5000,,,,,,,0,0,,,,,,,,,,,,,
36.298,0.5000,0.5000,,,,,,,0,0,,,,,,,,,,,,,
36.344,0.5000,0.5000,,,,,,,0,0,,,,,,,,,,,,,
36.381,0.5000,0.5000,,,,,,,0,0,,,,,,,,,,,,,
36.424,0.5000,0.5000,,,,,,,0,0,,,,,,,,,,,,,
36.469,0.5000,0.5000,,,,,,,0,0,,,,,,,,,,,,,
36.500,0.5000,0.5000,,,,,,,0,0,,,,,,,,,,,,,
36.543,0.5000,0.5000,,,,,,,0,0,,,,,,,,,,,,,
36.581,0.5000,0.5000,,,,,,,0,0,,,,,,,,,,,,,
36.608,0.5000,0.5000,,,,,,,0,0,,,,,,,,,,,,,
36.647,0.5000,0.5000,,,,,,,0,0,,,,,,,,,,,,,
36.684,0.5000,0.5000,,,,,,,0,0,,,,,,,,,,,,,
36.708,0.5000,0.5000,,,,,,,0,0,,,,,,,,,,,,,
36.739,0.5000,0.5000,,,,,,,0,0,,,,,,,,,,,,,
36.764,0.5000,0.5000,,,,,,,0,0,,,,,,,,,,,,,
36.795,0.5000,0.5000,,,,,,,0,0,,,,,,,,,,,,,
36.822,0.5000,0.5000,,,,,,,0,0,,,,,,,,,,,,,
36.859,0.5000,0.5000,,,,,,,0,0,,,,,,,,,,,,,
36.903,0.5000,0.5000,,,,,,,0,0,,,,,,,,,,,,,
36.938,0.5000,0.5000,,,,,,,0,0,,,,,,,,,,,,,
36.990,0.5000,0.5000,,,,,,,0,0,,,,,,,,,,,,,
37.050,0.5000,0.5000,,,,,,,0,0,,,,,,,,,,,,,
37.079,0.5000,0.5000,,,,,,,0,0,,,,,,,,,,,,,
37.112,0.5000,0.5000,,,,,,,0,0,,,,,,,,,,,,,
37.144,0.5000,0.5000,,,,,,,0,0,,,,,,,,,,,,,
37.179,0.5000,0.5000,,,,,,,0,0,,,,,,,,,,,,,
37.220,0.5000,0.5000,,,,,,,0,0,,,,,,,,,,,,,
37.255,0.5000,0.5000,,,,,,,0,0,,,,,,,,,,,,,
37.277,0.5000,0.5000,,,,,,,0,0,,,,,,,,,,,,,
37.305,0.5000,0.5000,,,,,,,0,0,,,,,,,,,,,,,
37.351,0.5000,0.5000,,,,,,,0,0,,,,,,,,,,,,,
37.410,0.5000,0.5000,,,,,,,0,0,,,,,,,,,,,,,
37.455,0.5000,0.5000,,,,,,,0,0,,,,,,,,,,,,,
37.509,0.5000,0.5000,,,,,,,0,0,,,,,,,,,,,,,
37.564,0.5000,0.5000,,,,,,,0,0,,,,,,,,,,,,,
37.602,0.5000,0.5000,,,,,,,0,0,,,,,,,,,,,,,
37.647,0.5000,0.5000,,,,,,,0,0,,,,,,,,,,,,,
37.689,0.5000,0.5000,,,,,,,0,0,,,,,,,,,,,,,
37.715,0.5000,0.5000,,,,,,,0,0,,,,,,,,,,,,,
37.753,0.5000,0.5000,,,,,,,0,0,,,,,,,,,,,,,
37.779,0.5000,0.5000,,,,,,,0,0,,,,,,,,,,,,,
37.809,0.5000,0.5000,,,,,,,0,0,,,,,,,,,,,,,
37.836,0.5000,0.5000,,,,,,,0,0,,,,,,,,,,,,,
37.883,0.5000,0.5000,,,,,,,0,0,,,,,,,,,,,,,
37.921,0.5000,0.5000,,,,,,,0,0,,,,,,,,,,,,,
37.945,0.5000,0.5000,,,,,,,0,0,,,,,,,,,,,,,
37.975,0.5000,0.5000,,,,,,,0,0,,,,,,,,,,,,,
38.007,0.5000,0.5000,,,,,,,0,0,,,,,,,,,,,,,
38.042,0.5000,0.5000,,,,,,,0,0,,,,,,,,,,,,,
38.073,0.5000,0.5000,,,,,,,0,0,,,,,,,,,,,,,
38.104,0.5000,0.5000,,,,,,,0,0,,,,,,,,,,,,,
38.140,0.5000,0.5000,,,,,,,0,0,,,,,,,,,,,,,
38.174,0.5000,0.5000,,,,,,,0,0,,,,,,,,,,,,,
38.207,0.5000,0.5000,,,,,,,0,0,,,,,,,,,,,,,
38.232,0.5000,0.5000,,,,,,,0,0,,,,,,,,,,,,,
38.262,0.5000,0.5000,,,,,,,0,0,,,,,,,,,,,,,
38.299,0.5000,0.5000,,,,,,,0,0,,,,,,,,,,,,,
38.333,0.5000,0.5000,,,,,,,0,0,,,,,,,,,,,,,
38.359,0.5000,0.5000,,,,,,,0,0,,,,,,,,,,,,,
38.390,0.5000,0.5000,,,,,,,0,0,,,,,,,,,,,,,
38.424,0.5000,0.5000,,,,,,,0,0,,,,,,,,,,,,,
38.455,0.5000,0.5000,,,,,,,0,0,,,,,,,,,,,,,
38.489,0.5000,0.5000,,,,,,,0,0,,,,,,,,,,,,,
38.519,0.5000,0.5000,,,,,,,0,0,,,,,,,,,,,,,
38.571,0.5000,0.5000,,,,,,,0,0,,,,,,,,,,,,,
38.612,0.5000,0.5000,,,,,,,0,0,,,,,,,,,,,,,
38.640,0.5000,0.5000,,,,,,,0,0,,,,,,,,,,,,,
38.668,0.5000,0.5000,,,,,,,0,0,,,,,,,,,,,,,
38.696,0.5000,0.5000,,,,,,,0,0,,,,,,,,,,,,,
38.746,0.5000,0.5000,0.5000,0.5000,-11.73,15.70,0.365,,1,0,,,,,,9.57976,-27.10973,,,,,,
38.787,0.5000,0.5000,0.5000,0.5000,-13.51,14.19,0.362,,1,0,,,,,,11.66385,-30.10488,,,,,,
38.829,0.5000,0.5000,0.5000,0.5000,-14.27,13.00,0.352,,1,0,,,,,,10.53533,-26.76297,,,,,,
38.882,0.5000,0.5000,0.5000,0.5000,-15.48,11.18,0.332,,1,0,,,,,,11.19633,-27.59517,,,,,,
38.944,0.5000,0.5000,0.5000,0.5000,-17.14,8.67,0.297,,1,0,,,,,,10.84639,-26.06553,,,,,,
39.009,0.5000,0.5000,0.5000,0.5000,-17.66,6.50,0.306,,1,0,,,,,,10.66358,-25.76748,,,,,,
39.049,0.5000,0.5000,0.5000,0.5000,-18.01,4.50,0.324,,1,0,,,,,,10.22144,-24.62935,,,,,,
39.115,0.5000,0.5000,0.5000,0.5000,-16.83,5.14,0.309,,1,0,,,,,,10.60650,-25.73650,,,,,,
39.161,0.5000,0.5000,0.5000,0.5000,-15.91,5.71,0.280,,1,0,,,,,,10.60088,-25.79095,,,,,,
39.218,0.5000,0.5000,0.5000,0.5000,-15.19,6.08,0.303,,1,0,,,,,,9.30424,-24.23529,,,,,,
39.260,0.5000,0.5000,0.5000,0.5000,-14.58,6.14,0.318,,1,0,,,,,,9.14011,-24.09724,,,,,,
39.316,0.5000,0.5000,0.5000,0.5000,-15.16,8.29,0.340,,1,0,,,,,,7.89454,-23.76101,,,,,,
39.355,0.5000,0.5000,0.5000,0.5000,-14.80,10.57,0.321,,1,0,,,,,,7.67223,-24.18801,,,,,,
39.392,0.5000,0.5000,0.5000,0.5000,-13.88,11.91,0.334,,1,0,,,,,,7.10944,-23.83487,,,,,,
39.445,0.5000,0.5000,0.5000,0.5000,-12.72,13.57,0.343,,1,0,,,,,,6.70242,-23.42873,,,,,,
39.493,0.5000,0.5000,0.5000,0.5000,-10.93,16.75,0.368,,1,0,,,,,,5.96764,-23.27052,,,,,,
39.541,0.5000,0.5000,0.5000,0.5000,-9.22,19.13,0.350,,1,0,,,,,,5.57436,-23.16012,,,,,,
39.599,0.5000,0.5000,0.5000,0.5000,-7.90,21.10,0.370,,1,0,,,,,,5.52828,-24.37203,,,,,,
39.657,0.5000,0.5000,0.5000,0.5000,-7.56,22.10,0.334,,1,0,,,,,,5.46881,-24.95113,,,,,,
39.713,0.5000,0.5000,0.5000,0.5000,-8.45,22.09,0.309,,1,0,,,,,,4.67845,-26.06223,,,,,,
39.770,0.5000,0.5000,0.5000,0.5000,-9.00,22.30,0.312,,1,0,,,,,,4.39567,-25.06813,,,,,,
39.819,0.5000,0.5000,0.5000,0.5000,-9.68,22.11,0.329,,1,0,,,,,,4.50831,-25.42242,,,,,,
39.857,0.5000,0.5000,0.5000,0.5000,-9.96,21.99,0.315,,1,0,,,,,,4.16392,-23.99354,,,,,,
39.914,0.5000,0.5000,0.5000,0.5000,-10.35,21.88,0.326,,1,0,,,,,,4.13435,-24.77592,,,,,,
39.983,0.5000,0.5000,0.5000,0.5000,-10.87,22.18,0.339,,1,0,,,,,,3.88792,-24.62975,,,,,,
40.031,0.5000,0.5000,0.5000,0.5000,-11.29,22.06,0.344,,1,0,,,,,,3.72674,-23.77898,,,,,,
40.094,0.5000,0.5000,0.5000,0.5000,-11.64,22.29,0.353,,1,0,,,,,,3.72655,-23.52496,,,,,,
40.168,0.5000,0.5000,0.5000,0.5000,-11.94,22.52,0.349,,1,0,,,,,,3.70702,-23.97065,,,,,,
40.230,0.5000,0.5000,0.5000,0.5000,-12.58,23.03,0.384,,1,0,,,,,,3.83538,-24.72772,,,,,,
40.266,0.5000,0.5000,0.5000,0.5000,-12.83,23.26,0.368,,1,0,,,,,,3.78553,-23.69082,,,,,,
40.310,0.5000,0.5000,0.5000,0.5000,-13.19,22.99,0.359,,1,0,,,,,,3.84718,-23.70144,,,,,,
40.355,0.5000,0.5000,0.5000,0.5000,-13.87,22.42,0.356,,1,0,,,,,,3.93185,-23.56143,,,,,,
40.392,0.5000,0.5000,0.5000,0.5000,-14.18,22.18,0.362,,1,0,,,,,,4.30744,-24.65992,,,,,,
40.461,0.5000,0.5000,0.5000,0.5000,-15.04,21.54,0.368,,1,0,,,,,,4.00050,-23.51834,,,,,,
40.512,0.5000,0.5000,0.5000,0.5000,-16.18,20.58,0.366,,1,0,,,,,,3.87233,-23.39848,,,,,,
40.566,0.5000,0.5000,0.5000,0.5000,-18.11,19.19,0.348,,1,0,,,,,,3.64827,-22.52166,,,,,,
40.618,0.5000,0.5000,0.5000,0.5000,-19.07,18.14,0.346,,1,0,,,,,,3.45817,-21.60315,,,,,,
40.663,0.5000,0.5000,0.5000,0.5000,-19.58,17.21,0.352,,1,0,,,,,,3.42510,-21.95467,,,,,,
40.706,0.5000,0.5000,0.5000,0.5000,-19.79,16.52,0.346,,1,0,,,,,,3.34396,-21.74184,,,,,,
40.761,0.5000,0.5000,0.5000,0.5000,-20.03,15.53,0.334,,1,0,,,,,,2.63226,-21.95743,,,,,,
40.802,0.5000,0.5000,0.5000,0.5000,-20.01,14.80,0.328,,1,0,,,,,,2.42720,-21.42820,,,,,,
40.848,0.5000,0.5000,0.5000,0.5000,-19.76,14.20,0.339,,1,0,,,,,,2.36743,-21.58422,,,,,,
40.904,0.5000,0.5000,0.5000,0.5000,-19.17,14.09,0.339,,1,0,,,,,,2.22717,-20.82563,,,,,,
40.957,0.5000,0.5000,0.5000,0.5000,-18.46,14.22,0.347,,1,0,,,,,,2.34440,-20.64153,,,,,,
40.996,0.5000,0.5000,0.5000,0.5000,-18.09,14.48,0.376,,1,0,,,,,,2.23267,-19.37430,,,,,,
41.031,0.5000,0.5000,0.5000,0.5000,-17.93,14.59,0.382,,1,0,,,,,,1.98474,-17.85495,,,,,,
41.091,0.5000,0.5000,0.5000,0.5000,-18.22,15.79,0.462,,1,0,,,,,,1.80631,-15.11908,,,,,,
41.128,0.5000,0.5000,0.5000,0.5000,-17.98,17.18,0.444,,1,0,,,,,,1.85131,-13.81781,,,,,,
41.179,0.5000,0.5000,0.5000,0.5000,-16.98,19.45,0.479,,1,0,,,,,,1.96884,-13.64584,,,,,,
41.223,0.5000,0.5000,0.5000,0.5000,-15.35,21.94,0.532,,1,0,,,,,,2.10086,-12.06236,,,,,,
41.264,0.5000,0.5000,0.5000,0.5000,-13.70,23.93,0.551,,1,0,,,,,,2.16070,-11.50408,,,,,,
41.308,0.5000,0.5000,0.5000,0.5000,-12.45,25.68,0.577,,1,0,,,,,,2.22936,-11.57252,,,,,,
41.349,0.5000,0.5000,0.5000,0.5000,-12.23,26.83,0.553,,1,0,,,,,,2.31375,-11.81096,,,,,,
41.390,0.5000,0.5000,0.5000,0.5000,-12.94,27.17,0.508,,1,0,,,,,,2.50048,-11.89872,,,,,,
41.446,0.5000,0.5000,0.5000,0.5000,-14.71,26.73,0.476,,1,0,,,,,,2.65800,-12.17566,,,,,,
41.492,0.5000,0.5000,0.5000,0.5000,-16.15,25.44,0.344,,1,0,,,,,,3.12736,-14.40053,,,,,,
41.541,0.5000,0.5000,0.5000,0.5000,-16.80,24.61,0.381,,1,0,,,,,,3.06836,-14.40241,,,,,,
41.593,0.5000,0.5000,0.5000,0.5000,-17.99,23.34,0.395,,1,0,,,,,,3.18011,-15.41095,,,,,,
41.640,0.5000,0.5000,0.5000,0.5000,-18.71,22.36,0.388,,1,0,,,,,,3.28909,-16.23219,,,,,,
41.687,0.5000,0.5000,0.5000,0.5000,-19.16,21.22,0.385,,1,0,,,,,,3.24892,-15.97921,,,,,,
41.750,0.5000,0.5000,0.5000,0.5000,-18.62,20.40,0.377,,1,0,,,,,,5.05486,-16.10399,,,,,,
41.807,0.5000,0.5000,0.5000,0.5000,-17.68,20.00,0.372,,1,0,,,,,,5.63174,-16.22809,,,,,,
41.857,0.5000,0.5000,0.5000,0.5000,-17.09,19.22,0.360,,1,0,,,,,,6.54278,-14.64516,,,,,,
41.929,0.5000,0.5000,0.5000,0.5000,-15.87,18.97,0.326,,1,0,,,,,,7.66695,-13.38039,,,,,,
41.982,0.5000,0.5000,0.5000,0.5000,-14.34,18.54,0.307,,1,0,,,,,,8.44872,-12.97556,,,,,,
42.031,0.5000,0.5000,0.5000,0.5000,-13.86,18.06,0.309,,1,0,,,,,,12.02777,-15.49789,,,,,,
42.082,0.5000,0.5000,0.5000,0.5000,-12.97,17.61,0.295,,1,0,,,,,,13.31640,-15.88570,,,,,,
42.131,0.5000,0.5000,,,,,,,0,0,,,,,,,,,,,,,
42.162,0.5000,0.5000,,,,,,,0,0,,,,,,,,,,,,,
42.197,0.5000,0.5000,,,,,,,0,0,,,,,,,,,,,,,
42.233,0.5000,0.5000,,,,,,,0,0,,,,,,,,,,,,,
42.269,0.5000,0.5000,,,,,,,0,0,,,,,,,,,,,,,
42.303,0.5000,0.5000,,,,,,,0,0,,,,,,,,,,,,,
42.330,0.5000,0.5000,,,,,,,0,0,,,,,,,,,,,,,
42.356,0.5000,0.5000,,,,,,,0,0,,,,,,,,,,,,,
42.383,0.5000,0.5000,,,,,,,0,0,,,,,,,,,,,,,
42.414,0.5000,0.5000,,,,,,,0,0,,,,,,,,,,,,,
42.447,0.5000,0.5000,,,,,,,0,0,,,,,,,,,,,,,
42.501,0.5000,0.5000,0.5000,0.5000,-12.98,18.08,0.347,,1,0,,,,,,6.03918,-15.12443,,,,,,
42.545,0.5000,0.5000,0.5000,0.5000,-12.74,19.07,0.389,,1,0,,,,,,5.57847,-14.06315,,,,,,
42.586,0.5000,0.5000,,,,,,,0,0,,,,,,,,,,,,,
42.678,0.5000,0.5000,0.5000,0.5000,-11.04,22.05,0.490,,1,0,,,,,,2.39959,-8.99660,,,,,,
42.698,0.5000,0.5000,,,,,,,0,0,,,,,,,,,,,,,
42.757,0.5000,0.5000,0.5000,0.5000,-8.08,24.50,0.508,,1,0,,,,,,0.58058,-4.32037,,,,,,
42.780,0.5000,0.5000,,,,,,,0,0,,,,,,,,,,,,,
42.836,0.5000,0.5000,0.5000,0.5000,-5.23,26.02,0.465,,1,0,,,,,,-1.01997,-0.77761,,,,,,
42.886,0.5000,0.5000,0.5000,0.5000,-2.30,27.35,0.425,,1,0,,,,,,-1.72934,-0.11654,,,,,,
42.932,0.5000,0.5000,0.5000,0.5000,-0.59,28.06,0.394,,1,0,,,,,,-2.42524,0.10304,,,,,,
42.971,0.5000,0.5000,0.5000,0.5000,0.17,28.30,0.410,,1,0,,,,,,-3.23868,-0.01127,,,,,,
43.006,0.5000,0.5000,0.5000,0.5000,0.19,28.08,0.421,,1,0,,,,,,-3.67645,-0.09522,,,,,,
43.047,0.5000,0.5000,0.5000,0.5000,-0.05,27.64,0.399,,1,0,,,,,,-4.06084,-0.35998,,,,,,
43.076,0.5000,0.5000,0.5000,0.5000,0.21,27.21,0.412,,1,0,,,,,,-5.36234,0.19158,,,,,,
43.127,0.5000,0.5000,0.5000,0.5000,0.39,26.66,0.433,,1,0,,,,,,-5.61107,0.55503,,,,,,
43.165,0.5000,0.5000,0.5000,0.5000,0.36,26.06,0.438,,1,0,,,,,,-5.88907,0.72874,,,,,,
43.203,0.5000,0.5000,0.5000,0.5000,0.23,25.53,0.427,,1,0,,,,,,-6.16849,0.82985,,,,,,
43.242,0.5000,0.5000,0.5000,0.5000,0.34,25.11,0.415,,1,0,,,,,,-6.17506,0.82543,,,,,,
43.285,0.5000,0.5000,0.5000,0.5000,0.43,24.67,0.423,,1,0,,,,,,-6.22482,0.80153,,,,,,
43.323,0.5000,0.5000,0.5000,0.5000,0.45,24.21,0.420,,1,0,,,,,,-6.41894,0.80952,,,,,,
43.364,0.5000,0.5000,0.5000,0.5000,0.34,23.62,0.423,,1,0,,,,,,-6.46106,0.77803,,,,,,
43.410,0.5000,0.5000,0.5000,0.5000,0.16,22.98,0.428,,1,0,,,,,,-6.46409,0.76118,,,,,,
43.461,0.5000,0.5000,0.5000,0.5000,0.17,22.35,0.426,,1,0,,,,,,-6.42537,0.68401,,,,,,
43.522,0.5000,0.5000,0.5000,0.5000,0.35,21.93,0.431,,1,0,,,,,,-6.61162,0.40313,,,,,,
43.570,0.5000,0.5000,0.5000,0.5000,0.56,21.42,0.408,,1,0,,,,,,-5.69481,0.23949,,,,,,
43.620,0.5000,0.5000,0.5000,0.5000,0.60,20.86,0.404,,1,0,,,,,,-5.32449,0.18374,,,,,,
43.670,0.5000,0.5000,0.5000,0.5000,0.84,20.47,0.396,,1,0,,,,,,-4.92578,0.17346,,,,,,
43.732,0.5000,0.5000,0.5000,0.5000,0.96,20.06,0.388,,1,0,,,,,,-4.48767,0.16827,,,,,,
43.781,0.5000,0.5000,0.5000,0.5000,0.72,19.34,0.388,,1,0,,,,,,-4.05261,0.20772,,,,,,
43.819,0.5000,0.5000,0.5000,0.5000,-2.17,17.72,0.423,,1,0,,,,,,-3.07007,0.46873,,,,,,
43.896,0.5000,0.5000,0.5000,0.5000,-8.90,14.05,0.419,,1,0,,,,,,-2.78505,0.61879,,,,,,
43.940,0.5000,0.5000,0.5000,0.5000,-12.79,9.78,0.412,,1,0,,,,,,-2.63919,0.78420,,,,,,
43.994,0.5000,0.5000,0.5000,0.5000,-13.34,7.55,0.403,,1,0,,,,,,-2.62835,0.89811,,,,,,
44.036,0.5000,0.5000,0.5000,0.5000,-13.83,5.50,0.402,,1,0,,,,,,-2.61931,0.96897,,,,,,
44.073,0.5000,0.5000,0.5000,0.5000,-13.82,3.25,0.404,,1,0,,,,,,-2.58219,1.02095,,,,,,
44.113,0.5000,0.5000,0.5000,0.5000,-13.35,1.47,0.393,,1,0,,,,,,-2.47946,1.24102,,,,,,
44.150,0.5000,0.5000,0.5000,0.5000,-13.49,-2.03,0.401,,1,0,,,,,,-2.48503,1.39483,,,,,,
44.194,0.5000,0.5000,0.5000,0.5000,-12.20,-4.58,0.405,,1,0,,,,,,-2.50186,1.55688,,,,,,
44.239,0.5000,0.5000,0.5000,0.5000,-10.76,-6.59,0.383,,1,0,,,,,,-2.51196,1.74557,,,,,,
44.282,0.5000,0.5000,0.5000,0.5000,-9.06,-7.90,0.316,,1,0,,,,,,-2.58702,2.00614,,,,,,
44.343,0.5000,0.5000,0.5000,0.5000,-8.32,-7.93,0.315,,1,0,,,,,,-2.65253,2.21558,,,,,,
44.391,0.5000,0.5000,0.5000,0.5000,-7.39,-8.19,0.308,,1,0,,,,,,-2.80351,2.29757,,,,,,
44.455,0.5000,0.5000,0.5000,0.5000,-7.76,-6.88,0.309,,1,0,,,,,,-3.21325,2.46542,,,,,,
44.511,0.5000,0.5000,0.5000,0.5000,-9.31,-4.67,0.342,,1,0,,,,,,-3.34537,2.43593,,,,,,
44.567,0.5000,0.5000,0.5000,0.5000,-9.93,-2.76,0.354,,1,0,,,,,,-3.40046,2.31122,,,,,,
44.612,0.5000,0.5000,0.5000,0.5000,-10.11,-0.90,0.404,,1,0,,,,,,-3.48426,2.25173,,,,,,
44.656,0.5000,0.5000,0.5000,0.5000,-10.02,0.87,0.453,,1,0,,,,,,-3.56002,2.14552,,,,,,
44.700,0.5000,0.5000,0.5000,0.5000,-9.58,3.00,0.475,,1,0,,,,,,-3.70562,2.08553,,,,,,
44.741,0.5000,0.5000,0.5000,0.5000,-8.86,4.82,0.484,,1,0,,,,,,-3.89198,2.05333,,,,,,
44.782,0.5000,0.5000,0.5000,0.5000,-7.78,6.46,0.479,,1,0,,,,,,-4.10279,2.04539,,,,,,
44.826,0.5000,0.5000,0.5000,0.5000,-6.64,7.85,0.480,,1,0,,,,,,-4.22162,2.06716,,,,,,
44.871,0.5000,0.5000,0.5000,0.5000,-5.64,8.93,0.470,,1,0,,,,,,-4.10607,1.96239,,,,,,
44.922,0.5000,0.5000,0.5000,0.5000,-3.92,11.27,0.465,,1,0,,,,,,-2.91885,2.44688,,,,,,
44.976,0.5000,0.5000,0.5000,0.5000,-2.10,13.41,0.419,,1,0,,,,,,-1.97415,3.21821,,,,,,
45.019,0.5000,0.5000,0.5000,0.5000,0.28,15.88,0.456,,1,0,,,,,,-1.03599,4.24551,,,,,,
45.070,0.5000,0.5000,0.5000,0.5000,2.11,17.20,0.493,,1,0,,,,,,-0.20035,5.31658,,,,,,
45.109,0.5000,0.5000,0.5000,0.5000,2.73,17.58,0.505,,1,0,,,,,,0.42853,5.05412,,,,,,
45.154,0.5000,0.5000,0.5000,0.5000,3.64,18.33,0.542,,1,0,,,,,,0.58360,3.92076,,,,,,
45.193,0.5000,0.5000,0.5000,0.5000,3.38,18.34,0.504,,1,0,,,,,,-0.10839,2.14866,,,,,,
45.240,0.5000,0.5000,0.5000,0.5000,3.10,18.35,0.458,,1,0,,,,,,-0.18631,1.73919,,,,,,
45.281,0.5000,0.5000,0.5000,0.5000,2.96,18.48,0.458,,1,0,,,,,,-0.20017,1.51770,,,,,,
45.323,0.5000,0.5000,0.5000,0.5000,3.02,18.81,0.451,,1,0,,,,,,-0.08942,1.45631,,,,,,
45.363,0.5000,0.5000,0.5000,0.5000,2.89,18.91,0.468,,1,0,,,,,,-0.06482,1.58318,,,,,,
45.408,0.5000,0.5000,0.5000,0.5000,2.47,18.62,0.466,,1,0,,,,,,-0.00924,1.80787,,,,,,
45.453,0.5000,0.5000,0.5000,0.5000,2.30,18.51,0.466,,1,0,,,,,,0.06505,1.87969,,,,,,
45.494,0.5000,0.5000,0.5000,0.5000,2.12,18.28,0.457,,1,0,,,,,,0.20674,1.97235,,,,,,
45.540,0.5000,0.5000,0.5000,0.5000,2.03,18.17,0.400,,1,0,,,,,,0.33390,2.29658,,,,,,
45.578,0.5000,0.5000,0.5000,0.5000,1.43,17.63,0.239,,1,0,,,,,,0.35528,3.02172,,,,,,
45.623,0.5000,0.5000,0.5000,0.5000,0.82,17.04,0.187,,1,0,,,,,,0.34012,3.62707,,,,,,
45.680,0.5000,0.5000,0.5000,0.5000,-0.06,17.67,0.228,,1,0,,,,,,-4.70436,4.05463,,,,,,
45.717,0.5000,0.5000,0.5000,0.5000,-0.45,18.35,0.272,,1,0,,,,,,-6.15356,3.26917,,,,,,
45.768,0.5000,0.5000,0.5000,0.5000,-0.50,18.78,0.282,,1,0,,,,,,-7.36395,3.08418,,,,,,
45.810,0.5000,0.5000,0.5000,0.5000,-0.84,19.45,0.264,,1,0,,,,,,-9.32526,3.52240,,,,,,
45.861,0.5000,0.5000,0.5000,0.5000,-0.74,20.11,0.256,,1,0,,,,,,-11.57612,4.32800,,,,,,
45.906,0.5000,0.5000,0.5000,0.5000,-0.03,21.54,0.246,,1,0,,,,,,-14.79335,5.52967,,,,,,
45.949,0.5000,0.5000,0.5000,0.5000,0.90,22.62,0.288,,1,0,,,,,,-17.85460,6.37754,,,,,,
46.004,0.5000,0.5000,,,,,,,0,0,,,,,,,,,,,,,
46.048,0.5000,0.5000,0.5000,0.5000,0.55,24.66,0.630,,1,0,,,,,,-25.53278,10.63229,,,,,,
46.098,0.5000,0.5000,0.5000,0.5000,3.52,24.94,0.448,,1,0,,,,,,-27.53299,11.52586,,,,,,
46.167,0.5000,0.5000,0.5000,0.5000,6.37,25.22,0.501,,1,0,,,,,,-28.06177,11.72081,,,,,,
46.208,0.5000,0.5000,0.5000,0.5000,7.58,25.98,0.473,,1,0,,,,,,-29.23802,12.95985,,,,,,
46.264,0.5000,0.5000,,,,,,,0,0,,,,,,,,,,,,,
46.316,0.5000,0.5000,,,,,,,0,0,,,,,,,,,,,,,
46.354,0.5000,0.5000,0.5000,0.5000,6.06,28.39,0.573,,1,0,,,,,,-25.96423,9.50932,,,,,,
46.402,0.5000,0.5000,0.5000,0.5000,5.34,30.37,0.592,,1,0,,,,,,-27.76599,11.05061,,,,,,
46.436,0.5000,0.5000,0.5000,0.5000,4.87,32.19,0.593,,1,0,,,,,,-27.30379,10.71961,,,,,,
46.478,0.5000,0.5000,0.5000,0.5000,5.04,34.05,0.621,,1,0,,,,,,-29.55520,11.66070,,,,,,
46.521,0.5000,0.5000,0.5000,0.5000,5.11,35.49,0.698,,1,0,,,,,,-29.51087,10.74618,,,,,,
46.567,0.5000,0.5000,0.5000,0.5000,3.97,36.24,0.547,,1,0,,,,,,-28.43059,9.72730,,,,,,
46.624,0.5000,0.5000,0.5000,0.5000,2.47,36.64,0.322,,1,0,,,,,,-23.19677,9.09223,,,,,,
46.676,0.5000,0.5000,0.5000,0.5000,0.89,36.26,0.320,,1,0,,,,,,-19.36034,7.69564,,,,,,
46.723,0.5000,0.5000,0.5000,0.5000,0.20,35.85,0.340,,1,0,,,,,,-17.26307,6.50122,,,,,,
46.762,0.5000,0.5000,0.5000,0.5000,-0.53,35.43,0.378,,1,0,,,,,,-15.43923,5.49434,,,,,,
46.805,0.5000,0.5000,0.5000,0.5000,-2.25,35.16,0.363,,1,0,,,,,,-14.03706,4.69862,,,,,,
46.837,0.5000,0.5000,0.5000,0.5000,-4.23,34.90,0.359,,1,0,,,,,,-13.00514,4.22196,,,,,,
46.867,0.5000,0.5000,0.5000,0.5000,-7.31,34.58,0.382,,1,0,,,,,,-11.30658,3.68227,,,,,,
46.916,0.5000,0.5000,0.5000,0.5000,-11.46,34.00,0.376,,1,0,,,,,,-9.82880,3.44370,,,,,,
46.962,0.5000,0.5000,0.5000,0.5000,-15.42,33.17,0.406,,1,0,,,,,,-8.74058,3.28947,,,,,,
47.019,0.5000,0.5000,0.5000,0.5000,-20.72,32.16,0.424,,1,0,,,,,,-5.28491,2.56284,,,,,,
47.075,0.5000,0.5000,0.5000,0.5000,-24.89,30.68,0.453,,1,0,,,,,,-4.64520,2.40666,,,,,,
47.132,0.5000,0.5000,0.5000,0.5000,-26.71,29.30,0.472,,1,0,,,,,,-2.97328,2.42320,,,,,,
47.176,0.5000,0.5000,0.5000,0.5000,-26.75,28.24,0.474,,1,0,,,,,,-2.33406,2.54235,,,,,,
47.223,0.5000,0.5000,0.5000,0.5000,-26.04,27.31,0.462,,1,0,,,,,,-2.34406,2.58131,,,,,,
47.265,0.5000,0.5000,0.5000,0.5000,-24.97,26.66,0.459,,1,0,,,,,,-1.78708,2.52781,,,,,,
47.307,0.5000,0.5000,0.5000,0.5000,-45.40,18.18,0.476,,1,0,,,,,,0.54824,2.22904,,,,,,
47.345,0.5000,0.5000,0.5000,0.5000,-54.06,11.57,0.452,,1,0,,,,,,1.00845,2.16326,,,,,,
47.385,0.5000,0.5000,0.5000,0.5000,-55.34,6.37,0.460,,1,0,,,,,,1.39732,2.12338,,,,,,
47.433,0.5000,0.5000,0.5000,0.5000,-53.66,1.51,0.466,,1,0,,,,,,1.70166,2.03285,,,,,,
47.487,0.5000,0.5000,0.5000,0.5000,-47.94,-3.78,0.463,,1,0,,,,,,1.97336,1.96771,,,,,,
47.529,0.5000,0.5000,0.5000,0.5000,-41.82,-7.00,0.471,,1,0,,,,,,2.23586,1.99590,,,,,,
47.576,0.5000,0.5000,0.5000,0.5000,-36.43,-8.99,0.468,,1,0,,,,,,2.42928,2.18001,,,,,,
47.612,0.5000,0.5000,0.5000,0.5000,-32.46,-10.48,0.470,,1,0,,,,,,2.49753,2.20233,,,,,,
47.670,0.5000,0.5000,0.5000,0.5000,-28.54,-11.53,0.467,,1,0,,,,,,2.56192,2.18456,,,,,,
47.734,0.5000,0.5000,0.5000,0.5000,-23.66,-13.22,0.478,,1,0,,,,,,2.61927,2.12031,,,,,,
47.770,0.5000,0.5000,0.5000,0.5000,-20.87,-13.70,0.466,,1,0,,,,,,2.59437,2.14782,,,,,,
47.820,0.5000,0.5000,0.5000,0.5000,-18.36,-14.24,0.477,,1,0,,,,,,2.50340,2.14666,,,,,,
47.862,0.5000,0.5000,0.5000,0.5000,-16.59,-14.53,0.473,,1,0,,,,,,2.45886,2.07259,,,,,,
47.903,0.5000,0.5000,0.5000,0.5000,-14.88,-14.74,0.468,,1,0,,,,,,2.37845,1.82724,,,,,,
47.943,0.5000,0.5000,0.5000,0.5000,-13.41,-15.10,0.468,,1,0,,,,,,2.04659,1.87572,,,,,,
48.004,0.5000,0.5000,0.5000,0.5000,-11.83,-15.30,0.474,,1,0,,,,,,1.62724,1.89404,,,,,,
48.059,0.5000,0.5000,0.5000,0.5000,-10.53,-15.46,0.449,,1,0,,,,,,0.83563,1.09558,,,,,,
48.103,0.5000,0.5000,0.5000,0.5000,-9.51,-15.68,0.483,,1,0,,,,,,0.73207,1.29578,,,,,,
48.146,0.5000,0.5000,0.5000,0.5000,-8.58,-15.71,0.535,,1,0,,,,,,0.62995,1.46595,,,,,,
48.183,0.5000,0.5000,0.5000,0.5000,-7.93,-15.48,0.489,,1,0,,,,,,0.60007,1.70029,,,,,,
48.220,0.5000,0.5000,0.5000,0.5000,-7.44,-15.10,0.497,,1,0,,,,,,0.52691,1.71527,,,,,,
48.271,0.5000,0.5000,0.5000,0.5000,-7.64,-14.00,0.479,,1,0,,,,,,0.48049,1.40684,,,,,,
48.319,0.5000,0.5000,0.5000,0.5000,-6.94,-14.02,0.467,,1,0,,,,,,0.49469,1.22083,,,,,,
48.359,0.5000,0.5000,0.5000,0.5000,-6.38,-13.95,0.460,,1,0,,,,,,0.43064,1.27357,,,,,,
48.398,0.5000,0.5000,0.5000,0.5000,-5.94,-13.90,0.477,,1,0,,,,,,0.40220,1.66630,,,,,,
48.439,0.5000,0.5000,0.5000,0.5000,-5.98,-13.29,0.442,,1,0,,,,,,0.39434,1.97870,,,,,,
48.501,0.5000,0.5000,0.5000,0.5000,-11.77,-9.14,0.265,,1,0,,,,,,0.34466,2.69784,,,,,,
48.555,0.5000,0.5000,0.5000,0.5000,-15.00,-5.18,0.285,,1,0,,,,,,0.38254,3.03139,,,,,,
48.585,0.5000,0.5000,0.5000,0.5000,-15.86,-2.67,0.305,,1,0,,,,,,0.41744,3.18643,,,,,,
48.631,0.5000,0.5000,0.5000,0.5000,-15.99,-0.20,0.295,,1,0,,,,,,0.42240,3.05162,,,,,,
48.671,0.5000,0.5000,0.5000,0.5000,-15.36,2.25,0.309,,1,0,,,,,,0.42012,2.87201,,,,,,
48.713,0.5000,0.5000,0.5000,0.5000,-14.11,3.86,0.329,,1,0,,,,,,0.38917,2.81862,,,,,,
48.750,0.5000,0.5000,0.5000,0.5000,-13.00,5.45,0.320,,1,0,,,,,,0.35578,2.80479,,,,,,
48.783,0.5000,0.5000,0.5000,0.5000,-11.80,6.88,0.302,,1,0,,,,,,0.29785,2.88622,,,,,,
48.822,0.5000,0.5000,0.5000,0.5000,-10.41,8.26,0.311,,1,0,,,,,,0.24103,2.92391,,,,,,
48.863,0.5000,0.5000,0.5000,0.5000,-9.09,9.46,0.319,,1,0,,,,,,0.20840,2.91874,,,,,,
48.910,0.5000,0.5000,0.5000,0.5000,-7.98,10.21,0.282,,1,0,,,,,,0.14496,2.69686,,,,,,
48.946,0.5000,0.5000,0.5000,0.5000,-7.39,10.46,0.269,,1,0,,,,,,0.08556,2.55664,,,,,,
48.984,0.5000,0.5000,0.5000,0.5000,-6.96,10.54,0.270,,1,0,,,,,,-0.08833,2.57427,,,,,,
49.026,0.5000,0.5000,0.5000,0.5000,-6.32,10.98,0.258,,1,0,,,,,,-0.11287,2.42381,,,,,,
49.067,0.5000,0.5000,0.5000,0.5000,-5.59,11.49,0.266,,1,0,,,,,,-0.25034,2.36898,,,,,,
49.105,0.5000,0.5000,0.5000,0.5000,-5.01,11.94,0.261,,1,0,,,,,,-0.31732,2.38001,,,,,,
49.143,0.5000,0.5000,0.5000,0.5000,-4.51,12.25,0.263,,1,0,,,,,,-0.40179,2.40498,,,,,,
49.180,0.5000,0.5000,0.5000,0.5000,-4.06,12.58,0.269,,1,0,,,,,,-0.48064,2.43130,,,,,,
49.218,0.5000,0.5000,0.5000,0.5000,-3.61,12.93,0.259,,1,0,,,,,,-0.51465,2.41561,,,,,,
49.262,0.5000,0.5000,0.5000,0.5000,-3.27,13.15,0.250,,1,0,,,,,,-0.53341,2.36350,,,,,,
49.306,0.5000,0.5000,0.5000,0.5000,-3.21,13.04,0.244,,1,0,,,,,,-0.57125,2.32768,,,,,,
49.365,0.5000,0.5000,0.5000,0.5000,-2.99,13.07,0.252,,1,0,,,,,,-0.59752,2.34242,,,,,,
49.405,0.5000,0.5000,0.5000,0.5000,-2.81,13.11,0.276,,1,0,,,,,,-0.61631,2.37401,,,,,,
49.450,0.5000,0.5000,0.5000,0.5000,-2.43,13.91,0.460,,1,0,,,,,,-0.52216,1.85390,,,,,,
49.480,0.5000,0.5000,0.5000,0.5000,-1.98,14.62,0.495,,1,0,,,0,0.5000,0.5000,-0.46372,1.73406,,,,,,
49.531,0.5000,0.5000,0.5000,0.5000,-1.35,15.36,0.475,,1,0,,,0,0.5000,0.5000,-0.34412,1.81368,,,,,,
49.568,0.5000,0.5000,0.5000,0.5000,-0.85,15.95,0.472,,1,0,,,0,0.5000,0.5000,-0.30869,1.78066,,,,,,
49.611,0.5000,0.5000,0.5000,0.5000,-0.33,16.55,0.467,,1,0,,,0,0.5000,0.5000,-0.27316,1.72718,,,,,,
49.641,0.5000,0.5000,0.5000,0.5000,0.11,17.07,0.459,,1,0,,,0,0.5000,0.5000,-0.21417,1.70407,,,,,,
49.683,0.5000,0.5000,0.5000,0.5000,0.43,17.45,0.462,,1,0,,,0,0.5000,0.5000,-0.20454,1.67993,,,,,,
49.722,0.5000,0.5000,0.5000,0.5000,0.37,17.44,0.438,,1,0,,,0,0.5000,0.5000,-0.15799,1.71553,,,,,,
49.760,0.5000,0.5000,0.5000,0.5000,0.25,17.34,0.441,,1,0,,,0,0.5000,0.5000,-0.12648,1.74098,,,,,,
49.802,0.5000,0.5000,0.5000,0.5000,0.17,17.28,0.443,,1,0,,,0,0.5000,0.5000,-0.12462,1.74934,,,,,,
49.834,0.5000,0.5000,0.5000,0.5000,0.12,17.23,0.445,,1,0,,,0,0.5000,0.5000,-0.09763,1.76715,,,,,,
49.870,0.5000,0.5000,0.5000,0.5000,0.11,17.28,0.444,,1,0,,,0,0.5000,0.5000,-0.08381,1.77287,,,,,,
49.893,0.5000,0.5000,0.5000,0.5000,0.10,17.28,0.449,,1,0,,,0,0.5000,0.5000,-0.05442,1.80526,,,,,,
49.943,0.5000,0.5000,0.5000,0.5000,0.09,17.33,0.454,,1,0,,,0,0.5000,0.5000,-0.01879,1.85465,,,,,,
49.964,0.5000,0.5000,0.5000,0.5000,0.08,17.44,0.449,,1,0,,,0,0.5000,0.5000,0.01978,1.87453,,,,,,
50.001,0.5000,0.5000,0.5000,0.5000,0.03,17.50,0.448,,1,0,,,0,0.5000,0.5000,0.06563,1.86664,,,,,,
50.042,0.5000,0.5000,0.5000,0.5000,-0.03,17.50,0.447,,1,0,,,0,0.5000,0.5000,0.08929,1.86457,,,,,,
50.087,0.5000,0.5000,0.5000,0.5000,-0.04,17.59,0.453,,1,0,,,0,0.5000,0.5000,0.16254,1.88215,,,,,,
50.124,0.5000,0.5000,0.5000,0.5000,-0.02,17.74,0.452,,1,0,,,0,0.5000,0.5000,0.24288,1.89117,,,,,,
50.158,0.5000,0.5000,0.5000,0.5000,-0.02,17.82,0.449,,1,0,,,0,0.5000,0.5000,0.32570,1.92169,,,,,,
50.194,0.5000,0.5000,0.5000,0.5000,-0.03,17.86,0.451,,1,0,,,0,0.5000,0.5000,0.41147,1.93095,,,,,,
50.235,0.5000,0.5000,0.5000,0.5000,-0.15,17.61,0.465,,1,0,,,0,0.5000,0.5000,0.69566,1.95955,,,,,,
50.296,0.5000,0.5000,0.5000,0.5000,-0.88,16.78,0.455,,1,0,,,0,0.5000,0.5000,0.86274,2.06484,,,,,,
50.332,0.5000,0.5000,0.5000,0.5000,-0.86,16.78,0.456,,1,0,,,0,0.5000,0.5000,0.92276,2.10609,,,,,,
50.380,0.5000,0.5000,0.5000,0.5000,-0.82,16.84,0.452,,1,0,,,0,0.5000,0.5000,0.96279,2.11292,,,,,,
50.425,0.5000,0.5000,0.5000,0.5000,-0.81,16.83,0.445,,1,0,,,0,0.5000,0.5000,0.97879,2.09168,,,,,,
50.463,0.5000,0.5000,0.5000,0.5000,-0.78,16.88,0.454,,1,0,,,0,0.5000,0.5000,1.00100,2.13467,,,,,,
50.495,0.5000,0.5000,0.5000,0.5000,-0.78,17.03,0.454,,1,0,,,0,0.5000,0.5000,0.97947,2.12268,,,,,,
50.520,0.5000,0.5000,0.5000,0.5000,-0.74,17.16,0.455,,1,0,,,0,0.5000,0.5000,0.97468,2.12143,,,,,,
50.571,0.5000,0.5000,0.5000,0.5000,-0.69,17.28,0.452,,1,0,,,0,0.5000,0.5000,0.95847,2.11949,,,,,,
50.608,0.5000,0.5000,0.5000,0.5000,-0.65,17.36,0.452,,1,0,,,0,0.5000,0.5000,0.95823,2.12913,,,,,,
50.642,0.5000,0.5000,0.5000,0.5000,-0.59,17.52,0.453,,1,0,,,0,0.5000,0.5000,0.94818,2.12009,,,,,,
50.682,0.5000,0.5000,0.5000,0.5000,-0.54,17.64,0.452,,1,0,,,0,0.5000,0.5000,0.93861,2.12865,,,,,,
50.718,0.5000,0.5000,0.5000,0.5000,-0.50,17.66,0.451,,1,0,,,0,0.5000,0.5000,0.88018,2.14807,,,,,,
50.760,0.5000,0.5000,0.5000,0.5000,-0.49,17.68,0.449,,1,0,,,0,0.5000,0.5000,0.80454,2.15169,,,,,,
50.797,0.5000,0.5000,0.5000,0.5000,-0.46,17.78,0.448,,1,0,,,0,0.5000,0.5000,0.75610,2.15361,,,,,,
50.836,0.5000,0.5000,0.5000,0.5000,-0.47,17.81,0.448,,1,0,,,0,0.5000,0.5000,0.70875,2.12932,,,,,,
50.878,0.5000,0.5000,0.5000,0.5000,-0.49,17.77,0.448,,1,0,,,0,0.5000,0.5000,0.67838,2.13653,,,,,,
50.916,0.5000,0.5000,0.5000,0.5000,-0.50,17.78,0.444,,1,0,,,0,0.5000,0.5000,0.64995,2.14359,,,,,,
50.953,0.5000,0.5000,0.5000,0.5000,-0.54,17.73,0.437,,1,0,,,0,0.5000,0.5000,0.58698,2.12822,,,,,,
50.978,0.5000,0.5000,0.5000,0.5000,-0.56,17.70,0.440,,1,0,,,0,0.5000,0.5000,0.57844,2.14257,,,,,,
51.026,0.5000,0.5000,0.5000,0.5000,-0.55,17.75,0.440,,1,0,,,0,0.5000,0.5000,0.54825,2.14194,,,,,,
51.064,0.5000,0.5000,0.5000,0.5000,-0.54,17.88,0.443,,1,0,,,0,0.5000,0.5000,0.51320,2.13973,,,,,,
51.105,0.5000,0.5000,0.5000,0.5000,-0.54,17.95,0.442,,1,0,,,0,0.5000,0.5000,0.48286,2.12414,,,,,,
51.143,0.5000,0.5000,0.5000,0.5000,-0.56,18.04,0.447,,1,0,,,0,0.5000,0.5000,0.47881,2.10901,,,,,,
51.185,0.5000,0.5000,0.5000,0.5000,-0.56,18.13,0.450,,1,0,,,0,0.5000,0.5000,0.44645,2.09560,,,,,,
51.222,0.5000,0.5000,0.5000,0.5000,-0.55,18.18,0.450,,1,0,,,0,0.5000,0.5000,0.43713,2.10050,,,,,,
51.257,0.5000,0.5000,0.5000,0.5000,-0.57,18.17,0.449,,1,0,,,0,0.5000,0.5000,0.42742,2.09726,,,,,,
51.295,0.5000,0.5000,0.5000,0.5000,-0.57,18.22,0.451,,1,0,,,0,0.5000,0.5000,0.42759,2.10586,,,,,,
51.344,0.5000,0.5000,0.5000,0.5000,-0.56,18.30,0.448,,1,0,,,0,0.5000,0.5000,0.42256,2.10142,,,,,,
51.386,0.5000,0.5000,0.5000,0.5000,-0.57,18.32,0.451,,1,0,,,0,0.5000,0.5000,0.42496,2.09199,,,,,,
51.434,0.5000,0.5000,0.5000,0.5000,-0.58,18.38,0.448,,1,0,,,0,0.5000,0.5000,0.42679,2.07562,,,,,,
51.469,0.5000,0.5000,0.5000,0.5000,-0.57,18.45,0.448,,1,0,,,0,0.5000,0.5000,0.42396,2.06978,,,,,,
51.505,0.5000,0.5000,0.5000,0.5000,-0.55,18.52,0.445,,1,0,,,0,0.5000,0.5000,0.43278,2.05984,,,,,,
51.541,0.5000,0.5000,0.5000,0.5000,-0.53,18.57,0.447,,1,0,,,0,0.5000,0.5000,0.43808,2.05655,,,,,,
51.580,0.5000,0.5000,0.5000,0.5000,-0.51,18.63,0.449,,1,0,,,0,0.5000,0.5000,0.46174,2.05634,,,,,,
51.615,0.5000,0.5000,0.5000,0.5000,-0.50,18.72,0.450,,1,0,,,0,0.5000,0.5000,0.48188,2.06595,,,,,,
51.663,0.5000,0.5000,0.5000,0.5000,-0.46,18.83,0.447,,1,0,,,0,0.5000,0.5000,0.50545,2.06864,,,,,,
51.700,0.5000,0.5000,0.5000,0.5000,-0.42,18.93,0.446,,1,0,,,0,0.5000,0.5000,0.53982,2.08263,,,,,,
51.744,0.5000,0.5000,0.5000,0.5000,-0.42,18.90,0.447,,1,0,,,0,0.5000,0.5000,0.55570,2.05339,,,,,,
51.794,0.5000,0.5000,0.5000,0.5000,-0.43,18.80,0.446,,1,0,,,0,0.5000,0.5000,0.59767,2.04030,,,,,,
51.824,0.5000,0.5000,0.5000,0.5000,-0.42,18.70,0.442,,1,0,,,0,0.5000,0.5000,0.63155,2.07337,,,,,,
51.865,0.5000,0.5000,0.5000,0.5000,-0.42,18.62,0.443,,1,0,,,0,0.5000,0.5000,0.65155,2.05438,,,,,,
51.900,0.5000,0.5000,0.5000,0.5000,-0.39,18.61,0.445,,1,0,,,0,0.5000,0.5000,0.70020,2.07668,,,,,,
51.934,0.5000,0.5000,0.5000,0.5000,-0.37,18.67,0.443,,1,0,,,0,0.5000,0.5000,0.73425,2.08034,,,,,,
51.972,0.5000,0.5000,0.5000,0.5000,-0.33,18.75,0.441,,1,0,,,0,0.5000,0.5000,0.75707,2.06914,,,,,,
51.994,0.5000,0.5000,0.5000,0.5000,-0.30,18.81,0.443,,1,0,,,0,0.5000,0.5000,0.78149,2.06337,,,,,,
52.044,0.5000,0.5000,0.5000,0.5000,-0.28,18.80,0.440,,1,0,,,0,0.5000,0.5000,0.79383,2.06214,,,,,,
52.081,0.5000,0.5000,0.5000,0.5000,-0.24,18.83,0.444,,1,0,,,0,0.5000,0.5000,0.80942,2.05780,,,,,,
52.118,0.5000,0.5000,0.5000,0.5000,-0.22,18.80,0.442,,1,0,,,0,0.5000,0.5000,0.81314,2.05194,,,,,,
52.153,0.5000,0.5000,0.5000,0.5000,-0.16,18.80,0.443,,1,0,,,0,0.5000,0.5000,0.82714,2.05737,,,,,,
52.182,0.5000,0.5000,0.5000,0.5000,-0.12,18.80,0.444,,1,0,,,0,0.5000,0.5000,0.82586,2.06231,,,,,,
52.232,0.5000,0.5000,0.5000,0.5000,-0.07,18.82,0.445,,1,0,,,0,0.5000,0.5000,0.83517,2.06947,,,,,,
52.272,0.5000,0.5000,0.5000,0.5000,-0.03,18.85,0.443,,1,0,,,0,0.5000,0.5000,0.83378,2.06514,,,,,,
52.317,0.5000,0.5000,0.5000,0.5000,0.01,18.87,0.439,,1,0,,,0,0.5000,0.5000,0.83671,2.06678,,,,,,
52.357,0.5000,0.5000,0.5000,0.5000,0.06,18.85,0.440,,1,0,,,0,0.5000,0.5000,0.84738,2.07484,,,,,,
52.396,0.5000,0.5000,0.5000,0.5000,0.10,18.82,0.440,,1,0,,,0,0.5000,0.5000,0.85150,2.07597,,,,,,
52.444,0.5000,0.5000,0.5000,0.5000,0.15,18.84,0.441,,1,0,,,0,0.5000,0.5000,0.86025,2.07827,,,,,,
52.483,0.5000,0.5000,0.5000,0.5000,0.19,18.86,0.437,,1,0,,,0,0.5000,0.5000,0.86046,2.06965,,,,,,
52.523,0.5000,0.5000,0.5000,0.5000,0.22,18.84,0.435,,1,0,,,1,0.1000,0.1000,0.86655,2.06420,,,,,,
52.560,0.5000,0.5000,0.5000,0.5000,0.26,18.87,0.434,,1,0,,,1,0.1000,0.1000,0.87474,2.06718,,,,,,
52.593,0.5000,0.5000,0.5000,0.5000,0.30,18.90,0.431,,1,0,,,1,0.1000,0.1000,0.89185,2.07475,,,,,,
52.631,0.5000,0.5000,0.5000,0.5000,0.34,18.99,0.432,,1,0,,,1,0.1000,0.1000,0.89826,2.05374,,,,,,
52.666,0.5000,0.5000,0.5000,0.5000,0.38,19.06,0.433,,1,0,,,1,0.1000,0.1000,0.89917,2.05504,,,,,,
52.708,0.5000,0.5000,0.5000,0.5000,0.43,19.12,0.432,,1,0,,,1,0.1000,0.1000,0.90561,2.05566,,,,,,
52.748,0.5000,0.5000,0.5000,0.5000,0.45,19.14,0.432,,1,0,,,1,0.1000,0.1000,0.91451,2.04962,,,,,,
52.787,0.5000,0.5000,0.5000,0.5000,0.49,19.15,0.430,,1,0,,,1,0.1000,0.1000,0.93379,2.05870,,,,,,
52.815,0.5000,0.5000,0.5000,0.5000,0.52,19.18,0.429,,1,0,,,1,0.1000,0.1000,0.93403,2.06349,,,,,,
52.846,0.5000,0.5000,0.5000,0.5000,0.55,19.24,0.430,,1,0,,,1,0.1000,0.1000,0.94534,2.07432,,,,,,
52.888,0.5000,0.5000,0.5000,0.5000,0.59,19.30,0.431,,1,0,,,1,0.1000,0.1000,0.95296,2.08121,,,,,,
52.925,0.5000,0.5000,0.5000,0.5000,0.60,19.34,0.429,,1,0,,,1,0.1000,0.1000,0.91507,2.05816,,,,,,
52.959,0.5000,0.5000,0.5000,0.5000,0.61,19.37,0.441,,1,0,,,1,0.1000,0.1000,0.87714,2.00167,,,,,,
52.996,0.5000,0.5000,0.5000,0.5000,0.63,19.49,0.457,,1,0,,,1,0.1000,0.1000,0.86019,1.94654,,,,,,
53.036,0.5000,0.5000,0.5000,0.5000,0.61,19.58,0.491,,1,0,,,1,0.1000,0.1000,0.80516,1.85672,,,,,,
53.076,0.5000,0.5000,0.5000,0.5000,0.60,19.68,0.485,,1,0,,,1,0.1000,0.1000,0.76823,1.80762,,,,,,
53.117,0.5000,0.5000,0.5000,0.5000,0.64,19.81,0.485,,1,0,,,1,0.1000,0.1000,0.69954,1.76538,,,,,,
53.156,0.5000,0.5000,0.5000,0.5000,0.63,19.90,0.487,,1,0,,,1,0.1000,0.1000,0.52945,1.74645,,,,,,
53.204,0.5000,0.5000,0.5000,0.5000,0.69,20.08,0.476,,1,0,,,1,0.1000,0.1000,0.22927,1.77993,,,,,,
53.243,0.5000,0.5000,0.5000,0.5000,0.82,20.37,0.483,,1,0,,,1,0.1000,0.1000,0.12478,1.82571,,,,,,
53.283,0.5000,0.5000,0.5000,0.5000,1.00,20.76,0.483,,1,0,,,1,0.1000,0.1000,0.06664,1.79915,,,,,,
53.315,0.5000,0.5000,0.5000,0.5000,1.16,21.06,0.480,,1,0,,,1,0.1000,0.1000,0.01962,1.78213,,,,,,
53.381,0.5000,0.5000,0.5000,0.5000,1.39,21.49,0.481,,1,0,,,1,0.1000,0.1000,-0.01184,1.77211,,,,,,
53.438,0.5000,0.5000,0.5000,0.5000,1.50,21.78,0.485,,1,0,,,1,0.1000,0.1000,-0.05992,1.74852,,,,,,
53.484,0.5000,0.5000,0.5000,0.5000,1.59,22.08,0.485,,1,0,,,1,0.1000,0.1000,-0.09842,1.77632,,,,,,
53.522,0.5000,0.5000,0.5000,0.5000,1.60,22.23,0.482,,1,0,,,1,0.1000,0.1000,-0.08038,1.77169,,,,,,
53.557,0.5000,0.5000,0.5000,0.5000,1.60,22.33,0.484,,1,0,,,1,0.1000,0.1000,-0.07281,1.74834,,,,,,
53.589,0.5000,0.5000,0.5000,0.5000,1.60,22.43,0.483,,1,0,,,1,0.1000,0.1000,-0.06158,1.75449,,,,,,
53.625,0.5000,0.5000,0.5000,0.5000,1.58,22.51,0.483,,1,0,,,1,0.1000,0.1000,-0.05533,1.75807,,,,,,
53.662,0.5000,0.5000,0.5000,0.5000,1.57,22.61,0.484,,1,0,,,1,0.1000,0.1000,-0.04792,1.76416,,,,,,
53.691,0.5000,0.5000,0.5000,0.5000,1.56,22.72,0.484,,1,0,,,1,0.1000,0.1000,-0.04271,1.77048,,,,,,
53.732,0.5000,0.5000,0.5000,0.5000,1.54,22.81,0.483,,1,0,,,1,0.1000,0.1000,-0.04124,1.78181,,,,,,
53.771,0.5000,0.5000,0.5000,0.5000,1.54,22.93,0.478,,1,0,,,1,0.1000,0.1000,-0.03137,1.79277,,,,,,
53.822,0.5000,0.5000,0.5000,0.5000,1.52,23.02,0.475,,1,0,,,1,0.1000,0.1000,-0.01217,1.79951,,,,,,
53.863,0.5000,0.5000,0.5000,0.5000,1.54,23.25,0.479,,1,0,,,1,0.1000,0.1000,0.05129,1.81396,,,,,,
53.896,0.5000,0.5000,0.5000,0.5000,1.47,23.25,0.474,,1,0,,,1,0.1000,0.1000,0.09350,1.80864,,,,,,
53.934,0.5000,0.5000,0.5000,0.5000,1.42,23.32,0.475,,1,0,,,1,0.1000,0.1000,0.16223,1.82296,,,,,,
53.969,0.5000,0.5000,0.5000,0.5000,1.38,23.36,0.469,,1,0,,,1,0.1000,0.1000,0.21724,1.80057,,,,,,
54.008,0.5000,0.5000,0.5000,0.5000,1.33,23.35,0.463,,1,0,,,1,0.1000,0.1000,0.27257,1.80744,,,,,,
54.053,0.5000,0.5000,0.5000,0.5000,1.31,23.34,0.468,,1,0,,,1,0.1000,0.1000,0.32061,1.81144,,,,,,
54.070,0.5000,0.5000,0.5000,0.5000,1.29,23.30,0.468,,1,0,,,1,0.1000,0.1000,0.35341,1.80617,,,,,,
54.124,0.5000,0.5000,0.5000,0.5000,1.27,23.32,0.467,,1,0,,,1,0.1000,0.1000,0.37552,1.80221,,,,,,
54.165,0.5000,0.5000,0.5000,0.5000,1.25,23.36,0.473,,1,0,,,1,0.1000,0.1000,0.38958,1.78836,,,,,,
54.202,0.5000,0.5000,0.5000,0.5000,1.25,23.44,0.474,,1,0,,,1,0.1000,0.1000,0.42715,1.82101,,,,,,
54.243,0.5000,0.5000,0.5000,0.5000,1.22,23.46,0.466,,1,0,,,1,0.1000,0.1000,0.45161,1.82725,,,,,,
54.262,0.5000,0.5000,0.5000,0.5000,1.20,23.48,0.465,,1,0,,,1,0.1000,0.1000,0.46543,1.80944,,,,,,
54.320,0.5000,0.5000,0.5000,0.5000,1.19,23.47,0.463,,1,0,,,1,0.1000,0.1000,0.53433,1.79586,,,,,,
54.368,0.5000,0.5000,0.5000,0.5000,1.17,23.48,0.465,,1,0,,,1,0.1000,0.1000,0.57827,1.81610,,,,,,
54.404,0.5000,0.5000,0.5000,0.5000,1.15,23.47,0.471,,1,0,,,1,0.1000,0.1000,0.59711,1.83278,,,,,,
54.438,0.5000,0.5000,0.5000,0.5000,1.13,23.47,0.471,,1,0,,,1,0.1000,0.1000,0.60912,1.81749,,,,,,
54.476,0.5000,0.5000,0.5000,0.5000,1.12,23.45,0.471,,1,0,,,1,0.1000,0.1000,0.63880,1.84122,,,,,,
54.517,0.5000,0.5000,0.5000,0.5000,1.11,23.46,0.472,,1,0,,,1,0.1000,0.1000,0.67520,1.85417,,,,,,
54.551,0.5000,0.5000,0.5000,0.5000,1.09,23.40,0.472,,1,0,,,1,0.1000,0.1000,0.67157,1.84111,,,,,,
54.581,0.5000,0.5000,0.5000,0.5000,1.09,23.37,0.473,,1,0,,,1,0.1000,0.1000,0.68523,1.82630,,,,,,
54.618,0.5000,0.5000,0.5000,0.5000,1.10,23.35,0.473,,1,0,,,1,0.1000,0.1000,0.69626,1.83834,,,,,,
54.663,0.5000,0.5000,0.5000,0.5000,1.09,23.31,0.475,,1,0,,,1,0.1000,0.1000,0.71417,1.83461,,,,,,
54.698,0.5000,0.5000,0.5000,0.5000,1.07,23.28,0.472,,1,0,,,1,0.1000,0.1000,0.72500,1.83878,,,,,,
54.735,0.5000,0.5000,0.5000,0.5000,1.04,23.22,0.469,,1,0,,,1,0.1000,0.1000,0.73494,1.83432,,,,,,
54.763,0.5000,0.5000,0.5000,0.5000,1.02,23.18,0.469,,1,0,,,1,0.1000,0.1000,0.73289,1.81644,,,,,,
54.809,0.5000,0.5000,0.5000,0.5000,0.99,23.13,0.470,,1,0,,,1,0.1000,0.1000,0.72975,1.81776,,,,,,
54.832,0.5000,0.5000,0.5000,0.5000,0.98,23.10,0.469,,1,0,,,1,0.1000,0.1000,0.74166,1.82083,,,,,,
54.885,0.5000,0.5000,0.5000,0.5000,0.97,23.09,0.469,,1,0,,,1,0.1000,0.1000,0.74432,1.82301,,,,,,
54.923,0.5000,0.5000,0.5000,0.5000,0.96,23.07,0.470,,1,0,,,1,0.1000,0.1000,0.74756,1.82362,,,,,,
54.962,0.5000,0.5000,0.5000,0.5000,0.96,23.05,0.471,,1,0,,,1,0.1000,0.1000,0.74703,1.81909,,,,,,
54.994,0.5000,0.5000,0.5000,0.5000,0.97,23.07,0.472,,1,0,,,1,0.1000,0.1000,0.75625,1.82622,,,,,,
55.036,0.5000,0.5000,0.5000,0.5000,0.97,23.09,0.472,,1,0,,,1,0.1000,0.1000,0.76855,1.82805,,,,,,
55.071,0.5000,0.5000,0.5000,0.5000,0.97,23.12,0.473,,1,0,,,1,0.1000,0.1000,0.78904,1.83771,,,,,,
55.109,0.5000,0.5000,0.5000,0.5000,0.97,23.13,0.471,,1,0,,,1,0.1000,0.1000,0.79472,1.83433,,,,,,
55.157,0.5000,0.5000,0.5000,0.5000,0.96,23.20,0.472,,1,0,,,1,0.1000,0.1000,0.79582,1.82590,,,,,,
55.204,0.5000,0.5000,0.5000,0.5000,0.94,23.22,0.471,,1,0,,,1,0.1000,0.1000,0.79631,1.82753,,,,,,
55.241,0.5000,0.5000,0.5000,0.5000,0.93,23.24,0.469,,1,0,,,1,0.1000,0.1000,0.80365,1.82964,,,,,,
55.280,0.5000,0.5000,0.5000,0.5000,0.93,23.29,0.469,,1,0,,,1,0.1000,0.1000,0.81674,1.84328,,,,,,
55.323,0.5000,0.5000,0.5000,0.5000,0.93,23.33,0.471,,1,0,,,1,0.1000,0.1000,0.81556,1.84113,,,,,,
55.357,0.5000,0.5000,0.5000,0.5000,0.92,23.35,0.475,,1,0,,,1,0.1000,0.1000,0.82256,1.83993,,,,,,
55.403,0.5000,0.5000,0.5000,0.5000,0.92,23.40,0.474,,1,0,,,1,0.1000,0.1000,0.82762,1.84437,,,,,,
55.447,0.5000,0.5000,0.5000,0.5000,0.92,23.44,0.473,,1,0,,,1,0.1000,0.1000,0.83973,1.86495,,,,,,
55.491,0.5000,0.5000,0.5000,0.5000,0.93,23.47,0.470,,1,0,,,1,0.1000,0.1000,0.84212,1.88362,,,,,,
55.533,0.5000,0.5000,0.5000,0.5000,0.92,23.48,0.470,,1,0,,,2,0.9000,0.1000,0.86088,1.89364,,,,,,
55.570,0.5000,0.5000,0.5000,0.5000,0.90,23.47,0.469,,1,0,,,2,0.9000,0.1000,0.86222,1.89223,,,,,,
55.607,0.5000,0.5000,0.5000,0.5000,0.89,23.46,0.472,,1,0,,,2,0.9000,0.1000,0.86421,1.88763,,,,,,
55.666,0.5000,0.5000,0.5000,0.5000,0.88,23.45,0.474,,1,0,,,2,0.9000,0.1000,0.86600,1.89268,,,,,,
55.717,0.5000,0.5000,0.5000,0.5000,0.90,23.40,0.478,,1,0,,,2,0.9000,0.1000,0.86554,1.89696,,,,,,
55.770,0.5000,0.5000,0.5000,0.5000,0.91,23.34,0.475,,1,0,,,2,0.9000,0.1000,0.84668,1.88950,,,,,,
55.814,0.5000,0.5000,0.5000,0.5000,0.91,23.29,0.473,,1,0,,,2,0.9000,0.1000,0.84171,1.89711,,,,,,
55.859,0.5000,0.5000,0.5000,0.5000,0.92,23.26,0.470,,1,0,,,2,0.9000,0.1000,0.84067,1.91010,,,,,,
55.903,0.5000,0.5000,0.5000,0.5000,0.93,23.29,0.471,,1,0,,,2,0.9000,0.1000,0.81653,1.91929,,,,,,
55.944,0.5000,0.5000,0.5000,0.5000,0.96,23.43,0.470,,1,0,,,2,0.9000,0.1000,1.06327,1.96967,,,,,,
55.981,0.5000,0.5000,0.5000,0.5000,1.05,23.64,0.474,,1,0,,,2,0.9000,0.1000,1.21598,1.99955,,,,,,
56.038,0.5000,0.5000,0.5000,0.5000,1.11,23.76,0.481,,1,0,,,2,0.9000,0.1000,1.36116,2.03196,,,,,,
56.097,0.5000,0.5000,0.5000,0.5000,1.16,23.82,0.483,,1,0,,,2,0.9000,0.1000,1.37694,2.00468,,,,,,
56.152,0.5000,0.5000,0.5000,0.5000,1.21,23.94,0.485,,1,0,,,2,0.9000,0.1000,1.33688,1.98686,,,,,,
56.204,0.5000,0.5000,0.5000,0.5000,1.23,23.96,0.492,,1,0,,,2,0.9000,0.1000,1.33720,1.97603,,,,,,
56.258,0.5000,0.5000,0.5000,0.5000,1.24,23.98,0.499,,1,0,,,2,0.9000,0.1000,1.32615,1.96883,,,,,,
56.336,0.5000,0.5000,0.5000,0.5000,1.25,23.94,0.504,,1,0,,,2,0.9000,0.1000,1.40863,2.00513,,,,,,
56.381,0.5000,0.5000,0.5000,0.5000,1.27,23.96,0.504,,1,0,,,2,0.9000,0.1000,1.41152,1.98984,,,,,,
56.417,0.5000,0.5000,0.5000,0.5000,1.28,23.98,0.507,,1,0,,,2,0.9000,0.1000,1.45122,2.01256,,,,,,
56.457,0.5000,0.5000,0.5000,0.5000,1.31,23.94,0.505,,1,0,,,2,0.9000,0.1000,1.45881,1.99505,,,,,,
56.480,0.5000,0.5000,0.5000,0.5000,1.34,23.97,0.507,,1,0,,,2,0.9000,0.1000,1.45933,1.98052,,,,,,
56.537,0.5000,0.5000,0.5000,0.5000,1.36,24.00,0.504,,1,0,,,2,0.9000,0.1000,1.49794,2.01149,,,,,,
56.592,0.5000,0.5000,0.5000,0.5000,1.30,23.98,0.488,,1,0,,,2,0.9000,0.1000,1.67893,1.96820,,,,,,
56.633,0.5000,0.5000,0.5000,0.5000,1.28,23.96,0.498,,1,0,,,2,0.9000,0.1000,1.81044,2.02357,,,,,,
56.692,0.5000,0.5000,0.5000,0.5000,1.28,23.93,0.494,,1,0,,,2,0.9000,0.1000,1.96944,2.11482,,,,,,
56.732,0.5000,0.5000,0.5000,0.5000,1.27,23.93,0.500,,1,0,,,2,0.9000,0.1000,1.97943,2.11965,,,,,,
56.771,0.5000,0.5000,0.5000,0.5000,1.25,23.94,0.500,,1,0,,,2,0.9000,0.1000,2.03406,2.15164,,,,,,
56.808,0.5000,0.5000,0.5000,0.5000,1.25,23.92,0.499,,1,0,,,2,0.9000,0.1000,2.07442,2.17105,,,,,,
56.852,0.5000,0.5000,0.5000,0.5000,1.24,23.90,0.495,,1,0,,,2,0.9000,0.1000,2.12468,2.21979,,,,,,
56.891,0.5000,0.5000,0.5000,0.5000,1.21,23.83,0.489,,1,0,,,2,0.9000,0.1000,2.14516,2.23678,,,,,,
56.928,0.5000,0.5000,0.5000,0.5000,1.13,23.70,0.482,,1,0,,,2,0.9000,0.1000,2.24653,2.30285,,,,,,
56.963,0.5000,0.5000,0.5000,0.5000,1.08,23.61,0.484,,1,0,,,2,0.9000,0.1000,2.23836,2.26861,,,,,,
57.002,0.5000,0.5000,0.5000,0.5000,0.95,23.43,0.483,,1,0,,,2,0.9000,0.1000,2.30926,2.28970,,,,,,
57.052,0.5000,0.5000,0.5000,0.5000,0.85,23.24,0.480,,1,0,,,2,0.9000,0.1000,2.30871,2.28852,,,,,,
57.101,0.5000,0.5000,0.5000,0.5000,0.80,23.09,0.476,,1,0,,,2,0.9000,0.1000,2.28939,2.24263,,,,,,
57.143,0.5000,0.5000,0.5000,0.5000,0.78,22.96,0.484,,1,0,,,2,0.9000,0.1000,2.27609,2.17810,,,,,,
57.193,0.5000,0.5000,0.5000,0.5000,0.82,22.91,0.496,,1,0,,,2,0.9000,0.1000,2.21783,2.12839,,,,,,
57.239,0.5000,0.5000,0.5000,0.5000,0.89,22.92,0.493,,1,0,,,2,0.9000,0.1000,2.21460,2.11924,,,,,,
57.283,0.5000,0.5000,0.5000,0.5000,0.94,22.94,0.490,,1,0,,,2,0.9000,0.1000,2.20718,2.10507,,,,,,
57.322,0.5000,0.5000,0.5000,0.5000,0.93,22.83,0.485,,1,0,,,2,0.9000,0.1000,2.21788,2.12459,,,,,,
57.367,0.5000,0.5000,0.5000,0.5000,0.94,22.75,0.483,,1,0,,,2,0.9000,0.1000,2.17416,2.09379,,,,,,
57.423,0.5000,0.5000,0.5000,0.5000,0.57,22.28,0.480,,1,0,,,2,0.9000,0.1000,1.97563,2.09150,,,,,,
57.466,0.5000,0.5000,0.5000,0.5000,0.43,22.10,0.478,,1,0,,,2,0.9000,0.1000,1.94656,2.09832,,,,,,
57.503,0.5000,0.5000,0.5000,0.5000,0.22,21.84,0.478,,1,0,,,2,0.9000,0.1000,1.92687,2.09771,,,,,,
57.539,0.5000,0.5000,0.5000,0.5000,0.14,21.71,0.480,,1,0,,,2,0.9000,0.1000,1.95522,2.13001,,,,,,
57.570,0.5000,0.5000,0.5000,0.5000,0.09,21.61,0.480,,1,0,,,2,0.9000,0.1000,1.91136,2.12065,,,,,,
57.613,0.5000,0.5000,0.5000,0.5000,-0.02,21.44,0.480,,1,0,,,2,0.9000,0.1000,1.85124,2.08708,,,,,,
57.650,0.5000,0.5000,0.5000,0.5000,-0.03,21.35,0.480,,1,0,,,2,0.9000,0.1000,1.86765,2.10570,,,,,,
57.690,0.5000,0.5000,0.5000,0.5000,0.01,21.34,0.482,,1,0,,,2,0.9000,0.1000,1.84158,2.09642,,,,,,
57.726,0.5000,0.5000,0.5000,0.5000,0.06,21.35,0.482,,1,0,,,2,0.9000,0.1000,1.83598,2.11565,,,,,,
57.765,0.5000,0.5000,0.5000,0.5000,0.10,21.35,0.480,,1,0,,,2,0.9000,0.1000,1.82188,2.11142,,,,,,
57.804,0.5000,0.5000,0.5000,0.5000,0.13,21.35,0.485,,1,0,,,2,0.9000,0.1000,1.79178,2.09446,,,,,,
57.843,0.5000,0.5000,0.5000,0.5000,0.14,21.36,0.486,,1,0,,,2,0.9000,0.1000,1.79533,2.10034,,,,,,
57.878,0.5000,0.5000,0.5000,0.5000,0.15,21.36,0.485,,1,0,,,2,0.9000,0.1000,1.80687,2.10172,,,,,,
57.918,0.5000,0.5000,0.5000,0.5000,0.16,21.32,0.480,,1,0,,,2,0.9000,0.1000,1.79306,2.08114,,,,,,
57.959,0.5000,0.5000,0.5000,0.5000,0.17,21.25,0.474,,1,0,,,2,0.9000,0.1000,1.83118,2.05076,,,,,,
58.002,0.5000,0.5000,0.5000,0.5000,0.24,21.18,0.469,,1,0,,,2,0.9000,0.1000,1.85463,2.02695,,,,,,
58.041,0.5000,0.5000,0.5000,0.5000,0.30,21.16,0.469,,1,0,,,2,0.9000,0.1000,1.84495,1.99904,,,,,,
58.078,0.5000,0.5000,0.5000,0.5000,0.35,21.17,0.469,,1,0,,,2,0.9000,0.1000,1.84578,1.98770,,,,,,
58.110,0.5000,0.5000,0.5000,0.5000,0.39,21.18,0.477,,1,0,,,2,0.9000,0.1000,1.84852,1.98334,,,,,,
58.150,0.5000,0.5000,0.5000,0.5000,0.43,21.19,0.480,,1,0,,,2,0.9000,0.1000,1.84645,1.97628,,,,,,
58.187,0.5000,0.5000,0.5000,0.5000,0.46,21.22,0.481,,1,0,,,2,0.9000,0.1000,1.83952,1.96694,,,,,,
58.231,0.5000,0.5000,0.5000,0.5000,0.51,21.21,0.481,,1,0,,,2,0.9000,0.1000,1.81952,1.96346,,,,,,
58.280,0.5000,0.5000,0.5000,0.5000,0.54,21.25,0.483,,1,0,,,2,0.9000,0.1000,1.82932,1.97117,,,,,,
58.318,0.5000,0.5000,0.5000,0.5000,0.58,21.29,0.487,,1,0,,,2,0.9000,0.1000,1.81995,1.96689,,,,,,
58.376,0.5000,0.5000,0.5000,0.5000,0.61,21.34,0.485,,1,0,,,2,0.9000,0.1000,1.81436,1.96389,,,,,,
58.414,0.5000,0.5000,0.5000,0.5000,0.64,21.40,0.484,,1,0,,,2,0.9000,0.1000,1.80277,1.96558,,,,,,
58.464,0.5000,0.5000,0.5000,0.5000,0.66,21.40,0.485,,1,0,,,2,0.9000,0.1000,1.80058,1.96152,,,,,,
58.501,0.5000,0.5000,0.5000,0.5000,0.68,21.43,0.484,,1,0,,,2,0.9000,0.1000,1.82375,1.96938,,,,,,
58.546,0.5000,0.5000,0.5000,0.5000,0.72,21.49,0.481,,1,0,,,3,0.1000,0.9000,1.82111,1.96280,,,,,,
58.584,0.5000,0.5000,0.5000,0.5000,0.74,21.58,0.483,,1,0,,,3,0.1000,0.9000,1.82157,1.96028,,,,,,
58.621,0.5000,0.5000,0.5000,0.5000,0.77,21.66,0.486,,1,0,,,3,0.1000,0.9000,1.82599,1.94576,,,,,,
58.666,0.5000,0.5000,0.5000,0.5000,0.82,21.74,0.486,,1,0,,,3,0.1000,0.9000,1.82951,1.94685,,,,,,
58.706,0.5000,0.5000,0.5000,0.5000,0.86,21.79,0.482,,1,0,,,3,0.1000,0.9000,1.83224,1.94302,,,,,,
58.745,0.5000,0.5000,0.5000,0.5000,0.91,21.82,0.484,,1,0,,,3,0.1000,0.9000,1.83311,1.94159,,,,,,
58.782,0.5000,0.5000,0.5000,0.5000,0.95,21.89,0.484,,1,0,,,3,0.1000,0.9000,1.83022,1.93447,,,,,,
58.819,0.5000,0.5000,0.5000,0.5000,0.98,21.93,0.489,,1,0,,,3,0.1000,0.9000,1.83015,1.92742,,,,,,
58.851,0.5000,0.5000,0.5000,0.5000,1.01,21.97,0.485,,1,0,,,3,0.1000,0.9000,1.83170,1.91784,,,,,,
58.880,0.5000,0.5000,0.5000,0.5000,1.02,21.96,0.486,,1,0,,,3,0.1000,0.9000,1.82849,1.90903,,,,,,
58.920,0.5000,0.5000,0.5000,0.5000,1.03,21.97,0.485,,1,0,,,3,0.1000,0.9000,1.79213,1.90688,,,,,,
58.959,0.5000,0.5000,0.5000,0.5000,1.04,21.93,0.479,,1,0,,,3,0.1000,0.9000,1.55738,1.87981,,,,,,
58.999,0.5000,0.5000,0.5000,0.5000,1.06,21.85,0.456,,1,0,,,3,0.1000,0.9000,1.34699,1.87457,,,,,,
59.039,0.5000,0.5000,0.5000,0.5000,1.04,21.70,0.440,,1,0,,,3,0.1000,0.9000,1.24339,1.88630,,,,,,
59.078,0.5000,0.5000,0.5000,0.5000,1.00,21.52,0.433,,1,0,,,3,0.1000,0.9000,1.21851,1.91468,,,,,,
59.119,0.5000,0.5000,0.5000,0.5000,0.99,21.42,0.429,,1,0,,,3,0.1000,0.9000,1.17016,1.91783,,,,,,
59.154,0.5000,0.5000,0.5000,0.5000,0.96,21.32,0.425,,1,0,,,3,0.1000,0.9000,1.12756,1.93342,,,,,,
59.187,0.5000,0.5000,0.5000,0.5000,0.96,21.26,0.426,,1,0,,,3,0.1000,0.9000,1.07431,1.92566,,,,,,
59.222,0.5000,0.5000,0.5000,0.5000,0.93,21.17,0.420,,1,0,,,3,0.1000,0.9000,1.03213,1.93086,,,,,,
59.258,0.5000,0.5000,0.5000,0.5000,0.88,21.05,0.419,,1,0,,,3,0.1000,0.9000,0.99100,1.91148,,,,,,
59.297,0.5000,0.5000,0.5000,0.5000,0.85,20.97,0.415,,1,0,,,3,0.1000,0.9000,0.95788,1.90971,,,,,,
59.343,0.5000,0.5000,0.5000,0.5000,0.81,20.87,0.411,,1,0,,,3,0.1000,0.9000,0.91723,1.92998,,,,,,
59.386,0.5000,0.5000,0.5000,0.5000,0.71,20.67,0.413,,1,0,,,3,0.1000,0.9000,0.83674,1.90683,,,,,,
59.433,0.5000,0.5000,0.5000,0.5000,0.68,20.57,0.404,,1,0,,,3,0.1000,0.9000,0.80352,1.91276,,,,,,
59.502,0.5000,0.5000,0.5000,0.5000,0.72,20.58,0.399,,1,0,,,3,0.1000,0.9000,0.76138,1.90203,,,,,,
59.543,0.5000,0.5000,0.5000,0.5000,0.73,20.51,0.402,,1,0,,,3,0.1000,0.9000,0.75127,1.90609,,,,,,
59.587,0.5000,0.5000,0.5000,0.5000,0.79,20.55,0.402,,1,0,,,3,0.1000,0.9000,0.73338,1.91029,,,,,,
59.626,0.5000,0.5000,0.5000,0.5000,0.83,20.59,0.403,,1,0,,,3,0.1000,0.9000,0.72946,1.90689,,,,,,
59.660,0.5000,0.5000,0.5000,0.5000,0.87,20.63,0.403,,1,0,,,3,0.1000,0.9000,0.71928,1.92429,,,,,,
59.697,0.5000,0.5000,0.5000,0.5000,0.91,20.62,0.401,,1,0,,,3,0.1000,0.9000,0.70541,1.91274,,,,,,
59.735,0.5000,0.5000,0.5000,0.5000,0.94,20.61,0.400,,1,0,,,3,0.1000,0.9000,0.68924,1.90572,,,,,,
59.779,0.5000,0.5000,0.5000,0.5000,0.98,20.63,0.399,,1,0,,,3,0.1000,0.9000,0.68673,1.91214,,,,,,
59.820,0.5000,0.5000,0.5000,0.5000,1.02,20.71,0.401,,1,0,,,3,0.1000,0.9000,0.67994,1.92184,,,,,,
59.863,0.5000,0.5000,0.5000,0.5000,1.06,20.73,0.402,,1,0,,,3,0.1000,0.9000,0.65855,1.90466,,,,,,
59.900,0.5000,0.5000,0.5000,0.5000,1.09,20.75,0.401,,1,0,,,3,0.1000,0.9000,0.66084,1.91096,,,,,,
59.935,0.5000,0.5000,0.5000,0.5000,1.12,20.73,0.400,,1,0,,,3,0.1000,0.9000,0.65845,1.90003,,,,,,
59.972,0.5000,0.5000,0.5000,0.5000,1.14,20.68,0.398,,1,0,,,3,0.1000,0.9000,0.65056,1.89788,,,,,,
60.007,0.5000,0.5000,0.5000,0.5000,1.15,20.64,0.397,,1,0,,,3,0.1000,0.9000,0.64493,1.89409,,,,,,
60.040,0.5000,0.5000,0.5000,0.5000,1.15,20.60,0.397,,1,0,,,3,0.1000,0.9000,0.62636,1.88856,,,,,,
60.084,0.5000,0.5000,0.5000,0.5000,1.17,20.62,0.397,,1,0,,,3,0.1000,0.9000,0.63363,1.89493,,,,,,
60.119,0.5000,0.5000,0.5000,0.5000,1.20,20.66,0.399,,1,0,,,3,0.1000,0.9000,0.63134,1.89307,,,,,,
60.149,0.5000,0.5000,0.5000,0.5000,1.22,20.71,0.399,,1,0,,,3,0.1000,0.9000,0.62747,1.89257,,,,,,
60.198,0.5000,0.5000,0.5000,0.5000,1.24,20.71,0.401,,1,0,,,3,0.1000,0.9000,0.62442,1.88756,,,,,,
60.234,0.5000,0.5000,0.5000,0.5000,1.26,20.71,0.400,,1,0,,,3,0.1000,0.9000,0.61935,1.88691,,,,,,
60.267,0.5000,0.5000,0.5000,0.5000,1.26,20.72,0.399,,1,0,,,3,0.1000,0.9000,0.62042,1.87643,,,,,,
60.309,0.5000,0.5000,0.5000,0.5000,1.28,20.70,0.400,,1,0,,,3,0.1000,0.9000,0.61656,1.87708,,,,,,
60.347,0.5000,0.5000,0.5000,0.5000,1.29,20.67,0.400,,1,0,,,3,0.1000,0.9000,0.61863,1.87811,,,,,,
60.389,0.5000,0.5000,0.5000,0.5000,1.29,20.62,0.403,,1,0,,,3,0.1000,0.9000,0.61864,1.87529,,,,,,
60.429,0.5000,0.5000,0.5000,0.5000,1.29,20.57,0.404,,1,0,,,3,0.1000,0.9000,0.61395,1.87231,,,,,,
60.469,0.5000,0.5000,0.5000,0.5000,1.30,20.55,0.406,,1,0,,,3,0.1000,0.9000,0.61382,1.87088,,,,,,
60.503,0.5000,0.5000,0.5000,0.5000,1.32,20.53,0.412,,1,0,,,3,0.1000,0.9000,0.59974,1.86428,,,,,,
60.530,0.5000,0.5000,0.5000,0.5000,1.33,20.53,0.410,,1,0,,,3,0.1000,0.9000,0.59349,1.86796,,,,,,
60.586,0.5000,0.5000,0.5000,0.5000,1.36,20.54,0.414,,1,0,,,3,0.1000,0.9000,0.58553,1.86339,,,,,,
60.624,0.5000,0.5000,0.5000,0.5000,1.37,20.57,0.414,,1,0,,,3,0.1000,0.9000,0.58012,1.86180,,,,,,
60.662,0.5000,0.5000,0.5000,0.5000,1.38,20.58,0.412,,1,0,,,3,0.1000,0.9000,0.57781,1.85937,,,,,,
60.701,0.5000,0.5000,0.5000,0.5000,1.40,20.60,0.410,,1,0,,,3,0.1000,0.9000,0.57147,1.85536,,,,,,
60.743,0.5000,0.5000,0.5000,0.5000,1.41,20.57,0.413,,1,0,,,3,0.1000,0.9000,0.56702,1.85280,,,,,,
60.781,0.5000,0.5000,0.5000,0.5000,1.42,20.53,0.407,,1,0,,,3,0.1000,0.9000,0.55968,1.85049,,,,,,
60.824,0.5000,0.5000,0.5000,0.5000,1.44,20.51,0.405,,1,0,,,3,0.1000,0.9000,0.55435,1.84788,,,,,,
60.859,0.5000,0.5000,0.5000,0.5000,1.46,20.49,0.405,,1,0,,,3,0.1000,0.9000,0.55411,1.84606,,,,,,
60.898,0.5000,0.5000,0.5000,0.5000,1.48,20.51,0.404,,1,0,,,3,0.1000,0.9000,0.55060,1.84384,,,,,,
60.932,0.5000,0.5000,0.5000,0.5000,1.50,20.54,0.405,,1,0,,,3,0.1000,0.9000,0.55078,1.84927,,,,,,
60.963,0.5000,0.5000,0.5000,0.5000,1.51,20.54,0.405,,1,0,,,3,0.1000,0.9000,0.54873,1.84719,,,,,,
61.002,0.5000,0.5000,0.5000,0.5000,1.52,20.53,0.407,,1,0,,,3,0.1000,0.9000,0.54660,1.85081,,,,,,
61.027,0.5000,0.5000,0.5000,0.5000,1.52,20.54,0.405,,1,0,,,3,0.1000,0.9000,0.54001,1.84772,,,,,,
61.079,0.5000,0.5000,0.5000,0.5000,1.53,20.57,0.405,,1,0,,,3,0.1000,0.9000,0.54295,1.84981,,,,,,
61.121,0.5000,0.5000,0.5000,0.5000,1.55,20.60,0.407,,1,0,,,3,0.1000,0.9000,0.54256,1.85480,,,,,,
61.160,0.5000,0.5000,0.5000,0.5000,1.55,20.63,0.410,,1,0,,,3,0.1000,0.9000,0.54063,1.85227,,,,,,
61.213,0.5000,0.5000,0.5000,0.5000,1.54,20.64,0.413,,1,0,,,3,0.1000,0.9000,0.53707,1.85556,,,,,,
61.258,0.5000,0.5000,0.5000,0.5000,1.54,20.59,0.413,,1,0,,,3,0.1000,0.9000,0.52027,1.85150,,,,,,
61.304,0.5000,0.5000,0.5000,0.5000,1.54,20.57,0.412,,1,0,,,3,0.1000,0.9000,0.50404,1.86012,,,,,,
61.341,0.5000,0.5000,0.5000,0.5000,1.55,20.59,0.411,,1,0,,,3,0.1000,0.9000,0.49437,1.86557,,,,,,
61.390,0.5000,0.5000,0.5000,0.5000,1.59,20.68,0.411,,1,0,,,3,0.1000,0.9000,0.48714,1.87349,,,,,,
61.451,0.5000,0.5000,0.5000,0.5000,1.63,20.81,0.411,,1,0,,,3,0.1000,0.9000,0.48527,1.88725,,,,,,
61.491,0.5000,0.5000,0.5000,0.5000,1.68,20.96,0.410,,1,0,,,3,0.1000,0.9000,0.47012,1.89283,,,,,,
61.525,0.5000,0.5000,0.5000,0.5000,1.70,21.04,0.411,,1,0,,,3,0.1000,0.9000,0.45688,1.89439,,,,,,
61.558,0.5000,0.5000,0.5000,0.5000,1.70,21.09,0.410,,1,0,,,4,0.9000,0.9000,0.43903,1.90989,,,,,,
61.598,0.5000,0.5000,0.5000,0.5000,1.67,21.10,0.414,,1,0,,,4,0.9000,0.9000,0.41551,1.89297,,,,,,
61.638,0.5000,0.5000,0.5000,0.5000,1.65,21.10,0.416,,1,0,,,4,0.9000,0.9000,0.38936,1.89331,,,,,,
61.684,0.5000,0.5000,0.5000,0.5000,1.63,21.11,0.418,,1,0,,,4,0.9000,0.9000,0.36871,1.88389,,,,,,
61.733,0.5000,0.5000,0.5000,0.5000,1.62,21.11,0.416,,1,0,,,4,0.9000,0.9000,0.36052,1.90382,,,,,,
61.768,0.5000,0.5000,0.5000,0.5000,1.59,21.11,0.414,,1,0,,,4,0.9000,0.9000,0.35600,1.91678,,,,,,
61.807,0.5000,0.5000,0.5000,0.5000,1.59,21.12,0.415,,1,0,,,4,0.9000,0.9000,0.33246,1.93090,,,,,,
61.843,0.5000,0.5000,0.5000,0.5000,1.58,21.13,0.415,,1,0,,,4,0.9000,0.9000,0.32098,1.92981,,,,,,
61.878,0.5000,0.5000,0.5000,0.5000,1.58,21.13,0.417,,1,0,,,4,0.9000,0.9000,0.31765,1.94350,,,,,,
61.927,0.5000,0.5000,0.5000,0.5000,1.57,21.10,0.417,,1,0,,,4,0.9000,0.9000,0.30267,1.94822,,,,,,
61.980,0.5000,0.5000,0.5000,0.5000,1.55,21.03,0.417,,1,0,,,4,0.9000,0.9000,0.28609,1.94316,,,,,,
62.024,0.5000,0.5000,0.5000,0.5000,1.53,21.00,0.417,,1,0,,,4,0.9000,0.9000,0.28263,1.94327,,,,,,
62.066,0.5000,0.5000,0.5000,0.5000,1.51,20.97,0.416,,1,0,,,4,0.9000,0.9000,0.27685,1.96207,,,,,,
62.115,0.5000,0.5000,0.5000,0.5000,1.49,21.00,0.414,,1,0,,,4,0.9000,0.9000,0.35555,1.98089,,,,,,
62.168,0.5000,0.5000,0.5000,0.5000,1.51,21.20,0.406,,1,0,,,4,0.9000,0.9000,0.62187,2.02750,,,,,,
62.205,0.5000,0.5000,0.5000,0.5000,1.58,21.42,0.406,,1,0,,,4,0.9000,0.9000,0.69845,2.03967,,,,,,
62.240,0.5000,0.5000,0.5000,0.5000,1.70,21.64,0.406,,1,0,,,4,0.9000,0.9000,0.75462,2.06779,,,,,,
62.269,0.5000,0.5000,0.5000,0.5000,1.84,21.86,0.405,,1,0,,,4,0.9000,0.9000,0.78613,2.06989,,,,,,
62.297,0.5000,0.5000,0.5000,0.5000,2.00,22.09,0.399,,1,0,,,4,0.9000,0.9000,0.79245,2.08331,,,,,,
62.349,0.5000,0.5000,0.5000,0.5000,2.14,22.29,0.397,,1,0,,,4,0.9000,0.9000,0.81275,2.07834,,,,,,
62.391,0.5000,0.5000,0.5000,0.5000,2.25,22.47,0.399,,1,0,,,4,0.9000,0.9000,0.82080,2.05782,,,,,,
62.434,0.5000,0.5000,0.5000,0.5000,2.26,22.53,0.398,,1,0,,,4,0.9000,0.9000,0.81574,2.03730,,,,,,
62.471,0.5000,0.5000,0.5000,0.5000,2.26,22.57,0.394,,1,0,,,4,0.9000,0.9000,0.85816,2.02277,,,,,,
62.506,0.5000,0.5000,0.5000,0.5000,2.28,22.64,0.393,,1,0,,,4,0.9000,0.9000,0.89420,2.02903,,,,,,
62.551,0.5000,0.5000,0.5000,0.5000,2.31,22.74,0.390,,1,0,,,4,0.9000,0.9000,0.94244,2.05675,,,,,,
62.595,0.5000,0.5000,0.5000,0.5000,2.31,22.79,0.390,,1,0,,,4,0.9000,0.9000,0.95712,2.03777,,,,,,
62.633,0.5000,0.5000,0.5000,0.5000,2.31,22.84,0.391,,1,0,,,4,0.9000,0.9000,0.99697,2.03596,,,,,,
62.661,0.5000,0.5000,0.5000,0.5000,2.33,22.94,0.395,,1,0,,,4,0.9000,0.9000,1.00176,2.03454,,,,,,
62.703,0.5000,0.5000,0.5000,0.5000,2.32,22.99,0.391,,1,0,,,4,0.9000,0.9000,1.07761,2.04230,,,,,,
62.739,0.5000,0.5000,0.5000,0.5000,2.33,23.05,0.392,,1,0,,,4,0.9000,0.9000,1.07030,2.03761,,,,,,
62.762,0.5000,0.5000,0.5000,0.5000,2.36,23.14,0.391,,1,0,,,4,0.9000,0.9000,1.08328,2.05088,,,,,,
62.821,0.5000,0.5000,0.5000,0.5000,2.35,23.16,0.386,,1,0,,,4,0.9000,0.9000,1.24525,2.06337,,,,,,
62.863,0.5000,0.5000,0.5000,0.5000,2.30,23.06,0.382,,1,0,,,4,0.9000,0.9000,1.26362,2.03462,,,,,,
62.900,0.5000,0.5000,0.5000,0.5000,2.29,23.09,0.383,,1,0,,,4,0.9000,0.9000,1.31767,2.05819,,,,,,
62.938,0.5000,0.5000,0.5000,0.5000,2.29,23.15,0.385,,1,0,,,4,0.9000,0.9000,1.38708,2.06031,,,,,,
62.979,0.5000,0.5000,0.5000,0.5000,2.27,23.16,0.379,,1,0,,,4,0.9000,0.9000,1.45286,2.06145,,,,,,
63.020,0.5000,0.5000,0.5000,0.5000,2.23,23.14,0.376,,1,0,,,4,0.9000,0.9000,1.44833,2.03619,,,,,,
63.067,0.5000,0.5000,0.5000,0.5000,2.17,23.10,0.380,,1,0,,,4,0.9000,0.9000,1.47870,2.05268,,,,,,
63.105,0.5000,0.5000,0.5000,0.5000,2.13,23.05,0.379,,1,0,,,4,0.9000,0.9000,1.56374,2.07779,,,,,,
63.143,0.5000,0.5000,0.5000,0.5000,2.10,23.00,0.377,,1,0,,,4,0.9000,0.9000,1.64704,2.08487,,,,,,
63.178,0.5000,0.5000,0.5000,0.5000,2.07,22.96,0.376,,1,0,,,4,0.9000,0.9000,1.67968,2.09552,,,,,,
63.215,0.5000,0.5000,0.5000,0.5000,2.04,22.90,0.379,,1,0,,,4,0.9000,0.9000,1.68075,2.06951,,,,,,
63.246,0.5000,0.5000,0.5000,0.5000,2.03,22.90,0.383,,1,0,,,4,0.9000,0.9000,1.76252,2.09785,,,,,,
63.290,0.5000,0.5000,0.5000,0.5000,2.00,22.85,0.386,,1,0,,,4,0.9000,0.9000,1.81311,2.09749,,,,,,
63.326,0.5000,0.5000,0.5000,0.5000,1.99,22.86,0.390,,1,0,,,4,0.9000,0.9000,1.84881,2.08906,,,,,,
63.363,0.5000,0.5000,0.5000,0.5000,1.97,22.86,0.389,,1,0,,,4,0.9000,0.9000,1.85865,2.05741,,,,,,
63.388,0.5000,0.5000,0.5000,0.5000,1.80,22.62,0.387,,1,0,,,4,0.9000,0.9000,2.05787,2.08999,,,,,,
63.447,0.5000,0.5000,0.5000,0.5000,1.70,22.47,0.388,,1,0,,,4,0.9000,0.9000,2.05494,2.04871,,,,,,
63.501,0.5000,0.5000,0.5000,0.5000,1.49,22.17,0.391,,1,0,,,4,0.9000,0.9000,2.07202,2.02445,,,,,,
63.543,0.5000,0.5000,0.5000,0.5000,1.32,21.91,0.389,,1,0,,,4,0.9000,0.9000,2.13755,2.05529,,,,,,
63.602,0.5000,0.5000,0.5000,0.5000,1.17,21.65,0.386,,1,0,,,4,0.9000,0.9000,2.19797,2.06152,,,,,,
63.644,0.5000,0.5000,0.5000,0.5000,1.12,21.46,0.389,,1,0,,,4,0.9000,0.9000,2.21221,2.06148,,,,,,
63.666,0.5000,0.5000,0.5000,0.5000,1.08,21.30,0.389,,1,0,,,4,0.9000,0.9000,2.22175,2.06549,,,,,,
63.718,0.5000,0.5000,0.5000,0.5000,1.11,21.21,0.389,,1,0,,,4,0.9000,0.9000,2.24744,2.06914,,,,,,
63.756,0.5000,0.5000,0.5000,0.5000,1.15,21.15,0.386,,1,0,,,4,0.9000,0.9000,2.31953,2.08324,,,,,,
63.794,0.5000,0.5000,0.5000,0.5000,1.18,21.09,0.392,,1,0,,,4,0.9000,0.9000,2.31240,2.07121,,,,,,
63.831,0.5000,0.5000,0.5000,0.5000,1.16,20.95,0.383,,1,0,,,4,0.9000,0.9000,2.40650,2.05455,,,,,,
63.899,0.5000,0.5000,0.5000,0.5000,1.19,20.79,0.385,,1,0,,,4,0.9000,0.9000,2.49632,2.05117,,,,,,
63.939,0.5000,0.5000,0.5000,0.5000,1.23,20.68,0.386,,1,0,,,4,0.9000,0.9000,2.55398,2.04304,,,,,,
63.975,0.5000,0.5000,0.5000,0.5000,1.28,20.66,0.390,,1,0,,,4,0.9000,0.9000,2.55301,2.01781,,,,,,
64.013,0.5000,0.5000,0.5000,0.5000,1.26,20.53,0.389,,1,0,,,4,0.9000,0.9000,2.54202,2.00036,,,,,,
64.051,0.5000,0.5000,0.5000,0.5000,1.30,20.48,0.391,,1,0,,,4,0.9000,0.9000,2.55201,1.99139,,,,,,
64.089,0.5000,0.5000,0.5000,0.5000,1.31,20.37,0.389,,1,0,,,4,0.9000,0.9000,2.60384,2.01722,,,,,,
64.127,0.5000,0.5000,0.5000,0.5000,1.31,20.24,0.389,,1,0,,,4,0.9000,0.9000,2.56481,1.99287,,,,,,
64.162,0.5000,0.5000,0.5000,0.5000,1.30,20.13,0.386,,1,0,,,4,0.9000,0.9000,2.60858,2.00937,,,,,,
64.201,0.5000,0.5000,0.5000,0.5000,1.34,20.05,0.386,,1,0,,,4,0.9000,0.9000,2.60788,2.00773,,,,,,
64.237,0.5000,0.5000,0.5000,0.5000,1.34,19.89,0.387,,1,0,,,4,0.9000,0.9000,2.61283,2.00278,,,,,,
64.279,0.5000,0.5000,0.5000,0.5000,1.33,19.72,0.387,,1,0,,,4,0.9000,0.9000,2.60808,2.00282,,,,,,
64.312,0.5000,0.5000,0.5000,0.5000,1.31,19.57,0.389,,1,0,,,4,0.9000,0.9000,2.50601,1.96576,,,,,,
64.345,0.5000,0.5000,0.5000,0.5000,1.28,19.42,0.391,,1,0,,,4,0.9000,0.9000,2.47093,1.96304,,,,,,
64.386,0.5000,0.5000,0.5000,0.5000,1.40,19.48,0.389,,1,0,,,4,0.9000,0.9000,2.41307,1.93684,,,,,,
64.423,0.5000,0.5000,0.5000,0.5000,1.49,19.53,0.387,,1,0,,,4,0.9000,0.9000,2.41802,1.96433,,,,,,
64.465,0.5000,0.5000,0.5000,0.5000,1.55,19.57,0.386,,1,0,,,4,0.9000,0.9000,2.38022,1.95327,,,,,,
64.508,0.5000,0.5000,0.5000,0.5000,1.59,19.52,0.387,,1,0,,,4,0.9000,0.9000,2.30720,1.93952,,,,,,
64.549,0.5000,0.5000,0.5000,0.5000,1.62,19.57,0.393,,1,0,,,4,0.9000,0.9000,2.26684,1.95069,,,,,,
64.584,0.5000,0.5000,0.5000,0.5000,1.64,19.72,0.393,,1,0,,,5,0.5000,0.1000,2.22426,1.95826,,,,,,
64.629,0.5000,0.5000,0.5000,0.5000,1.71,19.88,0.389,,1,0,,,5,0.5000,0.1000,2.01981,1.94897,,,,,,
64.664,0.5000,0.5000,0.5000,0.5000,1.77,19.94,0.385,,1,0,,,5,0.5000,0.1000,2.00810,1.95253,,,,,,
64.703,0.5000,0.5000,0.5000,0.5000,1.87,20.11,0.386,,1,0,,,5,0.5000,0.1000,1.91581,1.93282,,,,,,
64.742,0.5000,0.5000,0.5000,0.5000,1.96,20.17,0.382,,1,0,,,5,0.5000,0.1000,1.87676,1.92962,,,,,,
64.782,0.5000,0.5000,0.5000,0.5000,2.05,20.24,0.384,,1,0,,,5,0.5000,0.1000,1.84284,1.93923,,,,,,
64.822,0.5000,0.5000,0.5000,0.5000,2.17,20.35,0.382,,1,0,,,5,0.5000,0.1000,1.89025,1.95548,,,,,,
64.865,0.5000,0.5000,0.5000,0.5000,2.32,20.54,0.383,,1,0,,,5,0.5000,0.1000,1.89410,1.95810,,,,,,
64.905,0.5000,0.5000,0.5000,0.5000,2.40,20.57,0.385,,1,0,,,5,0.5000,0.1000,1.77871,1.90611,,,,,,
64.945,0.5000,0.5000,0.5000,0.5000,2.46,20.61,0.381,,1,0,,,5,0.5000,0.1000,1.76614,1.90970,,,,,,
64.980,0.5000,0.5000,0.5000,0.5000,2.54,20.71,0.381,,1,0,,,5,0.5000,0.1000,1.72150,1.89277,,,,,,
65.011,0.5000,0.5000,0.5000,0.5000,2.61,20.81,0.383,,1,0,,,5,0.5000,0.1000,1.70540,1.91234,,,,,,
65.047,0.5000,0.5000,0.5000,0.5000,2.70,20.92,0.380,,1,0,,,5,0.5000,0.1000,1.66276,1.89924,,,,,,
65.102,0.5000,0.5000,0.5000,0.5000,2.77,21.03,0.391,,1,0,,,5,0.5000,0.1000,1.58344,1.84587,,,,,,
65.137,0.5000,0.5000,0.5000,0.5000,2.88,21.33,0.447,,1,0,,,5,0.5000,0.1000,1.44345,1.72250,,,,,,
65.174,0.5000,0.5000,0.5000,0.5000,2.89,21.47,0.488,,1,0,,,5,0.5000,0.1000,1.36115,1.60208,,,,,,
65.196,0.5000,0.5000,0.5000,0.5000,2.83,21.52,0.493,,1,0,,,5,0.5000,0.1000,1.31854,1.56484,,,,,,
65.251,0.5000,0.5000,0.5000,0.5000,2.72,21.51,0.505,,1,0,,,5,0.5000,0.1000,1.32128,1.54652,,,,,,
65.292,0.5000,0.5000,0.5000,0.5000,2.63,21.51,0.501,,1,0,,,5,0.5000,0.1000,1.33569,1.54618,,,,,,
65.322,0.5000,0.5000,0.5000,0.5000,2.56,21.51,0.502,,1,0,,,5,0.5000,0.1000,1.33458,1.55032,,,,,,
65.364,0.5000,0.5000,0.5000,0.5000,2.49,21.53,0.505,,1,0,,,5,0.5000,0.1000,1.34010,1.54803,,,,,,
65.401,0.5000,0.5000,0.5000,0.5000,2.44,21.63,0.501,,1,0,,,5,0.5000,0.1000,1.34858,1.55295,,,,,,
65.442,0.5000,0.5000,0.5000,0.5000,2.40,21.77,0.501,,1,0,,,5,0.5000,0.1000,1.35688,1.55577,,,,,,
65.497,0.5000,0.5000,0.5000,0.5000,2.37,21.89,0.502,,1,0,,,5,0.5000,0.1000,1.35870,1.55245,,,,,,
65.556,0.5000,0.5000,0.5000,0.5000,2.32,22.04,0.498,,1,0,,,5,0.5000,0.1000,1.36806,1.55125,,,,,,
65.608,0.5000,0.5000,0.5000,0.5000,2.28,22.11,0.497,,1,0,,,5,0.5000,0.1000,1.36574,1.54991,,,,,,
65.654,0.5000,0.5000,0.5000,0.5000,2.24,22.15,0.495,,1,0,,,5,0.5000,0.1000,1.36631,1.55019,,,,,,
65.698,0.5000,0.5000,0.5000,0.5000,2.21,22.18,0.491,,1,0,,,5,0.5000,0.1000,1.36647,1.54977,,,,,,
65.729,0.5000,0.5000,0.5000,0.5000,2.18,22.18,0.489,,1,0,,,5,0.5000,0.1000,1.36715,1.54694,,,,,,
65.765,0.5000,0.5000,0.5000,0.5000,2.16,22.17,0.489,,1,0,,,5,0.5000,0.1000,1.36859,1.54704,,,,,,
65.798,0.5000,0.5000,0.5000,0.5000,2.14,22.17,0.489,,1,0,,,5,0.5000,0.1000,1.36818,1.54958,,,,,,
65.846,0.5000,0.5000,0.5000,0.5000,2.11,22.16,0.488,,1,0,,,5,0.5000,0.1000,1.36881,1.54916,,,,,,
65.890,0.5000,0.5000,0.5000,0.5000,2.11,22.22,0.487,,1,0,,,5,0.5000,0.1000,1.37305,1.55617,,,,,,
65.936,0.5000,0.5000,0.5000,0.5000,2.10,22.31,0.488,,1,0,,,5,0.5000,0.1000,1.37357,1.55518,,,,,,
65.984,0.5000,0.5000,0.5000,0.5000,2.11,22.39,0.487,,1,0,,,5,0.5000,0.1000,1.37354,1.55336,,,,,,
66.028,0.5000,0.5000,0.5000,0.5000,2.11,22.48,0.487,,1,0,,,5,0.5000,0.1000,1.37079,1.55266,,,,,,
66.069,0.5000,0.5000,0.5000,0.5000,2.12,22.55,0.487,,1,0,,,5,0.5000,0.1000,1.37258,1.55379,,,,,,
66.121,0.5000,0.5000,0.5000,0.5000,2.13,22.61,0.486,,1,0,,,5,0.5000,0.1000,1.36726,1.55204,,,,,,
66.173,0.5000,0.5000,0.5000,0.5000,2.12,22.64,0.487,,1,0,,,5,0.5000,0.1000,1.37550,1.55818,,,,,,
66.212,0.5000,0.5000,0.5000,0.5000,2.13,22.64,0.486,,1,0,,,5,0.5000,0.1000,1.35606,1.55340,,,,,,
66.252,0.5000,0.5000,0.5000,0.5000,2.12,22.64,0.486,,1,0,,,5,0.5000,0.1000,1.33108,1.54677,,,,,,
66.290,0.5000,0.5000,0.5000,0.5000,2.13,22.70,0.486,,1,0,,,5,0.5000,0.1000,1.30194,1.56398,,,,,,
66.328,0.5000,0.5000,0.5000,0.5000,2.14,22.76,0.484,,1,0,,,5,0.5000,0.1000,1.26563,1.55596,,,,,,
66.370,0.5000,0.5000,0.5000,0.5000,2.14,22.78,0.481,,1,0,,,5,0.5000,0.1000,1.22545,1.55348,,,,,,
66.412,0.5000,0.5000,0.5000,0.5000,2.15,22.78,0.478,,1,0,,,5,0.5000,0.1000,1.19043,1.54180,,,,,,
66.458,0.5000,0.5000,0.5000,0.5000,2.17,22.81,0.478,,1,0,,,5,0.5000,0.1000,1.14393,1.52039,,,,,,
66.496,0.5000,0.5000,0.5000,0.5000,2.19,22.78,0.473,,1,0,,,5,0.5000,0.1000,1.10670,1.48746,,,,,,
66.542,0.5000,0.5000,0.5000,0.5000,2.22,22.83,0.477,,1,0,,,5,0.5000,0.1000,1.01432,1.49294,,,,,,
66.589,0.5000,0.5000,0.5000,0.5000,2.25,22.87,0.477,,1,0,,,5,0.5000,0.1000,0.94912,1.46979,,,,,,
66.636,0.5000,0.5000,0.5000,0.5000,2.28,22.97,0.474,,1,0,,,5,0.5000,0.1000,0.90710,1.46773,,,,,,
66.672,0.5000,0.5000,0.5000,0.5000,2.30,22.97,0.471,,1,0,,,5,0.5000,0.1000,0.88692,1.49547,,,,,,
66.727,0.5000,0.5000,0.5000,0.5000,2.29,22.96,0.466,,1,0,,,5,0.5000,0.1000,0.84757,1.49696,,,,,,
66.764,0.5000,0.5000,0.5000,0.5000,2.29,22.94,0.471,,1,0,,,5,0.5000,0.1000,0.83351,1.50652,,,,,,
66.810,0.5000,0.5000,0.5000,0.5000,2.28,22.88,0.466,,1,0,,,5,0.5000,0.1000,0.83056,1.51994,,,,,,
66.853,0.5000,0.5000,0.5000,0.5000,2.27,22.82,0.473,,1,0,,,5,0.5000,0.1000,0.82762,1.52019,,,,,,
66.914,0.5000,0.5000,0.5000,0.5000,2.24,22.78,0.481,,1,0,,,5,0.5000,0.1000,0.81954,1.52788,,,,,,
66.950,0.5000,0.5000,0.5000,0.5000,2.20,22.72,0.486,,1,0,,,5,0.5000,0.1000,0.81410,1.52825,,,,,,
66.994,0.5000,0.5000,0.5000,0.5000,2.19,22.69,0.484,,1,0,,,5,0.5000,0.1000,0.81704,1.53550,,,,,,
67.042,0.5000,0.5000,0.5000,0.5000,2.15,22.61,0.480,,1,0,,,5,0.5000,0.1000,0.89536,1.60286,,,,,,
67.090,0.5000,0.5000,0.5000,0.5000,2.13,22.58,0.484,,1,0,,,5,0.5000,0.1000,0.92142,1.61796,,,,,,
67.135,0.5000,0.5000,0.5000,0.5000,2.11,22.61,0.485,,1,0,,,5,0.5000,0.1000,0.95841,1.62514,,,,,,
67.178,0.5000,0.5000,0.5000,0.5000,2.10,22.61,0.477,,1,0,,,5,0.5000,0.1000,0.97608,1.63701,,,,,,
67.220,0.5000,0.5000,0.5000,0.5000,2.08,22.65,0.478,,1,0,,,5,0.5000,0.1000,0.99534,1.64411,,,,,,
67.261,0.5000,0.5000,0.5000,0.5000,2.07,22.70,0.478,,1,0,,,5,0.5000,0.1000,1.00052,1.65113,,,,,,
67.315,0.5000,0.5000,0.5000,0.5000,2.06,22.73,0.478,,1,0,,,5,0.5000,0.1000,0.99851,1.65156,,,,,,
67.353,0.5000,0.5000,0.5000,0.5000,2.04,22.74,0.478,,1,0,,,5,0.5000,0.1000,0.99550,1.65470,,,,,,
67.403,0.5000,0.5000,0.5000,0.5000,2.00,22.78,0.474,,1,0,,,5,0.5000,0.1000,0.98933,1.65847,,,,,,
67.452,0.5000,0.5000,0.5000,0.5000,1.96,22.81,0.471,,1,0,,,5,0.5000,0.1000,0.98985,1.67161,,,,,,
67.497,0.5000,0.5000,0.5000,0.5000,1.93,22.84,0.470,,1,0,,,5,0.5000,0.1000,0.98599,1.67626,,,,,,
67.539,0.5000,0.5000,0.5000,0.5000,1.90,22.88,0.469,,1,0,,,5,0.5000,0.1000,0.97520,1.67759,,,,,,
67.582,0.5000,0.5000,0.5000,0.5000,1.86,22.86,0.469,,1,0,,,5,0.5000,0.1000,0.96506,1.66990,,,,,,
67.618,0.5000,0.5000,0.5000,0.5000,1.83,22.84,0.468,,1,0,,,6,0.1000,0.5000,0.96093,1.66594,,,,,,
67.661,0.5000,0.5000,0.5000,0.5000,1.82,22.83,0.469,,1,0,,,6,0.1000,0.5000,0.96020,1.67119,,,,,,
67.706,0.5000,0.5000,0.5000,0.5000,1.80,22.88,0.472,,1,0,,,6,0.1000,0.5000,0.95090,1.67280,,,,,,
67.753,0.5000,0.5000,0.5000,0.5000,1.81,22.93,0.470,,1,0,,,6,0.1000,0.5000,0.95156,1.68619,,,,,,
67.795,0.5000,0.5000,0.5000,0.5000,1.83,22.96,0.469,,1,0,,,6,0.1000,0.5000,0.94452,1.68454,,,,,,
67.838,0.5000,0.5000,0.5000,0.5000,1.84,22.96,0.465,,1,0,,,6,0.1000,0.5000,0.93148,1.68360,,,,,,
67.891,0.5000,0.5000,0.5000,0.5000,1.85,22.98,0.466,,1,0,,,6,0.1000,0.5000,0.92533,1.68431,,,,,,
67.935,0.5000,0.5000,0.5000,0.5000,1.86,23.04,0.465,,1,0,,,6,0.1000,0.5000,0.91482,1.69514,,,,,,
67.986,0.5000,0.5000,0.5000,0.5000,1.88,23.10,0.465,,1,0,,,6,0.1000,0.5000,0.91245,1.69413,,,,,,
68.032,0.5000,0.5000,0.5000,0.5000,1.89,23.13,0.467,,1,0,,,6,0.1000,0.5000,0.89584,1.69231,,,,,,
68.083,0.5000,0.5000,0.5000,0.5000,1.88,23.13,0.459,,1,0,,,6,0.1000,0.5000,0.70953,1.69560,,,,,,
68.128,0.5000,0.5000,0.5000,0.5000,1.86,23.02,0.456,,1,0,,,6,0.1000,0.5000,0.64682,1.69823,,,,,,
68.170,0.5000,0.5000,0.5000,0.5000,1.84,22.93,0.451,,1,0,,,6,0.1000,0.5000,0.61581,1.71387,,,,,,
68.215,0.5000,0.5000,0.5000,0.5000,1.80,22.83,0.451,,1,0,,,6,0.1000,0.5000,0.60715,1.71342,,,,,,
68.266,0.5000,0.5000,0.5000,0.5000,1.77,22.74,0.450,,1,0,,,6,0.1000,0.5000,0.61285,1.72215,,,,,,
68.310,0.5000,0.5000,0.5000,0.5000,1.73,22.64,0.450,,1,0,,,6,0.1000,0.5000,0.61004,1.72682,,,,,,
68.358,0.5000,0.5000,0.5000,0.5000,1.67,22.52,0.450,,1,0,,,6,0.1000,0.5000,0.60344,1.72213,,,,,,
68.407,0.5000,0.5000,0.5000,0.5000,1.66,22.46,0.450,,1,0,,,6,0.1000,0.5000,0.59545,1.72863,,,,,,
68.461,0.5000,0.5000,0.5000,0.5000,1.63,22.35,0.452,,1,0,,,6,0.1000,0.5000,0.59524,1.72511,,,,,,
68.507,0.5000,0.5000,0.5000,0.5000,1.63,22.29,0.451,,1,0,,,6,0.1000,0.5000,0.58720,1.72198,,,,,,
68.553,0.5000,0.5000,0.5000,0.5000,1.63,22.27,0.450,,1,0,,,6,0.1000,0.5000,0.58587,1.72086,,,,,,
68.599,0.5000,0.5000,0.5000,0.5000,1.63,22.20,0.448,,1,0,,,6,0.1000,0.5000,0.58141,1.72216,,,,,,
68.638,0.5000,0.5000,0.5000,0.5000,1.64,22.15,0.448,,1,0,,,6,0.1000,0.5000,0.58453,1.72067,,,,,,
68.677,0.5000,0.5000,0.5000,0.5000,1.65,22.11,0.444,,1,0,,,6,0.1000,0.5000,0.58497,1.70983,,,,,,
68.735,0.5000,0.5000,0.5000,0.5000,1.65,22.02,0.447,,1,0,,,6,0.1000,0.5000,0.59345,1.69482,,,,,,
68.787,0.5000,0.5000,0.5000,0.5000,1.58,21.82,0.441,,1,0,,,6,0.1000,0.5000,0.62573,1.69765,,,,,,
68.850,0.5000,0.5000,0.5000,0.5000,1.52,21.65,0.440,,1,0,,,6,0.1000,0.5000,0.67304,1.70827,,,,,,
68.896,0.5000,0.5000,0.5000,0.5000,1.59,21.68,0.440,,1,0,,,6,0.1000,0.5000,0.68633,1.70843,,,,,,
68.947,0.5000,0.5000,0.5000,0.5000,1.63,21.71,0.443,,1,0,,,6,0.1000,0.5000,0.69499,1.70504,,,,,,
68.990,0.5000,0.5000,0.5000,0.5000,1.68,21.74,0.445,,1,0,,,6,0.1000,0.5000,0.69459,1.68929,,,,,,
69.030,0.5000,0.5000,0.5000,0.5000,1.72,21.75,0.443,,1,0,,,6,0.1000,0.5000,0.70188,1.68963,,,,,,
69.069,0.5000,0.5000,0.5000,0.5000,1.75,21.71,0.444,,1,0,,,6,0.1000,0.5000,0.70060,1.68797,,,,,,
69.116,0.5000,0.5000,0.5000,0.5000,1.76,21.68,0.445,,1,0,,,6,0.1000,0.5000,0.70039,1.68863,,,,,,
69.170,0.5000,0.5000,0.5000,0.5000,1.78,21.61,0.447,,1,0,,,6,0.1000,0.5000,0.69690,1.67795,,,,,,
69.220,0.5000,0.5000,0.5000,0.5000,1.80,21.59,0.443,,1,0,,,6,0.1000,0.5000,0.69412,1.68203,,,,,,
69.264,0.5000,0.5000,0.5000,0.5000,1.82,21.59,0.445,,1,0,,,6,0.1000,0.5000,0.69166,1.68010,,,,,,
69.304,0.5000,0.5000,0.5000,0.5000,1.83,21.56,0.446,,1,0,,,6,0.1000,0.5000,0.68713,1.67541,,,,,,
69.340,0.5000,0.5000,0.5000,0.5000,1.85,21.52,0.439,,1,0,,,6,0.1000,0.5000,0.68018,1.67336,,,,,,
69.394,0.5000,0.5000,0.5000,0.5000,1.88,21.48,0.434,,1,0,,,6,0.1000,0.5000,0.67419,1.67498,,,,,,
69.439,0.5000,0.5000,0.5000,0.5000,1.80,21.24,0.455,,1,0,,,6,0.1000,0.5000,0.65050,1.59422,,,,,,
69.501,0.5000,0.5000,0.5000,0.5000,1.87,21.07,0.429,,1,0,,,6,0.1000,0.5000,0.62131,1.47073,,,,,,
69.542,0.5000,0.5000,0.5000,0.5000,1.95,20.97,0.430,,1,0,,,6,0.1000,0.5000,0.61966,1.42106,,,,,,
69.587,0.5000,0.5000,0.5000,0.5000,2.05,20.87,0.433,,1,0,,,6,0.1000,0.5000,0.61356,1.39130,,,,,,
69.630,0.5000,0.5000,0.5000,0.5000,2.13,20.82,0.431,,1,0,,,6,0.1000,0.5000,0.60194,1.38091,,,,,,
69.678,0.5000,0.5000,0.5000,0.5000,2.26,20.80,0.437,,1,0,,,6,0.1000,0.5000,0.59869,1.38796,,,,,,
69.734,0.5000,0.5000,0.5000,0.5000,2.36,20.86,0.436,,1,0,,,6,0.1000,0.5000,0.59822,1.40093,,,,,,
69.774,0.5000,0.5000,0.5000,0.5000,2.43,20.92,0.438,,1,0,,,6,0.1000,0.5000,0.59050,1.40561,,,,,,
69.812,0.5000,0.5000,0.5000,0.5000,2.49,20.98,0.437,,1,0,,,6,0.1000,0.5000,0.58421,1.40668,,,,,,
69.848,0.5000,0.5000,0.5000,0.5000,2.56,21.04,0.439,,1,0,,,6,0.1000,0.5000,0.58212,1.41390,,,,,,
69.881,0.5000,0.5000,0.5000,0.5000,2.64,21.12,0.439,,1,0,,,6,0.1000,0.5000,0.56704,1.41054,,,,,,
69.914,0.5000,0.5000,0.5000,0.5000,2.70,21.18,0.440,,1,0,,,6,0.1000,0.5000,0.56570,1.41107,,,,,,
69.982,0.5000,0.5000,0.5000,0.5000,2.76,21.22,0.439,,1,0,,,6,0.1000,0.5000,0.56594,1.41198,,,,,,
70.016,0.5000,0.5000,0.5000,0.5000,2.82,21.27,0.439,,1,0,,,6,0.1000,0.5000,0.56608,1.41275,,,,,,
70.044,0.5000,0.5000,0.5000,0.5000,2.87,21.32,0.435,,1,0,,,6,0.1000,0.5000,0.57049,1.41913,,,,,,
70.078,0.5000,0.5000,0.5000,0.5000,2.92,21.36,0.434,,1,0,,,6,0.1000,0.5000,0.57128,1.42313,,,,,,
70.127,0.5000,0.5000,0.5000,0.5000,2.97,21.43,0.429,,1,0,,,6,0.1000,0.5000,0.57212,1.42726,,,,,,
70.161,0.5000,0.5000,0.5000,0.5000,3.01,21.47,0.428,,1,0,,,6,0.1000,0.5000,0.57173,1.43276,,,,,,
70.182,0.5000,0.5000,0.5000,0.5000,3.05,21.56,0.428,,1,0,,,6,0.1000,0.5000,0.56323,1.42545,,,,,,
70.229,0.5000,0.5000,0.5000,0.5000,3.08,21.65,0.429,,1,0,,,6,0.1000,0.5000,0.54042,1.42082,,,,,,
70.266,0.5000,0.5000,0.5000,0.5000,3.08,21.66,0.429,,1,0,,,6,0.1000,0.5000,0.50363,1.40265,,,,,,
70.300,0.5000,0.5000,0.5000,0.5000,3.09,21.58,0.421,,1,0,,,6,0.1000,0.5000,0.45261,1.36995,,,,,,
70.335,0.5000,0.5000,0.5000,0.5000,3.12,21.54,0.409,,1,0,,,6,0.1000,0.5000,0.39044,1.37568,,,,,,
70.371,0.5000,0.5000,0.5000,0.5000,3.13,21.44,0.409,,1,0,,,6,0.1000,0.5000,0.27814,1.37627,,,,,,
70.410,0.5000,0.5000,0.5000,0.5000,3.16,21.35,0.418,,1,0,,,6,0.1000,0.5000,0.18702,1.37318,,,,,,
70.452,0.5000,0.5000,0.5000,0.5000,3.21,21.26,0.423,,1,0,,,6,0.1000,0.5000,0.09432,1.36541,,,,,,
70.492,0.5000,0.5000,0.5000,0.5000,3.31,21.27,0.420,,1,0,,,6,0.1000,0.5000,0.02105,1.38144,,,,,,
70.536,0.5000,0.5000,0.5000,0.5000,3.41,21.26,0.425,,1,0,,,6,0.1000,0.5000,-0.04283,1.39575,,,,,,
70.583,0.5000,0.5000,0.5000,0.5000,3.50,21.34,0.428,,1,0,,,6,0.1000,0.5000,-0.07805,1.41879,,,,,,
70.660,0.5000,0.5000,0.5000,0.5000,3.63,21.28,0.429,,1,0,,,7,0.9000,0.5000,-0.16309,1.44518,,,,,,
70.710,0.5000,0.5000,0.5000,0.5000,3.70,21.28,0.423,,1,0,,,7,0.9000,0.5000,-0.19427,1.43695,,,,,,
70.772,0.5000,0.5000,0.5000,0.5000,3.73,21.41,0.417,,1,0,,,7,0.9000,0.5000,-0.20192,1.43955,,,,,,
70.808,0.5000,0.5000,0.5000,0.5000,3.77,21.45,0.418,,1,0,,,7,0.9000,0.5000,-0.19265,1.44496,,,,,,
70.835,0.5000,0.5000,0.5000,0.5000,3.79,21.47,0.414,,1,0,,,7,0.9000,0.5000,-0.20809,1.44494,,,,,,
70.885,0.5000,0.5000,0.5000,0.5000,3.81,21.45,0.416,,1,0,,,7,0.9000,0.5000,-0.21211,1.46134,,,,,,
70.929,0.5000,0.5000,0.5000,0.5000,3.82,21.46,0.418,,1,0,,,7,0.9000,0.5000,-0.21770,1.47311,,,,,,
70.983,0.5000,0.5000,0.5000,0.5000,3.83,21.47,0.419,,1,0,,,7,0.9000,0.5000,-0.22590,1.47872,,,,,,
71.037,0.5000,0.5000,0.5000,0.5000,3.81,21.49,0.417,,1,0,,,7,0.9000,0.5000,-0.22647,1.48380,,,,,,
71.083,0.5000,0.5000,0.5000,0.5000,3.80,21.53,0.414,,1,0,,,7,0.9000,0.5000,-0.22410,1.49178,,,,,,
71.123,0.5000,0.5000,0.5000,0.5000,3.81,21.67,0.415,,1,0,,,7,0.9000,0.5000,-0.14802,1.49099,,,,,,
71.161,0.5000,0.5000,0.5000,0.5000,3.89,21.92,0.417,,1,0,,,7,0.9000,0.5000,0.09488,1.49069,,,,,,
71.196,0.5000,0.5000,0.5000,0.5000,4.04,22.19,0.413,,1,0,,,7,0.9000,0.5000,0.28284,1.53844,,,,,,
71.230,0.5000,0.5000,0.5000,0.5000,4.20,22.45,0.408,,1,0,,,7,0.9000,0.5000,0.35903,1.55921,,,,,,
71.264,0.5000,0.5000,0.5000,0.5000,4.37,22.66,0.412,,1,0,,,7,0.9000,0.5000,0.45772,1.53714,,,,,,
71.302,0.5000,0.5000,0.5000,0.5000,4.42,22.78,0.416,,1,0,,,7,0.9000,0.5000,0.49065,1.58715,,,,,,
71.337,0.5000,0.5000,0.5000,0.5000,4.32,22.86,0.449,,1,0,,,7,0.9000,0.5000,0.79800,1.68889,,,,,,
71.374,0.5000,0.5000,0.5000,0.5000,4.22,22.93,0.437,,1,0,,,7,0.9000,0.5000,1.02533,1.77128,,,,,,
71.414,0.5000,0.5000,0.5000,0.5000,4.09,23.00,0.433,,1,0,,,7,0.9000,0.5000,1.10432,1.78130,,,,,,
71.465,0.5000,0.5000,0.5000,0.5000,3.88,23.01,0.432,,1,0,,,7,0.9000,0.5000,1.22058,1.80346,,,,,,
71.510,0.5000,0.5000,0.5000,0.5000,3.76,23.11,0.430,,1,0,,,7,0.9000,0.5000,1.29398,1.81148,,,,,,
71.545,0.5000,0.5000,0.5000,0.5000,3.69,23.19,0.432,,1,0,,,7,0.9000,0.5000,1.32850,1.83475,,,,,,
71.598,0.5000,0.5000,0.5000,0.5000,3.67,23.38,0.423,,1,0,,,7,0.9000,0.5000,1.36177,1.82536,,,,,,
71.639,0.5000,0.5000,0.5000,0.5000,3.73,23.66,0.419,,1,0,,,7,0.9000,0.5000,1.33245,1.81092,,,,,,
71.687,0.5000,0.5000,0.5000,0.5000,3.70,23.77,0.415,,1,0,,,7,0.9000,0.5000,1.38702,1.80716,,,,,,
71.739,0.5000,0.5000,0.5000,0.5000,3.60,23.80,0.415,,1,0,,,7,0.9000,0.5000,1.42696,1.80619,,,,,,
71.784,0.5000,0.5000,0.5000,0.5000,3.40,23.66,0.404,,1,0,,,7,0.9000,0.5000,1.48194,1.75094,,,,,,
71.833,0.5000,0.5000,0.5000,0.5000,3.25,23.61,0.416,,1,0,,,7,0.9000,0.5000,1.57689,1.74134,,,,,,
71.884,0.5000,0.5000,0.5000,0.5000,3.12,23.56,0.418,,1,0,,,7,0.9000,0.5000,1.65589,1.71465,,,,,,
71.927,0.5000,0.5000,0.5000,0.5000,3.06,23.60,0.422,,1,0,,,7,0.9000,0.5000,1.68064,1.71836,,,,,,
71.973,0.5000,0.5000,0.5000,0.5000,3.02,23.62,0.419,,1,0,,,7,0.9000,0.5000,1.72520,1.73034,,,,,,
72.015,0.5000,0.5000,0.5000,0.5000,3.00,23.60,0.423,,1,0,,,7,0.9000,0.5000,1.76846,1.72861,,,,,,
72.065,0.5000,0.5000,0.5000,0.5000,3.00,23.62,0.424,,1,0,,,7,0.9000,0.5000,1.81776,1.74381,,,,,,
72.103,0.5000,0.5000,0.5000,0.5000,3.00,23.66,0.423,,1,0,,,7,0.9000,0.5000,1.83385,1.73983,,,,,,
72.146,0.5000,0.5000,0.5000,0.5000,3.02,23.71,0.422,,1,0,,,7,0.9000,0.5000,1.86474,1.73096,,,,,,
72.186,0.5000,0.5000,0.5000,0.5000,3.01,23.72,0.424,,1,0,,,7,0.9000,0.5000,1.83373,1.64896,,,,,,
72.220,0.5000,0.5000,0.5000,0.5000,3.01,23.70,0.416,,1,0,,,7,0.9000,0.5000,1.81394,1.56220,,,,,,
72.265,0.5000,0.5000,0.5000,0.5000,3.02,23.85,0.426,,1,0,,,7,0.9000,0.5000,1.81487,1.47198,,,,,,
72.308,0.5000,0.5000,0.5000,0.5000,3.07,23.99,0.433,,1,0,,,7,0.9000,0.5000,1.81357,1.46088,,,,,,
72.346,0.5000,0.5000,0.5000,0.5000,3.15,24.12,0.432,,1,0,,,7,0.9000,0.5000,1.83374,1.45301,,,,,,
72.383,0.5000,0.5000,0.5000,0.5000,3.24,24.27,0.428,,1,0,,,7,0.9000,0.5000,1.85091,1.45766,,,,,,
72.425,0.5000,0.5000,0.5000,0.5000,3.32,24.39,0.421,,1,0,,,7,0.9000,0.5000,1.86085,1.45516,,,,,,
72.482,0.5000,0.5000,0.5000,0.5000,3.47,24.59,0.421,,1,0,,,7,0.9000,0.5000,1.88827,1.45853,,,,,,
72.520,0.5000,0.5000,0.5000,0.5000,3.56,24.69,0.419,,1,0,,,7,0.9000,0.5000,1.93458,1.47038,,,,,,
72.558,0.5000,0.5000,0.5000,0.5000,3.65,24.80,0.421,,1,0,,,7,0.9000,0.5000,1.95756,1.47535,,,,,,
72.602,0.5000,0.5000,0.5000,0.5000,3.77,24.95,0.423,,1,0,,,7,0.9000,0.5000,2.00539,1.49031,,,,,,
72.666,0.5000,0.5000,0.5000,0.5000,3.85,25.06,0.424,,1,0,,,7,0.9000,0.5000,1.99761,1.51567,,,,,,
72.712,0.5000,0.5000,0.5000,0.5000,3.92,25.18,0.429,,1,0,,,7,0.9000,0.5000,1.99830,1.53295,,,,,,
72.762,0.5000,0.5000,0.5000,0.5000,3.96,25.25,0.427,,1,0,,,7,0.9000,0.5000,1.99421,1.53303,,,,,,
72.805,0.5000,0.5000,0.5000,0.5000,3.96,25.29,0.428,,1,0,,,7,0.9000,0.5000,1.97372,1.52866,,,,,,
72.852,0.5000,0.5000,0.5000,0.5000,3.96,25.30,0.427,,1,0,,,7,0.9000,0.5000,1.94601,1.51797,,,,,,
72.905,0.5000,0.5000,0.5000,0.5000,3.95,25.28,0.427,,1,0,,,7,0.9000,0.5000,1.95196,1.51675,,,,,,
72.949,0.5000,0.5000,0.5000,0.5000,3.95,25.19,0.429,,1,0,,,7,0.9000,0.5000,1.92503,1.51215,,,,,,
72.989,0.5000,0.5000,0.5000,0.5000,3.96,25.11,0.425,,1,0,,,7,0.9000,0.5000,1.91180,1.51750,,,,,,
73.031,0.5000,0.5000,0.5000,0.5000,3.98,25.06,0.425,,1,0,,,7,0.9000,0.5000,1.91752,1.52693,,,,,,
73.083,0.5000,0.5000,0.5000,0.5000,4.00,24.97,0.429,,1,0,,,7,0.9000,0.5000,1.91078,1.52565,,,,,,
73.135,0.5000,0.5000,0.5000,0.5000,3.99,24.84,0.427,,1,0,,,7,0.9000,0.5000,1.87474,1.51104,,,,,,
73.193,0.5000,0.5000,0.5000,0.5000,3.89,24.61,0.431,,1,0,,,7,0.9000,0.5000,1.86742,1.50650,,,,,,
73.239,0.5000,0.5000,0.5000,0.5000,3.84,24.44,0.428,,1,0,,,7,0.9000,0.5000,1.87288,1.51215,,,,,,
73.301,0.5000,0.5000,0.5000,0.5000,3.81,24.28,0.427,,1,0,,,7,0.9000,0.5000,1.86857,1.50927,,,,,,
73.346,0.5000,0.5000,0.5000,0.5000,3.84,24.20,0.428,,1,0,,,7,0.9000,0.5000,1.86300,1.50527,,,,,,
73.380,0.5000,0.5000,0.5000,0.5000,3.87,24.18,0.429,,1,0,,,7,0.9000,0.5000,1.86008,1.50103,,,,,,
73.435,0.5000,0.5000,0.5000,0.5000,3.91,24.16,0.428,,1,0,,,7,0.9000,0.5000,1.86371,1.50728,,,,,,
73.483,0.5000,0.5000,0.5000,0.5000,3.95,24.10,0.427,,1,0,,,7,0.9000,0.5000,1.85813,1.50517,,,,,,
73.525,0.5000,0.5000,0.5000,0.5000,3.96,24.02,0.428,,1,0,,,7,0.9000,0.5000,1.80476,1.48519,,,,,,
73.567,0.5000,0.5000,0.5000,0.5000,3.98,24.00,0.430,,1,0,,,7,0.9000,0.5000,1.80426,1.48855,,,,,,
73.622,0.5000,0.5000,0.5000,0.5000,4.00,23.95,0.429,,1,0,,,7,0.9000,0.5000,1.80173,1.50314,,,,,,
73.678,0.5000,0.5000,0.5000,0.5000,4.03,23.92,0.429,,1,0,,,8,0.5000,0.9000,1.78905,1.49446,,,,,,
73.728,0.5000,0.5000,0.5000,0.5000,4.06,23.96,0.428,,1,0,,,8,0.5000,0.9000,1.73329,1.47548,,,,,,
73.775,0.5000,0.5000,0.5000,0.5000,4.07,24.00,0.427,,1,0,,,8,0.5000,0.9000,1.70898,1.48036,,,,,,
73.846,0.5000,0.5000,0.5000,0.5000,4.08,23.99,0.426,,1,0,,,8,0.5000,0.9000,1.67805,1.47646,,,,,,
73.895,0.5000,0.5000,0.5000,0.5000,4.08,24.02,0.426,,1,0,,,8,0.5000,0.9000,1.69352,1.48867,,,,,,
73.931,0.5000,0.5000,0.5000,0.5000,4.08,24.03,0.424,,1,0,,,8,0.5000,0.9000,1.67044,1.49259,,,,,,
73.979,0.5000,0.5000,0.5000,0.5000,4.08,24.04,0.426,,1,0,,,8,0.5000,0.9000,1.67452,1.49353,,,,,,
74.033,0.5000,0.5000,0.5000,0.5000,4.07,24.07,0.426,,1,0,,,8,0.5000,0.9000,1.66667,1.49238,,,,,,
74.076,0.5000,0.5000,0.5000,0.5000,4.06,24.12,0.430,,1,0,,,8,0.5000,0.9000,1.67571,1.51047,,,,,,
74.117,0.5000,0.5000,0.5000,0.5000,4.05,24.17,0.429,,1,0,,,8,0.5000,0.9000,1.67081,1.51679,,,,,,
74.165,0.5000,0.5000,0.5000,0.5000,4.06,24.17,0.426,,1,0,,,8,0.5000,0.9000,1.63826,1.51950,,,,,,
74.210,0.5000,0.5000,0.5000,0.5000,4.04,24.09,0.403,,1,0,,,8,0.5000,0.9000,1.44510,1.56908,,,,,,
74.262,0.5000,0.5000,0.5000,0.5000,4.00,23.95,0.394,,1,0,,,8,0.5000,0.9000,1.35940,1.60599,,,,,,
74.327,0.5000,0.5000,0.5000,0.5000,3.96,23.83,0.386,,1,0,,,8,0.5000,0.9000,1.29923,1.61421,,,,,,
74.378,0.5000,0.5000,0.5000,0.5000,3.95,23.76,0.383,,1,0,,,8,0.5000,0.9000,1.29102,1.63895,,,,,,
74.421,0.5000,0.5000,0.5000,0.5000,3.94,23.69,0.383,,1,0,,,8,0.5000,0.9000,1.26246,1.64162,,,,,,
74.463,0.5000,0.5000,0.5000,0.5000,3.90,23.58,0.383,,1,0,,,8,0.5000,0.9000,1.24097,1.64431,,,,,,
74.502,0.5000,0.5000,0.5000,0.5000,3.92,23.56,0.387,,1,0,,,8,0.5000,0.9000,1.22374,1.65002,,,,,,
74.544,0.5000,0.5000,0.5000,0.5000,3.94,23.58,0.389,,1,0,,,8,0.5000,0.9000,1.22737,1.65802,,,,,,
74.578,0.5000,0.5000,0.5000,0.5000,3.97,23.62,0.389,,1,0,,,8,0.5000,0.9000,1.22923,1.66347,,,,,,
74.619,0.5000,0.5000,0.5000,0.5000,3.99,23.61,0.382,,1,0,,,8,0.5000,0.9000,1.23091,1.67144,,,,,,
74.664,0.5000,0.5000,0.5000,0.5000,4.01,23.61,0.383,,1,0,,,8,0.5000,0.9000,1.22329,1.66800,,,,,,
74.704,0.5000,0.5000,0.5000,0.5000,4.02,23.59,0.388,,1,0,,,8,0.5000,0.9000,1.22860,1.67116,,,,,,
74.754,0.5000,0.5000,0.5000,0.5000,4.02,23.54,0.387,,1,0,,,8,0.5000,0.9000,1.21502,1.67010,,,,,,
74.797,0.5000,0.5000,0.5000,0.5000,4.02,23.51,0.387,,1,0,,,8,0.5000,0.9000,1.20961,1.66889,,,,,,
74.845,0.5000,0.5000,0.5000,0.5000,4.02,23.48,0.386,,1,0,,,8,0.5000,0.9000,1.20286,1.68721,,,,,,
74.902,0.5000,0.5000,0.5000,0.5000,4.01,23.45,0.386,,1,0,,,8,0.5000,0.9000,1.19949,1.68647,,,,,,
74.942,0.5000,0.5000,0.5000,0.5000,4.01,23.45,0.385,,1,0,,,8,0.5000,0.9000,1.18780,1.67687,,,,,,
74.990,0.5000,0.5000,0.5000,0.5000,4.01,23.44,0.385,,1,0,,,8,0.5000,0.9000,1.17738,1.68083,,,,,,
75.051,0.5000,0.5000,0.5000,0.5000,4.02,23.44,0.384,,1,0,,,8,0.5000,0.9000,1.15934,1.67727,,,,,,
75.097,0.5000,0.5000,0.5000,0.5000,4.02,23.43,0.383,,1,0,,,8,0.5000,0.9000,1.14810,1.68974,,,,,,
75.136,0.5000,0.5000,0.5000,0.5000,4.03,23.43,0.386,,1,0,,,8,0.5000,0.9000,1.13960,1.69606,,,,,,
75.182,0.5000,0.5000,0.5000,0.5000,4.03,23.42,0.387,,1,0,,,8,0.5000,0.9000,1.12717,1.68638,,,,,,
75.218,0.5000,0.5000,0.5000,0.5000,4.04,23.40,0.387,,1,0,,,8,0.5000,0.9000,1.10902,1.67912,,,,,,
75.256,0.5000,0.5000,0.5000,0.5000,4.02,23.30,0.384,,1,0,,,8,0.5000,0.9000,1.10109,1.67968,,,,,,
75.296,0.5000,0.5000,0.5000,0.5000,4.03,23.25,0.382,,1,0,,,8,0.5000,0.9000,1.09520,1.68098,,,,,,
75.340,0.5000,0.5000,0.5000,0.5000,4.01,23.17,0.380,,1,0,,,8,0.5000,0.9000,1.08498,1.67853,,,,,,
75.379,0.5000,0.5000,0.5000,0.5000,3.98,23.07,0.382,,1,0,,,8,0.5000,0.9000,1.08009,1.68245,,,,,,
75.416,0.5000,0.5000,0.5000,0.5000,3.98,23.04,0.380,,1,0,,,8,0.5000,0.9000,1.05618,1.69488,,,,,,
75.454,0.5000,0.5000,0.5000,0.5000,4.00,23.09,0.380,,1,0,,,8,0.5000,0.9000,1.04343,1.69511,,,,,,
75.491,0.5000,0.5000,0.5000,0.5000,4.01,23.10,0.377,,1,0,,,8,0.5000,0.9000,1.03178,1.69567,,,,,,
75.535,0.5000,0.5000,0.5000,0.5000,4.02,23.13,0.380,,1,0,,,8,0.5000,0.9000,1.03129,1.70242,,,,,,
75.576,0.5000,0.5000,0.5000,0.5000,4.03,23.17,0.384,,1,0,,,8,0.5000,0.9000,1.03357,1.70016,,,,,,
75.611,0.5000,0.5000,0.5000,0.5000,4.04,23.22,0.385,,1,0,,,8,0.5000,0.9000,1.03404,1.70173,,,,,,
75.658,0.5000,0.5000,0.5000,0.5000,4.05,23.26,0.385,,1,0,,,8,0.5000,0.9000,1.03862,1.70024,,,,,,
75.720,0.5000,0.5000,0.5000,0.5000,4.09,23.34,0.383,,1,0,,,8,0.5000,0.9000,1.04904,1.69811,,,,,,
75.771,0.5000,0.5000,0.5000,0.5000,4.10,23.38,0.377,,1,0,,,8,0.5000,0.9000,1.04743,1.68793,,,,,,
75.826,0.5000,0.5000,0.5000,0.5000,4.10,23.33,0.379,,1,0,,,8,0.5000,0.9000,1.07523,1.66940,,,,,,
75.863,0.5000,0.5000,0.5000,0.5000,4.09,23.35,0.375,,1,0,,,8,0.5000,0.9000,1.11168,1.67633,,,,,,
75.914,0.5000,0.5000,0.5000,0.5000,4.10,23.35,0.374,,1,0,,,8,0.5000,0.9000,1.12593,1.68083,,,,,,
75.952,0.5000,0.5000,0.5000,0.5000,4.08,23.27,0.373,,1,0,,,8,0.5000,0.9000,1.12544,1.66480,,,,,,
75.990,0.5000,0.5000,0.5000,0.5000,4.08,23.22,0.370,,1,0,,,8,0.5000,0.9000,1.13894,1.67046,,,,,,
76.029,0.5000,0.5000,0.5000,0.5000,4.06,23.15,0.369,,1,0,,,8,0.5000,0.9000,1.14442,1.66598,,,,,,
76.066,0.5000,0.5000,0.5000,0.5000,4.04,23.09,0.370,,1,0,,,8,0.5000,0.9000,1.15710,1.67052,,,,,,
76.104,0.5000,0.5000,0.5000,0.5000,4.04,23.09,0.371,,1,0,,,8,0.5000,0.9000,1.17025,1.66860,,,,,,
76.143,0.5000,0.5000,0.5000,0.5000,4.03,23.10,0.372,,1,0,,,8,0.5000,0.9000,1.17933,1.67166,,,,,,
76.177,0.5000,0.5000,0.5000,0.5000,4.03,23.11,0.370,,1,0,,,8,0.5000,0.9000,1.17853,1.67328,,,,,,
76.218,0.5000,0.5000,0.5000,0.5000,4.03,23.12,0.370,,1,0,,,8,0.5000,0.9000,1.18732,1.67289,,,,,,
76.265,0.5000,0.5000,0.5000,0.5000,4.03,23.15,0.367,,1,0,,,8,0.5000,0.9000,1.19470,1.67725,,,,,,
76.315,0.5000,0.5000,0.5000,0.5000,4.04,23.18,0.366,,1,0,,,8,0.5000,0.9000,1.19684,1.68764,,,,,,
76.355,0.5000,0.5000,0.5000,0.5000,4.07,23.17,0.368,,1,0,,,8,0.5000,0.9000,1.20895,1.69816,,,,,,
76.397,0.5000,0.5000,0.5000,0.5000,4.09,23.17,0.369,,1,0,,,8,0.5000,0.9000,1.20976,1.70533,,,,,,
76.434,0.5000,0.5000,0.5000,0.5000,4.11,23.11,0.373,,1,0,,,8,0.5000,0.9000,1.21097,1.70141,,,,,,
76.480,0.5000,0.5000,0.5000,0.5000,4.10,23.01,0.370,,1,0,,,8,0.5000,0.9000,1.17952,1.69682,,,,,,
76.522,0.5000,0.5000,0.5000,0.5000,4.09,22.96,0.370,,1,0,,,8,0.5000,0.9000,1.17935,1.69721,,,,,,
76.559,0.5000,0.5000,0.5000,0.5000,4.09,22.91,0.368,,1,0,,,8,0.5000,0.9000,1.17260,1.69973,,,,,,
76.603,0.5000,0.5000,0.5000,0.5000,4.09,22.87,0.370,,1,0,,,8,0.5000,0.9000,1.16056,1.69674,,,,,,
76.647,0.5000,0.5000,0.5000,0.5000,4.08,22.81,0.368,,1,0,,,8,0.5000,0.9000,1.15016,1.69918,,,,,,
82.446,0.4986,0.7191,0.4986,0.7191,3.60,21.36,0.370,,1,1,3.097,0.0509,,,,1.13920,1.56876,7.724,2.687,0.722,2.588,,
82.491,0.4981,0.7241,0.4964,0.7412,3.59,21.38,0.375,,1,1,3.097,0.0509,,,,1.17197,1.60378,7.724,2.687,0.722,2.588,,
82.532,0.4942,0.7218,0.4718,0.7090,3.56,21.47,0.378,,1,1,3.097,0.0509,,,,1.17902,1.62981,7.724,2.687,0.722,2.588,,
82.578,0.4788,0.7391,0.4351,0.7883,3.56,21.58,0.374,,1,1,3.097,0.0509,,,,1.19859,1.67861,7.724,2.687,0.722,2.588,,
82.628,0.4657,0.7443,0.4301,0.7583,3.57,21.80,0.370,,1,1,3.097,0.0509,,,,1.24392,1.71952,7.724,2.687,0.722,2.588,,
82.668,0.4568,0.7487,0.4218,0.7665,3.62,21.97,0.373,,1,1,3.097,0.0509,,,,1.28320,1.73487,7.724,2.687,0.722,2.588,,
82.730,0.4542,0.7533,0.4478,0.7647,3.68,22.16,0.373,,1,1,3.097,0.0509,,,,1.31950,1.71120,7.724,2.687,0.722,2.588,,
82.783,0.4544,0.7083,0.4551,0.5673,3.76,22.34,0.374,,1,1,3.097,0.0509,,,,1.46397,1.65727,7.724,2.687,0.722,2.588,,
82.830,0.4443,0.6837,0.4126,0.6082,3.81,22.48,0.373,,1,1,3.097,0.0509,,,,1.50320,1.63060,7.724,2.687,0.722,2.588,,
82.876,0.4479,0.6663,0.4603,0.6076,3.80,22.51,0.373,,1,1,3.097,0.0509,,,,1.50867,1.61607,7.724,2.687,0.722,2.588,,
82.925,0.4416,0.6646,0.4217,0.6593,3.79,22.56,0.374,,1,1,3.097,0.0509,,,,1.52756,1.63169,7.724,2.687,0.722,2.588,,
82.974,0.4407,0.7482,0.4380,0.9978,3.65,22.44,0.373,,1,1,3.097,0.0509,,,,1.56409,1.80740,7.724,2.687,0.722,2.588,,
83.029,0.4511,0.7537,0.4841,0.7705,3.56,22.36,0.374,,1,1,3.097,0.0509,,,,1.66006,1.91039,7.724,2.687,0.722,2.588,,
83.079,0.4994,0.6826,0.6410,0.4721,3.41,22.39,0.426,,1,1,3.097,0.0509,,,,1.86089,1.89746,7.724,2.687,0.722,2.588,,
83.122,0.5155,0.5527,0.5689,0.1627,3.27,22.47,0.429,,1,1,3.097,0.0509,,,,1.90792,1.85461,7.724,2.687,0.722,2.588,,
83.179,0.5255,0.4387,0.5527,0.1682,3.14,22.40,0.453,,1,1,3.097,0.0509,,,,1.96300,1.83627,7.724,2.687,0.722,2.588,,
83.217,0.5311,0.3800,0.5526,0.1865,3.01,22.30,0.483,,1,1,3.097,0.0509,,,,1.96607,1.78782,7.724,2.687,0.722,2.588,,
83.268,0.5375,0.2555,0.5570,-0.0610,2.82,22.11,0.503,,1,1,3.097,0.0509,,,,1.94692,1.75526,7.724,2.687,0.722,2.588,,
83.328,0.5499,0.1873,0.5836,0.0324,2.64,21.95,0.510,,1,1,3.097,0.0509,,,,1.97238,1.73488,7.724,2.687,0.722,2.588,,
83.382,0.5645,0.1675,0.6035,0.1219,2.49,21.84,0.505,,1,1,3.097,0.0509,,,,1.88974,1.63758,7.724,2.687,0.722,2.588,,
83.429,0.5713,0.1532,0.5942,0.1099,2.41,21.86,0.509,,1,1,3.097,0.0509,,,,1.79788,1.57148,7.724,2.687,0.722,2.588,,
83.480,0.5904,0.1555,0.6485,0.1617,2.36,21.95,0.502,,1,1,3.097,0.0509,,,,1.76869,1.54958,7.724,2.687,0.722,2.588,,
83.527,0.5994,0.1532,0.6265,0.1468,2.30,22.05,0.492,,1,1,3.097,0.0509,,,,1.69128,1.50859,7.724,2.687,0.722,2.588,,
83.582,0.6053,0.1388,0.6222,0.0989,2.27,22.11,0.492,,1,1,3.097,0.0509,,,,1.67017,1.49369,7.724,2.687,0.722,2.588,,
83.628,0.6333,0.1162,0.7242,0.0452,2.23,22.12,0.501,,1,1,3.097,0.0509,,,,1.67458,1.45664,7.724,2.687,0.722,2.588,,
83.675,0.6714,0.0901,0.7925,0.0081,2.19,22.09,0.502,,1,1,3.097,0.0509,,,,1.70530,1.46420,7.724,2.687,0.722,2.588,,
83.721,0.7060,0.0721,0.8154,0.0147,2.15,22.06,0.500,,1,1,3.097,0.0509,,,,1.71623,1.47970,7.724,2.687,0.722,2.588,,
83.768,0.7437,0.0419,0.8511,-0.0450,2.11,22.05,0.501,,1,1,3.097,0.0509,,,,1.72337,1.48805,7.724,2.687,0.722,2.588,,
83.821,0.7851,0.0299,0.8965,-0.0036,2.06,22.14,0.498,,1,1,3.097,0.0509,,,,1.74447,1.50642,7.724,2.687,0.722,2.588,,
83.868,0.8230,0.0170,0.9419,-0.0253,2.04,22.27,0.496,,1,1,3.097,0.0509,,,,1.74227,1.51165,7.724,2.687,0.722,2.588,,
83.913,0.8465,0.0014,0.9205,-0.0960,2.01,22.37,0.498,,1,1,3.097,0.0509,,,,1.74923,1.52001,7.724,2.687,0.722,2.588,,
83.962,0.8938,0.0009,1.0255,-0.0007,1.95,22.30,0.496,,1,1,3.097,0.0509,,,,1.65778,1.56144,7.724,2.687,0.722,2.588,,
84.011,0.9265,0.0000,1.0256,-0.0476,1.90,22.26,0.498,,1,1,3.097,0.0509,,,,1.61617,1.57785,7.724,2.687,0.722,2.588,,
84.049,0.9367,0.0000,0.9709,-0.0465,1.85,22.28,0.501,,1,1,3.097,0.0509,,,,1.53664,1.54520,7.724,2.687,0.722,2.588,,
84.103,0.9580,0.0000,1.0181,-0.0344,1.81,22.28,0.498,,1,1,3.097,0.0509,,,,1.54811,1.56359,7.724,2.687,0.722,2.588,,
84.144,0.9699,0.0000,1.0097,-0.0561,1.76,22.30,0.499,,1,1,3.097,0.0509,,,,1.51664,1.55190,7.724,2.687,0.722,2.588,,
84.200,0.9804,0.0000,1.0099,-0.0388,1.73,22.31,0.497,,1,1,3.097,0.0509,,,,1.51649,1.56975,7.724,2.687,0.722,2.588,,
84.240,0.9903,0.0000,1.0250,-0.0624,1.70,22.33,0.497,,1,1,3.097,0.0509,,,,1.48252,1.57640,7.724,2.687,0.722,2.588,,
84.287,0.8380,0.0000,0.3610,0.1043,1.66,22.39,0.430,,1,1,3.097,0.0509,,,,1.07150,1.61056,7.724,2.687,0.722,2.588,,
84.336,0.6002,0.0896,0.0244,0.3503,1.63,22.26,0.338,,1,1,3.097,0.0509,,,,0.85596,1.65184,7.724,2.687,0.722,2.588,,
84.380,0.4400,0.1410,-0.0270,0.3219,1.57,22.12,0.364,,1,1,3.097,0.0509,,,,0.70646,1.64825,7.724,2.687,0.722,2.588,,
84.430,0.3082,0.1883,0.0219,0.3125,1.49,22.02,0.390,,1,1,3.097,0.0509,,,,0.63037,1.61234,7.724,2.687,0.722,2.588,,
84.487,0.2257,0.1921,0.0479,0.2020,1.42,21.94,0.413,,1,1,3.097,0.0509,,,,0.59551,1.58633,7.724,2.687,0.722,2.588,,
84.537,0.1664,0.1362,0.0285,-0.0284,1.39,22.06,0.446,,1,1,3.097,0.0509,,,,0.55044,1.54280,7.724,2.687,0.722,2.588,,
84.584,0.1381,0.1236,0.0614,0.0813,1.33,22.11,0.452,,1,1,3.097,0.0509,,,,0.47871,1.55058,7.724,2.687,0.722,2.588,,
84.634,0.0945,0.0824,-0.0227,-0.0781,1.29,22.11,0.455,,1,1,3.097,0.0509,,,,0.43201,1.51465,7.724,2.687,0.722,2.588,,
84.684,0.0730,0.0485,0.0177,-0.0776,1.24,22.11,0.465,,1,1,3.097,0.0509,,,,0.43072,1.50914,7.724,2.687,0.722,2.588,,
84.742,0.0651,0.0216,0.0457,-0.1078,1.22,22.17,0.466,,1,1,3.097,0.0509,,,,0.43625,1.50782,7.724,2.687,0.722,2.588,,
84.792,0.0604,0.0044,0.0461,-0.0780,1.21,22.28,0.468,,1,1,3.097,0.0509,,,,0.43006,1.51668,7.724,2.687,0.722,2.588,,
84.833,0.0603,0.0000,0.0602,-0.0955,1.20,22.36,0.477,,1,1,3.097,0.0509,,,,0.42862,1.53082,7.724,2.687,0.722,2.588,,
84.876,0.0582,0.0000,0.0511,-0.0805,1.19,22.40,0.480,,1,1,3.097,0.0509,,,,0.41643,1.53489,7.724,2.687,0.722,2.588,,
84.918,0.0519,0.0000,0.0296,-0.0545,1.19,22.40,0.479,,1,1,3.097,0.0509,,,,0.40212,1.53140,7.724,2.687,0.722,2.588,,
84.966,0.0465,0.0000,0.0286,0.0354,1.19,22.39,0.485,,1,1,3.097,0.0509,,,,0.38944,1.54364,7.724,2.687,0.722,2.588,,
85.009,0.0384,0.0000,0.0103,-0.0111,1.20,22.40,0.482,,1,1,3.097,0.0509,,,,0.38195,1.54985,7.724,2.687,0.722,2.588,,
85.048,0.0364,0.0000,0.0288,-0.0440,1.19,22.38,0.484,,1,1,3.097,0.0509,,,,0.38108,1.55185,7.724,2.687,0.722,2.588,,
85.094,0.0329,0.0000,0.0216,-0.0357,1.17,22.40,0.483,,1,1,3.097,0.0509,,,,0.36843,1.55274,7.724,2.687,0.722,2.588,,
85.142,0.0422,0.1088,0.0742,0.5239,1.19,22.33,0.389,,1,1,3.097,0.0509,,,,0.37244,1.66536,7.724,2.687,0.722,2.588,,
85.194,0.0484,0.3331,0.0668,0.8671,1.22,22.31,0.341,,1,1,3.097,0.0509,,,,0.37357,1.73316,7.724,2.687,0.722,2.588,,
85.245,0.0646,0.5190,0.1148,0.9485,1.25,22.28,0.345,,1,1,3.097,0.0509,,,,0.38269,1.77025,7.724,2.687,0.722,2.588,,
85.296,0.0792,0.6390,0.1260,0.9280,1.27,22.26,0.371,,1,1,3.097,0.0509,,,,0.36818,1.76865,7.724,2.687,0.722,2.588,,
85.348,0.0905,0.7436,0.1229,0.9708,1.31,22.26,0.392,,1,1,3.097,0.0509,,,,0.36836,1.77530,7.724,2.687,0.722,2.588,,
85.388,0.0980,0.7902,0.1255,0.9248,1.32,22.22,0.400,,1,1,3.097,0.0509,,,,0.35968,1.77323,7.724,2.687,0.722,2.588,,
85.436,0.1029,0.8364,0.1198,0.9612,1.33,22.17,0.400,,1,1,3.097,0.0509,,,,0.34646,1.78322,7.724,2.687,0.722,2.588,,
85.484,0.1154,0.8603,0.1563,0.9249,1.32,22.10,0.403,,1,1,3.097,0.0509,,,,0.34814,1.78046,7.724,2.687,0.722,2.588,,
85.532,0.1251,0.8813,0.1574,0.9411,1.31,22.02,0.402,,1,1,3.097,0.0509,,,,0.34865,1.77764,7.724,2.687,0.722,2.588,,
85.569,0.1257,0.8815,0.1277,0.8820,1.31,21.99,0.402,,1,1,3.097,0.0509,,,,0.33993,1.78673,7.724,2.687,0.722,2.588,,
85.610,0.1312,0.9084,0.1527,1.0016,1.31,21.96,0.404,,1,1,3.097,0.0509,,,,0.33805,1.81133,7.724,2.687,0.722,2.588,,
85.653,0.1297,0.9213,0.1242,0.9644,1.32,21.97,0.399,,1,1,3.097,0.0509,,,,0.32814,1.81668,7.724,2.687,0.722,2.588,,
85.697,0.1202,0.9223,0.0882,0.9253,1.33,22.00,0.400,,1,1,3.097,0.0509,,,,0.32881,1.81658,7.724,2.687,0.722,2.588,,
85.740,0.1123,0.9165,0.0829,0.8964,1.34,21.99,0.400,,1,1,3.097,0.0509,,,,0.33720,1.81495,7.724,2.687,0.722,2.588,,
85.797,0.1058,0.9112,0.0877,0.8974,1.34,21.95,0.400,,1,1,3.097,0.0509,,,,0.34927,1.81648,7.724,2.687,0.722,2.588,,
85.835,0.1017,0.9138,0.0846,0.9244,1.35,21.96,0.395,,1,1,3.097,0.0509,,,,0.35163,1.81657,7.724,2.687,0.722,2.588,,
85.881,0.0982,0.9177,0.0860,0.9308,1.35,21.98,0.394,,1,1,3.097,0.0509,,,,0.35533,1.81798,7.724,2.687,0.722,2.588,,
85.920,0.1308,0.9292,0.2576,0.9729,1.37,22.04,0.393,,1,1,3.097,0.0509,,,,0.45608,1.83391,7.724,2.687,0.722,2.588,,
85.962,0.2204,0.9203,0.5460,0.8847,1.42,22.18,0.396,,1,1,3.097,0.0509,,,,0.59230,1.83453,7.724,2.687,0.722,2.588,,
85.999,0.3163,0.9083,0.6289,0.8616,1.47,22.28,0.399,,1,1,3.097,0.0509,,,,0.63763,1.81060,7.724,2.687,0.722,2.588,,
86.041,0.4025,0.8832,0.6683,0.7887,1.53,22.40,0.402,,1,1,3.097,0.0509,,,,0.67498,1.80424,7.724,2.687,0.722,2.588,,
86.092,0.5303,0.8499,0.8493,0.7472,1.61,22.53,0.400,,1,1,3.097,0.0509,,,,0.77105,1.83139,7.724,2.687,0.722,2.588,,
86.129,0.6291,0.8262,0.9273,0.7365,1.72,22.70,0.404,,1,1,3.097,0.0509,,,,0.82613,1.85494,7.724,2.687,0.722,2.588,,
86.180,0.7254,0.7961,0.9532,0.7082,1.82,22.85,0.414,,1,1,3.097,0.0509,,,,0.83947,1.84742,7.724,2.687,0.722,2.588,,
86.230,0.7834,0.7702,0.9325,0.6903,1.94,23.06,0.410,,1,1,3.097,0.0509,,,,0.83504,1.81157,7.724,2.687,0.722,2.588,,
86.278,0.8207,0.7519,0.9160,0.6973,2.04,23.24,0.415,,1,1,3.097,0.0509,,,,0.83254,1.80262,7.724,2.687,0.722,2.588,,
86.325,0.8457,0.7511,0.9144,0.7487,2.10,23.37,0.427,,1,1,3.097,0.0509,,,,0.85131,1.82663,7.724,2.687,0.722,2.588,,
86.363,0.8538,0.7393,0.8824,0.6928,2.12,23.45,0.418,,1,1,3.097,0.0509,,,,0.84031,1.86524,7.724,2.687,0.722,2.588,,
86.412,0.8575,0.7292,0.8685,0.6968,2.15,23.57,0.415,,1,1,3.097,0.0509,,,,0.84426,1.86716,7.724,2.687,0.722,2.588,,
86.454,0.8633,0.7322,0.8810,0.7423,2.17,23.64,0.409,,1,1,3.097,0.0509,,,,0.87510,1.86546,7.724,2.687,0.722,2.588,,
86.506,0.8665,0.7071,0.8759,0.6322,2.20,23.73,0.398,,1,1,3.097,0.0509,,,,0.92996,1.87664,7.724,2.687,0.722,2.588,,
86.548,0.8666,0.6979,0.8670,0.6668,2.22,23.80,0.397,,1,1,3.097,0.0509,,,,0.95336,1.88844,7.724,2.687,0.722,2.588,,
86.601,0.8720,0.6918,0.8881,0.6727,2.25,23.84,0.393,,1,1,3.097,0.0509,,,,0.97302,1.90053,7.724,2.687,0.722,2.588,,
86.646,0.8897,0.6757,0.9479,0.6221,2.27,23.89,0.391,,1,1,3.097,0.0509,,,,1.01813,1.89178,7.724,2.687,0.722,2.588,,
86.691,0.8979,0.6746,0.9262,0.6707,2.28,23.89,0.398,,1,1,3.097,0.0509,,,,1.01342,1.86188,7.724,2.687,0.722,2.588,,
86.734,0.9039,0.6713,0.9237,0.6605,2.29,23.96,0.403,,1,1,3.097,0.0509,,,,1.03420,1.86620,7.724,2.687,0.722,2.588,,
86.779,0.9047,0.6767,0.9073,0.6953,2.31,24.04,0.407,,1,1,3.097,0.0509,,,,1.03877,1.86216,7.724,2.687,0.722,2.588,,
86.825,0.9108,0.5764,0.9328,0.2470,2.31,24.16,0.461,,1,1,3.097,0.0509,,,,1.03426,1.74799,7.724,2.687,0.722,2.588,,
86.869,0.9109,0.4532,0.9109,0.1193,2.32,24.34,0.483,,1,1,3.097,0.0509,,,,1.04805,1.71939,7.724,2.687,0.722,2.588,,
86.909,0.9167,0.3698,0.9389,0.1094,2.29,24.37,0.482,,1,1,3.097,0.0509,,,,1.08429,1.69560,7.724,2.687,0.722,2.588,,
86.954,0.9305,0.3022,1.0001,0.0265,2.27,24.43,0.488,,1,1,3.097,0.0509,,,,1.12316,1.72828,7.724,2.687,0.722,2.588,,
87.007,0.9539,0.1889,1.0077,-0.0249,2.26,24.51,0.492,,1,1,3.097,0.0509,,,,1.13038,1.73474,7.724,2.687,0.722,2.588,,
87.044,0.9607,0.1331,0.9872,-0.0436,2.22,24.54,0.494,,1,1,3.097,0.0509,,,,1.13675,1.72916,7.724,2.687,0.722,2.588,,
87.088,0.9654,0.1128,0.9817,0.0540,2.18,24.53,0.497,,1,1,3.097,0.0509,,,,1.14086,1.70652,7.724,2.687,0.722,2.588,,
87.131,0.9626,0.0864,0.9521,0.0047,2.15,24.53,0.499,,1,1,3.097,0.0509,,,,1.15686,1.70758,7.724,2.687,0.722,2.588,,
87.177,0.9589,0.0674,0.9453,0.0075,2.11,24.53,0.500,,1,1,3.097,0.0509,,,,1.15055,1.71096,7.724,2.687,0.722,2.588,,
87.215,0.9536,0.0479,0.9341,-0.0146,2.08,24.54,0.485,,1,1,3.097,0.0509,,,,1.14121,1.67359,7.724,2.687,0.722,2.588,,
87.263,0.9495,0.0283,0.9354,-0.0299,2.05,24.58,0.487,,1,1,3.097,0.0509,,,,1.15113,1.66313,7.724,2.687,0.722,2.588,,
87.350,0.9427,0.0086,0.9305,-0.0234,2.02,24.63,0.486,,1,1,3.097,0.0509,,,,1.15039,1.66463,7.724,2.687,0.722,2.588,,
87.395,0.9404,0.0302,0.9326,0.1020,1.97,24.64,0.496,,1,1,3.097,0.0509,,,,1.14888,1.71933,7.724,2.687,0.722,2.588,,
87.440,0.8469,0.0562,0.5423,0.1475,1.93,24.59,0.488,,1,1,3.097,0.0509,,,,0.91168,1.69501,7.724,2.687,0.722,2.588,,
87.514,0.6887,0.1388,0.3984,0.3083,1.90,24.54,0.480,,1,1,3.097,0.0509,,,,0.82536,1.75371,7.724,2.687,0.722,2.588,,
87.564,0.6064,0.1587,0.3877,0.2191,1.89,24.53,0.483,,1,1,3.097,0.0509,,,,0.82207,1.78896,7.724,2.687,0.722,2.588,,
87.605,0.5647,0.1678,0.4307,0.2015,1.88,24.52,0.480,,1,1,3.097,0.0509,,,,0.82962,1.78881,7.724,2.687,0.722,2.588,,
87.656,0.5375,0.1300,0.4602,0.0033,1.86,24.49,0.474,,1,1,3.097,0.0509,,,,0.83552,1.76154,7.724,2.687,0.722,2.588,,
87.695,0.5288,0.0908,0.5002,-0.0927,1.84,24.48,0.476,,1,1,3.097,0.0509,,,,0.85109,1.73870,7.724,2.687,0.722,2.588,,
87.749,0.5146,0.0553,0.4748,-0.1100,1.80,24.46,0.475,,1,1,3.097,0.0509,,,,0.81559,1.71537,7.724,2.687,0.722,2.588,,
87.798,0.5088,0.0323,0.4930,-0.0321,1.73,24.36,0.478,,1,1,3.097,0.0509,,,,0.79882,1.71143,7.724,2.687,0.722,2.588,,
87.847,0.5191,0.0202,0.5507,-0.0169,1.70,24.34,0.468,,1,1,3.097,0.0509,,,,0.79370,1.71136,7.724,2.687,0.722,2.588,,
87.893,0.5261,0.0126,0.5496,-0.0126,1.67,24.33,0.467,,1,1,3.097,0.0509,,,,0.78288,1.72483,7.724,2.687,0.722,2.588,,
87.946,0.5325,0.0342,0.5510,0.0976,1.66,24.36,0.473,,1,1,3.097,0.0509,,,,0.76196,1.74302,7.724,2.687,0.722,2.588,,
87.997,0.5290,0.0490,0.5182,0.0969,1.62,24.46,0.476,,1,1,3.097,0.0509,,,,0.74114,1.74977,7.724,2.687,0.722,2.588,,
88.037,0.5266,0.0542,0.5169,0.0752,1.62,24.56,0.480,,1,1,3.097,0.0509,,,,0.72518,1.76442,7.724,2.687,0.722,2.588,,
88.083,0.5217,0.0678,0.5052,0.1137,1.60,24.61,0.475,,1,1,3.097,0.0509,,,,0.70999,1.76851,7.724,2.687,0.722,2.588,,
88.127,0.5133,0.0797,0.4843,0.1211,1.60,24.64,0.471,,1,1,3.097,0.0509,,,,0.69257,1.76699,7.724,2.687,0.722,2.588,,
88.166,0.5030,0.0872,0.4642,0.1156,1.58,24.65,0.465,,1,1,3.097,0.0509,,,,0.68397,1.78017,7.724,2.687,0.722,2.588,,
88.211,0.5010,0.0869,0.4940,0.0856,1.58,24.67,0.435,,1,1,3.097,0.0509,,,,0.70183,1.79626,7.724,2.687,0.722,2.588,,
88.257,0.4937,0.1730,0.4691,0.4425,1.58,24.65,0.350,,1,1,3.097,0.0509,,,,0.71734,1.87236,7.724,2.687,0.722,2.588,,
88.314,0.4853,0.3619,0.4622,0.7986,1.58,24.57,0.334,,1,1,3.097,0.0509,,,,0.70968,1.94171,7.724,2.687,0.722,2.588,,
88.368,0.4753,0.4618,0.4433,0.7253,1.57,24.48,0.349,,1,1,3.097,0.0509,,,,0.68763,1.95789,7.724,2.687,0.722,2.588,,
88.423,0.4688,0.5281,0.4512,0.6786,1.56,24.41,0.369,,1,1,3.097,0.0509,,,,0.68607,1.95472,7.724,2.687,0.722,2.588,,
88.477,0.4685,0.5977,0.4676,0.7507,1.53,24.30,0.394,,1,1,3.097,0.0509,,,,0.69503,1.94980,7.724,2.687,0.722,2.588,,
88.531,0.4698,0.6499,0.4736,0.7787,1.48,24.20,0.403,,1,1,3.097,0.0509,,,,0.71417,1.94697,7.724,2.687,0.722,2.588,,
88.582,0.4723,0.6746,0.4800,0.7389,1.46,24.15,0.406,,1,1,3.097,0.0509,,,,0.73518,1.95211,7.724,2.687,0.722,2.588,,
88.627,0.4741,0.6737,0.4805,0.6710,1.46,24.14,0.412,,1,1,3.097,0.0509,,,,0.75932,1.94407,7.724,2.687,0.722,2.588,,
88.682,0.4841,0.6495,0.5155,0.5780,1.48,24.17,0.412,,1,1,3.097,0.0509,,,,0.79283,1.93766,7.724,2.687,0.722,2.588,,
88.725,0.4897,0.6428,0.5083,0.6220,1.50,24.17,0.411,,1,1,3.097,0.0509,,,,0.80535,1.93679,7.724,2.687,0.722,2.588,,
88.779,0.4956,0.6083,0.5137,0.5020,1.52,24.18,0.409,,1,1,3.097,0.0509,,,,0.82610,1.91308,7.724,2.687,0.722,2.588,,
88.817,0.5001,0.5723,0.5173,0.4350,1.53,24.19,0.409,,1,1,3.097,0.0509,,,,0.84050,1.89277,7.724,2.687,0.722,2.588,,
88.869,0.5019,0.5425,0.5077,0.4532,1.53,24.15,0.413,,1,1,3.097,0.0509,,,,0.83497,1.88088,7.724,2.687,0.722,2.588,,
88.913,0.5020,0.5354,0.5025,0.5119,1.51,24.08,0.412,,1,1,3.097,0.0509,,,,0.84280,1.91240,7.724,2.687,0.722,2.588,,
88.960,0.5005,0.5377,0.4947,0.5461,1.50,24.06,0.418,,1,1,3.097,0.0509,,,,0.84615,1.92978,7.724,2.687,0.722,2.588,,
89.005,0.4983,0.5295,0.4907,0.5012,1.50,24.05,0.419,,1,1,3.097,0.0509,,,,0.85307,1.92400,7.724,2.687,0.722,2.588,,
89.045,0.5013,0.4706,0.5121,0.2732,1.52,24.05,0.405,,1,1,3.097,0.0509,,,,0.86064,1.88318,7.724,2.687,0.722,2.588,,
89.096,0.5022,0.4392,0.5049,0.3514,1.50,23.96,0.412,,1,1,3.097,0.0509,,,,0.86728,1.90597,7.724,2.687,0.722,2.588,,
89.139,0.5025,0.4086,0.5037,0.3017,1.48,23.88,0.410,,1,1,3.097,0.0509,,,,0.86707,1.89613,7.724,2.687,0.722,2.588,,
89.182,0.5025,0.3958,0.5026,0.3500,1.46,23.83,0.403,,1,1,3.097,0.0509,,,,0.87008,1.85720,7.724,2.687,0.722,2.588,,
89.224,0.5031,0.3919,0.5050,0.3800,1.45,23.80,0.419,,1,1,3.097,0.0509,,,,0.87061,1.84732,7.724,2.687,0.722,2.588,,
89.270,0.5006,0.3889,0.4909,0.3778,1.45,23.84,0.429,,1,1,3.097,0.0509,,,,0.87366,1.84810,7.724,2.687,0.722,2.588,,
89.317,0.4973,0.3801,0.4870,0.3539,1.46,23.83,0.434,,1,1,3.097,0.0509,,,,0.87402,1.88703,7.724,2.687,0.722,2.588,,
89.359,0.4949,0.3964,0.4859,0.4566,1.45,23.80,0.437,,1,1,3.097,0.0509,,,,0.87604,1.91552,7.724,2.687,0.722,2.588,,
89.406,0.4978,0.3995,0.5078,0.4098,1.45,23.77,0.434,,1,1,3.097,0.0509,,,,0.90500,1.91901,7.724,2.687,0.722,2.588,,
89.450,0.5693,0.3716,0.8221,0.2700,1.49,23.87,0.432,,1,1,3.097,0.0509,,,,1.09059,1.91937,7.724,2.687,0.722,2.588,,
89.501,0.6355,0.3488,0.8056,0.2869,1.53,23.90,0.431,,1,1,3.097,0.0509,,,,1.12337,1.89202,7.724,2.687,0.722,2.588,,
89.546,0.6811,0.3658,0.8219,0.4240,1.56,23.95,0.435,,1,1,3.097,0.0509,,,,1.14604,1.90862,7.724,2.687,0.722,2.588,,
89.596,0.7149,0.3997,0.8148,0.5118,1.59,23.96,0.439,,1,1,3.097,0.0509,,,,1.14333,1.92379,7.724,2.687,0.722,2.588,,
89.640,0.7490,0.4169,0.8580,0.4777,1.62,23.96,0.435,,1,1,3.097,0.0509,,,,1.18632,1.94674,7.724,2.687,0.722,2.588,,
89.685,0.7884,0.4106,0.9017,0.3902,1.62,24.04,0.441,,1,1,3.097,0.0509,,,,1.21981,1.89846,7.724,2.687,0.722,2.588,,
89.748,0.8442,0.3999,0.9808,0.3700,1.61,24.05,0.442,,1,1,3.097,0.0509,,,,1.25761,1.84390,7.724,2.687,0.722,2.588,,
89.788,0.8694,0.3813,0.9455,0.3179,1.63,24.02,0.448,,1,1,3.097,0.0509,,,,1.33015,1.88707,7.724,2.687,0.722,2.588,,
89.826,0.8843,0.3836,0.9395,0.3929,1.64,23.98,0.449,,1,1,3.097,0.0509,,,,1.34461,1.87881,7.724,2.687,0.722,2.588,,
89.874,0.8935,0.3505,0.9211,0.2446,1.64,24.05,0.447,,1,1,3.097,0.0509,,,,1.34850,1.84945,7.724,2.687,0.722,2.588,,
89.933,0.8968,0.3203,0.9054,0.2402,1.64,24.13,0.447,,1,1,3.097,0.0509,,,,1.34760,1.83945,7.724,2.687,0.722,2.588,,
89.974,0.8977,0.3003,0.9007,0.2280,1.64,24.18,0.451,,1,1,3.097,0.0509,,,,1.34737,1.85544,7.724,2.687,0.722,2.588,,
90.027,0.8960,0.2896,0.8913,0.2591,1.64,24.21,0.458,,1,1,3.097,0.0509,,,,1.35139,1.88402,7.724,2.687,0.722,2.588,,
90.070,0.8955,0.2817,0.8937,0.2548,1.66,24.27,0.457,,1,1,3.097,0.0509,,,,1.34539,1.88346,7.724,2.687,0.722,2.588,,
90.110,0.8848,0.2744,0.8442,0.2477,1.73,24.43,0.453,,1,1,3.097,0.0509,,,,1.34184,1.86716,7.724,2.687,0.722,2.588,,
90.157,0.8797,0.2812,0.8626,0.3036,1.78,24.51,0.454,,1,1,3.097,0.0509,,,,1.34685,1.87048,7.724,2.687,0.722,2.588,,
90.203,0.8823,0.2841,0.8917,0.2946,1.82,24.56,0.453,,1,1,3.097,0.0509,,,,1.36932,1.88334,7.724,2.687,0.722,2.588,,
90.246,0.8820,0.2961,0.8812,0.3407,1.85,24.61,0.446,,1,1,3.097,0.0509,,,,1.37262,1.87943,7.724,2.687,0.722,2.588,,
90.293,0.8816,0.3004,0.8804,0.3140,1.86,24.65,0.442,,1,1,3.097,0.0509,,,,1.37749,1.87174,7.724,2.687,0.722,2.588,,
90.339,0.8928,0.3100,0.9362,0.3477,1.87,24.67,0.432,,1,1,3.097,0.0509,,,,1.43981,1.92035,7.724,2.687,0.722,2.588,,
90.386,0.9005,0.3271,0.9244,0.3796,1.89,24.73,0.429,,1,1,3.097,0.0509,,,,1.45011,1.93525,7.724,2.687,0.722,2.588,,
90.428,0.9041,0.3331,0.9167,0.3539,1.92,24.79,0.428,,1,1,3.097,0.0509,,,,1.45430,1.94108,7.724,2.687,0.722,2.588,,
90.478,0.9090,0.3332,0.9248,0.3338,1.97,24.90,0.425,,1,1,3.097,0.0509,,,,1.45380,1.94153,7.724,2.687,0.722,2.588,,
90.530,0.9124,0.3721,0.9225,0.4818,2.03,24.99,0.423,,1,1,3.097,0.0509,,,,1.44241,1.95945,7.724,2.687,0.722,2.588,,
90.574,0.9173,0.4003,0.9351,0.4980,2.05,24.97,0.416,,1,1,3.097,0.0509,,,,1.43652,1.96095,7.724,2.687,0.722,2.588,,
90.619,0.9230,0.4223,0.9427,0.4952,2.06,24.98,0.411,,1,1,3.097,0.0509,,,,1.44291,1.96554,7.724,2.687,0.722,2.588,,
90.663,0.9314,0.4449,0.9600,0.5167,2.08,24.94,0.402,,1,1,3.097,0.0509,,,,1.45017,1.97103,7.724,2.687,0.722,2.588,,
90.700,0.9407,0.4646,0.9797,0.5427,2.08,24.83,0.377,,1,1,3.097,0.0509,,,,1.44156,1.96921,7.724,2.687,0.722,2.588,,
90.743,0.9512,0.4930,0.9876,0.5862,2.08,24.76,0.368,,1,1,3.097,0.0509,,,,1.43625,1.97007,7.724,2.687,0.722,2.588,,
90.797,0.9583,0.5264,0.9801,0.6218,2.07,24.66,0.365,,1,1,3.097,0.0509,,,,1.43557,1.97632,7.724,2.687,0.722,2.588,,
90.845,0.9647,0.5498,0.9848,0.6186,2.09,24.61,0.366,,1,1,3.097,0.0509,,,,1.43576,1.97653,7.724,2.687,0.722,2.588,,
90.891,0.9689,0.5621,0.9829,0.6005,2.11,24.56,0.363,,1,1,3.097,0.0509,,,,1.43534,1.97495,7.724,2.687,0.722,2.588,,
90.939,0.9640,0.5776,0.9481,0.6252,2.13,24.53,0.364,,1,1,3.097,0.0509,,,,1.40045,1.95339,7.724,2.687,0.722,2.588,,
90.983,0.9688,0.5889,0.9849,0.6247,2.15,24.49,0.363,,1,1,3.097,0.0509,,,,1.39999,1.96042,7.724,2.687,0.722,2.588,,
91.035,0.9731,0.6031,0.9869,0.6459,2.17,24.43,0.368,,1,1,3.097,0.0509,,,,1.39802,1.95363,7.724,2.687,0.722,2.588,,
91.081,0.9809,0.6124,1.0070,0.6423,2.18,24.37,0.370,,1,1,3.097,0.0509,,,,1.39023,1.96046,7.724,2.687,0.722,2.588,,
91.129,0.9833,0.6468,0.9913,0.7505,2.19,24.33,0.376,,1,1,3.097,0.0509,,,,1.38887,1.98494,7.724,2.687,0.722,2.588,,
91.169,0.9829,0.6759,0.9812,0.7805,2.19,24.30,0.372,,1,1,3.097,0.0509,,,,1.37087,1.98499,7.724,2.687,0.722,2.588,,
91.209,0.9682,0.6973,0.9117,0.7717,2.19,24.29,0.373,,1,1,3.097,0.0509,,,,1.34412,1.98305,7.724,2.687,0.722,2.588,,
91.255,0.9578,0.7234,0.9187,0.8135,2.20,24.29,0.372,,1,1,3.097,0.0509,,,,1.34755,1.99777,7.724,2.687,0.722,2.588,,
91.299,0.9416,0.7470,0.8881,0.8195,2.21,24.29,0.372,,1,1,3.097,0.0509,,,,1.32180,1.98412,7.724,2.687,0.722,2.588,,
91.350,0.9244,0.7733,0.8741,0.8454,2.21,24.26,0.371,,1,1,3.097,0.0509,,,,1.30941,1.98024,7.724,2.687,0.722,2.588,,
91.392,0.9118,0.7973,0.8598,0.8904,2.20,24.21,0.370,,1,1,3.097,0.0509,,,,1.29163,1.98250,7.724,2.687,0.722,2.588,,
91.434,0.8956,0.8152,0.8421,0.8715,2.18,24.14,0.374,,1,1,3.097,0.0509,,,,1.26758,1.97958,7.724,2.687,0.722,2.588,,
91.479,0.8844,0.8165,0.8454,0.8207,2.16,24.04,0.375,,1,1,3.097,0.0509,,,,1.26540,1.98526,7.724,2.687,0.722,2.588,,
91.523,0.8718,0.8183,0.8315,0.8239,2.14,23.96,0.375,,1,1,3.097,0.0509,,,,1.25820,1.98936,7.724,2.687,0.722,2.588,,
91.578,0.8607,0.8182,0.8285,0.8182,2.12,23.86,0.375,,1,1,3.097,0.0509,,,,1.25799,1.98297,7.724,2.687,0.722,2.588,,
91.617,0.8548,0.8219,0.8313,0.8364,2.12,23.80,0.367,,1,1,3.097,0.0509,,,,1.25407,1.98554,7.724,2.687,0.722,2.588,,
91.656,0.7868,0.8299,0.5461,0.8601,2.09,23.72,0.368,,1,1,3.097,0.0509,,,,1.10271,1.96178,7.724,2.687,0.722,2.588,,
91.697,0.7080,0.8216,0.4462,0.7900,2.08,23.69,0.369,,1,1,3.097,0.0509,,,,1.06552,1.95874,7.724,2.687,0.722,2.588,,
91.740,0.6354,0.8125,0.4265,0.7814,2.03,23.59,0.373,,1,1,3.097,0.0509,,,,1.03685,1.93256,7.724,2.687,0.722,2.588,,
91.795,0.5837,0.8058,0.4527,0.7854,1.97,23.50,0.379,,1,1,3.097,0.0509,,,,1.04886,1.93891,7.724,2.687,0.722,2.588,,
91.836,0.5528,0.8129,0.4514,0.8407,1.95,23.40,0.387,,1,1,3.097,0.0509,,,,1.05564,1.98601,7.724,2.687,0.722,2.588,,
91.885,0.5188,0.8041,0.4258,0.7758,1.97,23.37,0.384,,1,1,3.097,0.0509,,,,1.03999,2.00483,7.724,2.687,0.722,2.588,,
91.933,0.4912,0.7904,0.4134,0.7461,1.99,23.33,0.382,,1,1,3.097,0.0509,,,,1.03468,2.01388,7.724,2.687,0.722,2.588,,
91.978,0.4703,0.7691,0.4048,0.6951,2.00,23.31,0.389,,1,1,3.097,0.0509,,,,1.02374,2.00959,7.724,2.687,0.722,2.588,,
92.024,0.4537,0.7042,0.4058,0.5101,2.02,23.28,0.394,,1,1,3.097,0.0509,,,,0.99956,1.98010,7.724,2.687,0.722,2.588,,
92.074,0.4416,0.6684,0.4054,0.5610,2.05,23.29,0.391,,1,1,3.097,0.0509,,,,0.97852,1.97464,7.724,2.687,0.722,2.588,,
92.118,0.4342,0.6527,0.4107,0.6024,2.08,23.29,0.398,,1,1,3.097,0.0509,,,,0.96910,1.95891,7.724,2.687,0.722,2.588,,
92.159,0.4257,0.6190,0.3954,0.5027,2.11,23.32,0.384,,1,1,3.097,0.0509,,,,0.96191,1.92635,7.724,2.687,0.722,2.588,,
92.200,0.4222,0.5837,0.4095,0.4628,2.11,23.38,0.384,,1,1,3.097,0.0509,,,,0.96758,1.91315,7.724,2.687,0.722,2.588,,
92.246,0.4255,0.5581,0.4368,0.4753,2.12,23.42,0.387,,1,1,3.097,0.0509,,,,0.98900,1.91297,7.724,2.687,0.722,2.588,,
92.288,0.4298,0.5413,0.4460,0.4828,2.13,23.46,0.394,,1,1,3.097,0.0509,,,,0.99766,1.92120,7.724,2.687,0.722,2.588,,
92.332,0.4436,0.5192,0.4900,0.4520,2.18,23.52,0.405,,1,1,3.097,0.0509,,,,1.03752,1.93328,7.724,2.687,0.722,2.588,,
92.373,0.4516,0.4514,0.4827,0.2245,2.19,23.62,0.425,,1,1,3.097,0.0509,,,,1.04097,1.88724,7.724,2.687,0.722,2.588,,
92.413,0.4547,0.3878,0.4666,0.1814,2.20,23.71,0.459,,1,1,3.097,0.0509,,,,1.03705,1.85777,7.724,2.687,0.722,2.588,,
92.458,0.4582,0.3023,0.4707,0.0566,2.22,23.82,0.477,,1,1,3.097,0.0509,,,,1.03150,1.83603,7.724,2.687,0.722,2.588,,
92.511,0.4652,0.2115,0.4868,-0.0158,2.27,24.03,0.484,,1,1,3.097,0.0509,,,,1.03061,1.82574,7.724,2.687,0.722,2.588,,
92.559,0.4697,0.1552,0.4839,0.0106,2.28,24.14,0.485,,1,1,3.097,0.0509,,,,1.02405,1.81885,7.724,2.687,0.722,2.588,,
92.607,0.4733,0.1221,0.4857,0.0294,2.29,24.22,0.484,,1,1,3.097,0.0509,,,,1.02006,1.81616,7.724,2.687,0.722,2.588,,
92.642,0.4781,0.0999,0.4985,0.0190,2.29,24.30,0.483,,1,1,3.097,0.0509,,,,1.01436,1.80895,7.724,2.687,0.722,2.588,,
92.678,0.4820,0.0816,0.4990,0.0140,2.28,24.36,0.480,,1,1,3.097,0.0509,,,,0.99851,1.80651,7.724,2.687,0.722,2.588,,
92.720,0.4839,0.0608,0.4912,-0.0069,2.26,24.38,0.482,,1,1,3.097,0.0509,,,,0.98039,1.80171,7.724,2.687,0.722,2.588,,
92.761,0.4835,0.0470,0.4820,0.0003,2.22,24.39,0.482,,1,1,3.097,0.0509,,,,0.97511,1.80127,7.724,2.687,0.722,2.588,,
92.816,0.4806,0.0204,0.4717,-0.0699,2.18,24.44,0.486,,1,1,3.097,0.0509,,,,0.97552,1.81202,7.724,2.687,0.722,2.588,,
92.863,0.4774,0.0053,0.4673,-0.0383,2.16,24.50,0.487,,1,1,3.097,0.0509,,,,0.96869,1.81572,7.724,2.687,0.722,2.588,,
92.930,0.4771,0.0322,0.4763,0.0941,2.10,24.44,0.491,,1,1,3.097,0.0509,,,,0.95999,1.80280,7.724,2.687,0.722,2.588,,
92.985,0.4750,0.0556,0.4683,0.1263,2.00,24.38,0.478,,1,1,3.097,0.0509,,,,0.94600,1.75055,7.724,2.687,0.722,2.588,,
93.042,0.3764,0.0580,0.1257,0.0644,1.76,24.09,0.480,,1,1,3.097,0.0509,,,,0.71747,1.79770,7.724,2.687,0.722,2.588,,
93.102,0.2984,0.0467,0.1221,0.0188,1.60,23.86,0.480,,1,1,3.097,0.0509,,,,0.69547,1.80122,7.724,2.687,0.722,2.588,,
93.158,0.2442,0.0215,0.1034,-0.1085,1.54,23.74,0.468,,1,1,3.097,0.0509,,,,0.68794,1.77751,7.724,2.687,0.722,2.588,,
93.201,0.1968,0.0047,0.0558,-0.1096,1.46,23.60,0.468,,1,1,3.097,0.0509,,,,0.66353,1.78612,7.724,2.687,0.722,2.588,,
93.246,0.1602,0.0000,0.0466,-0.1161,1.41,23.53,0.469,,1,1,3.097,0.0509,,,,0.66212,1.79009,7.724,2.687,0.722,2.588,,
93.294,0.1302,0.0018,0.0448,0.0320,1.39,23.46,0.471,,1,1,3.097,0.0509,,,,0.64205,1.83566,7.724,2.687,0.722,2.588,,
93.347,0.1099,0.0194,0.0504,0.0774,1.36,23.43,0.484,,1,1,3.097,0.0509,,,,0.56171,1.82375,7.724,2.687,0.722,2.588,,
93.397,0.0861,0.0124,0.0187,-0.0097,1.36,23.50,0.483,,1,1,3.097,0.0509,,,,0.52968,1.83353,7.724,2.687,0.722,2.588,,
93.445,0.0665,0.0223,0.0124,0.0528,1.33,23.46,0.481,,1,1,3.097,0.0509,,,,0.49229,1.83069,7.724,2.687,0.722,2.588,,
93.497,0.0651,0.0186,0.0610,0.0067,1.31,23.50,0.485,,1,1,3.097,0.0509,,,,0.48769,1.83183,7.724,2.687,0.722,2.588,,
93.548,0.0610,0.0028,0.0481,-0.0554,1.29,23.48,0.482,,1,1,3.097,0.0509,,,,0.48588,1.81706,7.724,2.687,0.722,2.588,,
93.606,0.0591,0.0000,0.0543,-0.1393,1.29,23.45,0.482,,1,1,3.097,0.0509,,,,0.48860,1.78563,7.724,2.687,0.722,2.588,,
93.661,0.0533,0.0000,0.0377,-0.1869,1.26,23.44,0.482,,1,1,3.097,0.0509,,,,0.47338,1.78472,7.724,2.687,0.722,2.588,,
93.700,0.0488,0.0327,0.0324,0.2348,1.25,23.38,0.396,,1,1,3.097,0.0509,,,,0.45493,1.90787,7.724,2.687,0.722,2.588,,
93.747,0.0434,0.1184,0.0245,0.3915,1.28,23.33,0.349,,1,1,3.097,0.0509,,,,0.44705,1.94205,7.724,2.687,0.722,2.588,,
93.800,0.0418,0.2262,0.0375,0.4910,1.31,23.27,0.335,,1,1,3.097,0.0509,,,,0.44425,1.98154,7.724,2.687,0.722,2.588,,
93.860,0.0437,0.3426,0.0489,0.6147,1.36,23.21,0.327,,1,1,3.097,0.0509,,,,0.45193,1.99764,7.724,2.687,0.722,2.588,,
93.924,0.0467,0.4708,0.0540,0.7252,1.40,23.21,0.352,,1,1,3.097,0.0509,,,,0.45764,2.04770,7.724,2.687,0.722,2.588,,
93.985,0.0654,0.5639,0.1122,0.7529,1.43,23.20,0.363,,1,1,3.097,0.0509,,,,0.44374,2.03439,7.724,2.687,0.722,2.588,,
94.045,0.0646,0.6131,0.0622,0.7240,1.43,23.19,0.383,,1,1,3.097,0.0509,,,,0.40901,1.99081,7.724,2.687,0.722,2.588,,
94.109,0.0625,0.6207,0.0574,0.6367,1.44,23.18,0.400,,1,1,3.097,0.0509,,,,0.40139,2.00504,7.724,2.687,0.722,2.588,,
94.179,0.0710,0.6299,0.0901,0.6487,1.45,23.13,0.397,,1,1,3.097,0.0509,,,,0.39147,2.02147,7.724,2.687,0.722,2.588,,
94.244,0.0855,0.7014,0.1212,0.8590,1.44,23.05,0.405,,1,1,3.097,0.0509,,,,0.37121,2.07578,7.724,2.687,0.722,2.588,,
94.299,0.0994,0.7529,0.1364,0.8761,1.42,22.94,0.391,,1,1,3.097,0.0509,,,,0.36864,2.10012,7.724,2.687,0.722,2.588,,
94.362,0.1111,0.7872,0.1409,0.8671,1.39,22.85,0.387,,1,1,3.097,0.0509,,,,0.36391,2.09889,7.724,2.687,0.722,2.588,,
94.415,0.1208,0.8541,0.1478,1.0221,1.39,22.81,0.389,,1,1,3.097,0.0509,,,,0.36218,2.11418,7.724,2.687,0.722,2.588,,
94.481,0.1270,0.9149,0.1426,1.0535,1.38,22.76,0.378,,1,1,3.097,0.0509,,,,0.36177,2.12942,7.724,2.687,0.722,2.588,,
94.540,0.1300,0.9545,0.1376,1.0457,1.38,22.74,0.375,,1,1,3.097,0.0509,,,,0.36659,2.12593,7.724,2.687,0.722,2.588,,
94.605,0.1302,0.9838,0.1306,1.0521,1.39,22.74,0.370,,1,1,3.097,0.0509,,,,0.36340,2.11064,7.724,2.687,0.722,2.588,,
94.669,0.1314,0.9977,0.1343,1.0291,1.37,22.69,0.370,,1,1,3.097,0.0509,,,,0.38775,2.11828,7.724,2.687,0.722,2.588,,
94.734,0.1331,1.0000,0.1371,1.0095,1.35,22.62,0.368,,1,1,3.097,0.0509,,,,0.40898,2.11690,7.724,2.687,0.722,2.588,,
94.793,0.1527,1.0000,0.2055,1.0582,1.36,22.70,0.367,,1,1,3.097,0.0509,,,,0.50455,2.13759,7.724,2.687,0.722,2.588,,
94.853,0.1859,0.9805,0.2697,0.8916,1.39,22.82,0.377,,1,1,3.097,0.0509,,,,0.57962,2.14525,7.724,2.687,0.722,2.588,,
94.912,0.2240,0.9575,0.3190,0.8967,1.43,22.91,0.376,,1,1,3.097,0.0509,,,,0.62785,2.15277,7.724,2.687,0.722,2.588,,
94.971,0.2691,0.8913,0.3822,0.7220,1.48,23.04,0.384,,1,1,3.097,0.0509,,,,0.68651,2.12717,7.724,2.687,0.722,2.588,,
95.038,0.3511,0.8383,0.5283,0.7202,1.55,23.14,0.389,,1,1,3.097,0.0509,,,,0.83788,2.12903,7.724,2.687,0.722,2.588,,
95.104,0.4147,0.8069,0.5497,0.7373,1.56,23.14,0.395,,1,1,3.097,0.0509,,,,0.86815,2.13242,7.724,2.687,0.722,2.588,,
95.162,0.4458,0.7543,0.5192,0.6283,1.59,23.18,0.398,,1,1,3.097,0.0509,,,,0.89606,2.13685,7.724,2.687,0.722,2.588,,
95.216,0.4594,0.7272,0.4978,0.6509,1.62,23.20,0.401,,1,1,3.097,0.0509,,,,0.90217,2.13300,7.724,2.687,0.722,2.588,,
95.276,0.4758,0.7341,0.5154,0.7511,1.64,23.23,0.407,,1,1,3.097,0.0509,,,,0.90780,2.12864,7.724,2.687,0.722,2.588,,
95.332,0.4955,0.7240,0.5476,0.6967,1.65,23.17,0.411,,1,1,3.097,0.0509,,,,0.92881,2.11495,7.724,2.687,0.722,2.588,,
95.391,0.4991,0.7250,0.5085,0.7276,1.63,23.08,0.411,,1,1,3.097,0.0509,,,,0.92961,2.09765,7.724,2.687,0.722,2.588,,
95.442,0.5020,0.7186,0.5103,0.7002,1.63,23.05,0.411,,1,1,3.097,0.0509,,,,0.95102,2.10394,7.724,2.687,0.722,2.588,,
95.505,0.4975,0.7065,0.4861,0.6762,1.64,23.14,0.407,,1,1,3.097,0.0509,,,,0.98166,2.12259,7.724,2.687,0.722,2.588,,
95.565,0.4993,0.7106,0.5038,0.7206,1.67,23.22,0.417,,1,1,3.097,0.0509,,,,0.99495,2.10459,7.724,2.687,0.722,2.588,,
95.631,0.4985,0.6954,0.4967,0.6593,1.69,23.27,0.418,,1,1,3.097,0.0509,,,,1.00808,2.12521,7.724,2.687,0.722,2.588,,
95.688,0.4998,0.6495,0.5035,0.5284,1.67,23.27,0.433,,1,1,3.097,0.0509,,,,0.97373,2.10285,7.724,2.687,0.722,2.588,,
95.742,0.5024,0.5709,0.5094,0.3683,1.66,23.29,0.437,,1,1,3.097,0.0509,,,,0.96378,2.09157,7.724,2.687,0.722,2.588,,
95.799,0.5049,0.4433,0.5123,0.1291,1.65,23.35,0.437,,1,1,3.097,0.0509,,,,0.96799,2.05790,7.724,2.687,0.722,2.588,,
95.856,0.5063,0.3145,0.5102,0.0220,1.67,23.47,0.450,,1,1,3.097,0.0509,,,,0.95815,2.03325,7.724,2.687,0.722,2.588,,
95.912,0.5094,0.2163,0.5184,-0.0089,1.68,23.55,0.456,,1,1,3.097,0.0509,,,,0.93646,2.01473,7.724,2.687,0.722,2.588,,
95.961,0.5184,0.1530,0.5451,-0.0027,1.69,23.63,0.465,,1,1,3.097,0.0509,,,,0.93315,2.01599,7.724,2.687,0.722,2.588,,
96.018,0.5260,0.1208,0.5479,0.0427,1.66,23.67,0.462,,1,1,3.097,0.0509,,,,0.87814,2.02335,7.724,2.687,0.722,2.588,,
96.067,0.5270,0.0796,0.5301,-0.0314,1.65,23.74,0.463,,1,1,3.097,0.0509,,,,0.85659,2.02978,7.724,2.687,0.722,2.588,,
96.121,0.5259,0.0441,0.5225,-0.0569,1.64,23.81,0.466,,1,1,3.097,0.0509,,,,0.84680,2.03703,7.724,2.687,0.722,2.588,,
96.162,0.5264,0.0230,0.5280,-0.0409,1.60,23.78,0.461,,1,1,3.097,0.0509,,,,0.83548,2.03735,7.724,2.687,0.722,2.588,,
96.213,0.5305,0.0034,0.5432,-0.0649,1.57,23.85,0.461,,1,1,3.097,0.0509,,,,0.82129,2.03381,7.724,2.687,0.722,2.588,,
96.262,0.5375,0.0000,0.5598,-0.0318,1.54,23.83,0.461,,1,1,3.097,0.0509,,,,0.80884,2.02373,7.724,2.687,0.722,2.588,,
96.320,0.5483,0.0000,0.5786,-0.0610,1.51,23.81,0.456,,1,1,3.097,0.0509,,,,0.80762,2.00747,7.724,2.687,0.722,2.588,,
96.363,0.5529,0.0000,0.5684,-0.0824,1.47,23.79,0.469,,1,1,3.097,0.0509,,,,0.80084,1.98030,7.724,2.687,0.722,2.588,,
96.415,0.6250,0.0000,0.8309,-0.0670,1.43,23.80,0.470,,1,1,3.097,0.0509,,,,0.93792,2.03142,7.724,2.687,0.722,2.588,,
96.462,0.6998,0.0000,0.9336,-0.0684,1.40,23.82,0.469,,1,1,3.097,0.0509,,,,1.02040,2.04541,7.724,2.687,0.722,2.588,,
96.511,0.7790,0.0000,0.9939,-0.0548,1.38,23.84,0.476,,1,1,3.097,0.0509,,,,1.05387,2.06828,7.724,2.687,0.722,2.588,,
96.567,0.8502,0.0000,1.0168,-0.0233,1.37,23.88,0.476,,1,1,3.097,0.0509,,,,1.06588,2.07071,7.724,2.687,0.722,2.588,,
96.612,0.8883,0.0000,1.0066,-0.0430,1.37,23.95,0.482,,1,1,3.097,0.0509,,,,1.09280,2.04034,7.724,2.687,0.722,2.588,,
96.650,0.9147,0.0000,1.0049,-0.0306,1.37,23.99,0.483,,1,1,3.097,0.0509,,,,1.10703,2.02971,7.724,2.687,0.722,2.588,,
96.692,0.9302,0.0000,0.9807,-0.0087,1.37,24.04,0.484,,1,1,3.097,0.0509,,,,1.11016,2.02673,7.724,2.687,0.722,2.588,,
96.735,0.9450,0.0000,0.9935,0.0333,1.37,24.10,0.486,,1,1,3.097,0.0509,,,,1.12358,2.02053,7.724,2.687,0.722,2.588,,
96.778,0.9661,0.0000,1.0415,0.0340,1.37,24.16,0.489,,1,1,3.097,0.0509,,,,1.15210,2.03105,7.724,2.687,0.722,2.588,,
96.827,0.9765,0.0000,1.0075,0.0118,1.39,24.22,0.490,,1,1,3.097,0.0509,,,,1.15752,2.02884,7.724,2.687,0.722,2.588,,
96.869,0.9895,0.0000,1.0312,-0.0214,1.42,24.27,0.489,,1,1,3.097,0.0509,,,,1.17183,2.04055,7.724,2.687,0.722,2.588,,
96.919,0.9921,0.0000,1.0007,0.0042,1.43,24.29,0.491,,1,1,3.097,0.0509,,,,1.17701,2.06559,7.724,2.687,0.722,2.588,,
96.970,0.9980,0.0000,1.0146,-0.0415,1.42,24.32,0.482,,1,1,3.097,0.0509,,,,1.17498,2.05037,7.724,2.687,0.722,2.588,,
97.017,1.0000,0.0238,1.0616,0.1368,1.39,24.27,0.465,,1,1,3.097,0.0509,,,,1.21377,2.13689,7.724,2.687,0.722,2.588,,
97.071,1.0000,0.1163,1.0423,0.3673,1.42,24.23,0.393,,1,1,3.097,0.0509,,,,1.23093,2.28281,7.724,2.687,0.722,2.588,,
97.113,1.0000,0.1670,1.0810,0.3318,1.46,24.19,0.356,,1,1,3.097,0.0509,,,,1.24628,2.31972,7.724,2.687,0.722,2.588,,
97.157,1.0000,0.2711,1.0499,0.5710,1.45,24.06,0.339,,1,1,3.097,0.0509,,,,1.24002,2.28948,7.724,2.687,0.722,2.588,,
97.200,1.0000,0.3655,1.0375,0.6413,1.43,23.95,0.321,,1,1,3.097,0.0509,,,,1.22968,2.24168,7.724,2.687,0.722,2.588,,
97.251,1.0000,0.4626,0.9926,0.7125,1.43,23.87,0.337,,1,1,3.097,0.0509,,,,1.18918,2.18700,7.724,2.687,0.722,2.588,,
97.292,1.0000,0.5069,1.0034,0.6353,1.47,23.85,0.374,,1,1,3.097,0.0509,,,,1.18363,2.16125,7.724,2.687,0.722,2.588,,
97.339,1.0000,0.4793,0.9846,0.3994,1.51,23.83,0.403,,1,1,3.097,0.0509,,,,1.14017,2.10113,7.724,2.687,0.722,2.588,,
97.385,1.0000,0.4742,1.0013,0.4570,1.53,23.79,0.411,,1,1,3.097,0.0509,,,,1.13311,2.10594,7.724,2.687,0.722,2.588,,
97.427,1.0000,0.4905,0.9711,0.5443,1.54,23.77,0.431,,1,1,3.097,0.0509,,,,1.09899,2.14085,7.724,2.687,0.722,2.588,,
97.476,0.9821,0.5105,0.9241,0.5672,1.57,23.81,0.435,,1,1,3.097,0.0509,,,,1.07901,2.16064,7.724,2.687,0.722,2.588,,
97.530,0.9709,0.4983,0.9382,0.4640,1.60,23.83,0.435,,1,1,3.097,0.0509,,,,1.07595,2.16507,7.724,2.687,0.722,2.588,,
97.591,0.8669,0.4841,0.6312,0.4503,1.62,23.82,0.435,,1,1,3.097,0.0509,,,,0.86981,2.11175,7.724,2.687,0.722,2.588,,
97.640,0.7765,0.4770,0.5193,0.4540,1.59,23.72,0.435,,1,1,3.097,0.0509,,,,0.78506,2.10080,7.724,2.687,0.722,2.588,,
97.699,0.7123,0.4360,0.5561,0.3218,1.59,23.76,0.429,,1,1,3.097,0.0509,,,,0.79252,2.08518,7.724,2.687,0.722,2.588,,
97.746,0.6531,0.4527,0.4957,0.5046,1.59,23.77,0.433,,1,1,3.097,0.0509,,,,0.75419,2.04822,7.724,2.687,0.722,2.588,,
97.803,0.6067,0.4469,0.4852,0.4293,1.58,23.79,0.434,,1,1,3.097,0.0509,,,,0.72528,2.03118,7.724,2.687,0.722,2.588,,
97.853,0.5333,0.4420,0.3535,0.4277,1.55,23.76,0.441,,1,1,3.097,0.0509,,,,0.60893,2.01963,7.724,2.687,0.722,2.588,,
97.908,0.4841,0.4121,0.3639,0.3286,1.52,23.79,0.440,,1,1,3.097,0.0509,,,,0.56729,2.01123,7.724,2.687,0.722,2.588,,
97.959,0.4597,0.4030,0.3944,0.3758,1.49,23.86,0.440,,1,1,3.097,0.0509,,,,0.56808,2.01900,7.724,2.687,0.722,2.588,,
98.014,0.4379,0.4228,0.3797,0.4825,1.47,23.86,0.433,,1,1,3.097,0.0509,,,,0.55085,2.04012,7.724,2.687,0.722,2.588,,
98.062,0.4186,0.4388,0.3577,0.4951,1.45,23.83,0.429,,1,1,3.097,0.0509,,,,0.53929,2.05387,7.724,2.687,0.722,2.588,,
98.130,0.4121,0.4878,0.3987,0.5939,1.46,23.74,0.370,,1,1,3.097,0.0509,,,,0.54025,2.09509,7.724,2.687,0.722,2.588,,
98.183,0.3997,0.5114,0.3669,0.5755,1.50,23.74,0.356,,1,1,3.097,0.0509,,,,0.55699,2.17471,7.724,2.687,0.722,2.588,,
98.225,0.4016,0.5553,0.4084,0.7080,1.50,23.65,0.357,,1,1,3.097,0.0509,,,,0.55103,2.17640,7.724,2.687,0.722,2.588,,
98.264,0.4031,0.5801,0.4089,0.6705,1.50,23.59,0.361,,1,1,3.097,0.0509,,,,0.55040,2.17682,7.724,2.687,0.722,2.588,,
98.308,0.4067,0.6011,0.4201,0.6731,1.48,23.50,0.366,,1,1,3.097,0.0509,,,,0.52963,2.15847,7.724,2.687,0.722,2.588,,
98.356,0.4132,0.5988,0.4336,0.5918,1.42,23.34,0.369,,1,1,3.097,0.0509,,,,0.51382,2.15330,7.724,2.687,0.722,2.588,,
98.396,0.4171,0.5893,0.4325,0.5536,1.37,23.24,0.372,,1,1,3.097,0.0509,,,,0.50455,2.15232,7.724,2.687,0.722,2.588,,
98.448,0.4319,0.5250,0.4772,0.3299,1.38,23.26,0.449,,1,1,3.097,0.0509,,,,0.52586,2.03051,7.724,2.687,0.722,2.588,,
98.492,0.4456,0.4682,0.4942,0.2787,1.37,23.29,0.479,,1,1,3.097,0.0509,,,,0.53323,1.98926,7.724,2.687,0.722,2.588,,
98.538,0.4575,0.4217,0.5001,0.2668,1.37,23.36,0.480,,1,1,3.097,0.0509,,,,0.53341,1.99958,7.724,2.687,0.722,2.588,,
98.596,0.4755,0.3221,0.5220,0.0922,1.38,23.47,0.500,,1,1,3.097,0.0509,,,,0.53743,2.02487,7.724,2.687,0.722,2.588,,
98.646,0.4897,0.2595,0.5357,0.0809,1.41,23.61,0.498,,1,1,3.097,0.0509,,,,0.53932,2.02803,7.724,2.687,0.722,2.588,,
98.683,0.4961,0.2032,0.5206,0.0152,1.41,23.63,0.503,,1,1,3.097,0.0509,,,,0.52888,1.98798,7.724,2.687,0.722,2.588,,
98.725,0.5005,0.1397,0.5161,-0.0670,1.43,23.65,0.501,,1,1,3.097,0.0509,,,,0.52489,1.94131,7.724,2.687,0.722,2.588,,
98.773,0.5010,0.1016,0.5029,-0.0113,1.45,23.66,0.505,,1,1,3.097,0.0509,,,,0.51968,1.95982,7.724,2.687,0.722,2.588,,
98.816,0.4994,0.0619,0.4942,-0.0677,1.47,23.71,0.504,,1,1,3.097,0.0509,,,,0.52044,1.99065,7.724,2.687,0.722,2.588,,
98.862,0.5016,0.0342,0.5093,-0.0857,1.45,23.69,0.493,,1,1,3.097,0.0509,,,,0.54071,2.00539,7.724,2.687,0.722,2.588,,
98.903,0.5084,0.0148,0.5343,-0.0797,1.44,23.72,0.487,,1,1,3.097,0.0509,,,,0.58511,2.01150,7.724,2.687,0.722,2.588,,
98.944,0.5151,0.0060,0.5392,-0.0225,1.46,23.78,0.484,,1,1,3.097,0.0509,,,,0.61923,2.01611,7.724,2.687,0.722,2.588,,
98.992,0.5153,0.0144,0.5160,0.0404,1.48,23.81,0.488,,1,1,3.097,0.0509,,,,0.62993,1.99886,7.724,2.687,0.722,2.588,,
99.031,0.5121,0.0174,0.4997,0.0280,1.49,23.82,0.482,,1,1,3.097,0.0509,,,,0.64193,2.01247,7.724,2.687,0.722,2.588,,
99.077,0.5101,0.0022,0.5030,-0.0875,1.48,23.83,0.482,,1,1,3.097,0.0509,,,,0.66096,1.99811,7.724,2.687,0.722,2.588,,
99.124,0.5095,0.0000,0.5074,-0.0800,1.46,23.87,0.474,,1,1,3.097,0.0509,,,,0.66790,1.98658,7.724,2.687,0.722,2.588,,
99.168,0.5015,0.0175,0.4727,0.1178,1.43,23.84,0.443,,1,1,3.097,0.0509,,,,0.67311,2.02665,7.724,2.687,0.722,2.588,,
99.221,0.4921,0.1811,0.4635,0.6236,1.45,23.78,0.345,,1,1,3.097,0.0509,,,,0.67769,2.18111,7.724,2.687,0.722,2.588,,
99.272,0.4901,0.3227,0.4840,0.6866,1.48,23.79,0.323,,1,1,3.097,0.0509,,,,0.73511,2.24761,7.724,2.687,0.722,2.588,,
99.320,0.4777,0.4398,0.4371,0.7501,1.51,23.77,0.323,,1,1,3.097,0.0509,,,,0.74792,2.28461,7.724,2.687,0.722,2.588,,
99.367,0.4685,0.5490,0.4393,0.8234,1.51,23.72,0.338,,1,1,3.097,0.0509,,,,0.75187,2.29980,7.724,2.687,0.722,2.588,,
99.418,0.4614,0.6262,0.4384,0.8229,1.50,23.64,0.349,,1,1,3.097,0.0509,,,,0.75294,2.30542,7.724,2.687,0.722,2.588,,
99.462,0.4609,0.6635,0.4593,0.7653,1.48,23.56,0.361,,1,1,3.097,0.0509,,,,0.77236,2.30305,7.724,2.687,0.722,2.588,,
99.510,0.4611,0.6846,0.4618,0.7433,1.47,23.51,0.369,,1,1,3.097,0.0509,,,,0.77961,2.30857,7.724,2.687,0.722,2.588,,
99.572,0.4580,0.7244,0.4501,0.8115,1.46,23.44,0.371,,1,1,3.097,0.0509,,,,0.78040,2.31050,7.724,2.687,0.722,2.588,,
99.631,0.4556,0.7385,0.4494,0.7710,1.45,23.33,0.391,,1,1,3.097,0.0509,,,,0.78161,2.33085,7.724,2.687,0.722,2.588,,
99.688,0.4560,0.7617,0.4572,0.8190,1.43,23.21,0.386,,1,1,3.097,0.0509,,,,0.78394,2.33704,7.724,2.687,0.722,2.588,,
99.736,0.4535,0.7691,0.4458,0.7902,1.43,23.16,0.387,,1,1,3.097,0.0509,,,,0.78495,2.33836,7.724,2.687,0.722,2.588,,
99.784,0.4533,0.7718,0.4526,0.7804,1.42,23.10,0.383,,1,1,3.097,0.0509,,,,0.78653,2.35055,7.724,2.687,0.722,2.588,,
99.830,0.4473,0.7983,0.4277,0.8778,1.40,23.03,0.381,,1,1,3.097,0.0509,,,,0.76896,2.37153,7.724,2.687,0.722,2.588,,
99.885,0.3980,0.8016,0.2399,0.8122,1.36,22.93,0.380,,1,1,3.097,0.0509,,,,0.65759,2.38946,7.724,2.687,0.722,2.588,,
99.928,0.3272,0.7857,0.1276,0.7379,1.26,22.78,0.384,,1,1,3.097,0.0509,,,,0.55354,2.34784,7.724,2.687,0.722,2.588,,
99.966,0.2697,0.7803,0.0620,0.7581,1.20,22.69,0.386,,1,1,3.097,0.0509,,,,0.50944,2.35625,7.724,2.687,0.722,2.588,,
100.005,0.2331,0.7917,0.1050,0.8367,1.11,22.57,0.401,,1,1,3.097,0.0509,,,,0.49108,2.35897,7.724,2.687,0.722,2.588,,
100.047,0.1998,0.7976,0.0914,0.8192,0.98,22.43,0.406,,1,1,3.097,0.0509,,,,0.43814,2.35927,7.724,2.687,0.722,2.588,,
100.093,0.1876,0.8024,0.1484,0.8194,0.71,22.17,0.411,,1,1,3.097,0.0509,,,,0.40216,2.32161,7.724,2.687,0.722,2.588,,
100.140,0.1615,0.7944,0.0850,0.7682,0.69,22.13,0.408,,1,1,3.097,0.0509,,,,0.38117,2.29314,7.724,2.687,0.722,2.588,,
100.182,0.1396,0.7908,0.0694,0.7781,0.68,22.11,0.416,,1,1,3.097,0.0509,,,,0.37267,2.25058,7.724,2.687,0.722,2.588,,
100.227,0.1165,0.7857,0.0378,0.7660,0.58,21.98,0.422,,1,1,3.097,0.0509,,,,0.33887,2.24787,7.724,2.687,0.722,2.588,,
100.269,0.1023,0.7465,0.0555,0.6089,0.56,21.96,0.430,,1,1,3.097,0.0509,,,,0.31126,2.18403,7.724,2.687,0.722,2.588,,
100.312,0.0931,0.7263,0.0628,0.6564,0.53,21.92,0.435,,1,1,3.097,0.0509,,,,0.29091,2.16498,7.724,2.687,0.722,2.588,,
100.355,0.0828,0.6599,0.0486,0.4446,0.52,21.85,0.449,,1,1,3.097,0.0509,,,,0.28877,2.21673,7.724,2.687,0.722,2.588,,
100.401,0.0855,0.6727,0.0945,0.7155,0.44,21.67,0.433,,1,1,3.097,0.0509,,,,0.29004,2.35192,7.724,2.687,0.722,2.588,,
100.437,0.0911,0.6872,0.1136,0.7455,0.34,21.45,0.427,,1,1,3.097,0.0509,,,,0.29578,2.38767,7.724,2.687,0.722,2.588,,
100.488,0.0971,0.7153,0.1158,0.8060,0.30,21.35,0.427,,1,1,3.097,0.0509,,,,0.29244,2.37257,7.724,2.687,0.722,2.588,,
100.538,0.0915,0.6497,0.0748,0.4601,0.31,21.30,0.429,,1,1,3.097,0.0509,,,,0.29329,2.23865,7.724,2.687,0.722,2.588,,
100.581,0.0748,0.4965,0.0153,0.0240,0.31,21.54,0.435,,1,1,3.097,0.0509,,,,0.31211,2.14615,7.724,2.687,0.722,2.588,,
100.631,0.0686,0.3837,0.0494,0.0956,0.31,21.67,0.456,,1,1,3.097,0.0509,,,,0.33033,2.12855,7.724,2.687,0.722,2.588,,
100.671,0.0597,0.2760,0.0259,-0.0827,0.32,21.81,0.481,,1,1,3.097,0.0509,,,,0.34012,2.05982,7.724,2.687,0.722,2.588,,
100.718,0.0503,0.1856,0.0191,-0.0894,0.34,21.94,0.487,,1,1,3.097,0.0509,,,,0.34277,2.04532,7.724,2.687,0.722,2.588,,
100.766,0.0381,0.1178,0.0003,-0.1136,0.36,22.07,0.480,,1,1,3.097,0.0509,,,,0.34558,2.05196,7.724,2.687,0.722,2.588,,
100.810,0.0309,0.0746,0.0058,-0.2176,0.39,22.17,0.508,,1,1,3.097,0.0509,,,,0.35106,2.09398,7.724,2.687,0.722,2.588,,
100.855,0.0283,0.0429,0.0189,-0.3149,0.41,22.24,0.508,,1,1,3.097,0.0509,,,,0.35826,2.09012,7.724,2.687,0.722,2.588,,
100.895,0.0299,0.0206,0.0359,-0.2527,0.44,22.32,0.504,,1,1,3.097,0.0509,,,,0.36370,2.08915,7.724,2.687,0.722,2.588,,
100.944,0.0325,0.0030,0.0419,-0.2234,0.48,22.41,0.500,,1,1,3.097,0.0509,,,,0.36400,2.09074,7.724,2.687,0.722,2.588,,
100.989,0.0344,0.0000,0.0401,-0.2387,0.50,22.49,0.499,,1,1,3.097,0.0509,,,,0.36373,2.08625,7.724,2.687,0.722,2.588,,
101.030,0.0375,0.0000,0.0496,-0.2807,0.50,22.47,0.498,,1,1,3.097,0.0509,,,,0.36298,2.04537,7.724,2.687,0.722,2.588,,
101.073,0.0423,0.0000,0.0599,-0.2257,0.50,22.46,0.500,,1,1,3.097,0.0509,,,,0.36926,2.04474,7.724,2.687,0.722,2.588,,
101.115,0.0797,0.0000,0.2155,-0.0775,0.51,22.53,0.503,,1,1,3.097,0.0509,,,,0.43336,2.08349,7.724,2.687,0.722,2.588,,
101.158,0.1407,0.0000,0.3467,-0.0201,0.52,22.58,0.501,,1,1,3.097,0.0509,,,,0.49464,2.09038,7.724,2.687,0.722,2.588,,
101.203,0.2009,0.0000,0.4035,-0.0206,0.52,22.63,0.499,,1,1,3.097,0.0509,,,,0.51829,2.09577,7.724,2.687,0.722,2.588,,
101.245,0.2595,0.0000,0.4346,0.0367,0.54,22.69,0.497,,1,1,3.097,0.0509,,,,0.53668,2.10015,7.724,2.687,0.722,2.588,,
101.289,0.3053,0.0353,0.4432,0.2012,0.55,22.71,0.502,,1,1,3.097,0.0509,,,,0.53186,2.07218,7.724,2.687,0.722,2.588,,
101.330,0.3362,0.0851,0.4392,0.2651,0.57,22.78,0.501,,1,1,3.097,0.0509,,,,0.53564,2.05840,7.724,2.687,0.722,2.588,,
101.374,0.3650,0.1065,0.4552,0.1784,0.57,22.80,0.498,,1,1,3.097,0.0509,,,,0.54010,2.04188,7.724,2.687,0.722,2.588,,
101.423,0.3856,0.1175,0.4430,0.1504,0.56,22.83,0.502,,1,1,3.097,0.0509,,,,0.53309,2.00236,7.724,2.687,0.722,2.588,,
101.468,0.3949,0.1259,0.4250,0.1547,0.58,22.90,0.506,,1,1,3.097,0.0509,,,,0.52213,2.00851,7.724,2.687,0.722,2.588,,
101.512,0.4032,0.1344,0.4296,0.1621,0.57,22.96,0.504,,1,1,3.097,0.0509,,,,0.52230,2.03134,7.724,2.687,0.722,2.588,,
101.562,0.4179,0.1311,0.4626,0.1207,0.57,23.04,0.504,,1,1,3.097,0.0509,,,,0.52311,2.03478,7.724,2.687,0.722,2.588,,
101.613,0.4352,0.1476,0.4854,0.1972,0.57,23.09,0.499,,1,1,3.097,0.0509,,,,0.52887,2.03560,7.724,2.687,0.722,2.588,,
101.653,0.4468,0.1564,0.4886,0.1892,0.60,23.15,0.498,,1,1,3.097,0.0509,,,,0.52960,2.01644,7.724,2.687,0.722,2.588,,
101.692,0.4593,0.1773,0.5041,0.2533,0.64,23.21,0.500,,1,1,3.097,0.0509,,,,0.52828,2.01251,7.724,2.687,0.722,2.588,,
101.736,0.4644,0.2119,0.4818,0.3273,0.65,23.23,0.500,,1,1,3.097,0.0509,,,,0.51091,2.04041,7.724,2.687,0.722,2.588,,
101.785,0.4682,0.2375,0.4804,0.3191,0.66,23.25,0.498,,1,1,3.097,0.0509,,,,0.51052,2.04223,7.724,2.687,0.722,2.588,,
101.830,0.4686,0.2524,0.4701,0.2995,0.68,23.29,0.496,,1,1,3.097,0.0509,,,,0.50780,2.03719,7.724,2.687,0.722,2.588,,
101.871,0.4673,0.2539,0.4627,0.2592,0.70,23.34,0.509,,1,1,3.097,0.0509,,,,0.50578,2.05420,7.724,2.687,0.722,2.588,,
101.921,0.4620,0.2338,0.4445,0.1688,0.69,23.34,0.507,,1,1,3.097,0.0509,,,,0.49929,2.07142,7.724,2.687,0.722,2.588,,
101.973,0.4540,0.2181,0.4288,0.1685,0.69,23.36,0.503,,1,1,3.097,0.0509,,,,0.49360,2.08289,7.724,2.687,0.722,2.588,,
102.042,0.4449,0.2155,0.4241,0.2096,0.66,23.34,0.498,,1,1,3.097,0.0509,,,,0.49196,2.07452,7.724,2.687,0.722,2.588,,
102.098,0.4381,0.2169,0.4192,0.2207,0.61,23.34,0.496,,1,1,3.097,0.0509,,,,0.48751,2.08019,7.724,2.687,0.722,2.588,,
102.155,0.4383,0.2469,0.4390,0.3251,0.60,23.28,0.495,,1,1,3.097,0.0509,,,,0.49337,2.12235,7.724,2.687,0.722,2.588,,
102.205,0.4382,0.2669,0.4377,0.3316,0.58,23.24,0.492,,1,1,3.097,0.0509,,,,0.49431,2.12413,7.724,2.687,0.722,2.588,,
102.243,0.4382,0.2744,0.4381,0.3055,0.57,23.27,0.486,,1,1,3.097,0.0509,,,,0.49739,2.12777,7.724,2.687,0.722,2.588,,
102.309,0.4416,0.2912,0.4497,0.3287,0.53,23.30,0.455,,1,1,3.097,0.0509,,,,0.51619,2.15959,7.724,2.687,0.722,2.588,,
102.350,0.4423,0.3308,0.4450,0.4760,0.55,23.31,0.408,,1,1,3.097,0.0509,,,,0.51868,2.24373,7.724,2.687,0.722,2.588,,
102.392,0.4424,0.4185,0.4428,0.6939,0.59,23.33,0.351,,1,1,3.097,0.0509,,,,0.52366,2.32112,7.724,2.687,0.722,2.588,,
102.439,0.4473,0.4816,0.4637,0.6627,0.62,23.32,0.371,,1,1,3.097,0.0509,,,,0.51644,2.33219,7.724,2.687,0.722,2.588,,
102.496,0.4531,0.5404,0.4699,0.6844,0.66,23.33,0.379,,1,1,3.097,0.0509,,,,0.51711,2.33420,7.724,2.687,0.722,2.588,,
102.539,0.4591,0.5803,0.4798,0.6997,0.70,23.35,0.386,,1,1,3.097,0.0509,,,,0.52966,2.33822,7.724,2.687,0.722,2.588,,
102.590,0.4633,0.6122,0.4778,0.7067,0.73,23.34,0.385,,1,1,3.097,0.0509,,,,0.53459,2.33191,7.724,2.687,0.722,2.588,,
102.635,0.4683,0.6288,0.4853,0.6791,0.74,23.33,0.387,,1,1,3.097,0.0509,,,,0.54438,2.30353,7.724,2.687,0.722,2.588,,
102.678,0.4758,0.6511,0.5016,0.7205,0.74,23.25,0.389,,1,1,3.097,0.0509,,,,0.54317,2.29299,7.724,2.687,0.722,2.588,,
102.713,0.4782,0.6681,0.4926,0.7571,0.71,23.13,0.389,,1,1,3.097,0.0509,,,,0.55207,2.26922,7.724,2.687,0.722,2.588,,
102.755,0.4864,0.7105,0.5102,0.8210,0.66,23.00,0.394,,1,1,3.097,0.0509,,,,0.58020,2.26175,7.724,2.687,0.722,2.588,,
102.815,0.4938,0.7374,0.5139,0.8030,0.64,22.90,0.396,,1,1,3.097,0.0509,,,,0.60526,2.26610,7.724,2.687,0.722,2.588,,
102.873,0.4893,0.7501,0.4769,0.7821,0.61,22.76,0.389,,1,1,3.097,0.0509,,,,0.59113,2.26789,7.724,2.687,0.722,2.588,,
102.924,0.4628,0.7709,0.3789,0.8315,0.57,22.61,0.375,,1,1,3.097,0.0509,,,,0.55305,2.27601,7.724,2.687,0.722,2.588,,
102.971,0.4209,0.7953,0.2909,0.8682,0.56,22.49,0.371,,1,1,3.097,0.0509,,,,0.52360,2.29283,7.724,2.687,0.722,2.588,,
103.022,0.3852,0.8031,0.2651,0.8292,0.56,22.41,0.372,,1,1,3.097,0.0509,,,,0.51921,2.29884,7.724,2.687,0.722,2.588,,
103.077,0.3205,0.8106,0.1764,0.8279,0.48,22.18,0.383,,1,1,3.097,0.0509,,,,0.47942,2.25824,7.724,2.687,0.722,2.588,,
103.137,0.2687,0.8160,0.1412,0.8299,0.41,22.01,0.383,,1,1,3.097,0.0509,,,,0.46734,2.25057,7.724,2.687,0.722,2.588,,
103.181,0.2374,0.8153,0.1070,0.8121,0.40,21.88,0.393,,1,1,3.097,0.0509,,,,0.47804,2.25219,7.724,2.687,0.722,2.588,,
103.227,0.1964,0.8193,0.0977,0.8298,0.37,21.74,0.392,,1,1,3.097,0.0509,,,,0.48244,2.24347,7.724,2.687,0.722,2.588,,
103.311,0.1488,0.8238,0.0635,0.8327,0.46,21.75,0.399,,1,1,3.097,0.0509,,,,0.54100,2.25311,7.724,2.687,0.722,2.588,,
103.368,0.1159,0.8188,0.0396,0.8062,0.53,21.76,0.400,,1,1,3.097,0.0509,,,,0.55598,2.23448,7.724,2.687,0.722,2.588,,
103.422,0.1032,0.8349,0.0689,0.8809,0.57,21.76,0.401,,1,1,3.097,0.0509,,,,0.56905,2.22479,7.724,2.687,0.722,2.588,,
103.481,0.1002,0.8492,0.0916,0.8909,0.59,21.72,0.402,,1,1,3.097,0.0509,,,,0.57828,2.21177,7.724,2.687,0.722,2.588,,
103.527,0.1038,0.7941,0.1146,0.6284,0.66,21.70,0.401,,1,1,3.097,0.0509,,,,0.67054,2.18363,7.724,2.687,0.722,2.588,,
103.573,0.1034,0.7376,0.1022,0.5572,0.70,21.70,0.405,,1,1,3.097,0.0509,,,,0.70599,2.16475,7.724,2.687,0.722,2.588,,
103.627,0.0999,0.5568,0.0895,0.1010,0.75,21.76,0.435,,1,1,3.097,0.0509,,,,0.75219,2.07832,7.724,2.687,0.722,2.588,,
103.668,0.0954,0.4096,0.0784,-0.0305,0.76,21.80,0.465,,1,1,3.097,0.0509,,,,0.79097,1.99982,7.724,2.687,0.722,2.588,,
103.702,0.0891,0.3004,0.0620,-0.1423,0.77,21.81,0.475,,1,1,3.097,0.0509,,,,0.79793,1.96148,7.724,2.687,0.722,2.588,,
103.759,0.0740,0.1886,0.0320,-0.2174,0.78,21.86,0.482,,1,1,3.097,0.0509,,,,0.80662,1.93562,7.724,2.687,0.722,2.588,,
103.806,0.0702,0.1212,0.0575,-0.0584,0.81,21.92,0.482,,1,1,3.097,0.0509,,,,0.80967,1.93837,7.724,2.687,0.722,2.588,,
103.852,0.0646,0.0728,0.0470,-0.1190,0.83,21.96,0.474,,1,1,3.097,0.0509,,,,0.80612,1.92585,7.724,2.687,0.722,2.588,,
103.906,0.0603,0.0362,0.0479,-0.1806,0.84,21.98,0.476,,1,1,3.097,0.0509,,,,0.80093,1.91058,7.724,2.687,0.722,2.588,,
103.948,0.0546,0.0160,0.0321,-0.1765,0.86,22.04,0.476,,1,1,3.097,0.0509,,,,0.80279,1.91217,7.724,2.687,0.722,2.588,,
104.005,0.0441,0.0000,0.0171,-0.2132,0.90,22.15,0.479,,1,1,3.097,0.0509,,,,0.79826,1.90792,7.724,2.687,0.722,2.588,,
104.054,0.0379,0.0000,0.0125,-0.2557,0.94,22.22,0.481,,1,1,3.097,0.0509,,,,0.79694,1.90250,7.724,2.687,0.722,2.588,,
104.091,0.0312,0.0000,0.0094,-0.2759,0.97,22.28,0.482,,1,1,3.097,0.0509,,,,0.79513,1.89957,7.724,2.687,0.722,2.588,,
104.156,0.0562,0.0000,0.1214,-0.2353,1.05,22.43,0.482,,1,1,3.097,0.0509,,,,0.84834,1.90222,7.724,2.687,0.722,2.588,,
104.191,0.1749,0.0000,0.6150,-0.0600,1.11,22.54,0.485,,1,1,3.097,0.0509,,,,1.04903,1.90076,7.724,2.687,0.722,2.588,,
104.232,0.3808,0.0000,0.9657,-0.1009,1.17,22.63,0.494,,1,1,3.097,0.0509,,,,1.27026,1.96546,7.724,2.687,0.722,2.588,,
104.287,0.5929,0.0000,1.0432,-0.1211,1.23,22.74,0.499,,1,1,3.097,0.0509,,,,1.35288,2.00681,7.724,2.687,0.722,2.588,,
104.338,0.7259,0.0000,1.0197,-0.0989,1.27,22.86,0.501,,1,1,3.097,0.0509,,,,1.33115,1.98928,7.724,2.687,0.722,2.588,,
104.409,0.8065,0.0000,0.9486,-0.0354,1.31,22.97,0.504,,1,1,3.097,0.0509,,,,1.28596,1.96490,7.724,2.687,0.722,2.588,,
104.452,0.8477,0.0000,0.9604,-0.0004,1.34,23.07,0.511,,1,1,3.097,0.0509,,,,1.27546,1.96277,7.724,2.687,0.722,2.588,,
104.528,0.8897,0.0000,0.9615,0.0378,1.33,23.07,0.511,,1,1,3.097,0.0509,,,,1.28577,1.97853,7.724,2.687,0.722,2.588,,
104.585,0.9106,0.0000,0.9627,-0.0093,1.31,23.11,0.513,,1,1,3.097,0.0509,,,,1.28735,1.97857,7.724,2.687,0.722,2.588,,
104.623,0.9251,0.0000,0.9741,0.0319,1.29,23.14,0.509,,1,1,3.097,0.0509,,,,1.29733,1.99178,7.724,2.687,0.722,2.588,,
104.663,0.9326,0.0077,0.9760,0.0630,1.28,23.15,0.507,,1,1,3.097,0.0509,,,,1.30086,1.99829,7.724,2.687,0.722,2.588,,
104.713,0.9473,0.0489,0.9801,0.1472,1.29,23.24,0.508,,1,1,3.097,0.0509,,,,1.29686,2.01002,7.724,2.687,0.722,2.588,,
104.756,0.9568,0.0608,0.9872,0.1004,1.31,23.32,0.510,,1,1,3.097,0.0509,,,,1.30284,2.01075,7.724,2.687,0.722,2.588,,
104.802,0.9638,0.0639,0.9871,0.0748,1.31,23.38,0.514,,1,1,3.097,0.0509,,,,1.30906,2.01356,7.724,2.687,0.722,2.588,,
104.852,0.9723,0.0606,0.9963,0.0508,1.30,23.42,0.514,,1,1,3.097,0.0509,,,,1.30804,2.01825,7.724,2.687,0.722,2.588,,
104.923,0.9717,0.0705,0.9703,0.0933,1.29,23.48,0.510,,1,1,3.097,0.0509,,,,1.31170,2.02427,7.724,2.687,0.722,2.588,,
104.980,0.9750,0.0668,0.9835,0.0572,1.27,23.54,0.510,,1,1,3.097,0.0509,,,,1.31688,2.03442,7.724,2.687,0.722,2.588,,
105.022,0.9809,0.0608,1.0027,0.0379,1.27,23.58,0.505,,1,1,3.097,0.0509,,,,1.32394,2.05770,7.724,2.687,0.722,2.588,,
105.062,0.9682,0.1730,0.9193,0.5621,1.32,23.56,0.391,,1,1,3.097,0.0509,,,,1.29135,2.19380,7.724,2.687,0.722,2.588,,
105.104,0.9556,0.2744,0.9071,0.5981,1.38,23.56,0.392,,1,1,3.097,0.0509,,,,1.25898,2.22090,7.724,2.687,0.722,2.588,,
105.153,0.9419,0.4114,0.9005,0.7424,1.43,23.56,0.398,,1,1,3.097,0.0509,,,,1.24057,2.25569,7.724,2.687,0.722,2.588,,
105.205,0.9289,0.5177,0.8901,0.7703,1.50,23.60,0.407,,1,1,3.097,0.0509,,,,1.23407,2.27730,7.724,2.687,0.722,2.588,,
105.251,0.9222,0.5741,0.8994,0.7270,1.56,23.67,0.413,,1,1,3.097,0.0509,,,,1.21693,2.25958,7.724,2.687,0.722,2.588,,
105.299,0.9175,0.6174,0.9020,0.7341,1.59,23.68,0.415,,1,1,3.097,0.0509,,,,1.20383,2.24722,7.724,2.687,0.722,2.588,,
105.344,0.9176,0.6385,0.9183,0.7016,1.61,23.67,0.418,,1,1,3.097,0.0509,,,,1.20306,2.24483,7.724,2.687,0.722,2.588,,
105.385,0.9256,0.6530,0.9584,0.7038,1.63,23.64,0.419,,1,1,3.097,0.0509,,,,1.20371,2.25213,7.724,2.687,0.722,2.588,,
105.430,0.9364,0.6623,0.9714,0.6884,1.65,23.61,0.420,,1,1,3.097,0.0509,,,,1.20678,2.25768,7.724,2.687,0.722,2.588,,
105.478,0.9343,0.6678,0.9270,0.6848,1.66,23.58,0.421,,1,1,3.097,0.0509,,,,1.17118,2.23704,7.724,2.687,0.722,2.588,,
105.540,0.9294,0.6698,0.9170,0.6746,1.68,23.56,0.422,,1,1,3.097,0.0509,,,,1.17315,2.24049,7.724,2.687,0.722,2.588,,
105.636,0.9053,0.6904,0.8651,0.7230,1.70,23.63,0.415,,1,1,3.097,0.0509,,,,1.15530,2.25147,7.724,2.687,0.722,2.588,,
105.675,0.8934,0.7061,0.8472,0.7645,1.77,23.72,0.406,,1,1,3.097,0.0509,,,,1.15466,2.26733,7.724,2.687,0.722,2.588,,
105.718,0.8806,0.7324,0.8356,0.8199,1.81,23.74,0.403,,1,1,3.097,0.0509,,,,1.14884,2.27135,7.724,2.687,0.722,2.588,,
105.754,0.8710,0.7544,0.8317,0.8398,1.81,23.72,0.404,,1,1,3.097,0.0509,,,,1.14628,2.26892,7.724,2.687,0.722,2.588,,
105.812,0.8447,0.7868,0.7760,0.8680,1.81,23.66,0.402,,1,1,3.097,0.0509,,,,1.09738,2.26182,7.724,2.687,0.722,2.588,,
105.854,0.8153,0.8141,0.7135,0.9057,1.80,23.62,0.398,,1,1,3.097,0.0509,,,,1.04860,2.24062,7.724,2.687,0.722,2.588,,
105.905,0.7853,0.8332,0.6915,0.8922,1.78,23.59,0.399,,1,1,3.097,0.0509,,,,1.02913,2.24991,7.724,2.687,0.722,2.588,,
105.946,0.7644,0.8521,0.6867,0.9220,1.79,23.57,0.398,,1,1,3.097,0.0509,,,,1.02619,2.26394,7.724,2.687,0.722,2.588,,
105.987,0.7452,0.8675,0.6849,0.9156,1.80,23.56,0.398,,1,1,3.097,0.0509,,,,1.02611,2.26516,7.724,2.687,0.722,2.588,,
106.045,0.7251,0.8685,0.6743,0.8709,1.81,23.58,0.389,,1,1,3.097,0.0509,,,,1.02939,2.26707,7.724,2.687,0.722,2.588,,
106.096,0.7054,0.8652,0.6489,0.8554,1.84,23.61,0.387,,1,1,3.097,0.0509,,,,1.01222,2.26817,7.724,2.687,0.722,2.588,,
106.134,0.6924,0.8676,0.6401,0.8778,1.84,23.60,0.387,,1,1,3.097,0.0509,,,,1.00704,2.26490,7.724,2.687,0.722,2.588,,
106.175,0.6777,0.8612,0.6265,0.8380,1.84,23.58,0.387,,1,1,3.097,0.0509,,,,0.99821,2.26451,7.724,2.687,0.722,2.588,,
106.223,0.6589,0.8561,0.5943,0.8371,1.84,23.55,0.390,,1,1,3.097,0.0509,,,,0.98043,2.25743,7.724,2.687,0.722,2.588,,
106.270,0.6441,0.8542,0.6007,0.8483,1.83,23.50,0.387,,1,1,3.097,0.0509,,,,0.97465,2.24755,7.724,2.687,0.722,2.588,,
106.307,0.6353,0.8538,0.6009,0.8519,1.82,23.48,0.387,,1,1,3.097,0.0509,,,,0.97546,2.24679,7.724,2.687,0.722,2.588,,
106.355,0.6190,0.8277,0.5658,0.7388,1.81,23.46,0.395,,1,1,3.097,0.0509,,,,0.94728,2.21732,7.724,2.687,0.722,2.588,,
106.394,0.5948,0.7961,0.5125,0.6853,1.73,23.34,0.397,,1,1,3.097,0.0509,,,,0.89991,2.19523,7.724,2.687,0.722,2.588,,
106.435,0.5801,0.7865,0.5268,0.7504,1.66,23.22,0.399,,1,1,3.097,0.0509,,,,0.89733,2.19167,7.724,2.687,0.722,2.588,,
106.506,0.5565,0.7713,0.5063,0.7382,1.57,23.09,0.404,,1,1,3.097,0.0509,,,,0.87732,2.18829,7.724,2.687,0.722,2.588,,
106.545,0.5451,0.7579,0.4984,0.7017,1.50,23.00,0.406,,1,1,3.097,0.0509,,,,0.87263,2.18845,7.724,2.687,0.722,2.588,,
106.591,0.5358,0.7463,0.5045,0.7069,1.46,22.94,0.405,,1,1,3.097,0.0509,,,,0.86556,2.18236,7.724,2.687,0.722,2.588,,
106.637,0.5287,0.7319,0.5072,0.6877,1.43,22.89,0.412,,1,1,3.097,0.0509,,,,0.86411,2.17160,7.724,2.687,0.722,2.588,,
106.678,0.5238,0.6730,0.5051,0.4641,1.43,22.91,0.419,,1,1,3.097,0.0509,,,,0.86609,2.14217,7.724,2.687,0.722,2.588,,
106.720,0.5171,0.5574,0.4941,0.2077,1.43,22.95,0.437,,1,1,3.097,0.0509,,,,0.84708,2.08400,7.724,2.687,0.722,2.588,,
106.765,0.4891,0.4038,0.3994,-0.0014,1.43,22.97,0.466,,1,1,3.097,0.0509,,,,0.76329,1.99915,7.724,2.687,0.722,2.588,,
106.816,0.4615,0.2703,0.3799,-0.0596,1.40,23.03,0.486,,1,1,3.097,0.0509,,,,0.73352,1.95737,7.724,2.687,0.722,2.588,,
106.872,0.4415,0.1687,0.3884,-0.1046,1.38,23.05,0.483,,1,1,3.097,0.0509,,,,0.71720,1.93555,7.724,2.687,0.722,2.588,,
106.928,0.4262,0.1005,0.3857,-0.0906,1.37,23.06,0.483,,1,1,3.097,0.0509,,,,0.71160,1.92989,7.724,2.687,0.722,2.588,,
106.982,0.4153,0.0729,0.3851,0.0072,1.35,23.08,0.482,,1,1,3.097,0.0509,,,,0.70724,1.94172,7.724,2.687,0.722,2.588,,
107.032,0.4117,0.0393,0.4004,-0.0628,1.32,23.14,0.485,,1,1,3.097,0.0509,,,,0.69967,1.91486,7.724,2.687,0.722,2.588,,
107.082,0.4133,0.0143,0.4182,-0.0628,1.28,23.17,0.496,,1,1,3.097,0.0509,,,,0.70247,1.90411,7.724,2.687,0.722,2.588,,
107.119,0.4127,0.0007,0.4103,-0.0557,1.26,23.22,0.493,,1,1,3.097,0.0509,,,,0.69130,1.90472,7.724,2.687,0.722,2.588,,
107.169,0.4146,0.0000,0.4205,-0.0652,1.24,23.25,0.490,,1,1,3.097,0.0509,,,,0.69207,1.90753,7.724,2.687,0.722,2.588,,
107.210,0.4221,0.0000,0.4510,0.0284,1.23,23.28,0.485,,1,1,3.097,0.0509,,,,0.68706,1.89622,7.724,2.687,0.722,2.588,,
107.264,0.4216,0.0000,0.4198,0.0095,1.21,23.30,0.483,,1,1,3.097,0.0509,,,,0.66924,1.88430,7.724,2.687,0.722,2.588,,
107.319,0.3809,0.0000,0.2649,-0.0708,1.17,23.23,0.483,,1,1,3.097,0.0509,,,,0.57950,1.89167,7.724,2.687,0.722,2.588,,
107.365,0.3400,0.0000,0.2076,-0.0868,1.16,23.19,0.480,,1,1,3.097,0.0509,,,,0.54498,1.88974,7.724,2.687,0.722,2.588,,
107.417,0.2514,0.0231,-0.0077,0.1727,1.12,23.09,0.395,,1,1,3.097,0.0509,,,,0.46371,2.00391,7.724,2.687,0.722,2.588,,
107.456,0.1756,0.1030,-0.0662,0.3627,1.09,23.03,0.368,,1,1,3.097,0.0509,,,,0.43022,2.06341,7.724,2.687,0.722,2.588,,
107.510,0.1187,0.1451,-0.0217,0.2570,1.04,22.92,0.390,,1,1,3.097,0.0509,,,,0.40748,2.02803,7.724,2.687,0.722,2.588,,
107.559,0.0936,0.1584,0.0195,0.2003,0.96,22.77,0.397,,1,1,3.097,0.0509,,,,0.37601,1.98845,7.724,2.687,0.722,2.588,,
107.614,0.0746,0.1599,0.0265,0.1640,0.82,22.56,0.405,,1,1,3.097,0.0509,,,,0.36227,1.98822,7.724,2.687,0.722,2.588,,
107.657,0.0815,0.1617,0.1036,0.1677,0.68,22.33,0.419,,1,1,3.097,0.0509,,,,0.35658,1.97959,7.724,2.687,0.722,2.588,,
107.706,0.0807,0.1470,0.0780,0.0986,0.58,22.17,0.432,,1,1,3.097,0.0509,,,,0.34390,1.96790,7.724,2.687,0.722,2.588,,
107.749,0.0814,0.1438,0.0838,0.1319,0.52,22.06,0.432,,1,1,3.097,0.0509,,,,0.34006,1.96230,7.724,2.687,0.722,2.588,,
107.798,0.0811,0.1150,0.0803,0.0205,0.55,22.07,0.445,,1,1,3.097,0.0509,,,,0.33434,1.95325,7.724,2.687,0.722,2.588,,
107.836,0.0815,0.0911,0.0828,0.0024,0.58,22.06,0.450,,1,1,3.097,0.0509,,,,0.33384,1.94813,7.724,2.687,0.722,2.588,,
107.875,0.0866,0.0834,0.1073,0.0531,0.57,22.00,0.453,,1,1,3.097,0.0509,,,,0.33544,1.95217,7.724,2.687,0.722,2.588,,
107.917,0.0878,0.0805,0.0921,0.0698,0.60,21.97,0.457,,1,1,3.097,0.0509,,,,0.32160,1.94969,7.724,2.687,0.722,2.588,,
107.961,0.0875,0.0847,0.0865,0.0996,0.64,21.97,0.460,,1,1,3.097,0.0509,,,,0.31942,1.97081,7.724,2.687,0.722,2.588,,
108.013,0.0865,0.0817,0.0832,0.0724,0.67,22.00,0.460,,1,1,3.097,0.0509,,,,0.31871,1.96561,7.724,2.687,0.722,2.588,,
108.060,0.0810,0.1088,0.0629,0.1980,0.70,22.01,0.438,,1,1,3.097,0.0509,,,,0.29661,2.00676,7.724,2.687,0.722,2.588,,
108.112,0.0739,0.2550,0.0526,0.6498,0.73,22.01,0.365,,1,1,3.097,0.0509,,,,0.27913,2.12508,7.724,2.687,0.722,2.588,,
108.159,0.0789,0.4622,0.0955,1.0064,0.77,21.94,0.297,,1,1,3.097,0.0509,,,,0.30111,2.20147,7.724,2.687,0.722,2.588,,
108.205,0.0880,0.6277,0.1197,1.1305,0.80,21.87,0.274,,1,1,3.097,0.0509,,,,0.30476,2.24677,7.724,2.687,0.722,2.588,,
108.257,0.0964,0.7576,0.1222,1.1257,0.83,21.78,0.284,,1,1,3.097,0.0509,,,,0.31943,2.26408,7.724,2.687,0.722,2.588,,
108.317,0.1018,0.8560,0.1160,1.1142,0.85,21.66,0.314,,1,1,3.097,0.0509,,,,0.32277,2.28499,7.724,2.687,0.722,2.588,,
108.373,0.1111,0.9083,0.1366,1.0210,0.88,21.62,0.328,,1,1,3.097,0.0509,,,,0.31509,2.25832,7.724,2.687,0.722,2.588,,
108.427,0.1167,0.8929,0.1327,0.8551,0.87,21.52,0.341,,1,1,3.097,0.0509,,,,0.30043,2.23943,7.724,2.687,0.722,2.588,,
108.478,0.1227,0.8721,0.1412,0.8151,0.86,21.43,0.363,,1,1,3.097,0.0509,,,,0.29316,2.23566,7.724,2.687,0.722,2.588,,
108.537,0.1263,0.8493,0.1365,0.7881,0.85,21.35,0.375,,1,1,3.097,0.0509,,,,0.27304,2.23196,7.724,2.687,0.722,2.588,,
108.590,0.1298,0.8400,0.1395,0.8147,0.86,21.31,0.377,,1,1,3.097,0.0509,,,,0.28149,2.23100,7.724,2.687,0.722,2.588,,
108.644,0.1299,0.8429,0.1301,0.8511,0.89,21.32,0.382,,1,1,3.097,0.0509,,,,0.28200,2.23647,7.724,2.687,0.722,2.588,,
108.704,0.1359,0.8546,0.1520,0.8850,0.92,21.31,0.389,,1,1,3.097,0.0509,,,,0.28434,2.23301,7.724,2.687,0.722,2.588,,
108.758,0.1407,0.8596,0.1553,0.8745,0.95,21.31,0.392,,1,1,3.097,0.0509,,,,0.29743,2.22713,7.724,2.687,0.722,2.588,,
108.811,0.1434,0.8600,0.1510,0.8611,0.96,21.30,0.397,,1,1,3.097,0.0509,,,,0.29632,2.21928,7.724,2.687,0.722,2.588,,
108.857,0.1668,0.8564,0.2469,0.8438,0.98,21.35,0.399,,1,1,3.097,0.0509,,,,0.36535,2.22172,7.724,2.687,0.722,2.588,,
108.893,0.1891,0.8530,0.2737,0.8395,0.97,21.38,0.402,,1,1,3.097,0.0509,,,,0.38367,2.22006,7.724,2.687,0.722,2.588,,
108.934,0.2205,0.8443,0.3347,0.8103,0.96,21.44,0.398,,1,1,3.097,0.0509,,,,0.42261,2.19892,7.724,2.687,0.722,2.588,,
108.977,0.2723,0.8475,0.4502,0.8596,0.93,21.52,0.401,,1,1,3.097,0.0509,,,,0.48923,2.18555,7.724,2.687,0.722,2.588,,
109.022,0.3437,0.8539,0.5599,0.8762,0.95,21.63,0.404,,1,1,3.097,0.0509,,,,0.56313,2.20660,7.724,2.687,0.722,2.588,,
109.067,0.3951,0.8512,0.5492,0.8417,0.96,21.72,0.406,,1,1,3.097,0.0509,,,,0.57336,2.22032,7.724,2.687,0.722,2.588,,
109.106,0.4291,0.8481,0.5412,0.8362,0.98,21.77,0.412,,1,1,3.097,0.0509,,,,0.56547,2.22293,7.724,2.687,0.722,2.588,,
109.158,0.4598,0.8374,0.5472,0.8023,0.98,21.81,0.417,,1,1,3.097,0.0509,,,,0.56127,2.21008,7.724,2.687,0.722,2.588,,
109.205,0.4882,0.8252,0.5676,0.7867,0.96,21.81,0.426,,1,1,3.097,0.0509,,,,0.55461,2.18697,7.724,2.687,0.722,2.588,,
109.246,0.5069,0.7924,0.5710,0.6708,0.96,21.82,0.428,,1,1,3.097,0.0509,,,,0.55485,2.20527,7.724,2.687,0.722,2.588,,
109.286,0.5198,0.7715,0.5677,0.6898,0.99,21.87,0.428,,1,1,3.097,0.0509,,,,0.55372,2.20523,7.724,2.687,0.722,2.588,,
109.327,0.5263,0.7535,0.5479,0.6919,1.02,21.95,0.426,,1,1,3.097,0.0509,,,,0.55793,2.21114,7.724,2.687,0.722,2.588,,
109.369,0.5312,0.7488,0.5477,0.7326,1.05,22.03,0.420,,1,1,3.097,0.0509,,,,0.55022,2.20890,7.724,2.687,0.722,2.588,,
109.410,0.5359,0.7459,0.5552,0.7334,1.06,22.06,0.424,,1,1,3.097,0.0509,,,,0.55919,2.19982,7.724,2.687,0.722,2.588,,
109.451,0.5409,0.7384,0.5569,0.7141,1.07,22.09,0.421,,1,1,3.097,0.0509,,,,0.55798,2.20528,7.724,2.687,0.722,2.588,,
109.490,0.5455,0.7307,0.5631,0.7013,1.10,22.14,0.420,,1,1,3.097,0.0509,,,,0.56125,2.20490,7.724,2.687,0.722,2.588,,
109.537,0.5523,0.6157,0.5755,0.2586,1.11,22.23,0.463,,1,1,3.097,0.0509,,,,0.55113,2.10573,7.724,2.687,0.722,2.588,,
109.597,0.5512,0.4739,0.5481,0.1617,1.11,22.34,0.472,,1,1,3.097,0.0509,,,,0.53957,2.07413,7.724,2.687,0.722,2.588,,
109.642,0.5550,0.3522,0.5676,0.0328,1.12,22.51,0.477,,1,1,3.097,0.0509,,,,0.54305,2.05360,7.724,2.687,0.722,2.588,,
109.688,0.5549,0.2748,0.5546,0.0679,1.13,22.63,0.477,,1,1,3.097,0.0509,,,,0.53684,2.05112,7.724,2.687,0.722,2.588,,
109.725,0.5556,0.2173,0.5586,0.0256,1.13,22.73,0.478,,1,1,3.097,0.0509,,,,0.53553,2.03634,7.724,2.687,0.722,2.588,,
109.766,0.5553,0.1785,0.5539,0.0594,1.13,22.83,0.479,,1,1,3.097,0.0509,,,,0.53548,2.03105,7.724,2.687,0.722,2.588,,
109.812,0.5540,0.1459,0.5494,0.0457,1.12,22.91,0.480,,1,1,3.097,0.0509,,,,0.52900,2.01635,7.724,2.687,0.722,2.588,,
109.856,0.5489,0.1255,0.5312,0.0665,1.14,23.01,0.487,,1,1,3.097,0.0509,,,,0.52820,2.02002,7.724,2.687,0.722,2.588,,
109.890,0.5448,0.1105,0.5269,0.0564,1.17,23.13,0.489,,1,1,3.097,0.0509,,,,0.52972,2.02644,7.724,2.687,0.722,2.588,,
109.935,0.5438,0.1175,0.5404,0.1400,1.17,23.18,0.481,,1,1,3.097,0.0509,,,,0.53668,2.01818,7.724,2.687,0.722,2.588,,
109.976,0.5450,0.1263,0.5495,0.1560,1.14,23.21,0.477,,1,1,3.097,0.0509,,,,0.53516,1.99526,7.724,2.687,0.722,2.588,,
110.020,0.5456,0.1174,0.5478,0.0868,1.13,23.24,0.484,,1,1,3.097,0.0509,,,,0.53613,1.98776,7.724,2.687,0.722,2.588,,
110.056,0.5472,0.1200,0.5547,0.1316,1.11,23.26,0.482,,1,1,3.097,0.0509,,,,0.53491,1.98688,7.724,2.687,0.722,2.588,,
110.097,0.5532,0.1266,0.5746,0.1493,1.11,23.29,0.482,,1,1,3.097,0.0509,,,,0.54185,1.98514,7.724,2.687,0.722,2.588,,
110.146,0.6141,0.1227,0.7946,0.1108,1.13,23.40,0.484,,1,1,3.097,0.0509,,,,0.68121,2.03719,7.724,2.687,0.722,2.588,,
110.223,0.7291,0.1345,0.9564,0.1602,1.15,23.54,0.487,,1,1,3.097,0.0509,,,,0.75067,2.04398,7.724,2.687,0.722,2.588,,
110.278,0.8254,0.1087,1.0567,0.0412,1.13,23.68,0.493,,1,1,3.097,0.0509,,,,0.82802,2.10744,7.724,2.687,0.722,2.588,,
110.339,0.8949,0.0956,1.0471,0.0633,1.07,23.72,0.494,,1,1,3.097,0.0509,,,,0.81299,2.09755,7.724,2.687,0.722,2.588,,
110.387,0.9294,0.0983,1.0339,0.1076,1.05,23.74,0.499,,1,1,3.097,0.0509,,,,0.80407,2.08504,7.724,2.687,0.722,2.588,,
110.434,0.9600,0.0960,1.0675,0.0884,1.00,23.69,0.507,,1,1,3.097,0.0509,,,,0.79782,2.10142,7.724,2.687,0.722,2.588,,
110.475,0.9808,0.0844,1.0786,0.0415,0.97,23.67,0.509,,1,1,3.097,0.0509,,,,0.80129,2.11533,7.724,2.687,0.722,2.588,,
110.517,0.9965,0.0840,1.0928,0.0825,0.94,23.61,0.508,,1,1,3.097,0.0509,,,,0.79069,2.12355,7.724,2.687,0.722,2.588,,
110.556,1.0000,0.0853,1.1099,0.0934,0.88,23.55,0.508,,1,1,3.097,0.0509,,,,0.75409,2.11941,7.724,2.687,0.722,2.588,,
110.597,1.0000,0.0933,1.1009,0.1149,0.84,23.52,0.511,,1,1,3.097,0.0509,,,,0.74043,2.11921,7.724,2.687,0.722,2.588,,
110.646,1.0000,0.1077,1.1290,0.1567,0.81,23.48,0.511,,1,1,3.097,0.0509,,,,0.71656,2.11578,7.724,2.687,0.722,2.588,,
110.693,1.0000,0.1061,1.1028,0.1007,0.79,23.45,0.510,,1,1,3.097,0.0509,,,,0.70371,2.13670,7.724,2.687,0.722,2.588,,
110.729,1.0000,0.1050,1.0905,0.1003,0.77,23.44,0.510,,1,1,3.097,0.0509,,,,0.67702,2.12256,7.724,2.687,0.722,2.588,,
110.772,1.0000,0.1083,1.0412,0.1218,0.77,23.44,0.508,,1,1,3.097,0.0509,,,,0.65050,2.10803,7.724,2.687,0.722,2.588,,
110.809,1.0000,0.1095,1.0308,0.1140,0.77,23.47,0.510,,1,1,3.097,0.0509,,,,0.63706,2.10291,7.724,2.687,0.722,2.588,,
110.857,0.9956,0.3070,0.8677,0.8507,0.85,23.46,0.346,,1,1,3.097,0.0509,,,,0.57813,2.28726,7.724,2.687,0.722,2.588,,
110.907,0.9614,0.4753,0.8558,0.8978,0.94,23.50,0.337,,1,1,3.097,0.0509,,,,0.53434,2.31676,7.724,2.687,0.722,2.588,,
110.964,0.9247,0.5836,0.8205,0.8356,1.04,23.58,0.353,,1,1,3.097,0.0509,,,,0.51175,2.30224,7.724,2.687,0.722,2.588,,
111.004,0.9003,0.6504,0.8152,0.8436,1.11,23.61,0.369,,1,1,3.097,0.0509,,,,0.49147,2.28337,7.724,2.687,0.722,2.588,,
111.042,0.8812,0.6843,0.8115,0.7900,1.15,23.65,0.382,,1,1,3.097,0.0509,,,,0.47826,2.27831,7.724,2.687,0.722,2.588,,
111.086,0.8661,0.7219,0.8156,0.8306,1.18,23.64,0.385,,1,1,3.097,0.0509,,,,0.47095,2.27812,7.724,2.687,0.722,2.588,,
111.138,0.8560,0.7485,0.8253,0.8194,1.19,23.60,0.387,,1,1,3.097,0.0509,,,,0.47235,2.26090,7.724,2.687,0.722,2.588,,
111.196,0.8473,0.7624,0.8247,0.7955,1.21,23.59,0.390,,1,1,3.097,0.0509,,,,0.47528,2.26143,7.724,2.687,0.722,2.588,,
111.242,0.8380,0.7702,0.8084,0.7931,1.23,23.56,0.392,,1,1,3.097,0.0509,,,,0.47607,2.24444,7.724,2.687,0.722,2.588,,
111.280,0.8326,0.7684,0.8116,0.7617,1.24,23.61,0.395,,1,1,3.097,0.0509,,,,0.49011,2.26287,7.724,2.687,0.722,2.588,,
111.326,0.8300,0.7684,0.8211,0.7683,1.26,23.69,0.396,,1,1,3.097,0.0509,,,,0.49990,2.28188,7.724,2.687,0.722,2.588,,
111.364,0.8262,0.7580,0.8119,0.7190,1.28,23.76,0.397,,1,1,3.097,0.0509,,,,0.49869,2.28356,7.724,2.687,0.722,2.588,,
111.407,0.8209,0.7503,0.8012,0.7215,1.30,23.82,0.394,,1,1,3.097,0.0509,,,,0.49909,2.28534,7.724,2.687,0.722,2.588,,
111.445,0.8141,0.7584,0.7866,0.7908,1.31,23.88,0.395,,1,1,3.097,0.0509,,,,0.49642,2.28116,7.724,2.687,0.722,2.588,,
111.491,0.8044,0.7620,0.7718,0.7744,1.33,24.02,0.397,,1,1,3.097,0.0509,,,,0.49643,2.27864,7.724,2.687,0.722,2.588,,
111.535,0.7983,0.7719,0.7775,0.8061,1.36,24.11,0.401,,1,1,3.097,0.0509,,,,0.49868,2.27769,7.724,2.687,0.722,2.588,,
111.573,0.7984,0.7908,0.7988,0.8626,1.38,24.17,0.397,,1,1,3.097,0.0509,,,,0.51105,2.29107,7.724,2.687,0.722,2.588,,
111.614,0.7771,0.7484,0.6536,0.4957,1.40,24.26,0.416,,1,1,3.097,0.0509,,,,0.43040,2.22835,7.724,2.687,0.722,2.588,,
111.652,0.7399,0.6453,0.5933,0.2577,1.42,24.37,0.443,,1,1,3.097,0.0509,,,,0.39356,2.15807,7.724,2.687,0.722,2.588,,
111.694,0.6847,0.4663,0.5515,0.0781,1.41,24.43,0.466,,1,1,3.097,0.0509,,,,0.36901,2.11673,7.724,2.687,0.722,2.588,,
111.736,0.6523,0.3617,0.5435,0.0551,1.36,24.40,0.470,,1,1,3.097,0.0509,,,,0.35437,2.07823,7.724,2.687,0.722,2.588,,
111.789,0.6169,0.2821,0.5219,0.0947,1.29,24.38,0.477,,1,1,3.097,0.0509,,,,0.34555,2.06844,7.724,2.687,0.722,2.588,,
111.826,0.5947,0.2309,0.5105,0.0607,1.23,24.36,0.480,,1,1,3.097,0.0509,,,,0.33523,2.05694,7.724,2.687,0.722,2.588,,
111.892,0.5679,0.1954,0.5073,0.1227,1.15,24.26,0.479,,1,1,3.097,0.0509,,,,0.32523,2.06450,7.724,2.687,0.722,2.588,,
111.938,0.5553,0.1758,0.5159,0.1196,1.07,24.19,0.482,,1,1,3.097,0.0509,,,,0.32268,2.05283,7.724,2.687,0.722,2.588,,
111.973,0.5471,0.1540,0.5148,0.0744,1.01,24.16,0.483,,1,1,3.097,0.0509,,,,0.30934,2.05782,7.724,2.687,0.722,2.588,,
112.018,0.5410,0.1370,0.5190,0.0801,0.97,24.14,0.486,,1,1,3.097,0.0509,,,,0.30306,2.04259,7.724,2.687,0.722,2.588,,
112.056,0.5329,0.1285,0.5043,0.1006,0.91,24.11,0.489,,1,1,3.097,0.0509,,,,0.28645,2.03393,7.724,2.687,0.722,2.588,,
112.100,0.5258,0.1193,0.5000,0.0873,0.85,24.06,0.489,,1,1,3.097,0.0509,,,,0.28024,2.02023,7.724,2.687,0.722,2.588,,
112.138,0.5235,0.1138,0.5144,0.0934,0.80,24.02,0.489,,1,1,3.097,0.0509,,,,0.28403,2.01735,7.724,2.687,0.722,2.588,,
112.178,0.5192,0.1024,0.5025,0.0602,0.74,23.96,0.488,,1,1,3.097,0.0509,,,,0.27648,2.01418,7.724,2.687,0.722,2.588,,
112.238,0.5152,0.0898,0.5053,0.0594,0.69,23.94,0.485,,1,1,3.097,0.0509,,,,0.27816,2.01249,7.724,2.687,0.722,2.588,,
112.279,0.5123,0.0841,0.5021,0.0647,0.65,23.89,0.484,,1,1,3.097,0.0509,,,,0.27880,2.01191,7.724,2.687,0.722,2.588,,
112.323,0.5106,0.0710,0.5040,0.0239,0.62,23.87,0.486,,1,1,3.097,0.0509,,,,0.28597,2.02752,7.724,2.687,0.722,2.588,,
112.361,0.4982,0.1404,0.4507,0.4091,0.64,23.92,0.395,,1,1,3.097,0.0509,,,,0.27136,2.14916,7.724,2.687,0.722,2.588,,
112.409,0.4870,0.3116,0.4492,0.8193,0.69,23.90,0.324,,1,1,3.097,0.0509,,,,0.29202,2.25383,7.724,2.687,0.722,2.588,,
112.451,0.4756,0.4830,0.4352,0.9674,0.75,23.86,0.331,,1,1,3.097,0.0509,,,,0.29163,2.27223,7.724,2.687,0.722,2.588,,
112.491,0.4648,0.6011,0.4248,0.9377,0.80,23.80,0.352,,1,1,3.097,0.0509,,,,0.29307,2.28213,7.724,2.687,0.722,2.588,,
112.531,0.4619,0.6940,0.4502,0.9744,0.83,23.74,0.364,,1,1,3.097,0.0509,,,,0.32066,2.29591,7.724,2.687,0.722,2.588,,
112.578,0.4595,0.7645,0.4514,0.9438,0.86,23.66,0.374,,1,1,3.097,0.0509,,,,0.31935,2.28570,7.724,2.687,0.722,2.588,,
112.620,0.4559,0.8020,0.4439,0.9006,0.90,23.60,0.379,,1,1,3.097,0.0509,,,,0.32103,2.27995,7.724,2.687,0.722,2.588,,
112.664,0.4525,0.8176,0.4402,0.8644,0.91,23.54,0.383,,1,1,3.097,0.0509,,,,0.32278,2.27775,7.724,2.687,0.722,2.588,,
112.702,0.4519,0.8342,0.4494,0.8879,0.91,23.46,0.387,,1,1,3.097,0.0509,,,,0.32703,2.27275,7.724,2.687,0.722,2.588,,
112.744,0.4523,0.8468,0.4538,0.8872,0.88,23.38,0.389,,1,1,3.097,0.0509,,,,0.33280,2.26931,7.724,2.687,0.722,2.588,,
112.801,0.4538,0.8584,0.4586,0.8888,0.84,23.26,0.391,,1,1,3.097,0.0509,,,,0.34071,2.26228,7.724,2.687,0.722,2.588,,
112.852,0.4540,0.8505,0.4544,0.8280,0.79,23.11,0.391,,1,1,3.097,0.0509,,,,0.34104,2.25603,7.724,2.687,0.722,2.588,,
112.892,0.4542,0.8529,0.4552,0.8608,0.75,22.99,0.392,,1,1,3.097,0.0509,,,,0.34459,2.24648,7.724,2.687,0.722,2.588,,
112.946,0.4153,0.8399,0.2949,0.8000,0.73,22.92,0.392,,1,1,3.097,0.0509,,,,0.27429,2.28987,7.724,2.687,0.722,2.588,,
112.988,0.3658,0.8216,0.2067,0.7593,0.66,22.77,0.395,,1,1,3.097,0.0509,,,,0.21228,2.25900,7.724,2.687,0.722,2.588,,
113.034,0.3275,0.8089,0.2101,0.7664,0.59,22.63,0.395,,1,1,3.097,0.0509,,,,0.20347,2.26110,7.724,2.687,0.722,2.588,,
113.076,0.2847,0.8076,0.1283,0.8023,0.55,22.53,0.392,,1,1,3.097,0.0509,,,,0.16173,2.26332,7.724,2.687,0.722,2.588,,
113.123,0.2472,0.8012,0.1377,0.7798,0.54,22.47,0.393,,1,1,3.097,0.0509,,,,0.14885,2.26167,7.724,2.687,0.722,2.588,,
113.161,0.2107,0.7966,0.0859,0.7788,0.50,22.38,0.394,,1,1,3.097,0.0509,,,,0.10748,2.25851,7.724,2.687,0.722,2.588,,
113.206,0.1823,0.7891,0.0897,0.7617,0.47,22.33,0.397,,1,1,3.097,0.0509,,,,0.08716,2.25463,7.724,2.687,0.722,2.588,,
113.250,0.1590,0.7745,0.0831,0.7215,0.49,22.30,0.402,,1,1,3.097,0.0509,,,,0.07444,2.24733,7.724,2.687,0.722,2.588,,
113.287,0.1443,0.7657,0.0889,0.7298,0.54,22.29,0.416,,1,1,3.097,0.0509,,,,0.04638,2.21335,7.724,2.687,0.722,2.588,,
113.340,0.1308,0.7283,0.0962,0.6282,0.61,22.36,0.433,,1,1,3.097,0.0509,,,,-0.06020,2.08564,7.724,2.687,0.722,2.588,,
113.376,0.1337,0.7238,0.1456,0.7048,0.67,22.39,0.427,,1,1,3.097,0.0509,,,,-0.05949,2.07286,7.724,2.687,0.722,2.588,,
113.423,0.1300,0.7236,0.1174,0.7231,0.72,22.43,0.428,,1,1,3.097,0.0509,,,,-0.06693,2.08255,7.724,2.687,0.722,2.588,,
113.467,0.1175,0.7227,0.0743,0.7192,0.75,22.43,0.428,,1,1,3.097,0.0509,,,,-0.08956,2.08655,7.724,2.687,0.722,2.588,,
113.508,0.1121,0.7308,0.0941,0.7590,0.78,22.38,0.423,,1,1,3.097,0.0509,,,,-0.08748,2.08183,7.724,2.687,0.722,2.588,,
113.551,0.1094,0.7421,0.0993,0.7864,0.79,22.34,0.426,,1,1,3.097,0.0509,,,,-0.09441,2.06457,7.724,2.687,0.722,2.588,,
113.599,0.1089,0.7573,0.1071,0.8099,0.80,22.27,0.430,,1,1,3.097,0.0509,,,,-0.09958,2.06083,7.724,2.687,0.722,2.588,,
113.645,0.1095,0.7570,0.1115,0.7560,0.82,22.22,0.433,,1,1,3.097,0.0509,,,,-0.10830,2.06127,7.724,2.687,0.722,2.588,,
113.690,0.1120,0.7512,0.1209,0.7308,0.83,22.20,0.430,,1,1,3.097,0.0509,,,,-0.11776,2.08572,7.724,2.687,0.722,2.588,,
113.738,0.1154,0.7438,0.1260,0.7204,0.84,22.17,0.430,,1,1,3.097,0.0509,,,,-0.12049,2.08590,7.724,2.687,0.722,2.588,,
113.777,0.1171,0.7375,0.1241,0.7117,0.86,22.17,0.431,,1,1,3.097,0.0509,,,,-0.12347,2.07899,7.724,2.687,0.722,2.588,,
113.819,0.1200,0.7343,0.1310,0.7224,0.88,22.16,0.431,,1,1,3.097,0.0509,,,,-0.12110,2.07713,7.724,2.687,0.722,2.588,,
113.860,0.1234,0.7263,0.1366,0.6957,0.89,22.14,0.437,,1,1,3.097,0.0509,,,,-0.12179,2.07446,7.724,2.687,0.722,2.588,,
113.916,0.1295,0.7302,0.1477,0.7419,0.92,22.10,0.438,,1,1,3.097,0.0509,,,,-0.11804,2.06622,7.724,2.687,0.722,2.588,,
113.959,0.1329,0.7341,0.1447,0.7476,0.93,22.04,0.435,,1,1,3.097,0.0509,,,,-0.11493,2.06341,7.724,2.687,0.722,2.588,,
114.009,0.1386,0.7383,0.1564,0.7515,0.95,21.99,0.435,,1,1,3.097,0.0509,,,,-0.10840,2.06676,7.724,2.687,0.722,2.588,,
114.071,0.1283,0.5911,0.1011,0.2398,0.93,22.02,0.486,,1,1,3.097,0.0509,,,,-0.10104,1.98249,7.724,2.687,0.722,2.588,,
114.114,0.1198,0.4874,0.0852,0.1357,0.89,22.15,0.502,,1,1,3.097,0.0509,,,,-0.09108,1.96671,7.724,2.687,0.722,2.588,,
114.162,0.1096,0.3397,0.0805,0.0013,0.87,22.27,0.499,,1,1,3.097,0.0509,,,,-0.07362,1.92328,7.724,2.687,0.722,2.588,,
114.208,0.1037,0.2622,0.0837,0.0508,0.89,22.41,0.499,,1,1,3.097,0.0509,,,,-0.07397,1.93174,7.724,2.687,0.722,2.588,,
114.260,0.1011,0.1899,0.0923,0.0023,0.91,22.58,0.498,,1,1,3.097,0.0509,,,,-0.05903,1.93777,7.724,2.687,0.722,2.588,,
114.310,0.1002,0.1292,0.0978,-0.0173,0.90,22.67,0.498,,1,1,3.097,0.0509,,,,-0.05513,1.93789,7.724,2.687,0.722,2.588,,
114.359,0.1007,0.0897,0.1021,-0.0199,0.89,22.78,0.499,,1,1,3.097,0.0509,,,,-0.04960,1.92493,7.724,2.687,0.722,2.588,,
114.405,0.0982,0.0540,0.0903,-0.0426,0.89,22.85,0.501,,1,1,3.097,0.0509,,,,-0.04489,1.92146,7.724,2.687,0.722,2.588,,
114.455,0.0982,0.0318,0.0982,-0.0259,0.86,22.89,0.503,,1,1,3.097,0.0509,,,,-0.04518,1.92009,7.724,2.687,0.722,2.588,,
114.508,0.0976,0.0100,0.0955,-0.0776,0.82,22.93,0.503,,1,1,3.097,0.0509,,,,-0.04019,1.91716,7.724,2.687,0.722,2.588,,
114.551,0.0967,0.0000,0.0935,-0.0651,0.79,22.95,0.502,,1,1,3.097,0.0509,,,,-0.04296,1.91679,7.724,2.687,0.722,2.588,,
114.593,0.0963,0.0000,0.0948,-0.0782,0.74,22.95,0.504,,1,1,3.097,0.0509,,,,-0.04145,1.91835,7.724,2.687,0.722,2.588,,
114.652,0.0960,0.0000,0.0951,-0.1070,0.69,22.96,0.503,,1,1,3.097,0.0509,,,,-0.04189,1.92084,7.724,2.687,0.722,2.588,,
114.701,0.0940,0.0000,0.0878,-0.1498,0.65,23.02,0.500,,1,1,3.097,0.0509,,,,-0.04189,1.92289,7.724,2.687,0.722,2.588,,
114.745,0.0931,0.0000,0.0900,-0.1855,0.63,23.08,0.499,,1,1,3.097,0.0509,,,,-0.03518,1.93236,7.724,2.687,0.722,2.588,,
114.784,0.0941,0.0000,0.0978,-0.2224,0.62,23.11,0.496,,1,1,3.097,0.0509,,,,-0.02930,1.93782,7.724,2.687,0.722,2.588,,
114.823,0.1129,0.0000,0.1891,-0.1876,0.62,23.14,0.493,,1,1,3.097,0.0509,,,,0.01415,1.96058,7.724,2.687,0.722,2.588,,
114.865,0.1402,0.0000,0.2374,-0.1517,0.62,23.17,0.488,,1,1,3.097,0.0509,,,,0.03891,1.96959,7.724,2.687,0.722,2.588,,
114.910,0.2118,0.0000,0.4798,-0.0239,0.63,23.23,0.489,,1,1,3.097,0.0509,,,,0.14897,1.95679,7.724,2.687,0.722,2.588,,
114.950,0.2916,0.0000,0.5375,0.0363,0.64,23.27,0.486,,1,1,3.097,0.0509,,,,0.19541,1.96589,7.724,2.687,0.722,2.588,,
114.997,0.3681,0.0000,0.5786,0.0539,0.65,23.37,0.485,,1,1,3.097,0.0509,,,,0.22603,1.95901,7.724,2.687,0.722,2.588,,
115.046,0.4172,0.0062,0.5514,0.0418,0.67,23.50,0.490,,1,1,3.097,0.0509,,,,0.26334,1.97460,7.724,2.687,0.722,2.588,,
115.103,0.4676,0.0229,0.5838,0.0671,0.67,23.62,0.488,,1,1,3.097,0.0509,,,,0.28989,1.97815,7.724,2.687,0.722,2.588,,
115.152,0.4939,0.0301,0.5699,0.0535,0.67,23.70,0.487,,1,1,3.097,0.0509,,,,0.28855,1.97734,7.724,2.687,0.722,2.588,,
115.200,0.5175,0.0446,0.5839,0.0900,0.67,23.76,0.485,,1,1,3.097,0.0509,,,,0.29332,1.96124,7.724,2.687,0.722,2.588,,
115.255,0.5259,0.0570,0.5474,0.0915,0.68,23.83,0.486,,1,1,3.097,0.0509,,,,0.29789,1.96976,7.724,2.687,0.722,2.588,,
115.308,0.5336,0.0696,0.5547,0.1059,0.68,23.87,0.488,,1,1,3.097,0.0509,,,,0.30765,1.97736,7.724,2.687,0.722,2.588,,
115.352,0.5375,0.0813,0.5502,0.1202,0.68,23.91,0.487,,1,1,3.097,0.0509,,,,0.30647,1.97740,7.724,2.687,0.722,2.588,,
115.395,0.5440,0.0908,0.5662,0.1236,0.67,23.95,0.483,,1,1,3.097,0.0509,,,,0.31351,1.98250,7.724,2.687,0.722,2.588,,
115.440,0.5485,0.0999,0.5650,0.1334,0.65,23.94,0.484,,1,1,3.097,0.0509,,,,0.31805,1.98553,7.724,2.687,0.722,2.588,,
115.487,0.5532,0.1085,0.5672,0.1343,0.63,23.96,0.482,,1,1,3.097,0.0509,,,,0.31950,1.98414,7.724,2.687,0.722,2.588,,
115.529,0.5557,0.1128,0.5654,0.1295,0.64,24.04,0.483,,1,1,3.097,0.0509,,,,0.32188,1.98400,7.724,2.687,0.722,2.588,,
115.567,0.5575,0.1058,0.5688,0.0612,0.65,24.13,0.484,,1,1,3.097,0.0509,,,,0.31856,1.99239,7.724,2.687,0.722,2.588,,
115.612,0.5597,0.0912,0.5652,0.0526,0.65,24.22,0.484,,1,1,3.097,0.0509,,,,0.31907,1.99209,7.724,2.687,0.722,2.588,,
115.666,0.5645,0.0905,0.5790,0.0884,0.62,24.22,0.486,,1,1,3.097,0.0509,,,,0.31487,1.99433,7.724,2.687,0.722,2.588,,
115.715,0.5668,0.1051,0.5738,0.1511,0.56,24.17,0.482,,1,1,3.097,0.0509,,,,0.29754,1.99201,7.724,2.687,0.722,2.588,,
115.761,0.5683,0.1194,0.5733,0.1674,0.53,24.15,0.478,,1,1,3.097,0.0509,,,,0.29484,1.99985,7.724,2.687,0.722,2.588,,
115.805,0.5702,0.1211,0.5766,0.1268,0.50,24.14,0.473,,1,1,3.097,0.0509,,,,0.29318,2.00799,7.724,2.687,0.722,2.588,,
115.846,0.5706,0.1396,0.5721,0.2116,0.49,24.13,0.441,,1,1,3.097,0.0509,,,,0.28789,2.05240,7.724,2.687,0.722,2.588,,
115.891,0.5734,0.1742,0.5830,0.2840,0.51,24.18,0.388,,1,1,3.097,0.0509,,,,0.28386,2.12829,7.724,2.687,0.722,2.588,,
115.932,0.5769,0.2423,0.5908,0.4857,0.55,24.22,0.364,,1,1,3.097,0.0509,,,,0.28142,2.17029,7.724,2.687,0.722,2.588,,
115.975,0.5820,0.2842,0.6017,0.4267,0.60,24.28,0.373,,1,1,3.097,0.0509,,,,0.29121,2.17820,7.724,2.687,0.722,2.588,,
116.017,0.5865,0.3605,0.6026,0.5934,0.63,24.28,0.373,,1,1,3.097,0.0509,,,,0.29204,2.20009,7.724,2.687,0.722,2.588,,
116.053,0.5908,0.4226,0.6087,0.6373,0.65,24.24,0.382,,1,1,3.097,0.0509,,,,0.29331,2.19951,7.724,2.687,0.722,2.588,,
116.098,0.5965,0.4765,0.6183,0.6479,0.66,24.20,0.382,,1,1,3.097,0.0509,,,,0.29643,2.19249,7.724,2.687,0.722,2.588,,
116.135,0.6046,0.5150,0.6346,0.6348,0.69,24.21,0.385,,1,1,3.097,0.0509,,,,0.30061,2.20125,7.724,2.687,0.722,2.588,,
116.181,0.6080,0.5586,0.6198,0.6829,0.71,24.24,0.394,,1,1,3.097,0.0509,,,,0.28807,2.19817,7.724,2.687,0.722,2.588,,
116.233,0.6071,0.6066,0.6041,0.7351,0.73,24.18,0.400,,1,1,3.097,0.0509,,,,0.28092,2.19355,7.724,2.687,0.722,2.588,,
116.278,0.5992,0.6429,0.5733,0.7425,0.74,24.10,0.401,,1,1,3.097,0.0509,,,,0.26017,2.19336,7.724,2.687,0.722,2.588,,
116.333,0.5911,0.6703,0.5644,0.7477,0.76,24.06,0.401,,1,1,3.097,0.0509,,,,0.26029,2.19208,7.724,2.687,0.722,2.588,,
116.378,0.5855,0.6893,0.5676,0.7428,0.76,24.05,0.407,,1,1,3.097,0.0509,,,,0.26150,2.20206,7.724,2.687,0.722,2.588,,
116.423,0.5832,0.7199,0.5757,0.8102,0.76,24.01,0.405,,1,1,3.097,0.0509,,,,0.25804,2.21107,7.724,2.687,0.722,2.588,,
116.648,0.5800,0.5156,0.5777,0.3714,0.81,23.99,0.419,,1,1,3.097,0.0509,,,,0.25909,2.15209,7.724,2.687,0.722,2.588,,
116.693,0.5793,0.4320,0.5766,0.1570,0.80,24.05,0.458,,1,1,3.097,0.0509,,,,0.25757,2.09265,7.724,2.687,0.722,2.588,,
116.732,0.5789,0.3432,0.5774,0.0504,0.77,24.08,0.485,,1,1,3.097,0.0509,,,,0.25473,2.05815,7.724,2.687,0.722,2.588,,
116.774,0.5708,0.2891,0.5395,0.1092,0.73,24.09,0.491,,1,1,3.097,0.0509,,,,0.25633,2.03595,7.724,2.687,0.722,2.588,,
116.815,0.5645,0.2412,0.5414,0.0907,0.69,24.10,0.495,,1,1,3.097,0.0509,,,,0.26690,2.01447,7.724,2.687,0.722,2.588,,
116.857,0.5598,0.2111,0.5428,0.1162,0.64,24.11,0.496,,1,1,3.097,0.0509,,,,0.26425,2.00736,7.724,2.687,0.722,2.588,,
116.904,0.5527,0.1838,0.5286,0.1040,0.59,24.09,0.494,,1,1,3.097,0.0509,,,,0.26181,2.00633,7.724,2.687,0.722,2.588,,
116.952,0.5440,0.1646,0.5140,0.1047,0.56,24.09,0.491,,1,1,3.097,0.0509,,,,0.25102,2.00568,7.724,2.687,0.722,2.588,,
116.994,0.5366,0.1462,0.5114,0.0899,0.53,24.10,0.490,,1,1,3.097,0.0509,,,,0.24955,2.00429,7.724,2.687,0.722,2.588,,
117.042,0.5308,0.1336,0.5101,0.0924,0.50,24.11,0.489,,1,1,3.097,0.0509,,,,0.24606,2.00863,7.724,2.687,0.722,2.588,,
117.088,0.5262,0.1113,0.5102,0.0405,0.47,24.13,0.485,,1,1,3.097,0.0509,,,,0.24826,2.00581,7.724,2.687,0.722,2.588,,
117.129,0.5205,0.1047,0.5015,0.0839,0.45,24.14,0.482,,1,1,3.097,0.0509,,,,0.24411,2.00183,7.724,2.687,0.722,2.588,,
117.172,0.5209,0.1062,0.5225,0.1117,0.42,24.12,0.483,,1,1,3.097,0.0509,,,,0.23945,1.98896,7.724,2.687,0.722,2.588,,
117.210,0.4709,0.0889,0.2854,0.0247,0.37,24.03,0.481,,1,1,3.097,0.0509,,,,0.10295,1.96251,7.724,2.687,0.722,2.588,,
117.261,0.4101,0.0671,0.2318,0.0010,0.35,24.00,0.479,,1,1,3.097,0.0509,,,,0.06357,1.99686,7.724,2.687,0.722,2.588,,
117.307,0.3556,0.0589,0.1963,0.0337,0.29,23.92,0.472,,1,1,3.097,0.0509,,,,0.03491,1.99720,7.724,2.687,0.722,2.588,,
117.353,0.3181,0.0512,0.1919,0.0232,0.27,23.91,0.468,,1,1,3.097,0.0509,,,,0.02773,2.01163,7.724,2.687,0.722,2.588,,
117.393,0.2846,0.0275,0.1825,-0.0764,0.25,23.87,0.469,,1,1,3.097,0.0509,,,,0.00447,2.00407,7.724,2.687,0.722,2.588,,
117.442,0.2519,0.0081,0.1598,-0.1021,0.22,23.80,0.470,,1,1,3.097,0.0509,,,,-0.01367,2.02161,7.724,2.687,0.722,2.588,,
117.488,0.2257,0.0000,0.1451,-0.1544,0.14,23.67,0.472,,1,1,3.097,0.0509,,,,-0.01831,2.00924,7.724,2.687,0.722,2.588,,
117.529,0.2061,0.0000,0.1390,-0.1261,0.09,23.56,0.473,,1,1,3.097,0.0509,,,,-0.02970,2.01393,7.724,2.687,0.722,2.588,,
117.572,0.1895,0.0000,0.1354,-0.0912,0.06,23.47,0.476,,1,1,3.097,0.0509,,,,-0.04602,2.01356,7.724,2.687,0.722,2.588,,
117.619,0.1799,0.0000,0.1455,-0.0249,0.05,23.41,0.472,,1,1,3.097,0.0509,,,,-0.05277,2.02247,7.724,2.687,0.722,2.588,,
117.661,0.1650,0.0000,0.1187,-0.0713,0.06,23.36,0.471,,1,1,3.097,0.0509,,,,-0.07465,2.02641,7.724,2.687,0.722,2.588,,
117.704,0.1536,0.0000,0.1165,-0.0758,0.08,23.34,0.474,,1,1,3.097,0.0509,,,,-0.08193,2.03471,7.724,2.687,0.722,2.588,,
117.748,0.1439,0.0000,0.1101,-0.0038,0.10,23.35,0.480,,1,1,3.097,0.0509,,,,-0.08958,2.04827,7.724,2.687,0.722,2.588,,
117.788,0.1331,0.0000,0.0952,-0.0413,0.10,23.35,0.478,,1,1,3.097,0.0509,,,,-0.09789,2.04348,7.724,2.687,0.722,2.588,,
117.847,0.1219,0.0000,0.0933,0.0008,0.11,23.35,0.477,,1,1,3.097,0.0509,,,,-0.10355,2.03972,7.724,2.687,0.722,2.588,,
117.887,0.1162,0.0000,0.0940,-0.0236,0.11,23.30,0.476,,1,1,3.097,0.0509,,,,-0.10268,2.03878,7.724,2.687,0.722,2.588,,
117.927,0.1111,0.0000,0.0918,0.0287,0.11,23.31,0.478,,1,1,3.097,0.0509,,,,-0.10627,2.04895,7.724,2.687,0.722,2.588,,
117.976,0.1034,0.0000,0.0796,0.0124,0.12,23.32,0.473,,1,1,3.097,0.0509,,,,-0.11373,2.07045,7.724,2.687,0.722,2.588,,
118.019,0.1015,0.0028,0.0948,0.0341,0.12,23.31,0.474,,1,1,3.097,0.0509,,,,-0.11523,2.08246,7.724,2.687,0.722,2.588,,
118.071,0.1059,0.0128,0.1194,0.0433,0.12,23.33,0.475,,1,1,3.097,0.0509,,,,-0.11817,2.08685,7.724,2.687,0.722,2.588,,
118.110,0.1078,0.0155,0.1151,0.0262,0.13,23.36,0.475,,1,1,3.097,0.0509,,,,-0.12372,2.08947,7.724,2.687,0.722,2.588,,
118.150,0.1103,0.0137,0.1203,0.0067,0.12,23.32,0.473,,1,1,3.097,0.0509,,,,-0.12621,2.09198,7.724,2.687,0.722,2.588,,
118.189,0.1120,0.0148,0.1186,0.0190,0.11,23.29,0.472,,1,1,3.097,0.0509,,,,-0.13378,2.09066,7.724,2.687,0.722,2.588,,
118.231,0.1161,0.0119,0.1327,0.0007,0.09,23.27,0.474,,1,1,3.097,0.0509,,,,-0.13503,2.08983,7.724,2.687,0.722,2.588,,
118.276,0.1207,0.0076,0.1367,-0.0079,0.07,23.27,0.475,,1,1,3.097,0.0509,,,,-0.13587,2.09146,7.724,2.687,0.722,2.588,,
118.318,0.1222,0.0096,0.1277,0.0168,0.07,23.28,0.476,,1,1,3.097,0.0509,,,,-0.14296,2.08918,7.724,2.687,0.722,2.588,,
118.354,0.1200,0.0077,0.1103,-0.0005,0.06,23.30,0.472,,1,1,3.097,0.0509,,,,-0.16143,2.10692,7.724,2.687,0.722,2.588,,
118.412,0.1173,0.0064,0.1097,0.0027,0.04,23.30,0.471,,1,1,3.097,0.0509,,,,-0.16500,2.11013,7.724,2.687,0.722,2.588,,
118.455,0.1153,0.0018,0.1084,-0.0144,0.03,23.23,0.460,,1,1,3.097,0.0509,,,,-0.17518,2.10550,7.724,2.687,0.722,2.588,,
118.494,0.1127,0.0053,0.1022,0.0196,0.03,23.19,0.461,,1,1,3.097,0.0509,,,,-0.18062,2.10410,7.724,2.687,0.722,2.588,,
118.534,0.1087,0.0038,0.0927,-0.0021,0.02,23.14,0.460,,1,1,3.097,0.0509,,,,-0.19176,2.11687,7.724,2.687,0.722,2.588,,
118.577,0.1064,0.0039,0.0978,0.0040,0.02,23.12,0.459,,1,1,3.097,0.0509,,,,-0.19186,2.11544,7.724,2.687,0.722,2.588,,
118.627,0.0985,0.0212,0.0714,0.0806,0.02,23.11,0.460,,1,1,3.097,0.0509,,,,-0.22103,2.10485,7.724,2.687,0.722,2.588,,
118.679,0.0918,0.0538,0.0726,0.1458,0.02,23.11,0.457,,1,1,3.097,0.0509,,,,-0.22901,2.12815,7.724,2.687,0.722,2.588,,
118.719,0.0922,0.0590,0.0935,0.0778,0.00,23.12,0.454,,1,1,3.097,0.0509,,,,-0.23830,2.13613,7.724,2.687,0.722,2.588,,
118.761,0.0918,0.0580,0.0905,0.0544,-0.01,23.13,0.455,,1,1,3.097,0.0509,,,,-0.24911,2.13034,7.724,2.687,0.722,2.588,,
118.801,0.0941,0.0572,0.1040,0.0537,-0.02,23.14,0.454,,1,1,3.097,0.0509,,,,-0.24624,2.14501,7.724,2.687,0.722,2.588,,
118.850,0.0944,0.0529,0.0951,0.0401,-0.04,23.16,0.453,,1,1,3.097,0.0509,,,,-0.24864,2.14733,7.724,2.687,0.722,2.588,,
118.894,0.0925,0.0506,0.0855,0.0419,-0.04,23.17,0.454,,1,1,3.097,0.0509,,,,-0.24771,2.15287,7.724,2.687,0.722,2.588,,
118.941,0.0892,0.0441,0.0786,0.0229,-0.05,23.17,0.453,,1,1,3.097,0.0509,,,,-0.24643,2.15971,7.724,2.687,0.722,2.588,,
118.988,0.0899,0.0448,0.0924,0.0473,-0.07,23.16,0.451,,1,1,3.097,0.0509,,,,-0.24199,2.15748,7.724,2.687,0.722,2.588,,
119.031,0.0891,0.0431,0.0861,0.0374,-0.08,23.21,0.453,,1,1,3.097,0.0509,,,,-0.23818,2.14792,7.724,2.687,0.722,2.588,,
119.084,0.0879,0.0268,0.0843,-0.0246,-0.08,23.25,0.459,,1,1,3.097,0.0509,,,,-0.23195,2.14988,7.724,2.687,0.722,2.588,,
119.140,0.0871,0.0062,0.0847,-0.0679,-0.08,23.28,0.463,,1,1,3.097,0.0509,,,,-0.23156,2.14774,7.724,2.687,0.722,2.588,,
119.196,0.0923,0.0000,0.1072,-0.0358,-0.07,23.37,0.464,,1,1,3.097,0.0509,,,,-0.22068,2.15147,7.724,2.687,0.722,2.588,,
119.256,0.0996,0.0122,0.1187,0.0568,-0.08,23.43,0.461,,1,1,3.097,0.0509,,,,-0.21469,2.17294,7.724,2.687,0.722,2.588,,
119.320,0.0981,0.0748,0.0944,0.2256,-0.10,23.40,0.431,,1,1,3.097,0.0509,,,,-0.23393,2.22035,7.724,2.687,0.722,2.588,,
119.376,0.0759,0.2231,0.0142,0.5875,-0.10,23.32,0.370,,1,1,3.097,0.0509,,,,-0.27117,2.31204,7.724,2.687,0.722,2.588,,
119.439,0.0769,0.4869,0.0793,1.0089,-0.11,23.10,0.368,,1,1,3.097,0.0509,,,,-0.25922,2.39998,7.724,2.687,0.722,2.588,,
119.500,0.0802,0.6683,0.0888,1.0215,-0.08,22.97,0.376,,1,1,3.097,0.0509,,,,-0.24921,2.42089,7.724,2.687,0.722,2.588,,
119.559,0.0902,0.7607,0.1185,0.9609,-0.01,22.92,0.378,,1,1,3.097,0.0509,,,,-0.24279,2.43361,7.724,2.687,0.722,2.588,,
119.613,0.1049,0.8269,0.1456,0.9725,0.04,22.84,0.380,,1,1,3.097,0.0509,,,,-0.23810,2.42180,7.724,2.687,0.722,2.588,,
119.674,0.1195,0.8923,0.1573,1.0314,0.11,22.81,0.400,,1,1,3.097,0.0509,,,,-0.23045,2.41154,7.724,2.687,0.722,2.588,,
119.731,0.1298,0.9240,0.1576,0.9966,0.14,22.77,0.401,,1,1,3.097,0.0509,,,,-0.23194,2.40670,7.724,2.687,0.722,2.588,,
119.788,0.1285,0.9411,0.1249,0.9824,0.17,22.75,0.403,,1,1,3.097,0.0509,,,,-0.23759,2.40439,7.724,2.687,0.722,2.588,,
119.842,0.1271,0.9338,0.1230,0.9147,0.23,22.75,0.412,,1,1,3.097,0.0509,,,,-0.23803,2.42171,7.724,2.687,0.722,2.588,,
119.924,0.1305,0.9196,0.1374,0.8929,0.30,22.73,0.407,,1,1,3.097,0.0509,,,,-0.23067,2.42543,7.724,2.687,0.722,2.588,,
119.982,0.1337,0.9098,0.1423,0.8842,0.35,22.72,0.406,,1,1,3.097,0.0509,,,,-0.22745,2.42400,7.724,2.687,0.722,2.588,,
120.039,0.1344,0.9028,0.1362,0.8846,0.37,22.73,0.410,,1,1,3.097,0.0509,,,,-0.22831,2.42351,7.724,2.687,0.722,2.588,,
120.099,0.1749,0.9113,0.2779,0.9329,0.37,22.83,0.404,,1,1,3.097,0.0509,,,,-0.11895,2.39228,7.724,2.687,0.722,2.588,,
120.160,0.2662,0.9138,0.4860,0.9203,0.38,22.88,0.398,,1,1,3.097,0.0509,,,,0.00327,2.37019,7.724,2.687,0.722,2.588,,
120.215,0.3392,0.8891,0.5251,0.8184,0.39,22.96,0.402,,1,1,3.097,0.0509,,,,0.07292,2.37616,7.724,2.687,0.722,2.588,,
120.272,0.3929,0.8837,0.5236,0.8687,0.37,22.92,0.404,,1,1,3.097,0.0509,,,,0.10346,2.35722,7.724,2.687,0.722,2.588,,
120.333,0.4336,0.8658,0.5278,0.8198,0.37,22.95,0.407,,1,1,3.097,0.0509,,,,0.13431,2.37155,7.724,2.687,0.722,2.588,,
120.394,0.4704,0.8624,0.5569,0.8536,0.35,22.88,0.406,,1,1,3.097,0.0509,,,,0.16976,2.36138,7.724,2.687,0.722,2.588,,
120.448,0.4766,0.8309,0.4927,0.7434,0.34,22.89,0.409,,1,1,3.097,0.0509,,,,0.16451,2.39192,7.724,2.687,0.722,2.588,,
120.504,0.4734,0.8156,0.4650,0.7739,0.32,22.84,0.407,,1,1,3.097,0.0509,,,,0.16765,2.40147,7.724,2.687,0.722,2.588,,
120.561,0.4990,0.7991,0.5684,0.7534,0.29,22.76,0.405,,1,1,3.097,0.0509,,,,0.23848,2.39865,7.724,2.687,0.722,2.588,,
120.619,0.5344,0.7858,0.6220,0.7517,0.29,22.73,0.409,,1,1,3.097,0.0509,,,,0.27730,2.39108,7.724,2.687,0.722,2.588,,
120.673,0.5585,0.7742,0.6235,0.7417,0.29,22.68,0.411,,1,1,3.097,0.0509,,,,0.29573,2.40006,7.724,2.687,0.722,2.588,,
120.727,0.5802,0.7751,0.6388,0.7778,0.29,22.66,0.407,,1,1,3.097,0.0509,,,,0.31740,2.40096,7.724,2.687,0.722,2.588,,
120.782,0.5970,0.7746,0.6421,0.7730,0.31,22.70,0.409,,1,1,3.097,0.0509,,,,0.32411,2.39456,7.724,2.687,0.722,2.588,,
120.840,0.6057,0.7765,0.6283,0.7816,0.34,22.67,0.411,,1,1,3.097,0.0509,,,,0.32042,2.38154,7.724,2.687,0.722,2.588,,
120.889,0.6073,0.7831,0.6123,0.8043,0.38,22.68,0.414,,1,1,3.097,0.0509,,,,0.31504,2.37067,7.724,2.687,0.722,2.588,,
120.941,0.6003,0.8038,0.5794,0.8668,0.38,22.72,0.419,,1,1,3.097,0.0509,,,,0.30595,2.35127,7.724,2.687,0.722,2.588,,
120.997,0.5921,0.8109,0.5689,0.8309,0.37,22.76,0.422,,1,1,3.097,0.0509,,,,0.30426,2.34779,7.724,2.687,0.722,2.588,,
121.053,0.5872,0.8007,0.5741,0.7727,0.37,22.77,0.421,,1,1,3.097,0.0509,,,,0.30306,2.35195,7.724,2.687,0.722,2.588,,
121.099,0.5876,0.7796,0.5891,0.6920,0.37,22.77,0.430,,1,1,3.097,0.0509,,,,0.30454,2.33517,7.724,2.687,0.722,2.588,,
121.145,0.5932,0.7017,0.6098,0.4855,0.37,22.78,0.445,,1,1,3.097,0.0509,,,,0.30331,2.28963,7.724,2.687,0.722,2.588,,
121.189,0.6008,0.6071,0.6277,0.3153,0.39,22.85,0.451,,1,1,3.097,0.0509,,,,0.30292,2.27339,7.724,2.687,0.722,2.588,,
121.231,0.6049,0.4934,0.6205,0.1370,0.39,22.89,0.462,,1,1,3.097,0.0509,,,,0.28746,2.22730,7.724,2.687,0.722,2.588,,
121.282,0.6073,0.3941,0.6151,0.1445,0.38,22.91,0.483,,1,1,3.097,0.0509,,,,0.28702,2.19938,7.724,2.687,0.722,2.588,,
121.325,0.6052,0.3122,0.5980,0.0967,0.35,22.97,0.483,,1,1,3.097,0.0509,,,,0.28245,2.16402,7.724,2.687,0.722,2.588,,
121.366,0.6045,0.2528,0.6018,0.0733,0.33,22.96,0.486,,1,1,3.097,0.0509,,,,0.27645,2.14738,7.724,2.687,0.722,2.588,,
121.412,0.6031,0.2279,0.5981,0.1554,0.31,22.96,0.486,,1,1,3.097,0.0509,,,,0.26823,2.14501,7.724,2.687,0.722,2.588,,
121.457,0.5983,0.1860,0.5815,0.0659,0.29,22.97,0.484,,1,1,3.097,0.0509,,,,0.25665,2.13983,7.724,2.687,0.722,2.588,,
121.499,0.5904,0.1485,0.5620,0.0372,0.27,23.00,0.482,,1,1,3.097,0.0509,,,,0.24179,2.14154,7.724,2.687,0.722,2.588,,
121.542,0.5820,0.1229,0.5498,0.0398,0.25,23.04,0.482,,1,1,3.097,0.0509,,,,0.23489,2.13168,7.724,2.687,0.722,2.588,,
121.582,0.5747,0.1210,0.5476,0.1148,0.23,23.05,0.483,,1,1,3.097,0.0509,,,,0.22258,2.13033,7.724,2.687,0.722,2.588,,
121.631,0.5734,0.1241,0.5693,0.1339,0.21,23.06,0.480,,1,1,3.097,0.0509,,,,0.21070,2.12894,7.724,2.687,0.722,2.588,,
121.676,0.5715,0.1201,0.5649,0.1079,0.19,23.07,0.477,,1,1,3.097,0.0509,,,,0.21266,2.12956,7.724,2.687,0.722,2.588,,
121.729,0.5867,0.1207,0.6351,0.1225,0.16,23.09,0.479,,1,1,3.097,0.0509,,,,0.25016,2.14527,7.724,2.687,0.722,2.588,,
121.773,0.6271,0.1171,0.7652,0.1050,0.14,23.13,0.482,,1,1,3.097,0.0509,,,,0.30549,2.14002,7.724,2.687,0.722,2.588,,
121.810,0.6594,0.1208,0.7796,0.1349,0.12,23.17,0.482,,1,1,3.097,0.0509,,,,0.30755,2.16479,7.724,2.687,0.722,2.588,,
121.863,0.7166,0.1284,0.8730,0.1507,0.07,23.12,0.481,,1,1,3.097,0.0509,,,,0.34808,2.18756,7.724,2.687,0.722,2.588,,
121.911,0.7843,0.1339,0.9796,0.1518,0.06,23.09,0.483,,1,1,3.097,0.0509,,,,0.36558,2.21513,7.724,2.687,0.722,2.588,,
121.957,0.8520,0.1285,1.0599,0.1103,0.04,23.10,0.486,,1,1,3.097,0.0509,,,,0.38052,2.26140,7.724,2.687,0.722,2.588,,
122.002,0.9012,0.1197,1.0528,0.0890,0.05,23.14,0.486,,1,1,3.097,0.0509,,,,0.39764,2.26299,7.724,2.687,0.722,2.588,,
122.050,0.9352,0.1307,1.0295,0.1661,0.04,23.19,0.486,,1,1,3.097,0.0509,,,,0.39678,2.27242,7.724,2.687,0.722,2.588,,
122.297,0.9895,0.0904,1.0220,0.0647,-0.03,23.38,0.486,,1,1,3.097,0.0509,,,,0.38054,2.25931,7.724,2.687,0.722,2.588,,
122.338,0.9973,0.0876,1.0255,0.0766,-0.05,23.39,0.486,,1,1,3.097,0.0509,,,,0.37856,2.25403,7.724,2.687,0.722,2.588,,
122.390,1.0000,0.1031,1.0472,0.1551,-0.06,23.35,0.488,,1,1,3.097,0.0509,,,,0.37977,2.26474,7.724,2.687,0.722,2.588,,
122.441,1.0000,0.1292,1.0555,0.2048,-0.03,23.36,0.480,,1,1,3.097,0.0509,,,,0.38673,2.28187,7.724,2.687,0.722,2.588,,
122.495,1.0000,0.2267,1.0335,0.5161,0.00,23.38,0.423,,1,1,3.097,0.0509,,,,0.39069,2.37582,7.724,2.687,0.722,2.588,,
122.534,1.0000,0.3985,1.0101,0.8609,0.07,23.40,0.367,,1,1,3.097,0.0509,,,,0.39703,2.47018,7.724,2.687,0.722,2.588,,
122.593,1.0000,0.5860,0.9961,0.9942,0.15,23.42,0.381,,1,1,3.097,0.0509,,,,0.38117,2.51253,7.724,2.687,0.722,2.588,,
122.640,1.0000,0.6803,1.0313,0.9166,0.22,23.51,0.391,,1,1,3.097,0.0509,,,,0.37575,2.52023,7.724,2.687,0.722,2.588,,
122.682,1.0000,0.7413,1.0204,0.9158,0.30,23.63,0.395,,1,1,3.097,0.0509,,,,0.37358,2.51250,7.724,2.687,0.722,2.588,,
122.730,1.0000,0.7917,1.0125,0.9267,0.37,23.70,0.396,,1,1,3.097,0.0509,,,,0.37892,2.50222,7.724,2.687,0.722,2.588,,
122.770,1.0000,0.8126,1.0345,0.8731,0.41,23.73,0.405,,1,1,3.097,0.0509,,,,0.37883,2.48900,7.724,2.687,0.722,2.588,,
122.813,1.0000,0.8249,1.0833,0.8644,0.44,23.74,0.410,,1,1,3.097,0.0509,,,,0.40084,2.50526,7.724,2.687,0.722,2.588,,
122.857,1.0000,0.8342,1.0416,0.8630,0.46,23.75,0.413,,1,1,3.097,0.0509,,,,0.39033,2.49023,7.724,2.687,0.722,2.588,,
122.897,1.0000,0.8352,1.0402,0.8386,0.49,23.78,0.416,,1,1,3.097,0.0509,,,,0.39031,2.49397,7.724,2.687,0.722,2.588,,
122.938,1.0000,0.8156,1.0545,0.7497,0.52,23.85,0.425,,1,1,3.097,0.0509,,,,0.39081,2.50351,7.724,2.687,0.722,2.588,,
122.982,1.0000,0.8209,1.0291,0.8389,0.55,23.87,0.423,,1,1,3.097,0.0509,,,,0.39240,2.49748,7.724,2.687,0.722,2.588,,
123.048,1.0000,0.8156,1.0002,0.8022,0.59,23.96,0.424,,1,1,3.097,0.0509,,,,0.36370,2.48406,7.724,2.687,0.722,2.588,,
123.097,1.0000,0.8121,0.9413,0.8021,0.60,24.01,0.426,,1,1,3.097,0.0509,,,,0.33314,2.45461,7.724,2.687,0.722,2.588,,
123.139,0.9914,0.8136,0.9474,0.8193,0.62,24.05,0.424,,1,1,3.097,0.0509,,,,0.33080,2.45081,7.724,2.687,0.722,2.588,,
123.178,0.9759,0.8147,0.9156,0.8189,0.62,24.06,0.423,,1,1,3.097,0.0509,,,,0.31111,2.44296,7.724,2.687,0.722,2.588,,
123.218,0.9724,0.8076,0.9593,0.7798,0.60,24.02,0.426,,1,1,3.097,0.0509,,,,0.31279,2.44409,7.724,2.687,0.722,2.588,,
123.264,0.9712,0.7609,0.9672,0.6062,0.57,23.96,0.439,,1,1,3.097,0.0509,,,,0.29935,2.40887,7.724,2.687,0.722,2.588,,
123.312,0.9747,0.7008,0.9865,0.5144,0.51,23.86,0.469,,1,1,3.097,0.0509,,,,0.29425,2.36369,7.724,2.687,0.722,2.588,,
123.350,0.9724,0.6337,0.9626,0.3910,0.46,23.79,0.484,,1,1,3.097,0.0509,,,,0.26594,2.30169,7.724,2.687,0.722,2.588,,
123.394,0.9734,0.5753,0.9771,0.3883,0.41,23.74,0.491,,1,1,3.097,0.0509,,,,0.26324,2.28768,7.724,2.687,0.722,2.588,,
123.483,0.9777,0.4914,0.9857,0.3592,0.37,23.73,0.495,,1,1,3.097,0.0509,,,,0.26441,2.27982,7.724,2.687,0.722,2.588,,
123.519,0.9769,0.4692,0.9735,0.3889,0.35,23.75,0.498,,1,1,3.097,0.0509,,,,0.26517,2.27366,7.724,2.687,0.722,2.588,,
123.554,0.9762,0.4548,0.9730,0.4011,0.33,23.75,0.497,,1,1,3.097,0.0509,,,,0.26116,2.26359,7.724,2.687,0.722,2.588,,
123.596,0.9757,0.4347,0.9737,0.3628,0.30,23.75,0.504,,1,1,3.097,0.0509,,,,0.26039,2.25868,7.724,2.687,0.722,2.588,,
123.640,0.9714,0.4096,0.9559,0.3281,0.28,23.74,0.505,,1,1,3.097,0.0509,,,,0.24986,2.26276,7.724,2.687,0.722,2.588,,
123.684,0.9687,0.3864,0.9594,0.3151,0.24,23.72,0.504,,1,1,3.097,0.0509,,,,0.25076,2.26254,7.724,2.687,0.722,2.588,,
123.730,0.9690,0.3576,0.9699,0.2712,0.20,23.68,0.503,,1,1,3.097,0.0509,,,,0.25218,2.25919,7.724,2.687,0.722,2.588,,
123.768,0.9695,0.3515,0.9716,0.3285,0.17,23.69,0.503,,1,1,3.097,0.0509,,,,0.24817,2.25832,7.724,2.687,0.722,2.588,,
123.808,0.9710,0.3433,0.9768,0.3142,0.14,23.68,0.502,,1,1,3.097,0.0509,,,,0.24941,2.25021,7.724,2.687,0.722,2.588,,
123.849,0.9725,0.3228,0.9783,0.2492,0.11,23.66,0.505,,1,1,3.097,0.0509,,,,0.24636,2.24240,7.724,2.687,0.722,2.588,,
123.915,0.8369,0.2918,0.5298,0.2213,0.03,23.57,0.498,,1,1,3.097,0.0509,,,,0.01172,2.17915,7.724,2.687,0.722,2.588,,
123.954,0.7416,0.2754,0.4330,0.2180,0.01,23.59,0.497,,1,1,3.097,0.0509,,,,-0.04810,2.17236,7.724,2.687,0.722,2.588,,
124.004,0.6619,0.2681,0.4435,0.2457,-0.01,23.55,0.497,,1,1,3.097,0.0509,,,,-0.05237,2.18563,7.724,2.687,0.722,2.588,,
124.058,0.5941,0.2439,0.4274,0.1773,-0.02,23.51,0.496,,1,1,3.097,0.0509,,,,-0.06510,2.16505,7.724,2.687,0.722,2.588,,
124.108,0.5604,0.2184,0.4558,0.1312,-0.03,23.50,0.491,,1,1,3.097,0.0509,,,,-0.06732,2.16588,7.724,2.687,0.722,2.588,,
124.151,0.5291,0.1953,0.4488,0.1311,-0.06,23.50,0.487,,1,1,3.097,0.0509,,,,-0.07532,2.15287,7.724,2.687,0.722,2.588,,
124.211,0.5039,0.1744,0.4434,0.1213,-0.10,23.52,0.488,,1,1,3.097,0.0509,,,,-0.08972,2.17240,7.724,2.687,0.722,2.588,,
124.273,0.4885,0.1632,0.4530,0.1361,-0.12,23.50,0.486,,1,1,3.097,0.0509,,,,-0.09389,2.17115,7.724,2.687,0.722,2.588,,
124.330,0.4813,0.1620,0.4629,0.1588,-0.14,23.46,0.483,,1,1,3.097,0.0509,,,,-0.09230,2.17175,7.724,2.687,0.722,2.588,,
124.369,0.4768,0.1568,0.4610,0.1378,-0.16,23.46,0.479,,1,1,3.097,0.0509,,,,-0.09513,2.17017,7.724,2.687,0.722,2.588,,
124.409,0.4730,0.1578,0.4586,0.1616,-0.17,23.42,0.479,,1,1,3.097,0.0509,,,,-0.10605,2.16754,7.724,2.687,0.722,2.588,,
124.452,0.4722,0.1456,0.4692,0.1012,-0.17,23.41,0.479,,1,1,3.097,0.0509,,,,-0.10637,2.16981,7.724,2.687,0.722,2.588,,
124.485,0.4726,0.1414,0.4751,0.1189,-0.17,23.42,0.477,,1,1,3.097,0.0509,,,,-0.10743,2.17700,7.724,2.687,0.722,2.588,,
124.530,0.4671,0.1310,0.4488,0.0972,-0.16,23.44,0.471,,1,1,3.097,0.0509,,,,-0.11507,2.18685,7.724,2.687,0.722,2.588,,
124.571,0.4629,0.1262,0.4481,0.1090,-0.16,23.45,0.470,,1,1,3.097,0.0509,,,,-0.12342,2.19266,7.724,2.687,0.722,2.588,,
124.612,0.4597,0.1131,0.4481,0.0654,-0.16,23.49,0.471,,1,1,3.097,0.0509,,,,-0.12316,2.19636,7.724,2.687,0.722,2.588,,
124.662,0.4587,0.1279,0.4554,0.1736,-0.15,23.50,0.469,,1,1,3.097,0.0509,,,,-0.12781,2.19869,7.724,2.687,0.722,2.588,,
124.700,0.4595,0.2039,0.4630,0.4929,-0.13,23.50,0.434,,1,1,3.097,0.0509,,,,-0.12743,2.26754,7.724,2.687,0.722,2.588,,
124.768,0.4731,0.3724,0.5054,0.7167,-0.10,23.49,0.359,,1,1,3.097,0.0509,,,,-0.12085,2.35758,7.724,2.687,0.722,2.588,,
124.821,0.4818,0.4946,0.5102,0.8200,-0.04,23.50,0.367,,1,1,3.097,0.0509,,,,-0.11824,2.40399,7.724,2.687,0.722,2.588,,
124.864,0.4870,0.5979,0.5034,0.8607,-0.00,23.53,0.377,,1,1,3.097,0.0509,,,,-0.12311,2.42757,7.724,2.687,0.722,2.588,,
124.898,0.4926,0.6599,0.5184,0.8834,0.01,23.54,0.387,,1,1,3.097,0.0509,,,,-0.11684,2.43113,7.724,2.687,0.722,2.588,,
124.954,0.5045,0.7274,0.5380,0.8799,0.03,23.54,0.390,,1,1,3.097,0.0509,,,,-0.11295,2.42539,7.724,2.687,0.722,2.588,,
125.004,0.5160,0.7723,0.5515,0.8875,0.06,23.50,0.395,,1,1,3.097,0.0509,,,,-0.10046,2.42412,7.724,2.687,0.722,2.588,,
125.071,0.5223,0.8047,0.5389,0.8776,0.10,23.45,0.396,,1,1,3.097,0.0509,,,,-0.09529,2.41536,7.724,2.687,0.722,2.588,,
125.122,0.5377,0.8265,0.5825,0.8827,0.13,23.45,0.397,,1,1,3.097,0.0509,,,,-0.07071,2.41052,7.724,2.687,0.722,2.588,,
125.161,0.5493,0.8437,0.5887,0.8959,0.15,23.45,0.399,,1,1,3.097,0.0509,,,,-0.06704,2.41335,7.724,2.687,0.722,2.588,,
125.227,0.5595,0.8674,0.5854,0.9229,0.17,23.43,0.405,,1,1,3.097,0.0509,,,,-0.06574,2.42443,7.724,2.687,0.722,2.588,,
125.276,0.5595,0.8723,0.5594,0.8871,0.19,23.42,0.406,,1,1,3.097,0.0509,,,,-0.06103,2.42409,7.724,2.687,0.722,2.588,,
125.322,0.5604,0.8752,0.5630,0.8834,0.19,23.43,0.404,,1,1,3.097,0.0509,,,,-0.05361,2.42874,7.724,2.687,0.722,2.588,,
125.368,0.6321,0.8790,0.8582,0.8910,0.21,23.48,0.409,,1,1,3.097,0.0509,,,,0.11962,2.46750,7.724,2.687,0.722,2.588,,
125.413,0.6933,0.8756,0.8948,0.8635,0.24,23.56,0.410,,1,1,3.097,0.0509,,,,0.15625,2.48310,7.724,2.687,0.722,2.588,,
125.446,0.7396,0.8703,0.9178,0.8475,0.27,23.65,0.410,,1,1,3.097,0.0509,,,,0.17516,2.48164,7.724,2.687,0.722,2.588,,
125.496,0.7842,0.8673,0.9057,0.8581,0.28,23.64,0.409,,1,1,3.097,0.0509,,,,0.18021,2.46990,7.724,2.687,0.722,2.588,,
125.551,0.8309,0.8674,0.9531,0.8677,0.29,23.61,0.414,,1,1,3.097,0.0509,,,,0.19805,2.48819,7.724,2.687,0.722,2.588,,
125.598,0.8623,0.8745,0.9497,0.8968,0.30,23.58,0.419,,1,1,3.097,0.0509,,,,0.19074,2.47826,7.724,2.687,0.722,2.588,,
125.651,0.8815,0.8870,0.9362,0.9264,0.33,23.58,0.416,,1,1,3.097,0.0509,,,,0.18768,2.47740,7.724,2.687,0.722,2.588,,
125.699,0.8950,0.9009,0.9343,0.9445,0.38,23.61,0.414,,1,1,3.097,0.0509,,,,0.18053,2.48223,7.724,2.687,0.722,2.588,,
125.739,0.9045,0.9158,0.9365,0.9690,0.43,23.65,0.415,,1,1,3.097,0.0509,,,,0.18082,2.48570,7.724,2.687,0.722,2.588,,
125.775,0.9139,0.9216,0.9512,0.9455,0.45,23.67,0.419,,1,1,3.097,0.0509,,,,0.17941,2.49225,7.724,2.687,0.722,2.588,,
125.832,0.9202,0.9301,0.9375,0.9542,0.47,23.69,0.417,,1,1,3.097,0.0509,,,,0.17390,2.49400,7.724,2.687,0.722,2.588,,
125.883,0.9218,0.9298,0.9263,0.9288,0.50,23.71,0.412,,1,1,3.097,0.0509,,,,0.16431,2.48896,7.724,2.687,0.722,2.588,,
125.922,0.9217,0.9415,0.9214,0.9874,0.53,23.75,0.411,,1,1,3.097,0.0509,,,,0.14178,2.50250,7.724,2.687,0.722,2.588,,
125.969,0.9212,0.9382,0.9195,0.9272,0.55,23.74,0.408,,1,1,3.097,0.0509,,,,0.12890,2.50390,7.724,2.687,0.722,2.588,,
126.016,0.9206,0.9109,0.9185,0.8192,0.57,23.73,0.410,,1,1,3.097,0.0509,,,,0.11885,2.52038,7.724,2.687,0.722,2.588,,
126.066,0.9220,0.8801,0.9266,0.7850,0.59,23.78,0.409,,1,1,3.097,0.0509,,,,0.10805,2.51996,7.724,2.687,0.722,2.588,,
126.107,0.9221,0.8668,0.9221,0.8173,0.60,23.81,0.409,,1,1,3.097,0.0509,,,,0.09873,2.50830,7.724,2.687,0.722,2.588,,
126.154,0.9195,0.8827,0.9111,0.9356,0.62,23.84,0.413,,1,1,3.097,0.0509,,,,0.09423,2.49087,7.724,2.687,0.722,2.588,,
126.201,0.9163,0.8724,0.9051,0.8373,0.64,23.88,0.416,,1,1,3.097,0.0509,,,,0.08733,2.48910,7.724,2.687,0.722,2.588,,
126.258,0.9076,0.8063,0.8823,0.6285,0.63,23.93,0.406,,1,1,3.097,0.0509,,,,0.08472,2.46612,7.724,2.687,0.722,2.588,,
126.328,0.8885,0.7182,0.8479,0.5461,0.63,23.96,0.414,,1,1,3.097,0.0509,,,,0.07522,2.45587,7.724,2.687,0.722,2.588,,
126.372,0.8857,0.7029,0.8758,0.6524,0.64,23.97,0.421,,1,1,3.097,0.0509,,,,0.08636,2.53035,7.724,2.687,0.722,2.588,,
126.419,0.8836,0.7082,0.8762,0.7260,0.63,23.99,0.423,,1,1,3.097,0.0509,,,,0.10729,2.54840,7.724,2.687,0.722,2.588,,
126.461,0.8840,0.7093,0.8853,0.7129,0.63,24.01,0.422,,1,1,3.097,0.0509,,,,0.12562,2.50232,7.724,2.687,0.722,2.588,,
126.506,0.8873,0.7186,0.8991,0.7503,0.62,24.04,0.426,,1,1,3.097,0.0509,,,,0.14346,2.51312,7.724,2.687,0.722,2.588,,
126.562,0.8912,0.7316,0.9023,0.7677,0.62,24.08,0.428,,1,1,3.097,0.0509,,,,0.15174,2.51151,7.724,2.687,0.722,2.588,,
126.636,0.8928,0.7263,0.8965,0.7144,0.59,24.10,0.425,,1,1,3.097,0.0509,,,,0.15079,2.48549,7.724,2.687,0.722,2.588,,
126.694,0.8961,0.7332,0.9048,0.7520,0.59,24.14,0.427,,1,1,3.097,0.0509,,,,0.15862,2.43843,7.724,2.687,0.722,2.588,,
126.741,0.9070,0.7257,0.9434,0.7007,0.58,24.17,0.429,,1,1,3.097,0.0509,,,,0.17126,2.48041,7.724,2.687,0.722,2.588,,
126.807,0.9171,0.7158,0.9404,0.6927,0.56,24.16,0.428,,1,1,3.097,0.0509,,,,0.16318,2.47777,7.724,2.687,0.722,2.588,,
126.843,0.9222,0.7141,0.9435,0.7067,0.54,24.17,0.424,,1,1,3.097,0.0509,,,,0.15715,2.46685,7.724,2.687,0.722,2.588,,
126.892,0.9274,0.7127,0.9447,0.7080,0.52,24.19,0.424,,1,1,3.097,0.0509,,,,0.15215,2.46666,7.724,2.687,0.722,2.588,,
126.937,0.9351,0.7043,0.9606,0.6764,0.50,24.20,0.429,,1,1,3.097,0.0509,,,,0.15354,2.46571,7.724,2.687,0.722,2.588,,
126.985,0.9426,0.6723,0.9682,0.5658,0.48,24.21,0.440,,1,1,3.097,0.0509,,,,0.15125,2.46021,7.724,2.687,0.722,2.588,,
127.039,0.9524,0.6157,0.9804,0.4627,0.44,24.23,0.453,,1,1,3.097,0.0509,,,,0.15995,2.46429,7.724,2.687,0.722,2.588,,
127.116,0.9659,0.5362,0.9928,0.3884,0.44,24.30,0.472,,1,1,3.097,0.0509,,,,0.16720,2.46766,7.724,2.687,0.722,2.588,,
127.168,0.9704,0.4951,0.9835,0.3864,0.42,24.33,0.474,,1,1,3.097,0.0509,,,,0.16497,2.45606,7.724,2.687,0.722,2.588,,
127.220,0.9671,0.4645,0.9570,0.3801,0.35,24.23,0.479,,1,1,3.097,0.0509,,,,0.12101,2.42339,7.724,2.687,0.722,2.588,,
127.271,0.9674,0.4342,0.9685,0.3455,0.32,24.19,0.481,,1,1,3.097,0.0509,,,,0.12103,2.43641,7.724,2.687,0.722,2.588,,
127.322,0.9762,0.4183,1.0028,0.3741,0.28,24.13,0.480,,1,1,3.097,0.0509,,,,0.10782,2.43908,7.724,2.687,0.722,2.588,,
127.362,0.9816,0.3683,1.0031,0.1905,0.25,24.11,0.466,,1,1,3.097,0.0509,,,,0.09519,2.36735,7.724,2.687,0.722,2.588,,
127.401,0.9827,0.3401,0.9867,0.2440,0.23,24.09,0.479,,1,1,3.097,0.0509,,,,0.09095,2.32452,7.724,2.687,0.722,2.588,,
127.452,0.9897,0.3200,1.0110,0.2645,0.19,24.03,0.476,,1,1,3.097,0.0509,,,,0.09162,2.33117,7.724,2.687,0.722,2.588,,
127.499,0.9952,0.3166,1.0142,0.3056,0.19,24.01,0.479,,1,1,3.097,0.0509,,,,0.08699,2.35882,7.724,2.687,0.722,2.588,,
127.543,0.9998,0.3330,1.0164,0.3904,0.19,24.00,0.472,,1,1,3.097,0.0509,,,,0.08347,2.40309,7.724,2.687,0.722,2.588,,
127.588,0.9150,0.3531,0.6445,0.4200,0.17,23.95,0.472,,1,1,3.097,0.0509,,,,-0.12278,2.34537,7.724,2.687,0.722,2.588,,
127.633,0.8309,0.3717,0.5656,0.4387,0.15,23.90,0.473,,1,1,3.097,0.0509,,,,-0.15520,2.31540,7.724,2.687,0.722,2.588,,
127.680,0.7590,0.3741,0.5533,0.3822,0.15,23.91,0.474,,1,1,3.097,0.0509,,,,-0.15603,2.32896,7.724,2.687,0.722,2.588,,
127.731,0.6900,0.3707,0.5075,0.3598,0.11,23.88,0.468,,1,1,3.097,0.0509,,,,-0.18102,2.35022,7.724,2.687,0.722,2.588,,
127.769,0.6472,0.3403,0.5069,0.2252,0.06,23.90,0.462,,1,1,3.097,0.0509,,,,-0.18472,2.29893,7.724,2.687,0.722,2.588,,
127.812,0.6162,0.3240,0.5130,0.2625,0.03,23.90,0.463,,1,1,3.097,0.0509,,,,-0.18320,2.29256,7.724,2.687,0.722,2.588,,
127.847,0.5940,0.3563,0.5152,0.4912,0.02,23.93,0.475,,1,1,3.097,0.0509,,,,-0.18325,2.33773,7.724,2.687,0.722,2.588,,
127.890,0.5597,0.3659,0.4506,0.4013,-0.00,23.94,0.471,,1,1,3.097,0.0509,,,,-0.21480,2.35821,7.724,2.687,0.722,2.588,,
127.935,0.5289,0.3573,0.4366,0.3273,-0.04,23.96,0.470,,1,1,3.097,0.0509,,,,-0.22373,2.35403,7.724,2.687,0.722,2.588,,
127.977,0.5096,0.3195,0.4462,0.1820,-0.07,23.97,0.479,,1,1,3.097,0.0509,,,,-0.22303,2.28875,7.724,2.687,0.722,2.588,,
128.024,0.4892,0.3040,0.4247,0.2512,-0.08,23.99,0.482,,1,1,3.097,0.0509,,,,-0.22244,2.32987,7.724,2.687,0.722,2.588,,
128.066,0.4749,0.3031,0.4256,0.2995,-0.12,23.95,0.484,,1,1,3.097,0.0509,,,,-0.22174,2.30148,7.724,2.687,0.722,2.588,,
128.109,0.4611,0.3088,0.4172,0.3287,-0.17,23.93,0.473,,1,1,3.097,0.0509,,,,-0.22426,2.23429,7.724,2.687,0.722,2.588,,
128.154,0.4522,0.2945,0.4235,0.2458,-0.20,23.94,0.474,,1,1,3.097,0.0509,,,,-0.22683,2.21273,7.724,2.687,0.722,2.588,,
128.203,0.4457,0.2889,0.4262,0.2716,-0.23,23.95,0.480,,1,1,3.097,0.0509,,,,-0.22215,2.23446,7.724,2.687,0.722,2.588,,
128.248,0.4438,0.3140,0.4372,0.4078,-0.21,23.99,0.479,,1,1,3.097,0.0509,,,,-0.21722,2.31898,7.724,2.687,0.722,2.588,,
128.292,0.4380,0.3293,0.4190,0.3809,-0.21,24.01,0.469,,1,1,3.097,0.0509,,,,-0.23134,2.34998,7.724,2.687,0.722,2.588,,
128.336,0.4313,0.2949,0.4092,0.1787,-0.26,24.02,0.467,,1,1,3.097,0.0509,,,,-0.21829,2.27084,7.724,2.687,0.722,2.588,,
128.377,0.4251,0.2650,0.4018,0.1523,-0.28,24.01,0.473,,1,1,3.097,0.0509,,,,-0.21562,2.25803,7.724,2.687,0.722,2.588,,
128.416,0.4168,0.2437,0.3840,0.1614,-0.30,23.96,0.462,,1,1,3.097,0.0509,,,,-0.22453,2.28859,7.724,2.687,0.722,2.588,,
128.461,0.3991,0.2168,0.3358,0.1225,-0.31,23.95,0.459,,1,1,3.097,0.0509,,,,-0.26873,2.29649,7.724,2.687,0.722,2.588,,
128.500,0.3822,0.1861,0.3191,0.0752,-0.35,23.91,0.476,,1,1,3.097,0.0509,,,,-0.28839,2.26035,7.724,2.687,0.722,2.588,,
128.545,0.3607,0.1791,0.2908,0.1567,-0.38,23.88,0.464,,1,1,3.097,0.0509,,,,-0.32433,2.23389,7.724,2.687,0.722,2.588,,
128.584,0.3341,0.1668,0.2371,0.1217,-0.40,23.87,0.463,,1,1,3.097,0.0509,,,,-0.36245,2.25256,7.724,2.687,0.722,2.588,,
128.624,0.2932,0.1720,0.1528,0.1908,-0.38,23.92,0.464,,1,1,3.097,0.0509,,,,-0.40871,2.30752,7.724,2.687,0.722,2.588,,
128.665,0.2724,0.1700,0.1500,0.1574,-0.36,23.92,0.480,,1,1,3.097,0.0509,,,,-0.43442,2.36964,7.724,2.687,0.722,2.588,,
128.712,0.2121,0.1608,0.0760,0.1380,-0.39,23.93,0.477,,1,1,3.097,0.0509,,,,-0.45542,2.25329,7.724,2.687,0.722,2.588,,
128.762,0.1695,0.1059,0.0549,-0.0983,-0.49,23.85,0.478,,1,1,3.097,0.0509,,,,-0.47889,2.14490,7.724,2.687,0.722,2.588,,
128.803,0.1459,0.0795,0.0644,-0.0150,-0.56,23.77,0.476,,1,1,3.097,0.0509,,,,-0.49549,2.14389,7.724,2.687,0.722,2.588,,
128.842,0.1374,0.0921,0.1079,0.1381,-0.52,23.72,0.494,,1,1,3.097,0.0509,,,,-0.50821,2.22329,7.724,2.687,0.722,2.588,,
128.903,0.1243,0.0759,0.0922,0.0344,-0.50,23.72,0.487,,1,1,3.097,0.0509,,,,-0.49985,2.19765,7.724,2.687,0.722,2.588,,
128.940,0.1150,0.0772,0.0802,0.0823,-0.49,23.73,0.486,,1,1,3.097,0.0509,,,,-0.49014,2.21249,7.724,2.687,0.722,2.588,,
129.001,0.1009,0.0763,0.0663,0.0738,-0.45,23.73,0.496,,1,1,3.097,0.0509,,,,-0.49860,2.30868,7.724,2.687,0.722,2.588,,
129.046,0.0988,0.0475,0.0916,-0.0655,-0.44,23.75,0.490,,1,1,3.097,0.0509,,,,-0.49108,2.36481,7.724,2.687,0.722,2.588,,
129.095,0.0996,0.0251,0.1026,-0.0857,-0.43,23.79,0.483,,1,1,3.097,0.0509,,,,-0.49400,2.40310,7.724,2.687,0.722,2.588,,
129.152,0.0764,0.0031,0.0196,-0.1557,-0.46,23.82,0.490,,1,1,3.097,0.0509,,,,-0.44732,2.31298,7.724,2.687,0.722,2.588,,
129.200,0.0559,0.0000,-0.0088,-0.1696,-0.46,23.91,0.491,,1,1,3.097,0.0509,,,,-0.42568,2.33144,7.724,2.687,0.722,2.588,,
129.243,0.0412,0.0000,-0.0080,-0.0826,-0.47,23.96,0.470,,1,1,3.097,0.0509,,,,-0.42189,2.35497,7.724,2.687,0.722,2.588,,
129.289,0.0332,0.0239,0.0070,0.1722,-0.46,23.98,0.424,,1,1,3.097,0.0509,,,,-0.41938,2.42879,7.724,2.687,0.722,2.588,,
129.336,0.0378,0.1204,0.0526,0.4162,-0.44,23.99,0.381,,1,1,3.097,0.0509,,,,-0.38483,2.50071,7.724,2.687,0.722,2.588,,
129.377,0.0516,0.2896,0.1066,0.8338,-0.40,23.96,0.353,,1,1,3.097,0.0509,,,,-0.36636,2.59025,7.724,2.687,0.722,2.588,,
129.418,0.0629,0.4166,0.1051,0.7767,-0.34,23.90,0.368,,1,1,3.097,0.0509,,,,-0.33814,2.67140,7.724,2.687,0.722,2.588,,
129.463,0.0747,0.5115,0.1157,0.7618,-0.30,23.82,0.394,,1,1,3.097,0.0509,,,,-0.33046,2.69932,7.724,2.687,0.722,2.588,,
129.508,0.0918,0.5755,0.1540,0.7564,-0.30,23.72,0.396,,1,1,3.097,0.0509,,,,-0.30392,2.67579,7.724,2.687,0.722,2.588,,
129.548,0.1028,0.6240,0.1447,0.7710,-0.31,23.67,0.406,,1,1,3.097,0.0509,,,,-0.29627,2.58535,7.724,2.687,0.722,2.588,,
129.595,0.1105,0.6742,0.1354,0.8057,-0.30,23.61,0.415,,1,1,3.097,0.0509,,,,-0.29360,2.61477,7.724,2.687,0.722,2.588,,
129.634,0.1145,0.7086,0.1304,0.8183,-0.30,23.58,0.415,,1,1,3.097,0.0509,,,,-0.29464,2.61217,7.724,2.687,0.722,2.588,,
129.682,0.1175,0.7640,0.1267,0.9056,-0.31,23.59,0.414,,1,1,3.097,0.0509,,,,-0.29611,2.60484,7.724,2.687,0.722,2.588,,
129.737,0.1218,0.7900,0.1349,0.8569,-0.32,23.56,0.419,,1,1,3.097,0.0509,,,,-0.29280,2.60460,7.724,2.687,0.722,2.588,,
129.781,0.1279,0.8028,0.1487,0.8408,-0.28,23.53,0.417,,1,1,3.097,0.0509,,,,-0.29156,2.64251,7.724,2.687,0.722,2.588,,
129.822,0.1299,0.8020,0.1368,0.7993,-0.24,23.51,0.423,,1,1,3.097,0.0509,,,,-0.30904,2.66986,7.724,2.687,0.722,2.588,,
129.859,0.1337,0.7971,0.1505,0.7771,-0.23,23.50,0.417,,1,1,3.097,0.0509,,,,-0.30332,2.66381,7.724,2.687,0.722,2.588,,
129.906,0.1416,0.8026,0.1679,0.8197,-0.19,23.49,0.429,,1,1,3.097,0.0509,,,,-0.30575,2.63928,7.724,2.687,0.722,2.588,,
129.945,0.1428,0.8093,0.1477,0.8348,-0.14,23.48,0.428,,1,1,3.097,0.0509,,,,-0.30598,2.66116,7.724,2.687,0.722,2.588,,
129.990,0.1451,0.8158,0.1533,0.8385,-0.12,23.42,0.427,,1,1,3.097,0.0509,,,,-0.30619,2.65920,7.724,2.687,0.722,2.588,,
130.038,0.1575,0.8612,0.1968,0.9960,-0.10,23.36,0.418,,1,1,3.097,0.0509,,,,-0.29188,2.63082,7.724,2.687,0.722,2.588,,
130.090,0.1645,0.8885,0.1852,0.9639,-0.10,23.29,0.413,,1,1,3.097,0.0509,,,,-0.28645,2.59436,7.724,2.687,0.722,2.588,,
130.134,0.1695,0.8908,0.1879,0.8989,-0.13,23.19,0.415,,1,1,3.097,0.0509,,,,-0.28459,2.58585,7.724,2.687,0.722,2.588,,
130.183,0.1752,0.8582,0.1937,0.7506,-0.08,23.16,0.411,,1,1,3.097,0.0509,,,,-0.25526,2.60973,7.724,2.687,0.722,2.588,,
130.224,0.2069,0.8862,0.3083,0.9759,-0.02,23.18,0.407,,1,1,3.097,0.0509,,,,-0.17683,2.65282,7.724,2.687,0.722,2.588,,
130.270,0.2598,0.9046,0.4316,0.9665,0.02,23.23,0.405,,1,1,3.097,0.0509,,,,-0.11299,2.68548,7.724,2.687,0.722,2.588,,
130.320,0.3183,0.8930,0.4877,0.8564,0.06,23.32,0.402,,1,1,3.097,0.0509,,,,-0.03049,2.65952,7.724,2.687,0.722,2.588,,
130.382,0.3575,0.9102,0.4494,0.9539,0.09,23.35,0.403,,1,1,3.097,0.0509,,,,-0.02658,2.63351,7.724,2.687,0.722,2.588,,
130.439,0.3866,0.9143,0.4599,0.9255,0.11,23.38,0.395,,1,1,3.097,0.0509,,,,-0.01220,2.62558,7.724,2.687,0.722,2.588,,
130.493,0.4124,0.8439,0.4796,0.6488,0.14,23.43,0.401,,1,1,3.097,0.0509,,,,-0.00572,2.57188,7.724,2.687,0.722,2.588,,
130.547,0.4508,0.7920,0.5553,0.6458,0.16,23.39,0.400,,1,1,3.097,0.0509,,,,0.05634,2.53114,7.724,2.687,0.722,2.588,,
130.596,0.4821,0.7782,0.5714,0.7369,0.18,23.30,0.405,,1,1,3.097,0.0509,,,,0.08685,2.51189,7.724,2.687,0.722,2.588,,
130.640,0.5022,0.7853,0.5661,0.8095,0.18,23.25,0.405,,1,1,3.097,0.0509,,,,0.09248,2.50338,7.724,2.687,0.722,2.588,,
130.690,0.5129,0.7994,0.5441,0.8432,0.15,23.16,0.409,,1,1,3.097,0.0509,,,,0.08619,2.48614,7.724,2.687,0.722,2.588,,
130.749,0.5294,0.8218,0.5694,0.8802,0.14,23.07,0.420,,1,1,3.097,0.0509,,,,0.11549,2.49406,7.724,2.687,0.722,2.588,,
130.803,0.5423,0.8437,0.5795,0.9100,0.16,23.05,0.420,,1,1,3.097,0.0509,,,,0.12485,2.50897,7.724,2.687,0.722,2.588,,
130.842,0.5486,0.8536,0.5725,0.8922,0.16,23.06,0.420,,1,1,3.097,0.0509,,,,0.12725,2.52417,7.724,2.687,0.722,2.588,,
130.890,0.5590,0.8669,0.5912,0.9094,0.16,23.04,0.418,,1,1,3.097,0.0509,,,,0.14267,2.52443,7.724,2.687,0.722,2.588,,
130.932,0.5634,0.8770,0.5797,0.9151,0.15,23.02,0.420,,1,1,3.097,0.0509,,,,0.15200,2.52488,7.724,2.687,0.722,2.588,,
130.972,0.5666,0.8852,0.5780,0.9152,0.14,23.01,0.418,,1,1,3.097,0.0509,,,,0.14977,2.52961,7.724,2.687,0.722,2.588,,
131.010,0.5682,0.8822,0.5751,0.8700,0.13,23.00,0.408,,1,1,3.097,0.0509,,,,0.14906,2.51793,7.724,2.687,0.722,2.588,,
131.051,0.5675,0.8330,0.5649,0.6548,0.13,23.02,0.398,,1,1,3.097,0.0509,,,,0.15365,2.48465,7.724,2.687,0.722,2.588,,
131.101,0.5653,0.6966,0.5585,0.3195,0.12,23.08,0.421,,1,1,3.097,0.0509,,,,0.15067,2.43122,7.724,2.687,0.722,2.588,,
131.147,0.5590,0.5777,0.5371,0.2370,0.10,23.14,0.441,,1,1,3.097,0.0509,,,,0.13843,2.40355,7.724,2.687,0.722,2.588,,
131.188,0.5553,0.5092,0.5411,0.2982,0.09,23.20,0.454,,1,1,3.097,0.0509,,,,0.13904,2.39539,7.724,2.687,0.722,2.588,,
131.236,0.5472,0.4267,0.5195,0.2025,0.06,23.26,0.465,,1,1,3.097,0.0509,,,,0.14012,2.36419,7.724,2.687,0.722,2.588,,
131.283,0.5421,0.3827,0.5244,0.2602,0.05,23.32,0.462,,1,1,3.097,0.0509,,,,0.13611,2.36135,7.724,2.687,0.722,2.588,,
131.325,0.5363,0.3466,0.5157,0.2401,0.04,23.37,0.460,,1,1,3.097,0.0509,,,,0.12636,2.35876,7.724,2.687,0.722,2.588,,
131.368,0.5288,0.2947,0.5024,0.1442,0.02,23.43,0.465,,1,1,3.097,0.0509,,,,0.12295,2.34516,7.724,2.687,0.722,2.588,,
131.413,0.5239,0.2448,0.5071,0.1012,0.01,23.50,0.473,,1,1,3.097,0.0509,,,,0.12183,2.33116,7.724,2.687,0.722,2.588,,
131.462,0.5159,0.2028,0.4908,0.0908,-0.02,23.52,0.472,,1,1,3.097,0.0509,,,,0.10283,2.31314,7.724,2.687,0.722,2.588,,
131.518,0.5103,0.2194,0.4939,0.2624,-0.07,23.51,0.481,,1,1,3.097,0.0509,,,,0.09211,2.30571,7.724,2.687,0.722,2.588,,
131.556,0.5138,0.2263,0.5280,0.2514,-0.10,23.49,0.478,,1,1,3.097,0.0509,,,,0.07977,2.30853,7.724,2.687,0.722,2.588,,
131.612,0.5176,0.1965,0.5287,0.1165,-0.12,23.45,0.468,,1,1,3.097,0.0509,,,,0.06536,2.30363,7.724,2.687,0.722,2.588,,
131.655,0.5217,0.2123,0.5366,0.2664,-0.15,23.39,0.472,,1,1,3.097,0.0509,,,,0.05848,2.29535,7.724,2.687,0.722,2.588,,
131.694,0.5236,0.2275,0.5310,0.2849,-0.15,23.38,0.471,,1,1,3.097,0.0509,,,,0.05499,2.29174,7.724,2.687,0.722,2.588,,
131.738,0.5242,0.2214,0.5265,0.1998,-0.16,23.36,0.473,,1,1,3.097,0.0509,,,,0.05510,2.28142,7.724,2.687,0.722,2.588,,
131.775,0.5247,0.2336,0.5268,0.2898,-0.17,23.34,0.467,,1,1,3.097,0.0509,,,,0.05506,2.27080,7.724,2.687,0.722,2.588,,
131.810,0.5421,0.2410,0.6142,0.2720,-0.18,23.33,0.466,,1,1,3.097,0.0509,,,,0.10269,2.29298,7.724,2.687,0.722,2.588,,
131.850,0.5761,0.2353,0.7051,0.2125,-0.19,23.31,0.473,,1,1,3.097,0.0509,,,,0.18567,2.27347,7.724,2.687,0.722,2.588,,
131.898,0.6157,0.2124,0.7354,0.1395,-0.19,23.27,0.479,,1,1,3.097,0.0509,,,,0.21499,2.32824,7.724,2.687,0.722,2.588,,
131.952,0.6529,0.2148,0.7576,0.2219,-0.20,23.22,0.475,,1,1,3.097,0.0509,,,,0.24117,2.34055,7.724,2.687,0.722,2.588,,
132.000,0.7096,0.2040,0.8742,0.1697,-0.20,23.22,0.464,,1,1,3.097,0.0509,,,,0.31704,2.29733,7.724,2.687,0.722,2.588,,
132.042,0.7598,0.2145,0.9284,0.2550,-0.21,23.20,0.471,,1,1,3.097,0.0509,,,,0.35910,2.26658,7.724,2.687,0.722,2.588,,
132.082,0.8232,0.2184,1.0205,0.2328,-0.19,23.20,0.483,,1,1,3.097,0.0509,,,,0.40725,2.32350,7.724,2.687,0.722,2.588,,
132.130,0.8736,0.2200,1.0203,0.2255,-0.20,23.19,0.481,,1,1,3.097,0.0509,,,,0.44816,2.28014,7.724,2.687,0.722,2.588,,
132.178,0.9212,0.2314,1.0497,0.2677,-0.19,23.26,0.481,,1,1,3.097,0.0509,,,,0.50892,2.30055,7.724,2.687,0.722,2.588,,
132.216,0.9321,0.2534,0.9711,0.3413,-0.17,23.31,0.485,,1,1,3.097,0.0509,,,,0.51364,2.30655,7.724,2.687,0.722,2.588,,
132.268,0.9173,0.2789,0.8739,0.3577,-0.17,23.35,0.494,,1,1,3.097,0.0509,,,,0.52191,2.33332,7.724,2.687,0.722,2.588,,
132.316,0.9115,0.2941,0.8944,0.3404,-0.18,23.35,0.498,,1,1,3.097,0.0509,,,,0.54663,2.34803,7.724,2.687,0.722,2.588,,
132.361,0.9141,0.2926,0.9226,0.2873,-0.17,23.36,0.487,,1,1,3.097,0.0509,,,,0.56594,2.34393,7.724,2.687,0.722,2.588,,
132.406,0.9339,0.2865,0.9956,0.2665,-0.18,23.38,0.485,,1,1,3.097,0.0509,,,,0.60391,2.30458,7.724,2.687,0.722,2.588,,
132.450,0.9479,0.2781,1.0008,0.2447,-0.19,23.37,0.487,,1,1,3.097,0.0509,,,,0.62879,2.31583,7.724,2.687,0.722,2.588,,
132.491,0.9524,0.2681,0.9678,0.2314,-0.19,23.35,0.489,,1,1,3.097,0.0509,,,,0.65417,2.30674,7.724,2.687,0.722,2.588,,
132.533,0.9556,0.2663,0.9669,0.2599,-0.19,23.31,0.495,,1,1,3.097,0.0509,,,,0.64790,2.28666,7.724,2.687,0.722,2.588,,
132.575,0.9506,0.2636,0.9322,0.2532,-0.18,23.34,0.496,,1,1,3.097,0.0509,,,,0.65225,2.27640,7.724,2.687,0.722,2.588,,
132.628,0.9461,0.2628,0.9322,0.2604,-0.16,23.32,0.481,,1,1,3.097,0.0509,,,,0.66535,2.34801,7.724,2.687,0.722,2.588,,
132.669,0.9434,0.2949,0.9335,0.4099,-0.11,23.29,0.428,,1,1,3.097,0.0509,,,,0.70258,2.49645,7.724,2.687,0.722,2.588,,
132.722,0.9657,0.3875,1.0343,0.6528,-0.02,23.31,0.376,,1,1,3.097,0.0509,,,,0.77213,2.62217,7.724,2.687,0.722,2.588,,
132.774,0.9799,0.4458,1.0213,0.6012,0.03,23.24,0.385,,1,1,3.097,0.0509,,,,0.76675,2.58990,7.724,2.687,0.722,2.588,,
132.814,0.9887,0.4817,1.0204,0.5988,0.11,23.25,0.391,,1,1,3.097,0.0509,,,,0.76121,2.60597,7.724,2.687,0.722,2.588,,
132.856,0.9906,0.5148,0.9977,0.6246,0.17,23.27,0.400,,1,1,3.097,0.0509,,,,0.74111,2.60265,7.724,2.687,0.722,2.588,,
132.900,0.9920,0.5373,0.9970,0.6095,0.24,23.30,0.403,,1,1,3.097,0.0509,,,,0.73966,2.58773,7.724,2.687,0.722,2.588,,
132.955,0.9852,0.5624,0.9657,0.6264,0.29,23.29,0.405,,1,1,3.097,0.0509,,,,0.71594,2.55890,7.724,2.687,0.722,2.588,,
133.010,0.9789,0.6057,0.9609,0.7163,0.36,23.29,0.411,,1,1,3.097,0.0509,,,,0.71323,2.57545,7.724,2.687,0.722,2.588,,
133.056,0.9691,0.6739,0.9340,0.8850,0.40,23.28,0.418,,1,1,3.097,0.0509,,,,0.69330,2.59269,7.724,2.687,0.722,2.588,,
133.102,0.9639,0.7141,0.9468,0.8279,0.44,23.25,0.422,,1,1,3.097,0.0509,,,,0.68575,2.61134,7.724,2.687,0.722,2.588,,
133.151,0.9640,0.7214,0.9642,0.7439,0.44,23.18,0.423,,1,1,3.097,0.0509,,,,0.68276,2.60565,7.724,2.687,0.722,2.588,,
133.196,0.9606,0.7290,0.9497,0.7516,0.45,23.15,0.425,,1,1,3.097,0.0509,,,,0.67190,2.59982,7.724,2.687,0.722,2.588,,
133.242,0.9665,0.7332,0.9881,0.7473,0.45,23.11,0.431,,1,1,3.097,0.0509,,,,0.67285,2.60715,7.724,2.687,0.722,2.588,,
133.288,0.9715,0.7525,0.9877,0.8111,0.46,23.07,0.430,,1,1,3.097,0.0509,,,,0.66375,2.60679,7.724,2.687,0.722,2.588,,
133.334,0.9789,0.7813,1.0044,0.8724,0.45,23.03,0.426,,1,1,3.097,0.0509,,,,0.66449,2.59636,7.724,2.687,0.722,2.588,,
133.385,0.9881,0.8079,1.0163,0.8829,0.43,22.96,0.422,,1,1,3.097,0.0509,,,,0.66930,2.60071,7.724,2.687,0.722,2.588,,
133.427,0.9845,0.8267,0.9710,0.8910,0.41,22.93,0.428,,1,1,3.097,0.0509,,,,0.64740,2.60828,7.724,2.687,0.722,2.588,,
133.469,0.9698,0.8474,0.9145,0.9188,0.40,22.94,0.425,,1,1,3.097,0.0509,,,,0.57078,2.56777,7.724,2.687,0.722,2.588,,
133.510,0.9317,0.8681,0.7840,0.9449,0.39,22.95,0.422,,1,1,3.097,0.0509,,,,0.48422,2.52443,7.724,2.687,0.722,2.588,,
133.551,0.8849,0.8948,0.7169,0.9887,0.37,22.94,0.421,,1,1,3.097,0.0509,,,,0.40414,2.51497,7.724,2.687,0.722,2.588,,
133.589,0.8507,0.9057,0.7317,0.9441,0.35,22.92,0.423,,1,1,3.097,0.0509,,,,0.37573,2.52402,7.724,2.687,0.722,2.588,,
133.635,0.8028,0.9188,0.6564,0.9607,0.33,22.96,0.420,,1,1,3.097,0.0509,,,,0.29786,2.50745,7.724,2.687,0.722,2.588,,
133.682,0.7464,0.9187,0.5650,0.9184,0.31,22.96,0.419,,1,1,3.097,0.0509,,,,0.24060,2.48272,7.724,2.687,0.722,2.588,,
133.731,0.6834,0.9153,0.5192,0.9051,0.29,22.98,0.419,,1,1,3.097,0.0509,,,,0.21067,2.51399,7.724,2.687,0.722,2.588,,
133.771,0.6430,0.9192,0.5127,0.9337,0.28,23.01,0.418,,1,1,3.097,0.0509,,,,0.18854,2.51641,7.724,2.687,0.722,2.588,,
133.817,0.6147,0.9299,0.5262,0.9675,0.26,23.02,0.412,,1,1,3.097,0.0509,,,,0.16102,2.53215,7.724,2.687,0.722,2.588,,
133.859,0.5936,0.9250,0.5290,0.9081,0.26,22.98,0.409,,1,1,3.097,0.0509,,,,0.14419,2.52852,7.724,2.687,0.722,2.588,,
133.899,0.5826,0.9228,0.5445,0.9142,0.24,22.93,0.409,,1,1,3.097,0.0509,,,,0.13632,2.52792,7.724,2.687,0.722,2.588,,
133.945,0.5672,0.9205,0.5195,0.9129,0.23,22.91,0.410,,1,1,3.097,0.0509,,,,0.11728,2.51576,7.724,2.687,0.722,2.588,,
133.995,0.5535,0.9153,0.5116,0.8976,0.23,22.91,0.414,,1,1,3.097,0.0509,,,,0.10118,2.50497,7.724,2.687,0.722,2.588,,
134.039,0.5432,0.9149,0.5100,0.9134,0.23,22.92,0.412,,1,1,3.097,0.0509,,,,0.08539,2.51514,7.724,2.687,0.722,2.588,,
134.078,0.5377,0.9199,0.5177,0.9396,0.23,22.92,0.410,,1,1,3.097,0.0509,,,,0.08207,2.51894,7.724,2.687,0.722,2.588,,
134.139,0.5365,0.9267,0.5333,0.9448,0.24,22.92,0.407,,1,1,3.097,0.0509,,,,0.08274,2.51897,7.724,2.687,0.722,2.588,,
134.183,0.5355,0.9103,0.5320,0.8492,0.23,22.95,0.403,,1,1,3.097,0.0509,,,,0.08614,2.50705,7.724,2.687,0.722,2.588,,
134.224,0.5316,0.8973,0.5171,0.8483,0.23,22.97,0.403,,1,1,3.097,0.0509,,,,0.08315,2.50367,7.724,2.687,0.722,2.588,,
134.265,0.5278,0.8755,0.5149,0.8010,0.22,23.01,0.401,,1,1,3.097,0.0509,,,,0.08431,2.48244,7.724,2.687,0.722,2.588,,
134.315,0.5280,0.8636,0.5289,0.8244,0.23,23.03,0.404,,1,1,3.097,0.0509,,,,0.08994,2.48391,7.724,2.687,0.722,2.588,,
134.360,0.5289,0.8463,0.5317,0.7883,0.26,23.04,0.409,,1,1,3.097,0.0509,,,,0.09024,2.48934,7.724,2.687,0.722,2.588,,
134.406,0.5301,0.7594,0.5340,0.5108,0.25,23.06,0.452,,1,1,3.097,0.0509,,,,0.08708,2.42880,7.724,2.687,0.722,2.588,,
134.446,0.5312,0.7051,0.5359,0.5085,0.23,23.08,0.457,,1,1,3.097,0.0509,,,,0.08347,2.41759,7.724,2.687,0.722,2.588,,
134.483,0.5305,0.6543,0.5278,0.4804,0.22,23.09,0.460,,1,1,3.097,0.0509,,,,0.08156,2.40678,7.724,2.687,0.722,2.588,,
134.535,0.5273,0.5857,0.5170,0.3997,0.20,23.09,0.458,,1,1,3.097,0.0509,,,,0.06854,2.39590,7.724,2.687,0.722,2.588,,
134.584,0.5224,0.4829,0.5071,0.2251,0.18,23.16,0.454,,1,1,3.097,0.0509,,,,0.06457,2.33816,7.724,2.687,0.722,2.588,,
134.631,0.5207,0.4306,0.5148,0.2759,0.16,23.17,0.467,,1,1,3.097,0.0509,,,,0.05969,2.31323,7.724,2.687,0.722,2.588,,
134.670,0.5169,0.3983,0.5030,0.3009,0.13,23.19,0.464,,1,1,3.097,0.0509,,,,0.06129,2.31046,7.724,2.687,0.722,2.588,,
134.722,0.5148,0.3686,0.5080,0.2876,0.12,23.22,0.468,,1,1,3.097,0.0509,,,,0.06153,2.31373,7.724,2.687,0.722,2.588,,
134.769,0.5103,0.3102,0.4953,0.1483,0.08,23.25,0.478,,1,1,3.097,0.0509,,,,0.07237,2.26540,7.724,2.687,0.722,2.588,,
134.811,0.5067,0.2809,0.4939,0.1916,0.05,23.26,0.479,,1,1,3.097,0.0509,,,,0.07189,2.26098,7.724,2.687,0.722,2.588,,
134.858,0.5005,0.2676,0.4795,0.2282,0.02,23.25,0.479,,1,1,3.097,0.0509,,,,0.07022,2.25487,7.724,2.687,0.722,2.588,,
134.905,0.4973,0.2583,0.4864,0.2296,-0.00,23.24,0.479,,1,1,3.097,0.0509,,,,0.06896,2.25231,7.724,2.687,0.722,2.588,,
134.952,0.4958,0.2512,0.4908,0.2304,-0.02,23.24,0.478,,1,1,3.097,0.0509,,,,0.06055,2.25739,7.724,2.687,0.722,2.588,,
134.991,0.4944,0.2290,0.4890,0.1449,-0.04,23.25,0.473,,1,1,3.097,0.0509,,,,0.04638,2.25473,7.724,2.687,0.722,2.588,,
135.029,0.4931,0.2380,0.4876,0.2710,-0.06,23.22,0.471,,1,1,3.097,0.0509,,,,0.04246,2.24835,7.724,2.687,0.722,2.588,,
135.078,0.4936,0.2461,0.4953,0.2728,-0.08,23.24,0.474,,1,1,3.097,0.0509,,,,0.03996,2.24542,7.724,2.687,0.722,2.588,,
135.134,0.4934,0.2468,0.4928,0.2487,-0.09,23.25,0.472,,1,1,3.097,0.0509,,,,0.03296,2.23953,7.724,2.687,0.722,2.588,,
135.177,0.4942,0.2486,0.4974,0.2559,-0.10,23.27,0.471,,1,1,3.097,0.0509,,,,0.03057,2.24278,7.724,2.687,0.722,2.588,,
135.227,0.4957,0.2424,0.5004,0.2246,-0.12,23.31,0.475,,1,1,3.097,0.0509,,,,0.03899,2.23814,7.724,2.687,0.722,2.588,,
135.273,0.4997,0.2278,0.5126,0.1819,-0.14,23.33,0.470,,1,1,3.097,0.0509,,,,0.03891,2.24010,7.724,2.687,0.722,2.588,,
135.318,0.5020,0.2157,0.5102,0.1740,-0.14,23.35,0.461,,1,1,3.097,0.0509,,,,0.03483,2.25737,7.724,2.687,0.722,2.588,,
135.366,0.4993,0.2810,0.4894,0.5086,-0.13,23.40,0.426,,1,1,3.097,0.0509,,,,0.03839,2.33957,7.724,2.687,0.722,2.588,,
135.411,0.4979,0.3870,0.4929,0.7178,-0.08,23.48,0.381,,1,1,3.097,0.0509,,,,0.03399,2.42733,7.724,2.687,0.722,2.588,,
135.450,0.4949,0.4757,0.4839,0.7480,-0.08,23.49,0.395,,1,1,3.097,0.0509,,,,0.04473,2.46548,7.724,2.687,0.722,2.588,,
135.497,0.4949,0.5599,0.4950,0.8016,-0.08,23.47,0.396,,1,1,3.097,0.0509,,,,0.05410,2.49602,7.724,2.687,0.722,2.588,,
135.538,0.4970,0.6171,0.5047,0.7872,-0.08,23.43,0.402,,1,1,3.097,0.0509,,,,0.06770,2.48783,7.724,2.687,0.722,2.588,,
135.582,0.5087,0.6600,0.5508,0.7868,-0.07,23.39,0.403,,1,1,3.097,0.0509,,,,0.09352,2.48637,7.724,2.687,0.722,2.588,,
135.628,0.5105,0.6961,0.5168,0.8012,-0.04,23.39,0.404,,1,1,3.097,0.0509,,,,0.10060,2.50420,7.724,2.687,0.722,2.588,,
135.672,0.5117,0.7428,0.5160,0.8809,-0.04,23.36,0.397,,1,1,3.097,0.0509,,,,0.11882,2.51688,7.724,2.687,0.722,2.588,,
135.716,0.5127,0.8170,0.5164,1.0310,-0.03,23.28,0.382,,1,1,3.097,0.0509,,,,0.12584,2.54768,7.724,2.687,0.722,2.588,,
135.762,0.5139,0.8582,0.5178,0.9726,-0.02,23.21,0.388,,1,1,3.097,0.0509,,,,0.14013,2.54495,7.724,2.687,0.722,2.588,,
135.814,0.5146,0.8665,0.5166,0.8896,-0.01,23.15,0.395,,1,1,3.097,0.0509,,,,0.15017,2.55547,7.724,2.687,0.722,2.588,,
135.858,0.5210,0.8779,0.5426,0.9115,0.01,23.12,0.397,,1,1,3.097,0.0509,,,,0.17491,2.56038,7.724,2.687,0.722,2.588,,
135.896,0.5252,0.8876,0.5426,0.9235,0.02,23.08,0.399,,1,1,3.097,0.0509,,,,0.17885,2.57020,7.724,2.687,0.722,2.588,,
135.939,0.5280,0.9102,0.5381,0.9842,0.01,23.02,0.399,,1,1,3.097,0.0509,,,,0.18120,2.57703,7.724,2.687,0.722,2.588,,
135.989,0.5252,0.9166,0.5160,0.9361,0.00,23.01,0.400,,1,1,3.097,0.0509,,,,0.18319,2.57852,7.724,2.687,0.722,2.588,,
136.027,0.5239,0.9157,0.5186,0.9125,-0.01,22.98,0.402,,1,1,3.097,0.0509,,,,0.18790,2.58416,7.724,2.687,0.722,2.588,,
136.078,0.5205,0.9046,0.5098,0.8713,-0.01,22.99,0.398,,1,1,3.097,0.0509,,,,0.18519,2.58181,7.724,2.687,0.722,2.588,,
136.119,0.5202,0.8912,0.5191,0.8411,-0.01,23.00,0.398,,1,1,3.097,0.0509,,,,0.19513,2.57562,7.724,2.687,0.722,2.588,,
136.162,0.5218,0.8562,0.5276,0.7291,-0.02,23.03,0.410,,1,1,3.097,0.0509,,,,0.20430,2.56193,7.724,2.687,0.722,2.588,,
136.206,0.5213,0.7863,0.5197,0.5427,-0.04,23.09,0.446,,1,1,3.097,0.0509,,,,0.21089,2.49907,7.724,2.687,0.722,2.588,,
136.248,0.5210,0.7085,0.5197,0.4639,-0.04,23.14,0.463,,1,1,3.097,0.0509,,,,0.20901,2.46538,7.724,2.687,0.722,2.588,,
136.302,0.5214,0.6347,0.5227,0.4419,-0.05,23.17,0.463,,1,1,3.097,0.0509,,,,0.20394,2.43535,7.724,2.687,0.722,2.588,,
136.341,0.5210,0.6013,0.5195,0.4867,-0.07,23.19,0.462,,1,1,3.097,0.0509,,,,0.20635,2.42754,7.724,2.687,0.722,2.588,,
136.386,0.5199,0.5750,0.5159,0.4906,-0.08,23.21,0.461,,1,1,3.097,0.0509,,,,0.20617,2.42676,7.724,2.687,0.722,2.588,,
136.426,0.5179,0.5591,0.5108,0.5100,-0.10,23.22,0.462,,1,1,3.097,0.0509,,,,0.20090,2.42168,7.724,2.687,0.722,2.588,,
136.472,0.5161,0.5519,0.5099,0.5296,-0.13,23.19,0.463,,1,1,3.097,0.0509,,,,0.19985,2.41726,7.724,2.687,0.722,2.588,,
136.524,0.5181,0.5620,0.5245,0.5920,-0.14,23.15,0.464,,1,1,3.097,0.0509,,,,0.20110,2.40115,7.724,2.687,0.722,2.588,,
136.570,0.5202,0.5688,0.5276,0.5909,-0.15,23.10,0.464,,1,1,3.097,0.0509,,,,0.19984,2.40001,7.724,2.687,0.722,2.588,,
136.612,0.5221,0.5811,0.5293,0.6262,-0.15,23.07,0.462,,1,1,3.097,0.0509,,,,0.20003,2.40581,7.724,2.687,0.722,2.588,,
136.662,0.5224,0.6150,0.5233,0.7183,-0.17,23.04,0.456,,1,1,3.097,0.0509,,,,0.20340,2.42805,7.724,2.687,0.722,2.588,,
136.712,0.5239,0.6196,0.5289,0.6347,-0.18,23.04,0.452,,1,1,3.097,0.0509,,,,0.20676,2.43119,7.724,2.687,0.722,2.588,,
136.758,0.5260,0.6208,0.5330,0.6247,-0.19,23.03,0.448,,1,1,3.097,0.0509,,,,0.21549,2.43502,7.724,2.687,0.722,2.588,,
136.805,0.5376,0.6253,0.5749,0.6400,-0.21,23.02,0.448,,1,1,3.097,0.0509,,,,0.23158,2.43378,7.724,2.687,0.722,2.588,,
136.846,0.5450,0.6291,0.5753,0.6449,-0.22,23.04,0.447,,1,1,3.097,0.0509,,,,0.23325,2.43832,7.724,2.687,0.722,2.588,,
136.886,0.5537,0.6282,0.5851,0.6249,-0.22,23.04,0.443,,1,1,3.097,0.0509,,,,0.24889,2.44597,7.724,2.687,0.722,2.588,,
136.929,0.6048,0.6121,0.7785,0.5537,-0.19,23.13,0.443,,1,1,3.097,0.0509,,,,0.38012,2.50859,7.724,2.687,0.722,2.588,,
137.002,0.6776,0.5830,0.8278,0.5184,-0.14,23.11,0.443,,1,1,3.097,0.0509,,,,0.54122,2.45092,7.724,2.687,0.722,2.588,,
137.048,0.7271,0.5597,0.8701,0.4873,-0.10,23.15,0.452,,1,1,3.097,0.0509,,,,0.61499,2.46858,7.724,2.687,0.722,2.588,,
137.112,0.7804,0.5604,0.8978,0.5620,-0.04,23.12,0.449,,1,1,3.097,0.0509,,,,0.68136,2.46310,7.724,2.687,0.722,2.588,,
137.161,0.8075,0.5587,0.8925,0.5527,0.00,23.08,0.458,,1,1,3.097,0.0509,,,,0.70430,2.46149,7.724,2.687,0.722,2.588,,
137.211,0.8343,0.5516,0.9120,0.5292,0.01,23.00,0.458,,1,1,3.097,0.0509,,,,0.73146,2.47560,7.724,2.687,0.722,2.588,,
137.273,0.8614,0.5447,0.9221,0.5280,0.04,22.94,0.459,,1,1,3.097,0.0509,,,,0.78392,2.46901,7.724,2.687,0.722,2.588,,
137.315,0.8669,0.5318,0.8849,0.4872,0.02,22.85,0.462,,1,1,3.097,0.0509,,,,0.78837,2.44566,7.724,2.687,0.722,2.588,,
137.358,0.8707,0.5279,0.8839,0.5140,0.04,22.80,0.462,,1,1,3.097,0.0509,,,,0.79114,2.45098,7.724,2.687,0.722,2.588,,
137.409,0.8802,0.5149,0.9082,0.4754,0.03,22.73,0.464,,1,1,3.097,0.0509,,,,0.79619,2.42807,7.724,2.687,0.722,2.588,,
137.456,0.8852,0.5057,0.9023,0.4740,0.06,22.73,0.464,,1,1,3.097,0.0509,,,,0.81546,2.42351,7.724,2.687,0.722,2.588,,
137.497,0.8921,0.4946,0.9176,0.4527,0.06,22.67,0.465,,1,1,3.097,0.0509,,,,0.83195,2.42468,7.724,2.687,0.722,2.588,,
137.543,0.9050,0.4858,0.9450,0.4585,0.02,22.55,0.462,,1,1,3.097,0.0509,,,,0.84644,2.42787,7.724,2.687,0.722,2.588,,
137.583,0.9222,0.4423,0.9857,0.2847,-0.01,22.45,0.472,,1,1,3.097,0.0509,,,,0.88048,2.42308,7.724,2.687,0.722,2.588,,
137.634,0.9424,0.3819,1.0020,0.2124,0.01,22.39,0.478,,1,1,3.097,0.0509,,,,0.94903,2.38473,7.724,2.687,0.722,2.588,,
137.679,0.9498,0.3473,0.9748,0.2373,0.04,22.38,0.482,,1,1,3.097,0.0509,,,,0.96490,2.39327,7.724,2.687,0.722,2.588,,
137.722,0.9542,0.3215,0.9699,0.2341,0.04,22.31,0.486,,1,1,3.097,0.0509,,,,0.98266,2.40501,7.724,2.687,0.722,2.588,,
137.773,0.9555,0.3037,0.9597,0.2528,0.05,22.25,0.486,,1,1,3.097,0.0509,,,,0.96841,2.39682,7.724,2.687,0.722,2.588,,
137.813,0.9540,0.2934,0.9487,0.2585,0.07,22.22,0.484,,1,1,3.097,0.0509,,,,0.96504,2.37893,7.724,2.687,0.722,2.588,,
137.857,0.9509,0.2991,0.9383,0.3207,0.08,22.21,0.485,,1,1,3.097,0.0509,,,,0.96009,2.35260,7.724,2.687,0.722,2.588,,
137.899,0.9481,0.3086,0.9388,0.3394,0.11,22.22,0.483,,1,1,3.097,0.0509,,,,0.95895,2.35010,7.724,2.687,0.722,2.588,,
137.934,0.9462,0.3090,0.9378,0.3105,0.13,22.23,0.484,,1,1,3.097,0.0509,,,,0.95673,2.35059,7.724,2.687,0.722,2.588,,
137.978,0.9445,0.2971,0.9382,0.2559,0.12,22.18,0.486,,1,1,3.097,0.0509,,,,0.95113,2.32317,7.724,2.687,0.722,2.588,,
138.033,0.9486,0.2972,0.9609,0.2975,0.12,22.13,0.486,,1,1,3.097,0.0509,,,,0.93308,2.31346,7.724,2.687,0.722,2.588,,
138.088,0.9466,0.2936,0.9410,0.2837,0.12,22.08,0.495,,1,1,3.097,0.0509,,,,0.91404,2.31250,7.724,2.687,0.722,2.588,,
138.130,0.9459,0.2490,0.9437,0.1009,0.12,22.09,0.496,,1,1,3.097,0.0509,,,,0.90615,2.33494,7.724,2.687,0.722,2.588,,
138.187,0.9497,0.2210,0.9608,0.1441,0.10,21.98,0.495,,1,1,3.097,0.0509,,,,0.89615,2.34978,7.724,2.687,0.722,2.588,,
138.233,0.9584,0.1994,0.9859,0.1346,0.09,21.93,0.492,,1,1,3.097,0.0509,,,,0.89479,2.34562,7.724,2.687,0.722,2.588,,
138.281,0.9701,0.2957,1.0101,0.6185,0.14,21.86,0.362,,1,1,3.097,0.0509,,,,0.91299,2.56724,7.724,2.687,0.722,2.588,,
138.329,0.9560,0.4341,0.9105,0.8191,0.22,21.80,0.298,,1,1,3.097,0.0509,,,,0.86409,2.61509,7.724,2.687,0.722,2.588,,
138.378,0.9423,0.5874,0.8969,0.9968,0.26,21.65,0.283,,1,1,3.097,0.0509,,,,0.85510,2.65085,7.724,2.687,0.722,2.588,,
138.424,0.9229,0.7035,0.8576,1.0120,0.31,21.59,0.296,,1,1,3.097,0.0509,,,,0.82605,2.62018,7.724,2.687,0.722,2.588,,
138.471,0.8931,0.8030,0.8010,1.1163,0.38,21.54,0.316,,1,1,3.097,0.0509,,,,0.78870,2.59730,7.724,2.687,0.722,2.588,,
138.519,0.8682,0.8732,0.7915,1.0766,0.46,21.53,0.336,,1,1,3.097,0.0509,,,,0.78420,2.61675,7.724,2.687,0.722,2.588,,
138.567,0.8494,0.9163,0.7902,1.0304,0.53,21.54,0.351,,1,1,3.097,0.0509,,,,0.77822,2.62341,7.724,2.687,0.722,2.588,,
138.634,0.8329,0.9290,0.7954,0.9544,0.57,21.57,0.363,,1,1,3.097,0.0509,,,,0.76985,2.60376,7.724,2.687,0.722,2.588,,
138.671,0.8359,0.9293,0.8476,0.9305,0.62,21.58,0.378,,1,1,3.097,0.0509,,,,0.77167,2.62812,7.724,2.687,0.722,2.588,,
138.733,0.8429,0.9327,0.8620,0.9410,0.65,21.57,0.377,,1,1,3.097,0.0509,,,,0.76859,2.61222,7.724,2.687,0.722,2.588,,
138.781,0.8472,0.9236,0.8601,0.8981,0.69,21.59,0.389,,1,1,3.097,0.0509,,,,0.77015,2.59334,7.724,2.687,0.722,2.588,,
138.824,0.8510,0.9266,0.8647,0.9367,0.72,21.65,0.397,,1,1,3.097,0.0509,,,,0.77992,2.59009,7.724,2.687,0.722,2.588,,
138.865,0.8536,0.9246,0.8640,0.9174,0.75,21.73,0.400,,1,1,3.097,0.0509,,,,0.78077,2.59121,7.724,2.687,0.722,2.588,,
138.912,0.7884,0.9281,0.5638,0.9401,0.73,21.70,0.395,,1,1,3.097,0.0509,,,,0.57507,2.49160,7.724,2.687,0.722,2.588,,
138.957,0.7168,0.9252,0.5097,0.9163,0.64,21.54,0.396,,1,1,3.097,0.0509,,,,0.51081,2.46928,7.724,2.687,0.722,2.588,,
139.013,0.6536,0.8760,0.4981,0.7403,0.55,21.42,0.407,,1,1,3.097,0.0509,,,,0.50018,2.50159,7.724,2.687,0.722,2.588,,
139.055,0.6208,0.8295,0.5107,0.6616,0.50,21.31,0.423,,1,1,3.097,0.0509,,,,0.49224,2.56366,7.724,2.687,0.722,2.588,,
139.112,0.5851,0.7932,0.4986,0.7006,0.43,21.19,0.420,,1,1,3.097,0.0509,,,,0.46730,2.55670,7.724,2.687,0.722,2.588,,
139.169,0.5619,0.7761,0.4968,0.7261,0.35,21.09,0.411,,1,1,3.097,0.0509,,,,0.45424,2.52035,7.724,2.687,0.722,2.588,,
139.203,0.5463,0.7640,0.4917,0.7198,0.31,21.06,0.419,,1,1,3.097,0.0509,,,,0.44996,2.50043,7.724,2.687,0.722,2.588,,
139.261,0.5311,0.7237,0.4927,0.6208,0.33,21.11,0.431,,1,1,3.097,0.0509,,,,0.45230,2.57295,7.724,2.687,0.722,2.588,,
139.304,0.5204,0.6876,0.4777,0.5463,0.31,21.15,0.431,,1,1,3.097,0.0509,,,,0.42162,2.57893,7.724,2.687,0.722,2.588,,
139.350,0.5161,0.6949,0.5030,0.7168,0.30,21.17,0.423,,1,1,3.097,0.0509,,,,0.40582,2.53652,7.724,2.687,0.722,2.588,,
139.395,0.5122,0.7124,0.4997,0.7700,0.27,21.17,0.422,,1,1,3.097,0.0509,,,,0.40649,2.50525,7.724,2.687,0.722,2.588,,
139.443,0.5048,0.7162,0.4805,0.7288,0.25,21.18,0.423,,1,1,3.097,0.0509,,,,0.39268,2.49424,7.724,2.687,0.722,2.588,,
139.485,0.4970,0.7338,0.4714,0.7938,0.25,21.23,0.427,,1,1,3.097,0.0509,,,,0.38876,2.51757,7.724,2.687,0.722,2.588,,
139.531,0.4908,0.7090,0.4703,0.6255,0.22,21.33,0.458,,1,1,3.097,0.0509,,,,0.39007,2.47523,7.724,2.687,0.722,2.588,,
139.577,0.4826,0.6195,0.4555,0.3439,0.19,21.47,0.474,,1,1,3.097,0.0509,,,,0.38469,2.40737,7.724,2.687,0.722,2.588,,
139.621,0.4730,0.5495,0.4386,0.3234,0.17,21.59,0.472,,1,1,3.097,0.0509,,,,0.37268,2.36683,7.724,2.687,0.722,2.588,,
139.669,0.4666,0.4418,0.4459,0.1459,0.13,21.66,0.482,,1,1,3.097,0.0509,,,,0.34892,2.32622,7.724,2.687,0.722,2.588,,
139.717,0.4665,0.3764,0.4662,0.2065,0.10,21.68,0.492,,1,1,3.097,0.0509,,,,0.33801,2.28139,7.724,2.687,0.722,2.588,,
139.780,0.4616,0.3345,0.4487,0.2399,0.05,21.69,0.490,,1,1,3.097,0.0509,,,,0.31789,2.27264,7.724,2.687,0.722,2.588,,
139.822,0.4574,0.2971,0.4436,0.1893,0.01,21.74,0.506,,1,1,3.097,0.0509,,,,0.31106,2.28955,7.724,2.687,0.722,2.588,,
139.874,0.4567,0.3058,0.4544,0.3303,-0.02,21.75,0.513,,1,1,3.097,0.0509,,,,0.30137,2.32474,7.724,2.687,0.722,2.588,,
139.930,0.4586,0.3185,0.4642,0.3535,-0.03,21.78,0.505,,1,1,3.097,0.0509,,,,0.29848,2.35473,7.724,2.687,0.722,2.588,,
139.973,0.4643,0.3210,0.4842,0.3293,-0.04,21.81,0.506,,1,1,3.097,0.0509,,,,0.29023,2.35711,7.724,2.687,0.722,2.588,,
140.017,0.4669,0.3249,0.4761,0.3383,-0.02,21.86,0.512,,1,1,3.097,0.0509,,,,0.27968,2.37529,7.724,2.687,0.722,2.588,,
140.056,0.4700,0.3180,0.4825,0.2907,0.00,21.93,0.502,,1,1,3.097,0.0509,,,,0.28063,2.39238,7.724,2.687,0.722,2.588,,
140.109,0.4755,0.3162,0.4929,0.3109,0.04,22.02,0.494,,1,1,3.097,0.0509,,,,0.28149,2.39350,7.724,2.687,0.722,2.588,,
140.146,0.4802,0.2780,0.4976,0.1443,0.01,22.01,0.490,,1,1,3.097,0.0509,,,,0.27851,2.36429,7.724,2.687,0.722,2.588,,
140.192,0.4650,0.2578,0.3897,0.1651,-0.03,21.98,0.484,,1,1,3.097,0.0509,,,,0.22322,2.32581,7.724,2.687,0.722,2.588,,
140.234,0.4199,0.2248,0.2972,0.1386,-0.06,21.98,0.484,,1,1,3.097,0.0509,,,,0.18225,2.34182,7.724,2.687,0.722,2.588,,
140.290,0.3878,0.2158,0.2982,0.1911,-0.09,21.99,0.483,,1,1,3.097,0.0509,,,,0.18182,2.33851,7.724,2.687,0.722,2.588,,
140.338,0.3597,0.2059,0.2705,0.1743,-0.12,21.99,0.481,,1,1,3.097,0.0509,,,,0.17226,2.33790,7.724,2.687,0.722,2.588,,
140.390,0.3315,0.1893,0.2550,0.1435,-0.15,21.98,0.484,,1,1,3.097,0.0509,,,,0.16001,2.32120,7.724,2.687,0.722,2.588,,
140.442,0.3102,0.1516,0.2451,0.0369,-0.18,21.97,0.490,,1,1,3.097,0.0509,,,,0.14782,2.32321,7.724,2.687,0.722,2.588,,
140.498,0.2809,0.1122,0.2080,0.0149,-0.22,21.93,0.487,,1,1,3.097,0.0509,,,,0.12253,2.34100,7.724,2.687,0.722,2.588,,
140.542,0.2452,0.0836,0.1323,-0.0067,-0.26,21.88,0.487,,1,1,3.097,0.0509,,,,0.07272,2.35837,7.724,2.687,0.722,2.588,,
140.586,0.2040,0.0516,0.0740,-0.0599,-0.30,21.88,0.488,,1,1,3.097,0.0509,,,,0.03515,2.35252,7.724,2.687,0.722,2.588,,
140.632,0.1783,0.0280,0.0941,-0.1488,-0.40,21.87,0.488,,1,1,3.097,0.0509,,,,-0.13805,2.33946,7.724,2.687,0.722,2.588,,
140.675,0.1644,0.0101,0.1180,-0.1829,-0.46,21.90,0.489,,1,1,3.097,0.0509,,,,-0.20469,2.35656,7.724,2.687,0.722,2.588,,
140.724,0.1539,0.0000,0.1234,-0.0838,-0.53,21.90,0.488,,1,1,3.097,0.0509,,,,-0.25388,2.35268,7.724,2.687,0.722,2.588,,
140.779,0.1360,0.0000,0.0902,-0.0689,-0.61,21.95,0.492,,1,1,3.097,0.0509,,,,-0.28128,2.33025,7.724,2.687,0.722,2.588,,
140.826,0.1180,0.0000,0.0620,-0.0781,-0.66,22.07,0.494,,1,1,3.097,0.0509,,,,-0.30401,2.31914,7.724,2.687,0.722,2.588,,
140.911,0.0999,0.0000,0.0679,-0.0511,-0.69,22.17,0.495,,1,1,3.097,0.0509,,,,-0.31284,2.35928,7.724,2.687,0.722,2.588,,
140.953,0.0904,0.0000,0.0568,-0.0425,-0.88,22.13,0.491,,1,1,3.097,0.0509,,,,-0.41509,2.33621,7.724,2.687,0.722,2.588,,
141.002,0.0913,0.0000,0.0941,0.0021,-0.93,22.14,0.494,,1,1,3.097,0.0509,,,,-0.43980,2.34619,7.724,2.687,0.722,2.588,,
141.067,0.0972,0.0000,0.1118,0.0448,-0.96,22.33,0.493,,1,1,3.097,0.0509,,,,-0.45714,2.38106,7.724,2.687,0.722,2.588,,
141.106,0.0985,0.0123,0.1038,0.0919,-0.94,22.44,0.489,,1,1,3.097,0.0509,,,,-0.47253,2.38388,7.724,2.687,0.722,2.588,,
141.163,0.0985,0.0383,0.0985,0.1064,-0.93,22.53,0.460,,1,1,3.097,0.0509,,,,-0.44940,2.38995,7.724,2.687,0.722,2.588,,
141.208,0.1102,0.0751,0.1506,0.1934,-0.88,22.65,0.453,,1,1,3.097,0.0509,,,,-0.45147,2.42776,7.724,2.687,0.722,2.588,,
141.251,0.1212,0.1318,0.1596,0.3118,-0.83,22.72,0.434,,1,1,3.097,0.0509,,,,-0.44388,2.47208,7.724,2.687,0.722,2.588,,
141.292,0.1297,0.1819,0.1632,0.3591,-0.78,22.77,0.428,,1,1,3.097,0.0509,,,,-0.43973,2.49611,7.724,2.687,0.722,2.588,,
141.335,0.1358,0.2401,0.1570,0.4157,-0.74,22.82,0.429,,1,1,3.097,0.0509,,,,-0.44198,2.50863,7.724,2.687,0.722,2.588,,
141.374,0.1389,0.2913,0.1547,0.5098,-0.68,22.88,0.427,,1,1,3.097,0.0509,,,,-0.44385,2.51731,7.724,2.687,0.722,2.588,,
141.413,0.1409,0.3511,0.1473,0.5174,-0.65,22.91,0.425,,1,1,3.097,0.0509,,,,-0.44402,2.51857,7.724,2.687,0.722,2.588,,
141.462,0.1420,0.4088,0.1459,0.5655,-0.61,22.94,0.424,,1,1,3.097,0.0509,,,,-0.44583,2.52824,7.724,2.687,0.722,2.588,,
141.505,0.1447,0.4631,0.1548,0.6336,-0.57,22.94,0.427,,1,1,3.097,0.0509,,,,-0.44497,2.54182,7.724,2.687,0.722,2.588,,
141.547,0.1468,0.5122,0.1541,0.6531,-0.53,22.96,0.431,,1,1,3.097,0.0509,,,,-0.44662,2.55180,7.724,2.687,0.722,2.588,,
141.593,0.1498,0.5510,0.1604,0.6632,-0.50,22.97,0.432,,1,1,3.097,0.0509,,,,-0.44898,2.55356,7.724,2.687,0.722,2.588,,
141.668,0.1516,0.6169,0.1552,0.7338,-0.47,23.00,0.430,,1,1,3.097,0.0509,,,,-0.44708,2.57062,7.724,2.687,0.722,2.588,,
141.718,0.1519,0.6926,0.1531,0.8956,-0.42,22.95,0.441,,1,1,3.097,0.0509,,,,-0.45329,2.61085,7.724,2.687,0.722,2.588,,
141.776,0.1482,0.7268,0.1378,0.8075,-0.37,22.93,0.388,,1,1,3.097,0.0509,,,,-0.45556,2.63437,7.724,2.687,0.722,2.588,,
141.820,0.1456,0.7698,0.1360,0.9045,-0.33,22.92,0.373,,1,1,3.097,0.0509,,,,-0.46041,2.66324,7.724,2.687,0.722,2.588,,
141.858,0.1441,0.8001,0.1384,0.9020,-0.29,22.95,0.370,,1,1,3.097,0.0509,,,,-0.45578,2.68435,7.724,2.687,0.722,2.588,,
141.897,0.1427,0.8269,0.1369,0.9193,-0.27,22.96,0.373,,1,1,3.097,0.0509,,,,-0.45073,2.69003,7.724,2.687,0.722,2.588,,
141.949,0.1379,0.8527,0.1226,0.9241,-0.25,22.95,0.378,,1,1,3.097,0.0509,,,,-0.44169,2.68591,7.724,2.687,0.722,2.588,,
141.995,0.1366,0.8696,0.1323,0.9186,-0.22,22.94,0.380,,1,1,3.097,0.0509,,,,-0.42600,2.68216,7.724,2.687,0.722,2.588,,
142.054,0.1355,0.8934,0.1325,0.9526,-0.21,22.91,0.381,,1,1,3.097,0.0509,,,,-0.41142,2.67040,7.724,2.687,0.722,2.588,,
142.101,0.1309,0.9163,0.1152,0.9863,-0.16,22.89,0.382,,1,1,3.097,0.0509,,,,-0.41320,2.66941,7.724,2.687,0.722,2.588,,
142.150,0.1282,0.9358,0.1193,0.9947,-0.13,22.87,0.384,,1,1,3.097,0.0509,,,,-0.41063,2.66725,7.724,2.687,0.722,2.588,,
142.198,0.1265,0.9366,0.1211,0.9389,-0.13,22.82,0.383,,1,1,3.097,0.0509,,,,-0.40964,2.65884,7.724,2.687,0.722,2.588,,
142.235,0.1266,0.9349,0.1268,0.9282,-0.13,22.78,0.388,,1,1,3.097,0.0509,,,,-0.40281,2.65475,7.724,2.687,0.722,2.588,,
142.283,0.1294,0.9380,0.1387,0.9478,-0.10,22.79,0.392,,1,1,3.097,0.0509,,,,-0.40192,2.66080,7.724,2.687,0.722,2.588,,
142.342,0.1380,0.9276,0.1624,0.8984,-0.09,22.78,0.394,,1,1,3.097,0.0509,,,,-0.38325,2.66521,7.724,2.687,0.722,2.588,,
142.379,0.1909,0.9248,0.3881,0.9141,-0.08,22.80,0.397,,1,1,3.097,0.0509,,,,-0.28881,2.67628,7.724,2.687,0.722,2.588,,
142.435,0.2643,0.8739,0.4603,0.7271,-0.11,22.84,0.412,,1,1,3.097,0.0509,,,,-0.23843,2.60020,7.724,2.687,0.722,2.588,,
142.483,0.3153,0.8387,0.4568,0.7343,-0.12,22.89,0.430,,1,1,3.097,0.0509,,,,-0.22563,2.54384,7.724,2.687,0.722,2.588,,
142.527,0.3404,0.8240,0.4613,0.7479,-0.12,22.91,0.432,,1,1,3.097,0.0509,,,,-0.17770,2.51154,7.724,2.687,0.722,2.588,,
142.567,0.3802,0.7883,0.4829,0.6911,-0.12,22.92,0.433,,1,1,3.097,0.0509,,,,-0.14744,2.51202,7.724,2.687,0.722,2.588,,
142.617,0.4108,0.7492,0.4935,0.6396,-0.11,22.93,0.433,,1,1,3.097,0.0509,,,,-0.12558,2.50980,7.724,2.687,0.722,2.588,,
142.678,0.4382,0.7509,0.5025,0.7549,-0.11,22.96,0.430,,1,1,3.097,0.0509,,,,-0.10833,2.50063,7.724,2.687,0.722,2.588,,
142.717,0.4458,0.7560,0.4932,0.7896,-0.09,22.99,0.433,,1,1,3.097,0.0509,,,,-0.09001,2.47469,7.724,2.687,0.722,2.588,,
142.770,0.4622,0.8251,0.4977,0.9866,-0.08,23.00,0.439,,1,1,3.097,0.0509,,,,-0.06313,2.51584,7.724,2.687,0.722,2.588,,
142.810,0.4772,0.8540,0.5287,0.9579,-0.07,23.01,0.437,,1,1,3.097,0.0509,,,,-0.03344,2.53527,7.724,2.687,0.722,2.588,,
142.849,0.4904,0.8393,0.5401,0.7796,-0.07,23.07,0.434,,1,1,3.097,0.0509,,,,-0.01105,2.49965,7.724,2.687,0.722,2.588,,
142.894,0.4960,0.8355,0.5142,0.8222,-0.05,23.10,0.435,,1,1,3.097,0.0509,,,,0.04275,2.48809,7.724,2.687,0.722,2.588,,
142.942,0.5058,0.8415,0.5383,0.8626,-0.06,23.05,0.436,,1,1,3.097,0.0509,,,,0.06149,2.46803,7.724,2.687,0.722,2.588,,
142.980,0.5188,0.8484,0.5657,0.8745,-0.05,23.06,0.435,,1,1,3.097,0.0509,,,,0.09353,2.44982,7.724,2.687,0.722,2.588,,
143.020,0.5276,0.8205,0.5610,0.7095,-0.04,23.10,0.442,,1,1,3.097,0.0509,,,,0.09833,2.43214,7.724,2.687,0.722,2.588,,
143.071,0.5413,0.7868,0.5831,0.6824,-0.03,23.11,0.448,,1,1,3.097,0.0509,,,,0.11970,2.43216,7.724,2.687,0.722,2.588,,
143.128,0.5452,0.7633,0.5573,0.6914,-0.03,23.10,0.447,,1,1,3.097,0.0509,,,,0.11869,2.42886,7.724,2.687,0.722,2.588,,
143.169,0.5462,0.7487,0.5492,0.7061,-0.04,23.03,0.447,,1,1,3.097,0.0509,,,,0.11996,2.41164,7.724,2.687,0.722,2.588,,
143.216,0.5480,0.7297,0.5539,0.6692,-0.04,23.01,0.447,,1,1,3.097,0.0509,,,,0.12443,2.40908,7.724,2.687,0.722,2.588,,
143.265,0.5443,0.6551,0.5325,0.4381,-0.06,23.02,0.469,,1,1,3.097,0.0509,,,,0.12452,2.28740,7.724,2.687,0.722,2.588,,
143.333,0.5427,0.5914,0.5384,0.4426,-0.07,22.97,0.478,,1,1,3.097,0.0509,,,,0.10122,2.25788,7.724,2.687,0.722,2.588,,
143.383,0.5433,0.5538,0.5449,0.4619,-0.07,22.92,0.474,,1,1,3.097,0.0509,,,,0.10540,2.25607,7.724,2.687,0.722,2.588,,
143.435,0.5436,0.5427,0.5446,0.5083,-0.06,22.90,0.473,,1,1,3.097,0.0509,,,,0.10859,2.25800,7.724,2.687,0.722,2.588,,
143.482,0.5419,0.5329,0.5365,0.5040,-0.05,22.92,0.472,,1,1,3.097,0.0509,,,,0.10503,2.25944,7.724,2.687,0.722,2.588,,
143.528,0.5403,0.5152,0.5349,0.4580,-0.05,22.90,0.472,,1,1,3.097,0.0509,,,,0.10584,2.25611,7.724,2.687,0.722,2.588,,
143.569,0.5381,0.4629,0.5302,0.2992,-0.06,22.89,0.470,,1,1,3.097,0.0509,,,,0.11494,2.20984,7.724,2.687,0.722,2.588,,
143.618,0.5270,0.3583,0.4917,0.0750,-0.07,22.87,0.474,,1,1,3.097,0.0509,,,,0.11189,2.14942,7.724,2.687,0.722,2.588,,
143.662,0.5185,0.3002,0.4868,0.1171,-0.07,22.85,0.487,,1,1,3.097,0.0509,,,,0.11687,2.10902,7.724,2.687,0.722,2.588,,
143.701,0.5095,0.2474,0.4752,0.0783,-0.07,22.89,0.490,,1,1,3.097,0.0509,,,,0.12322,2.12385,7.724,2.687,0.722,2.588,,
143.743,0.5018,0.2255,0.4723,0.1534,-0.07,22.95,0.503,,1,1,3.097,0.0509,,,,0.12645,2.18325,7.724,2.687,0.722,2.588,,
143.793,0.4966,0.2150,0.4804,0.1859,-0.09,23.03,0.499,,1,1,3.097,0.0509,,,,0.14959,2.22090,7.724,2.687,0.722,2.588,,
143.835,0.4920,0.2058,0.4761,0.1772,-0.13,23.06,0.501,,1,1,3.097,0.0509,,,,0.15754,2.21407,7.724,2.687,0.722,2.588,,
143.878,0.4927,0.1858,0.4952,0.1189,-0.15,23.07,0.479,,1,1,3.097,0.0509,,,,0.17983,2.13098,7.724,2.687,0.722,2.588,,
143.927,0.4931,0.1581,0.4946,0.0761,-0.14,23.20,0.496,,1,1,3.097,0.0509,,,,0.24963,2.14585,7.724,2.687,0.722,2.588,,
143.974,0.4918,0.1347,0.4873,0.0629,-0.18,23.17,0.494,,1,1,3.097,0.0509,,,,0.25712,2.13368,7.724,2.687,0.722,2.588,,
144.024,0.4945,0.1043,0.5030,0.0180,-0.19,23.16,0.497,,1,1,3.097,0.0509,,,,0.27163,2.08414,7.724,2.687,0.722,2.588,,
144.065,0.4902,0.1219,0.4744,0.1823,-0.20,23.16,0.498,,1,1,3.097,0.0509,,,,0.27847,2.06524,7.724,2.687,0.722,2.588,,
144.121,0.4807,0.1631,0.4544,0.2775,-0.21,23.22,0.496,,1,1,3.097,0.0509,,,,0.29484,2.07892,7.724,2.687,0.722,2.588,,
144.165,0.4746,0.1655,0.4525,0.1740,-0.21,23.28,0.503,,1,1,3.097,0.0509,,,,0.30643,2.12257,7.724,2.687,0.722,2.588,,
144.215,0.5355,0.1754,0.7237,0.2075,-0.20,23.37,0.504,,1,1,3.097,0.0509,,,,0.46319,2.18809,7.724,2.687,0.722,2.588,,
144.253,0.5911,0.2084,0.7970,0.3375,-0.18,23.45,0.506,,1,1,3.097,0.0509,,,,0.49514,2.19246,7.724,2.687,0.722,2.588,,
144.299,0.6387,0.2412,0.7855,0.3484,-0.17,23.52,0.507,,1,1,3.097,0.0509,,,,0.49243,2.19390,7.724,2.687,0.722,2.588,,
144.346,0.6828,0.2766,0.8444,0.4130,-0.18,23.53,0.500,,1,1,3.097,0.0509,,,,0.53032,2.19483,7.724,2.687,0.722,2.588,,
144.386,0.7345,0.3189,0.8835,0.4465,-0.17,23.52,0.502,,1,1,3.097,0.0509,,,,0.53982,2.17341,7.724,2.687,0.722,2.588,,
144.431,0.7752,0.3546,0.8962,0.4648,-0.16,23.48,0.503,,1,1,3.097,0.0509,,,,0.54461,2.16061,7.724,2.687,0.722,2.588,,
144.486,0.8038,0.3757,0.8762,0.4310,-0.15,23.48,0.499,,1,1,3.097,0.0509,,,,0.55542,2.16804,7.724,2.687,0.722,2.588,,
144.522,0.8411,0.3581,0.9756,0.2890,-0.14,23.45,0.500,,1,1,3.097,0.0509,,,,0.62888,2.23946,7.724,2.687,0.722,2.588,,
144.566,0.8704,0.3384,0.9661,0.2658,-0.15,23.37,0.502,,1,1,3.097,0.0509,,,,0.64498,2.24787,7.724,2.687,0.722,2.588,,
144.608,0.8944,0.3185,0.9725,0.2437,-0.17,23.29,0.504,,1,1,3.097,0.0509,,,,0.69376,2.26522,7.724,2.687,0.722,2.588,,
144.652,0.9199,0.2948,0.9970,0.2151,-0.27,23.10,0.504,,1,1,3.097,0.0509,,,,0.71790,2.26470,7.724,2.687,0.722,2.588,,
144.697,0.9307,0.2733,0.9654,0.1990,-0.26,23.02,0.507,,1,1,3.097,0.0509,,,,0.73994,2.25437,7.724,2.687,0.722,2.588,,
144.757,0.9282,0.2731,0.9215,0.2726,-0.23,22.98,0.507,,1,1,3.097,0.0509,,,,0.74774,2.23938,7.724,2.687,0.722,2.588,,
144.806,0.9330,0.2552,0.9472,0.2008,-0.21,22.92,0.510,,1,1,3.097,0.0509,,,,0.80262,2.27814,7.724,2.687,0.722,2.588,,
144.850,0.9376,0.2446,0.9531,0.2085,-0.20,22.87,0.509,,1,1,3.097,0.0509,,,,0.81974,2.28342,7.724,2.687,0.722,2.588,,
144.891,0.9375,0.2455,0.9373,0.2485,-0.17,22.82,0.508,,1,1,3.097,0.0509,,,,0.82863,2.27948,7.724,2.687,0.722,2.588,,
144.932,0.9352,0.2458,0.9259,0.2469,-0.17,22.78,0.506,,1,1,3.097,0.0509,,,,0.83206,2.26011,7.724,2.687,0.722,2.588,,
144.978,0.9296,0.2429,0.9116,0.2340,-0.14,22.81,0.507,,1,1,3.097,0.0509,,,,0.86227,2.25411,7.724,2.687,0.722,2.588,,
145.028,0.9412,0.2358,0.9774,0.2133,-0.12,22.85,0.507,,1,1,3.097,0.0509,,,,0.90476,2.27873,7.724,2.687,0.722,2.588,,
145.081,0.9476,0.2309,0.9683,0.2152,-0.11,22.82,0.506,,1,1,3.097,0.0509,,,,0.90293,2.27579,7.724,2.687,0.722,2.588,,
145.137,0.9451,0.2373,0.9385,0.2541,-0.11,22.78,0.498,,1,1,3.097,0.0509,,,,0.90186,2.28319,7.724,2.687,0.722,2.588,,
145.181,0.9496,0.2417,0.9652,0.2569,-0.08,22.82,0.465,,1,1,3.097,0.0509,,,,0.92525,2.31755,7.724,2.687,0.722,2.588,,
145.243,0.9504,0.3303,0.9526,0.5478,0.00,22.83,0.398,,1,1,3.097,0.0509,,,,0.94111,2.39628,7.724,2.687,0.722,2.588,,
145.305,0.9393,0.4353,0.9067,0.7077,0.15,22.87,0.402,,1,1,3.097,0.0509,,,,0.90862,2.43785,7.724,2.687,0.722,2.588,,
145.347,0.9364,0.5056,0.9273,0.6925,0.23,22.81,0.407,,1,1,3.097,0.0509,,,,0.90261,2.45123,7.724,2.687,0.722,2.588,,
145.388,0.9295,0.5434,0.9032,0.6688,0.29,22.81,0.410,,1,1,3.097,0.0509,,,,0.88258,2.45013,7.724,2.687,0.722,2.588,,
145.440,0.9257,0.5773,0.9137,0.6702,0.36,22.76,0.421,,1,1,3.097,0.0509,,,,0.88446,2.48975,7.724,2.687,0.722,2.588,,
145.486,0.9173,0.5984,0.8893,0.6604,0.40,22.72,0.424,,1,1,3.097,0.0509,,,,0.87804,2.50179,7.724,2.687,0.722,2.588,,
145.547,0.9118,0.6046,0.8973,0.6195,0.41,22.66,0.431,,1,1,3.097,0.0509,,,,0.87456,2.50159,7.724,2.687,0.722,2.588,,
145.585,0.9095,0.6099,0.8997,0.6309,0.42,22.64,0.431,,1,1,3.097,0.0509,,,,0.87954,2.49546,7.724,2.687,0.722,2.588,,
145.623,0.9073,0.6130,0.8985,0.6248,0.43,22.63,0.430,,1,1,3.097,0.0509,,,,0.88689,2.49967,7.724,2.687,0.722,2.588,,
145.663,0.9046,0.6395,0.8935,0.7413,0.45,22.64,0.427,,1,1,3.097,0.0509,,,,0.89620,2.50830,7.724,2.687,0.722,2.588,,
145.699,0.9125,0.6627,0.9433,0.7441,0.46,22.61,0.426,,1,1,3.097,0.0509,,,,0.93119,2.52968,7.724,2.687,0.722,2.588,,
145.746,0.9128,0.6838,0.9135,0.7487,0.48,22.62,0.429,,1,1,3.097,0.0509,,,,0.93500,2.51727,7.724,2.687,0.722,2.588,,
145.796,0.9148,0.7148,0.9219,0.8113,0.49,22.55,0.433,,1,1,3.097,0.0509,,,,0.93326,2.53575,7.724,2.687,0.722,2.588,,
145.847,0.9186,0.7261,0.9302,0.7580,0.50,22.45,0.441,,1,1,3.097,0.0509,,,,0.93599,2.56493,7.724,2.687,0.722,2.588,,
145.888,0.9135,0.7356,0.8950,0.7672,0.51,22.41,0.441,,1,1,3.097,0.0509,,,,0.91583,2.54776,7.724,2.687,0.722,2.588,,
145.930,0.9037,0.7522,0.8652,0.8132,0.52,22.38,0.438,,1,1,3.097,0.0509,,,,0.89758,2.52635,7.724,2.687,0.722,2.588,,
145.973,0.8922,0.7480,0.8506,0.7333,0.53,22.37,0.438,,1,1,3.097,0.0509,,,,0.88146,2.47459,7.724,2.687,0.722,2.588,,
146.016,0.8658,0.7521,0.7651,0.7675,0.54,22.36,0.433,,1,1,3.097,0.0509,,,,0.80859,2.48143,7.724,2.687,0.722,2.588,,
146.059,0.8262,0.7575,0.7020,0.7750,0.49,22.27,0.427,,1,1,3.097,0.0509,,,,0.75444,2.45567,7.724,2.687,0.722,2.588,,
146.111,0.7868,0.7644,0.6725,0.7856,0.42,22.16,0.431,,1,1,3.097,0.0509,,,,0.71195,2.43550,7.724,2.687,0.722,2.588,,
146.148,0.7508,0.7744,0.6244,0.8117,0.36,22.05,0.432,,1,1,3.097,0.0509,,,,0.68009,2.46115,7.724,2.687,0.722,2.588,,
146.194,0.7282,0.7724,0.6581,0.7659,0.34,21.99,0.437,,1,1,3.097,0.0509,,,,0.66778,2.47235,7.724,2.687,0.722,2.588,,
146.251,0.7151,0.7995,0.6799,0.8756,0.35,21.96,0.430,,1,1,3.097,0.0509,,,,0.65690,2.48238,7.724,2.687,0.722,2.588,,
146.295,0.6783,0.8075,0.5568,0.8357,0.31,21.88,0.426,,1,1,3.097,0.0509,,,,0.58225,2.46879,7.724,2.687,0.722,2.588,,
146.338,0.6305,0.8056,0.4813,0.7991,0.28,21.82,0.432,,1,1,3.097,0.0509,,,,0.53590,2.43128,7.724,2.687,0.722,2.588,,
146.384,0.5843,0.8071,0.4335,0.8126,0.25,21.72,0.435,,1,1,3.097,0.0509,,,,0.50063,2.43984,7.724,2.687,0.722,2.588,,
146.431,0.5485,0.8049,0.4518,0.7982,0.21,21.64,0.432,,1,1,3.097,0.0509,,,,0.47879,2.43533,7.724,2.687,0.722,2.588,,
146.468,0.5290,0.8065,0.4590,0.8127,0.17,21.55,0.435,,1,1,3.097,0.0509,,,,0.47939,2.43650,7.724,2.687,0.722,2.588,,
146.518,0.5082,0.8062,0.4489,0.8053,0.14,21.48,0.437,,1,1,3.097,0.0509,,,,0.46181,2.42866,7.724,2.687,0.722,2.588,,
146.564,0.4856,0.7990,0.4120,0.7728,0.14,21.44,0.440,,1,1,3.097,0.0509,,,,0.44376,2.43720,7.724,2.687,0.722,2.588,,
146.602,0.4694,0.7634,0.4127,0.6299,0.14,21.43,0.443,,1,1,3.097,0.0509,,,,0.43117,2.43407,7.724,2.687,0.722,2.588,,
146.650,0.4533,0.7453,0.4046,0.6875,0.14,21.46,0.442,,1,1,3.097,0.0509,,,,0.41534,2.44364,7.724,2.687,0.722,2.588,,
146.696,0.4424,0.7354,0.4067,0.7014,0.13,21.51,0.437,,1,1,3.097,0.0509,,,,0.39908,2.43386,7.724,2.687,0.722,2.588,,
146.734,0.4391,0.7322,0.4268,0.7200,0.11,21.52,0.439,,1,1,3.097,0.0509,,,,0.39866,2.42607,7.724,2.687,0.722,2.588,,
146.774,0.4360,0.6585,0.4236,0.3762,0.09,21.57,0.457,,1,1,3.097,0.0509,,,,0.38695,2.37144,7.724,2.687,0.722,2.588,,
146.819,0.4393,0.5883,0.4502,0.3814,0.06,21.68,0.486,,1,1,3.097,0.0509,,,,0.40528,2.28899,7.724,2.687,0.722,2.588,,
146.867,0.4407,0.5399,0.4450,0.4069,0.06,21.83,0.499,,1,1,3.097,0.0509,,,,0.40411,2.26708,7.724,2.687,0.722,2.588,,
146.904,0.4422,0.4893,0.4487,0.3072,0.06,21.92,0.500,,1,1,3.097,0.0509,,,,0.40292,2.23647,7.724,2.687,0.722,2.588,,
146.962,0.4369,0.4292,0.4215,0.2810,0.06,22.01,0.501,,1,1,3.097,0.0509,,,,0.40533,2.21585,7.724,2.687,0.722,2.588,,
147.026,0.4334,0.3840,0.4256,0.2940,0.07,22.14,0.495,,1,1,3.097,0.0509,,,,0.40912,2.21327,7.724,2.687,0.722,2.588,,
147.103,0.4299,0.3399,0.4224,0.2563,0.03,22.22,0.496,,1,1,3.097,0.0509,,,,0.41074,2.21370,7.724,2.687,0.722,2.588,,
147.149,0.4306,0.3166,0.4329,0.2490,-0.04,22.14,0.494,,1,1,3.097,0.0509,,,,0.38699,2.21558,7.724,2.687,0.722,2.588,,
147.196,0.4348,0.3057,0.4487,0.2728,-0.05,22.16,0.501,,1,1,3.097,0.0509,,,,0.38619,2.20945,7.724,2.687,0.722,2.588,,
147.241,0.4342,0.3016,0.4320,0.2870,-0.05,22.18,0.499,,1,1,3.097,0.0509,,,,0.37567,2.21897,7.724,2.687,0.722,2.588,,
147.299,0.4344,0.3091,0.4347,0.3274,-0.03,22.26,0.496,,1,1,3.097,0.0509,,,,0.37634,2.21850,7.724,2.687,0.722,2.588,,
147.338,0.4346,0.2974,0.4357,0.2515,-0.00,22.36,0.501,,1,1,3.097,0.0509,,,,0.38060,2.22507,7.724,2.687,0.722,2.588,,
147.383,0.4367,0.2816,0.4438,0.2302,0.02,22.42,0.502,,1,1,3.097,0.0509,,,,0.38934,2.22885,7.724,2.687,0.722,2.588,,
147.430,0.4394,0.2594,0.4486,0.1891,0.02,22.48,0.498,,1,1,3.097,0.0509,,,,0.39703,2.19648,7.724,2.687,0.722,2.588,,
147.478,0.4405,0.2447,0.4444,0.1966,0.01,22.47,0.497,,1,1,3.097,0.0509,,,,0.42181,2.17704,7.724,2.687,0.722,2.588,,
147.535,0.4946,0.2428,0.6341,0.2379,0.03,22.44,0.499,,1,1,3.097,0.0509,,,,0.55579,2.18201,7.724,2.687,0.722,2.588,,
147.576,0.5770,0.2530,0.8473,0.2895,0.05,22.44,0.503,,1,1,3.097,0.0509,,,,0.74965,2.27512,7.724,2.687,0.722,2.588,,
147.629,0.6604,0.2614,0.8809,0.2870,0.10,22.50,0.509,,1,1,3.097,0.0509,,,,0.84151,2.25530,7.724,2.687,0.722,2.588,,
147.675,0.7214,0.2770,0.9008,0.3314,0.12,22.49,0.509,,1,1,3.097,0.0509,,,,0.91132,2.24548,7.724,2.687,0.722,2.588,,
147.714,0.7452,0.2770,0.8273,0.2769,0.13,22.45,0.516,,1,1,3.097,0.0509,,,,0.92963,2.20716,7.724,2.687,0.722,2.588,,
147.761,0.7718,0.3019,0.8472,0.3817,0.14,22.38,0.512,,1,1,3.097,0.0509,,,,0.93743,2.18585,7.724,2.687,0.722,2.588,,
147.801,0.7791,0.2916,0.8042,0.2516,0.15,22.34,0.514,,1,1,3.097,0.0509,,,,0.97158,2.14159,7.724,2.687,0.722,2.588,,
147.851,0.7923,0.2825,0.8304,0.2532,0.17,22.33,0.518,,1,1,3.097,0.0509,,,,1.04947,2.16526,7.724,2.687,0.722,2.588,,
147.899,0.8091,0.2759,0.8624,0.2528,0.20,22.29,0.520,,1,1,3.097,0.0509,,,,1.12424,2.18021,7.724,2.687,0.722,2.588,,
147.938,0.8178,0.2687,0.8495,0.2409,0.23,22.35,0.521,,1,1,3.097,0.0509,,,,1.16895,2.18863,7.724,2.687,0.722,2.588,,
147.984,0.8410,0.2651,0.9148,0.2528,0.25,22.36,0.515,,1,1,3.097,0.0509,,,,1.17805,2.17210,7.724,2.687,0.722,2.588,,
148.025,0.8584,0.2394,0.9176,0.1472,0.25,22.25,0.516,,1,1,3.097,0.0509,,,,1.20097,2.15195,7.724,2.687,0.722,2.588,,
148.080,0.8771,0.2272,0.9263,0.1937,0.27,22.20,0.516,,1,1,3.097,0.0509,,,,1.21119,2.15785,7.724,2.687,0.722,2.588,,
148.126,0.8774,0.2013,0.8784,0.1126,0.31,22.17,0.519,,1,1,3.097,0.0509,,,,1.23010,2.12537,7.724,2.687,0.722,2.588,,
148.172,0.8817,0.1957,0.8974,0.1756,0.34,22.18,0.514,,1,1,3.097,0.0509,,,,1.25539,2.14297,7.724,2.687,0.722,2.588,,
148.216,0.8868,0.1874,0.9027,0.1614,0.38,22.21,0.515,,1,1,3.097,0.0509,,,,1.28140,2.15018,7.724,2.687,0.722,2.588,,
148.261,0.8941,0.2103,0.9177,0.2868,0.42,22.15,0.481,,1,1,3.097,0.0509,,,,1.29659,2.19429,7.724,2.687,0.722,2.588,,
148.301,0.8860,0.3034,0.8552,0.6381,0.48,22.17,0.413,,1,1,3.097,0.0509,,,,1.31195,2.30624,7.724,2.687,0.722,2.588,,
148.354,0.8879,0.4641,0.8936,0.8654,0.58,22.20,0.377,,1,1,3.097,0.0509,,,,1.35966,2.40985,7.724,2.687,0.722,2.588,,
148.408,0.8961,0.5418,0.9213,0.7416,0.67,22.20,0.385,,1,1,3.097,0.0509,,,,1.35016,2.41444,7.724,2.687,0.722,2.588,,
148.443,0.8994,0.5704,0.9131,0.6703,0.74,22.18,0.397,,1,1,3.097,0.0509,,,,1.34782,2.42184,7.724,2.687,0.722,2.588,,
148.487,0.8988,0.6098,0.8966,0.7274,0.80,22.17,0.408,,1,1,3.097,0.0509,,,,1.33737,2.41784,7.724,2.687,0.722,2.588,,
148.546,0.8934,0.6516,0.8791,0.7469,0.84,22.19,0.409,,1,1,3.097,0.0509,,,,1.31178,2.41788,7.724,2.687,0.722,2.588,,
148.599,0.8963,0.6781,0.9048,0.7462,0.88,22.20,0.412,,1,1,3.097,0.0509,,,,1.29787,2.43443,7.724,2.687,0.722,2.588,,
148.658,0.8925,0.7231,0.8825,0.8291,0.94,22.26,0.409,,1,1,3.097,0.0509,,,,1.27770,2.44201,7.724,2.687,0.722,2.588,,
148.729,0.8851,0.7896,0.8685,0.9203,1.00,22.31,0.408,,1,1,3.097,0.0509,,,,1.27444,2.45828,7.724,2.687,0.722,2.588,,
148.799,0.8822,0.8321,0.8754,0.9202,1.04,22.27,0.410,,1,1,3.097,0.0509,,,,1.27449,2.46636,7.724,2.687,0.722,2.588,,
148.855,0.8795,0.8491,0.8723,0.8909,1.08,22.28,0.409,,1,1,3.097,0.0509,,,,1.27657,2.46691,7.724,2.687,0.722,2.588,,
148.906,0.8824,0.8525,0.8917,0.8626,1.11,22.29,0.412,,1,1,3.097,0.0509,,,,1.27690,2.46269,7.724,2.687,0.722,2.588,,
148.942,0.8840,0.8565,0.8904,0.8722,1.14,22.29,0.414,,1,1,3.097,0.0509,,,,1.27878,2.46705,7.724,2.687,0.722,2.588,,
148.994,0.8004,0.8466,0.5611,0.8177,1.14,22.25,0.414,,1,1,3.097,0.0509,,,,1.06413,2.37378,7.724,2.687,0.722,2.588,,
149.035,0.7288,0.8285,0.4840,0.7590,1.14,22.24,0.419,,1,1,3.097,0.0509,,,,1.00580,2.37226,7.724,2.687,0.722,2.588,,
149.082,0.6626,0.8202,0.4739,0.7925,1.14,22.23,0.420,,1,1,3.097,0.0509,,,,0.97421,2.36199,7.724,2.687,0.722,2.588,,
149.131,0.6191,0.8100,0.4906,0.7749,1.12,22.19,0.419,,1,1,3.097,0.0509,,,,0.94963,2.35161,7.724,2.687,0.722,2.588,,
149.170,0.5984,0.8122,0.5272,0.8213,1.10,22.16,0.417,,1,1,3.097,0.0509,,,,0.93127,2.33647,7.724,2.687,0.722,2.588,,
149.212,0.5800,0.8095,0.5214,0.7997,1.10,22.12,0.421,,1,1,3.097,0.0509,,,,0.92092,2.32906,7.724,2.687,0.722,2.588,,
149.255,0.5634,0.8137,0.5088,0.8291,1.09,22.08,0.420,,1,1,3.097,0.0509,,,,0.90450,2.35388,7.724,2.687,0.722,2.588,,
149.307,0.5553,0.8194,0.5331,0.8368,1.08,22.03,0.421,,1,1,3.097,0.0509,,,,0.90302,2.35455,7.724,2.687,0.722,2.588,,
149.357,0.5477,0.8028,0.5227,0.7440,1.04,21.99,0.419,,1,1,3.097,0.0509,,,,0.84005,2.34068,7.724,2.687,0.722,2.588,,
149.399,0.5460,0.7938,0.5403,0.7627,1.02,21.98,0.420,,1,1,3.097,0.0509,,,,0.81871,2.34824,7.724,2.687,0.722,2.588,,
149.442,0.5343,0.7870,0.4914,0.7608,1.00,21.98,0.417,,1,1,3.097,0.0509,,,,0.78458,2.33461,7.724,2.687,0.722,2.588,,
149.486,0.5233,0.7860,0.4894,0.7827,0.98,21.96,0.416,,1,1,3.097,0.0509,,,,0.77909,2.33624,7.724,2.687,0.722,2.588,,
149.539,0.5174,0.7837,0.4999,0.7766,0.95,21.94,0.416,,1,1,3.097,0.0509,,,,0.78831,2.34074,7.724,2.687,0.722,2.588,,
149.591,0.5132,0.7840,0.5011,0.7848,0.94,21.93,0.415,,1,1,3.097,0.0509,,,,0.78611,2.34226,7.724,2.687,0.722,2.588,,
149.632,0.5102,0.7805,0.4995,0.7676,0.92,21.92,0.416,,1,1,3.097,0.0509,,,,0.78034,2.34094,7.724,2.687,0.722,2.588,,
149.688,0.5053,0.7229,0.4910,0.5605,0.89,21.99,0.479,,1,1,3.097,0.0509,,,,0.76438,2.29500,7.724,2.687,0.722,2.588,,
149.736,0.5016,0.6337,0.4903,0.3830,0.87,22.10,0.507,,1,1,3.097,0.0509,,,,0.76543,2.23080,7.724,2.687,0.722,2.588,,
149.778,0.4933,0.5441,0.4633,0.2629,0.85,22.22,0.518,,1,1,3.097,0.0509,,,,0.76905,2.18850,7.724,2.687,0.722,2.588,,
149.836,0.4867,0.4858,0.4689,0.3497,0.82,22.39,0.524,,1,1,3.097,0.0509,,,,0.76607,2.16448,7.724,2.687,0.722,2.588,,
149.894,0.4794,0.4034,0.4593,0.2106,0.76,22.46,0.522,,1,1,3.097,0.0509,,,,0.74817,2.12977,7.724,2.687,0.722,2.588,,
149.946,0.4690,0.3539,0.4367,0.2208,0.69,22.43,0.515,,1,1,3.097,0.0509,,,,0.72226,2.09978,7.724,2.687,0.722,2.588,,
149.996,0.4601,0.3440,0.4337,0.3176,0.63,22.44,0.523,,1,1,3.097,0.0509,,,,0.71663,2.11952,7.724,2.687,0.722,2.588,,
150.044,0.4560,0.3415,0.4423,0.3337,0.58,22.45,0.518,,1,1,3.097,0.0509,,,,0.71778,2.11903,7.724,2.687,0.722,2.588,,
150.099,0.4530,0.3446,0.4447,0.3529,0.55,22.47,0.514,,1,1,3.097,0.0509,,,,0.71880,2.12098,7.724,2.687,0.722,2.588,,
150.156,0.4512,0.3380,0.4467,0.3221,0.52,22.47,0.514,,1,1,3.097,0.0509,,,,0.71917,2.11748,7.724,2.687,0.722,2.588,,
150.201,0.4514,0.3296,0.4520,0.3002,0.51,22.49,0.514,,1,1,3.097,0.0509,,,,0.72458,2.11583,7.724,2.687,0.722,2.588,,
150.244,0.4544,0.3228,0.4657,0.2983,0.49,22.47,0.514,,1,1,3.097,0.0509,,,,0.72105,2.11376,7.724,2.687,0.722,2.588,,
150.303,0.4608,0.3140,0.4775,0.2919,0.46,22.40,0.513,,1,1,3.097,0.0509,,,,0.70251,2.10597,7.724,2.687,0.722,2.588,,
150.341,0.4652,0.3042,0.4841,0.2642,0.43,22.35,0.513,,1,1,3.097,0.0509,,,,0.69385,2.10999,7.724,2.687,0.722,2.588,,
150.387,0.4731,0.2968,0.5004,0.2721,0.38,22.23,0.510,,1,1,3.097,0.0509,,,,0.68113,2.11849,7.724,2.687,0.722,2.588,,
150.436,0.4805,0.2934,0.5043,0.2825,0.30,22.08,0.509,,1,1,3.097,0.0509,,,,0.68148,2.11911,7.724,2.687,0.722,2.588,,
150.484,0.4845,0.2870,0.4965,0.2682,0.29,22.01,0.510,,1,1,3.097,0.0509,,,,0.68627,2.11638,7.724,2.687,0.722,2.588,,
150.545,0.4865,0.2859,0.4921,0.2829,0.33,22.02,0.509,,1,1,3.097,0.0509,,,,0.68815,2.11848,7.724,2.687,0.722,2.588,,
150.597,0.4871,0.2854,0.4890,0.2839,0.37,22.05,0.494,,1,1,3.097,0.0509,,,,0.69292,2.13567,7.724,2.687,0.722,2.588,,
150.635,0.4933,0.2589,0.5172,0.1594,0.41,22.07,0.454,,1,1,3.097,0.0509,,,,0.70252,2.11566,7.724,2.687,0.722,2.588,,
150.672,0.4946,0.2313,0.5031,0.0697,0.45,22.09,0.440,,1,1,3.097,0.0509,,,,0.69385,2.10547,7.724,2.687,0.722,2.588,,
150.729,0.4969,0.1962,0.5023,0.1179,0.48,22.09,0.455,,1,1,3.097,0.0509,,,,0.69051,2.09009,7.724,2.687,0.722,2.588,,
150.782,0.4920,0.1613,0.4783,0.0727,0.50,22.05,0.463,,1,1,3.097,0.0509,,,,0.67638,2.05461,7.724,2.687,0.722,2.588,,
150.852,0.4853,0.1383,0.4696,0.0883,0.53,21.98,0.461,,1,1,3.097,0.0509,,,,0.65782,2.00637,7.724,2.687,0.722,2.588,,
150.890,0.4747,0.1239,0.4337,0.0715,0.56,21.97,0.474,,1,1,3.097,0.0509,,,,0.62539,1.99711,7.724,2.687,0.722,2.588,,
150.929,0.4676,0.1253,0.4381,0.1309,0.58,21.99,0.481,,1,1,3.097,0.0509,,,,0.61320,1.97708,7.724,2.687,0.722,2.588,,
150.976,0.4599,0.1250,0.4338,0.1242,0.58,22.03,0.481,,1,1,3.097,0.0509,,,,0.59385,1.95267,7.724,2.687,0.722,2.588,,
151.012,0.4588,0.1301,0.4543,0.1518,0.59,22.12,0.483,,1,1,3.097,0.0509,,,,0.58371,1.92661,7.724,2.687,0.722,2.588,,
151.053,0.4576,0.1367,0.4531,0.1609,0.62,22.19,0.482,,1,1,3.097,0.0509,,,,0.56834,1.90667,7.724,2.687,0.722,2.588,,
151.104,0.4653,0.1657,0.4914,0.2622,0.65,22.30,0.480,,1,1,3.097,0.0509,,,,0.55879,1.91155,7.724,2.687,0.722,2.588,,
151.150,0.4677,0.1732,0.4751,0.1968,0.68,22.37,0.479,,1,1,3.097,0.0509,,,,0.54451,1.90474,7.724,2.687,0.722,2.588,,
151.196,0.4630,0.1713,0.4472,0.1647,0.70,22.43,0.480,,1,1,3.097,0.0509,,,,0.53942,1.91783,7.724,2.687,0.722,2.588,,
151.244,0.4605,0.1686,0.4519,0.1595,0.75,22.60,0.480,,1,1,3.097,0.0509,,,,0.53826,1.92744,7.724,2.687,0.722,2.588,,
151.287,0.4331,0.1551,0.3322,0.1041,0.77,22.68,0.481,,1,1,3.097,0.0509,,,,0.47071,1.93012,7.724,2.687,0.722,2.588,,
151.331,0.3459,0.1626,0.0626,0.1899,0.75,22.66,0.485,,1,1,3.097,0.0509,,,,0.32137,2.01544,7.724,2.687,0.722,2.588,,
151.368,0.2815,0.1616,0.0578,0.1576,0.72,22.61,0.480,,1,1,3.097,0.0509,,,,0.28055,2.00898,7.724,2.687,0.722,2.588,,
151.411,0.2329,0.1536,0.0687,0.1216,0.70,22.63,0.480,,1,1,3.097,0.0509,,,,0.25789,2.01929,7.724,2.687,0.722,2.588,,
151.447,0.1998,0.1269,0.0829,0.0193,0.69,22.64,0.486,,1,1,3.097,0.0509,,,,0.22009,2.01194,7.724,2.687,0.722,2.588,,
151.490,0.1766,0.1158,0.0984,0.0739,0.67,22.59,0.483,,1,1,3.097,0.0509,,,,0.18246,2.01641,7.724,2.687,0.722,2.588,,
151.546,0.1296,0.0770,0.0184,-0.0232,0.61,22.57,0.490,,1,1,3.097,0.0509,,,,0.09013,1.99071,7.724,2.687,0.722,2.588,,
151.591,0.1094,0.0908,0.0479,0.1374,0.57,22.65,0.494,,1,1,3.097,0.0509,,,,0.04959,2.03157,7.724,2.687,0.722,2.588,,
151.635,0.1008,0.0912,0.0743,0.0927,0.51,22.76,0.498,,1,1,3.097,0.0509,,,,0.01267,2.04982,7.724,2.687,0.722,2.588,,
151.702,0.0946,0.0883,0.0806,0.0812,0.45,22.91,0.496,,1,1,3.097,0.0509,,,,-0.03411,2.05106,7.724,2.687,0.722,2.588,,
151.747,0.0906,0.0766,0.0785,0.0391,0.38,23.06,0.500,,1,1,3.097,0.0509,,,,-0.04598,2.05654,7.724,2.687,0.722,2.588,,
151.800,0.0955,0.0562,0.1094,-0.0022,0.33,23.08,0.503,,1,1,3.097,0.0509,,,,-0.05532,2.06100,7.724,2.687,0.722,2.588,,
151.865,0.0866,0.0247,0.0652,-0.1217,0.26,23.12,0.498,,1,1,3.097,0.0509,,,,-0.08118,2.06544,7.724,2.687,0.722,2.588,,
151.916,0.0840,0.0065,0.0759,-0.0594,0.23,23.16,0.496,,1,1,3.097,0.0509,,,,-0.07911,2.06739,7.724,2.687,0.722,2.588,,
151.962,0.0825,0.0000,0.0776,-0.1049,0.19,23.21,0.497,,1,1,3.097,0.0509,,,,-0.07644,2.06800,7.724,2.687,0.722,2.588,,
152.012,0.0880,0.0042,0.1062,0.0417,0.17,23.25,0.491,,1,1,3.097,0.0509,,,,-0.07885,2.07832,7.724,2.687,0.722,2.588,,
152.056,0.0947,0.0466,0.1182,0.1952,0.17,23.25,0.467,,1,1,3.097,0.0509,,,,-0.07269,2.11440,7.724,2.687,0.722,2.588,,
152.095,0.1006,0.1344,0.1250,0.4569,0.17,23.20,0.396,,1,1,3.097,0.0509,,,,-0.08090,2.21372,7.724,2.687,0.722,2.588,,
152.131,0.1027,0.3134,0.1113,0.8893,0.19,23.16,0.338,,1,1,3.097,0.0509,,,,-0.08193,2.31259,7.724,2.687,0.722,2.588,,
152.184,0.1137,0.5125,0.1552,1.1346,0.18,23.03,0.327,,1,1,3.097,0.0509,,,,-0.06594,2.39959,7.724,2.687,0.722,2.588,,
152.241,0.1310,0.7114,0.1715,1.1004,0.18,22.87,0.333,,1,1,3.097,0.0509,,,,-0.05283,2.45305,7.724,2.687,0.722,2.588,,
152.282,0.1384,0.7954,0.1653,1.0196,0.20,22.76,0.343,,1,1,3.097,0.0509,,,,-0.05703,2.46587,7.724,2.687,0.722,2.588,,
152.332,0.1428,0.8601,0.1564,1.0124,0.19,22.69,0.364,,1,1,3.097,0.0509,,,,-0.07558,2.47821,7.724,2.687,0.722,2.588,,
152.378,0.1472,0.8889,0.1631,0.9697,0.21,22.61,0.378,,1,1,3.097,0.0509,,,,-0.07508,2.49091,7.724,2.687,0.722,2.588,,
152.430,0.1502,0.8930,0.1599,0.9041,0.20,22.55,0.381,,1,1,3.097,0.0509,,,,-0.07527,2.49638,7.724,2.687,0.722,2.588,,
152.475,0.1527,0.8920,0.1604,0.8892,0.19,22.45,0.389,,1,1,3.097,0.0509,,,,-0.08024,2.49922,7.724,2.687,0.722,2.588,,
152.513,0.1521,0.8883,0.1498,0.8748,0.19,22.41,0.389,,1,1,3.097,0.0509,,,,-0.08132,2.49498,7.724,2.687,0.722,2.588,,
152.556,0.1521,0.8819,0.1519,0.8614,0.19,22.37,0.385,,1,1,3.097,0.0509,,,,-0.07850,2.48958,7.724,2.687,0.722,2.588,,
152.601,0.1468,0.8727,0.1273,0.8407,0.16,22.31,0.389,,1,1,3.097,0.0509,,,,-0.08038,2.48782,7.724,2.687,0.722,2.588,,
152.642,0.1394,0.8760,0.1051,0.8901,0.14,22.26,0.386,,1,1,3.097,0.0509,,,,-0.06029,2.46712,7.724,2.687,0.722,2.588,,
152.694,0.1303,0.8760,0.1068,0.8761,0.13,22.16,0.387,,1,1,3.097,0.0509,,,,-0.04178,2.46916,7.724,2.687,0.722,2.588,,
152.755,0.1414,0.8979,0.1712,0.9538,0.17,22.15,0.387,,1,1,3.097,0.0509,,,,0.01062,2.47287,7.724,2.687,0.722,2.588,,
152.811,0.1893,0.9174,0.3278,0.9731,0.20,22.17,0.397,,1,1,3.097,0.0509,,,,0.09857,2.48598,7.724,2.687,0.722,2.588,,
152.859,0.2395,0.9236,0.3797,0.9413,0.22,22.26,0.403,,1,1,3.097,0.0509,,,,0.13700,2.49875,7.724,2.687,0.722,2.588,,
152.900,0.2740,0.9256,0.3948,0.9329,0.25,22.37,0.408,,1,1,3.097,0.0509,,,,0.16438,2.50251,7.724,2.687,0.722,2.588,,
152.950,0.3410,0.9157,0.5301,0.8846,0.28,22.43,0.414,,1,1,3.097,0.0509,,,,0.25050,2.47062,7.724,2.687,0.722,2.588,,
152.992,0.3953,0.9042,0.5691,0.8615,0.30,22.50,0.415,,1,1,3.097,0.0509,,,,0.30851,2.42618,7.724,2.687,0.722,2.588,,
153.042,0.4534,0.8968,0.6283,0.8706,0.32,22.52,0.419,,1,1,3.097,0.0509,,,,0.36941,2.41374,7.724,2.687,0.722,2.588,,
153.094,0.4972,0.8803,0.6041,0.8337,0.32,22.58,0.423,,1,1,3.097,0.0509,,,,0.42815,2.40991,7.724,2.687,0.722,2.588,,
153.139,0.5235,0.8645,0.6067,0.8084,0.30,22.49,0.418,,1,1,3.097,0.0509,,,,0.45477,2.38034,7.724,2.687,0.722,2.588,,
153.180,0.5363,0.8441,0.5763,0.7746,0.30,22.51,0.422,,1,1,3.097,0.0509,,,,0.47113,2.39927,7.724,2.687,0.722,2.588,,
153.223,0.5406,0.8357,0.5568,0.8021,0.28,22.49,0.423,,1,1,3.097,0.0509,,,,0.47812,2.40757,7.724,2.687,0.722,2.588,,
153.274,0.5449,0.8264,0.5569,0.7995,0.29,22.47,0.425,,1,1,3.097,0.0509,,,,0.49734,2.39966,7.724,2.687,0.722,2.588,,
153.314,0.5520,0.8262,0.5762,0.8255,0.29,22.45,0.422,,1,1,3.097,0.0509,,,,0.50899,2.41139,7.724,2.687,0.722,2.588,,
153.357,0.5560,0.8186,0.5701,0.7914,0.29,22.41,0.424,,1,1,3.097,0.0509,,,,0.55094,2.39388,7.724,2.687,0.722,2.588,,
153.410,0.5577,0.8245,0.5638,0.8462,0.28,22.36,0.430,,1,1,3.097,0.0509,,,,0.56760,2.40373,7.724,2.687,0.722,2.588,,
153.458,0.5598,0.8099,0.5652,0.7719,0.29,22.42,0.434,,1,1,3.097,0.0509,,,,0.59367,2.41268,7.724,2.687,0.722,2.588,,
153.524,0.5534,0.6775,0.5371,0.3680,0.30,22.45,0.431,,1,1,3.097,0.0509,,,,0.59180,2.37041,7.724,2.687,0.722,2.588,,
153.588,0.5425,0.4819,0.5169,0.0995,0.29,22.55,0.461,,1,1,3.097,0.0509,,,,0.59674,2.28840,7.724,2.687,0.722,2.588,,
153.634,0.5274,0.3724,0.4748,0.0685,0.28,22.57,0.472,,1,1,3.097,0.0509,,,,0.59032,2.26632,7.724,2.687,0.722,2.588,,
153.679,0.5125,0.2730,0.4632,0.0137,0.27,22.59,0.477,,1,1,3.097,0.0509,,,,0.58154,2.24483,7.724,2.687,0.722,2.588,,
153.733,0.5002,0.1827,0.4612,-0.0442,0.24,22.58,0.476,,1,1,3.097,0.0509,,,,0.57948,2.22940,7.724,2.687,0.722,2.588,,
153.794,0.4874,0.1280,0.4577,0.0236,0.20,22.54,0.484,,1,1,3.097,0.0509,,,,0.56906,2.21270,7.724,2.687,0.722,2.588,,
153.858,0.4796,0.1166,0.4578,0.0891,0.17,22.50,0.482,,1,1,3.097,0.0509,,,,0.56141,2.20935,7.724,2.687,0.722,2.588,,
153.912,0.4694,0.1255,0.4406,0.1481,0.17,22.50,0.477,,1,1,3.097,0.0509,,,,0.55416,2.21359,7.724,2.687,0.722,2.588,,
153.957,0.4735,0.1162,0.4859,0.0903,0.14,22.42,0.475,,1,1,3.097,0.0509,,,,0.55704,2.20935,7.724,2.687,0.722,2.588,,
153.999,0.4709,0.1100,0.4614,0.0884,0.11,22.34,0.475,,1,1,3.097,0.0509,,,,0.53315,2.19744,7.724,2.687,0.722,2.588,,
154.041,0.4690,0.1094,0.4621,0.1072,0.07,22.25,0.476,,1,1,3.097,0.0509,,,,0.52747,2.18257,7.724,2.687,0.722,2.588,,
154.081,0.4700,0.1146,0.4739,0.1345,0.05,22.19,0.473,,1,1,3.097,0.0509,,,,0.53113,2.17818,7.724,2.687,0.722,2.588,,
154.123,0.4865,0.1224,0.5508,0.1520,0.06,22.22,0.472,,1,1,3.097,0.0509,,,,0.57520,2.16580,7.724,2.687,0.722,2.588,,
154.163,0.5098,0.1424,0.5952,0.2179,0.07,22.20,0.474,,1,1,3.097,0.0509,,,,0.59483,2.16743,7.724,2.687,0.722,2.588,,
154.204,0.5320,0.1530,0.6134,0.1935,0.10,22.23,0.475,,1,1,3.097,0.0509,,,,0.59916,2.14232,7.724,2.687,0.722,2.588,,
154.249,0.6067,0.1303,0.8553,0.0473,0.13,22.22,0.487,,1,1,3.097,0.0509,,,,0.77052,2.18735,7.724,2.687,0.722,2.588,,
154.302,0.6971,0.1171,0.9276,0.0786,0.17,22.19,0.487,,1,1,3.097,0.0509,,,,0.84613,2.20567,7.724,2.687,0.722,2.588,,
154.355,0.7717,0.1112,0.9663,0.0935,0.22,22.11,0.490,,1,1,3.097,0.0509,,,,0.87122,2.19699,7.724,2.687,0.722,2.588,,
154.402,0.8074,0.1079,0.9050,0.0974,0.26,22.16,0.494,,1,1,3.097,0.0509,,,,0.90336,2.17878,7.724,2.687,0.722,2.588,,
154.458,0.8510,0.1100,0.9547,0.1156,0.30,22.26,0.492,,1,1,3.097,0.0509,,,,0.93340,2.18488,7.724,2.687,0.722,2.588,,
154.507,0.8819,0.1079,0.9737,0.1010,0.34,22.31,0.498,,1,1,3.097,0.0509,,,,0.96646,2.15549,7.724,2.687,0.722,2.588,,
154.565,0.8938,0.1064,0.9247,0.1021,0.40,22.22,0.502,,1,1,3.097,0.0509,,,,1.10670,2.16971,7.724,2.687,0.722,2.588,,
154.616,0.9141,0.1320,0.9663,0.2041,0.46,22.19,0.503,,1,1,3.097,0.0509,,,,1.15684,2.21812,7.724,2.687,0.722,2.588,,
154.663,0.9298,0.1338,0.9785,0.1398,0.50,22.22,0.506,,1,1,3.097,0.0509,,,,1.17759,2.22501,7.724,2.687,0.722,2.588,,
154.704,0.9403,0.1364,0.9773,0.1461,0.56,22.24,0.504,,1,1,3.097,0.0509,,,,1.18234,2.20160,7.724,2.687,0.722,2.588,,
154.746,0.9431,0.1002,0.9530,-0.0300,0.63,22.30,0.509,,1,1,3.097,0.0509,,,,1.17896,2.15089,7.724,2.687,0.722,2.588,,
154.795,0.9457,0.0661,0.9535,-0.0374,0.66,22.25,0.506,,1,1,3.097,0.0509,,,,1.22290,2.17149,7.724,2.687,0.722,2.588,,
154.843,0.9445,0.0589,0.9404,0.0348,0.69,22.18,0.510,,1,1,3.097,0.0509,,,,1.23762,2.17918,7.724,2.687,0.722,2.588,,
154.902,0.9292,0.0588,0.8900,0.0584,0.73,22.16,0.506,,1,1,3.097,0.0509,,,,1.23679,2.17628,7.724,2.687,0.722,2.588,,
154.945,0.9269,0.0521,0.9184,0.0280,0.75,22.19,0.504,,1,1,3.097,0.0509,,,,1.25864,2.18176,7.724,2.687,0.722,2.588,,
154.995,0.9264,0.0424,0.9245,0.0112,0.77,22.16,0.507,,1,1,3.097,0.0509,,,,1.25607,2.17893,7.724,2.687,0.722,2.588,,
155.036,0.9250,0.0401,0.9201,0.0322,0.80,22.15,0.492,,1,1,3.097,0.0509,,,,1.25507,2.19573,7.724,2.687,0.722,2.588,,
155.085,0.9270,0.0530,0.9339,0.0973,0.84,22.16,0.448,,1,1,3.097,0.0509,,,,1.25063,2.22890,7.724,2.687,0.722,2.588,,
155.128,0.9372,0.1270,0.9718,0.3663,0.92,22.25,0.360,,1,1,3.097,0.0509,,,,1.27632,2.32749,7.724,2.687,0.722,2.588,,
155.171,0.9226,0.2633,0.8668,0.7023,0.98,22.24,0.292,,1,1,3.097,0.0509,,,,1.22068,2.38757,7.724,2.687,0.722,2.588,,
155.213,0.9057,0.4291,0.8456,0.8881,1.06,22.21,0.344,,1,1,3.097,0.0509,,,,1.18484,2.38175,7.724,2.687,0.722,2.588,,
155.259,0.8943,0.5761,0.8559,0.9503,1.12,22.16,0.368,,1,1,3.097,0.0509,,,,1.14134,2.41341,7.724,2.687,0.722,2.588,,
155.302,0.8894,0.6547,0.8717,0.8672,1.17,22.16,0.378,,1,1,3.097,0.0509,,,,1.13704,2.41289,7.724,2.687,0.722,2.588,,
155.353,0.8684,0.7208,0.8053,0.8773,1.20,22.23,0.384,,1,1,3.097,0.0509,,,,1.07530,2.37638,7.724,2.687,0.722,2.588,,
155.402,0.8501,0.7674,0.7934,0.8847,1.25,22.22,0.400,,1,1,3.097,0.0509,,,,1.05052,2.38931,7.724,2.687,0.722,2.588,,
155.449,0.8392,0.7977,0.8018,0.8846,1.27,22.20,0.399,,1,1,3.097,0.0509,,,,1.03081,2.39418,7.724,2.687,0.722,2.588,,
155.510,0.8300,0.8207,0.8080,0.8686,1.29,22.19,0.399,,1,1,3.097,0.0509,,,,1.03139,2.39232,7.724,2.687,0.722,2.588,,
155.567,0.8300,0.8622,0.8300,0.9598,1.27,22.07,0.405,,1,1,3.097,0.0509,,,,1.05173,2.45118,7.724,2.687,0.722,2.588,,
155.626,0.8342,0.8833,0.8462,0.9365,1.25,21.99,0.403,,1,1,3.097,0.0509,,,,1.06375,2.45077,7.724,2.687,0.722,2.588,,
155.664,0.8394,0.8948,0.8620,0.9395,1.23,21.93,0.405,,1,1,3.097,0.0509,,,,1.07979,2.43547,7.724,2.687,0.722,2.588,,
155.707,0.8409,0.9011,0.8459,0.9202,1.23,21.91,0.405,,1,1,3.097,0.0509,,,,1.07893,2.43638,7.724,2.687,0.722,2.588,,
155.750,0.8352,0.9219,0.8131,0.9949,1.22,21.91,0.409,,1,1,3.097,0.0509,,,,1.08515,2.44743,7.724,2.687,0.722,2.588,,
155.794,0.8284,0.9498,0.8066,1.0328,1.21,21.89,0.409,,1,1,3.097,0.0509,,,,1.08097,2.45608,7.724,2.687,0.722,2.588,,
155.836,0.8237,0.9698,0.8047,1.0423,1.21,21.89,0.407,,1,1,3.097,0.0509,,,,1.08203,2.46012,7.724,2.687,0.722,2.588,,
155.896,0.8182,0.9872,0.8038,1.0292,1.21,21.91,0.407,,1,1,3.097,0.0509,,,,1.07583,2.45622,7.724,2.687,0.722,2.588,,
155.938,0.7656,0.9905,0.5833,1.0019,1.18,21.83,0.412,,1,1,3.097,0.0509,,,,0.94451,2.41648,7.724,2.687,0.722,2.588,,
155.976,0.7209,0.9901,0.5603,0.9885,1.14,21.75,0.413,,1,1,3.097,0.0509,,,,0.90679,2.42540,7.724,2.687,0.722,2.588,,
156.018,0.6822,0.9783,0.5324,0.9283,1.08,21.66,0.414,,1,1,3.097,0.0509,,,,0.88513,2.39535,7.724,2.687,0.722,2.588,,
156.063,0.6383,0.9444,0.5177,0.8383,1.03,21.56,0.415,,1,1,3.097,0.0509,,,,0.85656,2.36480,7.724,2.687,0.722,2.588,,
156.134,0.5955,0.9141,0.5054,0.8438,0.99,21.48,0.414,,1,1,3.097,0.0509,,,,0.84064,2.35918,7.724,2.687,0.722,2.588,,
156.197,0.5335,0.9049,0.4035,0.8835,0.93,21.38,0.417,,1,1,3.097,0.0509,,,,0.77050,2.35243,7.724,2.687,0.722,2.588,,
156.250,0.4981,0.8643,0.4043,0.7493,0.84,21.24,0.423,,1,1,3.097,0.0509,,,,0.74237,2.31295,7.724,2.687,0.722,2.588,,
156.314,0.4765,0.8389,0.4281,0.7792,0.73,21.08,0.422,,1,1,3.097,0.0509,,,,0.73755,2.33537,7.724,2.687,0.722,2.588,,
156.350,0.4680,0.8154,0.4340,0.7188,0.67,20.95,0.426,,1,1,3.097,0.0509,,,,0.73232,2.34049,7.724,2.687,0.722,2.588,,
156.393,0.4577,0.7989,0.4227,0.7421,0.65,20.91,0.423,,1,1,3.097,0.0509,,,,0.72981,2.34673,7.724,2.687,0.722,2.588,,
156.450,0.4504,0.7719,0.4301,0.6979,0.64,20.91,0.426,,1,1,3.097,0.0509,,,,0.72768,2.33717,7.724,2.687,0.722,2.588,,
156.499,0.4500,0.7558,0.4486,0.7084,0.65,20.93,0.431,,1,1,3.097,0.0509,,,,0.73094,2.33133,7.724,2.687,0.722,2.588,,
156.542,0.4514,0.7158,0.4560,0.5886,0.66,20.93,0.430,,1,1,3.097,0.0509,,,,0.72451,2.31130,7.724,2.687,0.722,2.588,,
156.588,0.4523,0.5439,0.4556,0.0257,0.66,20.99,0.436,,1,1,3.097,0.0509,,,,0.72184,2.22961,7.724,2.687,0.722,2.588,,
156.635,0.4559,0.4380,0.4673,0.1685,0.64,21.06,0.465,,1,1,3.097,0.0509,,,,0.72284,2.19223,7.724,2.687,0.722,2.588,,
156.676,0.4568,0.3740,0.4602,0.1903,0.65,21.23,0.479,,1,1,3.097,0.0509,,,,0.72122,2.18352,7.724,2.687,0.722,2.588,,
156.722,0.4592,0.3340,0.4679,0.2192,0.68,21.39,0.477,,1,1,3.097,0.0509,,,,0.72046,2.18295,7.724,2.687,0.722,2.588,,
156.766,0.4570,0.2997,0.4493,0.2027,0.75,21.60,0.480,,1,1,3.097,0.0509,,,,0.71962,2.17703,7.724,2.687,0.722,2.588,,
156.818,0.4583,0.2869,0.4623,0.2528,0.79,21.74,0.479,,1,1,3.097,0.0509,,,,0.71358,2.16302,7.724,2.687,0.722,2.588,,
156.861,0.4566,0.2838,0.4507,0.2739,0.82,21.85,0.478,,1,1,3.097,0.0509,,,,0.70530,2.16290,7.724,2.687,0.722,2.588,,
156.909,0.4571,0.2843,0.4588,0.2857,0.82,21.87,0.477,,1,1,3.097,0.0509,,,,0.70397,2.16197,7.724,2.687,0.722,2.588,,
156.951,0.4571,0.2721,0.4569,0.2357,0.79,21.87,0.477,,1,1,3.097,0.0509,,,,0.70276,2.15240,7.724,2.687,0.722,2.588,,
156.998,0.4605,0.2545,0.4747,0.1879,0.76,21.85,0.482,,1,1,3.097,0.0509,,,,0.69867,2.12421,7.724,2.687,0.722,2.588,,
157.034,0.4636,0.2128,0.4747,0.0805,0.74,21.83,0.474,,1,1,3.097,0.0509,,,,0.70130,2.09719,7.724,2.687,0.722,2.588,,
157.083,0.4661,0.1972,0.4741,0.1520,0.73,21.84,0.475,,1,1,3.097,0.0509,,,,0.70137,2.08475,7.724,2.687,0.722,2.588,,
157.130,0.4712,0.1918,0.4884,0.1746,0.73,21.85,0.476,,1,1,3.097,0.0509,,,,0.70868,2.08358,7.724,2.687,0.722,2.588,,
157.183,0.5379,0.1867,0.7242,0.1727,0.74,21.90,0.480,,1,1,3.097,0.0509,,,,0.83257,2.12697,7.724,2.687,0.722,2.588,,
157.236,0.6165,0.1954,0.8356,0.2212,0.73,21.87,0.485,,1,1,3.097,0.0509,,,,0.89377,2.14859,7.724,2.687,0.722,2.588,,
157.291,0.6857,0.1883,0.8603,0.1686,0.72,21.81,0.491,,1,1,3.097,0.0509,,,,0.90509,2.12766,7.724,2.687,0.722,2.588,,
157.346,0.7350,0.1983,0.8661,0.2284,0.69,21.74,0.495,,1,1,3.097,0.0509,,,,0.90904,2.14760,7.724,2.687,0.722,2.588,,
157.398,0.7825,0.1702,0.9057,0.0896,0.69,21.74,0.498,,1,1,3.097,0.0509,,,,0.95671,2.17866,7.724,2.687,0.722,2.588,,
157.442,0.8162,0.1396,0.9129,0.0440,0.69,21.80,0.500,,1,1,3.097,0.0509,,,,0.97038,2.20335,7.724,2.687,0.722,2.588,,
157.488,0.8481,0.1234,0.9493,0.0680,0.69,21.82,0.501,,1,1,3.097,0.0509,,,,0.98534,2.20182,7.724,2.687,0.722,2.588,,
157.527,0.8689,0.1050,0.9393,0.0390,0.68,21.83,0.496,,1,1,3.097,0.0509,,,,1.00262,2.20603,7.724,2.687,0.722,2.588,,
157.565,0.8848,0.1038,0.9439,0.0990,0.68,21.81,0.491,,1,1,3.097,0.0509,,,,1.03010,2.20239,7.724,2.687,0.722,2.588,,
157.619,0.9002,0.0998,0.9444,0.0875,0.69,21.83,0.494,,1,1,3.097,0.0509,,,,1.04824,2.19815,7.724,2.687,0.722,2.588,,
157.673,0.9197,0.0989,0.9708,0.0966,0.70,21.93,0.496,,1,1,3.097,0.0509,,,,1.06841,2.20420,7.724,2.687,0.722,2.588,,
157.716,0.9270,0.0978,0.9517,0.0938,0.68,21.93,0.498,,1,1,3.097,0.0509,,,,1.10843,2.20191,7.724,2.687,0.722,2.588,,
157.762,0.9226,0.0986,0.9096,0.1008,0.67,21.96,0.498,,1,1,3.097,0.0509,,,,1.12631,2.18709,7.724,2.687,0.722,2.588,,
157.813,0.9233,0.0930,0.9254,0.0749,0.66,21.97,0.496,,1,1,3.097,0.0509,,,,1.13956,2.18717,7.724,2.687,0.722,2.588,,
157.868,0.9211,0.1012,0.9151,0.1236,0.64,21.98,0.498,,1,1,3.097,0.0509,,,,1.14163,2.17775,7.724,2.687,0.722,2.588,,
157.926,0.9269,0.1123,0.9426,0.1428,0.63,21.96,0.495,,1,1,3.097,0.0509,,,,1.15276,2.18563,7.724,2.687,0.722,2.588,,
157.971,0.9285,0.1299,0.9342,0.1907,0.63,21.92,0.498,,1,1,3.097,0.0509,,,,1.15382,2.20840,7.724,2.687,0.722,2.588,,
158.015,0.9316,0.1407,0.9427,0.1789,0.64,21.93,0.497,,1,1,3.097,0.0509,,,,1.16491,2.22346,7.724,2.687,0.722,2.588,,
158.056,0.9384,0.1457,0.9638,0.1643,0.64,21.95,0.499,,1,1,3.097,0.0509,,,,1.18463,2.22992,7.724,2.687,0.722,2.588,,
158.100,0.9439,0.1448,0.9632,0.1419,0.64,21.97,0.500,,1,1,3.097,0.0509,,,,1.18731,2.22982,7.724,2.687,0.722,2.588,,
158.146,0.8662,0.2319,0.5185,0.6044,0.70,21.95,0.406,,1,1,3.097,0.0509,,,,0.93866,2.36595,7.724,2.687,0.722,2.588,,
158.191,0.7010,0.4568,0.3146,0.9518,0.74,21.90,0.377,,1,1,3.097,0.0509,,,,0.78686,2.34169,7.724,2.687,0.722,2.588,,
158.237,0.5716,0.6259,0.2263,1.0487,0.78,21.86,0.370,,1,1,3.097,0.0509,,,,0.71977,2.33155,7.724,2.687,0.722,2.588,,
158.274,0.4755,0.7310,0.1673,1.1886,0.84,21.78,0.372,,1,1,3.097,0.0509,,,,0.67607,2.40114,7.724,2.687,0.722,2.588,,
158.311,0.4024,0.8094,0.1671,1.6144,0.80,21.60,0.357,,1,1,3.097,0.0509,,,,0.63679,2.54983,7.724,2.687,0.722,2.588,,
158.359,0.3563,0.8790,0.2370,1.5662,0.70,21.35,0.340,,1,1,3.097,0.0509,,,,0.62261,2.67089,7.724,2.687,0.722,2.588,,
158.443,0.5285,0.6225,0.8377,0.1599,0.41,20.93,0.348,,1,1,3.097,0.0509,,,,0.58860,2.60175,7.724,2.687,0.722,2.588,0.8438,0.2583
158.529,0.6112,0.6069,0.7588,0.5800,0.49,21.07,0.349,,1,1,3.097,0.0509,,,,0.48425,2.83136,7.724,2.687,0.722,2.588,,
158.578,0.6600,0.5328,0.8118,0.3021,0.52,21.12,0.332,,1,1,3.097,0.0509,,,,0.47436,2.86323,7.724,2.687,0.722,2.588,,
158.636,0.7108,0.4307,0.8443,0.1721,0.49,21.13,0.337,,1,1,3.097,0.0509,,,,0.47109,2.83087,7.724,2.687,0.722,2.588,,
158.692,0.7469,0.3514,0.8568,0.1244,0.44,21.10,0.329,,1,1,3.097,0.0509,,,,0.48526,2.80265,7.724,2.687,0.722,2.588,,
158.759,0.7851,0.2465,0.8574,0.0623,0.41,21.06,0.331,,1,1,3.097,0.0509,,,,0.68498,2.78333,7.724,2.687,0.722,2.588,,
158.812,0.8025,0.2224,0.8527,0.1571,0.37,21.23,0.340,,1,1,3.097,0.0509,,,,0.83777,2.63804,7.724,2.687,0.722,2.588,,
158.853,0.8179,0.2278,0.8722,0.2463,0.39,21.41,0.341,,1,1,3.097,0.0509,,,,0.92295,2.48433,7.724,2.687,0.722,2.588,,
158.903,0.8176,0.2140,0.8165,0.1712,0.41,21.53,0.318,,1,1,3.097,0.0509,,,,1.02383,2.35004,7.724,2.687,0.722,2.588,,
158.939,0.8191,0.2136,0.8248,0.2123,0.42,21.52,0.306,,1,1,3.097,0.0509,,,,1.17570,2.28372,7.724,2.687,0.722,2.588,,
158.982,0.8301,0.2153,0.8693,0.2210,0.41,21.44,0.311,,1,1,3.097,0.0509,,,,1.21075,2.20602,7.724,2.687,0.722,2.588,,
159.027,0.8554,0.1876,0.9462,0.0887,0.41,21.46,0.314,,1,1,3.097,0.0509,,,,1.50105,2.22460,7.724,2.687,0.722,2.588,,
