time_s,gaze_x,gaze_y,raw_x,raw_y,pitch_deg,yaw_deg,ear,blink,face_detected,calibrated,calib_mgae_deg,calib_rmse
0.746,,,,,-8.42,-3.83,0.176,,1,0,,
0.799,,,,,-9.21,-1.41,0.168,,1,0,,
0.828,,,,,-9.41,-2.19,0.191,,1,0,,
0.860,,,,,-9.44,-1.78,0.163,,1,0,,
0.885,,,,,-9.30,-2.03,0.170,,1,0,,
0.943,,,,,-9.20,-2.39,0.159,,1,0,,
0.972,,,,,-9.07,-2.59,0.164,,1,0,,
1.001,0.5000,0.5000,0.5000,0.5000,-8.97,-2.26,0.218,,1,0,,
1.034,0.5000,0.5000,0.5000,0.5000,-8.94,-2.04,0.227,,1,0,,
1.067,0.5000,0.5000,0.5000,0.5000,-8.49,-1.31,0.222,,1,0,,
1.109,0.5000,0.5000,0.5000,0.5000,-8.79,-0.75,0.212,,1,0,,
1.150,0.5000,0.5000,0.5000,0.5000,-8.74,-0.66,0.208,,1,0,,
1.185,0.5000,0.5000,0.5000,0.5000,-7.67,0.34,0.232,,1,0,,
1.213,0.5000,0.5000,0.5000,0.5000,-7.49,0.46,0.226,,1,0,,
1.238,0.5000,0.5000,0.5000,0.5000,-7.35,0.47,0.226,,1,0,,
1.264,0.5000,0.5000,0.5000,0.5000,-7.42,0.66,0.224,,1,0,,
1.290,0.5000,0.5000,0.5000,0.5000,-7.44,1.70,0.243,,1,0,,
1.321,0.5000,0.5000,0.5000,0.5000,-7.50,3.18,0.253,,1,0,,
1.359,0.5000,0.5000,0.5000,0.5000,-7.12,4.41,0.280,,1,0,,
1.422,0.5000,0.5000,0.5000,0.5000,-7.90,8.95,0.334,,1,0,,
1.465,0.5000,0.5000,0.5000,0.5000,-8.46,8.06,0.331,,1,0,,
1.496,0.5000,0.5000,0.5000,0.5000,-8.31,9.37,0.320,,1,0,,
1.525,0.5000,0.5000,0.5000,0.5000,-8.35,9.38,0.318,,1,0,,
1.569,0.5000,0.5000,0.5000,0.5000,-8.40,8.62,0.335,,1,0,,
1.603,0.5000,0.5000,0.5000,0.5000,-8.36,9.01,0.351,,1,0,,
1.627,0.5000,0.5000,0.5000,0.5000,-7.85,7.95,0.349,,1,0,,
1.664,0.5000,0.5000,0.5000,0.5000,-7.82,7.81,0.341,,1,0,,
1.706,0.5000,0.5000,0.5000,0.5000,-7.83,7.52,0.335,,1,0,,
1.734,0.5000,0.5000,0.5000,0.5000,-7.83,7.05,0.328,,1,0,,
1.760,0.5000,0.5000,0.5000,0.5000,-7.80,7.25,0.329,,1,0,,
1.786,0.5000,0.5000,0.5000,0.5000,-7.79,7.64,0.326,,1,0,,
1.809,0.5000,0.5000,0.5000,0.5000,-8.25,7.72,0.298,,1,0,,
1.833,0.5000,0.5000,0.5000,0.5000,-7.95,8.35,0.306,,1,0,,
1.860,0.5000,0.5000,0.5000,0.5000,-8.02,8.83,0.313,,1,0,,
1.897,0.5000,0.5000,0.5000,0.5000,-8.22,9.30,0.315,,1,0,,
1.968,0.5000,0.5000,0.5000,0.5000,-7.54,8.85,0.337,,1,0,,
1.996,0.5000,0.5000,0.5000,0.5000,-7.76,8.85,0.335,,1,0,,
2.022,0.5000,0.5000,0.5000,0.5000,-7.68,11.68,0.393,,1,0,,
2.050,0.5000,0.5000,0.5000,0.5000,-7.67,13.26,0.398,,1,0,,
2.080,0.5000,0.5000,0.5000,0.5000,-6.60,15.05,0.474,,1,0,,
2.115,0.5000,0.5000,0.5000,0.5000,-6.69,14.18,0.485,,1,0,,
2.152,0.5000,0.5000,0.5000,0.5000,-6.11,16.62,0.476,,1,0,,
2.184,0.5000,0.5000,0.5000,0.5000,-6.40,17.04,0.483,,1,0,,
2.214,0.5000,0.5000,0.5000,0.5000,-5.65,18.78,0.498,,1,0,,
2.244,0.5000,0.5000,0.5000,0.5000,-5.66,18.84,0.498,,1,0,,
2.273,0.5000,0.5000,0.5000,0.5000,-4.81,18.53,0.504,,1,0,,
2.313,0.5000,0.5000,0.5000,0.5000,-4.05,20.23,0.467,,1,0,,
2.354,0.5000,0.5000,0.5000,0.5000,-4.56,20.60,0.472,,1,0,,
2.386,0.5000,0.5000,0.5000,0.5000,-2.96,22.53,0.484,,1,0,,
2.420,0.5000,0.5000,0.5000,0.5000,-3.15,23.25,0.499,,1,0,,
2.457,0.5000,0.5000,0.5000,0.5000,-2.56,25.06,0.498,,1,0,,
2.487,0.5000,0.5000,0.5000,0.5000,-2.33,25.18,0.496,,1,0,,
2.530,0.5000,0.5000,0.5000,0.5000,-1.80,23.13,0.509,,1,0,,
2.565,0.5000,0.5000,0.5000,0.5000,-2.58,23.42,0.529,,1,0,,
2.599,0.5000,0.5000,0.5000,0.5000,-1.20,25.38,0.519,,1,0,,
2.631,0.5000,0.5000,0.5000,0.5000,0.07,25.47,0.509,,1,0,,
2.666,0.5000,0.5000,0.5000,0.5000,0.33,25.73,0.502,,1,0,,
2.695,0.5000,0.5000,0.5000,0.5000,1.99,25.26,0.462,,1,0,,
2.730,0.5000,0.5000,0.5000,0.5000,2.04,25.03,0.500,,1,0,,
2.758,0.5000,0.5000,0.5000,0.5000,2.43,26.22,0.503,,1,0,,
2.782,0.5000,0.5000,0.5000,0.5000,2.35,26.58,0.504,,1,0,,
2.816,0.5000,0.5000,0.5000,0.5000,1.61,26.73,0.521,,1,0,,
2.852,0.5000,0.5000,0.5000,0.5000,2.58,26.53,0.499,,1,0,,
2.886,0.5000,0.5000,0.5000,0.5000,3.04,26.50,0.503,,1,0,,
2.928,0.5000,0.5000,0.5000,0.5000,2.56,27.27,0.512,,1,0,,
2.964,0.5000,0.5000,0.5000,0.5000,2.45,26.88,0.515,,1,0,,
2.989,0.5000,0.5000,0.5000,0.5000,2.91,26.65,0.505,,1,0,,
3.019,0.5000,0.5000,0.5000,0.5000,3.18,27.10,0.509,,1,0,,
3.051,0.5000,0.5000,0.5000,0.5000,3.79,27.04,0.499,,1,0,,
3.084,0.5000,0.5000,0.5000,0.5000,3.20,26.66,0.510,,1,0,,
3.112,0.5000,0.5000,0.5000,0.5000,3.63,25.82,0.519,,1,0,,
3.167,0.5000,0.5000,0.5000,0.5000,4.34,25.31,0.508,,1,0,,
3.198,0.5000,0.5000,0.5000,0.5000,4.41,25.21,0.508,,1,0,,
3.228,0.5000,0.5000,0.5000,0.5000,4.35,26.30,0.461,,1,0,,
3.266,0.5000,0.5000,0.5000,0.5000,3.88,26.38,0.475,,1,0,,
3.293,0.5000,0.5000,0.5000,0.5000,4.71,24.98,0.512,,1,0,,
3.321,0.5000,0.5000,0.5000,0.5000,4.79,25.16,0.520,,1,0,,
3.350,0.5000,0.5000,0.5000,0.5000,6.51,24.28,0.508,,1,0,,
3.374,0.5000,0.5000,0.5000,0.5000,5.85,25.13,0.516,,1,0,,
3.401,0.5000,0.5000,0.5000,0.5000,5.24,24.81,0.484,,1,0,,
3.436,0.5000,0.5000,0.5000,0.5000,5.09,24.76,0.477,,1,0,,
3.462,0.5000,0.5000,0.5000,0.5000,5.51,24.57,0.505,,1,0,,
3.512,0.5000,0.5000,0.5000,0.5000,5.14,24.93,0.526,,1,0,,
3.535,0.5000,0.5000,0.5000,0.5000,5.03,25.01,0.527,,1,0,,
3.577,0.5000,0.5000,0.5000,0.5000,5.52,24.47,0.526,,1,0,,
3.604,0.5000,0.5000,0.5000,0.5000,5.57,24.10,0.525,,1,0,,
3.642,0.5000,0.5000,0.5000,0.5000,5.52,24.86,0.507,,1,0,,
3.665,0.5000,0.5000,0.5000,0.5000,4.93,25.26,0.511,,1,0,,
3.701,0.5000,0.5000,0.5000,0.5000,5.08,24.33,0.520,,1,0,,
3.724,0.5000,0.5000,0.5000,0.5000,5.17,24.32,0.527,,1,0,,
3.750,0.5000,0.5000,0.5000,0.5000,5.80,23.60,0.510,,1,0,,
3.774,0.5000,0.5000,0.5000,0.5000,5.41,22.90,0.523,,1,0,,
3.818,0.5000,0.5000,0.5000,0.5000,6.64,22.59,0.525,,1,0,,
3.883,0.5000,0.5000,0.5000,0.5000,6.25,22.98,0.499,,1,0,,
3.913,0.5000,0.5000,0.5000,0.5000,5.40,23.53,0.489,,1,0,,
3.940,0.5000,0.5000,0.5000,0.5000,6.10,23.02,0.488,,1,0,,
3.966,0.5000,0.5000,0.5000,0.5000,5.54,23.00,0.491,,1,0,,
3.996,0.5000,0.5000,0.5000,0.5000,5.30,22.99,0.507,,1,0,,
4.021,0.5000,0.5000,0.5000,0.5000,4.73,23.22,0.511,,1,0,,
4.059,0.5000,0.5000,0.5000,0.5000,5.46,22.59,0.527,,1,0,,
4.128,0.5000,0.5000,0.5000,0.5000,5.51,23.84,0.510,,1,0,,
4.159,0.5000,0.5000,0.5000,0.5000,5.38,23.78,0.506,,1,0,,
4.186,0.5000,0.5000,0.5000,0.5000,5.55,22.71,0.507,,1,0,,
4.215,0.5000,0.5000,0.5000,0.5000,4.84,22.70,0.519,,1,0,,
4.244,0.5000,0.5000,0.5000,0.5000,4.53,23.22,0.508,,1,0,,
4.277,0.5000,0.5000,0.5000,0.5000,4.41,22.88,0.502,,1,0,,
4.307,0.5000,0.5000,0.5000,0.5000,6.80,21.48,0.490,,1,0,,
4.362,0.5000,0.5000,0.5000,0.5000,6.08,23.14,0.493,,1,0,,
4.389,0.5000,0.5000,0.5000,0.5000,5.93,22.55,0.485,,1,0,,
4.422,0.5000,0.5000,,,5.62,23.45,0.279,,1,0,,
4.446,0.5000,0.5000,,,5.46,23.22,0.242,,1,0,,
4.490,0.5000,0.5000,,,4.98,19.77,0.126,,1,0,,
4.521,0.5000,0.5000,,,4.60,18.45,0.124,,1,0,,
4.553,0.5000,0.5000,,,3.78,15.29,0.126,,1,0,,
4.575,0.5000,0.5000,,,3.64,14.57,0.137,,1,0,,
4.598,0.5000,0.5000,,,2.18,12.45,0.221,,1,0,,
4.628,0.5000,0.5000,,,2.19,11.77,0.230,,1,0,,
4.667,0.5000,0.5000,,,0.23,11.45,0.237,,1,0,,
4.727,0.5000,0.5000,,,-0.89,4.13,0.189,,1,0,,
4.753,0.5000,0.5000,,,-0.91,4.99,0.187,,1,0,,
4.778,0.5000,0.5000,,,-1.04,4.33,0.215,,1,0,,
4.803,0.5000,0.5000,,,-0.97,3.99,0.219,,1,0,,
4.846,0.5000,0.5000,,,-2.00,3.54,0.169,,1,0,,
4.880,0.5000,0.5000,,,-2.15,3.03,0.186,,1,0,,
4.911,0.5000,0.5000,,,-1.10,2.91,0.202,,1,0,,
4.935,0.5000,0.5000,,,-2.05,2.79,0.214,,1,0,,
4.966,0.5000,0.5000,,,-1.50,5.30,0.212,,1,0,,
4.991,0.5000,0.5000,,,-1.99,6.08,0.217,,1,0,,
5.019,0.5000,0.5000,,,-2.98,5.44,0.190,,1,0,,
5.046,0.5000,0.5000,,,-2.84,5.06,0.229,,1,0,,
5.081,0.5000,0.5000,,,-3.15,0.57,0.228,,1,0,,
5.154,0.5000,0.5000,,,-2.26,4.23,0.217,,1,0,,
5.190,0.5000,0.5000,,,-2.54,3.81,0.239,,1,0,,
5.215,0.5000,0.5000,,,-3.43,4.25,0.223,,1,0,,
5.253,0.5000,0.5000,,,-3.95,5.02,0.254,,1,0,,
5.289,0.5000,0.5000,,,-4.01,1.94,0.211,,1,0,,
5.314,0.5000,0.5000,,,-3.74,0.37,0.204,,1,0,,
5.346,0.5000,0.5000,,,-4.07,-2.41,0.215,,1,0,,
5.383,0.5000,0.5000,,,-4.98,-2.31,0.159,,1,0,,
5.413,0.5000,0.5000,,,-4.99,-4.62,0.172,,1,0,,
5.447,0.5000,0.5000,,,-6.13,-9.46,0.167,,1,0,,
5.471,0.5000,0.5000,,,-6.37,-10.37,0.168,,1,0,,
5.497,0.5000,0.5000,,,-6.71,-9.34,0.156,,1,0,,
5.523,0.5000,0.5000,,,-6.86,-8.74,0.136,,1,0,,
5.560,0.5000,0.5000,,,-7.54,-8.51,0.127,,1,0,,
5.630,0.5000,0.5000,,,-5.89,-6.26,0.122,,1,0,,
5.662,0.5000,0.5000,,,-5.33,-6.08,0.116,,1,0,,
5.696,0.5000,0.5000,,,-5.27,-5.55,0.124,,1,0,,
5.721,0.5000,0.5000,,,-5.32,-4.92,0.123,,1,0,,
5.747,0.5000,0.5000,,,-5.34,-4.45,0.125,,1,0,,
5.770,0.5000,0.5000,,,-5.44,-4.42,0.126,,1,0,,
5.798,0.5000,0.5000,,,-5.33,-2.66,0.076,,1,0,,
5.829,0.5000,0.5000,,,-5.21,-3.26,0.078,,1,0,,
5.863,0.5000,0.5000,,,-5.39,-3.40,0.074,,1,0,,
5.933,0.5000,0.5000,,,-5.07,-3.44,0.050,,1,0,,
5.969,0.5000,0.5000,,,-5.10,-3.71,0.051,,1,0,,
6.001,0.5000,0.5000,,,-4.89,-3.15,0.077,,1,0,,
6.026,0.5000,0.5000,,,-4.89,-3.36,0.079,,1,0,,
6.050,0.5000,0.5000,,,-4.70,-0.97,0.087,,1,0,,
6.084,0.5000,0.5000,,,-4.60,-0.55,0.095,,1,0,,
6.108,0.5000,0.5000,,,-4.58,-0.48,0.095,,1,0,,
6.139,0.5000,0.5000,,,-5.29,-2.21,0.089,,1,0,,
6.165,0.5000,0.5000,,,-4.99,-0.77,0.113,,1,0,,
6.187,0.5000,0.5000,,,-4.73,-1.67,0.119,,1,0,,
6.232,0.5000,0.5000,,,-3.50,-2.38,0.053,,1,0,,
6.254,0.5000,0.5000,,,-3.74,-2.34,0.045,,1,0,,
6.284,0.5000,0.5000,,,-4.50,-2.97,0.100,,1,0,,
6.349,0.5000,0.5000,,,-5.37,-3.94,0.089,,1,0,,
6.377,0.5000,0.5000,,,-5.55,-3.16,0.102,,1,0,,
6.408,0.5000,0.5000,,,-3.58,-0.79,0.082,,1,0,,
6.441,0.5000,0.5000,,,-4.53,-1.82,0.085,,1,0,,
6.471,0.5000,0.5000,0.5000,0.5000,-3.78,-0.10,0.136,,1,0,,
6.506,0.5000,0.5000,0.5000,0.5000,-4.60,-0.20,0.151,,1,0,,
6.536,0.5000,0.5000,0.5000,0.5000,-3.59,-0.90,0.112,,1,0,,
6.566,0.5000,0.5000,,,-4.54,-1.47,0.083,,1,0,,
6.599,0.5000,0.5000,,,-3.64,-1.17,0.079,,1,0,,
6.653,0.5000,0.5000,0.5000,0.5000,-4.10,-4.42,0.117,,1,0,,
6.684,0.5000,0.5000,0.5000,0.5000,-4.40,-4.04,0.133,,1,0,,
6.709,0.5000,0.5000,0.5000,0.5000,-4.54,-2.71,0.121,,1,0,,
6.735,0.5000,0.5000,,,-5.39,-3.14,0.091,,1,0,,
6.769,0.5000,0.5000,,,-4.51,-2.08,0.073,,1,0,,
6.797,0.5000,0.5000,,,-4.42,-2.19,0.071,,1,0,,
6.822,0.5000,0.5000,,,-4.58,-4.14,0.076,,1,0,,
6.888,0.5000,0.5000,0.5000,0.5000,-4.68,-3.21,0.119,,1,0,,
6.914,0.5000,0.5000,0.5000,0.5000,-5.13,-2.79,0.095,,1,0,,
6.962,0.5000,0.5000,0.5000,0.5000,-4.51,-2.18,0.120,,1,0,,
6.999,0.5000,0.5000,0.5000,0.5000,-5.41,-2.78,0.105,,1,0,,
7.028,0.5000,0.5000,0.5000,0.5000,-5.84,-2.33,0.116,,1,0,,
7.056,0.5000,0.5000,0.5000,0.5000,-6.19,-2.33,0.118,,1,0,,
7.082,0.5000,0.5000,0.5000,0.5000,-5.07,-2.83,0.131,,1,0,,
7.129,0.5000,0.5000,0.5000,0.5000,-3.68,-1.83,0.111,,1,0,,
7.154,0.5000,0.5000,0.5000,0.5000,-4.55,-2.19,0.085,,1,0,,
7.200,0.5000,0.5000,,,-5.32,-3.26,0.073,,1,0,,
7.228,0.5000,0.5000,,,-5.47,-3.42,0.075,,1,0,,
7.252,0.5000,0.5000,0.5000,0.5000,-5.67,-4.28,0.114,,1,0,,
7.279,0.5000,0.5000,0.5000,0.5000,-5.87,-5.15,0.092,,1,0,,
7.303,0.5000,0.5000,0.5000,0.5000,-4.51,-4.63,0.122,,1,0,,
7.329,0.5000,0.5000,0.5000,0.5000,-4.55,-4.58,0.127,,1,0,,
7.399,0.5000,0.5000,0.5000,0.5000,-4.72,-9.32,0.086,,1,0,,
7.426,0.5000,0.5000,0.5000,0.5000,-4.56,-9.50,0.089,,1,0,,
7.456,0.5000,0.5000,0.5000,0.5000,-6.81,-9.17,0.182,,1,0,,
7.489,0.5000,0.5000,0.5000,0.5000,-6.96,-11.58,0.176,,1,0,,
7.517,0.5000,0.5000,0.5000,0.5000,-6.81,-13.99,0.243,,1,0,,
7.558,0.5000,0.5000,0.5000,0.5000,-6.45,-11.65,0.142,,1,0,,
7.592,0.5000,0.5000,0.5000,0.5000,-6.63,-12.69,0.127,,1,0,,
7.617,0.5000,0.5000,0.5000,0.5000,-6.27,-14.31,0.147,,1,0,,
7.643,0.5000,0.5000,0.5000,0.5000,-6.30,-13.59,0.122,,1,0,,
7.672,0.5000,0.5000,0.5000,0.5000,-5.54,-14.09,0.118,,1,0,,
7.709,0.5000,0.5000,0.5000,0.5000,-5.04,-14.08,0.115,,1,0,,
7.742,0.5000,0.5000,,,-4.08,-12.15,0.068,,1,0,,
7.776,0.5000,0.5000,,,-3.80,-12.27,0.066,,1,0,,
7.805,0.5000,0.5000,0.5000,0.5000,-4.67,-12.48,0.124,,1,0,,
7.836,0.5000,0.5000,0.5000,0.5000,-5.69,-13.26,0.121,,1,0,,
7.874,0.5000,0.5000,0.5000,0.5000,-4.99,-13.19,0.123,,1,0,,
7.911,0.5000,0.5000,0.5000,0.5000,-5.75,-16.85,0.088,,1,0,,
7.942,0.5000,0.5000,0.5000,0.5000,-5.99,-16.98,0.091,,1,0,,
7.981,0.5000,0.5000,0.5000,0.5000,-6.89,-18.91,0.222,,1,0,,
8.010,0.5000,0.5000,0.5000,0.5000,-7.64,-19.06,0.226,,1,0,,
8.052,0.5000,0.5000,0.5000,0.5000,-6.36,-19.50,0.233,,1,0,,
8.088,0.5000,0.5000,0.5000,0.5000,-5.89,-18.98,0.228,,1,0,,
8.116,0.5000,0.5000,0.5000,0.5000,-5.29,-17.40,0.124,,1,0,,
8.151,0.5000,0.5000,0.5000,0.5000,-5.65,-16.70,0.129,,1,0,,
8.184,0.5000,0.5000,0.5000,0.5000,-5.62,-16.87,0.133,,1,0,,
8.215,0.5000,0.5000,0.5000,0.5000,-6.00,-15.44,0.118,,1,0,,
8.245,0.5000,0.5000,0.5000,0.5000,-6.36,-15.12,0.121,,1,0,,
8.273,0.5000,0.5000,0.5000,0.5000,-6.91,-11.02,0.101,,1,0,,
8.295,0.5000,0.5000,,,-7.77,-10.06,0.092,,1,0,,
8.328,0.5000,0.5000,0.5000,0.5000,-7.86,-9.20,0.199,,1,0,,
8.399,0.5000,0.5000,0.5000,0.5000,-6.88,-11.42,0.245,,1,0,,
8.427,0.5000,0.5000,0.5000,0.5000,-6.86,-10.35,0.194,,1,0,,
8.454,0.5000,0.5000,0.5000,0.5000,-6.70,-9.16,0.196,,1,0,,
8.477,0.5000,0.5000,0.5000,0.5000,-6.63,-9.11,0.206,,1,0,,
8.506,0.5000,0.5000,0.5000,0.5000,-5.86,-6.10,0.221,,1,0,,
8.536,0.5000,0.5000,0.5000,0.5000,-5.30,-4.31,0.220,,1,0,,
8.566,0.5000,0.5000,0.5000,0.5000,-5.26,-6.85,0.261,,1,0,,
8.595,0.5000,0.5000,0.5000,0.5000,-5.73,-8.10,0.255,,1,0,,
8.636,0.5000,0.5000,0.5000,0.5000,-5.38,-4.35,0.226,,1,0,,
8.672,0.5000,0.5000,0.5000,0.5000,-5.66,-5.83,0.246,,1,0,,
8.696,0.5000,0.5000,0.5000,0.5000,-5.52,-9.61,0.239,,1,0,,
8.749,0.5000,0.5000,0.5000,0.5000,-5.80,-10.02,0.268,,1,0,,
8.783,0.5000,0.5000,0.5000,0.5000,-6.25,-10.75,0.258,,1,0,,
8.807,0.5000,0.5000,0.5000,0.5000,-6.19,-10.98,0.233,,1,0,,
8.835,0.5000,0.5000,0.5000,0.5000,-5.84,-11.20,0.221,,1,0,,
8.869,0.5000,0.5000,0.5000,0.5000,-6.14,-12.91,0.223,,1,0,,
8.894,0.5000,0.5000,0.5000,0.5000,-6.34,-13.23,0.222,,1,0,,
8.935,0.5000,0.5000,0.5000,0.5000,-6.47,-11.22,0.226,,1,0,,
8.963,0.5000,0.5000,0.5000,0.5000,-6.66,-11.00,0.215,,1,0,,
8.987,0.5000,0.5000,0.5000,0.5000,-5.89,-6.65,0.167,,1,0,,
9.011,0.5000,0.5000,0.5000,0.5000,-6.12,-7.85,0.171,,1,0,,
9.049,0.5000,0.5000,0.5000,0.5000,-6.62,-7.93,0.149,,1,0,,
9.123,0.5000,0.5000,,,-8.27,-8.60,0.109,,1,0,,
9.147,0.5000,0.5000,,,-8.42,-8.85,0.111,,1,0,,
9.176,0.5000,0.5000,,,-8.43,-9.23,0.116,,1,0,,
9.197,0.5000,0.5000,,,-8.23,-9.00,0.107,,1,0,,
9.238,0.5000,0.5000,0.5000,0.5000,-8.21,-10.15,0.144,,1,0,,
9.277,0.5000,0.5000,0.5000,0.5000,-8.23,-9.69,0.164,,1,0,,
9.302,0.5000,0.5000,0.5000,0.5000,-7.94,-10.44,0.168,,1,0,,
9.353,0.5000,0.5000,0.5000,0.5000,-7.94,-5.61,0.143,,1,0,,
9.379,0.5000,0.5000,,,-8.01,-7.11,0.122,,1,0,,
9.421,0.5000,0.5000,,,-8.26,-7.41,0.134,,1,0,,
9.455,0.5000,0.5000,,,-8.36,-7.45,0.138,,1,0,,
9.481,0.5000,0.5000,,,-7.65,-5.46,0.131,,1,0,,
9.504,0.5000,0.5000,,,-7.71,-5.04,0.134,,1,0,,
9.529,0.5000,0.5000,0.5000,0.5000,-6.90,-4.23,0.152,,1,0,,
9.555,0.5000,0.5000,0.5000,0.5000,-6.72,-3.12,0.156,,1,0,,
9.594,0.5000,0.5000,0.5000,0.5000,-6.63,-1.90,0.154,,1,0,,
9.653,0.5000,0.5000,0.5000,0.5000,-6.46,0.04,0.166,,1,0,,
9.678,0.5000,0.5000,0.5000,0.5000,-6.49,0.63,0.166,,1,0,,
9.723,0.5000,0.5000,,,-5.80,0.61,0.132,,1,0,,
9.750,0.5000,0.5000,0.5000,0.5000,-5.67,-0.16,0.142,,1,0,,
9.775,0.5000,0.5000,0.5000,0.5000,-5.82,0.25,0.142,,1,0,,
9.801,0.5000,0.5000,0.5000,0.5000,-6.00,-0.27,0.149,,1,0,,
9.836,0.5000,0.5000,,,-6.16,-3.12,0.138,,1,0,,
9.865,0.5000,0.5000,,,-6.43,-2.58,0.130,,1,0,,
9.896,0.5000,0.5000,,,-6.48,-2.97,0.089,,1,0,,
9.965,0.5000,0.5000,0.5000,0.5000,-6.46,-4.07,0.152,,1,0,,
9.992,0.5000,0.5000,0.5000,0.5000,-6.68,-3.87,0.172,,1,0,,
10.015,0.5000,0.5000,0.5000,0.5000,-6.38,-2.54,0.192,,1,0,,
10.044,0.5000,0.5000,0.5000,0.5000,-6.43,-2.21,0.192,,1,0,,
10.073,0.5000,0.5000,0.5000,0.5000,-6.57,-2.72,0.216,,1,0,,
10.095,0.5000,0.5000,0.5000,0.5000,-6.64,-1.76,0.222,,1,0,,
10.139,0.5000,0.5000,0.5000,0.5000,-6.24,6.07,0.257,,1,0,,
10.165,0.5000,0.5000,0.5000,0.5000,-6.26,7.57,0.266,,1,0,,
10.199,0.5000,0.5000,0.5000,0.5000,-6.52,10.22,0.254,,1,0,,
10.226,0.5000,0.5000,0.5000,0.5000,-6.52,10.14,0.244,,1,0,,
10.248,0.5000,0.5000,0.5000,0.5000,-6.47,10.63,0.259,,1,0,,
10.310,0.5000,0.5000,0.5000,0.5000,-6.33,8.34,0.250,,1,0,,
10.333,0.5000,0.5000,0.5000,0.5000,-6.33,7.84,0.248,,1,0,,
10.378,0.5000,0.5000,0.5000,0.5000,-6.49,8.74,0.253,,1,0,,
10.403,0.5000,0.5000,0.5000,0.5000,-6.60,8.88,0.255,,1,0,,
10.440,0.5000,0.5000,0.5000,0.5000,-6.73,7.86,0.241,,1,0,,
10.471,0.5000,0.5000,0.5000,0.5000,-6.78,7.69,0.237,,1,0,,
10.508,0.5000,0.5000,0.5000,0.5000,-6.64,7.75,0.229,,1,0,,
10.539,0.5000,0.5000,0.5000,0.5000,-6.61,7.22,0.234,,1,0,,
10.569,0.5000,0.5000,0.5000,0.5000,-6.63,6.53,0.244,,1,0,,
10.617,0.5000,0.5000,0.5000,0.5000,-6.57,5.88,0.246,,1,0,,
10.640,0.5000,0.5000,0.5000,0.5000,-6.54,5.64,0.241,,1,0,,
10.682,0.5000,0.5000,0.5000,0.5000,-6.74,5.16,0.235,,1,0,,
10.711,0.5000,0.5000,0.5000,0.5000,-6.78,5.07,0.228,,1,0,,
10.742,0.5000,0.5000,0.5000,0.5000,-6.86,5.33,0.231,,1,0,,
10.767,0.5000,0.5000,0.5000,0.5000,-6.86,5.61,0.229,,1,0,,
10.794,0.5000,0.5000,0.5000,0.5000,-6.75,4.26,0.207,,1,0,,
10.861,0.5000,0.5000,0.5000,0.5000,-6.82,2.31,0.202,,1,0,,
10.886,0.5000,0.5000,0.5000,0.5000,-6.82,1.56,0.198,,1,0,,
10.917,0.5000,0.5000,0.5000,0.5000,-6.37,1.82,0.205,,1,0,,
10.941,0.5000,0.5000,0.5000,0.5000,-6.15,1.72,0.219,,1,0,,
10.965,0.5000,0.5000,0.5000,0.5000,-6.49,3.76,0.217,,1,0,,
10.989,0.5000,0.5000,0.5000,0.5000,-6.83,4.62,0.212,,1,0,,
11.034,0.5000,0.5000,0.5000,0.5000,-7.35,4.40,0.271,,1,0,,
11.057,0.5000,0.5000,0.5000,0.5000,-7.35,4.19,0.266,,1,0,,
11.099,0.5000,0.5000,0.5000,0.5000,-6.03,3.45,0.227,,1,0,,
11.170,0.5000,0.5000,0.5000,0.5000,-6.44,2.45,0.241,,1,0,,
11.202,0.5000,0.5000,0.5000,0.5000,-6.34,2.45,0.245,,1,0,,
11.236,0.5000,0.5000,0.5000,0.5000,-6.30,2.24,0.222,,1,0,,
11.260,0.5000,0.5000,0.5000,0.5000,-6.66,1.24,0.195,,1,0,,
11.284,0.5000,0.5000,,,-8.12,-0.45,0.120,,1,0,,
11.310,0.5000,0.5000,,,-8.22,-0.90,0.105,,1,0,,
11.347,0.5000,0.5000,,,-7.59,-0.88,0.120,,1,0,,
11.375,0.5000,0.5000,,,-7.70,-1.19,0.113,,1,0,,
11.398,0.5000,0.5000,,,-6.55,-1.11,0.139,,1,0,,
11.420,0.5000,0.5000,,,-6.57,-1.12,0.111,,1,0,,
11.464,0.5000,0.5000,,,-6.59,-2.45,0.098,,1,0,,
11.512,0.5000,0.5000,,,-7.41,-0.83,0.072,,1,0,,
11.534,0.5000,0.5000,,,-6.94,-1.02,0.079,,1,0,,
11.577,0.5000,0.5000,,,-6.69,-0.20,0.091,,1,0,,
11.600,0.5000,0.5000,,,-6.92,0.06,0.093,,1,0,,
11.641,0.5000,0.5000,,,-6.84,-0.15,0.081,,1,0,,
11.680,0.5000,0.5000,,,-6.70,-0.30,0.076,,1,0,,
11.712,0.5000,0.5000,,,-7.58,-0.63,0.067,,1,0,,
11.733,0.5000,0.5000,,,-7.56,-0.85,0.080,,1,0,,
11.759,0.5000,0.5000,,,-7.89,-1.84,0.085,,1,0,,
11.785,0.5000,0.5000,,,-7.72,-2.19,0.085,,1,0,,
11.814,0.5000,0.5000,,,-7.47,-2.39,0.111,,1,0,,
11.880,0.5000,0.5000,0.5000,0.5000,-7.48,-0.62,0.160,,1,0,,
11.920,0.5000,0.5000,0.5000,0.5000,-7.38,-0.98,0.184,,1,0,,
11.946,0.5000,0.5000,0.5000,0.5000,-6.98,1.25,0.225,,1,0,,
11.971,0.5000,0.5000,0.5000,0.5000,-7.06,1.00,0.219,,1,0,,
11.997,0.5000,0.5000,0.5000,0.5000,-7.07,-1.40,0.201,,1,0,,
12.021,0.5000,0.5000,0.5000,0.5000,-7.23,-1.21,0.183,,1,0,,
12.056,0.5000,0.5000,0.5000,0.5000,-7.01,-1.12,0.189,,1,0,,
12.134,0.5000,0.5000,0.5000,0.5000,-6.60,-1.22,0.222,,1,0,,
12.167,0.5000,0.5000,0.5000,0.5000,-6.57,-2.72,0.237,,1,0,,
12.195,0.5000,0.5000,0.5000,0.5000,-5.75,-2.23,0.249,,1,0,,
12.219,0.5000,0.5000,0.5000,0.5000,-6.15,-2.46,0.233,,1,0,,
12.243,0.5000,0.5000,0.5000,0.5000,-6.54,-3.54,0.218,,1,0,,
12.268,0.5000,0.5000,0.5000,0.5000,-7.32,-6.37,0.220,,1,0,,
12.296,0.5000,0.5000,0.5000,0.5000,-7.68,-9.49,0.262,,1,0,,
12.358,0.5000,0.5000,0.5000,0.5000,-7.57,-7.68,0.270,,1,0,,
12.381,0.5000,0.5000,0.5000,0.5000,-7.64,-7.36,0.248,,1,0,,
12.422,0.5000,0.5000,0.5000,0.5000,-7.63,-5.15,0.300,,1,0,,
12.446,0.5000,0.5000,0.5000,0.5000,-7.71,-7.48,0.306,,1,0,,
12.473,0.5000,0.5000,0.5000,0.5000,-6.73,-7.55,0.214,,1,0,,
12.501,0.5000,0.5000,0.5000,0.5000,-6.38,-7.68,0.203,,1,0,,
12.535,0.5000,0.5000,0.5000,0.5000,-7.61,-13.02,0.218,,1,0,,
12.559,0.5000,0.5000,0.5000,0.5000,-8.44,-12.56,0.209,,1,0,,
12.603,0.5000,0.5000,0.5000,0.5000,-7.18,-15.10,0.286,,1,0,,
12.640,0.5000,0.5000,0.5000,0.5000,-6.97,-14.96,0.301,,1,0,,
12.667,0.5000,0.5000,0.5000,0.5000,-8.43,-15.29,0.208,,1,0,,
12.742,0.5000,0.5000,,,-7.71,-15.62,0.139,,1,0,,
12.777,0.5000,0.5000,,,-8.30,-16.11,0.137,,1,0,,
12.801,0.5000,0.5000,0.5000,0.5000,-8.32,-14.81,0.144,,1,0,,
12.828,0.5000,0.5000,0.5000,0.5000,-8.18,-14.97,0.150,,1,0,,
12.855,0.5000,0.5000,0.5000,0.5000,-8.27,-13.69,0.163,,1,0,,
12.878,0.5000,0.5000,0.5000,0.5000,-8.02,-11.91,0.163,,1,0,,
12.902,0.5000,0.5000,0.5000,0.5000,-6.26,-14.71,0.164,,1,0,,
12.928,0.5000,0.5000,0.5000,0.5000,-6.49,-14.09,0.153,,1,0,,
12.964,0.5000,0.5000,0.5000,0.5000,-6.64,-13.20,0.172,,1,0,,
12.989,0.5000,0.5000,0.5000,0.5000,-6.67,-12.98,0.176,,1,0,,
13.013,0.5000,0.5000,0.5000,0.5000,-7.58,-13.53,0.164,,1,0,,
13.036,0.5000,0.5000,0.5000,0.5000,-8.13,-13.33,0.155,,1,0,,
13.083,0.5000,0.5000,0.5000,0.5000,-8.34,-12.83,0.152,,1,0,,
13.143,0.5000,0.5000,,,-7.68,-13.72,0.112,,1,0,,
13.166,0.5000,0.5000,,,-8.24,-13.12,0.098,,1,0,,
13.208,0.5000,0.5000,,,-6.78,-12.16,0.065,,1,0,,
13.235,0.5000,0.5000,,,-6.24,-13.20,0.081,,1,0,,
13.258,0.5000,0.5000,,,-6.46,-13.12,0.087,,1,0,,
13.281,0.5000,0.5000,,,-6.50,-12.63,0.083,,1,0,,
13.319,0.5000,0.5000,0.5000,0.5000,-7.15,-11.75,0.145,,1,0,,
13.383,0.5000,0.5000,0.5000,0.5000,-7.86,-12.85,0.212,,1,0,,
13.410,0.5000,0.5000,0.5000,0.5000,-7.95,-13.31,0.211,,1,0,,
13.449,0.5000,0.5000,0.5000,0.5000,-8.14,-9.96,0.261,,1,0,,
13.473,0.5000,0.5000,0.5000,0.5000,-8.39,-11.40,0.269,,1,0,,
13.499,0.5000,0.5000,0.5000,0.5000,-8.59,-11.40,0.267,,1,0,,
13.525,0.5000,0.5000,0.5000,0.5000,-8.62,-11.97,0.269,,1,0,,
13.560,0.5000,0.5000,0.5000,0.5000,-6.78,-12.25,0.282,,1,0,,
13.621,0.5000,0.5000,0.5000,0.5000,-6.82,-12.36,0.273,,1,0,,
13.647,0.5000,0.5000,0.5000,0.5000,-6.85,-13.16,0.279,,1,0,,
13.692,0.5000,0.5000,0.5000,0.5000,-6.75,-10.76,0.274,,1,0,,
13.722,0.5000,0.5000,0.5000,0.5000,-6.76,-9.65,0.271,,1,0,,
13.751,0.5000,0.5000,0.5000,0.5000,-6.17,-11.12,0.256,,1,0,,
13.777,0.5000,0.5000,0.5000,0.5000,-6.44,-11.83,0.236,,1,0,,
13.801,0.5000,0.5000,,,-6.45,-10.74,0.137,,1,0,,
13.824,0.5000,0.5000,,,-6.64,-11.13,0.101,,1,0,,
13.864,0.5000,0.5000,,,-4.73,-4.62,0.080,,1,0,,
13.943,0.5000,0.5000,0.5000,0.5000,-2.10,8.50,0.247,,1,0,,
13.979,0.5000,0.5000,0.5000,0.5000,-2.79,6.23,0.306,,1,0,,
14.002,0.5000,0.5000,0.5000,0.5000,-3.61,13.42,0.389,,1,0,,
14.034,0.5000,0.5000,0.5000,0.5000,-3.05,10.39,0.393,,1,0,,
14.056,0.5000,0.5000,0.5000,0.5000,-3.21,14.32,0.440,,1,0,,
14.078,0.5000,0.5000,0.5000,0.5000,-3.17,14.46,0.435,,1,0,,
14.108,0.5000,0.5000,0.5000,0.5000,-2.61,15.19,0.452,,1,0,,
14.137,0.5000,0.5000,0.5000,0.5000,-2.31,13.76,0.465,,1,0,,
14.165,0.5000,0.5000,0.5000,0.5000,-2.68,17.72,0.438,,1,0,,
14.191,0.5000,0.5000,0.5000,0.5000,-2.82,18.16,0.441,,1,0,,
14.216,0.5000,0.5000,0.5000,0.5000,-2.47,15.85,0.469,,1,0,,
14.241,0.5000,0.5000,0.5000,0.5000,-2.03,15.33,0.470,,1,0,,
14.278,0.5000,0.5000,0.5000,0.5000,-2.07,17.69,0.480,,1,0,,
14.345,0.5000,0.5000,0.5000,0.5000,-0.84,16.26,0.480,,1,0,,
14.370,0.5000,0.5000,0.5000,0.5000,-1.17,17.23,0.485,,1,0,,
14.407,0.5000,0.5000,0.5000,0.5000,-0.42,16.75,0.500,,1,0,,
14.433,0.5000,0.5000,0.5000,0.5000,-0.13,17.37,0.482,,1,0,,
14.470,0.5000,0.5000,0.5000,0.5000,-0.36,17.58,0.481,,1,0,,
14.496,0.5000,0.5000,0.5000,0.5000,-0.79,17.71,0.482,,1,0,,
14.523,0.5000,0.5000,0.5000,0.5000,0.41,16.06,0.497,,1,0,,
14.550,0.5000,0.5000,0.5000,0.5000,0.03,16.21,0.492,,1,0,,
14.585,0.5000,0.5000,0.5000,0.5000,0.93,15.31,0.512,,1,0,,
14.655,0.5000,0.5000,0.5000,0.5000,1.67,14.34,0.509,,1,0,,
14.690,0.5000,0.5000,0.5000,0.5000,1.39,14.02,0.496,,1,0,,
14.731,0.5000,0.5000,0.5000,0.5000,1.33,13.02,0.517,,1,0,,
14.772,0.5000,0.5000,0.5000,0.5000,0.99,13.69,0.503,,1,0,,
14.812,0.5000,0.5000,0.5000,0.5000,0.80,13.24,0.513,,1,0,,
15.629,0.5000,0.5000,0.5000,0.5000,-3.62,4.35,0.399,,1,0,,
15.655,0.5000,0.5000,0.5000,0.5000,-5.39,3.91,0.393,,1,0,,
15.680,0.5000,0.5000,0.5000,0.5000,-5.62,4.88,0.365,,1,0,,
15.708,0.5000,0.5000,0.5000,0.5000,-4.88,6.52,0.358,,1,0,,
15.734,0.5000,0.5000,0.5000,0.5000,-3.55,-0.36,0.382,,1,0,,
15.759,0.5000,0.5000,0.5000,0.5000,-2.97,-1.45,0.399,,1,0,,
15.788,0.5000,0.5000,0.5000,0.5000,-2.91,-8.46,0.382,,1,0,,
15.848,0.5000,0.5000,0.5000,0.5000,-3.55,-20.24,0.392,,1,0,,
15.870,0.5000,0.5000,0.5000,0.5000,-3.38,-19.00,0.391,,1,0,,
15.911,0.5000,0.5000,0.5000,0.5000,-4.27,-25.17,0.411,,1,0,,
15.934,0.5000,0.5000,0.5000,0.5000,-4.27,-24.97,0.412,,1,0,,
15.959,0.5000,0.5000,0.5000,0.5000,-4.03,-23.79,0.407,,1,0,,
15.979,0.5000,0.5000,0.5000,0.5000,-4.11,-23.92,0.412,,1,0,,
16.023,0.5000,0.5000,0.5000,0.5000,-4.18,-25.97,0.421,,1,0,,
16.044,0.5000,0.5000,0.5000,0.5000,-4.31,-26.16,0.426,,1,0,,
16.087,0.5000,0.5000,0.5000,0.5000,-3.94,-24.79,0.423,,1,0,,
16.152,0.5000,0.5000,0.5000,0.5000,-4.44,-24.61,0.418,,1,0,,
16.173,0.5000,0.5000,0.5000,0.5000,-4.54,-24.53,0.417,,1,0,,
16.214,0.5000,0.5000,0.5000,0.5000,-4.40,-25.35,0.416,,1,0,,
16.239,0.5000,0.5000,0.5000,0.5000,-4.33,-25.17,0.419,,1,0,,
16.263,0.5000,0.5000,0.5000,0.5000,-4.33,-25.23,0.425,,1,0,,
16.284,0.5000,0.5000,0.5000,0.5000,-4.41,-25.27,0.428,,1,0,,
16.326,0.5000,0.5000,0.5000,0.5000,-4.30,-23.73,0.423,,1,0,,
16.428,0.5000,0.5000,0.5000,0.5000,-4.27,-24.20,0.412,,1,0,,
16.455,0.5000,0.5000,0.5000,0.5000,-4.27,-24.16,0.410,,1,0,,
16.480,0.5000,0.5000,0.5000,0.5000,-4.54,-24.52,0.411,,1,0,,
16.509,0.5000,0.5000,0.5000,0.5000,-4.67,-24.79,0.411,,1,0,,
16.535,0.5000,0.5000,0.5000,0.5000,-4.38,-24.35,0.411,,1,0,,
16.561,0.5000,0.5000,0.5000,0.5000,-4.21,-24.06,0.410,,1,0,,
16.587,0.5000,0.5000,0.5000,0.5000,-4.12,-23.52,0.415,,1,0,,
16.612,0.5000,0.5000,0.5000,0.5000,-4.20,-23.86,0.416,,1,0,,
16.639,0.5000,0.5000,0.5000,0.5000,-5.17,-23.99,0.440,,1,0,,
16.666,0.5000,0.5000,0.5000,0.5000,-5.53,-23.28,0.447,,1,0,,
16.695,0.5000,0.5000,0.5000,0.5000,-3.59,-20.86,0.411,,1,0,,
16.743,0.5000,0.5000,0.5000,0.5000,-4.27,-20.37,0.415,,1,0,,
16.769,0.5000,0.5000,0.5000,0.5000,-4.39,-20.87,0.407,,1,0,,
16.805,0.5000,0.5000,0.5000,0.5000,-4.68,-24.03,0.457,,1,0,,
16.828,0.5000,0.5000,0.5000,0.5000,-5.03,-24.98,0.457,,1,0,,
16.871,0.5000,0.5000,0.5000,0.5000,-5.18,-23.82,0.451,,1,0,,
16.895,0.5000,0.5000,0.5000,0.5000,-4.87,-23.52,0.450,,1,0,,
16.933,0.5000,0.5000,0.5000,0.5000,-4.66,-23.21,0.445,,1,0,,
16.958,0.5000,0.5000,0.5000,0.5000,-4.79,-22.98,0.445,,1,0,,
16.984,0.5000,0.5000,0.5000,0.5000,-3.24,-22.76,0.470,,1,0,,
17.011,0.5000,0.5000,0.5000,0.5000,-2.79,-22.82,0.462,,1,0,,
17.046,0.5000,0.5000,0.5000,0.5000,-3.61,-23.41,0.458,,1,0,,
17.114,0.5000,0.5000,0.5000,0.5000,-5.07,-23.67,0.457,,1,0,,
17.138,0.5000,0.5000,0.5000,0.5000,-4.88,-23.42,0.456,,1,0,,
17.175,0.5000,0.5000,0.5000,0.5000,-3.45,-20.98,0.459,,1,0,,
17.198,0.5000,0.5000,0.5000,0.5000,-3.24,-20.90,0.453,,1,0,,
17.226,0.5000,0.5000,0.5000,0.5000,-3.42,-22.51,0.441,,1,0,,
17.250,0.5000,0.5000,0.5000,0.5000,-3.53,-22.99,0.437,,1,0,,
17.285,0.5000,0.5000,0.5000,0.5000,-4.37,-19.58,0.380,,1,0,,
17.349,0.5000,0.5000,0.5000,0.5000,-3.33,-8.84,0.381,,1,0,,
17.374,0.5000,0.5000,0.5000,0.5000,-3.46,-7.22,0.377,,1,0,,
17.414,0.5000,0.5000,0.5000,0.5000,-3.41,0.69,0.387,,1,0,,
17.439,0.5000,0.5000,0.5000,0.5000,-3.67,-0.64,0.394,,1,0,,
17.464,0.5000,0.5000,0.5000,0.5000,-4.23,-9.23,0.340,,1,0,,
17.489,0.5000,0.5000,0.5000,0.5000,-3.84,-8.83,0.369,,1,0,,
17.525,0.5000,0.5000,0.5000,0.5000,-4.75,-11.67,0.360,,1,0,,
17.594,0.5000,0.5000,,,-4.65,-3.05,0.320,,1,0,,
17.618,0.5000,0.5000,,,-5.91,-1.07,0.316,,1,0,,
17.653,0.5000,0.5000,,,-5.85,3.46,0.309,,1,0,,
17.677,0.5000,0.5000,,,-6.28,3.03,0.307,,1,0,,
17.718,0.5000,0.5000,,,-4.74,9.38,0.320,,1,0,,
17.743,0.5000,0.5000,0.5000,0.5000,-5.63,12.95,0.347,,1,0,,
17.770,0.5000,0.5000,0.5000,0.5000,-5.32,12.83,0.415,,1,0,,
17.794,0.5000,0.5000,0.5000,0.5000,-5.04,12.75,0.426,,1,0,,
17.829,0.5000,0.5000,0.5000,0.5000,-4.04,6.65,0.429,,1,0,,
17.854,0.5000,0.5000,0.5000,0.5000,-3.62,9.98,0.442,,1,0,,
17.895,0.5000,0.5000,0.5000,0.5000,-3.41,21.51,0.465,,1,0,,
17.960,0.5000,0.5000,0.5000,0.5000,-8.79,23.60,0.473,,1,0,,
17.984,0.5000,0.5000,0.5000,0.5000,-9.36,21.55,0.454,,1,0,,
18.009,0.5000,0.5000,0.5000,0.5000,-10.41,25.37,0.512,,1,0,,
18.034,0.5000,0.5000,0.5000,0.5000,-9.40,19.90,0.496,,1,0,,
18.067,0.5000,0.5000,,,,,,,0,0,,
18.094,0.5000,0.5000,0.5000,0.5000,-8.34,22.32,0.427,,1,0,,
18.133,0.5000,0.5000,0.5000,0.5000,-4.60,16.51,0.480,,1,0,,
18.157,0.5000,0.5000,0.5000,0.5000,-4.57,13.37,0.474,,1,0,,
18.198,0.5000,0.5000,0.5000,0.5000,-10.72,11.85,0.448,,1,0,,
18.223,0.5000,0.5000,0.5000,0.5000,-12.22,6.21,0.448,,1,0,,
18.249,0.5000,0.5000,0.5000,0.5000,-13.62,15.11,0.458,,1,0,,
18.313,0.5000,0.5000,0.5000,0.5000,-7.04,14.63,0.458,,1,0,,
18.337,0.5000,0.5000,0.5000,0.5000,-5.64,17.53,0.457,,1,0,,
18.374,0.5000,0.5000,0.5000,0.5000,-10.65,21.59,0.448,,1,0,,
18.398,0.5000,0.5000,0.5000,0.5000,-10.14,19.10,0.405,,1,0,,
18.438,0.5000,0.5000,0.5000,0.5000,-8.84,20.57,0.492,,1,0,,
18.462,0.5000,0.5000,0.5000,0.5000,-8.48,18.96,0.499,,1,0,,
18.487,0.5000,0.5000,0.5000,0.5000,-5.13,20.08,0.477,,1,0,,
18.511,0.5000,0.5000,0.5000,0.5000,-6.40,19.27,0.441,,1,0,,
18.548,0.5000,0.5000,0.5000,0.5000,-5.53,18.91,0.413,,1,0,,
18.614,0.5000,0.5000,0.5000,0.5000,-7.99,18.44,0.496,,1,0,,
18.638,0.5000,0.5000,0.5000,0.5000,-8.12,17.29,0.497,,1,0,,
18.678,0.5000,0.5000,0.5000,0.5000,-8.06,18.34,0.481,,1,0,,
18.703,0.5000,0.5000,0.5000,0.5000,-8.48,19.08,0.475,,1,0,,
18.728,0.5000,0.5000,0.5000,0.5000,-5.36,19.22,0.417,,1,0,,
18.753,0.5000,0.5000,0.5000,0.5000,-5.22,19.36,0.426,,1,0,,
18.789,0.5000,0.5000,0.5000,0.5000,-7.47,17.31,0.431,,1,0,,
18.858,0.5000,0.5000,0.5000,0.5000,-6.99,21.38,0.489,,1,0,,
18.882,0.5000,0.5000,0.5000,0.5000,-7.07,21.68,0.493,,1,0,,
18.918,0.5000,0.5000,0.5000,0.5000,-5.44,20.85,0.464,,1,0,,
18.942,0.5000,0.5000,0.5000,0.5000,-5.53,19.88,0.449,,1,0,,
18.966,0.5000,0.5000,0.5000,0.5000,-6.79,22.07,0.465,,1,0,,
18.992,0.5000,0.5000,0.5000,0.5000,-6.36,21.48,0.463,,1,0,,
19.031,0.5000,0.5000,0.5000,0.5000,-5.46,15.95,0.448,,1,0,,
19.057,0.5000,0.5000,0.5000,0.5000,-5.54,13.95,0.454,,1,0,,
19.093,0.5000,0.5000,0.5000,0.5000,-3.43,10.31,0.424,,1,0,,
19.159,0.5000,0.5000,0.5000,0.5000,-4.55,13.10,0.443,,1,0,,
19.184,0.5000,0.5000,0.5000,0.5000,-4.84,13.93,0.460,,1,0,,
19.208,0.5000,0.5000,0.5000,0.5000,-5.17,13.32,0.476,,1,0,,
19.233,0.5000,0.5000,0.5000,0.5000,-5.59,14.23,0.475,,1,0,,
19.271,0.5000,0.5000,0.5000,0.5000,-5.40,13.80,0.479,,1,0,,
19.295,0.5000,0.5000,0.5000,0.5000,-5.58,15.41,0.488,,1,0,,
19.334,0.5000,0.5000,0.5000,0.5000,-5.81,-5.19,0.418,,1,0,,
19.359,0.5000,0.5000,0.5000,0.5000,-6.92,-7.32,0.430,,1,0,,
19.398,0.5000,0.5000,,,-10.26,-15.45,0.284,,1,0,,
19.422,0.5000,0.5000,,,-10.21,-16.14,0.240,,1,0,,
19.461,0.5000,0.5000,,,6.06,-43.39,0.222,,1,0,,
19.509,0.5000,0.5000,,,6.67,-63.41,0.253,,1,0,,
19.531,0.5000,0.5000,,,,,,,0,0,,
19.573,0.5000,0.5000,,,,,,,0,0,,
19.596,0.5000,0.5000,,,,,,,0,0,,
19.636,0.5000,0.5000,,,,,,,0,0,,
19.659,0.5000,0.5000,,,,,,,0,0,,
19.700,0.5000,0.5000,,,,,,,0,0,,
19.723,0.5000,0.5000,,,,,,,0,0,,
19.750,0.5000,0.5000,,,,,,,0,0,,
19.775,0.5000,0.5000,,,,,,,0,0,,
19.812,0.5000,0.5000,,,,,,,0,0,,
19.872,0.5000,0.5000,,,,,,,0,0,,
19.889,0.5000,0.5000,,,,,,,0,0,,
19.935,0.5000,0.5000,,,,,,,0,0,,
19.952,0.5000,0.5000,,,,,,,0,0,,
19.982,0.5000,0.5000,,,,,,,0,0,,
20.000,0.5000,0.5000,,,,,,,0,0,,
20.053,0.5000,0.5000,,,,,,,0,0,,
20.114,0.5000,0.5000,,,,,,,0,0,,
20.131,0.5000,0.5000,,,,,,,0,0,,
20.174,0.5000,0.5000,,,,,,,0,0,,
20.193,0.5000,0.5000,,,,,,,0,0,,
20.224,0.5000,0.5000,,,,,,,0,0,,
20.241,0.5000,0.5000,,,,,,,0,0,,
20.287,0.5000,0.5000,,,,,,,0,0,,
20.350,0.5000,0.5000,,,,,,,0,0,,
20.368,0.5000,0.5000,,,,,,,0,0,,
20.418,0.5000,0.5000,,,,,,,0,0,,
20.437,0.5000,0.5000,,,,,,,0,0,,
20.462,0.5000,0.5000,,,,,,,0,0,,
20.479,0.5000,0.5000,,,,,,,0,0,,
20.528,0.5000,0.5000,,,,,,,0,0,,
20.545,0.5000,0.5000,,,,,,,0,0,,
20.592,0.5000,0.5000,,,,,,,0,0,,
20.608,0.5000,0.5000,,,,,,,0,0,,
20.654,0.5000,0.5000,,,,,,,0,0,,
20.704,0.5000,0.5000,,,,,,,0,0,,
20.722,0.5000,0.5000,,,,,,,0,0,,
20.767,0.5000,0.5000,,,,,,,0,0,,
20.784,0.5000,0.5000,,,,,,,0,0,,
20.830,0.5000,0.5000,,,,,,,0,0,,
20.847,0.5000,0.5000,,,,,,,0,0,,
20.894,0.5000,0.5000,,,,,,,0,0,,
20.912,0.5000,0.5000,,,,,,,0,0,,
20.958,0.5000,0.5000,,,,,,,0,0,,
20.976,0.5000,0.5000,,,,,,,0,0,,
21.007,0.5000,0.5000,,,,,,,0,0,,
21.024,0.5000,0.5000,,,,,,,0,0,,
21.070,0.5000,0.5000,,,,,,,0,0,,
21.144,0.5000,0.5000,,,,,,,0,0,,
21.170,0.5000,0.5000,,,,,,,0,0,,
21.198,0.5000,0.5000,,,,,,,0,0,,
21.215,0.5000,0.5000,,,,,,,0,0,,
21.253,0.5000,0.5000,,,,,,,0,0,,
21.276,0.5000,0.5000,,,,,,,0,0,,
21.311,0.5000,0.5000,,,,,,,0,0,,
21.385,0.5000,0.5000,,,,,,,0,0,,
21.408,0.5000,0.5000,,,,,,,0,0,,
21.439,0.5000,0.5000,,,,,,,0,0,,
21.455,0.5000,0.5000,,,,,,,0,0,,
21.494,0.5000,0.5000,,,,,,,0,0,,
21.517,0.5000,0.5000,,,,,,,0,0,,
21.557,0.5000,0.5000,,,,,,,0,0,,
21.619,0.5000,0.5000,,,,,,,0,0,,
21.637,0.5000,0.5000,,,,,,,0,0,,
21.678,0.5000,0.5000,,,,,,,0,0,,
21.697,0.5000,0.5000,,,,,,,0,0,,
21.732,0.5000,0.5000,,,,,,,0,0,,
21.755,0.5000,0.5000,,,,,,,0,0,,
21.800,0.5000,0.5000,0.5000,0.5000,-4.58,-68.71,0.384,,1,0,,
21.825,0.5000,0.5000,0.5000,0.5000,-7.70,-35.47,0.370,,1,0,,
21.861,0.5000,0.5000,,,-9.71,-14.95,0.321,,1,0,,
21.932,0.5000,0.5000,,,-9.46,-9.26,0.328,,1,0,,
21.958,0.5000,0.5000,,,-9.63,-10.60,0.339,,1,0,,
21.983,0.5000,0.5000,,,-8.17,-3.15,0.320,,1,0,,
22.007,0.5000,0.5000,,,-8.50,-4.44,0.314,,1,0,,
22.039,0.5000,0.5000,,,-7.78,10.73,0.313,,1,0,,
22.062,0.5000,0.5000,,,-7.28,5.59,0.317,,1,0,,
22.101,0.5000,0.5000,,,-7.69,19.72,0.329,,1,0,,
22.126,0.5000,0.5000,0.5000,0.5000,-6.87,12.70,0.338,,1,0,,
22.166,0.5000,0.5000,0.5000,0.5000,-8.54,19.80,0.356,,1,0,,
22.191,0.5000,0.5000,0.5000,0.5000,-7.23,18.91,0.371,,1,0,,
22.217,0.5000,0.5000,0.5000,0.5000,-6.92,21.86,0.374,,1,0,,
22.241,0.5000,0.5000,0.5000,0.5000,-5.77,19.09,0.372,,1,0,,
22.278,0.5000,0.5000,0.5000,0.5000,-6.83,21.51,0.405,,1,0,,
22.347,0.5000,0.5000,0.5000,0.5000,-6.31,23.11,0.392,,1,0,,
22.372,0.5000,0.5000,0.5000,0.5000,-5.43,22.63,0.384,,1,0,,
22.406,0.5000,0.5000,0.5000,0.5000,-4.94,22.86,0.408,,1,0,,
22.430,0.5000,0.5000,0.5000,0.5000,-5.32,21.58,0.402,,1,0,,
22.457,0.5000,0.5000,0.5000,0.5000,-5.23,23.09,0.406,,1,0,,
22.482,0.5000,0.5000,0.5000,0.5000,-5.06,21.39,0.406,,1,0,,
22.519,0.5000,0.5000,0.5000,0.5000,-3.82,24.46,0.427,,1,0,,
22.586,0.5000,0.5000,0.5000,0.5000,-4.22,23.99,0.418,,1,0,,
22.609,0.5000,0.5000,0.5000,0.5000,-4.12,22.35,0.421,,1,0,,
22.646,0.5000,0.5000,0.5000,0.5000,-4.87,24.89,0.435,,1,0,,
22.671,0.5000,0.5000,0.5000,0.5000,-4.83,23.57,0.441,,1,0,,
22.711,0.5000,0.5000,0.5000,0.5000,-5.06,24.11,0.450,,1,0,,
22.735,0.5000,0.5000,0.5000,0.5000,-4.81,24.15,0.456,,1,0,,
22.761,0.5000,0.5000,0.5000,0.5000,-5.02,24.21,0.451,,1,0,,
22.787,0.5000,0.5000,0.5000,0.5000,-4.84,25.28,0.451,,1,0,,
22.823,0.5000,0.5000,0.5000,0.5000,-3.74,22.99,0.437,,1,0,,
22.892,0.5000,0.5000,0.5000,0.5000,-4.71,25.31,0.450,,1,0,,
22.917,0.5000,0.5000,0.5000,0.5000,-4.84,25.68,0.444,,1,0,,
22.949,0.5000,0.5000,0.5000,0.5000,-3.95,24.79,0.435,,1,0,,
22.974,0.5000,0.5000,0.5000,0.5000,-3.92,24.23,0.436,,1,0,,
23.000,0.5000,0.5000,0.5000,0.5000,-2.59,21.11,0.360,,1,0,,
23.024,0.5000,0.5000,0.5000,0.5000,-3.80,22.99,0.379,,1,0,,
23.061,0.5000,0.5000,0.5000,0.5000,-4.09,22.57,0.402,,1,0,,
23.127,0.5000,0.5000,0.5000,0.5000,-4.35,23.25,0.398,,1,0,,
23.154,0.5000,0.5000,0.5000,0.5000,-4.58,22.97,0.405,,1,0,,
23.190,0.5000,0.5000,0.5000,0.5000,-5.39,22.78,0.416,,1,0,,
23.215,0.5000,0.5000,0.5000,0.5000,-5.24,20.93,0.427,,1,0,,
23.241,0.5000,0.5000,0.5000,0.5000,-4.47,22.21,0.410,,1,0,,
23.263,0.5000,0.5000,0.5000,0.5000,-4.44,22.07,0.406,,1,0,,
23.302,0.5000,0.5000,0.5000,0.5000,-4.16,22.07,0.400,,1,0,,
23.326,0.5000,0.5000,0.5000,0.5000,-3.76,21.66,0.396,,1,0,,
23.365,0.5000,0.5000,0.5000,0.5000,-3.98,18.52,0.408,,1,0,,
23.390,0.5000,0.5000,0.5000,0.5000,-3.97,19.96,0.411,,1,0,,
23.426,0.5000,0.5000,,,,,,,0,0,,
23.456,0.5000,0.5000,0.5000,0.5000,-7.57,9.72,0.401,,1,0,,
23.480,0.5000,0.5000,0.5000,0.5000,-11.20,22.68,0.519,,1,0,,
23.545,0.5000,0.5000,0.5000,0.5000,-12.85,18.96,0.503,,1,0,,
23.568,0.5000,0.5000,0.5000,0.5000,-13.68,18.30,0.480,,1,0,,
23.605,0.5000,0.5000,0.5000,0.5000,-16.66,17.92,0.487,,1,0,,
23.629,0.5000,0.5000,0.5000,0.5000,-16.02,18.93,0.491,,1,0,,
23.672,0.5000,0.5000,0.5000,0.5000,-22.59,21.27,0.484,,1,0,,
23.698,0.5000,0.5000,0.5000,0.5000,-23.50,20.20,0.500,,1,0,,
23.724,0.5000,0.5000,0.5000,0.5000,-17.96,21.24,0.444,,1,0,,
23.748,0.5000,0.5000,0.5000,0.5000,-16.60,18.56,0.455,,1,0,,
23.781,0.5000,0.5000,0.5000,0.5000,-18.74,19.77,0.523,,1,0,,
23.844,0.5000,0.5000,,,,,,,0,0,,
23.867,0.5000,0.5000,,,,,,,0,0,,
23.911,0.5000,0.5000,0.5000,0.5000,-12.16,20.49,0.455,,1,0,,
23.937,0.5000,0.5000,0.5000,0.5000,-12.08,20.53,0.459,,1,0,,
23.963,0.5000,0.5000,0.5000,0.5000,-11.99,20.66,0.442,,1,0,,
23.988,0.5000,0.5000,0.5000,0.5000,-11.74,20.25,0.439,,1,0,,
24.022,0.5000,0.5000,0.5000,0.5000,-11.72,20.34,0.446,,1,0,,
24.091,0.5000,0.5000,0.5000,0.5000,-10.62,18.95,0.462,,1,0,,
24.117,0.5000,0.5000,0.5000,0.5000,-10.95,19.22,0.465,,1,0,,
24.151,0.5000,0.5000,0.5000,0.5000,-11.54,19.74,0.456,,1,0,,
24.175,0.5000,0.5000,0.5000,0.5000,-11.96,19.74,0.454,,1,0,,
24.214,0.5000,0.5000,0.5000,0.5000,-11.84,19.15,0.452,,1,0,,
24.238,0.5000,0.5000,0.5000,0.5000,-11.66,18.70,0.452,,1,0,,
24.264,0.5000,0.5000,0.5000,0.5000,-11.59,18.47,0.462,,1,0,,
24.290,0.5000,0.5000,0.5000,0.5000,-11.60,19.09,0.465,,1,0,,
24.326,0.5000,0.5000,0.5000,0.5000,-12.16,18.97,0.462,,1,0,,
24.394,0.5000,0.5000,0.5000,0.5000,-12.25,19.55,0.474,,1,0,,
24.418,0.5000,0.5000,0.5000,0.5000,-12.31,19.82,0.474,,1,0,,
24.455,0.5000,0.5000,0.5000,0.5000,-12.69,20.83,0.483,,1,0,,
24.481,0.5000,0.5000,0.5000,0.5000,-13.02,21.33,0.484,,1,0,,
24.506,0.5000,0.5000,0.5000,0.5000,-12.93,19.39,0.482,,1,0,,
24.529,0.5000,0.5000,0.5000,0.5000,-12.93,18.99,0.486,,1,0,,
24.565,0.5000,0.5000,0.5000,0.5000,-13.57,20.53,0.485,,1,0,,
24.591,0.5000,0.5000,0.5000,0.5000,-13.55,20.60,0.491,,1,0,,
24.631,0.5000,0.5000,0.5000,0.5000,-13.24,21.26,0.460,,1,0,,
24.655,0.5000,0.5000,0.5000,0.5000,-13.35,21.79,0.467,,1,0,,
24.694,0.5000,0.5000,0.5000,0.5000,-13.62,20.04,0.485,,1,0,,
24.743,0.5000,0.5000,0.5000,0.5000,-13.48,20.29,0.478,,1,0,,
24.768,0.5000,0.5000,0.5000,0.5000,-13.35,20.65,0.480,,1,0,,
24.807,0.5000,0.5000,0.5000,0.5000,-11.79,20.04,0.462,,1,0,,
24.832,0.5000,0.5000,0.5000,0.5000,-12.16,20.95,0.470,,1,0,,
24.869,0.5000,0.5000,0.5000,0.5000,-12.75,20.87,0.486,,1,0,,
24.893,0.5000,0.5000,0.5000,0.5000,-13.03,21.13,0.482,,1,0,,
24.933,0.5000,0.5000,0.5000,0.5000,-13.11,22.15,0.486,,1,0,,
24.958,0.5000,0.5000,0.5000,0.5000,-12.88,22.24,0.476,,1,0,,
24.984,0.5000,0.5000,0.5000,0.5000,-12.85,21.17,0.478,,1,0,,
25.008,0.5000,0.5000,0.5000,0.5000,-12.74,20.34,0.477,,1,0,,
25.045,0.5000,0.5000,0.5000,0.5000,-12.78,20.20,0.457,,1,0,,
25.114,0.5000,0.5000,,,,,,,0,0,,
25.142,0.5000,0.5000,,,,,,,0,0,,
25.175,0.5000,0.5000,,,-9.09,21.04,0.322,,1,0,,
25.198,0.5000,0.5000,,,-8.62,22.05,0.359,,1,0,,
25.223,0.5000,0.5000,,,-4.69,18.25,0.364,,1,0,,
25.248,0.5000,0.5000,,,-3.96,16.31,0.360,,1,0,,
25.285,0.5000,0.5000,0.5000,0.5000,-2.04,17.40,0.414,,1,0,,
25.350,0.5000,0.5000,0.5000,0.5000,-2.98,17.54,0.394,,1,0,,
25.375,0.5000,0.5000,0.5000,0.5000,-3.28,17.37,0.400,,1,0,,
25.414,0.5000,0.5000,0.5000,0.5000,-4.90,21.11,0.486,,1,0,,
25.439,0.5000,0.5000,0.5000,0.5000,-6.92,22.56,0.491,,1,0,,
25.464,0.5000,0.5000,0.5000,0.5000,-2.80,18.22,0.446,,1,0,,
25.489,0.5000,0.5000,0.5000,0.5000,-3.70,18.87,0.425,,1,0,,
25.526,0.5000,0.5000,0.5000,0.5000,2.57,12.91,0.406,,1,0,,
25.595,0.5000,0.5000,0.5000,0.5000,-3.74,13.46,0.424,,1,0,,
25.621,0.5000,0.5000,0.5000,0.5000,-6.24,18.11,0.422,,1,0,,
25.655,0.5000,0.5000,0.5000,0.5000,-5.59,18.69,0.513,,1,0,,
25.681,0.5000,0.5000,0.5000,0.5000,-5.68,16.96,0.484,,1,0,,
25.706,0.5000,0.5000,0.5000,0.5000,-1.68,18.18,0.404,,1,0,,
25.731,0.5000,0.5000,0.5000,0.5000,-1.49,17.57,0.378,,1,0,,
25.766,0.5000,0.5000,0.5000,0.5000,-1.41,18.86,0.366,,1,0,,
25.790,0.5000,0.5000,0.5000,0.5000,-1.51,18.64,0.381,,1,0,,
25.831,0.5000,0.5000,0.5000,0.5000,-1.09,19.00,0.372,,1,0,,
25.854,0.5000,0.5000,0.5000,0.5000,-0.95,18.60,0.375,,1,0,,
25.894,0.5000,0.5000,0.5000,0.5000,-1.10,18.88,0.375,,1,0,,
25.961,0.5000,0.5000,0.5000,0.5000,-1.33,17.50,0.385,,1,0,,
25.986,0.5000,0.5000,0.5000,0.5000,-1.40,16.86,0.388,,1,0,,
26.010,0.5000,0.5000,0.5000,0.5000,-0.75,16.08,0.367,,1,0,,
26.037,0.5000,0.5000,0.5000,0.5000,-1.48,16.15,0.377,,1,0,,
26.070,0.5000,0.5000,0.5000,0.5000,-2.94,16.37,0.376,,1,0,,
26.094,0.5000,0.5000,0.5000,0.5000,-2.82,16.61,0.373,,1,0,,
26.133,0.5000,0.5000,,,-3.64,11.84,0.226,,1,0,,
26.157,0.5000,0.5000,,,-4.04,11.72,0.172,,1,0,,
26.198,0.5000,0.5000,,,-3.39,10.51,0.090,,1,0,,
26.223,0.5000,0.5000,,,-3.84,10.46,0.104,,1,0,,
26.249,0.5000,0.5000,,,-5.44,8.55,0.101,,1,0,,
26.314,0.5000,0.5000,,,-6.02,8.67,0.083,,1,0,,
26.339,0.5000,0.5000,,,-5.42,9.43,0.082,,1,0,,
26.374,0.5000,0.5000,,,-5.94,10.15,0.037,,1,0,,
26.400,0.5000,0.5000,,,-5.89,10.64,0.038,,1,0,,
26.439,0.5000,0.5000,,,-3.95,11.24,0.080,,1,0,,
26.463,0.5000,0.5000,,,-3.77,11.17,0.076,,1,0,,
26.489,0.5000,0.5000,,,-6.14,10.74,0.115,,1,0,,
26.512,0.5000,0.5000,,,-7.73,10.46,0.142,,1,0,,
26.549,0.5000,0.5000,0.5000,0.5000,-6.51,16.52,0.354,,1,0,,
26.615,0.5000,0.5000,0.5000,0.5000,-4.88,19.06,0.400,,1,0,,
26.641,0.5000,0.5000,0.5000,0.5000,-4.71,19.55,0.413,,1,0,,
26.678,0.5000,0.5000,0.5000,0.5000,-5.44,15.99,0.490,,1,0,,
26.703,0.5000,0.5000,0.5000,0.5000,-4.80,15.69,0.479,,1,0,,
26.727,0.5000,0.5000,0.5000,0.5000,-5.33,17.07,0.480,,1,0,,
26.752,0.5000,0.5000,0.5000,0.5000,-5.47,17.20,0.466,,1,0,,
26.790,0.5000,0.5000,0.5000,0.5000,-4.35,15.68,0.505,,1,0,,
26.855,0.5000,0.5000,0.5000,0.5000,-4.58,16.09,0.501,,1,0,,
26.881,0.5000,0.5000,0.5000,0.5000,-4.49,15.82,0.500,,1,0,,
26.917,0.5000,0.5000,0.5000,0.5000,-4.75,15.46,0.485,,1,0,,
26.942,0.5000,0.5000,0.5000,0.5000,-4.74,15.79,0.473,,1,0,,
26.968,0.5000,0.5000,0.5000,0.5000,-4.68,16.13,0.464,,1,0,,
26.992,0.5000,0.5000,0.5000,0.5000,-4.75,16.79,0.462,,1,0,,
27.029,0.5000,0.5000,0.5000,0.5000,-4.35,15.71,0.456,,1,0,,
27.055,0.5000,0.5000,0.5000,0.5000,-4.10,15.43,0.455,,1,0,,
27.095,0.5000,0.5000,0.5000,0.5000,-4.55,14.94,0.459,,1,0,,
27.162,0.5000,0.5000,0.5000,0.5000,-4.64,15.50,0.443,,1,0,,
27.188,0.5000,0.5000,0.5000,0.5000,-4.53,15.10,0.441,,1,0,,
27.215,0.5000,0.5000,0.5000,0.5000,-4.21,15.54,0.440,,1,0,,
27.240,0.5000,0.5000,0.5000,0.5000,-3.91,16.32,0.440,,1,0,,
27.271,0.5000,0.5000,0.5000,0.5000,-4.78,14.79,0.446,,1,0,,
27.296,0.5000,0.5000,0.5000,0.5000,-4.60,14.72,0.439,,1,0,,
27.335,0.5000,0.5000,0.5000,0.5000,-4.23,12.44,0.437,,1,0,,
27.359,0.5000,0.5000,0.5000,0.5000,-3.97,11.16,0.434,,1,0,,
27.399,0.5000,0.5000,0.5000,0.5000,-3.99,13.73,0.426,,1,0,,
27.422,0.5000,0.5000,0.5000,0.5000,-3.96,13.88,0.428,,1,0,,
27.447,0.5000,0.5000,0.5000,0.5000,-4.20,13.85,0.425,,1,0,,
27.514,0.5000,0.5000,0.5000,0.5000,-4.29,16.16,0.423,,1,0,,
27.540,0.5000,0.5000,0.5000,0.5000,-4.29,15.83,0.424,,1,0,,
27.574,0.5000,0.5000,0.5000,0.5000,-4.35,15.70,0.424,,1,0,,
27.599,0.5000,0.5000,0.5000,0.5000,-4.42,15.88,0.426,,1,0,,
27.638,0.5000,0.5000,0.5000,0.5000,-4.88,15.32,0.434,,1,0,,
27.666,0.5000,0.5000,0.5000,0.5000,-4.20,15.08,0.430,,1,0,,
27.702,0.5000,0.5000,0.5000,0.5000,-4.13,13.13,0.419,,1,0,,
27.726,0.5000,0.5000,0.5000,0.5000,-4.04,12.86,0.415,,1,0,,
27.752,0.5000,0.5000,0.5000,0.5000,-4.27,14.56,0.414,,1,0,,
27.776,0.5000,0.5000,0.5000,0.5000,-4.32,14.91,0.414,,1,0,,
27.813,0.5000,0.5000,0.5000,0.5000,-4.08,12.41,0.412,,1,0,,
27.882,0.5000,0.5000,0.5000,0.5000,-4.22,12.35,0.403,,1,0,,
27.906,0.5000,0.5000,0.5000,0.5000,-4.24,12.86,0.403,,1,0,,
27.941,0.5000,0.5000,0.5000,0.5000,-4.37,15.91,0.406,,1,0,,
27.969,0.5000,0.5000,0.5000,0.5000,-4.29,16.00,0.409,,1,0,,
27.994,0.5000,0.5000,0.5000,0.5000,-4.26,14.28,0.411,,1,0,,
28.020,0.5000,0.5000,0.5000,0.5000,-3.99,13.52,0.406,,1,0,,
28.055,0.5000,0.5000,0.5000,0.5000,-3.87,11.99,0.403,,1,0,,
28.124,0.5000,0.5000,0.5000,0.5000,-4.02,14.28,0.404,,1,0,,
28.148,0.5000,0.5000,0.5000,0.5000,-4.02,14.20,0.403,,1,0,,
28.183,0.5000,0.5000,0.5000,0.5000,-3.84,11.42,0.407,,1,0,,
28.207,0.5000,0.5000,0.5000,0.5000,-3.47,11.37,0.402,,1,0,,
28.231,0.5000,0.5000,0.5000,0.5000,-3.60,12.31,0.401,,1,0,,
28.257,0.5000,0.5000,0.5000,0.5000,-3.70,12.94,0.400,,1,0,,
28.294,0.5000,0.5000,0.5000,0.5000,-3.73,13.25,0.398,,1,0,,
28.357,0.5000,0.5000,0.5000,0.5000,-3.87,14.54,0.401,,1,0,,
28.382,0.5000,0.5000,0.5000,0.5000,-3.87,14.48,0.400,,1,0,,
28.423,0.5000,0.5000,0.5000,0.5000,-4.00,14.64,0.405,,1,0,,
28.450,0.5000,0.5000,0.5000,0.5000,-4.08,15.05,0.408,,1,0,,
28.476,0.5000,0.5000,0.5000,0.5000,-4.04,14.75,0.410,,1,0,,
28.500,0.5000,0.5000,0.5000,0.5000,-3.91,14.46,0.410,,1,0,,
28.534,0.5000,0.5000,0.5000,0.5000,-4.09,13.74,0.412,,1,0,,
28.557,0.5000,0.5000,0.5000,0.5000,-4.14,13.28,0.413,,1,0,,
28.600,0.5000,0.5000,0.5000,0.5000,-4.11,13.30,0.413,,1,0,,
28.625,0.5000,0.5000,0.5000,0.5000,-4.11,13.33,0.415,,1,0,,
28.661,0.5000,0.5000,0.5000,0.5000,-4.15,13.43,0.417,,1,0,,
28.711,0.5000,0.5000,0.5000,0.5000,-4.28,13.60,0.424,,1,0,,
28.735,0.5000,0.5000,0.5000,0.5000,-4.27,13.64,0.422,,1,0,,
28.774,0.5000,0.5000,0.5000,0.5000,-4.11,13.65,0.417,,1,0,,
28.798,0.5000,0.5000,0.5000,0.5000,-4.06,13.66,0.414,,1,0,,
28.839,0.5000,0.5000,0.5000,0.5000,-3.80,12.88,0.412,,1,0,,
28.863,0.5000,0.5000,0.5000,0.5000,-3.70,12.58,0.411,,1,0,,
28.902,0.5000,0.5000,0.5000,0.5000,-3.74,13.16,0.408,,1,0,,
28.927,0.5000,0.5000,0.5000,0.5000,-3.68,13.21,0.403,,1,0,,
28.953,0.5000,0.5000,0.5000,0.5000,-3.35,12.32,0.402,,1,0,,
28.978,0.5000,0.5000,0.5000,0.5000,-3.21,12.16,0.400,,1,0,,
29.013,0.5000,0.5000,0.5000,0.5000,-3.31,11.93,0.402,,1,0,,
29.082,0.5000,0.5000,0.5000,0.5000,-3.28,12.93,0.402,,1,0,,
29.106,0.5000,0.5000,0.5000,0.5000,-3.29,13.20,0.401,,1,0,,
29.142,0.5000,0.5000,0.5000,0.5000,-3.35,13.45,0.400,,1,0,,
29.166,0.5000,0.5000,0.5000,0.5000,-3.38,13.50,0.398,,1,0,,
29.207,0.5000,0.5000,0.5000,0.5000,-3.52,13.76,0.399,,1,0,,
29.231,0.5000,0.5000,0.5000,0.5000,-3.55,13.97,0.398,,1,0,,
29.260,0.5000,0.5000,0.5000,0.5000,-3.64,14.05,0.403,,1,0,,
29.286,0.5000,0.5000,0.5000,0.5000,-3.70,14.20,0.406,,1,0,,
29.318,0.5000,0.5000,0.5000,0.5000,-3.85,13.46,0.403,,1,0,,
29.381,0.5000,0.5000,0.5000,0.5000,-3.74,13.46,0.408,,1,0,,
29.407,0.5000,0.5000,0.5000,0.5000,-3.74,13.34,0.409,,1,0,,
29.446,0.5000,0.5000,0.5000,0.5000,-3.87,14.06,0.404,,1,0,,
29.471,0.5000,0.5000,0.5000,0.5000,-3.92,14.66,0.401,,1,0,,
29.498,0.5000,0.5000,0.5000,0.5000,-3.85,15.65,0.399,,1,0,,
29.523,0.5000,0.5000,0.5000,0.5000,-3.80,16.33,0.398,,1,0,,
29.558,0.5000,0.5000,0.5000,0.5000,-3.63,16.71,0.406,,1,0,,
29.589,0.5000,0.5000,0.5000,0.5000,-3.67,17.04,0.395,,1,0,,
29.616,0.5000,0.5000,0.5000,0.5000,-3.58,17.03,0.388,,1,0,,
29.641,0.5000,0.5000,0.5000,0.5000,-3.43,16.65,0.388,,1,0,,
29.665,0.5000,0.5000,0.5000,0.5000,-3.59,16.31,0.387,,1,0,,
29.691,0.5000,0.5000,0.5000,0.5000,-3.54,16.69,0.389,,1,0,,
29.718,0.5000,0.5000,0.5000,0.5000,-3.66,17.50,0.391,,1,0,,
29.749,0.5000,0.5000,0.5000,0.5000,-3.59,17.71,0.398,,1,0,,
29.780,0.5000,0.5000,0.5000,0.5000,-3.70,18.76,0.405,,1,0,,
29.829,0.5000,0.5000,0.5000,0.5000,-3.96,18.08,0.402,,1,0,,
29.860,0.5000,0.5000,0.5000,0.5000,-3.78,17.00,0.400,,1,0,,
29.894,0.5000,0.5000,0.5000,0.5000,-3.69,16.48,0.399,,1,0,,
29.926,0.5000,0.5000,0.5000,0.5000,-3.78,16.29,0.398,,1,0,,
29.957,0.5000,0.5000,0.5000,0.5000,-3.78,16.28,0.401,,1,0,,
29.991,0.5000,0.5000,0.5000,0.5000,-3.77,16.35,0.402,,1,0,,
30.023,0.5000,0.5000,0.5000,0.5000,-3.82,16.36,0.400,,1,0,,
30.054,0.5000,0.5000,0.5000,0.5000,-3.94,16.39,0.400,,1,0,,
30.086,0.5000,0.5000,0.5000,0.5000,-3.96,16.39,0.398,,1,0,,
30.118,0.5000,0.5000,0.5000,0.5000,-3.79,15.83,0.397,,1,0,,
30.149,0.5000,0.5000,0.5000,0.5000,-3.77,15.92,0.398,,1,0,,
30.181,0.5000,0.5000,0.5000,0.5000,-3.71,16.96,0.397,,1,0,,
30.214,0.5000,0.5000,0.5000,0.5000,-3.74,17.34,0.403,,1,0,,
30.245,0.5000,0.5000,0.5000,0.5000,-3.83,16.38,0.400,,1,0,,
30.277,0.5000,0.5000,0.5000,0.5000,-3.98,16.58,0.410,,1,0,,
30.309,0.5000,0.5000,0.5000,0.5000,-4.16,16.21,0.427,,1,0,,
30.343,0.5000,0.5000,0.5000,0.5000,-4.65,16.07,0.438,,1,0,,
30.388,0.5000,0.5000,0.5000,0.5000,-4.78,16.32,0.438,,1,0,,
30.421,0.5000,0.5000,0.5000,0.5000,-4.97,16.13,0.438,,1,0,,
30.455,0.5000,0.5000,0.5000,0.5000,-5.05,16.00,0.439,,1,0,,
30.485,0.5000,0.5000,0.5000,0.5000,-5.20,15.96,0.439,,1,0,,
30.518,0.5000,0.5000,0.5000,0.5000,-5.11,15.83,0.436,,1,0,,
30.550,0.5000,0.5000,0.5000,0.5000,-4.94,16.14,0.436,,1,0,,
30.581,0.5000,0.5000,0.5000,0.5000,-4.81,15.94,0.435,,1,0,,
30.612,0.5000,0.5000,0.5000,0.5000,-4.77,15.89,0.434,,1,0,,
30.646,0.5000,0.5000,0.5000,0.5000,-4.87,15.60,0.433,,1,0,,
30.677,0.5000,0.5000,0.5000,0.5000,-4.92,15.61,0.434,,1,0,,
30.709,0.5000,0.5000,0.5000,0.5000,-4.94,16.16,0.435,,1,0,,
30.741,0.5000,0.5000,0.5000,0.5000,-4.96,16.37,0.435,,1,0,,
30.773,0.5000,0.5000,0.5000,0.5000,-4.86,15.35,0.439,,1,0,,
30.806,0.5000,0.5000,0.5000,0.5000,-4.88,15.06,0.438,,1,0,,
30.837,0.5000,0.5000,0.5000,0.5000,-5.05,15.84,0.434,,1,0,,
30.874,0.5000,0.5000,0.5000,0.5000,-5.00,15.72,0.431,,1,0,,
30.907,0.5000,0.5000,0.5000,0.5000,-5.04,15.71,0.434,,1,0,,
30.933,0.5000,0.5000,0.5000,0.5000,-5.04,15.33,0.433,,1,0,,
30.982,0.5000,0.5000,0.5000,0.5000,-5.04,16.51,0.430,,1,0,,
31.014,0.5000,0.5000,0.5000,0.5000,-5.07,16.62,0.431,,1,0,,
31.045,0.5000,0.5000,0.5000,0.5000,-4.92,16.62,0.433,,1,0,,
31.078,0.5000,0.5000,0.5000,0.5000,-4.92,16.52,0.432,,1,0,,
31.110,0.5000,0.5000,0.5000,0.5000,-4.66,15.62,0.432,,1,0,,
31.141,0.5000,0.5000,0.5000,0.5000,-4.77,15.36,0.432,,1,0,,
31.175,0.5000,0.5000,0.5000,0.5000,-4.56,15.23,0.429,,1,0,,
31.207,0.5000,0.5000,0.5000,0.5000,-4.57,14.99,0.431,,1,0,,
31.238,0.5000,0.5000,0.5000,0.5000,-4.18,15.16,0.431,,1,0,,
31.269,0.5000,0.5000,0.5000,0.5000,-4.41,16.55,0.431,,1,0,,
31.302,0.5000,0.5000,0.5000,0.5000,-4.37,16.70,0.427,,1,0,,
31.335,0.5000,0.5000,0.5000,0.5000,-4.21,16.38,0.427,,1,0,,
31.365,0.5000,0.5000,0.5000,0.5000,-4.53,16.88,0.425,,1,0,,
31.399,0.5000,0.5000,0.5000,0.5000,-4.49,16.81,0.428,,1,0,,
31.465,0.5000,0.5000,0.5000,0.5000,-4.85,17.58,0.431,,1,0,,
31.494,0.5000,0.5000,0.5000,0.5000,-4.75,17.72,0.431,,1,0,,
31.541,0.5000,0.5000,0.5000,0.5000,-4.84,17.35,0.432,,1,0,,
31.574,0.5000,0.5000,0.5000,0.5000,-4.49,17.82,0.433,,1,0,,
31.600,0.5000,0.5000,0.5000,0.5000,-4.30,17.95,0.433,,1,0,,
31.626,0.5000,0.5000,0.5000,0.5000,-4.39,17.92,0.436,,1,0,,
31.653,0.5000,0.5000,0.5000,0.5000,-4.57,17.73,0.435,,1,0,,
31.678,0.5000,0.5000,0.5000,0.5000,-4.60,17.61,0.435,,1,0,,
31.705,0.5000,0.5000,0.5000,0.5000,-4.58,17.67,0.435,,1,0,,
31.733,0.5000,0.5000,0.5000,0.5000,-4.61,17.19,0.435,,1,0,,
31.767,0.5000,0.5000,0.5000,0.5000,-4.68,17.42,0.433,,1,0,,
31.798,0.5000,0.5000,0.5000,0.5000,-4.75,17.15,0.433,,1,0,,
31.863,0.5000,0.5000,0.5000,0.5000,-4.62,16.46,0.432,,1,0,,
31.893,0.5000,0.5000,0.5000,0.5000,-4.40,17.25,0.430,,1,0,,
31.926,0.5000,0.5000,0.5000,0.5000,-4.42,17.44,0.428,,1,0,,
31.957,0.5000,0.5000,0.5000,0.5000,-4.53,16.71,0.430,,1,0,,
31.990,0.5000,0.5000,0.5000,0.5000,-4.70,16.83,0.428,,1,0,,
32.023,0.5000,0.5000,0.5000,0.5000,-4.44,16.63,0.427,,1,0,,
32.054,0.5000,0.5000,0.5000,0.5000,-4.60,17.23,0.423,,1,0,,
32.102,0.5000,0.5000,0.5000,0.5000,-4.76,16.05,0.425,,1,0,,
32.134,0.5000,0.5000,0.5000,0.5000,-4.74,16.01,0.425,,1,0,,
32.159,0.5000,0.5000,0.5000,0.5000,-4.74,15.83,0.426,,1,0,,
32.185,0.5000,0.5000,0.5000,0.5000,-4.71,16.76,0.427,,1,0,,
32.210,0.5000,0.5000,0.5000,0.5000,-4.65,16.46,0.431,,1,0,,
32.262,0.5000,0.5000,0.5000,0.5000,-4.59,16.42,0.427,,1,0,,
32.294,0.5000,0.5000,0.5000,0.5000,-4.69,17.84,0.425,,1,0,,
32.326,0.5000,0.5000,0.5000,0.5000,-4.50,17.95,0.423,,1,0,,
32.359,0.5000,0.5000,0.5000,0.5000,-4.66,16.91,0.423,,1,0,,
32.390,0.5000,0.5000,0.5000,0.5000,-4.51,16.91,0.423,,1,0,,
32.422,0.5000,0.5000,0.5000,0.5000,-4.78,17.17,0.423,,1,0,,
32.455,0.5000,0.5000,0.5000,0.5000,-4.74,17.35,0.425,,1,0,,
32.487,0.5000,0.5000,0.5000,0.5000,-4.93,17.36,0.430,,1,0,,
32.519,0.5000,0.5000,0.5000,0.5000,-4.84,17.53,0.428,,1,0,,
32.551,0.5000,0.5000,0.5000,0.5000,-4.81,16.93,0.426,,1,0,,
32.582,0.5000,0.5000,0.5000,0.5000,-4.81,16.59,0.431,,1,0,,
32.613,0.5000,0.5000,0.5000,0.5000,-4.83,16.85,0.430,,1,0,,
32.662,0.5000,0.5000,0.5000,0.5000,-4.80,17.11,0.433,,1,0,,
32.693,0.5000,0.5000,0.5000,0.5000,-4.82,16.32,0.431,,1,0,,
32.727,0.5000,0.5000,0.5000,0.5000,-4.82,17.20,0.431,,1,0,,
32.758,0.5000,0.5000,0.5000,0.5000,-4.59,16.56,0.432,,1,0,,
32.789,0.5000,0.5000,0.5000,0.5000,-4.72,16.31,0.432,,1,0,,
32.823,0.5000,0.5000,0.5000,0.5000,-4.71,16.53,0.425,,1,0,,
32.854,0.5000,0.5000,0.5000,0.5000,-4.66,17.30,0.429,,1,0,,
32.885,0.5000,0.5000,0.5000,0.5000,-4.59,17.02,0.430,,1,0,,
32.919,0.5000,0.5000,0.5000,0.5000,-4.60,17.16,0.431,,1,0,,
32.951,0.5000,0.5000,0.5000,0.5000,-4.70,17.67,0.434,,1,0,,
32.982,0.5000,0.5000,0.5000,0.5000,-4.62,17.58,0.429,,1,0,,
33.014,0.5000,0.5000,0.5000,0.5000,-4.68,17.13,0.424,,1,0,,
33.045,0.5000,0.5000,0.5000,0.5000,-4.60,17.48,0.427,,1,0,,
33.077,0.5000,0.5000,0.5000,0.5000,-4.66,17.14,0.424,,1,0,,
33.111,0.5000,0.5000,0.5000,0.5000,-4.47,17.59,0.420,,1,0,,
33.142,0.5000,0.5000,0.5000,0.5000,-4.38,17.45,0.422,,1,0,,
33.175,0.5000,0.5000,0.5000,0.5000,-4.28,17.94,0.423,,1,0,,
33.207,0.5000,0.5000,0.5000,0.5000,-4.27,18.55,0.427,,1,0,,
33.254,0.5000,0.5000,0.5000,0.5000,-4.60,18.99,0.443,,1,0,,
33.286,0.5000,0.5000,0.5000,0.5000,-4.28,18.37,0.448,,1,0,,
33.318,0.5000,0.5000,0.5000,0.5000,-4.28,17.52,0.465,,1,0,,
33.350,0.5000,0.5000,0.5000,0.5000,-4.59,17.50,0.468,,1,0,,
33.381,0.5000,0.5000,0.5000,0.5000,-4.55,17.79,0.467,,1,0,,
33.413,0.5000,0.5000,0.5000,0.5000,-4.58,17.34,0.472,,1,0,,
33.446,0.5000,0.5000,0.5000,0.5000,-4.52,17.47,0.474,,1,0,,
33.477,0.5000,0.5000,0.5000,0.5000,-4.66,17.69,0.478,,1,0,,
33.509,0.5000,0.5000,0.5000,0.5000,-4.53,17.83,0.479,,1,0,,
33.541,0.5000,0.5000,0.5000,0.5000,-4.52,17.03,0.479,,1,0,,
33.573,0.5000,0.5000,0.5000,0.5000,-4.58,17.31,0.481,,1,0,,
33.606,0.5000,0.5000,0.5000,0.5000,-4.64,17.88,0.489,,1,0,,
33.639,0.5000,0.5000,0.5000,0.5000,-4.63,17.63,0.488,,1,0,,
33.670,0.5000,0.5000,0.5000,0.5000,-4.62,17.62,0.489,,1,0,,
33.702,0.5000,0.5000,0.5000,0.5000,-4.54,17.43,0.485,,1,0,,
33.735,0.5000,0.5000,0.5000,0.5000,-4.51,17.17,0.485,,1,0,,
33.765,0.5000,0.5000,0.5000,0.5000,-3.99,17.53,0.484,,1,0,,
33.814,0.5000,0.5000,0.5000,0.5000,-3.96,16.82,0.482,,1,0,,
33.845,0.5000,0.5000,0.5000,0.5000,-4.08,17.07,0.482,,1,0,,
33.876,0.5000,0.5000,0.5000,0.5000,-4.08,17.02,0.484,,1,0,,
33.910,0.5000,0.5000,0.5000,0.5000,-4.21,17.34,0.484,,1,0,,
33.941,0.5000,0.5000,0.5000,0.5000,-4.39,17.35,0.484,,1,0,,
33.974,0.5000,0.5000,0.5000,0.5000,-4.34,17.47,0.483,,1,0,,
34.007,0.5000,0.5000,0.5000,0.5000,-4.31,17.05,0.480,,1,0,,
34.039,0.5000,0.5000,0.5000,0.5000,-4.31,17.09,0.476,,1,0,,
34.071,0.5000,0.5000,0.5000,0.5000,-4.35,17.04,0.476,,1,0,,
34.103,0.5000,0.5000,0.5000,0.5000,-4.24,18.16,0.475,,1,0,,
34.134,0.5000,0.5000,0.5000,0.5000,-4.16,17.66,0.468,,1,0,,
34.168,0.5000,0.5000,0.5000,0.5000,-4.22,17.58,0.468,,1,0,,
34.198,0.5000,0.5000,0.5000,0.5000,-4.17,17.01,0.467,,1,0,,
34.264,0.5000,0.5000,0.5000,0.5000,-4.13,16.64,0.468,,1,0,,
34.294,0.5000,0.5000,0.5000,0.5000,-4.28,16.78,0.464,,1,0,,
34.326,0.5000,0.5000,0.5000,0.5000,-4.21,16.85,0.464,,1,0,,
34.373,0.5000,0.5000,0.5000,0.5000,-4.20,16.80,0.463,,1,0,,
34.407,0.5000,0.5000,0.5000,0.5000,-4.04,16.72,0.462,,1,0,,
34.433,0.5000,0.5000,0.5000,0.5000,-4.01,16.48,0.462,,1,0,,
34.458,0.5000,0.5000,0.5000,0.5000,-4.04,16.80,0.461,,1,0,,
34.482,0.5000,0.5000,0.5000,0.5000,-4.09,16.73,0.462,,1,0,,
34.508,0.5000,0.5000,0.5000,0.5000,-4.15,16.80,0.461,,1,0,,
34.534,0.5000,0.5000,0.5000,0.5000,-4.14,16.99,0.462,,1,0,,
34.567,0.5000,0.5000,0.5000,0.5000,-3.97,15.95,0.466,,1,0,,
34.598,0.5000,0.5000,0.5000,0.5000,-3.97,17.16,0.460,,1,0,,
34.665,0.5000,0.5000,0.5000,0.5000,-4.02,17.11,0.460,,1,0,,
34.693,0.5000,0.5000,0.5000,0.5000,-4.16,17.84,0.451,,1,0,,
34.726,0.5000,0.5000,0.5000,0.5000,-4.09,18.94,0.454,,1,0,,
34.759,0.5000,0.5000,0.5000,0.5000,-4.23,19.02,0.452,,1,0,,
34.789,0.5000,0.5000,0.5000,0.5000,-4.27,19.66,0.453,,1,0,,
34.821,0.5000,0.5000,0.5000,0.5000,-4.25,18.90,0.451,,1,0,,
34.854,0.5000,0.5000,0.5000,0.5000,-3.91,18.04,0.450,,1,0,,
34.886,0.5000,0.5000,0.5000,0.5000,-3.84,17.94,0.451,,1,0,,
34.934,0.5000,0.5000,0.5000,0.5000,-3.97,17.82,0.454,,1,0,,
34.967,0.5000,0.5000,0.5000,0.5000,-4.18,18.15,0.456,,1,0,,
34.991,0.5000,0.5000,0.5000,0.5000,-4.27,18.26,0.460,,1,0,,
35.017,0.5000,0.5000,0.5000,0.5000,-4.37,18.61,0.463,,1,0,,
35.061,0.5000,0.5000,0.5000,0.5000,-4.34,18.77,0.467,,1,0,,
35.093,0.5000,0.5000,0.5000,0.5000,-4.44,18.99,0.460,,1,0,,
35.125,0.5000,0.5000,0.5000,0.5000,-4.35,18.70,0.457,,1,0,,
35.158,0.5000,0.5000,0.5000,0.5000,-4.04,17.89,0.456,,1,0,,
35.190,0.5000,0.5000,0.5000,0.5000,-4.15,18.24,0.454,,1,0,,
35.221,0.5000,0.5000,0.5000,0.5000,-3.63,18.84,0.453,,1,0,,
35.254,0.5000,0.5000,0.5000,0.5000,-3.64,19.94,0.454,,1,0,,
35.286,0.5000,0.5000,0.5000,0.5000,-3.71,19.73,0.452,,1,0,,
35.317,0.5000,0.5000,0.5000,0.5000,-3.89,18.79,0.450,,1,0,,
35.351,0.5000,0.5000,0.5000,0.5000,-3.72,19.57,0.454,,1,0,,
35.381,0.5000,0.5000,0.5000,0.5000,-3.70,19.05,0.463,,1,0,,
35.413,0.5000,0.5000,0.5000,0.5000,-3.80,18.84,0.450,,1,0,,
35.444,0.5000,0.5000,0.5000,0.5000,-3.81,18.74,0.450,,1,0,,
35.477,0.5000,0.5000,0.5000,0.5000,-3.69,18.29,0.448,,1,0,,
35.527,0.5000,0.5000,0.5000,0.5000,-3.71,18.87,0.446,,1,0,,
35.559,0.5000,0.5000,0.5000,0.5000,-3.96,18.37,0.447,,1,0,,
35.589,0.5000,0.5000,0.5000,0.5000,-3.97,18.29,0.451,,1,0,,
35.622,0.5000,0.5000,0.5000,0.5000,-3.93,17.88,0.450,,1,0,,
35.654,0.5000,0.5000,0.5000,0.5000,-3.69,18.77,0.451,,1,0,,
35.687,0.5000,0.5000,0.5000,0.5000,-3.64,18.27,0.451,,1,0,,
35.718,0.5000,0.5000,0.5000,0.5000,-3.61,18.26,0.457,,1,0,,
35.751,0.5000,0.5000,0.5000,0.5000,-3.80,18.41,0.456,,1,0,,
35.782,0.5000,0.5000,0.5000,0.5000,-3.74,18.45,0.455,,1,0,,
35.814,0.5000,0.5000,0.5000,0.5000,-3.77,18.22,0.453,,1,0,,
35.845,0.5000,0.5000,0.5000,0.5000,-3.59,17.70,0.453,,1,0,,
35.879,0.5000,0.5000,0.5000,0.5000,-3.60,18.59,0.451,,1,0,,
35.910,0.5000,0.5000,0.5000,0.5000,-3.47,18.77,0.456,,1,0,,
35.942,0.5000,0.5000,0.5000,0.5000,-3.34,18.74,0.456,,1,0,,
35.973,0.5000,0.5000,0.5000,0.5000,-3.12,17.05,0.451,,1,0,,
36.005,0.5000,0.5000,0.5000,0.5000,-3.12,17.31,0.452,,1,0,,
36.038,0.5000,0.5000,0.5000,0.5000,-3.08,17.79,0.451,,1,0,,
36.086,0.5000,0.5000,0.5000,0.5000,-3.18,18.47,0.450,,1,0,,
36.119,0.5000,0.5000,0.5000,0.5000,-3.13,18.87,0.444,,1,0,,
36.151,0.5000,0.5000,0.5000,0.5000,-3.09,18.68,0.447,,1,0,,
36.182,0.5000,0.5000,0.5000,0.5000,-3.10,18.64,0.446,,1,0,,
36.215,0.5000,0.5000,0.5000,0.5000,-3.19,19.59,0.444,,1,0,,
36.245,0.5000,0.5000,0.5000,0.5000,-3.16,19.65,0.443,,1,0,,
36.277,0.5000,0.5000,0.5000,0.5000,-3.21,19.83,0.442,,1,0,,
36.311,0.5000,0.5000,0.5000,0.5000,-3.22,20.15,0.441,,1,0,,
36.342,0.5000,0.5000,0.5000,0.5000,-3.20,20.22,0.440,,1,0,,
36.373,0.5000,0.5000,0.5000,0.5000,-3.35,19.44,0.440,,1,0,,
36.405,0.5000,0.5000,0.5000,0.5000,-3.17,19.21,0.395,,1,0,,
36.439,0.5000,0.5000,,,-3.28,14.95,0.211,,1,0,,
36.471,0.5000,0.5000,,,-3.23,11.41,0.104,,1,0,,
36.503,0.5000,0.5000,,,-3.08,11.27,0.110,,1,0,,
36.536,0.5000,0.5000,,,-2.79,12.18,0.165,,1,0,,
36.567,0.5000,0.5000,,,-3.10,14.85,0.196,,1,0,,
36.599,0.5000,0.5000,,,-3.06,15.59,0.214,,1,0,,
36.684,0.5000,0.5000,,,-3.21,15.94,0.234,,1,0,,
36.710,0.5000,0.5000,,,-3.32,16.08,0.242,,1,0,,
36.736,0.5000,0.5000,,,-3.18,15.53,0.248,,1,0,,
36.759,0.5000,0.5000,,,-3.11,15.62,0.250,,1,0,,
36.786,0.5000,0.5000,,,-3.15,16.10,0.254,,1,0,,
36.810,0.5000,0.5000,,,-3.24,15.74,0.257,,1,0,,
36.838,0.5000,0.5000,,,-3.21,15.72,0.259,,1,0,,
36.871,0.5000,0.5000,,,-3.05,16.49,0.261,,1,0,,
36.902,0.5000,0.5000,,,-3.03,16.36,0.261,,1,0,,
36.934,0.5000,0.5000,,,-2.97,16.75,0.268,,1,0,,
36.967,0.5000,0.5000,,,-2.83,15.89,0.271,,1,0,,
36.998,0.5000,0.5000,,,-3.06,15.96,0.276,,1,0,,
37.064,0.5000,0.5000,,,-2.99,16.25,0.279,,1,0,,
37.095,0.5000,0.5000,,,-3.08,15.85,0.282,,1,0,,
37.126,0.5000,0.5000,,,-3.12,16.15,0.286,,1,0,,
37.158,0.5000,0.5000,,,-3.11,15.89,0.283,,1,0,,
37.205,0.5000,0.5000,0.5000,0.5000,-3.11,15.76,0.283,,1,0,,
37.237,0.5000,0.5000,0.5000,0.5000,-3.09,15.69,0.285,,1,0,,
37.263,0.5000,0.5000,0.5000,0.5000,-3.06,15.60,0.286,,1,0,,
37.287,0.5000,0.5000,0.5000,0.5000,-2.96,15.81,0.293,,1,0,,
37.313,0.5000,0.5000,0.5000,0.5000,-2.84,15.77,0.294,,1,0,,
37.340,0.5000,0.5000,0.5000,0.5000,-2.92,16.05,0.299,,1,0,,
37.367,0.5000,0.5000,0.5000,0.5000,-3.19,16.61,0.313,,1,0,,
37.398,0.5000,0.5000,0.5000,0.5000,-3.16,16.85,0.313,,1,0,,
37.467,0.5000,0.5000,0.5000,0.5000,-3.18,16.00,0.315,,1,0,,
37.493,0.5000,0.5000,0.5000,0.5000,-2.96,15.44,0.314,,1,0,,
37.525,0.5000,0.5000,0.5000,0.5000,-2.94,15.65,0.316,,1,0,,
37.561,0.5000,0.5000,0.5000,0.5000,-2.97,16.06,0.325,,1,0,,
37.589,0.5000,0.5000,0.5000,0.5000,-2.84,15.80,0.319,,1,0,,
37.623,0.5000,0.5000,0.5000,0.5000,-2.93,15.92,0.316,,1,0,,
37.655,0.5000,0.5000,0.5000,0.5000,-2.97,16.21,0.317,,1,0,,
37.686,0.5000,0.5000,0.5000,0.5000,-3.02,16.89,0.319,,1,0,,
37.718,0.5000,0.5000,0.5000,0.5000,-3.05,16.56,0.314,,1,0,,
37.750,0.5000,0.5000,0.5000,0.5000,-3.21,17.32,0.315,,1,0,,
37.798,0.5000,0.5000,0.5000,0.5000,-3.27,16.49,0.314,,1,0,,
37.830,0.5000,0.5000,0.5000,0.5000,-3.21,16.14,0.313,,1,0,,
37.862,0.5000,0.5000,0.5000,0.5000,-3.19,16.13,0.313,,1,0,,
37.892,0.5000,0.5000,0.5000,0.5000,-3.15,16.39,0.309,,1,0,,
37.925,0.5000,0.5000,0.5000,0.5000,-3.08,16.52,0.311,,1,0,,
37.958,0.5000,0.5000,0.5000,0.5000,-3.24,17.63,0.315,,1,0,,
37.990,0.5000,0.5000,0.5000,0.5000,-3.13,17.50,0.316,,1,0,,
38.022,0.5000,0.5000,0.5000,0.5000,-3.42,17.34,0.319,,1,0,,
38.054,0.5000,0.5000,0.5000,0.5000,-3.38,16.75,0.315,,1,0,,
38.088,0.5000,0.5000,0.5000,0.5000,-3.29,17.00,0.317,,1,0,,
38.118,0.5000,0.5000,0.5000,0.5000,-2.86,16.67,0.317,,1,0,,
38.152,0.5000,0.5000,0.5000,0.5000,-2.68,16.96,0.316,,1,0,,
38.182,0.5000,0.5000,0.5000,0.5000,-2.69,17.15,0.315,,1,0,,
38.214,0.5000,0.5000,0.5000,0.5000,-2.79,17.02,0.308,,1,0,,
38.246,0.5000,0.5000,0.5000,0.5000,-2.63,17.01,0.311,,1,0,,
38.277,0.5000,0.5000,0.5000,0.5000,-2.62,17.25,0.309,,1,0,,
38.310,0.5000,0.5000,0.5000,0.5000,-2.96,17.98,0.296,,1,0,,
38.358,0.5000,0.5000,0.5000,0.5000,-2.82,17.56,0.292,,1,0,,
38.389,0.5000,0.5000,0.5000,0.5000,-2.83,17.32,0.293,,1,0,,
38.422,0.5000,0.5000,0.5000,0.5000,-2.82,16.96,0.293,,1,0,,
38.454,0.5000,0.5000,0.5000,0.5000,-2.67,16.07,0.290,,1,0,,
38.490,0.5000,0.5000,0.5000,0.5000,-2.62,15.92,0.289,,1,0,,
38.525,0.5000,0.5000,0.5000,0.5000,-2.72,15.29,0.290,,1,0,,
38.567,0.5000,0.5000,0.5000,0.5000,-2.72,15.53,0.293,,1,0,,
38.602,0.5000,0.5000,0.5000,0.5000,-3.11,15.36,0.294,,1,0,,
38.635,0.5000,0.5000,0.5000,0.5000,-2.89,14.70,0.296,,1,0,,
38.672,0.5000,0.5000,0.5000,0.5000,-2.89,14.87,0.297,,1,0,,
38.705,0.5000,0.5000,0.5000,0.5000,-2.99,16.60,0.296,,1,0,,
38.736,0.5000,0.5000,0.5000,0.5000,-2.84,16.44,0.296,,1,0,,
38.767,0.5000,0.5000,0.5000,0.5000,-2.80,16.23,0.292,,1,0,,
38.798,0.5000,0.5000,0.5000,0.5000,-2.78,16.34,0.290,,1,0,,
38.828,0.5000,0.5000,0.5000,0.5000,-2.77,16.13,0.290,,1,0,,
38.858,0.5000,0.5000,0.5000,0.5000,-2.58,16.11,0.277,,1,0,,
38.885,0.5000,0.5000,0.5000,0.5000,-2.59,15.93,0.275,,1,0,,
38.917,0.5000,0.5000,0.5000,0.5000,-2.66,15.59,0.267,,1,0,,
38.950,0.5000,0.5000,0.5000,0.5000,-2.72,15.89,0.271,,1,0,,
38.983,0.5000,0.5000,0.5000,0.5000,-2.83,16.02,0.276,,1,0,,
39.013,0.5000,0.5000,0.5000,0.5000,-2.80,15.53,0.275,,1,0,,
39.045,0.5000,0.5000,0.5000,0.5000,-2.82,15.28,0.273,,1,0,,
39.076,0.5000,0.5000,0.5000,0.5000,-2.86,15.06,0.266,,1,0,,
39.109,0.5000,0.5000,0.5000,0.5000,-2.67,14.13,0.266,,1,0,,
39.143,0.5000,0.5000,0.5000,0.5000,-2.62,14.69,0.270,,1,0,,
39.173,0.5000,0.5000,0.5000,0.5000,-2.61,15.33,0.279,,1,0,,
39.206,0.5000,0.5000,0.5000,0.5000,-2.36,15.30,0.269,,1,0,,
39.238,0.5000,0.5000,0.5000,0.5000,-2.66,15.46,0.264,,1,0,,
39.270,0.5000,0.5000,0.5000,0.5000,-2.72,16.28,0.262,,1,0,,
39.303,0.5000,0.5000,0.5000,0.5000,-2.37,16.78,0.262,,1,0,,
39.336,0.5000,0.5000,0.5000,0.5000,-2.37,17.05,0.288,,1,0,,
39.366,0.5000,0.5000,0.5000,0.5000,-2.24,18.40,0.288,,1,0,,
39.399,0.5000,0.5000,0.5000,0.5000,-2.27,18.86,0.292,,1,0,,
39.466,0.5000,0.5000,0.5000,0.5000,-2.42,17.73,0.295,,1,0,,
39.510,0.5000,0.5000,0.5000,0.5000,-2.39,18.18,0.297,,1,0,,
39.536,0.5000,0.5000,0.5000,0.5000,-2.33,18.36,0.298,,1,0,,
39.560,0.5000,0.5000,0.5000,0.5000,-2.27,18.23,0.300,,1,0,,
39.586,0.5000,0.5000,0.5000,0.5000,-2.23,17.84,0.299,,1,0,,
39.612,0.5000,0.5000,0.5000,0.5000,-2.32,18.10,0.297,,1,0,,
39.638,0.5000,0.5000,0.5000,0.5000,-2.51,17.94,0.300,,1,0,,
39.670,0.5000,0.5000,0.5000,0.5000,-2.51,18.48,0.305,,1,0,,
39.702,0.5000,0.5000,0.5000,0.5000,-2.46,18.57,0.304,,1,0,,
39.734,0.5000,0.5000,0.5000,0.5000,-2.40,18.49,0.306,,1,0,,
39.765,0.5000,0.5000,0.5000,0.5000,-2.66,18.32,0.310,,1,0,,
39.797,0.5000,0.5000,0.5000,0.5000,-2.63,18.49,0.313,,1,0,,
39.864,0.5000,0.5000,0.5000,0.5000,-2.63,18.82,0.311,,1,0,,
39.895,0.5000,0.5000,0.5000,0.5000,-2.74,18.57,0.318,,1,0,,
39.925,0.5000,0.5000,0.5000,0.5000,-2.66,17.68,0.316,,1,0,,
39.958,0.5000,0.5000,0.5000,0.5000,-2.76,18.63,0.321,,1,0,,
39.990,0.5000,0.5000,0.5000,0.5000,-2.67,16.62,0.312,,1,0,,
40.022,0.5000,0.5000,0.5000,0.5000,-2.69,17.01,0.314,,1,0,,
40.070,0.5000,0.5000,0.5000,0.5000,-2.68,17.36,0.310,,1,0,,
40.103,0.5000,0.5000,0.5000,0.5000,-2.70,17.62,0.310,,1,0,,
40.130,0.5000,0.5000,0.5000,0.5000,-2.74,17.74,0.311,,1,0,,
40.158,0.5000,0.5000,0.5000,0.5000,-2.76,17.89,0.313,,1,0,,
40.183,0.5000,0.5000,0.5000,0.5000,-2.65,17.92,0.314,,1,0,,
40.207,0.5000,0.5000,0.5000,0.5000,-2.46,17.82,0.312,,1,0,,
40.262,0.5000,0.5000,0.5000,0.5000,-2.33,17.59,0.312,,1,0,,
40.294,0.5000,0.5000,0.5000,0.5000,-2.31,17.73,0.305,,1,0,,
40.325,0.5000,0.5000,0.5000,0.5000,-2.42,18.73,0.303,,1,0,,
40.358,0.5000,0.5000,0.5000,0.5000,-2.48,18.14,0.292,,1,0,,
40.390,0.5000,0.5000,0.5000,0.5000,-2.29,17.48,0.293,,1,0,,
40.421,0.5000,0.5000,0.5000,0.5000,-2.31,17.51,0.300,,1,0,,
40.453,0.5000,0.5000,0.5000,0.5000,-2.25,17.31,0.307,,1,0,,
40.487,0.5000,0.5000,0.5000,0.5000,-2.23,17.36,0.309,,1,0,,
40.520,0.5000,0.5000,0.5000,0.5000,-2.35,17.32,0.308,,1,0,,
40.551,0.5000,0.5000,0.5000,0.5000,-2.53,17.90,0.306,,1,0,,
40.583,0.5000,0.5000,0.5000,0.5000,-2.69,18.00,0.312,,1,0,,
40.629,0.5000,0.5000,0.5000,0.5000,-2.42,18.02,0.313,,1,0,,
40.662,0.5000,0.5000,0.5000,0.5000,-2.46,17.71,0.312,,1,0,,
40.693,0.5000,0.5000,0.5000,0.5000,-2.50,18.07,0.314,,1,0,,
40.725,0.5000,0.5000,0.5000,0.5000,-2.57,17.53,0.315,,1,0,,
40.758,0.5000,0.5000,0.5000,0.5000,-2.16,17.07,0.316,,1,0,,
40.791,0.5000,0.5000,0.5000,0.5000,-2.12,17.15,0.315,,1,0,,
40.821,0.5000,0.5000,0.5000,0.5000,-2.42,16.85,0.314,,1,0,,
40.854,0.5000,0.5000,0.5000,0.5000,-2.67,17.15,0.317,,1,0,,
40.886,0.5000,0.5000,0.5000,0.5000,-2.73,17.40,0.317,,1,0,,
40.918,0.5000,0.5000,0.5000,0.5000,-2.57,17.28,0.312,,1,0,,
40.950,0.5000,0.5000,0.5000,0.5000,-2.29,17.40,0.305,,1,0,,
40.982,0.5000,0.5000,0.5000,0.5000,-2.31,17.40,0.300,,1,0,,
41.014,0.5000,0.5000,0.5000,0.5000,-2.43,17.16,0.304,,1,0,,
41.045,0.5000,0.5000,0.5000,0.5000,-2.72,17.46,0.305,,1,0,,
41.077,0.5000,0.5000,0.5000,0.5000,-2.66,16.18,0.305,,1,0,,
41.110,0.5000,0.5000,0.5000,0.5000,-2.68,16.46,0.300,,1,0,,
41.142,0.5000,0.5000,0.5000,0.5000,-2.40,16.68,0.301,,1,0,,
41.188,0.5000,0.5000,0.5000,0.5000,-2.45,16.93,0.301,,1,0,,
41.222,0.5000,0.5000,0.5000,0.5000,-2.22,17.12,0.289,,1,0,,
41.254,0.5000,0.5000,0.5000,0.5000,-2.35,17.28,0.292,,1,0,,
41.286,0.5000,0.5000,0.5000,0.5000,-2.20,17.16,0.294,,1,0,,
41.318,0.5000,0.5000,0.5000,0.5000,-2.35,17.04,0.297,,1,0,,
41.350,0.5000,0.5000,0.5000,0.5000,-2.32,17.38,0.296,,1,0,,
41.382,0.5000,0.5000,0.5000,0.5000,-2.31,17.52,0.292,,1,0,,
41.413,0.5000,0.5000,0.5000,0.5000,-2.33,17.21,0.299,,1,0,,
41.446,0.5000,0.5000,0.5000,0.5000,-2.67,17.49,0.304,,1,0,,
41.477,0.5000,0.5000,0.5000,0.5000,-2.70,17.70,0.303,,1,0,,
41.510,0.5000,0.5000,0.5000,0.5000,-2.72,17.99,0.303,,1,0,,
41.542,0.5000,0.5000,0.5000,0.5000,-2.53,17.48,0.301,,1,0,,
41.574,0.5000,0.5000,0.5000,0.5000,-2.66,17.41,0.297,,1,0,,
41.605,0.5000,0.5000,0.5000,0.5000,-2.62,17.69,0.306,,1,0,,
41.638,0.5000,0.5000,0.5000,0.5000,-2.62,17.69,0.307,,1,0,,
41.671,0.5000,0.5000,0.5000,0.5000,-2.70,17.72,0.306,,1,0,,
41.702,0.5000,0.5000,0.5000,0.5000,-2.77,17.35,0.309,,1,0,,
41.734,0.5000,0.5000,0.5000,0.5000,-2.71,17.36,0.303,,1,0,,
41.781,0.5000,0.5000,0.5000,0.5000,-2.77,16.24,0.289,,1,0,,
41.816,0.5000,0.5000,0.5000,0.5000,-2.66,15.30,0.290,,1,0,,
41.847,0.5000,0.5000,0.5000,0.5000,-2.37,15.62,0.284,,1,0,,
41.879,0.5000,0.5000,0.5000,0.5000,-2.42,16.10,0.285,,1,0,,
41.909,0.5000,0.5000,0.5000,0.5000,-2.36,15.90,0.283,,1,0,,
41.942,0.5000,0.5000,0.5000,0.5000,-2.39,16.33,0.281,,1,0,,
41.974,0.5000,0.5000,0.5000,0.5000,-2.30,16.16,0.281,,1,0,,
42.005,0.5000,0.5000,0.5000,0.5000,-2.28,16.35,0.286,,1,0,,
42.038,0.5000,0.5000,0.5000,0.5000,-2.30,16.76,0.287,,1,0,,
42.070,0.5000,0.5000,0.5000,0.5000,-2.23,16.74,0.287,,1,0,,
42.102,0.5000,0.5000,0.5000,0.5000,-2.17,16.85,0.285,,1,0,,
42.134,0.5000,0.5000,0.5000,0.5000,-2.04,16.59,0.278,,1,0,,
42.167,0.5000,0.5000,0.5000,0.5000,-2.05,16.79,0.273,,1,0,,
42.198,0.5000,0.5000,0.5000,0.5000,-2.03,16.68,0.276,,1,0,,
42.266,0.5000,0.5000,0.5000,0.5000,-2.26,17.26,0.288,,1,0,,
42.294,0.5000,0.5000,0.5000,0.5000,-3.14,17.95,0.298,,1,0,,
42.342,0.5000,0.5000,0.5000,0.5000,-3.38,18.50,0.338,,1,0,,
42.376,0.5000,0.5000,0.5000,0.5000,-3.68,19.62,0.376,,1,0,,
42.403,0.5000,0.5000,0.5000,0.5000,-3.78,20.05,0.391,,1,0,,
42.429,0.5000,0.5000,0.5000,0.5000,-3.46,19.82,0.393,,1,0,,
42.453,0.5000,0.5000,0.5000,0.5000,-3.46,19.56,0.389,,1,0,,
42.478,0.5000,0.5000,0.5000,0.5000,-3.49,19.60,0.394,,1,0,,
42.503,0.5000,0.5000,0.5000,0.5000,-3.54,19.95,0.397,,1,0,,
42.535,0.5000,0.5000,0.5000,0.5000,-3.73,20.26,0.395,,1,0,,
42.566,0.5000,0.5000,0.5000,0.5000,-3.66,20.14,0.406,,1,0,,
42.597,0.5000,0.5000,0.5000,0.5000,-3.71,20.07,0.405,,1,0,,
42.662,0.5000,0.5000,0.5000,0.5000,-3.46,19.30,0.405,,1,0,,
42.693,0.5000,0.5000,0.5000,0.5000,-3.49,19.53,0.411,,1,0,,
42.726,0.5000,0.5000,0.5000,0.5000,-3.55,19.33,0.419,,1,0,,
42.758,0.5000,0.5000,0.5000,0.5000,-3.45,18.55,0.421,,1,0,,
42.789,0.5000,0.5000,0.5000,0.5000,-3.55,18.98,0.422,,1,0,,
42.821,0.5000,0.5000,0.5000,0.5000,-3.61,18.86,0.425,,1,0,,
42.854,0.5000,0.5000,0.5000,0.5000,-3.50,18.34,0.425,,1,0,,
42.901,0.5000,0.5000,0.5000,0.5000,-3.51,18.13,0.432,,1,0,,
42.934,0.5000,0.5000,0.5000,0.5000,-3.43,18.87,0.435,,1,0,,
42.960,0.5000,0.5000,0.5000,0.5000,-3.60,19.31,0.437,,1,0,,
42.985,0.5000,0.5000,0.5000,0.5000,-3.60,19.46,0.443,,1,0,,
43.009,0.5000,0.5000,0.5000,0.5000,-3.85,19.44,0.446,,1,0,,
43.062,0.5000,0.5000,0.5000,0.5000,-3.82,19.21,0.440,,1,0,,
43.094,0.5000,0.5000,0.5000,0.5000,-3.74,19.12,0.441,,1,0,,
43.126,0.5000,0.5000,0.5000,0.5000,-3.75,19.27,0.443,,1,0,,
43.157,0.5000,0.5000,0.5000,0.5000,-3.77,18.88,0.443,,1,0,,
43.191,0.5000,0.5000,0.5000,0.5000,-3.58,18.88,0.442,,1,0,,
43.221,0.5000,0.5000,0.5000,0.5000,-3.78,18.95,0.439,,1,0,,
43.254,0.5000,0.5000,0.5000,0.5000,-3.89,19.80,0.439,,1,0,,
43.287,0.5000,0.5000,0.5000,0.5000,-3.98,20.05,0.440,,1,0,,
43.318,0.5000,0.5000,0.5000,0.5000,-4.01,19.77,0.440,,1,0,,
43.354,0.5000,0.5000,0.5000,0.5000,-3.96,19.33,0.432,,1,0,,
43.389,0.5000,0.5000,0.5000,0.5000,-3.97,19.58,0.441,,1,0,,
43.418,0.5000,0.5000,0.5000,0.5000,-3.84,19.73,0.445,,1,0,,
43.462,0.5000,0.5000,0.5000,0.5000,-3.51,19.40,0.441,,1,0,,
43.494,0.5000,0.5000,0.5000,0.5000,-3.69,19.00,0.440,,1,0,,
43.527,0.5000,0.5000,0.5000,0.5000,-3.69,18.56,0.433,,1,0,,
43.558,0.5000,0.5000,0.5000,0.5000,-3.67,19.17,0.434,,1,0,,
43.590,0.5000,0.5000,0.5000,0.5000,-3.73,19.46,0.440,,1,0,,
43.622,0.5000,0.5000,0.5000,0.5000,-3.81,19.15,0.440,,1,0,,
43.653,0.5000,0.5000,0.5000,0.5000,-3.76,18.12,0.439,,1,0,,
43.686,0.5000,0.5000,0.5000,0.5000,-3.82,18.06,0.441,,1,0,,
43.719,0.5000,0.5000,0.5000,0.5000,-3.78,18.40,0.441,,1,0,,
43.751,0.5000,0.5000,0.5000,0.5000,-3.79,18.70,0.443,,1,0,,
43.782,0.5000,0.5000,0.5000,0.5000,-3.97,18.39,0.443,,1,0,,
43.813,0.5000,0.5000,0.5000,0.5000,-4.05,18.51,0.440,,1,0,,
43.846,0.5000,0.5000,0.5000,0.5000,-4.14,19.48,0.436,,1,0,,
43.877,0.5000,0.5000,0.5000,0.5000,-4.07,19.35,0.436,,1,0,,
43.910,0.5000,0.5000,0.5000,0.5000,-3.87,18.98,0.433,,1,0,,
43.942,0.5000,0.5000,0.5000,0.5000,-3.45,18.63,0.431,,1,0,,
43.974,0.5000,0.5000,0.5000,0.5000,-3.32,19.98,0.433,,1,0,,
44.005,0.5000,0.5000,0.5000,0.5000,-3.36,19.76,0.435,,1,0,,
44.054,0.5000,0.5000,0.5000,0.5000,-3.38,20.05,0.436,,1,0,,
44.085,0.5000,0.5000,0.5000,0.5000,-3.44,19.07,0.434,,1,0,,
44.117,0.5000,0.5000,0.5000,0.5000,-3.25,19.38,0.433,,1,0,,
44.150,0.5000,0.5000,0.5000,0.5000,-3.20,19.45,0.434,,1,0,,
44.182,0.5000,0.5000,0.5000,0.5000,-3.44,19.01,0.431,,1,0,,
44.214,0.5000,0.5000,0.5000,0.5000,-3.21,18.80,0.429,,1,0,,
44.246,0.5000,0.5000,0.5000,0.5000,-3.23,19.03,0.426,,1,0,,
44.277,0.5000,0.5000,0.5000,0.5000,-3.25,19.15,0.422,,1,0,,
44.310,0.5000,0.5000,0.5000,0.5000,-3.27,19.39,0.424,,1,0,,
44.343,0.5000,0.5000,0.5000,0.5000,-3.34,19.47,0.418,,1,0,,
44.373,0.5000,0.5000,0.5000,0.5000,-3.40,19.72,0.431,,1,0,,
44.409,0.5000,0.5000,0.5000,0.5000,-3.35,19.49,0.432,,1,0,,
44.438,0.5000,0.5000,0.5000,0.5000,-3.29,19.21,0.429,,1,0,,
44.469,0.5000,0.5000,0.5000,0.5000,-3.28,19.22,0.433,,1,0,,
44.502,0.5000,0.5000,0.5000,0.5000,-3.34,19.13,0.433,,1,0,,
44.533,0.5000,0.5000,0.5000,0.5000,-3.49,19.40,0.430,,1,0,,
44.566,0.5000,0.5000,0.5000,0.5000,-3.49,19.40,0.429,,1,0,,
44.614,0.5000,0.5000,0.5000,0.5000,-3.43,19.40,0.424,,1,0,,
44.646,0.5000,0.5000,0.5000,0.5000,-3.37,18.81,0.426,,1,0,,
44.678,0.5000,0.5000,0.5000,0.5000,-3.41,18.73,0.429,,1,0,,
44.709,0.5000,0.5000,0.5000,0.5000,-3.47,18.64,0.425,,1,0,,
44.741,0.5000,0.5000,0.5000,0.5000,-3.50,20.16,0.429,,1,0,,
44.773,0.5000,0.5000,0.5000,0.5000,-3.41,20.04,0.433,,1,0,,
44.806,0.5000,0.5000,0.5000,0.5000,-3.45,19.77,0.430,,1,0,,
44.837,0.5000,0.5000,0.5000,0.5000,-3.35,19.37,0.431,,1,0,,
44.870,0.5000,0.5000,0.5000,0.5000,-3.35,19.41,0.431,,1,0,,
44.902,0.5000,0.5000,0.5000,0.5000,-3.08,19.57,0.425,,1,0,,
44.936,0.5000,0.5000,0.5000,0.5000,-2.98,19.54,0.427,,1,0,,
44.967,0.5000,0.5000,0.5000,0.5000,-2.94,19.65,0.427,,1,0,,
44.998,0.5000,0.5000,0.5000,0.5000,-2.90,19.06,0.427,,1,0,,
45.061,0.5000,0.5000,0.5000,0.5000,-2.73,18.69,0.427,,1,0,,
45.095,0.5000,0.5000,0.5000,0.5000,-2.86,18.64,0.429,,1,0,,
45.124,0.5000,0.5000,0.5000,0.5000,-2.94,18.71,0.430,,1,0,,
45.174,0.5000,0.5000,0.5000,0.5000,-3.06,18.84,0.427,,1,0,,
45.205,0.5000,0.5000,0.5000,0.5000,-3.16,18.72,0.429,,1,0,,
45.231,0.5000,0.5000,0.5000,0.5000,-3.33,18.73,0.432,,1,0,,
45.254,0.5000,0.5000,0.5000,0.5000,-3.30,18.87,0.433,,1,0,,
45.280,0.5000,0.5000,0.5000,0.5000,-3.35,18.72,0.434,,1,0,,
45.307,0.5000,0.5000,0.5000,0.5000,-3.37,19.24,0.435,,1,0,,
45.334,0.5000,0.5000,0.5000,0.5000,-3.49,18.72,0.434,,1,0,,
45.366,0.5000,0.5000,0.5000,0.5000,-3.42,18.33,0.423,,1,0,,
45.399,0.5000,0.5000,0.5000,0.5000,-3.23,18.27,0.423,,1,0,,
45.466,0.5000,0.5000,0.5000,0.5000,-2.74,18.05,0.401,,1,0,,
45.495,0.5000,0.5000,0.5000,0.5000,-3.09,17.54,0.390,,1,0,,
45.526,0.5000,0.5000,0.5000,0.5000,-3.11,16.95,0.384,,1,0,,
45.558,0.5000,0.5000,0.5000,0.5000,-3.10,15.98,0.373,,1,0,,
45.589,0.5000,0.5000,0.5000,0.5000,-3.10,16.08,0.372,,1,0,,
45.620,0.5000,0.5000,0.5000,0.5000,-3.13,15.93,0.371,,1,0,,
45.654,0.5000,0.5000,0.5000,0.5000,-3.07,15.82,0.371,,1,0,,
45.685,0.5000,0.5000,0.5000,0.5000,-2.97,16.36,0.371,,1,0,,
45.734,0.5000,0.5000,0.5000,0.5000,-3.41,15.30,0.367,,1,0,,
45.766,0.5000,0.5000,0.5000,0.5000,-3.49,15.27,0.367,,1,0,,
45.792,0.5000,0.5000,0.5000,0.5000,-3.52,15.31,0.368,,1,0,,
45.818,0.5000,0.5000,0.5000,0.5000,-3.44,15.46,0.364,,1,0,,
45.863,0.5000,0.5000,0.5000,0.5000,-3.42,15.65,0.362,,1,0,,
45.895,0.5000,0.5000,0.5000,0.5000,-3.22,15.78,0.362,,1,0,,
45.926,0.5000,0.5000,0.5000,0.5000,-3.23,16.20,0.361,,1,0,,
45.959,0.5000,0.5000,0.5000,0.5000,-3.13,16.72,0.366,,1,0,,
45.990,0.5000,0.5000,0.5000,0.5000,-2.83,16.06,0.365,,1,0,,
46.022,0.5000,0.5000,0.5000,0.5000,-2.81,16.23,0.372,,1,0,,
46.053,0.5000,0.5000,0.5000,0.5000,-2.80,16.45,0.372,,1,0,,
46.088,0.5000,0.5000,0.5000,0.5000,-2.81,16.32,0.369,,1,0,,
46.119,0.5000,0.5000,0.5000,0.5000,-2.83,16.59,0.368,,1,0,,
46.150,0.5000,0.5000,0.5000,0.5000,-2.86,16.36,0.363,,1,0,,
46.182,0.5000,0.5000,0.5000,0.5000,-3.02,16.71,0.364,,1,0,,
46.215,0.5000,0.5000,0.5000,0.5000,-3.09,16.89,0.364,,1,0,,
46.247,0.5000,0.5000,0.5000,0.5000,-3.05,16.77,0.362,,1,0,,
46.279,0.5000,0.5000,0.5000,0.5000,-3.02,16.76,0.361,,1,0,,
46.325,0.5000,0.5000,0.5000,0.5000,-3.00,15.92,0.361,,1,0,,
46.358,0.5000,0.5000,0.5000,0.5000,-3.10,16.94,0.359,,1,0,,
46.390,0.5000,0.5000,0.5000,0.5000,-2.99,17.48,0.360,,1,0,,
46.422,0.5000,0.5000,0.5000,0.5000,-2.82,17.32,0.360,,1,0,,
46.454,0.5000,0.5000,0.5000,0.5000,-3.16,17.17,0.363,,1,0,,
46.486,0.5000,0.5000,0.5000,0.5000,-3.29,17.60,0.363,,1,0,,
46.518,0.5000,0.5000,0.5000,0.5000,-3.53,17.55,0.364,,1,0,,
46.550,0.5000,0.5000,0.5000,0.5000,-3.23,17.35,0.372,,1,0,,
46.583,0.5000,0.5000,0.5000,0.5000,-3.36,17.98,0.372,,1,0,,
46.614,0.5000,0.5000,0.5000,0.5000,-3.49,18.10,0.374,,1,0,,
46.646,0.5000,0.5000,0.5000,0.5000,-3.46,18.06,0.376,,1,0,,
46.678,0.5000,0.5000,0.5000,0.5000,-3.20,16.82,0.377,,1,0,,
46.710,0.5000,0.5000,0.5000,0.5000,-3.14,16.95,0.372,,1,0,,
46.741,0.5000,0.5000,0.5000,0.5000,-3.16,15.83,0.370,,1,0,,
46.773,0.5000,0.5000,0.5000,0.5000,-3.13,15.70,0.367,,1,0,,
46.805,0.5000,0.5000,0.5000,0.5000,-3.46,16.27,0.376,,1,0,,
46.838,0.5000,0.5000,0.5000,0.5000,-3.34,16.41,0.374,,1,0,,
46.887,0.5000,0.5000,0.5000,0.5000,-3.20,16.20,0.372,,1,0,,
46.918,0.5000,0.5000,0.5000,0.5000,-3.23,16.37,0.372,,1,0,,
46.950,0.5000,0.5000,0.5000,0.5000,-3.24,16.29,0.372,,1,0,,
46.981,0.5000,0.5000,0.5000,0.5000,-3.13,15.70,0.374,,1,0,,
47.015,0.5000,0.5000,0.5000,0.5000,-3.18,15.59,0.374,,1,0,,
47.046,0.5000,0.5000,0.5000,0.5000,-3.08,15.70,0.371,,1,0,,
47.079,0.5000,0.5000,0.5000,0.5000,-3.08,16.51,0.373,,1,0,,
47.109,0.5000,0.5000,0.5000,0.5000,-3.15,16.13,0.371,,1,0,,
47.141,0.5000,0.5000,0.5000,0.5000,-3.07,16.82,0.371,,1,0,,
47.173,0.5000,0.5000,0.5000,0.5000,-3.20,17.03,0.371,,1,0,,
47.206,0.5000,0.5000,0.5000,0.5000,-3.22,16.96,0.370,,1,0,,
47.237,0.5000,0.5000,0.5000,0.5000,-3.23,16.63,0.370,,1,0,,
47.269,0.5000,0.5000,0.5000,0.5000,-3.14,17.18,0.370,,1,0,,
47.303,0.5000,0.5000,0.5000,0.5000,-3.18,17.34,0.371,,1,0,,
47.334,0.5000,0.5000,0.5000,0.5000,-3.06,17.01,0.372,,1,0,,
47.366,0.5000,0.5000,0.5000,0.5000,-3.02,16.96,0.372,,1,0,,
47.398,0.5000,0.5000,0.5000,0.5000,-3.08,17.52,0.370,,1,0,,
47.478,0.5000,0.5000,0.5000,0.5000,-3.00,16.72,0.367,,1,0,,
47.504,0.5000,0.5000,0.5000,0.5000,-2.99,16.63,0.365,,1,0,,
47.529,0.5000,0.5000,0.5000,0.5000,-3.15,17.01,0.366,,1,0,,
47.553,0.5000,0.5000,0.5000,0.5000,-3.15,17.02,0.367,,1,0,,
47.579,0.5000,0.5000,0.5000,0.5000,-3.15,17.42,0.368,,1,0,,
47.607,0.5000,0.5000,0.5000,0.5000,-3.29,17.65,0.368,,1,0,,
47.637,0.5000,0.5000,0.5000,0.5000,-3.28,17.32,0.368,,1,0,,
47.670,0.5000,0.5000,0.5000,0.5000,-3.11,17.59,0.368,,1,0,,
47.702,0.5000,0.5000,0.5000,0.5000,-3.33,17.68,0.366,,1,0,,
47.734,0.5000,0.5000,0.5000,0.5000,-3.30,17.76,0.365,,1,0,,
47.766,0.5000,0.5000,0.5000,0.5000,-3.51,17.43,0.373,,1,0,,
47.798,0.5000,0.5000,0.5000,0.5000,-3.22,16.89,0.373,,1,0,,
47.865,0.5000,0.5000,0.5000,0.5000,-3.48,17.03,0.370,,1,0,,
47.894,0.5000,0.5000,0.5000,0.5000,-3.56,17.91,0.369,,1,0,,
47.926,0.5000,0.5000,0.5000,0.5000,-3.43,17.68,0.367,,1,0,,
47.957,0.5000,0.5000,0.5000,0.5000,-3.50,18.18,0.367,,1,0,,
47.990,0.5000,0.5000,0.5000,0.5000,-3.53,17.93,0.368,,1,0,,
48.038,0.5000,0.5000,0.5000,0.5000,-3.59,18.42,0.371,,1,0,,
48.064,0.5000,0.5000,0.5000,0.5000,-3.63,18.34,0.371,,1,0,,
48.089,0.5000,0.5000,0.5000,0.5000,-3.52,18.15,0.371,,1,0,,
48.114,0.5000,0.5000,0.5000,0.5000,-3.57,17.04,0.369,,1,0,,
48.140,0.5000,0.5000,0.5000,0.5000,-3.56,17.13,0.370,,1,0,,
48.167,0.5000,0.5000,0.5000,0.5000,-3.43,16.57,0.372,,1,0,,
48.197,0.5000,0.5000,0.5000,0.5000,-3.18,15.67,0.370,,1,0,,
48.264,0.5000,0.5000,0.5000,0.5000,-3.56,15.98,0.370,,1,0,,
48.294,0.5000,0.5000,0.5000,0.5000,-3.56,15.79,0.373,,1,0,,
48.325,0.5000,0.5000,0.5000,0.5000,-3.47,17.11,0.371,,1,0,,
48.358,0.5000,0.5000,0.5000,0.5000,-3.15,18.24,0.373,,1,0,,
48.389,0.5000,0.5000,0.5000,0.5000,-2.88,18.32,0.372,,1,0,,
48.422,0.5000,0.5000,0.5000,0.5000,-2.94,18.24,0.377,,1,0,,
48.455,0.5000,0.5000,0.5000,0.5000,-3.02,18.80,0.379,,1,0,,
48.485,0.5000,0.5000,0.5000,0.5000,-2.88,19.26,0.388,,1,0,,
48.518,0.5000,0.5000,0.5000,0.5000,-3.00,20.32,0.381,,1,0,,
48.550,0.5000,0.5000,0.5000,0.5000,-3.05,21.11,0.382,,1,0,,
48.599,0.5000,0.5000,0.5000,0.5000,-3.18,20.44,0.383,,1,0,,
48.630,0.5000,0.5000,0.5000,0.5000,-3.29,20.57,0.382,,1,0,,
48.662,0.5000,0.5000,0.5000,0.5000,-3.07,21.21,0.378,,1,0,,
48.694,0.5000,0.5000,0.5000,0.5000,-3.48,19.55,0.369,,1,0,,
48.725,0.5000,0.5000,0.5000,0.5000,-3.32,19.66,0.376,,1,0,,
48.757,0.5000,0.5000,0.5000,0.5000,-3.76,20.86,0.375,,1,0,,
48.789,0.5000,0.5000,0.5000,0.5000,-4.15,20.92,0.375,,1,0,,
48.821,0.5000,0.5000,0.5000,0.5000,-4.01,21.05,0.372,,1,0,,
48.854,0.5000,0.5000,0.5000,0.5000,-3.84,21.36,0.377,,1,0,,
48.886,0.5000,0.5000,0.5000,0.5000,-3.67,19.56,0.384,,1,0,,
48.917,0.5000,0.5000,0.5000,0.5000,-3.69,19.77,0.383,,1,0,,
48.950,0.5000,0.5000,0.5000,0.5000,-3.51,20.17,0.384,,1,0,,
48.982,0.5000,0.5000,0.5000,0.5000,-3.17,19.48,0.375,,1,0,,
49.013,0.5000,0.5000,0.5000,0.5000,-3.09,18.79,0.373,,1,0,,
49.046,0.5000,0.5000,0.5000,0.5000,-2.85,18.93,0.375,,1,0,,
49.081,0.5000,0.5000,0.5000,0.5000,-3.09,18.52,0.378,,1,0,,
49.110,0.5000,0.5000,0.5000,0.5000,-3.16,18.60,0.382,,1,0,,
49.157,0.5000,0.5000,0.5000,0.5000,-2.86,17.27,0.383,,1,0,,
49.189,0.5000,0.5000,0.5000,0.5000,-2.88,17.56,0.379,,1,0,,
49.222,0.5000,0.5000,0.5000,0.5000,-3.01,18.15,0.381,,1,0,,
49.256,0.5000,0.5000,0.5000,0.5000,-3.32,19.63,0.382,,1,0,,
49.285,0.5000,0.5000,0.5000,0.5000,-3.38,19.63,0.380,,1,0,,
49.318,0.5000,0.5000,0.5000,0.5000,-3.33,19.54,0.380,,1,0,,
49.353,0.5000,0.5000,0.5000,0.5000,-3.50,19.00,0.377,,1,0,,
49.381,0.5000,0.5000,0.5000,0.5000,-3.21,18.68,0.376,,1,0,,
49.413,0.5000,0.5000,0.5000,0.5000,-3.39,18.35,0.376,,1,0,,
49.446,0.5000,0.5000,0.5000,0.5000,-3.37,17.89,0.372,,1,0,,
49.477,0.5000,0.5000,0.5000,0.5000,-3.42,17.63,0.373,,1,0,,
49.509,0.5000,0.5000,0.5000,0.5000,-3.34,17.35,0.374,,1,0,,
49.541,0.5000,0.5000,0.5000,0.5000,-3.32,17.38,0.376,,1,0,,
49.573,0.5000,0.5000,0.5000,0.5000,-3.30,17.07,0.376,,1,0,,
49.605,0.5000,0.5000,0.5000,0.5000,-3.21,18.10,0.375,,1,0,,
49.638,0.5000,0.5000,0.5000,0.5000,-3.09,18.20,0.374,,1,0,,
49.670,0.5000,0.5000,0.5000,0.5000,-3.02,18.09,0.375,,1,0,,
49.721,0.5000,0.5000,0.5000,0.5000,-3.19,18.43,0.374,,1,0,,
49.751,0.5000,0.5000,0.5000,0.5000,-3.16,17.98,0.376,,1,0,,
49.783,0.5000,0.5000,0.5000,0.5000,-3.21,18.81,0.381,,1,0,,
49.814,0.5000,0.5000,0.5000,0.5000,-3.15,19.12,0.376,,1,0,,
49.846,0.5000,0.5000,0.5000,0.5000,-3.61,18.83,0.376,,1,0,,
49.878,0.5000,0.5000,0.5000,0.5000,-3.56,19.44,0.377,,1,0,,
49.909,0.5000,0.5000,0.5000,0.5000,-3.42,19.81,0.375,,1,0,,
49.941,0.5000,0.5000,0.5000,0.5000,-3.40,19.31,0.377,,1,0,,
49.974,0.5000,0.5000,0.5000,0.5000,-3.44,19.74,0.384,,1,0,,
50.005,0.5000,0.5000,0.5000,0.5000,-3.46,19.74,0.383,,1,0,,
50.038,0.5000,0.5000,0.5000,0.5000,-3.38,19.43,0.383,,1,0,,
50.069,0.5000,0.5000,0.5000,0.5000,-3.43,19.67,0.380,,1,0,,
50.102,0.5000,0.5000,0.5000,0.5000,-3.39,19.71,0.380,,1,0,,
50.133,0.5000,0.5000,0.5000,0.5000,-3.41,18.60,0.375,,1,0,,
50.166,0.5000,0.5000,0.5000,0.5000,-3.40,19.26,0.375,,1,0,,
50.199,0.5000,0.5000,0.5000,0.5000,-3.37,18.86,0.372,,1,0,,
50.266,0.5000,0.5000,0.5000,0.5000,-3.53,18.87,0.372,,1,0,,
50.310,0.5000,0.5000,0.5000,0.5000,-3.43,19.11,0.373,,1,0,,
50.337,0.5000,0.5000,0.5000,0.5000,-3.36,19.10,0.373,,1,0,,
50.369,0.5000,0.5000,0.5000,0.5000,-3.22,19.06,0.371,,1,0,,
50.394,0.5000,0.5000,0.5000,0.5000,-3.16,18.99,0.371,,1,0,,
50.419,0.5000,0.5000,0.5000,0.5000,-3.10,19.05,0.366,,1,0,,
50.444,0.5000,0.5000,0.5000,0.5000,-3.35,19.87,0.366,,1,0,,
50.470,0.5000,0.5000,0.5000,0.5000,-3.25,19.70,0.365,,1,0,,
50.503,0.5000,0.5000,0.5000,0.5000,-3.15,19.08,0.367,,1,0,,
50.535,0.5000,0.5000,0.5000,0.5000,-3.10,19.04,0.368,,1,0,,
50.566,0.5000,0.5000,0.5000,0.5000,-3.07,18.11,0.368,,1,0,,
50.597,0.5000,0.5000,0.5000,0.5000,-3.05,18.58,0.365,,1,0,,
50.665,0.5000,0.5000,0.5000,0.5000,-3.16,18.68,0.367,,1,0,,
50.693,0.5000,0.5000,0.5000,0.5000,-3.15,18.99,0.367,,1,0,,
50.726,0.5000,0.5000,0.5000,0.5000,-3.12,18.96,0.369,,1,0,,
50.757,0.5000,0.5000,0.5000,0.5000,-3.11,18.57,0.370,,1,0,,
50.789,0.5000,0.5000,0.5000,0.5000,-3.17,19.21,0.368,,1,0,,
50.823,0.5000,0.5000,0.5000,0.5000,-3.28,19.62,0.371,,1,0,,
50.870,0.5000,0.5000,0.5000,0.5000,-3.61,19.48,0.371,,1,0,,
50.904,0.5000,0.5000,0.5000,0.5000,-3.62,18.92,0.370,,1,0,,
50.929,0.5000,0.5000,0.5000,0.5000,-3.59,18.80,0.371,,1,0,,
50.954,0.5000,0.5000,0.5000,0.5000,-3.57,18.79,0.369,,1,0,,
50.979,0.5000,0.5000,0.5000,0.5000,-3.44,18.62,0.370,,1,0,,
51.005,0.5000,0.5000,0.5000,0.5000,-3.38,18.32,0.370,,1,0,,
51.062,0.5000,0.5000,0.5000,0.5000,-2.78,18.03,0.371,,1,0,,
51.094,0.5000,0.5000,0.5000,0.5000,-2.76,17.91,0.370,,1,0,,
51.125,0.5000,0.5000,0.5000,0.5000,-2.79,17.82,0.364,,1,0,,
51.157,0.5000,0.5000,0.5000,0.5000,-2.78,17.96,0.368,,1,0,,
51.190,0.5000,0.5000,0.5000,0.5000,-3.29,18.31,0.370,,1,0,,
51.222,0.5000,0.5000,0.5000,0.5000,-3.27,18.36,0.369,,1,0,,
51.254,0.5000,0.5000,0.5000,0.5000,-3.59,18.29,0.368,,1,0,,
51.286,0.5000,0.5000,0.5000,0.5000,-3.62,18.78,0.365,,1,0,,
51.318,0.5000,0.5000,0.5000,0.5000,-3.78,18.33,0.350,,1,0,,
51.351,0.5000,0.5000,0.5000,0.5000,-3.68,17.78,0.333,,1,0,,
51.383,0.5000,0.5000,0.5000,0.5000,-3.54,17.85,0.322,,1,0,,
51.430,0.5000,0.5000,0.5000,0.5000,-3.61,17.73,0.302,,1,0,,
51.462,0.5000,0.5000,0.5000,0.5000,-3.58,18.06,0.305,,1,0,,
51.494,0.5000,0.5000,0.5000,0.5000,-3.30,18.10,0.302,,1,0,,
51.526,0.5000,0.5000,0.5000,0.5000,-3.15,17.16,0.301,,1,0,,
51.557,0.5000,0.5000,0.5000,0.5000,-3.20,17.45,0.303,,1,0,,
51.590,0.5000,0.5000,0.5000,0.5000,-3.18,17.36,0.300,,1,0,,
51.622,0.5000,0.5000,0.5000,0.5000,-3.14,17.27,0.298,,1,0,,
51.653,0.5000,0.5000,0.5000,0.5000,-3.29,16.51,0.298,,1,0,,
51.686,0.5000,0.5000,0.5000,0.5000,-3.24,16.81,0.294,,1,0,,
51.718,0.5000,0.5000,0.5000,0.5000,-3.36,17.27,0.293,,1,0,,
51.749,0.5000,0.5000,0.5000,0.5000,-3.43,17.60,0.290,,1,0,,
51.782,0.5000,0.5000,0.5000,0.5000,-3.37,17.85,0.289,,1,0,,
51.814,0.5000,0.5000,0.5000,0.5000,-3.45,17.16,0.288,,1,0,,
51.845,0.5000,0.5000,0.5000,0.5000,-3.32,16.76,0.288,,1,0,,
51.878,0.5000,0.5000,0.5000,0.5000,-3.23,17.07,0.288,,1,0,,
51.910,0.5000,0.5000,0.5000,0.5000,-3.33,17.69,0.291,,1,0,,
51.941,0.5000,0.5000,0.5000,0.5000,-3.24,17.98,0.292,,1,0,,
51.989,0.5000,0.5000,0.5000,0.5000,-3.41,17.51,0.290,,1,0,,
52.022,0.5000,0.5000,0.5000,0.5000,-3.45,17.21,0.288,,1,0,,
52.055,0.5000,0.5000,0.5000,0.5000,-3.52,17.41,0.285,,1,0,,
52.086,0.5000,0.5000,0.5000,0.5000,-3.51,17.06,0.284,,1,0,,
52.117,0.5000,0.5000,0.5000,0.5000,-3.63,17.59,0.283,,1,0,,
52.151,0.5000,0.5000,0.5000,0.5000,-3.47,18.17,0.286,,1,0,,
52.183,0.5000,0.5000,0.5000,0.5000,-3.57,18.40,0.287,,1,0,,
52.214,0.5000,0.5000,0.5000,0.5000,-3.36,18.41,0.282,,1,0,,
52.247,0.5000,0.5000,0.5000,0.5000,-3.39,17.88,0.281,,1,0,,
52.278,0.5000,0.5000,0.5000,0.5000,-3.40,17.81,0.279,,1,0,,
52.311,0.5000,0.5000,0.5000,0.5000,-3.40,16.62,0.281,,1,0,,
52.342,0.5000,0.5000,0.5000,0.5000,-3.44,16.32,0.288,,1,0,,
52.373,0.5000,0.5000,0.5000,0.5000,-3.38,17.08,0.296,,1,0,,
52.407,0.5000,0.5000,0.5000,0.5000,-3.24,17.26,0.299,,1,0,,
52.439,0.5000,0.5000,0.5000,0.5000,-3.30,17.18,0.292,,1,0,,
52.469,0.5000,0.5000,0.5000,0.5000,-3.68,16.23,0.290,,1,0,,
52.503,0.5000,0.5000,0.5000,0.5000,-2.98,15.99,0.288,,1,0,,
52.535,0.5000,0.5000,0.5000,0.5000,-2.98,15.98,0.283,,1,0,,
52.583,0.5000,0.5000,0.5000,0.5000,-2.99,16.33,0.285,,1,0,,
52.615,0.5000,0.5000,0.5000,0.5000,-2.96,16.61,0.296,,1,0,,
52.646,0.5000,0.5000,0.5000,0.5000,-3.07,16.41,0.297,,1,0,,
52.678,0.5000,0.5000,0.5000,0.5000,-3.01,15.85,0.286,,1,0,,
52.710,0.5000,0.5000,0.5000,0.5000,-2.85,15.80,0.284,,1,0,,
52.741,0.5000,0.5000,0.5000,0.5000,-2.87,15.92,0.286,,1,0,,
52.773,0.5000,0.5000,0.5000,0.5000,-2.87,16.00,0.286,,1,0,,
52.805,0.5000,0.5000,0.5000,0.5000,-2.72,16.01,0.281,,1,0,,
52.838,0.5000,0.5000,0.5000,0.5000,-2.77,16.30,0.283,,1,0,,
52.870,0.5000,0.5000,0.5000,0.5000,-2.78,16.43,0.284,,1,0,,
52.901,0.5000,0.5000,0.5000,0.5000,-2.90,16.05,0.280,,1,0,,
52.933,0.5000,0.5000,0.5000,0.5000,-2.88,16.72,0.284,,1,0,,
52.966,0.5000,0.5000,0.5000,0.5000,-2.98,16.40,0.285,,1,0,,
53.000,0.5000,0.5000,0.5000,0.5000,-2.92,16.09,0.291,,1,0,,
53.061,0.5000,0.5000,0.5000,0.5000,-2.98,15.80,0.289,,1,0,,
53.094,0.5000,0.5000,0.5000,0.5000,-3.06,15.95,0.285,,1,0,,
53.144,0.5000,0.5000,0.5000,0.5000,-3.13,16.20,0.278,,1,0,,
53.174,0.5000,0.5000,0.5000,0.5000,-2.98,16.44,0.282,,1,0,,
53.201,0.5000,0.5000,0.5000,0.5000,-2.88,16.37,0.284,,1,0,,
53.225,0.5000,0.5000,0.5000,0.5000,-3.33,16.75,0.281,,1,0,,
53.250,0.5000,0.5000,0.5000,0.5000,-3.70,17.11,0.287,,1,0,,
53.276,0.5000,0.5000,0.5000,0.5000,-3.70,17.41,0.288,,1,0,,
53.302,0.5000,0.5000,0.5000,0.5000,-3.78,17.28,0.292,,1,0,,
53.333,0.5000,0.5000,0.5000,0.5000,-3.49,18.22,0.286,,1,0,,
53.365,0.5000,0.5000,0.5000,0.5000,-3.58,17.77,0.280,,1,0,,
53.398,0.5000,0.5000,0.5000,0.5000,-3.59,17.74,0.277,,1,0,,
53.465,0.5000,0.5000,0.5000,0.5000,-2.96,14.72,0.270,,1,0,,
53.494,0.5000,0.5000,0.5000,0.5000,-2.92,14.79,0.273,,1,0,,
53.525,0.5000,0.5000,0.5000,0.5000,-2.61,14.59,0.273,,1,0,,
53.558,0.5000,0.5000,0.5000,0.5000,-2.63,14.05,0.283,,1,0,,
53.589,0.5000,0.5000,0.5000,0.5000,-2.77,14.46,0.281,,1,0,,
53.621,0.5000,0.5000,0.5000,0.5000,-2.83,15.24,0.286,,1,0,,
53.654,0.5000,0.5000,0.5000,0.5000,-3.00,16.92,0.288,,1,0,,
53.702,0.5000,0.5000,0.5000,0.5000,-2.90,17.62,0.283,,1,0,,
53.736,0.5000,0.5000,0.5000,0.5000,-2.74,15.90,0.278,,1,0,,
53.761,0.5000,0.5000,0.5000,0.5000,-2.73,15.21,0.277,,1,0,,
53.785,0.5000,0.5000,0.5000,0.5000,-2.82,15.74,0.276,,1,0,,
53.810,0.5000,0.5000,0.5000,0.5000,-3.35,15.07,0.258,,1,0,,
53.863,0.5000,0.5000,0.5000,0.5000,-3.35,16.95,0.245,,1,0,,
53.893,0.5000,0.5000,0.5000,0.5000,-3.33,16.62,0.240,,1,0,,
53.925,0.5000,0.5000,0.5000,0.5000,-2.90,17.41,0.241,,1,0,,
53.957,0.5000,0.5000,0.5000,0.5000,-2.96,16.44,0.240,,1,0,,
53.990,0.5000,0.5000,0.5000,0.5000,-2.92,17.26,0.249,,1,0,,
54.046,0.4615,0.9115,0.4615,0.9115,-3.29,17.89,0.242,,1,1,2.524,0.0427
54.071,0.4835,0.9159,0.5763,0.9345,-3.46,17.31,0.240,,1,1,2.524,0.0427
54.098,0.5118,0.9195,0.6182,0.9337,-3.78,16.98,0.229,,1,1,2.524,0.0427
54.123,0.5121,0.9220,0.5134,0.9324,-3.74,17.07,0.229,,1,1,2.524,0.0427
54.150,0.5131,0.9136,0.5166,0.8808,-3.86,17.47,0.236,,1,1,2.524,0.0427
54.183,0.5108,0.9094,0.5037,0.8958,-3.87,17.17,0.253,,1,1,2.524,0.0427
54.219,0.5106,0.8921,0.5101,0.8417,-4.14,19.00,0.251,,1,1,2.524,0.0427
54.249,0.5045,0.8884,0.4829,0.8754,-3.71,19.43,0.252,,1,1,2.524,0.0427
54.294,0.5158,0.9249,0.5421,1.0098,-3.68,18.80,0.258,,1,1,2.524,0.0427
54.326,0.5125,0.9167,0.5016,0.8890,-3.63,19.36,0.253,,1,1,2.524,0.0427
54.359,0.5045,0.9313,0.4791,0.9768,-3.64,18.56,0.259,,1,1,2.524,0.0427
54.391,0.5010,0.9354,0.4897,0.9487,-3.45,18.66,0.257,,1,1,2.524,0.0427
54.422,0.4999,0.9445,0.4961,0.9761,-3.36,19.18,0.249,,1,1,2.524,0.0427
54.454,0.5051,0.9659,0.5221,1.0341,-3.34,19.73,0.245,,1,1,2.524,0.0427
54.485,0.5079,0.9842,0.5173,1.0442,-3.71,18.99,0.251,,1,1,2.524,0.0427
54.519,0.5041,0.9887,0.4920,1.0024,-3.86,19.10,0.247,,1,1,2.524,0.0427
54.549,0.5019,0.9904,0.4944,0.9962,-3.86,19.06,0.252,,1,1,2.524,0.0427
54.582,0.4974,1.0000,0.4830,1.0881,-4.06,19.75,0.249,,1,1,2.524,0.0427
54.614,0.5115,1.0000,0.5584,1.2199,-4.14,19.20,0.238,,1,1,2.524,0.0427
54.646,0.5083,1.0000,0.4979,1.0344,-3.92,20.26,0.278,,1,1,2.524,0.0427
54.679,0.5109,0.9040,0.5191,0.5465,-4.24,21.80,0.351,,1,1,2.524,0.0427
54.713,0.5187,0.7705,0.5436,0.3955,-4.44,21.45,0.379,,1,1,2.524,0.0427
54.743,0.5304,0.6445,0.5702,0.2809,-4.52,21.38,0.417,,1,1,2.524,0.0427
54.774,0.5298,0.5176,0.5275,0.1688,-4.35,20.38,0.425,,1,1,2.524,0.0427
54.806,0.5315,0.4311,0.5373,0.2057,-4.46,19.11,0.415,,1,1,2.524,0.0427
54.853,0.5444,0.3309,0.5729,0.1494,-4.32,19.97,0.424,,1,1,2.524,0.0427
54.885,0.5421,0.2903,0.5346,0.1807,-4.60,19.55,0.422,,1,1,2.524,0.0427
54.918,0.5496,0.2315,0.5735,0.0749,-4.70,21.00,0.432,,1,1,2.524,0.0427
54.949,0.5556,0.1867,0.5757,0.0636,-4.40,20.91,0.436,,1,1,2.524,0.0427
54.983,0.5592,0.1559,0.5701,0.0754,-4.39,20.82,0.432,,1,1,2.524,0.0427
55.016,0.5446,0.0998,0.4981,-0.2481,-4.32,22.72,0.440,,1,1,2.524,0.0427
55.048,0.5455,0.1119,0.5482,0.1466,-4.45,18.90,0.441,,1,1,2.524,0.0427
55.077,0.5472,0.0985,0.5537,0.0559,-4.34,19.83,0.446,,1,1,2.524,0.0427
55.110,0.5519,0.0815,0.5670,0.0325,-4.04,19.77,0.452,,1,1,2.524,0.0427
55.141,0.5446,0.0853,0.5201,0.0967,-4.05,19.45,0.453,,1,1,2.524,0.0427
55.174,0.5464,0.1194,0.5522,0.2244,-4.34,20.03,0.444,,1,1,2.524,0.0427
55.206,0.5462,0.1301,0.5455,0.1631,-4.36,19.98,0.446,,1,1,2.524,0.0427
55.238,0.5418,0.1618,0.5272,0.2665,-4.09,20.03,0.449,,1,1,2.524,0.0427
55.270,0.5409,0.1853,0.5379,0.2617,-4.25,20.06,0.445,,1,1,2.524,0.0427
55.302,0.5444,0.1828,0.5564,0.1742,-4.27,19.66,0.443,,1,1,2.524,0.0427
55.335,0.5907,0.1797,0.7341,0.1698,-4.35,19.86,0.446,,1,1,2.524,0.0427
55.367,0.6307,0.1769,0.7564,0.1676,-4.29,19.07,0.442,,1,1,2.524,0.0427
55.414,0.6925,0.1777,0.8233,0.1795,-4.09,17.02,0.448,,1,1,2.524,0.0427
55.448,0.7222,0.1721,0.8067,0.1550,-4.22,17.15,0.454,,1,1,2.524,0.0427
55.480,0.7431,0.1645,0.8073,0.1396,-4.27,17.27,0.457,,1,1,2.524,0.0427
55.510,0.7571,0.1607,0.8028,0.1476,-4.13,17.31,0.463,,1,1,2.524,0.0427
55.541,0.7670,0.1560,0.7985,0.1399,-3.97,17.44,0.467,,1,1,2.524,0.0427
55.574,0.7759,0.1504,0.8032,0.1325,-4.27,18.81,0.471,,1,1,2.524,0.0427
55.610,0.7848,0.1350,0.8092,0.0908,-4.34,19.64,0.478,,1,1,2.524,0.0427
55.641,0.7913,0.1306,0.8124,0.1158,-4.29,19.24,0.482,,1,1,2.524,0.0427
55.670,0.7987,0.1247,0.8245,0.1034,-4.20,18.42,0.488,,1,1,2.524,0.0427
55.702,0.8154,0.1183,0.8679,0.0977,-4.22,17.87,0.487,,1,1,2.524,0.0427
55.734,0.8277,0.1064,0.8660,0.0681,-4.35,18.13,0.488,,1,1,2.524,0.0427
55.767,0.8449,0.0898,0.8974,0.0384,-4.49,17.64,0.489,,1,1,2.524,0.0427
55.800,0.8637,0.0757,0.9203,0.0323,-4.35,18.17,0.490,,1,1,2.524,0.0427
55.874,0.8775,0.0707,0.8965,0.0638,-4.47,18.36,0.488,,1,1,2.524,0.0427
55.902,0.8779,0.0612,0.8794,0.0265,-4.64,18.24,0.487,,1,1,2.524,0.0427
55.930,0.8760,0.0605,0.8687,0.0577,-4.56,18.27,0.487,,1,1,2.524,0.0427
55.975,0.8792,0.0568,0.8867,0.0484,-4.43,18.07,0.497,,1,1,2.524,0.0427
56.009,0.8816,0.0610,0.8888,0.0733,-4.23,18.61,0.497,,1,1,2.524,0.0427
56.034,0.8820,0.0611,0.8834,0.0618,-4.19,18.63,0.499,,1,1,2.524,0.0427
56.060,0.8870,0.0625,0.9067,0.0679,-4.33,18.61,0.496,,1,1,2.524,0.0427
56.086,0.8895,0.0600,0.8994,0.0499,-4.47,18.60,0.495,,1,1,2.524,0.0427
56.113,0.8931,0.0547,0.9075,0.0338,-4.35,18.22,0.486,,1,1,2.524,0.0427
56.140,0.9092,0.0876,0.9703,0.2150,-4.01,17.29,0.409,,1,1,2.524,0.0427
56.166,0.9092,0.0876,,,-3.35,16.56,0.296,,1,1,2.524,0.0427
56.199,0.9092,0.0876,,,-3.01,16.86,0.278,,1,1,2.524,0.0427
56.264,0.9092,0.0876,,,-2.70,16.90,0.309,,1,1,2.524,0.0427
56.294,0.9092,0.0876,,,-2.89,17.47,0.322,,1,1,2.524,0.0427
56.326,0.9092,0.0876,,,-3.21,17.74,0.323,,1,1,2.524,0.0427
56.359,0.9092,0.0876,,,-3.27,17.34,0.326,,1,1,2.524,0.0427
56.389,0.9092,0.0876,,,-3.18,17.20,0.319,,1,1,2.524,0.0427
56.422,0.9092,0.0876,,,-3.52,17.20,0.312,,1,1,2.524,0.0427
56.454,0.9092,0.0876,,,-3.70,17.41,0.317,,1,1,2.524,0.0427
56.486,0.9092,0.0876,,,-3.66,17.35,0.324,,1,1,2.524,0.0427
56.518,0.9092,0.0876,,,-3.47,17.71,0.326,,1,1,2.524,0.0427
56.566,0.9092,0.0876,,,-3.31,16.98,0.325,,1,1,2.524,0.0427
56.592,0.9092,0.0876,,,-3.27,16.86,0.326,,1,1,2.524,0.0427
56.616,0.9092,0.0876,,,-3.20,16.73,0.330,,1,1,2.524,0.0427
56.662,0.9092,0.0876,,,-3.27,16.07,0.329,,1,1,2.524,0.0427
56.693,0.9092,0.0876,,,-3.10,15.68,0.323,,1,1,2.524,0.0427
56.726,0.9092,0.0876,,,-3.01,15.71,0.282,,1,1,2.524,0.0427
56.757,0.9092,0.0876,,,-3.18,13.81,0.212,,1,1,2.524,0.0427
56.789,0.9092,0.0876,,,-3.16,11.68,0.142,,1,1,2.524,0.0427
56.821,0.9092,0.0876,,,-3.13,11.89,0.154,,1,1,2.524,0.0427
56.853,0.9092,0.0876,,,-3.05,11.78,0.162,,1,1,2.524,0.0427
56.885,0.9092,0.0876,,,-2.93,11.70,0.168,,1,1,2.524,0.0427
56.917,0.9092,0.0876,,,-2.81,11.92,0.189,,1,1,2.524,0.0427
56.951,0.9092,0.0876,,,-2.94,12.51,0.194,,1,1,2.524,0.0427
56.982,0.9092,0.0876,,,-2.93,13.41,0.213,,1,1,2.524,0.0427
57.016,0.9092,0.0876,,,-2.97,13.72,0.232,,1,1,2.524,0.0427
57.048,0.9092,0.0876,,,-3.04,13.94,0.255,,1,1,2.524,0.0427
57.077,0.9092,0.0876,,,-3.17,13.94,0.276,,1,1,2.524,0.0427
57.127,0.7887,0.6046,0.7631,0.7106,-3.56,14.42,0.291,,1,1,2.524,0.0427
57.160,0.7807,0.6242,0.7554,0.6844,-3.53,14.88,0.296,,1,1,2.524,0.0427
57.189,0.7758,0.6344,0.7581,0.6696,-3.64,15.42,0.308,,1,1,2.524,0.0427
57.222,0.7726,0.6427,0.7623,0.6686,-3.56,15.18,0.309,,1,1,2.524,0.0427
57.253,0.7594,0.6386,0.7160,0.6255,-3.69,16.66,0.317,,1,1,2.524,0.0427
57.286,0.7171,0.6056,0.5854,0.4987,-3.82,17.77,0.380,,1,1,2.524,0.0427
57.318,0.6771,0.5398,0.5518,0.3296,-4.23,18.30,0.435,,1,1,2.524,0.0427
57.352,0.6383,0.4651,0.5257,0.2500,-4.51,18.18,0.467,,1,1,2.524,0.0427
57.381,0.6097,0.4227,0.5152,0.2847,-4.69,17.49,0.477,,1,1,2.524,0.0427
57.416,0.5900,0.3685,0.5343,0.2200,-4.71,18.12,0.489,,1,1,2.524,0.0427
57.447,0.5766,0.3358,0.5347,0.2372,-4.89,18.39,0.490,,1,1,2.524,0.0427
57.478,0.5690,0.3257,0.5447,0.2945,-4.94,18.13,0.493,,1,1,2.524,0.0427
57.511,0.5676,0.3056,0.5635,0.2474,-4.74,17.77,0.490,,1,1,2.524,0.0427
57.543,0.5649,0.2872,0.5563,0.2310,-4.80,18.09,0.483,,1,1,2.524,0.0427
57.574,0.5638,0.2720,0.5600,0.2251,-4.79,18.42,0.480,,1,1,2.524,0.0427
57.605,0.5619,0.2638,0.5558,0.2380,-4.81,18.56,0.479,,1,1,2.524,0.0427
57.639,0.5582,0.2541,0.5471,0.2256,-4.96,18.15,0.483,,1,1,2.524,0.0427
57.689,0.5489,0.2438,0.5298,0.2236,-4.96,18.15,0.485,,1,1,2.524,0.0427
57.718,0.5463,0.2547,0.5373,0.2927,-5.29,16.79,0.482,,1,1,2.524,0.0427
57.750,0.5431,0.2555,0.5328,0.2580,-5.17,17.52,0.481,,1,1,2.524,0.0427
57.781,0.5389,0.2537,0.5247,0.2475,-5.16,17.97,0.481,,1,1,2.524,0.0427
57.815,0.5360,0.2567,0.5272,0.2660,-5.26,18.05,0.480,,1,1,2.524,0.0427
57.847,0.5435,0.2701,0.5683,0.3141,-4.93,16.65,0.478,,1,1,2.524,0.0427
57.878,0.5464,0.2753,0.5563,0.2931,-4.91,16.48,0.476,,1,1,2.524,0.0427
57.911,0.5487,0.2797,0.5560,0.2938,-4.91,17.43,0.476,,1,1,2.524,0.0427
57.941,0.5521,0.2772,0.5642,0.2684,-4.82,17.46,0.477,,1,1,2.524,0.0427
57.973,0.5557,0.2771,0.5672,0.2769,-4.83,17.53,0.477,,1,1,2.524,0.0427
58.008,0.5607,0.2839,0.5762,0.3046,-4.97,17.66,0.477,,1,1,2.524,0.0427
58.039,0.5595,0.2839,0.5554,0.2842,-4.90,17.50,0.477,,1,1,2.524,0.0427
58.070,0.5597,0.2799,0.5604,0.2660,-4.77,17.97,0.481,,1,1,2.524,0.0427
58.104,0.6165,0.2398,0.7873,0.1178,-4.73,17.28,0.477,,1,1,2.524,0.0427
58.133,0.6797,0.1917,0.8881,0.0299,-4.69,16.96,0.485,,1,1,2.524,0.0427
58.166,0.7333,0.1472,0.8911,0.0136,-4.69,16.62,0.488,,1,1,2.524,0.0427
58.200,0.7797,0.1062,0.9110,-0.0122,-4.64,16.79,0.492,,1,1,2.524,0.0427
58.279,0.8092,0.0995,0.8452,0.0912,-4.87,16.84,0.500,,1,1,2.524,0.0427
58.308,0.8155,0.1019,0.8375,0.1102,-4.95,17.17,0.500,,1,1,2.524,0.0427
58.334,0.8392,0.0850,0.9270,0.0206,-4.82,15.58,0.506,,1,1,2.524,0.0427
58.362,0.8597,0.0553,0.9314,-0.0541,-5.11,15.33,0.516,,1,1,2.524,0.0427
58.387,0.8735,0.0334,0.9258,-0.0789,-5.06,14.68,0.521,,1,1,2.524,0.0427
58.415,0.8915,0.0151,0.9551,-0.1052,-4.99,14.67,0.530,,1,1,2.524,0.0427
58.443,0.9047,0.0003,0.9496,-0.0862,-4.86,15.16,0.531,,1,1,2.524,0.0427
58.471,0.9174,0.0000,0.9630,-0.0882,-4.92,15.68,0.531,,1,1,2.524,0.0427
58.502,0.9228,0.0000,0.9397,-0.0643,-4.97,15.75,0.526,,1,1,2.524,0.0427
58.534,0.9265,0.0000,0.9379,-0.0863,-5.09,15.32,0.526,,1,1,2.524,0.0427
58.566,0.9267,0.0000,0.9272,-0.1056,-5.16,14.68,0.527,,1,1,2.524,0.0427
58.598,0.9344,0.0000,0.9587,-0.0681,-5.03,15.87,0.525,,1,1,2.524,0.0427
58.663,0.9761,0.0000,1.0408,-0.1629,-5.19,15.01,0.508,,1,1,2.524,0.0427
58.695,0.9927,0.0000,1.0438,-0.0740,-4.84,15.75,0.470,,1,1,2.524,0.0427
58.725,0.9927,0.0000,,,-3.98,16.84,0.331,,1,1,2.524,0.0427
58.759,0.9927,0.0000,,,-3.79,15.15,0.196,,1,1,2.524,0.0427
58.791,0.9927,0.0000,,,-3.31,14.21,0.177,,1,1,2.524,0.0427
58.838,0.9927,0.0000,,,-3.51,13.48,0.218,,1,1,2.524,0.0427
58.870,0.9927,0.0000,,,-3.44,14.98,0.235,,1,1,2.524,0.0427
58.897,0.9927,0.0000,,,-3.47,15.39,0.253,,1,1,2.524,0.0427
58.924,0.9927,0.0000,,,-3.53,15.50,0.277,,1,1,2.524,0.0427
58.949,0.9927,0.0000,,,-3.45,15.52,0.290,,1,1,2.524,0.0427
58.977,0.9927,0.0000,,,-3.49,15.26,0.299,,1,1,2.524,0.0427
59.004,0.9927,0.0000,,,-3.48,15.09,0.305,,1,1,2.524,0.0427
59.061,0.9927,0.0000,,,-3.44,15.13,0.314,,1,1,2.524,0.0427
59.094,0.9927,0.0000,,,-3.35,14.90,0.319,,1,1,2.524,0.0427
59.126,0.9927,0.0000,,,-3.35,15.26,0.321,,1,1,2.524,0.0427
59.157,0.9927,0.0000,,,-3.49,15.66,0.325,,1,1,2.524,0.0427
59.189,0.9927,0.0000,,,-3.28,15.17,0.327,,1,1,2.524,0.0427
59.222,0.9927,0.0000,,,-3.23,15.41,0.336,,1,1,2.524,0.0427
59.254,0.8263,0.3149,0.7911,0.3900,-4.02,16.12,0.419,,1,1,2.524,0.0427
59.286,0.8130,0.2462,0.7692,0.0265,-4.76,17.27,0.513,,1,1,2.524,0.0427
59.318,0.8303,0.1722,0.8863,-0.1434,-5.14,15.93,0.533,,1,1,2.524,0.0427
59.352,0.8705,0.1143,0.9926,-0.2613,-5.38,14.91,0.529,,1,1,2.524,0.0427
59.399,0.8865,0.0599,0.9211,-0.1917,-5.43,14.73,0.532,,1,1,2.524,0.0427
59.431,0.9051,0.0327,0.9655,-0.1474,-5.41,14.68,0.528,,1,1,2.524,0.0427
59.464,0.9200,0.0112,0.9647,-0.1272,-5.53,16.40,0.531,,1,1,2.524,0.0427
59.495,0.9260,0.0000,0.9464,-0.0712,-5.15,16.73,0.532,,1,1,2.524,0.0427
59.526,0.9315,0.0000,0.9493,-0.0693,-5.04,16.13,0.525,,1,1,2.524,0.0427
59.558,0.9274,0.0000,0.9142,-0.0163,-5.04,16.63,0.519,,1,1,2.524,0.0427
59.590,0.9296,0.0000,0.9367,-0.0432,-5.14,16.35,0.519,,1,1,2.524,0.0427
59.623,0.9342,0.0000,0.9487,-0.0481,-5.17,15.97,0.515,,1,1,2.524,0.0427
59.655,0.9353,0.0000,0.9388,-0.0629,-5.22,15.49,0.517,,1,1,2.524,0.0427
59.686,0.9374,0.0000,0.9445,-0.0625,-5.22,15.24,0.516,,1,1,2.524,0.0427
59.718,0.9349,0.0000,0.9270,-0.0432,-5.19,15.61,0.516,,1,1,2.524,0.0427
59.750,0.9317,0.0000,0.9210,0.0128,-4.94,16.03,0.455,,1,1,2.524,0.0427
59.783,0.9285,0.0000,0.9184,0.0800,-4.42,15.96,0.408,,1,1,2.524,0.0427
59.813,0.9320,0.0237,0.9440,0.1092,-4.25,16.19,0.410,,1,1,2.524,0.0427
59.847,0.9383,0.0449,0.9580,0.1104,-4.12,15.62,0.396,,1,1,2.524,0.0427
59.878,0.9368,0.0742,0.9317,0.1690,-3.70,16.01,0.368,,1,1,2.524,0.0427
59.910,0.9368,0.0742,,,-3.72,16.22,0.281,,1,1,2.524,0.0427
59.958,0.9368,0.0742,,,-3.44,15.35,0.254,,1,1,2.524,0.0427
59.992,0.9368,0.0742,,,-3.27,15.85,0.275,,1,1,2.524,0.0427
60.021,0.9368,0.0742,,,-3.24,16.31,0.297,,1,1,2.524,0.0427
60.053,0.9368,0.0742,,,-3.48,15.91,0.311,,1,1,2.524,0.0427
60.086,0.9368,0.0742,,,-3.50,15.69,0.322,,1,1,2.524,0.0427
60.118,0.8401,0.5081,0.7978,0.6874,-3.63,16.00,0.334,,1,1,2.524,0.0427
60.149,0.8324,0.5487,0.8065,0.6764,-3.62,15.86,0.362,,1,1,2.524,0.0427
60.183,0.8315,0.5852,0.8288,0.6883,-3.65,15.99,0.361,,1,1,2.524,0.0427
60.214,0.8327,0.5922,0.8369,0.6149,-3.69,15.16,0.361,,1,1,2.524,0.0427
60.247,0.8321,0.5990,0.8300,0.6189,-3.69,15.21,0.361,,1,1,2.524,0.0427
60.279,0.8296,0.6141,0.8212,0.6611,-3.64,15.29,0.363,,1,1,2.524,0.0427
60.311,0.8278,0.6348,0.8220,0.6997,-3.63,15.53,0.366,,1,1,2.524,0.0427
60.343,0.8232,0.6417,0.8080,0.6633,-4.05,15.36,0.358,,1,1,2.524,0.0427
60.373,0.8183,0.6428,0.8013,0.6461,-4.05,15.47,0.359,,1,1,2.524,0.0427
60.404,0.8178,0.6399,0.8163,0.6308,-4.00,14.79,0.359,,1,1,2.524,0.0427
60.438,0.8139,0.6322,0.8014,0.6081,-4.08,15.19,0.358,,1,1,2.524,0.0427
60.469,0.8143,0.6290,0.8155,0.6186,-3.94,15.14,0.355,,1,1,2.524,0.0427
60.519,0.8163,0.6121,0.8208,0.5760,-3.99,14.06,0.341,,1,1,2.524,0.0427
60.555,0.8153,0.6318,0.8125,0.6882,-3.64,14.06,0.333,,1,1,2.524,0.0427
60.591,0.8130,0.6465,0.8060,0.6892,-3.65,14.06,0.330,,1,1,2.524,0.0427
60.621,0.8036,0.6458,0.7712,0.6432,-3.99,14.55,0.327,,1,1,2.524,0.0427
60.646,0.7971,0.6427,0.7706,0.6303,-3.92,14.27,0.328,,1,1,2.524,0.0427
60.679,0.8033,0.6356,0.8230,0.6129,-3.76,14.10,0.328,,1,1,2.524,0.0427
60.711,0.8133,0.6203,0.8466,0.5699,-3.67,12.84,0.321,,1,1,2.524,0.0427
60.743,0.8242,0.6081,0.8605,0.5670,-3.76,13.31,0.318,,1,1,2.524,0.0427
60.774,0.8320,0.6137,0.8579,0.6326,-3.90,14.57,0.317,,1,1,2.524,0.0427
60.805,0.8320,0.6137,,,-4.02,14.27,0.312,,1,1,2.524,0.0427
60.837,0.8320,0.6137,,,-3.82,13.08,0.307,,1,1,2.524,0.0427
60.870,0.8320,0.6137,,,-3.89,11.71,0.287,,1,1,2.524,0.0427
60.903,0.8320,0.6137,,,-3.76,12.29,0.290,,1,1,2.524,0.0427
60.934,0.8320,0.6137,,,-3.73,10.82,0.247,,1,1,2.524,0.0427
60.965,0.8320,0.6137,,,-3.88,7.56,0.188,,1,1,2.524,0.0427
60.998,0.8320,0.6137,,,-3.85,7.63,0.162,,1,1,2.524,0.0427
61.064,0.8320,0.6137,,,-4.34,5.10,0.181,,1,1,2.524,0.0427
61.109,0.8320,0.6137,,,-4.31,5.35,0.192,,1,1,2.524,0.0427
61.141,0.8320,0.6137,,,-4.25,5.85,0.198,,1,1,2.524,0.0427
61.167,0.8320,0.6137,,,-4.20,6.16,0.200,,1,1,2.524,0.0427
61.191,0.8320,0.6137,,,-4.20,3.11,0.209,,1,1,2.524,0.0427
61.217,0.8320,0.6137,,,-4.33,1.70,0.212,,1,1,2.524,0.0427
61.242,0.8320,0.6137,,,-4.24,4.35,0.213,,1,1,2.524,0.0427
61.272,0.8320,0.6137,,,-4.29,4.76,0.217,,1,1,2.524,0.0427
61.303,0.8320,0.6137,,,-4.12,3.93,0.223,,1,1,2.524,0.0427
61.334,0.8320,0.6137,,,-3.99,3.84,0.235,,1,1,2.524,0.0427
61.366,1.0000,0.5641,1.1789,0.5537,-3.87,4.34,0.249,,1,1,2.524,0.0427
61.399,1.0000,0.5728,1.0931,0.6005,-3.88,5.28,0.256,,1,1,2.524,0.0427
61.464,0.9836,0.5718,0.9225,0.5702,-4.01,7.99,0.306,,1,1,2.524,0.0427
61.494,0.9891,0.5963,1.0088,0.6824,-3.89,8.19,0.321,,1,1,2.524,0.0427
61.527,1.0000,0.5467,1.1134,0.3892,-3.99,5.88,0.332,,1,1,2.524,0.0427
61.558,1.0000,0.5118,1.1902,0.3980,-4.21,5.13,0.342,,1,1,2.524,0.0427
61.591,1.0000,0.5383,1.0799,0.6223,-4.01,6.92,0.351,,1,1,2.524,0.0427
61.622,1.0000,0.5386,1.0887,0.5394,-4.13,5.62,0.354,,1,1,2.524,0.0427
61.670,1.0000,0.5614,1.0388,0.6121,-3.86,6.92,0.343,,1,1,2.524,0.0427
61.702,1.0000,0.5614,,,-4.41,4.01,0.154,,1,1,2.524,0.0427
61.727,1.0000,0.5614,,,-4.67,2.56,0.106,,1,1,2.524,0.0427
61.751,1.0000,0.5614,,,-4.93,1.66,0.046,,1,1,2.524,0.0427
61.776,1.0000,0.5614,,,-5.14,1.14,0.037,,1,1,2.524,0.0427
61.801,1.0000,0.5614,,,-5.18,-0.29,0.035,,1,1,2.524,0.0427
61.862,1.0000,0.5614,,,-5.45,-2.80,0.053,,1,1,2.524,0.0427
61.893,1.0000,0.5614,,,-5.26,-3.14,0.063,,1,1,2.524,0.0427
61.925,1.0000,0.5614,,,-4.85,-2.93,0.134,,1,1,2.524,0.0427
61.957,1.0000,0.5614,,,-4.69,-2.10,0.161,,1,1,2.524,0.0427
61.990,1.0000,0.5614,,,-4.89,-1.38,0.071,,1,1,2.524,0.0427
62.023,1.0000,0.5614,,,-5.09,-1.63,0.074,,1,1,2.524,0.0427
62.054,1.0000,0.5614,,,-5.11,-0.34,0.101,,1,1,2.524,0.0427
62.086,1.0000,0.2596,1.0821,0.1844,-5.02,1.22,0.234,,1,1,2.524,0.0427
62.120,1.0000,0.3159,1.1283,0.4880,-4.58,3.29,0.318,,1,1,2.524,0.0427
62.151,1.0000,0.3264,1.2023,0.3619,-4.61,2.25,0.376,,1,1,2.524,0.0427
62.182,1.0000,0.2397,1.2503,-0.0437,-4.96,-0.09,0.409,,1,1,2.524,0.0427
62.230,1.0000,0.1444,1.2767,-0.2591,-5.04,-1.03,0.409,,1,1,2.524,0.0427
62.263,1.0000,0.0953,1.1272,-0.0822,-5.02,2.34,0.420,,1,1,2.524,0.0427
62.296,1.0000,0.1122,0.9954,0.1629,-4.52,5.36,0.440,,1,1,2.524,0.0427
62.327,0.9744,0.1542,0.7740,0.2936,-5.19,5.03,0.470,,1,1,2.524,0.0427
62.357,0.9871,0.1063,1.0293,-0.1814,-5.74,-0.56,0.490,,1,1,2.524,0.0427
62.390,0.9926,0.0679,1.0104,-0.3491,-6.04,-0.96,0.493,,1,1,2.524,0.0427
62.421,0.9303,0.0922,0.7326,0.1705,-5.69,6.49,0.497,,1,1,2.524,0.0427
62.453,0.8572,0.1475,0.6385,0.3300,-5.57,9.28,0.509,,1,1,2.524,0.0427
62.486,0.8248,0.1666,0.7295,0.2276,-5.54,6.32,0.509,,1,1,2.524,0.0427
62.519,0.8419,0.1545,0.8930,0.1158,-5.93,2.56,0.511,,1,1,2.524,0.0427
62.550,0.7952,0.1821,0.6520,0.2729,-5.31,9.23,0.448,,1,1,2.524,0.0427
62.583,0.7893,0.2591,0.7717,0.4921,-5.08,7.99,0.221,,1,1,2.524,0.0427
62.613,0.7893,0.2591,,,-5.35,4.15,0.079,,1,1,2.524,0.0427
62.646,0.7893,0.2591,,,-6.15,2.81,0.067,,1,1,2.524,0.0427
62.679,0.7893,0.2591,,,-6.00,3.35,0.085,,1,1,2.524,0.0427
62.710,0.7893,0.2591,,,-5.89,5.07,0.158,,1,1,2.524,0.0427
62.741,0.7893,0.2591,,,-5.38,5.06,0.191,,1,1,2.524,0.0427
62.774,0.7212,0.0772,0.6853,-0.0229,-5.88,6.29,0.233,,1,1,2.524,0.0427
62.823,0.6980,0.1003,0.6499,0.1496,-5.41,8.03,0.251,,1,1,2.524,0.0427
62.853,0.7042,0.0988,0.7253,0.0934,-5.33,7.15,0.270,,1,1,2.524,0.0427
62.885,0.7178,0.0911,0.7619,0.0659,-5.27,6.51,0.279,,1,1,2.524,0.0427
62.917,0.7307,0.0991,0.7733,0.1251,-5.24,7.25,0.292,,1,1,2.524,0.0427
62.953,0.7207,0.1597,0.6911,0.3337,-5.27,9.40,0.294,,1,1,2.524,0.0427
62.981,0.7214,0.1725,0.7240,0.2174,-5.46,8.13,0.305,,1,1,2.524,0.0427
63.014,0.7394,0.1529,0.7973,0.0911,-5.43,7.57,0.312,,1,1,2.524,0.0427
63.046,0.7464,0.1578,0.7697,0.1737,-5.37,8.21,0.328,,1,1,2.524,0.0427
63.078,0.7526,0.2110,0.7727,0.3763,-5.30,8.64,0.331,,1,1,2.524,0.0427
63.111,0.7591,0.2395,0.7797,0.3251,-5.43,8.01,0.329,,1,1,2.524,0.0427
63.142,0.7728,0.2578,0.8188,0.3163,-5.24,7.82,0.315,,1,1,2.524,0.0427
63.175,0.7941,0.2303,0.8611,0.1440,-5.30,7.05,0.317,,1,1,2.524,0.0427
63.205,0.7977,0.1805,0.8099,0.0073,-5.28,7.82,0.316,,1,1,2.524,0.0427
63.238,0.8601,0.1245,1.2020,-0.8810,-5.89,-1.09,0.323,,1,1,2.524,0.0427
63.270,0.9074,0.0818,1.1717,-0.6445,-5.84,-1.46,0.328,,1,1,2.524,0.0427
63.305,0.9458,0.0468,1.1598,-0.4704,-5.81,-0.15,0.325,,1,1,2.524,0.0427
63.333,0.9692,0.0254,1.1357,-0.3009,-5.81,0.05,0.327,,1,1,2.524,0.0427
63.382,0.9819,0.0005,1.0074,-0.0703,-5.62,2.95,0.329,,1,1,2.524,0.0427
63.414,0.9562,0.0842,0.8764,0.3586,-5.40,5.66,0.332,,1,1,2.524,0.0427
63.447,0.9795,0.0592,1.1118,-0.0197,-5.54,1.36,0.334,,1,1,2.524,0.0427
63.477,0.9781,0.0344,0.9735,-0.1119,-5.53,2.29,0.333,,1,1,2.524,0.0427
63.510,0.9959,0.0137,1.1465,-0.3734,-5.77,0.93,0.333,,1,1,2.524,0.0427
63.542,1.0000,0.0000,1.2512,-0.1732,-5.70,0.87,0.334,,1,1,2.524,0.0427
63.574,1.0000,0.0000,1.2264,-0.3597,-5.88,0.55,0.336,,1,1,2.524,0.0427
63.607,1.0000,0.0000,,,-6.11,-2.89,0.338,,1,1,2.524,0.0427
63.638,1.0000,0.0000,1.2102,-0.6592,-5.90,-1.03,0.336,,1,1,2.524,0.0427
63.670,1.0000,0.0000,1.2092,-0.3528,-5.22,-0.58,0.332,,1,1,2.524,0.0427
63.703,1.0000,0.0000,0.9768,-0.5511,-5.51,-2.54,0.320,,1,1,2.524,0.0427
63.734,0.9731,0.0000,0.8136,-0.3301,-5.41,-2.25,0.308,,1,1,2.524,0.0427
63.766,0.9731,0.0000,,,-5.62,-3.64,0.289,,1,1,2.524,0.0427
63.798,0.9731,0.0000,,,-6.05,-5.84,0.299,,1,1,2.524,0.0427
63.862,0.8916,0.0000,0.8258,-0.1093,-5.02,-1.08,0.321,,1,1,2.524,0.0427
63.896,0.7820,0.0319,0.4676,0.2661,-4.97,2.81,0.332,,1,1,2.524,0.0427
63.943,0.6325,0.2495,0.3367,0.6840,-4.79,8.39,0.327,,1,1,2.524,0.0427
63.975,0.5544,0.3687,0.3372,0.6954,-4.67,7.46,0.338,,1,1,2.524,0.0427
64.003,0.5116,0.4202,0.3723,0.5849,-4.67,6.77,0.339,,1,1,2.524,0.0427
64.031,0.4556,0.4970,0.2751,0.7384,-4.61,11.00,0.338,,1,1,2.524,0.0427
64.058,0.4174,0.5409,0.2937,0.6791,-4.42,10.74,0.331,,1,1,2.524,0.0427
64.085,0.3917,0.5851,0.3077,0.7249,-4.46,12.95,0.337,,1,1,2.524,0.0427
64.113,0.3787,0.6202,0.3350,0.7329,-4.25,14.01,0.331,,1,1,2.524,0.0427
64.138,0.3743,0.6290,0.3585,0.6596,-4.41,15.99,0.324,,1,1,2.524,0.0427
64.167,0.3625,0.6356,0.3245,0.6562,-4.54,16.45,0.318,,1,1,2.524,0.0427
64.199,0.3687,0.6374,0.3874,0.6427,-4.63,16.45,0.320,,1,1,2.524,0.0427
64.263,0.3551,0.6986,0.3343,0.7885,-4.53,16.64,0.325,,1,1,2.524,0.0427
64.298,0.3509,0.7225,0.3388,0.7885,-4.42,17.29,0.325,,1,1,2.524,0.0427
64.327,0.3218,0.7453,0.2238,0.8197,-4.41,15.82,0.319,,1,1,2.524,0.0427
64.360,0.3093,0.7493,0.2718,0.7612,-4.21,16.70,0.317,,1,1,2.524,0.0427
64.389,0.3028,0.7890,0.2811,0.9163,-4.08,16.64,0.318,,1,1,2.524,0.0427
64.421,0.2936,0.8174,0.2647,0.9020,-4.06,16.79,0.316,,1,1,2.524,0.0427
64.454,0.2908,0.8334,0.2822,0.8805,-4.09,16.85,0.314,,1,1,2.524,0.0427
64.501,0.2469,0.8421,0.1548,0.8602,-4.22,17.40,0.310,,1,1,2.524,0.0427
64.534,0.2298,0.8445,0.1781,0.8515,-4.13,17.11,0.310,,1,1,2.524,0.0427
64.560,0.2216,0.8435,0.1895,0.8395,-4.11,17.13,0.309,,1,1,2.524,0.0427
64.585,0.2131,0.8384,0.1802,0.8183,-4.14,16.95,0.311,,1,1,2.524,0.0427
64.611,0.1961,0.8360,0.1303,0.8265,-4.30,16.85,0.310,,1,1,2.524,0.0427
64.663,0.1504,0.8170,0.0625,0.7787,-4.34,16.35,0.310,,1,1,2.524,0.0427
64.695,0.1279,0.8101,0.0596,0.7875,-4.31,16.45,0.311,,1,1,2.524,0.0427
64.726,0.1212,0.8108,0.0995,0.8134,-4.11,17.16,0.311,,1,1,2.524,0.0427
64.759,0.1206,0.7952,0.1188,0.7449,-4.04,15.91,0.314,,1,1,2.524,0.0427
64.791,0.1101,0.7886,0.0778,0.7673,-4.34,16.68,0.314,,1,1,2.524,0.0427
64.824,0.1066,0.7758,0.0954,0.7344,-4.39,16.85,0.316,,1,1,2.524,0.0427
64.854,0.1070,0.7604,0.1085,0.7087,-4.37,17.15,0.318,,1,1,2.524,0.0427
64.887,0.1166,0.7567,0.1471,0.7450,-4.49,16.81,0.309,,1,1,2.524,0.0427
64.918,0.1260,0.7508,0.1578,0.7307,-4.65,17.25,0.306,,1,1,2.524,0.0427
64.952,0.1311,0.7426,0.1470,0.7179,-4.61,17.32,0.302,,1,1,2.524,0.0427
64.982,0.1426,0.7508,0.1826,0.7786,-4.68,16.00,0.297,,1,1,2.524,0.0427
65.013,0.1671,0.7438,0.2483,0.7205,-4.50,16.70,0.297,,1,1,2.524,0.0427
65.046,0.1868,0.7503,0.2490,0.7714,-4.49,16.35,0.295,,1,1,2.524,0.0427
65.096,0.2245,0.7398,0.3017,0.7178,-4.46,16.86,0.298,,1,1,2.524,0.0427
65.126,0.2320,0.7359,0.2571,0.7224,-4.44,16.66,0.300,,1,1,2.524,0.0427
65.158,0.2256,0.7264,0.2050,0.6956,-4.14,17.42,0.302,,1,1,2.524,0.0427
65.190,0.2317,0.7185,0.2515,0.6929,-4.21,17.85,0.308,,1,1,2.524,0.0427
65.221,0.2348,0.7185,0.2451,0.7185,-4.32,17.22,0.310,,1,1,2.524,0.0427
65.254,0.2202,0.7192,0.1738,0.7212,-4.36,16.43,0.311,,1,1,2.524,0.0427
65.287,0.2072,0.6849,0.1651,0.5781,-4.54,17.28,0.353,,1,1,2.524,0.0427
65.320,0.1944,0.6500,0.1544,0.5449,-4.50,16.49,0.367,,1,1,2.524,0.0427
65.351,0.1850,0.5995,0.1534,0.4398,-4.54,17.35,0.380,,1,1,2.524,0.0427
65.382,0.1774,0.5420,0.1516,0.3641,-4.74,17.77,0.382,,1,1,2.524,0.0427
65.414,0.1755,0.4745,0.1692,0.2785,-4.81,18.32,0.390,,1,1,2.524,0.0427
65.446,0.1556,0.3591,0.0900,0.0296,-4.74,19.64,0.393,,1,1,2.524,0.0427
65.479,0.1339,0.2578,0.0677,-0.0041,-4.73,18.99,0.396,,1,1,2.524,0.0427
65.511,0.1237,0.2020,0.0906,0.0483,-5.08,18.36,0.398,,1,1,2.524,0.0427
65.542,0.1113,0.1492,0.0710,0.0027,-5.23,18.24,0.406,,1,1,2.524,0.0427
65.574,0.1040,0.0964,0.0805,-0.0489,-5.17,17.92,0.415,,1,1,2.524,0.0427
65.606,0.0994,0.0731,0.0849,0.0085,-5.09,17.63,0.415,,1,1,2.524,0.0427
65.654,0.0970,0.0319,0.0919,-0.0457,-5.17,18.39,0.420,,1,1,2.524,0.0427
65.689,0.0964,0.0180,0.0946,-0.0189,-5.16,18.18,0.423,,1,1,2.524,0.0427
65.717,0.0908,0.0293,0.0705,0.0667,-5.57,17.84,0.425,,1,1,2.524,0.0427
65.750,0.0886,0.0358,0.0815,0.0553,-5.51,17.78,0.424,,1,1,2.524,0.0427
65.782,0.0916,0.0631,0.1014,0.1485,-5.46,16.61,0.424,,1,1,2.524,0.0427
65.814,0.1008,0.1024,0.1312,0.2295,-5.37,16.55,0.426,,1,1,2.524,0.0427
65.847,0.1343,0.1683,0.2404,0.3750,-5.31,17.10,0.400,,1,1,2.524,0.0427
65.880,0.1966,0.2338,0.3873,0.4318,-4.86,17.32,0.386,,1,1,2.524,0.0427
65.910,0.2273,0.2959,0.3262,0.4899,-4.88,17.53,0.380,,1,1,2.524,0.0427
65.942,0.2481,0.3726,0.3127,0.5966,-4.78,16.68,0.377,,1,1,2.524,0.0427
65.974,0.2673,0.4400,0.3261,0.6313,-4.88,16.74,0.372,,1,1,2.524,0.0427
66.007,0.2869,0.4742,0.3462,0.5707,-4.73,16.99,0.373,,1,1,2.524,0.0427
66.038,0.3288,0.4442,0.4604,0.3511,-5.05,17.28,0.432,,1,1,2.524,0.0427
66.070,0.3902,0.3805,0.5725,0.1778,-5.32,17.33,0.503,,1,1,2.524,0.0427
66.102,0.4327,0.3390,0.5573,0.2023,-5.54,16.74,0.523,,1,1,2.524,0.0427
66.134,0.4795,0.3009,0.6140,0.1788,-5.50,16.78,0.520,,1,1,2.524,0.0427
66.167,0.5107,0.2774,0.5983,0.2047,-5.60,16.78,0.518,,1,1,2.524,0.0427
66.216,0.5396,0.2438,0.5962,0.1734,-5.41,16.82,0.517,,1,1,2.524,0.0427
66.247,0.5497,0.2219,0.5814,0.1502,-5.38,17.01,0.513,,1,1,2.524,0.0427
66.280,0.5605,0.2245,0.5920,0.2325,-5.56,15.21,0.515,,1,1,2.524,0.0427
66.311,0.5606,0.2265,0.5609,0.2334,-5.64,15.76,0.514,,1,1,2.524,0.0427
66.345,0.5827,0.2349,0.6467,0.2605,-5.57,13.15,0.512,,1,1,2.524,0.0427
66.375,0.6152,0.1939,0.7200,0.0563,-5.59,15.26,0.514,,1,1,2.524,0.0427
66.407,0.6454,0.1432,0.7350,-0.0100,-5.52,14.61,0.509,,1,1,2.524,0.0427
66.438,0.6961,0.0961,0.8506,-0.2167,-5.62,12.29,0.510,,1,1,2.524,0.0427
66.470,0.7185,0.0601,0.7867,-0.0754,-5.89,11.02,0.509,,1,1,2.524,0.0427
66.502,0.7338,0.0353,0.7788,-0.0374,-5.69,11.66,0.511,,1,1,2.524,0.0427
66.535,0.7536,0.0136,0.8118,-0.1125,-5.65,10.16,0.504,,1,1,2.524,0.0427
66.566,0.7745,0.0000,0.8395,-0.1392,-5.68,12.76,0.506,,1,1,2.524,0.0427
66.598,0.8106,0.0000,0.9191,-0.2520,-5.46,6.83,0.505,,1,1,2.524,0.0427
66.663,0.8486,0.0000,0.9052,-0.1738,-5.43,7.79,0.509,,1,1,2.524,0.0427
66.695,0.8758,0.0000,0.9592,-0.4453,-5.44,5.94,0.507,,1,1,2.524,0.0427
66.725,0.8865,0.0000,0.9213,-0.2874,-5.28,7.92,0.509,,1,1,2.524,0.0427
66.774,0.8728,0.0000,0.8449,-0.1488,-5.35,11.59,0.505,,1,1,2.524,0.0427
66.805,0.8631,0.0000,0.8315,-0.1379,-5.44,11.63,0.502,,1,1,2.524,0.0427
66.834,0.8575,0.0000,0.8376,-0.1617,-5.48,11.23,0.501,,1,1,2.524,0.0427
66.860,0.8500,0.0000,0.8205,-0.1607,-5.44,11.76,0.502,,1,1,2.524,0.0427
66.884,0.8452,0.0000,0.8241,-0.1582,-5.45,11.84,0.504,,1,1,2.524,0.0427
66.912,0.8519,0.0000,0.8772,-0.2079,-5.46,10.80,0.503,,1,1,2.524,0.0427
66.942,0.8475,0.0000,0.8322,-0.1086,-5.39,12.96,0.503,,1,1,2.524,0.0427
66.967,0.8431,0.0000,0.8244,-0.1111,-5.40,13.33,0.504,,1,1,2.524,0.0427
66.998,0.8546,0.0000,0.8939,-0.0813,-5.26,12.29,0.491,,1,1,2.524,0.0427
67.063,0.8710,0.0364,0.8972,0.1719,-4.85,12.22,0.433,,1,1,2.524,0.0427
67.095,0.8910,0.0869,0.9553,0.2451,-4.67,11.42,0.404,,1,1,2.524,0.0427
67.127,0.9132,0.1614,0.9828,0.3824,-4.54,12.28,0.391,,1,1,2.524,0.0427
67.159,0.9226,0.2245,0.9527,0.4119,-4.38,12.25,0.398,,1,1,2.524,0.0427
67.190,0.9321,0.2738,0.9631,0.4212,-4.42,11.91,0.401,,1,1,2.524,0.0427
67.221,0.9426,0.3222,0.9773,0.4666,-4.28,12.12,0.401,,1,1,2.524,0.0427
67.253,0.9475,0.3720,0.9632,0.5142,-4.30,12.30,0.400,,1,1,2.524,0.0427
67.285,0.9589,0.4291,0.9957,0.5933,-4.08,11.86,0.399,,1,1,2.524,0.0427
67.318,0.9811,0.4370,1.1683,0.4594,-4.02,6.76,0.396,,1,1,2.524,0.0427
67.365,1.0000,0.4609,1.1533,0.5081,-3.94,7.15,0.398,,1,1,2.524,0.0427
67.398,1.0000,0.5070,1.1415,0.6393,-3.85,7.84,0.397,,1,1,2.524,0.0427
67.424,1.0000,0.5406,1.1218,0.6611,-3.79,8.18,0.397,,1,1,2.524,0.0427
67.463,1.0000,0.5943,1.0510,0.7204,-3.79,10.60,0.388,,1,1,2.524,0.0427
67.494,1.0000,0.6110,1.0741,0.6611,-3.80,10.42,0.371,,1,1,2.524,0.0427
67.525,1.0000,0.6110,,,-3.86,8.26,0.269,,1,1,2.524,0.0427
67.558,1.0000,0.6110,,,-4.03,5.20,0.206,,1,1,2.524,0.0427
67.589,1.0000,0.6110,,,-3.92,4.63,0.193,,1,1,2.524,0.0427
67.622,1.0000,0.6110,,,-3.92,5.09,0.211,,1,1,2.524,0.0427
67.654,1.0000,0.6110,,,-3.76,9.48,0.222,,1,1,2.524,0.0427
67.685,1.0000,0.6110,,,-3.69,9.31,0.234,,1,1,2.524,0.0427
67.717,1.0000,0.6110,,,-3.74,9.15,0.248,,1,1,2.524,0.0427
67.750,1.0000,0.6110,,,-3.81,8.51,0.262,,1,1,2.524,0.0427
67.782,1.0000,0.6110,,,-3.81,10.47,0.267,,1,1,2.524,0.0427
67.813,1.0000,0.6110,,,-3.92,9.13,0.267,,1,1,2.524,0.0427
67.845,1.0000,0.6110,,,-3.92,8.51,0.274,,1,1,2.524,0.0427
67.879,1.0000,0.6110,,,-3.88,10.34,0.288,,1,1,2.524,0.0427
67.925,1.0000,0.6110,,,-3.67,10.60,0.288,,1,1,2.524,0.0427
67.958,1.0000,0.6110,,,-4.28,8.51,0.293,,1,1,2.524,0.0427
67.990,1.0000,0.6110,,,-4.31,11.17,0.299,,1,1,2.524,0.0427
68.021,1.0000,0.6110,,,-4.28,12.13,0.300,,1,1,2.524,0.0427
68.053,1.0000,0.6110,,,-4.18,12.07,0.301,,1,1,2.524,0.0427
68.086,1.0000,0.6110,,,-4.11,13.69,0.305,,1,1,2.524,0.0427
68.117,1.0000,0.6110,,,-4.04,13.48,0.306,,1,1,2.524,0.0427
68.150,0.8917,0.6382,0.8615,0.6437,-4.01,11.49,0.306,,1,1,2.524,0.0427
68.183,0.8868,0.6666,0.8708,0.7544,-4.00,11.27,0.308,,1,1,2.524,0.0427
68.213,0.8753,0.6738,0.8355,0.6981,-4.09,10.99,0.310,,1,1,2.524,0.0427
68.246,0.8626,0.6767,0.8226,0.6855,-4.03,11.92,0.315,,1,1,2.524,0.0427
68.278,0.8476,0.6853,0.7993,0.7129,-4.12,13.22,0.320,,1,1,2.524,0.0427
68.311,0.8535,0.6695,0.8721,0.6198,-4.09,11.36,0.319,,1,1,2.524,0.0427
68.343,0.8753,0.6020,0.9474,0.3855,-4.19,9.29,0.318,,1,1,2.524,0.0427
68.374,0.8850,0.6022,0.9184,0.6028,-4.16,10.39,0.318,,1,1,2.524,0.0427
68.407,0.8796,0.6193,0.8623,0.6741,-4.14,12.39,0.321,,1,1,2.524,0.0427
68.438,0.8744,0.6276,0.8569,0.6555,-4.16,12.61,0.324,,1,1,2.524,0.0427
68.485,0.8808,0.6596,0.8950,0.7304,-4.17,12.42,0.327,,1,1,2.524,0.0427
68.518,0.8732,0.6790,0.8484,0.7405,-4.06,12.62,0.328,,1,1,2.524,0.0427
68.550,0.8697,0.6968,0.8582,0.7527,-4.01,12.77,0.327,,1,1,2.524,0.0427
68.581,0.8521,0.7107,0.7927,0.7567,-3.97,12.41,0.327,,1,1,2.524,0.0427
68.613,0.8438,0.7197,0.8169,0.7484,-3.87,12.55,0.321,,1,1,2.524,0.0427
68.646,0.8330,0.7236,0.7985,0.7359,-3.91,12.34,0.296,,1,1,2.524,0.0427
68.678,0.8240,0.7213,0.7957,0.7141,-3.87,12.83,0.296,,1,1,2.524,0.0427
68.710,0.8110,0.7198,0.7694,0.7148,-4.07,13.36,0.304,,1,1,2.524,0.0427
68.742,0.7973,0.7070,0.7536,0.6650,-4.12,13.20,0.299,,1,1,2.524,0.0427
68.775,0.7875,0.7073,0.7566,0.7084,-4.12,13.49,0.297,,1,1,2.524,0.0427
68.805,0.7803,0.7110,0.7563,0.7237,-4.18,13.40,0.284,,1,1,2.524,0.0427
68.839,0.7878,0.6859,0.8110,0.6069,-4.37,11.86,0.291,,1,1,2.524,0.0427
68.870,0.7916,0.6723,0.8045,0.6265,-4.44,11.91,0.288,,1,1,2.524,0.0427
68.902,0.7954,0.6812,0.8077,0.7100,-4.25,11.72,0.291,,1,1,2.524,0.0427
68.934,0.7630,0.6686,0.6587,0.6276,-4.41,11.08,0.288,,1,1,2.524,0.0427
68.967,0.7211,0.6660,0.5956,0.6577,-4.29,10.92,0.283,,1,1,2.524,0.0427
68.997,0.6865,0.6839,0.5734,0.7467,-4.23,11.37,0.287,,1,1,2.524,0.0427
69.081,0.6211,0.7108,0.5437,0.7444,-4.38,11.74,0.294,,1,1,2.524,0.0427
69.107,0.6036,0.7191,0.5354,0.7536,-4.40,11.94,0.296,,1,1,2.524,0.0427
69.133,0.5874,0.7278,0.5265,0.7624,-4.35,12.11,0.297,,1,1,2.524,0.0427
69.158,0.5656,0.7369,0.4803,0.7747,-4.41,11.72,0.288,,1,1,2.524,0.0427
69.185,0.5342,0.7573,0.4236,0.8328,-4.75,11.55,0.293,,1,1,2.524,0.0427
69.213,0.5072,0.7755,0.4135,0.8425,-4.78,11.49,0.294,,1,1,2.524,0.0427
69.239,0.4850,0.7819,0.4046,0.8062,-4.83,10.71,0.296,,1,1,2.524,0.0427
69.269,0.4576,0.7994,0.3705,0.8581,-4.78,11.32,0.298,,1,1,2.524,0.0427
69.302,0.4191,0.8012,0.3084,0.8068,-4.77,10.50,0.294,,1,1,2.524,0.0427
69.333,0.3978,0.7951,0.3315,0.7748,-4.78,10.09,0.295,,1,1,2.524,0.0427
69.365,0.3682,0.8047,0.2812,0.8349,-4.76,12.16,0.302,,1,1,2.524,0.0427
69.398,0.3507,0.8101,0.3004,0.8267,-4.72,11.44,0.298,,1,1,2.524,0.0427
69.463,0.3302,0.8069,0.2990,0.8018,-4.96,11.54,0.301,,1,1,2.524,0.0427
69.495,0.3166,0.8049,0.2746,0.7986,-4.99,11.75,0.294,,1,1,2.524,0.0427
69.526,0.3088,0.7869,0.2842,0.7264,-5.04,11.20,0.291,,1,1,2.524,0.0427
69.559,0.2937,0.7720,0.2478,0.7238,-5.18,11.81,0.292,,1,1,2.524,0.0427
69.591,0.2760,0.7575,0.2218,0.7106,-5.13,11.28,0.294,,1,1,2.524,0.0427
69.638,0.2637,0.7243,0.2375,0.6515,-5.04,10.18,0.287,,1,1,2.524,0.0427
69.673,0.2634,0.7125,0.2623,0.6776,-4.99,10.40,0.294,,1,1,2.524,0.0427
69.699,0.2664,0.7017,0.2783,0.6597,-5.07,10.34,0.298,,1,1,2.524,0.0427
69.726,0.2648,0.6986,0.2588,0.6870,-4.99,10.34,0.301,,1,1,2.524,0.0427
69.753,0.2504,0.7115,0.1963,0.7609,-4.85,11.33,0.302,,1,1,2.524,0.0427
69.780,0.2275,0.7121,0.1440,0.7142,-5.13,11.43,0.306,,1,1,2.524,0.0427
69.808,0.2054,0.7186,0.1249,0.7438,-5.10,11.08,0.312,,1,1,2.524,0.0427
69.862,0.1927,0.7133,0.1690,0.7029,-5.01,10.38,0.318,,1,1,2.524,0.0427
69.895,0.1847,0.7018,0.1608,0.6662,-5.67,12.57,0.329,,1,1,2.524,0.0427
69.928,0.1744,0.6975,0.1423,0.6837,-5.59,11.83,0.332,,1,1,2.524,0.0427
69.959,0.1652,0.6980,0.1356,0.6997,-5.55,11.76,0.336,,1,1,2.524,0.0427
69.991,0.1522,0.7011,0.1104,0.7115,-5.45,11.91,0.339,,1,1,2.524,0.0427
70.022,0.1603,0.6871,0.1870,0.6401,-5.59,10.45,0.340,,1,1,2.524,0.0427
70.054,0.1609,0.6685,0.1631,0.6095,-5.56,10.32,0.340,,1,1,2.524,0.0427
70.086,0.1505,0.6616,0.1158,0.6387,-5.44,10.83,0.342,,1,1,2.524,0.0427
70.117,0.1324,0.6629,0.0733,0.6672,-5.35,12.86,0.344,,1,1,2.524,0.0427
70.150,0.1163,0.6419,0.0678,0.5781,-5.22,12.69,0.346,,1,1,2.524,0.0427
70.197,0.1147,0.5909,0.1112,0.4816,-5.20,11.89,0.369,,1,1,2.524,0.0427
70.230,0.1186,0.5555,0.1308,0.4474,-5.24,11.81,0.391,,1,1,2.524,0.0427
70.262,0.1179,0.5323,0.1159,0.4613,-5.25,12.26,0.392,,1,1,2.524,0.0427
70.295,0.1092,0.5051,0.0818,0.4238,-5.48,12.67,0.402,,1,1,2.524,0.0427
70.326,0.1043,0.4853,0.0880,0.4232,-5.87,12.66,0.405,,1,1,2.524,0.0427
70.358,0.0987,0.4673,0.0803,0.4119,-5.90,12.64,0.404,,1,1,2.524,0.0427
70.391,0.1004,0.4525,0.1058,0.4076,-5.79,12.61,0.407,,1,1,2.524,0.0427
70.422,0.1009,0.4244,0.1026,0.3377,-5.67,13.08,0.412,,1,1,2.524,0.0427
70.455,0.1044,0.3928,0.1157,0.2971,-5.65,13.42,0.412,,1,1,2.524,0.0427
70.488,0.1218,0.3862,0.1778,0.3666,-5.79,11.15,0.422,,1,1,2.524,0.0427
70.518,0.1511,0.3847,0.2517,0.3797,-5.80,12.13,0.429,,1,1,2.524,0.0427
70.552,0.1957,0.3848,0.3266,0.3852,-5.79,10.69,0.433,,1,1,2.524,0.0427
70.582,0.2492,0.3858,0.4221,0.3893,-5.78,8.82,0.431,,1,1,2.524,0.0427
70.614,0.2893,0.3801,0.4113,0.3616,-5.80,7.73,0.436,,1,1,2.524,0.0427
70.646,0.2998,0.3773,0.3319,0.3682,-5.75,11.19,0.439,,1,1,2.524,0.0427
70.679,0.3046,0.3829,0.3187,0.4003,-5.79,10.87,0.442,,1,1,2.524,0.0427
70.711,0.2916,0.3816,0.2503,0.3772,-5.87,11.89,0.444,,1,1,2.524,0.0427
70.757,0.2992,0.3904,0.3158,0.4102,-5.60,9.86,0.437,,1,1,2.524,0.0427
70.791,0.3348,0.3874,0.4398,0.3781,-5.55,10.51,0.446,,1,1,2.524,0.0427
70.822,0.3854,0.3808,0.5452,0.3586,-5.55,8.79,0.447,,1,1,2.524,0.0427
70.853,0.4096,0.3676,0.4844,0.3239,-5.56,10.75,0.448,,1,1,2.524,0.0427
70.886,0.4361,0.3609,0.5147,0.3395,-5.52,9.84,0.450,,1,1,2.524,0.0427
70.917,0.4465,0.3594,0.4797,0.3543,-5.40,10.69,0.450,,1,1,2.524,0.0427
70.950,0.4762,0.3596,0.5628,0.3603,-5.61,8.03,0.453,,1,1,2.524,0.0427
70.982,0.5057,0.3566,0.5962,0.3468,-5.60,8.65,0.458,,1,1,2.524,0.0427
71.014,0.5362,0.3256,0.6260,0.2287,-5.45,10.22,0.458,,1,1,2.524,0.0427
71.047,0.5802,0.2674,0.7098,0.0886,-5.42,10.25,0.459,,1,1,2.524,0.0427
71.079,0.6137,0.2283,0.7117,0.1107,-5.42,11.21,0.466,,1,1,2.524,0.0427
71.110,0.6468,0.1776,0.7471,0.0221,-5.52,9.90,0.468,,1,1,2.524,0.0427
71.143,0.6772,0.1199,0.7645,-0.0448,-5.64,10.60,0.475,,1,1,2.524,0.0427
71.175,0.7078,0.0769,0.7994,-0.0939,-5.61,11.10,0.476,,1,1,2.524,0.0427
71.207,0.7441,0.0448,0.8517,-0.1930,-5.44,9.65,0.481,,1,1,2.524,0.0427
71.238,0.7747,0.0208,0.8650,-0.2399,-5.66,8.58,0.486,,1,1,2.524,0.0427
71.270,0.8053,0.0030,0.8960,-0.2355,-5.63,8.59,0.485,,1,1,2.524,0.0427
71.303,0.8350,0.0000,0.9196,-0.3060,-5.66,7.97,0.488,,1,1,2.524,0.0427
71.352,0.8566,0.0000,0.8993,-0.3101,-5.71,9.23,0.493,,1,1,2.524,0.0427
71.382,0.8597,0.0000,0.8696,-0.2594,-5.66,9.97,0.496,,1,1,2.524,0.0427
71.415,0.8656,0.0000,0.8831,-0.2948,-5.68,9.69,0.497,,1,1,2.524,0.0427
71.447,0.8622,0.0000,0.8516,-0.2870,-5.77,10.51,0.497,,1,1,2.524,0.0427
71.479,0.8655,0.0000,0.8762,-0.2574,-5.43,10.65,0.496,,1,1,2.524,0.0427
71.511,0.8687,0.0000,0.8786,-0.2604,-5.40,10.48,0.497,,1,1,2.524,0.0427
71.543,0.8656,0.0000,0.8556,-0.3079,-5.57,10.68,0.500,,1,1,2.524,0.0427
71.575,0.8624,0.0000,0.8521,-0.2950,-5.61,10.41,0.499,,1,1,2.524,0.0427
71.607,0.8528,0.0000,0.8216,-0.2388,-5.45,11.99,0.498,,1,1,2.524,0.0427
71.639,0.8400,0.0000,0.7973,-0.1578,-5.47,13.09,0.478,,1,1,2.524,0.0427
71.670,0.8521,0.0000,0.8928,0.0151,-5.06,11.30,0.363,,1,1,2.524,0.0427
71.703,0.8521,0.0000,,,-4.40,11.11,0.274,,1,1,2.524,0.0427
71.733,0.8521,0.0000,,,-4.22,10.47,0.282,,1,1,2.524,0.0427
71.767,0.8521,0.0000,,,-4.17,10.84,0.305,,1,1,2.524,0.0427
71.800,0.8521,0.0000,,,-4.18,10.12,0.304,,1,1,2.524,0.0427
71.864,0.8521,0.0000,,,-4.64,10.63,0.330,,1,1,2.524,0.0427
71.909,0.8521,0.0000,,,-4.50,9.68,0.329,,1,1,2.524,0.0427
71.943,0.8521,0.0000,,,-4.19,12.31,0.335,,1,1,2.524,0.0427
71.970,0.8521,0.0000,,,-3.91,13.36,0.338,,1,1,2.524,0.0427
71.996,0.8521,0.0000,,,-4.03,13.16,0.343,,1,1,2.524,0.0427
72.023,0.8362,0.5367,0.8315,0.7008,-4.15,12.40,0.345,,1,1,2.524,0.0427
72.049,0.8385,0.5807,0.8474,0.7448,-4.09,12.80,0.349,,1,1,2.524,0.0427
72.075,0.8400,0.5946,0.8462,0.6474,-4.23,12.40,0.351,,1,1,2.524,0.0427
72.102,0.8475,0.5937,0.8770,0.5905,-4.30,11.21,0.351,,1,1,2.524,0.0427
72.134,0.8575,0.5818,0.8899,0.5440,-4.50,10.75,0.350,,1,1,2.524,0.0427
72.166,0.8735,0.5655,0.9250,0.5131,-4.58,10.12,0.352,,1,1,2.524,0.0427
72.197,0.8910,0.5449,0.9487,0.4748,-4.57,9.59,0.349,,1,1,2.524,0.0427
72.262,0.9169,0.5156,0.9580,0.4679,-4.57,9.11,0.351,,1,1,2.524,0.0427
72.296,0.9149,0.5000,0.9091,0.4526,-4.58,9.50,0.352,,1,1,2.524,0.0427
72.326,0.9120,0.4946,0.9016,0.4751,-4.56,9.27,0.356,,1,1,2.524,0.0427
72.360,0.9123,0.4918,0.9132,0.4833,-4.49,9.12,0.358,,1,1,2.524,0.0427
72.391,0.9011,0.4727,0.8631,0.4096,-4.53,9.71,0.353,,1,1,2.524,0.0427
72.421,0.8977,0.4492,0.8861,0.3703,-4.66,9.31,0.347,,1,1,2.524,0.0427
72.470,0.8760,0.4324,0.8291,0.3972,-4.65,10.43,0.341,,1,1,2.524,0.0427
72.502,0.8846,0.4822,0.9131,0.6467,-3.97,10.93,0.343,,1,1,2.524,0.0427
72.530,0.8935,0.5330,0.9272,0.7182,-3.81,11.36,0.345,,1,1,2.524,0.0427
72.554,0.9016,0.5722,0.9354,0.7282,-3.79,11.18,0.340,,1,1,2.524,0.0427
72.580,0.8983,0.5976,0.8850,0.6948,-4.02,10.44,0.330,,1,1,2.524,0.0427
72.606,0.8983,0.5976,,,-4.09,9.98,0.311,,1,1,2.524,0.0427
72.662,0.8983,0.5976,,,-4.20,9.54,0.295,,1,1,2.524,0.0427
72.694,0.8983,0.5976,,,-4.36,10.20,0.294,,1,1,2.524,0.0427
72.727,0.8983,0.5976,,,-4.35,10.68,0.286,,1,1,2.524,0.0427
72.758,0.8983,0.5976,,,-4.26,10.44,0.284,,1,1,2.524,0.0427
72.790,0.8983,0.5976,,,-4.29,8.22,0.291,,1,1,2.524,0.0427
72.822,0.8983,0.5976,,,-4.46,7.79,0.287,,1,1,2.524,0.0427
72.856,0.8983,0.5976,,,-4.31,8.47,0.288,,1,1,2.524,0.0427
72.885,0.8983,0.5976,,,-4.41,6.58,0.291,,1,1,2.524,0.0427
72.918,0.8983,0.5976,,,-4.32,6.67,0.289,,1,1,2.524,0.0427
72.949,0.8983,0.5976,,,-4.35,7.07,0.287,,1,1,2.524,0.0427
72.981,0.9048,0.4493,0.9065,0.4106,-4.41,6.79,0.289,,1,1,2.524,0.0427
73.029,0.9046,0.4263,0.9042,0.3753,-4.30,6.68,0.293,,1,1,2.524,0.0427
73.063,0.9086,0.4102,0.9209,0.3608,-4.43,6.59,0.309,,1,1,2.524,0.0427
73.095,0.9162,0.4086,0.9418,0.4031,-4.30,6.44,0.309,,1,1,2.524,0.0427
73.128,0.9366,0.4085,1.0005,0.4084,-4.22,5.58,0.306,,1,1,2.524,0.0427
73.160,0.9483,0.4075,0.9850,0.4042,-4.21,5.80,0.309,,1,1,2.524,0.0427
73.191,0.9644,0.3588,1.0184,0.1970,-4.51,4.55,0.311,,1,1,2.524,0.0427
73.221,0.9633,0.3418,0.9596,0.2847,-4.60,5.81,0.310,,1,1,2.524,0.0427
73.254,0.9606,0.3235,0.9519,0.2670,-4.68,5.82,0.309,,1,1,2.524,0.0427
73.286,0.9501,0.3157,0.9159,0.2911,-4.64,6.19,0.304,,1,1,2.524,0.0427
73.318,0.9658,0.3542,1.0157,0.4780,-4.14,6.60,0.311,,1,1,2.524,0.0427
73.351,0.9733,0.4016,0.9978,0.5545,-4.12,7.64,0.314,,1,1,2.524,0.0427
73.382,0.9783,0.4563,0.9945,0.6309,-3.99,8.05,0.312,,1,1,2.524,0.0427
73.414,0.9721,0.4772,0.9519,0.5420,-4.38,8.01,0.310,,1,1,2.524,0.0427
73.445,0.9720,0.5087,0.9720,0.6082,-4.22,7.78,0.308,,1,1,2.524,0.0427
73.479,0.9633,0.5160,0.9354,0.5379,-4.53,7.87,0.309,,1,1,2.524,0.0427
73.511,0.9559,0.4639,0.9320,0.2994,-4.94,6.27,0.308,,1,1,2.524,0.0427
73.543,0.9458,0.4482,0.9121,0.3959,-4.79,5.81,0.306,,1,1,2.524,0.0427
73.574,0.9247,0.4719,0.8544,0.5511,-4.64,8.07,0.298,,1,1,2.524,0.0427
73.621,0.8837,0.3812,0.7947,0.1826,-4.81,6.39,0.285,,1,1,2.524,0.0427
73.654,0.8661,0.3839,0.8123,0.3927,-4.68,6.45,0.275,,1,1,2.524,0.0427
73.685,0.8561,0.3833,0.8228,0.3813,-4.64,6.81,0.273,,1,1,2.524,0.0427
73.717,0.8439,0.4036,0.8057,0.4699,-4.49,7.91,0.280,,1,1,2.524,0.0427
73.749,0.8327,0.4202,0.7973,0.4745,-4.68,8.22,0.282,,1,1,2.524,0.0427
73.782,0.8413,0.4454,0.8684,0.5250,-4.76,6.88,0.280,,1,1,2.524,0.0427
73.812,0.8603,0.4565,0.9259,0.4940,-4.84,5.86,0.280,,1,1,2.524,0.0427
73.846,0.8959,0.4344,1.0060,0.3656,-4.97,4.17,0.282,,1,1,2.524,0.0427
73.880,0.9213,0.4103,0.9986,0.3357,-5.05,4.29,0.277,,1,1,2.524,0.0427
73.909,0.9295,0.3629,0.9586,0.1968,-5.05,4.85,0.278,,1,1,2.524,0.0427
73.943,0.9321,0.3231,0.9400,0.2044,-5.22,5.24,0.280,,1,1,2.524,0.0427
73.974,0.9492,0.3230,1.0059,0.3224,-5.13,5.71,0.278,,1,1,2.524,0.0427
74.006,0.9607,0.3382,0.9964,0.3857,-4.99,6.07,0.287,,1,1,2.524,0.0427
74.038,0.9673,0.3437,0.9886,0.3616,-5.01,5.75,0.282,,1,1,2.524,0.0427
74.069,0.9537,0.3357,0.9080,0.3090,-5.12,5.64,0.285,,1,1,2.524,0.0427
74.102,0.9772,0.3216,1.0703,0.2779,-5.16,3.73,0.284,,1,1,2.524,0.0427
74.136,0.9951,0.2857,1.1506,0.1768,-5.10,1.94,0.290,,1,1,2.524,0.0427
74.182,1.0000,0.2330,1.1750,0.1205,-5.03,1.78,0.291,,1,1,2.524,0.0427
74.214,1.0000,0.1965,1.0721,0.0844,-5.07,2.93,0.289,,1,1,2.524,0.0427
74.246,1.0000,0.2007,0.9958,0.2139,-5.03,4.69,0.289,,1,1,2.524,0.0427
74.278,1.0000,0.1859,1.0337,0.1400,-5.03,3.20,0.294,,1,1,2.524,0.0427
74.311,1.0000,0.2061,0.9896,0.2694,-4.85,4.21,0.283,,1,1,2.524,0.0427
74.344,1.0000,0.2113,0.9812,0.2272,-4.94,4.46,0.285,,1,1,2.524,0.0427
74.374,1.0000,0.1816,1.0267,0.0802,-5.00,2.92,0.288,,1,1,2.524,0.0427
74.408,0.9977,0.2015,0.9604,0.2618,-4.99,3.63,0.284,,1,1,2.524,0.0427
74.439,0.9741,0.1437,0.8948,-0.0425,-5.52,2.23,0.273,,1,1,2.524,0.0427
74.470,0.9826,0.2179,1.0116,0.4749,-5.26,2.91,0.278,,1,1,2.524,0.0427
74.501,0.9932,0.2063,1.0289,0.1672,-5.48,1.01,0.284,,1,1,2.524,0.0427
74.533,1.0000,0.2051,1.0499,0.2013,-5.41,0.60,0.293,,1,1,2.524,0.0427
74.566,0.9461,0.2720,0.7534,0.4837,-5.34,5.24,0.298,,1,1,2.524,0.0427
74.598,0.8913,0.3792,0.7217,0.6982,-5.08,7.64,0.302,,1,1,2.524,0.0427
74.662,0.7561,0.4822,0.5529,0.6343,-5.15,8.93,0.294,,1,1,2.524,0.0427
74.695,0.7347,0.4984,0.6713,0.5458,-5.23,6.88,0.296,,1,1,2.524,0.0427
74.742,0.7265,0.5140,0.7095,0.5464,-5.41,6.95,0.296,,1,1,2.524,0.0427
74.775,0.6623,0.5156,0.4775,0.5202,-5.43,8.14,0.300,,1,1,2.524,0.0427
74.802,0.6009,0.5306,0.3934,0.5842,-5.45,9.70,0.300,,1,1,2.524,0.0427
74.830,0.5630,0.5669,0.4368,0.6939,-5.37,8.93,0.303,,1,1,2.524,0.0427
74.857,0.5394,0.5677,0.4581,0.5703,-5.47,8.06,0.304,,1,1,2.524,0.0427
74.885,0.5184,0.5857,0.4480,0.6494,-5.37,8.75,0.313,,1,1,2.524,0.0427
74.911,0.5142,0.5907,0.4994,0.6092,-5.36,8.15,0.310,,1,1,2.524,0.0427
74.938,0.4999,0.6057,0.4480,0.6618,-5.38,9.90,0.313,,1,1,2.524,0.0427
74.967,0.4917,0.6149,0.4655,0.6454,-5.01,10.56,0.323,,1,1,2.524,0.0427
74.998,0.4950,0.6209,0.5054,0.6402,-5.05,9.82,0.321,,1,1,2.524,0.0427
75.061,0.5203,0.6270,0.5607,0.6369,-4.96,9.08,0.325,,1,1,2.524,0.0427
75.095,0.5138,0.6417,0.4942,0.6859,-4.85,10.15,0.323,,1,1,2.524,0.0427
75.127,0.5110,0.6362,0.5019,0.6187,-5.03,9.90,0.324,,1,1,2.524,0.0427
75.159,0.4960,0.6536,0.4485,0.7091,-5.01,11.20,0.331,,1,1,2.524,0.0427
75.193,0.4853,0.6574,0.4531,0.6689,-5.04,10.97,0.330,,1,1,2.524,0.0427
75.222,0.4847,0.6632,0.4825,0.6832,-5.07,10.01,0.331,,1,1,2.524,0.0427
75.256,0.4833,0.6444,0.4789,0.5863,-5.16,9.40,0.325,,1,1,2.524,0.0427
75.301,0.4760,0.5950,0.4596,0.4809,-5.01,8.17,0.317,,1,1,2.524,0.0427
75.334,0.4658,0.5845,0.4342,0.5517,-4.95,8.36,0.310,,1,1,2.524,0.0427
75.362,0.4576,0.5730,0.4273,0.5298,-4.86,8.00,0.306,,1,1,2.524,0.0427
75.388,0.4388,0.6000,0.3657,0.7096,-4.83,9.77,0.309,,1,1,2.524,0.0427
75.412,0.4137,0.6210,0.3097,0.7110,-5.00,9.78,0.314,,1,1,2.524,0.0427
75.462,0.3941,0.6702,0.3545,0.7715,-4.85,10.02,0.316,,1,1,2.524,0.0427
75.494,0.3736,0.6846,0.3093,0.7306,-4.85,11.14,0.313,,1,1,2.524,0.0427
75.526,0.3617,0.6955,0.3252,0.7294,-4.93,10.24,0.306,,1,1,2.524,0.0427
75.559,0.3468,0.7133,0.3015,0.7678,-5.08,11.08,0.310,,1,1,2.524,0.0427
75.590,0.3337,0.7126,0.2918,0.7102,-5.10,10.16,0.309,,1,1,2.524,0.0427
75.623,0.2805,0.6860,0.1205,0.6004,-5.40,9.04,0.312,,1,1,2.524,0.0427
75.655,0.2407,0.6950,0.1209,0.7241,-5.33,10.77,0.316,,1,1,2.524,0.0427
75.686,0.2095,0.6702,0.1144,0.5868,-5.80,10.57,0.316,,1,1,2.524,0.0427
75.719,0.1909,0.6674,0.1355,0.6584,-5.54,11.03,0.322,,1,1,2.524,0.0427
75.750,0.1785,0.6621,0.1404,0.6447,-5.50,10.33,0.319,,1,1,2.524,0.0427
75.784,0.1734,0.6684,0.1584,0.6881,-5.21,10.25,0.320,,1,1,2.524,0.0427
75.814,0.1773,0.6415,0.1907,0.5484,-5.34,8.01,0.320,,1,1,2.524,0.0427
75.847,0.1716,0.6313,0.1545,0.5998,-5.38,8.32,0.321,,1,1,2.524,0.0427
75.893,0.1668,0.6216,0.1560,0.5997,-5.34,8.35,0.320,,1,1,2.524,0.0427
75.927,0.1591,0.6201,0.1359,0.6153,-5.38,8.81,0.330,,1,1,2.524,0.0427
75.959,0.1437,0.6206,0.0953,0.6225,-5.45,9.06,0.332,,1,1,2.524,0.0427
75.991,0.1199,0.6272,0.0447,0.6489,-5.48,9.59,0.331,,1,1,2.524,0.0427
76.022,0.0988,0.6271,0.0318,0.6268,-5.51,9.68,0.332,,1,1,2.524,0.0427
76.054,0.0791,0.6274,0.0169,0.6282,-5.85,10.91,0.341,,1,1,2.524,0.0427
76.086,0.0756,0.6269,0.0645,0.6252,-5.77,11.08,0.346,,1,1,2.524,0.0427
76.117,0.0655,0.6255,0.0331,0.6208,-5.74,10.90,0.348,,1,1,2.524,0.0427
76.151,0.0685,0.6055,0.0772,0.5447,-5.78,8.36,0.348,,1,1,2.524,0.0427
76.183,0.0639,0.5948,0.0490,0.5597,-5.79,8.88,0.350,,1,1,2.524,0.0427
76.214,0.0551,0.5893,0.0267,0.5713,-5.83,10.06,0.355,,1,1,2.524,0.0427
76.247,0.0542,0.5829,0.0516,0.5624,-5.74,9.87,0.363,,1,1,2.524,0.0427
76.278,0.0574,0.5740,0.0678,0.5449,-5.78,10.25,0.385,,1,1,2.524,0.0427
76.310,0.0538,0.5650,0.0423,0.5362,-5.97,10.16,0.389,,1,1,2.524,0.0427
76.344,0.0623,0.5639,0.0885,0.5604,-5.96,9.67,0.389,,1,1,2.524,0.0427
76.376,0.0648,0.5491,0.0734,0.5009,-6.00,10.28,0.386,,1,1,2.524,0.0427
76.407,0.0708,0.5214,0.0909,0.4308,-6.03,10.27,0.396,,1,1,2.524,0.0427
76.454,0.0873,0.4994,0.1241,0.4524,-5.71,10.69,0.412,,1,1,2.524,0.0427
76.485,0.0908,0.4913,0.1026,0.4652,-6.20,11.12,0.426,,1,1,2.524,0.0427
76.517,0.1008,0.4972,0.1339,0.5162,-6.33,11.43,0.437,,1,1,2.524,0.0427
76.549,0.1092,0.5047,0.1361,0.5288,-6.35,11.23,0.443,,1,1,2.524,0.0427
76.582,0.1155,0.4885,0.1358,0.4370,-6.40,11.24,0.445,,1,1,2.524,0.0427
76.614,0.1257,0.4705,0.1587,0.4129,-6.26,10.57,0.449,,1,1,2.524,0.0427
76.647,0.1290,0.4601,0.1396,0.4279,-6.33,10.20,0.448,,1,1,2.524,0.0427
76.679,0.1237,0.4415,0.1062,0.3831,-6.58,11.58,0.449,,1,1,2.524,0.0427
76.710,0.1225,0.4313,0.1185,0.3977,-6.59,11.94,0.452,,1,1,2.524,0.0427
76.742,0.1196,0.4196,0.1100,0.3828,-6.58,12.24,0.451,,1,1,2.524,0.0427
76.776,0.1273,0.4155,0.1514,0.4029,-6.39,12.61,0.450,,1,1,2.524,0.0427
76.806,0.1315,0.4174,0.1460,0.4240,-6.48,12.50,0.446,,1,1,2.524,0.0427
76.839,0.1325,0.4126,0.1357,0.3976,-6.31,13.14,0.449,,1,1,2.524,0.0427
76.870,0.1348,0.4168,0.1422,0.4305,-6.36,13.47,0.455,,1,1,2.524,0.0427
76.902,0.1331,0.4128,0.1276,0.3993,-6.39,14.23,0.458,,1,1,2.524,0.0427
76.934,0.1318,0.4056,0.1274,0.3828,-6.28,13.74,0.459,,1,1,2.524,0.0427
76.965,0.1241,0.3888,0.0975,0.3321,-6.31,13.92,0.458,,1,1,2.524,0.0427
77.014,0.1428,0.4077,0.1830,0.4479,-6.36,12.13,0.462,,1,1,2.524,0.0427
77.046,0.1513,0.4229,0.1782,0.4719,-6.47,12.11,0.459,,1,1,2.524,0.0427
77.079,0.1393,0.4187,0.1011,0.4051,-6.38,14.01,0.461,,1,1,2.524,0.0427
77.110,0.1328,0.4175,0.1103,0.4136,-6.44,13.72,0.464,,1,1,2.524,0.0427
77.142,0.1240,0.4085,0.0945,0.3786,-6.48,13.79,0.459,,1,1,2.524,0.0427
77.175,0.1254,0.4141,0.1300,0.4320,-6.69,12.36,0.452,,1,1,2.524,0.0427
77.206,0.1282,0.4209,0.1376,0.4442,-6.57,12.35,0.456,,1,1,2.524,0.0427
77.238,0.1307,0.4272,0.1388,0.4474,-6.68,11.69,0.468,,1,1,2.524,0.0427
77.270,0.1379,0.4275,0.1617,0.4287,-6.38,11.02,0.473,,1,1,2.524,0.0427
77.302,0.1389,0.4330,0.1423,0.4516,-6.50,11.55,0.477,,1,1,2.524,0.0427
77.334,0.1385,0.4314,0.1373,0.4259,-6.35,12.36,0.478,,1,1,2.524,0.0427
77.365,0.1373,0.4216,0.1332,0.3885,-6.10,13.01,0.484,,1,1,2.524,0.0427
77.397,0.1369,0.4046,0.1353,0.3492,-6.14,13.36,0.493,,1,1,2.524,0.0427
77.466,0.1352,0.3991,0.1327,0.3907,-6.01,13.39,0.494,,1,1,2.524,0.0427
77.493,0.1372,0.4053,0.1446,0.4289,-6.13,13.63,0.492,,1,1,2.524,0.0427
77.526,0.1364,0.4081,0.1341,0.4170,-6.17,13.59,0.495,,1,1,2.524,0.0427
77.558,0.1460,0.4147,0.1782,0.4369,-5.99,12.69,0.486,,1,1,2.524,0.0427
77.607,0.1402,0.3945,0.1280,0.3518,-5.44,13.75,0.489,,1,1,2.524,0.0427
77.634,0.1336,0.3786,0.1069,0.3158,-5.31,14.41,0.491,,1,1,2.524,0.0427
77.661,0.1372,0.3800,0.1513,0.3855,-5.70,13.88,0.488,,1,1,2.524,0.0427
77.685,0.1385,0.3656,0.1445,0.3031,-5.69,13.98,0.496,,1,1,2.524,0.0427
77.711,0.1383,0.3487,0.1375,0.2826,-5.66,13.85,0.502,,1,1,2.524,0.0427
77.738,0.1376,0.3013,0.1350,0.1280,-5.56,14.53,0.507,,1,1,2.524,0.0427
77.765,0.1243,0.2486,0.0731,0.0634,-5.67,15.95,0.502,,1,1,2.524,0.0427
77.799,0.1131,0.2014,0.0780,0.0660,-6.03,17.33,0.505,,1,1,2.524,0.0427
77.864,0.1043,0.0986,0.0901,-0.1162,-5.35,17.47,0.482,,1,1,2.524,0.0427
77.894,0.1065,0.0847,0.1144,0.0400,-5.44,17.01,0.490,,1,1,2.524,0.0427
77.926,0.1142,0.0712,0.1391,0.0314,-5.61,17.07,0.496,,1,1,2.524,0.0427
77.959,0.1117,0.0973,0.1035,0.1771,-5.60,16.15,0.493,,1,1,2.524,0.0427
77.991,0.1080,0.1021,0.0956,0.1172,-5.49,15.94,0.494,,1,1,2.524,0.0427
78.022,0.1074,0.1017,0.1053,0.1004,-5.56,16.12,0.492,,1,1,2.524,0.0427
78.053,0.1079,0.0950,0.1096,0.0734,-5.62,16.20,0.491,,1,1,2.524,0.0427
78.086,0.1095,0.0932,0.1146,0.0875,-5.57,16.12,0.491,,1,1,2.524,0.0427
78.119,0.1176,0.0850,0.1436,0.0593,-5.85,16.14,0.491,,1,1,2.524,0.0427
78.165,0.1251,0.0784,0.1424,0.0640,-5.81,16.09,0.492,,1,1,2.524,0.0427
78.198,0.1345,0.0769,0.1644,0.0721,-5.65,16.02,0.490,,1,1,2.524,0.0427
78.225,0.1433,0.0742,0.1776,0.0638,-5.57,16.09,0.491,,1,1,2.524,0.0427
78.262,0.1675,0.0943,0.2350,0.1512,-5.98,16.42,0.492,,1,1,2.524,0.0427
78.294,0.1771,0.1325,0.2076,0.2561,-6.06,16.21,0.487,,1,1,2.524,0.0427
78.326,0.1925,0.1864,0.2408,0.3520,-6.13,16.61,0.472,,1,1,2.524,0.0427
78.358,0.2336,0.2275,0.3621,0.3541,-5.53,17.22,0.408,,1,1,2.524,0.0427
78.391,0.2336,0.2275,,,-4.90,14.89,0.326,,1,1,2.524,0.0427
78.422,0.2336,0.2275,,,-4.43,14.12,0.351,,1,1,2.524,0.0427
78.454,0.4963,0.2243,0.7592,0.2209,-4.62,14.77,0.382,,1,1,2.524,0.0427
78.487,0.5538,0.2191,0.7188,0.2032,-4.52,15.19,0.402,,1,1,2.524,0.0427
78.518,0.6017,0.2022,0.7465,0.1446,-4.69,15.85,0.415,,1,1,2.524,0.0427
78.550,0.6428,0.1898,0.7598,0.1498,-4.78,13.56,0.421,,1,1,2.524,0.0427
78.582,0.6731,0.1886,0.7636,0.1843,-4.77,13.20,0.427,,1,1,2.524,0.0427
78.614,0.6774,0.1735,0.6896,0.1255,-5.16,14.60,0.432,,1,1,2.524,0.0427
78.646,0.6746,0.1628,0.6663,0.1276,-5.23,14.83,0.436,,1,1,2.524,0.0427
78.678,0.6783,0.1483,0.6899,0.1009,-5.25,14.82,0.441,,1,1,2.524,0.0427
78.725,0.6839,0.1224,0.6958,0.0655,-5.12,15.20,0.446,,1,1,2.524,0.0427
78.759,0.7060,0.0981,0.7693,0.0266,-5.14,11.71,0.454,,1,1,2.524,0.0427
78.790,0.7257,0.0650,0.7886,-0.0423,-5.27,11.56,0.461,,1,1,2.524,0.0427
78.825,0.7383,0.0479,0.7747,-0.0021,-5.24,12.50,0.464,,1,1,2.524,0.0427
78.854,0.7478,0.0421,0.7794,0.0227,-5.14,12.86,0.465,,1,1,2.524,0.0427
78.887,0.7518,0.0317,0.7646,-0.0008,-5.08,13.03,0.469,,1,1,2.524,0.0427
78.918,0.7458,0.0216,0.7260,-0.0116,-4.97,14.85,0.472,,1,1,2.524,0.0427
78.952,0.7523,0.0156,0.7718,-0.0022,-5.00,14.54,0.476,,1,1,2.524,0.0427
78.984,0.7592,0.0098,0.7810,-0.0085,-5.01,15.00,0.477,,1,1,2.524,0.0427
79.015,0.7602,0.0050,0.7634,-0.0109,-5.16,15.45,0.477,,1,1,2.524,0.0427
79.046,0.7712,0.0000,0.8072,-0.0712,-5.15,15.03,0.479,,1,1,2.524,0.0427
79.078,0.7804,0.0000,0.8096,-0.0854,-5.18,14.37,0.478,,1,1,2.524,0.0427
79.110,0.7761,0.0000,0.7622,-0.1118,-5.37,14.27,0.478,,1,1,2.524,0.0427
79.143,0.7861,0.0000,0.8170,-0.1224,-5.32,13.65,0.476,,1,1,2.524,0.0427
79.174,0.7968,0.0000,0.8318,-0.1252,-5.22,13.94,0.477,,1,1,2.524,0.0427
79.206,0.8031,0.0000,0.8235,-0.1023,-5.26,14.00,0.485,,1,1,2.524,0.0427
79.240,0.8035,0.0000,0.8049,-0.0887,-5.30,14.34,0.486,,1,1,2.524,0.0427
79.286,0.8347,0.0000,0.9041,0.0191,-5.01,14.69,0.476,,1,1,2.524,0.0427
79.318,0.8613,0.0260,0.9437,0.1826,-5.04,15.48,0.465,,1,1,2.524,0.0427
79.350,0.8756,0.0996,0.9213,0.3302,-4.89,15.92,0.449,,1,1,2.524,0.0427
79.382,0.8948,0.2020,0.9546,0.4992,-4.62,16.23,0.435,,1,1,2.524,0.0427
79.415,0.9138,0.2800,0.9716,0.4971,-4.63,14.77,0.426,,1,1,2.524,0.0427
79.446,0.9298,0.3425,0.9810,0.5230,-4.57,15.10,0.424,,1,1,2.524,0.0427
79.478,0.9389,0.3817,0.9676,0.4938,-4.71,14.76,0.417,,1,1,2.524,0.0427
79.511,0.9434,0.4220,0.9575,0.5331,-4.46,14.43,0.415,,1,1,2.524,0.0427
79.544,0.9469,0.4407,0.9576,0.4921,-4.41,14.57,0.412,,1,1,2.524,0.0427
79.574,0.9654,0.4427,1.0262,0.4489,-4.42,10.70,0.419,,1,1,2.524,0.0427
79.606,0.9856,0.4707,1.0787,0.5542,-4.42,10.53,0.417,,1,1,2.524,0.0427
79.638,0.9946,0.4946,1.0228,0.5646,-4.30,11.56,0.417,,1,1,2.524,0.0427
79.671,1.0000,0.4967,1.0265,0.5027,-4.40,10.23,0.415,,1,1,2.524,0.0427
79.702,1.0000,0.5042,1.0519,0.5276,-4.38,10.64,0.412,,1,1,2.524,0.0427
79.734,1.0000,0.4538,0.9998,0.2948,-4.66,9.24,0.411,,1,1,2.524,0.0427
79.766,1.0000,0.4648,0.9668,0.5000,-4.15,10.57,0.404,,1,1,2.524,0.0427
79.799,0.9996,0.4816,0.9982,0.5337,-4.04,9.79,0.386,,1,1,2.524,0.0427
79.883,0.9536,0.5369,0.8958,0.6032,-4.52,11.07,0.363,,1,1,2.524,0.0427
79.912,0.9358,0.5554,0.8698,0.6215,-4.62,11.32,0.359,,1,1,2.524,0.0427
79.939,0.9133,0.5750,0.8297,0.6461,-4.60,11.40,0.356,,1,1,2.524,0.0427
79.965,0.8970,0.5850,0.8319,0.6240,-4.54,11.24,0.351,,1,1,2.524,0.0427
79.992,0.8848,0.6095,0.8394,0.6986,-4.51,11.80,0.352,,1,1,2.524,0.0427
80.017,0.8825,0.6083,0.8729,0.6035,-4.41,10.37,0.349,,1,1,2.524,0.0427
80.043,0.8767,0.6079,0.8539,0.6064,-4.28,10.87,0.351,,1,1,2.524,0.0427
80.069,0.8763,0.6022,0.8749,0.5802,-4.21,10.36,0.351,,1,1,2.524,0.0427
80.102,0.8717,0.6320,0.8575,0.7224,-4.03,10.38,0.345,,1,1,2.524,0.0427
80.136,0.8717,0.6320,,,-4.03,11.14,0.334,,1,1,2.524,0.0427
80.167,0.8717,0.6320,,,-3.81,11.32,0.331,,1,1,2.524,0.0427
80.198,0.8717,0.6320,,,-3.93,11.26,0.332,,1,1,2.524,0.0427
80.268,0.8717,0.6320,,,-4.06,11.21,0.335,,1,1,2.524,0.0427
80.295,0.8041,0.7780,0.7678,0.8545,-3.97,10.11,0.337,,1,1,2.524,0.0427
80.328,0.7825,0.7928,0.7140,0.8394,-3.91,12.07,0.341,,1,1,2.524,0.0427
80.358,0.7580,0.7965,0.6752,0.8092,-3.99,12.46,0.342,,1,1,2.524,0.0427
80.391,0.7649,0.8404,0.7860,0.9710,-3.99,12.53,0.343,,1,1,2.524,0.0427
80.439,0.7683,0.8796,0.7757,0.9608,-3.94,13.48,0.342,,1,1,2.524,0.0427
80.470,0.7568,0.8807,0.7179,0.8842,-4.20,13.28,0.342,,1,1,2.524,0.0427
80.496,0.7449,0.8733,0.6989,0.8448,-4.30,13.07,0.342,,1,1,2.524,0.0427
80.523,0.7195,0.8575,0.6234,0.7958,-4.27,12.67,0.341,,1,1,2.524,0.0427
80.546,0.6858,0.8536,0.5453,0.8363,-4.46,12.26,0.338,,1,1,2.524,0.0427
80.572,0.6493,0.8446,0.5138,0.8082,-4.55,11.16,0.336,,1,1,2.524,0.0427
80.596,0.6202,0.8383,0.5058,0.8109,-4.51,10.97,0.331,,1,1,2.524,0.0427
80.662,0.5627,0.7906,0.4785,0.7150,-4.58,10.62,0.330,,1,1,2.524,0.0427
80.695,0.5292,0.7948,0.4320,0.8082,-4.51,12.92,0.331,,1,1,2.524,0.0427
80.727,0.5076,0.7889,0.4422,0.7696,-4.42,11.83,0.329,,1,1,2.524,0.0427
80.758,0.4907,0.7905,0.4385,0.7958,-4.39,12.97,0.333,,1,1,2.524,0.0427
80.791,0.4753,0.7938,0.4295,0.8044,-4.36,12.97,0.329,,1,1,2.524,0.0427
80.822,0.4598,0.7942,0.4111,0.7956,-4.67,12.54,0.329,,1,1,2.524,0.0427
80.855,0.4435,0.7970,0.3942,0.8060,-4.79,12.69,0.322,,1,1,2.524,0.0427
80.888,0.4362,0.7896,0.4146,0.7661,-4.84,11.28,0.323,,1,1,2.524,0.0427
80.919,0.4398,0.8016,0.4517,0.8436,-4.60,11.86,0.327,,1,1,2.524,0.0427
80.950,0.4311,0.8015,0.4030,0.8010,-4.57,12.83,0.325,,1,1,2.524,0.0427
80.998,0.4099,0.7789,0.3653,0.7294,-4.87,14.34,0.324,,1,1,2.524,0.0427
81.031,0.4013,0.7782,0.3750,0.7761,-4.57,14.66,0.322,,1,1,2.524,0.0427
81.062,0.4031,0.7711,0.4088,0.7474,-4.52,14.03,0.325,,1,1,2.524,0.0427
81.094,0.4016,0.7860,0.3966,0.8363,-4.19,14.51,0.324,,1,1,2.524,0.0427
81.129,0.4083,0.7884,0.4281,0.7959,-4.34,12.71,0.328,,1,1,2.524,0.0427
81.158,0.4183,0.7962,0.4541,0.8243,-4.65,13.12,0.333,,1,1,2.524,0.0427
81.190,0.4247,0.8112,0.4461,0.8609,-4.57,13.25,0.332,,1,1,2.524,0.0427
81.222,0.4154,0.8170,0.3848,0.8358,-4.64,14.26,0.340,,1,1,2.524,0.0427
81.255,0.4189,0.8372,0.4302,0.9006,-4.52,12.51,0.342,,1,1,2.524,0.0427
81.286,0.4316,0.8052,0.4746,0.6967,-4.57,10.49,0.369,,1,1,2.524,0.0427
81.318,0.4542,0.7398,0.5280,0.5320,-4.73,10.51,0.404,,1,1,2.524,0.0427
81.352,0.4550,0.6607,0.4571,0.4363,-5.06,11.97,0.417,,1,1,2.524,0.0427
81.381,0.4673,0.6125,0.5106,0.4562,-4.89,10.69,0.427,,1,1,2.524,0.0427
81.415,0.4615,0.5619,0.4439,0.4217,-4.88,13.26,0.432,,1,1,2.524,0.0427
81.448,0.4692,0.5287,0.4935,0.4333,-4.96,12.54,0.435,,1,1,2.524,0.0427
81.478,0.4736,0.5076,0.4890,0.4409,-4.86,12.09,0.438,,1,1,2.524,0.0427
81.511,0.4734,0.4909,0.4727,0.4419,-4.74,12.39,0.437,,1,1,2.524,0.0427
81.558,0.4704,0.4676,0.4638,0.4199,-4.73,12.98,0.437,,1,1,2.524,0.0427
81.590,0.4730,0.4630,0.4814,0.4491,-4.93,12.45,0.437,,1,1,2.524,0.0427
81.622,0.4709,0.4578,0.4640,0.4421,-4.94,12.88,0.437,,1,1,2.524,0.0427
81.655,0.4615,0.4502,0.4314,0.4273,-5.01,12.88,0.439,,1,1,2.524,0.0427
81.686,0.4452,0.4277,0.3898,0.3554,-5.02,14.89,0.440,,1,1,2.524,0.0427
81.719,0.4296,0.4028,0.3805,0.3288,-4.94,14.90,0.443,,1,1,2.524,0.0427
81.749,0.4282,0.4055,0.4236,0.4147,-4.91,13.83,0.440,,1,1,2.524,0.0427
81.782,0.4314,0.4154,0.4416,0.4457,-4.94,12.93,0.432,,1,1,2.524,0.0427
81.814,0.4433,0.4359,0.4832,0.5036,-4.94,12.65,0.429,,1,1,2.524,0.0427
81.846,0.4531,0.4481,0.4853,0.4879,-4.99,12.72,0.430,,1,1,2.524,0.0427
81.878,0.4601,0.4553,0.4833,0.4792,-5.04,12.90,0.432,,1,1,2.524,0.0427
81.910,0.4697,0.4645,0.5006,0.4947,-5.02,11.64,0.428,,1,1,2.524,0.0427
81.943,0.4785,0.4701,0.5066,0.4879,-5.15,11.29,0.430,,1,1,2.524,0.0427
81.974,0.4782,0.4811,0.4771,0.5181,-4.98,11.83,0.425,,1,1,2.524,0.0427
82.007,0.4839,0.4825,0.5017,0.4869,-5.17,12.61,0.428,,1,1,2.524,0.0427
82.039,0.5344,0.5002,0.6975,0.5587,-4.95,10.96,0.424,,1,1,2.524,0.0427
82.070,0.6041,0.4982,0.8170,0.4918,-4.81,12.49,0.424,,1,1,2.524,0.0427
82.103,0.6544,0.4703,0.7999,0.3814,-4.85,11.05,0.425,,1,1,2.524,0.0427
82.151,0.7240,0.4434,0.8637,0.3839,-4.91,12.13,0.425,,1,1,2.524,0.0427
82.184,0.7567,0.4328,0.8504,0.3994,-5.03,12.00,0.432,,1,1,2.524,0.0427
82.214,0.7847,0.4200,0.8712,0.3770,-5.06,10.41,0.430,,1,1,2.524,0.0427
82.246,0.8043,0.4056,0.8626,0.3592,-5.22,10.10,0.431,,1,1,2.524,0.0427
82.278,0.8664,0.3613,1.0488,0.2217,-5.22,5.50,0.431,,1,1,2.524,0.0427
82.310,0.9140,0.2796,1.2003,0.0380,-5.17,2.34,0.431,,1,1,2.524,0.0427
82.343,0.9493,0.2252,1.0803,0.0671,-5.09,4.89,0.432,,1,1,2.524,0.0427
82.376,0.9652,0.1882,1.0100,0.0836,-5.03,6.56,0.432,,1,1,2.524,0.0427
82.407,0.9743,0.1633,1.0025,0.0869,-5.13,7.13,0.433,,1,1,2.524,0.0427
82.440,0.9854,0.1498,1.0173,0.1111,-5.16,7.02,0.435,,1,1,2.524,0.0427
82.470,0.9744,0.1857,0.9387,0.3045,-5.05,9.11,0.437,,1,1,2.524,0.0427
82.501,0.9780,0.1777,0.9897,0.1513,-5.19,6.30,0.440,,1,1,2.524,0.0427
82.533,0.9765,0.1623,0.9719,0.1152,-5.27,6.30,0.441,,1,1,2.524,0.0427
82.566,0.9651,0.1570,0.9291,0.1404,-5.23,7.51,0.443,,1,1,2.524,0.0427
82.599,0.9455,0.1781,0.8831,0.2448,-4.95,9.20,0.444,,1,1,2.524,0.0427
82.662,0.9399,0.2203,0.9306,0.2904,-5.01,10.31,0.446,,1,1,2.524,0.0427
82.708,0.9256,0.2419,0.8929,0.2910,-4.71,11.34,0.443,,1,1,2.524,0.0427
82.743,0.9168,0.2395,0.8896,0.2319,-4.73,10.69,0.441,,1,1,2.524,0.0427
82.770,0.9110,0.2362,0.8891,0.2239,-4.77,10.28,0.440,,1,1,2.524,0.0427
82.795,0.9028,0.2214,0.8678,0.1580,-5.04,9.76,0.442,,1,1,2.524,0.0427
82.822,0.8903,0.2034,0.8434,0.1358,-5.03,9.96,0.456,,1,1,2.524,0.0427
82.850,0.8756,0.1840,0.8197,0.1111,-5.02,10.58,0.468,,1,1,2.524,0.0427
82.877,0.8662,0.1523,0.8318,0.0383,-5.08,9.95,0.471,,1,1,2.524,0.0427
82.904,0.8527,0.1272,0.8017,0.0351,-5.20,10.79,0.469,,1,1,2.524,0.0427
82.935,0.8540,0.0866,0.8585,-0.0442,-5.34,9.82,0.467,,1,1,2.524,0.0427
82.967,0.8615,0.0524,0.8855,-0.0931,-5.61,8.59,0.477,,1,1,2.524,0.0427
82.998,0.8605,0.0272,0.8572,-0.0920,-5.52,9.20,0.478,,1,1,2.524,0.0427
83.062,0.8562,0.0000,0.8491,-0.0835,-5.66,10.40,0.476,,1,1,2.524,0.0427
83.093,0.8461,0.0000,0.8128,-0.0743,-5.76,11.08,0.478,,1,1,2.524,0.0427
83.125,0.8392,0.0000,0.8171,-0.1964,-5.99,9.98,0.486,,1,1,2.524,0.0427
83.159,0.8378,0.0000,0.8334,-0.1136,-5.41,10.80,0.492,,1,1,2.524,0.0427
83.191,0.8238,0.0000,0.7793,-0.0281,-5.39,13.43,0.489,,1,1,2.524,0.0427
83.222,0.8026,0.0000,0.7326,-0.0236,-5.57,13.40,0.491,,1,1,2.524,0.0427
83.269,0.7585,0.0014,0.6648,0.0663,-5.62,11.95,0.492,,1,1,2.524,0.0427
83.303,0.7026,0.0825,0.5373,0.3309,-5.38,9.99,0.456,,1,1,2.524,0.0427
83.329,0.6670,0.1500,0.5352,0.4018,-5.28,8.90,0.443,,1,1,2.524,0.0427
83.356,0.6285,0.2279,0.4934,0.4952,-5.03,7.62,0.370,,1,1,2.524,0.0427
83.380,0.6285,0.2279,,,-5.09,9.61,0.354,,1,1,2.524,0.0427
83.407,0.5519,0.3087,0.4117,0.4536,-5.13,9.78,0.361,,1,1,2.524,0.0427
83.463,0.5161,0.3556,0.4548,0.4344,-5.25,10.00,0.389,,1,1,2.524,0.0427
83.494,0.5248,0.3783,0.5534,0.4498,-5.38,7.05,0.411,,1,1,2.524,0.0427
83.527,0.5103,0.3978,0.4672,0.4536,-5.32,10.20,0.425,,1,1,2.524,0.0427
83.557,0.4898,0.3931,0.4238,0.3782,-5.20,11.75,0.451,,1,1,2.524,0.0427
83.591,0.4711,0.3883,0.4160,0.3743,-5.24,12.26,0.456,,1,1,2.524,0.0427
83.621,0.4585,0.3851,0.4180,0.3747,-5.28,12.22,0.458,,1,1,2.524,0.0427
83.656,0.4461,0.3834,0.4108,0.3782,-5.33,11.90,0.459,,1,1,2.524,0.0427
83.687,0.4349,0.3834,0.3984,0.3837,-5.26,11.79,0.461,,1,1,2.524,0.0427
83.720,0.4343,0.3913,0.4323,0.4156,-5.25,10.01,0.463,,1,1,2.524,0.0427
83.750,0.4471,0.3973,0.4902,0.4176,-5.28,9.24,0.467,,1,1,2.524,0.0427
83.783,0.4535,0.3888,0.4738,0.3616,-5.48,10.75,0.472,,1,1,2.524,0.0427
83.829,0.4618,0.3759,0.4802,0.3468,-5.57,10.18,0.469,,1,1,2.524,0.0427
83.865,0.4591,0.3693,0.4512,0.3498,-5.59,11.17,0.472,,1,1,2.524,0.0427
83.895,0.4584,0.3686,0.4559,0.3661,-5.56,10.88,0.474,,1,1,2.524,0.0427
83.928,0.4709,0.3718,0.5113,0.3819,-5.17,9.16,0.473,,1,1,2.524,0.0427
83.958,0.4844,0.3665,0.5315,0.3480,-5.30,8.31,0.473,,1,1,2.524,0.0427
83.991,0.4881,0.3664,0.4999,0.3661,-5.51,8.81,0.476,,1,1,2.524,0.0427
84.023,0.4986,0.3687,0.5325,0.3760,-5.53,7.77,0.475,,1,1,2.524,0.0427
84.055,0.4804,0.3572,0.4203,0.3197,-5.51,11.75,0.476,,1,1,2.524,0.0427
84.086,0.4791,0.3579,0.4747,0.3600,-5.52,10.32,0.473,,1,1,2.524,0.0427
84.120,0.4777,0.3472,0.4730,0.3142,-5.46,11.36,0.475,,1,1,2.524,0.0427
84.150,0.4773,0.3405,0.4759,0.3172,-5.35,11.15,0.482,,1,1,2.524,0.0427
84.182,0.4801,0.3380,0.4898,0.3297,-5.43,10.11,0.485,,1,1,2.524,0.0427
84.214,0.4795,0.3377,0.4776,0.3369,-5.42,10.17,0.483,,1,1,2.524,0.0427
84.245,0.4993,0.3431,0.5650,0.3612,-5.47,7.40,0.483,,1,1,2.524,0.0427
84.278,0.5054,0.3523,0.5250,0.3821,-5.54,8.56,0.484,,1,1,2.524,0.0427
84.309,0.5025,0.3566,0.4929,0.3714,-5.55,9.99,0.485,,1,1,2.524,0.0427
84.344,0.4999,0.3587,0.4921,0.3651,-5.58,10.59,0.485,,1,1,2.524,0.0427
84.375,0.4872,0.3553,0.4439,0.3438,-5.56,12.16,0.482,,1,1,2.524,0.0427
84.424,0.4905,0.3485,0.4978,0.3335,-4.80,11.58,0.484,,1,1,2.524,0.0427
84.454,0.4840,0.3434,0.4615,0.3263,-5.03,13.38,0.474,,1,1,2.524,0.0427
84.487,0.4748,0.3400,0.4456,0.3292,-5.03,13.59,0.480,,1,1,2.524,0.0427
84.519,0.4855,0.3546,0.5213,0.4032,-4.85,10.27,0.475,,1,1,2.524,0.0427
84.550,0.4959,0.3624,0.5308,0.3884,-5.21,9.48,0.474,,1,1,2.524,0.0427
84.581,0.4799,0.3597,0.4250,0.3503,-4.73,11.24,0.476,,1,1,2.524,0.0427
84.614,0.4530,0.3649,0.3675,0.3816,-4.44,10.38,0.470,,1,1,2.524,0.0427
84.647,0.4384,0.3786,0.3931,0.4220,-4.78,10.28,0.480,,1,1,2.524,0.0427
84.678,0.4244,0.3970,0.3787,0.4575,-4.73,9.89,0.471,,1,1,2.524,0.0427
84.710,0.3939,0.4114,0.2967,0.4582,-4.65,9.16,0.474,,1,1,2.524,0.0427
84.742,0.3662,0.4188,0.2815,0.4420,-5.21,9.81,0.476,,1,1,2.524,0.0427
84.775,0.3321,0.3906,0.2282,0.2992,-4.60,9.86,0.467,,1,1,2.524,0.0427
84.806,0.3172,0.3978,0.2699,0.4220,-4.63,8.78,0.466,,1,1,2.524,0.0427
84.838,0.2910,0.3752,0.2108,0.3011,-4.45,11.75,0.458,,1,1,2.524,0.0427
84.871,0.2770,0.3631,0.2355,0.3246,-4.02,12.69,0.461,,1,1,2.524,0.0427
84.901,0.2570,0.2798,0.1920,0.0085,-3.65,13.44,0.467,,1,1,2.524,0.0427
84.933,0.2470,0.2380,0.2158,0.1097,-3.53,14.59,0.458,,1,1,2.524,0.0427
84.982,0.2210,0.1395,0.1687,-0.1205,-3.61,16.31,0.452,,1,1,2.524,0.0427
85.015,0.2153,0.0910,0.1978,-0.2536,-3.76,16.46,0.455,,1,1,2.524,0.0427
85.046,0.2206,0.0553,0.2375,-0.2667,-3.60,16.99,0.454,,1,1,2.524,0.0427
85.077,0.2320,0.0292,0.2698,-0.3113,-3.40,17.33,0.454,,1,1,2.524,0.0427
85.110,0.2335,0.0090,0.2384,-0.3861,-3.28,16.85,0.454,,1,1,2.524,0.0427
85.142,0.2388,0.0000,0.2558,-0.3223,-3.57,16.94,0.454,,1,1,2.524,0.0427
85.175,0.2426,0.0000,0.2550,-0.2691,-3.42,17.18,0.461,,1,1,2.524,0.0427
85.208,0.2505,0.0000,0.2755,-0.1921,-3.41,16.60,0.454,,1,1,2.524,0.0427
85.239,0.2567,0.0000,0.2776,-0.2369,-3.53,17.03,0.455,,1,1,2.524,0.0427
85.273,0.2612,0.0000,0.2753,-0.2953,-3.67,16.99,0.455,,1,1,2.524,0.0427
85.303,0.2658,0.0000,0.2818,-0.2469,-3.48,16.95,0.453,,1,1,2.524,0.0427
85.334,0.2690,0.0000,0.2797,-0.2553,-3.54,17.18,0.452,,1,1,2.524,0.0427
85.366,0.2712,0.0000,0.2783,-0.1336,-3.40,16.52,0.443,,1,1,2.524,0.0427
85.398,0.2755,0.0000,0.2899,-0.0578,-3.48,16.56,0.436,,1,1,2.524,0.0427
85.463,0.2720,0.0000,0.2665,0.0077,-3.72,16.13,0.431,,1,1,2.524,0.0427
85.495,0.2667,0.0000,0.2486,0.0074,-3.59,16.10,0.431,,1,1,2.524,0.0427
85.543,0.2569,0.0000,0.2352,-0.1145,-3.75,17.19,0.433,,1,1,2.524,0.0427
85.575,0.2511,0.0000,0.2323,-0.1088,-3.52,17.17,0.432,,1,1,2.524,0.0427
85.601,0.2494,0.0000,0.2424,-0.0930,-3.41,17.18,0.432,,1,1,2.524,0.0427
85.628,0.2453,0.0000,0.2289,-0.1463,-3.32,17.96,0.432,,1,1,2.524,0.0427
85.656,0.2464,0.0000,0.2506,-0.2757,-3.47,18.69,0.432,,1,1,2.524,0.0427
85.684,0.2521,0.0000,0.2734,-0.2732,-3.62,19.43,0.433,,1,1,2.524,0.0427
85.711,0.2554,0.0000,0.2682,-0.2503,-3.52,19.11,0.428,,1,1,2.524,0.0427
85.737,0.2604,0.0000,0.2804,-0.1036,-3.40,18.93,0.426,,1,1,2.524,0.0427
85.767,0.2629,0.0000,0.2722,-0.1611,-3.43,19.22,0.427,,1,1,2.524,0.0427
85.797,0.2677,0.0000,0.2842,-0.1770,-3.71,19.34,0.431,,1,1,2.524,0.0427
85.866,0.2677,0.0000,,,-3.16,16.13,0.253,,1,1,2.524,0.0427
85.894,0.2677,0.0000,,,-2.88,15.05,0.203,,1,1,2.524,0.0427
85.927,0.2677,0.0000,,,-2.74,14.96,0.234,,1,1,2.524,0.0427
85.959,0.2677,0.0000,,,-2.54,15.08,0.261,,1,1,2.524,0.0427
85.991,0.2677,0.0000,,,-2.83,16.94,0.276,,1,1,2.524,0.0427
86.023,0.2677,0.0000,,,-2.83,16.90,0.289,,1,1,2.524,0.0427
86.054,0.2677,0.0000,,,-2.75,16.70,0.302,,1,1,2.524,0.0427
86.087,0.2677,0.0000,,,-2.64,16.91,0.303,,1,1,2.524,0.0427
86.133,0.2677,0.0000,,,-2.55,17.26,0.314,,1,1,2.524,0.0427
86.159,0.2677,0.0000,,,-2.63,17.46,0.321,,1,1,2.524,0.0427
86.184,0.2677,0.0000,,,-2.92,17.08,0.322,,1,1,2.524,0.0427
86.210,0.2677,0.0000,,,-2.83,16.68,0.327,,1,1,2.524,0.0427
86.261,0.2677,0.0000,,,-2.72,17.30,0.309,,1,1,2.524,0.0427
86.293,0.2677,0.0000,,,-2.67,17.23,0.308,,1,1,2.524,0.0427
86.325,0.2677,0.0000,,,-2.99,18.06,0.301,,1,1,2.524,0.0427
86.360,0.2677,0.0000,,,-3.17,17.35,0.301,,1,1,2.524,0.0427
86.391,0.2677,0.0000,,,-3.18,17.58,0.301,,1,1,2.524,0.0427
86.423,0.2677,0.0000,,,-3.19,17.73,0.307,,1,1,2.524,0.0427
86.454,0.2677,0.0000,,,-3.38,18.11,0.305,,1,1,2.524,0.0427
86.487,0.2677,0.0000,,,-3.55,17.42,0.303,,1,1,2.524,0.0427
86.518,0.2677,0.0000,,,-3.52,17.17,0.300,,1,1,2.524,0.0427
86.549,0.2142,0.7661,0.2028,0.9309,-3.56,16.89,0.306,,1,1,2.524,0.0427
86.582,0.2176,0.8093,0.2287,0.9408,-3.58,17.13,0.304,,1,1,2.524,0.0427
86.615,0.2091,0.8330,0.1818,0.9039,-3.52,18.45,0.303,,1,1,2.524,0.0427
86.646,0.2180,0.8700,0.2476,0.9838,-3.51,17.30,0.304,,1,1,2.524,0.0427
86.694,0.2069,0.9296,0.1824,1.0590,-3.43,16.85,0.303,,1,1,2.524,0.0427
86.726,0.2033,0.9569,0.1916,1.0391,-3.50,17.01,0.307,,1,1,2.524,0.0427
86.758,0.1773,0.9765,0.0929,1.0359,-3.55,16.24,0.306,,1,1,2.524,0.0427
86.791,0.1683,0.9874,0.1396,1.0200,-3.60,16.53,0.299,,1,1,2.524,0.0427
86.823,0.1431,0.9779,0.0625,0.9483,-3.81,17.48,0.300,,1,1,2.524,0.0427
86.854,0.1362,0.9714,0.1139,0.9504,-3.84,17.59,0.299,,1,1,2.524,0.0427
86.887,0.1287,0.9362,0.1052,0.8241,-4.14,18.26,0.298,,1,1,2.524,0.0427
86.920,0.1477,0.9133,0.2086,0.8389,-3.89,18.12,0.297,,1,1,2.524,0.0427
86.949,0.1421,0.9061,0.1225,0.8807,-3.73,17.32,0.295,,1,1,2.524,0.0427
86.983,0.1423,0.8923,0.1431,0.8493,-3.80,17.93,0.296,,1,1,2.524,0.0427
87.014,0.1508,0.9134,0.1800,0.9870,-3.64,17.54,0.296,,1,1,2.524,0.0427
87.047,0.1358,0.9443,0.0884,1.0414,-3.49,17.56,0.285,,1,1,2.524,0.0427
87.078,0.1312,0.9690,0.1155,1.1680,-3.58,16.89,0.288,,1,1,2.524,0.0427
87.109,0.1358,0.9844,0.1513,1.0344,-3.65,17.34,0.294,,1,1,2.524,0.0427
87.143,0.1446,1.0000,0.1723,1.0904,-3.62,17.25,0.280,,1,1,2.524,0.0427
87.175,0.1822,1.0000,0.3018,1.1028,-3.49,16.96,0.274,,1,1,2.524,0.0427
87.208,0.2501,1.0000,0.4556,1.0955,-3.53,16.94,0.275,,1,1,2.524,0.0427
87.255,0.4111,1.0000,0.7333,1.1209,-2.95,17.76,0.278,,1,1,2.524,0.0427
87.285,0.4717,1.0000,0.6555,1.0570,-2.87,17.42,0.289,,1,1,2.524,0.0427
87.318,0.5057,1.0000,0.6030,0.9930,-2.65,18.87,0.293,,1,1,2.524,0.0427
87.351,0.5355,1.0000,0.6191,0.9629,-2.71,19.12,0.297,,1,1,2.524,0.0427
87.382,0.5470,1.0000,0.5819,0.9860,-2.96,16.40,0.295,,1,1,2.524,0.0427
87.413,0.5382,1.0000,0.5113,1.0533,-2.80,15.50,0.292,,1,1,2.524,0.0427
87.447,0.5326,1.0000,0.5164,1.0433,-2.71,16.56,0.296,,1,1,2.524,0.0427
87.478,0.5546,1.0000,0.6252,0.9454,-2.88,17.14,0.294,,1,1,2.524,0.0427
87.510,0.5664,0.9608,0.6024,0.8208,-2.76,16.27,0.304,,1,1,2.524,0.0427
87.542,0.5856,0.9284,0.6442,0.8271,-2.75,15.98,0.303,,1,1,2.524,0.0427
87.576,0.6316,0.9349,0.7634,0.9548,-2.82,16.92,0.303,,1,1,2.524,0.0427
87.607,0.6438,0.9271,0.6818,0.9013,-2.95,16.78,0.308,,1,1,2.524,0.0427
87.638,0.6475,0.9152,0.6595,0.8758,-3.08,17.64,0.311,,1,1,2.524,0.0427
87.670,0.6520,0.9076,0.6658,0.8835,-3.35,16.45,0.315,,1,1,2.524,0.0427
87.701,0.6507,0.8944,0.6467,0.8512,-3.35,16.72,0.315,,1,1,2.524,0.0427
87.733,0.6438,0.8862,0.6217,0.8598,-3.31,16.51,0.314,,1,1,2.524,0.0427
87.766,0.6523,0.8946,0.6786,0.9210,-3.20,15.93,0.310,,1,1,2.524,0.0427
87.814,0.6787,0.9046,0.7350,0.9264,-3.20,15.65,0.313,,1,1,2.524,0.0427
87.846,0.7329,0.9240,0.8971,0.9873,-2.97,16.37,0.306,,1,1,2.524,0.0427
87.878,0.8097,0.9102,1.0416,0.8641,-3.04,16.01,0.310,,1,1,2.524,0.0427
87.910,0.8616,0.9173,1.0124,0.9405,-2.97,16.67,0.320,,1,1,2.524,0.0427
87.943,0.9103,0.9100,1.0671,0.8860,-3.09,16.25,0.322,,1,1,2.524,0.0427
87.975,0.9462,0.9367,1.0741,1.0238,-2.96,16.45,0.327,,1,1,2.524,0.0427
88.006,0.9482,0.9306,0.9542,0.9096,-2.92,16.18,0.329,,1,1,2.524,0.0427
88.039,0.9639,0.9015,1.0096,0.8089,-3.04,17.05,0.335,,1,1,2.524,0.0427
88.070,0.9754,0.8253,1.0107,0.5851,-3.19,17.69,0.361,,1,1,2.524,0.0427
88.104,0.9947,0.7338,1.0575,0.4755,-3.28,17.99,0.404,,1,1,2.524,0.0427
88.135,1.0000,0.6336,1.0300,0.3378,-3.32,17.59,0.432,,1,1,2.524,0.0427
88.167,1.0000,0.5104,1.0036,0.1778,-3.38,18.01,0.448,,1,1,2.524,0.0427
88.199,0.9958,0.4225,0.9731,0.1916,-3.49,17.43,0.460,,1,1,2.524,0.0427
88.263,0.9780,0.2590,0.9489,0.0357,-3.64,17.20,0.482,,1,1,2.524,0.0427
88.294,0.9708,0.2145,0.9467,0.0889,-3.79,16.66,0.484,,1,1,2.524,0.0427
88.327,0.9760,0.1726,0.9921,0.0613,-3.57,17.34,0.479,,1,1,2.524,0.0427
88.358,0.9768,0.1412,0.9796,0.0516,-3.61,17.40,0.477,,1,1,2.524,0.0427
88.406,0.9945,0.1940,1.0326,0.2977,-3.64,16.66,0.481,,1,1,2.524,0.0427
88.433,1.0000,0.2476,1.0698,0.4401,-3.52,16.04,0.479,,1,1,2.524,0.0427
88.461,1.0000,0.2862,1.0507,0.4307,-3.60,15.00,0.477,,1,1,2.524,0.0427
88.489,1.0000,0.3021,1.0376,0.3636,-3.56,14.96,0.481,,1,1,2.524,0.0427
88.515,1.0000,0.3118,1.0368,0.3509,-3.53,14.68,0.479,,1,1,2.524,0.0427
88.544,1.0000,0.3059,1.0094,0.2843,-3.48,15.50,0.478,,1,1,2.524,0.0427
88.571,1.0000,0.3015,1.0053,0.2841,-3.68,15.28,0.479,,1,1,2.524,0.0427
88.599,1.0000,0.3016,1.0033,0.3020,-3.63,15.32,0.473,,1,1,2.524,0.0427
88.663,1.0000,0.2741,0.9891,0.2294,-3.82,17.02,0.472,,1,1,2.524,0.0427
88.694,0.9937,0.2745,0.9559,0.2760,-3.71,17.12,0.469,,1,1,2.524,0.0427
88.726,0.9384,0.2741,0.7612,0.2728,-3.51,16.35,0.462,,1,1,2.524,0.0427
88.758,0.8630,0.2576,0.6350,0.2042,-3.81,16.46,0.459,,1,1,2.524,0.0427
88.792,0.7972,0.2036,0.6134,0.0439,-3.80,18.08,0.462,,1,1,2.524,0.0427
88.823,0.7451,0.2021,0.5871,0.1968,-3.64,16.69,0.459,,1,1,2.524,0.0427
88.855,0.7243,0.2118,0.6625,0.2435,-3.49,16.29,0.460,,1,1,2.524,0.0427
88.887,0.7039,0.1852,0.6451,0.1027,-3.73,17.52,0.458,,1,1,2.524,0.0427
88.917,0.6874,0.1740,0.6350,0.1366,-3.71,17.29,0.456,,1,1,2.524,0.0427
88.966,0.6691,0.1367,0.6322,0.0587,-3.61,17.67,0.459,,1,1,2.524,0.0427
88.998,0.6556,0.1151,0.6146,0.0475,-3.61,17.92,0.452,,1,1,2.524,0.0427
89.023,0.6477,0.1096,0.6175,0.0880,-3.47,17.55,0.450,,1,1,2.524,0.0427
89.062,0.6305,0.1057,0.5868,0.0957,-3.45,18.50,0.449,,1,1,2.524,0.0427
89.095,0.6240,0.0849,0.6041,0.0209,-3.52,18.65,0.450,,1,1,2.524,0.0427
89.127,0.6092,0.0704,0.5637,0.0257,-3.67,18.46,0.451,,1,1,2.524,0.0427
89.158,0.6021,0.0454,0.5788,-0.0362,-3.69,18.89,0.455,,1,1,2.524,0.0427
89.190,0.5984,0.0405,0.5870,0.0253,-3.83,18.77,0.454,,1,1,2.524,0.0427
89.224,0.6011,0.0436,0.6094,0.0528,-3.81,18.05,0.452,,1,1,2.524,0.0427
89.255,0.6040,0.0416,0.6137,0.0350,-3.78,18.20,0.450,,1,1,2.524,0.0427
89.287,0.6050,0.0309,0.6083,-0.0034,-3.77,18.00,0.450,,1,1,2.524,0.0427
89.318,0.5995,0.0118,0.5813,-0.0959,-3.63,18.12,0.452,,1,1,2.524,0.0427
89.353,0.5983,0.0043,0.5948,-0.0176,-3.68,17.81,0.442,,1,1,2.524,0.0427
89.381,0.6049,0.0397,0.6292,0.1706,-3.41,18.01,0.382,,1,1,2.524,0.0427
89.412,0.6049,0.0397,,,-3.18,15.71,0.221,,1,1,2.524,0.0427
89.444,0.6049,0.0397,,,-3.36,14.01,0.198,,1,1,2.524,0.0427
89.479,0.6049,0.0397,,,-3.36,13.14,0.227,,1,1,2.524,0.0427
89.526,0.6049,0.0397,,,-3.07,14.62,0.253,,1,1,2.524,0.0427
89.557,0.6049,0.0397,,,-3.14,14.87,0.264,,1,1,2.524,0.0427
89.590,0.6049,0.0397,,,-3.43,14.76,0.270,,1,1,2.524,0.0427
89.623,0.6049,0.0397,,,-3.45,15.06,0.280,,1,1,2.524,0.0427
89.655,0.6049,0.0397,,,-3.27,15.45,0.291,,1,1,2.524,0.0427
89.687,0.6049,0.0397,,,-3.39,15.47,0.299,,1,1,2.524,0.0427
89.717,0.6049,0.0397,,,-3.38,14.81,0.308,,1,1,2.524,0.0427
89.750,0.6049,0.0397,,,-3.34,15.73,0.312,,1,1,2.524,0.0427
89.781,0.6049,0.0397,,,-3.32,15.44,0.312,,1,1,2.524,0.0427
89.814,0.6049,0.0397,,,-3.25,15.30,0.305,,1,1,2.524,0.0427
89.846,0.6049,0.0397,,,-3.22,15.10,0.304,,1,1,2.524,0.0427
89.878,0.6049,0.0397,,,-3.18,15.80,0.304,,1,1,2.524,0.0427
89.909,0.6049,0.0397,,,-3.12,15.83,0.302,,1,1,2.524,0.0427
89.942,0.6049,0.0397,,,-3.05,15.74,0.307,,1,1,2.524,0.0427
89.975,0.6049,0.0397,,,-3.03,15.20,0.309,,1,1,2.524,0.0427
90.006,0.6049,0.0397,,,-3.04,15.33,0.310,,1,1,2.524,0.0427
90.042,0.6049,0.0397,,,-3.04,15.18,0.304,,1,1,2.524,0.0427
90.086,0.6640,0.7726,0.6765,0.9218,-2.84,14.64,0.310,,1,1,2.524,0.0427
90.118,0.6667,0.8247,0.6756,0.9821,-2.84,14.77,0.310,,1,1,2.524,0.0427
90.150,0.6701,0.8709,0.6813,1.0127,-2.75,14.88,0.308,,1,1,2.524,0.0427
90.183,0.6695,0.8826,0.6676,0.9169,-3.28,15.06,0.311,,1,1,2.524,0.0427
90.214,0.6713,0.8846,0.6777,0.8911,-3.24,15.43,0.308,,1,1,2.524,0.0427
90.245,0.6531,0.9060,0.5931,0.9726,-3.11,15.52,0.309,,1,1,2.524,0.0427
90.278,0.6354,0.9247,0.5784,0.9818,-2.97,15.30,0.311,,1,1,2.524,0.0427
90.311,0.6166,0.9394,0.5578,0.9832,-2.99,15.27,0.310,,1,1,2.524,0.0427
90.344,0.6077,0.9637,0.5802,1.0365,-2.87,15.17,0.312,,1,1,2.524,0.0427
90.374,0.5998,0.9783,0.5729,1.0256,-2.96,14.92,0.310,,1,1,2.524,0.0427
90.406,0.6017,0.9759,0.6081,0.9684,-2.97,15.01,0.311,,1,1,2.524,0.0427
90.438,0.6035,0.9721,0.6094,0.9601,-3.10,14.75,0.311,,1,1,2.524,0.0427
90.471,0.5985,0.9869,0.5827,1.0326,-3.21,14.52,0.310,,1,1,2.524,0.0427
90.503,0.5908,0.9898,0.5661,0.9990,-3.33,14.98,0.309,,1,1,2.524,0.0427
90.535,0.5850,0.9876,0.5661,0.9804,-3.41,15.09,0.305,,1,1,2.524,0.0427
90.568,0.5835,0.9888,0.5790,0.9928,-3.49,15.04,0.305,,1,1,2.524,0.0427
90.598,0.5769,0.9845,0.5540,0.9692,-3.47,15.68,0.303,,1,1,2.524,0.0427
90.677,0.5386,0.9569,0.4890,0.9203,-3.63,16.18,0.301,,1,1,2.524,0.0427
90.710,0.4838,0.9495,0.3155,0.9253,-3.51,15.89,0.299,,1,1,2.524,0.0427
90.737,0.4397,0.9485,0.2832,0.9447,-3.41,15.82,0.298,,1,1,2.524,0.0427
90.764,0.4091,0.9395,0.2996,0.9042,-3.42,15.93,0.305,,1,1,2.524,0.0427
90.790,0.3786,0.9183,0.2675,0.8351,-3.69,16.00,0.306,,1,1,2.524,0.0427
90.818,0.3451,0.9010,0.2323,0.8377,-3.74,15.96,0.305,,1,1,2.524,0.0427
90.844,0.3249,0.8900,0.2519,0.8470,-3.85,15.82,0.306,,1,1,2.524,0.0427
90.874,0.3096,0.8808,0.2596,0.8491,-3.93,15.43,0.306,,1,1,2.524,0.0427
90.906,0.3040,0.8682,0.2872,0.8282,-4.05,15.55,0.312,,1,1,2.524,0.0427
90.934,0.2863,0.8525,0.2250,0.7955,-4.05,16.07,0.314,,1,1,2.524,0.0427
90.966,0.2749,0.8425,0.2403,0.8108,-3.99,15.74,0.313,,1,1,2.524,0.0427
90.999,0.2760,0.8290,0.2793,0.7880,-4.02,16.08,0.314,,1,1,2.524,0.0427
91.061,0.2660,0.8034,0.2497,0.7619,-3.73,15.86,0.319,,1,1,2.524,0.0427
91.095,0.2621,0.7915,0.2505,0.7556,-3.89,15.99,0.324,,1,1,2.524,0.0427
91.126,0.2480,0.7788,0.2025,0.7376,-3.99,16.23,0.322,,1,1,2.524,0.0427
91.158,0.2310,0.7781,0.1772,0.7760,-3.90,15.74,0.322,,1,1,2.524,0.0427
91.190,0.2182,0.7765,0.1781,0.7714,-3.79,15.33,0.320,,1,1,2.524,0.0427
91.237,0.1923,0.7681,0.1372,0.7495,-3.83,15.88,0.324,,1,1,2.524,0.0427
91.271,0.1843,0.7670,0.1603,0.7637,-3.92,15.36,0.325,,1,1,2.524,0.0427
91.296,0.1828,0.7655,0.1766,0.7594,-3.86,15.40,0.325,,1,1,2.524,0.0427
91.324,0.1827,0.7625,0.1823,0.7516,-3.75,16.04,0.327,,1,1,2.524,0.0427
91.351,0.1760,0.7704,0.1500,0.8019,-3.99,15.17,0.328,,1,1,2.524,0.0427
91.377,0.1665,0.7692,0.1300,0.7642,-3.83,14.73,0.334,,1,1,2.524,0.0427
91.404,0.1598,0.7184,0.1348,0.5318,-3.92,15.71,0.347,,1,1,2.524,0.0427
91.461,0.1679,0.5595,0.1826,0.2918,-4.24,15.15,0.396,,1,1,2.524,0.0427
91.495,0.1731,0.4800,0.1895,0.2570,-4.43,15.48,0.408,,1,1,2.524,0.0427
91.526,0.1806,0.4091,0.2056,0.2033,-4.23,15.95,0.422,,1,1,2.524,0.0427
91.558,0.1924,0.3275,0.2316,0.0994,-4.40,16.17,0.432,,1,1,2.524,0.0427
91.590,0.2103,0.2328,0.2686,-0.0235,-4.47,16.69,0.431,,1,1,2.524,0.0427
91.623,0.2257,0.1773,0.2743,0.0310,-4.61,15.94,0.432,,1,1,2.524,0.0427
91.655,0.2325,0.1156,0.2540,-0.0960,-4.56,16.98,0.431,,1,1,2.524,0.0427
91.686,0.2359,0.0727,0.2475,-0.1536,-4.55,17.31,0.436,,1,1,2.524,0.0427
91.719,0.2278,0.0391,0.2022,-0.1768,-4.45,17.12,0.437,,1,1,2.524,0.0427
91.749,0.2195,0.0170,0.1901,-0.1676,-4.61,17.17,0.436,,1,1,2.524,0.0427
91.798,0.2363,0.0644,0.2722,0.1560,-4.54,13.38,0.438,,1,1,2.524,0.0427
91.830,0.2475,0.0404,0.2842,-0.0313,-4.51,15.05,0.441,,1,1,2.524,0.0427
91.862,0.2473,0.0176,0.2465,-0.1075,-4.46,16.02,0.443,,1,1,2.524,0.0427
91.893,0.2404,0.0010,0.2175,-0.0714,-4.57,15.99,0.443,,1,1,2.524,0.0427
91.926,0.2361,0.0000,0.2218,-0.0500,-4.55,15.81,0.444,,1,1,2.524,0.0427
91.959,0.2326,0.0000,0.2216,-0.0343,-4.59,16.32,0.446,,1,1,2.524,0.0427
91.990,0.2307,0.0000,0.2239,-0.1054,-4.58,16.38,0.449,,1,1,2.524,0.0427
92.024,0.2301,0.0000,0.2284,-0.0945,-4.67,16.06,0.449,,1,1,2.524,0.0427
92.055,0.2266,0.0000,0.2144,-0.1387,-4.72,16.70,0.448,,1,1,2.524,0.0427
92.086,0.2473,0.0000,0.3164,-0.0520,-4.76,16.98,0.451,,1,1,2.524,0.0427
92.118,0.3090,0.0000,0.5037,-0.0962,-4.58,17.98,0.459,,1,1,2.524,0.0427
92.152,0.3796,0.0000,0.5860,-0.0228,-4.40,17.40,0.462,,1,1,2.524,0.0427
92.184,0.4281,0.0000,0.5685,0.0116,-4.30,17.18,0.457,,1,1,2.524,0.0427
92.215,0.4660,0.0000,0.5845,-0.0488,-4.26,17.50,0.464,,1,1,2.524,0.0427
92.245,0.4759,0.0000,0.5067,-0.0244,-4.46,17.93,0.466,,1,1,2.524,0.0427
92.278,0.4853,0.0000,0.5128,-0.0070,-4.24,17.94,0.466,,1,1,2.524,0.0427
92.313,0.4969,0.0000,0.5299,0.0091,-4.22,17.71,0.468,,1,1,2.524,0.0427
92.358,0.5241,0.0000,0.5833,-0.0715,-4.26,18.16,0.476,,1,1,2.524,0.0427
92.391,0.5369,0.0000,0.5756,-0.0479,-4.14,17.83,0.477,,1,1,2.524,0.0427
92.423,0.5468,0.0000,0.5773,-0.1431,-4.14,18.50,0.478,,1,1,2.524,0.0427
92.456,0.5633,0.0000,0.6131,-0.1665,-4.05,18.83,0.479,,1,1,2.524,0.0427
92.486,0.5730,0.0000,0.6049,-0.1564,-4.10,18.83,0.481,,1,1,2.524,0.0427
92.520,0.5828,0.0000,0.6116,-0.1610,-4.09,19.10,0.480,,1,1,2.524,0.0427
92.551,0.5898,0.0000,0.6125,-0.1413,-4.10,18.90,0.479,,1,1,2.524,0.0427
92.584,0.5984,0.0000,0.6250,-0.2031,-4.02,19.42,0.482,,1,1,2.524,0.0427
92.614,0.6166,0.0000,0.6766,0.0402,-4.06,18.04,0.470,,1,1,2.524,0.0427
92.648,0.6341,0.0000,0.6858,0.0762,-4.07,17.75,0.468,,1,1,2.524,0.0427
92.679,0.6468,0.0207,0.6871,0.0930,-4.21,17.65,0.465,,1,1,2.524,0.0427
92.710,0.6630,0.0478,0.7153,0.1360,-4.21,17.88,0.475,,1,1,2.524,0.0427
92.742,0.6829,0.0579,0.7444,0.0895,-4.26,17.35,0.479,,1,1,2.524,0.0427
92.773,0.7196,0.0749,0.8354,0.1301,-4.24,16.24,0.477,,1,1,2.524,0.0427
92.806,0.7580,0.0850,0.8710,0.1159,-4.39,15.61,0.483,,1,1,2.524,0.0427
92.840,0.7903,0.0964,0.8834,0.1307,-4.36,15.76,0.494,,1,1,2.524,0.0427
92.871,0.8149,0.1092,0.8914,0.1510,-4.21,16.33,0.491,,1,1,2.524,0.0427
92.901,0.8361,0.1180,0.9034,0.1470,-4.27,16.11,0.491,,1,1,2.524,0.0427
92.951,0.8839,0.1403,0.9767,0.1857,-4.25,15.83,0.494,,1,1,2.524,0.0427
92.983,0.9045,0.1548,0.9676,0.2013,-4.30,15.71,0.497,,1,1,2.524,0.0427
93.014,0.9187,0.1723,0.9625,0.2281,-4.23,15.06,0.499,,1,1,2.524,0.0427
93.047,0.9253,0.1799,0.9453,0.2034,-4.35,15.76,0.498,,1,1,2.524,0.0427
93.078,0.9399,0.1991,0.9867,0.2615,-4.43,15.30,0.498,,1,1,2.524,0.0427
93.111,0.9551,0.2040,1.0008,0.2193,-4.38,14.43,0.494,,1,1,2.524,0.0427
93.142,0.9623,0.2030,0.9854,0.1996,-4.36,15.00,0.489,,1,1,2.524,0.0427
93.174,0.9657,0.1973,0.9763,0.1792,-4.32,15.13,0.490,,1,1,2.524,0.0427
93.206,0.9643,0.1876,0.9597,0.1561,-4.40,15.86,0.490,,1,1,2.524,0.0427
93.240,0.9667,0.1842,0.9741,0.1737,-4.26,16.09,0.488,,1,1,2.524,0.0427
93.270,0.9709,0.1885,0.9853,0.2034,-4.29,16.12,0.488,,1,1,2.524,0.0427
93.303,0.9884,0.2351,1.0423,0.3788,-4.04,15.77,0.444,,1,1,2.524,0.0427
93.337,0.9884,0.2351,,,-3.73,15.17,0.339,,1,1,2.524,0.0427
93.367,0.9884,0.2351,,,-3.47,15.09,0.288,,1,1,2.524,0.0427
93.399,0.9884,0.2351,,,-3.63,16.24,0.298,,1,1,2.524,0.0427
93.462,0.9884,0.2351,,,-3.28,17.25,0.330,,1,1,2.524,0.0427
93.510,0.9884,0.2351,,,-3.22,17.59,0.346,,1,1,2.524,0.0427
93.541,0.9884,0.2351,,,-3.10,17.75,0.359,,1,1,2.524,0.0427
93.566,1.0000,0.8285,1.1487,1.1146,-3.07,17.74,0.366,,1,1,2.524,0.0427
93.589,1.0000,0.8681,1.1152,1.0304,-3.33,17.21,0.366,,1,1,2.524,0.0427
93.614,1.0000,0.9011,1.0762,1.0294,-3.34,16.93,0.373,,1,1,2.524,0.0427
93.640,1.0000,0.9167,1.1006,0.9737,-3.19,17.25,0.375,,1,1,2.524,0.0427
93.670,1.0000,0.9379,1.1100,1.0046,-3.20,17.22,0.380,,1,1,2.524,0.0427
93.706,1.0000,0.9440,1.0768,0.9605,-3.07,17.84,0.382,,1,1,2.524,0.0427
93.735,1.0000,0.9497,1.0419,0.9686,-3.04,17.64,0.383,,1,1,2.524,0.0427
93.766,1.0000,0.9558,1.1056,0.9750,-3.26,16.78,0.378,,1,1,2.524,0.0427
93.798,1.0000,0.9510,1.0381,0.9360,-3.29,17.68,0.378,,1,1,2.524,0.0427
93.863,1.0000,0.8848,1.0026,0.7792,-3.38,17.89,0.378,,1,1,2.524,0.0427
93.894,1.0000,0.8750,1.0467,0.8416,-3.50,17.31,0.379,,1,1,2.524,0.0427
93.926,1.0000,0.8803,1.1588,0.8974,-3.59,17.38,0.379,,1,1,2.524,0.0427
93.959,1.0000,0.8844,1.0380,0.8976,-3.46,16.88,0.377,,1,1,2.524,0.0427
93.992,0.9852,0.8659,0.8241,0.8065,-3.64,16.75,0.359,,1,1,2.524,0.0427
94.025,0.8844,0.8288,0.5922,0.7147,-3.81,16.31,0.356,,1,1,2.524,0.0427
94.070,0.7921,0.8189,0.5969,0.7959,-3.81,16.13,0.344,,1,1,2.524,0.0427
94.103,0.7921,0.8189,,,-3.83,16.51,0.341,,1,1,2.524,0.0427
94.131,0.6842,0.8263,0.5176,0.8391,-3.76,16.41,0.340,,1,1,2.524,0.0427
94.157,0.6624,0.8292,0.5857,0.8404,-3.71,17.31,0.337,,1,1,2.524,0.0427
94.184,0.6347,0.8296,0.5382,0.8311,-3.83,17.02,0.337,,1,1,2.524,0.0427
94.214,0.6138,0.8220,0.5474,0.7951,-3.97,17.20,0.338,,1,1,2.524,0.0427
94.261,0.6001,0.8129,0.5721,0.7928,-3.81,17.44,0.343,,1,1,2.524,0.0427
94.294,0.5915,0.8127,0.5665,0.8122,-3.84,17.17,0.341,,1,1,2.524,0.0427
94.326,0.5876,0.8106,0.5754,0.8034,-3.90,17.11,0.342,,1,1,2.524,0.0427
94.358,0.5843,0.8169,0.5742,0.8375,-3.54,16.94,0.343,,1,1,2.524,0.0427
94.389,0.5840,0.8358,0.5828,0.8995,-3.66,16.63,0.340,,1,1,2.524,0.0427
94.422,0.5845,0.8326,0.5860,0.8222,-3.66,17.89,0.341,,1,1,2.524,0.0427
94.454,0.5718,0.8308,0.5320,0.8251,-3.80,17.44,0.339,,1,1,2.524,0.0427
94.486,0.5692,0.8241,0.5609,0.8014,-3.80,17.85,0.334,,1,1,2.524,0.0427
94.518,0.5605,0.8209,0.5333,0.8109,-3.77,17.72,0.334,,1,1,2.524,0.0427
94.550,0.5580,0.8231,0.5501,0.8301,-3.79,17.18,0.334,,1,1,2.524,0.0427
94.582,0.5587,0.8314,0.5608,0.8597,-3.53,16.59,0.333,,1,1,2.524,0.0427
94.613,0.5416,0.8509,0.4869,0.9144,-3.52,15.81,0.329,,1,1,2.524,0.0427
94.661,0.5176,0.8770,0.4667,0.9333,-3.61,15.54,0.325,,1,1,2.524,0.0427
94.696,0.5017,0.8925,0.4551,0.9381,-3.38,15.54,0.322,,1,1,2.524,0.0427
94.726,0.4901,0.9016,0.4512,0.9327,-3.31,15.67,0.323,,1,1,2.524,0.0427
94.758,0.4948,0.9114,0.5104,0.9432,-3.27,16.33,0.319,,1,1,2.524,0.0427
94.789,0.4958,0.9319,0.4989,0.9973,-3.33,16.62,0.317,,1,1,2.524,0.0427
94.823,0.4940,0.9067,0.4887,0.8296,-3.44,17.05,0.328,,1,1,2.524,0.0427
94.854,0.4933,0.8030,0.4909,0.4676,-3.62,18.02,0.386,,1,1,2.524,0.0427
94.889,0.5019,0.6584,0.5283,0.2663,-3.55,18.37,0.400,,1,1,2.524,0.0427
94.923,0.5103,0.4952,0.5357,0.0853,-3.61,18.13,0.435,,1,1,2.524,0.0427
94.951,0.5132,0.4145,0.5246,0.1652,-4.06,17.53,0.443,,1,1,2.524,0.0427
94.983,0.5148,0.3156,0.5202,0.0546,-4.02,18.45,0.455,,1,1,2.524,0.0427
95.014,0.5163,0.2725,0.5214,0.1543,-4.32,17.16,0.460,,1,1,2.524,0.0427
95.046,0.5126,0.1825,0.5004,-0.0558,-4.30,18.18,0.467,,1,1,2.524,0.0427
95.077,0.5100,0.1198,0.5012,-0.0533,-4.53,17.98,0.473,,1,1,2.524,0.0427
95.110,0.5030,0.0730,0.4803,-0.1982,-4.76,19.11,0.476,,1,1,2.524,0.0427
95.141,0.4970,0.0404,0.4769,-0.2487,-4.78,19.71,0.478,,1,1,2.524,0.0427
95.174,0.4943,0.0159,0.4858,-0.2457,-4.77,19.73,0.478,,1,1,2.524,0.0427
95.221,0.4882,0.0000,0.4748,-0.2452,-4.87,19.90,0.475,,1,1,2.524,0.0427
95.256,0.4903,0.0000,0.4965,-0.3440,-4.89,20.69,0.474,,1,1,2.524,0.0427
95.286,0.4898,0.0000,0.4881,-0.2751,-4.91,20.24,0.473,,1,1,2.524,0.0427
95.319,0.4687,0.0000,0.4006,-0.2885,-4.89,19.79,0.474,,1,1,2.524,0.0427
95.352,0.4099,0.0000,0.2359,-0.3988,-4.90,19.43,0.473,,1,1,2.524,0.0427
95.382,0.3636,0.0000,0.2125,-0.5114,-4.97,19.09,0.472,,1,1,2.524,0.0427
95.414,0.3328,0.0000,0.2382,-0.4338,-5.08,19.09,0.472,,1,1,2.524,0.0427
95.445,0.3112,0.0000,0.2436,-0.2249,-5.15,18.14,0.467,,1,1,2.524,0.0427
95.478,0.2930,0.0000,0.2388,-0.3125,-5.02,18.86,0.468,,1,1,2.524,0.0427
95.511,0.2740,0.0000,0.2177,-0.2243,-5.06,18.18,0.468,,1,1,2.524,0.0427
95.542,0.2629,0.0000,0.2278,-0.2538,-5.12,18.29,0.466,,1,1,2.524,0.0427
95.574,0.2535,0.0000,0.2243,-0.2970,-5.23,18.78,0.466,,1,1,2.524,0.0427
95.608,0.2384,0.0000,0.1949,-0.2991,-5.28,18.71,0.463,,1,1,2.524,0.0427
95.639,0.2305,0.0000,0.2046,-0.3587,-5.22,19.19,0.462,,1,1,2.524,0.0427
95.670,0.2153,0.0000,0.1677,-0.3957,-5.22,19.17,0.464,,1,1,2.524,0.0427
95.702,0.2065,0.0000,0.1785,-0.2826,-5.24,18.68,0.467,,1,1,2.524,0.0427
95.735,0.1962,0.0000,0.1652,-0.3017,-5.28,18.73,0.463,,1,1,2.524,0.0427
95.781,0.1733,0.0000,0.1227,-0.4459,-5.28,19.50,0.461,,1,1,2.524,0.0427
95.814,0.1663,0.0000,0.1451,-0.4647,-5.35,19.53,0.460,,1,1,2.524,0.0427
95.846,0.1657,0.0000,0.1638,-0.4528,-5.32,19.91,0.461,,1,1,2.524,0.0427
95.878,0.1710,0.0000,0.1885,-0.2936,-5.39,19.13,0.461,,1,1,2.524,0.0427
95.909,0.1676,0.0000,0.1565,-0.3377,-5.26,18.95,0.449,,1,1,2.524,0.0427
95.942,0.1645,0.0000,0.1545,0.0906,-4.83,19.39,0.372,,1,1,2.524,0.0427
95.976,0.1645,0.0000,,,-4.37,17.87,0.267,,1,1,2.524,0.0427
96.006,0.1645,0.0000,,,-4.19,17.53,0.265,,1,1,2.524,0.0427
96.038,0.1645,0.0000,,,-4.25,17.91,0.273,,1,1,2.524,0.0427
96.070,0.1645,0.0000,,,-4.21,18.42,0.302,,1,1,2.524,0.0427
96.103,0.1645,0.0000,,,-4.28,18.15,0.312,,1,1,2.524,0.0427
96.135,0.1645,0.0000,,,-4.13,18.18,0.316,,1,1,2.524,0.0427
96.167,0.1645,0.0000,,,-4.12,17.80,0.319,,1,1,2.524,0.0427
96.198,0.1645,0.0000,,,-4.16,17.69,0.321,,1,1,2.524,0.0427
96.263,0.1645,0.0000,,,-4.01,17.76,0.327,,1,1,2.524,0.0427
96.293,0.1645,0.0000,,,-4.02,18.17,0.328,,1,1,2.524,0.0427
96.342,0.1645,0.0000,,,-4.20,18.13,0.326,,1,1,2.524,0.0427
96.374,0.1645,0.0000,,,-4.53,18.37,0.326,,1,1,2.524,0.0427
96.401,0.1645,0.0000,,,-4.58,18.51,0.326,,1,1,2.524,0.0427
96.426,0.1645,0.0000,,,-4.36,18.05,0.325,,1,1,2.524,0.0427
96.452,0.1645,0.0000,,,-4.42,18.06,0.327,,1,1,2.524,0.0427
96.477,0.1645,0.0000,,,-4.28,17.81,0.325,,1,1,2.524,0.0427
96.505,0.1645,0.0000,,,-4.34,18.32,0.326,,1,1,2.524,0.0427
96.536,0.1645,0.0000,,,-4.39,18.21,0.325,,1,1,2.524,0.0427
96.566,0.2962,0.6404,0.3241,0.7738,-4.26,18.78,0.329,,1,1,2.524,0.0427
96.600,0.3264,0.6772,0.4214,0.7881,-4.01,18.82,0.327,,1,1,2.524,0.0427
96.663,0.3244,0.7736,0.3210,0.9223,-4.24,17.94,0.329,,1,1,2.524,0.0427
96.694,0.3244,0.7736,,,-4.54,18.20,0.298,,1,1,2.524,0.0427
96.726,0.3244,0.7736,,,-4.31,17.63,0.303,,1,1,2.524,0.0427
96.758,0.3258,0.7711,0.3274,0.7684,-4.00,18.03,0.315,,1,1,2.524,0.0427
96.790,0.3410,0.7856,0.3904,0.8316,-3.54,18.48,0.314,,1,1,2.524,0.0427
96.822,0.3697,0.7924,0.4616,0.8138,-3.66,18.95,0.314,,1,1,2.524,0.0427
96.855,0.3432,0.7663,0.2583,0.6831,-3.93,18.93,0.314,,1,1,2.524,0.0427
96.887,0.3275,0.7472,0.2757,0.6843,-3.93,18.78,0.312,,1,1,2.524,0.0427
96.935,0.2952,0.7145,0.2251,0.6435,-3.73,19.13,0.301,,1,1,2.524,0.0427
96.963,0.2853,0.6968,0.2473,0.6286,-3.70,19.09,0.300,,1,1,2.524,0.0427
96.989,0.2803,0.6949,0.2615,0.6880,-3.82,18.82,0.303,,1,1,2.524,0.0427
97.014,0.2662,0.7029,0.2067,0.7371,-3.84,18.28,0.302,,1,1,2.524,0.0427
97.061,0.2492,0.7287,0.2122,0.7866,-3.88,18.63,0.300,,1,1,2.524,0.0427
97.095,0.2397,0.7318,0.2112,0.7414,-3.96,18.38,0.297,,1,1,2.524,0.0427
97.127,0.2256,0.7108,0.1799,0.6408,-4.34,20.54,0.310,,1,1,2.524,0.0427
97.158,0.2615,0.6876,0.3821,0.6114,-3.28,21.44,0.305,,1,1,2.524,0.0427
97.191,0.3418,0.6314,0.5899,0.4595,-2.32,21.36,0.312,,1,1,2.524,0.0427
97.223,0.4416,0.4854,0.7409,0.0621,-2.89,23.12,0.318,,1,1,2.524,0.0427
97.253,0.5984,0.3458,1.2667,-0.4622,-2.88,27.99,0.331,,1,1,2.524,0.0427
97.285,0.7214,0.2376,1.4157,-0.3930,-2.67,28.58,0.325,,1,1,2.524,0.0427
97.317,0.8124,0.1580,1.8436,-0.4573,-2.92,30.22,0.327,,1,1,2.524,0.0427
97.352,0.8817,0.0975,2.0734,-0.8683,-2.89,30.54,0.330,,1,1,2.524,0.0427
97.382,0.9252,0.0596,2.8337,-1.4324,-2.68,32.38,0.334,,1,1,2.524,0.0427
97.414,0.9591,0.0301,2.5114,-1.3669,-2.53,31.04,0.299,,1,1,2.524,0.0427
97.445,0.9828,0.0093,3.3429,-1.1282,-2.65,33.51,0.301,,1,1,2.524,0.0427
97.494,1.0000,0.0000,3.1324,-1.1829,-2.77,32.74,0.300,,1,1,2.524,0.0427
97.526,1.0000,0.0000,2.8168,-1.5049,-3.06,32.44,0.296,,1,1,2.524,0.0427
97.558,1.0000,0.0000,2.9151,-1.8011,-3.64,31.51,0.288,,1,1,2.524,0.0427
97.591,1.0000,0.0000,3.4073,-1.8134,-3.72,31.68,0.301,,1,1,2.524,0.0427
97.621,1.0000,0.0000,3.2136,-2.5785,-3.74,31.97,0.301,,1,1,2.524,0.0427
97.655,1.0000,0.0000,3.0037,-2.6283,-3.59,33.11,0.320,,1,1,2.524,0.0427
97.687,1.0000,0.0000,2.6308,-1.9368,-3.76,32.81,0.341,,1,1,2.524,0.0427
97.718,1.0000,0.0000,2.2795,-1.9729,-3.83,32.33,0.351,,1,1,2.524,0.0427
97.751,1.0000,0.0000,2.2446,-1.9688,-3.87,32.04,0.354,,1,1,2.524,0.0427
97.782,1.0000,0.0000,2.0276,-1.9694,-3.97,31.35,0.359,,1,1,2.524,0.0427
97.814,1.0000,0.0000,1.8744,-2.2326,-4.36,31.57,0.357,,1,1,2.524,0.0427
97.846,1.0000,0.0000,1.8919,-2.6210,-4.83,31.85,0.358,,1,1,2.524,0.0427
97.877,1.0000,0.0000,1.9227,-2.6178,-4.71,31.86,0.366,,1,1,2.524,0.0427
97.910,1.0000,0.0000,2.1730,-2.6265,-4.46,31.75,0.365,,1,1,2.524,0.0427
97.943,1.0000,0.0000,2.1629,-2.7016,-4.42,31.54,0.379,,1,1,2.524,0.0427
97.974,1.0000,0.0000,2.0858,-2.7565,-4.61,31.55,0.388,,1,1,2.524,0.0427
98.005,1.0000,0.0000,1.8271,-3.2344,-5.24,31.75,0.400,,1,1,2.524,0.0427
98.053,1.0000,0.0000,1.5446,-3.1995,-4.96,31.21,0.414,,1,1,2.524,0.0427
98.087,1.0000,0.0000,1.0678,-2.7784,-5.13,29.35,0.417,,1,1,2.524,0.0427
98.118,1.0000,0.0000,0.8932,-2.3177,-5.07,27.69,0.418,,1,1,2.524,0.0427
98.151,0.8895,0.0000,0.5276,-1.5286,-4.54,23.76,0.434,,1,1,2.524,0.0427
98.182,0.7448,0.0000,0.3250,-1.3895,-4.95,22.21,0.431,,1,1,2.524,0.0427
98.213,0.6520,0.0000,0.3936,-0.7013,-4.68,19.31,0.429,,1,1,2.524,0.0427
98.245,0.5690,0.0000,0.3479,-0.0995,-4.74,15.39,0.430,,1,1,2.524,0.0427
98.278,0.6034,0.1259,0.6990,0.6366,-4.73,9.77,0.449,,1,1,2.524,0.0427
98.312,0.6034,0.1259,,,-5.48,-12.63,0.451,,1,1,2.524,0.0427
98.343,0.6034,0.1259,,,-5.81,-18.69,0.451,,1,1,2.524,0.0427
98.373,0.6034,0.1259,,,-6.00,-19.38,0.452,,1,1,2.524,0.0427
98.406,0.6034,0.1259,,,-5.70,-22.28,0.453,,1,1,2.524,0.0427
98.439,0.6034,0.1259,,,-5.95,-22.42,0.446,,1,1,2.524,0.0427
98.472,0.6034,0.1259,,,-6.43,-24.36,0.446,,1,1,2.524,0.0427
98.502,0.6034,0.1259,,,-6.31,-24.40,0.453,,1,1,2.524,0.0427
98.534,0.6034,0.1259,,,-5.71,-24.56,0.452,,1,1,2.524,0.0427
98.567,0.6034,0.1259,,,-5.67,-24.06,0.435,,1,1,2.524,0.0427
98.616,0.6034,0.1259,,,-6.00,-24.24,0.445,,1,1,2.524,0.0427
98.646,0.6034,0.1259,,,-6.07,-24.45,0.451,,1,1,2.524,0.0427
98.678,0.6034,0.1259,,,-6.24,-24.68,0.451,,1,1,2.524,0.0427
98.709,0.6034,0.1259,,,-6.29,-22.88,0.446,,1,1,2.524,0.0427
98.742,0.6034,0.1259,,,-6.23,-23.75,0.442,,1,1,2.524,0.0427
98.775,0.6034,0.1259,,,-5.97,-24.09,0.448,,1,1,2.524,0.0427
98.807,0.6034,0.1259,,,-5.56,-23.08,0.445,,1,1,2.524,0.0427
98.838,0.6034,0.1259,,,-5.13,-22.65,0.440,,1,1,2.524,0.0427
98.871,0.6034,0.1259,,,-4.88,-22.88,0.442,,1,1,2.524,0.0427
98.903,0.6034,0.1259,,,-5.04,-23.60,0.435,,1,1,2.524,0.0427
98.933,0.6034,0.1259,,,-5.15,-23.88,0.440,,1,1,2.524,0.0427
98.966,0.6034,0.1259,,,-5.13,-24.45,0.435,,1,1,2.524,0.0427
98.997,0.6034,0.1259,,,-5.15,-25.18,0.443,,1,1,2.524,0.0427
99.065,0.6034,0.1259,,,-4.78,-25.14,0.443,,1,1,2.524,0.0427
99.095,0.6034,0.1259,,,-5.36,-24.95,0.440,,1,1,2.524,0.0427
99.126,0.6034,0.1259,,,-5.69,-25.10,0.441,,1,1,2.524,0.0427
99.157,0.6034,0.1259,,,-6.02,-24.78,0.434,,1,1,2.524,0.0427
99.207,0.6034,0.1259,,,-6.02,-24.72,0.419,,1,1,2.524,0.0427
99.238,0.6034,0.1259,,,-5.94,-21.77,0.423,,1,1,2.524,0.0427
99.264,0.6034,0.1259,,,-6.00,-21.09,0.425,,1,1,2.524,0.0427
99.289,0.6034,0.1259,,,-6.21,-19.83,0.427,,1,1,2.524,0.0427
99.315,0.6034,0.1259,,,-5.70,-13.13,0.415,,1,1,2.524,0.0427
99.341,0.6034,0.1259,,,-5.62,-8.44,0.415,,1,1,2.524,0.0427
99.368,0.9730,0.8976,1.6461,1.4075,-5.04,-0.29,0.403,,1,1,2.524,0.0427
99.398,0.9896,0.9296,1.1668,1.0363,-4.51,14.93,0.412,,1,1,2.524,0.0427
99.464,0.9858,0.7813,0.9798,0.5471,-4.54,18.08,0.416,,1,1,2.524,0.0427
99.494,0.9998,0.7636,1.0759,0.6996,-4.23,17.11,0.419,,1,1,2.524,0.0427
99.525,1.0000,0.7709,1.1245,0.7954,-4.13,16.83,0.419,,1,1,2.524,0.0427
99.558,0.9985,0.7312,0.9560,0.6045,-4.38,18.08,0.420,,1,1,2.524,0.0427
99.590,1.0000,0.7628,1.0139,0.8656,-4.20,15.93,0.420,,1,1,2.524,0.0427
99.623,1.0000,0.7629,1.0879,0.7633,-4.17,15.56,0.423,,1,1,2.524,0.0427
99.654,1.0000,0.7618,1.0264,0.7579,-4.04,14.92,0.419,,1,1,2.524,0.0427
99.687,1.0000,0.7453,1.0095,0.6929,-3.75,16.14,0.417,,1,1,2.524,0.0427
99.718,1.0000,0.7214,1.0181,0.6421,-3.84,16.25,0.419,,1,1,2.524,0.0427
99.766,1.0000,0.6652,0.9766,0.5463,-3.65,16.41,0.418,,1,1,2.524,0.0427
99.798,1.0000,0.6703,1.0058,0.6864,-3.21,15.38,0.412,,1,1,2.524,0.0427
99.823,1.0000,0.6857,1.0365,0.7492,-3.15,15.01,0.412,,1,1,2.524,0.0427
99.863,0.9821,0.6413,0.9075,0.5274,-3.34,17.77,0.410,,1,1,2.524,0.0427
99.894,0.9401,0.5696,0.8048,0.3484,-3.57,18.26,0.403,,1,1,2.524,0.0427
99.925,0.8632,0.5298,0.6209,0.4054,-3.80,16.60,0.403,,1,1,2.524,0.0427
99.958,0.7402,0.5041,0.4012,0.4301,-4.15,16.34,0.410,,1,1,2.524,0.0427
99.990,0.6881,0.4370,0.5367,0.2361,-4.05,17.61,0.412,,1,1,2.524,0.0427
100.021,0.6565,0.3953,0.5650,0.2725,-4.59,17.12,0.421,,1,1,2.524,0.0427
100.054,0.5937,0.3603,0.4199,0.2602,-4.94,17.29,0.410,,1,1,2.524,0.0427
100.088,0.6082,0.3053,0.6487,0.1548,-4.81,17.22,0.415,,1,1,2.524,0.0427
100.119,0.6118,0.2613,0.6225,0.1327,-4.74,18.10,0.420,,1,1,2.524,0.0427
100.151,0.6172,0.2153,0.6339,0.0826,-4.37,17.43,0.420,,1,1,2.524,0.0427
100.182,0.6044,0.1800,0.5647,0.0772,-4.56,18.53,0.401,,1,1,2.524,0.0427
100.213,0.6044,0.1800,,,-4.21,17.27,0.275,,1,1,2.524,0.0427
100.247,0.6044,0.1800,,,-4.18,16.62,0.232,,1,1,2.524,0.0427
100.279,0.6044,0.1800,,,-3.97,16.91,0.253,,1,1,2.524,0.0427
100.326,0.6044,0.1800,,,-3.48,17.31,0.265,,1,1,2.524,0.0427
100.358,0.6044,0.1800,,,-3.50,17.81,0.270,,1,1,2.524,0.0427
100.391,0.6044,0.1800,,,-3.26,17.67,0.289,,1,1,2.524,0.0427
100.422,0.6044,0.1800,,,-3.18,17.51,0.294,,1,1,2.524,0.0427
100.456,0.6044,0.1800,,,-3.34,17.53,0.312,,1,1,2.524,0.0427
100.485,0.7063,0.5563,0.7414,0.6859,-3.44,15.53,0.349,,1,1,2.524,0.0427
100.518,0.7290,0.6013,0.8015,0.7431,-3.33,16.18,0.374,,1,1,2.524,0.0427
100.551,0.7277,0.6103,0.7233,0.6388,-3.20,16.58,0.363,,1,1,2.524,0.0427
100.583,0.7103,0.5717,0.6532,0.4444,-3.74,16.11,0.366,,1,1,2.524,0.0427
100.614,0.7135,0.5775,0.7245,0.5975,-3.56,16.30,0.365,,1,1,2.524,0.0427
100.647,0.7206,0.6082,0.7431,0.7048,-3.34,16.57,0.368,,1,1,2.524,0.0427
100.678,0.7208,0.6451,0.7216,0.7654,-2.97,16.36,0.371,,1,1,2.524,0.0427
100.710,0.7262,0.7078,0.7443,0.9012,-3.05,16.13,0.366,,1,1,2.524,0.0427
100.742,0.7281,0.7445,0.7342,0.8553,-3.35,15.95,0.368,,1,1,2.524,0.0427
100.773,0.7274,0.7498,0.7252,0.7664,-3.49,16.30,0.367,,1,1,2.524,0.0427
100.805,0.7246,0.7465,0.7152,0.7362,-3.49,16.79,0.365,,1,1,2.524,0.0427
100.838,0.7333,0.7320,0.7609,0.6872,-3.45,17.06,0.371,,1,1,2.524,0.0427
100.870,0.7310,0.6868,0.7235,0.5412,-3.71,17.03,0.382,,1,1,2.524,0.0427
100.917,0.7497,0.6430,0.7913,0.5462,-3.94,16.39,0.381,,1,1,2.524,0.0427
100.950,0.7464,0.6100,0.7360,0.5058,-3.82,16.27,0.379,,1,1,2.524,0.0427
100.982,0.7447,0.5907,0.7391,0.5305,-3.78,16.32,0.376,,1,1,2.524,0.0427
101.013,0.7422,0.5704,0.7334,0.5037,-3.69,16.59,0.378,,1,1,2.524,0.0427
101.045,0.7426,0.5745,0.7438,0.5872,-3.49,16.52,0.378,,1,1,2.524,0.0427
101.079,0.7386,0.5756,0.7260,0.5789,-3.85,16.32,0.371,,1,1,2.524,0.0427
101.109,0.7434,0.5703,0.7599,0.5528,-3.78,16.67,0.371,,1,1,2.524,0.0427
101.142,0.7463,0.5739,0.7555,0.5851,-3.73,16.55,0.372,,1,1,2.524,0.0427
101.174,0.7503,0.5837,0.7634,0.6155,-3.47,16.99,0.374,,1,1,2.524,0.0427
101.207,0.7553,0.5743,0.7716,0.5440,-3.44,17.04,0.376,,1,1,2.524,0.0427
101.237,0.7631,0.5738,0.7897,0.5721,-3.54,17.20,0.375,,1,1,2.524,0.0427
101.271,0.7515,0.5419,0.7147,0.4440,-3.60,16.60,0.376,,1,1,2.524,0.0427
101.303,0.7483,0.5352,0.7379,0.5142,-3.57,16.25,0.377,,1,1,2.524,0.0427
101.334,0.7424,0.5294,0.7221,0.5098,-3.57,16.41,0.383,,1,1,2.524,0.0427
101.366,0.7374,0.5225,0.7208,0.5003,-3.46,16.55,0.384,,1,1,2.524,0.0427
101.398,0.7303,0.4974,0.7073,0.4186,-3.71,16.56,0.384,,1,1,2.524,0.0427
101.479,0.7358,0.4615,0.7429,0.4164,-3.62,16.59,0.379,,1,1,2.524,0.0427
101.511,0.7309,0.4528,0.7146,0.4245,-3.59,16.45,0.380,,1,1,2.524,0.0427
101.537,0.7245,0.4457,0.6988,0.4179,-3.64,16.38,0.380,,1,1,2.524,0.0427
101.563,0.7252,0.4428,0.7278,0.4316,-3.65,16.95,0.380,,1,1,2.524,0.0427
101.588,0.7286,0.4543,0.7430,0.5014,-3.60,17.12,0.385,,1,1,2.524,0.0427
101.613,0.7405,0.4712,0.7902,0.5420,-3.41,16.84,0.384,,1,1,2.524,0.0427
101.641,0.7507,0.4833,0.7892,0.5292,-3.33,16.49,0.383,,1,1,2.524,0.0427
101.670,0.7694,0.4982,0.8371,0.5529,-3.22,16.52,0.384,,1,1,2.524,0.0427
101.702,0.8044,0.5458,0.9142,0.6945,-2.88,16.18,0.379,,1,1,2.524,0.0427
101.735,0.8295,0.5930,0.9055,0.7336,-2.81,15.93,0.379,,1,1,2.524,0.0427
101.765,0.8292,0.6069,0.8283,0.6529,-2.79,16.92,0.381,,1,1,2.524,0.0427
101.798,0.8201,0.6112,0.7915,0.6240,-2.83,16.66,0.381,,1,1,2.524,0.0427
101.863,0.8603,0.7079,0.9236,0.8541,-2.34,16.06,0.388,,1,1,2.524,0.0427
101.894,0.8863,0.7616,0.9701,0.9264,-2.36,17.14,0.384,,1,1,2.524,0.0427
101.926,0.9263,0.8175,1.0908,0.9822,-2.58,17.41,0.389,,1,1,2.524,0.0427
101.959,0.9572,0.8462,1.1479,0.9289,-2.37,17.27,0.400,,1,1,2.524,0.0427
101.991,0.9802,0.8987,1.1824,1.0578,-2.18,17.02,0.394,,1,1,2.524,0.0427
102.038,1.0000,0.8607,1.0634,0.7816,-2.35,17.26,0.399,,1,1,2.524,0.0427
102.071,1.0000,0.8401,1.0368,0.7768,-2.51,17.33,0.406,,1,1,2.524,0.0427
102.097,1.0000,0.8212,1.0299,0.7480,-2.37,17.35,0.403,,1,1,2.524,0.0427
102.123,1.0000,0.7619,1.0480,0.5231,-2.64,17.63,0.403,,1,1,2.524,0.0427
102.149,1.0000,0.6803,0.9780,0.3736,-2.84,17.81,0.422,,1,1,2.524,0.0427
102.175,0.9848,0.5472,0.8716,0.0890,-2.94,18.19,0.450,,1,1,2.524,0.0427
102.203,0.9511,0.3986,0.8250,-0.0719,-3.07,18.40,0.451,,1,1,2.524,0.0427
102.263,0.9132,0.2856,0.8483,0.1247,-3.19,17.79,0.465,,1,1,2.524,0.0427
102.295,0.9039,0.2541,0.8741,0.1683,-3.19,17.46,0.459,,1,1,2.524,0.0427
102.328,0.9335,0.2554,1.0301,0.2592,-2.95,17.57,0.453,,1,1,2.524,0.0427
102.357,0.9594,0.2196,1.2622,0.1114,-2.89,18.85,0.461,,1,1,2.524,0.0427
102.391,0.9815,0.2037,1.3543,0.1596,-3.12,18.44,0.476,,1,1,2.524,0.0427
102.422,0.9974,0.2009,1.3084,0.1925,-3.06,18.13,0.472,,1,1,2.524,0.0427
102.454,1.0000,0.2263,1.2501,0.3018,-3.01,17.53,0.473,,1,1,2.524,0.0427
102.487,1.0000,0.2594,1.1726,0.3614,-3.02,16.86,0.487,,1,1,2.524,0.0427
102.519,1.0000,0.2807,1.1816,0.3495,-2.98,17.00,0.491,,1,1,2.524,0.0427
102.550,1.0000,0.3322,1.1713,0.5062,-3.23,16.09,0.494,,1,1,2.524,0.0427
102.598,1.0000,0.3729,1.1982,0.4604,-3.18,16.29,0.490,,1,1,2.524,0.0427
102.631,1.0000,0.3963,1.2449,0.4684,-3.17,16.54,0.492,,1,1,2.524,0.0427
102.662,1.0000,0.4106,1.1924,0.4573,-3.32,15.18,0.492,,1,1,2.524,0.0427
102.694,1.0000,0.4350,1.2125,0.5114,-3.29,15.02,0.492,,1,1,2.524,0.0427
102.726,1.0000,0.4914,1.2810,0.6624,-3.15,13.80,0.491,,1,1,2.524,0.0427
102.758,1.0000,0.5247,1.2700,0.6251,-3.20,13.71,0.492,,1,1,2.524,0.0427
102.790,1.0000,0.5603,1.2815,0.6666,-3.23,13.63,0.491,,1,1,2.524,0.0427
102.822,1.0000,0.5862,1.2858,0.6639,-3.25,13.52,0.489,,1,1,2.524,0.0427
102.855,1.0000,0.6047,1.2804,0.6597,-3.28,14.37,0.489,,1,1,2.524,0.0427
102.887,1.0000,0.6114,1.2471,0.6313,-3.25,15.13,0.488,,1,1,2.524,0.0427
102.920,1.0000,0.6151,0.9980,0.6262,-3.10,15.39,0.485,,1,1,2.524,0.0427
102.952,1.0000,0.5957,0.9208,0.5341,-3.15,15.83,0.483,,1,1,2.524,0.0427
102.983,0.9792,0.5563,0.8800,0.4244,-3.14,16.23,0.482,,1,1,2.524,0.0427
103.015,0.9498,0.5046,0.8583,0.3395,-3.19,16.66,0.485,,1,1,2.524,0.0427
103.046,0.9218,0.3854,0.8299,0.0108,-3.29,18.12,0.491,,1,1,2.524,0.0427
103.078,0.8957,0.2770,0.8171,-0.0250,-3.39,18.77,0.489,,1,1,2.524,0.0427
103.110,0.8845,0.1930,0.8491,-0.0438,-3.45,18.64,0.484,,1,1,2.524,0.0427
103.142,0.8515,0.1278,0.7516,-0.1170,-3.62,18.45,0.480,,1,1,2.524,0.0427
103.189,0.8046,0.1363,0.7066,0.1531,-3.44,18.01,0.485,,1,1,2.524,0.0427
103.222,0.7736,0.0867,0.6830,-0.0582,-3.61,18.62,0.480,,1,1,2.524,0.0427
103.254,0.7408,0.0868,0.6392,0.0870,-3.72,17.63,0.472,,1,1,2.524,0.0427
103.287,0.7144,0.0702,0.6394,0.0239,-3.83,18.00,0.472,,1,1,2.524,0.0427
103.319,0.6973,0.0401,0.6451,-0.0620,-3.95,19.09,0.472,,1,1,2.524,0.0427
103.351,0.6953,0.0255,0.6890,-0.0186,-4.01,18.83,0.469,,1,1,2.524,0.0427
103.382,0.6888,0.0067,0.6688,-0.1220,-3.94,19.70,0.476,,1,1,2.524,0.0427
103.415,0.6703,0.0000,0.6142,-0.0514,-3.83,19.35,0.480,,1,1,2.524,0.0427
103.446,0.6662,0.0000,0.6532,-0.0734,-3.78,19.54,0.480,,1,1,2.524,0.0427
103.479,0.6603,0.0000,0.6417,-0.0454,-3.68,19.65,0.477,,1,1,2.524,0.0427
103.510,0.6612,0.0000,0.6642,-0.0882,-3.49,19.72,0.478,,1,1,2.524,0.0427
103.541,0.6676,0.0000,0.6891,-0.1121,-3.71,20.11,0.480,,1,1,2.524,0.0427
103.575,0.6542,0.0000,0.6137,-0.1318,-4.50,20.43,0.468,,1,1,2.524,0.0427
103.606,0.6508,0.0000,0.6396,-0.2335,-4.52,20.83,0.472,,1,1,2.524,0.0427
103.638,0.6458,0.0000,0.6301,-0.2470,-4.53,20.98,0.473,,1,1,2.524,0.0427
103.671,0.6474,0.0000,0.6525,-0.2830,-4.63,21.03,0.472,,1,1,2.524,0.0427
103.702,0.6426,0.0000,0.6268,-0.3007,-4.54,21.21,0.470,,1,1,2.524,0.0427
103.749,0.6506,0.0000,0.6682,-0.3695,-4.48,21.84,0.469,,1,1,2.524,0.0427
103.782,0.6676,0.0000,0.7213,-0.4058,-4.43,21.84,0.468,,1,1,2.524,0.0427
103.814,0.6768,0.0000,0.7079,-0.4010,-4.40,21.79,0.468,,1,1,2.524,0.0427
103.846,0.6805,0.0000,0.6928,-0.4399,-4.60,22.37,0.469,,1,1,2.524,0.0427
103.878,0.6819,0.0000,0.6862,-0.4490,-4.59,22.26,0.465,,1,1,2.524,0.0427
103.910,0.6887,0.0000,0.7111,-0.3908,-4.57,22.44,0.437,,1,1,2.524,0.0427
103.941,0.6887,0.0000,,,-4.19,21.42,0.306,,1,1,2.524,0.0427
103.974,0.6887,0.0000,,,-3.91,20.51,0.271,,1,1,2.524,0.0427
104.006,0.6887,0.0000,,,-3.83,21.49,0.289,,1,1,2.524,0.0427
104.039,0.6887,0.0000,,,-3.70,21.69,0.316,,1,1,2.524,0.0427
104.070,0.6887,0.0000,,,-3.65,21.48,0.324,,1,1,2.524,0.0427
104.102,0.6887,0.0000,,,-3.73,20.71,0.329,,1,1,2.524,0.0427
104.133,0.6887,0.0000,,,-3.75,20.99,0.335,,1,1,2.524,0.0427
104.166,0.6887,0.0000,,,-3.74,20.87,0.342,,1,1,2.524,0.0427
104.199,0.6887,0.0000,,,-3.79,20.68,0.350,,1,1,2.524,0.0427
104.264,0.7198,0.0000,0.7291,-0.1120,-3.93,20.79,0.394,,1,1,2.524,0.0427
104.309,0.7342,0.0000,0.7677,-0.0471,-3.93,20.47,0.404,,1,1,2.524,0.0427
104.345,0.7407,0.0000,0.7596,-0.1330,-3.99,21.25,0.408,,1,1,2.524,0.0427
104.371,0.7406,0.0000,0.7404,-0.1507,-4.06,21.68,0.412,,1,1,2.524,0.0427
104.396,0.7280,0.0000,0.6757,-0.0520,-4.33,20.58,0.424,,1,1,2.524,0.0427
104.422,0.7190,0.0000,0.6828,-0.0732,-4.30,21.13,0.427,,1,1,2.524,0.0427
104.450,0.7180,0.0000,0.7140,-0.0483,-4.14,21.02,0.429,,1,1,2.524,0.0427
104.476,0.7170,0.0000,0.7132,-0.1023,-4.12,21.22,0.430,,1,1,2.524,0.0427
104.503,0.7081,0.0000,0.6733,-0.0674,-4.23,20.87,0.431,,1,1,2.524,0.0427
104.534,0.7038,0.0000,0.6891,-0.0686,-4.43,20.78,0.432,,1,1,2.524,0.0427
104.566,0.7107,0.0000,0.7334,-0.2312,-4.11,21.01,0.436,,1,1,2.524,0.0427
104.598,0.7225,0.0000,0.7620,-0.3207,-4.32,21.34,0.439,,1,1,2.524,0.0427
104.663,0.7451,0.0000,0.7815,-0.2899,-3.99,21.35,0.439,,1,1,2.524,0.0427
104.694,0.7237,0.0000,0.6518,-0.2215,-4.38,21.06,0.443,,1,1,2.524,0.0427
104.726,0.6976,0.0000,0.6126,-0.1669,-4.67,20.88,0.445,,1,1,2.524,0.0427
104.758,0.6843,0.0000,0.6414,-0.1715,-4.71,21.25,0.448,,1,1,2.524,0.0427
104.790,0.6642,0.0000,0.5999,-0.2687,-4.89,21.10,0.446,,1,1,2.524,0.0427
104.823,0.6511,0.0000,0.6113,-0.2767,-4.86,21.31,0.434,,1,1,2.524,0.0427
104.869,0.6418,0.0000,0.6209,-0.2374,-4.76,21.15,0.438,,1,1,2.524,0.0427
104.903,0.6284,0.0000,0.5886,-0.2967,-4.93,21.15,0.434,,1,1,2.524,0.0427
104.930,0.6241,0.0000,0.6075,-0.2267,-4.96,21.11,0.432,,1,1,2.524,0.0427
104.955,0.6211,0.0000,0.6091,-0.2438,-4.97,21.18,0.431,,1,1,2.524,0.0427
104.981,0.6202,0.0000,0.6168,-0.1843,-4.92,20.83,0.433,,1,1,2.524,0.0427
105.006,0.6211,0.0000,0.6245,-0.1563,-4.84,20.70,0.433,,1,1,2.524,0.0427
105.061,0.6290,0.0000,0.6438,-0.2614,-4.79,21.81,0.434,,1,1,2.524,0.0427
105.094,0.6389,0.0000,0.6707,-0.2955,-4.65,22.04,0.432,,1,1,2.524,0.0427
105.126,0.6451,0.0000,0.6664,-0.3836,-4.79,22.24,0.432,,1,1,2.524,0.0427
105.157,0.6491,0.0000,0.6627,-0.3716,-4.86,21.98,0.421,,1,1,2.524,0.0427
105.190,0.6772,0.0000,0.7657,0.0863,-4.45,20.53,0.405,,1,1,2.524,0.0427
105.222,0.6949,0.0232,0.7517,0.1501,-4.28,20.12,0.397,,1,1,2.524,0.0427
105.253,0.7156,0.0942,0.7828,0.3141,-4.09,20.07,0.400,,1,1,2.524,0.0427
105.287,0.7294,0.1822,0.7711,0.4286,-4.38,19.46,0.396,,1,1,2.524,0.0427
105.318,0.7385,0.2396,0.7679,0.4072,-4.58,19.88,0.387,,1,1,2.524,0.0427
105.352,0.7446,0.2881,0.7631,0.4198,-4.55,19.45,0.381,,1,1,2.524,0.0427
105.382,0.7458,0.3158,0.7499,0.4007,-4.51,19.64,0.377,,1,1,2.524,0.0427
105.415,0.7595,0.3458,0.8027,0.4313,-4.28,19.80,0.377,,1,1,2.524,0.0427
105.461,0.7679,0.4275,0.7866,0.5905,-4.35,19.04,0.366,,1,1,2.524,0.0427
105.493,0.7893,0.4458,0.8563,0.4987,-4.26,19.56,0.374,,1,1,2.524,0.0427
105.526,0.8288,0.4868,0.9482,0.6022,-4.21,19.44,0.371,,1,1,2.524,0.0427
105.559,0.8411,0.5063,0.8790,0.5626,-4.26,19.92,0.368,,1,1,2.524,0.0427
105.591,0.8614,0.5351,0.9249,0.6200,-4.12,20.10,0.365,,1,1,2.524,0.0427
105.623,0.8763,0.5822,0.9224,0.7191,-4.10,19.89,0.364,,1,1,2.524,0.0427
105.653,0.9037,0.6315,0.9912,0.7782,-4.08,19.60,0.361,,1,1,2.524,0.0427
105.686,0.9171,0.6704,0.9573,0.7792,-4.00,20.26,0.365,,1,1,2.524,0.0427
105.719,0.9195,0.6878,0.9267,0.7369,-4.05,20.54,0.364,,1,1,2.524,0.0427
105.751,0.9234,0.7092,0.9361,0.7736,-3.99,19.69,0.363,,1,1,2.524,0.0427
105.784,0.9380,0.7029,0.9828,0.6846,-4.05,19.90,0.363,,1,1,2.524,0.0427
105.814,0.9389,0.6876,0.9418,0.6387,-3.91,20.22,0.365,,1,1,2.524,0.0427
105.846,0.9333,0.6833,0.9151,0.6695,-3.89,20.10,0.364,,1,1,2.524,0.0427
105.883,0.9322,0.6760,0.9292,0.6562,-3.93,20.02,0.364,,1,1,2.524,0.0427
105.910,0.9373,0.6746,0.9568,0.6694,-3.96,19.68,0.363,,1,1,2.524,0.0427
105.942,0.9416,0.6618,0.9555,0.6194,-4.09,20.05,0.362,,1,1,2.524,0.0427
105.975,0.9363,0.6531,0.9197,0.6256,-4.23,20.00,0.360,,1,1,2.524,0.0427
106.023,0.9291,0.6477,0.9133,0.6357,-4.09,19.78,0.362,,1,1,2.524,0.0427
106.055,0.9191,0.6458,0.8860,0.6396,-4.02,19.38,0.363,,1,1,2.524,0.0427
106.086,0.9049,0.6300,0.8576,0.5776,-3.94,19.57,0.363,,1,1,2.524,0.0427
106.118,0.9083,0.6111,0.9197,0.5490,-3.98,20.07,0.367,,1,1,2.524,0.0427
106.151,0.9194,0.6314,0.9545,0.6961,-3.86,20.53,0.368,,1,1,2.524,0.0427
106.182,0.9236,0.6450,0.9379,0.6915,-3.88,20.50,0.367,,1,1,2.524,0.0427
106.214,0.9071,0.6564,0.8522,0.6940,-3.92,20.40,0.368,,1,1,2.524,0.0427
106.247,0.8810,0.6720,0.7993,0.7212,-4.00,20.26,0.372,,1,1,2.524,0.0427
106.278,0.8652,0.6515,0.8135,0.5826,-4.04,20.59,0.379,,1,1,2.524,0.0427
106.310,0.8536,0.6330,0.8163,0.5723,-4.22,20.03,0.382,,1,1,2.524,0.0427
106.343,0.8374,0.5797,0.7875,0.4165,-4.28,20.42,0.379,,1,1,2.524,0.0427
106.374,0.8259,0.5279,0.7877,0.3598,-4.10,20.26,0.387,,1,1,2.524,0.0427
106.408,0.8137,0.4601,0.7771,0.2688,-4.28,20.69,0.394,,1,1,2.524,0.0427
106.437,0.8068,0.4146,0.7834,0.2709,-4.37,20.79,0.396,,1,1,2.524,0.0427
106.470,0.7973,0.3660,0.7672,0.2249,-4.39,20.87,0.395,,1,1,2.524,0.0427
106.503,0.7847,0.3052,0.7462,0.1370,-4.56,21.08,0.401,,1,1,2.524,0.0427
106.535,0.7787,0.2432,0.7597,0.0672,-4.55,20.88,0.402,,1,1,2.524,0.0427
106.582,0.7846,0.2274,0.7975,0.1960,-4.52,20.80,0.405,,1,1,2.524,0.0427
106.614,0.7853,0.2123,0.7875,0.1678,-4.61,20.94,0.409,,1,1,2.524,0.0427
106.646,0.7881,0.1892,0.7973,0.1209,-4.54,20.89,0.409,,1,1,2.524,0.0427
106.678,0.7931,0.1665,0.8096,0.0992,-4.49,21.08,0.414,,1,1,2.524,0.0427
106.708,0.8020,0.1588,0.8326,0.1347,-4.30,20.87,0.413,,1,1,2.524,0.0427
106.742,0.8015,0.1610,0.7999,0.1675,-4.42,20.73,0.400,,1,1,2.524,0.0427
106.775,0.7921,0.2037,0.7621,0.3363,-4.67,20.17,0.313,,1,1,2.524,0.0427
106.806,0.7921,0.2037,,,-4.64,19.30,0.256,,1,1,2.524,0.0427
106.837,0.7921,0.2037,,,-4.55,19.46,0.254,,1,1,2.524,0.0427
106.870,0.7921,0.2037,,,-4.20,20.30,0.276,,1,1,2.524,0.0427
106.902,0.7921,0.2037,,,-4.12,20.59,0.285,,1,1,2.524,0.0427
106.934,0.7921,0.2037,,,-3.97,20.47,0.286,,1,1,2.524,0.0427
106.967,0.8329,0.3838,0.8553,0.4823,-4.07,20.10,0.294,,1,1,2.524,0.0427
106.998,0.8365,0.4114,0.8491,0.5043,-4.31,19.84,0.299,,1,1,2.524,0.0427
107.067,0.8134,0.4462,0.7780,0.4982,-4.39,19.49,0.308,,1,1,2.524,0.0427
107.094,0.8051,0.4569,0.7733,0.4970,-4.38,19.43,0.312,,1,1,2.524,0.0427
107.142,0.7921,0.4893,0.7635,0.5582,-4.26,18.97,0.315,,1,1,2.524,0.0427
107.174,0.7703,0.4940,0.7015,0.5087,-4.24,18.99,0.324,,1,1,2.524,0.0427
107.201,0.7537,0.4951,0.6888,0.4992,-4.25,19.11,0.329,,1,1,2.524,0.0427
107.226,0.7444,0.4893,0.7063,0.4652,-4.20,19.50,0.332,,1,1,2.524,0.0427
107.253,0.7356,0.5058,0.7025,0.5687,-4.25,19.40,0.331,,1,1,2.524,0.0427
107.279,0.7334,0.5068,0.7249,0.5108,-4.03,19.70,0.336,,1,1,2.524,0.0427
107.305,0.7254,0.5129,0.6942,0.5371,-4.08,19.45,0.337,,1,1,2.524,0.0427
107.335,0.7361,0.5177,0.7734,0.5340,-4.05,19.82,0.343,,1,1,2.524,0.0427
107.367,0.7643,0.5429,0.8575,0.6229,-3.98,20.31,0.330,,1,1,2.524,0.0427
107.399,0.7858,0.5680,0.8572,0.6480,-4.27,19.85,0.321,,1,1,2.524,0.0427
107.463,0.8496,0.5382,0.9506,0.4907,-4.23,21.05,0.331,,1,1,2.524,0.0427
107.495,0.8304,0.5543,0.7670,0.6067,-4.29,20.22,0.328,,1,1,2.524,0.0427
107.527,0.8108,0.5641,0.7459,0.5954,-4.43,20.21,0.330,,1,1,2.524,0.0427
107.557,0.8077,0.5565,0.7970,0.5303,-4.42,20.64,0.331,,1,1,2.524,0.0427
107.589,0.8060,0.5517,0.8004,0.5361,-4.40,20.89,0.332,,1,1,2.524,0.0427
107.621,0.8014,0.5639,0.7860,0.6036,-4.60,20.36,0.329,,1,1,2.524,0.0427
107.654,0.7978,0.5652,0.7865,0.5692,-4.66,20.27,0.329,,1,1,2.524,0.0427
107.686,0.7980,0.5638,0.7985,0.5592,-4.61,20.82,0.329,,1,1,2.524,0.0427
107.735,0.7834,0.5840,0.7517,0.6276,-4.58,20.28,0.330,,1,1,2.524,0.0427
107.767,0.7644,0.6026,0.7042,0.6611,-4.58,20.08,0.325,,1,1,2.524,0.0427
107.792,0.7529,0.6145,0.7052,0.6634,-4.56,19.94,0.323,,1,1,2.524,0.0427
107.819,0.7359,0.6304,0.6728,0.6894,-4.57,19.72,0.320,,1,1,2.524,0.0427
107.862,0.7175,0.6338,0.6736,0.6421,-4.47,19.74,0.320,,1,1,2.524,0.0427
107.894,0.7129,0.6323,0.6979,0.6275,-4.36,19.84,0.320,,1,1,2.524,0.0427
107.925,0.7301,0.6484,0.7872,0.7004,-4.30,19.98,0.323,,1,1,2.524,0.0427
107.957,0.7444,0.6427,0.7915,0.6246,-4.37,19.54,0.319,,1,1,2.524,0.0427
107.990,0.7666,0.6334,0.8364,0.6040,-4.25,19.86,0.318,,1,1,2.524,0.0427
108.021,0.7845,0.6212,0.8449,0.5796,-4.42,19.80,0.310,,1,1,2.524,0.0427
108.053,0.7995,0.6124,0.8474,0.5834,-4.40,19.56,0.310,,1,1,2.524,0.0427
108.087,0.8092,0.6024,0.8389,0.5713,-4.68,19.96,0.312,,1,1,2.524,0.0427
108.119,0.8218,0.5986,0.8627,0.5860,-4.52,19.95,0.315,,1,1,2.524,0.0427
108.151,0.8204,0.5935,0.8159,0.5769,-4.39,19.81,0.317,,1,1,2.524,0.0427
108.183,0.8113,0.5798,0.7815,0.5355,-4.28,20.02,0.316,,1,1,2.524,0.0427
108.214,0.8054,0.5798,0.7856,0.5797,-4.16,20.00,0.317,,1,1,2.524,0.0427
108.247,0.7826,0.6007,0.7108,0.6670,-4.36,19.93,0.318,,1,1,2.524,0.0427
108.294,0.7610,0.6254,0.7131,0.6804,-4.29,18.73,0.319,,1,1,2.524,0.0427
108.326,0.7429,0.6230,0.6832,0.6149,-4.42,19.05,0.321,,1,1,2.524,0.0427
108.362,0.7304,0.6231,0.6946,0.6235,-4.35,19.16,0.321,,1,1,2.524,0.0427
108.397,0.7334,0.6331,0.7420,0.6626,-4.27,19.23,0.317,,1,1,2.524,0.0427
108.424,0.7375,0.6364,0.7537,0.6491,-4.26,19.55,0.322,,1,1,2.524,0.0427
108.453,0.7366,0.6367,0.7335,0.6380,-4.18,19.57,0.323,,1,1,2.524,0.0427
108.486,0.7374,0.6333,0.7401,0.6220,-4.22,19.41,0.325,,1,1,2.524,0.0427
108.519,0.7373,0.6425,0.7371,0.6714,-4.21,19.36,0.324,,1,1,2.524,0.0427
108.550,0.7325,0.6578,0.7162,0.7092,-4.08,19.39,0.322,,1,1,2.524,0.0427
108.583,0.7264,0.6549,0.7074,0.6458,-4.21,19.50,0.319,,1,1,2.524,0.0427
108.614,0.7392,0.6477,0.7833,0.6230,-4.24,19.95,0.314,,1,1,2.524,0.0427
108.647,0.7575,0.6333,0.8160,0.5869,-4.35,20.80,0.313,,1,1,2.524,0.0427
108.678,0.7705,0.6268,0.8135,0.6052,-4.39,20.38,0.313,,1,1,2.524,0.0427
108.711,0.7836,0.6308,0.8255,0.6439,-4.36,20.51,0.315,,1,1,2.524,0.0427
108.742,0.7765,0.6321,0.7530,0.6363,-4.38,20.42,0.306,,1,1,2.524,0.0427
108.773,0.7717,0.6268,0.7552,0.6088,-4.56,20.14,0.306,,1,1,2.524,0.0427
108.806,0.7679,0.6270,0.7561,0.6276,-4.53,19.95,0.306,,1,1,2.524,0.0427
108.855,0.7638,0.6007,0.7549,0.5450,-4.40,20.09,0.309,,1,1,2.524,0.0427
108.887,0.7549,0.6018,0.7251,0.6056,-4.26,20.36,0.308,,1,1,2.524,0.0427
108.918,0.7676,0.6377,0.8107,0.7579,-3.90,19.33,0.309,,1,1,2.524,0.0427
108.951,0.7634,0.6870,0.7498,0.8391,-3.92,19.09,0.304,,1,1,2.524,0.0427
108.982,0.7571,0.7159,0.7356,0.8093,-4.05,19.18,0.314,,1,1,2.524,0.0427
109.014,0.7639,0.7185,0.7860,0.7266,-4.13,19.51,0.320,,1,1,2.524,0.0427
109.047,0.7655,0.7355,0.7706,0.7884,-3.91,18.95,0.320,,1,1,2.524,0.0427
109.079,0.7209,0.7123,0.5798,0.6386,-4.41,19.40,0.321,,1,1,2.524,0.0427
109.110,0.6828,0.6925,0.5596,0.6261,-4.58,18.94,0.316,,1,1,2.524,0.0427
109.141,0.6275,0.6673,0.4526,0.5817,-4.61,19.03,0.315,,1,1,2.524,0.0427
109.174,0.5860,0.6382,0.4642,0.5468,-4.61,18.84,0.319,,1,1,2.524,0.0427
109.207,0.5338,0.5863,0.3835,0.4292,-4.78,19.75,0.317,,1,1,2.524,0.0427
109.238,0.5011,0.5421,0.4022,0.4037,-4.78,19.83,0.318,,1,1,2.524,0.0427
109.271,0.4789,0.5129,0.4134,0.4248,-4.75,19.59,0.317,,1,1,2.524,0.0427
109.302,0.4595,0.4784,0.4005,0.3724,-4.71,19.90,0.317,,1,1,2.524,0.0427
109.335,0.4413,0.4445,0.3884,0.3462,-4.85,19.91,0.322,,1,1,2.524,0.0427
109.366,0.4355,0.4027,0.4173,0.2742,-4.74,19.94,0.336,,1,1,2.524,0.0427
109.400,0.4323,0.3795,0.4232,0.3147,-4.76,20.03,0.339,,1,1,2.524,0.0427
109.447,0.4210,0.3704,0.3966,0.3511,-4.48,19.47,0.334,,1,1,2.524,0.0427
109.478,0.4133,0.3678,0.3885,0.3597,-4.76,19.56,0.333,,1,1,2.524,0.0427
109.509,0.4043,0.3665,0.3760,0.3625,-4.73,19.35,0.337,,1,1,2.524,0.0427
109.542,0.4060,0.3825,0.4111,0.4322,-4.59,18.79,0.340,,1,1,2.524,0.0427
109.573,0.4079,0.3942,0.4144,0.4326,-4.74,18.77,0.341,,1,1,2.524,0.0427
109.608,0.4078,0.3472,0.4074,0.2097,-4.87,19.28,0.344,,1,1,2.524,0.0427
109.638,0.4067,0.3380,0.4030,0.3067,-4.86,19.32,0.344,,1,1,2.524,0.0427
109.671,0.4062,0.3254,0.4046,0.2870,-4.90,19.15,0.339,,1,1,2.524,0.0427
109.702,0.4075,0.3098,0.4117,0.2602,-4.94,19.45,0.340,,1,1,2.524,0.0427
109.735,0.3962,0.3146,0.3601,0.3294,-4.80,19.63,0.337,,1,1,2.524,0.0427
109.767,0.4057,0.3463,0.4364,0.4492,-4.83,19.80,0.337,,1,1,2.524,0.0427
109.799,0.4023,0.3356,0.3913,0.3006,-5.00,20.00,0.336,,1,1,2.524,0.0427
109.862,0.4425,0.2743,0.5092,0.1753,-4.94,20.51,0.340,,1,1,2.524,0.0427
109.893,0.4464,0.2472,0.4596,0.1593,-4.97,20.15,0.335,,1,1,2.524,0.0427
109.926,0.4347,0.2134,0.3970,0.1114,-5.29,20.34,0.322,,1,1,2.524,0.0427
109.958,0.4210,0.1811,0.3757,0.0808,-5.23,19.89,0.322,,1,1,2.524,0.0427
110.006,0.4264,0.1106,0.4380,-0.0310,-5.14,20.52,0.323,,1,1,2.524,0.0427
110.038,0.4354,0.1281,0.4651,0.1823,-5.07,19.85,0.322,,1,1,2.524,0.0427
110.065,0.4449,0.1525,0.4830,0.2472,-5.14,19.56,0.321,,1,1,2.524,0.0427
110.090,0.4393,0.1606,0.4150,0.1949,-5.00,19.65,0.322,,1,1,2.524,0.0427
110.116,0.4289,0.1523,0.3871,0.1192,-5.03,19.55,0.323,,1,1,2.524,0.0427
110.140,0.4246,0.1431,0.4061,0.1042,-5.29,19.85,0.322,,1,1,2.524,0.0427
110.166,0.4363,0.1029,0.4835,-0.0687,-5.12,20.57,0.322,,1,1,2.524,0.0427
110.200,0.4453,0.1019,0.4728,0.0991,-5.29,20.46,0.315,,1,1,2.524,0.0427
110.267,0.4267,0.1355,0.3971,0.1879,-4.91,20.30,0.312,,1,1,2.524,0.0427
110.297,0.4297,0.1369,0.4399,0.1414,-4.82,20.24,0.318,,1,1,2.524,0.0427
110.327,0.4288,0.1084,0.4258,0.0094,-5.18,20.21,0.324,,1,1,2.524,0.0427
110.359,0.4360,0.0786,0.4597,-0.0155,-5.03,20.60,0.325,,1,1,2.524,0.0427
110.389,0.4398,0.0499,0.4531,-0.0434,-5.03,20.68,0.328,,1,1,2.524,0.0427
110.422,0.4344,0.0383,0.4170,0.0031,-5.38,20.33,0.315,,1,1,2.524,0.0427
110.454,0.4256,0.0245,0.3959,-0.0191,-5.51,20.36,0.318,,1,1,2.524,0.0427
110.486,0.4184,0.0123,0.3953,-0.0252,-5.68,20.21,0.317,,1,1,2.524,0.0427
110.518,0.4133,0.0000,0.3963,-0.0567,-5.59,20.83,0.317,,1,1,2.524,0.0427
110.567,0.4024,0.0000,0.3794,-0.0819,-5.81,20.91,0.316,,1,1,2.524,0.0427
110.599,0.3907,0.0000,0.3524,-0.0680,-5.68,20.71,0.319,,1,1,2.524,0.0427
110.627,0.3861,0.0000,0.3690,-0.0591,-5.61,20.72,0.323,,1,1,2.524,0.0427
110.662,0.3405,0.0000,0.2098,-0.6982,-5.66,21.65,0.376,,1,1,2.524,0.0427
110.693,0.3372,0.0000,0.3262,-0.8644,-5.74,22.36,0.407,,1,1,2.524,0.0427
110.725,0.3182,0.0000,0.2586,-1.0711,-5.87,22.05,0.420,,1,1,2.524,0.0427
110.757,0.3093,0.0000,0.2814,-1.2533,-5.71,22.12,0.431,,1,1,2.524,0.0427
110.790,0.3122,0.0000,0.3211,-1.2111,-5.36,22.14,0.431,,1,1,2.524,0.0427
110.827,0.3216,0.0000,0.3486,-1.3161,-5.29,21.94,0.434,,1,1,2.524,0.0427
110.855,0.3255,0.0000,0.3396,-1.3367,-5.30,22.49,0.431,,1,1,2.524,0.0427
110.886,0.3346,0.0000,0.3649,-1.3362,-5.38,22.33,0.430,,1,1,2.524,0.0427
110.922,0.3408,0.0000,0.3589,-1.3609,-5.50,22.27,0.432,,1,1,2.524,0.0427
110.951,0.3376,0.0000,0.3262,-1.3381,-5.51,22.25,0.433,,1,1,2.524,0.0427
110.983,0.3396,0.0000,0.3463,-1.1870,-5.66,21.98,0.444,,1,1,2.524,0.0427
111.014,0.3381,0.0000,0.3328,-1.2515,-5.69,21.83,0.444,,1,1,2.524,0.0427
111.046,0.3338,0.0000,0.3195,-1.2935,-5.67,22.21,0.448,,1,1,2.524,0.0427
111.078,0.3384,0.0000,0.3536,-1.1162,-5.78,22.07,0.441,,1,1,2.524,0.0427
111.125,0.3430,0.0000,0.3533,-1.1478,-5.63,22.15,0.438,,1,1,2.524,0.0427
111.157,0.3416,0.0000,0.3372,-1.1931,-5.54,21.96,0.445,,1,1,2.524,0.0427
111.190,0.3415,0.0000,0.3409,-1.1491,-5.59,21.82,0.444,,1,1,2.524,0.0427
111.223,0.3329,0.0000,0.3058,-1.3901,-5.64,22.33,0.442,,1,1,2.524,0.0427
111.253,0.3250,0.0000,0.2978,-1.3232,-5.66,22.40,0.446,,1,1,2.524,0.0427
111.286,0.3091,0.0000,0.2583,-1.3733,-5.86,22.77,0.443,,1,1,2.524,0.0427
111.318,0.2845,0.0000,0.2055,-1.4217,-6.18,23.09,0.443,,1,1,2.524,0.0427
111.352,0.2645,0.0000,0.2048,-1.4247,-6.26,23.02,0.444,,1,1,2.524,0.0427
111.382,0.2594,0.0000,0.2421,-1.3608,-6.23,22.28,0.443,,1,1,2.524,0.0427
111.416,0.2518,0.0000,0.2286,-1.2282,-6.04,21.83,0.442,,1,1,2.524,0.0427
111.447,0.2404,0.0000,0.2029,-1.2614,-5.94,22.29,0.445,,1,1,2.524,0.0427
111.479,0.2318,0.0000,0.2044,-1.1232,-5.81,21.76,0.442,,1,1,2.524,0.0427
111.510,0.2238,0.0000,0.1974,-1.3521,-5.90,22.90,0.443,,1,1,2.524,0.0427
111.543,0.2308,0.0000,0.2528,-0.8884,-5.86,21.69,0.440,,1,1,2.524,0.0427
111.575,0.2513,0.0000,0.3190,-0.7412,-5.53,22.21,0.440,,1,1,2.524,0.0427
111.606,0.3217,0.0000,0.5504,-0.8091,-5.37,22.40,0.443,,1,1,2.524,0.0427
111.638,0.3585,0.0000,0.4727,-0.5367,-5.27,21.63,0.442,,1,1,2.524,0.0427
111.670,0.4034,0.0000,0.5402,-0.5221,-5.10,21.77,0.439,,1,1,2.524,0.0427
111.718,0.4402,0.0000,0.5158,-0.3596,-5.02,21.18,0.441,,1,1,2.524,0.0427
111.750,0.5046,0.0000,0.6933,-0.2406,-4.68,21.35,0.441,,1,1,2.524,0.0427
111.783,0.5574,0.0000,0.7073,-0.2173,-4.72,21.80,0.441,,1,1,2.524,0.0427
111.820,0.5969,0.0000,0.6983,-0.1871,-4.88,21.83,0.443,,1,1,2.524,0.0427
111.847,0.6225,0.0000,0.7109,-0.0550,-4.41,20.72,0.447,,1,1,2.524,0.0427
111.877,0.6374,0.0000,0.6842,-0.0082,-4.29,20.40,0.450,,1,1,2.524,0.0427
111.910,0.6612,0.0000,0.7308,0.0325,-4.32,19.95,0.454,,1,1,2.524,0.0427
111.941,0.6734,0.0000,0.7103,0.0016,-4.49,20.60,0.460,,1,1,2.524,0.0427
111.973,0.6850,0.0054,0.7205,0.0796,-4.66,20.41,0.458,,1,1,2.524,0.0427
112.006,0.7064,0.0202,0.7687,0.0657,-4.52,20.51,0.454,,1,1,2.524,0.0427
112.039,0.7412,0.0696,0.8428,0.2190,-4.16,19.57,0.453,,1,1,2.524,0.0427
112.070,0.7564,0.0813,0.8041,0.1190,-4.32,20.41,0.454,,1,1,2.524,0.0427
112.102,0.7601,0.0907,0.7716,0.1203,-4.30,19.80,0.456,,1,1,2.524,0.0427
112.135,0.7612,0.0974,0.7646,0.1178,-4.20,20.05,0.453,,1,1,2.524,0.0427
112.167,0.7633,0.1029,0.7699,0.1202,-4.19,19.98,0.454,,1,1,2.524,0.0427
112.198,0.7634,0.1228,0.7635,0.1878,-4.12,18.99,0.454,,1,1,2.524,0.0427
112.283,0.7883,0.1074,0.8182,0.0886,-4.28,19.32,0.461,,1,1,2.524,0.0427
112.311,0.8234,0.1353,0.9467,0.2344,-4.10,19.23,0.466,,1,1,2.524,0.0427
112.338,0.8628,0.1652,1.0065,0.2759,-4.02,19.21,0.469,,1,1,2.524,0.0427
112.367,0.8968,0.1882,1.0084,0.2657,-3.81,19.20,0.470,,1,1,2.524,0.0427
112.393,0.9186,0.2002,1.0024,0.2474,-3.84,19.44,0.474,,1,1,2.524,0.0427
112.418,0.9354,0.2231,0.9973,0.3093,-4.03,19.27,0.476,,1,1,2.524,0.0427
112.445,0.9413,0.2286,0.9629,0.2491,-3.93,19.28,0.474,,1,1,2.524,0.0427
112.471,0.9461,0.2260,0.9641,0.2157,-3.94,19.36,0.479,,1,1,2.524,0.0427
112.503,0.9720,0.2492,1.0570,0.3204,-3.88,18.72,0.485,,1,1,2.524,0.0427
112.535,0.9909,0.2619,1.0600,0.3021,-3.77,18.98,0.488,,1,1,2.524,0.0427
112.567,1.0000,0.2573,1.0565,0.2432,-3.89,19.08,0.491,,1,1,2.524,0.0427
112.599,1.0000,0.2511,1.0747,0.2311,-3.82,19.61,0.491,,1,1,2.524,0.0427
112.665,1.0000,0.1715,0.9995,0.0438,-4.13,19.39,0.490,,1,1,2.524,0.0427
112.694,1.0000,0.1538,1.0288,0.0888,-3.99,19.18,0.496,,1,1,2.524,0.0427
112.726,1.0000,0.1334,1.0274,0.0680,-4.08,19.54,0.499,,1,1,2.524,0.0427
112.758,1.0000,0.1177,1.0018,0.0680,-4.17,19.42,0.498,,1,1,2.524,0.0427
112.790,1.0000,0.1249,1.0323,0.1487,-4.17,18.91,0.493,,1,1,2.524,0.0427
112.837,1.0000,0.1637,1.0813,0.2496,-3.99,18.47,0.496,,1,1,2.524,0.0427
112.869,1.0000,0.2005,1.1175,0.3191,-3.96,18.44,0.478,,1,1,2.524,0.0427
112.896,1.0000,0.2335,1.1380,0.3577,-3.95,18.44,0.468,,1,1,2.524,0.0427
112.922,1.0000,0.3062,1.2195,0.5776,-3.72,18.08,0.402,,1,1,2.524,0.0427
112.948,1.0000,0.3062,,,-3.47,17.20,0.278,,1,1,2.524,0.0427
112.975,1.0000,0.3062,,,-3.25,13.84,0.123,,1,1,2.524,0.0427
113.002,1.0000,0.3062,,,-3.24,13.27,0.144,,1,1,2.524,0.0427
113.063,1.0000,0.3062,,,-3.08,15.19,0.226,,1,1,2.524,0.0427
113.093,1.0000,0.3062,,,-2.74,15.31,0.246,,1,1,2.524,0.0427
113.126,1.0000,0.3062,,,-2.71,15.92,0.260,,1,1,2.524,0.0427
113.158,1.0000,0.3062,,,-2.67,16.83,0.271,,1,1,2.524,0.0427
113.190,1.0000,0.3062,,,-2.61,17.48,0.281,,1,1,2.524,0.0427
113.223,1.0000,0.3062,,,-2.83,17.83,0.286,,1,1,2.524,0.0427
113.256,1.0000,0.3062,,,-2.88,17.85,0.287,,1,1,2.524,0.0427
113.287,1.0000,0.3062,,,-2.83,18.44,0.289,,1,1,2.524,0.0427
113.319,1.0000,0.3062,,,-2.79,19.23,0.289,,1,1,2.524,0.0427
113.351,1.0000,0.3062,,,-2.86,18.86,0.293,,1,1,2.524,0.0427
113.397,1.0000,0.3062,,,-2.87,18.78,0.293,,1,1,2.524,0.0427
113.430,1.0000,0.3062,,,-2.74,18.53,0.296,,1,1,2.524,0.0427
113.462,1.0000,0.3062,,,-2.84,18.27,0.298,,1,1,2.524,0.0427
113.493,1.0000,0.3062,,,-3.08,17.85,0.301,,1,1,2.524,0.0427
113.526,1.0000,0.3062,,,-2.98,18.22,0.305,,1,1,2.524,0.0427
113.560,1.0000,0.3062,,,-3.32,18.62,0.309,,1,1,2.524,0.0427
113.589,1.0000,0.3062,,,-3.11,18.54,0.311,,1,1,2.524,0.0427
113.622,1.0000,0.3062,,,-3.16,18.34,0.304,,1,1,2.524,0.0427
113.653,1.0000,0.3062,,,-3.13,18.21,0.304,,1,1,2.524,0.0427
113.687,1.0000,0.9263,1.0616,1.1194,-3.12,18.27,0.306,,1,1,2.524,0.0427
113.719,1.0000,0.9263,,,-3.16,17.83,0.295,,1,1,2.524,0.0427
113.750,1.0000,0.9263,,,-2.98,18.59,0.295,,1,1,2.524,0.0427
113.783,1.0000,0.9867,1.0852,1.2095,-3.04,18.52,0.298,,1,1,2.524,0.0427
113.814,1.0000,1.0000,1.0578,1.1933,-3.01,18.27,0.300,,1,1,2.524,0.0427
113.846,1.0000,1.0000,1.0708,1.2016,-3.01,18.07,0.298,,1,1,2.524,0.0427
113.878,1.0000,1.0000,1.0662,1.1682,-3.13,18.32,0.307,,1,1,2.524,0.0427
113.910,1.0000,1.0000,1.0494,1.1482,-3.21,18.03,0.306,,1,1,2.524,0.0427
113.942,1.0000,1.0000,1.0224,1.0619,-3.60,17.81,0.307,,1,1,2.524,0.0427
113.992,1.0000,1.0000,1.0398,1.0969,-3.57,17.66,0.316,,1,1,2.524,0.0427
114.022,1.0000,1.0000,1.0519,1.0829,-3.50,18.21,0.317,,1,1,2.524,0.0427
114.054,1.0000,1.0000,1.0286,0.9931,-3.36,18.93,0.319,,1,1,2.524,0.0427
114.086,1.0000,1.0000,1.0559,0.9586,-3.19,18.94,0.319,,1,1,2.524,0.0427
114.118,1.0000,0.9895,1.0494,0.9117,-3.28,19.29,0.324,,1,1,2.524,0.0427
114.151,1.0000,0.9497,1.0313,0.8253,-3.57,19.54,0.320,,1,1,2.524,0.0427
114.184,0.9740,0.9067,0.7667,0.7757,-3.92,18.77,0.316,,1,1,2.524,0.0427
114.216,0.9188,0.8149,0.7518,0.5465,-4.19,19.33,0.306,,1,1,2.524,0.0427
114.246,0.8737,0.7417,0.7301,0.5187,-4.18,19.41,0.313,,1,1,2.524,0.0427
114.278,0.8360,0.7011,0.7221,0.5832,-4.32,20.08,0.315,,1,1,2.524,0.0427
114.309,0.8030,0.6725,0.7032,0.5886,-4.59,19.83,0.315,,1,1,2.524,0.0427
114.342,0.7879,0.6609,0.7437,0.6275,-4.53,19.25,0.316,,1,1,2.524,0.0427
114.374,0.7756,0.6132,0.7383,0.4741,-4.41,20.34,0.320,,1,1,2.524,0.0427
114.406,0.7762,0.5498,0.7783,0.3685,-4.38,21.35,0.328,,1,1,2.524,0.0427
114.440,0.7439,0.5631,0.6491,0.6009,-4.48,19.87,0.332,,1,1,2.524,0.0427
114.470,0.7138,0.5514,0.6179,0.5147,-4.24,19.92,0.333,,1,1,2.524,0.0427
114.504,0.7034,0.5215,0.6734,0.4378,-4.26,20.59,0.330,,1,1,2.524,0.0427
114.552,0.6962,0.4667,0.6812,0.3578,-4.68,20.61,0.323,,1,1,2.524,0.0427
114.585,0.7084,0.4372,0.7457,0.3521,-4.60,20.78,0.333,,1,1,2.524,0.0427
114.616,0.7093,0.3933,0.7125,0.2587,-4.59,21.55,0.335,,1,1,2.524,0.0427
114.646,0.7378,0.3610,0.8345,0.2625,-4.69,21.33,0.326,,1,1,2.524,0.0427
114.678,0.7334,0.3798,0.7188,0.4374,-4.29,20.73,0.327,,1,1,2.524,0.0427
114.711,0.7346,0.3804,0.7386,0.3821,-4.25,20.83,0.327,,1,1,2.524,0.0427
114.741,0.7204,0.3875,0.6724,0.4107,-4.32,21.28,0.328,,1,1,2.524,0.0427
114.774,0.7060,0.3944,0.6596,0.4161,-4.40,21.36,0.328,,1,1,2.524,0.0427
114.805,0.6989,0.3966,0.6754,0.4039,-4.29,21.36,0.336,,1,1,2.524,0.0427
114.841,0.6896,0.3786,0.6628,0.3271,-4.37,22.08,0.337,,1,1,2.524,0.0427
114.870,0.6692,0.3851,0.5989,0.4078,-4.35,21.66,0.323,,1,1,2.524,0.0427
114.902,0.6412,0.3865,0.5513,0.3910,-4.66,21.17,0.323,,1,1,2.524,0.0427
114.936,0.6396,0.3874,0.6346,0.3903,-4.72,20.48,0.321,,1,1,2.524,0.0427
114.967,0.5778,0.3731,0.3848,0.3259,-5.08,21.01,0.320,,1,1,2.524,0.0427
114.999,0.5077,0.3658,0.2977,0.3419,-5.21,20.04,0.310,,1,1,2.524,0.0427
115.062,0.5612,0.2607,0.6456,0.0942,-5.29,21.27,0.323,,1,1,2.524,0.0427
115.109,0.5121,0.2591,0.4091,0.2556,-5.33,21.07,0.321,,1,1,2.524,0.0427
115.142,0.4892,0.2431,0.4206,0.1939,-5.40,21.08,0.298,,1,1,2.524,0.0427
115.171,0.4730,0.2381,0.4183,0.2208,-5.47,21.22,0.279,,1,1,2.524,0.0427
115.198,0.4675,0.2224,0.4469,0.1629,-5.50,21.06,0.281,,1,1,2.524,0.0427
115.225,0.4850,0.1892,0.5504,0.0678,-5.36,21.92,0.286,,1,1,2.524,0.0427
115.251,0.4781,0.1723,0.4522,0.1101,-5.36,21.85,0.291,,1,1,2.524,0.0427
115.277,0.4652,0.1762,0.4139,0.1915,-5.26,21.63,0.293,,1,1,2.524,0.0427
115.303,0.4458,0.1809,0.3703,0.1991,-5.33,21.09,0.294,,1,1,2.524,0.0427
115.335,0.4356,0.1627,0.4039,0.1058,-5.19,20.87,0.298,,1,1,2.524,0.0427
115.367,0.4224,0.1564,0.3809,0.1364,-5.28,20.79,0.291,,1,1,2.524,0.0427
115.399,0.4061,0.1297,0.3554,0.0468,-5.49,21.01,0.298,,1,1,2.524,0.0427
115.463,0.3533,0.1316,0.2715,0.1346,-5.94,20.75,0.296,,1,1,2.524,0.0427
115.494,0.3371,0.1125,0.2843,0.0493,-5.68,21.54,0.303,,1,1,2.524,0.0427
115.526,0.3160,0.0905,0.2515,0.0229,-5.86,21.58,0.307,,1,1,2.524,0.0427
115.557,0.3427,0.0865,0.4313,0.0734,-5.70,21.84,0.297,,1,1,2.524,0.0427
115.590,0.3975,0.0612,0.5726,-0.0158,-5.46,22.44,0.321,,1,1,2.524,0.0427
115.622,0.4446,0.0720,0.5967,0.1069,-5.38,21.77,0.338,,1,1,2.524,0.0427
115.671,0.5214,0.0756,0.6762,0.0831,-4.90,21.69,0.345,,1,1,2.524,0.0427
115.702,0.5492,0.0865,0.6385,0.1240,-5.01,21.71,0.355,,1,1,2.524,0.0427
115.727,0.5653,0.0989,0.6270,0.1498,-5.03,21.68,0.360,,1,1,2.524,0.0427
115.754,0.5672,0.0894,0.5740,0.0525,-5.21,21.98,0.360,,1,1,2.524,0.0427
115.781,0.5656,0.0709,0.5595,-0.0012,-5.16,21.98,0.361,,1,1,2.524,0.0427
115.809,0.5596,0.0448,0.5379,-0.0764,-5.17,22.17,0.363,,1,1,2.524,0.0427
115.863,0.5446,0.0116,0.5164,-0.1014,-5.23,22.69,0.353,,1,1,2.524,0.0427
115.895,0.5376,0.0000,0.5142,-0.0805,-5.18,22.30,0.353,,1,1,2.524,0.0427
115.927,0.5403,0.0000,0.5493,-0.0266,-5.23,22.35,0.349,,1,1,2.524,0.0427
115.958,0.5605,0.0303,0.6277,0.1630,-5.05,21.90,0.340,,1,1,2.524,0.0427
115.989,0.5854,0.0758,0.6682,0.2292,-5.09,21.73,0.341,,1,1,2.524,0.0427
116.023,0.6302,0.1147,0.7603,0.2295,-4.98,21.44,0.353,,1,1,2.524,0.0427
116.055,0.6555,0.1464,0.7337,0.2450,-4.92,21.43,0.350,,1,1,2.524,0.0427
116.087,0.6838,0.1638,0.7703,0.2181,-4.91,21.69,0.350,,1,1,2.524,0.0427
116.117,0.6978,0.1806,0.7434,0.2355,-4.83,21.79,0.349,,1,1,2.524,0.0427
116.151,0.7042,0.1929,0.7235,0.2296,-4.78,21.95,0.351,,1,1,2.524,0.0427
116.184,0.7010,0.1733,0.6909,0.1125,-4.69,21.95,0.358,,1,1,2.524,0.0427
116.216,0.6803,0.1886,0.6149,0.2362,-4.69,21.53,0.351,,1,1,2.524,0.0427
116.263,0.6803,0.1886,,,-5.20,19.59,0.255,,1,1,2.524,0.0427
116.294,0.6803,0.1886,,,-5.21,17.83,0.170,,1,1,2.524,0.0427
116.327,0.6803,0.1886,,,-5.16,17.97,0.162,,1,1,2.524,0.0427
116.358,0.6803,0.1886,,,-5.56,17.95,0.176,,1,1,2.524,0.0427
116.391,0.6803,0.1886,,,-5.46,18.13,0.185,,1,1,2.524,0.0427
116.423,0.6803,0.1886,,,-5.27,18.06,0.186,,1,1,2.524,0.0427
116.454,0.6803,0.1886,,,-5.35,18.71,0.199,,1,1,2.524,0.0427
116.486,0.6803,0.1886,,,-5.49,18.60,0.205,,1,1,2.524,0.0427
116.517,0.6803,0.1886,,,-5.48,18.89,0.218,,1,1,2.524,0.0427
116.550,0.6803,0.1886,,,-5.53,19.51,0.227,,1,1,2.524,0.0427
116.582,0.6803,0.1886,,,-5.57,20.04,0.236,,1,1,2.524,0.0427
116.614,0.5471,0.3360,0.5116,0.3744,-5.54,20.38,0.251,,1,1,2.524,0.0427
116.646,0.5147,0.3591,0.4116,0.4318,-5.58,20.00,0.254,,1,1,2.524,0.0427
116.677,0.4965,0.3841,0.4358,0.4663,-5.14,20.07,0.269,,1,1,2.524,0.0427
116.711,0.4844,0.3973,0.4476,0.4369,-5.18,20.40,0.274,,1,1,2.524,0.0427
116.741,0.4811,0.3971,0.4700,0.3965,-5.38,20.71,0.272,,1,1,2.524,0.0427
116.776,0.4929,0.3663,0.5277,0.2743,-5.32,20.92,0.275,,1,1,2.524,0.0427
116.822,0.4625,0.3475,0.3952,0.3044,-5.37,21.04,0.286,,1,1,2.524,0.0427
116.854,0.4074,0.3348,0.2369,0.2933,-5.43,20.85,0.291,,1,1,2.524,0.0427
116.887,0.4108,0.2754,0.4209,0.0946,-5.45,20.79,0.289,,1,1,2.524,0.0427
116.917,0.3802,0.2426,0.2794,0.1342,-5.51,20.58,0.290,,1,1,2.524,0.0427
116.950,0.3653,0.1808,0.3196,-0.0028,-5.58,21.20,0.291,,1,1,2.524,0.0427
116.983,0.3432,0.1415,0.2764,0.0271,-5.59,21.25,0.289,,1,1,2.524,0.0427
117.015,0.3374,0.1156,0.3198,0.0392,-5.65,21.01,0.291,,1,1,2.524,0.0427
117.045,0.3363,0.0758,0.3324,-0.0499,-5.80,21.33,0.292,,1,1,2.524,0.0427
117.078,0.3407,0.0436,0.3547,-0.1062,-5.85,21.17,0.291,,1,1,2.524,0.0427
117.112,0.3350,0.0192,0.3175,-0.0592,-5.90,21.19,0.302,,1,1,2.524,0.0427
117.142,0.3333,0.0026,0.3275,-0.1005,-5.99,21.27,0.296,,1,1,2.524,0.0427
117.175,0.3300,0.0000,0.3195,-0.1155,-5.92,21.46,0.306,,1,1,2.524,0.0427
117.206,0.3102,0.0000,0.2462,-0.0347,-6.06,21.21,0.293,,1,1,2.524,0.0427
117.238,0.2865,0.0000,0.2113,-0.0354,-6.29,21.03,0.300,,1,1,2.524,0.0427
117.270,0.2700,0.0000,0.2189,-0.0191,-6.30,21.05,0.296,,1,1,2.524,0.0427
117.302,0.2497,0.0000,0.1847,-0.0615,-5.92,21.57,0.298,,1,1,2.524,0.0427
117.336,0.2372,0.0000,0.2001,-0.0216,-5.72,21.42,0.295,,1,1,2.524,0.0427
117.381,0.2806,0.0000,0.3791,-0.0040,-5.85,21.10,0.286,,1,1,2.524,0.0427
117.415,0.2900,0.0000,0.3196,-0.0906,-5.95,21.58,0.288,,1,1,2.524,0.0427
117.446,0.3037,0.0000,0.3493,-0.0992,-5.83,21.74,0.295,,1,1,2.524,0.0427
117.478,0.2972,0.0000,0.2756,0.0342,-5.90,21.22,0.298,,1,1,2.524,0.0427
117.512,0.2824,0.0000,0.2367,-0.0964,-5.99,21.49,0.314,,1,1,2.524,0.0427
117.543,0.2811,0.0000,0.2766,-0.3139,-5.89,21.94,0.321,,1,1,2.524,0.0427
117.575,0.2807,0.0000,0.2796,-0.5668,-5.83,22.41,0.330,,1,1,2.524,0.0427
117.605,0.2894,0.0000,0.3191,-0.6038,-5.77,22.44,0.336,,1,1,2.524,0.0427
117.639,0.2921,0.0000,0.3008,-0.6618,-5.70,22.66,0.350,,1,1,2.524,0.0427
117.670,0.2845,0.0000,0.2587,-0.7696,-5.60,23.76,0.355,,1,1,2.524,0.0427
117.702,0.2806,0.0000,0.2676,-0.5921,-5.56,23.33,0.356,,1,1,2.524,0.0427
117.733,0.2850,0.0000,0.3000,-0.6079,-5.65,23.66,0.358,,1,1,2.524,0.0427
117.767,0.2890,0.0000,0.3014,-0.7985,-6.03,23.88,0.360,,1,1,2.524,0.0427
117.799,0.2950,0.0000,0.3149,-0.4311,-6.04,23.00,0.345,,1,1,2.524,0.0427
117.862,0.2806,0.0000,0.2568,-0.4130,-5.96,22.54,0.339,,1,1,2.524,0.0427
117.894,0.2801,0.0000,0.2783,-0.3198,-5.91,22.63,0.323,,1,1,2.524,0.0427
117.928,0.2732,0.0000,0.2517,-0.3117,-5.96,22.50,0.320,,1,1,2.524,0.0427
117.973,0.2761,0.0000,0.2829,-0.2527,-5.78,22.29,0.320,,1,1,2.524,0.0427
117.999,0.2806,0.0000,0.2987,-0.2896,-5.73,22.33,0.327,,1,1,2.524,0.0427
118.024,0.2844,0.0000,0.3009,-0.2450,-5.78,22.39,0.328,,1,1,2.524,0.0427
118.049,0.2916,0.0000,0.3216,-0.2567,-5.85,22.02,0.320,,1,1,2.524,0.0427
118.076,0.2942,0.0000,0.3042,-0.3049,-5.68,22.27,0.331,,1,1,2.524,0.0427
118.104,0.2999,0.0000,0.3215,-0.3751,-5.65,22.54,0.334,,1,1,2.524,0.0427
118.134,0.2948,0.0000,0.2772,-0.3343,-5.92,22.05,0.333,,1,1,2.524,0.0427
118.167,0.3326,0.0000,0.4519,-0.4191,-6.09,22.47,0.334,,1,1,2.524,0.0427
118.199,0.3585,0.0000,0.4406,-0.4361,-6.06,22.04,0.327,,1,1,2.524,0.0427
118.262,0.3952,0.0000,0.4542,-0.3936,-6.25,21.68,0.331,,1,1,2.524,0.0427
118.295,0.4105,0.0000,0.4563,-0.3307,-5.94,21.93,0.331,,1,1,2.524,0.0427
118.327,0.4244,0.0000,0.4689,-0.3502,-5.67,22.13,0.335,,1,1,2.524,0.0427
118.359,0.4068,0.0000,0.3497,-0.3939,-5.79,22.55,0.338,,1,1,2.524,0.0427
118.390,0.3998,0.0000,0.3766,-0.3858,-5.84,22.75,0.338,,1,1,2.524,0.0427
118.421,0.4013,0.0000,0.4062,-0.4576,-5.80,23.04,0.337,,1,1,2.524,0.0427
118.456,0.4005,0.0000,0.3980,-0.4774,-5.75,23.23,0.336,,1,1,2.524,0.0427
118.487,0.4063,0.0000,0.4256,-0.4893,-5.58,23.15,0.341,,1,1,2.524,0.0427
118.533,0.4055,0.0000,0.4037,0.0107,-5.46,22.92,0.330,,1,1,2.524,0.0427
118.566,0.4108,0.0000,0.4274,0.0758,-5.25,22.66,0.331,,1,1,2.524,0.0427
118.592,0.4153,0.0169,0.4334,0.1042,-5.17,22.58,0.333,,1,1,2.524,0.0427
118.617,0.4187,0.0303,0.4329,0.0846,-5.35,22.32,0.321,,1,1,2.524,0.0427
118.662,0.4201,0.0390,0.4234,0.0589,-5.60,22.76,0.314,,1,1,2.524,0.0427
118.694,0.4458,0.0974,0.5282,0.2768,-5.84,22.28,0.296,,1,1,2.524,0.0427
118.725,0.4458,0.0974,,,-5.78,21.86,0.251,,1,1,2.524,0.0427
118.759,0.4458,0.0974,,,-5.56,21.02,0.195,,1,1,2.524,0.0427
118.790,0.4458,0.0974,,,-5.67,20.38,0.181,,1,1,2.524,0.0427
118.822,0.4458,0.0974,,,-5.60,20.07,0.149,,1,1,2.524,0.0427
118.853,0.4458,0.0974,,,-5.66,19.26,0.158,,1,1,2.524,0.0427
118.886,0.4458,0.0974,,,-5.84,19.64,0.165,,1,1,2.524,0.0427
118.919,0.4458,0.0974,,,-5.47,18.96,0.142,,1,1,2.524,0.0427
118.950,0.4458,0.0974,,,-5.55,19.06,0.146,,1,1,2.524,0.0427
118.981,0.4458,0.0974,,,-5.32,19.30,0.165,,1,1,2.524,0.0427
119.014,0.4458,0.0974,,,-5.35,20.68,0.214,,1,1,2.524,0.0427
119.047,0.5000,0.5000,0.5000,0.5000,-5.24,21.49,0.296,,1,0,,
119.093,0.5000,0.5000,0.5000,0.5000,-5.29,22.06,0.352,,1,0,,
119.126,0.5000,0.5000,0.5000,0.5000,-5.34,22.35,0.377,,1,0,,
119.159,0.5000,0.5000,0.5000,0.5000,-5.39,22.56,0.401,,1,0,,
119.189,0.5000,0.5000,0.5000,0.5000,-5.37,22.99,0.397,,1,0,,
119.222,0.5000,0.5000,0.5000,0.5000,-5.44,23.34,0.415,,1,0,,
119.254,0.5000,0.5000,0.5000,0.5000,-5.71,23.53,0.437,,1,0,,
119.284,0.5000,0.5000,0.5000,0.5000,-5.81,23.62,0.443,,1,0,,
119.317,0.5000,0.5000,0.5000,0.5000,-5.86,23.27,0.441,,1,0,,
119.351,0.5000,0.5000,0.5000,0.5000,-5.56,23.06,0.438,,1,0,,
119.382,0.5000,0.5000,0.5000,0.5000,-5.58,22.95,0.438,,1,0,,
119.415,0.5000,0.5000,0.5000,0.5000,-5.28,22.97,0.440,,1,0,,
119.447,0.5000,0.5000,0.5000,0.5000,-5.19,21.89,0.441,,1,0,,
119.477,0.5000,0.5000,0.5000,0.5000,-5.15,21.84,0.446,,1,0,,
119.510,0.5000,0.5000,0.5000,0.5000,-4.93,21.12,0.443,,1,0,,
119.541,0.5000,0.5000,0.5000,0.5000,-4.94,21.85,0.444,,1,0,,
119.573,0.5000,0.5000,0.5000,0.5000,-4.71,21.67,0.450,,1,0,,
119.607,0.5000,0.5000,0.5000,0.5000,-4.37,20.89,0.456,,1,0,,
119.654,0.5000,0.5000,0.5000,0.5000,-4.14,20.20,0.454,,1,0,,
119.689,0.5000,0.5000,0.5000,0.5000,-3.65,20.72,0.455,,1,0,,
119.717,0.5000,0.5000,0.5000,0.5000,-3.86,19.58,0.457,,1,0,,
119.750,0.5000,0.5000,0.5000,0.5000,-3.54,16.97,0.447,,1,0,,
119.782,0.5000,0.5000,0.5000,0.5000,-3.53,17.56,0.444,,1,0,,
119.814,0.5000,0.5000,0.5000,0.5000,-3.51,14.24,0.430,,1,0,,
119.846,0.5000,0.5000,0.5000,0.5000,-3.56,15.36,0.425,,1,0,,
119.879,0.5000,0.5000,0.5000,0.5000,-3.09,13.29,0.424,,1,0,,
119.910,0.5000,0.5000,0.5000,0.5000,-3.40,14.01,0.431,,1,0,,
119.943,0.5000,0.5000,0.5000,0.5000,-3.57,13.40,0.437,,1,0,,
119.974,0.5000,0.5000,0.5000,0.5000,-3.75,9.19,0.443,,1,0,,
120.005,0.5000,0.5000,0.5000,0.5000,-3.81,8.43,0.456,,1,0,,
120.037,0.5000,0.5000,0.5000,0.5000,-3.31,15.51,0.446,,1,0,,
120.069,0.5000,0.5000,0.5000,0.5000,-3.46,14.35,0.446,,1,0,,
120.102,0.5000,0.5000,0.5000,0.5000,-3.60,12.57,0.431,,1,0,,
120.134,0.5000,0.5000,0.5000,0.5000,-3.46,11.40,0.416,,1,0,,
120.166,0.5000,0.5000,0.5000,0.5000,-3.41,12.37,0.395,,1,0,,
120.198,0.5000,0.5000,0.5000,0.5000,-3.14,11.12,0.384,,1,0,,
120.246,0.5000,0.5000,0.5000,0.5000,-3.03,11.64,0.358,,1,0,,
120.278,0.5000,0.5000,0.5000,0.5000,-2.84,14.00,0.353,,1,0,,
120.309,0.5000,0.5000,0.5000,0.5000,-2.49,12.36,0.321,,1,0,,
120.345,0.5000,0.5000,,,-2.61,10.97,0.283,,1,0,,
120.375,0.5000,0.5000,,,-2.73,9.41,0.190,,1,0,,
120.406,0.5000,0.5000,,,-3.54,7.15,0.103,,1,0,,
120.438,0.5000,0.5000,,,-3.41,8.68,0.124,,1,0,,
120.470,0.5000,0.5000,,,-3.24,8.61,0.106,,1,0,,
120.501,0.5000,0.5000,,,-3.16,8.69,0.150,,1,0,,
120.533,0.5000,0.5000,,,-3.06,9.13,0.169,,1,0,,
120.566,0.5000,0.5000,,,-2.93,10.07,0.221,,1,0,,
120.598,0.5000,0.5000,,,-2.91,12.52,0.258,,1,0,,
120.662,0.5000,0.5000,0.5000,0.5000,-3.27,14.07,0.337,,1,0,,
120.694,0.5000,0.5000,0.5000,0.5000,-3.03,16.41,0.350,,1,0,,
120.730,0.5000,0.5000,0.5000,0.5000,-2.99,17.18,0.347,,1,0,,
120.759,0.5000,0.5000,0.5000,0.5000,-3.06,17.31,0.344,,1,0,,
120.805,0.5000,0.5000,0.5000,0.5000,-2.73,17.22,0.344,,1,0,,
120.838,0.5000,0.5000,0.5000,0.5000,-2.83,17.96,0.331,,1,0,,
120.864,0.5000,0.5000,0.5000,0.5000,-2.89,18.30,0.324,,1,0,,
120.890,0.5000,0.5000,0.5000,0.5000,-3.00,17.71,0.319,,1,0,,
120.917,0.5000,0.5000,,,-3.38,15.79,0.244,,1,0,,
120.945,0.5000,0.5000,,,-3.11,14.82,0.196,,1,0,,
120.971,0.5000,0.5000,,,-3.19,14.21,0.176,,1,0,,
120.999,0.5000,0.5000,,,-3.49,13.60,0.159,,1,0,,
121.064,0.5000,0.5000,,,-2.44,13.35,0.142,,1,0,,
121.094,0.5000,0.5000,,,-2.65,13.47,0.156,,1,0,,
121.127,0.5000,0.5000,,,-2.86,13.48,0.158,,1,0,,
121.159,0.5000,0.5000,,,-2.69,12.90,0.140,,1,0,,
121.189,0.5000,0.5000,,,-2.93,13.18,0.119,,1,0,,
121.222,0.5000,0.5000,,,-3.24,13.18,0.097,,1,0,,
121.254,0.5000,0.5000,,,-2.82,13.29,0.091,,1,0,,
121.286,0.5000,0.5000,,,-2.54,14.40,0.128,,1,0,,
121.318,0.5000,0.5000,0.5000,0.5000,-2.60,17.05,0.243,,1,0,,
121.365,0.5000,0.5000,0.5000,0.5000,-2.54,18.42,0.295,,1,0,,
121.397,0.5000,0.5000,0.5000,0.5000,-3.53,19.26,0.307,,1,0,,
121.424,0.5000,0.5000,0.5000,0.5000,-3.87,19.47,0.313,,1,0,,
121.461,0.5000,0.5000,0.5000,0.5000,-3.75,19.75,0.344,,1,0,,
121.494,0.5000,0.5000,0.5000,0.5000,-3.80,19.12,0.358,,1,0,,
121.527,0.5000,0.5000,0.5000,0.5000,-3.60,20.07,0.371,,1,0,,
