time_s,gaze_x,gaze_y,raw_x,raw_y,pitch_deg,yaw_deg,ear,blink,face_detected,calibrated,calib_mgae_deg,calib_rmse,calib_point_idx,calib_target_x,calib_target_y,X_feat,Y_feat,loo_mgae_deg,loo_euc_cm,loo_euc_x_cm,loo_euc_y_cm,tap_target_x,tap_target_y
0.604,0.5000,0.5000,0.5000,0.5000,-8.37,-36.94,0.386,,1,0,,,,,,4.19465,-4.02714,,,,,,
0.654,0.5000,0.5000,0.5000,0.5000,-9.04,-38.02,0.377,,1,0,,,,,,4.24094,-4.03328,,,,,,
0.684,0.5000,0.5000,0.5000,0.5000,-9.24,-37.99,0.352,,1,0,,,,,,4.24715,-4.04251,,,,,,
0.707,0.5000,0.5000,0.5000,0.5000,-9.42,-38.19,0.337,,1,0,,,,,,4.21867,-4.04796,,,,,,
0.743,0.5000,0.5000,0.5000,0.5000,-9.57,-38.33,0.325,,1,0,,,,,,4.18574,-4.07034,,,,,,
0.770,0.5000,0.5000,0.5000,0.5000,0.30,-49.56,0.323,,1,0,,,,,,4.07833,-4.15926,,,,,,
0.799,0.5000,0.5000,0.5000,0.5000,-0.28,-48.35,0.375,,1,0,,,,,,3.55126,-4.04701,,,,,,
0.828,0.5000,0.5000,0.5000,0.5000,-10.47,-36.32,0.397,,1,0,,,,,,3.08739,-4.00736,,,,,,
0.857,0.5000,0.5000,0.5000,0.5000,-10.35,-34.64,0.428,,1,0,,,,,,2.85232,-4.03548,,,,,,
0.884,0.5000,0.5000,0.5000,0.5000,-9.34,-33.46,0.435,,1,0,,,,,,2.60487,-4.08921,,,,,,
0.906,0.5000,0.5000,0.5000,0.5000,-9.04,-31.63,0.419,,1,0,,,,,,2.41750,-4.14536,,,,,,
0.942,0.5000,0.5000,0.5000,0.5000,-8.69,-29.68,0.424,,1,0,,,,,,2.33204,-4.20170,,,,,,
0.969,0.5000,0.5000,0.5000,0.5000,-8.56,-28.01,0.414,,1,0,,,,,,2.24710,-4.22119,,,,,,
0.995,0.5000,0.5000,0.5000,0.5000,-7.80,-26.31,0.417,,1,0,,,,,,2.16429,-4.20028,,,,,,
1.027,0.5000,0.5000,0.5000,0.5000,-7.80,-24.98,0.404,,1,0,,,,,,2.08290,-4.26799,,,,,,
1.058,0.5000,0.5000,0.5000,0.5000,-7.98,-23.74,0.390,,1,0,,,,,,2.02400,-4.32466,,,,,,
1.080,0.5000,0.5000,0.5000,0.5000,-8.12,-22.33,0.381,,1,0,,,,,,1.77755,-4.38791,,,,,,
1.122,0.5000,0.5000,0.5000,0.5000,-8.36,-21.97,0.397,,1,0,,,,,,1.58144,-4.40668,,,,,,
1.154,0.5000,0.5000,0.5000,0.5000,-7.94,-17.79,0.406,,1,0,,,,,,1.41250,-4.38951,,,,,,
1.184,0.5000,0.5000,0.5000,0.5000,-7.19,-17.41,0.393,,1,0,,,,,,1.25265,-4.48759,,,,,,
1.219,0.5000,0.5000,0.5000,0.5000,-6.73,-9.49,0.100,,1,0,,,,,,1.33539,-4.81707,,,,,,
1.248,0.5000,0.5000,0.5000,0.5000,-6.35,-4.88,0.053,,1,0,,,,,,1.27112,-4.81142,,,,,,
1.283,0.5000,0.5000,0.5000,0.5000,-6.00,-1.47,0.059,,1,0,,,,,,0.99633,-4.61752,,,,,,
1.304,0.5000,0.5000,0.5000,0.5000,-6.18,-5.57,0.209,,1,0,,,,,,0.69237,-4.44876,,,,,,
1.368,0.5000,0.5000,0.5000,0.5000,-4.86,-0.91,0.309,,1,0,,,,,,0.47058,-4.42376,,,,,,
1.401,0.5000,0.5000,0.5000,0.5000,-4.78,1.55,0.416,,1,0,,,,,,0.08002,-4.44063,,,,,,
1.432,0.5000,0.5000,0.5000,0.5000,-5.01,13.38,0.431,,1,0,,,,,,-0.10850,-4.44127,,,,,,
1.464,0.5000,0.5000,0.5000,0.5000,-4.46,15.19,0.450,,1,0,,,,,,-0.33538,-4.43562,,,,,,
1.518,0.5000,0.5000,0.5000,0.5000,-3.99,15.71,0.468,,1,0,,,,,,-0.49208,-4.34059,,,,,,
1.554,0.5000,0.5000,0.5000,0.5000,-4.11,16.24,0.464,,1,0,,,,,,-0.67245,-4.30702,,,,,,
1.573,0.5000,0.5000,0.5000,0.5000,-4.43,17.10,0.455,,1,0,,,,,,-0.70002,-4.28226,,,,,,
1.596,0.5000,0.5000,0.5000,0.5000,-4.43,19.76,0.471,,1,0,,,,,,-0.82874,-4.22789,,,,,,
1.620,0.5000,0.5000,0.5000,0.5000,-4.88,19.68,0.471,,1,0,,,,,,-1.02136,-4.15067,,,,,,
1.658,0.5000,0.5000,0.5000,0.5000,-5.23,19.56,0.468,,1,0,,,,,,-1.18334,-3.99650,,,,,,
1.673,0.5000,0.5000,0.5000,0.5000,-5.58,20.09,0.451,,1,0,,,,,,-1.36088,-3.82277,,,,,,
1.703,0.5000,0.5000,0.5000,0.5000,-5.60,18.69,0.438,,1,0,,,,,,-1.53369,-3.58342,,,,,,
1.748,0.5000,0.5000,0.5000,0.5000,-5.79,18.32,0.423,,1,0,,,,,,-1.78695,-3.36141,,,,,,
1.810,0.5000,0.5000,0.5000,0.5000,-6.51,17.12,0.427,,1,0,,,,,,-2.70155,-3.43353,,,,,,
1.832,0.5000,0.5000,0.5000,0.5000,-6.32,13.61,0.419,,1,0,,,,,,-3.49723,-3.59309,,,,,,
1.875,0.5000,0.5000,0.5000,0.5000,-7.36,15.07,0.457,,1,0,,,,,,-3.77152,-3.64354,,,,,,
1.907,0.5000,0.5000,0.5000,0.5000,-7.64,17.20,0.451,,1,0,,,,,,-4.38324,-4.06883,,,,,,
1.935,0.5000,0.5000,0.5000,0.5000,-6.98,17.01,0.464,,1,0,,,,,,-4.95468,-4.56733,,,,,,
1.960,0.5000,0.5000,0.5000,0.5000,-8.01,18.59,0.474,,1,0,,,,,,-5.57058,-5.14647,,,,,,
2.000,0.5000,0.5000,0.5000,0.5000,-9.50,18.44,0.446,,1,0,,,,,,-5.85523,-5.45636,,,,,,
2.025,0.5000,0.5000,0.5000,0.5000,-10.55,19.19,0.461,,1,0,,,,,,-6.15596,-5.82839,,,,,,
2.078,0.5000,0.5000,0.5000,0.5000,-10.91,20.34,0.461,,1,0,,,,,,-6.17556,-6.02864,,,,,,
2.111,0.5000,0.5000,0.5000,0.5000,-10.99,21.33,0.458,,1,0,,,,,,-5.89248,-6.11028,,,,,,
2.140,0.5000,0.5000,0.5000,0.5000,-10.74,21.48,0.435,,1,0,,,,,,-5.98733,-6.22580,,,,,,
2.166,0.5000,0.5000,0.5000,0.5000,-11.31,22.61,0.457,,1,0,,,,,,-5.62815,-6.11541,,,,,,
2.210,0.5000,0.5000,0.5000,0.5000,-12.66,27.79,0.507,,1,0,,,,,,-5.23275,-5.96351,,,,,,
2.239,0.5000,0.5000,0.5000,0.5000,-11.42,26.05,0.473,,1,0,,,,,,-4.89514,-5.88227,,,,,,
2.275,0.5000,0.5000,0.5000,0.5000,-10.21,23.58,0.453,,1,0,,,,,,-4.54666,-5.66116,,,,,,
2.302,0.5000,0.5000,0.5000,0.5000,-9.34,22.98,0.451,,1,0,,,,,,-4.28978,-5.63055,,,,,,
2.328,0.5000,0.5000,0.5000,0.5000,-8.63,22.45,0.461,,1,0,,,,,,-4.13708,-5.65298,,,,,,
2.371,0.5000,0.5000,0.5000,0.5000,-8.00,22.20,0.449,,1,0,,,,,,-3.98795,-5.58967,,,,,,
2.393,0.5000,0.5000,0.5000,0.5000,-7.42,21.71,0.458,,1,0,,,,,,-3.83487,-5.50264,,,,,,
2.424,0.5000,0.5000,0.5000,0.5000,-6.66,21.97,0.468,,1,0,,,,,,-3.77776,-5.41208,,,,,,
2.455,0.5000,0.5000,0.5000,0.5000,-6.06,22.14,0.478,,1,0,,,,,,-3.65032,-5.19790,,,,,,
2.487,0.5000,0.5000,0.5000,0.5000,-6.23,22.00,0.466,,1,0,,,,,,-3.55618,-4.99643,,,,,,
2.519,0.5000,0.5000,0.5000,0.5000,-6.00,23.37,0.447,,1,0,,,,,,-3.40142,-4.84424,,,,,,
2.553,0.5000,0.5000,0.5000,0.5000,-5.67,23.00,0.450,,1,0,,,,,,-3.24431,-4.72067,,,,,,
2.594,0.5000,0.5000,0.5000,0.5000,-5.03,22.41,0.445,,1,0,,,,,,-3.07182,-4.65982,,,,,,
2.642,0.5000,0.5000,0.5000,0.5000,-4.33,22.77,0.436,,1,0,,,,,,-2.88640,-4.57068,,,,,,
2.664,0.5000,0.5000,0.5000,0.5000,-3.86,23.12,0.424,,1,0,,,,,,-2.69590,-4.51685,,,,,,
2.702,0.5000,0.5000,0.5000,0.5000,-3.27,23.05,0.425,,1,0,,,,,,-2.61561,-4.42357,,,,,,
2.728,0.5000,0.5000,0.5000,0.5000,-2.88,22.68,0.417,,1,0,,,,,,-2.52404,-4.39249,,,,,,
2.760,0.5000,0.5000,0.5000,0.5000,-2.73,22.25,0.422,,1,0,,,,,,-2.43756,-4.29911,,,,,,
2.802,0.5000,0.5000,0.5000,0.5000,-2.22,21.21,0.425,,1,0,,,,,,-2.43385,-4.22158,,,,,,
2.833,0.5000,0.5000,0.5000,0.5000,-1.81,21.09,0.431,,1,0,,,,,,-2.40231,-4.12396,,,,,,
2.863,0.5000,0.5000,0.5000,0.5000,-1.55,21.04,0.426,,1,0,,,,,,-2.32902,-4.07854,,,,,,
2.889,0.5000,0.5000,0.5000,0.5000,-0.93,20.96,0.437,,1,0,,,,,,-2.24828,-4.05292,,,,,,
2.919,0.5000,0.5000,0.5000,0.5000,-0.39,19.55,0.426,,1,0,,,,,,-2.25713,-4.09972,,,,,,
2.952,0.5000,0.5000,0.5000,0.5000,-0.28,20.70,0.428,,1,0,,,,,,-2.20209,-4.14539,,,,,,
2.985,0.5000,0.5000,0.5000,0.5000,0.02,21.16,0.427,,1,0,,,,,,-2.19696,-4.20716,,,,,,
3.028,0.5000,0.5000,0.5000,0.5000,0.45,19.86,0.433,,1,0,,,,,,-2.16371,-4.29828,,,,,,
3.053,0.5000,0.5000,0.5000,0.5000,0.97,19.72,0.431,,1,0,,,,,,-2.05800,-4.28278,,,,,,
3.080,0.5000,0.5000,0.5000,0.5000,1.36,19.52,0.434,,1,0,,,,,,-1.97330,-4.31723,,,,,,
3.113,0.5000,0.5000,0.5000,0.5000,1.09,19.39,0.428,,1,0,,,,,,-1.86666,-4.25544,,,,,,
3.153,0.5000,0.5000,0.5000,0.5000,0.38,18.63,0.396,,1,0,,,,,,-1.71633,-4.10517,,,,,,
3.191,0.5000,0.5000,0.5000,0.5000,-0.29,18.99,0.382,,1,0,,,,,,-1.59447,-3.93596,,,,,,
3.231,0.5000,0.5000,0.5000,0.5000,-0.68,19.73,0.359,,1,0,,,,,,-1.39644,-3.75520,,,,,,
3.256,0.5000,0.5000,0.5000,0.5000,-1.04,19.87,0.335,,1,0,,,,,,-1.09425,-3.51764,,,,,,
3.288,0.5000,0.5000,0.5000,0.5000,-1.32,20.67,0.317,,1,0,,,,,,-0.94162,-3.34665,,,,,,
3.331,0.5000,0.5000,0.5000,0.5000,-1.70,21.37,0.338,,1,0,,,,,,-0.77654,-3.09476,,,,,,
3.354,0.5000,0.5000,0.5000,0.5000,-1.63,22.51,0.338,,1,0,,,,,,-0.60012,-2.88480,,,,,,
3.390,0.5000,0.5000,0.5000,0.5000,-1.56,20.76,0.344,,1,0,,,,,,-0.42644,-2.64407,,,,,,
3.417,0.5000,0.5000,0.5000,0.5000,-1.80,19.67,0.336,,1,0,,,,,,-0.24157,-2.47896,,,,,,
3.459,0.5000,0.5000,0.5000,0.5000,-2.17,18.05,0.317,,1,0,,,,,,-0.01699,-2.38321,,,,,,
3.490,0.5000,0.5000,0.5000,0.5000,-2.25,17.95,0.319,,1,0,,,,,,0.19471,-2.31693,,,,,,
3.513,0.5000,0.5000,0.5000,0.5000,-2.39,17.45,0.328,,1,0,,,,,,0.34049,-2.32344,,,,,,
3.554,0.5000,0.5000,0.5000,0.5000,-2.16,14.71,0.337,,1,0,,,,,,0.44579,-2.35420,,,,,,
3.576,0.5000,0.5000,0.5000,0.5000,-1.95,15.55,0.338,,1,0,,,,,,0.52701,-2.47677,,,,,,
3.607,0.5000,0.5000,0.5000,0.5000,-1.84,14.37,0.337,,1,0,,,,,,0.59234,-2.53032,,,,,,
3.640,0.5000,0.5000,0.5000,0.5000,-2.43,13.88,0.335,,1,0,,,,,,0.60363,-2.52707,,,,,,
3.680,0.5000,0.5000,0.5000,0.5000,-2.30,14.97,0.321,,1,0,,,,,,0.62119,-2.65103,,,,,,
3.711,0.5000,0.5000,0.5000,0.5000,-2.02,15.40,0.326,,1,0,,,,,,0.62962,-2.73566,,,,,,
3.743,0.5000,0.5000,0.5000,0.5000,-1.96,13.92,0.330,,1,0,,,,,,0.61934,-2.82158,,,,,,
3.820,0.5000,0.5000,0.5000,0.5000,-1.51,15.64,0.324,,1,0,,,,,,0.55139,-2.97278,,,,,,
3.855,0.5000,0.5000,0.5000,0.5000,-1.70,15.83,0.317,,1,0,,,,,,0.54799,-2.99042,,,,,,
3.872,0.5000,0.5000,0.5000,0.5000,-1.98,16.11,0.321,,1,0,,,,,,0.54279,-2.99876,,,,,,
3.911,0.5000,0.5000,0.5000,0.5000,-2.19,18.97,0.339,,1,0,,,,,,0.55801,-2.93440,,,,,,
3.931,0.5000,0.5000,0.5000,0.5000,-2.35,18.29,0.335,,1,0,,,,,,0.56689,-2.64850,,,,,,
3.964,0.5000,0.5000,0.5000,0.5000,-2.79,17.03,0.331,,1,0,,,,,,0.56070,-2.44726,,,,,,
3.980,0.5000,0.5000,0.5000,0.5000,-3.11,14.88,0.319,,1,0,,,,,,0.56194,-2.32380,,,,,,
4.009,0.5000,0.5000,0.5000,0.5000,-2.95,14.75,0.325,,1,0,,,,,,0.55011,-2.23924,,,,,,
4.050,0.5000,0.5000,0.5000,0.5000,-3.26,11.85,0.315,,1,0,,,,,,0.53145,-2.29094,,,,,,
4.077,0.5000,0.5000,0.5000,0.5000,-4.18,8.97,0.319,,1,0,,,,,,0.52703,-2.36911,,,,,,
4.104,0.5000,0.5000,0.5000,0.5000,-3.57,5.48,0.317,,1,0,,,,,,0.47908,-2.40839,,,,,,
4.143,0.5000,0.5000,0.5000,0.5000,-3.43,12.40,0.326,,1,0,,,,,,0.40942,-2.31403,,,,,,
4.199,0.5000,0.5000,0.5000,0.5000,-3.14,13.96,0.319,,1,0,,,,,,0.28985,-2.24485,,,,,,
4.232,0.5000,0.5000,0.5000,0.5000,-4.11,10.97,0.323,,1,0,,,,,,0.23609,-2.28842,,,,,,
4.263,0.5000,0.5000,0.5000,0.5000,-3.50,-0.03,0.310,,1,0,,,,,,0.20710,-2.31640,,,,,,
4.304,0.5000,0.5000,0.5000,0.5000,-3.69,1.06,0.311,,1,0,,,,,,0.18578,-2.31923,,,,,,
4.356,0.5000,0.5000,0.5000,0.5000,-3.93,2.35,0.330,,1,0,,,,,,0.13202,-2.21603,,,,,,
4.376,0.5000,0.5000,0.5000,0.5000,-4.39,9.51,0.328,,1,0,,,,,,0.10084,-2.08217,,,,,,
4.402,0.5000,0.5000,0.5000,0.5000,-4.54,10.38,0.313,,1,0,,,,,,0.09521,-2.06988,,,,,,
4.435,0.5000,0.5000,0.5000,0.5000,-3.32,3.45,0.307,,1,0,,,,,,0.06032,-2.04298,,,,,,
4.464,0.5000,0.5000,0.5000,0.5000,-3.64,4.86,0.316,,1,0,,,,,,0.02979,-2.07932,,,,,,
4.491,0.5000,0.5000,0.5000,0.5000,-4.15,10.51,0.307,,1,0,,,,,,0.01578,-2.13557,,,,,,
4.519,0.5000,0.5000,0.5000,0.5000,-4.31,11.08,0.300,,1,0,,,,,,-0.01436,-2.14208,,,,,,
4.567,0.5000,0.5000,0.5000,0.5000,-2.56,14.64,0.317,,1,0,,,,,,-0.00971,-2.07805,,,,,,
4.600,0.5000,0.5000,0.5000,0.5000,-2.65,14.17,0.318,,1,0,,,,,,-0.00578,-2.06457,,,,,,
4.631,0.5000,0.5000,0.5000,0.5000,-2.92,13.62,0.312,,1,0,,,,,,-0.01426,-2.07120,,,,,,
4.673,0.5000,0.5000,0.5000,0.5000,-3.07,12.56,0.321,,1,0,,,,,,-0.01666,-2.17179,,,,,,
4.702,0.5000,0.5000,0.5000,0.5000,-2.38,14.40,0.311,,1,0,,,,,,-0.00936,-2.33432,,,,,,
4.733,0.5000,0.5000,0.5000,0.5000,-2.62,15.81,0.306,,1,0,,,,,,-0.00622,-2.46525,,,,,,
4.761,0.5000,0.5000,0.5000,0.5000,-1.90,17.17,0.312,,1,0,,,,,,0.03171,-2.41594,,,,,,
4.792,0.5000,0.5000,0.5000,0.5000,-1.59,17.50,0.326,,1,0,,,,,,0.05808,-2.15430,,,,,,
4.824,0.5000,0.5000,0.5000,0.5000,-1.70,16.78,0.321,,1,0,,,,,,0.05916,-2.01874,,,,,,
4.857,0.5000,0.5000,0.5000,0.5000,-1.65,16.67,0.315,,1,0,,,,,,0.10061,-2.17379,,,,,,
4.904,0.5000,0.5000,0.5000,0.5000,-2.69,17.38,0.286,,1,0,,,,,,0.14574,-2.51590,,,,,,
4.954,0.5000,0.5000,0.5000,0.5000,-2.24,18.62,0.314,,1,0,,,,,,0.13738,-2.56799,,,,,,
5.000,0.5000,0.5000,0.5000,0.5000,-2.15,20.24,0.336,,1,0,,,,,,0.15299,-2.50493,,,,,,
5.056,0.5000,0.5000,0.5000,0.5000,-1.49,19.52,0.336,,1,0,,,,,,0.19537,-2.14698,,,,,,
5.099,0.5000,0.5000,0.5000,0.5000,-1.68,19.67,0.336,,1,0,,,,,,0.19326,-2.04012,,,,,,
5.167,0.5000,0.5000,0.5000,0.5000,-2.59,19.84,0.323,,1,0,,,,,,0.22195,-2.13727,,,,,,
5.227,0.5000,0.5000,0.5000,0.5000,-2.82,20.73,0.367,,1,0,,,,,,0.19687,-1.99608,,,,,,
5.291,0.5000,0.5000,0.5000,0.5000,-2.49,20.47,0.366,,1,0,,,,,,0.20638,-1.98695,,,,,,
5.357,0.5000,0.5000,0.5000,0.5000,-3.18,19.89,0.374,,1,0,,,,,,0.16627,-2.05091,,,,,,
5.422,0.5000,0.5000,0.5000,0.5000,-2.57,21.02,0.379,,1,0,,,,,,0.15070,-2.01924,,,,,,
5.482,0.5000,0.5000,0.5000,0.5000,-2.38,21.05,0.379,,1,0,,,,,,0.15001,-2.01165,,,,,,
5.546,0.5000,0.5000,0.5000,0.5000,-2.81,21.02,0.383,,1,0,,,,,,0.15819,-2.09079,,,,,,
5.609,0.5000,0.5000,0.5000,0.5000,-2.49,21.43,0.371,,1,0,,,,,,0.23736,-2.11960,,,,,,
5.673,0.5000,0.5000,0.5000,0.5000,-3.34,20.96,0.373,,1,0,,,,,,0.59050,-1.85823,,,,,,
5.749,0.5000,0.5000,0.5000,0.5000,-2.80,19.51,0.370,,1,0,,,,,,0.58833,-1.90592,,,,,,
5.825,0.5000,0.5000,0.5000,0.5000,-3.09,14.86,0.401,,1,0,,,,,,0.28607,-1.90643,,,,,,
5.879,0.5000,0.5000,0.5000,0.5000,-2.56,16.80,0.424,,1,0,,,,,,0.22514,-2.02592,,,,,,
5.942,0.5000,0.5000,0.5000,0.5000,-2.46,18.10,0.425,,1,0,,,,,,0.15136,-2.15376,,,,,,
6.006,0.5000,0.5000,0.5000,0.5000,-2.42,15.87,0.437,,1,0,,,,,,-0.17106,-2.15679,,,,,,
6.070,0.5000,0.5000,0.5000,0.5000,-2.78,19.78,0.437,,1,0,,,,,,-0.25617,-2.22451,,,,,,
6.133,0.5000,0.5000,0.5000,0.5000,-2.93,20.98,0.435,,1,0,,,,,,-0.28418,-2.29802,,,,,,
6.188,0.5000,0.5000,0.5000,0.5000,-2.55,22.17,0.433,,1,0,,,,,,-0.30534,-2.32875,,,,,,
6.244,0.5000,0.5000,0.5000,0.5000,-2.80,23.83,0.431,,1,0,,,,,,-0.21807,-2.51501,,,,,,
6.313,0.5000,0.5000,0.5000,0.5000,-2.76,22.31,0.418,,1,0,,,,,,-0.04896,-2.54765,,,,,,
6.370,0.5000,0.5000,0.5000,0.5000,-2.51,21.84,0.418,,1,0,,,,,,0.09344,-2.49822,,,,,,
6.444,0.5000,0.5000,0.5000,0.5000,-2.42,21.04,0.415,,1,0,,,,,,0.24492,-2.44852,,,,,,
6.499,0.5000,0.5000,0.5000,0.5000,-3.28,17.24,0.433,,1,0,,,,,,0.47815,-2.57227,,,,,,
6.566,0.5000,0.5000,0.5000,0.5000,-2.82,15.89,0.436,,1,0,,,,,,0.48480,-2.59506,,,,,,
6.626,0.5000,0.5000,0.5000,0.5000,-2.22,16.12,0.435,,1,0,,,,,,0.43289,-2.63336,,,,,,
6.685,0.5000,0.5000,0.5000,0.5000,-0.85,20.91,0.430,,1,0,,,,,,-0.14177,-2.93076,,,,,,
6.733,0.5000,0.5000,0.5000,0.5000,-1.27,18.72,0.434,,1,0,,,,,,-0.27040,-2.92811,,,,,,
6.789,0.5000,0.5000,0.5000,0.5000,-1.23,18.73,0.434,,1,0,,,,,,-0.37704,-2.92584,,,,,,
6.842,0.5000,0.5000,0.5000,0.5000,-1.01,17.22,0.437,,1,0,,,,,,-0.42288,-2.91778,,,,,,
6.900,0.5000,0.5000,0.5000,0.5000,-1.44,18.74,0.435,,1,0,,,,,,-0.82678,-2.94197,,,,,,
6.964,0.5000,0.5000,0.5000,0.5000,-1.33,20.67,0.446,,1,0,,,,,,-0.90504,-2.94897,,,,,,
7.012,0.5000,0.5000,0.5000,0.5000,-0.88,21.57,0.445,,1,0,,,,,,-1.02146,-2.98986,,,,,,
7.073,0.5000,0.5000,0.5000,0.5000,-0.65,21.74,0.434,,1,0,,,,,,-1.16142,-3.06509,,,,,,
7.123,0.5000,0.5000,0.5000,0.5000,-0.46,21.83,0.438,,1,0,,,,,,-1.19671,-3.10408,,,,,,
7.170,0.5000,0.5000,0.5000,0.5000,-0.39,20.00,0.432,,1,0,,,,,,-1.15770,-3.05701,,,,,,
7.221,0.5000,0.5000,0.5000,0.5000,-0.44,19.88,0.434,,1,0,,,,,,-1.15594,-3.06410,,,,,,
7.271,0.5000,0.5000,0.5000,0.5000,-0.88,17.82,0.428,,1,0,,,,,,-0.63615,-3.09902,,,,,,
7.321,0.5000,0.5000,0.5000,0.5000,-1.29,-7.09,0.438,,1,0,,,,,,-0.24609,-3.12132,,,,,,
7.387,0.5000,0.5000,0.5000,0.5000,-1.01,-17.12,0.444,,1,0,,,,,,-0.01803,-3.16353,,,,,,
7.452,0.5000,0.5000,0.5000,0.5000,-0.74,-20.97,0.449,,1,0,,,,,,0.19675,-3.29140,,,,,,
7.505,0.5000,0.5000,0.5000,0.5000,-2.04,-25.45,0.435,,1,0,,,,,,0.48526,-3.22244,,,,,,
7.554,0.5000,0.5000,0.5000,0.5000,-0.93,-23.21,0.445,,1,0,,,,,,0.63676,-3.35767,,,,,,
7.603,0.5000,0.5000,0.5000,0.5000,-0.60,-22.63,0.446,,1,0,,,,,,0.68435,-3.44711,,,,,,
7.654,0.5000,0.5000,0.5000,0.5000,-0.84,-22.93,0.432,,1,0,,,,,,0.67911,-3.49392,,,,,,
7.719,0.5000,0.5000,0.5000,0.5000,-0.96,-22.98,0.432,,1,0,,,,,,0.68958,-3.41704,,,,,,
7.785,0.5000,0.5000,0.5000,0.5000,-1.10,-22.82,0.425,,1,0,,,,,,0.72441,-3.43362,,,,,,
7.835,0.5000,0.5000,0.5000,0.5000,-1.19,-21.88,0.427,,1,0,,,,,,0.73903,-3.43301,,,,,,
7.883,0.5000,0.5000,0.5000,0.5000,-1.60,-21.68,0.409,,1,0,,,,,,0.74547,-3.41634,,,,,,
7.929,0.5000,0.5000,0.5000,0.5000,-1.82,-21.63,0.401,,1,0,,,,,,0.73845,-3.32911,,,,,,
7.971,0.5000,0.5000,0.5000,0.5000,-1.56,-21.24,0.403,,1,0,,,,,,0.73723,-3.32185,,,,,,
8.031,0.5000,0.5000,0.5000,0.5000,-1.61,-19.48,0.410,,1,0,,,,,,0.35671,-3.20651,,,,,,
8.082,0.5000,0.5000,0.5000,0.5000,-1.43,-19.32,0.406,,1,0,,,,,,0.09468,-3.13926,,,,,,
8.125,0.5000,0.5000,0.5000,0.5000,-1.24,-17.99,0.403,,1,0,,,,,,0.00505,-3.17293,,,,,,
8.181,0.5000,0.5000,0.5000,0.5000,-1.35,-17.15,0.398,,1,0,,,,,,-0.10267,-3.19669,,,,,,
8.245,0.5000,0.5000,0.5000,0.5000,-2.84,-12.35,0.384,,1,0,,,,,,-0.22912,-3.17344,,,,,,
8.304,0.5000,0.5000,0.5000,0.5000,-2.32,-11.16,0.383,,1,0,,,,,,-0.52026,-3.14833,,,,,,
8.341,0.5000,0.5000,0.5000,0.5000,-0.69,-4.13,0.378,,1,0,,,,,,-0.51032,-3.10813,,,,,,
8.368,0.5000,0.5000,0.5000,0.5000,-0.10,-3.46,0.368,,1,0,,,,,,-0.50028,-3.00427,,,,,,
8.403,0.5000,0.5000,0.5000,0.5000,-1.05,-8.47,0.380,,1,0,,,,,,-0.50453,-2.88700,,,,,,
8.419,0.5000,0.5000,0.5000,0.5000,-2.05,-11.38,0.379,,1,0,,,,,,-0.50339,-2.89142,,,,,,
8.467,0.5000,0.5000,0.5000,0.5000,-1.92,-12.88,0.383,,1,0,,,,,,-0.51844,-2.93932,,,,,,
8.488,0.5000,0.5000,0.5000,0.5000,-1.88,-12.52,0.376,,1,0,,,,,,-0.53650,-2.96590,,,,,,
8.519,0.5000,0.5000,0.5000,0.5000,-1.47,-13.41,0.375,,1,0,,,,,,-0.58892,-2.94842,,,,,,
8.562,0.5000,0.5000,0.5000,0.5000,-1.77,-10.00,0.378,,1,0,,,,,,-0.62925,-2.93055,,,,,,
8.587,0.5000,0.5000,0.5000,0.5000,-1.73,-11.55,0.374,,1,0,,,,,,-0.65994,-2.92055,,,,,,
8.604,0.5000,0.5000,0.5000,0.5000,-1.42,-15.17,0.382,,1,0,,,,,,-0.72762,-2.94857,,,,,,
8.637,0.5000,0.5000,0.5000,0.5000,-2.41,-13.17,0.383,,1,0,,,,,,-0.74665,-2.93922,,,,,,
8.661,0.5000,0.5000,0.5000,0.5000,-1.17,-4.05,0.396,,1,0,,,,,,-0.79058,-2.99480,,,,,,
8.687,0.5000,0.5000,0.5000,0.5000,-1.49,-8.77,0.415,,1,0,,,,,,-0.82844,-3.06150,,,,,,
8.714,0.5000,0.5000,0.5000,0.5000,-1.19,-7.85,0.412,,1,0,,,,,,-0.87461,-3.05020,,,,,,
8.744,0.5000,0.5000,0.5000,0.5000,-0.25,-1.47,0.396,,1,0,,,,,,-0.96971,-3.05027,,,,,,
8.776,0.5000,0.5000,0.5000,0.5000,-1.53,1.18,0.409,,1,0,,,,,,-0.99574,-3.00919,,,,,,
8.808,0.5000,0.5000,0.5000,0.5000,-1.74,3.45,0.408,,1,0,,,,,,-0.99562,-3.00528,,,,,,
8.840,0.5000,0.5000,0.5000,0.5000,-2.63,7.32,0.409,,1,0,,,,,,-0.99474,-3.03289,,,,,,
8.888,0.5000,0.5000,0.5000,0.5000,-2.70,8.01,0.408,,1,0,,,,,,-0.98984,-3.04785,,,,,,
8.931,0.5000,0.5000,0.5000,0.5000,-3.09,9.42,0.402,,1,0,,,,,,-0.93147,-2.97392,,,,,,
8.962,0.5000,0.5000,0.5000,0.5000,-2.26,11.92,0.402,,1,0,,,,,,-0.87531,-2.95418,,,,,,
8.984,0.5000,0.5000,0.5000,0.5000,-1.82,14.13,0.403,,1,0,,,,,,-0.79870,-2.92955,,,,,,
9.017,0.5000,0.5000,0.5000,0.5000,-1.12,15.14,0.399,,1,0,,,,,,-0.74276,-2.92505,,,,,,
9.048,0.5000,0.5000,0.5000,0.5000,-1.08,14.86,0.393,,1,0,,,,,,-0.70641,-2.90456,,,,,,
9.081,0.5000,0.5000,0.5000,0.5000,-1.17,14.14,0.383,,1,0,,,,,,-0.64820,-2.85939,,,,,,
9.121,0.5000,0.5000,0.5000,0.5000,-1.25,13.83,0.379,,1,0,,,,,,-0.61015,-2.82768,,,,,,
9.144,0.5000,0.5000,0.5000,0.5000,-1.38,14.15,0.344,,1,0,,,,,,-0.59586,-2.75590,,,,,,
9.177,0.5000,0.5000,0.5000,0.5000,-1.74,10.27,0.206,,1,0,,,,,,-0.57558,-2.65909,,,,,,
9.214,0.5000,0.5000,0.5000,0.5000,-1.03,8.94,0.092,,1,0,,,,,,-0.49655,-2.59516,,,,,,
9.246,0.5000,0.5000,0.5000,0.5000,-1.49,11.08,0.168,,1,0,,,,,,-0.51570,-2.58475,,,,,,
9.273,0.5000,0.5000,0.5000,0.5000,-1.24,12.08,0.224,,1,0,,,,,,-0.53694,-2.56476,,,,,,
9.304,0.5000,0.5000,0.5000,0.5000,-1.06,12.59,0.257,,1,0,,,,,,-0.54302,-2.56237,,,,,,
9.337,0.5000,0.5000,0.5000,0.5000,-1.60,13.93,0.286,,1,0,,,,,,-0.55178,-2.56675,,,,,,
9.413,0.5000,0.5000,0.5000,0.5000,-1.52,16.80,0.312,,1,0,,,,,,-0.56061,-2.54283,,,,,,
9.447,0.5000,0.5000,0.5000,0.5000,-1.79,18.14,0.334,,1,0,,,,,,-0.56338,-2.50554,,,,,,
9.486,0.5000,0.5000,0.5000,0.5000,-1.66,18.69,0.362,,1,0,,,,,,-0.57014,-2.41670,,,,,,
9.505,0.5000,0.5000,0.5000,0.5000,-1.70,18.75,0.356,,1,0,,,,,,-0.58135,-2.38633,,,,,,
9.531,0.5000,0.5000,0.5000,0.5000,-1.73,19.03,0.316,,1,0,,,,,,-0.67103,-2.30474,,,,,,
9.564,0.5000,0.5000,0.5000,0.5000,-2.03,14.75,0.201,,1,0,,,,,,-0.76688,-2.17523,,,,,,
9.585,0.5000,0.5000,0.5000,0.5000,-2.58,14.02,0.154,,1,0,,,,,,-0.87111,-2.11208,,,,,,
9.614,0.5000,0.5000,0.5000,0.5000,-2.62,14.08,0.148,,1,0,,,,,,-0.99413,-2.07772,,,,,,
9.647,0.5000,0.5000,0.5000,0.5000,-2.61,14.91,0.134,,1,0,,,,,,-1.01484,-2.02249,,,,,,
9.672,0.5000,0.5000,0.5000,0.5000,-2.35,15.53,0.135,,1,0,,,,,,-1.05072,-1.99098,,,,,,
9.713,0.5000,0.5000,0.5000,0.5000,-2.15,15.86,0.125,,1,0,,,,,,-1.03066,-2.01942,,,,,,
9.747,0.5000,0.5000,0.5000,0.5000,-2.21,15.44,0.127,,1,0,,,,,,-1.01515,-2.05129,,,,,,
9.818,0.5000,0.5000,0.5000,0.5000,-3.10,14.77,0.079,,1,0,,,,,,-0.92876,-2.20947,,,,,,
9.837,0.5000,0.5000,0.5000,0.5000,-2.71,15.11,0.075,,1,0,,,,,,-0.94366,-2.24454,,,,,,
9.873,0.5000,0.5000,0.5000,0.5000,-2.45,15.64,0.076,,1,0,,,,,,-0.93339,-2.26397,,,,,,
9.896,0.5000,0.5000,0.5000,0.5000,-2.22,15.46,0.086,,1,0,,,,,,-0.84054,-2.25170,,,,,,
9.939,0.5000,0.5000,0.5000,0.5000,-2.45,15.72,0.111,,1,0,,,,,,-0.77042,-2.31102,,,,,,
9.965,0.5000,0.5000,0.5000,0.5000,-2.15,19.87,0.274,,1,0,,,,,,-0.64145,-2.45517,,,,,,
10.002,0.5000,0.5000,0.5000,0.5000,-2.48,21.14,0.366,,1,0,,,0,0.5000,0.5000,-0.60019,-2.50148,,,,,,
10.052,0.5000,0.5000,0.5000,0.5000,-2.36,21.41,0.373,,1,0,,,0,0.5000,0.5000,-0.58002,-2.47144,,,,,,
10.083,0.5000,0.5000,0.5000,0.5000,-2.38,21.73,0.373,,1,0,,,0,0.5000,0.5000,-0.55791,-2.43506,,,,,,
10.109,0.5000,0.5000,0.5000,0.5000,-2.48,21.93,0.376,,1,0,,,0,0.5000,0.5000,-0.55003,-2.40773,,,,,,
10.133,0.5000,0.5000,0.5000,0.5000,-2.39,21.52,0.381,,1,0,,,0,0.5000,0.5000,-0.54307,-2.39721,,,,,,
10.177,0.5000,0.5000,0.5000,0.5000,-2.10,20.76,0.420,,1,0,,,0,0.5000,0.5000,-0.55396,-2.51319,,,,,,
10.211,0.5000,0.5000,0.5000,0.5000,-2.10,20.75,0.419,,1,0,,,0,0.5000,0.5000,-0.55039,-2.56339,,,,,,
10.243,0.5000,0.5000,0.5000,0.5000,-2.00,20.76,0.406,,1,0,,,0,0.5000,0.5000,-0.56577,-2.53917,,,,,,
10.265,0.5000,0.5000,0.5000,0.5000,-1.98,21.06,0.392,,1,0,,,0,0.5000,0.5000,-0.57126,-2.52767,,,,,,
10.297,0.5000,0.5000,0.5000,0.5000,-1.95,20.88,0.392,,1,0,,,0,0.5000,0.5000,-0.57308,-2.52444,,,,,,
10.329,0.5000,0.5000,0.5000,0.5000,-2.24,21.17,0.392,,1,0,,,0,0.5000,0.5000,-0.56509,-2.61145,,,,,,
10.366,0.5000,0.5000,0.5000,0.5000,-1.89,21.30,0.396,,1,0,,,0,0.5000,0.5000,-0.56024,-2.69763,,,,,,
10.391,0.5000,0.5000,0.5000,0.5000,-1.89,21.53,0.400,,1,0,,,0,0.5000,0.5000,-0.56403,-2.71414,,,,,,
10.424,0.5000,0.5000,0.5000,0.5000,-1.98,21.63,0.396,,1,0,,,0,0.5000,0.5000,-0.56488,-2.68683,,,,,,
10.466,0.5000,0.5000,0.5000,0.5000,-2.08,21.63,0.394,,1,0,,,0,0.5000,0.5000,-0.60162,-2.68311,,,,,,
10.488,0.5000,0.5000,0.5000,0.5000,-2.30,21.26,0.419,,1,0,,,0,0.5000,0.5000,-0.70155,-2.71730,,,,,,
10.531,0.5000,0.5000,0.5000,0.5000,-2.37,20.50,0.439,,1,0,,,0,0.5000,0.5000,-0.77522,-2.80929,,,,,,
10.551,0.5000,0.5000,0.5000,0.5000,-1.76,20.18,0.424,,1,0,,,0,0.5000,0.5000,-0.83440,-2.89079,,,,,,
10.610,0.5000,0.5000,0.5000,0.5000,-2.05,20.95,0.420,,1,0,,,0,0.5000,0.5000,-0.88430,-2.88588,,,,,,
10.643,0.5000,0.5000,0.5000,0.5000,-2.18,21.12,0.416,,1,0,,,0,0.5000,0.5000,-0.87319,-2.87499,,,,,,
10.667,0.5000,0.5000,0.5000,0.5000,-1.87,21.81,0.415,,1,0,,,0,0.5000,0.5000,-0.75431,-2.78548,,,,,,
10.695,0.5000,0.5000,0.5000,0.5000,-2.32,21.99,0.411,,1,0,,,0,0.5000,0.5000,-0.58926,-2.73963,,,,,,
10.738,0.5000,0.5000,0.5000,0.5000,-2.53,20.98,0.407,,1,0,,,0,0.5000,0.5000,-0.28190,-2.70552,,,,,,
10.770,0.5000,0.5000,0.5000,0.5000,-2.84,21.81,0.420,,1,0,,,0,0.5000,0.5000,-0.01599,-2.78228,,,,,,
10.792,0.5000,0.5000,0.5000,0.5000,-2.64,23.07,0.409,,1,0,,,0,0.5000,0.5000,0.10793,-2.92782,,,,,,
10.830,0.5000,0.5000,0.5000,0.5000,-2.39,21.64,0.408,,1,0,,,0,0.5000,0.5000,0.14923,-2.85656,,,,,,
10.866,0.5000,0.5000,0.5000,0.5000,-2.26,21.63,0.415,,1,0,,,0,0.5000,0.5000,0.10524,-2.82427,,,,,,
10.897,0.5000,0.5000,0.5000,0.5000,-2.04,21.00,0.416,,1,0,,,0,0.5000,0.5000,0.06548,-2.68248,,,,,,
10.927,0.5000,0.5000,0.5000,0.5000,-2.29,21.20,0.410,,1,0,,,0,0.5000,0.5000,0.09421,-2.70373,,,,,,
10.953,0.5000,0.5000,0.5000,0.5000,-2.17,21.38,0.408,,1,0,,,0,0.5000,0.5000,0.12066,-2.68553,,,,,,
10.994,0.5000,0.5000,0.5000,0.5000,-2.15,21.32,0.408,,1,0,,,0,0.5000,0.5000,0.13253,-2.68025,,,,,,
11.015,0.5000,0.5000,0.5000,0.5000,-2.09,21.72,0.410,,1,0,,,0,0.5000,0.5000,0.14710,-2.66166,,,,,,
11.059,0.5000,0.5000,0.5000,0.5000,-1.79,21.53,0.415,,1,0,,,0,0.5000,0.5000,0.13545,-2.58644,,,,,,
11.088,0.5000,0.5000,0.5000,0.5000,-1.59,21.13,0.406,,1,0,,,0,0.5000,0.5000,0.11834,-2.49534,,,,,,
11.113,0.5000,0.5000,0.5000,0.5000,-1.90,21.05,0.410,,1,0,,,0,0.5000,0.5000,0.11694,-2.45047,,,,,,
11.168,0.5000,0.5000,0.5000,0.5000,-1.92,21.42,0.407,,1,0,,,0,0.5000,0.5000,0.11843,-2.47991,,,,,,
11.192,0.5000,0.5000,0.5000,0.5000,-1.88,21.56,0.400,,1,0,,,0,0.5000,0.5000,0.11775,-2.50994,,,,,,
11.231,0.5000,0.5000,0.5000,0.5000,-2.08,21.62,0.398,,1,0,,,0,0.5000,0.5000,0.11866,-2.54899,,,,,,
11.266,0.5000,0.5000,0.5000,0.5000,-1.98,21.94,0.399,,1,0,,,0,0.5000,0.5000,0.12611,-2.55858,,,,,,
11.298,0.5000,0.5000,0.5000,0.5000,-2.03,21.85,0.401,,1,0,,,0,0.5000,0.5000,0.13116,-2.47197,,,,,,
11.331,0.5000,0.5000,0.5000,0.5000,-2.26,22.06,0.395,,1,0,,,0,0.5000,0.5000,0.13363,-2.37864,,,,,,
11.360,0.5000,0.5000,0.5000,0.5000,-2.50,22.34,0.397,,1,0,,,0,0.5000,0.5000,0.14162,-2.33622,,,,,,
11.396,0.5000,0.5000,0.5000,0.5000,-2.58,21.98,0.389,,1,0,,,0,0.5000,0.5000,0.14128,-2.32848,,,,,,
11.428,0.5000,0.5000,0.5000,0.5000,-2.31,21.60,0.392,,1,0,,,0,0.5000,0.5000,0.14692,-2.30310,,,,,,
11.458,0.5000,0.5000,0.5000,0.5000,-2.28,21.48,0.393,,1,0,,,0,0.5000,0.5000,0.14338,-2.24674,,,,,,
11.486,0.5000,0.5000,0.5000,0.5000,-2.24,20.98,0.394,,1,0,,,0,0.5000,0.5000,0.14116,-2.18399,,,,,,
11.512,0.5000,0.5000,0.5000,0.5000,-2.05,21.25,0.389,,1,0,,,0,0.5000,0.5000,0.14138,-2.17061,,,,,,
11.556,0.5000,0.5000,0.5000,0.5000,-2.06,21.79,0.390,,1,0,,,0,0.5000,0.5000,0.14986,-2.20363,,,,,,
11.576,0.5000,0.5000,0.5000,0.5000,-1.97,21.65,0.391,,1,0,,,0,0.5000,0.5000,0.15401,-2.21044,,,,,,
11.618,0.5000,0.5000,0.5000,0.5000,-1.94,21.51,0.388,,1,0,,,0,0.5000,0.5000,0.16429,-2.22625,,,,,,
11.651,0.5000,0.5000,0.5000,0.5000,-1.94,21.75,0.389,,1,0,,,0,0.5000,0.5000,0.16656,-2.24405,,,,,,
11.682,0.5000,0.5000,0.5000,0.5000,-1.87,21.48,0.392,,1,0,,,0,0.5000,0.5000,0.16687,-2.23849,,,,,,
11.704,0.5000,0.5000,0.5000,0.5000,-2.01,21.38,0.391,,1,0,,,0,0.5000,0.5000,0.16798,-2.24165,,,,,,
11.762,0.5000,0.5000,0.5000,0.5000,-1.97,21.31,0.391,,1,0,,,0,0.5000,0.5000,0.16837,-2.24306,,,,,,
11.783,0.5000,0.5000,0.5000,0.5000,-2.06,21.28,0.383,,1,0,,,0,0.5000,0.5000,0.16264,-2.25469,,,,,,
11.827,0.5000,0.5000,0.5000,0.5000,-2.07,21.19,0.383,,1,0,,,0,0.5000,0.5000,0.15584,-2.25619,,,,,,
11.859,0.5000,0.5000,0.5000,0.5000,-2.05,21.11,0.383,,1,0,,,0,0.5000,0.5000,0.15095,-2.25786,,,,,,
11.891,0.5000,0.5000,0.5000,0.5000,-2.07,21.38,0.383,,1,0,,,0,0.5000,0.5000,0.14880,-2.25849,,,,,,
11.923,0.5000,0.5000,0.5000,0.5000,-2.15,21.42,0.382,,1,0,,,0,0.5000,0.5000,0.14668,-2.25968,,,,,,
11.954,0.5000,0.5000,0.5000,0.5000,-2.10,21.25,0.382,,1,0,,,0,0.5000,0.5000,0.14716,-2.26060,,,,,,
11.985,0.5000,0.5000,0.5000,0.5000,-2.18,21.61,0.381,,1,0,,,0,0.5000,0.5000,0.15229,-2.25881,,,,,,
12.017,0.5000,0.5000,0.5000,0.5000,-2.20,21.80,0.377,,1,0,,,0,0.5000,0.5000,0.16026,-2.25018,,,,,,
12.040,0.5000,0.5000,0.5000,0.5000,-2.21,21.45,0.374,,1,0,,,0,0.5000,0.5000,0.17129,-2.22745,,,,,,
12.083,0.5000,0.5000,0.5000,0.5000,-2.20,20.78,0.376,,1,0,,,0,0.5000,0.5000,0.17644,-2.21496,,,,,,
12.114,0.5000,0.5000,0.5000,0.5000,-2.18,20.60,0.376,,1,0,,,0,0.5000,0.5000,0.17941,-2.21552,,,,,,
12.137,0.5000,0.5000,0.5000,0.5000,-2.21,20.46,0.375,,1,0,,,0,0.5000,0.5000,0.18806,-2.23328,,,,,,
12.201,0.5000,0.5000,0.5000,0.5000,-2.13,19.91,0.381,,1,0,,,0,0.5000,0.5000,0.21549,-2.24792,,,,,,
12.243,0.5000,0.5000,0.5000,0.5000,-2.16,19.97,0.382,,1,0,,,0,0.5000,0.5000,0.22986,-2.26124,,,,,,
12.271,0.5000,0.5000,0.5000,0.5000,-2.23,20.26,0.382,,1,0,,,0,0.5000,0.5000,0.25770,-2.26066,,,,,,
12.321,0.5000,0.5000,0.5000,0.5000,-2.19,21.02,0.376,,1,0,,,0,0.5000,0.5000,0.32023,-2.32933,,,,,,
12.344,0.5000,0.5000,0.5000,0.5000,-2.22,20.64,0.384,,1,0,,,0,0.5000,0.5000,0.33661,-2.33438,,,,,,
12.371,0.5000,0.5000,0.5000,0.5000,-2.23,20.56,0.387,,1,0,,,0,0.5000,0.5000,0.34350,-2.33649,,,,,,
12.404,0.5000,0.5000,0.5000,0.5000,-2.25,20.99,0.388,,1,0,,,0,0.5000,0.5000,0.36286,-2.34776,,,,,,
12.418,0.5000,0.5000,0.5000,0.5000,-2.22,20.94,0.385,,1,0,,,0,0.5000,0.5000,0.38716,-2.32945,,,,,,
12.443,0.5000,0.5000,0.5000,0.5000,-2.20,20.78,0.385,,1,0,,,0,0.5000,0.5000,0.42623,-2.32937,,,,,,
12.472,0.5000,0.5000,0.5000,0.5000,-2.11,20.35,0.385,,1,0,,,0,0.5000,0.5000,0.46472,-2.34339,,,,,,
12.510,0.5000,0.5000,0.5000,0.5000,-1.98,20.36,0.385,,1,0,,,0,0.5000,0.5000,0.51976,-2.33378,,,,,,
12.547,0.5000,0.5000,0.5000,0.5000,-1.92,20.67,0.382,,1,0,,,0,0.5000,0.5000,0.54366,-2.33713,,,,,,
12.616,0.5000,0.5000,0.5000,0.5000,-1.93,20.58,0.380,,1,0,,,0,0.5000,0.5000,0.57727,-2.34565,,,,,,
12.638,0.5000,0.5000,0.5000,0.5000,-1.98,20.67,0.378,,1,0,,,0,0.5000,0.5000,0.59649,-2.35431,,,,,,
12.675,0.5000,0.5000,0.5000,0.5000,-2.08,21.30,0.375,,1,0,,,0,0.5000,0.5000,0.60746,-2.35952,,,,,,
12.707,0.5000,0.5000,0.5000,0.5000,-1.94,21.14,0.376,,1,0,,,0,0.5000,0.5000,0.62175,-2.37592,,,,,,
12.728,0.5000,0.5000,0.5000,0.5000,-2.02,21.38,0.376,,1,0,,,0,0.5000,0.5000,0.63683,-2.37789,,,,,,
12.770,0.5000,0.5000,0.5000,0.5000,-1.96,21.53,0.378,,1,0,,,0,0.5000,0.5000,0.63506,-2.37906,,,,,,
12.800,0.5000,0.5000,0.5000,0.5000,-2.00,21.16,0.379,,1,0,,,0,0.5000,0.5000,0.63816,-2.37310,,,,,,
12.834,0.5000,0.5000,0.5000,0.5000,-1.91,21.12,0.377,,1,0,,,0,0.5000,0.5000,0.63315,-2.37951,,,,,,
12.880,0.5000,0.5000,0.5000,0.5000,-2.08,20.62,0.379,,1,0,,,0,0.5000,0.5000,0.63017,-2.38507,,,,,,
12.904,0.5000,0.5000,0.5000,0.5000,-2.03,20.44,0.377,,1,0,,,0,0.5000,0.5000,0.63125,-2.38765,,,,,,
12.937,0.5000,0.5000,0.5000,0.5000,-2.04,20.47,0.376,,1,0,,,0,0.5000,0.5000,0.63098,-2.39023,,,,,,
12.965,0.5000,0.5000,0.5000,0.5000,-2.02,20.55,0.376,,1,0,,,0,0.5000,0.5000,0.63183,-2.38954,,,,,,
13.005,0.5000,0.5000,0.5000,0.5000,-1.91,20.58,0.376,,1,0,,,1,0.1000,0.1000,0.63022,-2.38746,,,,,,
13.031,0.5000,0.5000,0.5000,0.5000,-1.91,20.52,0.374,,1,0,,,1,0.1000,0.1000,0.61843,-2.38824,,,,,,
13.073,0.5000,0.5000,0.5000,0.5000,-1.93,20.97,0.372,,1,0,,,1,0.1000,0.1000,0.62017,-2.40529,,,,,,
13.095,0.5000,0.5000,0.5000,0.5000,-1.97,20.83,0.371,,1,0,,,1,0.1000,0.1000,0.60304,-2.39909,,,,,,
13.128,0.5000,0.5000,0.5000,0.5000,-1.98,21.22,0.374,,1,0,,,1,0.1000,0.1000,0.59794,-2.41453,,,,,,
13.167,0.5000,0.5000,0.5000,0.5000,-1.97,21.36,0.374,,1,0,,,1,0.1000,0.1000,0.58655,-2.41614,,,,,,
13.200,0.5000,0.5000,0.5000,0.5000,-2.00,21.28,0.373,,1,0,,,1,0.1000,0.1000,0.56819,-2.40845,,,,,,
13.225,0.5000,0.5000,0.5000,0.5000,-2.05,21.48,0.373,,1,0,,,1,0.1000,0.1000,0.56564,-2.41622,,,,,,
13.256,0.5000,0.5000,0.5000,0.5000,-2.06,21.37,0.373,,1,0,,,1,0.1000,0.1000,0.55943,-2.41712,,,,,,
13.287,0.5000,0.5000,0.5000,0.5000,-1.98,21.37,0.373,,1,0,,,1,0.1000,0.1000,0.51097,-2.41717,,,,,,
13.320,0.5000,0.5000,0.5000,0.5000,-2.07,21.33,0.380,,1,0,,,1,0.1000,0.1000,0.41352,-2.42875,,,,,,
13.352,0.5000,0.5000,0.5000,0.5000,-2.12,21.13,0.391,,1,0,,,1,0.1000,0.1000,0.36883,-2.44996,,,,,,
13.396,0.5000,0.5000,0.5000,0.5000,-2.30,21.15,0.399,,1,0,,,1,0.1000,0.1000,0.33440,-2.46124,,,,,,
13.438,0.5000,0.5000,0.5000,0.5000,-2.67,21.21,0.407,,1,0,,,1,0.1000,0.1000,0.30840,-2.47490,,,,,,
13.463,0.5000,0.5000,0.5000,0.5000,-2.66,20.98,0.411,,1,0,,,1,0.1000,0.1000,0.26611,-2.46928,,,,,,
13.495,0.5000,0.5000,0.5000,0.5000,-2.61,20.96,0.408,,1,0,,,1,0.1000,0.1000,0.22579,-2.46373,,,,,,
13.535,0.5000,0.5000,0.5000,0.5000,-2.55,20.58,0.410,,1,0,,,1,0.1000,0.1000,0.17861,-2.47039,,,,,,
13.560,0.5000,0.5000,0.5000,0.5000,-2.71,21.16,0.412,,1,0,,,1,0.1000,0.1000,0.15391,-2.47516,,,,,,
13.592,0.5000,0.5000,0.5000,0.5000,-2.61,20.79,0.413,,1,0,,,1,0.1000,0.1000,0.14064,-2.47835,,,,,,
13.631,0.5000,0.5000,0.5000,0.5000,-2.58,21.06,0.417,,1,0,,,1,0.1000,0.1000,0.13975,-2.49899,,,,,,
13.665,0.5000,0.5000,0.5000,0.5000,-2.72,21.50,0.417,,1,0,,,1,0.1000,0.1000,0.12839,-2.50099,,,,,,
13.688,0.5000,0.5000,0.5000,0.5000,-2.67,21.21,0.416,,1,0,,,1,0.1000,0.1000,0.11748,-2.49316,,,,,,
13.719,0.5000,0.5000,0.5000,0.5000,-2.64,21.06,0.416,,1,0,,,1,0.1000,0.1000,0.11449,-2.49776,,,,,,
13.763,0.5000,0.5000,0.5000,0.5000,-2.59,20.53,0.418,,1,0,,,1,0.1000,0.1000,0.10404,-2.49767,,,,,,
13.784,0.5000,0.5000,0.5000,0.5000,-2.59,20.76,0.416,,1,0,,,1,0.1000,0.1000,0.09452,-2.50262,,,,,,
13.816,0.5000,0.5000,0.5000,0.5000,-2.44,21.34,0.413,,1,0,,,1,0.1000,0.1000,0.08332,-2.51853,,,,,,
13.849,0.5000,0.5000,0.5000,0.5000,-2.40,21.17,0.413,,1,0,,,1,0.1000,0.1000,0.07842,-2.51614,,,,,,
13.881,0.5000,0.5000,0.5000,0.5000,-2.38,21.14,0.411,,1,0,,,1,0.1000,0.1000,0.07385,-2.51449,,,,,,
13.912,0.5000,0.5000,0.5000,0.5000,-2.33,21.00,0.411,,1,0,,,1,0.1000,0.1000,0.07381,-2.51477,,,,,,
13.953,0.5000,0.5000,0.5000,0.5000,-2.36,20.77,0.410,,1,0,,,1,0.1000,0.1000,0.05877,-2.51662,,,,,,
13.976,0.5000,0.5000,0.5000,0.5000,-2.38,21.04,0.411,,1,0,,,1,0.1000,0.1000,0.05878,-2.52187,,,,,,
14.035,0.5000,0.5000,0.5000,0.5000,-2.33,21.28,0.411,,1,0,,,1,0.1000,0.1000,0.05177,-2.52478,,,,,,
14.064,0.5000,0.5000,0.5000,0.5000,-2.32,21.27,0.414,,1,0,,,1,0.1000,0.1000,0.05213,-2.52057,,,,,,
14.097,0.5000,0.5000,0.5000,0.5000,-2.31,21.28,0.412,,1,0,,,1,0.1000,0.1000,0.05267,-2.51773,,,,,,
14.126,0.5000,0.5000,0.5000,0.5000,-2.29,21.22,0.410,,1,0,,,1,0.1000,0.1000,0.05339,-2.51709,,,,,,
14.153,0.5000,0.5000,0.5000,0.5000,-2.36,21.22,0.410,,1,0,,,1,0.1000,0.1000,0.05412,-2.51627,,,,,,
14.183,0.5000,0.5000,0.5000,0.5000,-2.35,21.12,0.409,,1,0,,,1,0.1000,0.1000,0.05543,-2.51929,,,,,,
14.215,0.5000,0.5000,0.5000,0.5000,-2.39,21.27,0.410,,1,0,,,1,0.1000,0.1000,0.05584,-2.51682,,,,,,
14.249,0.5000,0.5000,0.5000,0.5000,-2.43,21.44,0.408,,1,0,,,1,0.1000,0.1000,0.05604,-2.51224,,,,,,
14.280,0.5000,0.5000,0.5000,0.5000,-2.45,21.16,0.408,,1,0,,,1,0.1000,0.1000,0.06006,-2.51397,,,,,,
14.311,0.5000,0.5000,0.5000,0.5000,-2.45,21.26,0.409,,1,0,,,1,0.1000,0.1000,0.07651,-2.51661,,,,,,
14.344,0.5000,0.5000,0.5000,0.5000,-2.44,20.75,0.408,,1,0,,,1,0.1000,0.1000,0.07949,-2.51440,,,,,,
14.380,0.5000,0.5000,0.5000,0.5000,-2.50,20.79,0.410,,1,0,,,1,0.1000,0.1000,0.10153,-2.52805,,,,,,
14.414,0.5000,0.5000,0.5000,0.5000,-2.47,21.03,0.408,,1,0,,,1,0.1000,0.1000,0.11902,-2.52844,,,,,,
14.440,0.5000,0.5000,0.5000,0.5000,-2.40,20.84,0.406,,1,0,,,1,0.1000,0.1000,0.13516,-2.52257,,,,,,
14.482,0.5000,0.5000,0.5000,0.5000,-2.43,21.11,0.406,,1,0,,,1,0.1000,0.1000,0.14237,-2.51364,,,,,,
14.516,0.5000,0.5000,0.5000,0.5000,-2.44,20.94,0.406,,1,0,,,1,0.1000,0.1000,0.15479,-2.51378,,,,,,
14.546,0.5000,0.5000,0.5000,0.5000,-2.41,20.93,0.406,,1,0,,,1,0.1000,0.1000,0.17289,-2.53418,,,,,,
14.618,0.5000,0.5000,0.5000,0.5000,-2.42,21.19,0.405,,1,0,,,1,0.1000,0.1000,0.18244,-2.53263,,,,,,
14.652,0.5000,0.5000,0.5000,0.5000,-2.40,21.15,0.404,,1,0,,,1,0.1000,0.1000,0.18522,-2.53131,,,,,,
14.676,0.5000,0.5000,0.5000,0.5000,-2.43,21.06,0.405,,1,0,,,1,0.1000,0.1000,0.18342,-2.52483,,,,,,
14.711,0.5000,0.5000,0.5000,0.5000,-2.45,21.15,0.406,,1,0,,,1,0.1000,0.1000,0.18553,-2.52491,,,,,,
14.737,0.5000,0.5000,0.5000,0.5000,-2.41,21.16,0.403,,1,0,,,1,0.1000,0.1000,0.18504,-2.52918,,,,,,
14.769,0.5000,0.5000,0.5000,0.5000,-2.37,21.05,0.404,,1,0,,,1,0.1000,0.1000,0.18468,-2.53074,,,,,,
14.788,0.5000,0.5000,0.5000,0.5000,-2.39,21.21,0.404,,1,0,,,1,0.1000,0.1000,0.18455,-2.52905,,,,,,
14.816,0.5000,0.5000,0.5000,0.5000,-2.37,21.21,0.405,,1,0,,,1,0.1000,0.1000,0.17397,-2.54015,,,,,,
14.857,0.5000,0.5000,0.5000,0.5000,-2.40,20.79,0.404,,1,0,,,1,0.1000,0.1000,0.17434,-2.53471,,,,,,
14.876,0.5000,0.5000,0.5000,0.5000,-2.40,21.18,0.405,,1,0,,,1,0.1000,0.1000,0.16396,-2.53797,,,,,,
14.916,0.5000,0.5000,0.5000,0.5000,-2.31,21.13,0.406,,1,0,,,1,0.1000,0.1000,0.16200,-2.53478,,,,,,
14.942,0.5000,0.5000,0.5000,0.5000,-2.34,20.96,0.407,,1,0,,,1,0.1000,0.1000,0.14896,-2.53416,,,,,,
15.013,0.5000,0.5000,0.5000,0.5000,-2.23,20.67,0.409,,1,0,,,1,0.1000,0.1000,0.12285,-2.51853,,,,,,
15.043,0.5000,0.5000,0.5000,0.5000,-2.23,20.19,0.408,,1,0,,,1,0.1000,0.1000,0.10793,-2.50924,,,,,,
15.071,0.5000,0.5000,0.5000,0.5000,-2.33,20.65,0.408,,1,0,,,1,0.1000,0.1000,0.09352,-2.52271,,,,,,
15.102,0.5000,0.5000,0.5000,0.5000,-2.27,20.80,0.410,,1,0,,,1,0.1000,0.1000,0.06821,-2.52256,,,,,,
15.154,0.5000,0.5000,0.5000,0.5000,-2.45,21.24,0.409,,1,0,,,1,0.1000,0.1000,0.03951,-2.51982,,,,,,
15.177,0.5000,0.5000,0.5000,0.5000,-2.50,21.15,0.408,,1,0,,,1,0.1000,0.1000,0.01992,-2.52203,,,,,,
15.235,0.5000,0.5000,0.5000,0.5000,-2.52,21.11,0.408,,1,0,,,1,0.1000,0.1000,0.01502,-2.51914,,,,,,
15.266,0.5000,0.5000,0.5000,0.5000,-2.41,21.30,0.408,,1,0,,,1,0.1000,0.1000,0.00510,-2.51503,,,,,,
15.286,0.5000,0.5000,0.5000,0.5000,-2.41,21.34,0.409,,1,0,,,1,0.1000,0.1000,-0.00595,-2.51525,,,,,,
15.317,0.5000,0.5000,0.5000,0.5000,-2.39,21.72,0.409,,1,0,,,1,0.1000,0.1000,-0.01343,-2.51626,,,,,,
15.338,0.5000,0.5000,0.5000,0.5000,-2.26,21.70,0.409,,1,0,,,1,0.1000,0.1000,-0.02640,-2.51795,,,,,,
15.379,0.5000,0.5000,0.5000,0.5000,-2.24,21.75,0.410,,1,0,,,1,0.1000,0.1000,-0.03683,-2.51638,,,,,,
15.406,0.5000,0.5000,0.5000,0.5000,-2.39,21.70,0.410,,1,0,,,1,0.1000,0.1000,-0.04284,-2.51484,,,,,,
15.432,0.5000,0.5000,0.5000,0.5000,-2.34,21.57,0.409,,1,0,,,1,0.1000,0.1000,-0.05351,-2.50807,,,,,,
15.463,0.5000,0.5000,0.5000,0.5000,-2.34,21.43,0.408,,1,0,,,1,0.1000,0.1000,-0.05288,-2.50630,,,,,,
15.501,0.5000,0.5000,0.5000,0.5000,-2.37,21.46,0.407,,1,0,,,1,0.1000,0.1000,-0.05979,-2.50401,,,,,,
15.535,0.5000,0.5000,0.5000,0.5000,-2.36,21.49,0.407,,1,0,,,1,0.1000,0.1000,-0.05903,-2.50343,,,,,,
15.570,0.5000,0.5000,0.5000,0.5000,-2.45,21.54,0.407,,1,0,,,1,0.1000,0.1000,-0.05785,-2.50150,,,,,,
15.592,0.5000,0.5000,0.5000,0.5000,-2.47,21.28,0.407,,1,0,,,1,0.1000,0.1000,-0.05999,-2.49635,,,,,,
15.623,0.5000,0.5000,0.5000,0.5000,-2.41,21.02,0.406,,1,0,,,1,0.1000,0.1000,-0.06157,-2.49196,,,,,,
15.656,0.5000,0.5000,0.5000,0.5000,-2.45,21.10,0.406,,1,0,,,1,0.1000,0.1000,-0.06549,-2.50034,,,,,,
15.714,0.5000,0.5000,0.5000,0.5000,-2.17,21.19,0.409,,1,0,,,1,0.1000,0.1000,-0.07412,-2.50881,,,,,,
15.735,0.5000,0.5000,0.5000,0.5000,-2.09,20.53,0.412,,1,0,,,1,0.1000,0.1000,-0.07774,-2.50719,,,,,,
15.771,0.5000,0.5000,0.5000,0.5000,-2.05,20.41,0.414,,1,0,,,1,0.1000,0.1000,-0.08297,-2.50978,,,,,,
15.807,0.5000,0.5000,0.5000,0.5000,-2.02,20.69,0.412,,1,0,,,1,0.1000,0.1000,-0.08812,-2.51002,,,,,,
15.831,0.5000,0.5000,0.5000,0.5000,-2.11,21.03,0.411,,1,0,,,1,0.1000,0.1000,-0.08927,-2.51445,,,,,,
15.863,0.5000,0.5000,0.5000,0.5000,-2.07,20.95,0.412,,1,0,,,1,0.1000,0.1000,-0.08902,-2.51449,,,,,,
15.896,0.5000,0.5000,0.5000,0.5000,-2.08,20.98,0.411,,1,0,,,1,0.1000,0.1000,-0.08836,-2.51495,,,,,,
15.927,0.5000,0.5000,0.5000,0.5000,-2.13,20.98,0.412,,1,0,,,1,0.1000,0.1000,-0.08686,-2.51811,,,,,,
15.969,0.5000,0.5000,0.5000,0.5000,-2.16,21.27,0.410,,1,0,,,1,0.1000,0.1000,-0.08571,-2.52261,,,,,,
15.992,0.5000,0.5000,0.5000,0.5000,-2.20,21.16,0.412,,1,0,,,1,0.1000,0.1000,-0.08354,-2.52065,,,,,,
16.024,0.5000,0.5000,0.5000,0.5000,-2.15,21.26,0.410,,1,0,,,2,0.9000,0.1000,-0.08131,-2.52604,,,,,,
16.056,0.5000,0.5000,0.5000,0.5000,-2.06,21.46,0.410,,1,0,,,2,0.9000,0.1000,-0.08159,-2.52986,,,,,,
16.097,0.5000,0.5000,0.5000,0.5000,-2.08,21.34,0.412,,1,0,,,2,0.9000,0.1000,-0.07410,-2.53320,,,,,,
16.121,0.5000,0.5000,0.5000,0.5000,-2.05,21.59,0.411,,1,0,,,2,0.9000,0.1000,-0.07410,-2.54030,,,,,,
16.159,0.5000,0.5000,0.5000,0.5000,-2.09,21.69,0.411,,1,0,,,2,0.9000,0.1000,-0.06682,-2.54480,,,,,,
16.184,0.5000,0.5000,0.5000,0.5000,-2.10,21.61,0.410,,1,0,,,2,0.9000,0.1000,-0.06677,-2.54659,,,,,,
16.216,0.5000,0.5000,0.5000,0.5000,-2.09,21.43,0.411,,1,0,,,2,0.9000,0.1000,-0.06657,-2.54264,,,,,,
16.247,0.5000,0.5000,0.5000,0.5000,-2.11,21.20,0.411,,1,0,,,2,0.9000,0.1000,-0.06472,-2.54072,,,,,,
16.296,0.5000,0.5000,0.5000,0.5000,-2.08,21.59,0.409,,1,0,,,2,0.9000,0.1000,-0.07276,-2.53256,,,,,,
16.336,0.5000,0.5000,0.5000,0.5000,-2.09,21.75,0.408,,1,0,,,2,0.9000,0.1000,-0.07141,-2.53269,,,,,,
16.360,0.5000,0.5000,0.5000,0.5000,-2.12,22.14,0.406,,1,0,,,2,0.9000,0.1000,-0.02067,-2.54479,,,,,,
16.392,0.5000,0.5000,0.5000,0.5000,-1.90,23.52,0.410,,1,0,,,2,0.9000,0.1000,0.22537,-2.55250,,,,,,
16.424,0.5000,0.5000,0.5000,0.5000,-1.82,23.24,0.415,,1,0,,,2,0.9000,0.1000,0.37030,-2.52503,,,,,,
16.465,0.5000,0.5000,0.5000,0.5000,-1.77,22.61,0.422,,1,0,,,2,0.9000,0.1000,0.43424,-2.51784,,,,,,
16.488,0.5000,0.5000,0.5000,0.5000,-1.75,22.63,0.430,,1,0,,,2,0.9000,0.1000,0.47294,-2.52522,,,,,,
16.527,0.5000,0.5000,0.5000,0.5000,-2.00,22.88,0.436,,1,0,,,2,0.9000,0.1000,0.51529,-2.55549,,,,,,
16.552,0.5000,0.5000,0.5000,0.5000,-2.08,22.66,0.438,,1,0,,,2,0.9000,0.1000,0.49536,-2.53468,,,,,,
16.584,0.5000,0.5000,0.5000,0.5000,-2.05,22.50,0.439,,1,0,,,2,0.9000,0.1000,0.50927,-2.56034,,,,,,
16.619,0.5000,0.5000,0.5000,0.5000,-2.16,22.55,0.441,,1,0,,,2,0.9000,0.1000,0.51447,-2.57002,,,,,,
16.649,0.5000,0.5000,0.5000,0.5000,-2.17,22.48,0.445,,1,0,,,2,0.9000,0.1000,0.53350,-2.58666,,,,,,
16.680,0.5000,0.5000,0.5000,0.5000,-2.20,22.39,0.447,,1,0,,,2,0.9000,0.1000,0.53332,-2.58090,,,,,,
16.719,0.5000,0.5000,0.5000,0.5000,-2.18,22.54,0.447,,1,0,,,2,0.9000,0.1000,0.52580,-2.57285,,,,,,
16.745,0.5000,0.5000,0.5000,0.5000,-2.09,22.80,0.448,,1,0,,,2,0.9000,0.1000,0.52910,-2.58532,,,,,,
16.786,0.5000,0.5000,0.5000,0.5000,-2.02,22.74,0.447,,1,0,,,2,0.9000,0.1000,0.53927,-2.60020,,,,,,
16.818,0.5000,0.5000,0.5000,0.5000,-2.06,22.60,0.446,,1,0,,,2,0.9000,0.1000,0.53991,-2.59344,,,,,,
16.855,0.5000,0.5000,0.5000,0.5000,-2.08,22.61,0.446,,1,0,,,2,0.9000,0.1000,0.56554,-2.60590,,,,,,
16.889,0.5000,0.5000,0.5000,0.5000,-2.12,22.58,0.447,,1,0,,,2,0.9000,0.1000,0.56708,-2.61200,,,,,,
16.926,0.5000,0.5000,0.5000,0.5000,-2.10,22.44,0.447,,1,0,,,2,0.9000,0.1000,0.56679,-2.60352,,,,,,
16.952,0.5000,0.5000,0.5000,0.5000,-2.15,22.52,0.446,,1,0,,,2,0.9000,0.1000,0.56711,-2.60833,,,,,,
16.984,0.5000,0.5000,0.5000,0.5000,-2.04,23.07,0.444,,1,0,,,2,0.9000,0.1000,0.56309,-2.60317,,,,,,
17.016,0.5000,0.5000,0.5000,0.5000,-2.06,22.74,0.443,,1,0,,,2,0.9000,0.1000,0.56658,-2.60760,,,,,,
17.048,0.5000,0.5000,0.5000,0.5000,-1.97,22.77,0.444,,1,0,,,2,0.9000,0.1000,0.58132,-2.61888,,,,,,
17.081,0.5000,0.5000,0.5000,0.5000,-1.92,22.52,0.443,,1,0,,,2,0.9000,0.1000,0.58857,-2.61497,,,,,,
17.112,0.5000,0.5000,0.5000,0.5000,-1.87,22.40,0.441,,1,0,,,2,0.9000,0.1000,0.59758,-2.62499,,,,,,
17.152,0.5000,0.5000,0.5000,0.5000,-1.89,22.40,0.442,,1,0,,,2,0.9000,0.1000,0.61129,-2.63734,,,,,,
17.181,0.5000,0.5000,0.5000,0.5000,-1.88,21.84,0.441,,1,0,,,2,0.9000,0.1000,0.63719,-2.64117,,,,,,
17.215,0.5000,0.5000,0.5000,0.5000,-1.83,21.94,0.440,,1,0,,,2,0.9000,0.1000,0.69516,-2.66606,,,,,,
17.249,0.5000,0.5000,0.5000,0.5000,-1.70,22.16,0.441,,1,0,,,2,0.9000,0.1000,0.71745,-2.68947,,,,,,
17.281,0.5000,0.5000,0.5000,0.5000,-1.77,21.87,0.438,,1,0,,,2,0.9000,0.1000,0.71359,-2.68868,,,,,,
17.305,0.5000,0.5000,0.5000,0.5000,-1.85,21.99,0.438,,1,0,,,2,0.9000,0.1000,0.74046,-2.69318,,,,,,
17.336,0.5000,0.5000,0.5000,0.5000,-1.81,22.22,0.438,,1,0,,,2,0.9000,0.1000,0.74019,-2.68948,,,,,,
17.434,0.5000,0.5000,0.5000,0.5000,-1.72,22.57,0.439,,1,0,,,2,0.9000,0.1000,0.73886,-2.68309,,,,,,
17.449,0.5000,0.5000,0.5000,0.5000,-1.77,22.50,0.439,,1,0,,,2,0.9000,0.1000,0.73840,-2.68217,,,,,,
17.482,0.5000,0.5000,0.5000,0.5000,-1.71,22.53,0.439,,1,0,,,2,0.9000,0.1000,0.73969,-2.68221,,,,,,
17.501,0.5000,0.5000,0.5000,0.5000,-1.70,22.48,0.439,,1,0,,,2,0.9000,0.1000,0.73698,-2.67986,,,,,,
17.526,0.5000,0.5000,0.5000,0.5000,-1.71,22.00,0.436,,1,0,,,2,0.9000,0.1000,0.73150,-2.67273,,,,,,
17.552,0.5000,0.5000,0.5000,0.5000,-1.73,21.74,0.434,,1,0,,,2,0.9000,0.1000,0.74184,-2.66873,,,,,,
17.582,0.5000,0.5000,0.5000,0.5000,-1.70,21.99,0.433,,1,0,,,2,0.9000,0.1000,0.74522,-2.65639,,,,,,
17.607,0.5000,0.5000,0.5000,0.5000,-1.74,21.99,0.433,,1,0,,,2,0.9000,0.1000,0.74806,-2.65784,,,,,,
17.640,0.5000,0.5000,0.5000,0.5000,-1.73,21.94,0.433,,1,0,,,2,0.9000,0.1000,0.75397,-2.66561,,,,,,
17.682,0.5000,0.5000,0.5000,0.5000,-1.83,21.99,0.431,,1,0,,,2,0.9000,0.1000,0.76745,-2.67146,,,,,,
17.710,0.5000,0.5000,0.5000,0.5000,-1.80,22.29,0.432,,1,0,,,2,0.9000,0.1000,0.77336,-2.67259,,,,,,
17.736,0.5000,0.5000,0.5000,0.5000,-1.87,22.37,0.433,,1,0,,,2,0.9000,0.1000,0.79878,-2.69117,,,,,,
17.800,0.5000,0.5000,0.5000,0.5000,-1.76,22.03,0.429,,1,0,,,2,0.9000,0.1000,0.80309,-2.70251,,,,,,
17.838,0.5000,0.5000,0.5000,0.5000,-1.75,22.19,0.429,,1,0,,,2,0.9000,0.1000,0.81275,-2.70405,,,,,,
17.864,0.5000,0.5000,0.5000,0.5000,-1.70,22.13,0.429,,1,0,,,2,0.9000,0.1000,0.81147,-2.70681,,,,,,
17.901,0.5000,0.5000,0.5000,0.5000,-1.76,22.19,0.429,,1,0,,,2,0.9000,0.1000,0.81158,-2.70677,,,,,,
17.928,0.5000,0.5000,0.5000,0.5000,-1.78,22.29,0.429,,1,0,,,2,0.9000,0.1000,0.81783,-2.70306,,,,,,
17.983,0.5000,0.5000,0.5000,0.5000,-1.78,22.07,0.428,,1,0,,,2,0.9000,0.1000,0.82053,-2.70553,,,,,,
18.008,0.5000,0.5000,0.5000,0.5000,-1.78,22.09,0.427,,1,0,,,2,0.9000,0.1000,0.82295,-2.70729,,,,,,
18.034,0.5000,0.5000,0.5000,0.5000,-1.80,22.08,0.426,,1,0,,,2,0.9000,0.1000,0.82617,-2.70995,,,,,,
18.059,0.5000,0.5000,0.5000,0.5000,-1.76,22.02,0.427,,1,0,,,2,0.9000,0.1000,0.82688,-2.71274,,,,,,
18.084,0.5000,0.5000,0.5000,0.5000,-1.76,22.08,0.427,,1,0,,,2,0.9000,0.1000,0.82886,-2.71394,,,,,,
18.110,0.5000,0.5000,0.5000,0.5000,-1.79,22.16,0.427,,1,0,,,2,0.9000,0.1000,0.83136,-2.71581,,,,,,
18.135,0.5000,0.5000,0.5000,0.5000,-1.76,22.28,0.427,,1,0,,,2,0.9000,0.1000,0.83129,-2.71710,,,,,,
18.201,0.5000,0.5000,0.5000,0.5000,-1.72,22.13,0.426,,1,0,,,2,0.9000,0.1000,0.83590,-2.73079,,,,,,
18.239,0.5000,0.5000,0.5000,0.5000,-1.69,22.14,0.426,,1,0,,,2,0.9000,0.1000,0.83326,-2.73141,,,,,,
18.264,0.5000,0.5000,0.5000,0.5000,-1.68,22.17,0.427,,1,0,,,2,0.9000,0.1000,0.83296,-2.73220,,,,,,
18.297,0.5000,0.5000,0.5000,0.5000,-1.68,22.07,0.426,,1,0,,,2,0.9000,0.1000,0.82881,-2.73327,,,,,,
18.329,0.5000,0.5000,0.5000,0.5000,-1.52,21.99,0.425,,1,0,,,2,0.9000,0.1000,0.82203,-2.73091,,,,,,
18.359,0.5000,0.5000,0.5000,0.5000,-1.50,22.01,0.426,,1,0,,,2,0.9000,0.1000,0.81982,-2.72981,,,,,,
18.392,0.5000,0.5000,0.5000,0.5000,-1.60,21.75,0.425,,1,0,,,2,0.9000,0.1000,0.81501,-2.72884,,,,,,
18.424,0.5000,0.5000,0.5000,0.5000,-1.57,21.62,0.426,,1,0,,,2,0.9000,0.1000,0.81428,-2.73040,,,,,,
18.462,0.5000,0.5000,0.5000,0.5000,-1.52,21.72,0.427,,1,0,,,2,0.9000,0.1000,0.81330,-2.73015,,,,,,
18.488,0.5000,0.5000,0.5000,0.5000,-1.55,22.06,0.427,,1,0,,,2,0.9000,0.1000,0.80365,-2.72967,,,,,,
18.519,0.5000,0.5000,0.5000,0.5000,-1.55,22.05,0.426,,1,0,,,2,0.9000,0.1000,0.79481,-2.72119,,,,,,
18.567,0.5000,0.5000,0.5000,0.5000,-1.73,22.21,0.426,,1,0,,,2,0.9000,0.1000,0.79443,-2.71925,,,,,,
18.600,0.5000,0.5000,0.5000,0.5000,-1.70,22.46,0.427,,1,0,,,2,0.9000,0.1000,0.78029,-2.71929,,,,,,
18.632,0.5000,0.5000,0.5000,0.5000,-1.66,22.41,0.427,,1,0,,,2,0.9000,0.1000,0.77928,-2.72065,,,,,,
18.665,0.5000,0.5000,0.5000,0.5000,-1.64,22.31,0.427,,1,0,,,2,0.9000,0.1000,0.76785,-2.71542,,,,,,
18.695,0.5000,0.5000,0.5000,0.5000,-1.67,22.41,0.427,,1,0,,,2,0.9000,0.1000,0.77058,-2.71757,,,,,,
18.738,0.5000,0.5000,0.5000,0.5000,-1.70,22.38,0.426,,1,0,,,2,0.9000,0.1000,0.76948,-2.71674,,,,,,
18.760,0.5000,0.5000,0.5000,0.5000,-1.60,22.33,0.426,,1,0,,,2,0.9000,0.1000,0.77002,-2.71915,,,,,,
18.796,0.5000,0.5000,0.5000,0.5000,-1.62,22.10,0.425,,1,0,,,2,0.9000,0.1000,0.76594,-2.71489,,,,,,
18.824,0.5000,0.5000,0.5000,0.5000,-1.60,22.30,0.424,,1,0,,,2,0.9000,0.1000,0.76722,-2.71557,,,,,,
18.856,0.5000,0.5000,0.5000,0.5000,-1.55,22.17,0.424,,1,0,,,2,0.9000,0.1000,0.76995,-2.71615,,,,,,
18.888,0.5000,0.5000,0.5000,0.5000,-1.54,22.10,0.424,,1,0,,,2,0.9000,0.1000,0.77486,-2.72278,,,,,,
18.929,0.5000,0.5000,0.5000,0.5000,-1.52,22.22,0.423,,1,0,,,2,0.9000,0.1000,0.77113,-2.72053,,,,,,
18.957,0.5000,0.5000,0.5000,0.5000,-1.54,22.29,0.423,,1,0,,,2,0.9000,0.1000,0.77159,-2.72149,,,,,,
18.990,0.5000,0.5000,0.5000,0.5000,-1.59,22.42,0.422,,1,0,,,2,0.9000,0.1000,0.77148,-2.72289,,,,,,
19.024,0.5000,0.5000,0.5000,0.5000,-1.60,22.33,0.421,,1,0,,,2,0.9000,0.1000,0.77219,-2.72087,,,,,,
19.048,0.5000,0.5000,0.5000,0.5000,-1.58,22.26,0.421,,1,0,,,3,0.1000,0.9000,0.77711,-2.72939,,,,,,
19.084,0.5000,0.5000,0.5000,0.5000,-1.59,22.18,0.421,,1,0,,,3,0.1000,0.9000,0.77653,-2.72966,,,,,,
19.128,0.5000,0.5000,0.5000,0.5000,-1.60,22.18,0.421,,1,0,,,3,0.1000,0.9000,0.77907,-2.72984,,,,,,
19.160,0.5000,0.5000,0.5000,0.5000,-1.62,22.65,0.420,,1,0,,,3,0.1000,0.9000,0.78078,-2.73313,,,,,,
19.193,0.5000,0.5000,0.5000,0.5000,-1.58,22.80,0.419,,1,0,,,3,0.1000,0.9000,0.75584,-2.71234,,,,,,
19.230,0.5000,0.5000,0.5000,0.5000,-1.60,22.89,0.419,,1,0,,,3,0.1000,0.9000,0.75938,-2.71603,,,,,,
19.257,0.5000,0.5000,0.5000,0.5000,-1.58,22.81,0.419,,1,0,,,3,0.1000,0.9000,0.75816,-2.71419,,,,,,
19.289,0.5000,0.5000,0.5000,0.5000,-1.56,22.86,0.418,,1,0,,,3,0.1000,0.9000,0.75882,-2.71331,,,,,,
19.320,0.5000,0.5000,0.5000,0.5000,-1.54,22.88,0.418,,1,0,,,3,0.1000,0.9000,0.75677,-2.71115,,,,,,
19.352,0.5000,0.5000,0.5000,0.5000,-1.54,22.93,0.410,,1,0,,,3,0.1000,0.9000,0.69508,-2.73794,,,,,,
19.393,0.5000,0.5000,0.5000,0.5000,-1.21,22.29,0.320,,1,0,,,3,0.1000,0.9000,0.54966,-2.75248,,,,,,
19.415,0.5000,0.5000,0.5000,0.5000,-0.79,18.64,0.171,,1,0,,,3,0.1000,0.9000,0.45676,-2.73101,,,,,,
19.457,0.5000,0.5000,0.5000,0.5000,-0.71,17.22,0.144,,1,0,,,3,0.1000,0.9000,0.44314,-2.69721,,,,,,
19.484,0.5000,0.5000,0.5000,0.5000,-0.70,17.08,0.176,,1,0,,,3,0.1000,0.9000,0.39094,-2.66283,,,,,,
19.524,0.5000,0.5000,0.5000,0.5000,-0.71,17.54,0.206,,1,0,,,3,0.1000,0.9000,0.34187,-2.62172,,,,,,
19.552,0.5000,0.5000,0.5000,0.5000,-0.78,17.90,0.220,,1,0,,,3,0.1000,0.9000,0.33543,-2.60090,,,,,,
19.585,0.5000,0.5000,0.5000,0.5000,-0.78,18.11,0.229,,1,0,,,3,0.1000,0.9000,0.31470,-2.58319,,,,,,
19.614,0.5000,0.5000,0.5000,0.5000,-0.81,17.96,0.235,,1,0,,,3,0.1000,0.9000,0.31611,-2.58066,,,,,,
19.657,0.5000,0.5000,0.5000,0.5000,-0.80,17.96,0.240,,1,0,,,3,0.1000,0.9000,0.32124,-2.57541,,,,,,
19.688,0.5000,0.5000,0.5000,0.5000,-0.92,18.22,0.248,,1,0,,,3,0.1000,0.9000,0.32369,-2.57232,,,,,,
19.734,0.5000,0.5000,0.5000,0.5000,-0.98,18.46,0.255,,1,0,,,3,0.1000,0.9000,0.31888,-2.57171,,,,,,
19.755,0.5000,0.5000,0.5000,0.5000,-0.98,18.46,0.259,,1,0,,,3,0.1000,0.9000,0.31403,-2.57470,,,,,,
19.785,0.5000,0.5000,0.5000,0.5000,-1.02,18.68,0.263,,1,0,,,3,0.1000,0.9000,0.31016,-2.57662,,,,,,
19.815,0.5000,0.5000,0.5000,0.5000,-0.96,18.78,0.268,,1,0,,,3,0.1000,0.9000,0.31081,-2.57631,,,,,,
19.848,0.5000,0.5000,0.5000,0.5000,-0.96,19.04,0.268,,1,0,,,3,0.1000,0.9000,0.31512,-2.58266,,,,,,
19.887,0.5000,0.5000,0.5000,0.5000,-0.99,19.28,0.273,,1,0,,,3,0.1000,0.9000,0.31321,-2.58657,,,,,,
19.912,0.5000,0.5000,0.5000,0.5000,-0.98,19.13,0.277,,1,0,,,3,0.1000,0.9000,0.30612,-2.58741,,,,,,
19.953,0.5000,0.5000,0.5000,0.5000,-0.88,19.01,0.277,,1,0,,,3,0.1000,0.9000,0.30522,-2.58178,,,,,,
19.985,0.5000,0.5000,0.5000,0.5000,-0.90,19.14,0.277,,1,0,,,3,0.1000,0.9000,0.29975,-2.58565,,,,,,
20.018,0.5000,0.5000,0.5000,0.5000,-0.74,18.81,0.280,,1,0,,,3,0.1000,0.9000,0.29544,-2.58502,,,,,,
20.048,0.5000,0.5000,0.5000,0.5000,-0.71,18.95,0.281,,1,0,,,3,0.1000,0.9000,0.29399,-2.58386,,,,,,
20.072,0.5000,0.5000,0.5000,0.5000,-0.64,19.08,0.280,,1,0,,,3,0.1000,0.9000,0.29524,-2.58874,,,,,,
20.106,0.5000,0.5000,0.5000,0.5000,-0.67,18.83,0.280,,1,0,,,3,0.1000,0.9000,0.29242,-2.58676,,,,,,
20.167,0.5000,0.5000,0.5000,0.5000,-0.71,18.87,0.276,,1,0,,,3,0.1000,0.9000,0.29018,-2.59485,,,,,,
20.209,0.5000,0.5000,0.5000,0.5000,-0.71,18.89,0.277,,1,0,,,3,0.1000,0.9000,0.29704,-2.59903,,,,,,
20.232,0.5000,0.5000,0.5000,0.5000,-0.72,18.96,0.278,,1,0,,,3,0.1000,0.9000,0.29773,-2.60412,,,,,,
20.291,0.5000,0.5000,0.5000,0.5000,-0.75,18.91,0.277,,1,0,,,3,0.1000,0.9000,0.29474,-2.60817,,,,,,
20.323,0.5000,0.5000,0.5000,0.5000,-0.81,18.88,0.276,,1,0,,,3,0.1000,0.9000,0.29386,-2.60909,,,,,,
20.342,0.5000,0.5000,0.5000,0.5000,-0.76,18.95,0.280,,1,0,,,3,0.1000,0.9000,0.29161,-2.61086,,,,,,
20.367,0.5000,0.5000,0.5000,0.5000,-0.82,19.28,0.281,,1,0,,,3,0.1000,0.9000,0.28613,-2.61520,,,,,,
20.393,0.5000,0.5000,0.5000,0.5000,-0.83,19.11,0.281,,1,0,,,3,0.1000,0.9000,0.28669,-2.61723,,,,,,
20.425,0.5000,0.5000,0.5000,0.5000,-0.73,19.16,0.281,,1,0,,,3,0.1000,0.9000,0.28014,-2.61432,,,,,,
20.463,0.5000,0.5000,0.5000,0.5000,-0.68,18.71,0.284,,1,0,,,3,0.1000,0.9000,0.27624,-2.61548,,,,,,
20.486,0.5000,0.5000,0.5000,0.5000,-0.72,18.66,0.284,,1,0,,,3,0.1000,0.9000,0.27261,-2.60917,,,,,,
20.507,0.5000,0.5000,0.5000,0.5000,-0.70,18.61,0.282,,1,0,,,3,0.1000,0.9000,0.26795,-2.61478,,,,,,
20.579,0.5000,0.5000,0.5000,0.5000,-0.75,18.23,0.282,,1,0,,,3,0.1000,0.9000,0.26044,-2.61629,,,,,,
20.606,0.5000,0.5000,0.5000,0.5000,-0.75,18.27,0.282,,1,0,,,3,0.1000,0.9000,0.25617,-2.61518,,,,,,
20.632,0.5000,0.5000,0.5000,0.5000,-0.73,18.32,0.283,,1,0,,,3,0.1000,0.9000,0.25610,-2.61765,,,,,,
20.670,0.5000,0.5000,0.5000,0.5000,-0.70,18.19,0.283,,1,0,,,3,0.1000,0.9000,0.25804,-2.61784,,,,,,
20.695,0.5000,0.5000,0.5000,0.5000,-0.61,18.32,0.281,,1,0,,,3,0.1000,0.9000,0.25825,-2.61836,,,,,,
20.733,0.5000,0.5000,0.5000,0.5000,-0.68,18.61,0.283,,1,0,,,3,0.1000,0.9000,0.26029,-2.63490,,,,,,
20.769,0.5000,0.5000,0.5000,0.5000,-0.73,18.53,0.288,,1,0,,,3,0.1000,0.9000,0.25602,-2.62653,,,,,,
20.799,0.5000,0.5000,0.5000,0.5000,-0.63,18.25,0.288,,1,0,,,3,0.1000,0.9000,0.25669,-2.62941,,,,,,
20.841,0.5000,0.5000,0.5000,0.5000,-0.61,18.47,0.288,,1,0,,,3,0.1000,0.9000,0.25567,-2.62066,,,,,,
20.873,0.5000,0.5000,0.5000,0.5000,-0.61,18.20,0.290,,1,0,,,3,0.1000,0.9000,0.23968,-2.60892,,,,,,
20.900,0.5000,0.5000,0.5000,0.5000,-0.60,18.11,0.292,,1,0,,,3,0.1000,0.9000,0.23354,-2.60284,,,,,,
20.933,0.5000,0.5000,0.5000,0.5000,-0.62,18.47,0.292,,1,0,,,3,0.1000,0.9000,0.22588,-2.60118,,,,,,
20.977,0.5000,0.5000,0.5000,0.5000,-0.65,18.41,0.290,,1,0,,,3,0.1000,0.9000,0.22569,-2.61447,,,,,,
21.008,0.5000,0.5000,0.5000,0.5000,-0.65,18.41,0.289,,1,0,,,3,0.1000,0.9000,0.22304,-2.61504,,,,,,
21.033,0.5000,0.5000,0.5000,0.5000,-0.63,18.64,0.293,,1,0,,,3,0.1000,0.9000,0.21623,-2.61247,,,,,,
21.064,0.5000,0.5000,0.5000,0.5000,-0.60,18.53,0.291,,1,0,,,3,0.1000,0.9000,0.20572,-2.61886,,,,,,
21.098,0.5000,0.5000,0.5000,0.5000,-0.61,18.37,0.293,,1,0,,,3,0.1000,0.9000,0.20109,-2.61624,,,,,,
21.129,0.5000,0.5000,0.5000,0.5000,-0.61,18.19,0.293,,1,0,,,3,0.1000,0.9000,0.20080,-2.61774,,,,,,
21.166,0.5000,0.5000,0.5000,0.5000,-0.60,18.46,0.293,,1,0,,,3,0.1000,0.9000,0.20097,-2.61803,,,,,,
21.193,0.5000,0.5000,0.5000,0.5000,-0.66,18.78,0.292,,1,0,,,3,0.1000,0.9000,0.20082,-2.61485,,,,,,
21.225,0.5000,0.5000,0.5000,0.5000,-0.64,18.73,0.292,,1,0,,,3,0.1000,0.9000,0.19835,-2.61557,,,,,,
21.256,0.5000,0.5000,0.5000,0.5000,-0.68,18.80,0.292,,1,0,,,3,0.1000,0.9000,0.19807,-2.61505,,,,,,
21.287,0.5000,0.5000,0.5000,0.5000,-0.70,18.85,0.292,,1,0,,,3,0.1000,0.9000,0.19749,-2.60984,,,,,,
21.327,0.5000,0.5000,0.5000,0.5000,-0.68,18.95,0.290,,1,0,,,3,0.1000,0.9000,0.19740,-2.61000,,,,,,
21.351,0.5000,0.5000,0.5000,0.5000,-0.70,18.84,0.289,,1,0,,,3,0.1000,0.9000,0.19653,-2.60081,,,,,,
21.400,0.5000,0.5000,0.5000,0.5000,-0.81,18.93,0.291,,1,0,,,3,0.1000,0.9000,0.19123,-2.59861,,,,,,
21.442,0.5000,0.5000,0.5000,0.5000,-0.81,18.96,0.292,,1,0,,,3,0.1000,0.9000,0.19095,-2.59689,,,,,,
21.463,0.5000,0.5000,0.5000,0.5000,-0.79,18.95,0.290,,1,0,,,3,0.1000,0.9000,0.19207,-2.59363,,,,,,
21.496,0.5000,0.5000,0.5000,0.5000,-0.79,19.10,0.291,,1,0,,,3,0.1000,0.9000,0.19235,-2.59066,,,,,,
21.535,0.5000,0.5000,0.5000,0.5000,-0.78,18.95,0.290,,1,0,,,3,0.1000,0.9000,0.19913,-2.58519,,,,,,
21.561,0.5000,0.5000,0.5000,0.5000,-0.80,19.03,0.292,,1,0,,,3,0.1000,0.9000,0.19839,-2.58332,,,,,,
21.592,0.5000,0.5000,0.5000,0.5000,-0.80,19.09,0.293,,1,0,,,3,0.1000,0.9000,0.19890,-2.58493,,,,,,
21.624,0.5000,0.5000,0.5000,0.5000,-0.83,19.11,0.293,,1,0,,,3,0.1000,0.9000,0.19882,-2.58665,,,,,,
21.656,0.5000,0.5000,0.5000,0.5000,-0.82,19.05,0.291,,1,0,,,3,0.1000,0.9000,0.19925,-2.58587,,,,,,
21.694,0.5000,0.5000,0.5000,0.5000,-0.76,18.83,0.290,,1,0,,,3,0.1000,0.9000,0.19975,-2.58171,,,,,,
21.719,0.5000,0.5000,0.5000,0.5000,-0.77,18.83,0.292,,1,0,,,3,0.1000,0.9000,0.20227,-2.58042,,,,,,
21.753,0.5000,0.5000,0.5000,0.5000,-0.75,18.96,0.292,,1,0,,,3,0.1000,0.9000,0.21248,-2.58109,,,,,,
21.788,0.5000,0.5000,0.5000,0.5000,-0.74,19.20,0.292,,1,0,,,3,0.1000,0.9000,0.21783,-2.58584,,,,,,
21.816,0.5000,0.5000,0.5000,0.5000,-0.75,19.07,0.292,,1,0,,,3,0.1000,0.9000,0.21774,-2.58675,,,,,,
21.847,0.5000,0.5000,0.5000,0.5000,-0.73,19.19,0.292,,1,0,,,3,0.1000,0.9000,0.22392,-2.58867,,,,,,
21.888,0.5000,0.5000,0.5000,0.5000,-0.55,19.04,0.292,,1,0,,,3,0.1000,0.9000,0.22842,-2.57526,,,,,,
21.912,0.5000,0.5000,0.5000,0.5000,-0.56,18.36,0.291,,1,0,,,3,0.1000,0.9000,0.23612,-2.57716,,,,,,
21.959,0.5000,0.5000,0.5000,0.5000,-0.58,18.54,0.295,,1,0,,,3,0.1000,0.9000,0.24424,-2.58609,,,,,,
21.992,0.5000,0.5000,0.5000,0.5000,-0.54,18.72,0.295,,1,0,,,3,0.1000,0.9000,0.25057,-2.58689,,,,,,
22.030,0.5000,0.5000,0.5000,0.5000,-0.54,18.61,0.294,,1,0,,,3,0.1000,0.9000,0.25337,-2.58029,,,,,,
22.056,0.5000,0.5000,0.5000,0.5000,-0.57,18.55,0.294,,1,0,,,4,0.9000,0.9000,0.25450,-2.58460,,,,,,
22.088,0.5000,0.5000,0.5000,0.5000,-0.56,18.55,0.294,,1,0,,,4,0.9000,0.9000,0.25435,-2.59224,,,,,,
22.121,0.5000,0.5000,0.5000,0.5000,-0.57,19.05,0.294,,1,0,,,4,0.9000,0.9000,0.25608,-2.59698,,,,,,
22.154,0.5000,0.5000,0.5000,0.5000,-0.61,18.99,0.294,,1,0,,,4,0.9000,0.9000,0.25621,-2.59814,,,,,,
22.188,0.5000,0.5000,0.5000,0.5000,-0.62,19.05,0.295,,1,0,,,4,0.9000,0.9000,0.25612,-2.59740,,,,,,
22.216,0.5000,0.5000,0.5000,0.5000,-0.60,19.06,0.295,,1,0,,,4,0.9000,0.9000,0.25712,-2.60162,,,,,,
22.248,0.5000,0.5000,0.5000,0.5000,-0.62,18.90,0.296,,1,0,,,4,0.9000,0.9000,0.25640,-2.60628,,,,,,
22.288,0.5000,0.5000,0.5000,0.5000,-0.55,18.88,0.294,,1,0,,,4,0.9000,0.9000,0.26630,-2.60989,,,,,,
22.313,0.5000,0.5000,0.5000,0.5000,-0.54,18.40,0.292,,1,0,,,4,0.9000,0.9000,0.27718,-2.61862,,,,,,
22.344,0.5000,0.5000,0.5000,0.5000,-0.48,19.10,0.291,,1,0,,,4,0.9000,0.9000,0.37867,-2.62775,,,,,,
22.386,0.5000,0.5000,0.5000,0.5000,-0.39,20.82,0.292,,1,0,,,4,0.9000,0.9000,0.57649,-2.63585,,,,,,
22.407,0.5000,0.5000,0.5000,0.5000,-0.33,21.34,0.292,,1,0,,,4,0.9000,0.9000,0.65059,-2.63786,,,,,,
22.440,0.5000,0.5000,0.5000,0.5000,-0.30,21.48,0.294,,1,0,,,4,0.9000,0.9000,0.69468,-2.62812,,,,,,
22.472,0.5000,0.5000,0.5000,0.5000,-0.32,21.97,0.302,,1,0,,,4,0.9000,0.9000,0.69342,-2.63913,,,,,,
22.509,0.5000,0.5000,0.5000,0.5000,-0.37,22.23,0.309,,1,0,,,4,0.9000,0.9000,0.69794,-2.63305,,,,,,
22.562,0.5000,0.5000,0.5000,0.5000,-0.39,22.11,0.311,,1,0,,,4,0.9000,0.9000,0.70326,-2.63645,,,,,,
22.589,0.5000,0.5000,0.5000,0.5000,-0.36,22.19,0.313,,1,0,,,4,0.9000,0.9000,0.70825,-2.63754,,,,,,
22.616,0.5000,0.5000,0.5000,0.5000,-0.35,22.12,0.315,,1,0,,,4,0.9000,0.9000,0.71583,-2.63158,,,,,,
22.657,0.5000,0.5000,0.5000,0.5000,-0.37,22.15,0.315,,1,0,,,4,0.9000,0.9000,0.72473,-2.62313,,,,,,
22.689,0.5000,0.5000,0.5000,0.5000,-0.44,22.23,0.317,,1,0,,,4,0.9000,0.9000,0.73529,-2.61986,,,,,,
22.712,0.5000,0.5000,0.5000,0.5000,-0.45,22.35,0.320,,1,0,,,4,0.9000,0.9000,0.73096,-2.61811,,,,,,
22.749,0.5000,0.5000,0.5000,0.5000,-0.57,21.99,0.320,,1,0,,,4,0.9000,0.9000,0.72771,-2.61986,,,,,,
22.776,0.5000,0.5000,0.5000,0.5000,-0.58,21.90,0.321,,1,0,,,4,0.9000,0.9000,0.74261,-2.62585,,,,,,
22.808,0.5000,0.5000,0.5000,0.5000,-0.58,21.77,0.321,,1,0,,,4,0.9000,0.9000,0.73899,-2.62508,,,,,,
22.841,0.5000,0.5000,0.5000,0.5000,-0.59,21.80,0.320,,1,0,,,4,0.9000,0.9000,0.74587,-2.62695,,,,,,
22.873,0.5000,0.5000,0.5000,0.5000,-0.62,21.78,0.321,,1,0,,,4,0.9000,0.9000,0.75004,-2.62786,,,,,,
22.903,0.5000,0.5000,0.5000,0.5000,-0.58,21.91,0.321,,1,0,,,4,0.9000,0.9000,0.75645,-2.62933,,,,,,
22.976,0.5000,0.5000,0.5000,0.5000,-0.60,22.27,0.324,,1,0,,,4,0.9000,0.9000,0.75655,-2.62195,,,,,,
23.002,0.5000,0.5000,0.5000,0.5000,-0.59,22.22,0.325,,1,0,,,4,0.9000,0.9000,0.75808,-2.62105,,,,,,
23.040,0.5000,0.5000,0.5000,0.5000,-0.56,22.05,0.326,,1,0,,,4,0.9000,0.9000,0.76690,-2.62867,,,,,,
23.066,0.5000,0.5000,0.5000,0.5000,-0.62,22.04,0.326,,1,0,,,4,0.9000,0.9000,0.76726,-2.63037,,,,,,
23.118,0.5000,0.5000,0.5000,0.5000,-0.58,21.74,0.325,,1,0,,,4,0.9000,0.9000,0.77540,-2.63063,,,,,,
23.151,0.5000,0.5000,0.5000,0.5000,-0.55,21.98,0.322,,1,0,,,4,0.9000,0.9000,0.77817,-2.63708,,,,,,
23.184,0.5000,0.5000,0.5000,0.5000,-0.58,22.14,0.322,,1,0,,,4,0.9000,0.9000,0.77783,-2.64471,,,,,,
23.201,0.5000,0.5000,0.5000,0.5000,-0.60,22.11,0.324,,1,0,,,4,0.9000,0.9000,0.78155,-2.64695,,,,,,
23.239,0.5000,0.5000,0.5000,0.5000,-0.54,21.82,0.324,,1,0,,,4,0.9000,0.9000,0.78364,-2.64407,,,,,,
23.254,0.5000,0.5000,0.5000,0.5000,-0.55,21.80,0.324,,1,0,,,4,0.9000,0.9000,0.77982,-2.63958,,,,,,
23.279,0.5000,0.5000,0.5000,0.5000,-0.56,21.79,0.325,,1,0,,,4,0.9000,0.9000,0.77252,-2.64112,,,,,,
23.306,0.5000,0.5000,0.5000,0.5000,-0.56,21.70,0.324,,1,0,,,4,0.9000,0.9000,0.76696,-2.63411,,,,,,
23.368,0.5000,0.5000,0.5000,0.5000,-0.55,21.62,0.325,,1,0,,,4,0.9000,0.9000,0.74747,-2.63157,,,,,,
23.400,0.5000,0.5000,0.5000,0.5000,-0.51,21.77,0.326,,1,0,,,4,0.9000,0.9000,0.74708,-2.63342,,,,,,
23.437,0.5000,0.5000,0.5000,0.5000,-0.48,21.71,0.325,,1,0,,,4,0.9000,0.9000,0.75329,-2.64035,,,,,,
23.471,0.5000,0.5000,0.5000,0.5000,-0.48,21.74,0.325,,1,0,,,4,0.9000,0.9000,0.75218,-2.64797,,,,,,
23.502,0.5000,0.5000,0.5000,0.5000,-0.50,21.73,0.326,,1,0,,,4,0.9000,0.9000,0.75059,-2.64570,,,,,,
23.536,0.5000,0.5000,0.5000,0.5000,-0.51,21.81,0.325,,1,0,,,4,0.9000,0.9000,0.74409,-2.65356,,,,,,
23.560,0.5000,0.5000,0.5000,0.5000,-0.55,21.74,0.324,,1,0,,,4,0.9000,0.9000,0.74204,-2.65408,,,,,,
23.599,0.5000,0.5000,0.5000,0.5000,-0.48,21.51,0.326,,1,0,,,4,0.9000,0.9000,0.72817,-2.65744,,,,,,
23.633,0.5000,0.5000,0.5000,0.5000,-0.48,21.18,0.324,,1,0,,,4,0.9000,0.9000,0.72744,-2.65202,,,,,,
23.671,0.5000,0.5000,0.5000,0.5000,-0.55,21.71,0.324,,1,0,,,4,0.9000,0.9000,0.72622,-2.65026,,,,,,
23.709,0.5000,0.5000,0.5000,0.5000,-0.51,21.59,0.324,,1,0,,,4,0.9000,0.9000,0.72617,-2.64896,,,,,,
23.737,0.5000,0.5000,0.5000,0.5000,-0.49,21.52,0.325,,1,0,,,4,0.9000,0.9000,0.72572,-2.64817,,,,,,
23.769,0.5000,0.5000,0.5000,0.5000,-0.47,21.38,0.325,,1,0,,,4,0.9000,0.9000,0.72494,-2.64771,,,,,,
23.810,0.5000,0.5000,0.5000,0.5000,-0.44,21.43,0.326,,1,0,,,4,0.9000,0.9000,0.72651,-2.64721,,,,,,
23.839,0.5000,0.5000,0.5000,0.5000,-0.40,21.52,0.322,,1,0,,,4,0.9000,0.9000,0.72657,-2.65086,,,,,,
23.871,0.5000,0.5000,0.5000,0.5000,-0.40,21.62,0.321,,1,0,,,4,0.9000,0.9000,0.72778,-2.64921,,,,,,
23.895,0.5000,0.5000,0.5000,0.5000,-0.37,21.63,0.321,,1,0,,,4,0.9000,0.9000,0.72804,-2.64870,,,,,,
23.929,0.5000,0.5000,0.5000,0.5000,-0.39,21.65,0.321,,1,0,,,4,0.9000,0.9000,0.72927,-2.64847,,,,,,
23.970,0.5000,0.5000,0.5000,0.5000,-0.41,21.73,0.318,,1,0,,,4,0.9000,0.9000,0.73008,-2.65080,,,,,,
23.998,0.5000,0.5000,0.5000,0.5000,-0.40,21.73,0.318,,1,0,,,4,0.9000,0.9000,0.73134,-2.65273,,,,,,
24.030,0.5000,0.5000,0.5000,0.5000,-0.44,21.57,0.317,,1,0,,,4,0.9000,0.9000,0.73145,-2.65504,,,,,,
24.056,0.5000,0.5000,0.5000,0.5000,-0.48,21.32,0.315,,1,0,,,4,0.9000,0.9000,0.73023,-2.65791,,,,,,
24.092,0.5000,0.5000,0.5000,0.5000,-0.42,21.49,0.315,,1,0,,,4,0.9000,0.9000,0.73404,-2.66453,,,,,,
24.130,0.5000,0.5000,0.5000,0.5000,-0.34,21.58,0.317,,1,0,,,4,0.9000,0.9000,0.73808,-2.66991,,,,,,
24.161,0.5000,0.5000,0.5000,0.5000,-0.34,21.69,0.317,,1,0,,,4,0.9000,0.9000,0.73606,-2.66745,,,,,,
24.192,0.5000,0.5000,0.5000,0.5000,-0.36,21.39,0.316,,1,0,,,4,0.9000,0.9000,0.73651,-2.67258,,,,,,
24.232,0.5000,0.5000,0.5000,0.5000,-0.19,20.92,0.318,,1,0,,,4,0.9000,0.9000,0.74004,-2.68012,,,,,,
24.264,0.5000,0.5000,0.5000,0.5000,-0.20,20.91,0.317,,1,0,,,4,0.9000,0.9000,0.73961,-2.67871,,,,,,
24.302,0.5000,0.5000,0.5000,0.5000,-0.25,20.97,0.315,,1,0,,,4,0.9000,0.9000,0.74555,-2.67947,,,,,,
24.328,0.5000,0.5000,0.5000,0.5000,-0.17,20.70,0.315,,1,0,,,4,0.9000,0.9000,0.74738,-2.67724,,,,,,
24.360,0.5000,0.5000,0.5000,0.5000,-0.13,20.83,0.311,,1,0,,,4,0.9000,0.9000,0.74925,-2.68299,,,,,,
24.402,0.5000,0.5000,0.5000,0.5000,-0.16,20.64,0.309,,1,0,,,4,0.9000,0.9000,0.74162,-2.68443,,,,,,
24.424,0.5000,0.5000,0.5000,0.5000,-0.16,20.55,0.309,,1,0,,,4,0.9000,0.9000,0.74066,-2.68429,,,,,,
24.456,0.5000,0.5000,0.5000,0.5000,-0.21,20.60,0.308,,1,0,,,4,0.9000,0.9000,0.73970,-2.68974,,,,,,
24.495,0.5000,0.5000,0.5000,0.5000,-0.20,20.54,0.308,,1,0,,,4,0.9000,0.9000,0.73070,-2.68804,,,,,,
24.527,0.5000,0.5000,0.5000,0.5000,-0.20,20.65,0.309,,1,0,,,4,0.9000,0.9000,0.73054,-2.68615,,,,,,
24.553,0.5000,0.5000,0.5000,0.5000,-0.31,20.80,0.308,,1,0,,,4,0.9000,0.9000,0.73693,-2.69577,,,,,,
24.593,0.5000,0.5000,0.5000,0.5000,-0.20,20.82,0.308,,1,0,,,4,0.9000,0.9000,0.73974,-2.69626,,,,,,
24.617,0.5000,0.5000,0.5000,0.5000,-0.26,21.33,0.308,,1,0,,,4,0.9000,0.9000,0.73644,-2.69500,,,,,,
24.648,0.5000,0.5000,0.5000,0.5000,-0.21,21.12,0.306,,1,0,,,4,0.9000,0.9000,0.73085,-2.69929,,,,,,
24.680,0.5000,0.5000,0.5000,0.5000,-0.14,21.28,0.306,,1,0,,,4,0.9000,0.9000,0.72922,-2.69884,,,,,,
24.712,0.5000,0.5000,0.5000,0.5000,-0.11,21.02,0.304,,1,0,,,4,0.9000,0.9000,0.72968,-2.70093,,,,,,
24.753,0.5000,0.5000,0.5000,0.5000,-0.10,20.94,0.304,,1,0,,,4,0.9000,0.9000,0.73127,-2.70233,,,,,,
24.777,0.5000,0.5000,0.5000,0.5000,-0.05,20.69,0.305,,1,0,,,4,0.9000,0.9000,0.72907,-2.70336,,,,,,
24.833,0.5000,0.5000,0.5000,0.5000,-0.09,20.96,0.299,,1,0,,,4,0.9000,0.9000,0.73048,-2.71314,,,,,,
24.862,0.5000,0.5000,0.5000,0.5000,-0.11,21.01,0.299,,1,0,,,4,0.9000,0.9000,0.73174,-2.71464,,,,,,
24.894,0.5000,0.5000,0.5000,0.5000,-0.13,20.96,0.299,,1,0,,,4,0.9000,0.9000,0.72517,-2.71808,,,,,,
24.927,0.5000,0.5000,0.5000,0.5000,-0.18,21.37,0.300,,1,0,,,4,0.9000,0.9000,0.71821,-2.71031,,,,,,
24.952,0.5000,0.5000,0.5000,0.5000,-0.20,21.35,0.302,,1,0,,,4,0.9000,0.9000,0.71459,-2.71338,,,,,,
24.994,0.5000,0.5000,0.5000,0.5000,-0.25,21.35,0.303,,1,0,,,4,0.9000,0.9000,0.71212,-2.71095,,,,,,
25.017,0.5000,0.5000,0.5000,0.5000,-0.25,21.34,0.300,,1,0,,,4,0.9000,0.9000,0.71293,-2.71181,,,,,,
25.054,0.5000,0.5000,0.5000,0.5000,-0.24,21.29,0.301,,1,0,,,4,0.9000,0.9000,0.72429,-2.71083,,,,,,
25.082,0.5000,0.5000,0.5000,0.5000,-0.21,21.30,0.300,,1,0,,,5,0.5000,0.1000,0.72451,-2.71010,,,,,,
25.111,0.5000,0.5000,0.5000,0.5000,-0.29,21.12,0.301,,1,0,,,5,0.5000,0.1000,0.72038,-2.71042,,,,,,
25.146,0.5000,0.5000,0.5000,0.5000,-0.30,21.11,0.301,,1,0,,,5,0.5000,0.1000,0.71987,-2.70981,,,,,,
25.186,0.5000,0.5000,0.5000,0.5000,-0.29,21.15,0.301,,1,0,,,5,0.5000,0.1000,0.71953,-2.70856,,,,,,
25.208,0.5000,0.5000,0.5000,0.5000,-0.23,20.93,0.301,,1,0,,,5,0.5000,0.1000,0.72263,-2.70360,,,,,,
25.240,0.5000,0.5000,0.5000,0.5000,-0.24,20.96,0.301,,1,0,,,5,0.5000,0.1000,0.72864,-2.70582,,,,,,
25.272,0.5000,0.5000,0.5000,0.5000,-0.21,20.91,0.300,,1,0,,,5,0.5000,0.1000,0.72854,-2.70894,,,,,,
25.304,0.5000,0.5000,0.5000,0.5000,-0.19,20.83,0.299,,1,0,,,5,0.5000,0.1000,0.73636,-2.71427,,,,,,
25.336,0.5000,0.5000,0.5000,0.5000,-0.19,21.20,0.299,,1,0,,,5,0.5000,0.1000,0.73819,-2.71305,,,,,,
25.434,0.5000,0.5000,0.5000,0.5000,-0.73,22.00,0.372,,1,0,,,5,0.5000,0.1000,0.62212,-2.78865,,,,,,
25.455,0.5000,0.5000,0.5000,0.5000,-0.87,22.26,0.378,,1,0,,,5,0.5000,0.1000,0.61329,-2.82194,,,,,,
25.475,0.5000,0.5000,0.5000,0.5000,-1.02,22.52,0.403,,1,0,,,5,0.5000,0.1000,0.60331,-2.82328,,,,,,
25.511,0.5000,0.5000,0.5000,0.5000,-1.12,22.01,0.423,,1,0,,,5,0.5000,0.1000,0.58597,-2.80986,,,,,,
25.527,0.5000,0.5000,0.5000,0.5000,-1.18,21.99,0.431,,1,0,,,5,0.5000,0.1000,0.57854,-2.80709,,,,,,
25.553,0.5000,0.5000,0.5000,0.5000,-1.26,21.99,0.430,,1,0,,,5,0.5000,0.1000,0.56977,-2.80755,,,,,,
25.579,0.5000,0.5000,0.5000,0.5000,-1.26,21.96,0.433,,1,0,,,5,0.5000,0.1000,0.56156,-2.81083,,,,,,
25.615,0.5000,0.5000,0.5000,0.5000,-1.25,22.00,0.431,,1,0,,,5,0.5000,0.1000,0.55551,-2.81102,,,,,,
25.640,0.5000,0.5000,0.5000,0.5000,-1.33,21.30,0.428,,1,0,,,5,0.5000,0.1000,0.55097,-2.79437,,,,,,
25.672,0.5000,0.5000,0.5000,0.5000,-1.36,21.37,0.427,,1,0,,,5,0.5000,0.1000,0.54602,-2.79665,,,,,,
25.703,0.5000,0.5000,0.5000,0.5000,-1.36,21.37,0.426,,1,0,,,5,0.5000,0.1000,0.54775,-2.79341,,,,,,
25.737,0.5000,0.5000,0.5000,0.5000,-1.31,21.33,0.425,,1,0,,,5,0.5000,0.1000,0.54317,-2.79425,,,,,,
25.799,0.5000,0.5000,0.5000,0.5000,-1.33,21.48,0.426,,1,0,,,5,0.5000,0.1000,0.54223,-2.79300,,,,,,
25.833,0.5000,0.5000,0.5000,0.5000,-1.31,21.46,0.425,,1,0,,,5,0.5000,0.1000,0.54109,-2.79060,,,,,,
25.870,0.5000,0.5000,0.5000,0.5000,-1.33,21.32,0.426,,1,0,,,5,0.5000,0.1000,0.53852,-2.79075,,,,,,
25.896,0.5000,0.5000,0.5000,0.5000,-1.31,21.29,0.426,,1,0,,,5,0.5000,0.1000,0.53484,-2.78941,,,,,,
25.950,0.5000,0.5000,0.5000,0.5000,-1.29,21.14,0.425,,1,0,,,5,0.5000,0.1000,0.53213,-2.79277,,,,,,
25.977,0.5000,0.5000,0.5000,0.5000,-1.31,21.47,0.425,,1,0,,,5,0.5000,0.1000,0.53227,-2.79449,,,,,,
26.001,0.5000,0.5000,0.5000,0.5000,-1.31,21.61,0.425,,1,0,,,5,0.5000,0.1000,0.53270,-2.79592,,,,,,
26.028,0.5000,0.5000,0.5000,0.5000,-1.37,21.72,0.424,,1,0,,,5,0.5000,0.1000,0.53329,-2.79590,,,,,,
26.060,0.5000,0.5000,0.5000,0.5000,-1.38,21.56,0.424,,1,0,,,5,0.5000,0.1000,0.53290,-2.79693,,,,,,
26.079,0.5000,0.5000,0.5000,0.5000,-1.37,21.53,0.424,,1,0,,,5,0.5000,0.1000,0.53404,-2.79956,,,,,,
26.116,0.5000,0.5000,0.5000,0.5000,-1.38,21.55,0.425,,1,0,,,5,0.5000,0.1000,0.53283,-2.80062,,,,,,
26.167,0.5000,0.5000,0.5000,0.5000,-1.33,21.57,0.424,,1,0,,,5,0.5000,0.1000,0.53278,-2.79871,,,,,,
26.201,0.5000,0.5000,0.5000,0.5000,-1.46,21.85,0.423,,1,0,,,5,0.5000,0.1000,0.53225,-2.79928,,,,,,
26.232,0.5000,0.5000,0.5000,0.5000,-1.43,21.98,0.422,,1,0,,,5,0.5000,0.1000,0.52960,-2.79712,,,,,,
26.271,0.5000,0.5000,0.5000,0.5000,-1.42,21.77,0.421,,1,0,,,5,0.5000,0.1000,0.52680,-2.80215,,,,,,
26.296,0.5000,0.5000,0.5000,0.5000,-1.40,21.85,0.422,,1,0,,,5,0.5000,0.1000,0.52344,-2.80411,,,,,,
26.338,0.5000,0.5000,0.5000,0.5000,-1.35,21.85,0.422,,1,0,,,5,0.5000,0.1000,0.52371,-2.80347,,,,,,
26.361,0.5000,0.5000,0.5000,0.5000,-1.36,21.81,0.421,,1,0,,,5,0.5000,0.1000,0.52345,-2.80080,,,,,,
26.398,0.5000,0.5000,0.5000,0.5000,-1.37,21.85,0.420,,1,0,,,5,0.5000,0.1000,0.52225,-2.80108,,,,,,
26.435,0.5000,0.5000,0.5000,0.5000,-1.41,21.87,0.421,,1,0,,,5,0.5000,0.1000,0.52275,-2.80025,,,,,,
26.456,0.5000,0.5000,0.5000,0.5000,-1.40,21.85,0.420,,1,0,,,5,0.5000,0.1000,0.52132,-2.80098,,,,,,
26.503,0.5000,0.5000,0.5000,0.5000,-1.42,21.84,0.418,,1,0,,,5,0.5000,0.1000,0.52417,-2.80971,,,,,,
26.544,0.5000,0.5000,0.5000,0.5000,-1.41,21.84,0.420,,1,0,,,5,0.5000,0.1000,0.52528,-2.80830,,,,,,
26.568,0.5000,0.5000,0.5000,0.5000,-1.43,21.83,0.420,,1,0,,,5,0.5000,0.1000,0.52556,-2.80911,,,,,,
26.606,0.5000,0.5000,0.5000,0.5000,-1.44,21.75,0.420,,1,0,,,5,0.5000,0.1000,0.52593,-2.80969,,,,,,
26.634,0.5000,0.5000,0.5000,0.5000,-1.41,21.73,0.419,,1,0,,,5,0.5000,0.1000,0.52560,-2.80779,,,,,,
26.675,0.5000,0.5000,0.5000,0.5000,-1.43,21.68,0.419,,1,0,,,5,0.5000,0.1000,0.52707,-2.80888,,,,,,
26.700,0.5000,0.5000,0.5000,0.5000,-1.40,21.58,0.416,,1,0,,,5,0.5000,0.1000,0.52949,-2.80990,,,,,,
26.739,0.5000,0.5000,0.5000,0.5000,-1.41,21.57,0.416,,1,0,,,5,0.5000,0.1000,0.53015,-2.80516,,,,,,
26.760,0.5000,0.5000,0.5000,0.5000,-1.41,21.55,0.416,,1,0,,,5,0.5000,0.1000,0.52876,-2.79967,,,,,,
26.801,0.5000,0.5000,0.5000,0.5000,-1.41,21.53,0.415,,1,0,,,5,0.5000,0.1000,0.52927,-2.80006,,,,,,
26.824,0.5000,0.5000,0.5000,0.5000,-1.43,21.60,0.416,,1,0,,,5,0.5000,0.1000,0.52937,-2.79589,,,,,,
26.863,0.5000,0.5000,0.5000,0.5000,-1.46,21.57,0.415,,1,0,,,5,0.5000,0.1000,0.53094,-2.79616,,,,,,
26.897,0.5000,0.5000,0.5000,0.5000,-1.47,21.63,0.415,,1,0,,,5,0.5000,0.1000,0.53235,-2.79340,,,,,,
26.928,0.5000,0.5000,0.5000,0.5000,-1.47,21.63,0.414,,1,0,,,5,0.5000,0.1000,0.53252,-2.79337,,,,,,
26.953,0.5000,0.5000,0.5000,0.5000,-1.45,21.74,0.414,,1,0,,,5,0.5000,0.1000,0.53371,-2.79578,,,,,,
26.994,0.5000,0.5000,0.5000,0.5000,-1.38,21.56,0.415,,1,0,,,5,0.5000,0.1000,0.53053,-2.79742,,,,,,
27.016,0.5000,0.5000,0.5000,0.5000,-1.52,21.54,0.416,,1,0,,,5,0.5000,0.1000,0.52710,-2.78990,,,,,,
27.048,0.5000,0.5000,0.5000,0.5000,-1.48,21.51,0.416,,1,0,,,5,0.5000,0.1000,0.52124,-2.79489,,,,,,
27.098,0.5000,0.5000,0.5000,0.5000,-1.51,21.46,0.417,,1,0,,,5,0.5000,0.1000,0.51830,-2.78892,,,,,,
27.130,0.5000,0.5000,0.5000,0.5000,-1.43,21.39,0.416,,1,0,,,5,0.5000,0.1000,0.51423,-2.79529,,,,,,
27.160,0.5000,0.5000,0.5000,0.5000,-1.41,21.25,0.416,,1,0,,,5,0.5000,0.1000,0.51479,-2.80126,,,,,,
27.198,0.5000,0.5000,0.5000,0.5000,-1.27,21.31,0.413,,1,0,,,5,0.5000,0.1000,0.50780,-2.80977,,,,,,
27.230,0.5000,0.5000,0.5000,0.5000,-1.25,21.15,0.412,,1,0,,,5,0.5000,0.1000,0.50039,-2.80226,,,,,,
27.267,0.5000,0.5000,0.5000,0.5000,-1.29,21.31,0.411,,1,0,,,5,0.5000,0.1000,0.50100,-2.80984,,,,,,
27.298,0.5000,0.5000,0.5000,0.5000,-1.31,21.59,0.411,,1,0,,,5,0.5000,0.1000,0.49638,-2.80143,,,,,,
27.325,0.5000,0.5000,0.5000,0.5000,-1.32,22.08,0.409,,1,0,,,5,0.5000,0.1000,0.49419,-2.79893,,,,,,
27.359,0.5000,0.5000,0.5000,0.5000,-1.22,21.88,0.407,,1,0,,,5,0.5000,0.1000,0.48663,-2.79185,,,,,,
27.384,0.5000,0.5000,0.5000,0.5000,-1.20,21.56,0.406,,1,0,,,5,0.5000,0.1000,0.46818,-2.78228,,,,,,
27.422,0.5000,0.5000,0.5000,0.5000,-1.16,21.32,0.409,,1,0,,,5,0.5000,0.1000,0.45882,-2.77705,,,,,,
27.448,0.5000,0.5000,0.5000,0.5000,-1.10,21.61,0.409,,1,0,,,5,0.5000,0.1000,0.45292,-2.78230,,,,,,
27.489,0.5000,0.5000,0.5000,0.5000,-1.13,21.69,0.408,,1,0,,,5,0.5000,0.1000,0.45277,-2.78380,,,,,,
27.513,0.5000,0.5000,0.5000,0.5000,-1.13,22.25,0.408,,1,0,,,5,0.5000,0.1000,0.45001,-2.78226,,,,,,
27.544,0.5000,0.5000,0.5000,0.5000,-1.14,22.13,0.408,,1,0,,,5,0.5000,0.1000,0.44265,-2.78369,,,,,,
27.586,0.5000,0.5000,0.5000,0.5000,-1.13,21.94,0.408,,1,0,,,5,0.5000,0.1000,0.44262,-2.78800,,,,,,
27.639,0.5000,0.5000,0.5000,0.5000,-1.14,21.71,0.408,,1,0,,,5,0.5000,0.1000,0.44281,-2.78990,,,,,,
27.664,0.5000,0.5000,0.5000,0.5000,-1.17,21.62,0.408,,1,0,,,5,0.5000,0.1000,0.43977,-2.78145,,,,,,
27.698,0.5000,0.5000,0.5000,0.5000,-1.16,21.63,0.409,,1,0,,,5,0.5000,0.1000,0.44190,-2.77882,,,,,,
27.721,0.5000,0.5000,0.5000,0.5000,-1.13,21.88,0.410,,1,0,,,5,0.5000,0.1000,0.44891,-2.78179,,,,,,
27.752,0.5000,0.5000,0.5000,0.5000,-1.10,21.82,0.408,,1,0,,,5,0.5000,0.1000,0.44890,-2.77880,,,,,,
27.790,0.5000,0.5000,0.5000,0.5000,-1.12,21.63,0.408,,1,0,,,5,0.5000,0.1000,0.44879,-2.77826,,,,,,
27.815,0.5000,0.5000,0.5000,0.5000,-1.13,21.70,0.407,,1,0,,,5,0.5000,0.1000,0.45024,-2.77817,,,,,,
27.859,0.5000,0.5000,0.5000,0.5000,-1.12,21.82,0.405,,1,0,,,5,0.5000,0.1000,0.45800,-2.79271,,,,,,
27.882,0.5000,0.5000,0.5000,0.5000,-1.11,21.74,0.405,,1,0,,,5,0.5000,0.1000,0.45910,-2.79072,,,,,,
27.922,0.5000,0.5000,0.5000,0.5000,-1.11,21.89,0.404,,1,0,,,5,0.5000,0.1000,0.46006,-2.79259,,,,,,
27.944,0.5000,0.5000,0.5000,0.5000,-1.15,21.81,0.404,,1,0,,,5,0.5000,0.1000,0.46265,-2.78893,,,,,,
27.976,0.5000,0.5000,0.5000,0.5000,-1.13,21.63,0.404,,1,0,,,5,0.5000,0.1000,0.46251,-2.79172,,,,,,
28.019,0.5000,0.5000,0.5000,0.5000,-1.05,21.64,0.404,,1,0,,,5,0.5000,0.1000,0.46221,-2.79399,,,,,,
28.052,0.5000,0.5000,0.5000,0.5000,-1.08,21.79,0.403,,1,0,,,5,0.5000,0.1000,0.46323,-2.79141,,,,,,
28.072,0.5000,0.5000,0.5000,0.5000,-1.12,21.95,0.403,,1,0,,,5,0.5000,0.1000,0.46395,-2.78834,,,,,,
28.104,0.5000,0.5000,0.5000,0.5000,-1.08,22.01,0.404,,1,0,,,6,0.1000,0.5000,0.46372,-2.78711,,,,,,
28.141,0.5000,0.5000,0.5000,0.5000,-1.00,21.83,0.404,,1,0,,,6,0.1000,0.5000,0.46031,-2.78761,,,,,,
28.233,0.5000,0.5000,0.5000,0.5000,-1.02,22.04,0.403,,1,0,,,6,0.1000,0.5000,0.45211,-2.78440,,,,,,
28.248,0.5000,0.5000,0.5000,0.5000,-0.98,21.87,0.403,,1,0,,,6,0.1000,0.5000,0.44916,-2.78520,,,,,,
28.273,0.5000,0.5000,0.5000,0.5000,-0.93,21.74,0.403,,1,0,,,6,0.1000,0.5000,0.44676,-2.78779,,,,,,
28.305,0.5000,0.5000,0.5000,0.5000,-0.97,21.88,0.404,,1,0,,,6,0.1000,0.5000,0.44031,-2.78124,,,,,,
28.335,0.5000,0.5000,0.5000,0.5000,-0.99,21.89,0.404,,1,0,,,6,0.1000,0.5000,0.43798,-2.78087,,,,,,
28.350,0.5000,0.5000,0.5000,0.5000,-1.03,21.91,0.405,,1,0,,,6,0.1000,0.5000,0.43809,-2.77894,,,,,,
28.378,0.5000,0.5000,0.5000,0.5000,-1.07,21.74,0.403,,1,0,,,6,0.1000,0.5000,0.43163,-2.77536,,,,,,
28.407,0.5000,0.5000,0.5000,0.5000,-1.07,21.68,0.403,,1,0,,,6,0.1000,0.5000,0.42448,-2.76753,,,,,,
28.440,0.5000,0.5000,0.5000,0.5000,-0.75,21.35,0.343,,1,0,,,6,0.1000,0.5000,0.38009,-2.75744,,,,,,
28.473,0.5000,0.5000,0.5000,0.5000,-0.45,19.72,0.253,,1,0,,,6,0.1000,0.5000,0.31733,-2.78730,,,,,,
28.510,0.5000,0.5000,0.5000,0.5000,-0.37,19.29,0.252,,1,0,,,6,0.1000,0.5000,0.28323,-2.78730,,,,,,
28.547,0.5000,0.5000,0.5000,0.5000,-0.39,19.28,0.268,,1,0,,,6,0.1000,0.5000,0.25400,-2.76182,,,,,,
28.600,0.5000,0.5000,0.5000,0.5000,-0.38,18.80,0.285,,1,0,,,6,0.1000,0.5000,0.23590,-2.73352,,,,,,
28.637,0.5000,0.5000,0.5000,0.5000,-0.40,18.81,0.293,,1,0,,,6,0.1000,0.5000,0.24164,-2.72519,,,,,,
28.669,0.5000,0.5000,0.5000,0.5000,-0.43,18.90,0.296,,1,0,,,6,0.1000,0.5000,0.22936,-2.72055,,,,,,
28.700,0.5000,0.5000,0.5000,0.5000,-0.48,18.94,0.298,,1,0,,,6,0.1000,0.5000,0.22250,-2.71445,,,,,,
28.728,0.5000,0.5000,0.5000,0.5000,-0.55,19.03,0.301,,1,0,,,6,0.1000,0.5000,0.22481,-2.71387,,,,,,
28.766,0.5000,0.5000,0.5000,0.5000,-0.52,19.20,0.302,,1,0,,,6,0.1000,0.5000,0.22595,-2.71479,,,,,,
28.808,0.5000,0.5000,0.5000,0.5000,-0.45,18.80,0.305,,1,0,,,6,0.1000,0.5000,0.22690,-2.71373,,,,,,
28.832,0.5000,0.5000,0.5000,0.5000,-0.40,18.84,0.308,,1,0,,,6,0.1000,0.5000,0.22815,-2.71386,,,,,,
28.857,0.5000,0.5000,0.5000,0.5000,-0.46,18.96,0.309,,1,0,,,6,0.1000,0.5000,0.23035,-2.71264,,,,,,
28.883,0.5000,0.5000,0.5000,0.5000,-0.47,18.93,0.312,,1,0,,,6,0.1000,0.5000,0.23057,-2.71004,,,,,,
28.918,0.5000,0.5000,0.5000,0.5000,-0.50,18.89,0.313,,1,0,,,6,0.1000,0.5000,0.23921,-2.70544,,,,,,
28.968,0.5000,0.5000,0.5000,0.5000,-0.53,18.94,0.317,,1,0,,,6,0.1000,0.5000,0.25763,-2.70021,,,,,,
29.001,0.5000,0.5000,0.5000,0.5000,-0.49,18.80,0.320,,1,0,,,6,0.1000,0.5000,0.26097,-2.70528,,,,,,
29.033,0.5000,0.5000,0.5000,0.5000,-0.56,19.11,0.321,,1,0,,,6,0.1000,0.5000,0.26721,-2.70874,,,,,,
29.064,0.5000,0.5000,0.5000,0.5000,-0.62,19.21,0.324,,1,0,,,6,0.1000,0.5000,0.26514,-2.70504,,,,,,
29.105,0.5000,0.5000,0.5000,0.5000,-0.62,19.11,0.326,,1,0,,,6,0.1000,0.5000,0.26538,-2.70539,,,,,,
29.129,0.5000,0.5000,0.5000,0.5000,-0.70,19.13,0.326,,1,0,,,6,0.1000,0.5000,0.26650,-2.70392,,,,,,
29.166,0.5000,0.5000,0.5000,0.5000,-0.70,19.16,0.328,,1,0,,,6,0.1000,0.5000,0.26868,-2.70330,,,,,,
29.201,0.5000,0.5000,0.5000,0.5000,-0.67,18.98,0.329,,1,0,,,6,0.1000,0.5000,0.26721,-2.70613,,,,,,
29.225,0.5000,0.5000,0.5000,0.5000,-0.63,18.84,0.330,,1,0,,,6,0.1000,0.5000,0.26480,-2.70484,,,,,,
29.256,0.5000,0.5000,0.5000,0.5000,-0.67,18.89,0.332,,1,0,,,6,0.1000,0.5000,0.26116,-2.71291,,,,,,
29.288,0.5000,0.5000,0.5000,0.5000,-0.69,19.22,0.331,,1,0,,,6,0.1000,0.5000,0.25655,-2.71557,,,,,,
29.320,0.5000,0.5000,0.5000,0.5000,-0.62,19.01,0.332,,1,0,,,6,0.1000,0.5000,0.25568,-2.71624,,,,,,
29.368,0.5000,0.5000,0.5000,0.5000,-0.61,18.97,0.334,,1,0,,,6,0.1000,0.5000,0.25285,-2.71838,,,,,,
29.401,0.5000,0.5000,0.5000,0.5000,-0.66,19.03,0.334,,1,0,,,6,0.1000,0.5000,0.24640,-2.71318,,,,,,
29.441,0.5000,0.5000,0.5000,0.5000,-0.64,19.04,0.334,,1,0,,,6,0.1000,0.5000,0.24644,-2.71316,,,,,,
29.465,0.5000,0.5000,0.5000,0.5000,-0.67,19.28,0.335,,1,0,,,6,0.1000,0.5000,0.24753,-2.71465,,,,,,
29.501,0.5000,0.5000,0.5000,0.5000,-0.74,19.28,0.336,,1,0,,,6,0.1000,0.5000,0.23999,-2.71945,,,,,,
29.535,0.5000,0.5000,0.5000,0.5000,-0.72,19.26,0.336,,1,0,,,6,0.1000,0.5000,0.23695,-2.72177,,,,,,
29.559,0.5000,0.5000,0.5000,0.5000,-0.74,19.17,0.337,,1,0,,,6,0.1000,0.5000,0.23786,-2.71985,,,,,,
29.602,0.5000,0.5000,0.5000,0.5000,-0.77,19.15,0.336,,1,0,,,6,0.1000,0.5000,0.23751,-2.71716,,,,,,
29.625,0.5000,0.5000,0.5000,0.5000,-0.78,18.99,0.336,,1,0,,,6,0.1000,0.5000,0.23505,-2.71740,,,,,,
29.657,0.5000,0.5000,0.5000,0.5000,-0.77,19.00,0.338,,1,0,,,6,0.1000,0.5000,0.23420,-2.71765,,,,,,
29.688,0.5000,0.5000,0.5000,0.5000,-0.78,18.90,0.338,,1,0,,,6,0.1000,0.5000,0.23088,-2.71023,,,,,,
29.720,0.5000,0.5000,0.5000,0.5000,-0.85,18.83,0.338,,1,0,,,6,0.1000,0.5000,0.23024,-2.71068,,,,,,
29.762,0.5000,0.5000,0.5000,0.5000,-0.80,18.68,0.339,,1,0,,,6,0.1000,0.5000,0.22966,-2.70887,,,,,,
29.795,0.5000,0.5000,0.5000,0.5000,-0.75,18.90,0.340,,1,0,,,6,0.1000,0.5000,0.23055,-2.70825,,,,,,
29.826,0.5000,0.5000,0.5000,0.5000,-0.71,18.68,0.340,,1,0,,,6,0.1000,0.5000,0.22960,-2.71110,,,,,,
29.847,0.5000,0.5000,0.5000,0.5000,-0.71,18.53,0.340,,1,0,,,6,0.1000,0.5000,0.22895,-2.71137,,,,,,
29.880,0.5000,0.5000,0.5000,0.5000,-0.53,18.21,0.340,,1,0,,,6,0.1000,0.5000,0.23236,-2.71777,,,,,,
29.938,0.5000,0.5000,0.5000,0.5000,-0.51,18.29,0.342,,1,0,,,6,0.1000,0.5000,0.23236,-2.72392,,,,,,
29.966,0.5000,0.5000,0.5000,0.5000,-0.54,18.57,0.343,,1,0,,,6,0.1000,0.5000,0.22936,-2.73299,,,,,,
30.003,0.5000,0.5000,0.5000,0.5000,-0.55,18.57,0.345,,1,0,,,6,0.1000,0.5000,0.22704,-2.73383,,,,,,
30.035,0.5000,0.5000,0.5000,0.5000,-0.60,18.97,0.343,,1,0,,,6,0.1000,0.5000,0.22706,-2.73301,,,,,,
30.065,0.5000,0.5000,0.5000,0.5000,-0.57,18.83,0.344,,1,0,,,6,0.1000,0.5000,0.22629,-2.73479,,,,,,
30.097,0.5000,0.5000,0.5000,0.5000,-0.61,18.93,0.344,,1,0,,,6,0.1000,0.5000,0.22197,-2.73088,,,,,,
30.120,0.5000,0.5000,0.5000,0.5000,-0.62,18.89,0.343,,1,0,,,6,0.1000,0.5000,0.22223,-2.73141,,,,,,
30.159,0.5000,0.5000,0.5000,0.5000,-0.66,19.16,0.343,,1,0,,,6,0.1000,0.5000,0.22153,-2.73611,,,,,,
30.185,0.5000,0.5000,0.5000,0.5000,-0.58,19.05,0.341,,1,0,,,6,0.1000,0.5000,0.21953,-2.73933,,,,,,
30.217,0.5000,0.5000,0.5000,0.5000,-0.57,19.14,0.341,,1,0,,,6,0.1000,0.5000,0.22075,-2.73681,,,,,,
30.248,0.5000,0.5000,0.5000,0.5000,-0.60,19.23,0.342,,1,0,,,6,0.1000,0.5000,0.21873,-2.73470,,,,,,
30.279,0.5000,0.5000,0.5000,0.5000,-0.62,19.14,0.342,,1,0,,,6,0.1000,0.5000,0.21448,-2.73334,,,,,,
30.312,0.5000,0.5000,0.5000,0.5000,-0.55,18.81,0.343,,1,0,,,6,0.1000,0.5000,0.21100,-2.73702,,,,,,
30.351,0.5000,0.5000,0.5000,0.5000,-0.57,19.02,0.341,,1,0,,,6,0.1000,0.5000,0.21038,-2.74290,,,,,,
30.377,0.5000,0.5000,0.5000,0.5000,-0.59,18.90,0.344,,1,0,,,6,0.1000,0.5000,0.20482,-2.74385,,,,,,
30.416,0.5000,0.5000,0.5000,0.5000,-0.54,18.68,0.344,,1,0,,,6,0.1000,0.5000,0.20419,-2.74269,,,,,,
30.440,0.5000,0.5000,0.5000,0.5000,-0.59,18.76,0.344,,1,0,,,6,0.1000,0.5000,0.20186,-2.74484,,,,,,
30.487,0.5000,0.5000,0.5000,0.5000,-0.56,19.12,0.341,,1,0,,,6,0.1000,0.5000,0.20426,-2.75053,,,,,,
30.519,0.5000,0.5000,0.5000,0.5000,-0.56,18.98,0.341,,1,0,,,6,0.1000,0.5000,0.20335,-2.75148,,,,,,
30.552,0.5000,0.5000,0.5000,0.5000,-0.63,18.56,0.341,,1,0,,,6,0.1000,0.5000,0.20296,-2.75264,,,,,,
30.586,0.5000,0.5000,0.5000,0.5000,-0.63,18.78,0.339,,1,0,,,6,0.1000,0.5000,0.20854,-2.75336,,,,,,
30.616,0.5000,0.5000,0.5000,0.5000,-0.63,18.71,0.338,,1,0,,,6,0.1000,0.5000,0.21147,-2.75678,,,,,,
30.649,0.5000,0.5000,0.5000,0.5000,-0.66,19.05,0.338,,1,0,,,6,0.1000,0.5000,0.21383,-2.75874,,,,,,
30.689,0.5000,0.5000,0.5000,0.5000,-0.68,18.89,0.338,,1,0,,,6,0.1000,0.5000,0.21128,-2.76182,,,,,,
30.720,0.5000,0.5000,0.5000,0.5000,-0.68,19.15,0.338,,1,0,,,6,0.1000,0.5000,0.21234,-2.75652,,,,,,
30.744,0.5000,0.5000,0.5000,0.5000,-0.53,18.90,0.336,,1,0,,,6,0.1000,0.5000,0.21108,-2.76045,,,,,,
30.782,0.5000,0.5000,0.5000,0.5000,-0.64,18.92,0.338,,1,0,,,6,0.1000,0.5000,0.20852,-2.76448,,,,,,
30.815,0.5000,0.5000,0.5000,0.5000,-0.63,19.21,0.339,,1,0,,,6,0.1000,0.5000,0.20889,-2.77132,,,,,,
30.840,0.5000,0.5000,0.5000,0.5000,-0.58,19.11,0.338,,1,0,,,6,0.1000,0.5000,0.20935,-2.77235,,,,,,
30.884,0.5000,0.5000,0.5000,0.5000,-0.52,19.23,0.342,,1,0,,,6,0.1000,0.5000,0.20866,-2.77693,,,,,,
30.910,0.5000,0.5000,0.5000,0.5000,-0.49,19.23,0.342,,1,0,,,6,0.1000,0.5000,0.20783,-2.78444,,,,,,
30.968,0.5000,0.5000,0.5000,0.5000,-0.37,19.29,0.339,,1,0,,,6,0.1000,0.5000,0.20830,-2.79655,,,,,,
31.008,0.5000,0.5000,0.5000,0.5000,-0.36,19.13,0.338,,1,0,,,6,0.1000,0.5000,0.20552,-2.80171,,,,,,
31.038,0.5000,0.5000,0.5000,0.5000,-0.31,19.12,0.338,,1,0,,,6,0.1000,0.5000,0.21171,-2.79803,,,,,,
31.093,0.5000,0.5000,0.5000,0.5000,-0.30,19.07,0.339,,1,0,,,6,0.1000,0.5000,0.21275,-2.80340,,,,,,
31.109,0.5000,0.5000,0.5000,0.5000,-0.32,19.10,0.339,,1,0,,,7,0.9000,0.5000,0.21315,-2.80587,,,,,,
31.133,0.5000,0.5000,0.5000,0.5000,-0.40,19.09,0.339,,1,0,,,7,0.9000,0.5000,0.21493,-2.80826,,,,,,
31.166,0.5000,0.5000,0.5000,0.5000,-0.36,19.02,0.338,,1,0,,,7,0.9000,0.5000,0.21719,-2.81280,,,,,,
31.192,0.5000,0.5000,0.5000,0.5000,-0.35,18.75,0.340,,1,0,,,7,0.9000,0.5000,0.21466,-2.81284,,,,,,
31.213,0.5000,0.5000,0.5000,0.5000,-0.24,18.68,0.340,,1,0,,,7,0.9000,0.5000,0.21589,-2.81690,,,,,,
31.241,0.5000,0.5000,0.5000,0.5000,-0.15,17.79,0.340,,1,0,,,7,0.9000,0.5000,0.21571,-2.81871,,,,,,
31.272,0.5000,0.5000,0.5000,0.5000,-0.16,17.86,0.341,,1,0,,,7,0.9000,0.5000,0.21486,-2.82219,,,,,,
31.305,0.5000,0.5000,0.5000,0.5000,-0.16,17.75,0.341,,1,0,,,7,0.9000,0.5000,0.21408,-2.82354,,,,,,
31.337,0.5000,0.5000,0.5000,0.5000,-0.23,17.61,0.336,,1,0,,,7,0.9000,0.5000,0.21068,-2.82708,,,,,,
31.405,0.5000,0.5000,0.5000,0.5000,-0.04,16.96,0.338,,1,0,,,7,0.9000,0.5000,0.20244,-2.82966,,,,,,
31.433,0.5000,0.5000,0.5000,0.5000,-0.03,17.20,0.338,,1,0,,,7,0.9000,0.5000,0.20184,-2.83231,,,,,,
31.475,0.5000,0.5000,0.5000,0.5000,-0.09,17.88,0.336,,1,0,,,7,0.9000,0.5000,0.21202,-2.83557,,,,,,
31.505,0.5000,0.5000,0.5000,0.5000,-0.12,19.42,0.337,,1,0,,,7,0.9000,0.5000,0.38968,-2.85619,,,,,,
31.533,0.5000,0.5000,0.5000,0.5000,-0.08,20.75,0.342,,1,0,,,7,0.9000,0.5000,0.54221,-2.87139,,,,,,
31.570,0.5000,0.5000,0.5000,0.5000,-0.19,21.11,0.345,,1,0,,,7,0.9000,0.5000,0.55978,-2.85698,,,,,,
31.591,0.5000,0.5000,0.5000,0.5000,-0.21,21.21,0.350,,1,0,,,7,0.9000,0.5000,0.56332,-2.86973,,,,,,
31.640,0.5000,0.5000,0.5000,0.5000,-0.24,20.79,0.357,,1,0,,,7,0.9000,0.5000,0.58044,-2.85574,,,,,,
31.673,0.5000,0.5000,0.5000,0.5000,-0.24,21.17,0.362,,1,0,,,7,0.9000,0.5000,0.56898,-2.87552,,,,,,
31.709,0.5000,0.5000,0.5000,0.5000,-0.27,21.53,0.366,,1,0,,,7,0.9000,0.5000,0.56829,-2.88833,,,,,,
31.723,0.5000,0.5000,0.5000,0.5000,-0.18,21.82,0.371,,1,0,,,7,0.9000,0.5000,0.56266,-2.88248,,,,,,
31.749,0.5000,0.5000,0.5000,0.5000,-0.14,21.57,0.376,,1,0,,,7,0.9000,0.5000,0.56953,-2.89255,,,,,,
31.806,0.5000,0.5000,0.5000,0.5000,-0.07,21.49,0.379,,1,0,,,7,0.9000,0.5000,0.58186,-2.90419,,,,,,
31.838,0.5000,0.5000,0.5000,0.5000,-0.02,21.57,0.377,,1,0,,,7,0.9000,0.5000,0.57638,-2.91069,,,,,,
31.875,0.5000,0.5000,0.5000,0.5000,0.10,21.45,0.377,,1,0,,,7,0.9000,0.5000,0.57600,-2.91826,,,,,,
31.906,0.5000,0.5000,0.5000,0.5000,0.05,21.37,0.377,,1,0,,,7,0.9000,0.5000,0.57382,-2.92128,,,,,,
31.928,0.5000,0.5000,0.5000,0.5000,0.05,21.39,0.377,,1,0,,,7,0.9000,0.5000,0.58099,-2.93355,,,,,,
31.967,0.5000,0.5000,0.5000,0.5000,0.05,21.54,0.376,,1,0,,,7,0.9000,0.5000,0.58168,-2.94006,,,,,,
31.998,0.5000,0.5000,0.5000,0.5000,0.00,21.31,0.374,,1,0,,,7,0.9000,0.5000,0.61759,-2.96227,,,,,,
32.031,0.5000,0.5000,0.5000,0.5000,0.05,21.30,0.375,,1,0,,,7,0.9000,0.5000,0.63315,-2.96921,,,,,,
32.065,0.5000,0.5000,0.5000,0.5000,0.03,21.44,0.372,,1,0,,,7,0.9000,0.5000,0.63767,-2.96957,,,,,,
32.097,0.5000,0.5000,0.5000,0.5000,-0.01,21.19,0.373,,1,0,,,7,0.9000,0.5000,0.64905,-2.97686,,,,,,
32.121,0.5000,0.5000,0.5000,0.5000,0.03,21.17,0.373,,1,0,,,7,0.9000,0.5000,0.64656,-2.98426,,,,,,
32.159,0.5000,0.5000,0.5000,0.5000,0.01,20.81,0.375,,1,0,,,7,0.9000,0.5000,0.64542,-2.99804,,,,,,
32.206,0.5000,0.5000,0.5000,0.5000,0.19,20.94,0.371,,1,0,,,7,0.9000,0.5000,0.64108,-3.01047,,,,,,
32.243,0.5000,0.5000,0.5000,0.5000,0.09,20.98,0.371,,1,0,,,7,0.9000,0.5000,0.63583,-3.01931,,,,,,
32.264,0.5000,0.5000,0.5000,0.5000,0.19,21.01,0.375,,1,0,,,7,0.9000,0.5000,0.63351,-3.01351,,,,,,
32.307,0.5000,0.5000,0.5000,0.5000,0.14,21.06,0.374,,1,0,,,7,0.9000,0.5000,0.63063,-3.01559,,,,,,
32.340,0.5000,0.5000,0.5000,0.5000,0.15,21.22,0.374,,1,0,,,7,0.9000,0.5000,0.62849,-3.01739,,,,,,
32.361,0.5000,0.5000,0.5000,0.5000,0.12,21.15,0.374,,1,0,,,7,0.9000,0.5000,0.63246,-3.01812,,,,,,
32.399,0.5000,0.5000,0.5000,0.5000,0.15,21.05,0.374,,1,0,,,7,0.9000,0.5000,0.63190,-3.02348,,,,,,
32.431,0.5000,0.5000,0.5000,0.5000,0.17,21.09,0.374,,1,0,,,7,0.9000,0.5000,0.64138,-3.02848,,,,,,
32.467,0.5000,0.5000,0.5000,0.5000,0.18,20.97,0.374,,1,0,,,7,0.9000,0.5000,0.64211,-3.03291,,,,,,
32.488,0.5000,0.5000,0.5000,0.5000,0.38,21.01,0.374,,1,0,,,7,0.9000,0.5000,0.64325,-3.02913,,,,,,
32.530,0.5000,0.5000,0.5000,0.5000,0.38,21.05,0.373,,1,0,,,7,0.9000,0.5000,0.64393,-3.03294,,,,,,
32.562,0.5000,0.5000,0.5000,0.5000,0.34,21.10,0.375,,1,0,,,7,0.9000,0.5000,0.64454,-3.02211,,,,,,
32.594,0.5000,0.5000,0.5000,0.5000,0.32,21.04,0.379,,1,0,,,7,0.9000,0.5000,0.64748,-3.02289,,,,,,
32.626,0.5000,0.5000,0.5000,0.5000,0.22,20.80,0.381,,1,0,,,7,0.9000,0.5000,0.64295,-3.01848,,,,,,
32.658,0.5000,0.5000,0.5000,0.5000,0.22,21.06,0.379,,1,0,,,7,0.9000,0.5000,0.63607,-3.01173,,,,,,
32.686,0.5000,0.5000,0.5000,0.5000,0.28,20.85,0.380,,1,0,,,7,0.9000,0.5000,0.64113,-3.00051,,,,,,
32.721,0.5000,0.5000,0.5000,0.5000,0.25,20.95,0.376,,1,0,,,7,0.9000,0.5000,0.63526,-3.00303,,,,,,
32.768,0.5000,0.5000,0.5000,0.5000,0.01,20.95,0.372,,1,0,,,7,0.9000,0.5000,0.63090,-3.00069,,,,,,
32.803,0.5000,0.5000,0.5000,0.5000,-0.02,20.89,0.370,,1,0,,,7,0.9000,0.5000,0.63893,-2.99089,,,,,,
32.835,0.5000,0.5000,0.5000,0.5000,0.02,20.93,0.368,,1,0,,,7,0.9000,0.5000,0.63860,-2.98592,,,,,,
32.865,0.5000,0.5000,0.5000,0.5000,-0.01,21.08,0.367,,1,0,,,7,0.9000,0.5000,0.63941,-2.98079,,,,,,
32.898,0.5000,0.5000,0.5000,0.5000,0.03,21.09,0.369,,1,0,,,7,0.9000,0.5000,0.64313,-2.97210,,,,,,
32.929,0.5000,0.5000,0.5000,0.5000,-0.04,20.79,0.370,,1,0,,,7,0.9000,0.5000,0.65246,-2.96493,,,,,,
32.952,0.5000,0.5000,0.5000,0.5000,-0.02,20.88,0.367,,1,0,,,7,0.9000,0.5000,0.65615,-2.95414,,,,,,
32.985,0.5000,0.5000,0.5000,0.5000,-0.05,21.06,0.363,,1,0,,,7,0.9000,0.5000,0.66254,-2.96098,,,,,,
33.016,0.5000,0.5000,0.5000,0.5000,-0.01,21.13,0.366,,1,0,,,7,0.9000,0.5000,0.66176,-2.95440,,,,,,
33.058,0.5000,0.5000,0.5000,0.5000,-0.09,21.24,0.366,,1,0,,,7,0.9000,0.5000,0.64995,-2.93664,,,,,,
33.090,0.5000,0.5000,0.5000,0.5000,-0.03,21.59,0.369,,1,0,,,7,0.9000,0.5000,0.63872,-2.92251,,,,,,
33.123,0.5000,0.5000,0.5000,0.5000,0.06,21.57,0.370,,1,0,,,7,0.9000,0.5000,0.63569,-2.91670,,,,,,
33.155,0.5000,0.5000,0.5000,0.5000,-0.01,21.52,0.372,,1,0,,,7,0.9000,0.5000,0.64002,-2.91305,,,,,,
33.188,0.5000,0.5000,0.5000,0.5000,-0.01,21.51,0.370,,1,0,,,7,0.9000,0.5000,0.63479,-2.90912,,,,,,
33.209,0.5000,0.5000,0.5000,0.5000,0.01,21.53,0.371,,1,0,,,7,0.9000,0.5000,0.63699,-2.91464,,,,,,
33.241,0.5000,0.5000,0.5000,0.5000,-0.00,22.11,0.372,,1,0,,,7,0.9000,0.5000,0.63703,-2.91620,,,,,,
33.273,0.5000,0.5000,0.5000,0.5000,0.03,22.09,0.371,,1,0,,,7,0.9000,0.5000,0.63099,-2.91507,,,,,,
33.309,0.5000,0.5000,0.5000,0.5000,0.02,22.13,0.370,,1,0,,,7,0.9000,0.5000,0.62739,-2.90985,,,,,,
33.358,0.5000,0.5000,0.5000,0.5000,0.02,22.23,0.370,,1,0,,,7,0.9000,0.5000,0.62552,-2.90493,,,,,,
33.384,0.5000,0.5000,0.5000,0.5000,0.01,21.91,0.370,,1,0,,,7,0.9000,0.5000,0.62158,-2.90039,,,,,,
33.421,0.5000,0.5000,0.5000,0.5000,0.02,21.85,0.370,,1,0,,,7,0.9000,0.5000,0.62234,-2.89436,,,,,,
33.449,0.5000,0.5000,0.5000,0.5000,-0.03,22.01,0.368,,1,0,,,7,0.9000,0.5000,0.62574,-2.90500,,,,,,
33.489,0.5000,0.5000,0.5000,0.5000,-0.12,21.91,0.367,,1,0,,,7,0.9000,0.5000,0.62596,-2.90711,,,,,,
33.523,0.5000,0.5000,0.5000,0.5000,-0.14,22.15,0.367,,1,0,,,7,0.9000,0.5000,0.62484,-2.90347,,,,,,
33.550,0.5000,0.5000,0.5000,0.5000,-0.16,22.05,0.366,,1,0,,,7,0.9000,0.5000,0.61756,-2.90322,,,,,,
33.578,0.5000,0.5000,0.5000,0.5000,-0.16,21.94,0.366,,1,0,,,7,0.9000,0.5000,0.61038,-2.89417,,,,,,
33.609,0.5000,0.5000,0.5000,0.5000,-0.17,22.13,0.366,,1,0,,,7,0.9000,0.5000,0.60077,-2.87776,,,,,,
33.640,0.5000,0.5000,0.5000,0.5000,-0.17,22.18,0.368,,1,0,,,7,0.9000,0.5000,0.58468,-2.86637,,,,,,
33.672,0.5000,0.5000,0.5000,0.5000,-0.20,22.27,0.368,,1,0,,,7,0.9000,0.5000,0.58809,-2.86871,,,,,,
33.709,0.5000,0.5000,0.5000,0.5000,-0.24,22.21,0.367,,1,0,,,7,0.9000,0.5000,0.59885,-2.87481,,,,,,
33.735,0.5000,0.5000,0.5000,0.5000,-0.22,21.70,0.367,,1,0,,,7,0.9000,0.5000,0.59765,-2.86611,,,,,,
33.812,0.5000,0.5000,0.5000,0.5000,-0.13,21.13,0.366,,1,0,,,7,0.9000,0.5000,0.61624,-2.87258,,,,,,
33.842,0.5000,0.5000,0.5000,0.5000,-0.09,21.25,0.366,,1,0,,,7,0.9000,0.5000,0.61609,-2.87688,,,,,,
33.875,0.5000,0.5000,0.5000,0.5000,-0.16,21.18,0.367,,1,0,,,7,0.9000,0.5000,0.62224,-2.88318,,,,,,
33.913,0.5000,0.5000,0.5000,0.5000,-0.18,21.57,0.366,,1,0,,,7,0.9000,0.5000,0.62367,-2.88358,,,,,,
33.943,0.5000,0.5000,0.5000,0.5000,-0.15,21.25,0.366,,1,0,,,7,0.9000,0.5000,0.61989,-2.88234,,,,,,
33.974,0.5000,0.5000,0.5000,0.5000,-0.18,21.14,0.364,,1,0,,,7,0.9000,0.5000,0.61942,-2.87896,,,,,,
33.993,0.5000,0.5000,0.5000,0.5000,-0.25,21.30,0.363,,1,0,,,7,0.9000,0.5000,0.63369,-2.89245,,,,,,
34.019,0.5000,0.5000,0.5000,0.5000,-0.21,21.35,0.363,,1,0,,,7,0.9000,0.5000,0.63402,-2.89109,,,,,,
34.059,0.5000,0.5000,0.5000,0.5000,-0.21,21.27,0.363,,1,0,,,7,0.9000,0.5000,0.63201,-2.89157,,,,,,
34.080,0.5000,0.5000,0.5000,0.5000,-0.23,21.40,0.362,,1,0,,,7,0.9000,0.5000,0.63869,-2.88899,,,,,,
34.110,0.5000,0.5000,0.5000,0.5000,-0.18,21.39,0.361,,1,0,,,7,0.9000,0.5000,0.64787,-2.89293,,,,,,
34.142,0.5000,0.5000,0.5000,0.5000,-0.16,21.26,0.363,,1,0,,,8,0.5000,0.9000,0.65304,-2.88426,,,,,,
34.210,0.5000,0.5000,0.5000,0.5000,-0.22,21.18,0.364,,1,0,,,8,0.5000,0.9000,0.65942,-2.89691,,,,,,
34.241,0.5000,0.5000,0.5000,0.5000,-0.27,21.26,0.365,,1,0,,,8,0.5000,0.9000,0.66258,-2.89866,,,,,,
34.275,0.5000,0.5000,0.5000,0.5000,-0.25,21.32,0.364,,1,0,,,8,0.5000,0.9000,0.66660,-2.90640,,,,,,
34.296,0.5000,0.5000,0.5000,0.5000,-0.14,21.18,0.363,,1,0,,,8,0.5000,0.9000,0.66083,-2.90317,,,,,,
34.335,0.5000,0.5000,0.5000,0.5000,-0.09,21.01,0.361,,1,0,,,8,0.5000,0.9000,0.66526,-2.90903,,,,,,
34.361,0.5000,0.5000,0.5000,0.5000,-0.06,21.08,0.360,,1,0,,,8,0.5000,0.9000,0.65447,-2.91027,,,,,,
34.397,0.5000,0.5000,0.5000,0.5000,-0.01,21.18,0.361,,1,0,,,8,0.5000,0.9000,0.65351,-2.90992,,,,,,
34.424,0.5000,0.5000,0.5000,0.5000,-0.03,21.21,0.356,,1,0,,,8,0.5000,0.9000,0.64005,-2.91105,,,,,,
34.472,0.5000,0.5000,0.5000,0.5000,0.04,20.88,0.350,,1,0,,,8,0.5000,0.9000,0.52099,-2.87000,,,,,,
34.514,0.5000,0.5000,0.5000,0.5000,0.11,20.72,0.340,,1,0,,,8,0.5000,0.9000,0.44621,-2.83094,,,,,,
34.540,0.5000,0.5000,0.5000,0.5000,0.15,20.57,0.336,,1,0,,,8,0.5000,0.9000,0.41677,-2.81657,,,,,,
34.567,0.5000,0.5000,0.5000,0.5000,0.08,20.18,0.341,,1,0,,,8,0.5000,0.9000,0.39271,-2.80746,,,,,,
34.610,0.5000,0.5000,0.5000,0.5000,0.09,19.82,0.336,,1,0,,,8,0.5000,0.9000,0.38555,-2.80871,,,,,,
34.632,0.5000,0.5000,0.5000,0.5000,0.01,20.40,0.335,,1,0,,,8,0.5000,0.9000,0.38438,-2.81552,,,,,,
34.669,0.5000,0.5000,0.5000,0.5000,0.05,20.16,0.334,,1,0,,,8,0.5000,0.9000,0.37233,-2.80048,,,,,,
34.696,0.5000,0.5000,0.5000,0.5000,0.11,20.42,0.334,,1,0,,,8,0.5000,0.9000,0.36584,-2.79594,,,,,,
34.737,0.5000,0.5000,0.5000,0.5000,0.10,20.36,0.339,,1,0,,,8,0.5000,0.9000,0.35692,-2.79272,,,,,,
34.761,0.5000,0.5000,0.5000,0.5000,0.12,20.38,0.340,,1,0,,,8,0.5000,0.9000,0.34611,-2.79832,,,,,,
34.792,0.5000,0.5000,0.5000,0.5000,0.15,20.25,0.340,,1,0,,,8,0.5000,0.9000,0.33601,-2.80048,,,,,,
34.833,0.5000,0.5000,0.5000,0.5000,0.12,19.83,0.339,,1,0,,,8,0.5000,0.9000,0.33480,-2.80056,,,,,,
34.867,0.5000,0.5000,0.5000,0.5000,0.13,19.74,0.338,,1,0,,,8,0.5000,0.9000,0.33377,-2.79625,,,,,,
34.887,0.5000,0.5000,0.5000,0.5000,0.18,19.82,0.337,,1,0,,,8,0.5000,0.9000,0.33372,-2.79240,,,,,,
34.925,0.5000,0.5000,0.5000,0.5000,0.18,19.93,0.332,,1,0,,,8,0.5000,0.9000,0.33366,-2.79051,,,,,,
34.961,0.5000,0.5000,0.5000,0.5000,0.12,19.99,0.332,,1,0,,,8,0.5000,0.9000,0.33655,-2.79264,,,,,,
34.985,0.5000,0.5000,0.5000,0.5000,0.14,19.96,0.333,,1,0,,,8,0.5000,0.9000,0.33730,-2.79158,,,,,,
35.032,0.5000,0.5000,0.5000,0.5000,0.15,19.88,0.332,,1,0,,,8,0.5000,0.9000,0.32762,-2.79667,,,,,,
35.064,0.5000,0.5000,0.5000,0.5000,0.16,20.15,0.330,,1,0,,,8,0.5000,0.9000,0.32709,-2.79817,,,,,,
35.103,0.5000,0.5000,0.5000,0.5000,0.19,20.05,0.330,,1,0,,,8,0.5000,0.9000,0.32613,-2.79631,,,,,,
35.128,0.5000,0.5000,0.5000,0.5000,0.25,20.04,0.329,,1,0,,,8,0.5000,0.9000,0.33119,-2.78935,,,,,,
35.167,0.5000,0.5000,0.5000,0.5000,0.28,19.86,0.329,,1,0,,,8,0.5000,0.9000,0.33056,-2.78945,,,,,,
35.193,0.5000,0.5000,0.5000,0.5000,0.31,19.70,0.327,,1,0,,,8,0.5000,0.9000,0.33057,-2.79060,,,,,,
35.224,0.5000,0.5000,0.5000,0.5000,0.34,19.73,0.327,,1,0,,,8,0.5000,0.9000,0.33526,-2.79071,,,,,,
35.266,0.5000,0.5000,0.5000,0.5000,0.40,19.77,0.327,,1,0,,,8,0.5000,0.9000,0.33721,-2.79097,,,,,,
35.294,0.5000,0.5000,0.5000,0.5000,0.41,19.91,0.325,,1,0,,,8,0.5000,0.9000,0.33764,-2.78909,,,,,,
35.320,0.5000,0.5000,0.5000,0.5000,0.44,19.91,0.324,,1,0,,,8,0.5000,0.9000,0.33810,-2.78443,,,,,,
35.351,0.5000,0.5000,0.5000,0.5000,0.43,19.87,0.324,,1,0,,,8,0.5000,0.9000,0.34030,-2.78253,,,,,,
35.385,0.5000,0.5000,0.5000,0.5000,0.43,19.88,0.323,,1,0,,,8,0.5000,0.9000,0.34059,-2.78575,,,,,,
35.416,0.5000,0.5000,0.5000,0.5000,0.48,19.86,0.323,,1,0,,,8,0.5000,0.9000,0.34068,-2.78505,,,,,,
35.455,0.5000,0.5000,0.5000,0.5000,0.37,19.47,0.323,,1,0,,,8,0.5000,0.9000,0.33928,-2.78436,,,,,,
35.481,0.5000,0.5000,0.5000,0.5000,0.33,19.55,0.324,,1,0,,,8,0.5000,0.9000,0.33898,-2.78239,,,,,,
35.513,0.5000,0.5000,0.5000,0.5000,0.35,19.44,0.321,,1,0,,,8,0.5000,0.9000,0.33424,-2.78785,,,,,,
35.550,0.5000,0.5000,0.5000,0.5000,0.30,19.57,0.321,,1,0,,,8,0.5000,0.9000,0.33295,-2.78669,,,,,,
35.582,0.5000,0.5000,0.5000,0.5000,0.25,20.02,0.323,,1,0,,,8,0.5000,0.9000,0.33455,-2.78624,,,,,,
35.623,0.5000,0.5000,0.5000,0.5000,0.27,19.82,0.324,,1,0,,,8,0.5000,0.9000,0.32967,-2.77515,,,,,,
35.657,0.5000,0.5000,0.5000,0.5000,0.24,19.85,0.324,,1,0,,,8,0.5000,0.9000,0.32985,-2.76888,,,,,,
35.688,0.5000,0.5000,0.5000,0.5000,0.30,19.68,0.326,,1,0,,,8,0.5000,0.9000,0.32907,-2.77746,,,,,,
35.727,0.5000,0.5000,0.5000,0.5000,0.21,19.94,0.324,,1,0,,,8,0.5000,0.9000,0.32794,-2.77861,,,,,,
35.752,0.5000,0.5000,0.5000,0.5000,0.22,19.71,0.318,,1,0,,,8,0.5000,0.9000,0.32969,-2.79903,,,,,,
35.783,0.5000,0.5000,0.5000,0.5000,0.25,19.71,0.318,,1,0,,,8,0.5000,0.9000,0.32856,-2.79636,,,,,,
35.817,0.5000,0.5000,0.5000,0.5000,0.34,19.64,0.318,,1,0,,,8,0.5000,0.9000,0.32326,-2.79117,,,,,,
35.856,0.5000,0.5000,0.5000,0.5000,0.31,19.50,0.319,,1,0,,,8,0.5000,0.9000,0.31540,-2.78758,,,,,,
35.882,0.5000,0.5000,0.5000,0.5000,0.23,19.92,0.318,,1,0,,,8,0.5000,0.9000,0.31785,-2.78739,,,,,,
35.920,0.5000,0.5000,0.5000,0.5000,0.23,19.89,0.318,,1,0,,,8,0.5000,0.9000,0.31420,-2.79228,,,,,,
35.947,0.5000,0.5000,0.5000,0.5000,0.23,19.79,0.318,,1,0,,,8,0.5000,0.9000,0.31629,-2.79221,,,,,,
35.976,0.5000,0.5000,0.5000,0.5000,0.26,19.69,0.315,,1,0,,,8,0.5000,0.9000,0.31834,-2.79446,,,,,,
36.020,0.5000,0.5000,0.5000,0.5000,0.28,19.96,0.316,,1,0,,,8,0.5000,0.9000,0.31929,-2.79244,,,,,,
36.051,0.5000,0.5000,0.5000,0.5000,0.26,20.00,0.316,,1,0,,,8,0.5000,0.9000,0.32529,-2.79321,,,,,,
36.072,0.5000,0.5000,0.5000,0.5000,0.28,19.99,0.317,,1,0,,,8,0.5000,0.9000,0.32818,-2.79032,,,,,,
36.116,0.5000,0.5000,0.5000,0.5000,0.29,20.02,0.316,,1,0,,,8,0.5000,0.9000,0.33128,-2.78920,,,,,,
36.150,0.5000,0.5000,0.5000,0.5000,0.25,19.96,0.315,,1,0,,,8,0.5000,0.9000,0.33215,-2.79077,,,,,,
36.217,0.5000,0.5000,0.5000,0.5000,0.34,19.91,0.313,,1,0,,,8,0.5000,0.9000,0.36679,-2.78995,,,,,,
36.244,0.5000,0.5000,0.5000,0.5000,0.30,19.89,0.313,,1,0,,,8,0.5000,0.9000,0.37288,-2.79056,,,,,,
36.281,0.5000,0.5000,0.5000,0.5000,0.32,19.85,0.314,,1,0,,,8,0.5000,0.9000,0.37121,-2.78457,,,,,,
36.297,0.5000,0.5000,0.5000,0.5000,0.34,19.81,0.315,,1,0,,,8,0.5000,0.9000,0.37341,-2.78618,,,,,,
36.325,0.5000,0.5000,0.5000,0.5000,0.22,19.94,0.314,,1,0,,,8,0.5000,0.9000,0.37773,-2.78152,,,,,,
36.350,0.5000,0.5000,0.5000,0.5000,0.19,19.93,0.314,,1,0,,,8,0.5000,0.9000,0.37440,-2.77897,,,,,,
36.375,0.5000,0.5000,0.5000,0.5000,0.13,19.87,0.312,,1,0,,,8,0.5000,0.9000,0.37381,-2.77985,,,,,,
36.414,0.5000,0.5000,0.5000,0.5000,0.05,19.92,0.312,,1,0,,,8,0.5000,0.9000,0.37829,-2.78005,,,,,,
36.447,0.5000,0.5000,0.5000,0.5000,0.16,19.82,0.311,,1,0,,,8,0.5000,0.9000,0.37895,-2.77863,,,,,,
36.472,0.5000,0.5000,0.5000,0.5000,0.18,19.70,0.310,,1,0,,,8,0.5000,0.9000,0.38163,-2.77943,,,,,,
36.514,0.5000,0.5000,0.5000,0.5000,0.22,19.74,0.310,,1,0,,,8,0.5000,0.9000,0.38745,-2.77706,,,,,,
36.543,0.5000,0.5000,0.5000,0.5000,0.23,19.36,0.308,,1,0,,,8,0.5000,0.9000,0.38752,-2.77246,,,,,,
36.609,0.5000,0.5000,0.5000,0.5000,0.24,19.48,0.306,,1,0,,,8,0.5000,0.9000,0.39239,-2.77099,,,,,,
36.632,0.5000,0.5000,0.5000,0.5000,0.18,19.53,0.306,,1,0,,,8,0.5000,0.9000,0.39270,-2.76945,,,,,,
36.664,0.5000,0.5000,0.5000,0.5000,0.22,19.58,0.306,,1,0,,,8,0.5000,0.9000,0.39838,-2.77436,,,,,,
36.702,0.5000,0.5000,0.5000,0.5000,0.08,19.52,0.307,,1,0,,,8,0.5000,0.9000,0.39893,-2.77338,,,,,,
36.743,0.5000,0.5000,0.5000,0.5000,0.20,19.65,0.307,,1,0,,,8,0.5000,0.9000,0.39599,-2.76713,,,,,,
36.778,0.5000,0.5000,0.5000,0.5000,0.20,19.53,0.307,,1,0,,,8,0.5000,0.9000,0.40148,-2.76716,,,,,,
36.814,0.5000,0.5000,0.5000,0.5000,0.21,19.40,0.307,,1,0,,,8,0.5000,0.9000,0.40454,-2.76917,,,,,,
36.832,0.5000,0.5000,0.5000,0.5000,0.24,19.38,0.302,,1,0,,,8,0.5000,0.9000,0.41445,-2.78593,,,,,,
36.860,0.5000,0.5000,0.5000,0.5000,0.25,19.59,0.303,,1,0,,,8,0.5000,0.9000,0.41187,-2.77990,,,,,,
36.900,0.5000,0.5000,0.5000,0.5000,0.29,19.50,0.305,,1,0,,,8,0.5000,0.9000,0.41093,-2.77223,,,,,,
36.915,0.5000,0.5000,0.5000,0.5000,0.27,19.63,0.304,,1,0,,,8,0.5000,0.9000,0.40149,-2.76784,,,,,,
36.969,0.5000,0.5000,0.5000,0.5000,0.34,19.49,0.305,,1,0,,,8,0.5000,0.9000,0.39767,-2.76375,,,,,,
37.007,0.5000,0.5000,0.5000,0.5000,0.25,19.64,0.306,,1,0,,,8,0.5000,0.9000,0.39699,-2.76549,,,,,,
37.039,0.5000,0.5000,0.5000,0.5000,0.26,19.49,0.301,,1,0,,,8,0.5000,0.9000,0.39178,-2.76578,,,,,,
37.064,0.5000,0.5000,0.5000,0.5000,0.25,19.38,0.300,,1,0,,,8,0.5000,0.9000,0.39066,-2.76330,,,,,,
37.096,0.5000,0.5000,0.5000,0.5000,0.28,19.27,0.300,,1,0,,,8,0.5000,0.9000,0.39073,-2.76109,,,,,,
37.128,0.5000,0.5000,0.5000,0.5000,0.25,19.27,0.300,,1,0,,,8,0.5000,0.9000,0.39038,-2.75962,,,,,,
38.239,0.5550,0.9085,0.5550,0.9085,0.24,20.28,0.302,,1,1,2.051,0.0359,,,,0.34919,-2.74445,4.590,1.589,0.697,1.428,,
38.271,0.5535,0.9093,0.5462,0.9133,0.23,20.13,0.297,,1,1,2.051,0.0359,,,,0.35278,-2.75130,4.590,1.589,0.697,1.428,,
38.290,0.5516,0.9144,0.5358,0.9552,0.19,20.04,0.295,,1,1,2.051,0.0359,,,,0.35428,-2.75236,4.590,1.589,0.697,1.428,,
38.318,0.5445,0.9177,0.5057,0.9360,0.24,20.16,0.293,,1,1,2.051,0.0359,,,,0.35709,-2.75252,4.590,1.589,0.697,1.428,,
38.349,0.5406,0.9231,0.5207,0.9503,0.21,20.11,0.294,,1,1,2.051,0.0359,,,,0.35770,-2.74918,4.590,1.589,0.697,1.428,,
38.368,0.5378,0.9253,0.5154,0.9428,0.25,20.11,0.294,,1,1,2.051,0.0359,,,,0.35783,-2.74831,4.590,1.589,0.697,1.428,,
38.402,0.5344,0.9272,0.5184,0.9361,0.23,20.03,0.293,,1,1,2.051,0.0359,,,,0.35773,-2.74787,4.590,1.589,0.697,1.428,,
38.421,0.5324,0.9299,0.5166,0.9508,0.18,19.93,0.286,,1,1,2.051,0.0359,,,,0.36005,-2.75273,4.590,1.589,0.697,1.428,,
38.452,0.5305,0.9330,0.5210,0.9487,0.18,19.87,0.285,,1,1,2.051,0.0359,,,,0.36560,-2.75534,4.590,1.589,0.697,1.428,,
38.471,0.5297,0.9346,0.5230,0.9476,0.18,19.86,0.285,,1,1,2.051,0.0359,,,,0.36843,-2.75104,4.590,1.589,0.697,1.428,,
38.504,0.5261,0.9390,0.5092,0.9595,0.32,19.75,0.283,,1,1,2.051,0.0359,,,,0.37412,-2.74331,4.590,1.589,0.697,1.428,,
38.523,0.5243,0.9424,0.5101,0.9693,0.29,19.68,0.284,,1,1,2.051,0.0359,,,,0.37649,-2.74371,4.590,1.589,0.697,1.428,,
38.553,0.5230,0.9483,0.5162,0.9795,0.29,19.69,0.284,,1,1,2.051,0.0359,,,,0.37695,-2.74311,4.590,1.589,0.697,1.428,,
38.583,0.5207,0.9537,0.5089,0.9809,0.29,19.53,0.284,,1,1,2.051,0.0359,,,,0.37325,-2.74535,4.590,1.589,0.697,1.428,,
38.616,0.5185,0.9580,0.5080,0.9780,0.36,19.46,0.283,,1,1,2.051,0.0359,,,,0.37113,-2.74765,4.590,1.589,0.697,1.428,,
38.655,0.5195,0.9612,0.5238,0.9738,0.36,19.55,0.285,,1,1,2.051,0.0359,,,,0.37302,-2.74308,4.590,1.589,0.697,1.428,,
38.690,0.5184,0.9612,0.5131,0.9609,0.26,19.62,0.284,,1,1,2.051,0.0359,,,,0.37479,-2.75127,4.590,1.589,0.697,1.428,,
38.718,0.5182,0.9559,0.5175,0.9267,0.29,19.59,0.287,,1,1,2.051,0.0359,,,,0.37732,-2.74711,4.590,1.589,0.697,1.428,,
38.754,0.5165,0.9504,0.5087,0.9259,0.28,19.48,0.288,,1,1,2.051,0.0359,,,,0.37685,-2.75024,4.590,1.589,0.697,1.428,,
38.776,0.5161,0.9448,0.5134,0.9053,0.26,19.51,0.298,,1,1,2.051,0.0359,,,,0.37803,-2.74081,4.590,1.589,0.697,1.428,,
38.817,0.5143,0.9316,0.5074,0.8806,0.23,19.33,0.309,,1,1,2.051,0.0359,,,,0.37147,-2.73718,4.590,1.589,0.697,1.428,,
38.846,0.5089,0.9016,0.4804,0.7509,-0.01,19.60,0.336,,1,1,2.051,0.0359,,,,0.38062,-2.75547,4.590,1.589,0.697,1.428,,
38.879,0.5026,0.7900,0.4722,0.3331,-0.31,20.36,0.381,,1,1,2.051,0.0359,,,,0.38146,-2.81375,4.590,1.589,0.697,1.428,,
38.916,0.4940,0.6256,0.4583,0.1002,-0.56,21.21,0.415,,1,1,2.051,0.0359,,,,0.38486,-2.83681,4.590,1.589,0.697,1.428,,
38.946,0.4867,0.5014,0.4499,0.0501,-0.67,21.52,0.430,,1,1,2.051,0.0359,,,,0.38198,-2.84449,4.590,1.589,0.697,1.428,,
39.029,0.4739,0.2924,0.4501,0.0036,-0.69,21.26,0.436,,1,1,2.051,0.0359,,,,0.37860,-2.85754,4.590,1.589,0.697,1.428,,
39.049,0.4703,0.2458,0.4427,-0.0164,-0.73,21.21,0.439,,1,1,2.051,0.0359,,,,0.37827,-2.86165,4.590,1.589,0.697,1.428,,
39.082,0.4665,0.1923,0.4489,0.0104,-0.75,21.09,0.441,,1,1,2.051,0.0359,,,,0.37783,-2.86125,4.590,1.589,0.697,1.428,,
39.099,0.4662,0.1647,0.4632,-0.0088,-0.76,21.04,0.441,,1,1,2.051,0.0359,,,,0.37736,-2.86397,4.590,1.589,0.697,1.428,,
39.125,0.4663,0.1352,0.4672,0.0069,-0.80,21.13,0.439,,1,1,2.051,0.0359,,,,0.37431,-2.86481,4.590,1.589,0.697,1.428,,
39.161,0.4670,0.1073,0.4699,0.0176,-0.83,21.21,0.438,,1,1,2.051,0.0359,,,,0.37368,-2.86319,4.590,1.589,0.697,1.428,,
39.178,0.4671,0.1016,0.4683,0.0621,-0.88,21.35,0.437,,1,1,2.051,0.0359,,,,0.37164,-2.85926,4.590,1.589,0.697,1.428,,
39.219,0.4676,0.0822,0.4694,0.0240,-0.82,21.37,0.437,,1,1,2.051,0.0359,,,,0.37221,-2.86323,4.590,1.589,0.697,1.428,,
39.246,0.4689,0.0744,0.4763,0.0381,-0.84,21.24,0.436,,1,1,2.051,0.0359,,,,0.37038,-2.85864,4.590,1.589,0.697,1.428,,
39.272,0.4716,0.0656,0.4880,0.0221,-0.82,21.11,0.436,,1,1,2.051,0.0359,,,,0.37629,-2.86479,4.590,1.589,0.697,1.428,,
39.304,0.4784,0.0643,0.5123,0.0590,-0.91,21.23,0.440,,1,1,2.051,0.0359,,,,0.39419,-2.85686,4.590,1.589,0.697,1.428,,
39.342,0.4894,0.0662,0.5345,0.0729,-0.97,21.28,0.439,,1,1,2.051,0.0359,,,,0.40878,-2.84742,4.590,1.589,0.697,1.428,,
39.409,0.5446,0.0709,0.6690,0.0810,-0.99,21.72,0.438,,1,1,2.051,0.0359,,,,0.48964,-2.85404,4.590,1.589,0.697,1.428,,
39.432,0.5747,0.0717,0.7629,0.0769,-0.94,21.89,0.437,,1,1,2.051,0.0359,,,,0.53979,-2.86252,4.590,1.589,0.697,1.428,,
39.473,0.6344,0.0768,0.8385,0.0952,-0.91,21.88,0.437,,1,1,2.051,0.0359,,,,0.57934,-2.86693,4.590,1.589,0.697,1.428,,
39.506,0.6719,0.0760,0.8304,0.0726,-0.87,21.89,0.438,,1,1,2.051,0.0359,,,,0.58173,-2.87062,4.590,1.589,0.697,1.428,,
39.528,0.6998,0.0710,0.8555,0.0391,-0.85,21.92,0.438,,1,1,2.051,0.0359,,,,0.61911,-2.90171,4.590,1.589,0.697,1.428,,
39.570,0.7436,0.0600,0.8806,0.0211,-0.83,21.75,0.440,,1,1,2.051,0.0359,,,,0.65576,-2.92914,4.590,1.589,0.697,1.428,,
39.618,0.7799,0.0477,0.8823,0.0086,-0.87,22.03,0.440,,1,1,2.051,0.0359,,,,0.67916,-2.93263,4.590,1.589,0.697,1.428,,
39.640,0.7940,0.0431,0.8774,0.0123,-0.87,22.03,0.440,,1,1,2.051,0.0359,,,,0.68104,-2.92673,4.590,1.589,0.697,1.428,,
39.660,0.8040,0.0407,0.8718,0.0227,-0.87,22.01,0.440,,1,1,2.051,0.0359,,,,0.68064,-2.92279,4.590,1.589,0.697,1.428,,
39.697,0.8169,0.0373,0.8639,0.0233,-0.85,22.01,0.440,,1,1,2.051,0.0359,,,,0.67596,-2.92059,4.590,1.589,0.697,1.428,,
39.724,0.8247,0.0336,0.8648,0.0128,-0.88,21.97,0.442,,1,1,2.051,0.0359,,,,0.67582,-2.91797,4.590,1.589,0.697,1.428,,
39.751,0.8305,0.0330,0.8603,0.0296,-0.88,22.01,0.441,,1,1,2.051,0.0359,,,,0.67119,-2.91537,4.590,1.589,0.697,1.428,,
39.808,0.8411,0.0307,0.8676,0.0245,-0.88,22.04,0.443,,1,1,2.051,0.0359,,,,0.67702,-2.91251,4.590,1.589,0.697,1.428,,
39.832,0.8469,0.0307,0.8811,0.0303,-0.93,22.18,0.443,,1,1,2.051,0.0359,,,,0.69049,-2.91748,4.590,1.589,0.697,1.428,,
39.863,0.8518,0.0308,0.8747,0.0312,-0.94,21.95,0.443,,1,1,2.051,0.0359,,,,0.68931,-2.91776,4.590,1.589,0.697,1.428,,
39.901,0.8517,0.0297,0.8513,0.0255,-0.89,21.96,0.444,,1,1,2.051,0.0359,,,,0.68913,-2.91083,4.590,1.589,0.697,1.428,,
39.934,0.8496,0.0265,0.8399,0.0115,-0.84,22.13,0.445,,1,1,2.051,0.0359,,,,0.68701,-2.88579,4.590,1.589,0.697,1.428,,
39.969,0.8480,0.0499,0.8413,0.1539,-0.72,21.83,0.424,,1,1,2.051,0.0359,,,,0.71767,-2.90292,4.590,1.589,0.697,1.428,,
39.993,0.8578,0.1696,0.9206,0.8351,-0.26,21.95,0.299,,1,1,2.051,0.0359,,,,0.71001,-2.84650,4.590,1.589,0.697,1.428,,
40.033,0.8783,0.4013,0.9532,1.5691,-0.02,20.40,0.196,,1,1,2.051,0.0359,,,,0.69363,-2.80749,4.590,1.589,0.697,1.428,,
40.058,0.8854,0.5244,0.9282,1.4070,0.17,20.53,0.214,,1,1,2.051,0.0359,,,,0.72417,-2.80248,4.590,1.589,0.697,1.428,,
40.088,0.8857,0.6467,0.8873,1.2387,0.23,20.85,0.243,,1,1,2.051,0.0359,,,,0.72368,-2.79903,4.590,1.589,0.697,1.428,,
40.119,0.8898,0.7422,0.9095,1.1332,0.23,20.81,0.267,,1,1,2.051,0.0359,,,,0.73196,-2.78164,4.590,1.589,0.697,1.428,,
40.168,0.8856,0.8041,0.8725,0.9400,0.16,21.29,0.296,,1,1,2.051,0.0359,,,,0.73674,-2.77783,4.590,1.589,0.697,1.428,,
40.201,0.8814,0.8190,0.8618,0.8694,0.17,21.24,0.309,,1,1,2.051,0.0359,,,,0.73790,-2.77417,4.590,1.589,0.697,1.428,,
40.239,0.8743,0.8275,0.8451,0.8536,0.08,21.31,0.315,,1,1,2.051,0.0359,,,,0.73633,-2.77291,4.590,1.589,0.697,1.428,,
40.265,0.8703,0.8278,0.8456,0.8287,0.03,21.32,0.318,,1,1,2.051,0.0359,,,,0.73588,-2.77356,4.590,1.589,0.697,1.428,,
40.297,0.8670,0.8236,0.8504,0.8071,-0.05,21.45,0.323,,1,1,2.051,0.0359,,,,0.73423,-2.77116,4.590,1.589,0.697,1.428,,
40.330,0.8665,0.8251,0.8645,0.8308,-0.07,21.19,0.325,,1,1,2.051,0.0359,,,,0.74022,-2.75991,4.590,1.589,0.697,1.428,,
40.360,0.8663,0.8207,0.8648,0.8012,-0.04,21.29,0.326,,1,1,2.051,0.0359,,,,0.74005,-2.76031,4.590,1.589,0.697,1.428,,
40.402,0.8684,0.8116,0.8765,0.7813,-0.09,21.36,0.330,,1,1,2.051,0.0359,,,,0.75157,-2.76381,4.590,1.589,0.697,1.428,,
40.424,0.8687,0.8085,0.8712,0.7879,-0.09,21.24,0.333,,1,1,2.051,0.0359,,,,0.74753,-2.75265,4.590,1.589,0.697,1.428,,
40.455,0.8666,0.8051,0.8556,0.7888,-0.07,21.04,0.333,,1,1,2.051,0.0359,,,,0.74098,-2.75118,4.590,1.589,0.697,1.428,,
40.489,0.8325,0.7968,0.6806,0.7599,-0.07,20.68,0.326,,1,1,2.051,0.0359,,,,0.65298,-2.73661,4.590,1.589,0.697,1.428,,
40.520,0.7359,0.7728,0.3117,0.6494,-0.14,20.27,0.296,,1,1,2.051,0.0359,,,,0.51754,-2.79978,4.590,1.589,0.697,1.428,,
40.560,0.5953,0.7437,0.1626,0.6318,-0.16,18.76,0.294,,1,1,2.051,0.0359,,,,0.39652,-2.80029,4.590,1.589,0.697,1.428,,
40.619,0.4529,0.7136,0.1581,0.6355,-0.18,18.18,0.301,,1,1,2.051,0.0359,,,,0.33968,-2.81305,4.590,1.589,0.697,1.428,,
40.646,0.3932,0.6961,0.1364,0.6016,-0.37,18.75,0.312,,1,1,2.051,0.0359,,,,0.30473,-2.82034,4.590,1.589,0.697,1.428,,
40.666,0.3599,0.6788,0.1601,0.5490,-0.50,19.02,0.320,,1,1,2.051,0.0359,,,,0.29006,-2.81577,4.590,1.589,0.697,1.428,,
40.691,0.3248,0.6543,0.1632,0.5170,-0.63,19.36,0.325,,1,1,2.051,0.0359,,,,0.27832,-2.80919,4.590,1.589,0.697,1.428,,
40.735,0.2817,0.6065,0.1658,0.4580,-0.62,19.39,0.333,,1,1,2.051,0.0359,,,,0.25714,-2.79809,4.590,1.589,0.697,1.428,,
40.760,0.2523,0.5752,0.1119,0.4067,-0.64,19.46,0.336,,1,1,2.051,0.0359,,,,0.21709,-2.81114,4.590,1.589,0.697,1.428,,
40.803,0.2100,0.5350,0.0900,0.4096,-0.64,19.54,0.336,,1,1,2.051,0.0359,,,,0.20090,-2.80675,4.590,1.589,0.697,1.428,,
40.834,0.1818,0.5142,0.0704,0.4246,-0.55,19.02,0.340,,1,1,2.051,0.0359,,,,0.18310,-2.79408,4.590,1.589,0.697,1.428,,
40.868,0.1588,0.5016,0.0724,0.4503,-0.63,19.58,0.340,,1,1,2.051,0.0359,,,,0.16234,-2.77568,4.590,1.589,0.697,1.428,,
40.900,0.1379,0.4983,0.0569,0.4843,-0.63,19.36,0.344,,1,1,2.051,0.0359,,,,0.14554,-2.77021,4.590,1.589,0.697,1.428,,
40.933,0.1198,0.4900,0.0472,0.4540,-0.54,18.88,0.345,,1,1,2.051,0.0359,,,,0.14091,-2.79041,4.590,1.589,0.697,1.428,,
40.963,0.1059,0.4511,0.0446,0.2727,-0.51,18.86,0.368,,1,1,2.051,0.0359,,,,0.13111,-2.80274,4.590,1.589,0.697,1.428,,
40.993,0.0961,0.4007,0.0529,0.1809,-0.72,19.24,0.396,,1,1,2.051,0.0359,,,,0.13153,-2.82975,4.590,1.589,0.697,1.428,,
41.028,0.0806,0.3266,0.0211,0.0613,-0.93,19.65,0.423,,1,1,2.051,0.0359,,,,0.11939,-2.84713,4.590,1.589,0.697,1.428,,
41.060,0.0725,0.2838,0.0207,0.0382,-1.01,19.59,0.429,,1,1,2.051,0.0359,,,,0.10803,-2.84236,4.590,1.589,0.697,1.428,,
41.090,0.0623,0.2186,0.0278,0.0255,-1.08,19.81,0.435,,1,1,2.051,0.0359,,,,0.09849,-2.84806,4.590,1.589,0.697,1.428,,
41.123,0.0516,0.1611,0.0058,-0.0527,-1.09,19.96,0.436,,1,1,2.051,0.0359,,,,0.09220,-2.86853,4.590,1.589,0.697,1.428,,
41.157,0.0461,0.1139,0.0237,-0.1008,-1.11,20.04,0.434,,1,1,2.051,0.0359,,,,0.09128,-2.87083,4.590,1.589,0.697,1.428,,
41.176,0.0436,0.0912,0.0243,-0.0996,-1.14,20.04,0.435,,1,1,2.051,0.0359,,,,0.08865,-2.86900,4.590,1.589,0.697,1.428,,
41.208,0.0394,0.0618,0.0204,-0.0968,-1.17,20.16,0.434,,1,1,2.051,0.0359,,,,0.08240,-2.87268,4.590,1.589,0.697,1.428,,
41.241,0.0375,0.0384,0.0292,-0.0750,-1.17,20.10,0.432,,1,1,2.051,0.0359,,,,0.07577,-2.86475,4.590,1.589,0.697,1.428,,
41.287,0.0415,0.0206,0.0544,-0.0286,-1.23,19.73,0.431,,1,1,2.051,0.0359,,,,0.07357,-2.85841,4.590,1.589,0.697,1.428,,
41.320,0.0435,0.0069,0.0529,-0.0475,-1.18,19.96,0.433,,1,1,2.051,0.0359,,,,0.07579,-2.85556,4.590,1.589,0.697,1.428,,
41.362,0.0466,0.0000,0.0579,-0.0430,-1.20,19.96,0.433,,1,1,2.051,0.0359,,,,0.07553,-2.85505,4.590,1.589,0.697,1.428,,
41.391,0.0482,0.0000,0.0564,-0.0459,-1.25,20.18,0.434,,1,1,2.051,0.0359,,,,0.07459,-2.85348,4.590,1.589,0.697,1.428,,
41.426,0.0482,0.0000,0.0483,-0.0404,-1.22,20.16,0.434,,1,1,2.051,0.0359,,,,0.07022,-2.85295,4.590,1.589,0.697,1.428,,
41.449,0.0478,0.0000,0.0455,-0.0437,-1.19,19.99,0.433,,1,1,2.051,0.0359,,,,0.07042,-2.85271,4.590,1.589,0.697,1.428,,
41.491,0.0470,0.0000,0.0439,-0.0485,-1.20,20.10,0.434,,1,1,2.051,0.0359,,,,0.06942,-2.85555,4.590,1.589,0.697,1.428,,
41.520,0.0457,0.0000,0.0386,-0.0434,-1.16,20.15,0.428,,1,1,2.051,0.0359,,,,0.06817,-2.85351,4.590,1.589,0.697,1.428,,
41.553,0.0598,0.0509,0.1265,0.4245,-0.84,19.66,0.346,,1,1,2.051,0.0359,,,,0.08408,-2.81948,4.590,1.589,0.697,1.428,,
41.588,0.0739,0.2691,0.1376,1.3637,-0.26,17.82,0.193,,1,1,2.051,0.0359,,,,0.16357,-2.83367,4.590,1.589,0.697,1.428,,
41.623,0.0856,0.4463,0.1405,1.0996,-0.13,17.14,0.214,,1,1,2.051,0.0359,,,,0.16244,-2.83007,4.590,1.589,0.697,1.428,,
41.653,0.0925,0.5499,0.1248,0.8884,-0.09,17.43,0.243,,1,1,2.051,0.0359,,,,0.15883,-2.82771,4.590,1.589,0.697,1.428,,
41.684,0.0946,0.5838,0.1111,0.7725,0.01,17.54,0.271,,1,1,2.051,0.0359,,,,0.15301,-2.81934,4.590,1.589,0.697,1.428,,
41.715,0.0979,0.6162,0.1103,0.7062,-0.05,17.71,0.282,,1,1,2.051,0.0359,,,,0.14795,-2.81725,4.590,1.589,0.697,1.428,,
41.746,0.0977,0.6301,0.0968,0.6789,-0.10,18.14,0.294,,1,1,2.051,0.0359,,,,0.14572,-2.81146,4.590,1.589,0.697,1.428,,
41.799,0.0884,0.6424,0.0615,0.6708,-0.14,18.25,0.304,,1,1,2.051,0.0359,,,,0.11284,-2.80068,4.590,1.589,0.697,1.428,,
41.833,0.0852,0.6427,0.0698,0.6438,-0.20,18.56,0.309,,1,1,2.051,0.0359,,,,0.11239,-2.79558,4.590,1.589,0.697,1.428,,
41.880,0.0822,0.6342,0.0724,0.6098,-0.14,18.47,0.318,,1,1,2.051,0.0359,,,,0.09161,-2.79239,4.590,1.589,0.697,1.428,,
41.921,0.0837,0.6270,0.0894,0.6026,-0.18,18.93,0.319,,1,1,2.051,0.0359,,,,0.08951,-2.79106,4.590,1.589,0.697,1.428,,
41.949,0.0864,0.6218,0.1016,0.5950,-0.20,19.31,0.320,,1,1,2.051,0.0359,,,,0.08625,-2.79040,4.590,1.589,0.697,1.428,,
41.977,0.0879,0.6155,0.0963,0.5816,-0.13,18.90,0.322,,1,1,2.051,0.0359,,,,0.07889,-2.78407,4.590,1.589,0.697,1.428,,
42.001,0.0902,0.6127,0.1049,0.5957,-0.15,19.10,0.322,,1,1,2.051,0.0359,,,,0.07344,-2.77691,4.590,1.589,0.697,1.428,,
42.022,0.0894,0.6091,0.0830,0.5816,-0.10,18.97,0.322,,1,1,2.051,0.0359,,,,0.05606,-2.77743,4.590,1.589,0.697,1.428,,
42.056,0.0822,0.6127,0.0487,0.6289,0.01,19.16,0.305,,1,1,2.051,0.0359,,,,0.05464,-2.78596,4.590,1.589,0.697,1.428,,
42.082,0.0785,0.6181,0.0562,0.6498,-0.01,19.48,0.298,,1,1,2.051,0.0359,,,,0.04786,-2.78824,4.590,1.589,0.697,1.428,,
42.113,0.0783,0.6487,0.0775,0.7917,0.05,19.11,0.280,,1,1,2.051,0.0359,,,,0.04241,-2.78022,4.590,1.589,0.697,1.428,,
42.145,0.0753,0.6937,0.0605,0.8904,0.12,18.66,0.262,,1,1,2.051,0.0359,,,,0.03629,-2.76990,4.590,1.589,0.697,1.428,,
42.210,0.0475,0.7869,-0.0194,0.9854,0.03,18.34,0.248,,1,1,2.051,0.0359,,,,0.02674,-2.79749,4.590,1.589,0.697,1.428,,
42.232,0.0362,0.8214,-0.0396,1.0242,0.03,18.38,0.242,,1,1,2.051,0.0359,,,,0.01546,-2.79969,4.590,1.589,0.697,1.428,,
42.271,0.0212,0.8736,-0.0373,1.0769,0.07,18.16,0.233,,1,1,2.051,0.0359,,,,0.01600,-2.80030,4.590,1.589,0.697,1.428,,
42.305,0.0112,0.9103,-0.0330,1.0782,0.11,17.94,0.228,,1,1,2.051,0.0359,,,,0.01495,-2.80114,4.590,1.589,0.697,1.428,,
42.336,0.0014,0.9372,-0.0459,1.1174,0.06,18.01,0.228,,1,1,2.051,0.0359,,,,0.00256,-2.79571,4.590,1.589,0.697,1.428,,
42.360,0.0000,0.9553,-0.0626,1.1481,0.01,17.86,0.224,,1,1,2.051,0.0359,,,,-0.01343,-2.79188,4.590,1.589,0.697,1.428,,
42.397,0.0000,0.9761,-0.0802,1.1465,0.04,17.80,0.223,,1,1,2.051,0.0359,,,,-0.01671,-2.79183,4.590,1.589,0.697,1.428,,
42.445,0.0000,0.9955,-0.0817,1.1486,0.07,17.62,0.223,,1,1,2.051,0.0359,,,,-0.00781,-2.78793,4.590,1.589,0.697,1.428,,
42.473,0.0000,1.0000,-0.0454,1.1145,0.01,17.70,0.228,,1,1,2.051,0.0359,,,,-0.01442,-2.79160,4.590,1.589,0.697,1.428,,
42.498,0.0000,1.0000,-0.0291,1.1001,-0.02,17.74,0.230,,1,1,2.051,0.0359,,,,-0.01714,-2.79537,4.590,1.589,0.697,1.428,,
42.530,0.0000,1.0000,-0.0328,1.0975,-0.00,17.70,0.229,,1,1,2.051,0.0359,,,,-0.01159,-2.79732,4.590,1.589,0.697,1.428,,
42.568,0.0000,1.0000,-0.0533,1.0517,0.00,17.73,0.233,,1,1,2.051,0.0359,,,,-0.01112,-2.80543,4.590,1.589,0.697,1.428,,
42.608,0.0000,1.0000,-0.0435,1.0532,0.00,17.72,0.235,,1,1,2.051,0.0359,,,,-0.01345,-2.79954,4.590,1.589,0.697,1.428,,
42.631,0.0000,1.0000,-0.0324,1.0082,0.01,17.79,0.239,,1,1,2.051,0.0359,,,,-0.01579,-2.79633,4.590,1.589,0.697,1.428,,
42.665,0.0000,1.0000,-0.0088,0.8977,-0.01,18.36,0.254,,1,1,2.051,0.0359,,,,-0.00973,-2.78887,4.590,1.589,0.697,1.428,,
42.707,0.0245,0.9386,0.2218,0.6998,-0.10,19.77,0.303,,1,1,2.051,0.0359,,,,0.07723,-2.76460,4.590,1.589,0.697,1.428,,
42.728,0.0766,0.8649,0.4146,0.4035,-0.36,20.88,0.374,,1,1,2.051,0.0359,,,,0.17119,-2.76427,4.590,1.589,0.697,1.428,,
42.772,0.1715,0.7247,0.4528,0.3317,-0.57,21.31,0.411,,1,1,2.051,0.0359,,,,0.20466,-2.75784,4.590,1.589,0.697,1.428,,
42.803,0.2240,0.6120,0.4420,0.1882,-0.69,21.82,0.426,,1,1,2.051,0.0359,,,,0.22576,-2.77728,4.590,1.589,0.697,1.428,,
42.830,0.2631,0.5301,0.4483,0.1864,-0.82,21.83,0.429,,1,1,2.051,0.0359,,,,0.24186,-2.78195,4.590,1.589,0.697,1.428,,
42.867,0.3103,0.4221,0.4696,0.1049,-0.86,21.64,0.433,,1,1,2.051,0.0359,,,,0.27312,-2.76830,4.590,1.589,0.697,1.428,,
42.895,0.3412,0.3538,0.4745,0.0993,-0.97,21.76,0.438,,1,1,2.051,0.0359,,,,0.29834,-2.77641,4.590,1.589,0.697,1.428,,
42.924,0.3658,0.2848,0.4742,0.0258,-1.06,21.93,0.441,,1,1,2.051,0.0359,,,,0.32814,-2.80522,4.590,1.589,0.697,1.428,,
42.952,0.3923,0.2340,0.5095,0.0424,-1.07,21.55,0.444,,1,1,2.051,0.0359,,,,0.34469,-2.80340,4.590,1.589,0.697,1.428,,
43.000,0.4312,0.1760,0.5367,0.0385,-1.20,21.96,0.444,,1,1,2.051,0.0359,,,,0.36253,-2.78582,4.590,1.589,0.697,1.428,,
43.033,0.4503,0.1443,0.5258,0.0337,-1.15,21.68,0.446,,1,1,2.051,0.0359,,,,0.37126,-2.79655,4.590,1.589,0.697,1.428,,
43.070,0.4655,0.1147,0.5189,0.0221,-1.14,21.95,0.444,,1,1,2.051,0.0359,,,,0.37683,-2.80058,4.590,1.589,0.697,1.428,,
43.095,0.4713,0.0975,0.5029,0.0130,-1.13,21.66,0.442,,1,1,2.051,0.0359,,,,0.38209,-2.80279,4.590,1.589,0.697,1.428,,
43.136,0.4750,0.0773,0.4875,0.0163,-1.14,21.64,0.440,,1,1,2.051,0.0359,,,,0.39056,-2.79975,4.590,1.589,0.697,1.428,,
43.166,0.4756,0.0600,0.4782,-0.0134,-1.09,21.50,0.439,,1,1,2.051,0.0359,,,,0.40138,-2.80284,4.590,1.589,0.697,1.428,,
43.192,0.4746,0.0438,0.4694,-0.0353,-1.23,21.91,0.438,,1,1,2.051,0.0359,,,,0.40527,-2.81462,4.590,1.589,0.697,1.428,,
43.225,0.4760,0.0248,0.4824,-0.0566,-1.16,22.10,0.437,,1,1,2.051,0.0359,,,,0.41977,-2.82107,4.590,1.589,0.697,1.428,,
43.257,0.4749,0.0104,0.4696,-0.1280,-0.99,21.99,0.436,,1,1,2.051,0.0359,,,,0.43692,-2.84185,4.590,1.589,0.697,1.428,,
43.288,0.4763,0.0000,0.4827,-0.0938,-1.08,21.86,0.436,,1,1,2.051,0.0359,,,,0.45006,-2.83369,4.590,1.589,0.697,1.428,,
43.325,0.4755,0.0000,0.4724,-0.0990,-1.12,22.13,0.432,,1,1,2.051,0.0359,,,,0.45885,-2.83311,4.590,1.589,0.697,1.428,,
43.360,0.4857,0.0490,0.5298,0.3101,-0.88,22.34,0.364,,1,1,2.051,0.0359,,,,0.47286,-2.83421,4.590,1.589,0.697,1.428,,
43.384,0.5065,0.2034,0.6347,1.0776,-0.38,19.80,0.217,,1,1,2.051,0.0359,,,,0.54790,-2.83092,4.590,1.589,0.697,1.428,,
43.426,0.5338,0.4291,0.6285,1.5776,-0.01,18.95,0.156,,1,1,2.051,0.0359,,,,0.56753,-2.81881,4.590,1.589,0.697,1.428,,
43.458,0.5542,0.5732,0.6446,1.4153,0.13,18.18,0.174,,1,1,2.051,0.0359,,,,0.56451,-2.79960,4.590,1.589,0.697,1.428,,
43.486,0.5612,0.6738,0.5977,1.1993,0.21,18.21,0.203,,1,1,2.051,0.0359,,,,0.55743,-2.79101,4.590,1.589,0.697,1.428,,
43.519,0.5637,0.7665,0.5741,1.1087,0.13,18.62,0.228,,1,1,2.051,0.0359,,,,0.54917,-2.77780,4.590,1.589,0.697,1.428,,
43.544,0.5621,0.8056,0.5531,0.9691,0.13,18.77,0.251,,1,1,2.051,0.0359,,,,0.54246,-2.76802,4.590,1.589,0.697,1.428,,
43.592,0.5647,0.8287,0.5726,0.8827,0.08,18.86,0.265,,1,1,2.051,0.0359,,,,0.54377,-2.76831,4.590,1.589,0.697,1.428,,
43.634,0.5710,0.8377,0.5939,0.8631,0.05,19.08,0.268,,1,1,2.051,0.0359,,,,0.53947,-2.76672,4.590,1.589,0.697,1.428,,
43.656,0.5731,0.8423,0.5877,0.8678,0.03,19.28,0.274,,1,1,2.051,0.0359,,,,0.53580,-2.75967,4.590,1.589,0.697,1.428,,
43.700,0.5786,0.8312,0.5977,0.7984,-0.00,19.24,0.287,,1,1,2.051,0.0359,,,,0.53273,-2.74261,4.590,1.589,0.697,1.428,,
43.726,0.5847,0.8280,0.6197,0.8116,-0.03,19.44,0.290,,1,1,2.051,0.0359,,,,0.52817,-2.73997,4.590,1.589,0.697,1.428,,
43.764,0.5964,0.8205,0.6430,0.7932,-0.02,19.53,0.293,,1,1,2.051,0.0359,,,,0.52756,-2.74542,4.590,1.589,0.697,1.428,,
43.785,0.6027,0.8182,0.6486,0.8024,-0.02,19.67,0.293,,1,1,2.051,0.0359,,,,0.52579,-2.73957,4.590,1.589,0.697,1.428,,
43.826,0.6095,0.8130,0.6412,0.7890,0.04,19.66,0.294,,1,1,2.051,0.0359,,,,0.52705,-2.73311,4.590,1.589,0.697,1.428,,
43.859,0.6153,0.8126,0.6369,0.8111,0.03,19.67,0.296,,1,1,2.051,0.0359,,,,0.52937,-2.72746,4.590,1.589,0.697,1.428,,
43.882,0.6170,0.8113,0.6274,0.8035,0.04,19.66,0.297,,1,1,2.051,0.0359,,,,0.52864,-2.72534,4.590,1.589,0.697,1.428,,
43.922,0.6194,0.8113,0.6286,0.8115,0.03,19.54,0.299,,1,1,2.051,0.0359,,,,0.52516,-2.72019,4.590,1.589,0.697,1.428,,
43.950,0.6198,0.8106,0.6218,0.8069,0.02,19.74,0.300,,1,1,2.051,0.0359,,,,0.52331,-2.72014,4.590,1.589,0.697,1.428,,
43.976,0.6198,0.8088,0.6196,0.7980,-0.01,19.62,0.302,,1,1,2.051,0.0359,,,,0.51975,-2.72034,4.590,1.589,0.697,1.428,,
44.008,0.6201,0.7663,0.6220,0.5604,-0.14,20.41,0.312,,1,1,2.051,0.0359,,,,0.52410,-2.76961,4.590,1.589,0.697,1.428,,
44.041,0.6079,0.6713,0.5490,0.2737,-0.35,20.74,0.369,,1,1,2.051,0.0359,,,,0.51215,-2.79181,4.590,1.589,0.697,1.428,,
44.083,0.5887,0.5283,0.5177,0.1054,-0.52,21.09,0.401,,1,1,2.051,0.0359,,,,0.50040,-2.80578,4.590,1.589,0.697,1.428,,
44.114,0.5770,0.4412,0.5175,0.0987,-0.77,21.25,0.413,,1,1,2.051,0.0359,,,,0.50063,-2.81610,4.590,1.589,0.697,1.428,,
44.161,0.5934,0.3527,0.6484,0.1298,-0.84,21.42,0.417,,1,1,2.051,0.0359,,,,0.56818,-2.81587,4.590,1.589,0.697,1.428,,
44.183,0.6092,0.3256,0.7203,0.1790,-1.05,21.59,0.432,,1,1,2.051,0.0359,,,,0.60314,-2.80348,4.590,1.589,0.697,1.428,,
44.222,0.6341,0.2840,0.7294,0.1572,-1.12,21.61,0.442,,1,1,2.051,0.0359,,,,0.62380,-2.79554,4.590,1.589,0.697,1.428,,
44.249,0.6533,0.2547,0.7610,0.1197,-1.15,21.66,0.449,,1,1,2.051,0.0359,,,,0.65459,-2.81342,4.590,1.589,0.697,1.428,,
44.281,0.6723,0.2219,0.7581,0.0975,-1.15,21.62,0.451,,1,1,2.051,0.0359,,,,0.65262,-2.81236,4.590,1.589,0.697,1.428,,
44.319,0.6949,0.1956,0.7799,0.1101,-1.20,21.73,0.447,,1,1,2.051,0.0359,,,,0.65218,-2.80969,4.590,1.589,0.697,1.428,,
44.344,0.7121,0.1711,0.8113,0.0471,-1.23,21.76,0.452,,1,1,2.051,0.0359,,,,0.65671,-2.83026,4.590,1.589,0.697,1.428,,
44.377,0.7299,0.1398,0.8048,0.0229,-1.25,21.85,0.456,,1,1,2.051,0.0359,,,,0.65903,-2.84016,4.590,1.589,0.697,1.428,,
44.409,0.7475,0.1144,0.8272,0.0115,-1.31,21.76,0.458,,1,1,2.051,0.0359,,,,0.66559,-2.84401,4.590,1.589,0.697,1.428,,
44.441,0.7620,0.0930,0.8261,0.0073,-1.25,21.60,0.457,,1,1,2.051,0.0359,,,,0.66212,-2.84857,4.590,1.589,0.697,1.428,,
44.473,0.7749,0.0709,0.8318,-0.0189,-1.27,21.59,0.456,,1,1,2.051,0.0359,,,,0.66142,-2.85527,4.590,1.589,0.697,1.428,,
44.514,0.7872,0.0439,0.8295,-0.0410,-1.23,21.61,0.458,,1,1,2.051,0.0359,,,,0.66262,-2.86623,4.590,1.589,0.697,1.428,,
44.536,0.7932,0.0323,0.8320,-0.0367,-1.24,21.88,0.457,,1,1,2.051,0.0359,,,,0.65602,-2.85789,4.590,1.589,0.697,1.428,,
44.601,0.8119,0.0198,0.8539,-0.0068,-1.22,21.54,0.456,,1,1,2.051,0.0359,,,,0.65094,-2.86580,4.590,1.589,0.697,1.428,,
44.638,0.8203,0.0122,0.8539,-0.0166,-1.23,21.79,0.456,,1,1,2.051,0.0359,,,,0.64700,-2.86559,4.590,1.589,0.697,1.428,,
44.669,0.8282,0.0057,0.8652,-0.0237,-1.24,21.89,0.456,,1,1,2.051,0.0359,,,,0.64323,-2.87144,4.590,1.589,0.697,1.428,,
44.712,0.8366,0.0048,0.8658,0.0018,-1.31,21.99,0.455,,1,1,2.051,0.0359,,,,0.63397,-2.85380,4.590,1.589,0.697,1.428,,
44.744,0.8420,0.0057,0.8670,0.0095,-1.32,22.05,0.454,,1,1,2.051,0.0359,,,,0.63577,-2.86858,4.590,1.589,0.697,1.428,,
44.769,0.8459,0.0063,0.8694,0.0101,-1.32,22.14,0.453,,1,1,2.051,0.0359,,,,0.63918,-2.88173,4.590,1.589,0.697,1.428,,
44.802,0.8508,0.0061,0.8728,0.0053,-1.32,22.15,0.450,,1,1,2.051,0.0359,,,,0.64043,-2.88461,4.590,1.589,0.697,1.428,,
44.828,0.8551,0.0088,0.8795,0.0243,-1.31,21.94,0.449,,1,1,2.051,0.0359,,,,0.63946,-2.88062,4.590,1.589,0.697,1.428,,
44.849,0.8600,0.0215,0.8955,0.1189,-1.16,22.02,0.418,,1,1,2.051,0.0359,,,,0.65583,-2.89057,4.590,1.589,0.697,1.428,,
44.875,0.8750,0.1418,0.9604,0.7634,-0.62,21.96,0.295,,1,1,2.051,0.0359,,,,0.65718,-2.83980,4.590,1.589,0.697,1.428,,
44.911,0.8990,0.3595,0.9953,1.2100,-0.31,21.04,0.215,,1,1,2.051,0.0359,,,,0.63977,-2.84038,4.590,1.589,0.697,1.428,,
44.968,0.9131,0.5645,0.9491,0.9630,-0.09,21.66,0.265,,1,1,2.051,0.0359,,,,0.62000,-2.80697,4.590,1.589,0.697,1.428,,
45.010,0.9130,0.6573,0.9124,0.9052,0.01,21.38,0.283,,1,1,2.051,0.0359,,,,0.62179,-2.80029,4.590,1.589,0.697,1.428,,
45.038,0.9084,0.6872,0.8832,0.8104,0.02,21.22,0.300,,1,1,2.051,0.0359,,,,0.61727,-2.78456,4.590,1.589,0.697,1.428,,
45.064,0.9032,0.7088,0.8729,0.8051,-0.10,21.66,0.310,,1,1,2.051,0.0359,,,,0.61760,-2.77550,4.590,1.589,0.697,1.428,,
45.097,0.8959,0.7246,0.8610,0.7819,-0.11,21.63,0.316,,1,1,2.051,0.0359,,,,0.61617,-2.76931,4.590,1.589,0.697,1.428,,
45.135,0.8906,0.7433,0.8688,0.8042,-0.11,21.46,0.318,,1,1,2.051,0.0359,,,,0.61422,-2.76232,4.590,1.589,0.697,1.428,,
45.160,0.8870,0.7576,0.8641,0.8294,-0.12,21.43,0.320,,1,1,2.051,0.0359,,,,0.60415,-2.75321,4.590,1.589,0.697,1.428,,
45.193,0.8846,0.7740,0.8725,0.8380,-0.13,21.51,0.320,,1,1,2.051,0.0359,,,,0.60241,-2.74428,4.590,1.589,0.697,1.428,,
45.229,0.8800,0.7809,0.8606,0.8057,-0.13,21.37,0.325,,1,1,2.051,0.0359,,,,0.60063,-2.73840,4.590,1.589,0.697,1.428,,
45.278,0.8811,0.7791,0.8845,0.7739,-0.15,21.70,0.327,,1,1,2.051,0.0359,,,,0.60179,-2.74932,4.590,1.589,0.697,1.428,,
45.304,0.8743,0.7782,0.8335,0.7736,-0.14,21.47,0.320,,1,1,2.051,0.0359,,,,0.56141,-2.74359,4.590,1.589,0.697,1.428,,
45.330,0.8649,0.7775,0.8081,0.7737,-0.13,21.35,0.318,,1,1,2.051,0.0359,,,,0.54310,-2.73994,4.590,1.589,0.697,1.428,,
45.356,0.8272,0.7721,0.6184,0.7419,-0.18,20.86,0.317,,1,1,2.051,0.0359,,,,0.44252,-2.71473,4.590,1.589,0.697,1.428,,
45.400,0.7718,0.7649,0.5956,0.7405,-0.23,20.44,0.314,,1,1,2.051,0.0359,,,,0.40091,-2.72034,4.590,1.589,0.697,1.428,,
45.438,0.7388,0.7647,0.6180,0.7636,-0.26,20.08,0.308,,1,1,2.051,0.0359,,,,0.38167,-2.73260,4.590,1.589,0.697,1.428,,
45.465,0.7221,0.7670,0.6351,0.7804,-0.17,19.60,0.298,,1,1,2.051,0.0359,,,,0.38302,-2.72936,4.590,1.589,0.697,1.428,,
45.498,0.6971,0.8202,0.5939,1.1612,-0.10,18.07,0.230,,1,1,2.051,0.0359,,,,0.36510,-2.74463,4.590,1.589,0.697,1.428,,
45.534,0.6754,0.8680,0.5930,1.5254,0.05,16.53,0.164,,1,1,2.051,0.0359,,,,0.35282,-2.79381,4.590,1.589,0.697,1.428,,
45.561,0.6573,0.8979,0.5645,1.6477,0.08,15.81,0.142,,1,1,2.051,0.0359,,,,0.36113,-2.81295,4.590,1.589,0.697,1.428,,
45.592,0.6515,0.9269,0.6257,1.5629,0.14,16.18,0.148,,1,1,2.051,0.0359,,,,0.34820,-2.79748,4.590,1.589,0.697,1.428,,
45.631,0.6332,0.9542,0.5666,1.4909,0.19,16.87,0.167,,1,1,2.051,0.0359,,,,0.31025,-2.77000,4.590,1.589,0.697,1.428,,
45.656,0.6229,0.9694,0.5658,1.3303,0.15,17.71,0.194,,1,1,2.051,0.0359,,,,0.29925,-2.75061,4.590,1.589,0.697,1.428,,
45.689,0.6233,0.9854,0.6249,1.1502,0.09,18.37,0.222,,1,1,2.051,0.0359,,,,0.29503,-2.73975,4.590,1.589,0.697,1.428,,
45.731,0.6270,1.0000,0.6403,1.0939,-0.01,18.74,0.238,,1,1,2.051,0.0359,,,,0.29121,-2.73997,4.590,1.589,0.697,1.428,,
45.759,0.6266,1.0000,0.6241,1.0476,0.10,18.96,0.251,,1,1,2.051,0.0359,,,,0.28058,-2.72372,4.590,1.589,0.697,1.428,,
45.785,0.6189,1.0000,0.5765,1.0231,0.13,19.10,0.254,,1,1,2.051,0.0359,,,,0.27769,-2.73695,4.590,1.589,0.697,1.428,,
45.816,0.6088,1.0000,0.5606,1.0089,0.18,19.03,0.257,,1,1,2.051,0.0359,,,,0.27835,-2.73657,4.590,1.589,0.697,1.428,,
45.865,0.6033,1.0000,0.5864,0.9807,0.12,19.05,0.269,,1,1,2.051,0.0359,,,,0.26677,-2.73534,4.590,1.589,0.697,1.428,,
45.896,0.6014,0.9816,0.5922,0.8760,0.09,19.50,0.281,,1,1,2.051,0.0359,,,,0.26346,-2.73291,4.590,1.589,0.697,1.428,,
45.933,0.6040,0.9439,0.6144,0.7864,-0.12,19.91,0.295,,1,1,2.051,0.0359,,,,0.26579,-2.75567,4.590,1.589,0.697,1.428,,
45.962,0.5960,0.8210,0.5540,0.2579,-0.46,21.26,0.357,,1,1,2.051,0.0359,,,,0.27765,-2.81890,4.590,1.589,0.697,1.428,,
45.992,0.5818,0.6529,0.5118,0.0143,-0.79,22.11,0.412,,1,1,2.051,0.0359,,,,0.28159,-2.83078,4.590,1.589,0.697,1.428,,
46.031,0.5651,0.4648,0.5015,-0.1317,-0.82,22.18,0.435,,1,1,2.051,0.0359,,,,0.28456,-2.83861,4.590,1.589,0.697,1.428,,
46.067,0.5519,0.3318,0.4983,-0.0796,-0.97,21.61,0.439,,1,1,2.051,0.0359,,,,0.28193,-2.83006,4.590,1.589,0.697,1.428,,
46.095,0.5441,0.2517,0.5019,-0.0658,-1.06,21.65,0.450,,1,1,2.051,0.0359,,,,0.28335,-2.81277,4.590,1.589,0.697,1.428,,
46.119,0.5336,0.1955,0.4705,-0.0411,-1.06,21.47,0.446,,1,1,2.051,0.0359,,,,0.28600,-2.80601,4.590,1.589,0.697,1.428,,
46.159,0.5153,0.1324,0.4482,-0.0349,-1.08,21.54,0.447,,1,1,2.051,0.0359,,,,0.28977,-2.80476,4.590,1.589,0.697,1.428,,
46.189,0.5027,0.0926,0.4418,-0.0614,-1.10,21.67,0.446,,1,1,2.051,0.0359,,,,0.28806,-2.81522,4.590,1.589,0.697,1.428,,
46.217,0.4940,0.0657,0.4486,-0.0421,-1.06,21.54,0.443,,1,1,2.051,0.0359,,,,0.28911,-2.81187,4.590,1.589,0.697,1.428,,
46.249,0.4887,0.0468,0.4643,-0.0209,-1.08,21.25,0.441,,1,1,2.051,0.0359,,,,0.29420,-2.81068,4.590,1.589,0.697,1.428,,
46.282,0.4852,0.0353,0.4697,-0.0053,-1.11,21.33,0.442,,1,1,2.051,0.0359,,,,0.29709,-2.80992,4.590,1.589,0.697,1.428,,
46.314,0.4820,0.0243,0.4676,-0.0175,-1.12,21.53,0.442,,1,1,2.051,0.0359,,,,0.30087,-2.80914,4.590,1.589,0.697,1.428,,
46.344,0.4800,0.0153,0.4696,-0.0229,-1.10,21.17,0.441,,1,1,2.051,0.0359,,,,0.30641,-2.80353,4.590,1.589,0.697,1.428,,
46.383,0.4487,0.0004,0.3297,-0.0790,-1.13,21.28,0.439,,1,1,2.051,0.0359,,,,0.26481,-2.82666,4.590,1.589,0.697,1.428,,
46.432,0.3820,0.0000,0.1912,-0.1456,-1.11,21.10,0.439,,1,1,2.051,0.0359,,,,0.21650,-2.85049,4.590,1.589,0.697,1.428,,
46.457,0.3411,0.0000,0.1225,-0.1678,-1.13,21.10,0.437,,1,1,2.051,0.0359,,,,0.18255,-2.85709,4.590,1.589,0.697,1.428,,
46.488,0.2953,0.0000,0.0987,-0.1640,-1.06,20.95,0.435,,1,1,2.051,0.0359,,,,0.17369,-2.86849,4.590,1.589,0.697,1.428,,
46.529,0.2467,0.0000,0.0926,-0.1741,-1.05,20.92,0.432,,1,1,2.051,0.0359,,,,0.16979,-2.86613,4.590,1.589,0.697,1.428,,
46.551,0.2230,0.0000,0.0886,-0.1466,-1.09,20.41,0.428,,1,1,2.051,0.0359,,,,0.17103,-2.87029,4.590,1.589,0.697,1.428,,
46.584,0.1882,0.0000,0.0527,-0.1678,-1.10,20.21,0.425,,1,1,2.051,0.0359,,,,0.14737,-2.86697,4.590,1.589,0.697,1.428,,
46.622,0.1561,0.0000,0.0459,-0.1767,-1.02,20.59,0.425,,1,1,2.051,0.0359,,,,0.14657,-2.86605,4.590,1.589,0.697,1.428,,
46.648,0.1382,0.0000,0.0478,-0.1728,-1.08,20.68,0.424,,1,1,2.051,0.0359,,,,0.14116,-2.86878,4.590,1.589,0.697,1.428,,
46.680,0.1109,0.0000,0.0019,-0.1765,-1.06,20.42,0.424,,1,1,2.051,0.0359,,,,0.12208,-2.87421,4.590,1.589,0.697,1.428,,
46.717,0.0841,0.0000,-0.0108,-0.1826,-1.08,20.45,0.424,,1,1,2.051,0.0359,,,,0.11077,-2.86706,4.590,1.589,0.697,1.428,,
46.752,0.0665,0.0000,-0.0010,-0.1472,-1.06,20.12,0.424,,1,1,2.051,0.0359,,,,0.10692,-2.86172,4.590,1.589,0.697,1.428,,
46.776,0.0577,0.0000,0.0092,-0.1415,-1.08,20.22,0.423,,1,1,2.051,0.0359,,,,0.10130,-2.85355,4.590,1.589,0.697,1.428,,
46.816,0.0470,0.0000,0.0100,-0.1116,-1.12,20.06,0.422,,1,1,2.051,0.0359,,,,0.09156,-2.85371,4.590,1.589,0.697,1.428,,
46.840,0.0434,0.0000,0.0229,-0.1071,-1.12,20.33,0.422,,1,1,2.051,0.0359,,,,0.09079,-2.84980,4.590,1.589,0.697,1.428,,
46.872,0.0387,0.0000,0.0178,-0.0891,-1.19,20.16,0.421,,1,1,2.051,0.0359,,,,0.07635,-2.85297,4.590,1.589,0.697,1.428,,
46.906,0.0329,0.0000,0.0089,-0.0922,-1.19,20.17,0.420,,1,1,2.051,0.0359,,,,0.07007,-2.85643,4.590,1.589,0.697,1.428,,
46.947,0.0272,0.0000,0.0069,-0.1045,-1.13,20.13,0.418,,1,1,2.051,0.0359,,,,0.06244,-2.86689,4.590,1.589,0.697,1.428,,
47.018,0.0277,0.3387,0.0289,1.4676,-0.13,16.54,0.163,,1,1,2.051,0.0359,,,,0.19226,-2.88157,4.590,1.589,0.697,1.428,,
47.055,0.0281,0.5098,0.0296,1.5961,0.04,16.12,0.151,,1,1,2.051,0.0359,,,,0.18761,-2.86687,4.590,1.589,0.697,1.428,,
47.074,0.0349,0.5906,0.0903,1.7220,0.22,15.56,0.133,,1,1,2.051,0.0359,,,,0.20602,-2.85343,4.590,1.589,0.697,1.428,,
47.099,0.0407,0.6818,0.0764,1.6253,0.25,15.73,0.143,,1,1,2.051,0.0359,,,,0.19997,-2.84812,4.590,1.589,0.697,1.428,,
47.134,0.0555,0.7732,0.1237,1.4043,0.22,16.07,0.165,,1,1,2.051,0.0359,,,,0.17462,-2.84168,4.590,1.589,0.697,1.428,,
47.152,0.0673,0.8157,0.1649,1.3877,0.15,16.73,0.180,,1,1,2.051,0.0359,,,,0.13213,-2.80760,4.590,1.589,0.697,1.428,,
47.178,0.0937,0.8623,0.2451,1.2609,0.08,17.14,0.199,,1,1,2.051,0.0359,,,,0.10126,-2.77896,4.590,1.589,0.697,1.428,,
47.208,0.1295,0.9039,0.2984,1.1434,-0.00,17.70,0.219,,1,1,2.051,0.0359,,,,0.09116,-2.76806,4.590,1.589,0.697,1.428,,
47.240,0.1563,0.9373,0.2720,1.0826,-0.07,18.13,0.235,,1,1,2.051,0.0359,,,,0.06095,-2.74851,4.590,1.589,0.697,1.428,,
47.272,0.1736,0.9421,0.2488,0.9593,0.05,17.61,0.250,,1,1,2.051,0.0359,,,,0.04453,-2.74945,4.590,1.589,0.697,1.428,,
47.311,0.1865,0.9277,0.2332,0.8825,0.01,17.98,0.253,,1,1,2.051,0.0359,,,,0.03599,-2.75362,4.590,1.589,0.697,1.428,,
47.343,0.1910,0.9165,0.2114,0.8707,0.06,18.01,0.257,,1,1,2.051,0.0359,,,,0.03833,-2.75105,4.590,1.589,0.697,1.428,,
47.401,0.1903,0.8898,0.1887,0.8261,0.02,18.21,0.262,,1,1,2.051,0.0359,,,,0.02922,-2.75872,4.590,1.589,0.697,1.428,,
47.434,0.1828,0.8770,0.1484,0.8215,0.10,18.17,0.267,,1,1,2.051,0.0359,,,,0.02024,-2.75692,4.590,1.589,0.697,1.428,,
47.469,0.1694,0.8644,0.1103,0.8109,0.09,18.30,0.267,,1,1,2.051,0.0359,,,,0.01643,-2.76118,4.590,1.589,0.697,1.428,,
47.496,0.1597,0.8575,0.1027,0.8186,0.08,18.33,0.269,,1,1,2.051,0.0359,,,,0.01424,-2.76189,4.590,1.589,0.697,1.428,,
47.544,0.1493,0.8520,0.1151,0.8342,0.06,18.45,0.272,,1,1,2.051,0.0359,,,,0.01378,-2.76723,4.590,1.589,0.697,1.428,,
47.578,0.1606,0.8500,0.2130,0.8410,0.04,18.94,0.274,,1,1,2.051,0.0359,,,,0.05235,-2.76326,4.590,1.589,0.697,1.428,,
47.603,0.1760,0.8509,0.2715,0.8566,0.05,18.99,0.276,,1,1,2.051,0.0359,,,,0.07403,-2.75618,4.590,1.589,0.697,1.428,,
47.634,0.1969,0.8441,0.2951,0.8106,0.05,19.08,0.280,,1,1,2.051,0.0359,,,,0.09555,-2.76742,4.590,1.589,0.697,1.428,,
47.654,0.2106,0.8413,0.3129,0.8184,0.09,19.31,0.281,,1,1,2.051,0.0359,,,,0.11132,-2.76757,4.590,1.589,0.697,1.428,,
47.680,0.2245,0.8383,0.3031,0.8197,0.04,19.52,0.283,,1,1,2.051,0.0359,,,,0.11448,-2.76288,4.590,1.589,0.697,1.428,,
47.707,0.2453,0.8431,0.3525,0.8708,0.07,19.49,0.286,,1,1,2.051,0.0359,,,,0.13436,-2.73971,4.590,1.589,0.697,1.428,,
47.768,0.3356,0.8000,0.5408,0.6902,0.19,20.62,0.305,,1,1,2.051,0.0359,,,,0.26663,-2.80411,4.590,1.589,0.697,1.428,,
47.811,0.3797,0.7467,0.5624,0.5097,0.07,20.60,0.331,,1,1,2.051,0.0359,,,,0.29185,-2.81261,4.590,1.589,0.697,1.428,,
47.835,0.4213,0.6841,0.5798,0.4364,-0.05,20.83,0.350,,1,1,2.051,0.0359,,,,0.31015,-2.81083,4.590,1.589,0.697,1.428,,
47.865,0.4479,0.6250,0.5627,0.3721,-0.20,20.81,0.364,,1,1,2.051,0.0359,,,,0.31706,-2.81431,4.590,1.589,0.697,1.428,,
47.896,0.4722,0.5706,0.5748,0.3495,-0.26,21.14,0.370,,1,1,2.051,0.0359,,,,0.33058,-2.81090,4.590,1.589,0.697,1.428,,
47.935,0.4900,0.5122,0.5519,0.3229,-0.31,21.14,0.379,,1,1,2.051,0.0359,,,,0.33302,-2.81761,4.590,1.589,0.697,1.428,,
47.960,0.4963,0.4759,0.5300,0.2977,-0.31,21.02,0.380,,1,1,2.051,0.0359,,,,0.32635,-2.81516,4.590,1.589,0.697,1.428,,
47.992,0.5029,0.4363,0.5319,0.2821,-0.39,21.39,0.381,,1,1,2.051,0.0359,,,,0.32761,-2.81794,4.590,1.589,0.697,1.428,,
48.035,0.5092,0.3903,0.5294,0.2579,-0.39,21.43,0.381,,1,1,2.051,0.0359,,,,0.32547,-2.81290,4.590,1.589,0.697,1.428,,
48.062,0.5124,0.3649,0.5293,0.2477,-0.44,20.91,0.383,,1,1,2.051,0.0359,,,,0.32493,-2.81268,4.590,1.589,0.697,1.428,,
48.088,0.5141,0.3276,0.5238,0.1514,-0.55,21.08,0.397,,1,1,2.051,0.0359,,,,0.32689,-2.82382,4.590,1.589,0.697,1.428,,
48.143,0.5148,0.2461,0.5167,0.0616,-0.66,21.41,0.408,,1,1,2.051,0.0359,,,,0.32658,-2.82436,4.590,1.589,0.697,1.428,,
48.168,0.5165,0.2167,0.5264,0.0702,-0.74,21.02,0.415,,1,1,2.051,0.0359,,,,0.32441,-2.82500,4.590,1.589,0.697,1.428,,
48.200,0.5189,0.1777,0.5305,0.0271,-0.67,20.95,0.416,,1,1,2.051,0.0359,,,,0.32581,-2.83212,4.590,1.589,0.697,1.428,,
48.235,0.5209,0.1297,0.5295,-0.0366,-0.69,21.19,0.421,,1,1,2.051,0.0359,,,,0.32760,-2.83286,4.590,1.589,0.697,1.428,,
48.264,0.5214,0.0964,0.5238,-0.0454,-0.73,21.27,0.424,,1,1,2.051,0.0359,,,,0.32820,-2.84001,4.590,1.589,0.697,1.428,,
48.297,0.5222,0.0661,0.5259,-0.0658,-0.74,21.34,0.423,,1,1,2.051,0.0359,,,,0.32927,-2.84517,4.590,1.589,0.697,1.428,,
48.336,0.5225,0.0388,0.5239,-0.0528,-0.73,21.36,0.424,,1,1,2.051,0.0359,,,,0.32519,-2.84534,4.590,1.589,0.697,1.428,,
48.360,0.5318,0.0249,0.5902,-0.0485,-0.76,21.53,0.424,,1,1,2.051,0.0359,,,,0.35712,-2.84923,4.590,1.589,0.697,1.428,,
48.399,0.5644,0.0254,0.6874,0.0272,-0.71,21.67,0.423,,1,1,2.051,0.0359,,,,0.40296,-2.84317,4.590,1.589,0.697,1.428,,
48.434,0.5976,0.0239,0.7358,0.0179,-0.72,21.87,0.425,,1,1,2.051,0.0359,,,,0.42979,-2.84886,4.590,1.589,0.697,1.428,,
48.456,0.6202,0.0245,0.7620,0.0285,-0.70,21.85,0.426,,1,1,2.051,0.0359,,,,0.43779,-2.84471,4.590,1.589,0.697,1.428,,
48.495,0.6554,0.0240,0.7797,0.0220,-0.77,21.85,0.428,,1,1,2.051,0.0359,,,,0.44484,-2.84788,4.590,1.589,0.697,1.428,,
48.532,0.6814,0.0216,0.7780,0.0125,-0.77,21.89,0.428,,1,1,2.051,0.0359,,,,0.44652,-2.85066,4.590,1.589,0.697,1.428,,
48.559,0.7025,0.0194,0.8113,0.0068,-0.71,21.83,0.428,,1,1,2.051,0.0359,,,,0.47309,-2.86372,4.590,1.589,0.697,1.428,,
48.584,0.7210,0.0186,0.8184,0.0139,-0.72,22.07,0.429,,1,1,2.051,0.0359,,,,0.48083,-2.85536,4.590,1.589,0.697,1.428,,
48.625,0.7453,0.0170,0.8261,0.0114,-0.71,22.01,0.432,,1,1,2.051,0.0359,,,,0.49383,-2.86004,4.590,1.589,0.697,1.428,,
48.647,0.7595,0.0214,0.8469,0.0519,-0.76,21.94,0.432,,1,1,2.051,0.0359,,,,0.51818,-2.87293,4.590,1.589,0.697,1.428,,
48.706,0.7947,0.0352,0.8779,0.0719,-0.83,22.13,0.434,,1,1,2.051,0.0359,,,,0.55272,-2.87126,4.590,1.589,0.697,1.428,,
48.739,0.8104,0.0429,0.8761,0.0795,-0.89,21.90,0.434,,1,1,2.051,0.0359,,,,0.55558,-2.87922,4.590,1.589,0.697,1.428,,
48.772,0.8228,0.0475,0.8753,0.0696,-0.89,21.82,0.432,,1,1,2.051,0.0359,,,,0.56358,-2.87300,4.590,1.589,0.697,1.428,,
48.792,0.8281,0.0477,0.8649,0.0498,-0.86,21.71,0.434,,1,1,2.051,0.0359,,,,0.56238,-2.87705,4.590,1.589,0.697,1.428,,
48.830,0.8337,0.0562,0.8548,0.0912,-0.86,21.69,0.434,,1,1,2.051,0.0359,,,,0.55809,-2.86945,4.590,1.589,0.697,1.428,,
48.861,0.8394,0.0593,0.8657,0.0746,-0.88,21.65,0.434,,1,1,2.051,0.0359,,,,0.57742,-2.87535,4.590,1.589,0.697,1.428,,
48.888,0.8472,0.0593,0.8896,0.0597,-0.81,21.75,0.432,,1,1,2.051,0.0359,,,,0.60140,-2.89243,4.590,1.589,0.697,1.428,,
48.920,0.8559,0.0559,0.8946,0.0394,-0.71,22.00,0.423,,1,1,2.051,0.0359,,,,0.62073,-2.89698,4.590,1.589,0.697,1.428,,
48.958,0.8712,0.1172,0.9293,0.3535,-0.47,22.19,0.368,,1,1,2.051,0.0359,,,,0.62911,-2.84836,4.590,1.589,0.697,1.428,,
48.991,0.9050,0.3162,1.1195,1.1857,-0.09,21.43,0.231,,1,1,2.051,0.0359,,,,0.62354,-2.79614,4.590,1.589,0.697,1.428,,
49.027,0.9271,0.4531,1.1225,1.3645,0.08,20.81,0.205,,1,1,2.051,0.0359,,,,0.59000,-2.78872,4.590,1.589,0.697,1.428,,
49.047,0.9419,0.5917,1.0077,1.2065,0.23,21.12,0.235,,1,1,2.051,0.0359,,,,0.58956,-2.77101,4.590,1.589,0.697,1.428,,
49.081,0.9440,0.7072,0.9529,1.0842,0.19,20.71,0.260,,1,1,2.051,0.0359,,,,0.58782,-2.75687,4.590,1.589,0.697,1.428,,
49.113,0.9406,0.7701,0.9245,0.9772,0.19,20.76,0.277,,1,1,2.051,0.0359,,,,0.58745,-2.75729,4.590,1.589,0.697,1.428,,
49.145,0.9338,0.7952,0.9022,0.8795,0.18,20.88,0.291,,1,1,2.051,0.0359,,,,0.58783,-2.75476,4.590,1.589,0.697,1.428,,
49.176,0.9260,0.8155,0.8885,0.8874,0.12,20.80,0.296,,1,1,2.051,0.0359,,,,0.59025,-2.75485,4.590,1.589,0.697,1.428,,
49.208,0.9172,0.8195,0.8747,0.8341,0.13,20.91,0.304,,1,1,2.051,0.0359,,,,0.58959,-2.75241,4.590,1.589,0.697,1.428,,
49.256,0.9053,0.8190,0.8662,0.8174,0.16,21.19,0.307,,1,1,2.051,0.0359,,,,0.59059,-2.75136,4.590,1.589,0.697,1.428,,
49.294,0.8980,0.8221,0.8672,0.8330,0.08,21.53,0.309,,1,1,2.051,0.0359,,,,0.59175,-2.74978,4.590,1.589,0.697,1.428,,
49.322,0.8946,0.8247,0.8755,0.8370,0.05,21.58,0.310,,1,1,2.051,0.0359,,,,0.59810,-2.75131,4.590,1.589,0.697,1.428,,
49.352,0.8920,0.8277,0.8785,0.8415,-0.01,21.48,0.311,,1,1,2.051,0.0359,,,,0.60137,-2.74512,4.590,1.589,0.697,1.428,,
49.385,0.8806,0.8250,0.8264,0.8135,0.01,21.37,0.317,,1,1,2.051,0.0359,,,,0.57077,-2.72828,4.590,1.589,0.697,1.428,,
49.416,0.8561,0.8180,0.7380,0.7852,-0.01,21.08,0.315,,1,1,2.051,0.0359,,,,0.51744,-2.71601,4.590,1.589,0.697,1.428,,
49.453,0.8212,0.8066,0.6837,0.7609,0.07,20.83,0.314,,1,1,2.051,0.0359,,,,0.49554,-2.72019,4.590,1.589,0.697,1.428,,
49.480,0.7891,0.7959,0.6251,0.7370,0.04,20.59,0.314,,1,1,2.051,0.0359,,,,0.46837,-2.72602,4.590,1.589,0.697,1.428,,
49.518,0.7494,0.7901,0.6056,0.7665,0.05,20.39,0.313,,1,1,2.051,0.0359,,,,0.45786,-2.71407,4.590,1.589,0.697,1.428,,
49.552,0.7227,0.7869,0.6120,0.7716,0.02,20.53,0.314,,1,1,2.051,0.0359,,,,0.44973,-2.70795,4.590,1.589,0.697,1.428,,
49.577,0.7029,0.7810,0.5976,0.7445,0.02,20.54,0.315,,1,1,2.051,0.0359,,,,0.44439,-2.71632,4.590,1.589,0.697,1.428,,
49.615,0.6800,0.7752,0.5981,0.7510,-0.00,20.86,0.313,,1,1,2.051,0.0359,,,,0.43920,-2.71226,4.590,1.589,0.697,1.428,,
49.640,0.6675,0.7723,0.5993,0.7543,0.08,20.57,0.312,,1,1,2.051,0.0359,,,,0.43871,-2.71101,4.590,1.589,0.697,1.428,,
49.684,0.6490,0.7676,0.5905,0.7507,0.10,20.57,0.312,,1,1,2.051,0.0359,,,,0.42670,-2.71834,4.590,1.589,0.697,1.428,,
49.704,0.6421,0.7644,0.5957,0.7399,0.10,20.58,0.312,,1,1,2.051,0.0359,,,,0.42687,-2.71865,4.590,1.589,0.697,1.428,,
49.738,0.6346,0.7618,0.6033,0.7496,0.08,20.45,0.307,,1,1,2.051,0.0359,,,,0.42282,-2.72097,4.590,1.589,0.697,1.428,,
49.817,0.6140,0.7452,0.5761,0.7124,0.00,20.52,0.307,,1,1,2.051,0.0359,,,,0.40383,-2.74339,4.590,1.589,0.697,1.428,,
49.848,0.6080,0.7433,0.5799,0.7337,0.02,20.36,0.306,,1,1,2.051,0.0359,,,,0.40464,-2.74233,4.590,1.589,0.697,1.428,,
49.874,0.6034,0.7426,0.5777,0.7389,0.07,20.29,0.305,,1,1,2.051,0.0359,,,,0.40562,-2.74344,4.590,1.589,0.697,1.428,,
49.901,0.6004,0.7415,0.5837,0.7351,0.09,20.22,0.306,,1,1,2.051,0.0359,,,,0.40365,-2.73990,4.590,1.589,0.697,1.428,,
49.937,0.5957,0.7447,0.5765,0.7586,0.19,20.27,0.303,,1,1,2.051,0.0359,,,,0.40170,-2.74585,4.590,1.589,0.697,1.428,,
49.962,0.5895,0.7397,0.5534,0.7090,0.08,20.56,0.304,,1,1,2.051,0.0359,,,,0.38949,-2.77251,4.590,1.589,0.697,1.428,,
49.990,0.5815,0.7169,0.5306,0.5692,-0.03,20.59,0.323,,1,1,2.051,0.0359,,,,0.38807,-2.79053,4.590,1.589,0.697,1.428,,
50.007,0.5701,0.6867,0.4928,0.4871,-0.12,20.79,0.343,,1,1,2.051,0.0359,,,,0.37103,-2.78192,4.590,1.589,0.697,1.428,,
50.051,0.5481,0.6356,0.4754,0.4740,-0.17,20.55,0.354,,1,1,2.051,0.0359,,,,0.36488,-2.77058,4.590,1.589,0.697,1.428,,
50.074,0.5309,0.6084,0.4236,0.4472,-0.19,20.54,0.363,,1,1,2.051,0.0359,,,,0.33776,-2.77438,4.590,1.589,0.697,1.428,,
50.113,0.5121,0.5680,0.4450,0.4321,-0.23,20.72,0.368,,1,1,2.051,0.0359,,,,0.33747,-2.78305,4.590,1.589,0.697,1.428,,
50.139,0.5022,0.5435,0.4479,0.4189,-0.22,20.75,0.372,,1,1,2.051,0.0359,,,,0.33231,-2.77895,4.590,1.589,0.697,1.428,,
50.201,0.4893,0.4883,0.4589,0.3679,-0.21,20.85,0.378,,1,1,2.051,0.0359,,,,0.32077,-2.79066,4.590,1.589,0.697,1.428,,
50.240,0.4800,0.4574,0.4449,0.3503,-0.24,20.66,0.380,,1,1,2.051,0.0359,,,,0.30605,-2.79776,4.590,1.589,0.697,1.428,,
50.265,0.4764,0.4259,0.4550,0.2619,-0.38,20.89,0.379,,1,1,2.051,0.0359,,,,0.30642,-2.82228,4.590,1.589,0.697,1.428,,
50.307,0.4739,0.3738,0.4649,0.2112,-0.48,21.13,0.386,,1,1,2.051,0.0359,,,,0.30781,-2.83064,4.590,1.589,0.697,1.428,,
50.328,0.4740,0.3450,0.4751,0.1740,-0.54,21.10,0.392,,1,1,2.051,0.0359,,,,0.31029,-2.83934,4.590,1.589,0.697,1.428,,
50.370,0.4740,0.2967,0.4740,0.1506,-0.66,21.35,0.395,,1,1,2.051,0.0359,,,,0.31315,-2.84753,4.590,1.589,0.697,1.428,,
50.407,0.4750,0.2592,0.4793,0.1287,-0.65,21.40,0.399,,1,1,2.051,0.0359,,,,0.31680,-2.85471,4.590,1.589,0.697,1.428,,
50.453,0.4760,0.2193,0.4792,0.1027,-0.73,21.49,0.403,,1,1,2.051,0.0359,,,,0.31753,-2.86165,4.590,1.589,0.697,1.428,,
50.474,0.4758,0.2017,0.4745,0.0999,-0.77,21.56,0.404,,1,1,2.051,0.0359,,,,0.31755,-2.86449,4.590,1.589,0.697,1.428,,
50.503,0.4725,0.1736,0.4550,0.0497,-0.79,21.75,0.405,,1,1,2.051,0.0359,,,,0.30582,-2.87221,4.590,1.589,0.697,1.428,,
50.528,0.4676,0.1556,0.4381,0.0639,-0.88,21.83,0.413,,1,1,2.051,0.0359,,,,0.29769,-2.87132,4.590,1.589,0.697,1.428,,
50.553,0.4600,0.1349,0.4137,0.0290,-0.91,21.86,0.416,,1,1,2.051,0.0359,,,,0.28894,-2.87045,4.590,1.589,0.697,1.428,,
50.599,0.4487,0.1122,0.4109,0.0464,-0.94,21.91,0.415,,1,1,2.051,0.0359,,,,0.28231,-2.87011,4.590,1.589,0.697,1.428,,
50.641,0.4360,0.0936,0.3899,0.0337,-0.93,21.93,0.414,,1,1,2.051,0.0359,,,,0.27539,-2.87998,4.590,1.589,0.697,1.428,,
50.675,0.3909,0.0642,0.2025,-0.0697,-0.91,21.73,0.414,,1,1,2.051,0.0359,,,,0.19017,-2.89794,4.590,1.589,0.697,1.428,,
50.697,0.3505,0.0481,0.0982,-0.0929,-0.87,21.38,0.415,,1,1,2.051,0.0359,,,,0.13436,-2.88812,4.590,1.589,0.697,1.428,,
50.733,0.2866,0.0273,0.0553,-0.1159,-0.80,21.15,0.412,,1,1,2.051,0.0359,,,,0.11487,-2.88237,4.590,1.589,0.697,1.428,,
50.766,0.2332,0.0123,0.0243,-0.1103,-0.91,20.74,0.410,,1,1,2.051,0.0359,,,,0.09683,-2.88928,4.590,1.589,0.697,1.428,,
50.799,0.1865,0.0003,0.0072,-0.1150,-0.94,20.28,0.409,,1,1,2.051,0.0359,,,,0.08273,-2.89025,4.590,1.589,0.697,1.428,,
50.832,0.1523,0.0000,0.0233,-0.1047,-0.98,20.33,0.409,,1,1,2.051,0.0359,,,,0.08096,-2.88077,4.590,1.589,0.697,1.428,,
50.857,0.1307,0.0000,0.0182,-0.1086,-0.96,20.02,0.409,,1,1,2.051,0.0359,,,,0.07304,-2.88482,4.590,1.589,0.697,1.428,,
50.890,0.1057,0.0000,0.0104,-0.0929,-0.97,19.97,0.408,,1,1,2.051,0.0359,,,,0.06267,-2.87778,4.590,1.589,0.697,1.428,,
50.920,0.0879,0.0000,0.0118,-0.0799,-0.95,19.75,0.407,,1,1,2.051,0.0359,,,,0.05827,-2.86871,4.590,1.589,0.697,1.428,,
50.967,0.0659,0.0000,0.0034,-0.0738,-0.93,19.41,0.408,,1,1,2.051,0.0359,,,,0.04861,-2.87031,4.590,1.589,0.697,1.428,,
51.010,0.0518,0.0000,0.0070,-0.0635,-0.99,19.65,0.408,,1,1,2.051,0.0359,,,,0.04268,-2.87192,4.590,1.589,0.697,1.428,,
51.041,0.0425,0.0000,0.0015,-0.0795,-0.95,19.97,0.408,,1,1,2.051,0.0359,,,,0.03855,-2.87470,4.590,1.589,0.697,1.428,,
51.064,0.0357,0.0000,-0.0042,-0.0935,-0.88,19.38,0.408,,1,1,2.051,0.0359,,,,0.03001,-2.86870,4.590,1.589,0.697,1.428,,
51.107,0.0240,0.0000,-0.0147,-0.1083,-0.85,19.38,0.408,,1,1,2.051,0.0359,,,,0.02831,-2.87597,4.590,1.589,0.697,1.428,,
51.141,0.0194,0.0000,-0.0082,-0.1253,-0.85,19.83,0.409,,1,1,2.051,0.0359,,,,0.02031,-2.88175,4.590,1.589,0.697,1.428,,
51.170,0.0137,0.0000,-0.0071,-0.1156,-0.90,19.85,0.406,,1,1,2.051,0.0359,,,,0.01288,-2.89206,4.590,1.589,0.697,1.428,,
51.199,0.0030,0.0000,-0.0565,-0.0396,-0.80,20.04,0.377,,1,1,2.051,0.0359,,,,-0.01837,-2.89975,4.590,1.589,0.697,1.428,,
51.225,0.0000,0.1409,-0.0255,1.0666,-0.18,18.36,0.230,,1,1,2.051,0.0359,,,,0.00370,-2.83492,4.590,1.589,0.697,1.428,,
51.267,0.0131,0.3847,0.0664,1.7877,0.12,16.56,0.138,,1,1,2.051,0.0359,,,,0.08988,-2.82055,4.590,1.589,0.697,1.428,,
51.294,0.0145,0.5327,0.0216,2.1012,0.25,15.56,0.113,,1,1,2.051,0.0359,,,,0.11183,-2.82286,4.590,1.589,0.697,1.428,,
51.320,0.0142,0.6405,0.0123,1.8686,0.27,15.07,0.126,,1,1,2.051,0.0359,,,,0.11919,-2.84254,4.590,1.589,0.697,1.428,,
51.360,0.0204,0.7572,0.0448,1.5526,0.26,15.72,0.152,,1,1,2.051,0.0359,,,,0.10088,-2.84111,4.590,1.589,0.697,1.428,,
51.384,0.0240,0.8139,0.0474,1.5213,0.26,15.91,0.167,,1,1,2.051,0.0359,,,,0.05799,-2.82376,4.590,1.589,0.697,1.428,,
51.416,0.0407,0.8701,0.1228,1.3953,0.17,16.39,0.187,,1,1,2.051,0.0359,,,,0.03087,-2.81038,4.590,1.589,0.697,1.428,,
51.448,0.0687,0.9123,0.2004,1.2842,0.10,17.04,0.202,,1,1,2.051,0.0359,,,,0.01954,-2.79980,4.590,1.589,0.697,1.428,,
51.486,0.0955,0.9477,0.1996,1.2586,0.12,17.42,0.208,,1,1,2.051,0.0359,,,,0.01409,-2.79881,4.590,1.589,0.697,1.428,,
51.527,0.1258,0.9743,0.2347,1.1633,0.12,17.75,0.217,,1,1,2.051,0.0359,,,,0.01223,-2.79830,4.590,1.589,0.697,1.428,,
51.561,0.1440,0.9911,0.2206,1.1642,0.09,17.77,0.222,,1,1,2.051,0.0359,,,,0.00584,-2.79458,4.590,1.589,0.697,1.428,,
51.599,0.1571,1.0000,0.2074,1.0797,0.12,17.92,0.233,,1,1,2.051,0.0359,,,,0.00867,-2.79233,4.590,1.589,0.697,1.428,,
51.624,0.1631,1.0000,0.1973,1.0620,0.11,17.71,0.235,,1,1,2.051,0.0359,,,,0.00816,-2.79064,4.590,1.589,0.697,1.428,,
51.667,0.1672,1.0000,0.1815,1.0518,0.11,17.59,0.238,,1,1,2.051,0.0359,,,,0.00543,-2.78616,4.590,1.589,0.697,1.428,,
51.698,0.1615,1.0000,0.1341,1.0156,0.20,17.19,0.241,,1,1,2.051,0.0359,,,,0.00496,-2.78629,4.590,1.589,0.697,1.428,,
51.726,0.1516,1.0000,0.0965,0.9927,0.28,17.34,0.241,,1,1,2.051,0.0359,,,,0.00087,-2.78855,4.590,1.589,0.697,1.428,,
51.760,0.1409,1.0000,0.0911,0.9723,0.23,17.55,0.246,,1,1,2.051,0.0359,,,,-0.00501,-2.78719,4.590,1.589,0.697,1.428,,
51.785,0.1321,0.9980,0.0756,0.9404,0.14,17.74,0.250,,1,1,2.051,0.0359,,,,-0.00395,-2.78981,4.590,1.589,0.697,1.428,,
51.815,0.1491,1.0000,0.2359,1.0484,0.20,17.84,0.252,,1,1,2.051,0.0359,,,,0.04739,-2.76295,4.590,1.589,0.697,1.428,,
51.853,0.2291,1.0000,0.5330,1.1313,0.36,19.12,0.268,,1,1,2.051,0.0359,,,,0.20047,-2.74246,4.590,1.589,0.697,1.428,,
51.887,0.2955,1.0000,0.5593,1.0967,0.43,19.49,0.285,,1,1,2.051,0.0359,,,,0.24114,-2.73843,4.590,1.589,0.697,1.428,,
51.913,0.3476,1.0000,0.6024,1.0339,0.32,20.11,0.294,,1,1,2.051,0.0359,,,,0.27008,-2.74059,4.590,1.589,0.697,1.428,,
51.945,0.4019,1.0000,0.6185,0.9984,0.31,20.15,0.304,,1,1,2.051,0.0359,,,,0.29249,-2.73351,4.590,1.589,0.697,1.428,,
51.983,0.4493,1.0000,0.6048,0.9943,0.26,20.41,0.314,,1,1,2.051,0.0359,,,,0.29929,-2.70747,4.590,1.589,0.697,1.428,,
52.010,0.4737,1.0000,0.5880,0.9248,0.22,20.71,0.317,,1,1,2.051,0.0359,,,,0.30351,-2.72267,4.590,1.589,0.697,1.428,,
52.051,0.4967,0.9614,0.5689,0.8128,0.26,21.03,0.320,,1,1,2.051,0.0359,,,,0.31757,-2.75229,4.590,1.589,0.697,1.428,,
52.080,0.5080,0.9347,0.5575,0.8029,0.27,20.85,0.322,,1,1,2.051,0.0359,,,,0.32718,-2.76547,4.590,1.589,0.697,1.428,,
52.120,0.5241,0.9052,0.5791,0.7964,0.20,20.85,0.324,,1,1,2.051,0.0359,,,,0.34407,-2.77129,4.590,1.589,0.697,1.428,,
52.159,0.5373,0.8791,0.5837,0.7830,0.16,20.72,0.328,,1,1,2.051,0.0359,,,,0.34598,-2.75877,4.590,1.589,0.697,1.428,,
52.183,0.5440,0.8611,0.5810,0.7590,0.20,20.59,0.328,,1,1,2.051,0.0359,,,,0.35704,-2.75877,4.590,1.589,0.697,1.428,,
52.227,0.5561,0.8314,0.5950,0.7353,0.17,20.56,0.330,,1,1,2.051,0.0359,,,,0.37843,-2.77169,4.590,1.589,0.697,1.428,,
52.247,0.5585,0.8120,0.5752,0.6806,0.23,20.66,0.331,,1,1,2.051,0.0359,,,,0.38422,-2.78032,4.590,1.589,0.697,1.428,,
52.280,0.5679,0.7853,0.6084,0.6749,0.18,20.69,0.328,,1,1,2.051,0.0359,,,,0.40597,-2.77655,4.590,1.589,0.697,1.428,,
52.319,0.5771,0.7601,0.6110,0.6717,0.21,19.96,0.329,,1,1,2.051,0.0359,,,,0.40933,-2.77469,4.590,1.589,0.697,1.428,,
52.354,0.5830,0.7394,0.6080,0.6575,0.23,19.97,0.330,,1,1,2.051,0.0359,,,,0.41166,-2.77494,4.590,1.589,0.697,1.428,,
52.388,0.5853,0.7254,0.5954,0.6679,0.22,19.67,0.329,,1,1,2.051,0.0359,,,,0.40940,-2.77102,4.590,1.589,0.697,1.428,,
52.409,0.5893,0.7160,0.6168,0.6551,0.23,19.68,0.329,,1,1,2.051,0.0359,,,,0.42013,-2.76705,4.590,1.589,0.697,1.428,,
52.444,0.6078,0.6756,0.6848,0.5195,-0.00,20.82,0.342,,1,1,2.051,0.0359,,,,0.46897,-2.81387,4.590,1.589,0.697,1.428,,
52.471,0.6216,0.6191,0.6956,0.3501,-0.19,21.08,0.368,,1,1,2.051,0.0359,,,,0.49806,-2.82543,4.590,1.589,0.697,1.428,,
52.512,0.6410,0.5042,0.7088,0.1644,-0.35,21.29,0.385,,1,1,2.051,0.0359,,,,0.50671,-2.84540,4.590,1.589,0.697,1.428,,
52.544,0.6539,0.4175,0.7120,0.0994,-0.41,21.40,0.394,,1,1,2.051,0.0359,,,,0.50885,-2.85134,4.590,1.589,0.697,1.428,,
52.601,0.6650,0.3197,0.6938,0.1139,-0.44,21.64,0.399,,1,1,2.051,0.0359,,,,0.51705,-2.85847,4.590,1.589,0.697,1.428,,
52.640,0.6732,0.2680,0.7040,0.1101,-0.45,21.69,0.400,,1,1,2.051,0.0359,,,,0.52505,-2.86339,4.590,1.589,0.697,1.428,,
52.680,0.7000,0.2108,0.7979,0.0371,-0.46,21.79,0.408,,1,1,2.051,0.0359,,,,0.59044,-2.89535,4.590,1.589,0.697,1.428,,
52.713,0.7266,0.1581,0.8433,-0.0365,-0.42,21.87,0.418,,1,1,2.051,0.0359,,,,0.61412,-2.90078,4.590,1.589,0.697,1.428,,
52.744,0.7514,0.1145,0.8608,-0.0646,-0.42,22.02,0.421,,1,1,2.051,0.0359,,,,0.62372,-2.90341,4.590,1.589,0.697,1.428,,
52.764,0.7640,0.0945,0.8551,-0.0298,-0.53,21.99,0.422,,1,1,2.051,0.0359,,,,0.61963,-2.89751,4.590,1.589,0.697,1.428,,
52.796,0.7785,0.0644,0.8419,-0.0585,-0.54,22.10,0.424,,1,1,2.051,0.0359,,,,0.62216,-2.89523,4.590,1.589,0.697,1.428,,
52.817,0.7891,0.0472,0.8571,-0.0754,-0.60,22.13,0.425,,1,1,2.051,0.0359,,,,0.63585,-2.91109,4.590,1.589,0.697,1.428,,
52.845,0.8013,0.0294,0.8629,-0.0615,-0.67,22.09,0.424,,1,1,2.051,0.0359,,,,0.63610,-2.91371,4.590,1.589,0.697,1.428,,
52.884,0.8168,0.0108,0.8726,-0.0716,-0.68,22.02,0.423,,1,1,2.051,0.0359,,,,0.64011,-2.91967,4.590,1.589,0.697,1.428,,
52.904,0.8261,0.0025,0.8901,-0.1035,-0.64,22.03,0.425,,1,1,2.051,0.0359,,,,0.63916,-2.91933,4.590,1.589,0.697,1.428,,
52.945,0.8400,0.0000,0.8882,-0.1197,-0.62,22.72,0.427,,1,1,2.051,0.0359,,,,0.63634,-2.92188,4.590,1.589,0.697,1.428,,
53.002,0.8452,0.0000,0.8583,-0.0082,-0.83,22.44,0.430,,1,1,2.051,0.0359,,,,0.58705,-2.91378,4.590,1.589,0.697,1.428,,
53.064,0.8557,0.0131,0.8806,0.0654,-0.77,22.14,0.426,,1,1,2.051,0.0359,,,,0.58044,-2.92589,4.590,1.589,0.697,1.428,,
53.102,0.8570,0.0243,0.8619,0.0685,-0.71,23.16,0.426,,1,1,2.051,0.0359,,,,0.54804,-2.92769,4.590,1.589,0.697,1.428,,
53.127,0.8577,0.0314,0.8616,0.0749,-0.60,22.54,0.424,,1,1,2.051,0.0359,,,,0.53813,-2.93225,4.590,1.589,0.697,1.428,,
53.145,0.8599,0.0328,0.8784,0.0451,-0.70,22.67,0.425,,1,1,2.051,0.0359,,,,0.53356,-2.93705,4.590,1.589,0.697,1.428,,
53.175,0.8640,0.0294,0.8850,0.0112,-0.89,22.74,0.432,,1,1,2.051,0.0359,,,,0.53317,-2.92259,4.590,1.589,0.697,1.428,,
53.193,0.8661,0.0260,0.8836,-0.0024,-1.02,22.88,0.433,,1,1,2.051,0.0359,,,,0.53197,-2.91689,4.590,1.589,0.697,1.428,,
53.246,0.8702,0.0258,0.8821,0.0253,-1.04,22.70,0.430,,1,1,2.051,0.0359,,,,0.54036,-2.91574,4.590,1.589,0.697,1.428,,
53.272,0.8728,0.0244,0.8877,0.0160,-0.95,22.70,0.428,,1,1,2.051,0.0359,,,,0.56011,-2.90719,4.590,1.589,0.697,1.428,,
53.298,0.8750,0.0245,0.8879,0.0253,-0.94,22.68,0.426,,1,1,2.051,0.0359,,,,0.56430,-2.90375,4.590,1.589,0.697,1.428,,
53.327,0.8774,0.0233,0.8904,0.0168,-0.92,22.61,0.428,,1,1,2.051,0.0359,,,,0.56551,-2.89361,4.590,1.589,0.697,1.428,,
53.369,0.8774,0.0166,0.8772,-0.0085,-1.00,22.36,0.428,,1,1,2.051,0.0359,,,,0.57126,-2.89516,4.590,1.589,0.697,1.428,,
53.400,0.8773,0.0077,0.8770,-0.0361,-0.94,22.29,0.430,,1,1,2.051,0.0359,,,,0.57775,-2.89267,4.590,1.589,0.697,1.428,,
53.433,0.8767,0.0000,0.8735,-0.1003,-0.94,21.72,0.431,,1,1,2.051,0.0359,,,,0.57775,-2.89457,4.590,1.589,0.697,1.428,,
53.464,0.8771,0.0000,0.8795,-0.1143,-0.88,21.60,0.428,,1,1,2.051,0.0359,,,,0.58247,-2.90946,4.590,1.589,0.697,1.428,,
53.496,0.8745,0.0000,0.8612,-0.1278,-0.98,21.37,0.430,,1,1,2.051,0.0359,,,,0.57692,-2.92612,4.590,1.589,0.697,1.428,,
53.529,0.8721,0.0000,0.8607,-0.0262,-0.90,21.64,0.425,,1,1,2.051,0.0359,,,,0.58165,-2.94788,4.590,1.589,0.697,1.428,,
53.560,0.8696,0.0000,0.8564,0.0146,-0.85,21.72,0.420,,1,1,2.051,0.0359,,,,0.58628,-2.96440,4.590,1.589,0.697,1.428,,
53.593,0.8662,0.0000,0.8500,0.0436,-0.71,21.94,0.413,,1,1,2.051,0.0359,,,,0.57578,-2.98143,4.590,1.589,0.697,1.428,,
53.631,0.8646,0.0112,0.8578,0.0719,-0.57,21.94,0.411,,1,1,2.051,0.0359,,,,0.56055,-2.99784,4.590,1.589,0.697,1.428,,
53.656,0.8678,0.0274,0.8879,0.1251,-0.63,21.56,0.408,,1,1,2.051,0.0359,,,,0.53880,-3.00253,4.590,1.589,0.697,1.428,,
53.689,0.8735,0.0387,0.9011,0.0917,-0.63,21.16,0.410,,1,1,2.051,0.0359,,,,0.52876,-3.01909,4.590,1.589,0.697,1.428,,
53.726,0.8732,0.0464,0.8722,0.0772,-0.59,21.31,0.411,,1,1,2.051,0.0359,,,,0.50644,-3.01401,4.590,1.589,0.697,1.428,,
53.753,0.8723,0.0529,0.8665,0.0897,-0.48,21.38,0.409,,1,1,2.051,0.0359,,,,0.49413,-2.99308,4.590,1.589,0.697,1.428,,
53.811,0.8722,0.0659,0.8720,0.1002,-0.62,21.46,0.408,,1,1,2.051,0.0359,,,,0.49421,-2.98157,4.590,1.589,0.697,1.428,,
53.844,0.8740,0.0726,0.8826,0.1029,-0.76,21.72,0.405,,1,1,2.051,0.0359,,,,0.49611,-2.97773,4.590,1.589,0.697,1.428,,
53.870,0.8750,0.0775,0.8813,0.1055,-0.75,21.63,0.405,,1,1,2.051,0.0359,,,,0.49629,-2.97700,4.590,1.589,0.697,1.428,,
53.896,0.8766,0.0811,0.8865,0.1020,-0.73,21.44,0.406,,1,1,2.051,0.0359,,,,0.49420,-2.98573,4.590,1.589,0.697,1.428,,
53.928,0.8798,0.0834,0.8954,0.0941,-0.61,21.49,0.406,,1,1,2.051,0.0359,,,,0.49491,-2.98722,4.590,1.589,0.697,1.428,,
53.961,0.8809,0.0770,0.8861,0.0466,-0.62,21.75,0.408,,1,1,2.051,0.0359,,,,0.48626,-2.98632,4.590,1.589,0.697,1.428,,
53.999,0.8809,0.0656,0.8808,0.0193,-0.62,21.67,0.411,,1,1,2.051,0.0359,,,,0.47617,-2.97837,4.590,1.589,0.697,1.428,,
54.024,0.8825,0.0575,0.8927,0.0050,-0.64,21.61,0.412,,1,1,2.051,0.0359,,,,0.47740,-2.98097,4.590,1.589,0.697,1.428,,
54.056,0.8854,0.0582,0.8999,0.0620,-0.67,21.51,0.411,,1,1,2.051,0.0359,,,,0.46961,-2.98073,4.590,1.589,0.697,1.428,,
54.089,0.8895,0.0656,0.9087,0.1014,-0.69,21.83,0.408,,1,1,2.051,0.0359,,,,0.47524,-2.99574,4.590,1.589,0.697,1.428,,
54.120,0.8946,0.0676,0.9196,0.0775,-0.72,21.91,0.410,,1,1,2.051,0.0359,,,,0.49029,-3.00276,4.590,1.589,0.697,1.428,,
54.159,0.8976,0.0694,0.9096,0.0768,-0.63,22.05,0.409,,1,1,2.051,0.0359,,,,0.48937,-2.99929,4.590,1.589,0.697,1.428,,
54.185,0.9008,0.0716,0.9197,0.0849,-0.82,22.24,0.410,,1,1,2.051,0.0359,,,,0.49126,-3.00504,4.590,1.589,0.697,1.428,,
54.223,0.8986,0.0727,0.8897,0.0774,-0.72,22.40,0.408,,1,1,2.051,0.0359,,,,0.49147,-3.00056,4.590,1.589,0.697,1.428,,
54.254,0.8974,0.0661,0.8911,0.0319,-0.68,22.53,0.406,,1,1,2.051,0.0359,,,,0.50942,-3.03205,4.590,1.589,0.697,1.428,,
54.280,0.8936,0.0635,0.8708,0.0476,-0.66,22.26,0.408,,1,1,2.051,0.0359,,,,0.50234,-3.01944,4.590,1.589,0.697,1.428,,
54.313,0.8940,0.0655,0.8960,0.0756,-0.64,21.62,0.409,,1,1,2.051,0.0359,,,,0.52705,-3.02198,4.590,1.589,0.697,1.428,,
54.352,0.8972,0.0640,0.9099,0.0581,-0.55,21.08,0.408,,1,1,2.051,0.0359,,,,0.56066,-3.02803,4.590,1.589,0.697,1.428,,
54.392,0.9022,0.0621,0.9219,0.0546,-0.54,21.06,0.409,,1,1,2.051,0.0359,,,,0.57923,-3.04105,4.590,1.589,0.697,1.428,,
54.424,0.9050,0.0595,0.9186,0.0463,-0.46,21.05,0.406,,1,1,2.051,0.0359,,,,0.57964,-3.04041,4.590,1.589,0.697,1.428,,
54.455,0.9100,0.0637,0.9355,0.0857,-0.59,21.34,0.405,,1,1,2.051,0.0359,,,,0.58959,-3.04666,4.590,1.589,0.697,1.428,,
54.487,0.9148,0.0667,0.9381,0.0818,-0.56,21.37,0.405,,1,1,2.051,0.0359,,,,0.59507,-3.04104,4.590,1.589,0.697,1.428,,
54.520,0.9122,0.0773,0.9003,0.1272,-0.51,21.48,0.400,,1,1,2.051,0.0359,,,,0.55161,-3.00157,4.590,1.589,0.697,1.428,,
54.758,0.5485,0.3980,0.3207,0.5978,-0.22,19.26,0.359,,1,1,2.051,0.0359,,,,0.26389,-2.85624,4.590,1.589,0.697,1.428,,
54.787,0.5000,0.4251,0.2653,0.5598,-0.19,19.17,0.358,,1,1,2.051,0.0359,,,,0.23445,-2.84797,4.590,1.589,0.697,1.428,,
54.819,0.4492,0.4477,0.2389,0.5460,-0.16,19.30,0.354,,1,1,2.051,0.0359,,,,0.22870,-2.85471,4.590,1.589,0.697,1.428,,
54.850,0.4079,0.4664,0.2277,0.5539,-0.09,19.47,0.350,,1,1,2.051,0.0359,,,,0.21944,-2.84617,4.590,1.589,0.697,1.428,,
54.881,0.3758,0.4826,0.2404,0.5560,-0.06,19.27,0.348,,1,1,2.051,0.0359,,,,0.22121,-2.83061,4.590,1.589,0.697,1.428,,
54.904,0.3540,0.4916,0.2346,0.5452,-0.09,19.33,0.342,,1,1,2.051,0.0359,,,,0.20552,-2.85665,4.590,1.589,0.697,1.428,,
54.952,0.2959,0.4913,0.1377,0.4905,0.00,19.14,0.338,,1,1,2.051,0.0359,,,,0.16790,-2.88033,4.590,1.589,0.697,1.428,,
54.984,0.2556,0.4978,0.0970,0.5268,0.04,18.38,0.336,,1,1,2.051,0.0359,,,,0.12639,-2.87221,4.590,1.589,0.697,1.428,,
55.023,0.2188,0.5054,0.0958,0.5345,0.06,18.65,0.335,,1,1,2.051,0.0359,,,,0.12420,-2.86213,4.590,1.589,0.697,1.428,,
55.050,0.1958,0.5091,0.0867,0.5294,0.08,18.47,0.333,,1,1,2.051,0.0359,,,,0.11728,-2.86139,4.590,1.589,0.697,1.428,,
55.086,0.1733,0.5210,0.0915,0.5698,0.08,18.77,0.330,,1,1,2.051,0.0359,,,,0.11398,-2.84104,4.590,1.589,0.697,1.428,,
55.112,0.1606,0.5300,0.0973,0.5801,0.01,18.99,0.329,,1,1,2.051,0.0359,,,,0.10986,-2.84563,4.590,1.589,0.697,1.428,,
55.150,0.1458,0.5359,0.0934,0.5588,0.01,18.70,0.327,,1,1,2.051,0.0359,,,,0.09649,-2.85718,4.590,1.589,0.697,1.428,,
55.178,0.1415,0.5404,0.1202,0.5650,0.04,18.31,0.326,,1,1,2.051,0.0359,,,,0.08888,-2.85940,4.590,1.589,0.697,1.428,,
55.218,0.1411,0.5540,0.1398,0.6041,-0.08,18.71,0.325,,1,1,2.051,0.0359,,,,0.08030,-2.84590,4.590,1.589,0.697,1.428,,
55.250,0.1391,0.5715,0.1304,0.6506,0.03,18.93,0.317,,1,1,2.051,0.0359,,,,0.07584,-2.83725,4.590,1.589,0.697,1.428,,
55.272,0.1376,0.5872,0.1275,0.6897,0.02,19.13,0.309,,1,1,2.051,0.0359,,,,0.06672,-2.84896,4.590,1.589,0.697,1.428,,
55.304,0.1388,0.6078,0.1445,0.7001,-0.00,19.23,0.307,,1,1,2.051,0.0359,,,,0.06104,-2.84150,4.590,1.589,0.697,1.428,,
55.336,0.1369,0.6216,0.1282,0.6830,-0.02,19.03,0.307,,1,1,2.051,0.0359,,,,0.04680,-2.84823,4.590,1.589,0.697,1.428,,
55.410,0.1426,0.6521,0.1542,0.7120,0.06,19.06,0.297,,1,1,2.051,0.0359,,,,0.05837,-2.83299,4.590,1.589,0.697,1.428,,
55.432,0.1349,0.6657,0.0836,0.7514,0.02,19.42,0.287,,1,1,2.051,0.0359,,,,0.05625,-2.83007,4.590,1.589,0.697,1.428,,
55.463,0.1306,0.6822,0.1100,0.7580,-0.06,19.29,0.283,,1,1,2.051,0.0359,,,,0.05133,-2.82629,4.590,1.589,0.697,1.428,,
55.512,0.1198,0.7081,0.0863,0.7831,0.01,19.30,0.280,,1,1,2.051,0.0359,,,,0.05086,-2.82089,4.590,1.589,0.697,1.428,,
55.553,0.1130,0.7379,0.0878,0.8411,0.05,19.26,0.273,,1,1,2.051,0.0359,,,,0.06092,-2.82103,4.590,1.589,0.697,1.428,,
55.569,0.1113,0.7474,0.0945,0.8337,0.05,19.30,0.272,,1,1,2.051,0.0359,,,,0.06198,-2.81952,4.590,1.589,0.697,1.428,,
55.606,0.1089,0.7734,0.0990,0.8699,0.04,19.12,0.271,,1,1,2.051,0.0359,,,,0.06069,-2.79979,4.590,1.589,0.697,1.428,,
55.630,0.1074,0.7854,0.0979,0.8543,0.11,19.14,0.271,,1,1,2.051,0.0359,,,,0.06330,-2.79354,4.590,1.589,0.697,1.428,,
55.652,0.1036,0.8021,0.0771,0.9076,0.13,18.86,0.264,,1,1,2.051,0.0359,,,,0.06425,-2.79245,4.590,1.589,0.697,1.428,,
55.676,0.0965,0.8209,0.0524,0.9253,0.13,18.98,0.256,,1,1,2.051,0.0359,,,,0.06379,-2.79899,4.590,1.589,0.697,1.428,,
55.713,0.0859,0.8382,0.0426,0.9021,0.14,19.02,0.257,,1,1,2.051,0.0359,,,,0.06101,-2.79903,4.590,1.589,0.697,1.428,,
55.774,0.0872,0.8607,0.0906,0.9125,-0.06,18.69,0.246,,1,1,2.051,0.0359,,,,0.08337,-2.80895,4.590,1.589,0.697,1.428,,
55.800,0.0904,0.8638,0.1090,0.8806,-0.02,18.72,0.252,,1,1,2.051,0.0359,,,,0.10036,-2.80215,4.590,1.589,0.697,1.428,,
55.841,0.0954,0.8730,0.1143,0.9053,-0.01,18.31,0.250,,1,1,2.051,0.0359,,,,0.12220,-2.80318,4.590,1.589,0.697,1.428,,
55.865,0.0972,0.8758,0.1096,0.8929,0.02,17.96,0.252,,1,1,2.051,0.0359,,,,0.13763,-2.81518,4.590,1.589,0.697,1.428,,
55.896,0.0987,0.8843,0.1065,0.9238,0.14,18.09,0.253,,1,1,2.051,0.0359,,,,0.14059,-2.80577,4.590,1.589,0.697,1.428,,
55.928,0.0930,0.8895,0.0652,0.9132,0.19,17.78,0.255,,1,1,2.051,0.0359,,,,0.13195,-2.81797,4.590,1.589,0.697,1.428,,
55.960,0.0857,0.8972,0.0504,0.9321,0.37,17.48,0.250,,1,1,2.051,0.0359,,,,0.13467,-2.82853,4.590,1.589,0.697,1.428,,
55.999,0.0780,0.8873,0.0472,0.8490,0.52,17.38,0.258,,1,1,2.051,0.0359,,,,0.13521,-2.83721,4.590,1.589,0.697,1.428,,
56.034,0.0678,0.8833,0.0231,0.8658,0.58,17.23,0.256,,1,1,2.051,0.0359,,,,0.13663,-2.84344,4.590,1.589,0.697,1.428,,
56.079,0.0576,0.8810,0.0226,0.8732,0.53,17.64,0.255,,1,1,2.051,0.0359,,,,0.14134,-2.83918,4.590,1.589,0.697,1.428,,
56.104,0.0589,0.8781,0.0665,0.8605,0.58,17.65,0.258,,1,1,2.051,0.0359,,,,0.16233,-2.82554,4.590,1.589,0.697,1.428,,
56.130,0.0605,0.8744,0.0699,0.8513,0.58,17.71,0.258,,1,1,2.051,0.0359,,,,0.17515,-2.82905,4.590,1.589,0.697,1.428,,
56.174,0.0999,0.9009,0.2391,0.9931,0.45,17.60,0.247,,1,1,2.051,0.0359,,,,0.26806,-2.79617,4.590,1.589,0.697,1.428,,
56.200,0.1278,0.9043,0.2853,0.9247,0.31,17.38,0.258,,1,1,2.051,0.0359,,,,0.26429,-2.77664,4.590,1.589,0.697,1.428,,
56.242,0.1752,0.9103,0.3379,0.9320,0.29,17.58,0.262,,1,1,2.051,0.0359,,,,0.27531,-2.76997,4.590,1.589,0.697,1.428,,
56.269,0.1983,0.9092,0.3181,0.9029,0.30,17.67,0.266,,1,1,2.051,0.0359,,,,0.27245,-2.77263,4.590,1.589,0.697,1.428,,
56.297,0.2184,0.9131,0.3209,0.9350,0.32,17.97,0.266,,1,1,2.051,0.0359,,,,0.27238,-2.77823,4.590,1.589,0.697,1.428,,
56.328,0.2377,0.9162,0.3218,0.9314,0.30,18.17,0.271,,1,1,2.051,0.0359,,,,0.26046,-2.77861,4.590,1.589,0.697,1.428,,
56.367,0.2566,0.9117,0.3243,0.8938,0.35,18.69,0.274,,1,1,2.051,0.0359,,,,0.26598,-2.77572,4.590,1.589,0.697,1.428,,
56.394,0.2667,0.9057,0.3198,0.8695,0.39,18.84,0.276,,1,1,2.051,0.0359,,,,0.27171,-2.79092,4.590,1.589,0.697,1.428,,
56.430,0.2805,0.8940,0.3345,0.8432,0.34,18.91,0.281,,1,1,2.051,0.0359,,,,0.27353,-2.79740,4.590,1.589,0.697,1.428,,
56.456,0.2907,0.8805,0.3458,0.8003,0.41,18.92,0.285,,1,1,2.051,0.0359,,,,0.27383,-2.79812,4.590,1.589,0.697,1.428,,
56.495,0.3087,0.8564,0.3736,0.7646,0.36,18.99,0.290,,1,1,2.051,0.0359,,,,0.27695,-2.79745,4.590,1.589,0.697,1.428,,
56.521,0.3188,0.8407,0.3753,0.7481,0.35,19.05,0.293,,1,1,2.051,0.0359,,,,0.27649,-2.79695,4.590,1.589,0.697,1.428,,
56.560,0.3367,0.8203,0.4020,0.7438,0.46,19.06,0.295,,1,1,2.051,0.0359,,,,0.27759,-2.78082,4.590,1.589,0.697,1.428,,
56.584,0.3457,0.8096,0.3973,0.7475,0.41,19.15,0.294,,1,1,2.051,0.0359,,,,0.27904,-2.77824,4.590,1.589,0.697,1.428,,
56.624,0.3594,0.7932,0.4086,0.7332,0.40,19.19,0.295,,1,1,2.051,0.0359,,,,0.29053,-2.78579,4.590,1.589,0.697,1.428,,
56.664,0.3784,0.7834,0.4464,0.7473,0.37,19.34,0.295,,1,1,2.051,0.0359,,,,0.30948,-2.78684,4.590,1.589,0.697,1.428,,
56.706,0.3974,0.7729,0.4620,0.7365,0.30,19.67,0.295,,1,1,2.051,0.0359,,,,0.31129,-2.78829,4.590,1.589,0.697,1.428,,
56.728,0.4062,0.7678,0.4639,0.7333,0.29,19.66,0.295,,1,1,2.051,0.0359,,,,0.30611,-2.78843,4.590,1.589,0.697,1.428,,
56.761,0.4156,0.7647,0.4571,0.7503,0.37,19.38,0.292,,1,1,2.051,0.0359,,,,0.30016,-2.78948,4.590,1.589,0.697,1.428,,
56.800,0.4282,0.7565,0.4745,0.7254,0.38,19.36,0.294,,1,1,2.051,0.0359,,,,0.30071,-2.79390,4.590,1.589,0.697,1.428,,
56.824,0.4361,0.7561,0.4824,0.7537,0.39,19.45,0.297,,1,1,2.051,0.0359,,,,0.30071,-2.79679,4.590,1.589,0.697,1.428,,
56.856,0.4426,0.7510,0.4730,0.7268,0.46,19.40,0.302,,1,1,2.051,0.0359,,,,0.30343,-2.79815,4.590,1.589,0.697,1.428,,
56.888,0.4551,0.7266,0.5107,0.6159,0.28,20.09,0.308,,1,1,2.051,0.0359,,,,0.32162,-2.84180,4.590,1.589,0.697,1.428,,
56.927,0.4661,0.6192,0.5080,0.2463,0.01,20.55,0.352,,1,1,2.051,0.0359,,,,0.33238,-2.87904,4.590,1.589,0.697,1.428,,
56.963,0.4715,0.4893,0.4935,0.0487,-0.27,21.04,0.392,,1,1,2.051,0.0359,,,,0.33950,-2.90061,4.590,1.589,0.697,1.428,,
56.996,0.4736,0.3693,0.4831,-0.0876,-0.50,21.48,0.413,,1,1,2.051,0.0359,,,,0.34404,-2.91255,4.590,1.589,0.697,1.428,,
57.026,0.4760,0.2841,0.4880,-0.0304,-0.61,21.44,0.419,,1,1,2.051,0.0359,,,,0.34129,-2.91852,4.590,1.589,0.697,1.428,,
57.059,0.4779,0.2133,0.4875,-0.1080,-0.58,21.54,0.422,,1,1,2.051,0.0359,,,,0.34191,-2.92892,4.590,1.589,0.697,1.428,,
57.086,0.4798,0.1553,0.4889,-0.1087,-0.55,21.37,0.425,,1,1,2.051,0.0359,,,,0.34016,-2.93062,4.590,1.589,0.697,1.428,,
57.112,0.4824,0.1164,0.4981,-0.1230,-0.55,21.50,0.425,,1,1,2.051,0.0359,,,,0.33659,-2.93093,4.590,1.589,0.697,1.428,,
57.144,0.4851,0.0795,0.4976,-0.0581,-0.54,21.19,0.425,,1,1,2.051,0.0359,,,,0.32868,-2.91797,4.590,1.589,0.697,1.428,,
57.187,0.4887,0.0449,0.5018,-0.0516,-0.53,21.29,0.422,,1,1,2.051,0.0359,,,,0.32936,-2.91708,4.590,1.589,0.697,1.428,,
57.224,0.4917,0.0290,0.5038,-0.0234,-0.63,21.57,0.421,,1,1,2.051,0.0359,,,,0.32715,-2.91744,4.590,1.589,0.697,1.428,,
57.267,0.4931,0.0170,0.4983,-0.0180,-0.65,21.73,0.419,,1,1,2.051,0.0359,,,,0.32582,-2.91398,4.590,1.589,0.697,1.428,,
57.294,0.4943,0.0113,0.5011,-0.0166,-0.68,21.57,0.418,,1,1,2.051,0.0359,,,,0.32474,-2.91137,4.590,1.589,0.697,1.428,,
57.320,0.4961,0.0086,0.5071,-0.0049,-0.67,21.48,0.418,,1,1,2.051,0.0359,,,,0.32693,-2.91098,4.590,1.589,0.697,1.428,,
57.356,0.5206,0.0077,0.6245,0.0040,-0.65,21.86,0.419,,1,1,2.051,0.0359,,,,0.38586,-2.91544,4.590,1.589,0.697,1.428,,
57.396,0.5505,0.0049,0.6665,-0.0053,-0.61,21.95,0.419,,1,1,2.051,0.0359,,,,0.40733,-2.91664,4.590,1.589,0.697,1.428,,
57.416,0.5743,0.0041,0.7230,-0.0008,-0.58,21.90,0.419,,1,1,2.051,0.0359,,,,0.43345,-2.91846,4.590,1.589,0.697,1.428,,
57.456,0.6142,0.0075,0.7551,0.0197,-0.56,21.88,0.420,,1,1,2.051,0.0359,,,,0.45218,-2.91874,4.590,1.589,0.697,1.428,,
57.487,0.6424,0.0111,0.7690,0.0288,-0.64,22.04,0.420,,1,1,2.051,0.0359,,,,0.45666,-2.91555,4.590,1.589,0.697,1.428,,
57.518,0.6689,0.0145,0.7821,0.0308,-0.69,22.20,0.421,,1,1,2.051,0.0359,,,,0.47176,-2.92736,4.590,1.589,0.697,1.428,,
57.554,0.6935,0.0232,0.7873,0.0605,-0.55,21.74,0.420,,1,1,2.051,0.0359,,,,0.47327,-2.91977,4.590,1.589,0.697,1.428,,
57.578,0.7068,0.0288,0.7833,0.0664,-0.54,21.75,0.422,,1,1,2.051,0.0359,,,,0.48026,-2.91274,4.590,1.589,0.697,1.428,,
57.611,0.7214,0.0318,0.7811,0.0459,-0.53,21.94,0.423,,1,1,2.051,0.0359,,,,0.48770,-2.91666,4.590,1.589,0.697,1.428,,
57.652,0.7375,0.0305,0.7930,0.0254,-0.58,22.24,0.423,,1,1,2.051,0.0359,,,,0.49567,-2.92049,4.590,1.589,0.697,1.428,,
57.679,0.7460,0.0282,0.7885,0.0151,-0.56,22.26,0.423,,1,1,2.051,0.0359,,,,0.49968,-2.92219,4.590,1.589,0.697,1.428,,
57.704,0.7512,0.0215,0.7809,-0.0209,-0.55,22.52,0.424,,1,1,2.051,0.0359,,,,0.50150,-2.92598,4.590,1.589,0.697,1.428,,
57.742,0.7570,0.0134,0.7786,-0.0194,-0.63,22.92,0.425,,1,1,2.051,0.0359,,,,0.50655,-2.92690,4.590,1.589,0.697,1.428,,
57.816,0.7647,0.0000,0.7804,-0.0388,-0.63,22.67,0.425,,1,1,2.051,0.0359,,,,0.52198,-2.93077,4.590,1.589,0.697,1.428,,
57.853,0.7683,0.0000,0.7826,-0.0427,-0.63,22.64,0.425,,1,1,2.051,0.0359,,,,0.52435,-2.93207,4.590,1.589,0.697,1.428,,
57.869,0.7699,0.0000,0.7845,-0.0278,-0.57,22.53,0.427,,1,1,2.051,0.0359,,,,0.52574,-2.92349,4.590,1.589,0.697,1.428,,
57.900,0.7726,0.0000,0.7856,-0.0299,-0.53,22.36,0.426,,1,1,2.051,0.0359,,,,0.52677,-2.92201,4.590,1.589,0.697,1.428,,
57.933,0.7751,0.0000,0.7870,-0.0223,-0.53,22.05,0.426,,1,1,2.051,0.0359,,,,0.53154,-2.91730,4.590,1.589,0.697,1.428,,
57.959,0.7771,0.0000,0.7883,-0.0318,-0.56,22.02,0.427,,1,1,2.051,0.0359,,,,0.53098,-2.91626,4.590,1.589,0.697,1.428,,
57.983,0.7758,0.0000,0.7677,-0.0158,-0.48,21.80,0.426,,1,1,2.051,0.0359,,,,0.53246,-2.91436,4.590,1.589,0.697,1.428,,
58.008,0.7729,0.0062,0.7551,0.1592,-0.45,21.57,0.418,,1,1,2.051,0.0359,,,,0.53929,-2.88777,4.590,1.589,0.697,1.428,,
58.046,0.7655,0.0848,0.7347,0.3807,-0.27,21.33,0.389,,1,1,2.051,0.0359,,,,0.51254,-2.86200,4.590,1.589,0.697,1.428,,
58.075,0.7583,0.1630,0.7194,0.5152,-0.22,21.19,0.364,,1,1,2.051,0.0359,,,,0.49452,-2.86022,4.590,1.589,0.697,1.428,,
58.104,0.7503,0.2397,0.7069,0.5649,-0.16,21.05,0.357,,1,1,2.051,0.0359,,,,0.49374,-2.85104,4.590,1.589,0.697,1.428,,
58.137,0.7323,0.3115,0.6493,0.5724,-0.01,20.52,0.357,,1,1,2.051,0.0359,,,,0.49019,-2.83433,4.590,1.589,0.697,1.428,,
58.201,0.7026,0.4157,0.6315,0.6171,0.06,20.22,0.353,,1,1,2.051,0.0359,,,,0.48930,-2.81703,4.590,1.589,0.697,1.428,,
58.237,0.6885,0.4599,0.6303,0.6096,0.07,20.01,0.350,,1,1,2.051,0.0359,,,,0.48916,-2.81502,4.590,1.589,0.697,1.428,,
58.270,0.6773,0.4931,0.6265,0.6174,0.13,19.80,0.347,,1,1,2.051,0.0359,,,,0.48840,-2.81786,4.590,1.589,0.697,1.428,,
58.295,0.6702,0.5161,0.6280,0.6300,0.16,19.86,0.347,,1,1,2.051,0.0359,,,,0.48571,-2.81012,4.590,1.589,0.697,1.428,,
58.352,0.6622,0.5597,0.6408,0.6584,0.06,19.88,0.342,,1,1,2.051,0.0359,,,,0.48648,-2.80603,4.590,1.589,0.697,1.428,,
58.388,0.6564,0.5832,0.6325,0.6682,0.13,19.77,0.340,,1,1,2.051,0.0359,,,,0.48564,-2.79877,4.590,1.589,0.697,1.428,,
58.414,0.6534,0.5996,0.6360,0.6806,0.15,19.83,0.337,,1,1,2.051,0.0359,,,,0.48491,-2.79776,4.590,1.589,0.697,1.428,,
58.434,0.6511,0.6108,0.6336,0.6852,0.15,19.86,0.335,,1,1,2.051,0.0359,,,,0.48619,-2.80076,4.590,1.589,0.697,1.428,,
58.462,0.6420,0.6174,0.5923,0.6493,0.14,19.73,0.330,,1,1,2.051,0.0359,,,,0.46774,-2.82454,4.590,1.589,0.697,1.428,,
58.490,0.6288,0.6209,0.5594,0.6374,0.19,19.64,0.330,,1,1,2.051,0.0359,,,,0.44753,-2.80854,4.590,1.589,0.697,1.428,,
58.515,0.6151,0.6263,0.5371,0.6554,0.18,19.49,0.321,,1,1,2.051,0.0359,,,,0.43029,-2.80492,4.590,1.589,0.697,1.428,,
58.568,0.5865,0.6455,0.5070,0.6966,0.32,18.94,0.311,,1,1,2.051,0.0359,,,,0.41287,-2.79829,4.590,1.589,0.697,1.428,,
58.604,0.5653,0.6585,0.4802,0.7096,0.29,18.91,0.311,,1,1,2.051,0.0359,,,,0.39532,-2.80766,4.590,1.589,0.697,1.428,,
58.632,0.5486,0.6658,0.4637,0.7028,0.33,18.66,0.310,,1,1,2.051,0.0359,,,,0.38281,-2.80707,4.590,1.589,0.697,1.428,,
58.671,0.5169,0.6687,0.4016,0.6794,0.38,18.31,0.308,,1,1,2.051,0.0359,,,,0.35582,-2.80860,4.590,1.589,0.697,1.428,,
58.707,0.4740,0.6597,0.3118,0.6227,0.36,18.29,0.301,,1,1,2.051,0.0359,,,,0.33114,-2.81997,4.590,1.589,0.697,1.428,,
58.738,0.4316,0.6556,0.2470,0.6355,0.33,18.32,0.296,,1,1,2.051,0.0359,,,,0.32372,-2.83614,4.590,1.589,0.697,1.428,,
58.761,0.4024,0.6563,0.2358,0.6609,0.40,18.18,0.292,,1,1,2.051,0.0359,,,,0.30533,-2.81959,4.590,1.589,0.697,1.428,,
58.799,0.3567,0.6495,0.2017,0.6218,0.33,18.18,0.280,,1,1,2.051,0.0359,,,,0.29494,-2.84538,4.590,1.589,0.697,1.428,,
58.826,0.3322,0.6493,0.2159,0.6483,0.35,18.22,0.279,,1,1,2.051,0.0359,,,,0.29123,-2.83978,4.590,1.589,0.697,1.428,,
58.867,0.3006,0.6561,0.2000,0.6818,0.30,17.99,0.269,,1,1,2.051,0.0359,,,,0.28036,-2.85528,4.590,1.589,0.697,1.428,,
58.899,0.2747,0.6598,0.1683,0.6780,0.37,17.58,0.267,,1,1,2.051,0.0359,,,,0.26599,-2.85651,4.590,1.589,0.697,1.428,,
58.936,0.2519,0.6753,0.1701,0.7390,0.42,17.60,0.261,,1,1,2.051,0.0359,,,,0.25749,-2.84185,4.590,1.589,0.697,1.428,,
58.974,0.2322,0.6932,0.1640,0.7629,0.40,17.78,0.263,,1,1,2.051,0.0359,,,,0.25531,-2.83869,4.590,1.589,0.697,1.428,,
59.001,0.2243,0.7108,0.1832,0.8099,0.32,17.45,0.262,,1,1,2.051,0.0359,,,,0.25760,-2.82408,4.590,1.589,0.697,1.428,,
59.032,0.2145,0.7342,0.1721,0.8405,0.32,17.39,0.259,,1,1,2.051,0.0359,,,,0.25977,-2.82563,4.590,1.589,0.697,1.428,,
59.075,0.1996,0.7512,0.1347,0.8280,0.33,17.18,0.258,,1,1,2.051,0.0359,,,,0.26099,-2.83966,4.590,1.589,0.697,1.428,,
59.096,0.1845,0.7703,0.1189,0.8556,0.38,17.03,0.253,,1,1,2.051,0.0359,,,,0.25596,-2.83821,4.590,1.589,0.697,1.428,,
59.128,0.1720,0.7874,0.1180,0.8626,0.42,17.08,0.252,,1,1,2.051,0.0359,,,,0.25437,-2.83704,4.590,1.589,0.697,1.428,,
59.166,0.1635,0.8068,0.1316,0.8802,0.38,16.91,0.247,,1,1,2.051,0.0359,,,,0.25164,-2.84150,4.590,1.589,0.697,1.428,,
59.198,0.1646,0.8177,0.1695,0.8653,0.36,17.24,0.251,,1,1,2.051,0.0359,,,,0.24434,-2.84107,4.590,1.589,0.697,1.428,,
59.231,0.1643,0.8272,0.1625,0.8695,0.47,17.17,0.251,,1,1,2.051,0.0359,,,,0.24579,-2.83589,4.590,1.589,0.697,1.428,,
59.266,0.1689,0.8353,0.1886,0.8684,0.46,17.69,0.253,,1,1,2.051,0.0359,,,,0.25719,-2.83754,4.590,1.589,0.697,1.428,,
59.287,0.1793,0.8459,0.2565,0.9188,0.43,18.03,0.255,,1,1,2.051,0.0359,,,,0.26879,-2.81452,4.590,1.589,0.697,1.428,,
59.320,0.2065,0.8643,0.3353,0.9434,0.49,18.51,0.256,,1,1,2.051,0.0359,,,,0.31545,-2.79545,4.590,1.589,0.697,1.428,,
59.360,0.2398,0.8719,0.3645,0.8988,0.53,18.55,0.264,,1,1,2.051,0.0359,,,,0.32772,-2.78915,4.590,1.589,0.697,1.428,,
59.395,0.2655,0.8736,0.3808,0.8811,0.53,18.54,0.264,,1,1,2.051,0.0359,,,,0.34183,-2.80521,4.590,1.589,0.697,1.428,,
59.416,0.2811,0.8764,0.3794,0.8948,0.51,18.60,0.265,,1,1,2.051,0.0359,,,,0.33870,-2.80341,4.590,1.589,0.697,1.428,,
59.448,0.3012,0.8753,0.3923,0.8697,0.57,18.68,0.269,,1,1,2.051,0.0359,,,,0.34821,-2.80692,4.590,1.589,0.697,1.428,,
59.504,0.3274,0.8750,0.3948,0.8743,0.56,18.90,0.270,,1,1,2.051,0.0359,,,,0.35217,-2.80586,4.590,1.589,0.697,1.428,,
59.529,0.3376,0.8753,0.3958,0.8774,0.50,18.89,0.273,,1,1,2.051,0.0359,,,,0.34857,-2.80129,4.590,1.589,0.697,1.428,,
59.560,0.3491,0.8716,0.4012,0.8537,0.47,19.31,0.273,,1,1,2.051,0.0359,,,,0.34690,-2.79822,4.590,1.589,0.697,1.428,,
59.601,0.3573,0.8682,0.3868,0.8548,0.37,19.24,0.273,,1,1,2.051,0.0359,,,,0.33956,-2.79514,4.590,1.589,0.697,1.428,,
59.626,0.3606,0.8621,0.3796,0.8236,0.47,18.88,0.275,,1,1,2.051,0.0359,,,,0.32955,-2.80518,4.590,1.589,0.697,1.428,,
59.660,0.3619,0.8579,0.3678,0.8383,0.44,18.89,0.273,,1,1,2.051,0.0359,,,,0.32134,-2.80115,4.590,1.589,0.697,1.428,,
59.695,0.3540,0.8434,0.3194,0.7784,0.44,19.12,0.274,,1,1,2.051,0.0359,,,,0.31099,-2.80900,4.590,1.589,0.697,1.428,,
59.720,0.3495,0.8339,0.3222,0.7756,0.49,19.06,0.274,,1,1,2.051,0.0359,,,,0.30931,-2.80704,4.590,1.589,0.697,1.428,,
59.760,0.3452,0.8228,0.3283,0.7808,0.54,18.88,0.274,,1,1,2.051,0.0359,,,,0.30870,-2.80626,4.590,1.589,0.697,1.428,,
59.785,0.3439,0.8192,0.3356,0.7967,0.48,18.46,0.274,,1,1,2.051,0.0359,,,,0.30189,-2.80218,4.590,1.589,0.697,1.428,,
59.815,0.3431,0.8158,0.3391,0.7982,0.47,18.69,0.274,,1,1,2.051,0.0359,,,,0.30322,-2.80427,4.590,1.589,0.697,1.428,,
59.848,0.3484,0.8169,0.3732,0.8224,0.47,18.85,0.276,,1,1,2.051,0.0359,,,,0.29895,-2.79115,4.590,1.589,0.697,1.428,,
59.889,0.3542,0.8191,0.3763,0.8273,0.47,18.88,0.276,,1,1,2.051,0.0359,,,,0.29680,-2.79441,4.590,1.589,0.697,1.428,,
59.918,0.3561,0.8219,0.3662,0.8368,0.47,18.80,0.276,,1,1,2.051,0.0359,,,,0.29591,-2.79551,4.590,1.589,0.697,1.428,,
59.945,0.3577,0.8245,0.3672,0.8398,0.47,18.70,0.276,,1,1,2.051,0.0359,,,,0.29547,-2.79721,4.590,1.589,0.697,1.428,,
59.977,0.3578,0.8276,0.3581,0.8431,0.54,18.43,0.276,,1,1,2.051,0.0359,,,,0.29289,-2.79603,4.590,1.589,0.697,1.428,,
60.014,0.3519,0.8199,0.3267,0.7872,0.53,18.43,0.273,,1,1,2.051,0.0359,,,,0.29582,-2.81821,4.590,1.589,0.697,1.428,,
60.061,0.3431,0.8135,0.3133,0.7921,0.47,18.21,0.274,,1,1,2.051,0.0359,,,,0.27854,-2.81676,4.590,1.589,0.697,1.428,,
60.093,0.3430,0.8203,0.3428,0.8539,0.46,18.21,0.275,,1,1,2.051,0.0359,,,,0.26739,-2.79488,4.590,1.589,0.697,1.428,,
60.126,0.3442,0.8241,0.3497,0.8422,0.45,18.40,0.276,,1,1,2.051,0.0359,,,,0.26899,-2.79442,4.590,1.589,0.697,1.428,,
60.161,0.3444,0.8252,0.3457,0.8301,0.42,18.39,0.278,,1,1,2.051,0.0359,,,,0.27169,-2.78915,4.590,1.589,0.697,1.428,,
60.192,0.3385,0.8236,0.3085,0.8158,0.43,18.53,0.277,,1,1,2.051,0.0359,,,,0.26313,-2.78801,4.590,1.589,0.697,1.428,,
60.227,0.3291,0.8203,0.2868,0.8051,0.37,18.61,0.277,,1,1,2.051,0.0359,,,,0.24985,-2.79507,4.590,1.589,0.697,1.428,,
60.258,0.3220,0.8197,0.2864,0.8166,0.41,18.57,0.277,,1,1,2.051,0.0359,,,,0.24956,-2.79541,4.590,1.589,0.697,1.428,,
60.281,0.3182,0.8151,0.2923,0.7827,0.43,18.86,0.278,,1,1,2.051,0.0359,,,,0.24429,-2.80066,4.590,1.589,0.697,1.428,,
60.318,0.3142,0.8096,0.2980,0.7870,0.39,19.00,0.279,,1,1,2.051,0.0359,,,,0.24269,-2.79941,4.590,1.589,0.697,1.428,,
60.344,0.3115,0.8051,0.2953,0.7783,0.37,18.89,0.279,,1,1,2.051,0.0359,,,,0.23786,-2.79670,4.590,1.589,0.697,1.428,,
60.376,0.3109,0.7991,0.3082,0.7704,0.41,19.04,0.284,,1,1,2.051,0.0359,,,,0.23453,-2.79112,4.590,1.589,0.697,1.428,,
60.415,0.3110,0.7937,0.3114,0.7718,0.42,19.00,0.286,,1,1,2.051,0.0359,,,,0.22929,-2.79100,4.590,1.589,0.697,1.428,,
60.440,0.3101,0.7894,0.3048,0.7636,0.41,19.09,0.286,,1,1,2.051,0.0359,,,,0.23120,-2.79252,4.590,1.589,0.697,1.428,,
60.479,0.3103,0.7736,0.3107,0.7113,0.40,18.95,0.274,,1,1,2.051,0.0359,,,,0.24935,-2.82329,4.590,1.589,0.697,1.428,,
60.504,0.3063,0.8131,0.2825,1.3614,0.30,17.80,0.179,,1,1,2.051,0.0359,,,,0.24798,-2.85356,4.590,1.589,0.697,1.428,,
60.536,0.2835,0.8556,0.1753,1.0725,0.18,18.19,0.198,,1,1,2.051,0.0359,,,,0.22502,-2.90622,4.590,1.589,0.697,1.428,,
60.600,0.2336,0.6635,0.1173,0.2171,-0.31,19.49,0.351,,1,1,2.051,0.0359,,,,0.14600,-2.91611,4.590,1.589,0.697,1.428,,
60.655,0.1962,0.4806,0.0977,0.0446,-0.62,20.06,0.401,,1,1,2.051,0.0359,,,,0.13904,-2.92015,4.590,1.589,0.697,1.428,,
60.674,0.1847,0.4113,0.0936,-0.0447,-0.77,20.21,0.417,,1,1,2.051,0.0359,,,,0.13474,-2.92713,4.590,1.589,0.697,1.428,,
60.698,0.1703,0.3286,0.0871,-0.0703,-0.76,20.12,0.420,,1,1,2.051,0.0359,,,,0.12109,-2.91371,4.590,1.589,0.697,1.428,,
60.735,0.1495,0.2380,0.0652,-0.1254,-0.81,20.12,0.425,,1,1,2.051,0.0359,,,,0.10814,-2.92053,4.590,1.589,0.697,1.428,,
60.761,0.1370,0.1790,0.0746,-0.1023,-0.91,20.35,0.425,,1,1,2.051,0.0359,,,,0.10700,-2.91342,4.590,1.589,0.697,1.428,,
60.791,0.1248,0.1303,0.0673,-0.1083,-0.93,20.29,0.423,,1,1,2.051,0.0359,,,,0.08938,-2.91041,4.590,1.589,0.697,1.428,,
60.808,0.1181,0.1062,0.0626,-0.0946,-0.88,20.03,0.422,,1,1,2.051,0.0359,,,,0.08210,-2.90213,4.590,1.589,0.697,1.428,,
60.840,0.1035,0.0719,0.0383,-0.1348,-0.88,19.87,0.424,,1,1,2.051,0.0359,,,,0.07423,-2.90417,4.590,1.589,0.697,1.428,,
60.872,0.0889,0.0454,0.0250,-0.1101,-0.85,19.81,0.422,,1,1,2.051,0.0359,,,,0.06520,-2.89809,4.590,1.589,0.697,1.428,,
60.907,0.0763,0.0241,0.0244,-0.1170,-0.88,19.95,0.421,,1,1,2.051,0.0359,,,,0.05668,-2.89416,4.590,1.589,0.697,1.428,,
60.941,0.0670,0.0080,0.0279,-0.1066,-0.87,19.87,0.424,,1,1,2.051,0.0359,,,,0.05331,-2.89440,4.590,1.589,0.697,1.428,,
61.001,0.0545,0.0000,0.0242,-0.0796,-0.93,19.49,0.423,,1,1,2.051,0.0359,,,,0.04443,-2.88550,4.590,1.589,0.697,1.428,,
61.041,0.0485,0.0000,0.0267,-0.0879,-0.97,19.60,0.423,,1,1,2.051,0.0359,,,,0.04012,-2.88674,4.590,1.589,0.697,1.428,,
61.074,0.0436,0.0000,0.0215,-0.0922,-0.98,19.60,0.423,,1,1,2.051,0.0359,,,,0.03866,-2.89105,4.590,1.589,0.697,1.428,,
61.107,0.0376,0.0000,-0.0023,-0.0992,-0.92,19.63,0.422,,1,1,2.051,0.0359,,,,0.03175,-2.89863,4.590,1.589,0.697,1.428,,
61.127,0.0309,0.0000,-0.0012,-0.1078,-0.95,19.88,0.422,,1,1,2.051,0.0359,,,,0.02609,-2.90031,4.590,1.589,0.697,1.428,,
61.170,0.0252,0.0000,0.0053,-0.0800,-0.95,19.97,0.417,,1,1,2.051,0.0359,,,,0.02154,-2.90317,4.590,1.589,0.697,1.428,,
61.217,0.0294,0.0000,0.0425,0.1159,-0.70,19.74,0.377,,1,1,2.051,0.0359,,,,0.00926,-2.90815,4.590,1.589,0.697,1.428,,
61.241,0.0331,0.1657,0.0572,1.0536,-0.08,18.11,0.235,,1,1,2.051,0.0359,,,,0.03778,-2.86358,4.590,1.589,0.697,1.428,,
61.274,0.0379,0.3647,0.0610,1.3512,0.10,17.37,0.195,,1,1,2.051,0.0359,,,,0.03157,-2.84475,4.590,1.589,0.697,1.428,,
61.301,0.0410,0.5110,0.0584,1.2618,0.17,17.22,0.203,,1,1,2.051,0.0359,,,,0.03487,-2.83882,4.590,1.589,0.697,1.428,,
61.327,0.0402,0.6225,0.0358,1.0582,0.30,17.10,0.230,,1,1,2.051,0.0359,,,,0.03511,-2.83760,4.590,1.589,0.697,1.428,,
61.376,0.0482,0.7010,0.0738,0.8659,0.31,17.50,0.262,,1,1,2.051,0.0359,,,,0.03036,-2.83327,4.590,1.589,0.697,1.428,,
61.408,0.0532,0.7351,0.0786,0.8514,0.34,17.92,0.272,,1,1,2.051,0.0359,,,,0.02758,-2.83062,4.590,1.589,0.697,1.428,,
61.437,0.0619,0.7570,0.1088,0.8404,0.28,18.36,0.280,,1,1,2.051,0.0359,,,,0.02238,-2.82374,4.590,1.589,0.697,1.428,,
61.470,0.0680,0.7704,0.0959,0.8166,0.27,18.58,0.288,,1,1,2.051,0.0359,,,,0.02199,-2.82352,4.590,1.589,0.697,1.428,,
61.502,0.0714,0.7853,0.0877,0.8406,0.25,18.65,0.291,,1,1,2.051,0.0359,,,,0.02281,-2.81748,4.590,1.589,0.697,1.428,,
61.535,0.0767,0.7967,0.1022,0.8405,0.20,18.74,0.294,,1,1,2.051,0.0359,,,,0.02019,-2.81847,4.590,1.589,0.697,1.428,,
61.565,0.0818,0.7984,0.1073,0.8056,0.22,18.62,0.299,,1,1,2.051,0.0359,,,,0.01943,-2.81872,4.590,1.589,0.697,1.428,,
61.602,0.0843,0.7969,0.0948,0.7912,0.27,18.51,0.304,,1,1,2.051,0.0359,,,,0.01306,-2.81207,4.590,1.589,0.697,1.428,,
61.634,0.0870,0.7898,0.0998,0.7601,0.31,18.54,0.304,,1,1,2.051,0.0359,,,,0.01697,-2.81453,4.590,1.589,0.697,1.428,,
61.664,0.0899,0.7788,0.1052,0.7250,0.34,18.95,0.307,,1,1,2.051,0.0359,,,,0.01905,-2.81617,4.590,1.589,0.697,1.428,,
61.700,0.0931,0.7694,0.1068,0.7310,0.31,18.89,0.307,,1,1,2.051,0.0359,,,,0.02002,-2.81670,4.590,1.589,0.697,1.428,,
61.720,0.0908,0.7660,0.0735,0.7417,0.36,19.27,0.303,,1,1,2.051,0.0359,,,,0.02031,-2.82350,4.590,1.589,0.697,1.428,,
61.768,0.0891,0.7630,0.0835,0.7533,0.33,19.26,0.304,,1,1,2.051,0.0359,,,,0.01832,-2.81496,4.590,1.589,0.697,1.428,,
61.812,0.0869,0.7624,0.0786,0.7603,0.33,19.80,0.303,,1,1,2.051,0.0359,,,,0.02193,-2.81019,4.590,1.589,0.697,1.428,,
61.832,0.0868,0.7620,0.0863,0.7591,0.32,19.75,0.302,,1,1,2.051,0.0359,,,,0.03445,-2.82645,4.590,1.589,0.697,1.428,,
61.864,0.0894,0.7625,0.1021,0.7645,0.33,19.70,0.303,,1,1,2.051,0.0359,,,,0.04514,-2.81706,4.590,1.589,0.697,1.428,,
61.903,0.0833,0.7637,0.0584,0.7685,0.37,19.40,0.298,,1,1,2.051,0.0359,,,,0.05016,-2.81929,4.590,1.589,0.697,1.428,,
61.937,0.0758,0.7671,0.0412,0.7826,0.36,19.52,0.292,,1,1,2.051,0.0359,,,,0.05741,-2.82277,4.590,1.589,0.697,1.428,,
61.971,0.0682,0.7738,0.0304,0.8070,0.40,19.02,0.286,,1,1,2.051,0.0359,,,,0.07516,-2.83316,4.590,1.589,0.697,1.428,,
62.001,0.0644,0.7736,0.0461,0.7724,0.41,19.48,0.285,,1,1,2.051,0.0359,,,,0.10089,-2.84992,4.590,1.589,0.697,1.428,,
62.034,0.0667,0.7864,0.0776,0.8457,0.41,19.35,0.280,,1,1,2.051,0.0359,,,,0.12451,-2.83072,4.590,1.589,0.697,1.428,,
62.065,0.0711,0.8019,0.0936,0.8776,0.49,18.63,0.274,,1,1,2.051,0.0359,,,,0.15313,-2.81503,4.590,1.589,0.697,1.428,,
62.093,0.0752,0.8288,0.0981,0.9662,0.57,17.62,0.257,,1,1,2.051,0.0359,,,,0.18169,-2.81502,4.590,1.589,0.697,1.428,,
62.129,0.0771,0.8734,0.0854,1.1813,0.45,17.58,0.222,,1,1,2.051,0.0359,,,,0.23376,-2.83164,4.590,1.589,0.697,1.428,,
62.152,0.0833,0.8991,0.1247,1.3497,0.48,16.64,0.190,,1,1,2.051,0.0359,,,,0.27271,-2.85219,4.590,1.589,0.697,1.428,,
62.184,0.1458,0.9281,0.4258,1.7120,0.52,15.88,0.124,,1,1,2.051,0.0359,,,,0.38643,-2.90541,4.590,1.589,0.697,1.428,,
62.216,0.2240,0.9514,0.5506,1.9433,0.50,15.62,0.097,,1,1,2.051,0.0359,,,,0.46572,-2.88944,4.590,1.589,0.697,1.428,,
62.254,0.3407,0.9729,0.7221,1.8396,0.54,15.97,0.111,,1,1,2.051,0.0359,,,,0.51484,-2.85815,4.590,1.589,0.697,1.428,,
62.279,0.4140,0.9849,0.7581,1.7229,0.67,18.37,0.148,,1,1,2.051,0.0359,,,,0.57203,-2.78423,4.590,1.589,0.697,1.428,,
62.334,0.5409,1.0000,0.8120,1.5407,0.68,19.33,0.186,,1,1,2.051,0.0359,,,,0.60951,-2.77568,4.590,1.589,0.697,1.428,,
62.366,0.6086,1.0000,0.8551,1.4197,0.65,19.58,0.212,,1,1,2.051,0.0359,,,,0.61916,-2.75108,4.590,1.589,0.697,1.428,,
62.403,0.6668,1.0000,0.8475,1.4157,0.68,19.49,0.236,,1,1,2.051,0.0359,,,,0.62258,-2.71929,4.590,1.589,0.697,1.428,,
62.425,0.6873,1.0000,0.7979,1.3017,0.67,19.93,0.262,,1,1,2.051,0.0359,,,,0.62170,-2.71703,4.590,1.589,0.697,1.428,,
62.466,0.7153,1.0000,0.7977,1.2125,0.59,19.65,0.271,,1,1,2.051,0.0359,,,,0.62773,-2.71796,4.590,1.589,0.697,1.428,,
62.488,0.7292,1.0000,0.8059,1.1421,0.53,20.32,0.276,,1,1,2.051,0.0359,,,,0.63588,-2.71801,4.590,1.589,0.697,1.428,,
62.527,0.7498,1.0000,0.8171,1.1344,0.57,20.28,0.279,,1,1,2.051,0.0359,,,,0.64705,-2.71068,4.590,1.589,0.697,1.428,,
62.551,0.7621,1.0000,0.8265,1.0854,0.51,20.36,0.282,,1,1,2.051,0.0359,,,,0.67435,-2.73685,4.590,1.589,0.697,1.428,,
62.591,0.7909,1.0000,0.8843,1.0544,0.46,20.48,0.285,,1,1,2.051,0.0359,,,,0.71545,-2.74895,4.590,1.589,0.697,1.428,,
62.624,0.8253,1.0000,0.9574,1.0631,0.44,20.11,0.291,,1,1,2.051,0.0359,,,,0.76709,-2.75222,4.590,1.589,0.697,1.428,,
62.647,0.8405,1.0000,0.9263,1.0241,0.39,20.26,0.296,,1,1,2.051,0.0359,,,,0.75854,-2.75757,4.590,1.589,0.697,1.428,,
62.680,0.8560,1.0000,0.9190,1.0099,0.39,20.30,0.298,,1,1,2.051,0.0359,,,,0.75532,-2.75591,4.590,1.589,0.697,1.428,,
62.712,0.8753,1.0000,0.9533,1.0178,0.33,20.15,0.299,,1,1,2.051,0.0359,,,,0.77137,-2.74526,4.590,1.589,0.697,1.428,,
62.746,0.8866,1.0000,0.9314,0.9891,0.33,20.42,0.299,,1,1,2.051,0.0359,,,,0.76579,-2.74944,4.590,1.589,0.697,1.428,,
62.775,0.8915,1.0000,0.9149,0.9639,0.31,20.12,0.305,,1,1,2.051,0.0359,,,,0.76870,-2.76041,4.590,1.589,0.697,1.428,,
62.815,0.9037,1.0000,0.9465,0.9677,0.36,20.02,0.306,,1,1,2.051,0.0359,,,,0.78937,-2.75700,4.590,1.589,0.697,1.428,,
62.841,0.9128,1.0000,0.9617,0.9772,0.19,20.21,0.309,,1,1,2.051,0.0359,,,,0.80562,-2.75415,4.590,1.589,0.697,1.428,,
62.872,0.9210,0.9890,0.9587,0.9279,0.16,20.31,0.313,,1,1,2.051,0.0359,,,,0.81976,-2.76164,4.590,1.589,0.697,1.428,,
62.926,0.9302,0.9210,0.9545,0.7396,0.32,20.20,0.327,,1,1,2.051,0.0359,,,,0.83124,-2.79781,4.590,1.589,0.697,1.428,,
62.963,0.9314,0.7975,0.9360,0.3403,0.07,20.70,0.368,,1,1,2.051,0.0359,,,,0.83181,-2.85486,4.590,1.589,0.697,1.428,,
62.984,0.9250,0.6635,0.8820,-0.0105,-0.30,21.54,0.411,,1,1,2.051,0.0359,,,,0.80642,-2.89836,4.590,1.589,0.697,1.428,,
63.017,0.9161,0.4889,0.8756,-0.0965,-0.37,21.36,0.425,,1,1,2.051,0.0359,,,,0.80722,-2.91144,4.590,1.589,0.697,1.428,,
63.055,0.9027,0.3428,0.8470,-0.1231,-0.40,21.26,0.429,,1,1,2.051,0.0359,,,,0.80031,-2.91350,4.590,1.589,0.697,1.428,,
63.090,0.8926,0.2429,0.8463,-0.1144,-0.49,21.29,0.433,,1,1,2.051,0.0359,,,,0.79337,-2.90886,4.590,1.589,0.697,1.428,,
63.112,0.8851,0.1899,0.8327,-0.0999,-0.58,21.06,0.440,,1,1,2.051,0.0359,,,,0.78332,-2.90288,4.590,1.589,0.697,1.428,,
63.144,0.8763,0.1331,0.8340,-0.1033,-0.64,21.06,0.440,,1,1,2.051,0.0359,,,,0.78677,-2.91108,4.590,1.589,0.697,1.428,,
63.175,0.8697,0.0916,0.8371,-0.0892,-0.67,20.88,0.439,,1,1,2.051,0.0359,,,,0.78695,-2.91603,4.590,1.589,0.697,1.428,,
63.215,0.8633,0.0545,0.8384,-0.1086,-0.67,20.88,0.438,,1,1,2.051,0.0359,,,,0.79062,-2.92250,4.590,1.589,0.697,1.428,,
63.248,0.8584,0.0309,0.8357,-0.1010,-0.70,20.84,0.436,,1,1,2.051,0.0359,,,,0.79256,-2.92416,4.590,1.589,0.697,1.428,,
63.283,0.8540,0.0131,0.8338,-0.1068,-0.71,21.01,0.437,,1,1,2.051,0.0359,,,,0.78833,-2.92409,4.590,1.589,0.697,1.428,,
63.304,0.8517,0.0031,0.8360,-0.1211,-0.69,21.07,0.437,,1,1,2.051,0.0359,,,,0.78883,-2.92583,4.590,1.589,0.697,1.428,,
63.340,0.8465,0.0000,0.8246,-0.0976,-0.69,21.08,0.437,,1,1,2.051,0.0359,,,,0.78257,-2.92367,4.590,1.589,0.697,1.428,,
63.402,0.8095,0.0000,0.7185,-0.0961,-0.58,20.86,0.433,,1,1,2.051,0.0359,,,,0.70800,-2.90252,4.590,1.589,0.697,1.428,,
63.433,0.7903,0.0000,0.6990,-0.0877,-0.60,20.92,0.432,,1,1,2.051,0.0359,,,,0.69522,-2.89818,4.590,1.589,0.697,1.428,,
63.480,0.7616,0.0000,0.6729,-0.0706,-0.67,20.99,0.431,,1,1,2.051,0.0359,,,,0.67815,-2.90101,4.590,1.589,0.697,1.428,,
63.512,0.7436,0.0000,0.6632,-0.0778,-0.65,20.90,0.433,,1,1,2.051,0.0359,,,,0.67365,-2.90153,4.590,1.589,0.697,1.428,,
63.540,0.7311,0.0000,0.6650,-0.0912,-0.66,20.82,0.435,,1,1,2.051,0.0359,,,,0.67085,-2.90409,4.590,1.589,0.697,1.428,,
63.580,0.7025,0.0000,0.6009,-0.1104,-0.61,20.76,0.434,,1,1,2.051,0.0359,,,,0.63137,-2.90615,4.590,1.589,0.697,1.428,,
63.595,0.6782,0.0000,0.4571,-0.0982,-0.62,20.40,0.431,,1,1,2.051,0.0359,,,,0.54778,-2.88812,4.590,1.589,0.697,1.428,,
63.629,0.6225,0.0000,0.4098,-0.1334,-0.65,20.68,0.429,,1,1,2.051,0.0359,,,,0.50881,-2.87769,4.590,1.589,0.697,1.428,,
63.646,0.5987,0.0000,0.4234,-0.0770,-0.68,20.34,0.432,,1,1,2.051,0.0359,,,,0.49328,-2.87864,4.590,1.589,0.697,1.428,,
63.673,0.5713,0.0000,0.4424,-0.0972,-0.75,20.59,0.431,,1,1,2.051,0.0359,,,,0.48734,-2.87554,4.590,1.589,0.697,1.428,,
63.703,0.5484,0.0000,0.4491,-0.0748,-0.82,20.96,0.430,,1,1,2.051,0.0359,,,,0.47379,-2.86540,4.590,1.589,0.697,1.428,,
63.736,0.5273,0.0000,0.4469,-0.1087,-0.81,20.97,0.431,,1,1,2.051,0.0359,,,,0.46901,-2.87316,4.590,1.589,0.697,1.428,,
63.801,0.4829,0.0000,0.3910,-0.1099,-0.70,20.45,0.432,,1,1,2.051,0.0359,,,,0.43232,-2.86420,4.590,1.589,0.697,1.428,,
63.832,0.4694,0.0000,0.4119,-0.1362,-0.69,20.62,0.434,,1,1,2.051,0.0359,,,,0.43699,-2.87206,4.590,1.589,0.697,1.428,,
63.870,0.4581,0.0000,0.4166,-0.1073,-0.67,20.49,0.435,,1,1,2.051,0.0359,,,,0.43436,-2.86761,4.590,1.589,0.697,1.428,,
63.902,0.4527,0.0000,0.4296,-0.0854,-0.71,20.40,0.431,,1,1,2.051,0.0359,,,,0.43716,-2.87017,4.590,1.589,0.697,1.428,,
63.927,0.4509,0.0000,0.4408,0.2236,-0.37,20.13,0.373,,1,1,2.051,0.0359,,,,0.43724,-2.85216,4.590,1.589,0.697,1.428,,
63.970,0.4615,0.2566,0.4975,1.0176,0.13,18.06,0.222,,1,1,2.051,0.0359,,,,0.46034,-2.83477,4.590,1.589,0.697,1.428,,
63.998,0.4734,0.4170,0.5391,1.2072,0.37,17.36,0.195,,1,1,2.051,0.0359,,,,0.47544,-2.82374,4.590,1.589,0.697,1.428,,
64.045,0.4780,0.6063,0.4929,1.0277,0.41,17.52,0.222,,1,1,2.051,0.0359,,,,0.47709,-2.82596,4.590,1.589,0.697,1.428,,
64.079,0.4773,0.6807,0.4741,0.9149,0.45,18.10,0.244,,1,1,2.051,0.0359,,,,0.47700,-2.82199,4.590,1.589,0.697,1.428,,
64.106,0.4758,0.7139,0.4670,0.8442,0.46,18.40,0.256,,1,1,2.051,0.0359,,,,0.47800,-2.81967,4.590,1.589,0.697,1.428,,
64.125,0.4752,0.7240,0.4704,0.7828,0.42,18.32,0.267,,1,1,2.051,0.0359,,,,0.47759,-2.81862,4.590,1.589,0.697,1.428,,
64.170,0.4858,0.7357,0.5232,0.7664,0.30,19.20,0.277,,1,1,2.051,0.0359,,,,0.46932,-2.80729,4.590,1.589,0.697,1.428,,
64.207,0.4943,0.7405,0.5314,0.7567,0.34,19.08,0.281,,1,1,2.051,0.0359,,,,0.47054,-2.80586,4.590,1.589,0.697,1.428,,
64.232,0.4997,0.7428,0.5326,0.7539,0.32,19.14,0.283,,1,1,2.051,0.0359,,,,0.46886,-2.80518,4.590,1.589,0.697,1.428,,
64.270,0.5049,0.7409,0.5262,0.7345,0.32,19.16,0.291,,1,1,2.051,0.0359,,,,0.46570,-2.79851,4.590,1.589,0.697,1.428,,
64.296,0.5073,0.7382,0.5225,0.7234,0.35,19.22,0.295,,1,1,2.051,0.0359,,,,0.45682,-2.78894,4.590,1.589,0.697,1.428,,
64.330,0.5074,0.7379,0.5080,0.7366,0.43,19.07,0.298,,1,1,2.051,0.0359,,,,0.44940,-2.78329,4.590,1.589,0.697,1.428,,
64.370,0.5022,0.7346,0.4817,0.7230,0.41,19.02,0.299,,1,1,2.051,0.0359,,,,0.43287,-2.79494,4.590,1.589,0.697,1.428,,
64.401,0.5005,0.7343,0.4920,0.7328,0.44,18.91,0.299,,1,1,2.051,0.0359,,,,0.43313,-2.79051,4.590,1.589,0.697,1.428,,
64.430,0.5001,0.7330,0.4978,0.7265,0.46,19.04,0.299,,1,1,2.051,0.0359,,,,0.43364,-2.78786,4.590,1.589,0.697,1.428,,
64.456,0.4991,0.7326,0.4927,0.7302,0.49,18.80,0.300,,1,1,2.051,0.0359,,,,0.42593,-2.78656,4.590,1.589,0.697,1.428,,
64.500,0.4975,0.7315,0.4916,0.7276,0.49,18.92,0.300,,1,1,2.051,0.0359,,,,0.42389,-2.78587,4.590,1.589,0.697,1.428,,
64.520,0.4952,0.7309,0.4785,0.7270,0.51,18.95,0.300,,1,1,2.051,0.0359,,,,0.41622,-2.78193,4.590,1.589,0.697,1.428,,
64.569,0.4843,0.7246,0.4494,0.7047,0.50,19.00,0.300,,1,1,2.051,0.0359,,,,0.39749,-2.78536,4.590,1.589,0.697,1.428,,
64.600,0.4701,0.7182,0.4007,0.6855,0.48,18.83,0.298,,1,1,2.051,0.0359,,,,0.38039,-2.79873,4.590,1.589,0.697,1.428,,
64.632,0.4542,0.7125,0.3793,0.6847,0.47,18.86,0.299,,1,1,2.051,0.0359,,,,0.36132,-2.79670,4.590,1.589,0.697,1.428,,
64.673,0.4313,0.7056,0.3482,0.6791,0.42,18.29,0.297,,1,1,2.051,0.0359,,,,0.33272,-2.80682,4.590,1.589,0.697,1.428,,
64.696,0.4134,0.6988,0.3008,0.6527,0.42,18.13,0.297,,1,1,2.051,0.0359,,,,0.31504,-2.81624,4.590,1.589,0.697,1.428,,
64.734,0.3664,0.6859,0.1891,0.6325,0.43,17.99,0.291,,1,1,2.051,0.0359,,,,0.27661,-2.83408,4.590,1.589,0.697,1.428,,
64.760,0.3239,0.6780,0.1090,0.6327,0.29,18.18,0.286,,1,1,2.051,0.0359,,,,0.24173,-2.84081,4.590,1.589,0.697,1.428,,
64.802,0.2640,0.6687,0.0690,0.6335,0.29,17.83,0.285,,1,1,2.051,0.0359,,,,0.22236,-2.84333,4.590,1.589,0.697,1.428,,
64.830,0.2286,0.6650,0.0752,0.6461,0.31,17.86,0.287,,1,1,2.051,0.0359,,,,0.21443,-2.82939,4.590,1.589,0.697,1.428,,
64.865,0.1996,0.6670,0.0912,0.6758,0.30,17.47,0.288,,1,1,2.051,0.0359,,,,0.19891,-2.81159,4.590,1.589,0.697,1.428,,
64.889,0.1812,0.6713,0.0796,0.7004,0.37,17.44,0.286,,1,1,2.051,0.0359,,,,0.20453,-2.81081,4.590,1.589,0.697,1.428,,
64.920,0.1569,0.6766,0.0563,0.7029,0.34,17.18,0.285,,1,1,2.051,0.0359,,,,0.18436,-2.80659,4.590,1.589,0.697,1.428,,
64.962,0.1290,0.6803,0.0406,0.6946,0.31,17.44,0.285,,1,1,2.051,0.0359,,,,0.17609,-2.81051,4.590,1.589,0.697,1.428,,
64.990,0.1099,0.6803,0.0208,0.6798,0.37,17.33,0.286,,1,1,2.051,0.0359,,,,0.17447,-2.80953,4.590,1.589,0.697,1.428,,
65.026,0.0892,0.6798,0.0121,0.6777,0.32,17.71,0.286,,1,1,2.051,0.0359,,,,0.17262,-2.80947,4.590,1.589,0.697,1.428,,
65.049,0.0794,0.6795,0.0227,0.6778,0.34,17.91,0.286,,1,1,2.051,0.0359,,,,0.17033,-2.80513,4.590,1.589,0.697,1.428,,
65.080,0.0650,0.6722,0.0022,0.6355,0.39,17.39,0.286,,1,1,2.051,0.0359,,,,0.16797,-2.83157,4.590,1.589,0.697,1.428,,
65.122,0.0469,0.6649,-0.0135,0.6370,0.39,17.02,0.287,,1,1,2.051,0.0359,,,,0.16206,-2.83384,4.590,1.589,0.697,1.428,,
65.152,0.0350,0.6611,-0.0200,0.6417,0.37,17.00,0.286,,1,1,2.051,0.0359,,,,0.15346,-2.84405,4.590,1.589,0.697,1.428,,
65.192,0.0261,0.6556,-0.0049,0.6343,0.35,16.99,0.291,,1,1,2.051,0.0359,,,,0.15671,-2.84160,4.590,1.589,0.697,1.428,,
65.235,0.0180,0.6480,-0.0092,0.6205,0.39,16.97,0.290,,1,1,2.051,0.0359,,,,0.15493,-2.84465,4.590,1.589,0.697,1.428,,
65.267,0.0155,0.6104,0.0043,0.4364,0.26,17.67,0.315,,1,1,2.051,0.0359,,,,0.14444,-2.86660,4.590,1.589,0.697,1.428,,
65.298,0.0107,0.5060,-0.0118,0.0693,-0.01,18.76,0.371,,1,1,2.051,0.0359,,,,0.13818,-2.90804,4.590,1.589,0.697,1.428,,
65.325,0.0075,0.4051,-0.0103,-0.1252,-0.22,19.19,0.406,,1,1,2.051,0.0359,,,,0.13431,-2.93049,4.590,1.589,0.697,1.428,,
65.352,0.0022,0.3163,-0.0263,-0.1811,-0.40,19.10,0.427,,1,1,2.051,0.0359,,,,0.12519,-2.94010,4.590,1.589,0.697,1.428,,
65.390,0.0000,0.2240,-0.0337,-0.2617,-0.46,19.00,0.437,,1,1,2.051,0.0359,,,,0.12108,-2.93938,4.590,1.589,0.697,1.428,,
65.416,0.0000,0.1721,-0.0082,-0.2127,-0.53,19.29,0.434,,1,1,2.051,0.0359,,,,0.11799,-2.92410,4.590,1.589,0.697,1.428,,
65.449,0.0000,0.1223,-0.0042,-0.2601,-0.54,19.40,0.432,,1,1,2.051,0.0359,,,,0.11270,-2.92899,4.590,1.589,0.697,1.428,,
65.490,0.0000,0.0767,0.0018,-0.2448,-0.50,19.11,0.431,,1,1,2.051,0.0359,,,,0.10612,-2.92276,4.590,1.589,0.697,1.428,,
65.522,0.0000,0.0509,-0.0030,-0.2296,-0.58,19.18,0.430,,1,1,2.051,0.0359,,,,0.10377,-2.91860,4.590,1.589,0.697,1.428,,
65.554,0.0000,0.0292,-0.0136,-0.1959,-0.57,19.03,0.430,,1,1,2.051,0.0359,,,,0.09946,-2.91857,4.590,1.589,0.697,1.428,,
65.577,0.0000,0.0167,-0.0119,-0.1818,-0.55,18.98,0.430,,1,1,2.051,0.0359,,,,0.09882,-2.91469,4.590,1.589,0.697,1.428,,
65.607,0.0000,0.0036,-0.0007,-0.1730,-0.60,19.21,0.429,,1,1,2.051,0.0359,,,,0.10444,-2.90820,4.590,1.589,0.697,1.428,,
65.672,0.0804,0.0000,0.2809,-0.1830,-0.60,19.90,0.432,,1,1,2.051,0.0359,,,,0.24361,-2.93108,4.590,1.589,0.697,1.428,,
65.696,0.1558,0.0000,0.5907,-0.0611,-0.64,20.98,0.437,,1,1,2.051,0.0359,,,,0.39746,-2.89972,4.590,1.589,0.697,1.428,,
65.733,0.2657,0.0000,0.6360,-0.0208,-0.63,21.04,0.436,,1,1,2.051,0.0359,,,,0.42767,-2.88861,4.590,1.589,0.697,1.428,,
65.758,0.3317,0.0000,0.6392,-0.0280,-0.59,21.04,0.441,,1,1,2.051,0.0359,,,,0.43298,-2.89067,4.590,1.589,0.697,1.428,,
65.783,0.3903,0.0000,0.6641,-0.0600,-0.69,21.27,0.447,,1,1,2.051,0.0359,,,,0.44929,-2.90819,4.590,1.589,0.697,1.428,,
65.816,0.4547,0.0000,0.6775,-0.0418,-0.70,21.51,0.451,,1,1,2.051,0.0359,,,,0.45794,-2.91647,4.590,1.589,0.697,1.428,,
65.849,0.5216,0.0000,0.7569,-0.0877,-0.71,21.16,0.450,,1,1,2.051,0.0359,,,,0.52711,-2.94406,4.590,1.589,0.697,1.428,,
65.891,0.6019,0.0000,0.8195,-0.0857,-0.80,21.35,0.448,,1,1,2.051,0.0359,,,,0.61557,-2.96292,4.590,1.589,0.697,1.428,,
65.922,0.6488,0.0000,0.9008,-0.1607,-0.75,21.32,0.448,,1,1,2.051,0.0359,,,,0.72864,-2.99995,4.590,1.589,0.697,1.428,,
65.950,0.7211,0.0000,0.9330,-0.1432,-0.86,21.13,0.449,,1,1,2.051,0.0359,,,,0.79023,-2.97427,4.590,1.589,0.697,1.428,,
65.986,0.7788,0.0000,0.9673,-0.1677,-0.94,20.12,0.451,,1,1,2.051,0.0359,,,,0.84411,-2.93887,4.590,1.589,0.697,1.428,,
66.007,0.8052,0.0000,0.9371,-0.2010,-0.99,20.07,0.451,,1,1,2.051,0.0359,,,,0.90965,-2.94175,4.590,1.589,0.697,1.428,,
66.046,0.8371,0.0000,0.9335,-0.1621,-0.94,18.19,0.451,,1,1,2.051,0.0359,,,,0.98466,-2.94575,4.590,1.589,0.697,1.428,,
66.072,0.8560,0.0000,0.9415,-0.1036,-0.90,17.33,0.446,,1,1,2.051,0.0359,,,,1.04748,-2.93554,4.590,1.589,0.697,1.428,,
66.112,0.8715,0.0000,0.9201,-0.0897,-0.93,16.61,0.445,,1,1,2.051,0.0359,,,,1.06687,-2.93773,4.590,1.589,0.697,1.428,,
66.136,0.8849,0.0000,0.9554,0.0050,-1.07,16.15,0.440,,1,1,2.051,0.0359,,,,1.11145,-2.95503,4.590,1.589,0.697,1.428,,
66.201,0.8944,0.0000,0.9137,0.0857,-1.11,14.49,0.441,,1,1,2.051,0.0359,,,,1.12103,-2.97121,4.590,1.589,0.697,1.428,,
66.243,0.8991,0.0088,0.9144,0.0513,-0.88,14.91,0.441,,1,1,2.051,0.0359,,,,1.12931,-2.99234,4.590,1.589,0.697,1.428,,
66.275,0.9026,0.0096,0.9180,0.0135,-0.88,15.42,0.444,,1,1,2.051,0.0359,,,,1.13014,-3.00425,4.590,1.589,0.697,1.428,,
66.311,0.9044,0.0059,0.9118,-0.0100,-0.82,15.58,0.446,,1,1,2.051,0.0359,,,,1.12331,-3.01628,4.590,1.589,0.697,1.428,,
66.346,0.9033,0.0003,0.8984,-0.0250,-0.76,15.78,0.448,,1,1,2.051,0.0359,,,,1.11242,-3.01868,4.590,1.589,0.697,1.428,,
66.373,0.9022,0.0000,0.8965,-0.0382,-0.72,15.83,0.448,,1,1,2.051,0.0359,,,,1.10928,-3.02085,4.590,1.589,0.697,1.428,,
66.398,0.9020,0.0000,0.9007,-0.0171,-0.72,15.81,0.446,,1,1,2.051,0.0359,,,,1.10662,-3.01640,4.590,1.589,0.697,1.428,,
66.424,0.9018,0.0000,0.9004,-0.0094,-0.68,15.39,0.446,,1,1,2.051,0.0359,,,,1.10270,-3.01452,4.590,1.589,0.697,1.428,,
66.449,0.9023,0.0000,0.9059,-0.0199,-0.66,15.44,0.446,,1,1,2.051,0.0359,,,,1.10252,-3.01441,4.590,1.589,0.697,1.428,,
66.475,0.9037,0.0000,0.9117,-0.0223,-0.68,15.55,0.443,,1,1,2.051,0.0359,,,,1.10065,-3.01344,4.590,1.589,0.697,1.428,,
66.505,0.8722,0.0229,0.7064,0.1955,-0.46,15.63,0.394,,1,1,2.051,0.0359,,,,0.90001,-2.95986,4.590,1.589,0.697,1.428,,
66.548,0.7658,0.1549,0.4183,0.5690,0.01,15.05,0.331,,1,1,2.051,0.0359,,,,0.68841,-2.89306,4.590,1.589,0.697,1.428,,
66.611,0.5447,0.4611,0.0910,1.2861,0.31,12.51,0.226,,1,1,2.051,0.0359,,,,0.52701,-2.82428,4.590,1.589,0.697,1.428,,
66.633,0.4699,0.5598,0.0693,1.5080,0.38,13.02,0.195,,1,1,2.051,0.0359,,,,0.47569,-2.80399,4.590,1.589,0.697,1.428,,
66.673,0.3922,0.6939,0.1658,1.6505,0.22,14.24,0.179,,1,1,2.051,0.0359,,,,0.46209,-2.77749,4.590,1.589,0.697,1.428,,
66.695,0.3463,0.7556,0.1061,1.7753,0.21,13.42,0.163,,1,1,2.051,0.0359,,,,0.39977,-2.77277,4.590,1.589,0.697,1.428,,
66.728,0.2864,0.8257,0.0787,1.8784,0.11,14.90,0.136,,1,1,2.051,0.0359,,,,0.33193,-2.75621,4.590,1.589,0.697,1.428,,
66.760,0.2394,0.8773,0.0707,1.9889,0.25,14.98,0.125,,1,1,2.051,0.0359,,,,0.30655,-2.70309,4.590,1.589,0.697,1.428,,
66.792,0.1950,0.9161,0.0335,2.1164,0.29,15.59,0.119,,1,1,2.051,0.0359,,,,0.31483,-2.67543,4.590,1.589,0.697,1.428,,
66.825,0.1563,0.9457,0.0153,2.0055,0.13,15.11,0.133,,1,1,2.051,0.0359,,,,0.28610,-2.66949,4.590,1.589,0.697,1.428,,
66.856,0.1318,0.9678,0.0380,1.8245,0.05,15.45,0.145,,1,1,2.051,0.0359,,,,0.25824,-2.68978,4.590,1.589,0.697,1.428,,
66.904,0.0829,0.9909,-0.0431,1.7618,0.14,15.55,0.145,,1,1,2.051,0.0359,,,,0.23933,-2.72626,4.590,1.589,0.697,1.428,,
66.936,0.0577,1.0000,-0.0389,1.6546,0.19,15.28,0.147,,1,1,2.051,0.0359,,,,0.23966,-2.73389,4.590,1.589,0.697,1.428,,
66.974,0.0331,1.0000,-0.0581,2.2312,0.28,15.50,0.124,,1,1,2.051,0.0359,,,,0.23993,-2.77192,4.590,1.589,0.697,1.428,,
67.009,0.0187,1.0000,-0.0349,2.5308,0.77,15.13,0.096,,1,1,2.051,0.0359,,,,0.24437,-2.82063,4.590,1.589,0.697,1.428,,
