time_s,gaze_x,gaze_y,raw_x,raw_y,pitch_deg,yaw_deg,ear,blink,face_detected,calibrated,calib_mgae_deg,calib_rmse,calib_point_idx,calib_target_x,calib_target_y,X_feat,Y_feat,loo_mgae_deg,loo_euc_cm,loo_euc_x_cm,loo_euc_y_cm
0.701,0.5000,0.5000,0.5000,0.5000,-15.11,-29.31,0.573,,1,0,,,,,,-16.28003,4.09848,,,,
0.773,0.5000,0.5000,0.5000,0.5000,0.11,0.65,0.297,,1,0,,,,,,-17.15100,4.57786,,,,
0.800,0.5000,0.5000,0.5000,0.5000,16.78,51.71,0.325,,1,0,,,,,,-17.38802,4.60969,,,,
0.830,0.5000,0.5000,0.5000,0.5000,56.39,65.26,0.365,,1,0,,,,,,-17.58132,4.61327,,,,
0.861,0.5000,0.5000,0.5000,0.5000,29.25,30.33,0.442,,1,0,,,,,,-17.75271,4.61470,,,,
0.889,0.5000,0.5000,0.5000,0.5000,24.34,0.52,0.501,,1,0,,,,,,-17.60721,4.57862,,,,
0.915,0.5000,0.5000,0.5000,0.5000,21.72,-22.64,0.543,,1,0,,,,,,-17.68268,4.58149,,,,
0.942,0.5000,0.5000,0.5000,0.5000,16.88,-43.33,0.559,,1,0,,,,,,-17.69325,4.56979,,,,
0.971,0.5000,0.5000,0.5000,0.5000,10.23,-55.94,0.591,,1,0,,,,,,-17.30682,4.44751,,,,
1.005,0.5000,0.5000,0.5000,0.5000,-79.10,-12.56,0.583,,1,0,,,,,,-17.15905,4.40562,,,,
1.032,0.5000,0.5000,0.5000,0.5000,-83.99,28.77,0.591,,1,0,,,,,,-17.04838,4.39071,,,,
1.062,0.5000,0.5000,0.5000,0.5000,-8.63,-37.23,0.612,,1,0,,,,,,-16.92164,4.34458,,,,
1.089,0.5000,0.5000,0.5000,0.5000,-54.19,-52.19,0.619,,1,0,,,,,,-16.89669,4.33976,,,,
1.118,0.5000,0.5000,0.5000,0.5000,-83.06,17.53,0.610,,1,0,,,,,,-16.93976,4.35386,,,,
1.146,0.5000,0.5000,0.5000,0.5000,-0.39,1.57,0.632,,1,0,,,,,,-17.02822,4.39221,,,,
1.173,0.5000,0.5000,0.5000,0.5000,-66.41,-46.10,0.632,,1,0,,,,,,-16.99168,4.38670,,,,
1.202,0.5000,0.5000,0.5000,0.5000,-65.62,12.42,0.631,,1,0,,,,,,-16.96954,4.38437,,,,
1.231,0.5000,0.5000,0.5000,0.5000,-16.92,15.86,0.628,,1,0,,,,,,-17.02159,4.39048,,,,
1.253,0.5000,0.5000,0.5000,0.5000,6.69,-11.66,0.621,,1,0,,,,,,-16.98241,4.38412,,,,
1.283,0.5000,0.5000,0.5000,0.5000,14.14,-33.74,0.622,,1,0,,,,,,-16.76873,4.32400,,,,
1.322,0.5000,0.5000,0.5000,0.5000,16.75,-47.61,0.611,,1,0,,,,,,-16.61421,4.30068,,,,
1.342,0.5000,0.5000,0.5000,0.5000,18.32,-57.37,0.613,,1,0,,,,,,-16.51604,4.29424,,,,
1.400,0.5000,0.5000,0.5000,0.5000,22.53,-68.86,0.516,,1,0,,,,,,-14.92135,3.88924,,,,
1.431,0.5000,0.5000,0.5000,0.5000,34.20,37.13,0.493,,1,0,,,,,,-13.36481,3.48329,,,,
1.463,0.5000,0.5000,0.5000,0.5000,-5.31,-16.80,0.517,,1,0,,,,,,-12.92455,3.37098,,,,
1.511,0.5000,0.5000,0.5000,0.5000,-33.17,-73.49,0.527,,1,0,,,,,,-12.10644,3.20666,,,,
1.549,0.5000,0.5000,0.5000,0.5000,-17.96,-69.28,0.501,,1,0,,,,,,-11.24906,3.01641,,,,
1.570,0.5000,0.5000,0.5000,0.5000,-41.59,-75.30,0.511,,1,0,,,,,,-11.22306,2.99100,,,,
1.607,0.5000,0.5000,0.5000,0.5000,-11.32,-45.29,0.493,,1,0,,,,,,-11.28124,3.05539,,,,
1.638,0.5000,0.5000,0.5000,0.5000,2.77,11.37,0.485,,1,0,,,,,,-10.76301,2.99838,,,,
1.654,0.5000,0.5000,0.5000,0.5000,83.10,70.58,0.482,,1,0,,,,,,-10.31488,2.97405,,,,
1.697,0.5000,0.5000,0.5000,0.5000,16.26,11.88,0.254,,1,0,,,,,,-10.73999,3.34335,,,,
1.715,0.5000,0.5000,0.5000,0.5000,-9.78,-50.95,0.084,,1,0,,,,,,-10.96331,3.68984,,,,
1.746,0.5000,0.5000,0.5000,0.5000,-43.84,-57.04,0.055,,1,0,,,,,,-10.59307,3.68546,,,,
1.802,0.5000,0.5000,0.5000,0.5000,-78.24,-40.51,0.351,,1,0,,,,,,-8.81228,3.01363,,,,
1.840,0.5000,0.5000,0.5000,0.5000,-82.02,-29.16,0.432,,1,0,,,,,,-8.49426,2.91878,,,,
1.871,0.5000,0.5000,0.5000,0.5000,-80.34,-19.17,0.462,,1,0,,,,,,-8.37593,2.90210,,,,
1.903,0.5000,0.5000,0.5000,0.5000,-75.96,-10.65,0.456,,1,0,,,,,,-8.19006,2.84309,,,,
1.937,0.5000,0.5000,0.5000,0.5000,-70.52,-3.90,0.464,,1,0,,,,,,-8.06968,2.83162,,,,
1.966,0.5000,0.5000,0.5000,0.5000,-64.77,1.63,0.469,,1,0,,,,,,-7.82727,2.77573,,,,
2.000,0.5000,0.5000,0.5000,0.5000,-59.02,6.13,0.456,,1,0,,,,,,-7.57895,2.71599,,,,
2.025,0.5000,0.5000,0.5000,0.5000,-53.08,9.81,0.454,,1,0,,,,,,-7.46623,2.70022,,,,
2.065,0.5000,0.5000,0.5000,0.5000,-47.98,12.57,0.464,,1,0,,,,,,-7.39192,2.70474,,,,
2.109,0.5000,0.5000,0.5000,0.5000,-41.29,15.60,0.464,,1,0,,,,,,-7.24143,2.68199,,,,
2.142,0.5000,0.5000,0.5000,0.5000,-37.64,16.96,0.467,,1,0,,,,,,-7.21323,2.67176,,,,
2.166,0.5000,0.5000,0.5000,0.5000,-34.14,18.24,0.472,,1,0,,,,,,-7.04084,2.63871,,,,
2.207,0.5000,0.5000,0.5000,0.5000,-30.00,19.48,0.464,,1,0,,,,,,-6.61381,2.49386,,,,
2.240,0.5000,0.5000,0.5000,0.5000,-26.82,20.22,0.471,,1,0,,,,,,-6.52872,2.45118,,,,
2.263,0.5000,0.5000,0.5000,0.5000,-24.02,20.76,0.474,,1,0,,,,,,-6.42080,2.37208,,,,
2.301,0.5000,0.5000,0.5000,0.5000,-21.48,21.13,0.454,,1,0,,,,,,-6.19435,2.25008,,,,
2.333,0.5000,0.5000,0.5000,0.5000,-19.11,21.41,0.454,,1,0,,,,,,-5.98632,2.18088,,,,
2.367,0.5000,0.5000,0.5000,0.5000,-17.09,21.61,0.444,,1,0,,,,,,-5.31334,2.05252,,,,
2.401,0.5000,0.5000,0.5000,0.5000,-15.24,21.77,0.434,,1,0,,,,,,-4.88629,1.94131,,,,
2.423,0.5000,0.5000,0.5000,0.5000,-13.40,21.70,0.425,,1,0,,,,,,-4.48045,1.87222,,,,
2.467,0.5000,0.5000,0.5000,0.5000,-11.75,21.57,0.423,,1,0,,,,,,-4.07528,1.79196,,,,
2.496,0.5000,0.5000,0.5000,0.5000,-10.38,21.49,0.420,,1,0,,,,,,-3.78408,1.76545,,,,
2.528,0.5000,0.5000,0.5000,0.5000,-9.10,21.31,0.415,,1,0,,,,,,-3.41215,1.71825,,,,
2.558,0.5000,0.5000,0.5000,0.5000,-7.98,21.12,0.432,,1,0,,,,,,-2.96189,1.59126,,,,
2.594,0.5000,0.5000,0.5000,0.5000,-6.91,20.75,0.448,,1,0,,,,,,-2.67766,1.54269,,,,
2.625,0.5000,0.5000,0.5000,0.5000,-5.95,20.37,0.456,,1,0,,,,,,-2.33380,1.46337,,,,
2.670,0.5000,0.5000,0.5000,0.5000,-4.66,19.48,0.470,,1,0,,,,,,-2.04945,1.41031,,,,
2.705,0.5000,0.5000,0.5000,0.5000,-3.89,19.05,0.467,,1,0,,,,,,-1.81618,1.35741,,,,
2.737,0.5000,0.5000,0.5000,0.5000,-3.18,18.63,0.474,,1,0,,,,,,-1.57471,1.33411,,,,
2.758,0.5000,0.5000,0.5000,0.5000,-2.54,18.20,0.472,,1,0,,,,,,-1.35805,1.30732,,,,
2.802,0.5000,0.5000,0.5000,0.5000,-1.94,17.79,0.472,,1,0,,,,,,-1.21562,1.27983,,,,
2.831,0.5000,0.5000,0.5000,0.5000,-1.43,17.49,0.466,,1,0,,,,,,-1.09161,1.26987,,,,
2.866,0.5000,0.5000,0.5000,0.5000,-0.87,16.98,0.462,,1,0,,,,,,-0.94592,1.23709,,,,
2.899,0.5000,0.5000,0.5000,0.5000,-0.25,16.49,0.454,,1,0,,,,,,-0.87005,1.24037,,,,
2.929,0.5000,0.5000,0.5000,0.5000,0.05,15.21,0.443,,1,0,,,,,,-0.82010,1.24775,,,,
2.965,0.5000,0.5000,0.5000,0.5000,0.24,13.50,0.442,,1,0,,,,,,-0.95153,1.25433,,,,
2.996,0.5000,0.5000,0.5000,0.5000,0.45,12.07,0.432,,1,0,,,,,,-1.03904,1.23400,,,,
3.026,0.5000,0.5000,0.5000,0.5000,0.61,10.46,0.426,,1,0,,,,,,-1.10033,1.21484,,,,
3.060,0.5000,0.5000,0.5000,0.5000,0.79,8.93,0.428,,1,0,,,,,,-1.14055,1.19259,,,,
3.091,0.5000,0.5000,0.5000,0.5000,1.17,8.48,0.434,,1,0,,,,,,-1.18340,1.18297,,,,
3.121,0.5000,0.5000,0.5000,0.5000,1.58,8.50,0.438,,1,0,,,,,,-1.24285,1.17658,,,,
3.153,0.5000,0.5000,0.5000,0.5000,1.85,8.66,0.446,,1,0,,,,,,-1.36971,1.15977,,,,
3.187,0.5000,0.5000,0.5000,0.5000,2.08,8.71,0.447,,1,0,,,,,,-1.51450,1.14864,,,,
3.233,0.5000,0.5000,0.5000,0.5000,2.35,8.94,0.443,,1,0,,,,,,-1.67203,1.14468,,,,
3.265,0.5000,0.5000,0.5000,0.5000,2.50,9.15,0.443,,1,0,,,,,,-1.79903,1.14281,,,,
3.298,0.5000,0.5000,0.5000,0.5000,2.64,9.29,0.449,,1,0,,,,,,-1.94461,1.14327,,,,
3.328,0.5000,0.5000,0.5000,0.5000,2.77,9.52,0.446,,1,0,,,,,,-2.06364,1.12484,,,,
3.358,0.5000,0.5000,0.5000,0.5000,2.89,9.73,0.447,,1,0,,,,,,-2.13055,1.09625,,,,
3.383,0.5000,0.5000,0.5000,0.5000,3.04,9.84,0.442,,1,0,,,,,,-2.25727,1.10183,,,,
3.424,0.5000,0.5000,0.5000,0.5000,3.16,10.01,0.443,,1,0,,,,,,-2.32803,1.09748,,,,
3.456,0.5000,0.5000,0.5000,0.5000,3.27,10.22,0.447,,1,0,,,,,,-2.39943,1.07067,,,,
3.487,0.5000,0.5000,0.5000,0.5000,3.39,10.40,0.442,,1,0,,,,,,-2.45251,1.03941,,,,
3.518,0.5000,0.5000,0.5000,0.5000,3.50,10.40,0.447,,1,0,,,,,,-2.48249,1.00168,,,,
3.551,0.5000,0.5000,0.5000,0.5000,3.63,10.30,0.441,,1,0,,,,,,-2.49525,0.96682,,,,
3.580,0.5000,0.5000,0.5000,0.5000,3.73,10.32,0.432,,1,0,,,,,,-2.56911,0.94199,,,,
3.617,0.5000,0.5000,0.5000,0.5000,3.81,10.34,0.436,,1,0,,,,,,-2.53711,0.92209,,,,
3.649,0.5000,0.5000,0.5000,0.5000,3.91,10.28,0.434,,1,0,,,,,,-2.51358,0.89757,,,,
3.682,0.5000,0.5000,0.5000,0.5000,4.01,10.21,0.435,,1,0,,,,,,-2.48619,0.88852,,,,
3.714,0.5000,0.5000,0.5000,0.5000,4.10,10.17,0.431,,1,0,,,,,,-2.46866,0.88649,,,,
3.747,0.5000,0.5000,0.5000,0.5000,4.18,10.16,0.430,,1,0,,,,,,-2.44794,0.88793,,,,
3.825,0.5000,0.5000,0.5000,0.5000,4.34,10.23,0.434,,1,0,,,,,,-2.43893,0.88403,,,,
3.854,0.5000,0.5000,0.5000,0.5000,4.40,10.25,0.435,,1,0,,,,,,-2.42901,0.88092,,,,
3.882,0.5000,0.5000,0.5000,0.5000,4.50,10.16,0.436,,1,0,,,,,,-2.41840,0.88109,,,,
3.909,0.5000,0.5000,0.5000,0.5000,4.64,9.95,0.437,,1,0,,,,,,-2.41695,0.88151,,,,
3.935,0.5000,0.5000,0.5000,0.5000,4.78,9.77,0.437,,1,0,,,,,,-2.41047,0.88263,,,,
3.965,0.5000,0.5000,0.5000,0.5000,4.88,9.55,0.437,,1,0,,,,,,-2.41744,0.88804,,,,
3.982,0.5000,0.5000,0.5000,0.5000,4.93,9.47,0.434,,1,0,,,,,,-2.42633,0.89952,,,,
4.020,0.5000,0.5000,0.5000,0.5000,4.94,9.46,0.433,,1,0,,,,,,-2.43285,0.91123,,,,
4.047,0.5000,0.5000,0.5000,0.5000,4.91,9.53,0.429,,1,0,,,,,,-2.45214,0.93232,,,,
4.082,0.5000,0.5000,0.5000,0.5000,4.90,9.55,0.222,,1,0,,,,,,-2.53535,1.11095,,,,
4.120,0.5000,0.5000,0.5000,0.5000,4.92,9.36,0.076,,1,0,,,,,,-2.53272,1.35171,,,,
4.144,0.5000,0.5000,0.5000,0.5000,4.93,9.19,0.146,,1,0,,,,,,-2.28435,1.28869,,,,
4.210,0.5000,0.5000,0.5000,0.5000,4.93,8.73,0.260,,1,0,,,,,,-2.15413,1.21883,,,,
4.237,0.5000,0.5000,0.5000,0.5000,4.93,8.52,0.315,,1,0,,,,,,-2.15530,1.18837,,,,
4.272,0.5000,0.5000,0.5000,0.5000,4.92,8.17,0.359,,1,0,,,,,,-2.15385,1.16042,,,,
4.303,0.5000,0.5000,0.5000,0.5000,4.91,7.85,0.374,,1,0,,,,,,-2.15436,1.12710,,,,
4.331,0.5000,0.5000,0.5000,0.5000,4.90,7.56,0.384,,1,0,,,,,,-2.12664,1.11036,,,,
4.382,0.5000,0.5000,0.5000,0.5000,4.88,6.97,0.392,,1,0,,,,,,-2.14215,1.08875,,,,
4.419,0.5000,0.5000,0.5000,0.5000,4.84,6.38,0.407,,1,0,,,,,,-2.16959,1.05603,,,,
4.449,0.5000,0.5000,0.5000,0.5000,4.79,5.82,0.417,,1,0,,,,,,-2.19554,1.03627,,,,
4.477,0.5000,0.5000,0.5000,0.5000,4.69,5.14,0.423,,1,0,,,,,,-2.21767,1.02718,,,,
4.503,0.5000,0.5000,0.5000,0.5000,4.57,4.43,0.429,,1,0,,,,,,-2.25132,1.02456,,,,
4.529,0.5000,0.5000,0.5000,0.5000,4.44,3.74,0.438,,1,0,,,,,,-2.27140,1.02438,,,,
4.560,0.5000,0.5000,0.5000,0.5000,4.30,3.04,0.437,,1,0,,,,,,-2.29472,1.03070,,,,
4.609,0.5000,0.5000,0.5000,0.5000,4.05,1.98,0.435,,1,0,,,,,,-2.29543,1.06003,,,,
4.647,0.5000,0.5000,0.5000,0.5000,3.89,1.15,0.429,,1,0,,,,,,-2.25357,1.08594,,,,
4.674,0.5000,0.5000,0.5000,0.5000,3.79,0.55,0.430,,1,0,,,,,,-2.19192,1.10009,,,,
4.708,0.5000,0.5000,0.5000,0.5000,3.69,0.02,0.424,,1,0,,,,,,-2.10833,1.08786,,,,
4.729,0.5000,0.5000,0.5000,0.5000,3.59,-0.46,0.426,,1,0,,,,,,-2.04235,1.07386,,,,
4.761,0.5000,0.5000,0.5000,0.5000,3.49,-0.98,0.424,,1,0,,,,,,-1.96997,1.03575,,,,
4.799,0.5000,0.5000,0.5000,0.5000,3.36,-1.55,0.416,,1,0,,,,,,-1.98347,0.96684,,,,
4.832,0.5000,0.5000,0.5000,0.5000,3.22,-2.22,0.417,,1,0,,,,,,-2.01326,0.93598,,,,
4.863,0.5000,0.5000,0.5000,0.5000,3.09,-2.76,0.422,,1,0,,,,,,-2.00704,0.91583,,,,
4.891,0.5000,0.5000,0.5000,0.5000,2.96,-3.09,0.433,,1,0,,,,,,-1.98997,0.84111,,,,
4.945,0.5000,0.5000,0.5000,0.5000,2.82,-3.20,0.437,,1,0,,,,,,-1.97982,0.68434,,,,
4.978,0.5000,0.5000,0.5000,0.5000,2.76,-3.15,0.442,,1,0,,,,,,-1.97749,0.54649,,,,
5.006,0.5000,0.5000,0.5000,0.5000,2.68,-3.02,0.443,,1,0,,,,,,-1.97810,0.41020,,,,
5.030,0.5000,0.5000,0.5000,0.5000,2.65,-2.96,0.442,,1,0,,,,,,-1.97914,0.37366,,,,
5.061,0.5000,0.5000,0.5000,0.5000,2.62,-2.86,0.444,,1,0,,,,,,-1.95994,0.32842,,,,
5.107,0.5000,0.5000,0.5000,0.5000,2.59,-2.63,0.440,,1,0,,,,,,-1.95366,0.25664,,,,
5.126,0.5000,0.5000,0.5000,0.5000,2.56,-2.31,0.441,,1,0,,,,,,-1.94203,0.17043,,,,
5.159,0.5000,0.5000,0.5000,0.5000,2.52,-1.93,0.446,,1,0,,,,,,-1.89829,0.12247,,,,
5.199,0.5000,0.5000,0.5000,0.5000,2.49,-1.55,0.437,,1,0,,,,,,-1.86803,0.14721,,,,
5.223,0.5000,0.5000,0.5000,0.5000,2.47,-1.09,0.431,,1,0,,,,,,-1.87770,0.18680,,,,
5.254,0.5000,0.5000,0.5000,0.5000,2.43,-0.58,0.436,,1,0,,,,,,-1.88055,0.20107,,,,
5.291,0.5000,0.5000,0.5000,0.5000,2.41,0.01,0.440,,1,0,,,,,,-1.89537,0.19931,,,,
5.328,0.5000,0.5000,0.5000,0.5000,2.37,0.66,0.438,,1,0,,,,,,-1.90171,0.21322,,,,
5.357,0.5000,0.5000,0.5000,0.5000,2.34,1.33,0.434,,1,0,,,,,,-1.90828,0.23459,,,,
5.391,0.5000,0.5000,0.5000,0.5000,2.33,2.01,0.429,,1,0,,,,,,-1.94303,0.31203,,,,
5.415,0.5000,0.5000,0.5000,0.5000,2.33,2.74,0.422,,1,0,,,,,,-1.97563,0.39776,,,,
5.454,0.5000,0.5000,0.5000,0.5000,2.33,3.47,0.417,,1,0,,,,,,-1.95845,0.46573,,,,
5.500,0.5000,0.5000,0.5000,0.5000,2.34,4.50,0.430,,1,0,,,,,,-1.93846,0.58153,,,,
5.535,0.5000,0.5000,0.5000,0.5000,2.36,5.15,0.426,,1,0,,,,,,-1.93883,0.65771,,,,
5.565,0.5000,0.5000,0.5000,0.5000,2.38,5.74,0.421,,1,0,,,,,,-1.92018,0.66122,,,,
5.603,0.5000,0.5000,0.5000,0.5000,2.40,6.23,0.425,,1,0,,,,,,-1.90659,0.64321,,,,
5.634,0.5000,0.5000,0.5000,0.5000,2.44,6.58,0.425,,1,0,,,,,,-1.90500,0.64758,,,,
5.658,0.5000,0.5000,0.5000,0.5000,2.48,6.82,0.422,,1,0,,,,,,-1.90575,0.68610,,,,
5.697,0.5000,0.5000,0.5000,0.5000,2.56,7.09,0.408,,1,0,,,,,,-1.89028,0.71467,,,,
5.728,0.5000,0.5000,0.5000,0.5000,2.61,7.29,0.409,,1,0,,,,,,-1.88075,0.71672,,,,
5.760,0.5000,0.5000,0.5000,0.5000,2.69,7.30,0.415,,1,0,,,,,,-1.83805,0.70463,,,,
5.790,0.5000,0.5000,0.5000,0.5000,2.76,7.28,0.413,,1,0,,,,,,-1.79739,0.71988,,,,
5.825,0.5000,0.5000,0.5000,0.5000,2.81,7.23,0.413,,1,0,,,,,,-1.76344,0.78901,,,,
5.855,0.5000,0.5000,0.5000,0.5000,2.88,6.90,0.396,,1,0,,,,,,-1.64266,0.84406,,,,
5.878,0.5000,0.5000,0.5000,0.5000,2.95,6.67,0.388,,1,0,,,,,,-1.36806,0.89222,,,,
5.909,0.5000,0.5000,0.5000,0.5000,3.00,6.44,0.381,,1,0,,,,,,-1.27145,0.92890,,,,
5.953,0.5000,0.5000,0.5000,0.5000,3.01,6.10,0.374,,1,0,,,,,,-1.19679,0.97047,,,,
5.988,0.5000,0.5000,0.5000,0.5000,3.03,5.57,0.371,,1,0,,,,,,-1.18134,0.99165,,,,
6.006,0.5000,0.5000,0.5000,0.5000,3.04,5.00,0.378,,1,0,,,,,,-1.17246,1.00105,,,,
6.070,0.5000,0.5000,0.5000,0.5000,3.06,4.09,0.383,,1,0,,,,,,-1.12849,0.97767,,,,
6.101,0.5000,0.5000,0.5000,0.5000,3.08,3.46,0.386,,1,0,,,,,,-1.11758,0.96779,,,,
6.120,0.5000,0.5000,0.5000,0.5000,3.10,3.16,0.379,,1,0,,,,,,-1.07097,0.97235,,,,
6.151,0.5000,0.5000,0.5000,0.5000,3.08,2.83,0.374,,1,0,,,,,,-1.00743,1.01925,,,,
6.190,0.5000,0.5000,0.5000,0.5000,3.03,2.39,0.375,,1,0,,,,,,-0.93689,1.06238,,,,
6.223,0.5000,0.5000,0.5000,0.5000,2.99,1.93,0.372,,1,0,,,,,,-0.87639,1.07557,,,,
6.257,0.5000,0.5000,0.5000,0.5000,2.97,1.50,0.373,,1,0,,,,,,-0.85304,1.06848,,,,
6.285,0.5000,0.5000,0.5000,0.5000,2.97,1.22,0.373,,1,0,,,,,,-0.82972,1.06484,,,,
6.311,0.5000,0.5000,0.5000,0.5000,2.99,1.08,0.379,,1,0,,,,,,-0.82507,1.08547,,,,
6.351,0.5000,0.5000,0.5000,0.5000,3.01,1.01,0.382,,1,0,,,,,,-0.85620,1.08338,,,,
6.381,0.5000,0.5000,0.5000,0.5000,3.03,1.13,0.382,,1,0,,,,,,-0.87234,1.07983,,,,
6.417,0.5000,0.5000,0.5000,0.5000,3.05,1.28,0.380,,1,0,,,,,,-0.88920,1.07928,,,,
6.438,0.5000,0.5000,0.5000,0.5000,3.04,1.63,0.378,,1,0,,,,,,-0.90695,1.08605,,,,
6.480,0.5000,0.5000,0.5000,0.5000,3.02,2.06,0.386,,1,0,,,,,,-0.95236,1.10715,,,,
6.513,0.5000,0.5000,0.5000,0.5000,2.96,2.55,0.379,,1,0,,,,,,-0.99755,1.12323,,,,
6.541,0.5000,0.5000,0.5000,0.5000,2.92,2.98,0.381,,1,0,,,,,,-1.04436,1.12250,,,,
6.606,0.5000,0.5000,0.5000,0.5000,2.86,3.57,0.377,,1,0,,,,,,-1.09881,1.13365,,,,
6.652,0.5000,0.5000,0.5000,0.5000,2.81,4.00,0.366,,1,0,,,,,,-1.19430,1.14405,,,,
6.679,0.5000,0.5000,0.5000,0.5000,2.78,4.30,0.367,,1,0,,,,,,-1.25294,1.16150,,,,
6.716,0.5000,0.5000,0.5000,0.5000,2.75,4.55,0.368,,1,0,,,,,,-1.27590,1.16715,,,,
6.745,0.5000,0.5000,0.5000,0.5000,2.72,4.82,0.369,,1,0,,,,,,-1.29947,1.16627,,,,
6.774,0.5000,0.5000,0.5000,0.5000,2.69,5.09,0.370,,1,0,,,,,,-1.33350,1.16291,,,,
6.793,0.5000,0.5000,0.5000,0.5000,2.66,5.35,0.371,,1,0,,,,,,-1.37117,1.16570,,,,
6.826,0.5000,0.5000,0.5000,0.5000,2.62,5.55,0.370,,1,0,,,,,,-1.43015,1.17309,,,,
6.854,0.5000,0.5000,0.5000,0.5000,2.59,5.71,0.369,,1,0,,,,,,-1.45447,1.17450,,,,
6.871,0.5000,0.5000,0.5000,0.5000,2.56,5.87,0.371,,1,0,,,,,,-1.48497,1.16838,,,,
6.907,0.5000,0.5000,0.5000,0.5000,2.53,6.09,0.374,,1,0,,,,,,-1.53313,1.16915,,,,
6.943,0.5000,0.5000,0.5000,0.5000,2.50,6.25,0.375,,1,0,,,,,,-1.55215,1.16810,,,,
7.007,0.5000,0.5000,0.5000,0.5000,2.49,6.17,0.298,,1,0,,,,,,-1.63432,1.26028,,,,
7.039,0.5000,0.5000,0.5000,0.5000,2.45,6.01,0.179,,1,0,,,,,,-1.65327,1.37707,,,,
7.062,0.5000,0.5000,0.5000,0.5000,2.39,5.79,0.148,,1,0,,,,,,-1.65251,1.52095,,,,
7.095,0.5000,0.5000,0.5000,0.5000,2.34,5.57,0.152,,1,0,,,,,,-1.66469,1.62565,,,,
7.126,0.5000,0.5000,0.5000,0.5000,2.29,5.37,0.136,,1,0,,,,,,-1.69644,1.69289,,,,
7.166,0.5000,0.5000,0.5000,0.5000,2.24,5.22,0.132,,1,0,,,,,,-1.73037,1.74656,,,,
7.207,0.5000,0.5000,0.5000,0.5000,2.15,5.10,0.133,,1,0,,,,,,-1.74051,1.72070,,,,
7.240,0.5000,0.5000,0.5000,0.5000,2.11,5.03,0.128,,1,0,,,,,,-1.74370,1.72676,,,,
7.274,0.5000,0.5000,0.5000,0.5000,2.08,4.98,0.126,,1,0,,,,,,-1.74365,1.72788,,,,
7.297,0.5000,0.5000,0.5000,0.5000,2.04,4.97,0.133,,1,0,,,,,,-1.76580,1.72590,,,,
7.332,0.5000,0.5000,0.5000,0.5000,2.01,4.96,0.138,,1,0,,,,,,-1.75461,1.70838,,,,
7.356,0.5000,0.5000,0.5000,0.5000,1.99,4.95,0.139,,1,0,,,,,,-1.75583,1.70525,,,,
7.407,0.5000,0.5000,0.5000,0.5000,1.95,5.30,0.349,,1,0,,,,,,-1.69723,1.39292,,,,
7.430,0.5000,0.5000,0.5000,0.5000,1.91,5.60,0.426,,1,0,,,,,,-1.69330,1.26181,,,,
7.463,0.5000,0.5000,0.5000,0.5000,1.88,5.97,0.460,,1,0,,,,,,-1.68438,1.19602,,,,
7.494,0.5000,0.5000,0.5000,0.5000,1.84,6.36,0.466,,1,0,,,,,,-1.67066,1.15199,,,,
7.527,0.5000,0.5000,0.5000,0.5000,1.81,6.73,0.458,,1,0,,,,,,-1.66622,1.13897,,,,
7.567,0.5000,0.5000,0.5000,0.5000,1.79,7.04,0.449,,1,0,,,,,,-1.66296,1.14277,,,,
7.598,0.5000,0.5000,0.5000,0.5000,1.76,7.28,0.439,,1,0,,,,,,-1.66149,1.14029,,,,
7.635,0.5000,0.5000,0.5000,0.5000,1.74,7.53,0.433,,1,0,,,,,,-1.63339,1.14038,,,,
7.653,0.5000,0.5000,0.5000,0.5000,1.73,7.71,0.433,,1,0,,,,,,-1.61330,1.13731,,,,
7.695,0.5000,0.5000,0.5000,0.5000,1.73,7.90,0.437,,1,0,,,,,,-1.58838,1.13429,,,,
7.725,0.5000,0.5000,0.5000,0.5000,1.72,8.10,0.436,,1,0,,,,,,-1.56632,1.13462,,,,
7.771,0.5000,0.5000,0.5000,0.5000,1.73,8.33,0.430,,1,0,,,,,,-1.54606,1.13847,,,,
7.808,0.5000,0.5000,0.5000,0.5000,1.74,8.53,0.428,,1,0,,,,,,-1.50863,1.14360,,,,
7.840,0.5000,0.5000,0.5000,0.5000,1.75,8.71,0.425,,1,0,,,,,,-1.46733,1.14049,,,,
7.862,0.5000,0.5000,0.5000,0.5000,1.75,8.79,0.424,,1,0,,,,,,-1.43093,1.14106,,,,
7.895,0.5000,0.5000,0.5000,0.5000,1.76,8.94,0.426,,1,0,,,,,,-1.35502,1.13051,,,,
7.936,0.5000,0.5000,0.5000,0.5000,1.77,9.00,0.425,,1,0,,,,,,-1.29785,1.11799,,,,
7.968,0.5000,0.5000,0.5000,0.5000,1.80,9.07,0.425,,1,0,,,,,,-1.25089,1.11326,,,,
7.991,0.5000,0.5000,0.5000,0.5000,1.82,9.15,0.425,,1,0,,,,,,-1.20556,1.10097,,,,
8.023,0.5000,0.5000,0.5000,0.5000,1.87,9.18,0.423,,1,0,,,,,,-1.14573,1.08989,,,,
8.068,0.5000,0.5000,0.5000,0.5000,1.92,9.28,0.421,,1,0,,,,,,-1.11198,1.07245,,,,
8.087,0.5000,0.5000,0.5000,0.5000,1.98,9.26,0.420,,1,0,,,,,,-1.06583,1.07973,,,,
8.125,0.5000,0.5000,0.5000,0.5000,2.04,9.35,0.415,,1,0,,,,,,-0.99109,1.07475,,,,
8.157,0.5000,0.5000,0.5000,0.5000,2.10,9.44,0.416,,1,0,,,,,,-0.94501,1.07054,,,,
8.192,0.5000,0.5000,0.5000,0.5000,2.17,9.55,0.416,,1,0,,,,,,-0.92011,1.05899,,,,
8.224,0.5000,0.5000,0.5000,0.5000,2.24,9.51,0.416,,1,0,,,,,,-0.89055,1.06264,,,,
8.257,0.5000,0.5000,0.5000,0.5000,2.30,9.51,0.416,,1,0,,,,,,-0.86854,1.06179,,,,
8.287,0.5000,0.5000,0.5000,0.5000,2.36,9.48,0.414,,1,0,,,,,,-0.85068,1.06165,,,,
8.321,0.5000,0.5000,0.5000,0.5000,2.41,9.54,0.413,,1,0,,,,,,-0.82638,1.06257,,,,
8.365,0.5000,0.5000,0.5000,0.5000,2.47,9.74,0.407,,1,0,,,,,,-0.81494,1.04583,,,,
8.391,0.5000,0.5000,0.5000,0.5000,2.50,9.80,0.410,,1,0,,,,,,-0.75587,1.04805,,,,
8.422,0.5000,0.5000,0.5000,0.5000,2.54,9.89,0.407,,1,0,,,,,,-0.70551,1.01080,,,,
8.465,0.5000,0.5000,0.5000,0.5000,2.58,9.90,0.392,,1,0,,,,,,-0.61560,0.95430,,,,
8.490,0.5000,0.5000,0.5000,0.5000,2.60,9.97,0.394,,1,0,,,,,,-0.47231,0.82644,,,,
8.530,0.5000,0.5000,0.5000,0.5000,2.62,10.05,0.388,,1,0,,,,,,-0.26245,0.67833,,,,
8.560,0.5000,0.5000,0.5000,0.5000,2.65,10.27,0.385,,1,0,,,,,,-0.05865,0.53712,,,,
8.590,0.5000,0.5000,0.5000,0.5000,2.67,10.40,0.399,,1,0,,,,,,0.10198,0.34229,,,,
8.622,0.5000,0.5000,0.5000,0.5000,2.71,10.36,0.413,,1,0,,,,,,0.33032,0.16399,,,,
8.651,0.5000,0.5000,0.5000,0.5000,2.72,10.14,0.413,,1,0,,,,,,0.70219,0.00892,,,,
8.688,0.5000,0.5000,0.5000,0.5000,2.64,9.36,0.411,,1,0,,,,,,1.02453,-0.09083,,,,
8.722,0.5000,0.5000,0.5000,0.5000,2.52,8.41,0.411,,1,0,,,,,,1.29705,-0.13921,,,,
8.750,0.5000,0.5000,0.5000,0.5000,2.46,7.82,0.417,,1,0,,,,,,1.45067,-0.14246,,,,
8.784,0.5000,0.5000,0.5000,0.5000,2.37,7.02,0.412,,1,0,,,,,,1.55607,-0.13911,,,,
8.809,0.5000,0.5000,0.5000,0.5000,2.29,6.05,0.414,,1,0,,,,,,1.56907,-0.10795,,,,
8.839,0.5000,0.5000,0.5000,0.5000,2.31,5.39,0.423,,1,0,,,,,,1.50564,-0.06450,,,,
8.880,0.5000,0.5000,0.5000,0.5000,2.23,4.36,0.417,,1,0,,,,,,1.40589,0.04182,,,,
8.925,0.5000,0.5000,0.5000,0.5000,2.23,3.35,0.418,,1,0,,,,,,1.26861,0.29348,,,,
8.963,0.5000,0.5000,0.5000,0.5000,2.21,2.47,0.404,,1,0,,,,,,1.29097,0.47414,,,,
8.989,0.5000,0.5000,0.5000,0.5000,2.35,2.10,0.423,,1,0,,,,,,1.05851,0.59814,,,,
9.023,0.5000,0.5000,0.5000,0.5000,2.50,2.29,0.418,,1,0,,,,,,0.73988,0.67142,,,,
9.058,0.5000,0.5000,0.5000,0.5000,2.67,2.62,0.414,,1,0,,,,,,0.54432,0.79259,,,,
9.079,0.5000,0.5000,0.5000,0.5000,2.77,3.23,0.402,,1,0,,,,,,0.50841,0.94736,,,,
9.122,0.5000,0.5000,0.5000,0.5000,2.84,3.87,0.404,,1,0,,,,,,0.48911,1.09177,,,,
9.151,0.5000,0.5000,0.5000,0.5000,2.92,4.44,0.402,,1,0,,,,,,0.48077,1.23460,,,,
9.180,0.5000,0.5000,0.5000,0.5000,3.05,4.93,0.405,,1,0,,,,,,0.46336,1.33688,,,,
9.209,0.5000,0.5000,0.5000,0.5000,3.16,5.41,0.405,,1,0,,,,,,0.49826,1.41149,,,,
9.240,0.5000,0.5000,0.5000,0.5000,3.25,5.92,0.400,,1,0,,,,,,0.50648,1.47944,,,,
9.273,0.5000,0.5000,0.5000,0.5000,3.28,6.71,0.403,,1,0,,,,,,0.53476,1.52017,,,,
9.312,0.5000,0.5000,0.5000,0.5000,3.30,7.54,0.406,,1,0,,,,,,0.68244,1.58339,,,,
9.343,0.5000,0.5000,0.5000,0.5000,3.36,8.33,0.395,,1,0,,,,,,0.87183,1.62371,,,,
9.398,0.5000,0.5000,0.5000,0.5000,3.70,8.81,0.385,,1,0,,,,,,1.10479,1.66512,,,,
9.445,0.5000,0.5000,0.5000,0.5000,3.86,9.08,0.396,,1,0,,,,,,1.24553,1.66846,,,,
9.488,0.5000,0.5000,0.5000,0.5000,4.06,9.51,0.401,,1,0,,,,,,1.31981,1.64515,,,,
9.520,0.5000,0.5000,0.5000,0.5000,4.16,9.82,0.401,,1,0,,,,,,1.35218,1.65164,,,,
9.541,0.5000,0.5000,0.5000,0.5000,4.24,10.04,0.402,,1,0,,,,,,1.37431,1.65670,,,,
9.578,0.5000,0.5000,0.5000,0.5000,4.35,10.25,0.399,,1,0,,,,,,1.36871,1.63435,,,,
9.596,0.5000,0.5000,0.5000,0.5000,4.42,10.38,0.400,,1,0,,,0,0.5000,0.5000,1.33913,1.60353,,,,
9.626,0.5000,0.5000,0.5000,0.5000,4.50,10.58,0.400,,1,0,,,0,0.5000,0.5000,1.31285,1.60280,,,,
9.656,0.5000,0.5000,0.5000,0.5000,4.59,10.74,0.399,,1,0,,,0,0.5000,0.5000,1.29376,1.59966,,,,
9.684,0.5000,0.5000,0.5000,0.5000,4.66,10.85,0.401,,1,0,,,0,0.5000,0.5000,1.23377,1.58085,,,,
9.709,0.5000,0.5000,0.5000,0.5000,4.70,11.06,0.401,,1,0,,,0,0.5000,0.5000,1.12216,1.53941,,,,
9.746,0.5000,0.5000,0.5000,0.5000,4.73,11.29,0.390,,1,0,,,0,0.5000,0.5000,1.05809,1.52311,,,,
9.809,0.5000,0.5000,0.5000,0.5000,4.74,11.75,0.404,,1,0,,,0,0.5000,0.5000,0.85291,1.44854,,,,
9.840,0.5000,0.5000,0.5000,0.5000,4.74,12.01,0.394,,1,0,,,0,0.5000,0.5000,0.75911,1.42616,,,,
9.862,0.5000,0.5000,0.5000,0.5000,4.73,12.34,0.394,,1,0,,,0,0.5000,0.5000,0.70021,1.39960,,,,
9.903,0.5000,0.5000,0.5000,0.5000,4.73,12.62,0.390,,1,0,,,0,0.5000,0.5000,0.60215,1.37505,,,,
9.935,0.5000,0.5000,0.5000,0.5000,4.71,12.90,0.383,,1,0,,,0,0.5000,0.5000,0.52995,1.35544,,,,
9.959,0.5000,0.5000,0.5000,0.5000,4.71,13.16,0.376,,1,0,,,0,0.5000,0.5000,0.47387,1.34148,,,,
10.000,0.5000,0.5000,0.5000,0.5000,4.70,13.45,0.379,,1,0,,,0,0.5000,0.5000,0.42546,1.30866,,,,
10.049,0.5000,0.5000,0.5000,0.5000,4.67,13.79,0.378,,1,0,,,0,0.5000,0.5000,0.33691,1.29204,,,,
10.082,0.5000,0.5000,0.5000,0.5000,4.65,13.99,0.380,,1,0,,,0,0.5000,0.5000,0.30874,1.25399,,,,
10.111,0.5000,0.5000,0.5000,0.5000,4.64,14.17,0.381,,1,0,,,0,0.5000,0.5000,0.29249,1.25537,,,,
10.138,0.5000,0.5000,0.5000,0.5000,4.63,14.34,0.381,,1,0,,,0,0.5000,0.5000,0.27782,1.23208,,,,
10.156,0.5000,0.5000,0.5000,0.5000,4.62,14.49,0.383,,1,0,,,0,0.5000,0.5000,0.26221,1.20817,,,,
10.210,0.5000,0.5000,0.5000,0.5000,4.60,14.77,0.386,,1,0,,,0,0.5000,0.5000,0.27186,1.15313,,,,
10.239,0.5000,0.5000,0.5000,0.5000,4.58,14.95,0.385,,1,0,,,0,0.5000,0.5000,0.28092,1.12369,,,,
10.273,0.5000,0.5000,0.5000,0.5000,4.57,15.12,0.393,,1,0,,,0,0.5000,0.5000,0.29228,1.10911,,,,
10.305,0.5000,0.5000,0.5000,0.5000,4.55,15.29,0.382,,1,0,,,0,0.5000,0.5000,0.30517,1.09000,,,,
10.338,0.5000,0.5000,0.5000,0.5000,4.51,15.45,0.381,,1,0,,,0,0.5000,0.5000,0.35777,1.07883,,,,
10.367,0.5000,0.5000,0.5000,0.5000,4.48,15.57,0.382,,1,0,,,0,0.5000,0.5000,0.42789,1.07182,,,,
10.398,0.5000,0.5000,0.5000,0.5000,4.44,15.67,0.383,,1,0,,,0,0.5000,0.5000,0.48885,1.06019,,,,
10.431,0.5000,0.5000,0.5000,0.5000,4.41,15.77,0.384,,1,0,,,0,0.5000,0.5000,0.56078,1.06672,,,,
10.464,0.5000,0.5000,0.5000,0.5000,4.39,15.87,0.386,,1,0,,,0,0.5000,0.5000,0.60249,1.06758,,,,
10.490,0.5000,0.5000,0.5000,0.5000,4.35,15.98,0.389,,1,0,,,0,0.5000,0.5000,0.63261,1.06849,,,,
10.531,0.5000,0.5000,0.5000,0.5000,4.33,16.02,0.391,,1,0,,,0,0.5000,0.5000,0.64575,1.05947,,,,
10.556,0.5000,0.5000,0.5000,0.5000,4.30,16.06,0.392,,1,0,,,0,0.5000,0.5000,0.63821,1.05024,,,,
10.594,0.5000,0.5000,0.5000,0.5000,4.27,16.13,0.391,,1,0,,,0,0.5000,0.5000,0.63192,1.04897,,,,
10.639,0.5000,0.5000,0.5000,0.5000,4.23,16.20,0.390,,1,0,,,0,0.5000,0.5000,0.62298,1.04874,,,,
10.672,0.5000,0.5000,0.5000,0.5000,4.20,16.27,0.389,,1,0,,,0,0.5000,0.5000,0.61782,1.05060,,,,
10.706,0.5000,0.5000,0.5000,0.5000,4.16,16.29,0.389,,1,0,,,0,0.5000,0.5000,0.60519,1.04200,,,,
10.734,0.5000,0.5000,0.5000,0.5000,4.13,16.37,0.387,,1,0,,,0,0.5000,0.5000,0.58064,1.04366,,,,
10.770,0.5000,0.5000,0.5000,0.5000,4.10,16.38,0.389,,1,0,,,0,0.5000,0.5000,0.54757,1.04517,,,,
10.801,0.5000,0.5000,0.5000,0.5000,4.08,16.40,0.386,,1,0,,,0,0.5000,0.5000,0.50538,1.06372,,,,
10.831,0.5000,0.5000,0.5000,0.5000,4.04,16.44,0.390,,1,0,,,0,0.5000,0.5000,0.45489,1.06472,,,,
10.855,0.5000,0.5000,0.5000,0.5000,4.00,16.48,0.391,,1,0,,,0,0.5000,0.5000,0.41858,1.05693,,,,
10.895,0.5000,0.5000,0.5000,0.5000,3.96,16.57,0.388,,1,0,,,0,0.5000,0.5000,0.37277,1.05708,,,,
10.929,0.5000,0.5000,0.5000,0.5000,3.93,16.64,0.388,,1,0,,,0,0.5000,0.5000,0.35114,1.05656,,,,
10.956,0.5000,0.5000,0.5000,0.5000,3.90,16.70,0.390,,1,0,,,0,0.5000,0.5000,0.34931,1.05443,,,,
13.163,0.5000,0.5000,0.5000,0.5000,3.69,17.53,0.390,,1,0,,,0,0.5000,0.5000,0.34036,0.99345,,,,
13.289,0.5000,0.5000,0.5000,0.5000,3.67,17.67,0.373,,1,0,,,1,0.1000,0.1000,0.09833,0.97581,,,,
13.317,0.5000,0.5000,0.5000,0.5000,3.67,17.71,0.376,,1,0,,,1,0.1000,0.1000,0.06341,0.97209,,,,
13.338,0.5000,0.5000,0.5000,0.5000,3.68,17.73,0.380,,1,0,,,1,0.1000,0.1000,0.02525,0.96753,,,,
13.368,0.5000,0.5000,0.5000,0.5000,3.68,17.78,0.381,,1,0,,,1,0.1000,0.1000,0.02039,0.96408,,,,
13.385,0.5000,0.5000,0.5000,0.5000,3.69,17.82,0.380,,1,0,,,1,0.1000,0.1000,0.00478,0.96518,,,,
13.414,0.5000,0.5000,0.5000,0.5000,3.71,17.84,0.381,,1,0,,,1,0.1000,0.1000,-0.00372,0.96171,,,,
13.462,0.5000,0.5000,0.5000,0.5000,3.74,17.87,0.379,,1,0,,,1,0.1000,0.1000,-0.00937,0.95960,,,,
13.494,0.5000,0.5000,0.5000,0.5000,3.77,17.90,0.380,,1,0,,,1,0.1000,0.1000,-0.01084,0.95831,,,,
13.526,0.5000,0.5000,0.5000,0.5000,3.79,17.90,0.379,,1,0,,,1,0.1000,0.1000,-0.02088,0.96314,,,,
13.558,0.5000,0.5000,0.5000,0.5000,3.82,17.92,0.380,,1,0,,,1,0.1000,0.1000,-0.01820,0.96366,,,,
13.598,0.5000,0.5000,0.5000,0.5000,3.84,17.93,0.378,,1,0,,,1,0.1000,0.1000,-0.02813,0.96700,,,,
13.622,0.5000,0.5000,0.5000,0.5000,3.87,17.92,0.378,,1,0,,,1,0.1000,0.1000,-0.02918,0.96792,,,,
13.665,0.5000,0.5000,0.5000,0.5000,3.89,17.92,0.376,,1,0,,,1,0.1000,0.1000,-0.03198,0.96968,,,,
13.699,0.5000,0.5000,0.5000,0.5000,3.91,17.94,0.375,,1,0,,,1,0.1000,0.1000,-0.02833,0.97014,,,,
13.727,0.5000,0.5000,0.5000,0.5000,3.93,17.97,0.377,,1,0,,,1,0.1000,0.1000,-0.04073,0.97386,,,,
13.759,0.5000,0.5000,0.5000,0.5000,3.95,17.98,0.382,,1,0,,,1,0.1000,0.1000,-0.15772,0.96944,,,,
13.791,0.5000,0.5000,0.5000,0.5000,3.94,17.97,0.400,,1,0,,,1,0.1000,0.1000,-0.27392,0.96823,,,,
13.815,0.5000,0.5000,0.5000,0.5000,3.92,17.99,0.419,,1,0,,,1,0.1000,0.1000,-0.35235,0.96019,,,,
13.855,0.5000,0.5000,0.5000,0.5000,3.89,18.00,0.423,,1,0,,,1,0.1000,0.1000,-0.38597,0.94380,,,,
13.879,0.5000,0.5000,0.5000,0.5000,3.87,18.03,0.430,,1,0,,,1,0.1000,0.1000,-0.41716,0.93192,,,,
13.921,0.5000,0.5000,0.5000,0.5000,3.85,18.06,0.429,,1,0,,,1,0.1000,0.1000,-0.44664,0.93650,,,,
13.943,0.5000,0.5000,0.5000,0.5000,3.83,18.15,0.431,,1,0,,,1,0.1000,0.1000,-0.45926,0.93275,,,,
13.975,0.5000,0.5000,0.5000,0.5000,3.80,18.26,0.436,,1,0,,,1,0.1000,0.1000,-0.46136,0.91961,,,,
14.023,0.5000,0.5000,0.5000,0.5000,3.76,18.44,0.438,,1,0,,,1,0.1000,0.1000,-0.45444,0.90354,,,,
14.055,0.5000,0.5000,0.5000,0.5000,3.73,18.57,0.442,,1,0,,,1,0.1000,0.1000,-0.45523,0.88814,,,,
14.089,0.5000,0.5000,0.5000,0.5000,3.70,18.68,0.445,,1,0,,,1,0.1000,0.1000,-0.45017,0.87885,,,,
14.118,0.5000,0.5000,0.5000,0.5000,3.69,18.78,0.442,,1,0,,,1,0.1000,0.1000,-0.44408,0.86810,,,,
14.160,0.5000,0.5000,0.5000,0.5000,3.67,18.88,0.444,,1,0,,,1,0.1000,0.1000,-0.43995,0.86199,,,,
14.192,0.5000,0.5000,0.5000,0.5000,3.65,18.97,0.443,,1,0,,,1,0.1000,0.1000,-0.43682,0.84941,,,,
14.214,0.5000,0.5000,0.5000,0.5000,3.64,19.08,0.444,,1,0,,,1,0.1000,0.1000,-0.42804,0.83762,,,,
14.255,0.5000,0.5000,0.5000,0.5000,3.62,19.18,0.446,,1,0,,,1,0.1000,0.1000,-0.42527,0.83687,,,,
14.287,0.5000,0.5000,0.5000,0.5000,3.61,19.22,0.443,,1,0,,,1,0.1000,0.1000,-0.42536,0.84155,,,,
14.316,0.5000,0.5000,0.5000,0.5000,3.60,19.26,0.440,,1,0,,,1,0.1000,0.1000,-0.40136,0.83944,,,,
14.343,0.5000,0.5000,0.5000,0.5000,3.59,19.28,0.440,,1,0,,,1,0.1000,0.1000,-0.35820,0.82317,,,,
14.374,0.5000,0.5000,0.5000,0.5000,3.59,19.30,0.436,,1,0,,,1,0.1000,0.1000,-0.33468,0.82723,,,,
14.421,0.5000,0.5000,0.5000,0.5000,3.59,19.27,0.434,,1,0,,,1,0.1000,0.1000,-0.30734,0.84016,,,,
14.448,0.5000,0.5000,0.5000,0.5000,3.59,19.26,0.436,,1,0,,,1,0.1000,0.1000,-0.26973,0.84073,,,,
14.480,0.5000,0.5000,0.5000,0.5000,3.58,19.29,0.437,,1,0,,,1,0.1000,0.1000,-0.25784,0.85347,,,,
14.514,0.5000,0.5000,0.5000,0.5000,3.56,19.30,0.437,,1,0,,,1,0.1000,0.1000,-0.22995,0.85812,,,,
14.553,0.5000,0.5000,0.5000,0.5000,3.55,19.31,0.437,,1,0,,,1,0.1000,0.1000,-0.21461,0.86137,,,,
14.573,0.5000,0.5000,0.5000,0.5000,3.53,19.31,0.439,,1,0,,,1,0.1000,0.1000,-0.18890,0.86075,,,,
14.623,0.5000,0.5000,0.5000,0.5000,3.51,19.29,0.438,,1,0,,,1,0.1000,0.1000,-0.16272,0.85356,,,,
14.653,0.5000,0.5000,0.5000,0.5000,3.50,19.28,0.437,,1,0,,,1,0.1000,0.1000,-0.15931,0.85331,,,,
14.686,0.5000,0.5000,0.5000,0.5000,3.48,19.31,0.440,,1,0,,,1,0.1000,0.1000,-0.15605,0.85179,,,,
14.718,0.5000,0.5000,0.5000,0.5000,3.46,19.32,0.439,,1,0,,,1,0.1000,0.1000,-0.15423,0.85194,,,,
14.741,0.5000,0.5000,0.5000,0.5000,3.44,19.33,0.439,,1,0,,,1,0.1000,0.1000,-0.15270,0.85212,,,,
14.774,0.5000,0.5000,0.5000,0.5000,3.42,19.34,0.438,,1,0,,,1,0.1000,0.1000,-0.15142,0.85342,,,,
14.815,0.5000,0.5000,0.5000,0.5000,3.41,19.35,0.437,,1,0,,,1,0.1000,0.1000,-0.15877,0.85803,,,,
14.839,0.5000,0.5000,0.5000,0.5000,3.40,19.37,0.436,,1,0,,,1,0.1000,0.1000,-0.16669,0.86236,,,,
14.871,0.5000,0.5000,0.5000,0.5000,3.39,19.39,0.436,,1,0,,,1,0.1000,0.1000,-0.17686,0.86730,,,,
14.912,0.5000,0.5000,0.5000,0.5000,3.38,19.40,0.438,,1,0,,,1,0.1000,0.1000,-0.18390,0.86976,,,,
14.936,0.5000,0.5000,0.5000,0.5000,3.38,19.39,0.436,,1,0,,,1,0.1000,0.1000,-0.19093,0.86831,,,,
14.974,0.5000,0.5000,0.5000,0.5000,3.37,19.43,0.436,,1,0,,,1,0.1000,0.1000,-0.20267,0.86863,,,,
15.042,0.5000,0.5000,0.5000,0.5000,3.35,19.46,0.435,,1,0,,,1,0.1000,0.1000,-0.27380,0.88896,,,,
15.071,0.5000,0.5000,0.5000,0.5000,3.34,19.46,0.434,,1,0,,,1,0.1000,0.1000,-0.27596,0.88911,,,,
15.103,0.5000,0.5000,0.5000,0.5000,3.33,19.50,0.432,,1,0,,,1,0.1000,0.1000,-0.27735,0.88670,,,,
15.127,0.5000,0.5000,0.5000,0.5000,3.32,19.54,0.434,,1,0,,,1,0.1000,0.1000,-0.29154,0.88635,,,,
15.185,0.5000,0.5000,0.5000,0.5000,3.30,19.59,0.434,,1,0,,,1,0.1000,0.1000,-0.30422,0.88262,,,,
15.215,0.5000,0.5000,0.5000,0.5000,3.29,19.61,0.433,,1,0,,,1,0.1000,0.1000,-0.31407,0.88305,,,,
15.235,0.5000,0.5000,0.5000,0.5000,3.29,19.62,0.432,,1,0,,,1,0.1000,0.1000,-0.31792,0.88116,,,,
15.259,0.5000,0.5000,0.5000,0.5000,3.28,19.62,0.432,,1,0,,,1,0.1000,0.1000,-0.31825,0.88062,,,,
15.287,0.5000,0.5000,0.5000,0.5000,3.28,19.63,0.433,,1,0,,,1,0.1000,0.1000,-0.30830,0.87379,,,,
15.315,0.5000,0.5000,0.5000,0.5000,3.28,19.62,0.435,,1,0,,,1,0.1000,0.1000,-0.31728,0.87107,,,,
15.355,0.5000,0.5000,0.5000,0.5000,3.28,19.62,0.432,,1,0,,,1,0.1000,0.1000,-0.31616,0.86950,,,,
15.376,0.5000,0.5000,0.5000,0.5000,3.28,19.61,0.434,,1,0,,,1,0.1000,0.1000,-0.31819,0.86237,,,,
15.430,0.5000,0.5000,0.5000,0.5000,3.28,19.61,0.436,,1,0,,,1,0.1000,0.1000,-0.32518,0.86426,,,,
15.488,0.5000,0.5000,0.5000,0.5000,3.29,19.63,0.437,,1,0,,,1,0.1000,0.1000,-0.32689,0.86471,,,,
15.515,0.5000,0.5000,0.5000,0.5000,3.30,19.65,0.438,,1,0,,,1,0.1000,0.1000,-0.33866,0.86426,,,,
15.539,0.5000,0.5000,0.5000,0.5000,3.30,19.66,0.438,,1,0,,,1,0.1000,0.1000,-0.33994,0.86402,,,,
15.574,0.5000,0.5000,0.5000,0.5000,3.30,19.68,0.438,,1,0,,,1,0.1000,0.1000,-0.35015,0.87067,,,,
15.611,0.5000,0.5000,0.5000,0.5000,3.30,19.71,0.436,,1,0,,,1,0.1000,0.1000,-0.37168,0.87299,,,,
15.629,0.5000,0.5000,0.5000,0.5000,3.31,19.76,0.435,,1,0,,,1,0.1000,0.1000,-0.38735,0.88522,,,,
15.665,0.5000,0.5000,0.5000,0.5000,3.31,19.78,0.433,,1,0,,,1,0.1000,0.1000,-0.40403,0.88202,,,,
15.695,0.5000,0.5000,0.5000,0.5000,3.32,19.79,0.434,,1,0,,,1,0.1000,0.1000,-0.43885,0.89592,,,,
15.735,0.5000,0.5000,0.5000,0.5000,3.32,19.80,0.432,,1,0,,,1,0.1000,0.1000,-0.46420,0.89644,,,,
15.766,0.5000,0.5000,0.5000,0.5000,3.32,19.81,0.431,,1,0,,,1,0.1000,0.1000,-0.47987,0.89520,,,,
15.803,0.5000,0.5000,0.5000,0.5000,3.33,19.83,0.431,,1,0,,,1,0.1000,0.1000,-0.48334,0.89316,,,,
15.836,0.5000,0.5000,0.5000,0.5000,3.33,19.83,0.433,,1,0,,,1,0.1000,0.1000,-0.50319,0.89510,,,,
15.862,0.5000,0.5000,0.5000,0.5000,3.33,19.86,0.434,,1,0,,,1,0.1000,0.1000,-0.53235,0.89870,,,,
15.910,0.5000,0.5000,0.5000,0.5000,3.33,19.92,0.435,,1,0,,,1,0.1000,0.1000,-0.54472,0.89683,,,,
15.933,0.5000,0.5000,0.5000,0.5000,3.33,19.94,0.436,,1,0,,,1,0.1000,0.1000,-0.55858,0.89880,,,,
15.969,0.5000,0.5000,0.5000,0.5000,3.33,19.96,0.434,,1,0,,,1,0.1000,0.1000,-0.60686,0.90129,,,,
15.996,0.5000,0.5000,0.5000,0.5000,3.33,19.97,0.434,,1,0,,,1,0.1000,0.1000,-0.60706,0.89667,,,,
16.031,0.5000,0.5000,0.5000,0.5000,3.34,19.98,0.433,,1,0,,,1,0.1000,0.1000,-0.61942,0.89855,,,,
16.064,0.5000,0.5000,0.5000,0.5000,3.35,20.01,0.435,,1,0,,,1,0.1000,0.1000,-0.64137,0.89987,,,,
16.087,0.5000,0.5000,0.5000,0.5000,3.35,20.05,0.434,,1,0,,,1,0.1000,0.1000,-0.64960,0.89884,,,,
16.126,0.5000,0.5000,0.5000,0.5000,3.35,20.08,0.434,,1,0,,,1,0.1000,0.1000,-0.65156,0.89227,,,,
16.162,0.5000,0.5000,0.5000,0.5000,3.36,20.13,0.435,,1,0,,,1,0.1000,0.1000,-0.65036,0.89284,,,,
16.198,0.5000,0.5000,0.5000,0.5000,3.36,20.18,0.438,,1,0,,,2,0.9000,0.1000,-0.65528,0.89214,,,,
16.216,0.5000,0.5000,0.5000,0.5000,3.36,20.23,0.437,,1,0,,,2,0.9000,0.1000,-0.65955,0.89690,,,,
16.255,0.5000,0.5000,0.5000,0.5000,3.36,20.30,0.439,,1,0,,,2,0.9000,0.1000,-0.66642,0.90371,,,,
16.310,0.5000,0.5000,0.5000,0.5000,3.36,20.37,0.440,,1,0,,,2,0.9000,0.1000,-0.68470,0.90278,,,,
16.345,0.5000,0.5000,0.5000,0.5000,3.36,20.40,0.445,,1,0,,,2,0.9000,0.1000,-0.68465,0.93279,,,,
16.377,0.5000,0.5000,0.5000,0.5000,3.37,20.41,0.439,,1,0,,,2,0.9000,0.1000,-0.71457,0.94861,,,,
16.401,0.5000,0.5000,0.5000,0.5000,3.37,20.43,0.434,,1,0,,,2,0.9000,0.1000,-0.72803,0.95093,,,,
16.422,0.5000,0.5000,0.5000,0.5000,3.37,20.44,0.434,,1,0,,,2,0.9000,0.1000,-0.73941,0.95674,,,,
16.469,0.5000,0.5000,0.5000,0.5000,3.38,20.42,0.433,,1,0,,,2,0.9000,0.1000,-0.75338,0.96218,,,,
16.500,0.5000,0.5000,0.5000,0.5000,3.40,20.42,0.430,,1,0,,,2,0.9000,0.1000,-0.72847,0.96814,,,,
16.518,0.5000,0.5000,0.5000,0.5000,3.42,20.47,0.427,,1,0,,,2,0.9000,0.1000,-0.49329,0.95566,,,,
16.562,0.5000,0.5000,0.5000,0.5000,3.44,20.53,0.426,,1,0,,,2,0.9000,0.1000,-0.35774,0.97451,,,,
16.597,0.5000,0.5000,0.5000,0.5000,3.46,20.59,0.431,,1,0,,,2,0.9000,0.1000,-0.31626,0.98364,,,,
16.629,0.5000,0.5000,0.5000,0.5000,3.49,20.68,0.433,,1,0,,,2,0.9000,0.1000,-0.31718,0.99326,,,,
16.656,0.5000,0.5000,0.5000,0.5000,3.50,20.74,0.436,,1,0,,,2,0.9000,0.1000,-0.30116,0.99404,,,,
16.690,0.5000,0.5000,0.5000,0.5000,3.52,20.80,0.436,,1,0,,,2,0.9000,0.1000,-0.26141,1.01168,,,,
16.722,0.5000,0.5000,0.5000,0.5000,3.54,20.87,0.438,,1,0,,,2,0.9000,0.1000,-0.24845,1.01365,,,,
16.752,0.5000,0.5000,0.5000,0.5000,3.56,20.93,0.438,,1,0,,,2,0.9000,0.1000,-0.22380,1.01533,,,,
16.788,0.5000,0.5000,0.5000,0.5000,3.58,20.99,0.439,,1,0,,,2,0.9000,0.1000,-0.21306,1.00524,,,,
16.822,0.5000,0.5000,0.5000,0.5000,3.60,21.04,0.439,,1,0,,,2,0.9000,0.1000,-0.20804,1.00311,,,,
16.848,0.5000,0.5000,0.5000,0.5000,3.63,21.08,0.441,,1,0,,,2,0.9000,0.1000,-0.18391,1.01117,,,,
16.895,0.5000,0.5000,0.5000,0.5000,3.67,21.11,0.441,,1,0,,,2,0.9000,0.1000,-0.12810,1.01631,,,,
16.926,0.5000,0.5000,0.5000,0.5000,3.69,21.13,0.440,,1,0,,,2,0.9000,0.1000,-0.09076,1.01192,,,,
16.956,0.5000,0.5000,0.5000,0.5000,3.72,21.10,0.442,,1,0,,,2,0.9000,0.1000,-0.03550,1.00849,,,,
16.992,0.5000,0.5000,0.5000,0.5000,3.76,21.07,0.443,,1,0,,,2,0.9000,0.1000,0.00254,0.99954,,,,
17.026,0.5000,0.5000,0.5000,0.5000,3.78,21.10,0.446,,1,0,,,2,0.9000,0.1000,0.03578,0.99909,,,,
17.058,0.5000,0.5000,0.5000,0.5000,3.81,21.05,0.442,,1,0,,,2,0.9000,0.1000,0.11083,0.99773,,,,
17.088,0.5000,0.5000,0.5000,0.5000,3.83,20.97,0.436,,1,0,,,2,0.9000,0.1000,0.17702,0.98370,,,,
17.121,0.5000,0.5000,0.5000,0.5000,3.85,20.87,0.436,,1,0,,,2,0.9000,0.1000,0.21832,0.96039,,,,
17.151,0.5000,0.5000,0.5000,0.5000,3.87,20.79,0.438,,1,0,,,2,0.9000,0.1000,0.23122,0.94575,,,,
17.186,0.5000,0.5000,0.5000,0.5000,3.88,20.72,0.436,,1,0,,,2,0.9000,0.1000,0.29115,0.94795,,,,
17.207,0.5000,0.5000,0.5000,0.5000,3.89,20.65,0.433,,1,0,,,2,0.9000,0.1000,0.37120,0.95804,,,,
17.247,0.5000,0.5000,0.5000,0.5000,3.89,20.60,0.430,,1,0,,,2,0.9000,0.1000,0.47479,0.97637,,,,
17.284,0.5000,0.5000,0.5000,0.5000,3.87,20.53,0.429,,1,0,,,2,0.9000,0.1000,0.56251,0.99887,,,,
17.312,0.5000,0.5000,0.5000,0.5000,3.85,20.44,0.427,,1,0,,,2,0.9000,0.1000,0.64956,1.02833,,,,
17.335,0.5000,0.5000,0.5000,0.5000,3.80,20.38,0.419,,1,0,,,2,0.9000,0.1000,0.73010,1.04987,,,,
17.374,0.5000,0.5000,0.5000,0.5000,3.77,20.27,0.418,,1,0,,,2,0.9000,0.1000,0.79336,1.05236,,,,
17.465,0.5000,0.5000,0.5000,0.5000,3.70,20.06,0.418,,1,0,,,2,0.9000,0.1000,0.89586,1.06095,,,,
17.506,0.5000,0.5000,0.5000,0.5000,3.68,19.95,0.418,,1,0,,,2,0.9000,0.1000,0.94301,1.07643,,,,
17.533,0.5000,0.5000,0.5000,0.5000,3.67,19.85,0.417,,1,0,,,2,0.9000,0.1000,0.95188,1.07897,,,,
17.564,0.5000,0.5000,0.5000,0.5000,3.67,19.73,0.417,,1,0,,,2,0.9000,0.1000,0.96091,1.07603,,,,
17.582,0.5000,0.5000,0.5000,0.5000,3.66,19.66,0.417,,1,0,,,2,0.9000,0.1000,0.97796,1.07486,,,,
17.618,0.5000,0.5000,0.5000,0.5000,3.65,19.56,0.415,,1,0,,,2,0.9000,0.1000,0.98806,1.07627,,,,
17.648,0.5000,0.5000,0.5000,0.5000,3.65,19.45,0.416,,1,0,,,2,0.9000,0.1000,0.98140,1.07557,,,,
17.664,0.5000,0.5000,0.5000,0.5000,3.65,19.35,0.419,,1,0,,,2,0.9000,0.1000,1.00185,1.08839,,,,
17.703,0.5000,0.5000,0.5000,0.5000,3.65,19.25,0.419,,1,0,,,2,0.9000,0.1000,0.99656,1.09002,,,,
17.730,0.5000,0.5000,0.5000,0.5000,3.65,19.15,0.420,,1,0,,,2,0.9000,0.1000,0.98356,1.08814,,,,
17.752,0.5000,0.5000,0.5000,0.5000,3.66,19.07,0.421,,1,0,,,2,0.9000,0.1000,0.97928,1.08863,,,,
17.778,0.5000,0.5000,0.5000,0.5000,3.67,18.99,0.420,,1,0,,,2,0.9000,0.1000,0.93015,1.07724,,,,
17.845,0.5000,0.5000,0.5000,0.5000,3.71,19.01,0.426,,1,0,,,2,0.9000,0.1000,0.82513,1.06997,,,,
17.871,0.5000,0.5000,0.5000,0.5000,3.73,19.12,0.426,,1,0,,,2,0.9000,0.1000,0.73542,1.05091,,,,
17.904,0.5000,0.5000,0.5000,0.5000,3.74,19.19,0.428,,1,0,,,2,0.9000,0.1000,0.69070,1.04334,,,,
17.936,0.5000,0.5000,0.5000,0.5000,3.75,19.27,0.431,,1,0,,,2,0.9000,0.1000,0.62918,1.03344,,,,
17.960,0.5000,0.5000,0.5000,0.5000,3.76,19.34,0.433,,1,0,,,2,0.9000,0.1000,0.59061,1.01755,,,,
18.018,0.5000,0.5000,0.5000,0.5000,3.77,19.37,0.434,,1,0,,,2,0.9000,0.1000,0.54781,1.00155,,,,
18.048,0.5000,0.5000,0.5000,0.5000,3.77,19.42,0.434,,1,0,,,2,0.9000,0.1000,0.55906,0.99886,,,,
18.066,0.5000,0.5000,0.5000,0.5000,3.77,19.48,0.435,,1,0,,,2,0.9000,0.1000,0.56417,0.99570,,,,
18.103,0.5000,0.5000,0.5000,0.5000,3.79,19.54,0.434,,1,0,,,2,0.9000,0.1000,0.56388,0.98565,,,,
18.132,0.5000,0.5000,0.5000,0.5000,3.80,19.61,0.435,,1,0,,,2,0.9000,0.1000,0.55843,0.97740,,,,
18.157,0.5000,0.5000,0.5000,0.5000,3.81,19.67,0.435,,1,0,,,2,0.9000,0.1000,0.56018,0.97593,,,,
18.190,0.5000,0.5000,0.5000,0.5000,3.82,19.72,0.434,,1,0,,,2,0.9000,0.1000,0.58741,0.98058,,,,
18.230,0.5000,0.5000,0.5000,0.5000,3.84,19.81,0.433,,1,0,,,2,0.9000,0.1000,0.59271,0.97666,,,,
18.262,0.5000,0.5000,0.5000,0.5000,3.85,19.86,0.435,,1,0,,,2,0.9000,0.1000,0.59477,0.97458,,,,
18.295,0.5000,0.5000,0.5000,0.5000,3.87,19.88,0.435,,1,0,,,2,0.9000,0.1000,0.60044,0.97604,,,,
18.327,0.5000,0.5000,0.5000,0.5000,3.88,19.90,0.436,,1,0,,,2,0.9000,0.1000,0.60119,0.97587,,,,
18.366,0.5000,0.5000,0.5000,0.5000,3.90,19.91,0.436,,1,0,,,2,0.9000,0.1000,0.60820,0.96943,,,,
18.392,0.5000,0.5000,0.5000,0.5000,3.91,19.91,0.436,,1,0,,,2,0.9000,0.1000,0.61020,0.96504,,,,
18.429,0.5000,0.5000,0.5000,0.5000,3.93,19.94,0.434,,1,0,,,2,0.9000,0.1000,0.60764,0.96220,,,,
18.455,0.5000,0.5000,0.5000,0.5000,3.93,19.97,0.435,,1,0,,,2,0.9000,0.1000,0.59952,0.95638,,,,
18.488,0.5000,0.5000,0.5000,0.5000,3.94,20.00,0.431,,1,0,,,2,0.9000,0.1000,0.60149,0.95431,,,,
18.520,0.5000,0.5000,0.5000,0.5000,3.95,20.04,0.430,,1,0,,,2,0.9000,0.1000,0.59620,0.94846,,,,
18.577,0.5000,0.5000,0.5000,0.5000,3.97,20.12,0.431,,1,0,,,2,0.9000,0.1000,0.57720,0.94506,,,,
18.604,0.5000,0.5000,0.5000,0.5000,3.98,20.17,0.431,,1,0,,,2,0.9000,0.1000,0.56753,0.93933,,,,
18.639,0.5000,0.5000,0.5000,0.5000,3.99,20.24,0.431,,1,0,,,2,0.9000,0.1000,0.55337,0.94339,,,,
18.663,0.5000,0.5000,0.5000,0.5000,3.99,20.30,0.431,,1,0,,,2,0.9000,0.1000,0.54098,0.93832,,,,
18.701,0.5000,0.5000,0.5000,0.5000,3.99,20.36,0.432,,1,0,,,2,0.9000,0.1000,0.52097,0.93942,,,,
18.727,0.5000,0.5000,0.5000,0.5000,3.99,20.42,0.432,,1,0,,,2,0.9000,0.1000,0.50511,0.93503,,,,
18.759,0.5000,0.5000,0.5000,0.5000,3.99,20.47,0.431,,1,0,,,2,0.9000,0.1000,0.48935,0.93459,,,,
18.800,0.5000,0.5000,0.5000,0.5000,3.99,20.52,0.430,,1,0,,,2,0.9000,0.1000,0.47458,0.93091,,,,
18.823,0.5000,0.5000,0.5000,0.5000,3.99,20.58,0.431,,1,0,,,2,0.9000,0.1000,0.44830,0.92590,,,,
18.862,0.5000,0.5000,0.5000,0.5000,3.99,20.64,0.430,,1,0,,,2,0.9000,0.1000,0.43199,0.91912,,,,
18.895,0.5000,0.5000,0.5000,0.5000,4.00,20.69,0.429,,1,0,,,2,0.9000,0.1000,0.42754,0.91881,,,,
18.920,0.5000,0.5000,0.5000,0.5000,4.01,20.75,0.429,,1,0,,,2,0.9000,0.1000,0.41334,0.91908,,,,
18.961,0.5000,0.5000,0.5000,0.5000,4.01,20.78,0.432,,1,0,,,2,0.9000,0.1000,0.38747,0.91445,,,,
18.987,0.5000,0.5000,0.5000,0.5000,4.02,20.85,0.430,,1,0,,,2,0.9000,0.1000,0.37094,0.91524,,,,
19.022,0.5000,0.5000,0.5000,0.5000,4.03,20.91,0.427,,1,0,,,2,0.9000,0.1000,0.36107,0.91120,,,,
19.052,0.5000,0.5000,0.5000,0.5000,4.04,20.95,0.425,,1,0,,,2,0.9000,0.1000,0.34843,0.91280,,,,
19.085,0.5000,0.5000,0.5000,0.5000,4.04,21.00,0.425,,1,0,,,2,0.9000,0.1000,0.33695,0.91015,,,,
19.120,0.5000,0.5000,0.5000,0.5000,4.05,21.03,0.426,,1,0,,,2,0.9000,0.1000,0.33344,0.91116,,,,
19.159,0.5000,0.5000,0.5000,0.5000,4.06,21.06,0.424,,1,0,,,2,0.9000,0.1000,0.33258,0.91200,,,,
19.192,0.5000,0.5000,0.5000,0.5000,4.06,21.09,0.426,,1,0,,,2,0.9000,0.1000,0.33098,0.90754,,,,
19.229,0.5000,0.5000,0.5000,0.5000,4.06,21.12,0.426,,1,0,,,3,0.1000,0.9000,0.32853,0.90413,,,,
19.255,0.5000,0.5000,0.5000,0.5000,4.06,21.15,0.426,,1,0,,,3,0.1000,0.9000,0.32917,0.90223,,,,
19.294,0.5000,0.5000,0.5000,0.5000,4.06,21.18,0.428,,1,0,,,3,0.1000,0.9000,0.33116,0.89922,,,,
19.321,0.5000,0.5000,0.5000,0.5000,4.06,21.21,0.429,,1,0,,,3,0.1000,0.9000,0.33149,0.89501,,,,
19.362,0.5000,0.5000,0.5000,0.5000,4.06,21.24,0.426,,1,0,,,3,0.1000,0.9000,0.33651,0.89496,,,,
19.393,0.5000,0.5000,0.5000,0.5000,4.06,21.26,0.426,,1,0,,,3,0.1000,0.9000,0.33833,0.88901,,,,
19.422,0.5000,0.5000,0.5000,0.5000,4.06,21.28,0.425,,1,0,,,3,0.1000,0.9000,0.35446,0.89203,,,,
19.454,0.5000,0.5000,0.5000,0.5000,4.06,21.31,0.425,,1,0,,,3,0.1000,0.9000,0.35559,0.89021,,,,
19.490,0.5000,0.5000,0.5000,0.5000,4.06,21.34,0.426,,1,0,,,3,0.1000,0.9000,0.35437,0.88944,,,,
19.521,0.5000,0.5000,0.5000,0.5000,4.06,21.37,0.427,,1,0,,,3,0.1000,0.9000,0.36091,0.88943,,,,
19.548,0.5000,0.5000,0.5000,0.5000,4.06,21.39,0.427,,1,0,,,3,0.1000,0.9000,0.36177,0.88885,,,,
19.584,0.5000,0.5000,0.5000,0.5000,4.06,21.41,0.415,,1,0,,,3,0.1000,0.9000,0.29799,0.89715,,,,
19.614,0.5000,0.5000,0.5000,0.5000,4.07,21.41,0.365,,1,0,,,3,0.1000,0.9000,0.05759,0.94368,,,,
19.650,0.5000,0.5000,0.5000,0.5000,4.09,21.33,0.282,,1,0,,,3,0.1000,0.9000,-0.09041,1.04490,,,,
19.671,0.5000,0.5000,0.5000,0.5000,4.11,21.22,0.274,,1,0,,,3,0.1000,0.9000,-0.14842,1.05786,,,,
19.722,0.5000,0.5000,0.5000,0.5000,4.14,21.05,0.285,,1,0,,,3,0.1000,0.9000,-0.16053,1.04635,,,,
19.751,0.5000,0.5000,0.5000,0.5000,4.16,20.94,0.302,,1,0,,,3,0.1000,0.9000,-0.21055,1.04263,,,,
19.793,0.5000,0.5000,0.5000,0.5000,4.18,20.87,0.311,,1,0,,,3,0.1000,0.9000,-0.22802,1.04360,,,,
19.822,0.5000,0.5000,0.5000,0.5000,4.19,20.79,0.319,,1,0,,,3,0.1000,0.9000,-0.24610,1.04076,,,,
19.854,0.5000,0.5000,0.5000,0.5000,4.21,20.72,0.328,,1,0,,,3,0.1000,0.9000,-0.24632,1.05154,,,,
19.889,0.5000,0.5000,0.5000,0.5000,4.23,20.65,0.332,,1,0,,,3,0.1000,0.9000,-0.27696,1.05376,,,,
19.922,0.5000,0.5000,0.5000,0.5000,4.25,20.57,0.332,,1,0,,,3,0.1000,0.9000,-0.31336,1.05017,,,,
19.953,0.5000,0.5000,0.5000,0.5000,4.25,20.49,0.332,,1,0,,,3,0.1000,0.9000,-0.31912,1.05399,,,,
19.975,0.5000,0.5000,0.5000,0.5000,4.25,20.42,0.332,,1,0,,,3,0.1000,0.9000,-0.34034,1.04557,,,,
20.015,0.5000,0.5000,0.5000,0.5000,4.25,20.32,0.332,,1,0,,,3,0.1000,0.9000,-0.34436,1.04643,,,,
20.039,0.5000,0.5000,0.5000,0.5000,4.25,20.26,0.333,,1,0,,,3,0.1000,0.9000,-0.34712,1.05013,,,,
20.084,0.5000,0.5000,0.5000,0.5000,4.25,20.21,0.335,,1,0,,,3,0.1000,0.9000,-0.36717,1.05635,,,,
20.112,0.5000,0.5000,0.5000,0.5000,4.25,20.16,0.335,,1,0,,,3,0.1000,0.9000,-0.35461,1.05303,,,,
20.143,0.5000,0.5000,0.5000,0.5000,4.25,20.11,0.336,,1,0,,,3,0.1000,0.9000,-0.35346,1.05346,,,,
20.167,0.5000,0.5000,0.5000,0.5000,4.26,20.07,0.339,,1,0,,,3,0.1000,0.9000,-0.34919,1.05473,,,,
20.231,0.5000,0.5000,0.5000,0.5000,4.27,20.02,0.338,,1,0,,,3,0.1000,0.9000,-0.34775,1.05329,,,,
20.286,0.5000,0.5000,0.5000,0.5000,4.27,20.00,0.339,,1,0,,,3,0.1000,0.9000,-0.34983,1.05358,,,,
20.322,0.5000,0.5000,0.5000,0.5000,4.28,19.98,0.339,,1,0,,,3,0.1000,0.9000,-0.33528,1.04985,,,,
20.349,0.5000,0.5000,0.5000,0.5000,4.28,19.96,0.340,,1,0,,,3,0.1000,0.9000,-0.32382,1.04787,,,,
20.376,0.5000,0.5000,0.5000,0.5000,4.29,19.93,0.339,,1,0,,,3,0.1000,0.9000,-0.32464,1.04964,,,,
20.394,0.5000,0.5000,0.5000,0.5000,4.30,19.89,0.340,,1,0,,,3,0.1000,0.9000,-0.31489,1.05030,,,,
20.422,0.5000,0.5000,0.5000,0.5000,4.31,19.85,0.339,,1,0,,,3,0.1000,0.9000,-0.31350,1.05342,,,,
20.460,0.5000,0.5000,0.5000,0.5000,4.32,19.81,0.339,,1,0,,,3,0.1000,0.9000,-0.31174,1.05574,,,,
20.482,0.5000,0.5000,0.5000,0.5000,4.33,19.77,0.339,,1,0,,,3,0.1000,0.9000,-0.31073,1.05607,,,,
20.510,0.5000,0.5000,0.5000,0.5000,4.34,19.74,0.338,,1,0,,,3,0.1000,0.9000,-0.31012,1.05792,,,,
20.542,0.5000,0.5000,0.5000,0.5000,4.35,19.70,0.336,,1,0,,,3,0.1000,0.9000,-0.30981,1.05903,,,,
20.573,0.5000,0.5000,0.5000,0.5000,4.36,19.68,0.336,,1,0,,,3,0.1000,0.9000,-0.31075,1.05873,,,,
20.648,0.5000,0.5000,0.5000,0.5000,4.37,19.64,0.334,,1,0,,,3,0.1000,0.9000,-0.30986,1.05766,,,,
20.680,0.5000,0.5000,0.5000,0.5000,4.38,19.62,0.334,,1,0,,,3,0.1000,0.9000,-0.31315,1.05506,,,,
20.711,0.5000,0.5000,0.5000,0.5000,4.38,19.63,0.333,,1,0,,,3,0.1000,0.9000,-0.31676,1.05617,,,,
20.740,0.5000,0.5000,0.5000,0.5000,4.39,19.64,0.333,,1,0,,,3,0.1000,0.9000,-0.31596,1.05658,,,,
20.761,0.5000,0.5000,0.5000,0.5000,4.40,19.65,0.334,,1,0,,,3,0.1000,0.9000,-0.31292,1.05172,,,,
20.803,0.5000,0.5000,0.5000,0.5000,4.40,19.65,0.334,,1,0,,,3,0.1000,0.9000,-0.31544,1.05731,,,,
20.838,0.5000,0.5000,0.5000,0.5000,4.41,19.63,0.335,,1,0,,,3,0.1000,0.9000,-0.31837,1.05546,,,,
20.879,0.5000,0.5000,0.5000,0.5000,4.41,19.62,0.333,,1,0,,,3,0.1000,0.9000,-0.33789,1.05836,,,,
20.910,0.5000,0.5000,0.5000,0.5000,4.41,19.60,0.333,,1,0,,,3,0.1000,0.9000,-0.33989,1.05835,,,,
20.942,0.5000,0.5000,0.5000,0.5000,4.41,19.59,0.335,,1,0,,,3,0.1000,0.9000,-0.34246,1.05769,,,,
20.974,0.5000,0.5000,0.5000,0.5000,4.41,19.58,0.338,,1,0,,,3,0.1000,0.9000,-0.34209,1.06270,,,,
20.988,0.5000,0.5000,0.5000,0.5000,4.42,19.58,0.341,,1,0,,,3,0.1000,0.9000,-0.34981,1.07209,,,,
21.030,0.5000,0.5000,0.5000,0.5000,4.41,19.56,0.342,,1,0,,,3,0.1000,0.9000,-0.34831,1.07580,,,,
21.072,0.5000,0.5000,0.5000,0.5000,4.41,19.55,0.339,,1,0,,,3,0.1000,0.9000,-0.34507,1.08048,,,,
21.095,0.5000,0.5000,0.5000,0.5000,4.41,19.54,0.343,,1,0,,,3,0.1000,0.9000,-0.34681,1.08422,,,,
21.126,0.5000,0.5000,0.5000,0.5000,4.42,19.54,0.343,,1,0,,,3,0.1000,0.9000,-0.35029,1.08569,,,,
21.158,0.5000,0.5000,0.5000,0.5000,4.42,19.52,0.343,,1,0,,,3,0.1000,0.9000,-0.34958,1.08452,,,,
21.191,0.5000,0.5000,0.5000,0.5000,4.43,19.51,0.341,,1,0,,,3,0.1000,0.9000,-0.35444,1.08554,,,,
21.224,0.5000,0.5000,0.5000,0.5000,4.43,19.50,0.341,,1,0,,,3,0.1000,0.9000,-0.35660,1.08731,,,,
21.255,0.5000,0.5000,0.5000,0.5000,4.44,19.52,0.339,,1,0,,,3,0.1000,0.9000,-0.35925,1.09118,,,,
21.286,0.5000,0.5000,0.5000,0.5000,4.45,19.55,0.339,,1,0,,,3,0.1000,0.9000,-0.35995,1.09146,,,,
21.328,0.5000,0.5000,0.5000,0.5000,4.45,19.58,0.337,,1,0,,,3,0.1000,0.9000,-0.36084,1.09184,,,,
21.350,0.5000,0.5000,0.5000,0.5000,4.45,19.62,0.337,,1,0,,,3,0.1000,0.9000,-0.36921,1.09296,,,,
21.394,0.5000,0.5000,0.5000,0.5000,4.45,19.65,0.338,,1,0,,,3,0.1000,0.9000,-0.37337,1.09361,,,,
21.437,0.5000,0.5000,0.5000,0.5000,4.45,19.68,0.338,,1,0,,,3,0.1000,0.9000,-0.39589,1.09120,,,,
21.472,0.5000,0.5000,0.5000,0.5000,4.44,19.72,0.339,,1,0,,,3,0.1000,0.9000,-0.40316,1.09051,,,,
21.507,0.5000,0.5000,0.5000,0.5000,4.43,19.72,0.339,,1,0,,,3,0.1000,0.9000,-0.40361,1.08548,,,,
21.534,0.5000,0.5000,0.5000,0.5000,4.43,19.72,0.339,,1,0,,,3,0.1000,0.9000,-0.40390,1.08727,,,,
21.558,0.5000,0.5000,0.5000,0.5000,4.42,19.70,0.340,,1,0,,,3,0.1000,0.9000,-0.40997,1.08718,,,,
21.602,0.5000,0.5000,0.5000,0.5000,4.42,19.69,0.340,,1,0,,,3,0.1000,0.9000,-0.40976,1.08679,,,,
21.624,0.5000,0.5000,0.5000,0.5000,4.42,19.69,0.341,,1,0,,,3,0.1000,0.9000,-0.42470,1.09026,,,,
21.665,0.5000,0.5000,0.5000,0.5000,4.42,19.70,0.341,,1,0,,,3,0.1000,0.9000,-0.42485,1.09049,,,,
21.696,0.5000,0.5000,0.5000,0.5000,4.42,19.71,0.343,,1,0,,,3,0.1000,0.9000,-0.42730,1.08719,,,,
21.738,0.5000,0.5000,0.5000,0.5000,4.42,19.75,0.344,,1,0,,,3,0.1000,0.9000,-0.43091,1.08754,,,,
21.765,0.5000,0.5000,0.5000,0.5000,4.41,19.80,0.345,,1,0,,,3,0.1000,0.9000,-0.43142,1.08784,,,,
21.792,0.5000,0.5000,0.5000,0.5000,4.41,19.81,0.348,,1,0,,,3,0.1000,0.9000,-0.43066,1.08302,,,,
21.825,0.5000,0.5000,0.5000,0.5000,4.41,19.81,0.346,,1,0,,,3,0.1000,0.9000,-0.42766,1.08462,,,,
21.856,0.5000,0.5000,0.5000,0.5000,4.41,19.81,0.346,,1,0,,,3,0.1000,0.9000,-0.44016,1.08455,,,,
21.887,0.5000,0.5000,0.5000,0.5000,4.42,19.81,0.347,,1,0,,,3,0.1000,0.9000,-0.43904,1.08478,,,,
21.926,0.5000,0.5000,0.5000,0.5000,4.42,19.80,0.348,,1,0,,,3,0.1000,0.9000,-0.45503,1.08585,,,,
21.960,0.5000,0.5000,0.5000,0.5000,4.43,19.78,0.348,,1,0,,,3,0.1000,0.9000,-0.45619,1.08539,,,,
21.999,0.5000,0.5000,0.5000,0.5000,4.44,19.76,0.350,,1,0,,,3,0.1000,0.9000,-0.49514,1.07473,,,,
22.032,0.5000,0.5000,0.5000,0.5000,4.44,19.75,0.348,,1,0,,,3,0.1000,0.9000,-0.49987,1.06417,,,,
22.063,0.5000,0.5000,0.5000,0.5000,4.45,19.75,0.352,,1,0,,,3,0.1000,0.9000,-0.51562,1.05939,,,,
22.087,0.5000,0.5000,0.5000,0.5000,4.46,19.79,0.352,,1,0,,,3,0.1000,0.9000,-0.51543,1.05170,,,,
22.130,0.5000,0.5000,0.5000,0.5000,4.46,19.84,0.353,,1,0,,,3,0.1000,0.9000,-0.53803,1.03870,,,,
22.157,0.5000,0.5000,0.5000,0.5000,4.46,19.87,0.353,,1,0,,,3,0.1000,0.9000,-0.54290,1.03727,,,,
22.182,0.5000,0.5000,0.5000,0.5000,4.46,19.90,0.350,,1,0,,,3,0.1000,0.9000,-0.54582,1.03216,,,,
22.225,0.5000,0.5000,0.5000,0.5000,4.46,19.92,0.352,,1,0,,,3,0.1000,0.9000,-0.55362,1.03374,,,,
22.247,0.5000,0.5000,0.5000,0.5000,4.47,19.94,0.350,,1,0,,,4,0.9000,0.9000,-0.55008,1.02871,,,,
22.287,0.5000,0.5000,0.5000,0.5000,4.47,19.98,0.350,,1,0,,,4,0.9000,0.9000,-0.54959,1.02968,,,,
22.310,0.5000,0.5000,0.5000,0.5000,4.47,20.01,0.351,,1,0,,,4,0.9000,0.9000,-0.55086,1.03290,,,,
22.343,0.5000,0.5000,0.5000,0.5000,4.47,20.04,0.350,,1,0,,,4,0.9000,0.9000,-0.55044,1.03321,,,,
22.387,0.5000,0.5000,0.5000,0.5000,4.47,20.08,0.350,,1,0,,,4,0.9000,0.9000,-0.54627,1.03607,,,,
22.417,0.5000,0.5000,0.5000,0.5000,4.46,20.12,0.349,,1,0,,,4,0.9000,0.9000,-0.54292,1.03808,,,,
22.449,0.5000,0.5000,0.5000,0.5000,4.46,20.17,0.349,,1,0,,,4,0.9000,0.9000,-0.53818,1.03953,,,,
22.482,0.5000,0.5000,0.5000,0.5000,4.46,20.20,0.348,,1,0,,,4,0.9000,0.9000,-0.52190,1.03528,,,,
22.517,0.5000,0.5000,0.5000,0.5000,4.46,20.23,0.349,,1,0,,,4,0.9000,0.9000,-0.51621,1.03639,,,,
22.549,0.5000,0.5000,0.5000,0.5000,4.47,20.31,0.348,,1,0,,,4,0.9000,0.9000,-0.39583,1.03246,,,,
22.591,0.5000,0.5000,0.5000,0.5000,4.49,20.44,0.342,,1,0,,,4,0.9000,0.9000,-0.20402,1.02351,,,,
22.625,0.5000,0.5000,0.5000,0.5000,4.51,20.57,0.337,,1,0,,,4,0.9000,0.9000,-0.04175,1.01792,,,,
22.653,0.5000,0.5000,0.5000,0.5000,4.52,20.71,0.338,,1,0,,,4,0.9000,0.9000,-0.03372,1.01770,,,,
22.678,0.5000,0.5000,0.5000,0.5000,4.53,20.85,0.341,,1,0,,,4,0.9000,0.9000,-0.01234,1.01839,,,,
22.726,0.5000,0.5000,0.5000,0.5000,4.54,21.00,0.341,,1,0,,,4,0.9000,0.9000,-0.00011,1.01419,,,,
22.748,0.5000,0.5000,0.5000,0.5000,4.54,21.16,0.342,,1,0,,,4,0.9000,0.9000,0.00138,1.01271,,,,
22.786,0.5000,0.5000,0.5000,0.5000,4.55,21.27,0.343,,1,0,,,4,0.9000,0.9000,0.01994,1.01673,,,,
22.814,0.5000,0.5000,0.5000,0.5000,4.55,21.42,0.342,,1,0,,,4,0.9000,0.9000,0.04571,1.01083,,,,
22.840,0.5000,0.5000,0.5000,0.5000,4.54,21.57,0.343,,1,0,,,4,0.9000,0.9000,0.05681,1.01543,,,,
22.871,0.5000,0.5000,0.5000,0.5000,4.55,21.69,0.343,,1,0,,,4,0.9000,0.9000,0.05073,1.01833,,,,
22.905,0.5000,0.5000,0.5000,0.5000,4.55,21.81,0.342,,1,0,,,4,0.9000,0.9000,0.06365,1.01501,,,,
22.942,0.5000,0.5000,0.5000,0.5000,4.55,21.89,0.342,,1,0,,,4,0.9000,0.9000,0.05972,1.01170,,,,
22.978,0.5000,0.5000,0.5000,0.5000,4.55,21.98,0.343,,1,0,,,4,0.9000,0.9000,0.06160,1.01746,,,,
23.047,0.5000,0.5000,0.5000,0.5000,4.56,22.12,0.344,,1,0,,,4,0.9000,0.9000,0.06309,1.02015,,,,
23.073,0.5000,0.5000,0.5000,0.5000,4.56,22.18,0.344,,1,0,,,4,0.9000,0.9000,0.06930,1.01900,,,,
23.103,0.5000,0.5000,0.5000,0.5000,4.56,22.23,0.342,,1,0,,,4,0.9000,0.9000,0.06948,1.02028,,,,
23.155,0.5000,0.5000,0.5000,0.5000,4.57,22.29,0.341,,1,0,,,4,0.9000,0.9000,0.06861,1.02093,,,,
23.185,0.5000,0.5000,0.5000,0.5000,4.58,22.34,0.340,,1,0,,,4,0.9000,0.9000,0.06490,1.02052,,,,
23.218,0.5000,0.5000,0.5000,0.5000,4.58,22.38,0.342,,1,0,,,4,0.9000,0.9000,0.07538,1.02144,,,,
23.236,0.5000,0.5000,0.5000,0.5000,4.59,22.41,0.342,,1,0,,,4,0.9000,0.9000,0.08975,1.02463,,,,
23.270,0.5000,0.5000,0.5000,0.5000,4.60,22.45,0.342,,1,0,,,4,0.9000,0.9000,0.09115,1.02609,,,,
23.309,0.5000,0.5000,0.5000,0.5000,4.60,22.49,0.342,,1,0,,,4,0.9000,0.9000,0.09002,1.02851,,,,
23.345,0.5000,0.5000,0.5000,0.5000,4.60,22.51,0.343,,1,0,,,4,0.9000,0.9000,0.09052,1.02697,,,,
23.377,0.5000,0.5000,0.5000,0.5000,4.60,22.54,0.343,,1,0,,,4,0.9000,0.9000,0.08981,1.02715,,,,
23.403,0.5000,0.5000,0.5000,0.5000,4.60,22.57,0.343,,1,0,,,4,0.9000,0.9000,0.08896,1.03005,,,,
23.436,0.5000,0.5000,0.5000,0.5000,4.59,22.62,0.344,,1,0,,,4,0.9000,0.9000,0.07795,1.02725,,,,
23.472,0.5000,0.5000,0.5000,0.5000,4.59,22.66,0.344,,1,0,,,4,0.9000,0.9000,0.08104,1.02782,,,,
23.504,0.5000,0.5000,0.5000,0.5000,4.58,22.70,0.345,,1,0,,,4,0.9000,0.9000,0.07491,1.02779,,,,
23.526,0.5000,0.5000,0.5000,0.5000,4.57,22.74,0.346,,1,0,,,4,0.9000,0.9000,0.08047,1.03105,,,,
23.565,0.5000,0.5000,0.5000,0.5000,4.56,22.77,0.345,,1,0,,,4,0.9000,0.9000,0.07980,1.03385,,,,
23.593,0.5000,0.5000,0.5000,0.5000,4.55,22.83,0.345,,1,0,,,4,0.9000,0.9000,0.06600,1.03328,,,,
23.628,0.5000,0.5000,0.5000,0.5000,4.54,22.89,0.347,,1,0,,,4,0.9000,0.9000,0.06298,1.03274,,,,
23.663,0.5000,0.5000,0.5000,0.5000,4.53,22.95,0.346,,1,0,,,4,0.9000,0.9000,0.05219,1.03160,,,,
23.716,0.5000,0.5000,0.5000,0.5000,4.51,23.01,0.347,,1,0,,,4,0.9000,0.9000,0.05861,1.03556,,,,
23.735,0.5000,0.5000,0.5000,0.5000,4.50,23.04,0.347,,1,0,,,4,0.9000,0.9000,0.05248,1.03570,,,,
23.775,0.5000,0.5000,0.5000,0.5000,4.48,23.08,0.346,,1,0,,,4,0.9000,0.9000,0.05197,1.03677,,,,
23.806,0.5000,0.5000,0.5000,0.5000,4.47,23.11,0.346,,1,0,,,4,0.9000,0.9000,0.04793,1.03704,,,,
23.830,0.5000,0.5000,0.5000,0.5000,4.46,23.15,0.345,,1,0,,,4,0.9000,0.9000,0.04772,1.03699,,,,
23.876,0.5000,0.5000,0.5000,0.5000,4.44,23.18,0.346,,1,0,,,4,0.9000,0.9000,0.04768,1.03645,,,,
23.901,0.5000,0.5000,0.5000,0.5000,4.43,23.21,0.347,,1,0,,,4,0.9000,0.9000,0.04447,1.03916,,,,
23.935,0.5000,0.5000,0.5000,0.5000,4.42,23.24,0.347,,1,0,,,4,0.9000,0.9000,0.04436,1.03944,,,,
23.958,0.5000,0.5000,0.5000,0.5000,4.41,23.25,0.347,,1,0,,,4,0.9000,0.9000,0.03571,1.04141,,,,
23.990,0.5000,0.5000,0.5000,0.5000,4.40,23.27,0.347,,1,0,,,4,0.9000,0.9000,0.03270,1.03874,,,,
24.027,0.5000,0.5000,0.5000,0.5000,4.40,23.29,0.346,,1,0,,,4,0.9000,0.9000,0.02960,1.03949,,,,
24.056,0.5000,0.5000,0.5000,0.5000,4.39,23.30,0.347,,1,0,,,4,0.9000,0.9000,0.03107,1.04163,,,,
24.085,0.5000,0.5000,0.5000,0.5000,4.39,23.33,0.346,,1,0,,,4,0.9000,0.9000,0.03412,1.04206,,,,
24.127,0.5000,0.5000,0.5000,0.5000,4.39,23.35,0.345,,1,0,,,4,0.9000,0.9000,0.03047,1.04135,,,,
24.151,0.5000,0.5000,0.5000,0.5000,4.39,23.37,0.344,,1,0,,,4,0.9000,0.9000,0.03950,1.04373,,,,
24.193,0.5000,0.5000,0.5000,0.5000,4.39,23.39,0.343,,1,0,,,4,0.9000,0.9000,0.03524,1.04425,,,,
24.227,0.5000,0.5000,0.5000,0.5000,4.39,23.42,0.344,,1,0,,,4,0.9000,0.9000,0.02469,1.04562,,,,
24.262,0.5000,0.5000,0.5000,0.5000,4.38,23.44,0.346,,1,0,,,4,0.9000,0.9000,0.03116,1.04647,,,,
24.302,0.5000,0.5000,0.5000,0.5000,4.37,23.45,0.347,,1,0,,,4,0.9000,0.9000,0.02042,1.04887,,,,
24.329,0.5000,0.5000,0.5000,0.5000,4.37,23.46,0.345,,1,0,,,4,0.9000,0.9000,0.01845,1.05018,,,,
24.358,0.5000,0.5000,0.5000,0.5000,4.37,23.48,0.345,,1,0,,,4,0.9000,0.9000,0.02204,1.05457,,,,
24.397,0.5000,0.5000,0.5000,0.5000,4.37,23.49,0.343,,1,0,,,4,0.9000,0.9000,0.01107,1.05595,,,,
24.432,0.5000,0.5000,0.5000,0.5000,4.37,23.49,0.343,,1,0,,,4,0.9000,0.9000,0.01139,1.05673,,,,
24.455,0.5000,0.5000,0.5000,0.5000,4.37,23.48,0.343,,1,0,,,4,0.9000,0.9000,0.00550,1.05441,,,,
24.488,0.5000,0.5000,0.5000,0.5000,4.37,23.48,0.341,,1,0,,,4,0.9000,0.9000,-0.00111,1.06047,,,,
24.529,0.5000,0.5000,0.5000,0.5000,4.37,23.47,0.339,,1,0,,,4,0.9000,0.9000,-0.00452,1.06465,,,,
24.552,0.5000,0.5000,0.5000,0.5000,4.38,23.47,0.335,,1,0,,,4,0.9000,0.9000,-0.00810,1.06801,,,,
24.588,0.5000,0.5000,0.5000,0.5000,4.38,23.47,0.335,,1,0,,,4,0.9000,0.9000,-0.00523,1.07110,,,,
24.623,0.5000,0.5000,0.5000,0.5000,4.39,23.47,0.334,,1,0,,,4,0.9000,0.9000,-0.01525,1.07275,,,,
24.655,0.5000,0.5000,0.5000,0.5000,4.39,23.47,0.332,,1,0,,,4,0.9000,0.9000,-0.02213,1.07373,,,,
24.679,0.5000,0.5000,0.5000,0.5000,4.40,23.47,0.331,,1,0,,,4,0.9000,0.9000,-0.02241,1.07336,,,,
24.719,0.5000,0.5000,0.5000,0.5000,4.40,23.47,0.331,,1,0,,,4,0.9000,0.9000,-0.03645,1.07360,,,,
24.742,0.5000,0.5000,0.5000,0.5000,4.40,23.48,0.329,,1,0,,,4,0.9000,0.9000,-0.04069,1.07501,,,,
24.786,0.5000,0.5000,0.5000,0.5000,4.40,23.48,0.327,,1,0,,,4,0.9000,0.9000,-0.04811,1.07681,,,,
24.827,0.5000,0.5000,0.5000,0.5000,4.41,23.47,0.327,,1,0,,,4,0.9000,0.9000,-0.05379,1.07271,,,,
24.861,0.5000,0.5000,0.5000,0.5000,4.41,23.46,0.326,,1,0,,,4,0.9000,0.9000,-0.05364,1.07291,,,,
24.892,0.5000,0.5000,0.5000,0.5000,4.42,23.46,0.326,,1,0,,,4,0.9000,0.9000,-0.05281,1.07478,,,,
24.928,0.5000,0.5000,0.5000,0.5000,4.42,23.47,0.326,,1,0,,,4,0.9000,0.9000,-0.05163,1.07599,,,,
24.952,0.5000,0.5000,0.5000,0.5000,4.42,23.47,0.327,,1,0,,,4,0.9000,0.9000,-0.05298,1.07709,,,,
24.986,0.5000,0.5000,0.5000,0.5000,4.43,23.47,0.324,,1,0,,,4,0.9000,0.9000,-0.06106,1.08421,,,,
25.023,0.5000,0.5000,0.5000,0.5000,4.43,23.48,0.326,,1,0,,,4,0.9000,0.9000,-0.06404,1.08552,,,,
25.055,0.5000,0.5000,0.5000,0.5000,4.43,23.48,0.327,,1,0,,,4,0.9000,0.9000,-0.05940,1.08581,,,,
25.086,0.5000,0.5000,0.5000,0.5000,4.43,23.47,0.326,,1,0,,,4,0.9000,0.9000,-0.06166,1.08530,,,,
25.119,0.5000,0.5000,0.5000,0.5000,4.44,23.46,0.325,,1,0,,,4,0.9000,0.9000,-0.07915,1.08185,,,,
25.152,0.5000,0.5000,0.5000,0.5000,4.44,23.47,0.322,,1,0,,,4,0.9000,0.9000,-0.08525,1.08858,,,,
25.186,0.5000,0.5000,0.5000,0.5000,4.44,23.48,0.320,,1,0,,,4,0.9000,0.9000,-0.08043,1.09985,,,,
25.219,0.5000,0.5000,0.5000,0.5000,4.44,23.48,0.322,,1,0,,,4,0.9000,0.9000,-0.08370,1.10366,,,,
25.249,0.5000,0.5000,0.5000,0.5000,4.44,23.48,0.321,,1,0,,,4,0.9000,0.9000,-0.09693,1.10100,,,,
25.278,0.5000,0.5000,0.5000,0.5000,4.45,23.50,0.320,,1,0,,,5,0.5000,0.1000,-0.10551,1.10978,,,,
25.304,0.5000,0.5000,0.5000,0.5000,4.46,23.50,0.320,,1,0,,,5,0.5000,0.1000,-0.12447,1.11131,,,,
25.353,0.5000,0.5000,0.5000,0.5000,4.47,23.51,0.319,,1,0,,,5,0.5000,0.1000,-0.12567,1.11126,,,,
25.391,0.5000,0.5000,0.5000,0.5000,4.48,23.51,0.318,,1,0,,,5,0.5000,0.1000,-0.13281,1.11065,,,,
25.424,0.5000,0.5000,0.5000,0.5000,4.49,23.52,0.318,,1,0,,,5,0.5000,0.1000,-0.14825,1.10701,,,,
25.455,0.5000,0.5000,0.5000,0.5000,4.50,23.53,0.319,,1,0,,,5,0.5000,0.1000,-0.15148,1.10615,,,,
25.486,0.5000,0.5000,0.5000,0.5000,4.51,23.52,0.319,,1,0,,,5,0.5000,0.1000,-0.14540,1.10978,,,,
25.518,0.5000,0.5000,0.5000,0.5000,4.52,23.51,0.317,,1,0,,,5,0.5000,0.1000,-0.14901,1.10950,,,,
25.553,0.5000,0.5000,0.5000,0.5000,4.53,23.51,0.317,,1,0,,,5,0.5000,0.1000,-0.14835,1.10917,,,,
25.584,0.5000,0.5000,0.5000,0.5000,4.54,23.51,0.317,,1,0,,,5,0.5000,0.1000,-0.14809,1.10806,,,,
25.606,0.5000,0.5000,0.5000,0.5000,4.55,23.50,0.320,,1,0,,,5,0.5000,0.1000,-0.14841,1.10382,,,,
25.649,0.5000,0.5000,0.5000,0.5000,4.54,23.54,0.352,,1,0,,,5,0.5000,0.1000,-0.19662,1.05092,,,,
25.681,0.5000,0.5000,0.5000,0.5000,4.52,23.58,0.392,,1,0,,,5,0.5000,0.1000,-0.24663,1.00087,,,,
25.718,0.5000,0.5000,0.5000,0.5000,4.49,23.61,0.419,,1,0,,,5,0.5000,0.1000,-0.28054,0.97025,,,,
25.752,0.5000,0.5000,0.5000,0.5000,4.46,23.63,0.432,,1,0,,,5,0.5000,0.1000,-0.30296,0.96441,,,,
25.779,0.5000,0.5000,0.5000,0.5000,4.43,23.63,0.439,,1,0,,,5,0.5000,0.1000,-0.30491,0.95604,,,,
25.855,0.5000,0.5000,0.5000,0.5000,4.36,23.62,0.440,,1,0,,,5,0.5000,0.1000,-0.31536,0.94539,,,,
25.890,0.5000,0.5000,0.5000,0.5000,4.30,23.55,0.449,,1,0,,,5,0.5000,0.1000,-0.31558,0.93319,,,,
25.908,0.5000,0.5000,0.5000,0.5000,4.27,23.49,0.444,,1,0,,,5,0.5000,0.1000,-0.30139,0.93211,,,,
25.935,0.5000,0.5000,0.5000,0.5000,4.24,23.44,0.443,,1,0,,,5,0.5000,0.1000,-0.30070,0.92175,,,,
25.984,0.5000,0.5000,0.5000,0.5000,4.19,23.36,0.446,,1,0,,,5,0.5000,0.1000,-0.29319,0.91332,,,,
26.006,0.5000,0.5000,0.5000,0.5000,4.16,23.32,0.446,,1,0,,,5,0.5000,0.1000,-0.28923,0.90448,,,,
26.040,0.5000,0.5000,0.5000,0.5000,4.13,23.30,0.446,,1,0,,,5,0.5000,0.1000,-0.28657,0.90039,,,,
26.068,0.5000,0.5000,0.5000,0.5000,4.10,23.26,0.445,,1,0,,,5,0.5000,0.1000,-0.28549,0.89798,,,,
26.093,0.5000,0.5000,0.5000,0.5000,4.08,23.23,0.445,,1,0,,,5,0.5000,0.1000,-0.28460,0.89836,,,,
26.121,0.5000,0.5000,0.5000,0.5000,4.05,23.19,0.445,,1,0,,,5,0.5000,0.1000,-0.28765,0.89902,,,,
26.140,0.5000,0.5000,0.5000,0.5000,4.03,23.17,0.445,,1,0,,,5,0.5000,0.1000,-0.28535,0.89996,,,,
26.178,0.5000,0.5000,0.5000,0.5000,4.02,23.15,0.443,,1,0,,,5,0.5000,0.1000,-0.28659,0.90058,,,,
26.232,0.5000,0.5000,0.5000,0.5000,3.99,23.10,0.443,,1,0,,,5,0.5000,0.1000,-0.28391,0.89966,,,,
26.268,0.5000,0.5000,0.5000,0.5000,3.98,23.07,0.444,,1,0,,,5,0.5000,0.1000,-0.29162,0.89920,,,,
26.302,0.5000,0.5000,0.5000,0.5000,3.97,23.04,0.443,,1,0,,,5,0.5000,0.1000,-0.29881,0.90148,,,,
26.335,0.5000,0.5000,0.5000,0.5000,3.96,23.02,0.443,,1,0,,,5,0.5000,0.1000,-0.31145,0.90091,,,,
26.360,0.5000,0.5000,0.5000,0.5000,3.95,22.99,0.443,,1,0,,,5,0.5000,0.1000,-0.31104,0.90269,,,,
26.391,0.5000,0.5000,0.5000,0.5000,3.94,22.96,0.441,,1,0,,,5,0.5000,0.1000,-0.32303,0.90580,,,,
26.428,0.5000,0.5000,0.5000,0.5000,3.93,22.94,0.439,,1,0,,,5,0.5000,0.1000,-0.32280,0.90788,,,,
26.455,0.5000,0.5000,0.5000,0.5000,3.92,22.92,0.438,,1,0,,,5,0.5000,0.1000,-0.32220,0.91181,,,,
26.487,0.5000,0.5000,0.5000,0.5000,3.92,22.91,0.437,,1,0,,,5,0.5000,0.1000,-0.32709,0.91234,,,,
26.534,0.5000,0.5000,0.5000,0.5000,3.90,22.91,0.437,,1,0,,,5,0.5000,0.1000,-0.32541,0.91410,,,,
26.577,0.5000,0.5000,0.5000,0.5000,3.89,22.92,0.437,,1,0,,,5,0.5000,0.1000,-0.32384,0.91452,,,,
26.606,0.5000,0.5000,0.5000,0.5000,3.88,22.92,0.436,,1,0,,,5,0.5000,0.1000,-0.32299,0.91384,,,,
26.643,0.5000,0.5000,0.5000,0.5000,3.87,22.92,0.436,,1,0,,,5,0.5000,0.1000,-0.31784,0.91370,,,,
26.677,0.5000,0.5000,0.5000,0.5000,3.86,22.92,0.435,,1,0,,,5,0.5000,0.1000,-0.31722,0.91523,,,,
26.702,0.5000,0.5000,0.5000,0.5000,3.85,22.91,0.434,,1,0,,,5,0.5000,0.1000,-0.31401,0.91629,,,,
26.733,0.5000,0.5000,0.5000,0.5000,3.84,22.89,0.433,,1,0,,,5,0.5000,0.1000,-0.30774,0.91698,,,,
26.769,0.5000,0.5000,0.5000,0.5000,3.84,22.87,0.432,,1,0,,,5,0.5000,0.1000,-0.30677,0.91704,,,,
26.803,0.5000,0.5000,0.5000,0.5000,3.82,22.84,0.433,,1,0,,,5,0.5000,0.1000,-0.30586,0.91832,,,,
26.831,0.5000,0.5000,0.5000,0.5000,3.81,22.82,0.432,,1,0,,,5,0.5000,0.1000,-0.30527,0.92175,,,,
26.863,0.5000,0.5000,0.5000,0.5000,3.81,22.79,0.431,,1,0,,,5,0.5000,0.1000,-0.30551,0.92221,,,,
26.896,0.5000,0.5000,0.5000,0.5000,3.80,22.78,0.431,,1,0,,,5,0.5000,0.1000,-0.30659,0.92307,,,,
26.929,0.5000,0.5000,0.5000,0.5000,3.80,22.76,0.428,,1,0,,,5,0.5000,0.1000,-0.31224,0.92450,,,,
26.962,0.5000,0.5000,0.5000,0.5000,3.79,22.74,0.432,,1,0,,,5,0.5000,0.1000,-0.31320,0.93029,,,,
26.982,0.5000,0.5000,0.5000,0.5000,3.79,22.71,0.431,,1,0,,,5,0.5000,0.1000,-0.32296,0.93177,,,,
27.029,0.5000,0.5000,0.5000,0.5000,3.78,22.71,0.430,,1,0,,,5,0.5000,0.1000,-0.32406,0.93754,,,,
27.054,0.5000,0.5000,0.5000,0.5000,3.78,22.72,0.424,,1,0,,,5,0.5000,0.1000,-0.33300,0.94541,,,,
27.093,0.5000,0.5000,0.5000,0.5000,3.76,22.73,0.422,,1,0,,,5,0.5000,0.1000,-0.33428,0.96990,,,,
27.136,0.5000,0.5000,0.5000,0.5000,3.74,22.72,0.421,,1,0,,,5,0.5000,0.1000,-0.33423,0.98209,,,,
27.166,0.5000,0.5000,0.5000,0.5000,3.73,22.71,0.426,,1,0,,,5,0.5000,0.1000,-0.33487,0.98984,,,,
27.198,0.5000,0.5000,0.5000,0.5000,3.71,22.70,0.424,,1,0,,,5,0.5000,0.1000,-0.34437,0.99331,,,,
27.230,0.5000,0.5000,0.5000,0.5000,3.69,22.68,0.422,,1,0,,,5,0.5000,0.1000,-0.35010,0.99942,,,,
27.266,0.5000,0.5000,0.5000,0.5000,3.67,22.66,0.419,,1,0,,,5,0.5000,0.1000,-0.35126,1.00056,,,,
27.287,0.5000,0.5000,0.5000,0.5000,3.66,22.63,0.418,,1,0,,,5,0.5000,0.1000,-0.35440,1.00287,,,,
27.319,0.5000,0.5000,0.5000,0.5000,3.65,22.60,0.416,,1,0,,,5,0.5000,0.1000,-0.35619,1.00642,,,,
27.357,0.5000,0.5000,0.5000,0.5000,3.63,22.58,0.417,,1,0,,,5,0.5000,0.1000,-0.35610,1.00697,,,,
27.394,0.5000,0.5000,0.5000,0.5000,3.62,22.56,0.417,,1,0,,,5,0.5000,0.1000,-0.35411,1.01220,,,,
27.425,0.5000,0.5000,0.5000,0.5000,3.60,22.53,0.416,,1,0,,,5,0.5000,0.1000,-0.35400,1.01425,,,,
27.462,0.5000,0.5000,0.5000,0.5000,3.59,22.53,0.415,,1,0,,,5,0.5000,0.1000,-0.35227,1.01488,,,,
27.496,0.5000,0.5000,0.5000,0.5000,3.57,22.54,0.415,,1,0,,,5,0.5000,0.1000,-0.34863,1.01847,,,,
27.525,0.5000,0.5000,0.5000,0.5000,3.55,22.54,0.414,,1,0,,,5,0.5000,0.1000,-0.34845,1.01924,,,,
27.550,0.5000,0.5000,0.5000,0.5000,3.53,22.56,0.414,,1,0,,,5,0.5000,0.1000,-0.34866,1.02066,,,,
27.585,0.5000,0.5000,0.5000,0.5000,3.52,22.58,0.413,,1,0,,,5,0.5000,0.1000,-0.34876,1.02167,,,,
27.617,0.5000,0.5000,0.5000,0.5000,3.50,22.59,0.414,,1,0,,,5,0.5000,0.1000,-0.34679,1.02409,,,,
27.649,0.5000,0.5000,0.5000,0.5000,3.49,22.62,0.413,,1,0,,,5,0.5000,0.1000,-0.34496,1.02406,,,,
27.698,0.5000,0.5000,0.5000,0.5000,3.48,22.65,0.414,,1,0,,,5,0.5000,0.1000,-0.34540,1.02584,,,,
27.728,0.5000,0.5000,0.5000,0.5000,3.47,22.67,0.417,,1,0,,,5,0.5000,0.1000,-0.34278,1.03212,,,,
27.760,0.5000,0.5000,0.5000,0.5000,3.45,22.70,0.414,,1,0,,,5,0.5000,0.1000,-0.34279,1.03657,,,,
27.791,0.5000,0.5000,0.5000,0.5000,3.44,22.72,0.413,,1,0,,,5,0.5000,0.1000,-0.34288,1.04663,,,,
27.823,0.5000,0.5000,0.5000,0.5000,3.42,22.75,0.412,,1,0,,,5,0.5000,0.1000,-0.34620,1.05308,,,,
27.861,0.5000,0.5000,0.5000,0.5000,3.41,22.76,0.412,,1,0,,,5,0.5000,0.1000,-0.34743,1.06310,,,,
27.878,0.5000,0.5000,0.5000,0.5000,3.40,22.77,0.414,,1,0,,,5,0.5000,0.1000,-0.34737,1.07039,,,,
27.926,0.5000,0.5000,0.5000,0.5000,3.40,22.78,0.413,,1,0,,,5,0.5000,0.1000,-0.34500,1.07241,,,,
27.960,0.5000,0.5000,0.5000,0.5000,3.39,22.80,0.413,,1,0,,,5,0.5000,0.1000,-0.34557,1.07169,,,,
27.984,0.5000,0.5000,0.5000,0.5000,3.38,22.81,0.412,,1,0,,,5,0.5000,0.1000,-0.34513,1.07230,,,,
28.020,0.5000,0.5000,0.5000,0.5000,3.38,22.83,0.412,,1,0,,,5,0.5000,0.1000,-0.34500,1.07099,,,,
28.049,0.5000,0.5000,0.5000,0.5000,3.38,22.84,0.412,,1,0,,,5,0.5000,0.1000,-0.34489,1.07093,,,,
28.076,0.5000,0.5000,0.5000,0.5000,3.38,22.86,0.413,,1,0,,,5,0.5000,0.1000,-0.34896,1.06958,,,,
28.102,0.5000,0.5000,0.5000,0.5000,3.37,22.86,0.413,,1,0,,,5,0.5000,0.1000,-0.35110,1.07081,,,,
28.141,0.5000,0.5000,0.5000,0.5000,3.37,22.86,0.412,,1,0,,,5,0.5000,0.1000,-0.35647,1.07000,,,,
28.182,0.5000,0.5000,0.5000,0.5000,3.36,22.86,0.412,,1,0,,,5,0.5000,0.1000,-0.35964,1.07334,,,,
28.246,0.5000,0.5000,0.5000,0.5000,3.35,22.86,0.409,,1,0,,,5,0.5000,0.1000,-0.36768,1.08275,,,,
28.278,0.5000,0.5000,0.5000,0.5000,3.35,22.87,0.410,,1,0,,,5,0.5000,0.1000,-0.37569,1.08293,,,,
28.313,0.5000,0.5000,0.5000,0.5000,3.34,22.88,0.410,,1,0,,,6,0.1000,0.5000,-0.37771,1.08272,,,,
28.344,0.5000,0.5000,0.5000,0.5000,3.34,22.90,0.409,,1,0,,,6,0.1000,0.5000,-0.38436,1.08677,,,,
28.372,0.5000,0.5000,0.5000,0.5000,3.34,22.91,0.409,,1,0,,,6,0.1000,0.5000,-0.38825,1.08299,,,,
28.398,0.5000,0.5000,0.5000,0.5000,3.35,22.91,0.410,,1,0,,,6,0.1000,0.5000,-0.39632,1.08696,,,,
28.415,0.5000,0.5000,0.5000,0.5000,3.35,22.92,0.408,,1,0,,,6,0.1000,0.5000,-0.40779,1.08701,,,,
28.455,0.5000,0.5000,0.5000,0.5000,3.35,22.92,0.409,,1,0,,,6,0.1000,0.5000,-0.42700,1.08757,,,,
28.470,0.5000,0.5000,0.5000,0.5000,3.36,22.93,0.409,,1,0,,,6,0.1000,0.5000,-0.43595,1.08736,,,,
28.509,0.5000,0.5000,0.5000,0.5000,3.36,22.94,0.408,,1,0,,,6,0.1000,0.5000,-0.44491,1.08597,,,,
28.535,0.5000,0.5000,0.5000,0.5000,3.36,22.94,0.407,,1,0,,,6,0.1000,0.5000,-0.44352,1.08111,,,,
28.567,0.5000,0.5000,0.5000,0.5000,3.35,22.94,0.407,,1,0,,,6,0.1000,0.5000,-0.44984,1.08274,,,,
28.640,0.5000,0.5000,0.5000,0.5000,3.35,22.93,0.407,,1,0,,,6,0.1000,0.5000,-0.46827,1.07963,,,,
28.672,0.5000,0.5000,0.5000,0.5000,3.35,22.90,0.408,,1,0,,,6,0.1000,0.5000,-0.51794,1.09915,,,,
28.703,0.5000,0.5000,0.5000,0.5000,3.34,22.84,0.408,,1,0,,,6,0.1000,0.5000,-0.67938,1.15608,,,,
28.738,0.5000,0.5000,0.5000,0.5000,3.34,22.78,0.403,,1,0,,,6,0.1000,0.5000,-0.70753,1.18038,,,,
28.765,0.5000,0.5000,0.5000,0.5000,3.33,22.73,0.402,,1,0,,,6,0.1000,0.5000,-0.75520,1.19801,,,,
28.817,0.5000,0.5000,0.5000,0.5000,3.33,22.61,0.401,,1,0,,,6,0.1000,0.5000,-0.77629,1.20827,,,,
28.845,0.5000,0.5000,0.5000,0.5000,3.32,22.52,0.407,,1,0,,,6,0.1000,0.5000,-0.80030,1.23623,,,,
28.878,0.5000,0.5000,0.5000,0.5000,3.31,22.44,0.407,,1,0,,,6,0.1000,0.5000,-0.81060,1.24392,,,,
28.909,0.5000,0.5000,0.5000,0.5000,3.31,22.34,0.405,,1,0,,,6,0.1000,0.5000,-0.80336,1.24058,,,,
28.939,0.5000,0.5000,0.5000,0.5000,3.30,22.26,0.404,,1,0,,,6,0.1000,0.5000,-0.79707,1.23877,,,,
28.964,0.5000,0.5000,0.5000,0.5000,3.30,22.17,0.404,,1,0,,,6,0.1000,0.5000,-0.81007,1.24196,,,,
28.985,0.5000,0.5000,0.5000,0.5000,3.31,22.10,0.405,,1,0,,,6,0.1000,0.5000,-0.80839,1.24189,,,,
29.032,0.5000,0.5000,0.5000,0.5000,3.31,21.99,0.403,,1,0,,,6,0.1000,0.5000,-0.79920,1.23940,,,,
29.068,0.5000,0.5000,0.5000,0.5000,3.31,21.92,0.401,,1,0,,,6,0.1000,0.5000,-0.78881,1.23135,,,,
29.106,0.5000,0.5000,0.5000,0.5000,3.31,21.84,0.400,,1,0,,,6,0.1000,0.5000,-0.78470,1.23077,,,,
29.135,0.5000,0.5000,0.5000,0.5000,3.31,21.76,0.400,,1,0,,,6,0.1000,0.5000,-0.77008,1.23430,,,,
29.174,0.5000,0.5000,0.5000,0.5000,3.32,21.70,0.399,,1,0,,,6,0.1000,0.5000,-0.74287,1.22542,,,,
29.193,0.5000,0.5000,0.5000,0.5000,3.32,21.62,0.399,,1,0,,,6,0.1000,0.5000,-0.73465,1.22464,,,,
29.232,0.5000,0.5000,0.5000,0.5000,3.33,21.57,0.400,,1,0,,,6,0.1000,0.5000,-0.72503,1.23268,,,,
29.265,0.5000,0.5000,0.5000,0.5000,3.33,21.53,0.399,,1,0,,,6,0.1000,0.5000,-0.71964,1.23482,,,,
29.296,0.5000,0.5000,0.5000,0.5000,3.33,21.50,0.399,,1,0,,,6,0.1000,0.5000,-0.71185,1.23151,,,,
29.318,0.5000,0.5000,0.5000,0.5000,3.33,21.47,0.399,,1,0,,,6,0.1000,0.5000,-0.70538,1.23227,,,,
29.370,0.5000,0.5000,0.5000,0.5000,3.32,21.45,0.398,,1,0,,,6,0.1000,0.5000,-0.69875,1.23209,,,,
29.410,0.5000,0.5000,0.5000,0.5000,3.32,21.43,0.397,,1,0,,,6,0.1000,0.5000,-0.69851,1.22951,,,,
29.435,0.5000,0.5000,0.5000,0.5000,3.32,21.41,0.397,,1,0,,,6,0.1000,0.5000,-0.69940,1.22893,,,,
29.477,0.5000,0.5000,0.5000,0.5000,3.31,21.38,0.396,,1,0,,,6,0.1000,0.5000,-0.70024,1.22954,,,,
29.515,0.5000,0.5000,0.5000,0.5000,3.32,21.33,0.395,,1,0,,,6,0.1000,0.5000,-0.70142,1.22704,,,,
29.545,0.5000,0.5000,0.5000,0.5000,3.31,21.28,0.395,,1,0,,,6,0.1000,0.5000,-0.70172,1.22570,,,,
29.573,0.5000,0.5000,0.5000,0.5000,3.31,21.25,0.396,,1,0,,,6,0.1000,0.5000,-0.70419,1.22713,,,,
29.602,0.5000,0.5000,0.5000,0.5000,3.30,21.21,0.397,,1,0,,,6,0.1000,0.5000,-0.70235,1.22303,,,,
29.632,0.5000,0.5000,0.5000,0.5000,3.29,21.16,0.396,,1,0,,,6,0.1000,0.5000,-0.71595,1.21982,,,,
29.654,0.5000,0.5000,0.5000,0.5000,3.29,21.10,0.396,,1,0,,,6,0.1000,0.5000,-0.71790,1.21753,,,,
29.694,0.5000,0.5000,0.5000,0.5000,3.29,21.05,0.398,,1,0,,,6,0.1000,0.5000,-0.73135,1.21847,,,,
29.727,0.5000,0.5000,0.5000,0.5000,3.29,21.00,0.397,,1,0,,,6,0.1000,0.5000,-0.73307,1.21455,,,,
29.760,0.5000,0.5000,0.5000,0.5000,3.29,20.98,0.400,,1,0,,,6,0.1000,0.5000,-0.75104,1.22013,,,,
29.792,0.5000,0.5000,0.5000,0.5000,3.28,20.96,0.400,,1,0,,,6,0.1000,0.5000,-0.75037,1.22266,,,,
29.826,0.5000,0.5000,0.5000,0.5000,3.28,20.93,0.400,,1,0,,,6,0.1000,0.5000,-0.74431,1.21921,,,,
29.856,0.5000,0.5000,0.5000,0.5000,3.28,20.92,0.399,,1,0,,,6,0.1000,0.5000,-0.75891,1.22938,,,,
29.890,0.5000,0.5000,0.5000,0.5000,3.28,20.92,0.399,,1,0,,,6,0.1000,0.5000,-0.76245,1.22710,,,,
29.920,0.5000,0.5000,0.5000,0.5000,3.28,20.91,0.399,,1,0,,,6,0.1000,0.5000,-0.76206,1.22670,,,,
29.968,0.5000,0.5000,0.5000,0.5000,3.28,20.91,0.399,,1,0,,,6,0.1000,0.5000,-0.76978,1.22776,,,,
30.003,0.5000,0.5000,0.5000,0.5000,3.28,20.91,0.399,,1,0,,,6,0.1000,0.5000,-0.76939,1.22750,,,,
30.033,0.5000,0.5000,0.5000,0.5000,3.27,20.91,0.396,,1,0,,,6,0.1000,0.5000,-0.77545,1.22955,,,,
30.063,0.5000,0.5000,0.5000,0.5000,3.27,20.92,0.395,,1,0,,,6,0.1000,0.5000,-0.77528,1.22984,,,,
30.102,0.5000,0.5000,0.5000,0.5000,3.26,20.93,0.397,,1,0,,,6,0.1000,0.5000,-0.77608,1.23257,,,,
30.134,0.5000,0.5000,0.5000,0.5000,3.26,20.94,0.397,,1,0,,,6,0.1000,0.5000,-0.77522,1.23241,,,,
30.169,0.5000,0.5000,0.5000,0.5000,3.26,20.95,0.396,,1,0,,,6,0.1000,0.5000,-0.77345,1.23059,,,,
30.196,0.5000,0.5000,0.5000,0.5000,3.26,20.96,0.395,,1,0,,,6,0.1000,0.5000,-0.77352,1.23292,,,,
30.224,0.5000,0.5000,0.5000,0.5000,3.25,20.96,0.395,,1,0,,,6,0.1000,0.5000,-0.77351,1.23323,,,,
30.260,0.5000,0.5000,0.5000,0.5000,3.24,20.95,0.395,,1,0,,,6,0.1000,0.5000,-0.77316,1.23335,,,,
30.287,0.5000,0.5000,0.5000,0.5000,3.23,20.95,0.392,,1,0,,,6,0.1000,0.5000,-0.77178,1.23149,,,,
30.318,0.5000,0.5000,0.5000,0.5000,3.23,20.94,0.393,,1,0,,,6,0.1000,0.5000,-0.76794,1.23260,,,,
30.359,0.5000,0.5000,0.5000,0.5000,3.22,20.94,0.393,,1,0,,,6,0.1000,0.5000,-0.76747,1.23205,,,,
30.394,0.5000,0.5000,0.5000,0.5000,3.22,20.91,0.396,,1,0,,,6,0.1000,0.5000,-0.75615,1.22901,,,,
30.426,0.5000,0.5000,0.5000,0.5000,3.22,20.89,0.396,,1,0,,,6,0.1000,0.5000,-0.75266,1.23158,,,,
30.451,0.5000,0.5000,0.5000,0.5000,3.22,20.87,0.395,,1,0,,,6,0.1000,0.5000,-0.75262,1.23087,,,,
30.487,0.5000,0.5000,0.5000,0.5000,3.21,20.86,0.396,,1,0,,,6,0.1000,0.5000,-0.75464,1.23462,,,,
30.527,0.5000,0.5000,0.5000,0.5000,3.21,20.82,0.397,,1,0,,,6,0.1000,0.5000,-0.75721,1.23790,,,,
30.568,0.5000,0.5000,0.5000,0.5000,3.22,20.81,0.397,,1,0,,,6,0.1000,0.5000,-0.74239,1.23957,,,,
30.586,0.5000,0.5000,0.5000,0.5000,3.22,20.82,0.397,,1,0,,,6,0.1000,0.5000,-0.73572,1.23832,,,,
30.614,0.5000,0.5000,0.5000,0.5000,3.22,20.83,0.396,,1,0,,,6,0.1000,0.5000,-0.73451,1.23862,,,,
30.655,0.5000,0.5000,0.5000,0.5000,3.22,20.82,0.397,,1,0,,,6,0.1000,0.5000,-0.74515,1.24435,,,,
30.691,0.5000,0.5000,0.5000,0.5000,3.22,20.79,0.397,,1,0,,,6,0.1000,0.5000,-0.74510,1.24511,,,,
30.722,0.5000,0.5000,0.5000,0.5000,3.23,20.78,0.396,,1,0,,,6,0.1000,0.5000,-0.74776,1.24845,,,,
30.757,0.5000,0.5000,0.5000,0.5000,3.24,20.77,0.395,,1,0,,,6,0.1000,0.5000,-0.75067,1.25160,,,,
30.785,0.5000,0.5000,0.5000,0.5000,3.25,20.76,0.395,,1,0,,,6,0.1000,0.5000,-0.75079,1.25159,,,,
30.819,0.5000,0.5000,0.5000,0.5000,3.25,20.75,0.395,,1,0,,,6,0.1000,0.5000,-0.74914,1.25225,,,,
30.850,0.5000,0.5000,0.5000,0.5000,3.25,20.75,0.394,,1,0,,,6,0.1000,0.5000,-0.74761,1.25474,,,,
30.883,0.5000,0.5000,0.5000,0.5000,3.25,20.76,0.394,,1,0,,,6,0.1000,0.5000,-0.74850,1.25606,,,,
30.912,0.5000,0.5000,0.5000,0.5000,3.25,20.76,0.393,,1,0,,,6,0.1000,0.5000,-0.75606,1.25783,,,,
30.946,0.5000,0.5000,0.5000,0.5000,3.24,20.76,0.393,,1,0,,,6,0.1000,0.5000,-0.76417,1.25975,,,,
30.973,0.5000,0.5000,0.5000,0.5000,3.24,20.74,0.393,,1,0,,,6,0.1000,0.5000,-0.76003,1.25718,,,,
31.039,0.5000,0.5000,0.5000,0.5000,3.26,20.66,0.392,,1,0,,,6,0.1000,0.5000,-0.76006,1.25831,,,,
31.085,0.5000,0.5000,0.5000,0.5000,3.27,20.61,0.391,,1,0,,,6,0.1000,0.5000,-0.76731,1.25909,,,,
31.110,0.5000,0.5000,0.5000,0.5000,3.28,20.58,0.392,,1,0,,,6,0.1000,0.5000,-0.76599,1.25996,,,,
31.145,0.5000,0.5000,0.5000,0.5000,3.28,20.56,0.393,,1,0,,,6,0.1000,0.5000,-0.76510,1.26118,,,,
31.166,0.5000,0.5000,0.5000,0.5000,3.29,20.55,0.395,,1,0,,,6,0.1000,0.5000,-0.74360,1.25669,,,,
31.184,0.5000,0.5000,0.5000,0.5000,3.29,20.55,0.394,,1,0,,,6,0.1000,0.5000,-0.74267,1.25603,,,,
31.218,0.5000,0.5000,0.5000,0.5000,3.29,20.55,0.393,,1,0,,,6,0.1000,0.5000,-0.74223,1.25901,,,,
31.238,0.5000,0.5000,0.5000,0.5000,3.29,20.57,0.390,,1,0,,,6,0.1000,0.5000,-0.74085,1.26216,,,,
31.278,0.5000,0.5000,0.5000,0.5000,3.28,20.60,0.390,,1,0,,,6,0.1000,0.5000,-0.74358,1.26355,,,,
31.304,0.5000,0.5000,0.5000,0.5000,3.28,20.61,0.390,,1,0,,,7,0.9000,0.5000,-0.74134,1.26513,,,,
31.344,0.5000,0.5000,0.5000,0.5000,3.27,20.63,0.390,,1,0,,,7,0.9000,0.5000,-0.75064,1.27003,,,,
31.374,0.5000,0.5000,0.5000,0.5000,3.27,20.65,0.390,,1,0,,,7,0.9000,0.5000,-0.74343,1.26982,,,,
31.441,0.5000,0.5000,0.5000,0.5000,3.26,20.69,0.388,,1,0,,,7,0.9000,0.5000,-0.72707,1.26917,,,,
31.473,0.5000,0.5000,0.5000,0.5000,3.26,20.70,0.387,,1,0,,,7,0.9000,0.5000,-0.72919,1.27085,,,,
31.506,0.5000,0.5000,0.5000,0.5000,3.25,20.71,0.388,,1,0,,,7,0.9000,0.5000,-0.73873,1.27385,,,,
31.535,0.5000,0.5000,0.5000,0.5000,3.25,20.73,0.388,,1,0,,,7,0.9000,0.5000,-0.74152,1.27601,,,,
31.568,0.5000,0.5000,0.5000,0.5000,3.24,20.74,0.385,,1,0,,,7,0.9000,0.5000,-0.73894,1.27193,,,,
31.595,0.5000,0.5000,0.5000,0.5000,3.25,20.79,0.385,,1,0,,,7,0.9000,0.5000,-0.58361,1.24160,,,,
31.623,0.5000,0.5000,0.5000,0.5000,3.27,20.89,0.348,,1,0,,,7,0.9000,0.5000,-0.33862,1.23705,,,,
31.671,0.5000,0.5000,0.5000,0.5000,3.31,21.12,0.311,,1,0,,,7,0.9000,0.5000,-0.18429,1.24243,,,,
31.711,0.5000,0.5000,0.5000,0.5000,3.34,21.25,0.302,,1,0,,,7,0.9000,0.5000,-0.16544,1.24334,,,,
31.736,0.5000,0.5000,0.5000,0.5000,3.37,21.39,0.300,,1,0,,,7,0.9000,0.5000,-0.13875,1.25562,,,,
31.764,0.5000,0.5000,0.5000,0.5000,3.40,21.52,0.300,,1,0,,,7,0.9000,0.5000,-0.13384,1.25799,,,,
31.779,0.5000,0.5000,0.5000,0.5000,3.42,21.63,0.304,,1,0,,,7,0.9000,0.5000,-0.13214,1.26119,,,,
31.841,0.5000,0.5000,0.5000,0.5000,3.45,21.86,0.316,,1,0,,,7,0.9000,0.5000,-0.14653,1.25817,,,,
31.870,0.5000,0.5000,0.5000,0.5000,3.46,21.99,0.323,,1,0,,,7,0.9000,0.5000,-0.12666,1.25907,,,,
31.908,0.5000,0.5000,0.5000,0.5000,3.48,22.12,0.333,,1,0,,,7,0.9000,0.5000,-0.12475,1.25660,,,,
31.936,0.5000,0.5000,0.5000,0.5000,3.49,22.23,0.339,,1,0,,,7,0.9000,0.5000,-0.11960,1.25987,,,,
31.966,0.5000,0.5000,0.5000,0.5000,3.50,22.35,0.342,,1,0,,,7,0.9000,0.5000,-0.11530,1.26173,,,,
31.990,0.5000,0.5000,0.5000,0.5000,3.51,22.46,0.346,,1,0,,,7,0.9000,0.5000,-0.11263,1.26182,,,,
32.032,0.5000,0.5000,0.5000,0.5000,3.52,22.55,0.348,,1,0,,,7,0.9000,0.5000,-0.11524,1.25966,,,,
32.055,0.5000,0.5000,0.5000,0.5000,3.53,22.62,0.351,,1,0,,,7,0.9000,0.5000,-0.12388,1.25971,,,,
32.095,0.5000,0.5000,0.5000,0.5000,3.54,22.70,0.353,,1,0,,,7,0.9000,0.5000,-0.13154,1.25423,,,,
32.128,0.5000,0.5000,0.5000,0.5000,3.55,22.77,0.354,,1,0,,,7,0.9000,0.5000,-0.13546,1.25193,,,,
32.150,0.5000,0.5000,0.5000,0.5000,3.56,22.83,0.353,,1,0,,,7,0.9000,0.5000,-0.13699,1.24753,,,,
32.183,0.5000,0.5000,0.5000,0.5000,3.57,22.90,0.357,,1,0,,,7,0.9000,0.5000,-0.14036,1.24198,,,,
32.236,0.5000,0.5000,0.5000,0.5000,3.58,22.98,0.359,,1,0,,,7,0.9000,0.5000,-0.13889,1.24195,,,,
32.263,0.5000,0.5000,0.5000,0.5000,3.59,23.02,0.361,,1,0,,,7,0.9000,0.5000,-0.13920,1.23660,,,,
32.294,0.5000,0.5000,0.5000,0.5000,3.60,23.05,0.362,,1,0,,,7,0.9000,0.5000,-0.14573,1.23631,,,,
32.336,0.5000,0.5000,0.5000,0.5000,3.61,23.08,0.363,,1,0,,,7,0.9000,0.5000,-0.14511,1.23585,,,,
32.359,0.5000,0.5000,0.5000,0.5000,3.62,23.12,0.363,,1,0,,,7,0.9000,0.5000,-0.15057,1.23350,,,,
32.398,0.5000,0.5000,0.5000,0.5000,3.63,23.15,0.364,,1,0,,,7,0.9000,0.5000,-0.15698,1.22745,,,,
32.429,0.5000,0.5000,0.5000,0.5000,3.64,23.18,0.364,,1,0,,,7,0.9000,0.5000,-0.16214,1.23060,,,,
32.455,0.5000,0.5000,0.5000,0.5000,3.65,23.22,0.365,,1,0,,,7,0.9000,0.5000,-0.16237,1.23120,,,,
32.493,0.5000,0.5000,0.5000,0.5000,3.66,23.26,0.365,,1,0,,,7,0.9000,0.5000,-0.16222,1.22590,,,,
32.519,0.5000,0.5000,0.5000,0.5000,3.67,23.30,0.366,,1,0,,,7,0.9000,0.5000,-0.16755,1.22454,,,,
32.561,0.5000,0.5000,0.5000,0.5000,3.67,23.32,0.366,,1,0,,,7,0.9000,0.5000,-0.16807,1.22487,,,,
32.584,0.5000,0.5000,0.5000,0.5000,3.68,23.34,0.367,,1,0,,,7,0.9000,0.5000,-0.16831,1.22605,,,,
32.616,0.5000,0.5000,0.5000,0.5000,3.68,23.36,0.366,,1,0,,,7,0.9000,0.5000,-0.16842,1.22636,,,,
32.657,0.5000,0.5000,0.5000,0.5000,3.68,23.36,0.366,,1,0,,,7,0.9000,0.5000,-0.16714,1.22662,,,,
32.687,0.5000,0.5000,0.5000,0.5000,3.68,23.37,0.363,,1,0,,,7,0.9000,0.5000,-0.16673,1.22816,,,,
32.718,0.5000,0.5000,0.5000,0.5000,3.69,23.38,0.364,,1,0,,,7,0.9000,0.5000,-0.16499,1.22787,,,,
32.743,0.5000,0.5000,0.5000,0.5000,3.69,23.40,0.364,,1,0,,,7,0.9000,0.5000,-0.16125,1.22770,,,,
32.801,0.5000,0.5000,0.5000,0.5000,3.69,23.42,0.364,,1,0,,,7,0.9000,0.5000,-0.15241,1.22731,,,,
32.832,0.5000,0.5000,0.5000,0.5000,3.70,23.44,0.364,,1,0,,,7,0.9000,0.5000,-0.15146,1.22702,,,,
32.860,0.5000,0.5000,0.5000,0.5000,3.70,23.45,0.363,,1,0,,,7,0.9000,0.5000,-0.14706,1.22641,,,,
32.892,0.5000,0.5000,0.5000,0.5000,3.70,23.46,0.363,,1,0,,,7,0.9000,0.5000,-0.14709,1.22791,,,,
32.919,0.5000,0.5000,0.5000,0.5000,3.70,23.48,0.362,,1,0,,,7,0.9000,0.5000,-0.14473,1.22792,,,,
32.961,0.5000,0.5000,0.5000,0.5000,3.69,23.51,0.362,,1,0,,,7,0.9000,0.5000,-0.14781,1.22532,,,,
32.985,0.5000,0.5000,0.5000,0.5000,3.69,23.53,0.362,,1,0,,,7,0.9000,0.5000,-0.13255,1.22386,,,,
33.026,0.5000,0.5000,0.5000,0.5000,3.69,23.55,0.363,,1,0,,,7,0.9000,0.5000,-0.12518,1.22347,,,,
33.055,0.5000,0.5000,0.5000,0.5000,3.68,23.57,0.364,,1,0,,,7,0.9000,0.5000,-0.11929,1.22281,,,,
33.080,0.5000,0.5000,0.5000,0.5000,3.68,23.57,0.365,,1,0,,,7,0.9000,0.5000,-0.11160,1.22488,,,,
33.111,0.5000,0.5000,0.5000,0.5000,3.67,23.57,0.363,,1,0,,,7,0.9000,0.5000,-0.11047,1.22816,,,,
33.154,0.5000,0.5000,0.5000,0.5000,3.67,23.57,0.363,,1,0,,,7,0.9000,0.5000,-0.11020,1.22777,,,,
33.181,0.5000,0.5000,0.5000,0.5000,3.66,23.58,0.365,,1,0,,,7,0.9000,0.5000,-0.09180,1.22729,,,,
33.215,0.5000,0.5000,0.5000,0.5000,3.66,23.59,0.365,,1,0,,,7,0.9000,0.5000,-0.08433,1.22786,,,,
33.248,0.5000,0.5000,0.5000,0.5000,3.66,23.59,0.364,,1,0,,,7,0.9000,0.5000,-0.07779,1.22594,,,,
33.271,0.5000,0.5000,0.5000,0.5000,3.66,23.59,0.366,,1,0,,,7,0.9000,0.5000,-0.07375,1.22783,,,,
33.303,0.5000,0.5000,0.5000,0.5000,3.66,23.59,0.368,,1,0,,,7,0.9000,0.5000,-0.06472,1.22835,,,,
33.358,0.5000,0.5000,0.5000,0.5000,3.66,23.58,0.368,,1,0,,,7,0.9000,0.5000,-0.05595,1.22505,,,,
33.388,0.5000,0.5000,0.5000,0.5000,3.66,23.58,0.368,,1,0,,,7,0.9000,0.5000,-0.04565,1.23068,,,,
33.425,0.5000,0.5000,0.5000,0.5000,3.66,23.57,0.368,,1,0,,,7,0.9000,0.5000,-0.04232,1.22921,,,,
33.448,0.5000,0.5000,0.5000,0.5000,3.66,23.58,0.368,,1,0,,,7,0.9000,0.5000,-0.03805,1.23403,,,,
33.477,0.5000,0.5000,0.5000,0.5000,3.67,23.59,0.368,,1,0,,,7,0.9000,0.5000,-0.03804,1.23317,,,,
33.517,0.5000,0.5000,0.5000,0.5000,3.67,23.60,0.367,,1,0,,,7,0.9000,0.5000,-0.03347,1.23454,,,,
33.554,0.5000,0.5000,0.5000,0.5000,3.68,23.59,0.367,,1,0,,,7,0.9000,0.5000,-0.03590,1.23444,,,,
33.584,0.5000,0.5000,0.5000,0.5000,3.68,23.58,0.367,,1,0,,,7,0.9000,0.5000,-0.03458,1.23641,,,,
33.617,0.5000,0.5000,0.5000,0.5000,3.68,23.58,0.368,,1,0,,,7,0.9000,0.5000,-0.03411,1.23683,,,,
33.649,0.5000,0.5000,0.5000,0.5000,3.68,23.57,0.369,,1,0,,,7,0.9000,0.5000,-0.03582,1.23860,,,,
33.683,0.5000,0.5000,0.5000,0.5000,3.69,23.57,0.369,,1,0,,,7,0.9000,0.5000,-0.03715,1.24118,,,,
33.715,0.5000,0.5000,0.5000,0.5000,3.69,23.57,0.369,,1,0,,,7,0.9000,0.5000,-0.04571,1.24073,,,,
33.744,0.5000,0.5000,0.5000,0.5000,3.69,23.58,0.369,,1,0,,,7,0.9000,0.5000,-0.04617,1.24031,,,,
33.767,0.5000,0.5000,0.5000,0.5000,3.70,23.59,0.369,,1,0,,,7,0.9000,0.5000,-0.05174,1.24000,,,,
33.838,0.5000,0.5000,0.5000,0.5000,3.70,23.60,0.368,,1,0,,,7,0.9000,0.5000,-0.05175,1.24324,,,,
33.879,0.5000,0.5000,0.5000,0.5000,3.71,23.60,0.369,,1,0,,,7,0.9000,0.5000,-0.05312,1.24274,,,,
33.894,0.5000,0.5000,0.5000,0.5000,3.71,23.58,0.370,,1,0,,,7,0.9000,0.5000,-0.06427,1.24404,,,,
33.951,0.5000,0.5000,0.5000,0.5000,3.73,23.53,0.371,,1,0,,,7,0.9000,0.5000,-0.06362,1.24918,,,,
33.985,0.5000,0.5000,0.5000,0.5000,3.73,23.50,0.368,,1,0,,,7,0.9000,0.5000,-0.06752,1.24894,,,,
34.011,0.5000,0.5000,0.5000,0.5000,3.73,23.49,0.368,,1,0,,,7,0.9000,0.5000,-0.07136,1.24837,,,,
34.037,0.5000,0.5000,0.5000,0.5000,3.74,23.48,0.369,,1,0,,,7,0.9000,0.5000,-0.08381,1.24517,,,,
34.061,0.5000,0.5000,0.5000,0.5000,3.74,23.46,0.369,,1,0,,,7,0.9000,0.5000,-0.08452,1.24617,,,,
34.089,0.5000,0.5000,0.5000,0.5000,3.74,23.44,0.370,,1,0,,,7,0.9000,0.5000,-0.08291,1.24847,,,,
34.105,0.5000,0.5000,0.5000,0.5000,3.74,23.43,0.368,,1,0,,,7,0.9000,0.5000,-0.08580,1.24992,,,,
34.145,0.5000,0.5000,0.5000,0.5000,3.73,23.42,0.369,,1,0,,,7,0.9000,0.5000,-0.08351,1.25284,,,,
34.169,0.5000,0.5000,0.5000,0.5000,3.73,23.42,0.368,,1,0,,,7,0.9000,0.5000,-0.08432,1.25920,,,,
34.240,0.5000,0.5000,0.5000,0.5000,3.71,23.43,0.367,,1,0,,,7,0.9000,0.5000,-0.08134,1.25998,,,,
34.262,0.5000,0.5000,0.5000,0.5000,3.71,23.44,0.365,,1,0,,,7,0.9000,0.5000,-0.07713,1.26693,,,,
34.300,0.5000,0.5000,0.5000,0.5000,3.71,23.45,0.365,,1,0,,,7,0.9000,0.5000,-0.07575,1.26925,,,,
34.327,0.5000,0.5000,0.5000,0.5000,3.71,23.45,0.367,,1,0,,,8,0.5000,0.9000,-0.07711,1.27173,,,,
34.359,0.5000,0.5000,0.5000,0.5000,3.71,23.46,0.367,,1,0,,,8,0.5000,0.9000,-0.07815,1.27402,,,,
34.391,0.5000,0.5000,0.5000,0.5000,3.70,23.47,0.368,,1,0,,,8,0.5000,0.9000,-0.08468,1.27519,,,,
34.431,0.5000,0.5000,0.5000,0.5000,3.70,23.49,0.367,,1,0,,,8,0.5000,0.9000,-0.08773,1.27623,,,,
34.463,0.5000,0.5000,0.5000,0.5000,3.69,23.51,0.369,,1,0,,,8,0.5000,0.9000,-0.09268,1.27545,,,,
34.502,0.5000,0.5000,0.5000,0.5000,3.69,23.53,0.369,,1,0,,,8,0.5000,0.9000,-0.09615,1.27999,,,,
34.541,0.5000,0.5000,0.5000,0.5000,3.69,23.54,0.369,,1,0,,,8,0.5000,0.9000,-0.09815,1.28077,,,,
34.570,0.5000,0.5000,0.5000,0.5000,3.69,23.54,0.369,,1,0,,,8,0.5000,0.9000,-0.09967,1.28091,,,,
34.594,0.5000,0.5000,0.5000,0.5000,3.69,23.55,0.368,,1,0,,,8,0.5000,0.9000,-0.10154,1.28308,,,,
34.641,0.5000,0.5000,0.5000,0.5000,3.69,23.55,0.360,,1,0,,,8,0.5000,0.9000,-0.29268,1.30117,,,,
34.674,0.5000,0.5000,0.5000,0.5000,3.68,23.56,0.351,,1,0,,,8,0.5000,0.9000,-0.35156,1.31614,,,,
34.704,0.5000,0.5000,0.5000,0.5000,3.68,23.56,0.345,,1,0,,,8,0.5000,0.9000,-0.36264,1.32063,,,,
34.732,0.5000,0.5000,0.5000,0.5000,3.67,23.54,0.341,,1,0,,,8,0.5000,0.9000,-0.37847,1.32013,,,,
34.768,0.5000,0.5000,0.5000,0.5000,3.67,23.53,0.338,,1,0,,,8,0.5000,0.9000,-0.40625,1.33297,,,,
34.790,0.5000,0.5000,0.5000,0.5000,3.67,23.50,0.335,,1,0,,,8,0.5000,0.9000,-0.40840,1.34227,,,,
34.822,0.5000,0.5000,0.5000,0.5000,3.67,23.45,0.334,,1,0,,,8,0.5000,0.9000,-0.43896,1.34271,,,,
34.854,0.5000,0.5000,0.5000,0.5000,3.67,23.42,0.335,,1,0,,,8,0.5000,0.9000,-0.44096,1.34140,,,,
34.886,0.5000,0.5000,0.5000,0.5000,3.66,23.40,0.334,,1,0,,,8,0.5000,0.9000,-0.43548,1.34299,,,,
34.919,0.5000,0.5000,0.5000,0.5000,3.66,23.36,0.332,,1,0,,,8,0.5000,0.9000,-0.43086,1.34196,,,,
34.950,0.5000,0.5000,0.5000,0.5000,3.65,23.33,0.334,,1,0,,,8,0.5000,0.9000,-0.43329,1.34544,,,,
34.992,0.5000,0.5000,0.5000,0.5000,3.65,23.29,0.335,,1,0,,,8,0.5000,0.9000,-0.43217,1.34524,,,,
35.014,0.5000,0.5000,0.5000,0.5000,3.65,23.24,0.336,,1,0,,,8,0.5000,0.9000,-0.43074,1.34559,,,,
35.069,0.5000,0.5000,0.5000,0.5000,3.64,23.19,0.338,,1,0,,,8,0.5000,0.9000,-0.43150,1.35014,,,,
35.101,0.5000,0.5000,0.5000,0.5000,3.64,23.16,0.336,,1,0,,,8,0.5000,0.9000,-0.42981,1.34913,,,,
35.126,0.5000,0.5000,0.5000,0.5000,3.63,23.13,0.337,,1,0,,,8,0.5000,0.9000,-0.43144,1.35051,,,,
35.167,0.5000,0.5000,0.5000,0.5000,3.63,23.11,0.337,,1,0,,,8,0.5000,0.9000,-0.42796,1.35050,,,,
35.198,0.5000,0.5000,0.5000,0.5000,3.62,23.08,0.339,,1,0,,,8,0.5000,0.9000,-0.42755,1.35126,,,,
35.223,0.5000,0.5000,0.5000,0.5000,3.62,23.05,0.340,,1,0,,,8,0.5000,0.9000,-0.43144,1.35189,,,,
35.255,0.5000,0.5000,0.5000,0.5000,3.62,23.01,0.339,,1,0,,,8,0.5000,0.9000,-0.42572,1.34984,,,,
35.286,0.5000,0.5000,0.5000,0.5000,3.61,22.98,0.339,,1,0,,,8,0.5000,0.9000,-0.42513,1.35172,,,,
35.325,0.5000,0.5000,0.5000,0.5000,3.61,22.94,0.337,,1,0,,,8,0.5000,0.9000,-0.42688,1.35231,,,,
35.351,0.5000,0.5000,0.5000,0.5000,3.61,22.92,0.336,,1,0,,,8,0.5000,0.9000,-0.42483,1.35161,,,,
35.392,0.5000,0.5000,0.5000,0.5000,3.61,22.90,0.335,,1,0,,,8,0.5000,0.9000,-0.42660,1.35119,,,,
35.423,0.5000,0.5000,0.5000,0.5000,3.61,22.88,0.337,,1,0,,,8,0.5000,0.9000,-0.42677,1.35360,,,,
35.455,0.5000,0.5000,0.5000,0.5000,3.61,22.85,0.336,,1,0,,,8,0.5000,0.9000,-0.43321,1.35619,,,,
35.479,0.5000,0.5000,0.5000,0.5000,3.61,22.84,0.335,,1,0,,,8,0.5000,0.9000,-0.43358,1.35470,,,,
35.522,0.5000,0.5000,0.5000,0.5000,3.61,22.81,0.334,,1,0,,,8,0.5000,0.9000,-0.43335,1.35358,,,,
35.553,0.5000,0.5000,0.5000,0.5000,3.62,22.78,0.333,,1,0,,,8,0.5000,0.9000,-0.44290,1.35588,,,,
35.584,0.5000,0.5000,0.5000,0.5000,3.62,22.76,0.332,,1,0,,,8,0.5000,0.9000,-0.44352,1.35616,,,,
35.623,0.5000,0.5000,0.5000,0.5000,3.62,22.74,0.331,,1,0,,,8,0.5000,0.9000,-0.44037,1.35339,,,,
35.666,0.5000,0.5000,0.5000,0.5000,3.62,22.73,0.332,,1,0,,,8,0.5000,0.9000,-0.44038,1.35987,,,,
35.687,0.5000,0.5000,0.5000,0.5000,3.61,22.74,0.332,,1,0,,,8,0.5000,0.9000,-0.44060,1.35845,,,,
35.726,0.5000,0.5000,0.5000,0.5000,3.61,22.75,0.331,,1,0,,,8,0.5000,0.9000,-0.44319,1.35876,,,,
35.762,0.5000,0.5000,0.5000,0.5000,3.61,22.76,0.330,,1,0,,,8,0.5000,0.9000,-0.44318,1.35812,,,,
35.782,0.5000,0.5000,0.5000,0.5000,3.60,22.77,0.330,,1,0,,,8,0.5000,0.9000,-0.44182,1.35753,,,,
35.815,0.5000,0.5000,0.5000,0.5000,3.60,22.75,0.330,,1,0,,,8,0.5000,0.9000,-0.44133,1.35468,,,,
35.848,0.5000,0.5000,0.5000,0.5000,3.61,22.72,0.330,,1,0,,,8,0.5000,0.9000,-0.44456,1.35384,,,,
35.878,0.5000,0.5000,0.5000,0.5000,3.62,22.69,0.329,,1,0,,,8,0.5000,0.9000,-0.44063,1.34980,,,,
35.918,0.5000,0.5000,0.5000,0.5000,3.63,22.64,0.329,,1,0,,,8,0.5000,0.9000,-0.42741,1.35323,,,,
35.952,0.5000,0.5000,0.5000,0.5000,3.64,22.61,0.328,,1,0,,,8,0.5000,0.9000,-0.42705,1.35274,,,,
35.984,0.5000,0.5000,0.5000,0.5000,3.65,22.58,0.330,,1,0,,,8,0.5000,0.9000,-0.42239,1.35400,,,,
36.016,0.5000,0.5000,0.5000,0.5000,3.65,22.55,0.329,,1,0,,,8,0.5000,0.9000,-0.42028,1.35486,,,,
36.046,0.5000,0.5000,0.5000,0.5000,3.65,22.53,0.330,,1,0,,,8,0.5000,0.9000,-0.42485,1.35839,,,,
36.078,0.5000,0.5000,0.5000,0.5000,3.66,22.50,0.327,,1,0,,,8,0.5000,0.9000,-0.42675,1.35868,,,,
36.102,0.5000,0.5000,0.5000,0.5000,3.66,22.49,0.328,,1,0,,,8,0.5000,0.9000,-0.42508,1.36291,,,,
36.144,0.5000,0.5000,0.5000,0.5000,3.66,22.48,0.327,,1,0,,,8,0.5000,0.9000,-0.42951,1.36560,,,,
36.173,0.5000,0.5000,0.5000,0.5000,3.67,22.47,0.327,,1,0,,,8,0.5000,0.9000,-0.42523,1.36145,,,,
36.264,0.5000,0.5000,0.5000,0.5000,3.65,22.45,0.326,,1,0,,,8,0.5000,0.9000,-0.42131,1.35917,,,,
36.280,0.5000,0.5000,0.5000,0.5000,3.64,22.44,0.325,,1,0,,,8,0.5000,0.9000,-0.41802,1.35679,,,,
36.317,0.5000,0.5000,0.5000,0.5000,3.64,22.44,0.325,,1,0,,,8,0.5000,0.9000,-0.41611,1.35872,,,,
36.344,0.5000,0.5000,0.5000,0.5000,3.63,22.44,0.324,,1,0,,,8,0.5000,0.9000,-0.41477,1.36092,,,,
36.369,0.5000,0.5000,0.5000,0.5000,3.62,22.44,0.326,,1,0,,,8,0.5000,0.9000,-0.41188,1.36329,,,,
36.391,0.5000,0.5000,0.5000,0.5000,3.62,22.45,0.324,,1,0,,,8,0.5000,0.9000,-0.41213,1.36602,,,,
36.410,0.5000,0.5000,0.5000,0.5000,3.62,22.44,0.323,,1,0,,,8,0.5000,0.9000,-0.40751,1.36496,,,,
36.445,0.5000,0.5000,0.5000,0.5000,3.62,22.43,0.319,,1,0,,,8,0.5000,0.9000,-0.40969,1.36902,,,,
36.471,0.5000,0.5000,0.5000,0.5000,3.62,22.41,0.319,,1,0,,,8,0.5000,0.9000,-0.41000,1.37198,,,,
36.502,0.5000,0.5000,0.5000,0.5000,3.62,22.38,0.319,,1,0,,,8,0.5000,0.9000,-0.41233,1.37355,,,,
36.545,0.5000,0.5000,0.5000,0.5000,3.62,22.35,0.321,,1,0,,,8,0.5000,0.9000,-0.41113,1.37589,,,,
36.567,0.5000,0.5000,0.5000,0.5000,3.62,22.32,0.321,,1,0,,,8,0.5000,0.9000,-0.42484,1.37873,,,,
36.645,0.5000,0.5000,0.5000,0.5000,3.62,22.23,0.319,,1,0,,,8,0.5000,0.9000,-0.42390,1.38544,,,,
36.664,0.5000,0.5000,0.5000,0.5000,3.63,22.20,0.319,,1,0,,,8,0.5000,0.9000,-0.42483,1.38767,,,,
36.695,0.5000,0.5000,0.5000,0.5000,3.63,22.18,0.317,,1,0,,,8,0.5000,0.9000,-0.41332,1.38616,,,,
36.727,0.5000,0.5000,0.5000,0.5000,3.63,22.17,0.321,,1,0,,,8,0.5000,0.9000,-0.41399,1.38857,,,,
36.776,0.5000,0.5000,0.5000,0.5000,3.64,22.18,0.321,,1,0,,,8,0.5000,0.9000,-0.40635,1.38690,,,,
36.807,0.5000,0.5000,0.5000,0.5000,3.64,22.20,0.319,,1,0,,,8,0.5000,0.9000,-0.40620,1.38922,,,,
36.833,0.5000,0.5000,0.5000,0.5000,3.64,22.22,0.317,,1,0,,,8,0.5000,0.9000,-0.40628,1.38988,,,,
36.859,0.5000,0.5000,0.5000,0.5000,3.64,22.24,0.317,,1,0,,,8,0.5000,0.9000,-0.40536,1.39078,,,,
36.884,0.5000,0.5000,0.5000,0.5000,3.65,22.27,0.317,,1,0,,,8,0.5000,0.9000,-0.40554,1.39319,,,,
36.917,0.5000,0.5000,0.5000,0.5000,3.65,22.29,0.316,,1,0,,,8,0.5000,0.9000,-0.40561,1.39598,,,,
36.946,0.5000,0.5000,0.5000,0.5000,3.65,22.31,0.318,,1,0,,,8,0.5000,0.9000,-0.40606,1.39650,,,,
36.966,0.5000,0.5000,0.5000,0.5000,3.64,22.30,0.316,,1,0,,,8,0.5000,0.9000,-0.40316,1.39716,,,,
37.032,0.5000,0.5000,0.5000,0.5000,3.65,22.25,0.313,,1,0,,,8,0.5000,0.9000,-0.38788,1.39904,,,,
37.068,0.5000,0.5000,0.5000,0.5000,3.65,22.23,0.306,,1,0,,,8,0.5000,0.9000,-0.38247,1.40387,,,,
37.095,0.5000,0.5000,0.5000,0.5000,3.65,22.22,0.306,,1,0,,,8,0.5000,0.9000,-0.37761,1.40531,,,,
37.134,0.5000,0.5000,0.5000,0.5000,3.65,22.21,0.304,,1,0,,,8,0.5000,0.9000,-0.37040,1.40677,,,,
37.166,0.5000,0.5000,0.5000,0.5000,3.65,22.20,0.308,,1,0,,,8,0.5000,0.9000,-0.37133,1.41047,,,,
37.201,0.5000,0.5000,0.5000,0.5000,3.65,22.20,0.308,,1,0,,,8,0.5000,0.9000,-0.35815,1.41016,,,,
37.222,0.5000,0.5000,0.5000,0.5000,3.66,22.20,0.307,,1,0,,,8,0.5000,0.9000,-0.35373,1.41140,,,,
37.254,0.5000,0.5000,0.5000,0.5000,3.66,22.20,0.305,,1,0,,,8,0.5000,0.9000,-0.35685,1.41428,,,,
37.288,0.5000,0.5000,0.5000,0.5000,3.66,22.19,0.304,,1,0,,,8,0.5000,0.9000,-0.35777,1.41416,,,,
37.335,0.5000,0.5000,0.5000,0.5000,3.67,22.18,0.299,,1,0,,,8,0.5000,0.9000,-0.35474,1.42145,,,,
37.600,0.6461,0.9529,0.6461,0.9529,3.71,22.36,0.304,,1,1,10.413,0.1704,,,,-0.34524,1.41833,16.743,9.213,8.824,2.649
37.627,0.6464,0.9528,0.6477,0.9527,3.72,22.38,0.304,,1,1,10.413,0.1704,,,,-0.34248,1.41751,16.743,9.213,8.824,2.649
37.649,0.6457,0.9536,0.6421,0.9575,3.72,22.38,0.304,,1,1,10.413,0.1704,,,,-0.34950,1.41765,16.743,9.213,8.824,2.649
37.683,0.6451,0.9558,0.6435,0.9626,3.72,22.39,0.304,,1,1,10.413,0.1704,,,,-0.34949,1.41944,16.743,9.213,8.824,2.649
37.706,0.6447,0.9571,0.6425,0.9630,3.73,22.39,0.305,,1,1,10.413,0.1704,,,,-0.34984,1.41854,16.743,9.213,8.824,2.649
37.738,0.6426,0.9557,0.6358,0.9511,3.73,22.40,0.304,,1,1,10.413,0.1704,,,,-0.35073,1.41080,16.743,9.213,8.824,2.649
37.764,0.6383,0.9566,0.6204,0.9606,3.73,22.39,0.305,,1,1,10.413,0.1704,,,,-0.37083,1.41221,16.743,9.213,8.824,2.649
37.791,0.6337,0.9577,0.6167,0.9617,3.73,22.38,0.305,,1,1,10.413,0.1704,,,,-0.37539,1.41220,16.743,9.213,8.824,2.649
37.820,0.6266,0.9637,0.6009,0.9859,3.72,22.36,0.303,,1,1,10.413,0.1704,,,,-0.40568,1.42374,16.743,9.213,8.824,2.649
37.857,0.6206,0.9704,0.6034,0.9896,3.72,22.34,0.305,,1,1,10.413,0.1704,,,,-0.40587,1.42720,16.743,9.213,8.824,2.649
37.880,0.6170,0.9728,0.6007,0.9835,3.71,22.30,0.304,,1,1,10.413,0.1704,,,,-0.40828,1.42623,16.743,9.213,8.824,2.649
37.927,0.6080,0.9748,0.5881,0.9794,3.70,22.28,0.301,,1,1,10.413,0.1704,,,,-0.42306,1.42550,16.743,9.213,8.824,2.649
37.967,0.6028,0.9776,0.5894,0.9851,3.70,22.27,0.302,,1,1,10.413,0.1704,,,,-0.42603,1.43037,16.743,9.213,8.824,2.649
38.002,0.5998,0.9799,0.5904,0.9869,3.70,22.25,0.305,,1,1,10.413,0.1704,,,,-0.42651,1.43219,16.743,9.213,8.824,2.649
38.023,0.5983,0.9817,0.5915,0.9902,3.69,22.25,0.305,,1,1,10.413,0.1704,,,,-0.42886,1.43608,16.743,9.213,8.824,2.649
38.061,0.5959,0.9825,0.5890,0.9848,3.69,22.26,0.302,,1,1,10.413,0.1704,,,,-0.43032,1.43441,16.743,9.213,8.824,2.649
38.093,0.5943,0.9833,0.5893,0.9860,3.68,22.26,0.302,,1,1,10.413,0.1704,,,,-0.43225,1.43682,16.743,9.213,8.824,2.649
38.131,0.5909,0.9845,0.5783,0.9887,3.67,22.26,0.304,,1,1,10.413,0.1704,,,,-0.44816,1.43932,16.743,9.213,8.824,2.649
38.150,0.5872,0.9847,0.5741,0.9857,3.66,22.27,0.304,,1,1,10.413,0.1704,,,,-0.45431,1.44041,16.743,9.213,8.824,2.649
38.190,0.5804,0.9857,0.5625,0.9881,3.66,22.30,0.304,,1,1,10.413,0.1704,,,,-0.46859,1.44051,16.743,9.213,8.824,2.649
38.215,0.5764,0.9830,0.5598,0.9721,3.65,22.34,0.306,,1,1,10.413,0.1704,,,,-0.46657,1.43491,16.743,9.213,8.824,2.649
38.249,0.5719,0.9789,0.5582,0.9659,3.65,22.38,0.307,,1,1,10.413,0.1704,,,,-0.46860,1.43492,16.743,9.213,8.824,2.649
38.282,0.5684,0.9769,0.5574,0.9703,3.64,22.41,0.307,,1,1,10.413,0.1704,,,,-0.47384,1.43944,16.743,9.213,8.824,2.649
38.316,0.5661,0.9757,0.5587,0.9722,3.63,22.44,0.309,,1,1,10.413,0.1704,,,,-0.47518,1.44259,16.743,9.213,8.824,2.649
38.353,0.5630,0.9741,0.5543,0.9696,3.63,22.46,0.310,,1,1,10.413,0.1704,,,,-0.48070,1.44266,16.743,9.213,8.824,2.649
38.383,0.5612,0.9729,0.5551,0.9687,3.63,22.47,0.311,,1,1,10.413,0.1704,,,,-0.48005,1.44303,16.743,9.213,8.824,2.649
38.415,0.5596,0.9727,0.5545,0.9718,3.63,22.49,0.311,,1,1,10.413,0.1704,,,,-0.48113,1.44346,16.743,9.213,8.824,2.649
38.449,0.5582,0.9713,0.5538,0.9671,3.63,22.50,0.311,,1,1,10.413,0.1704,,,,-0.47994,1.44130,16.743,9.213,8.824,2.649
38.492,0.5560,0.9747,0.5506,0.9829,3.63,22.50,0.309,,1,1,10.413,0.1704,,,,-0.48963,1.44732,16.743,9.213,8.824,2.649
38.519,0.5534,0.9788,0.5432,0.9949,3.64,22.50,0.307,,1,1,10.413,0.1704,,,,-0.50161,1.45040,16.743,9.213,8.824,2.649
38.551,0.5498,0.9843,0.5381,1.0023,3.64,22.50,0.308,,1,1,10.413,0.1704,,,,-0.50792,1.45045,16.743,9.213,8.824,2.649
38.593,0.5409,0.9945,0.5189,1.0199,3.65,22.51,0.309,,1,1,10.413,0.1704,,,,-0.53406,1.45332,16.743,9.213,8.824,2.649
38.622,0.5326,1.0000,0.5019,1.0276,3.66,22.53,0.308,,1,1,10.413,0.1704,,,,-0.55151,1.44972,16.743,9.213,8.824,2.649
38.649,0.5226,1.0000,0.4852,1.0401,3.67,22.52,0.306,,1,1,10.413,0.1704,,,,-0.57109,1.44877,16.743,9.213,8.824,2.649
38.690,0.5047,1.0000,0.4591,1.0512,3.67,22.51,0.307,,1,1,10.413,0.1704,,,,-0.60279,1.44857,16.743,9.213,8.824,2.649
38.715,0.4920,1.0000,0.4414,1.0658,3.67,22.49,0.309,,1,1,10.413,0.1704,,,,-0.62707,1.45128,16.743,9.213,8.824,2.649
38.749,0.4724,1.0000,0.4139,1.0638,3.68,22.49,0.307,,1,1,10.413,0.1704,,,,-0.65417,1.44439,16.743,9.213,8.824,2.649
38.783,0.4421,1.0000,0.3521,1.0824,3.67,22.49,0.306,,1,1,10.413,0.1704,,,,-0.72982,1.44445,16.743,9.213,8.824,2.649
38.815,0.4109,1.0000,0.3143,1.0916,3.67,22.50,0.304,,1,1,10.413,0.1704,,,,-0.77448,1.44264,16.743,9.213,8.824,2.649
38.850,0.3810,1.0000,0.2954,1.1277,3.66,22.49,0.304,,1,1,10.413,0.1704,,,,-0.81355,1.45954,16.743,9.213,8.824,2.649
38.882,0.3597,1.0000,0.2930,1.1035,3.65,22.49,0.302,,1,1,10.413,0.1704,,,,-0.81001,1.45268,16.743,9.213,8.824,2.649
38.912,0.3436,1.0000,0.2906,1.0879,3.63,22.49,0.303,,1,1,10.413,0.1704,,,,-0.81016,1.44975,16.743,9.213,8.824,2.649
38.942,0.3322,1.0000,0.2957,1.0779,3.62,22.49,0.302,,1,1,10.413,0.1704,,,,-0.80410,1.44992,16.743,9.213,8.824,2.649
38.978,0.3281,1.0000,0.3168,1.0634,3.61,22.50,0.302,,1,1,10.413,0.1704,,,,-0.77885,1.45046,16.743,9.213,8.824,2.649
39.062,0.3760,1.0000,0.4361,1.0183,3.60,22.40,0.301,,1,1,10.413,0.1704,,,,-0.63838,1.45639,16.743,9.213,8.824,2.649
39.087,0.4016,1.0000,0.5018,0.9613,3.59,22.40,0.299,,1,1,10.413,0.1704,,,,-0.54414,1.44188,16.743,9.213,8.824,2.649
39.115,0.4282,1.0000,0.5263,0.9607,3.59,22.40,0.298,,1,1,10.413,0.1704,,,,-0.51962,1.44761,16.743,9.213,8.824,2.649
39.143,0.4578,0.9852,0.5676,0.9032,3.59,22.43,0.297,,1,1,10.413,0.1704,,,,-0.45154,1.42918,16.743,9.213,8.824,2.649
39.164,0.4877,0.9601,0.6267,0.8424,3.59,22.44,0.295,,1,1,10.413,0.1704,,,,-0.36065,1.40961,16.743,9.213,8.824,2.649
39.194,0.5297,0.9302,0.6652,0.8318,3.59,22.43,0.299,,1,1,10.413,0.1704,,,,-0.31517,1.41135,16.743,9.213,8.824,2.649
39.219,0.5689,0.9098,0.7199,0.8291,3.60,22.38,0.303,,1,1,10.413,0.1704,,,,-0.25307,1.41643,16.743,9.213,8.824,2.649
39.250,0.6129,0.8842,0.7463,0.8037,3.61,22.32,0.306,,1,1,10.413,0.1704,,,,-0.20791,1.40284,16.743,9.213,8.824,2.649
39.277,0.6565,0.8653,0.8091,0.7959,3.62,22.27,0.307,,1,1,10.413,0.1704,,,,-0.13421,1.40620,16.743,9.213,8.824,2.649
39.311,0.7095,0.8548,0.8509,0.8248,3.63,22.20,0.312,,1,1,10.413,0.1704,,,,-0.10243,1.42671,16.743,9.213,8.824,2.649
39.341,0.7507,0.8440,0.8798,0.8079,3.64,22.16,0.315,,1,1,10.413,0.1704,,,,-0.06204,1.42136,16.743,9.213,8.824,2.649
39.376,0.7879,0.8267,0.8845,0.7782,3.64,22.15,0.337,,1,1,10.413,0.1704,,,,-0.04249,1.40681,16.743,9.213,8.824,2.649
39.432,0.8163,0.7776,0.8646,0.6906,3.62,22.08,0.374,,1,1,10.413,0.1704,,,,-0.02823,1.36608,16.743,9.213,8.824,2.649
39.471,0.8317,0.7485,0.8692,0.6756,3.60,22.06,0.376,,1,1,10.413,0.1704,,,,-0.02234,1.36586,16.743,9.213,8.824,2.649
39.495,0.8403,0.7318,0.8751,0.6632,3.59,22.04,0.377,,1,1,10.413,0.1704,,,,-0.01322,1.36392,16.743,9.213,8.824,2.649
39.538,0.8551,0.7072,0.8886,0.6511,3.59,21.98,0.378,,1,1,10.413,0.1704,,,,0.00762,1.35938,16.743,9.213,8.824,2.649
39.564,0.8622,0.6978,0.8885,0.6627,3.59,21.95,0.379,,1,1,10.413,0.1704,,,,0.00219,1.36495,16.743,9.213,8.824,2.649
39.606,0.8692,0.6885,0.8861,0.6662,3.59,21.91,0.379,,1,1,10.413,0.1704,,,,-0.00299,1.36728,16.743,9.213,8.824,2.649
39.640,0.8739,0.6823,0.8876,0.6639,3.59,21.89,0.381,,1,1,10.413,0.1704,,,,-0.00003,1.36615,16.743,9.213,8.824,2.649
39.668,0.8769,0.6793,0.8875,0.6684,3.60,21.89,0.382,,1,1,10.413,0.1704,,,,-0.00130,1.36727,16.743,9.213,8.824,2.649
39.698,0.8797,0.6721,0.8893,0.6484,3.60,21.91,0.387,,1,1,10.413,0.1704,,,,0.01205,1.35549,16.743,9.213,8.824,2.649
39.726,0.8822,0.6513,0.8912,0.5757,3.60,21.94,0.415,,1,1,10.413,0.1704,,,,0.05120,1.31676,16.743,9.213,8.824,2.649
39.756,0.8808,0.6194,0.8762,0.5147,3.59,22.00,0.448,,1,1,10.413,0.1704,,,,0.06241,1.28554,16.743,9.213,8.824,2.649
39.772,0.8795,0.6013,0.8710,0.4925,3.57,22.03,0.454,,1,1,10.413,0.1704,,,,0.06302,1.27821,16.743,9.213,8.824,2.649
39.842,0.8719,0.5396,0.8605,0.4528,3.54,22.15,0.453,,1,1,10.413,0.1704,,,,0.06245,1.26525,16.743,9.213,8.824,2.649
39.874,0.8713,0.5111,0.8693,0.4237,3.53,22.20,0.452,,1,1,10.413,0.1704,,,,0.08016,1.25799,16.743,9.213,8.824,2.649
39.894,0.8740,0.4944,0.8879,0.4146,3.51,22.24,0.453,,1,1,10.413,0.1704,,,,0.09833,1.26273,16.743,9.213,8.824,2.649
39.926,0.8787,0.4698,0.8937,0.3970,3.49,22.26,0.455,,1,1,10.413,0.1704,,,,0.10576,1.26242,16.743,9.213,8.824,2.649
39.968,0.8834,0.4436,0.8953,0.3822,3.47,22.29,0.458,,1,1,10.413,0.1704,,,,0.10755,1.26264,16.743,9.213,8.824,2.649
39.991,0.8841,0.4281,0.8871,0.3644,3.45,22.32,0.462,,1,1,10.413,0.1704,,,,0.10216,1.25774,16.743,9.213,8.824,2.649
40.024,0.8821,0.4046,0.8757,0.3337,3.43,22.36,0.466,,1,1,10.413,0.1704,,,,0.09757,1.24781,16.743,9.213,8.824,2.649
40.065,0.8779,0.3766,0.8671,0.3109,3.41,22.38,0.469,,1,1,10.413,0.1704,,,,0.09479,1.23970,16.743,9.213,8.824,2.649
40.095,0.8749,0.3563,0.8643,0.2905,3.39,22.39,0.472,,1,1,10.413,0.1704,,,,0.09490,1.23587,16.743,9.213,8.824,2.649
40.119,0.8727,0.3404,0.8628,0.2760,3.37,22.39,0.473,,1,1,10.413,0.1704,,,,0.09328,1.23567,16.743,9.213,8.824,2.649
40.160,0.8693,0.3159,0.8607,0.2576,3.35,22.39,0.474,,1,1,10.413,0.1704,,,,0.09286,1.23341,16.743,9.213,8.824,2.649
40.198,0.8667,0.2926,0.8594,0.2337,3.32,22.38,0.477,,1,1,10.413,0.1704,,,,0.09334,1.23127,16.743,9.213,8.824,2.649
40.230,0.8648,0.2744,0.8585,0.2188,3.30,22.39,0.478,,1,1,10.413,0.1704,,,,0.09197,1.23160,16.743,9.213,8.824,2.649
40.263,0.8635,0.2564,0.8594,0.2026,3.28,22.40,0.477,,1,1,10.413,0.1704,,,,0.09297,1.23163,16.743,9.213,8.824,2.649
40.296,0.8634,0.2403,0.8629,0.1914,3.26,22.41,0.477,,1,1,10.413,0.1704,,,,0.09522,1.23381,16.743,9.213,8.824,2.649
40.327,0.8649,0.2257,0.8701,0.1803,3.24,22.41,0.476,,1,1,10.413,0.1704,,,,0.10190,1.23605,16.743,9.213,8.824,2.649
40.365,0.8657,0.2098,0.8678,0.1676,3.23,22.42,0.476,,1,1,10.413,0.1704,,,,0.10030,1.23479,16.743,9.213,8.824,2.649
40.391,0.8336,0.2002,0.7083,0.1642,3.20,22.44,0.477,,1,1,10.413,0.1704,,,,-0.06589,1.20416,16.743,9.213,8.824,2.649
40.432,0.7608,0.1987,0.5841,0.1949,3.18,22.45,0.475,,1,1,10.413,0.1704,,,,-0.21762,1.20381,16.743,9.213,8.824,2.649
40.462,0.7082,0.2023,0.5380,0.2146,3.15,22.47,0.477,,1,1,10.413,0.1704,,,,-0.28601,1.21637,16.743,9.213,8.824,2.649
40.496,0.6567,0.1975,0.5119,0.1831,3.12,22.48,0.473,,1,1,10.413,0.1704,,,,-0.30586,1.20368,16.743,9.213,8.824,2.649
40.526,0.6163,0.1942,0.4906,0.1831,3.09,22.50,0.472,,1,1,10.413,0.1704,,,,-0.34056,1.21272,16.743,9.213,8.824,2.649
40.560,0.5805,0.1861,0.4809,0.1616,3.06,22.49,0.471,,1,1,10.413,0.1704,,,,-0.34920,1.20929,16.743,9.213,8.824,2.649
40.594,0.5539,0.1739,0.4795,0.1371,3.04,22.48,0.468,,1,1,10.413,0.1704,,,,-0.34702,1.20529,16.743,9.213,8.824,2.649
40.625,0.5347,0.1622,0.4748,0.1231,3.01,22.49,0.470,,1,1,10.413,0.1704,,,,-0.35531,1.20785,16.743,9.213,8.824,2.649
40.654,0.5195,0.1512,0.4704,0.1133,2.99,22.48,0.470,,1,1,10.413,0.1704,,,,-0.36298,1.21029,16.743,9.213,8.824,2.649
40.682,0.5017,0.1454,0.4396,0.1237,2.97,22.45,0.468,,1,1,10.413,0.1704,,,,-0.40654,1.21643,16.743,9.213,8.824,2.649
40.725,0.4709,0.1432,0.3983,0.1377,2.96,22.41,0.465,,1,1,10.413,0.1704,,,,-0.46294,1.22268,16.743,9.213,8.824,2.649
40.758,0.4460,0.1432,0.3776,0.1432,2.94,22.35,0.461,,1,1,10.413,0.1704,,,,-0.49488,1.22958,16.743,9.213,8.824,2.649
40.800,0.4200,0.1418,0.3576,0.1384,2.93,22.30,0.459,,1,1,10.413,0.1704,,,,-0.51757,1.22773,16.743,9.213,8.824,2.649
40.824,0.4054,0.1408,0.3501,0.1366,2.91,22.27,0.459,,1,1,10.413,0.1704,,,,-0.53002,1.23117,16.743,9.213,8.824,2.649
40.862,0.3862,0.1403,0.3368,0.1389,2.90,22.24,0.456,,1,1,10.413,0.1704,,,,-0.55018,1.23530,16.743,9.213,8.824,2.649
40.888,0.3701,0.1451,0.3097,0.1647,2.88,22.19,0.456,,1,1,10.413,0.1704,,,,-0.59957,1.25233,16.743,9.213,8.824,2.649
40.918,0.3508,0.1466,0.2890,0.1520,2.87,22.15,0.453,,1,1,10.413,0.1704,,,,-0.61734,1.24441,16.743,9.213,8.824,2.649
40.958,0.3281,0.1505,0.2726,0.1607,2.86,22.12,0.454,,1,1,10.413,0.1704,,,,-0.64495,1.25227,16.743,9.213,8.824,2.649
40.991,0.3115,0.1531,0.2612,0.1615,2.85,22.08,0.453,,1,1,10.413,0.1704,,,,-0.66128,1.25487,16.743,9.213,8.824,2.649
41.015,0.2989,0.1545,0.2487,0.1608,2.84,22.04,0.452,,1,1,10.413,0.1704,,,,-0.67622,1.25445,16.743,9.213,8.824,2.649
41.055,0.2797,0.1549,0.2316,0.1560,2.84,22.00,0.449,,1,1,10.413,0.1704,,,,-0.69348,1.25048,16.743,9.213,8.824,2.649
41.078,0.2672,0.1547,0.2155,0.1536,2.83,21.98,0.446,,1,1,10.413,0.1704,,,,-0.71161,1.24894,16.743,9.213,8.824,2.649
41.117,0.2456,0.1549,0.1904,0.1554,2.82,22.00,0.442,,1,1,10.413,0.1704,,,,-0.74082,1.24735,16.743,9.213,8.824,2.649
41.153,0.2320,0.1577,0.1944,0.1659,2.82,22.01,0.443,,1,1,10.413,0.1704,,,,-0.74331,1.25511,16.743,9.213,8.824,2.649
41.174,0.2232,0.1617,0.1834,0.1814,2.82,22.03,0.440,,1,1,10.413,0.1704,,,,-0.76227,1.26080,16.743,9.213,8.824,2.649
41.212,0.2092,0.1736,0.1722,0.2063,2.83,22.07,0.443,,1,1,10.413,0.1704,,,,-0.78669,1.27217,16.743,9.213,8.824,2.649
41.246,0.1988,0.1877,0.1680,0.2312,2.83,22.11,0.441,,1,1,10.413,0.1704,,,,-0.80458,1.28559,16.743,9.213,8.824,2.649
41.270,0.1934,0.1963,0.1710,0.2335,2.83,22.14,0.439,,1,1,10.413,0.1704,,,,-0.80135,1.28607,16.743,9.213,8.824,2.649
41.318,0.1874,0.2089,0.1745,0.2362,2.84,22.18,0.438,,1,1,10.413,0.1704,,,,-0.79663,1.28559,16.743,9.213,8.824,2.649
41.353,0.1846,0.2167,0.1769,0.2395,2.85,22.20,0.438,,1,1,10.413,0.1704,,,,-0.79382,1.28573,16.743,9.213,8.824,2.649
41.391,0.1838,0.2221,0.1817,0.2368,2.85,22.23,0.437,,1,1,10.413,0.1704,,,,-0.78588,1.28350,16.743,9.213,8.824,2.649
41.423,0.1851,0.2264,0.1890,0.2406,2.85,22.25,0.436,,1,1,10.413,0.1704,,,,-0.77913,1.28583,16.743,9.213,8.824,2.649
41.454,0.1902,0.2427,0.2074,0.2968,2.86,22.29,0.415,,1,1,10.413,0.1704,,,,-0.79288,1.32409,16.743,9.213,8.824,2.649
41.478,0.2072,0.2745,0.2815,0.4053,2.87,22.32,0.375,,1,1,10.413,0.1704,,,,-0.77388,1.39973,16.743,9.213,8.824,2.649
41.511,0.2410,0.3203,0.3473,0.4570,2.90,22.34,0.364,,1,1,10.413,0.1704,,,,-0.72420,1.43229,16.743,9.213,8.824,2.649
41.551,0.2756,0.3701,0.3643,0.4921,2.92,22.37,0.367,,1,1,10.413,0.1704,,,,-0.71653,1.44611,16.743,9.213,8.824,2.649
41.574,0.2940,0.4014,0.3738,0.5299,2.95,22.40,0.374,,1,1,10.413,0.1704,,,,-0.71800,1.45993,16.743,9.213,8.824,2.649
41.619,0.3205,0.4474,0.3793,0.5446,2.96,22.45,0.373,,1,1,10.413,0.1704,,,,-0.71501,1.46392,16.743,9.213,8.824,2.649
41.646,0.3356,0.4672,0.3928,0.5391,2.97,22.48,0.376,,1,1,10.413,0.1704,,,,-0.69410,1.45926,16.743,9.213,8.824,2.649
41.680,0.3509,0.4884,0.3978,0.5507,2.98,22.51,0.378,,1,1,10.413,0.1704,,,,-0.68889,1.46024,16.743,9.213,8.824,2.649
41.703,0.3629,0.5059,0.4105,0.5728,3.00,22.53,0.378,,1,1,10.413,0.1704,,,,-0.68112,1.46836,16.743,9.213,8.824,2.649
41.741,0.3775,0.5311,0.4166,0.5958,3.01,22.54,0.377,,1,1,10.413,0.1704,,,,-0.68031,1.47545,16.743,9.213,8.824,2.649
41.767,0.3865,0.5482,0.4207,0.6105,3.03,22.53,0.379,,1,1,10.413,0.1704,,,,-0.67826,1.47854,16.743,9.213,8.824,2.649
41.831,0.4089,0.5856,0.4441,0.6425,3.05,22.52,0.375,,1,1,10.413,0.1704,,,,-0.66010,1.48961,16.743,9.213,8.824,2.649
41.884,0.4259,0.6151,0.4588,0.6708,3.08,22.49,0.375,,1,1,10.413,0.1704,,,,-0.65001,1.49789,16.743,9.213,8.824,2.649
41.915,0.4341,0.6335,0.4610,0.6918,3.09,22.46,0.373,,1,1,10.413,0.1704,,,,-0.65190,1.50277,16.743,9.213,8.824,2.649
41.937,0.4395,0.6467,0.4645,0.7052,3.11,22.43,0.372,,1,1,10.413,0.1704,,,,-0.64937,1.50463,16.743,9.213,8.824,2.649
41.964,0.4453,0.6621,0.4671,0.7175,3.12,22.40,0.371,,1,1,10.413,0.1704,,,,-0.64697,1.50550,16.743,9.213,8.824,2.649
41.989,0.4512,0.6730,0.4746,0.7152,3.14,22.37,0.367,,1,1,10.413,0.1704,,,,-0.63212,1.49952,16.743,9.213,8.824,2.649
42.022,0.4606,0.6870,0.4899,0.7292,3.14,22.34,0.359,,1,1,10.413,0.1704,,,,-0.61937,1.50582,16.743,9.213,8.824,2.649
42.053,0.4745,0.6978,0.5231,0.7343,3.16,22.33,0.345,,1,1,10.413,0.1704,,,,-0.58206,1.50928,16.743,9.213,8.824,2.649
42.081,0.4831,0.7061,0.5276,0.7482,3.17,22.34,0.341,,1,1,10.413,0.1704,,,,-0.57831,1.51110,16.743,9.213,8.824,2.649
42.102,0.4966,0.7221,0.5399,0.7726,3.19,22.34,0.337,,1,1,10.413,0.1704,,,,-0.57100,1.51937,16.743,9.213,8.824,2.649
42.142,0.5134,0.7401,0.5559,0.7849,3.20,22.35,0.334,,1,1,10.413,0.1704,,,,-0.55527,1.52336,16.743,9.213,8.824,2.649
42.167,0.5239,0.7521,0.5664,0.7997,3.21,22.37,0.333,,1,1,10.413,0.1704,,,,-0.54729,1.52848,16.743,9.213,8.824,2.649
42.245,0.5430,0.7828,0.5678,0.8223,3.24,22.41,0.334,,1,1,10.413,0.1704,,,,-0.54729,1.53038,16.743,9.213,8.824,2.649
42.273,0.5480,0.7955,0.5662,0.8405,3.25,22.43,0.338,,1,1,10.413,0.1704,,,,-0.55278,1.53399,16.743,9.213,8.824,2.649
42.294,0.5498,0.8056,0.5585,0.8539,3.26,22.44,0.341,,1,1,10.413,0.1704,,,,-0.56325,1.53520,16.743,9.213,8.824,2.649
42.338,0.5502,0.8186,0.5513,0.8484,3.27,22.44,0.342,,1,1,10.413,0.1704,,,,-0.56448,1.52715,16.743,9.213,8.824,2.649
42.366,0.5499,0.8255,0.5488,0.8502,3.27,22.45,0.343,,1,1,10.413,0.1704,,,,-0.56624,1.52580,16.743,9.213,8.824,2.649
42.391,0.5486,0.8314,0.5433,0.8547,3.28,22.45,0.344,,1,1,10.413,0.1704,,,,-0.57279,1.52560,16.743,9.213,8.824,2.649
42.430,0.5438,0.8399,0.5307,0.8623,3.28,22.45,0.345,,1,1,10.413,0.1704,,,,-0.58760,1.52499,16.743,9.213,8.824,2.649
42.470,0.5347,0.8467,0.5106,0.8642,3.28,22.45,0.347,,1,1,10.413,0.1704,,,,-0.60843,1.52096,16.743,9.213,8.824,2.649
42.511,0.5287,0.8507,0.5132,0.8608,3.29,22.45,0.346,,1,1,10.413,0.1704,,,,-0.60078,1.51625,16.743,9.213,8.824,2.649
42.537,0.5260,0.8529,0.5151,0.8610,3.30,22.46,0.346,,1,1,10.413,0.1704,,,,-0.59593,1.51357,16.743,9.213,8.824,2.649
42.559,0.5420,0.8425,0.6188,0.7929,3.31,22.50,0.348,,1,1,10.413,0.1704,,,,-0.45019,1.49375,16.743,9.213,8.824,2.649
42.592,0.5753,0.8209,0.6872,0.7458,3.33,22.55,0.347,,1,1,10.413,0.1704,,,,-0.35006,1.47654,16.743,9.213,8.824,2.649
42.637,0.6188,0.8034,0.7120,0.7645,3.37,22.68,0.348,,1,1,10.413,0.1704,,,,-0.31726,1.47388,16.743,9.213,8.824,2.649
42.663,0.6419,0.7964,0.7289,0.7685,3.40,22.75,0.348,,1,1,10.413,0.1704,,,,-0.29082,1.46791,16.743,9.213,8.824,2.649
42.696,0.6660,0.7912,0.7383,0.7749,3.42,22.83,0.349,,1,1,10.413,0.1704,,,,-0.27504,1.46333,16.743,9.213,8.824,2.649
42.727,0.6847,0.7935,0.7445,0.8013,3.45,22.91,0.347,,1,1,10.413,0.1704,,,,-0.27235,1.46849,16.743,9.213,8.824,2.649
42.759,0.6985,0.7969,0.7416,0.8081,3.47,22.99,0.349,,1,1,10.413,0.1704,,,,-0.27068,1.46299,16.743,9.213,8.824,2.649
42.792,0.7073,0.8052,0.7341,0.8322,3.49,23.05,0.348,,1,1,10.413,0.1704,,,,-0.28173,1.46503,16.743,9.213,8.824,2.649
42.822,0.7134,0.8166,0.7336,0.8562,3.51,23.10,0.349,,1,1,10.413,0.1704,,,,-0.28623,1.46912,16.743,9.213,8.824,2.649
42.863,0.7190,0.8331,0.7330,0.8755,3.53,23.16,0.349,,1,1,10.413,0.1704,,,,-0.28744,1.46953,16.743,9.213,8.824,2.649
42.886,0.7215,0.8438,0.7323,0.8908,3.55,23.20,0.348,,1,1,10.413,0.1704,,,,-0.28812,1.46940,16.743,9.213,8.824,2.649
42.918,0.7232,0.8577,0.7286,0.9025,3.57,23.21,0.347,,1,1,10.413,0.1704,,,,-0.29041,1.46701,16.743,9.213,8.824,2.649
42.959,0.7246,0.8773,0.7282,0.9261,3.59,23.25,0.346,,1,1,10.413,0.1704,,,,-0.29251,1.46870,16.743,9.213,8.824,2.649
42.983,0.7254,0.8898,0.7287,0.9424,3.61,23.28,0.344,,1,1,10.413,0.1704,,,,-0.29276,1.46970,16.743,9.213,8.824,2.649
43.030,0.7267,0.9122,0.7296,0.9614,3.63,23.35,0.342,,1,1,10.413,0.1704,,,,-0.29279,1.47081,16.743,9.213,8.824,2.649
43.069,0.7270,0.9280,0.7277,0.9685,3.65,23.38,0.341,,1,1,10.413,0.1704,,,,-0.29350,1.46908,16.743,9.213,8.824,2.649
43.105,0.7282,0.9347,0.7317,0.9539,3.66,23.42,0.341,,1,1,10.413,0.1704,,,,-0.27863,1.45868,16.743,9.213,8.824,2.649
43.133,0.7359,0.9383,0.7642,0.9513,3.66,23.44,0.340,,1,1,10.413,0.1704,,,,-0.24056,1.46045,16.743,9.213,8.824,2.649
43.161,0.7456,0.9431,0.7822,0.9612,3.67,23.46,0.340,,1,1,10.413,0.1704,,,,-0.22268,1.46484,16.743,9.213,8.824,2.649
43.200,0.7599,0.9453,0.7974,0.9510,3.68,23.47,0.340,,1,1,10.413,0.1704,,,,-0.19905,1.45947,16.743,9.213,8.824,2.649
43.232,0.7708,0.9463,0.8059,0.9495,3.69,23.48,0.341,,1,1,10.413,0.1704,,,,-0.18580,1.45651,16.743,9.213,8.824,2.649
43.261,0.7856,0.9486,0.8382,0.9567,3.71,23.51,0.344,,1,1,10.413,0.1704,,,,-0.14963,1.46013,16.743,9.213,8.824,2.649
43.297,0.8070,0.9468,0.8675,0.9417,3.72,23.53,0.358,,1,1,10.413,0.1704,,,,-0.10624,1.45217,16.743,9.213,8.824,2.649
43.319,0.8226,0.9441,0.8920,0.9318,3.74,23.55,0.376,,1,1,10.413,0.1704,,,,-0.07112,1.44676,16.743,9.213,8.824,2.649
43.357,0.8562,0.9412,0.9453,0.9332,3.74,23.55,0.388,,1,1,10.413,0.1704,,,,-0.01298,1.45427,16.743,9.213,8.824,2.649
43.394,0.8853,0.9361,0.9625,0.9213,3.75,23.54,0.396,,1,1,10.413,0.1704,,,,0.01350,1.44854,16.743,9.213,8.824,2.649
43.422,0.9080,0.9331,0.9873,0.9220,3.76,23.53,0.402,,1,1,10.413,0.1704,,,,0.04213,1.45027,16.743,9.213,8.824,2.649
43.457,0.9291,0.9263,0.9891,0.9054,3.77,23.51,0.404,,1,1,10.413,0.1704,,,,0.05367,1.44048,16.743,9.213,8.824,2.649
43.478,0.9421,0.9213,1.0021,0.8966,3.77,23.48,0.404,,1,1,10.413,0.1704,,,,0.07440,1.43544,16.743,9.213,8.824,2.649
43.522,0.9632,0.9103,1.0109,0.8839,3.78,23.46,0.407,,1,1,10.413,0.1704,,,,0.09053,1.42980,16.743,9.213,8.824,2.649
43.548,0.9734,0.9052,1.0117,0.8849,3.78,23.43,0.409,,1,1,10.413,0.1704,,,,0.09196,1.42934,16.743,9.213,8.824,2.649
43.601,0.9852,0.8953,1.0073,0.8760,3.79,23.37,0.408,,1,1,10.413,0.1704,,,,0.09328,1.42218,16.743,9.213,8.824,2.649
43.631,0.9921,0.8921,1.0155,0.8808,3.79,23.32,0.406,,1,1,10.413,0.1704,,,,0.10139,1.42428,16.743,9.213,8.824,2.649
43.662,0.9978,0.8887,1.0161,0.8775,3.79,23.28,0.405,,1,1,10.413,0.1704,,,,0.10300,1.42335,16.743,9.213,8.824,2.649
43.686,1.0000,0.8867,1.0216,0.8779,3.79,23.25,0.405,,1,1,10.413,0.1704,,,,0.10769,1.42552,16.743,9.213,8.824,2.649
43.718,1.0000,0.8848,1.0259,0.8785,3.78,23.21,0.403,,1,1,10.413,0.1704,,,,0.10991,1.42870,16.743,9.213,8.824,2.649
43.757,1.0000,0.8809,1.0246,0.8706,3.78,23.17,0.404,,1,1,10.413,0.1704,,,,0.11034,1.42658,16.743,9.213,8.824,2.649
43.782,1.0000,0.8742,1.0304,0.8458,3.77,23.15,0.403,,1,1,10.413,0.1704,,,,0.12552,1.41804,16.743,9.213,8.824,2.649
43.821,1.0000,0.8361,0.9905,0.7350,3.75,23.15,0.414,,1,1,10.413,0.1704,,,,0.12912,1.36279,16.743,9.213,8.824,2.649
43.858,0.9946,0.7836,0.9535,0.6430,3.70,23.16,0.442,,1,1,10.413,0.1704,,,,0.12080,1.32381,16.743,9.213,8.824,2.649
43.880,0.9837,0.7418,0.9313,0.5582,3.65,23.17,0.466,,1,1,10.413,0.1704,,,,0.12217,1.29367,16.743,9.213,8.824,2.649
43.919,0.9645,0.6676,0.9131,0.4886,3.60,23.16,0.478,,1,1,10.413,0.1704,,,,0.11782,1.27473,16.743,9.213,8.824,2.649
43.952,0.9499,0.6105,0.9046,0.4513,3.55,23.12,0.481,,1,1,10.413,0.1704,,,,0.10964,1.27241,16.743,9.213,8.824,2.649
43.984,0.9370,0.5576,0.8950,0.4033,3.49,23.08,0.486,,1,1,10.413,0.1704,,,,0.10488,1.26503,16.743,9.213,8.824,2.649
44.015,0.9244,0.5080,0.8831,0.3634,3.44,23.04,0.486,,1,1,10.413,0.1704,,,,0.09244,1.26284,16.743,9.213,8.824,2.649
44.039,0.9157,0.4700,0.8774,0.3216,3.38,23.00,0.486,,1,1,10.413,0.1704,,,,0.08775,1.26032,16.743,9.213,8.824,2.649
44.082,0.8988,0.4104,0.8585,0.2843,3.33,22.95,0.488,,1,1,10.413,0.1704,,,,0.06655,1.25837,16.743,9.213,8.824,2.649
44.103,0.8893,0.3804,0.8441,0.2528,3.28,22.90,0.488,,1,1,10.413,0.1704,,,,0.05018,1.25702,16.743,9.213,8.824,2.649
44.158,0.8699,0.3144,0.8341,0.2051,3.21,22.79,0.488,,1,1,10.413,0.1704,,,,0.03997,1.25492,16.743,9.213,8.824,2.649
44.183,0.8609,0.2836,0.8245,0.1725,3.17,22.74,0.490,,1,1,10.413,0.1704,,,,0.03007,1.25292,16.743,9.213,8.824,2.649
44.214,0.8446,0.2472,0.7913,0.1398,3.12,22.71,0.494,,1,1,10.413,0.1704,,,,-0.00276,1.24474,16.743,9.213,8.824,2.649
44.258,0.7960,0.1992,0.6855,0.0982,3.08,22.68,0.497,,1,1,10.413,0.1704,,,,-0.10309,1.21396,16.743,9.213,8.824,2.649
44.281,0.7661,0.1719,0.6397,0.0639,3.03,22.65,0.496,,1,1,10.413,0.1704,,,,-0.14736,1.20151,16.743,9.213,8.824,2.649
44.311,0.7299,0.1401,0.6131,0.0425,2.99,22.63,0.498,,1,1,10.413,0.1704,,,,-0.17837,1.19981,16.743,9.213,8.824,2.649
44.350,0.6918,0.1059,0.5970,0.0239,2.95,22.62,0.496,,1,1,10.413,0.1704,,,,-0.20094,1.20282,16.743,9.213,8.824,2.649
44.375,0.6677,0.0819,0.5773,-0.0053,2.91,22.62,0.496,,1,1,10.413,0.1704,,,,-0.22102,1.19861,16.743,9.213,8.824,2.649
44.418,0.6152,0.0561,0.4962,-0.0016,2.87,22.62,0.496,,1,1,10.413,0.1704,,,,-0.31945,1.19774,16.743,9.213,8.824,2.649
44.446,0.5777,0.0413,0.4522,-0.0088,2.83,22.63,0.494,,1,1,10.413,0.1704,,,,-0.37481,1.19925,16.743,9.213,8.824,2.649
44.471,0.5483,0.0255,0.4416,-0.0326,2.79,22.66,0.489,,1,1,10.413,0.1704,,,,-0.38620,1.19756,16.743,9.213,8.824,2.649
44.509,0.5145,0.0042,0.4298,-0.0580,2.76,22.69,0.486,,1,1,10.413,0.1704,,,,-0.39543,1.19207,16.743,9.213,8.824,2.649
44.543,0.4923,0.0000,0.4297,-0.0732,2.74,22.72,0.482,,1,1,10.413,0.1704,,,,-0.39732,1.19393,16.743,9.213,8.824,2.649
44.574,0.4776,0.0000,0.4330,-0.0794,2.72,22.74,0.479,,1,1,10.413,0.1704,,,,-0.39946,1.20054,16.743,9.213,8.824,2.649
44.642,0.4623,0.0000,0.4404,-0.1058,2.68,22.77,0.477,,1,1,10.413,0.1704,,,,-0.39187,1.20200,16.743,9.213,8.824,2.649
44.664,0.4576,0.0000,0.4364,-0.1160,2.66,22.79,0.475,,1,1,10.413,0.1704,,,,-0.39774,1.20312,16.743,9.213,8.824,2.649
44.694,0.4513,0.0000,0.4305,-0.1226,2.65,22.82,0.474,,1,1,10.413,0.1704,,,,-0.40636,1.20451,16.743,9.213,8.824,2.649
44.742,0.4427,0.0000,0.4248,-0.1307,2.62,22.84,0.473,,1,1,10.413,0.1704,,,,-0.41864,1.21011,16.743,9.213,8.824,2.649
44.776,0.4386,0.0000,0.4262,-0.1400,2.61,22.85,0.472,,1,1,10.413,0.1704,,,,-0.41743,1.21064,16.743,9.213,8.824,2.649
44.802,0.4359,0.0000,0.4256,-0.1462,2.60,22.86,0.472,,1,1,10.413,0.1704,,,,-0.41831,1.21077,16.743,9.213,8.824,2.649
44.840,0.4317,0.0000,0.4200,-0.1447,2.59,22.88,0.471,,1,1,10.413,0.1704,,,,-0.42914,1.21502,16.743,9.213,8.824,2.649
44.862,0.4217,0.0000,0.3793,-0.1359,2.58,22.88,0.469,,1,1,10.413,0.1704,,,,-0.47791,1.21393,16.743,9.213,8.824,2.649
44.887,0.4094,0.0000,0.3599,-0.1195,2.57,22.89,0.471,,1,1,10.413,0.1704,,,,-0.51219,1.22504,16.743,9.213,8.824,2.649
44.918,0.3926,0.0000,0.3326,-0.1109,2.57,22.90,0.470,,1,1,10.413,0.1704,,,,-0.54822,1.22773,16.743,9.213,8.824,2.649
44.942,0.3673,0.0000,0.2726,-0.0624,2.56,22.92,0.471,,1,1,10.413,0.1704,,,,-0.64318,1.25043,16.743,9.213,8.824,2.649
44.967,0.3438,0.0000,0.2523,-0.0586,2.54,22.99,0.472,,1,1,10.413,0.1704,,,,-0.67202,1.25469,16.743,9.213,8.824,2.649
45.042,0.2921,0.0000,0.2231,-0.0554,2.53,23.05,0.467,,1,1,10.413,0.1704,,,,-0.70822,1.25516,16.743,9.213,8.824,2.649
45.063,0.2779,0.0000,0.2123,-0.0104,2.53,23.07,0.451,,1,1,10.413,0.1704,,,,-0.74799,1.28316,16.743,9.213,8.824,2.649
45.097,0.2621,0.0035,0.2166,0.1431,2.54,23.09,0.395,,1,1,10.413,0.1704,,,,-0.83629,1.38178,16.743,9.213,8.824,2.649
45.136,0.2393,0.0550,0.1819,0.1869,2.55,23.11,0.398,,1,1,10.413,0.1704,,,,-0.89219,1.39595,16.743,9.213,8.824,2.649
45.171,0.2133,0.0877,0.1388,0.1822,2.56,23.16,0.403,,1,1,10.413,0.1704,,,,-0.92935,1.37947,16.743,9.213,8.824,2.649
45.191,0.2015,0.0985,0.1441,0.1514,2.56,23.19,0.411,,1,1,10.413,0.1704,,,,-0.90237,1.35791,16.743,9.213,8.824,2.649
45.229,0.1818,0.1124,0.1307,0.1488,2.57,23.20,0.417,,1,1,10.413,0.1704,,,,-0.91098,1.34967,16.743,9.213,8.824,2.649
45.261,0.1627,0.1256,0.1038,0.1669,2.58,23.19,0.425,,1,1,10.413,0.1704,,,,-0.94425,1.34999,16.743,9.213,8.824,2.649
45.302,0.1369,0.1410,0.0761,0.1780,2.59,23.21,0.431,,1,1,10.413,0.1704,,,,-0.97240,1.34397,16.743,9.213,8.824,2.649
45.341,0.1153,0.1523,0.0597,0.1818,2.60,23.23,0.433,,1,1,10.413,0.1704,,,,-0.98917,1.34046,16.743,9.213,8.824,2.649
45.360,0.1059,0.1569,0.0579,0.1810,2.60,23.25,0.435,,1,1,10.413,0.1704,,,,-0.99026,1.33925,16.743,9.213,8.824,2.649
45.397,0.0937,0.1642,0.0606,0.1843,2.60,23.27,0.437,,1,1,10.413,0.1704,,,,-0.98902,1.34141,16.743,9.213,8.824,2.649
45.430,0.0870,0.1689,0.0669,0.1833,2.60,23.30,0.441,,1,1,10.413,0.1704,,,,-0.98028,1.34041,16.743,9.213,8.824,2.649
45.472,0.0815,0.1728,0.0683,0.1824,2.59,23.33,0.444,,1,1,10.413,0.1704,,,,-0.98159,1.34355,16.743,9.213,8.824,2.649
45.501,0.0769,0.1752,0.0607,0.1835,2.59,23.35,0.447,,1,1,10.413,0.1704,,,,-0.99325,1.34599,16.743,9.213,8.824,2.649
45.530,0.0740,0.1765,0.0641,0.1812,2.58,23.37,0.450,,1,1,10.413,0.1704,,,,-0.99020,1.34720,16.743,9.213,8.824,2.649
45.566,0.0725,0.1788,0.0682,0.1852,2.58,23.39,0.452,,1,1,10.413,0.1704,,,,-0.98783,1.35001,16.743,9.213,8.824,2.649
45.602,0.0729,0.1822,0.0742,0.1920,2.59,23.40,0.453,,1,1,10.413,0.1704,,,,-0.98529,1.35507,16.743,9.213,8.824,2.649
45.632,0.0745,0.1862,0.0801,0.2002,2.59,23.42,0.454,,1,1,10.413,0.1704,,,,-0.98347,1.36073,16.743,9.213,8.824,2.649
45.668,0.0788,0.1908,0.0912,0.2041,2.59,23.44,0.454,,1,1,10.413,0.1704,,,,-0.97459,1.36573,16.743,9.213,8.824,2.649
45.696,0.0841,0.2004,0.1036,0.2352,2.59,23.47,0.445,,1,1,10.413,0.1704,,,,-0.98031,1.38774,16.743,9.213,8.824,2.649
45.729,0.1163,0.2473,0.2190,0.3911,2.62,23.43,0.377,,1,1,10.413,0.1704,,,,-0.94230,1.49660,16.743,9.213,8.824,2.649
45.759,0.1589,0.3118,0.3032,0.5212,2.66,23.42,0.309,,1,1,10.413,0.1704,,,,-0.90720,1.56830,16.743,9.213,8.824,2.649
45.782,0.1971,0.3584,0.3574,0.5456,2.71,23.41,0.317,,1,1,10.413,0.1704,,,,-0.84598,1.57367,16.743,9.213,8.824,2.649
45.822,0.2460,0.4307,0.3660,0.5999,2.75,23.41,0.328,,1,1,10.413,0.1704,,,,-0.84661,1.58543,16.743,9.213,8.824,2.649
45.862,0.2824,0.4961,0.3700,0.6463,2.79,23.39,0.345,,1,1,10.413,0.1704,,,,-0.84726,1.59126,16.743,9.213,8.824,2.649
45.895,0.3074,0.5408,0.3815,0.6666,2.82,23.38,0.356,,1,1,10.413,0.1704,,,,-0.83436,1.59259,16.743,9.213,8.824,2.649
45.935,0.3299,0.5821,0.3854,0.6790,2.85,23.37,0.364,,1,1,10.413,0.1704,,,,-0.82578,1.58851,16.743,9.213,8.824,2.649
45.970,0.3418,0.6147,0.3753,0.7012,2.87,23.37,0.372,,1,1,10.413,0.1704,,,,-0.83670,1.58706,16.743,9.213,8.824,2.649
45.997,0.3490,0.6381,0.3752,0.7185,2.89,23.36,0.371,,1,1,10.413,0.1704,,,,-0.83663,1.58679,16.743,9.213,8.824,2.649
46.033,0.3576,0.6723,0.3810,0.7605,2.91,23.36,0.370,,1,1,10.413,0.1704,,,,-0.84249,1.60050,16.743,9.213,8.824,2.649
46.064,0.3634,0.7005,0.3827,0.7874,2.93,23.36,0.372,,1,1,10.413,0.1704,,,,-0.84554,1.60582,16.743,9.213,8.824,2.649
46.085,0.3673,0.7173,0.3852,0.7889,2.95,23.37,0.370,,1,1,10.413,0.1704,,,,-0.83583,1.59893,16.743,9.213,8.824,2.649
46.130,0.3716,0.7405,0.3813,0.7898,2.97,23.40,0.369,,1,1,10.413,0.1704,,,,-0.83316,1.59100,16.743,9.213,8.824,2.649
46.160,0.3673,0.7625,0.3525,0.8334,2.99,23.44,0.368,,1,1,10.413,0.1704,,,,-0.87750,1.60063,16.743,9.213,8.824,2.649
46.192,0.3603,0.7908,0.3376,0.8745,3.01,23.46,0.362,,1,1,10.413,0.1704,,,,-0.90224,1.60750,16.743,9.213,8.824,2.649
46.221,0.3479,0.8186,0.3034,0.9092,3.03,23.48,0.362,,1,1,10.413,0.1704,,,,-0.94689,1.61041,16.743,9.213,8.824,2.649
46.246,0.3332,0.8425,0.2714,0.9325,3.04,23.47,0.367,,1,1,10.413,0.1704,,,,-0.98610,1.61038,16.743,9.213,8.824,2.649
46.279,0.3128,0.8692,0.2482,0.9459,3.05,23.46,0.378,,1,1,10.413,0.1704,,,,-1.01438,1.61033,16.743,9.213,8.824,2.649
46.319,0.2894,0.8856,0.2290,0.9253,3.05,23.46,0.390,,1,1,10.413,0.1704,,,,-1.02576,1.59755,16.743,9.213,8.824,2.649
46.354,0.2713,0.8999,0.1947,0.9571,3.04,23.45,0.392,,1,1,10.413,0.1704,,,,-1.07898,1.60938,16.743,9.213,8.824,2.649
46.382,0.2486,0.9226,0.1890,0.9793,3.04,23.42,0.395,,1,1,10.413,0.1704,,,,-1.09678,1.62079,16.743,9.213,8.824,2.649
46.413,0.2335,0.9294,0.1857,0.9501,3.03,23.42,0.397,,1,1,10.413,0.1704,,,,-1.08842,1.60767,16.743,9.213,8.824,2.649
46.465,0.2157,0.9279,0.1808,0.9252,3.02,23.45,0.400,,1,1,10.413,0.1704,,,,-1.08521,1.59803,16.743,9.213,8.824,2.649
46.486,0.2094,0.9268,0.1784,0.9212,3.02,23.47,0.401,,1,1,10.413,0.1704,,,,-1.08738,1.59716,16.743,9.213,8.824,2.649
46.518,0.2030,0.9226,0.1830,0.9094,3.02,23.50,0.402,,1,1,10.413,0.1704,,,,-1.07727,1.59240,16.743,9.213,8.824,2.649
46.561,0.1972,0.9173,0.1832,0.9044,3.02,23.53,0.405,,1,1,10.413,0.1704,,,,-1.07545,1.59076,16.743,9.213,8.824,2.649
46.594,0.1934,0.9128,0.1817,0.8990,3.01,23.55,0.405,,1,1,10.413,0.1704,,,,-1.07653,1.59006,16.743,9.213,8.824,2.649
46.624,0.1916,0.9072,0.1854,0.8873,3.01,23.56,0.406,,1,1,10.413,0.1704,,,,-1.06735,1.58505,16.743,9.213,8.824,2.649
46.659,0.1916,0.8988,0.1916,0.8737,3.01,23.58,0.405,,1,1,10.413,0.1704,,,,-1.05391,1.57890,16.743,9.213,8.824,2.649
46.690,0.1906,0.8974,0.1872,0.8926,3.02,23.58,0.406,,1,1,10.413,0.1704,,,,-1.06344,1.58329,16.743,9.213,8.824,2.649
46.721,0.1888,0.8976,0.1827,0.8982,3.03,23.59,0.403,,1,1,10.413,0.1704,,,,-1.06780,1.58212,16.743,9.213,8.824,2.649
46.757,0.1863,0.8987,0.1790,0.9019,3.04,23.59,0.404,,1,1,10.413,0.1704,,,,-1.06785,1.57731,16.743,9.213,8.824,2.649
46.783,0.1828,0.8945,0.1689,0.8776,3.05,23.59,0.403,,1,1,10.413,0.1704,,,,-1.06267,1.55882,16.743,9.213,8.824,2.649
46.807,0.1796,0.8927,0.1660,0.8848,3.06,23.59,0.405,,1,1,10.413,0.1704,,,,-1.06526,1.55788,16.743,9.213,8.824,2.649
46.847,0.1745,0.8899,0.1612,0.8826,3.06,23.58,0.404,,1,1,10.413,0.1704,,,,-1.06914,1.55580,16.743,9.213,8.824,2.649
46.870,0.1699,0.8867,0.1490,0.8720,3.07,23.58,0.402,,1,1,10.413,0.1704,,,,-1.07384,1.54500,16.743,9.213,8.824,2.649
46.913,0.1631,0.8842,0.1466,0.8782,3.08,23.58,0.401,,1,1,10.413,0.1704,,,,-1.07536,1.54342,16.743,9.213,8.824,2.649
46.943,0.1599,0.8831,0.1493,0.8792,3.09,23.58,0.401,,1,1,10.413,0.1704,,,,-1.06964,1.54086,16.743,9.213,8.824,2.649
46.966,0.1580,0.8834,0.1489,0.8851,3.10,23.57,0.400,,1,1,10.413,0.1704,,,,-1.06905,1.53982,16.743,9.213,8.824,2.649
47.052,0.1591,0.8852,0.1605,0.8874,3.12,23.58,0.394,,1,1,10.413,0.1704,,,,-1.04794,1.53255,16.743,9.213,8.824,2.649
47.081,0.1598,0.8868,0.1621,0.8928,3.13,23.58,0.393,,1,1,10.413,0.1704,,,,-1.04429,1.53070,16.743,9.213,8.824,2.649
47.112,0.1592,0.8897,0.1573,0.8992,3.14,23.59,0.391,,1,1,10.413,0.1704,,,,-1.04929,1.52977,16.743,9.213,8.824,2.649
47.150,0.1591,0.8948,0.1587,0.9091,3.15,23.61,0.391,,1,1,10.413,0.1704,,,,-1.04927,1.53159,16.743,9.213,8.824,2.649
47.180,0.1598,0.8950,0.1622,0.8956,3.15,23.62,0.391,,1,1,10.413,0.1704,,,,-1.03786,1.52404,16.743,9.213,8.824,2.649
47.218,0.1592,0.8964,0.1577,0.9003,3.16,23.66,0.389,,1,1,10.413,0.1704,,,,-1.04210,1.52275,16.743,9.213,8.824,2.649
47.254,0.1571,0.8956,0.1507,0.8931,3.17,23.70,0.388,,1,1,10.413,0.1704,,,,-1.04117,1.51268,16.743,9.213,8.824,2.649
47.280,0.1543,0.8937,0.1433,0.8864,3.18,23.75,0.394,,1,1,10.413,0.1704,,,,-1.04180,1.50377,16.743,9.213,8.824,2.649
47.309,0.1497,0.8893,0.1332,0.8736,3.19,23.79,0.398,,1,1,10.413,0.1704,,,,-1.04178,1.49076,16.743,9.213,8.824,2.649
47.336,0.1451,0.8861,0.1274,0.8735,3.20,23.81,0.398,,1,1,10.413,0.1704,,,,-1.04297,1.48454,16.743,9.213,8.824,2.649
47.364,0.1391,0.8809,0.1160,0.8611,3.21,23.84,0.402,,1,1,10.413,0.1704,,,,-1.04361,1.47045,16.743,9.213,8.824,2.649
47.389,0.1339,0.8786,0.1127,0.8689,3.23,23.87,0.408,,1,1,10.413,0.1704,,,,-1.04456,1.46723,16.743,9.213,8.824,2.649
47.430,0.1266,0.8855,0.1081,0.9033,3.26,23.91,0.410,,1,1,10.413,0.1704,,,,-1.05503,1.47238,16.743,9.213,8.824,2.649
47.462,0.1219,0.8924,0.1068,0.9150,3.27,23.92,0.409,,1,1,10.413,0.1704,,,,-1.05550,1.47118,16.743,9.213,8.824,2.649
47.497,0.1209,0.8970,0.1178,0.9111,3.29,23.93,0.408,,1,1,10.413,0.1704,,,,-1.03507,1.46385,16.743,9.213,8.824,2.649
47.535,0.1221,0.9049,0.1253,0.9265,3.31,23.92,0.408,,1,1,10.413,0.1704,,,,-1.02816,1.46627,16.743,9.213,8.824,2.649
47.575,0.1236,0.9150,0.1273,0.9414,3.33,23.92,0.406,,1,1,10.413,0.1704,,,,-1.02377,1.46423,16.743,9.213,8.824,2.649
47.606,0.1244,0.9233,0.1272,0.9516,3.35,23.92,0.406,,1,1,10.413,0.1704,,,,-1.02352,1.46382,16.743,9.213,8.824,2.649
47.641,0.1250,0.9320,0.1269,0.9589,3.36,23.93,0.406,,1,1,10.413,0.1704,,,,-1.02366,1.46349,16.743,9.213,8.824,2.649
47.665,0.1241,0.9388,0.1203,0.9664,3.37,23.92,0.403,,1,1,10.413,0.1704,,,,-1.03058,1.46226,16.743,9.213,8.824,2.649
47.680,0.1233,0.9431,0.1178,0.9719,3.38,23.93,0.402,,1,1,10.413,0.1704,,,,-1.03165,1.46024,16.743,9.213,8.824,2.649
47.718,0.1215,0.9533,0.1166,0.9814,3.39,23.93,0.402,,1,1,10.413,0.1704,,,,-1.03078,1.45779,16.743,9.213,8.824,2.649
47.735,0.1207,0.9589,0.1153,0.9922,3.41,23.93,0.403,,1,1,10.413,0.1704,,,,-1.03197,1.45730,16.743,9.213,8.824,2.649
47.775,0.1212,0.9668,0.1228,0.9868,3.42,23.93,0.403,,1,1,10.413,0.1704,,,,-1.01577,1.44989,16.743,9.213,8.824,2.649
47.830,0.1537,0.9373,0.2164,0.8805,3.44,23.97,0.392,,1,1,10.413,0.1704,,,,-0.85963,1.40609,16.743,9.213,8.824,2.649
47.870,0.1773,0.9142,0.2383,0.8532,3.44,23.98,0.386,,1,1,10.413,0.1704,,,,-0.82168,1.39440,16.743,9.213,8.824,2.649
47.895,0.1885,0.9045,0.2346,0.8641,3.45,24.00,0.385,,1,1,10.413,0.1704,,,,-0.82811,1.39640,16.743,9.213,8.824,2.649
47.930,0.2033,0.8914,0.2467,0.8527,3.46,24.02,0.386,,1,1,10.413,0.1704,,,,-0.80691,1.38959,16.743,9.213,8.824,2.649
47.962,0.2134,0.8812,0.2452,0.8482,3.47,24.05,0.385,,1,1,10.413,0.1704,,,,-0.80215,1.38268,16.743,9.213,8.824,2.649
48.001,0.2214,0.8730,0.2429,0.8511,3.48,24.08,0.386,,1,1,10.413,0.1704,,,,-0.80220,1.37971,16.743,9.213,8.824,2.649
48.023,0.2269,0.8667,0.2521,0.8373,3.49,24.11,0.386,,1,1,10.413,0.1704,,,,-0.78140,1.36968,16.743,9.213,8.824,2.649
48.064,0.2414,0.8586,0.2773,0.8384,3.50,24.16,0.386,,1,1,10.413,0.1704,,,,-0.74996,1.36907,16.743,9.213,8.824,2.649
48.092,0.2550,0.8524,0.3053,0.8293,3.52,24.21,0.386,,1,1,10.413,0.1704,,,,-0.71082,1.36395,16.743,9.213,8.824,2.649
48.143,0.2813,0.8488,0.3333,0.8415,3.54,24.26,0.381,,1,1,10.413,0.1704,,,,-0.67872,1.36622,16.743,9.213,8.824,2.649
48.166,0.2920,0.8486,0.3392,0.8475,3.56,24.29,0.382,,1,1,10.413,0.1704,,,,-0.66961,1.36427,16.743,9.213,8.824,2.649
48.204,0.3053,0.8501,0.3406,0.8542,3.57,24.31,0.382,,1,1,10.413,0.1704,,,,-0.66658,1.36291,16.743,9.213,8.824,2.649
48.240,0.3162,0.8543,0.3468,0.8664,3.59,24.34,0.380,,1,1,10.413,0.1704,,,,-0.65958,1.36343,16.743,9.213,8.824,2.649
48.263,0.3232,0.8573,0.3549,0.8714,3.60,24.37,0.379,,1,1,10.413,0.1704,,,,-0.64819,1.36193,16.743,9.213,8.824,2.649
48.294,0.3314,0.8628,0.3584,0.8817,3.62,24.40,0.377,,1,1,10.413,0.1704,,,,-0.64356,1.36155,16.743,9.213,8.824,2.649
48.327,0.3451,0.8733,0.3871,0.9070,3.63,24.42,0.366,,1,1,10.413,0.1704,,,,-0.62181,1.37567,16.743,9.213,8.824,2.649
48.363,0.3571,0.8857,0.3907,0.9214,3.65,24.43,0.361,,1,1,10.413,0.1704,,,,-0.62065,1.37907,16.743,9.213,8.824,2.649
48.396,0.3696,0.8989,0.4082,0.9408,3.66,24.45,0.355,,1,1,10.413,0.1704,,,,-0.60679,1.38706,16.743,9.213,8.824,2.649
48.433,0.3827,0.9130,0.4182,0.9522,3.68,24.47,0.353,,1,1,10.413,0.1704,,,,-0.59425,1.38682,16.743,9.213,8.824,2.649
48.463,0.3916,0.9254,0.4216,0.9679,3.70,24.49,0.349,,1,1,10.413,0.1704,,,,-0.59239,1.38919,16.743,9.213,8.824,2.649
48.493,0.3989,0.9386,0.4237,0.9838,3.71,24.50,0.346,,1,1,10.413,0.1704,,,,-0.59135,1.39080,16.743,9.213,8.824,2.649
48.532,0.4060,0.9542,0.4246,0.9946,3.73,24.51,0.342,,1,1,10.413,0.1704,,,,-0.59088,1.39153,16.743,9.213,8.824,2.649
48.557,0.4097,0.9643,0.4247,1.0048,3.74,24.52,0.342,,1,1,10.413,0.1704,,,,-0.59062,1.39131,16.743,9.213,8.824,2.649
48.587,0.4124,0.9772,0.4216,1.0210,3.75,24.55,0.342,,1,1,10.413,0.1704,,,,-0.59715,1.39427,16.743,9.213,8.824,2.649
48.626,0.4146,0.9909,0.4205,1.0267,3.76,24.59,0.342,,1,1,10.413,0.1704,,,,-0.59834,1.39404,16.743,9.213,8.824,2.649
48.655,0.4157,1.0000,0.4197,1.0356,3.77,24.61,0.336,,1,1,10.413,0.1704,,,,-0.59945,1.39424,16.743,9.213,8.824,2.649
48.679,0.4154,1.0000,0.4141,1.0552,3.78,24.61,0.337,,1,1,10.413,0.1704,,,,-0.61048,1.39860,16.743,9.213,8.824,2.649
48.726,0.4150,1.0000,0.4142,1.0744,3.80,24.61,0.336,,1,1,10.413,0.1704,,,,-0.61133,1.39957,16.743,9.213,8.824,2.649
48.768,0.4147,1.0000,0.4137,1.0832,3.82,24.61,0.335,,1,1,10.413,0.1704,,,,-0.61109,1.39876,16.743,9.213,8.824,2.649
48.790,0.4152,1.0000,0.4175,1.0988,3.83,24.61,0.334,,1,1,10.413,0.1704,,,,-0.61041,1.40292,16.743,9.213,8.824,2.649
48.831,0.4179,1.0000,0.4251,1.1003,3.84,24.62,0.334,,1,1,10.413,0.1704,,,,-0.59961,1.40130,16.743,9.213,8.824,2.649
48.866,0.4196,1.0000,0.4245,1.1027,3.84,24.66,0.334,,1,1,10.413,0.1704,,,,-0.60004,1.40100,16.743,9.213,8.824,2.649
48.886,0.4216,1.0000,0.4320,1.1138,3.85,24.70,0.336,,1,1,10.413,0.1704,,,,-0.59585,1.40631,16.743,9.213,8.824,2.649
48.928,0.4302,1.0000,0.4516,1.1102,3.85,24.74,0.334,,1,1,10.413,0.1704,,,,-0.57077,1.40506,16.743,9.213,8.824,2.649
48.956,0.4346,1.0000,0.4511,1.1069,3.86,24.74,0.334,,1,1,10.413,0.1704,,,,-0.56814,1.40171,16.743,9.213,8.824,2.649
48.988,0.4397,1.0000,0.4564,1.0782,3.86,24.76,0.332,,1,1,10.413,0.1704,,,,-0.54792,1.38721,16.743,9.213,8.824,2.649
49.024,0.4379,1.0000,0.4325,0.9796,3.86,24.78,0.376,,1,1,10.413,0.1704,,,,-0.52554,1.33284,16.743,9.213,8.824,2.649
49.046,0.4303,1.0000,0.3940,0.8826,3.85,24.80,0.417,,1,1,10.413,0.1704,,,,-0.52271,1.28007,16.743,9.213,8.824,2.649
49.088,0.4131,0.9462,0.3694,0.8052,3.82,24.82,0.440,,1,1,10.413,0.1704,,,,-0.51882,1.24424,16.743,9.213,8.824,2.649
49.117,0.4020,0.9000,0.3631,0.7483,3.79,24.85,0.454,,1,1,10.413,0.1704,,,,-0.50658,1.22317,16.743,9.213,8.824,2.649
49.143,0.3927,0.8596,0.3542,0.7043,3.75,24.86,0.460,,1,1,10.413,0.1704,,,,-0.50674,1.21191,16.743,9.213,8.824,2.649
49.183,0.3815,0.8038,0.3529,0.6723,3.72,24.86,0.458,,1,1,10.413,0.1704,,,,-0.50436,1.20770,16.743,9.213,8.824,2.649
49.218,0.3736,0.7552,0.3498,0.6233,3.68,24.85,0.458,,1,1,10.413,0.1704,,,,-0.49544,1.19437,16.743,9.213,8.824,2.649
49.246,0.3695,0.7174,0.3546,0.5926,3.64,24.85,0.460,,1,1,10.413,0.1704,,,,-0.48682,1.19147,16.743,9.213,8.824,2.649
49.286,0.3652,0.6687,0.3540,0.5541,3.60,24.86,0.463,,1,1,10.413,0.1704,,,,-0.48442,1.18807,16.743,9.213,8.824,2.649
49.326,0.3609,0.6241,0.3498,0.5200,3.56,24.86,0.465,,1,1,10.413,0.1704,,,,-0.48365,1.18193,16.743,9.213,8.824,2.649
49.356,0.3581,0.5897,0.3484,0.4821,3.52,24.86,0.469,,1,1,10.413,0.1704,,,,-0.47897,1.17519,16.743,9.213,8.824,2.649
49.382,0.3561,0.5579,0.3483,0.4461,3.48,24.86,0.471,,1,1,10.413,0.1704,,,,-0.47529,1.17107,16.743,9.213,8.824,2.649
49.414,0.3533,0.5172,0.3441,0.4005,3.44,24.84,0.469,,1,1,10.413,0.1704,,,,-0.47089,1.16110,16.743,9.213,8.824,2.649
49.452,0.3514,0.4740,0.3462,0.3676,3.39,24.81,0.473,,1,1,10.413,0.1704,,,,-0.46841,1.16121,16.743,9.213,8.824,2.649
49.479,0.3516,0.4403,0.3523,0.3254,3.34,24.77,0.478,,1,1,10.413,0.1704,,,,-0.45852,1.15856,16.743,9.213,8.824,2.649
49.522,0.3523,0.3880,0.3542,0.2751,3.29,24.71,0.480,,1,1,10.413,0.1704,,,,-0.44629,1.14810,16.743,9.213,8.824,2.649
49.543,0.3549,0.3612,0.3676,0.2428,3.25,24.65,0.488,,1,1,10.413,0.1704,,,,-0.43051,1.14884,16.743,9.213,8.824,2.649
49.580,0.3586,0.3145,0.3690,0.1997,3.20,24.61,0.487,,1,1,10.413,0.1704,,,,-0.42246,1.14219,16.743,9.213,8.824,2.649
49.615,0.3651,0.2718,0.3854,0.1572,3.16,24.58,0.484,,1,1,10.413,0.1704,,,,-0.39669,1.13617,16.743,9.213,8.824,2.649
49.646,0.3732,0.2347,0.4003,0.1266,3.13,24.53,0.487,,1,1,10.413,0.1704,,,,-0.38000,1.13775,16.743,9.213,8.824,2.649
49.671,0.3803,0.2059,0.4101,0.0984,3.09,24.50,0.486,,1,1,10.413,0.1704,,,,-0.36931,1.13916,16.743,9.213,8.824,2.649
49.702,0.3896,0.1726,0.4207,0.0742,3.05,24.46,0.486,,1,1,10.413,0.1704,,,,-0.35761,1.14049,16.743,9.213,8.824,2.649
49.746,0.4062,0.1326,0.4452,0.0487,3.03,24.42,0.487,,1,1,10.413,0.1704,,,,-0.32937,1.14235,16.743,9.213,8.824,2.649
49.768,0.4153,0.1119,0.4574,0.0253,3.01,24.38,0.484,,1,1,10.413,0.1704,,,,-0.31225,1.14010,16.743,9.213,8.824,2.649
49.846,0.4395,0.0553,0.4715,-0.0138,2.96,24.26,0.484,,1,1,10.413,0.1704,,,,-0.29158,1.13650,16.743,9.213,8.824,2.649
49.884,0.4506,0.0298,0.4810,-0.0352,2.95,24.22,0.483,,1,1,10.413,0.1704,,,,-0.27546,1.13175,16.743,9.213,8.824,2.649
49.914,0.4577,0.0111,0.4824,-0.0497,2.93,24.19,0.482,,1,1,10.413,0.1704,,,,-0.27092,1.12879,16.743,9.213,8.824,2.649
49.939,0.4640,0.0000,0.4895,-0.0617,2.92,24.17,0.480,,1,1,10.413,0.1704,,,,-0.26204,1.12857,16.743,9.213,8.824,2.649
49.980,0.4767,0.0000,0.5087,-0.0772,2.91,24.14,0.479,,1,1,10.413,0.1704,,,,-0.23965,1.12968,16.743,9.213,8.824,2.649
49.996,0.4815,0.0000,0.5119,-0.0874,2.89,24.11,0.478,,1,1,10.413,0.1704,,,,-0.23607,1.13009,16.743,9.213,8.824,2.649
50.031,0.4902,0.0000,0.5159,-0.0952,2.88,24.08,0.477,,1,1,10.413,0.1704,,,,-0.23281,1.13175,16.743,9.213,8.824,2.649
50.065,0.4968,0.0000,0.5170,-0.1053,2.87,24.06,0.477,,1,1,10.413,0.1704,,,,-0.23137,1.13173,16.743,9.213,8.824,2.649
50.080,0.4997,0.0000,0.5185,-0.1106,2.85,24.04,0.478,,1,1,10.413,0.1704,,,,-0.23187,1.13418,16.743,9.213,8.824,2.649
50.113,0.5042,0.0000,0.5181,-0.1170,2.84,24.02,0.477,,1,1,10.413,0.1704,,,,-0.23252,1.13431,16.743,9.213,8.824,2.649
50.141,0.5073,0.0000,0.5187,-0.1223,2.83,24.01,0.475,,1,1,10.413,0.1704,,,,-0.23407,1.13667,16.743,9.213,8.824,2.649
50.166,0.5101,0.0000,0.5215,-0.1247,2.82,23.98,0.477,,1,1,10.413,0.1704,,,,-0.23423,1.14058,16.743,9.213,8.824,2.649
50.230,0.5156,0.0000,0.5247,-0.1299,2.81,23.95,0.475,,1,1,10.413,0.1704,,,,-0.23585,1.14630,16.743,9.213,8.824,2.649
50.269,0.5173,0.0000,0.5217,-0.1279,2.80,23.93,0.473,,1,1,10.413,0.1704,,,,-0.24378,1.15082,16.743,9.213,8.824,2.649
50.303,0.5204,0.0000,0.5300,-0.1204,2.79,23.89,0.467,,1,1,10.413,0.1704,,,,-0.24309,1.16084,16.743,9.213,8.824,2.649
50.335,0.5405,0.0000,0.6063,-0.0500,2.81,23.90,0.400,,1,1,10.413,0.1704,,,,-0.20716,1.22137,16.743,9.213,8.824,2.649
50.365,0.5826,0.0000,0.7206,0.0162,2.84,23.93,0.356,,1,1,10.413,0.1704,,,,-0.12501,1.28230,16.743,9.213,8.824,2.649
50.406,0.6433,0.0000,0.7900,0.0636,2.88,23.98,0.354,,1,1,10.413,0.1704,,,,-0.06397,1.30760,16.743,9.213,8.824,2.649
50.438,0.6775,0.0111,0.7826,0.0687,2.91,24.02,0.363,,1,1,10.413,0.1704,,,,-0.06144,1.29528,16.743,9.213,8.824,2.649
50.474,0.7038,0.0301,0.7752,0.0850,2.94,24.05,0.368,,1,1,10.413,0.1704,,,,-0.06763,1.29230,16.743,9.213,8.824,2.649
50.503,0.7192,0.0456,0.7702,0.0991,2.96,24.08,0.369,,1,1,10.413,0.1704,,,,-0.07035,1.28871,16.743,9.213,8.824,2.649
50.522,0.7269,0.0554,0.7676,0.1089,2.98,24.10,0.369,,1,1,10.413,0.1704,,,,-0.06931,1.28427,16.743,9.213,8.824,2.649
50.577,0.7390,0.0760,0.7609,0.1142,3.00,24.13,0.374,,1,1,10.413,0.1704,,,,-0.06937,1.27565,16.743,9.213,8.824,2.649
50.612,0.7539,0.0945,0.7954,0.1469,3.04,24.14,0.377,,1,1,10.413,0.1704,,,,-0.03796,1.28707,16.743,9.213,8.824,2.649
50.639,0.7635,0.1056,0.7987,0.1469,3.06,24.15,0.386,,1,1,10.413,0.1704,,,,-0.02850,1.28139,16.743,9.213,8.824,2.649
50.672,0.7748,0.1136,0.8091,0.1380,3.07,24.15,0.403,,1,1,10.413,0.1704,,,,-0.00614,1.27120,16.743,9.213,8.824,2.649
50.695,0.7799,0.1187,0.8022,0.1416,3.09,24.13,0.413,,1,1,10.413,0.1704,,,,-0.00738,1.26358,16.743,9.213,8.824,2.649
50.726,0.7840,0.1259,0.7973,0.1495,3.10,24.11,0.418,,1,1,10.413,0.1704,,,,-0.01084,1.26101,16.743,9.213,8.824,2.649
50.770,0.7876,0.1363,0.7961,0.1606,3.12,24.10,0.420,,1,1,10.413,0.1704,,,,-0.01247,1.26107,16.743,9.213,8.824,2.649
50.801,0.7892,0.1447,0.7944,0.1717,3.13,24.07,0.422,,1,1,10.413,0.1704,,,,-0.01480,1.26136,16.743,9.213,8.824,2.649
50.822,0.7896,0.1506,0.7913,0.1796,3.14,24.05,0.424,,1,1,10.413,0.1704,,,,-0.01718,1.25989,16.743,9.213,8.824,2.649
50.866,0.7897,0.1617,0.7900,0.1879,3.16,24.03,0.426,,1,1,10.413,0.1704,,,,-0.01769,1.25875,16.743,9.213,8.824,2.649
50.895,0.7897,0.1689,0.7896,0.1935,3.16,24.00,0.427,,1,1,10.413,0.1704,,,,-0.01896,1.25953,16.743,9.213,8.824,2.649
50.918,0.7899,0.1745,0.7910,0.1996,3.17,23.97,0.429,,1,1,10.413,0.1704,,,,-0.02048,1.26298,16.743,9.213,8.824,2.649
50.960,0.7862,0.1830,0.7771,0.2036,3.16,23.95,0.430,,1,1,10.413,0.1704,,,,-0.03760,1.26315,16.743,9.213,8.824,2.649
51.010,0.7836,0.1893,0.7772,0.2044,3.16,23.92,0.429,,1,1,10.413,0.1704,,,,-0.03972,1.26542,16.743,9.213,8.824,2.649
51.030,0.7791,0.1907,0.7615,0.1961,3.15,23.91,0.430,,1,1,10.413,0.1704,,,,-0.05337,1.25964,16.743,9.213,8.824,2.649
51.066,0.7742,0.1907,0.7597,0.1906,3.15,23.91,0.430,,1,1,10.413,0.1704,,,,-0.05461,1.25856,16.743,9.213,8.824,2.649
51.094,0.7689,0.1901,0.7489,0.1880,3.14,23.91,0.431,,1,1,10.413,0.1704,,,,-0.06776,1.25848,16.743,9.213,8.824,2.649
51.136,0.7639,0.1890,0.7512,0.1862,3.13,23.90,0.431,,1,1,10.413,0.1704,,,,-0.06843,1.26215,16.743,9.213,8.824,2.649
51.167,0.7612,0.1880,0.7521,0.1848,3.12,23.90,0.427,,1,1,10.413,0.1704,,,,-0.06854,1.26343,16.743,9.213,8.824,2.649
51.190,0.7655,0.2014,0.7849,0.2602,3.13,23.92,0.365,,1,1,10.413,0.1704,,,,-0.07475,1.31231,16.743,9.213,8.824,2.649
51.222,0.7821,0.2467,0.8374,0.3914,3.17,23.93,0.283,,1,1,10.413,0.1704,,,,-0.08028,1.38591,16.743,9.213,8.824,2.649
51.262,0.8097,0.3273,0.8801,0.5213,3.21,23.94,0.243,,1,1,10.413,0.1704,,,,-0.08833,1.44949,16.743,9.213,8.824,2.649
51.295,0.8252,0.3938,0.8738,0.5857,3.25,23.95,0.242,,1,1,10.413,0.1704,,,,-0.11037,1.46461,16.743,9.213,8.824,2.649
51.320,0.8366,0.4448,0.8827,0.6333,3.28,23.95,0.257,,1,1,10.413,0.1704,,,,-0.11023,1.47597,16.743,9.213,8.824,2.649
51.350,0.8472,0.4972,0.8839,0.6589,3.32,23.95,0.270,,1,1,10.413,0.1704,,,,-0.10742,1.47449,16.743,9.213,8.824,2.649
51.390,0.8584,0.5571,0.8870,0.6943,3.36,23.95,0.280,,1,1,10.413,0.1704,,,,-0.10689,1.47793,16.743,9.213,8.824,2.649
51.415,0.8662,0.5896,0.8978,0.7074,3.39,23.96,0.290,,1,1,10.413,0.1704,,,,-0.09132,1.47551,16.743,9.213,8.824,2.649
51.452,0.8728,0.6268,0.8912,0.7203,3.41,23.98,0.297,,1,1,10.413,0.1704,,,,-0.09590,1.47187,16.743,9.213,8.824,2.649
51.490,0.8784,0.6581,0.8936,0.7341,3.43,23.99,0.302,,1,1,10.413,0.1704,,,,-0.09203,1.47085,16.743,9.213,8.824,2.649
51.521,0.8829,0.6819,0.8977,0.7535,3.45,24.00,0.305,,1,1,10.413,0.1704,,,,-0.09051,1.47451,16.743,9.213,8.824,2.649
51.567,0.8892,0.7153,0.9034,0.7832,3.47,24.02,0.301,,1,1,10.413,0.1704,,,,-0.08920,1.48047,16.743,9.213,8.824,2.649
51.610,0.8951,0.7420,0.9095,0.8017,3.49,24.03,0.308,,1,1,10.413,0.1704,,,,-0.08502,1.48392,16.743,9.213,8.824,2.649
51.642,0.8984,0.7634,0.9089,0.8265,3.51,24.06,0.313,,1,1,10.413,0.1704,,,,-0.08823,1.48663,16.743,9.213,8.824,2.649
51.671,0.9007,0.7805,0.9089,0.8380,3.53,24.08,0.314,,1,1,10.413,0.1704,,,,-0.08811,1.48650,16.743,9.213,8.824,2.649
51.700,0.9031,0.8001,0.9119,0.8656,3.54,24.09,0.317,,1,1,10.413,0.1704,,,,-0.09244,1.49486,16.743,9.213,8.824,2.649
51.729,0.9035,0.8182,0.9048,0.8785,3.56,24.11,0.316,,1,1,10.413,0.1704,,,,-0.09973,1.49340,16.743,9.213,8.824,2.649
51.758,0.9049,0.8368,0.9097,0.8966,3.57,24.12,0.315,,1,1,10.413,0.1704,,,,-0.09728,1.49712,16.743,9.213,8.824,2.649
51.782,0.9059,0.8510,0.9103,0.9091,3.59,24.13,0.314,,1,1,10.413,0.1704,,,,-0.09703,1.49772,16.743,9.213,8.824,2.649
51.820,0.9073,0.8714,0.9112,0.9238,3.60,24.14,0.316,,1,1,10.413,0.1704,,,,-0.09780,1.49958,16.743,9.213,8.824,2.649
51.845,0.9087,0.8855,0.9148,0.9397,3.62,24.14,0.316,,1,1,10.413,0.1704,,,,-0.09588,1.50223,16.743,9.213,8.824,2.649
51.878,0.9049,0.8996,0.8925,0.9418,3.63,24.13,0.315,,1,1,10.413,0.1704,,,,-0.11441,1.49307,16.743,9.213,8.824,2.649
51.911,0.8918,0.9135,0.8500,0.9543,3.64,24.14,0.314,,1,1,10.413,0.1704,,,,-0.15986,1.48608,16.743,9.213,8.824,2.649
51.952,0.8541,0.9253,0.7591,0.9539,3.65,24.13,0.315,,1,1,10.413,0.1704,,,,-0.25266,1.46655,16.743,9.213,8.824,2.649
51.979,0.8244,0.9396,0.7108,0.9929,3.65,24.13,0.317,,1,1,10.413,0.1704,,,,-0.31945,1.47465,16.743,9.213,8.824,2.649
52.006,0.7976,0.9508,0.6988,0.9917,3.66,24.12,0.316,,1,1,10.413,0.1704,,,,-0.33037,1.47064,16.743,9.213,8.824,2.649
52.039,0.7694,0.9628,0.6843,0.9992,3.66,24.11,0.319,,1,1,10.413,0.1704,,,,-0.34902,1.47166,16.743,9.213,8.824,2.649
52.078,0.7466,0.9724,0.6889,0.9971,3.66,24.10,0.327,,1,1,10.413,0.1704,,,,-0.34332,1.47157,16.743,9.213,8.824,2.649
52.118,0.7207,0.9746,0.6570,0.9801,3.65,24.06,0.352,,1,1,10.413,0.1704,,,,-0.37192,1.46061,16.743,9.213,8.824,2.649
52.157,0.6947,0.9583,0.6294,0.9157,3.63,24.02,0.391,,1,1,10.413,0.1704,,,,-0.37562,1.42884,16.743,9.213,8.824,2.649
52.183,0.6757,0.9399,0.6020,0.8635,3.61,23.97,0.421,,1,1,10.413,0.1704,,,,-0.38890,1.40746,16.743,9.213,8.824,2.649
52.214,0.6548,0.9153,0.5886,0.8320,3.58,23.92,0.429,,1,1,10.413,0.1704,,,,-0.39817,1.39994,16.743,9.213,8.824,2.649
52.253,0.6340,0.8831,0.5819,0.7982,3.55,23.87,0.429,,1,1,10.413,0.1704,,,,-0.39895,1.39209,16.743,9.213,8.824,2.649
52.286,0.6217,0.8579,0.5848,0.7806,3.52,23.84,0.426,,1,1,10.413,0.1704,,,,-0.39665,1.39351,16.743,9.213,8.824,2.649
52.317,0.6137,0.8360,0.5883,0.7652,3.50,23.81,0.425,,1,1,10.413,0.1704,,,,-0.39436,1.39559,16.743,9.213,8.824,2.649
52.352,0.6060,0.8133,0.5836,0.7471,3.48,23.79,0.423,,1,1,10.413,0.1704,,,,-0.39895,1.39432,16.743,9.213,8.824,2.649
52.382,0.6012,0.7961,0.5856,0.7400,3.46,23.76,0.426,,1,1,10.413,0.1704,,,,-0.40147,1.39952,16.743,9.213,8.824,2.649
52.414,0.5955,0.7807,0.5774,0.7322,3.44,23.72,0.424,,1,1,10.413,0.1704,,,,-0.41226,1.40040,16.743,9.213,8.824,2.649
52.445,0.5887,0.7693,0.5665,0.7327,3.43,23.71,0.424,,1,1,10.413,0.1704,,,,-0.42739,1.40223,16.743,9.213,8.824,2.649
52.482,0.5769,0.7581,0.5441,0.7272,3.42,23.70,0.421,,1,1,10.413,0.1704,,,,-0.45101,1.39824,16.743,9.213,8.824,2.649
52.508,0.5659,0.7542,0.5241,0.7393,3.42,23.70,0.419,,1,1,10.413,0.1704,,,,-0.48080,1.40388,16.743,9.213,8.824,2.649
52.535,0.5523,0.7489,0.5003,0.7287,3.41,23.69,0.417,,1,1,10.413,0.1704,,,,-0.50265,1.39615,16.743,9.213,8.824,2.649
52.577,0.5359,0.7448,0.4967,0.7348,3.40,23.68,0.416,,1,1,10.413,0.1704,,,,-0.51236,1.40179,16.743,9.213,8.824,2.649
52.641,0.5146,0.7433,0.4795,0.7407,3.39,23.71,0.415,,1,1,10.413,0.1704,,,,-0.53883,1.40747,16.743,9.213,8.824,2.649
52.685,0.5014,0.7406,0.4728,0.7348,3.38,23.72,0.415,,1,1,10.413,0.1704,,,,-0.54414,1.40441,16.743,9.213,8.824,2.649
52.722,0.4924,0.7419,0.4656,0.7459,3.38,23.71,0.412,,1,1,10.413,0.1704,,,,-0.55696,1.40864,16.743,9.213,8.824,2.649
52.749,0.4861,0.7431,0.4640,0.7472,3.38,23.70,0.411,,1,1,10.413,0.1704,,,,-0.55889,1.40860,16.743,9.213,8.824,2.649
52.773,0.4808,0.7444,0.4583,0.7502,3.39,23.69,0.410,,1,1,10.413,0.1704,,,,-0.56580,1.40856,16.743,9.213,8.824,2.649
52.793,0.4771,0.7462,0.4578,0.7555,3.39,23.69,0.410,,1,1,10.413,0.1704,,,,-0.56756,1.40970,16.743,9.213,8.824,2.649
52.818,0.4704,0.7498,0.4433,0.7649,3.39,23.71,0.406,,1,1,10.413,0.1704,,,,-0.58684,1.41134,16.743,9.213,8.824,2.649
52.853,0.4571,0.7425,0.4186,0.7207,3.39,23.72,0.410,,1,1,10.413,0.1704,,,,-0.58915,1.38187,16.743,9.213,8.824,2.649
52.882,0.4445,0.7291,0.3998,0.6803,3.39,23.73,0.422,,1,1,10.413,0.1704,,,,-0.58852,1.35703,16.743,9.213,8.824,2.649
52.902,0.4332,0.7166,0.3783,0.6542,3.38,23.75,0.430,,1,1,10.413,0.1704,,,,-0.59847,1.33974,16.743,9.213,8.824,2.649
52.933,0.4164,0.6924,0.3617,0.6129,3.37,23.78,0.435,,1,1,10.413,0.1704,,,,-0.59772,1.31750,16.743,9.213,8.824,2.649
52.976,0.3961,0.6540,0.3487,0.5643,3.36,23.81,0.448,,1,1,10.413,0.1704,,,,-0.59190,1.29456,16.743,9.213,8.824,2.649
53.041,0.3686,0.5749,0.3256,0.4532,3.28,23.87,0.468,,1,1,10.413,0.1704,,,,-0.58316,1.25554,16.743,9.213,8.824,2.649
53.070,0.3578,0.5394,0.3202,0.4200,3.25,23.88,0.475,,1,1,10.413,0.1704,,,,-0.58431,1.24974,16.743,9.213,8.824,2.649
53.094,0.3503,0.5083,0.3189,0.3838,3.21,23.89,0.478,,1,1,10.413,0.1704,,,,-0.58093,1.24456,16.743,9.213,8.824,2.649
53.126,0.3424,0.4692,0.3172,0.3512,3.17,23.90,0.482,,1,1,10.413,0.1704,,,,-0.58000,1.24140,16.743,9.213,8.824,2.649
53.166,0.3356,0.4227,0.3186,0.3139,3.13,23.92,0.485,,1,1,10.413,0.1704,,,,-0.57233,1.23507,16.743,9.213,8.824,2.649
53.190,0.3315,0.3938,0.3140,0.2792,3.09,23.92,0.485,,1,1,10.413,0.1704,,,,-0.57333,1.23026,16.743,9.213,8.824,2.649
53.222,0.3256,0.3572,0.3066,0.2505,3.06,23.89,0.484,,1,1,10.413,0.1704,,,,-0.57974,1.22738,16.743,9.213,8.824,2.649
53.279,0.3189,0.3031,0.3069,0.2124,3.00,23.90,0.483,,1,1,10.413,0.1704,,,,-0.57993,1.22806,16.743,9.213,8.824,2.649
53.309,0.3164,0.2748,0.3079,0.1870,2.96,23.91,0.485,,1,1,10.413,0.1704,,,,-0.57958,1.22899,16.743,9.213,8.824,2.649
53.336,0.3145,0.2515,0.3068,0.1689,2.94,23.91,0.484,,1,1,10.413,0.1704,,,,-0.58144,1.22954,16.743,9.213,8.824,2.649
53.363,0.3120,0.2292,0.3025,0.1507,2.91,23.91,0.486,,1,1,10.413,0.1704,,,,-0.58598,1.22869,16.743,9.213,8.824,2.649
53.387,0.3101,0.2096,0.3021,0.1345,2.89,23.91,0.486,,1,1,10.413,0.1704,,,,-0.58554,1.22779,16.743,9.213,8.824,2.649
53.439,0.3074,0.1750,0.3018,0.1105,2.86,23.89,0.485,,1,1,10.413,0.1704,,,,-0.58460,1.22632,16.743,9.213,8.824,2.649
53.471,0.3059,0.1557,0.3013,0.0980,2.84,23.89,0.485,,1,1,10.413,0.1704,,,,-0.58449,1.22558,16.743,9.213,8.824,2.649
53.496,0.3050,0.1415,0.3009,0.0861,2.83,23.88,0.486,,1,1,10.413,0.1704,,,,-0.58479,1.22544,16.743,9.213,8.824,2.649
53.526,0.3037,0.1248,0.2996,0.0721,2.81,23.89,0.485,,1,1,10.413,0.1704,,,,-0.58457,1.22342,16.743,9.213,8.824,2.649
53.569,0.3039,0.1059,0.3043,0.0608,2.80,23.88,0.485,,1,1,10.413,0.1704,,,,-0.57904,1.22369,16.743,9.213,8.824,2.649
53.593,0.3044,0.0946,0.3063,0.0525,2.78,23.88,0.484,,1,1,10.413,0.1704,,,,-0.57813,1.22538,16.743,9.213,8.824,2.649
53.630,0.3068,0.0804,0.3138,0.0426,2.77,23.88,0.482,,1,1,10.413,0.1704,,,,-0.57163,1.22814,16.743,9.213,8.824,2.649
53.655,0.3086,0.0694,0.3165,0.0249,2.75,23.85,0.482,,1,1,10.413,0.1704,,,,-0.56658,1.22635,16.743,9.213,8.824,2.649
53.694,0.3163,0.0510,0.3367,0.0053,2.73,23.83,0.482,,1,1,10.413,0.1704,,,,-0.54177,1.22624,16.743,9.213,8.824,2.649
53.724,0.3237,0.0379,0.3504,-0.0061,2.72,23.82,0.480,,1,1,10.413,0.1704,,,,-0.52867,1.23008,16.743,9.213,8.824,2.649
53.750,0.3340,0.0267,0.3751,-0.0156,2.71,23.79,0.480,,1,1,10.413,0.1704,,,,-0.50262,1.23457,16.743,9.213,8.824,2.649
53.783,0.3449,0.0149,0.3796,-0.0210,2.70,23.79,0.480,,1,1,10.413,0.1704,,,,-0.49972,1.23722,16.743,9.213,8.824,2.649
53.840,0.3598,0.0000,0.3869,-0.0435,2.68,23.80,0.479,,1,1,10.413,0.1704,,,,-0.48779,1.23408,16.743,9.213,8.824,2.649
53.872,0.3659,0.0000,0.3873,-0.0523,2.66,23.80,0.479,,1,1,10.413,0.1704,,,,-0.48701,1.23386,16.743,9.213,8.824,2.649
53.895,0.3703,0.0000,0.3879,-0.0559,2.66,23.80,0.479,,1,1,10.413,0.1704,,,,-0.48700,1.23451,16.743,9.213,8.824,2.649
53.932,0.3694,0.0000,0.3670,-0.0416,2.65,23.79,0.479,,1,1,10.413,0.1704,,,,-0.51966,1.24208,16.743,9.213,8.824,2.649
53.959,0.3642,0.0000,0.3439,-0.0253,2.65,23.77,0.477,,1,1,10.413,0.1704,,,,-0.55383,1.24829,16.743,9.213,8.824,2.649
54.001,0.3516,0.0000,0.3204,-0.0238,2.64,23.75,0.477,,1,1,10.413,0.1704,,,,-0.58069,1.24629,16.743,9.213,8.824,2.649
54.022,0.3447,0.0000,0.3087,-0.0207,2.64,23.71,0.476,,1,1,10.413,0.1704,,,,-0.59733,1.24874,16.743,9.213,8.824,2.649
54.064,0.3290,0.0000,0.2904,-0.0172,2.63,23.68,0.475,,1,1,10.413,0.1704,,,,-0.61877,1.24761,16.743,9.213,8.824,2.649
54.095,0.3186,0.0000,0.2834,-0.0227,2.63,23.64,0.474,,1,1,10.413,0.1704,,,,-0.62450,1.24467,16.743,9.213,8.824,2.649
54.128,0.3069,0.0000,0.2706,-0.0184,2.62,23.58,0.474,,1,1,10.413,0.1704,,,,-0.64324,1.24792,16.743,9.213,8.824,2.649
54.150,0.2990,0.0000,0.2614,-0.0284,2.61,23.54,0.472,,1,1,10.413,0.1704,,,,-0.64956,1.24271,16.743,9.213,8.824,2.649
54.184,0.2885,0.0000,0.2568,-0.0297,2.61,23.50,0.471,,1,1,10.413,0.1704,,,,-0.65553,1.24301,16.743,9.213,8.824,2.649
54.215,0.2805,0.0000,0.2536,-0.0240,2.61,23.46,0.471,,1,1,10.413,0.1704,,,,-0.66247,1.24621,16.743,9.213,8.824,2.649
54.254,0.2737,0.0000,0.2557,-0.0221,2.61,23.44,0.470,,1,1,10.413,0.1704,,,,-0.66010,1.24651,16.743,9.213,8.824,2.649
54.288,0.2710,0.0000,0.2627,-0.0191,2.61,23.42,0.468,,1,1,10.413,0.1704,,,,-0.65361,1.24867,16.743,9.213,8.824,2.649
54.317,0.2709,0.0000,0.2705,-0.0189,2.61,23.42,0.469,,1,1,10.413,0.1704,,,,-0.64755,1.25231,16.743,9.213,8.824,2.649
54.344,0.2728,0.0000,0.2804,-0.0166,2.60,23.42,0.466,,1,1,10.413,0.1704,,,,-0.64364,1.26098,16.743,9.213,8.824,2.649
54.401,0.2750,0.0000,0.2791,-0.0064,2.60,23.40,0.457,,1,1,10.413,0.1704,,,,-0.65441,1.27072,16.743,9.213,8.824,2.649
54.423,0.2683,0.0159,0.2368,0.1600,2.59,23.38,0.412,,1,1,10.413,0.1704,,,,-0.80126,1.37092,16.743,9.213,8.824,2.649
54.468,0.2530,0.0729,0.2156,0.2084,2.59,23.37,0.406,,1,1,10.413,0.1704,,,,-0.85149,1.39643,16.743,9.213,8.824,2.649
54.495,0.2415,0.1018,0.2005,0.2004,2.59,23.35,0.409,,1,1,10.413,0.1704,,,,-0.86158,1.38758,16.743,9.213,8.824,2.649
54.529,0.2322,0.1223,0.2029,0.1845,2.59,23.35,0.409,,1,1,10.413,0.1704,,,,-0.84974,1.37826,16.743,9.213,8.824,2.649
54.558,0.2264,0.1344,0.2070,0.1733,2.60,23.31,0.412,,1,1,10.413,0.1704,,,,-0.83843,1.37162,16.743,9.213,8.824,2.649
54.587,0.2220,0.1407,0.2063,0.1627,2.60,23.27,0.413,,1,1,10.413,0.1704,,,,-0.83273,1.36467,16.743,9.213,8.824,2.649
54.621,0.2180,0.1444,0.2058,0.1549,2.59,23.25,0.413,,1,1,10.413,0.1704,,,,-0.82996,1.36114,16.743,9.213,8.824,2.649
54.648,0.2151,0.1443,0.2040,0.1440,2.58,23.21,0.414,,1,1,10.413,0.1704,,,,-0.82852,1.35732,16.743,9.213,8.824,2.649
54.678,0.2131,0.1425,0.2063,0.1363,2.58,23.19,0.416,,1,1,10.413,0.1704,,,,-0.82456,1.35613,16.743,9.213,8.824,2.649
54.710,0.2078,0.1448,0.1906,0.1525,2.57,23.15,0.421,,1,1,10.413,0.1704,,,,-0.85264,1.36537,16.743,9.213,8.824,2.649
54.755,0.1982,0.1518,0.1756,0.1680,2.57,23.12,0.423,,1,1,10.413,0.1704,,,,-0.87805,1.37283,16.743,9.213,8.824,2.649
54.784,0.1903,0.1634,0.1634,0.2025,2.57,23.07,0.425,,1,1,10.413,0.1704,,,,-0.90891,1.38965,16.743,9.213,8.824,2.649
54.815,0.1816,0.1753,0.1528,0.2146,2.58,23.04,0.426,,1,1,10.413,0.1704,,,,-0.92479,1.39276,16.743,9.213,8.824,2.649
54.846,0.1711,0.1856,0.1353,0.2202,2.58,23.02,0.428,,1,1,10.413,0.1704,,,,-0.94699,1.39353,16.743,9.213,8.824,2.649
54.878,0.1618,0.1932,0.1322,0.2170,2.57,23.01,0.430,,1,1,10.413,0.1704,,,,-0.95083,1.39356,16.743,9.213,8.824,2.649
54.913,0.1537,0.1955,0.1298,0.2022,2.56,23.01,0.432,,1,1,10.413,0.1704,,,,-0.94828,1.38783,16.743,9.213,8.824,2.649
54.944,0.1472,0.1949,0.1261,0.1932,2.55,22.98,0.433,,1,1,10.413,0.1704,,,,-0.95212,1.38703,16.743,9.213,8.824,2.649
54.982,0.1358,0.1920,0.1047,0.1837,2.53,22.92,0.432,,1,1,10.413,0.1704,,,,-0.97495,1.38346,16.743,9.213,8.824,2.649
55.015,0.1279,0.1940,0.1030,0.2005,2.53,22.90,0.439,,1,1,10.413,0.1704,,,,-0.99028,1.39748,16.743,9.213,8.824,2.649
55.047,0.1208,0.1961,0.0983,0.2029,2.51,22.91,0.442,,1,1,10.413,0.1704,,,,-1.00179,1.40359,16.743,9.213,8.824,2.649
55.079,0.1146,0.1965,0.0944,0.1977,2.51,22.89,0.445,,1,1,10.413,0.1704,,,,-1.00656,1.40354,16.743,9.213,8.824,2.649
55.110,0.1071,0.1990,0.0821,0.2076,2.50,22.89,0.447,,1,1,10.413,0.1704,,,,-1.02675,1.40891,16.743,9.213,8.824,2.649
55.142,0.1011,0.2022,0.0821,0.2127,2.50,22.88,0.449,,1,1,10.413,0.1704,,,,-1.02836,1.41063,16.743,9.213,8.824,2.649
55.184,0.1109,0.2455,0.1353,0.3515,2.52,22.86,0.422,,1,1,10.413,0.1704,,,,-1.04905,1.50119,16.743,9.213,8.824,2.649
55.211,0.1277,0.2922,0.1931,0.4626,2.55,22.84,0.391,,1,1,10.413,0.1704,,,,-1.04040,1.56662,16.743,9.213,8.824,2.649
55.246,0.1535,0.3494,0.2293,0.5060,2.56,22.85,0.384,,1,1,10.413,0.1704,,,,-1.01987,1.59165,16.743,9.213,8.824,2.649
55.282,0.1730,0.3994,0.2300,0.5342,2.59,22.84,0.377,,1,1,10.413,0.1704,,,,-1.02310,1.59604,16.743,9.213,8.824,2.649
55.314,0.1922,0.4443,0.2522,0.5745,2.61,22.85,0.377,,1,1,10.413,0.1704,,,,-1.01176,1.61270,16.743,9.213,8.824,2.649
55.334,0.2030,0.4723,0.2600,0.6077,2.63,22.85,0.376,,1,1,10.413,0.1704,,,,-1.01246,1.62348,16.743,9.213,8.824,2.649
55.374,0.2223,0.5232,0.2705,0.6397,2.65,22.86,0.378,,1,1,10.413,0.1704,,,,-1.00884,1.63321,16.743,9.213,8.824,2.649
55.430,0.2422,0.5729,0.2783,0.6572,2.67,22.87,0.372,,1,1,10.413,0.1704,,,,-1.00141,1.63550,16.743,9.213,8.824,2.649
55.463,0.2520,0.5978,0.2825,0.6695,2.68,22.85,0.373,,1,1,10.413,0.1704,,,,-0.99796,1.63730,16.743,9.213,8.824,2.649
55.505,0.2628,0.6209,0.2895,0.6747,2.69,22.83,0.368,,1,1,10.413,0.1704,,,,-0.98841,1.63628,16.743,9.213,8.824,2.649
55.554,0.2790,0.6476,0.3126,0.7003,2.71,22.78,0.336,,1,1,10.413,0.1704,,,,-0.96952,1.64615,16.743,9.213,8.824,2.649
55.585,0.3032,0.6774,0.3815,0.7692,2.73,22.74,0.273,,1,1,10.413,0.1704,,,,-0.92575,1.68890,16.743,9.213,8.824,2.649
55.601,0.3171,0.6947,0.4053,0.7996,2.74,22.71,0.258,,1,1,10.413,0.1704,,,,-0.91129,1.70432,16.743,9.213,8.824,2.649
55.639,0.3465,0.7286,0.4230,0.8137,2.75,22.68,0.256,,1,1,10.413,0.1704,,,,-0.89362,1.70864,16.743,9.213,8.824,2.649
55.665,0.3621,0.7483,0.4210,0.8199,2.76,22.65,0.263,,1,1,10.413,0.1704,,,,-0.89295,1.70529,16.743,9.213,8.824,2.649
55.685,0.3724,0.7628,0.4216,0.8298,2.78,22.63,0.270,,1,1,10.413,0.1704,,,,-0.88931,1.70228,16.743,9.213,8.824,2.649
55.710,0.3819,0.7782,0.4203,0.8385,2.80,22.61,0.276,,1,1,10.413,0.1704,,,,-0.88950,1.70070,16.743,9.213,8.824,2.649
55.749,0.3915,0.7975,0.4162,0.8451,2.81,22.60,0.281,,1,1,10.413,0.1704,,,,-0.89086,1.69689,16.743,9.213,8.824,2.649
55.777,0.3975,0.8148,0.4188,0.8736,2.83,22.60,0.283,,1,1,10.413,0.1704,,,,-0.89222,1.70163,16.743,9.213,8.824,2.649
55.830,0.4080,0.8342,0.4278,0.8698,2.88,22.60,0.290,,1,1,10.413,0.1704,,,,-0.86261,1.68214,16.743,9.213,8.824,2.649
55.875,0.4081,0.8441,0.4083,0.8661,2.90,22.60,0.304,,1,1,10.413,0.1704,,,,-0.87180,1.66658,16.743,9.213,8.824,2.649
55.894,0.4053,0.8481,0.3898,0.8689,2.91,22.59,0.320,,1,1,10.413,0.1704,,,,-0.88644,1.65817,16.743,9.213,8.824,2.649
55.927,0.3954,0.8524,0.3641,0.8655,2.93,22.57,0.340,,1,1,10.413,0.1704,,,,-0.90617,1.64583,16.743,9.213,8.824,2.649
55.961,0.3845,0.8626,0.3503,0.8929,2.94,22.54,0.349,,1,1,10.413,0.1704,,,,-0.92829,1.65133,16.743,9.213,8.824,2.649
55.994,0.3727,0.8759,0.3355,0.9158,2.95,22.51,0.359,,1,1,10.413,0.1704,,,,-0.94973,1.65486,16.743,9.213,8.824,2.649
56.030,0.3572,0.8841,0.3115,0.9073,2.96,22.49,0.369,,1,1,10.413,0.1704,,,,-0.96892,1.64405,16.743,9.213,8.824,2.649
56.066,0.3437,0.8895,0.3043,0.9049,2.96,22.45,0.379,,1,1,10.413,0.1704,,,,-0.97274,1.63880,16.743,9.213,8.824,2.649
56.108,0.3239,0.8974,0.2760,0.9163,2.97,22.43,0.383,,1,1,10.413,0.1704,,,,-1.00530,1.63658,16.743,9.213,8.824,2.649
56.135,0.3132,0.9003,0.2722,0.9116,2.97,22.43,0.386,,1,1,10.413,0.1704,,,,-1.00571,1.63210,16.743,9.213,8.824,2.649
56.172,0.3022,0.9028,0.2716,0.9097,2.97,22.44,0.387,,1,1,10.413,0.1704,,,,-1.00449,1.63014,16.743,9.213,8.824,2.649
56.196,0.2960,0.9021,0.2689,0.8989,2.97,22.45,0.388,,1,1,10.413,0.1704,,,,-1.00179,1.62374,16.743,9.213,8.824,2.649
56.231,0.2880,0.9016,0.2645,0.9002,2.98,22.47,0.387,,1,1,10.413,0.1704,,,,-1.00530,1.62173,16.743,9.213,8.824,2.649
56.262,0.2819,0.9005,0.2621,0.8968,2.98,22.48,0.389,,1,1,10.413,0.1704,,,,-1.00512,1.61851,16.743,9.213,8.824,2.649
56.295,0.2761,0.9015,0.2580,0.9048,2.99,22.48,0.391,,1,1,10.413,0.1704,,,,-1.00908,1.61736,16.743,9.213,8.824,2.649
56.337,0.2705,0.9038,0.2566,0.9094,3.00,22.49,0.392,,1,1,10.413,0.1704,,,,-1.01037,1.61694,16.743,9.213,8.824,2.649
56.368,0.2672,0.9061,0.2562,0.9138,3.00,22.50,0.392,,1,1,10.413,0.1704,,,,-1.01186,1.61802,16.743,9.213,8.824,2.649
56.394,0.2647,0.9076,0.2546,0.9139,3.01,22.51,0.393,,1,1,10.413,0.1704,,,,-1.01057,1.61454,16.743,9.213,8.824,2.649
56.427,0.2624,0.9088,0.2554,0.9126,3.01,22.50,0.392,,1,1,10.413,0.1704,,,,-1.00709,1.61189,16.743,9.213,8.824,2.649
56.454,0.2610,0.9066,0.2556,0.8985,3.01,22.51,0.389,,1,1,10.413,0.1704,,,,-0.99955,1.60426,16.743,9.213,8.824,2.649
56.494,0.2576,0.8992,0.2489,0.8794,3.01,22.52,0.388,,1,1,10.413,0.1704,,,,-0.99733,1.59317,16.743,9.213,8.824,2.649
56.526,0.2558,0.8951,0.2497,0.8817,3.02,22.55,0.387,,1,1,10.413,0.1704,,,,-0.99548,1.59229,16.743,9.213,8.824,2.649
56.561,0.2534,0.8904,0.2462,0.8758,3.02,22.59,0.384,,1,1,10.413,0.1704,,,,-0.99403,1.58627,16.743,9.213,8.824,2.649
56.594,0.2532,0.8860,0.2526,0.8705,3.03,22.63,0.386,,1,1,10.413,0.1704,,,,-0.98333,1.58325,16.743,9.213,8.824,2.649
56.625,0.2551,0.8809,0.2609,0.8657,3.03,22.64,0.389,,1,1,10.413,0.1704,,,,-0.97162,1.58158,16.743,9.213,8.824,2.649
56.662,0.2649,0.8712,0.2931,0.8433,3.03,22.61,0.388,,1,1,10.413,0.1704,,,,-0.92519,1.57426,16.743,9.213,8.824,2.649
56.702,0.2743,0.8609,0.2995,0.8338,3.03,22.61,0.386,,1,1,10.413,0.1704,,,,-0.91323,1.56981,16.743,9.213,8.824,2.649
56.727,0.2819,0.8579,0.3131,0.8458,3.04,22.64,0.381,,1,1,10.413,0.1704,,,,-0.90389,1.57754,16.743,9.213,8.824,2.649
56.761,0.2905,0.8536,0.3173,0.8404,3.04,22.65,0.380,,1,1,10.413,0.1704,,,,-0.89637,1.57509,16.743,9.213,8.824,2.649
56.797,0.3145,0.8359,0.3823,0.7858,3.05,22.66,0.375,,1,1,10.413,0.1704,,,,-0.79817,1.55538,16.743,9.213,8.824,2.649
56.828,0.3640,0.8077,0.5271,0.7130,3.07,22.73,0.363,,1,1,10.413,0.1704,,,,-0.60393,1.53755,16.743,9.213,8.824,2.649
56.855,0.4146,0.7894,0.5961,0.7210,3.10,22.80,0.354,,1,1,10.413,0.1704,,,,-0.52313,1.54139,16.743,9.213,8.824,2.649
56.897,0.4782,0.7773,0.6228,0.7485,3.14,22.88,0.352,,1,1,10.413,0.1704,,,,-0.49443,1.54559,16.743,9.213,8.824,2.649
56.925,0.5161,0.7753,0.6416,0.7682,3.17,22.96,0.344,,1,1,10.413,0.1704,,,,-0.47167,1.54584,16.743,9.213,8.824,2.649
56.950,0.5431,0.7708,0.6444,0.7526,3.20,23.02,0.338,,1,1,10.413,0.1704,,,,-0.45052,1.52720,16.743,9.213,8.824,2.649
56.993,0.5767,0.7762,0.6522,0.7894,3.23,23.09,0.334,,1,1,10.413,0.1704,,,,-0.44833,1.53491,16.743,9.213,8.824,2.649
57.014,0.5918,0.7832,0.6583,0.8165,3.25,23.16,0.333,,1,1,10.413,0.1704,,,,-0.44771,1.54218,16.743,9.213,8.824,2.649
57.048,0.6125,0.7880,0.6703,0.8030,3.27,23.21,0.331,,1,1,10.413,0.1704,,,,-0.42018,1.52862,16.743,9.213,8.824,2.649
57.089,0.6425,0.7898,0.7134,0.7944,3.29,23.27,0.330,,1,1,10.413,0.1704,,,,-0.36364,1.52464,16.743,9.213,8.824,2.649
57.111,0.6568,0.7907,0.7191,0.7949,3.31,23.34,0.331,,1,1,10.413,0.1704,,,,-0.35015,1.51771,16.743,9.213,8.824,2.649
57.148,0.6753,0.7964,0.7236,0.8127,3.32,23.40,0.330,,1,1,10.413,0.1704,,,,-0.34717,1.52041,16.743,9.213,8.824,2.649
57.185,0.6868,0.8042,0.7174,0.8268,3.34,23.46,0.328,,1,1,10.413,0.1704,,,,-0.35332,1.51888,16.743,9.213,8.824,2.649
57.211,0.6954,0.8113,0.7279,0.8400,3.36,23.51,0.328,,1,1,10.413,0.1704,,,,-0.34097,1.51941,16.743,9.213,8.824,2.649
57.261,0.7048,0.8265,0.7231,0.8577,3.38,23.59,0.328,,1,1,10.413,0.1704,,,,-0.34664,1.51920,16.743,9.213,8.824,2.649
57.293,0.7113,0.8376,0.7320,0.8742,3.40,23.63,0.328,,1,1,10.413,0.1704,,,,-0.33950,1.52312,16.743,9.213,8.824,2.649
57.319,0.7148,0.8470,0.7285,0.8846,3.41,23.67,0.329,,1,1,10.413,0.1704,,,,-0.34207,1.52134,16.743,9.213,8.824,2.649
57.357,0.7172,0.8596,0.7235,0.8931,3.43,23.71,0.326,,1,1,10.413,0.1704,,,,-0.34573,1.51881,16.743,9.213,8.824,2.649
57.389,0.7180,0.8702,0.7205,0.9049,3.44,23.74,0.326,,1,1,10.413,0.1704,,,,-0.34736,1.51668,16.743,9.213,8.824,2.649
57.425,0.7124,0.8756,0.6966,0.8910,3.46,23.77,0.346,,1,1,10.413,0.1704,,,,-0.36124,1.50045,16.743,9.213,8.824,2.649
57.455,0.6992,0.8630,0.6533,0.8198,3.45,23.77,0.385,,1,1,10.413,0.1704,,,,-0.37301,1.45698,16.743,9.213,8.824,2.649
57.479,0.6827,0.8434,0.6086,0.7552,3.44,23.76,0.417,,1,1,10.413,0.1704,,,,-0.39227,1.41951,16.743,9.213,8.824,2.649
57.511,0.6566,0.8120,0.5716,0.7100,3.42,23.72,0.433,,1,1,10.413,0.1704,,,,-0.41532,1.39612,16.743,9.213,8.824,2.649
57.542,0.6290,0.7794,0.5382,0.6730,3.40,23.68,0.442,,1,1,10.413,0.1704,,,,-0.43840,1.37730,16.743,9.213,8.824,2.649
57.582,0.5980,0.7349,0.5204,0.6251,3.38,23.65,0.450,,1,1,10.413,0.1704,,,,-0.44033,1.35639,16.743,9.213,8.824,2.649
57.616,0.5678,0.6917,0.4789,0.5669,3.34,23.65,0.466,,1,1,10.413,0.1704,,,,-0.46602,1.32991,16.743,9.213,8.824,2.649
57.648,0.5383,0.6495,0.4468,0.5217,3.30,23.65,0.478,,1,1,10.413,0.1704,,,,-0.49129,1.31507,16.743,9.213,8.824,2.649
57.678,0.5122,0.6076,0.4263,0.4737,3.25,23.64,0.485,,1,1,10.413,0.1704,,,,-0.50479,1.30286,16.743,9.213,8.824,2.649
57.715,0.4851,0.5567,0.4133,0.4267,3.21,23.63,0.486,,1,1,10.413,0.1704,,,,-0.51083,1.29254,16.743,9.213,8.824,2.649
57.735,0.4717,0.5263,0.4085,0.3893,3.17,23.63,0.486,,1,1,10.413,0.1704,,,,-0.51195,1.28745,16.743,9.213,8.824,2.649
57.767,0.4566,0.4836,0.4099,0.3589,3.12,23.62,0.486,,1,1,10.413,0.1704,,,,-0.51196,1.28925,16.743,9.213,8.824,2.649
57.846,0.4329,0.4018,0.4030,0.3042,3.03,23.59,0.481,,1,1,10.413,0.1704,,,,-0.52453,1.29364,16.743,9.213,8.824,2.649
57.885,0.4247,0.3677,0.4031,0.2831,3.01,23.58,0.480,,1,1,10.413,0.1704,,,,-0.52436,1.29355,16.743,9.213,8.824,2.649
57.909,0.4206,0.3462,0.4040,0.2631,2.98,23.58,0.480,,1,1,10.413,0.1704,,,,-0.52393,1.29433,16.743,9.213,8.824,2.649
57.937,0.4171,0.3226,0.4042,0.2434,2.95,23.57,0.482,,1,1,10.413,0.1704,,,,-0.52369,1.29436,16.743,9.213,8.824,2.649
57.960,0.4148,0.3031,0.4049,0.2233,2.93,23.57,0.482,,1,1,10.413,0.1704,,,,-0.52058,1.29188,16.743,9.213,8.824,2.649
57.994,0.4124,0.2786,0.4050,0.2087,2.91,23.57,0.482,,1,1,10.413,0.1704,,,,-0.52075,1.29218,16.743,9.213,8.824,2.649
58.009,0.4108,0.2668,0.4003,0.1941,2.89,23.55,0.482,,1,1,10.413,0.1704,,,,-0.52554,1.29127,16.743,9.213,8.824,2.649
58.046,0.4072,0.2420,0.3970,0.1781,2.87,23.54,0.481,,1,1,10.413,0.1704,,,,-0.52842,1.28994,16.743,9.213,8.824,2.649
58.077,0.4044,0.2219,0.3953,0.1612,2.85,23.54,0.480,,1,1,10.413,0.1704,,,,-0.52914,1.28850,16.743,9.213,8.824,2.649
58.101,0.4016,0.2065,0.3897,0.1459,2.83,23.52,0.479,,1,1,10.413,0.1704,,,,-0.53429,1.28676,16.743,9.213,8.824,2.649
58.142,0.3986,0.1849,0.3911,0.1329,2.81,23.51,0.479,,1,1,10.413,0.1704,,,,-0.53440,1.28864,16.743,9.213,8.824,2.649
58.174,0.3962,0.1690,0.3884,0.1215,2.79,23.50,0.479,,1,1,10.413,0.1704,,,,-0.53856,1.28960,16.743,9.213,8.824,2.649
58.231,0.3926,0.1383,0.3860,0.0855,2.74,23.46,0.476,,1,1,10.413,0.1704,,,,-0.54089,1.28898,16.743,9.213,8.824,2.649
58.272,0.3915,0.1186,0.3888,0.0717,2.72,23.43,0.475,,1,1,10.413,0.1704,,,,-0.53999,1.29156,16.743,9.213,8.824,2.649
58.299,0.3923,0.1063,0.3953,0.0603,2.70,23.40,0.475,,1,1,10.413,0.1704,,,,-0.53445,1.29418,16.743,9.213,8.824,2.649
58.336,0.3952,0.0904,0.4035,0.0478,2.68,23.34,0.474,,1,1,10.413,0.1704,,,,-0.52839,1.29839,16.743,9.213,8.824,2.649
58.386,0.4009,0.0696,0.4136,0.0264,2.66,23.30,0.471,,1,1,10.413,0.1704,,,,-0.51507,1.29729,16.743,9.213,8.824,2.649
58.416,0.4090,0.0551,0.4349,0.0111,2.65,23.27,0.470,,1,1,10.413,0.1704,,,,-0.48818,1.29647,16.743,9.213,8.824,2.649
58.436,0.4153,0.0461,0.4490,0.0004,2.65,23.25,0.469,,1,1,10.413,0.1704,,,,-0.46744,1.29280,16.743,9.213,8.824,2.649
58.468,0.4321,0.0317,0.4861,-0.0127,2.66,23.24,0.467,,1,1,10.413,0.1704,,,,-0.42070,1.29141,16.743,9.213,8.824,2.649
58.493,0.4463,0.0228,0.5053,-0.0129,2.66,23.24,0.468,,1,1,10.413,0.1704,,,,-0.39792,1.29221,16.743,9.213,8.824,2.649
58.518,0.4619,0.0105,0.5253,-0.0385,2.66,23.24,0.467,,1,1,10.413,0.1704,,,,-0.36143,1.27957,16.743,9.213,8.824,2.649
58.549,0.4800,0.0000,0.5388,-0.0557,2.68,23.22,0.465,,1,1,10.413,0.1704,,,,-0.33029,1.26408,16.743,9.213,8.824,2.649
58.578,0.5038,0.0000,0.5863,-0.0836,2.69,23.22,0.461,,1,1,10.413,0.1704,,,,-0.26136,1.25278,16.743,9.213,8.824,2.649
58.637,0.5728,0.0000,0.6895,-0.0926,2.72,23.18,0.460,,1,1,10.413,0.1704,,,,-0.14059,1.25861,16.743,9.213,8.824,2.649
58.673,0.6097,0.0000,0.7141,-0.1007,2.73,23.18,0.459,,1,1,10.413,0.1704,,,,-0.10526,1.25314,16.743,9.213,8.824,2.649
58.701,0.6378,0.0000,0.7313,-0.1110,2.74,23.18,0.468,,1,1,10.413,0.1704,,,,-0.07811,1.24664,16.743,9.213,8.824,2.649
58.737,0.6704,0.0000,0.7577,-0.1143,2.76,23.15,0.467,,1,1,10.413,0.1704,,,,-0.04138,1.24206,16.743,9.213,8.824,2.649
58.764,0.6912,0.0000,0.7654,-0.1163,2.78,23.12,0.468,,1,1,10.413,0.1704,,,,-0.02456,1.23425,16.743,9.213,8.824,2.649
58.800,0.7202,0.0000,0.7977,-0.1017,2.80,23.08,0.470,,1,1,10.413,0.1704,,,,0.00568,1.24400,16.743,9.213,8.824,2.649
58.827,0.7424,0.0000,0.8220,-0.0901,2.81,23.01,0.471,,1,1,10.413,0.1704,,,,0.03065,1.24906,16.743,9.213,8.824,2.649
58.864,0.7668,0.0000,0.8304,-0.0858,2.84,22.94,0.472,,1,1,10.413,0.1704,,,,0.04621,1.24353,16.743,9.213,8.824,2.649
58.894,0.7840,0.0000,0.8402,-0.0738,2.85,22.88,0.472,,1,1,10.413,0.1704,,,,0.05526,1.24662,16.743,9.213,8.824,2.649
58.934,0.8034,0.0000,0.8502,-0.0473,2.88,22.84,0.473,,1,1,10.413,0.1704,,,,0.06236,1.25207,16.743,9.213,8.824,2.649
58.974,0.8215,0.0000,0.8660,-0.0378,2.89,22.82,0.472,,1,1,10.413,0.1704,,,,0.07482,1.25932,16.743,9.213,8.824,2.649
58.998,0.8313,0.0000,0.8714,-0.0336,2.89,22.80,0.471,,1,1,10.413,0.1704,,,,0.07792,1.26305,16.743,9.213,8.824,2.649
59.040,0.8565,0.0000,0.9154,-0.0337,2.88,22.72,0.471,,1,1,10.413,0.1704,,,,0.11980,1.27570,16.743,9.213,8.824,2.649
59.074,0.8810,0.0000,0.9576,-0.0358,2.88,22.60,0.471,,1,1,10.413,0.1704,,,,0.15949,1.28822,16.743,9.213,8.824,2.649
59.103,0.9018,0.0000,0.9672,-0.0436,2.87,22.49,0.469,,1,1,10.413,0.1704,,,,0.17022,1.28939,16.743,9.213,8.824,2.649
59.129,0.9216,0.0000,0.9959,-0.0464,2.87,22.37,0.465,,1,1,10.413,0.1704,,,,0.20041,1.29457,16.743,9.213,8.824,2.649
59.170,0.9491,0.0000,1.0149,-0.0405,2.87,22.29,0.455,,1,1,10.413,0.1704,,,,0.21667,1.30188,16.743,9.213,8.824,2.649
59.202,0.9741,0.0000,1.1523,0.0994,2.90,22.23,0.367,,1,1,10.413,0.1704,,,,0.28624,1.40589,16.743,9.213,8.824,2.649
59.235,0.9925,0.0592,1.2140,0.2734,2.95,22.21,0.285,,1,1,10.413,0.1704,,,,0.27678,1.49556,16.743,9.213,8.824,2.649
59.260,1.0000,0.1312,1.2789,0.3826,3.01,22.21,0.267,,1,1,10.413,0.1704,,,,0.31059,1.54360,16.743,9.213,8.824,2.649
59.297,1.0000,0.2170,1.3143,0.4309,3.06,22.22,0.279,,1,1,10.413,0.1704,,,,0.34368,1.55443,16.743,9.213,8.824,2.649
59.318,1.0000,0.2624,1.3303,0.4597,3.10,22.20,0.295,,1,1,10.413,0.1704,,,,0.36246,1.55531,16.743,9.213,8.824,2.649
59.363,1.0000,0.3320,1.3048,0.4740,3.14,22.17,0.304,,1,1,10.413,0.1704,,,,0.34591,1.53978,16.743,9.213,8.824,2.649
59.382,1.0000,0.3616,1.3011,0.4987,3.18,22.14,0.310,,1,1,10.413,0.1704,,,,0.34535,1.53568,16.743,9.213,8.824,2.649
59.426,1.0000,0.4072,1.3052,0.5312,3.22,22.11,0.317,,1,1,10.413,0.1704,,,,0.34903,1.53709,16.743,9.213,8.824,2.649
59.454,1.0000,0.4542,1.3098,0.5626,3.25,22.09,0.322,,1,1,10.413,0.1704,,,,0.35254,1.53927,16.743,9.213,8.824,2.649
59.483,1.0000,0.4877,1.3090,0.5918,3.28,22.05,0.323,,1,1,10.413,0.1704,,,,0.35109,1.53977,16.743,9.213,8.824,2.649
59.535,1.0000,0.5409,1.3121,0.6351,3.34,21.98,0.327,,1,1,10.413,0.1704,,,,0.35456,1.54017,16.743,9.213,8.824,2.649
59.558,1.0000,0.5630,1.2734,0.6517,3.37,21.95,0.328,,1,1,10.413,0.1704,,,,0.31917,1.52750,16.743,9.213,8.824,2.649
59.594,1.0000,0.5981,1.2730,0.6883,3.40,21.93,0.323,,1,1,10.413,0.1704,,,,0.31198,1.53460,16.743,9.213,8.824,2.649
59.627,1.0000,0.6293,1.2645,0.7197,3.42,21.91,0.328,,1,1,10.413,0.1704,,,,0.29768,1.53864,16.743,9.213,8.824,2.649
59.663,1.0000,0.6610,1.2577,0.7435,3.44,21.89,0.326,,1,1,10.413,0.1704,,,,0.28787,1.54017,16.743,9.213,8.824,2.649
59.687,1.0000,0.6860,1.2375,0.7812,3.46,21.90,0.328,,1,1,10.413,0.1704,,,,0.25563,1.54821,16.743,9.213,8.824,2.649
59.725,1.0000,0.7186,1.2147,0.7992,3.48,21.88,0.327,,1,1,10.413,0.1704,,,,0.23013,1.54556,16.743,9.213,8.824,2.649
59.756,1.0000,0.7406,1.1653,0.8080,3.50,21.90,0.327,,1,1,10.413,0.1704,,,,0.18151,1.53313,16.743,9.213,8.824,2.649
59.791,1.0000,0.7654,1.1578,0.8315,3.51,21.91,0.328,,1,1,10.413,0.1704,,,,0.16744,1.53829,16.743,9.213,8.824,2.649
59.814,1.0000,0.7829,1.1479,0.8551,3.52,21.91,0.323,,1,1,10.413,0.1704,,,,0.15027,1.54356,16.743,9.213,8.824,2.649
59.857,1.0000,0.8103,1.0374,0.8721,3.52,21.96,0.323,,1,1,10.413,0.1704,,,,0.02720,1.53075,16.743,9.213,8.824,2.649
59.884,1.0000,0.8279,0.9436,0.8896,3.52,22.00,0.321,,1,1,10.413,0.1704,,,,-0.07847,1.52110,16.743,9.213,8.824,2.649
59.911,0.9994,0.8456,0.9015,0.9091,3.52,22.07,0.318,,1,1,10.413,0.1704,,,,-0.13127,1.52238,16.743,9.213,8.824,2.649
59.950,0.9708,0.8654,0.8973,0.9139,3.52,22.14,0.318,,1,1,10.413,0.1704,,,,-0.13771,1.52372,16.743,9.213,8.824,2.649
59.980,0.9431,0.8817,0.8514,0.9337,3.52,22.21,0.317,,1,1,10.413,0.1704,,,,-0.19573,1.52576,16.743,9.213,8.824,2.649
60.007,0.9236,0.8953,0.8506,0.9452,3.52,22.25,0.314,,1,1,10.413,0.1704,,,,-0.20148,1.53074,16.743,9.213,8.824,2.649
60.046,0.9017,0.9092,0.8460,0.9441,3.52,22.32,0.316,,1,1,10.413,0.1704,,,,-0.20623,1.52985,16.743,9.213,8.824,2.649
60.086,0.8848,0.9176,0.8421,0.9387,3.52,22.38,0.319,,1,1,10.413,0.1704,,,,-0.20801,1.52663,16.743,9.213,8.824,2.649
60.128,0.8613,0.9266,0.8056,0.9480,3.51,22.41,0.326,,1,1,10.413,0.1704,,,,-0.25227,1.52615,16.743,9.213,8.824,2.649
60.161,0.8391,0.9235,0.7735,0.9140,3.51,22.42,0.360,,1,1,10.413,0.1704,,,,-0.27281,1.50642,16.743,9.213,8.824,2.649
60.183,0.8199,0.9173,0.7306,0.8873,3.49,22.40,0.383,,1,1,10.413,0.1704,,,,-0.31067,1.49101,16.743,9.213,8.824,2.649
60.222,0.7917,0.8992,0.7217,0.8513,3.47,22.37,0.397,,1,1,10.413,0.1704,,,,-0.31107,1.47991,16.743,9.213,8.824,2.649
60.254,0.7712,0.8828,0.7078,0.8285,3.45,22.34,0.403,,1,1,10.413,0.1704,,,,-0.32219,1.47373,16.743,9.213,8.824,2.649
60.287,0.7537,0.8665,0.7025,0.8157,3.43,22.33,0.406,,1,1,10.413,0.1704,,,,-0.32856,1.47363,16.743,9.213,8.824,2.649
60.310,0.7414,0.8586,0.6889,0.8222,3.41,22.33,0.410,,1,1,10.413,0.1704,,,,-0.35257,1.48135,16.743,9.213,8.824,2.649
60.350,0.7211,0.8458,0.6701,0.8121,3.40,22.32,0.409,,1,1,10.413,0.1704,,,,-0.37193,1.47749,16.743,9.213,8.824,2.649
60.381,0.7014,0.8347,0.6390,0.7976,3.39,22.34,0.409,,1,1,10.413,0.1704,,,,-0.40158,1.46857,16.743,9.213,8.824,2.649
60.411,0.6810,0.8251,0.6144,0.7922,3.38,22.36,0.409,,1,1,10.413,0.1704,,,,-0.42786,1.46456,16.743,9.213,8.824,2.649
60.451,0.6613,0.8156,0.6126,0.7909,3.37,22.39,0.412,,1,1,10.413,0.1704,,,,-0.43254,1.46721,16.743,9.213,8.824,2.649
60.481,0.6479,0.8096,0.6041,0.7894,3.37,22.44,0.413,,1,1,10.413,0.1704,,,,-0.44340,1.46763,16.743,9.213,8.824,2.649
60.513,0.6323,0.8045,0.5848,0.7883,3.36,22.48,0.415,,1,1,10.413,0.1704,,,,-0.46600,1.46655,16.743,9.213,8.824,2.649
60.541,0.6213,0.8009,0.5826,0.7877,3.34,22.51,0.416,,1,1,10.413,0.1704,,,,-0.47281,1.47094,16.743,9.213,8.824,2.649
60.576,0.6072,0.7978,0.5673,0.7886,3.33,22.53,0.416,,1,1,10.413,0.1704,,,,-0.49636,1.47597,16.743,9.213,8.824,2.649
60.656,0.5777,0.7855,0.5405,0.7694,3.29,22.57,0.414,,1,1,10.413,0.1704,,,,-0.52742,1.47411,16.743,9.213,8.824,2.649
60.681,0.5704,0.7842,0.5411,0.7789,3.29,22.61,0.415,,1,1,10.413,0.1704,,,,-0.53422,1.48206,16.743,9.213,8.824,2.649
60.714,0.5634,0.7838,0.5417,0.7827,3.28,22.64,0.414,,1,1,10.413,0.1704,,,,-0.53661,1.48544,16.743,9.213,8.824,2.649
60.743,0.5579,0.7860,0.5385,0.7941,3.28,22.66,0.414,,1,1,10.413,0.1704,,,,-0.54629,1.49144,16.743,9.213,8.824,2.649
60.763,0.5551,0.7884,0.5406,0.8010,3.28,22.69,0.413,,1,1,10.413,0.1704,,,,-0.54784,1.49575,16.743,9.213,8.824,2.649
60.803,0.5506,0.7924,0.5390,0.8031,3.28,22.71,0.411,,1,1,10.413,0.1704,,,,-0.55061,1.49668,16.743,9.213,8.824,2.649
60.821,0.5490,0.7941,0.5400,0.8041,3.28,22.72,0.409,,1,1,10.413,0.1704,,,,-0.54977,1.49706,16.743,9.213,8.824,2.649
60.857,0.5468,0.7990,0.5405,0.8133,3.28,22.73,0.407,,1,1,10.413,0.1704,,,,-0.55270,1.50082,16.743,9.213,8.824,2.649
60.882,0.5456,0.8030,0.5405,0.8199,3.29,22.76,0.408,,1,1,10.413,0.1704,,,,-0.55415,1.50230,16.743,9.213,8.824,2.649
60.911,0.5436,0.8042,0.5367,0.8086,3.29,22.78,0.405,,1,1,10.413,0.1704,,,,-0.55351,1.49670,16.743,9.213,8.824,2.649
60.942,0.5333,0.7864,0.4995,0.7268,3.28,22.82,0.411,,1,1,10.413,0.1704,,,,-0.55377,1.44896,16.743,9.213,8.824,2.649
60.970,0.5147,0.7478,0.4464,0.6059,3.24,22.88,0.462,,1,1,10.413,0.1704,,,,-0.56054,1.38761,16.743,9.213,8.824,2.649
61.042,0.4634,0.6396,0.3913,0.4904,3.16,22.92,0.490,,1,1,10.413,0.1704,,,,-0.58842,1.34596,16.743,9.213,8.824,2.649
61.069,0.4460,0.5982,0.3798,0.4453,3.12,22.95,0.496,,1,1,10.413,0.1704,,,,-0.59332,1.33622,16.743,9.213,8.824,2.649
61.101,0.4298,0.5499,0.3792,0.4061,3.07,22.99,0.496,,1,1,10.413,0.1704,,,,-0.59232,1.33445,16.743,9.213,8.824,2.649
61.133,0.4180,0.5030,0.3815,0.3663,3.02,23.02,0.500,,1,1,10.413,0.1704,,,,-0.58876,1.33357,16.743,9.213,8.824,2.649
61.166,0.4083,0.4572,0.3786,0.3275,2.98,23.02,0.500,,1,1,10.413,0.1704,,,,-0.58802,1.32905,16.743,9.213,8.824,2.649
61.192,0.4013,0.4204,0.3738,0.2859,2.93,23.04,0.496,,1,1,10.413,0.1704,,,,-0.58825,1.32310,16.743,9.213,8.824,2.649
61.239,0.3936,0.3582,0.3772,0.2373,2.87,23.06,0.497,,1,1,10.413,0.1704,,,,-0.58118,1.32009,16.743,9.213,8.824,2.649
61.275,0.3894,0.3185,0.3770,0.2136,2.84,23.07,0.497,,1,1,10.413,0.1704,,,,-0.58062,1.31918,16.743,9.213,8.824,2.649
61.301,0.3868,0.2896,0.3772,0.1888,2.82,23.08,0.495,,1,1,10.413,0.1704,,,,-0.57876,1.31748,16.743,9.213,8.824,2.649
61.326,0.3847,0.2635,0.3756,0.1654,2.79,23.08,0.494,,1,1,10.413,0.1704,,,,-0.57816,1.31482,16.743,9.213,8.824,2.649
61.354,0.3828,0.2333,0.3760,0.1330,2.77,23.07,0.493,,1,1,10.413,0.1704,,,,-0.56852,1.30514,16.743,9.213,8.824,2.649
61.383,0.3819,0.2066,0.3783,0.1141,2.74,23.06,0.492,,1,1,10.413,0.1704,,,,-0.56482,1.30421,16.743,9.213,8.824,2.649
61.431,0.3848,0.1599,0.3906,0.0735,2.69,23.06,0.492,,1,1,10.413,0.1704,,,,-0.55265,1.30733,16.743,9.213,8.824,2.649
61.470,0.3898,0.1268,0.4033,0.0472,2.66,23.05,0.492,,1,1,10.413,0.1704,,,,-0.53543,1.30557,16.743,9.213,8.824,2.649
61.495,0.3947,0.1058,0.4154,0.0267,2.64,23.06,0.493,,1,1,10.413,0.1704,,,,-0.52005,1.30487,16.743,9.213,8.824,2.649
61.529,0.4005,0.0816,0.4189,0.0129,2.63,23.07,0.495,,1,1,10.413,0.1704,,,,-0.51688,1.30609,16.743,9.213,8.824,2.649
61.560,0.4061,0.0593,0.4254,-0.0089,2.61,23.09,0.493,,1,1,10.413,0.1704,,,,-0.50382,1.30074,16.743,9.213,8.824,2.649
61.599,0.4128,0.0327,0.4303,-0.0313,2.59,23.10,0.491,,1,1,10.413,0.1704,,,,-0.49349,1.29611,16.743,9.213,8.824,2.649
61.622,0.4178,0.0202,0.4410,-0.0322,2.58,23.10,0.493,,1,1,10.413,0.1704,,,,-0.48961,1.30591,16.743,9.213,8.824,2.649
61.655,0.4264,0.0042,0.4535,-0.0427,2.56,23.07,0.490,,1,1,10.413,0.1704,,,,-0.47687,1.30851,16.743,9.213,8.824,2.649
61.688,0.4337,0.0000,0.4570,-0.0528,2.55,23.05,0.489,,1,1,10.413,0.1704,,,,-0.47210,1.30801,16.743,9.213,8.824,2.649
61.726,0.4372,0.0000,0.4469,-0.0564,2.55,23.02,0.488,,1,1,10.413,0.1704,,,,-0.48332,1.30680,16.743,9.213,8.824,2.649
61.758,0.4376,0.0000,0.4391,-0.0461,2.54,22.99,0.488,,1,1,10.413,0.1704,,,,-0.50140,1.31578,16.743,9.213,8.824,2.649
61.798,0.4357,0.0000,0.4308,-0.0333,2.53,22.97,0.487,,1,1,10.413,0.1704,,,,-0.52210,1.32691,16.743,9.213,8.824,2.649
61.830,0.4296,0.0000,0.4091,0.0488,2.53,22.97,0.443,,1,1,10.413,0.1704,,,,-0.59184,1.37249,16.743,9.213,8.824,2.649
61.862,0.4171,0.0376,0.3766,0.1939,2.54,22.99,0.396,,1,1,10.413,0.1704,,,,-0.70926,1.45427,16.743,9.213,8.824,2.649
61.901,0.3997,0.0862,0.3530,0.2136,2.54,23.03,0.397,,1,1,10.413,0.1704,,,,-0.74203,1.45842,16.743,9.213,8.824,2.649
61.926,0.3883,0.1140,0.3410,0.2268,2.55,23.07,0.401,,1,1,10.413,0.1704,,,,-0.75685,1.45858,16.743,9.213,8.824,2.649
61.958,0.3737,0.1445,0.3260,0.2402,2.56,23.10,0.402,,1,1,10.413,0.1704,,,,-0.77570,1.45913,16.743,9.213,8.824,2.649
61.996,0.3609,0.1679,0.3265,0.2285,2.56,23.12,0.404,,1,1,10.413,0.1704,,,,-0.76729,1.45082,16.743,9.213,8.824,2.649
62.022,0.3535,0.1786,0.3250,0.2193,2.57,23.12,0.402,,1,1,10.413,0.1704,,,,-0.76012,1.44135,16.743,9.213,8.824,2.649
62.054,0.3475,0.1871,0.3282,0.2136,2.58,23.12,0.403,,1,1,10.413,0.1704,,,,-0.75087,1.43572,16.743,9.213,8.824,2.649
62.087,0.3408,0.1933,0.3198,0.2122,2.58,23.11,0.405,,1,1,10.413,0.1704,,,,-0.75521,1.42947,16.743,9.213,8.824,2.649
62.120,0.3341,0.1957,0.3133,0.2031,2.59,23.08,0.409,,1,1,10.413,0.1704,,,,-0.75406,1.41981,16.743,9.213,8.824,2.649
62.158,0.3242,0.1994,0.2976,0.2093,2.59,23.05,0.411,,1,1,10.413,0.1704,,,,-0.77158,1.41803,16.743,9.213,8.824,2.649
62.185,0.3179,0.1990,0.2932,0.1974,2.59,23.00,0.412,,1,1,10.413,0.1704,,,,-0.76834,1.40891,16.743,9.213,8.824,2.649
62.217,0.3107,0.1968,0.2878,0.1898,2.60,22.94,0.417,,1,1,10.413,0.1704,,,,-0.76814,1.40185,16.743,9.213,8.824,2.649
62.259,0.3021,0.1938,0.2803,0.1861,2.60,22.90,0.418,,1,1,10.413,0.1704,,,,-0.77113,1.39528,16.743,9.213,8.824,2.649
62.285,0.2927,0.1900,0.2574,0.1753,2.60,22.89,0.422,,1,1,10.413,0.1704,,,,-0.78651,1.38187,16.743,9.213,8.824,2.649
62.310,0.2818,0.1927,0.2383,0.2041,2.60,22.87,0.423,,1,1,10.413,0.1704,,,,-0.82159,1.39420,16.743,9.213,8.824,2.649
62.367,0.2564,0.2023,0.2106,0.2202,2.61,22.86,0.427,,1,1,10.413,0.1704,,,,-0.85441,1.39311,16.743,9.213,8.824,2.649
62.391,0.2441,0.2106,0.1921,0.2463,2.62,22.86,0.429,,1,1,10.413,0.1704,,,,-0.88520,1.40172,16.743,9.213,8.824,2.649
62.433,0.2202,0.2340,0.1636,0.2904,2.63,22.87,0.433,,1,1,10.413,0.1704,,,,-0.93759,1.42013,16.743,9.213,8.824,2.649
62.460,0.2086,0.2432,0.1644,0.2791,2.63,22.88,0.433,,1,1,10.413,0.1704,,,,-0.92800,1.41106,16.743,9.213,8.824,2.649
62.493,0.1967,0.2511,0.1604,0.2754,2.63,22.90,0.436,,1,1,10.413,0.1704,,,,-0.92874,1.40670,16.743,9.213,8.824,2.649
62.528,0.1872,0.2570,0.1597,0.2745,2.64,22.91,0.438,,1,1,10.413,0.1704,,,,-0.92717,1.40413,16.743,9.213,8.824,2.649
62.560,0.1787,0.2632,0.1518,0.2830,2.64,22.92,0.440,,1,1,10.413,0.1704,,,,-0.93834,1.40566,16.743,9.213,8.824,2.649
62.586,0.1725,0.2682,0.1485,0.2882,2.64,22.93,0.441,,1,1,10.413,0.1704,,,,-0.94241,1.40569,16.743,9.213,8.824,2.649
62.621,0.1635,0.2741,0.1376,0.2914,2.65,22.93,0.442,,1,1,10.413,0.1704,,,,-0.95485,1.40479,16.743,9.213,8.824,2.649
62.647,0.1583,0.2770,0.1376,0.2886,2.65,22.94,0.443,,1,1,10.413,0.1704,,,,-0.95246,1.40231,16.743,9.213,8.824,2.649
62.689,0.1522,0.2797,0.1375,0.2862,2.65,22.93,0.443,,1,1,10.413,0.1704,,,,-0.95104,1.40061,16.743,9.213,8.824,2.649
62.711,0.1495,0.2807,0.1367,0.2857,2.65,22.93,0.445,,1,1,10.413,0.1704,,,,-0.95110,1.39970,16.743,9.213,8.824,2.649
62.743,0.1464,0.2826,0.1365,0.2885,2.65,22.93,0.445,,1,1,10.413,0.1704,,,,-0.95215,1.40051,16.743,9.213,8.824,2.649
62.785,0.1493,0.2797,0.1565,0.2727,2.65,22.91,0.445,,1,1,10.413,0.1704,,,,-0.92177,1.39427,16.743,9.213,8.824,2.649
62.816,0.1521,0.2780,0.1616,0.2719,2.65,22.90,0.445,,1,1,10.413,0.1704,,,,-0.91547,1.39420,16.743,9.213,8.824,2.649
62.839,0.1546,0.2777,0.1663,0.2767,2.66,22.88,0.445,,1,1,10.413,0.1704,,,,-0.91109,1.39566,16.743,9.213,8.824,2.649
62.876,0.1605,0.2772,0.1771,0.2757,2.66,22.88,0.446,,1,1,10.413,0.1704,,,,-0.89789,1.39572,16.743,9.213,8.824,2.649
62.918,0.1711,0.2917,0.1978,0.3275,2.68,22.86,0.436,,1,1,10.413,0.1704,,,,-0.90068,1.42535,16.743,9.213,8.824,2.649
62.959,0.1950,0.3401,0.2558,0.4603,2.70,22.86,0.380,,1,1,10.413,0.1704,,,,-0.90870,1.50872,16.743,9.213,8.824,2.649
62.993,0.2326,0.4161,0.3470,0.6381,2.73,22.86,0.281,,1,1,10.413,0.1704,,,,-0.89520,1.61217,16.743,9.213,8.824,2.649
63.015,0.2847,0.4667,0.5158,0.6839,2.76,22.83,0.220,,1,1,10.413,0.1704,,,,-0.72888,1.65461,16.743,9.213,8.824,2.649
63.046,0.3531,0.5504,0.5585,0.7929,2.80,22.79,0.194,,1,1,10.413,0.1704,,,,-0.72145,1.70193,16.743,9.213,8.824,2.649
63.086,0.4186,0.6360,0.5751,0.8333,2.85,22.78,0.217,,1,1,10.413,0.1704,,,,-0.70372,1.70465,16.743,9.213,8.824,2.649
63.116,0.4538,0.6915,0.5606,0.8529,2.89,22.78,0.244,,1,1,10.413,0.1704,,,,-0.71192,1.69454,16.743,9.213,8.824,2.649
63.144,0.4784,0.7386,0.5629,0.8929,2.93,22.80,0.271,,1,1,10.413,0.1704,,,,-0.71069,1.69624,16.743,9.213,8.824,2.649
63.186,0.5000,0.7942,0.5484,0.9121,2.96,22.80,0.283,,1,1,10.413,0.1704,,,,-0.72076,1.68824,16.743,9.213,8.824,2.649
63.208,0.5069,0.8211,0.5368,0.9299,3.00,22.80,0.292,,1,1,10.413,0.1704,,,,-0.72796,1.68076,16.743,9.213,8.824,2.649
63.238,0.5123,0.8544,0.5293,0.9530,3.02,22.81,0.299,,1,1,10.413,0.1704,,,,-0.73568,1.67931,16.743,9.213,8.824,2.649
63.276,0.5108,0.8864,0.5069,0.9642,3.04,22.80,0.304,,1,1,10.413,0.1704,,,,-0.75617,1.67199,16.743,9.213,8.824,2.649
63.309,0.5085,0.9095,0.5018,0.9732,3.07,22.78,0.307,,1,1,10.413,0.1704,,,,-0.75659,1.66576,16.743,9.213,8.824,2.649
63.343,0.5018,0.9299,0.4816,0.9863,3.08,22.77,0.312,,1,1,10.413,0.1704,,,,-0.77651,1.66072,16.743,9.213,8.824,2.649
63.376,0.4957,0.9451,0.4766,0.9891,3.10,22.78,0.318,,1,1,10.413,0.1704,,,,-0.77789,1.65581,16.743,9.213,8.824,2.649
63.442,0.4827,0.9531,0.4621,0.9650,3.10,22.73,0.329,,1,1,10.413,0.1704,,,,-0.77933,1.63853,16.743,9.213,8.824,2.649
63.470,0.4762,0.9530,0.4521,0.9527,3.10,22.69,0.333,,1,1,10.413,0.1704,,,,-0.78445,1.63103,16.743,9.213,8.824,2.649
63.517,0.4643,0.9544,0.4378,0.9572,3.11,22.62,0.343,,1,1,10.413,0.1704,,,,-0.79933,1.62826,16.743,9.213,8.824,2.649
63.541,0.4588,0.9565,0.4336,0.9655,3.11,22.59,0.346,,1,1,10.413,0.1704,,,,-0.80526,1.62917,16.743,9.213,8.824,2.649
63.571,0.4501,0.9628,0.4201,0.9838,3.12,22.55,0.350,,1,1,10.413,0.1704,,,,-0.82620,1.63371,16.743,9.213,8.824,2.649
63.599,0.4417,0.9678,0.4108,0.9858,3.12,22.52,0.357,,1,1,10.413,0.1704,,,,-0.83479,1.63076,16.743,9.213,8.824,2.649
63.631,0.4323,0.9768,0.4013,1.0055,3.13,22.48,0.361,,1,1,10.413,0.1704,,,,-0.85182,1.63653,16.743,9.213,8.824,2.649
63.647,0.4284,0.9800,0.4035,1.0000,3.13,22.45,0.365,,1,1,10.413,0.1704,,,,-0.84597,1.63311,16.743,9.213,8.824,2.649
63.674,0.4231,0.9859,0.4029,1.0081,3.13,22.42,0.366,,1,1,10.413,0.1704,,,,-0.84921,1.63579,16.743,9.213,8.824,2.649
63.709,0.4191,0.9920,0.4072,1.0098,3.14,22.38,0.366,,1,1,10.413,0.1704,,,,-0.84409,1.63596,16.743,9.213,8.824,2.649
63.736,0.4163,0.9948,0.4052,1.0058,3.14,22.36,0.370,,1,1,10.413,0.1704,,,,-0.84346,1.63274,16.743,9.213,8.824,2.649
63.776,0.4138,0.9983,0.4073,1.0070,3.14,22.34,0.371,,1,1,10.413,0.1704,,,,-0.84108,1.63290,16.743,9.213,8.824,2.649
63.832,0.4102,1.0000,0.4035,1.0100,3.14,22.32,0.383,,1,1,10.413,0.1704,,,,-0.84529,1.63245,16.743,9.213,8.824,2.649
63.868,0.4080,1.0000,0.4017,1.0061,3.15,22.32,0.387,,1,1,10.413,0.1704,,,,-0.84469,1.62948,16.743,9.213,8.824,2.649
63.905,0.4040,1.0000,0.3926,0.9978,3.15,22.33,0.388,,1,1,10.413,0.1704,,,,-0.84924,1.62262,16.743,9.213,8.824,2.649
63.926,0.4007,0.9987,0.3847,0.9828,3.15,22.32,0.389,,1,1,10.413,0.1704,,,,-0.85050,1.61372,16.743,9.213,8.824,2.649
63.958,0.3847,1.0000,0.3329,1.0285,3.14,22.28,0.388,,1,1,10.413,0.1704,,,,-0.92860,1.62912,16.743,9.213,8.824,2.649
63.990,0.3705,1.0000,0.3251,1.0232,3.14,22.29,0.391,,1,1,10.413,0.1704,,,,-0.93557,1.62649,16.743,9.213,8.824,2.649
64.023,0.3570,1.0000,0.3142,1.0021,3.13,22.30,0.393,,1,1,10.413,0.1704,,,,-0.93926,1.61623,16.743,9.213,8.824,2.649
64.080,0.3322,1.0000,0.2880,1.0047,3.12,22.29,0.397,,1,1,10.413,0.1704,,,,-0.97084,1.61571,16.743,9.213,8.824,2.649
64.103,0.3204,1.0000,0.2672,1.0191,3.11,22.29,0.400,,1,1,10.413,0.1704,,,,-1.00365,1.62355,16.743,9.213,8.824,2.649
64.128,0.3084,1.0000,0.2611,1.0188,3.10,22.29,0.403,,1,1,10.413,0.1704,,,,-1.01424,1.62676,16.743,9.213,8.824,2.649
64.162,0.2939,1.0000,0.2506,1.0096,3.10,22.29,0.402,,1,1,10.413,0.1704,,,,-1.02353,1.62305,16.743,9.213,8.824,2.649
64.188,0.2840,1.0000,0.2454,1.0023,3.09,22.31,0.404,,1,1,10.413,0.1704,,,,-1.02789,1.62095,16.743,9.213,8.824,2.649
64.230,0.2695,1.0000,0.2345,0.9881,3.07,22.36,0.406,,1,1,10.413,0.1704,,,,-1.03930,1.61888,16.743,9.213,8.824,2.649
64.262,0.2578,0.9972,0.2213,0.9781,3.06,22.41,0.406,,1,1,10.413,0.1704,,,,-1.05220,1.61550,16.743,9.213,8.824,2.649
64.305,0.2466,0.9940,0.2200,0.9861,3.06,22.44,0.407,,1,1,10.413,0.1704,,,,-1.05840,1.62028,16.743,9.213,8.824,2.649
64.336,0.2399,0.9955,0.2180,1.0007,3.06,22.47,0.407,,1,1,10.413,0.1704,,,,-1.06699,1.62684,16.743,9.213,8.824,2.649
64.368,0.2362,0.9949,0.2246,0.9927,3.06,22.50,0.407,,1,1,10.413,0.1704,,,,-1.05870,1.62656,16.743,9.213,8.824,2.649
64.400,0.2337,0.9953,0.2253,0.9967,3.05,22.53,0.405,,1,1,10.413,0.1704,,,,-1.06244,1.63144,16.743,9.213,8.824,2.649
64.424,0.2400,0.9912,0.2682,0.9728,3.05,22.56,0.394,,1,1,10.413,0.1704,,,,-1.00677,1.62812,16.743,9.213,8.824,2.649
64.463,0.2621,0.9906,0.3213,0.9890,3.05,22.62,0.371,,1,1,10.413,0.1704,,,,-0.95772,1.64494,16.743,9.213,8.824,2.649
64.496,0.2983,1.0000,0.4108,1.0703,3.07,22.68,0.309,,1,1,10.413,0.1704,,,,-0.89520,1.69454,16.743,9.213,8.824,2.649
64.528,0.3570,1.0000,0.5448,1.1668,3.10,22.68,0.220,,1,1,10.413,0.1704,,,,-0.78599,1.75230,16.743,9.213,8.824,2.649
64.560,0.4405,1.0000,0.6861,1.2969,3.15,22.64,0.150,,1,1,10.413,0.1704,,,,-0.67544,1.81817,16.743,9.213,8.824,2.649
64.593,0.5150,1.0000,0.7248,1.3384,3.18,22.57,0.138,,1,1,10.413,0.1704,,,,-0.63722,1.82779,16.743,9.213,8.824,2.649
64.636,0.5833,1.0000,0.7325,1.3345,3.23,22.54,0.161,,1,1,10.413,0.1704,,,,-0.60963,1.80863,16.743,9.213,8.824,2.649
64.667,0.6269,1.0000,0.7535,1.3196,3.27,22.54,0.176,,1,1,10.413,0.1704,,,,-0.56658,1.79031,16.743,9.213,8.824,2.649
64.706,0.6728,1.0000,0.7815,1.3514,3.29,22.52,0.183,,1,1,10.413,0.1704,,,,-0.54066,1.79910,16.743,9.213,8.824,2.649
64.726,0.6943,1.0000,0.7958,1.3509,3.32,22.50,0.189,,1,1,10.413,0.1704,,,,-0.51343,1.78895,16.743,9.213,8.824,2.649
64.761,0.7305,1.0000,0.8265,1.3862,3.36,22.45,0.186,,1,1,10.413,0.1704,,,,-0.48184,1.79518,16.743,9.213,8.824,2.649
64.791,0.7659,1.0000,0.8742,1.4172,3.39,22.41,0.181,,1,1,10.413,0.1704,,,,-0.43372,1.80607,16.743,9.213,8.824,2.649
64.829,0.8002,1.0000,0.8850,1.4149,3.41,22.34,0.183,,1,1,10.413,0.1704,,,,-0.41183,1.79695,16.743,9.213,8.824,2.649
64.861,0.8258,1.0000,0.8990,1.4541,3.43,22.26,0.181,,1,1,10.413,0.1704,,,,-0.40592,1.80869,16.743,9.213,8.824,2.649
64.892,0.8553,1.0000,0.9443,1.4646,3.45,22.14,0.175,,1,1,10.413,0.1704,,,,-0.35595,1.81447,16.743,9.213,8.824,2.649
64.925,0.8879,1.0000,0.9825,1.4948,3.47,22.05,0.170,,1,1,10.413,0.1704,,,,-0.31934,1.82528,16.743,9.213,8.824,2.649
64.951,0.9172,1.0000,1.0211,1.5028,3.50,21.99,0.172,,1,1,10.413,0.1704,,,,-0.27044,1.82344,16.743,9.213,8.824,2.649
64.992,0.9579,1.0000,1.0542,1.5112,3.53,21.94,0.169,,1,1,10.413,0.1704,,,,-0.22635,1.81969,16.743,9.213,8.824,2.649
65.015,0.9760,1.0000,1.0665,1.5282,3.56,21.89,0.173,,1,1,10.413,0.1704,,,,-0.20992,1.81825,16.743,9.213,8.824,2.649
65.055,0.9980,1.0000,1.0650,1.5786,3.58,21.82,0.175,,1,1,10.413,0.1704,,,,-0.22416,1.83140,16.743,9.213,8.824,2.649
65.085,1.0000,1.0000,1.0687,1.5648,3.60,21.80,0.185,,1,1,10.413,0.1704,,,,-0.20888,1.81997,16.743,9.213,8.824,2.649
65.117,1.0000,1.0000,1.0498,1.3030,3.61,21.87,0.264,,1,1,10.413,0.1704,,,,-0.11749,1.69929,16.743,9.213,8.824,2.649
