time_s,gaze_x,gaze_y,raw_x,raw_y,pitch_deg,yaw_deg,face_detected,calibrated,calib_mgae_deg,calib_rmse
1.093,0.5000,0.5000,0.5000,0.5000,-157.75,24.18,1,0,,
1.182,0.5000,0.5000,0.5000,0.5000,-157.22,25.83,1,0,,
1.225,0.5000,0.5000,0.5000,0.5000,-156.88,26.30,1,0,,
1.264,0.5000,0.5000,0.5000,0.5000,-156.58,25.78,1,0,,
1.300,0.5000,0.5000,0.5000,0.5000,-157.09,27.81,1,0,,
1.336,0.5000,0.5000,0.5000,0.5000,-157.13,28.13,1,0,,
1.384,0.5000,0.5000,0.5000,0.5000,-155.36,25.17,1,0,,
1.418,0.5000,0.5000,0.5000,0.5000,-153.63,25.17,1,0,,
1.458,0.5000,0.5000,0.5000,0.5000,-153.63,22.77,1,0,,
1.494,0.5000,0.5000,0.5000,0.5000,-150.76,21.69,1,0,,
1.528,0.5000,0.5000,0.5000,0.5000,-151.23,22.53,1,0,,
1.577,0.5000,0.5000,0.5000,0.5000,-152.20,21.11,1,0,,
1.614,0.5000,0.5000,0.5000,0.5000,-154.55,21.08,1,0,,
1.646,0.5000,0.5000,0.5000,0.5000,-150.88,18.34,1,0,,
1.685,0.5000,0.5000,0.5000,0.5000,-149.56,21.26,1,0,,
1.739,0.5000,0.5000,0.5000,0.5000,-149.60,19.89,1,0,,
1.774,0.5000,0.5000,0.5000,0.5000,-156.15,23.04,1,0,,
1.811,0.5000,0.5000,0.5000,0.5000,-156.31,23.60,1,0,,
1.861,0.5000,0.5000,0.5000,0.5000,-155.55,24.60,1,0,,
1.898,0.5000,0.5000,0.5000,0.5000,-155.66,23.62,1,0,,
1.935,0.5000,0.5000,0.5000,0.5000,-155.14,21.86,1,0,,
1.968,0.5000,0.5000,0.5000,0.5000,-155.11,20.71,1,0,,
2.006,0.5000,0.5000,0.5000,0.5000,-154.84,22.85,1,0,,
2.039,0.5000,0.5000,0.5000,0.5000,-155.24,23.50,1,0,,
2.072,0.5000,0.5000,0.5000,0.5000,-156.27,24.50,1,0,,
2.106,0.5000,0.5000,0.5000,0.5000,-153.71,22.89,1,0,,
2.140,0.5000,0.5000,0.5000,0.5000,-152.72,25.81,1,0,,
2.174,0.5000,0.5000,0.5000,0.5000,-153.57,26.37,1,0,,
2.212,0.5000,0.5000,0.5000,0.5000,-154.55,26.59,1,0,,
2.270,0.5000,0.5000,0.5000,0.5000,-156.13,24.52,1,0,,
2.336,0.5000,0.5000,0.5000,0.5000,-155.11,23.77,1,0,,
2.398,0.5000,0.5000,0.5000,0.5000,-158.58,24.95,1,0,,
2.443,0.5000,0.5000,0.5000,0.5000,-158.94,26.13,1,0,,
2.476,0.5000,0.5000,0.5000,0.5000,-165.51,12.71,1,0,,
2.511,0.5000,0.5000,0.5000,0.5000,-164.68,11.31,1,0,,
2.545,0.5000,0.5000,0.5000,0.5000,-152.98,23.30,1,0,,
2.586,0.5000,0.5000,0.5000,0.5000,-157.33,24.09,1,0,,
2.621,0.5000,0.5000,0.5000,0.5000,-155.28,26.35,1,0,,
2.671,0.5000,0.5000,0.5000,0.5000,-155.88,25.24,1,0,,
2.734,0.5000,0.5000,0.5000,0.5000,-158.25,23.43,1,0,,
2.766,0.5000,0.5000,,,,,0,0,,
2.823,0.5000,0.5000,0.5000,0.5000,-149.75,19.64,1,0,,
2.863,0.5000,0.5000,0.5000,0.5000,-154.83,21.62,1,0,,
2.910,0.5000,0.5000,0.5000,0.5000,-156.51,21.91,1,0,,
2.963,0.5000,0.5000,0.5000,0.5000,-156.70,23.76,1,0,,
3.005,0.5000,0.5000,0.5000,0.5000,-155.19,24.14,1,0,,
3.053,0.5000,0.5000,0.5000,0.5000,-164.62,9.67,1,0,,
3.090,0.5000,0.5000,0.5000,0.5000,-161.77,24.48,1,0,,
3.128,0.5000,0.5000,0.5000,0.5000,-160.67,24.43,1,0,,
3.183,0.5000,0.5000,0.5000,0.5000,-160.24,27.13,1,0,,
3.238,0.5000,0.5000,0.5000,0.5000,-160.21,22.98,1,0,,
3.274,0.5000,0.5000,0.5000,0.5000,-151.82,20.86,1,0,,
3.307,0.5000,0.5000,0.5000,0.5000,-152.07,19.47,1,0,,
3.341,0.5000,0.5000,0.5000,0.5000,-155.29,20.50,1,0,,
3.394,0.5000,0.5000,0.5000,0.5000,-156.53,22.45,1,0,,
3.445,0.5000,0.5000,0.5000,0.5000,-158.24,23.29,1,0,,
3.481,0.5000,0.5000,0.5000,0.5000,-156.34,20.98,1,0,,
3.521,0.5000,0.5000,0.5000,0.5000,-157.08,21.66,1,0,,
3.582,0.5000,0.5000,0.5000,0.5000,-159.20,24.72,1,0,,
3.647,0.5000,0.5000,0.5000,0.5000,-154.38,24.03,1,0,,
3.712,0.5000,0.5000,0.5000,0.5000,-153.76,25.83,1,0,,
3.746,0.5000,0.5000,0.5000,0.5000,-151.74,22.34,1,0,,
3.802,0.5000,0.5000,0.5000,0.5000,-151.52,25.20,1,0,,
3.861,0.5000,0.5000,0.5000,0.5000,-153.97,24.02,1,0,,
3.923,0.5000,0.5000,0.5000,0.5000,-153.78,25.21,1,0,,
3.971,0.5000,0.5000,0.5000,0.5000,-149.94,22.69,1,0,,
4.030,0.5000,0.5000,0.5000,0.5000,-144.02,22.77,1,0,,
4.079,0.5000,0.5000,0.5000,0.5000,-168.87,12.91,1,0,,
4.119,0.5000,0.5000,0.5000,0.5000,-152.55,22.95,1,0,,
4.154,0.5000,0.5000,0.5000,0.5000,-149.53,17.72,1,0,,
4.193,0.5000,0.5000,0.5000,0.5000,-147.41,17.15,1,0,,
4.254,0.5000,0.5000,0.5000,0.5000,-146.20,19.47,1,0,,
4.304,0.5000,0.5000,0.5000,0.5000,-146.62,19.76,1,0,,
4.345,0.5000,0.5000,0.5000,0.5000,-146.97,20.99,1,0,,
4.379,0.5000,0.5000,0.5000,0.5000,-152.65,22.58,1,0,,
4.417,0.5000,0.5000,,,,,0,0,,
4.459,0.5000,0.5000,0.5000,0.5000,-164.76,13.82,1,0,,
4.502,0.5000,0.5000,0.5000,0.5000,-168.12,11.39,1,0,,
4.543,0.5000,0.5000,0.5000,0.5000,-153.30,22.71,1,0,,
4.585,0.5000,0.5000,0.5000,0.5000,-150.04,22.70,1,0,,
4.644,0.5000,0.5000,0.5000,0.5000,-165.05,13.51,1,0,,
4.701,0.5000,0.5000,,,,,0,0,,
4.734,0.5000,0.5000,,,,,0,0,,
4.767,0.5000,0.5000,,,,,0,0,,
4.812,0.5000,0.5000,0.5000,0.5000,-166.69,12.72,1,0,,
4.846,0.5000,0.5000,,,,,0,0,,
4.888,0.5000,0.5000,0.5000,0.5000,-138.69,20.37,1,0,,
4.918,0.5000,0.5000,,,,,0,0,,
4.961,0.5000,0.5000,0.5000,0.5000,-148.33,23.10,1,0,,
4.991,0.5000,0.5000,,,,,0,0,,
5.033,0.5000,0.5000,0.5000,0.5000,-143.82,23.17,1,0,,
5.064,0.5000,0.5000,,,,,0,0,,
5.118,0.5000,0.5000,,,,,0,0,,
5.156,0.5000,0.5000,0.5000,0.5000,-136.81,24.75,1,0,,
5.187,0.5000,0.5000,0.5000,0.5000,-143.18,23.37,1,0,,
5.221,0.5000,0.5000,0.5000,0.5000,-143.28,22.21,1,0,,
5.263,0.5000,0.5000,0.5000,0.5000,-146.88,23.72,1,0,,
5.302,0.5000,0.5000,0.5000,0.5000,-146.39,23.07,1,0,,
5.337,0.5000,0.5000,,,,,0,0,,
5.368,0.5000,0.5000,,,,,0,0,,
5.403,0.5000,0.5000,,,,,0,0,,
5.443,0.5000,0.5000,0.5000,0.5000,-141.32,24.31,1,0,,
5.479,0.5000,0.5000,0.5000,0.5000,-144.81,24.64,1,0,,
5.512,0.5000,0.5000,,,,,0,0,,
5.553,0.5000,0.5000,,,,,0,0,,
5.635,0.5000,0.5000,0.5000,0.5000,-142.00,25.45,1,0,,
5.675,0.5000,0.5000,0.5000,0.5000,-164.99,14.43,1,0,,
5.716,0.5000,0.5000,,,,,0,0,,
5.752,0.5000,0.5000,0.5000,0.5000,-139.50,21.64,1,0,,
5.786,0.5000,0.5000,0.5000,0.5000,-150.59,24.84,1,0,,
5.817,0.5000,0.5000,,,,,0,0,,
5.854,0.5000,0.5000,,,,,0,0,,
5.890,0.5000,0.5000,,,,,0,0,,
5.931,0.5000,0.5000,,,,,0,0,,
5.967,0.5000,0.5000,,,,,0,0,,
6.036,0.5000,0.5000,,,,,0,0,,
6.090,0.5000,0.5000,,,,,0,0,,
6.131,0.5000,0.5000,,,,,0,0,,
6.165,0.5000,0.5000,,,,,0,0,,
6.201,0.5000,0.5000,,,,,0,0,,
6.242,0.5000,0.5000,,,,,0,0,,
6.291,0.5000,0.5000,,,,,0,0,,
6.342,0.5000,0.5000,,,,,0,0,,
6.390,0.5000,0.5000,,,,,0,0,,
6.427,0.5000,0.5000,,,,,0,0,,
6.458,0.5000,0.5000,,,,,0,0,,
6.505,0.5000,0.5000,,,,,0,0,,
6.537,0.5000,0.5000,,,,,0,0,,
6.586,0.5000,0.5000,,,,,0,0,,
6.634,0.5000,0.5000,,,,,0,0,,
6.690,0.5000,0.5000,,,,,0,0,,
6.738,0.5000,0.5000,,,,,0,0,,
6.784,0.5000,0.5000,0.5000,0.5000,-171.07,13.72,1,0,,
6.817,0.5000,0.5000,,,,,0,0,,
6.860,0.5000,0.5000,,,,,0,0,,
6.921,0.5000,0.5000,0.5000,0.5000,-137.84,21.94,1,0,,
6.968,0.5000,0.5000,,,,,0,0,,
7.008,0.5000,0.5000,,,,,0,0,,
7.064,0.5000,0.5000,,,,,0,0,,
7.117,0.5000,0.5000,,,,,0,0,,
7.163,0.5000,0.5000,,,,,0,0,,
7.207,0.5000,0.5000,,,,,0,0,,
7.245,0.5000,0.5000,,,,,0,0,,
7.280,0.5000,0.5000,,,,,0,0,,
7.314,0.5000,0.5000,,,,,0,0,,
7.346,0.5000,0.5000,,,,,0,0,,
7.380,0.5000,0.5000,,,,,0,0,,
7.418,0.5000,0.5000,,,,,0,0,,
7.455,0.5000,0.5000,,,,,0,0,,
7.515,0.5000,0.5000,,,,,0,0,,
7.591,0.5000,0.5000,,,,,0,0,,
7.641,0.5000,0.5000,,,,,0,0,,
7.701,0.5000,0.5000,,,,,0,0,,
7.774,0.5000,0.5000,0.5000,0.5000,-166.65,11.95,1,0,,
7.810,0.5000,0.5000,,,,,0,0,,
7.842,0.5000,0.5000,,,,,0,0,,
7.889,0.5000,0.5000,0.5000,0.5000,-165.01,11.46,1,0,,
7.927,0.5000,0.5000,,,,,0,0,,
7.959,0.5000,0.5000,,,,,0,0,,
7.993,0.5000,0.5000,,,,,0,0,,
8.030,0.5000,0.5000,,,,,0,0,,
8.072,0.5000,0.5000,,,,,0,0,,
8.109,0.5000,0.5000,,,,,0,0,,
8.148,0.5000,0.5000,,,,,0,0,,
8.195,0.5000,0.5000,0.5000,0.5000,-141.76,25.07,1,0,,
8.232,0.5000,0.5000,0.5000,0.5000,-162.80,9.45,1,0,,
8.269,0.5000,0.5000,0.5000,0.5000,-165.48,11.94,1,0,,
8.308,0.5000,0.5000,,,,,0,0,,
8.365,0.5000,0.5000,,,,,0,0,,
8.413,0.5000,0.5000,,,,,0,0,,
8.450,0.5000,0.5000,,,,,0,0,,
8.485,0.5000,0.5000,,,,,0,0,,
8.528,0.5000,0.5000,0.5000,0.5000,-138.13,24.15,1,0,,
8.585,0.5000,0.5000,,,,,0,0,,
8.638,0.5000,0.5000,,,,,0,0,,
8.698,0.5000,0.5000,,,,,0,0,,
8.757,0.5000,0.5000,0.5000,0.5000,-169.41,5.22,1,0,,
8.790,0.5000,0.5000,,,,,0,0,,
8.827,0.5000,0.5000,,,,,0,0,,
8.860,0.5000,0.5000,,,,,0,0,,
8.893,0.5000,0.5000,,,,,0,0,,
8.930,0.5000,0.5000,,,,,0,0,,
8.963,0.5000,0.5000,,,,,0,0,,
8.997,0.5000,0.5000,,,,,0,0,,
9.032,0.5000,0.5000,,,,,0,0,,
9.076,0.5000,0.5000,,,,,0,0,,
9.121,0.5000,0.5000,,,,,0,0,,
9.164,0.5000,0.5000,,,,,0,0,,
9.220,0.5000,0.5000,,,,,0,0,,
9.256,0.5000,0.5000,,,,,0,0,,
9.287,0.5000,0.5000,,,,,0,0,,
9.321,0.5000,0.5000,,,,,0,0,,
9.352,0.5000,0.5000,,,,,0,0,,
9.390,0.5000,0.5000,,,,,0,0,,
9.428,0.5000,0.5000,,,,,0,0,,
9.473,0.5000,0.5000,,,,,0,0,,
9.504,0.5000,0.5000,,,,,0,0,,
9.546,0.5000,0.5000,,,,,0,0,,
9.584,0.5000,0.5000,,,,,0,0,,
9.643,0.5000,0.5000,,,,,0,0,,
9.696,0.5000,0.5000,,,,,0,0,,
9.742,0.5000,0.5000,,,,,0,0,,
9.773,0.5000,0.5000,,,,,0,0,,
9.819,0.5000,0.5000,,,,,0,0,,
9.865,0.5000,0.5000,,,,,0,0,,
9.924,0.5000,0.5000,,,,,0,0,,
9.975,0.5000,0.5000,,,,,0,0,,
10.013,0.5000,0.5000,,,,,0,0,,
10.048,0.5000,0.5000,,,,,0,0,,
10.083,0.5000,0.5000,,,,,0,0,,
10.119,0.5000,0.5000,,,,,0,0,,
10.152,0.5000,0.5000,,,,,0,0,,
10.184,0.5000,0.5000,,,,,0,0,,
10.219,0.5000,0.5000,,,,,0,0,,
10.259,0.5000,0.5000,,,,,0,0,,
10.307,0.5000,0.5000,,,,,0,0,,
10.338,0.5000,0.5000,,,,,0,0,,
10.371,0.5000,0.5000,,,,,0,0,,
10.406,0.5000,0.5000,,,,,0,0,,
10.447,0.5000,0.5000,0.5000,0.5000,-162.97,15.08,1,0,,
10.491,0.5000,0.5000,,,,,0,0,,
10.547,0.5000,0.5000,,,,,0,0,,
10.586,0.5000,0.5000,,,,,0,0,,
10.619,0.5000,0.5000,,,,,0,0,,
10.661,0.5000,0.5000,,,,,0,0,,
10.698,0.5000,0.5000,0.5000,0.5000,-164.77,6.40,1,0,,
10.728,0.5000,0.5000,,,,,0,0,,
10.767,0.5000,0.5000,,,,,0,0,,
10.803,0.5000,0.5000,,,,,0,0,,
10.841,0.5000,0.5000,,,,,0,0,,
10.897,0.5000,0.5000,,,,,0,0,,
10.945,0.5000,0.5000,,,,,0,0,,
11.006,0.5000,0.5000,,,,,0,0,,
11.046,0.5000,0.5000,,,,,0,0,,
11.083,0.5000,0.5000,,,,,0,0,,
11.126,0.5000,0.5000,,,,,0,0,,
11.177,0.5000,0.5000,,,,,0,0,,
11.215,0.5000,0.5000,,,,,0,0,,
11.256,0.5000,0.5000,,,,,0,0,,
11.293,0.5000,0.5000,,,,,0,0,,
11.326,0.5000,0.5000,,,,,0,0,,
11.362,0.5000,0.5000,,,,,0,0,,
11.404,0.5000,0.5000,,,,,0,0,,
11.446,0.5000,0.5000,0.5000,0.5000,-133.95,25.07,1,0,,
11.477,0.5000,0.5000,,,,,0,0,,
11.508,0.5000,0.5000,,,,,0,0,,
11.540,0.5000,0.5000,,,,,0,0,,
11.583,0.5000,0.5000,,,,,0,0,,
11.630,0.5000,0.5000,0.5000,0.5000,-172.85,5.50,1,0,,
11.664,0.5000,0.5000,,,,,0,0,,
11.700,0.5000,0.5000,,,,,0,0,,
11.734,0.5000,0.5000,,,,,0,0,,
11.778,0.5000,0.5000,,,,,0,0,,
11.824,0.5000,0.5000,,,,,0,0,,
11.862,0.5000,0.5000,,,,,0,0,,
11.902,0.5000,0.5000,,,,,0,0,,
11.943,0.5000,0.5000,,,,,0,0,,
11.982,0.5000,0.5000,,,,,0,0,,
12.032,0.5000,0.5000,,,,,0,0,,
12.070,0.5000,0.5000,,,,,0,0,,
12.110,0.5000,0.5000,,,,,0,0,,
12.149,0.5000,0.5000,,,,,0,0,,
12.192,0.5000,0.5000,,,,,0,0,,
12.232,0.5000,0.5000,,,,,0,0,,
12.265,0.5000,0.5000,,,,,0,0,,
12.298,0.5000,0.5000,,,,,0,0,,
12.336,0.5000,0.5000,0.5000,0.5000,-162.93,8.17,1,0,,
12.376,0.5000,0.5000,,,,,0,0,,
12.418,0.5000,0.5000,,,,,0,0,,
12.463,0.5000,0.5000,,,,,0,0,,
12.507,0.5000,0.5000,,,,,0,0,,
12.556,0.5000,0.5000,,,,,0,0,,
12.602,0.5000,0.5000,,,,,0,0,,
12.646,0.5000,0.5000,,,,,0,0,,
12.703,0.5000,0.5000,,,,,0,0,,
12.741,0.5000,0.5000,,,,,0,0,,
12.780,0.5000,0.5000,,,,,0,0,,
12.813,0.5000,0.5000,,,,,0,0,,
12.844,0.5000,0.5000,,,,,0,0,,
12.875,0.5000,0.5000,,,,,0,0,,
12.920,0.5000,0.5000,,,,,0,0,,
12.969,0.5000,0.5000,,,,,0,0,,
13.015,0.5000,0.5000,,,,,0,0,,
13.062,0.5000,0.5000,,,,,0,0,,
13.110,0.5000,0.5000,,,,,0,0,,
13.171,0.5000,0.5000,,,,,0,0,,
13.209,0.5000,0.5000,,,,,0,0,,
13.239,0.5000,0.5000,,,,,0,0,,
13.271,0.5000,0.5000,,,,,0,0,,
13.312,0.5000,0.5000,0.5000,0.5000,-160.11,16.11,1,0,,
13.366,0.5000,0.5000,,,,,0,0,,
13.400,0.5000,0.5000,,,,,0,0,,
13.454,0.5000,0.5000,,,,,0,0,,
13.493,0.5000,0.5000,,,,,0,0,,
13.538,0.5000,0.5000,,,,,0,0,,
13.596,0.5000,0.5000,,,,,0,0,,
13.645,0.5000,0.5000,,,,,0,0,,
13.690,0.5000,0.5000,,,,,0,0,,
13.753,0.5000,0.5000,,,,,0,0,,
13.797,0.5000,0.5000,,,,,0,0,,
13.829,0.5000,0.5000,,,,,0,0,,
13.872,0.5000,0.5000,,,,,0,0,,
13.912,0.5000,0.5000,,,,,0,0,,
13.944,0.5000,0.5000,,,,,0,0,,
13.976,0.5000,0.5000,,,,,0,0,,
14.025,0.5000,0.5000,,,,,0,0,,
14.060,0.5000,0.5000,,,,,0,0,,
14.099,0.5000,0.5000,,,,,0,0,,
14.138,0.5000,0.5000,,,,,0,0,,
14.176,0.5000,0.5000,,,,,0,0,,
14.241,0.5000,0.5000,,,,,0,0,,
14.302,0.5000,0.5000,,,,,0,0,,
14.350,0.5000,0.5000,,,,,0,0,,
14.389,0.5000,0.5000,,,,,0,0,,
14.435,0.5000,0.5000,,,,,0,0,,
14.467,0.5000,0.5000,,,,,0,0,,
14.502,0.5000,0.5000,,,,,0,0,,
14.538,0.5000,0.5000,,,,,0,0,,
14.574,0.5000,0.5000,,,,,0,0,,
14.612,0.5000,0.5000,,,,,0,0,,
14.647,0.5000,0.5000,,,,,0,0,,
14.685,0.5000,0.5000,,,,,0,0,,
14.719,0.5000,0.5000,,,,,0,0,,
14.755,0.5000,0.5000,,,,,0,0,,
14.796,0.5000,0.5000,,,,,0,0,,
14.851,0.5000,0.5000,,,,,0,0,,
14.892,0.5000,0.5000,0.5000,0.5000,-175.25,-7.35,1,0,,
14.932,0.5000,0.5000,,,,,0,0,,
14.978,0.5000,0.5000,,,,,0,0,,
15.029,0.5000,0.5000,,,,,0,0,,
15.073,0.5000,0.5000,,,,,0,0,,
15.108,0.5000,0.5000,,,,,0,0,,
15.157,0.5000,0.5000,,,,,0,0,,
15.197,0.5000,0.5000,,,,,0,0,,
15.233,0.5000,0.5000,,,,,0,0,,
15.266,0.5000,0.5000,,,,,0,0,,
15.307,0.5000,0.5000,,,,,0,0,,
15.359,0.5000,0.5000,,,,,0,0,,
15.400,0.5000,0.5000,,,,,0,0,,
15.432,0.5000,0.5000,,,,,0,0,,
15.466,0.5000,0.5000,,,,,0,0,,
15.499,0.5000,0.5000,,,,,0,0,,
15.538,0.5000,0.5000,,,,,0,0,,
15.579,0.5000,0.5000,,,,,0,0,,
15.620,0.5000,0.5000,,,,,0,0,,
15.655,0.5000,0.5000,,,,,0,0,,
15.688,0.5000,0.5000,,,,,0,0,,
15.723,0.5000,0.5000,,,,,0,0,,
15.761,0.5000,0.5000,,,,,0,0,,
15.797,0.5000,0.5000,,,,,0,0,,
15.836,0.5000,0.5000,,,,,0,0,,
15.869,0.5000,0.5000,,,,,0,0,,
15.913,0.5000,0.5000,,,,,0,0,,
15.954,0.5000,0.5000,,,,,0,0,,
16.002,0.5000,0.5000,,,,,0,0,,
16.039,0.5000,0.5000,,,,,0,0,,
16.082,0.5000,0.5000,,,,,0,0,,
16.138,0.5000,0.5000,,,,,0,0,,
16.190,0.5000,0.5000,,,,,0,0,,
16.221,0.5000,0.5000,,,,,0,0,,
16.259,0.5000,0.5000,,,,,0,0,,
16.296,0.5000,0.5000,,,,,0,0,,
16.330,0.5000,0.5000,,,,,0,0,,
16.369,0.5000,0.5000,,,,,0,0,,
16.429,0.5000,0.5000,,,,,0,0,,
16.467,0.5000,0.5000,,,,,0,0,,
16.508,0.5000,0.5000,,,,,0,0,,
16.544,0.5000,0.5000,0.5000,0.5000,-161.53,10.41,1,0,,
16.576,0.5000,0.5000,,,,,0,0,,
16.610,0.5000,0.5000,,,,,0,0,,
16.661,0.5000,0.5000,,,,,0,0,,
16.721,0.5000,0.5000,,,,,0,0,,
16.783,0.5000,0.5000,,,,,0,0,,
16.843,0.5000,0.5000,,,,,0,0,,
16.897,0.5000,0.5000,,,,,0,0,,
16.932,0.5000,0.5000,,,,,0,0,,
16.965,0.5000,0.5000,,,,,0,0,,
17.002,0.5000,0.5000,,,,,0,0,,
17.037,0.5000,0.5000,,,,,0,0,,
17.068,0.5000,0.5000,,,,,0,0,,
17.101,0.5000,0.5000,,,,,0,0,,
17.142,0.5000,0.5000,,,,,0,0,,
17.185,0.5000,0.5000,,,,,0,0,,
17.223,0.5000,0.5000,,,,,0,0,,
17.261,0.5000,0.5000,,,,,0,0,,
17.304,0.5000,0.5000,,,,,0,0,,
17.348,0.5000,0.5000,,,,,0,0,,
17.385,0.5000,0.5000,,,,,0,0,,
17.435,0.5000,0.5000,,,,,0,0,,
17.481,0.5000,0.5000,,,,,0,0,,
17.536,0.5000,0.5000,,,,,0,0,,
17.585,0.5000,0.5000,,,,,0,0,,
17.632,0.5000,0.5000,,,,,0,0,,
17.676,0.5000,0.5000,,,,,0,0,,
17.712,0.5000,0.5000,,,,,0,0,,
17.745,0.5000,0.5000,,,,,0,0,,
17.781,0.5000,0.5000,,,,,0,0,,
17.828,0.5000,0.5000,,,,,0,0,,
17.860,0.5000,0.5000,,,,,0,0,,
17.909,0.5000,0.5000,,,,,0,0,,
17.948,0.5000,0.5000,,,,,0,0,,
17.988,0.5000,0.5000,,,,,0,0,,
18.026,0.5000,0.5000,,,,,0,0,,
18.058,0.5000,0.5000,,,,,0,0,,
18.095,0.5000,0.5000,,,,,0,0,,
18.144,0.5000,0.5000,,,,,0,0,,
18.184,0.5000,0.5000,,,,,0,0,,
18.218,0.5000,0.5000,,,,,0,0,,
18.254,0.5000,0.5000,,,,,0,0,,
18.285,0.5000,0.5000,,,,,0,0,,
18.331,0.5000,0.5000,,,,,0,0,,
18.394,0.5000,0.5000,,,,,0,0,,
18.458,0.5000,0.5000,,,,,0,0,,
18.504,0.5000,0.5000,,,,,0,0,,
18.540,0.5000,0.5000,,,,,0,0,,
18.575,0.5000,0.5000,,,,,0,0,,
18.608,0.5000,0.5000,,,,,0,0,,
18.647,0.5000,0.5000,,,,,0,0,,
18.682,0.5000,0.5000,,,,,0,0,,
18.720,0.5000,0.5000,,,,,0,0,,
18.755,0.5000,0.5000,,,,,0,0,,
18.806,0.5000,0.5000,,,,,0,0,,
18.866,0.5000,0.5000,,,,,0,0,,
18.918,0.5000,0.5000,,,,,0,0,,
18.959,0.5000,0.5000,,,,,0,0,,
18.995,0.5000,0.5000,,,,,0,0,,
19.028,0.5000,0.5000,,,,,0,0,,
19.063,0.5000,0.5000,,,,,0,0,,
19.113,0.5000,0.5000,,,,,0,0,,
19.161,0.5000,0.5000,,,,,0,0,,
19.196,0.5000,0.5000,0.5000,0.5000,-132.96,26.16,1,0,,
19.226,0.5000,0.5000,,,,,0,0,,
19.267,0.5000,0.5000,,,,,0,0,,
19.300,0.5000,0.5000,,,,,0,0,,
19.334,0.5000,0.5000,,,,,0,0,,
19.379,0.5000,0.5000,,,,,0,0,,
19.422,0.5000,0.5000,,,,,0,0,,
19.455,0.5000,0.5000,,,,,0,0,,
19.506,0.5000,0.5000,,,,,0,0,,
19.554,0.5000,0.5000,,,,,0,0,,
19.607,0.5000,0.5000,,,,,0,0,,
19.643,0.5000,0.5000,,,,,0,0,,
19.692,0.5000,0.5000,,,,,0,0,,
19.750,0.5000,0.5000,,,,,0,0,,
19.808,0.5000,0.5000,,,,,0,0,,
19.867,0.5000,0.5000,,,,,0,0,,
19.919,0.5000,0.5000,,,,,0,0,,
19.975,0.5000,0.5000,,,,,0,0,,
20.019,0.5000,0.5000,,,,,0,0,,
20.050,0.5000,0.5000,,,,,0,0,,
20.085,0.5000,0.5000,,,,,0,0,,
20.117,0.5000,0.5000,,,,,0,0,,
20.152,0.5000,0.5000,,,,,0,0,,
20.190,0.5000,0.5000,,,,,0,0,,
20.251,0.5000,0.5000,,,,,0,0,,
20.306,0.5000,0.5000,,,,,0,0,,
20.340,0.5000,0.5000,,,,,0,0,,
20.375,0.5000,0.5000,,,,,0,0,,
20.407,0.5000,0.5000,,,,,0,0,,
20.446,0.5000,0.5000,,,,,0,0,,
20.483,0.5000,0.5000,,,,,0,0,,
20.516,0.5000,0.5000,,,,,0,0,,
20.551,0.5000,0.5000,,,,,0,0,,
20.590,0.5000,0.5000,,,,,0,0,,
20.628,0.5000,0.5000,,,,,0,0,,
20.674,0.5000,0.5000,,,,,0,0,,
20.709,0.5000,0.5000,,,,,0,0,,
20.743,0.5000,0.5000,,,,,0,0,,
20.779,0.5000,0.5000,,,,,0,0,,
20.816,0.5000,0.5000,,,,,0,0,,
20.851,0.5000,0.5000,,,,,0,0,,
20.891,0.5000,0.5000,,,,,0,0,,
20.925,0.5000,0.5000,,,,,0,0,,
20.963,0.5000,0.5000,,,,,0,0,,
20.995,0.5000,0.5000,,,,,0,0,,
21.028,0.5000,0.5000,,,,,0,0,,
21.073,0.5000,0.5000,,,,,0,0,,
21.124,0.5000,0.5000,,,,,0,0,,
21.178,0.5000,0.5000,,,,,0,0,,
21.230,0.5000,0.5000,,,,,0,0,,
21.281,0.5000,0.5000,,,,,0,0,,
21.332,0.5000,0.5000,,,,,0,0,,
21.368,0.5000,0.5000,,,,,0,0,,
21.408,0.5000,0.5000,,,,,0,0,,
21.461,0.5000,0.5000,,,,,0,0,,
21.525,0.5000,0.5000,,,,,0,0,,
21.577,0.5000,0.5000,,,,,0,0,,
21.654,0.5000,0.5000,,,,,0,0,,
21.711,0.5000,0.5000,,,,,0,0,,
21.751,0.5000,0.5000,,,,,0,0,,
21.790,0.5000,0.5000,,,,,0,0,,
21.840,0.5000,0.5000,,,,,0,0,,
21.873,0.5000,0.5000,,,,,0,0,,
21.911,0.5000,0.5000,,,,,0,0,,
21.944,0.5000,0.5000,,,,,0,0,,
21.982,0.5000,0.5000,,,,,0,0,,
22.037,0.5000,0.5000,,,,,0,0,,
22.115,0.5000,0.5000,,,,,0,0,,
22.162,0.5000,0.5000,,,,,0,0,,
22.228,0.5000,0.5000,,,,,0,0,,
22.294,0.5000,0.5000,,,,,0,0,,
22.342,0.5000,0.5000,,,,,0,0,,
22.384,0.5000,0.5000,,,,,0,0,,
22.428,0.5000,0.5000,,,,,0,0,,
22.474,0.5000,0.5000,,,,,0,0,,
22.511,0.5000,0.5000,,,,,0,0,,
22.551,0.5000,0.5000,,,,,0,0,,
22.583,0.5000,0.5000,,,,,0,0,,
22.615,0.5000,0.5000,,,,,0,0,,
22.669,0.5000,0.5000,,,,,0,0,,
22.708,0.5000,0.5000,,,,,0,0,,
22.752,0.5000,0.5000,,,,,0,0,,
22.797,0.5000,0.5000,,,,,0,0,,
22.856,0.5000,0.5000,,,,,0,0,,
22.915,0.5000,0.5000,,,,,0,0,,
22.960,0.5000,0.5000,,,,,0,0,,
22.992,0.5000,0.5000,,,,,0,0,,
23.026,0.5000,0.5000,,,,,0,0,,
23.064,0.5000,0.5000,,,,,0,0,,
23.098,0.5000,0.5000,,,,,0,0,,
23.133,0.5000,0.5000,,,,,0,0,,
23.166,0.5000,0.5000,,,,,0,0,,
23.198,0.5000,0.5000,,,,,0,0,,
23.233,0.5000,0.5000,,,,,0,0,,
23.286,0.5000,0.5000,,,,,0,0,,
23.349,0.5000,0.5000,,,,,0,0,,
23.387,0.5000,0.5000,,,,,0,0,,
23.444,0.5000,0.5000,,,,,0,0,,
23.503,0.5000,0.5000,,,,,0,0,,
23.560,0.5000,0.5000,,,,,0,0,,
23.598,0.5000,0.5000,,,,,0,0,,
23.640,0.5000,0.5000,,,,,0,0,,
23.682,0.5000,0.5000,,,,,0,0,,
23.720,0.5000,0.5000,,,,,0,0,,
23.760,0.5000,0.5000,,,,,0,0,,
23.802,0.5000,0.5000,,,,,0,0,,
23.840,0.5000,0.5000,,,,,0,0,,
23.900,0.5000,0.5000,,,,,0,0,,
23.946,0.5000,0.5000,,,,,0,0,,
23.994,0.5000,0.5000,,,,,0,0,,
24.035,0.5000,0.5000,,,,,0,0,,
24.072,0.5000,0.5000,,,,,0,0,,
24.112,0.5000,0.5000,,,,,0,0,,
24.152,0.5000,0.5000,,,,,0,0,,
24.211,0.5000,0.5000,,,,,0,0,,
24.262,0.5000,0.5000,,,,,0,0,,
24.312,0.5000,0.5000,,,,,0,0,,
24.348,0.5000,0.5000,,,,,0,0,,
24.382,0.5000,0.5000,,,,,0,0,,
24.441,0.5000,0.5000,,,,,0,0,,
24.495,0.5000,0.5000,,,,,0,0,,
24.539,0.5000,0.5000,,,,,0,0,,
24.578,0.5000,0.5000,,,,,0,0,,
24.614,0.5000,0.5000,0.5000,0.5000,-163.85,9.49,1,0,,
24.643,0.5000,0.5000,,,,,0,0,,
24.682,0.5000,0.5000,,,,,0,0,,
24.714,0.5000,0.5000,,,,,0,0,,
24.768,0.5000,0.5000,,,,,0,0,,
24.811,0.5000,0.5000,,,,,0,0,,
24.867,0.5000,0.5000,0.5000,0.5000,-162.92,-18.46,1,0,,
24.926,0.5000,0.5000,,,,,0,0,,
24.969,0.5000,0.5000,,,,,0,0,,
25.025,0.5000,0.5000,,,,,0,0,,
25.093,0.5000,0.5000,,,,,0,0,,
25.156,0.5000,0.5000,,,,,0,0,,
25.197,0.5000,0.5000,,,,,0,0,,
25.238,0.5000,0.5000,,,,,0,0,,
25.302,0.5000,0.5000,,,,,0,0,,
25.348,0.5000,0.5000,,,,,0,0,,
25.381,0.5000,0.5000,,,,,0,0,,
25.413,0.5000,0.5000,,,,,0,0,,
25.447,0.5000,0.5000,,,,,0,0,,
25.507,0.5000,0.5000,,,,,0,0,,
25.545,0.5000,0.5000,,,,,0,0,,
25.577,0.5000,0.5000,,,,,0,0,,
25.613,0.5000,0.5000,,,,,0,0,,
25.666,0.5000,0.5000,,,,,0,0,,
25.697,0.5000,0.5000,,,,,0,0,,
25.737,0.5000,0.5000,,,,,0,0,,
25.774,0.5000,0.5000,,,,,0,0,,
25.815,0.5000,0.5000,,,,,0,0,,
25.848,0.5000,0.5000,,,,,0,0,,
25.881,0.5000,0.5000,,,,,0,0,,
25.921,0.5000,0.5000,,,,,0,0,,
25.958,0.5000,0.5000,,,,,0,0,,
25.994,0.5000,0.5000,,,,,0,0,,
26.030,0.5000,0.5000,,,,,0,0,,
26.069,0.5000,0.5000,0.5000,0.5000,-142.47,20.30,1,0,,
26.104,0.5000,0.5000,,,,,0,0,,
26.136,0.5000,0.5000,,,,,0,0,,
26.194,0.5000,0.5000,,,,,0,0,,
26.272,0.5000,0.5000,,,,,0,0,,
26.325,0.5000,0.5000,,,,,0,0,,
26.367,0.5000,0.5000,,,,,0,0,,
26.401,0.5000,0.5000,,,,,0,0,,
26.441,0.5000,0.5000,,,,,0,0,,
26.473,0.5000,0.5000,,,,,0,0,,
26.518,0.5000,0.5000,,,,,0,0,,
26.565,0.5000,0.5000,,,,,0,0,,
26.601,0.5000,0.5000,,,,,0,0,,
26.643,0.5000,0.5000,0.5000,0.5000,-147.02,25.34,1,0,,
26.678,0.5000,0.5000,,,,,0,0,,
26.718,0.5000,0.5000,,,,,0,0,,
26.749,0.5000,0.5000,,,,,0,0,,
26.783,0.5000,0.5000,,,,,0,0,,
26.818,0.5000,0.5000,,,,,0,0,,
26.861,0.5000,0.5000,,,,,0,0,,
26.906,0.5000,0.5000,0.5000,0.5000,-137.55,25.14,1,0,,
26.935,0.5000,0.5000,,,,,0,0,,
26.971,0.5000,0.5000,,,,,0,0,,
27.017,0.5000,0.5000,0.5000,0.5000,-148.36,24.27,1,0,,
27.063,0.5000,0.5000,,,,,0,0,,
27.107,0.5000,0.5000,,,,,0,0,,
27.156,0.5000,0.5000,,,,,0,0,,
27.201,0.5000,0.5000,,,,,0,0,,
27.251,0.5000,0.5000,,,,,0,0,,
27.300,0.5000,0.5000,,,,,0,0,,
27.341,0.5000,0.5000,,,,,0,0,,
27.384,0.5000,0.5000,,,,,0,0,,
27.424,0.5000,0.5000,,,,,0,0,,
27.462,0.5000,0.5000,,,,,0,0,,
27.522,0.5000,0.5000,0.5000,0.5000,-136.02,19.31,1,0,,
27.558,0.5000,0.5000,,,,,0,0,,
27.595,0.5000,0.5000,0.5000,0.5000,-165.26,10.26,1,0,,
27.630,0.5000,0.5000,0.5000,0.5000,-168.29,10.28,1,0,,
27.661,0.5000,0.5000,,,,,0,0,,
27.708,0.5000,0.5000,,,,,0,0,,
27.754,0.5000,0.5000,0.5000,0.5000,-142.53,23.92,1,0,,
27.788,0.5000,0.5000,0.5000,0.5000,-167.31,12.08,1,0,,
27.817,0.5000,0.5000,,,,,0,0,,
27.861,0.5000,0.5000,,,,,0,0,,
27.919,0.5000,0.5000,0.5000,0.5000,-139.70,20.81,1,0,,
27.955,0.5000,0.5000,0.5000,0.5000,-164.50,12.06,1,0,,
27.996,0.5000,0.5000,0.5000,0.5000,-164.24,12.09,1,0,,
28.056,0.5000,0.5000,0.5000,0.5000,-144.00,20.77,1,0,,
28.095,0.5000,0.5000,0.5000,0.5000,-154.40,23.21,1,0,,
28.126,0.5000,0.5000,,,,,0,0,,
28.176,0.5000,0.5000,0.5000,0.5000,-155.76,26.57,1,0,,
28.215,0.5000,0.5000,0.5000,0.5000,-155.77,23.78,1,0,,
28.253,0.5000,0.5000,,,,,0,0,,
28.305,0.5000,0.5000,,,,,0,0,,
28.341,0.5000,0.5000,,,,,0,0,,
28.392,0.5000,0.5000,,,,,0,0,,
28.450,0.5000,0.5000,,,,,0,0,,
28.501,0.5000,0.5000,,,,,0,0,,
28.538,0.5000,0.5000,,,,,0,0,,
28.571,0.5000,0.5000,,,,,0,0,,
28.612,0.5000,0.5000,,,,,0,0,,
28.645,0.5000,0.5000,,,,,0,0,,
28.682,0.5000,0.5000,0.5000,0.5000,-155.07,22.84,1,0,,
28.715,0.5000,0.5000,,,,,0,0,,
28.759,0.5000,0.5000,,,,,0,0,,
28.793,0.5000,0.5000,,,,,0,0,,
28.833,0.5000,0.5000,,,,,0,0,,
28.869,0.5000,0.5000,,,,,0,0,,
28.917,0.5000,0.5000,0.5000,0.5000,-152.52,24.22,1,0,,
28.960,0.5000,0.5000,0.5000,0.5000,-148.44,22.19,1,0,,
28.994,0.5000,0.5000,,,,,0,0,,
29.070,0.5000,0.5000,0.5000,0.5000,-144.53,25.76,1,0,,
29.117,0.5000,0.5000,0.5000,0.5000,-166.12,10.30,1,0,,
29.149,0.5000,0.5000,,,,,0,0,,
29.197,0.5000,0.5000,0.5000,0.5000,-169.20,13.03,1,0,,
29.235,0.5000,0.5000,,,,,0,0,,
29.286,0.5000,0.5000,,,,,0,0,,
29.344,0.5000,0.5000,,,,,0,0,,
29.387,0.5000,0.5000,0.5000,0.5000,-155.19,30.27,1,0,,
29.422,0.5000,0.5000,0.5000,0.5000,-153.78,25.47,1,0,,
29.480,0.5000,0.5000,,,,,0,0,,
29.530,0.5000,0.5000,0.5000,0.5000,-142.57,22.32,1,0,,
29.578,0.5000,0.5000,,,,,0,0,,
29.637,0.5000,0.5000,0.5000,0.5000,-147.93,24.57,1,0,,
29.684,0.5000,0.5000,,,,,0,0,,
29.736,0.5000,0.5000,0.5000,0.5000,-146.33,24.83,1,0,,
29.773,0.5000,0.5000,,,,,0,0,,
29.822,0.5000,0.5000,0.5000,0.5000,-150.01,28.11,1,0,,
29.886,0.5000,0.5000,0.5000,0.5000,-147.53,21.83,1,0,,
29.930,0.5000,0.5000,0.5000,0.5000,-145.64,23.42,1,0,,
29.963,0.5000,0.5000,0.5000,0.5000,-147.58,23.00,1,0,,
30.004,0.5000,0.5000,,,,,0,0,,
30.042,0.5000,0.5000,,,,,0,0,,
30.097,0.5000,0.5000,,,,,0,0,,
30.132,0.5000,0.5000,0.5000,0.5000,-143.40,21.21,1,0,,
30.174,0.5000,0.5000,0.5000,0.5000,-145.09,21.83,1,0,,
30.235,0.5000,0.5000,0.5000,0.5000,-148.32,26.16,1,0,,
30.299,0.5000,0.5000,0.5000,0.5000,-148.82,24.25,1,0,,
30.347,0.5000,0.5000,0.5000,0.5000,-149.02,25.52,1,0,,
30.386,0.5000,0.5000,0.5000,0.5000,-149.13,24.51,1,0,,
30.421,0.5000,0.5000,0.5000,0.5000,-149.85,24.33,1,0,,
30.476,0.5000,0.5000,,,,,0,0,,
30.520,0.5000,0.5000,0.5000,0.5000,-168.03,14.37,1,0,,
30.549,0.5000,0.5000,,,,,0,0,,
30.606,0.5000,0.5000,0.5000,0.5000,-151.51,21.14,1,0,,
30.658,0.5000,0.5000,,,,,0,0,,
30.702,0.5000,0.5000,0.5000,0.5000,-149.41,29.23,1,0,,
30.742,0.5000,0.5000,0.5000,0.5000,-141.41,23.63,1,0,,
30.780,0.5000,0.5000,0.5000,0.5000,-136.41,19.67,1,0,,
30.825,0.5000,0.5000,0.5000,0.5000,-135.45,19.67,1,0,,
30.864,0.5000,0.5000,0.5000,0.5000,-138.53,19.77,1,0,,
30.905,0.5000,0.5000,0.5000,0.5000,-165.88,13.31,1,0,,
30.948,0.5000,0.5000,0.5000,0.5000,-168.05,12.27,1,0,,
30.992,0.5000,0.5000,0.5000,0.5000,-146.26,20.10,1,0,,
31.030,0.5000,0.5000,,,,,0,0,,
31.073,0.5000,0.5000,,,,,0,0,,
31.106,0.5000,0.5000,0.5000,0.5000,-164.00,14.24,1,0,,
31.144,0.5000,0.5000,0.5000,0.5000,-141.83,23.59,1,0,,
31.197,0.5000,0.5000,0.5000,0.5000,-145.03,23.72,1,0,,
31.242,0.5000,0.5000,,,,,0,0,,
31.283,0.5000,0.5000,0.5000,0.5000,-165.50,12.62,1,0,,
31.315,0.5000,0.5000,,,,,0,0,,
31.350,0.5000,0.5000,0.5000,0.5000,-144.01,21.93,1,0,,
31.390,0.5000,0.5000,,,,,0,0,,
31.434,0.5000,0.5000,0.5000,0.5000,-148.96,28.81,1,0,,
31.474,0.5000,0.5000,,,,,0,0,,
31.511,0.5000,0.5000,0.5000,0.5000,-136.15,14.43,1,0,,
31.546,0.5000,0.5000,0.5000,0.5000,-155.29,22.53,1,0,,
31.596,0.5000,0.5000,,,,,0,0,,
31.660,0.5000,0.5000,0.5000,0.5000,-153.02,23.66,1,0,,
31.702,0.5000,0.5000,,,,,0,0,,
31.745,0.5000,0.5000,,,,,0,0,,
31.790,0.5000,0.5000,0.5000,0.5000,-141.02,22.31,1,0,,
31.826,0.5000,0.5000,,,,,0,0,,
31.870,0.5000,0.5000,0.5000,0.5000,-149.77,24.28,1,0,,
31.905,0.5000,0.5000,0.5000,0.5000,-150.53,27.51,1,0,,
31.939,0.5000,0.5000,0.5000,0.5000,-150.72,31.05,1,0,,
31.981,0.5000,0.5000,,,,,0,0,,
32.017,0.5000,0.5000,0.5000,0.5000,-144.94,27.16,1,0,,
32.048,0.5000,0.5000,0.5000,0.5000,-145.49,27.35,1,0,,
32.081,0.5000,0.5000,0.5000,0.5000,-146.40,26.37,1,0,,
32.119,0.5000,0.5000,,,,,0,0,,
32.165,0.5000,0.5000,0.5000,0.5000,-144.22,21.73,1,0,,
32.200,0.5000,0.5000,0.5000,0.5000,-138.71,22.18,1,0,,
32.235,0.5000,0.5000,,,,,0,0,,
32.278,0.5000,0.5000,,,,,0,0,,
32.330,0.5000,0.5000,,,,,0,0,,
32.374,0.5000,0.5000,,,,,0,0,,
32.429,0.5000,0.5000,,,,,0,0,,
32.498,0.5000,0.5000,0.5000,0.5000,-163.81,13.94,1,0,,
32.531,0.5000,0.5000,0.5000,0.5000,-163.23,11.87,1,0,,
32.563,0.5000,0.5000,,,,,0,0,,
32.600,0.5000,0.5000,0.5000,0.5000,-163.66,8.74,1,0,,
32.631,0.5000,0.5000,,,,,0,0,,
32.664,0.5000,0.5000,,,,,0,0,,
32.699,0.5000,0.5000,,,,,0,0,,
32.732,0.5000,0.5000,,,,,0,0,,
32.766,0.5000,0.5000,,,,,0,0,,
32.844,0.5000,0.5000,0.5000,0.5000,-164.41,7.70,1,0,,
32.896,0.5000,0.5000,,,,,0,0,,
32.955,0.5000,0.5000,,,,,0,0,,
32.998,0.5000,0.5000,,,,,0,0,,
33.038,0.5000,0.5000,,,,,0,0,,
33.072,0.5000,0.5000,,,,,0,0,,
33.103,0.5000,0.5000,,,,,0,0,,
33.136,0.5000,0.5000,,,,,0,0,,
33.172,0.5000,0.5000,,,,,0,0,,
33.239,0.5000,0.5000,,,,,0,0,,
33.291,0.5000,0.5000,,,,,0,0,,
33.343,0.5000,0.5000,,,,,0,0,,
33.390,0.5000,0.5000,,,,,0,0,,
33.438,0.5000,0.5000,,,,,0,0,,
33.477,0.5000,0.5000,,,,,0,0,,
33.514,0.5000,0.5000,0.5000,0.5000,-166.29,13.18,1,0,,
33.543,0.5000,0.5000,,,,,0,0,,
33.576,0.5000,0.5000,,,,,0,0,,
33.609,0.5000,0.5000,,,,,0,0,,
33.648,0.5000,0.5000,,,,,0,0,,
33.700,0.5000,0.5000,0.5000,0.5000,-169.08,15.65,1,0,,
33.741,0.5000,0.5000,,,,,0,0,,
33.786,0.5000,0.5000,,,,,0,0,,
33.834,0.5000,0.5000,,,,,0,0,,
33.871,0.5000,0.5000,,,,,0,0,,
33.917,0.5000,0.5000,,,,,0,0,,
33.977,0.5000,0.5000,,,,,0,0,,
34.030,0.5000,0.5000,,,,,0,0,,
34.082,0.5000,0.5000,0.5000,0.5000,-164.73,6.79,1,0,,
34.112,0.5000,0.5000,,,,,0,0,,
34.156,0.5000,0.5000,0.5000,0.5000,-165.21,12.38,1,0,,
34.186,0.5000,0.5000,,,,,0,0,,
34.224,0.5000,0.5000,,,,,0,0,,
34.270,0.5000,0.5000,,,,,0,0,,
34.305,0.5000,0.5000,,,,,0,0,,
34.341,0.5000,0.5000,0.5000,0.5000,-161.78,12.28,1,0,,
34.377,0.5000,0.5000,,,,,0,0,,
34.424,0.5000,0.5000,,,,,0,0,,
34.470,0.5000,0.5000,0.5000,0.5000,-139.94,20.36,1,0,,
34.502,0.5000,0.5000,,,,,0,0,,
34.548,0.5000,0.5000,,,,,0,0,,
34.605,0.5000,0.5000,0.5000,0.5000,-163.38,12.48,1,0,,
34.644,0.5000,0.5000,,,,,0,0,,
34.679,0.5000,0.5000,0.5000,0.5000,-163.23,15.43,1,0,,
34.709,0.5000,0.5000,,,,,0,0,,
34.765,0.5000,0.5000,,,,,0,0,,
34.807,0.5000,0.5000,,,,,0,0,,
34.842,0.5000,0.5000,,,,,0,0,,
34.878,0.5000,0.5000,0.5000,0.5000,-160.67,5.70,1,0,,
34.913,0.5000,0.5000,,,,,0,0,,
34.963,0.5000,0.5000,0.5000,0.5000,-140.25,23.54,1,0,,
34.993,0.5000,0.5000,,,,,0,0,,
35.029,0.5000,0.5000,,,,,0,0,,
35.060,0.5000,0.5000,,,,,0,0,,
35.096,0.5000,0.5000,0.5000,0.5000,-163.82,7.63,1,0,,
35.128,0.5000,0.5000,,,,,0,0,,
35.159,0.5000,0.5000,,,,,0,0,,
35.216,0.5000,0.5000,,,,,0,0,,
35.270,0.5000,0.5000,,,,,0,0,,
35.310,0.5000,0.5000,0.5000,0.5000,-167.81,6.39,1,0,,
35.348,0.5000,0.5000,,,,,0,0,,
35.383,0.5000,0.5000,0.5000,0.5000,-164.59,16.70,1,0,,
35.423,0.5000,0.5000,0.5000,0.5000,-146.98,26.61,1,0,,
35.462,0.5000,0.5000,0.5000,0.5000,-165.35,9.27,1,0,,
35.495,0.5000,0.5000,0.5000,0.5000,-167.16,11.45,1,0,,
35.526,0.5000,0.5000,,,,,0,0,,
35.579,0.5000,0.5000,,,,,0,0,,
35.639,0.5000,0.5000,0.5000,0.5000,-169.86,11.37,1,0,,
35.690,0.5000,0.5000,0.5000,0.5000,-155.17,30.15,1,0,,
35.724,0.5000,0.5000,,,,,0,0,,
35.761,0.5000,0.5000,0.5000,0.5000,-151.63,27.62,1,0,,
35.795,0.5000,0.5000,0.5000,0.5000,-156.38,31.30,1,0,,
35.837,0.5000,0.5000,0.5000,0.5000,-155.62,31.73,1,0,,
35.873,0.5000,0.5000,0.5000,0.5000,-153.87,28.72,1,0,,
35.908,0.5000,0.5000,0.5000,0.5000,-152.39,26.73,1,0,,
35.942,0.5000,0.5000,0.5000,0.5000,-152.21,28.86,1,0,,
35.977,0.5000,0.5000,0.5000,0.5000,-151.79,27.69,1,0,,
36.015,0.5000,0.5000,0.5000,0.5000,-153.73,29.47,1,0,,
36.053,0.5000,0.5000,0.5000,0.5000,-154.42,30.62,1,0,,
36.093,0.5000,0.5000,0.5000,0.5000,-153.20,33.11,1,0,,
36.127,0.5000,0.5000,0.5000,0.5000,-153.53,34.34,1,0,,
36.168,0.5000,0.5000,0.5000,0.5000,-157.66,36.24,1,0,,
36.234,0.5000,0.5000,0.5000,0.5000,-157.41,38.66,1,0,,
36.303,0.5000,0.5000,0.5000,0.5000,-157.44,43.06,1,0,,
36.355,0.5000,0.5000,0.5000,0.5000,-158.60,46.03,1,0,,
36.410,0.5000,0.5000,0.5000,0.5000,-174.11,21.82,1,0,,
36.475,0.5000,0.5000,0.5000,0.5000,-174.79,20.64,1,0,,
36.518,0.5000,0.5000,0.5000,0.5000,-174.91,21.72,1,0,,
36.568,0.5000,0.5000,0.5000,0.5000,-174.26,24.67,1,0,,
36.601,0.5000,0.5000,0.5000,0.5000,-175.31,26.27,1,0,,
36.643,0.5000,0.5000,0.5000,0.5000,-174.71,26.20,1,0,,
36.688,0.5000,0.5000,0.5000,0.5000,-174.78,26.02,1,0,,
36.748,0.5000,0.5000,0.5000,0.5000,-174.38,27.35,1,0,,
36.810,0.5000,0.5000,0.5000,0.5000,-163.95,53.09,1,0,,
36.844,0.5000,0.5000,0.5000,0.5000,-174.79,26.28,1,0,,
36.880,0.5000,0.5000,0.5000,0.5000,-164.20,53.80,1,0,,
36.921,0.5000,0.5000,0.5000,0.5000,-165.12,54.80,1,0,,
36.953,0.5000,0.5000,0.5000,0.5000,-166.59,55.55,1,0,,
37.002,0.5000,0.5000,0.5000,0.5000,-166.30,56.36,1,0,,
37.044,0.5000,0.5000,0.5000,0.5000,-176.49,28.58,1,0,,
37.079,0.5000,0.5000,0.5000,0.5000,-177.31,27.04,1,0,,
37.112,0.5000,0.5000,0.5000,0.5000,-177.16,28.15,1,0,,
37.145,0.5000,0.5000,0.5000,0.5000,-176.67,28.44,1,0,,
37.186,0.5000,0.5000,0.5000,0.5000,-165.54,56.02,1,0,,
37.249,0.5000,0.5000,0.5000,0.5000,-167.62,55.92,1,0,,
37.286,0.5000,0.5000,0.5000,0.5000,-165.91,57.87,1,0,,
37.319,0.5000,0.5000,0.5000,0.5000,-168.35,58.19,1,0,,
37.363,0.5000,0.5000,0.5000,0.5000,-169.05,57.52,1,0,,
37.408,0.5000,0.5000,0.5000,0.5000,-173.27,28.07,1,0,,
37.445,0.5000,0.5000,0.5000,0.5000,-175.44,29.42,1,0,,
37.489,0.5000,0.5000,0.5000,0.5000,-176.36,28.46,1,0,,
37.533,0.5000,0.5000,0.5000,0.5000,-175.23,28.32,1,0,,
37.565,0.5000,0.5000,0.5000,0.5000,-175.41,27.78,1,0,,
37.616,0.5000,0.5000,0.5000,0.5000,-177.09,26.80,1,0,,
37.656,0.5000,0.5000,0.5000,0.5000,-177.27,26.31,1,0,,
37.702,0.5000,0.5000,0.5000,0.5000,-179.27,26.87,1,0,,
37.734,0.5000,0.5000,0.5000,0.5000,-176.71,28.12,1,0,,
37.782,0.5000,0.5000,0.5000,0.5000,-176.05,27.66,1,0,,
37.823,0.5000,0.5000,0.5000,0.5000,-176.49,27.29,1,0,,
37.856,0.5000,0.5000,0.5000,0.5000,-177.42,25.88,1,0,,
37.894,0.5000,0.5000,0.5000,0.5000,-175.77,26.84,1,0,,
37.926,0.5000,0.5000,0.5000,0.5000,-175.94,26.68,1,0,,
37.965,0.5000,0.5000,0.5000,0.5000,-174.99,28.50,1,0,,
38.004,0.5000,0.5000,0.5000,0.5000,-177.96,28.59,1,0,,
38.036,0.5000,0.5000,0.5000,0.5000,-178.02,28.95,1,0,,
38.074,0.5000,0.5000,0.5000,0.5000,-175.79,29.86,1,0,,
38.116,0.5000,0.5000,0.5000,0.5000,-177.50,28.54,1,0,,
38.152,0.5000,0.5000,0.5000,0.5000,-167.32,57.31,1,0,,
38.186,0.5000,0.5000,0.5000,0.5000,-178.71,28.30,1,0,,
38.221,0.5000,0.5000,0.5000,0.5000,-175.55,27.83,1,0,,
38.255,0.5000,0.5000,0.5000,0.5000,-177.07,28.98,1,0,,
38.287,0.5000,0.5000,0.5000,0.5000,-176.25,29.62,1,0,,
38.319,0.5000,0.5000,0.5000,0.5000,-175.97,28.06,1,0,,
38.356,0.5000,0.5000,0.5000,0.5000,-175.46,28.16,1,0,,
38.396,0.5000,0.5000,0.5000,0.5000,-175.63,30.61,1,0,,
38.429,0.5000,0.5000,0.5000,0.5000,-176.79,30.39,1,0,,
38.479,0.5000,0.5000,0.5000,0.5000,-165.92,57.49,1,0,,
38.523,0.5000,0.5000,0.5000,0.5000,-165.26,58.89,1,0,,
38.572,0.5000,0.5000,0.5000,0.5000,-165.37,59.06,1,0,,
38.625,0.5000,0.5000,0.5000,0.5000,-175.39,29.64,1,0,,
38.663,0.5000,0.5000,0.5000,0.5000,-175.73,29.70,1,0,,
38.697,0.5000,0.5000,0.5000,0.5000,-165.69,57.18,1,0,,
38.730,0.5000,0.5000,0.5000,0.5000,-167.18,56.83,1,0,,
38.773,0.5000,0.5000,0.5000,0.5000,-166.63,57.36,1,0,,
38.836,0.5000,0.5000,0.5000,0.5000,-168.64,56.52,1,0,,
38.897,0.5000,0.5000,,,,,0,0,,
38.962,0.5000,0.5000,0.5000,0.5000,-165.76,55.34,1,0,,
38.998,0.5000,0.5000,0.5000,0.5000,-165.37,55.20,1,0,,
39.035,0.5000,0.5000,0.5000,0.5000,-174.80,28.25,1,0,,
39.068,0.5000,0.5000,0.5000,0.5000,-175.15,28.09,1,0,,
39.102,0.5000,0.5000,0.5000,0.5000,-175.52,28.00,1,0,,
39.136,0.5000,0.5000,0.5000,0.5000,-175.17,28.37,1,0,,
39.169,0.5000,0.5000,0.5000,0.5000,-175.61,29.21,1,0,,
39.203,0.5000,0.5000,0.5000,0.5000,-174.79,28.82,1,0,,
39.248,0.5000,0.5000,0.5000,0.5000,-175.21,27.60,1,0,,
39.304,0.5000,0.5000,0.5000,0.5000,-178.61,28.96,1,0,,
39.361,0.5000,0.5000,0.5000,0.5000,-176.36,28.58,1,0,,
39.411,0.5000,0.5000,0.5000,0.5000,-176.70,28.46,1,0,,
39.453,0.5000,0.5000,0.5000,0.5000,-176.94,28.91,1,0,,
39.496,0.5000,0.5000,0.5000,0.5000,-179.12,28.89,1,0,,
39.542,0.5000,0.5000,0.5000,0.5000,-177.38,29.46,1,0,,
39.588,0.5000,0.5000,0.5000,0.5000,-178.01,29.46,1,0,,
39.636,0.5000,0.5000,0.5000,0.5000,-176.67,28.31,1,0,,
39.674,0.5000,0.5000,0.5000,0.5000,-176.32,30.95,1,0,,
39.706,0.5000,0.5000,0.5000,0.5000,-175.09,29.00,1,0,,
39.740,0.5000,0.5000,0.5000,0.5000,-176.40,29.84,1,0,,
39.777,0.5000,0.5000,0.5000,0.5000,-167.44,57.98,1,0,,
39.812,0.5000,0.5000,0.5000,0.5000,-176.46,29.85,1,0,,
39.853,0.5000,0.5000,0.5000,0.5000,-177.41,29.57,1,0,,
39.914,0.5000,0.5000,0.5000,0.5000,-178.87,29.44,1,0,,
39.962,0.5000,0.5000,0.5000,0.5000,-177.14,28.50,1,0,,
40.019,0.5000,0.5000,0.5000,0.5000,-175.41,28.68,1,0,,
40.085,0.5000,0.5000,0.5000,0.5000,-176.87,27.99,1,0,,
40.138,0.5000,0.5000,0.5000,0.5000,-176.74,29.56,1,0,,
40.172,0.5000,0.5000,0.5000,0.5000,-176.81,29.30,1,0,,
40.205,0.5000,0.5000,0.5000,0.5000,-178.18,29.05,1,0,,
40.239,0.5000,0.5000,0.5000,0.5000,-179.93,28.89,1,0,,
40.288,0.5000,0.5000,0.5000,0.5000,-176.46,30.74,1,0,,
40.336,0.5000,0.5000,0.5000,0.5000,-176.24,30.10,1,0,,
40.375,0.5000,0.5000,,,,,0,0,,
40.411,0.5000,0.5000,0.5000,0.5000,178.60,31.41,1,0,,
40.464,0.5000,0.5000,0.5000,0.5000,178.67,30.80,1,0,,
40.524,0.5000,0.5000,0.5000,0.5000,-178.73,28.58,1,0,,
40.573,0.5000,0.5000,0.5000,0.5000,-175.37,29.71,1,0,,
40.613,0.5000,0.5000,0.5000,0.5000,-177.24,29.29,1,0,,
40.662,0.5000,0.5000,0.5000,0.5000,-179.13,30.42,1,0,,
40.699,0.5000,0.5000,,,,,0,0,,
40.749,0.5000,0.5000,0.5000,0.5000,-166.76,59.75,1,0,,
40.785,0.5000,0.5000,0.5000,0.5000,-179.83,29.05,1,0,,
40.831,0.5000,0.5000,0.5000,0.5000,178.83,29.01,1,0,,
40.883,0.5000,0.5000,,,,,0,0,,
40.936,0.5000,0.5000,0.5000,0.5000,-179.74,30.49,1,0,,
40.984,0.5000,0.5000,0.5000,0.5000,-178.43,28.91,1,0,,
41.038,0.5000,0.5000,0.5000,0.5000,-178.65,28.86,1,0,,
41.084,0.5000,0.5000,,,,,0,0,,
41.125,0.5000,0.5000,0.5000,0.5000,176.63,29.23,1,0,,
41.160,0.5000,0.5000,0.5000,0.5000,-179.14,29.85,1,0,,
41.210,0.5000,0.5000,0.5000,0.5000,-179.64,32.32,1,0,,
41.244,0.5000,0.5000,0.5000,0.5000,179.42,30.53,1,0,,
41.276,0.5000,0.5000,,,,,0,0,,
41.317,0.5000,0.5000,0.5000,0.5000,178.45,31.87,1,0,,
41.379,0.5000,0.5000,,,,,0,0,,
41.420,0.5000,0.5000,0.5000,0.5000,178.34,28.75,1,0,,
41.452,0.5000,0.5000,0.5000,0.5000,-179.58,29.44,1,0,,
41.481,0.5000,0.5000,,,,,0,0,,
41.519,0.5000,0.5000,0.5000,0.5000,179.72,29.50,1,0,,
41.551,0.5000,0.5000,0.5000,0.5000,179.67,29.23,1,0,,
41.609,0.5000,0.5000,0.5000,0.5000,177.95,29.33,1,0,,
41.659,0.5000,0.5000,,,,,0,0,,
41.695,0.5000,0.5000,0.5000,0.5000,-164.21,59.41,1,0,,
41.733,0.5000,0.5000,0.5000,0.5000,-178.54,31.33,1,0,,
41.778,0.5000,0.5000,,,,,0,0,,
41.818,0.5000,0.5000,0.5000,0.5000,-179.62,28.10,1,0,,
41.859,0.5000,0.5000,0.5000,0.5000,179.76,29.61,1,0,,
41.901,0.5000,0.5000,0.5000,0.5000,-179.13,29.31,1,0,,
41.936,0.5000,0.5000,0.5000,0.5000,-176.91,29.41,1,0,,
41.970,0.5000,0.5000,0.5000,0.5000,-175.70,28.85,1,0,,
42.010,0.5000,0.5000,0.5000,0.5000,-174.64,29.87,1,0,,
42.045,0.5000,0.5000,0.5000,0.5000,-175.24,29.50,1,0,,
42.083,0.5000,0.5000,0.5000,0.5000,-177.36,30.40,1,0,,
42.124,0.5000,0.5000,0.5000,0.5000,-176.83,30.67,1,0,,
42.189,0.5000,0.5000,0.5000,0.5000,-176.92,29.06,1,0,,
42.234,0.5000,0.5000,0.5000,0.5000,-176.23,30.22,1,0,,
42.288,0.5000,0.5000,0.5000,0.5000,-175.88,28.54,1,0,,
42.337,0.5000,0.5000,0.5000,0.5000,-177.36,28.99,1,0,,
42.377,0.5000,0.5000,0.5000,0.5000,-179.11,28.93,1,0,,
42.433,0.5000,0.5000,0.5000,0.5000,-178.06,31.86,1,0,,
42.477,0.5000,0.5000,0.5000,0.5000,-178.26,30.93,1,0,,
42.517,0.5000,0.5000,0.5000,0.5000,-176.66,29.39,1,0,,
42.558,0.5000,0.5000,0.5000,0.5000,-177.96,28.92,1,0,,
42.625,0.5000,0.5000,0.5000,0.5000,-175.40,28.20,1,0,,
42.675,0.5000,0.5000,0.5000,0.5000,-174.49,28.22,1,0,,
42.712,0.5000,0.5000,0.5000,0.5000,-174.87,28.19,1,0,,
42.754,0.5000,0.5000,0.5000,0.5000,-177.08,28.32,1,0,,
42.787,0.5000,0.5000,0.5000,0.5000,-178.57,28.13,1,0,,
42.820,0.5000,0.5000,,,,,0,0,,
42.876,0.5000,0.5000,0.5000,0.5000,-176.99,27.13,1,0,,
42.917,0.5000,0.5000,0.5000,0.5000,-175.64,29.85,1,0,,
42.956,0.5000,0.5000,0.5000,0.5000,-176.42,29.44,1,0,,
42.988,0.5000,0.5000,0.5000,0.5000,-176.02,28.37,1,0,,
43.028,0.5000,0.5000,0.5000,0.5000,-175.71,27.96,1,0,,
43.082,0.5000,0.5000,0.5000,0.5000,-176.35,29.28,1,0,,
43.146,0.5000,0.5000,0.5000,0.5000,-176.44,29.64,1,0,,
43.197,0.5000,0.5000,0.5000,0.5000,-176.94,30.28,1,0,,
43.237,0.5000,0.5000,0.5000,0.5000,-176.25,29.84,1,0,,
43.295,0.5000,0.5000,0.5000,0.5000,-176.85,28.44,1,0,,
43.333,0.5000,0.5000,0.5000,0.5000,-175.44,27.15,1,0,,
43.368,0.5000,0.5000,0.5000,0.5000,-176.94,27.38,1,0,,
43.408,0.5000,0.5000,0.5000,0.5000,-178.32,29.53,1,0,,
43.440,0.5000,0.5000,0.5000,0.5000,-178.10,28.91,1,0,,
43.487,0.5000,0.5000,0.5000,0.5000,-177.06,28.87,1,0,,
43.525,0.5000,0.5000,0.5000,0.5000,-178.36,28.22,1,0,,
43.568,0.5000,0.5000,0.5000,0.5000,-177.94,27.81,1,0,,
43.620,0.5000,0.5000,0.5000,0.5000,-176.53,27.06,1,0,,
43.668,0.5000,0.5000,0.5000,0.5000,-178.12,27.37,1,0,,
43.726,0.5000,0.5000,0.5000,0.5000,-173.53,27.43,1,0,,
43.786,0.5000,0.5000,0.5000,0.5000,-178.33,28.43,1,0,,
43.823,0.5000,0.5000,0.5000,0.5000,-176.90,26.63,1,0,,
43.871,0.5000,0.5000,0.5000,0.5000,-176.40,28.05,1,0,,
43.918,0.5000,0.5000,0.5000,0.5000,-177.57,29.04,1,0,,
43.953,0.5000,0.5000,0.5000,0.5000,-174.38,29.02,1,0,,
43.989,0.5000,0.5000,0.5000,0.5000,-174.57,29.77,1,0,,
44.029,0.5000,0.5000,0.5000,0.5000,-175.95,28.20,1,0,,
44.067,0.5000,0.5000,0.5000,0.5000,-175.82,28.37,1,0,,
44.105,0.5000,0.5000,0.5000,0.5000,-175.66,28.18,1,0,,
44.143,0.5000,0.5000,0.5000,0.5000,-176.83,28.05,1,0,,
44.186,0.5000,0.5000,0.5000,0.5000,-177.32,27.89,1,0,,
44.230,0.5000,0.5000,0.5000,0.5000,-176.61,26.08,1,0,,
44.264,0.5000,0.5000,0.5000,0.5000,-175.54,26.11,1,0,,
44.314,0.5000,0.5000,0.5000,0.5000,-178.02,28.14,1,0,,
44.369,0.5000,0.5000,0.5000,0.5000,-175.55,27.38,1,0,,
44.430,0.5000,0.5000,0.5000,0.5000,-174.31,28.65,1,0,,
44.493,0.5000,0.5000,0.5000,0.5000,-165.46,57.32,1,0,,
44.534,0.5000,0.5000,0.5000,0.5000,-166.58,57.03,1,0,,
44.574,0.5000,0.5000,0.5000,0.5000,-176.75,28.57,1,0,,
44.609,0.5000,0.5000,0.5000,0.5000,-177.42,26.83,1,0,,
44.650,0.5000,0.5000,0.5000,0.5000,-176.59,27.62,1,0,,
44.707,0.5000,0.5000,0.5000,0.5000,-176.50,28.56,1,0,,
44.752,0.5000,0.5000,0.5000,0.5000,-176.57,27.59,1,0,,
44.784,0.5000,0.5000,0.5000,0.5000,-175.87,27.40,1,0,,
44.817,0.5000,0.5000,0.5000,0.5000,-175.59,27.17,1,0,,
44.851,0.5000,0.5000,0.5000,0.5000,-177.62,23.89,1,0,,
44.885,0.5000,0.5000,0.5000,0.5000,-175.79,25.84,1,0,,
44.918,0.5000,0.5000,0.5000,0.5000,-176.46,25.40,1,0,,
44.955,0.5000,0.5000,0.5000,0.5000,-175.99,25.45,1,0,,
44.987,0.5000,0.5000,0.5000,0.5000,-176.78,26.74,1,0,,
45.021,0.5000,0.5000,0.5000,0.5000,-175.38,26.64,1,0,,
45.063,0.5000,0.5000,0.5000,0.5000,-174.64,29.22,1,0,,
45.099,0.5000,0.5000,0.5000,0.5000,-175.87,27.55,1,0,,
45.152,0.5000,0.5000,0.5000,0.5000,-176.54,27.22,1,0,,
45.198,0.5000,0.5000,0.5000,0.5000,-176.86,26.89,1,0,,
45.231,0.5000,0.5000,0.5000,0.5000,-173.54,28.75,1,0,,
45.263,0.5000,0.5000,0.5000,0.5000,-175.45,28.70,1,0,,
45.300,0.5000,0.5000,0.5000,0.5000,-177.14,27.02,1,0,,
45.338,0.5000,0.5000,0.5000,0.5000,-176.05,25.94,1,0,,
45.371,0.5000,0.5000,0.5000,0.5000,-176.12,26.27,1,0,,
45.405,0.5000,0.5000,0.5000,0.5000,-176.43,27.78,1,0,,
45.438,0.5000,0.5000,0.5000,0.5000,-178.74,26.96,1,0,,
45.470,0.5000,0.5000,0.5000,0.5000,-177.66,27.05,1,0,,
45.505,0.5000,0.5000,0.5000,0.5000,-177.84,27.12,1,0,,
45.537,0.5000,0.5000,0.5000,0.5000,-178.42,27.26,1,0,,
45.570,0.5000,0.5000,0.5000,0.5000,-177.14,26.72,1,0,,
45.624,0.5000,0.5000,0.5000,0.5000,-176.84,25.46,1,0,,
45.666,0.5000,0.5000,0.5000,0.5000,-176.41,24.54,1,0,,
45.701,0.5000,0.5000,0.5000,0.5000,-175.81,25.77,1,0,,
45.738,0.5000,0.5000,0.5000,0.5000,-176.72,27.02,1,0,,
45.771,0.5000,0.5000,0.5000,0.5000,-177.87,26.79,1,0,,
45.804,0.5000,0.5000,0.5000,0.5000,-176.99,26.43,1,0,,
45.839,0.5000,0.5000,0.5000,0.5000,-175.90,25.85,1,0,,
45.871,0.5000,0.5000,0.5000,0.5000,-175.98,24.61,1,0,,
45.905,0.5000,0.5000,0.5000,0.5000,-176.06,25.64,1,0,,
45.943,0.5000,0.5000,0.5000,0.5000,-175.23,26.34,1,0,,
46.000,0.5000,0.5000,0.5000,0.5000,-177.47,27.06,1,0,,
46.048,0.5000,0.5000,0.5000,0.5000,-177.38,25.32,1,0,,
46.087,0.5000,0.5000,0.5000,0.5000,-178.29,25.31,1,0,,
46.139,0.5000,0.5000,0.5000,0.5000,-178.04,24.34,1,0,,
46.177,0.5000,0.5000,0.5000,0.5000,-177.93,24.89,1,0,,
46.215,0.5000,0.5000,0.5000,0.5000,-176.00,25.08,1,0,,
46.277,0.5000,0.5000,0.5000,0.5000,-176.10,27.26,1,0,,
46.322,0.5000,0.5000,0.5000,0.5000,-176.86,27.74,1,0,,
46.359,0.5000,0.5000,0.5000,0.5000,-175.85,27.42,1,0,,
46.391,0.5000,0.5000,0.5000,0.5000,-176.31,26.29,1,0,,
46.423,0.5000,0.5000,0.5000,0.5000,-174.59,26.87,1,0,,
46.461,0.5000,0.5000,0.5000,0.5000,-175.26,27.05,1,0,,
46.503,0.5000,0.5000,0.5000,0.5000,-174.91,28.42,1,0,,
46.549,0.5000,0.5000,0.5000,0.5000,-176.15,28.37,1,0,,
46.616,0.5000,0.5000,0.5000,0.5000,-175.98,26.72,1,0,,
46.663,0.5000,0.5000,0.5000,0.5000,-176.03,25.86,1,0,,
46.720,0.5000,0.5000,0.5000,0.5000,-176.11,25.62,1,0,,
46.758,0.5000,0.5000,0.5000,0.5000,-175.71,25.22,1,0,,
46.794,0.5000,0.5000,0.5000,0.5000,-175.14,24.42,1,0,,
46.836,0.5000,0.5000,0.5000,0.5000,-174.89,24.48,1,0,,
46.874,0.5000,0.5000,0.5000,0.5000,-174.59,26.60,1,0,,
46.913,0.5000,0.5000,0.5000,0.5000,-176.07,26.73,1,0,,
46.952,0.5000,0.5000,0.5000,0.5000,-176.74,28.04,1,0,,
46.989,0.5000,0.5000,0.5000,0.5000,-177.10,26.83,1,0,,
47.021,0.5000,0.5000,0.5000,0.5000,-176.12,26.92,1,0,,
47.057,0.5000,0.5000,0.5000,0.5000,-175.11,25.83,1,0,,
47.106,0.5000,0.5000,0.5000,0.5000,-175.39,25.11,1,0,,
47.159,0.5000,0.5000,0.5000,0.5000,-175.97,24.92,1,0,,
47.199,0.5000,0.5000,0.5000,0.5000,-176.55,24.49,1,0,,
47.236,0.5000,0.5000,0.5000,0.5000,-176.21,24.88,1,0,,
47.269,0.5000,0.5000,0.5000,0.5000,-178.08,25.70,1,0,,
47.306,0.5000,0.5000,0.5000,0.5000,-177.90,25.75,1,0,,
47.345,0.5000,0.5000,0.5000,0.5000,-176.61,26.32,1,0,,
47.377,0.5000,0.5000,0.5000,0.5000,-176.48,26.06,1,0,,
47.430,0.5000,0.5000,0.5000,0.5000,-176.16,26.26,1,0,,
47.471,0.5000,0.5000,0.5000,0.5000,-175.62,26.40,1,0,,
47.505,0.5000,0.5000,0.5000,0.5000,-175.62,25.80,1,0,,
47.538,0.5000,0.5000,0.5000,0.5000,-177.34,26.84,1,0,,
47.586,0.5000,0.5000,0.5000,0.5000,-174.30,26.80,1,0,,
47.623,0.5000,0.5000,0.5000,0.5000,-175.99,28.89,1,0,,
47.656,0.5000,0.5000,0.5000,0.5000,-177.08,27.93,1,0,,
47.691,0.5000,0.5000,0.5000,0.5000,-177.04,27.61,1,0,,
47.725,0.5000,0.5000,0.5000,0.5000,-177.12,27.52,1,0,,
47.760,0.5000,0.5000,0.5000,0.5000,-176.81,26.97,1,0,,
47.793,0.5000,0.5000,0.5000,0.5000,-177.27,25.48,1,0,,
47.831,0.5000,0.5000,0.5000,0.5000,-178.09,26.62,1,0,,
47.889,0.5000,0.5000,0.5000,0.5000,-178.75,25.48,1,0,,
47.935,0.5000,0.5000,0.5000,0.5000,-176.94,26.31,1,0,,
47.984,0.5000,0.5000,0.5000,0.5000,-175.87,27.28,1,0,,
48.047,0.5000,0.5000,0.5000,0.5000,-178.14,27.22,1,0,,
48.097,0.5000,0.5000,0.5000,0.5000,-177.42,28.01,1,0,,
48.154,0.5000,0.5000,0.5000,0.5000,-177.35,28.62,1,0,,
48.203,0.5000,0.5000,0.5000,0.5000,-175.09,28.98,1,0,,
48.258,0.5000,0.5000,0.5000,0.5000,-174.73,28.90,1,0,,
48.308,0.5000,0.5000,0.5000,0.5000,-163.39,56.26,1,0,,
48.347,0.5000,0.5000,0.5000,0.5000,-164.05,55.51,1,0,,
48.404,0.5000,0.5000,0.5000,0.5000,-173.75,27.68,1,0,,
48.467,0.5000,0.5000,0.5000,0.5000,-173.55,26.97,1,0,,
48.509,0.5000,0.5000,0.5000,0.5000,-165.72,54.71,1,0,,
48.554,0.5000,0.5000,0.5000,0.5000,-174.73,26.53,1,0,,
48.587,0.5000,0.5000,0.5000,0.5000,-175.47,27.31,1,0,,
48.634,0.5000,0.5000,0.5000,0.5000,-175.67,27.61,1,0,,
48.669,0.5000,0.5000,0.5000,0.5000,-175.37,26.40,1,0,,
48.707,0.5000,0.5000,0.5000,0.5000,-175.04,26.40,1,0,,
48.742,0.5000,0.5000,0.5000,0.5000,-175.33,26.63,1,0,,
48.783,0.5000,0.5000,0.5000,0.5000,-167.61,54.97,1,0,,
48.829,0.5000,0.5000,0.5000,0.5000,-167.57,53.62,1,0,,
48.863,0.5000,0.5000,0.5000,0.5000,-176.05,26.27,1,0,,
48.910,0.5000,0.5000,0.5000,0.5000,-175.61,25.35,1,0,,
48.947,0.5000,0.5000,0.5000,0.5000,-176.67,24.16,1,0,,
48.987,0.5000,0.5000,0.5000,0.5000,-177.71,24.04,1,0,,
49.025,0.5000,0.5000,0.5000,0.5000,-177.38,25.75,1,0,,
49.067,0.5000,0.5000,0.5000,0.5000,-176.87,25.83,1,0,,
49.102,0.5000,0.5000,0.5000,0.5000,-177.62,25.59,1,0,,
49.155,0.5000,0.5000,0.5000,0.5000,-176.42,26.86,1,0,,
49.189,0.5000,0.5000,0.5000,0.5000,-176.24,26.88,1,0,,
49.234,0.5000,0.5000,0.5000,0.5000,-175.62,24.72,1,0,,
49.278,0.5000,0.5000,0.5000,0.5000,-176.18,25.38,1,0,,
49.313,0.5000,0.5000,0.5000,0.5000,-177.86,25.60,1,0,,
49.354,0.5000,0.5000,0.5000,0.5000,-177.24,25.57,1,0,,
49.402,0.5000,0.5000,0.5000,0.5000,-177.60,25.06,1,0,,
49.434,0.5000,0.5000,0.5000,0.5000,-175.35,24.35,1,0,,
49.476,0.5000,0.5000,0.5000,0.5000,-174.42,24.17,1,0,,
49.516,0.5000,0.5000,0.5000,0.5000,-175.88,23.17,1,0,,
49.550,0.5000,0.5000,0.5000,0.5000,-175.65,24.64,1,0,,
49.586,0.5000,0.5000,0.5000,0.5000,-175.65,24.40,1,0,,
49.619,0.5000,0.5000,0.5000,0.5000,-176.77,25.43,1,0,,
49.657,0.5000,0.5000,0.5000,0.5000,-178.36,23.42,1,0,,
49.692,0.5000,0.5000,0.5000,0.5000,-178.02,23.70,1,0,,
49.729,0.5000,0.5000,0.5000,0.5000,-178.75,23.94,1,0,,
49.770,0.5000,0.5000,0.5000,0.5000,-177.78,23.91,1,0,,
49.815,0.5000,0.5000,0.5000,0.5000,-177.32,23.17,1,0,,
49.848,0.5000,0.5000,0.5000,0.5000,-176.99,22.52,1,0,,
49.882,0.5000,0.5000,0.5000,0.5000,-176.41,23.62,1,0,,
49.915,0.5000,0.5000,0.5000,0.5000,-178.23,24.54,1,0,,
49.948,0.5000,0.5000,0.5000,0.5000,-178.74,24.95,1,0,,
49.990,0.5000,0.5000,0.5000,0.5000,-176.98,22.93,1,0,,
50.030,0.5000,0.5000,0.5000,0.5000,-177.66,23.91,1,0,,
50.065,0.5000,0.5000,0.5000,0.5000,-176.59,23.66,1,0,,
50.104,0.5000,0.5000,0.5000,0.5000,-176.93,22.59,1,0,,
50.137,0.5000,0.5000,0.5000,0.5000,-176.36,23.16,1,0,,
50.187,0.5000,0.5000,0.5000,0.5000,-175.21,24.19,1,0,,
50.248,0.5000,0.5000,0.5000,0.5000,-176.30,23.55,1,0,,
50.279,0.5000,0.5000,0.5000,0.5000,-175.91,22.98,1,0,,
50.316,0.5000,0.5000,0.5000,0.5000,-175.60,23.50,1,0,,
50.355,0.5000,0.5000,0.5000,0.5000,-175.16,22.81,1,0,,
50.390,0.5000,0.5000,0.5000,0.5000,-176.20,22.41,1,0,,
50.423,0.5000,0.5000,0.5000,0.5000,-176.15,23.84,1,0,,
50.459,0.5000,0.5000,0.5000,0.5000,-175.61,23.10,1,0,,
50.505,0.5000,0.5000,0.5000,0.5000,-176.72,23.02,1,0,,
50.542,0.5000,0.5000,0.5000,0.5000,-176.39,22.43,1,0,,
50.588,0.5000,0.5000,0.5000,0.5000,-176.68,21.78,1,0,,
50.646,0.5000,0.5000,0.5000,0.5000,-177.12,22.63,1,0,,
50.723,0.5000,0.5000,0.5000,0.5000,-177.18,22.88,1,0,,
50.775,0.5000,0.5000,0.5000,0.5000,-176.27,21.43,1,0,,
50.817,0.5000,0.5000,0.5000,0.5000,-175.80,21.88,1,0,,
50.864,0.5000,0.5000,0.5000,0.5000,-176.08,22.02,1,0,,
50.932,0.5000,0.5000,0.5000,0.5000,-176.36,21.18,1,0,,
50.995,0.5000,0.5000,0.5000,0.5000,-176.15,21.71,1,0,,
51.043,0.5000,0.5000,0.5000,0.5000,-175.25,21.44,1,0,,
51.076,0.5000,0.5000,0.5000,0.5000,-175.04,19.39,1,0,,
51.120,0.5000,0.5000,0.5000,0.5000,-174.28,21.98,1,0,,
51.168,0.5000,0.5000,0.5000,0.5000,-175.26,22.18,1,0,,
51.207,0.5000,0.5000,0.5000,0.5000,-174.29,22.42,1,0,,
51.252,0.5000,0.5000,0.5000,0.5000,-174.71,20.84,1,0,,
51.303,0.5000,0.5000,0.5000,0.5000,-174.74,21.03,1,0,,
51.372,0.5000,0.5000,0.5000,0.5000,-174.51,19.77,1,0,,
51.423,0.5000,0.5000,0.5000,0.5000,-174.01,18.16,1,0,,
51.481,0.5000,0.5000,0.5000,0.5000,-174.57,17.77,1,0,,
51.531,0.5000,0.5000,0.5000,0.5000,-173.82,18.02,1,0,,
51.567,0.5000,0.5000,0.5000,0.5000,-173.89,18.93,1,0,,
51.620,0.5000,0.5000,0.5000,0.5000,-175.45,17.40,1,0,,
51.664,0.5000,0.5000,0.5000,0.5000,-175.40,18.91,1,0,,
51.707,0.5000,0.5000,0.5000,0.5000,-174.93,16.32,1,0,,
51.766,0.5000,0.5000,0.5000,0.5000,-175.98,17.05,1,0,,
51.813,0.5000,0.5000,0.5000,0.5000,-174.94,16.10,1,0,,
51.848,0.5000,0.5000,0.5000,0.5000,-174.34,15.54,1,0,,
51.881,0.5000,0.5000,0.5000,0.5000,-175.02,17.24,1,0,,
51.927,0.5000,0.5000,0.5000,0.5000,-174.95,16.14,1,0,,
51.974,0.5000,0.5000,0.5000,0.5000,-174.91,17.28,1,0,,
52.014,0.5000,0.5000,0.5000,0.5000,-173.56,16.44,1,0,,
52.047,0.5000,0.5000,0.5000,0.5000,-172.91,16.85,1,0,,
52.097,0.5000,0.5000,0.5000,0.5000,-161.87,24.32,1,0,,
52.153,0.5000,0.5000,0.5000,0.5000,-173.59,17.62,1,0,,
52.208,0.5000,0.5000,0.5000,0.5000,-174.07,18.31,1,0,,
52.246,0.5000,0.5000,0.5000,0.5000,-174.89,16.14,1,0,,
52.282,0.5000,0.5000,0.5000,0.5000,-173.98,19.44,1,0,,
52.319,0.5000,0.5000,0.5000,0.5000,-173.47,19.48,1,0,,
52.371,0.5000,0.5000,0.5000,0.5000,-162.16,24.96,1,0,,
52.419,0.5000,0.5000,0.5000,0.5000,-162.23,26.69,1,0,,
52.469,0.5000,0.5000,0.5000,0.5000,-161.32,27.07,1,0,,
52.516,0.5000,0.5000,0.5000,0.5000,-158.18,23.90,1,0,,
52.558,0.5000,0.5000,0.5000,0.5000,-158.72,24.37,1,0,,
52.595,0.5000,0.5000,0.5000,0.5000,-173.74,17.13,1,0,,
52.632,0.5000,0.5000,0.5000,0.5000,-173.32,17.54,1,0,,
52.677,0.5000,0.5000,0.5000,0.5000,-174.34,17.42,1,0,,
52.716,0.5000,0.5000,0.5000,0.5000,-172.76,16.09,1,0,,
52.757,0.5000,0.5000,0.5000,0.5000,-172.46,14.95,1,0,,
52.798,0.5000,0.5000,0.5000,0.5000,-171.39,14.91,1,0,,
52.840,0.5000,0.5000,0.5000,0.5000,-171.97,13.28,1,0,,
52.879,0.5000,0.5000,0.5000,0.5000,-154.41,15.14,1,0,,
52.917,0.5000,0.5000,0.5000,0.5000,-154.04,14.88,1,0,,
52.950,0.5000,0.5000,0.5000,0.5000,-159.82,16.63,1,0,,
52.988,0.5000,0.5000,0.5000,0.5000,-158.89,18.06,1,0,,
53.020,0.5000,0.5000,0.5000,0.5000,-158.45,17.49,1,0,,
53.054,0.5000,0.5000,0.5000,0.5000,-158.64,18.37,1,0,,
53.094,0.5000,0.5000,0.5000,0.5000,-157.62,17.90,1,0,,
53.127,0.5000,0.5000,0.5000,0.5000,-157.86,18.98,1,0,,
53.166,0.5000,0.5000,0.5000,0.5000,-157.81,19.14,1,0,,
53.199,0.5000,0.5000,0.5000,0.5000,-159.25,17.58,1,0,,
53.232,0.5000,0.5000,0.5000,0.5000,-158.29,17.47,1,0,,
53.265,0.5000,0.5000,0.5000,0.5000,-160.47,19.19,1,0,,
53.324,0.5000,0.5000,0.5000,0.5000,-161.05,19.85,1,0,,
53.373,0.5000,0.5000,0.5000,0.5000,-171.98,13.04,1,0,,
53.414,0.5000,0.5000,0.5000,0.5000,-156.41,17.27,1,0,,
53.471,0.5000,0.5000,0.5000,0.5000,-157.50,17.12,1,0,,
53.518,0.5000,0.5000,0.5000,0.5000,-155.22,18.76,1,0,,
53.570,0.5000,0.5000,0.5000,0.5000,-158.83,17.90,1,0,,
53.616,0.5000,0.5000,0.5000,0.5000,-158.17,15.51,1,0,,
53.653,0.5000,0.5000,0.5000,0.5000,-154.04,18.77,1,0,,
53.689,0.5000,0.5000,0.5000,0.5000,-156.21,18.38,1,0,,
53.722,0.5000,0.5000,0.5000,0.5000,-156.66,19.79,1,0,,
53.763,0.5000,0.5000,0.5000,0.5000,-158.57,20.49,1,0,,
53.805,0.5000,0.5000,0.5000,0.5000,-157.47,21.63,1,0,,
53.842,0.5000,0.5000,0.5000,0.5000,-157.91,20.04,1,0,,
53.889,0.5000,0.5000,0.5000,0.5000,-156.06,19.15,1,0,,
53.930,0.5000,0.5000,0.5000,0.5000,-156.99,18.89,1,0,,
53.972,0.5000,0.5000,0.5000,0.5000,-160.63,19.54,1,0,,
54.010,0.5000,0.5000,0.5000,0.5000,-159.40,19.32,1,0,,
54.049,0.5000,0.5000,0.5000,0.5000,-155.40,18.37,1,0,,
54.082,0.5000,0.5000,0.5000,0.5000,-155.44,19.19,1,0,,
54.120,0.5000,0.5000,0.5000,0.5000,-155.65,19.73,1,0,,
54.161,0.5000,0.5000,0.5000,0.5000,-156.47,19.78,1,0,,
54.205,0.5000,0.5000,0.5000,0.5000,-157.25,21.81,1,0,,
54.254,0.5000,0.5000,0.5000,0.5000,-155.31,17.25,1,0,,
54.300,0.5000,0.5000,0.5000,0.5000,-156.86,20.21,1,0,,
54.343,0.5000,0.5000,0.5000,0.5000,-156.67,21.88,1,0,,
54.392,0.5000,0.5000,0.5000,0.5000,-157.52,22.87,1,0,,
54.440,0.5000,0.5000,0.5000,0.5000,-160.67,23.66,1,0,,
54.478,0.5000,0.5000,0.5000,0.5000,-161.05,22.81,1,0,,
54.509,0.5000,0.5000,0.5000,0.5000,-160.84,22.27,1,0,,
54.562,0.5000,0.5000,0.5000,0.5000,-155.90,22.18,1,0,,
54.618,0.5000,0.5000,0.5000,0.5000,-158.53,21.57,1,0,,
54.660,0.5000,0.5000,0.5000,0.5000,-157.63,26.16,1,0,,
54.697,0.5000,0.5000,0.5000,0.5000,-155.22,23.60,1,0,,
54.739,0.5000,0.5000,0.5000,0.5000,-155.33,21.44,1,0,,
54.785,0.5000,0.5000,0.5000,0.5000,-154.88,21.37,1,0,,
54.827,0.5000,0.5000,0.5000,0.5000,-168.58,15.79,1,0,,
54.877,0.5000,0.5000,0.5000,0.5000,-154.22,20.02,1,0,,
54.918,0.5000,0.5000,0.5000,0.5000,-153.55,20.82,1,0,,
54.954,0.5000,0.5000,0.5000,0.5000,-156.89,21.33,1,0,,
54.988,0.5000,0.5000,0.5000,0.5000,-156.90,21.49,1,0,,
55.023,0.5000,0.5000,0.5000,0.5000,-157.60,22.10,1,0,,
55.063,0.5000,0.5000,0.5000,0.5000,-153.75,19.47,1,0,,
55.107,0.5000,0.5000,0.5000,0.5000,-156.65,22.04,1,0,,
55.138,0.5000,0.5000,0.5000,0.5000,-158.30,25.75,1,0,,
55.173,0.5000,0.5000,0.5000,0.5000,-160.23,28.06,1,0,,
55.210,0.5000,0.5000,0.5000,0.5000,-158.60,27.98,1,0,,
55.245,0.5000,0.5000,0.5000,0.5000,-158.96,28.12,1,0,,
55.276,0.5000,0.5000,0.5000,0.5000,-160.57,27.24,1,0,,
55.315,0.5000,0.5000,0.5000,0.5000,-162.06,28.11,1,0,,
55.348,0.5000,0.5000,0.5000,0.5000,-162.58,27.56,1,0,,
55.406,0.5000,0.5000,0.5000,0.5000,-162.77,30.60,1,0,,
55.451,0.5000,0.5000,0.5000,0.5000,-174.69,19.05,1,0,,
55.502,0.5000,0.5000,0.5000,0.5000,-175.86,24.47,1,0,,
55.570,0.5000,0.5000,0.5000,0.5000,-176.11,26.37,1,0,,
55.618,0.5000,0.5000,0.5000,0.5000,-169.43,40.02,1,0,,
55.667,0.5000,0.5000,0.5000,0.5000,-178.21,28.93,1,0,,
55.716,0.5000,0.5000,0.5000,0.5000,-177.30,28.05,1,0,,
55.758,0.5000,0.5000,0.5000,0.5000,-177.06,28.10,1,0,,
55.791,0.5000,0.5000,0.5000,0.5000,-177.78,27.96,1,0,,
55.852,0.5000,0.5000,0.5000,0.5000,-176.77,29.73,1,0,,
55.895,0.5000,0.5000,0.5000,0.5000,-178.73,30.88,1,0,,
55.947,0.5000,0.5000,0.5000,0.5000,-178.59,30.65,1,0,,
55.990,0.5000,0.5000,0.5000,0.5000,-178.22,29.49,1,0,,
56.033,0.5000,0.5000,0.5000,0.5000,-178.29,29.20,1,0,,
56.067,0.5000,0.5000,0.5000,0.5000,-177.57,28.58,1,0,,
56.122,0.5000,0.5000,0.5000,0.5000,-179.63,23.28,1,0,,
56.174,0.5000,0.5000,0.5000,0.5000,-179.28,22.93,1,0,,
56.216,0.5000,0.5000,0.5000,0.5000,179.43,24.95,1,0,,
56.258,0.5000,0.5000,0.5000,0.5000,179.54,22.60,1,0,,
56.301,0.5000,0.5000,0.5000,0.5000,179.72,24.38,1,0,,
56.354,0.5000,0.5000,0.5000,0.5000,179.54,23.30,1,0,,
56.391,0.5000,0.5000,0.5000,0.5000,-179.49,22.20,1,0,,
56.431,0.5000,0.5000,0.5000,0.5000,-179.06,21.98,1,0,,
56.471,0.5000,0.5000,0.5000,0.5000,-177.07,28.20,1,0,,
56.513,0.5000,0.5000,0.5000,0.5000,-176.27,31.71,1,0,,
56.554,0.5000,0.5000,0.5000,0.5000,-176.84,33.47,1,0,,
56.588,0.5000,0.5000,0.5000,0.5000,-176.85,33.73,1,0,,
56.624,0.5000,0.5000,0.5000,0.5000,-174.59,33.00,1,0,,
56.673,0.5000,0.5000,0.5000,0.5000,-176.06,35.32,1,0,,
56.727,0.5000,0.5000,0.5000,0.5000,-175.57,45.63,1,0,,
56.784,0.5000,0.5000,0.5000,0.5000,-177.57,45.04,1,0,,
56.826,0.5000,0.5000,0.5000,0.5000,-178.15,44.50,1,0,,
56.857,0.5000,0.5000,0.5000,0.5000,-177.91,35.37,1,0,,
56.899,0.5000,0.5000,0.5000,0.5000,-178.60,44.61,1,0,,
56.932,0.5000,0.5000,0.5000,0.5000,-178.88,43.98,1,0,,
56.964,0.5000,0.5000,0.5000,0.5000,-178.08,35.12,1,0,,
56.998,0.5000,0.5000,0.5000,0.5000,-178.41,35.53,1,0,,
57.034,0.5000,0.5000,0.5000,0.5000,-178.55,33.93,1,0,,
57.077,0.5000,0.5000,0.5000,0.5000,-176.58,43.88,1,0,,
57.140,0.5000,0.5000,0.5000,0.5000,-178.09,44.42,1,0,,
57.199,0.5000,0.5000,0.5000,0.5000,-177.35,43.80,1,0,,
57.259,0.5000,0.5000,0.5000,0.5000,-177.49,44.37,1,0,,
57.307,0.5000,0.5000,0.5000,0.5000,-179.89,41.40,1,0,,
57.341,0.5000,0.5000,0.5000,0.5000,-179.70,40.69,1,0,,
57.382,0.5000,0.5000,0.5000,0.5000,-179.17,40.98,1,0,,
57.426,0.5000,0.5000,0.5000,0.5000,-175.10,40.39,1,0,,
57.467,0.5000,0.5000,0.5000,0.5000,-175.49,37.00,1,0,,
57.502,0.5000,0.5000,0.5000,0.5000,-175.52,25.79,1,0,,
57.541,0.5000,0.5000,0.5000,0.5000,-175.49,27.30,1,0,,
57.575,0.5000,0.5000,0.5000,0.5000,-173.18,28.26,1,0,,
57.623,0.5000,0.5000,0.5000,0.5000,-174.01,25.01,1,0,,
57.658,0.5000,0.5000,0.5000,0.5000,-173.19,21.99,1,0,,
57.696,0.5000,0.5000,0.5000,0.5000,-173.78,24.12,1,0,,
57.735,0.5000,0.5000,0.5000,0.5000,-173.52,22.79,1,0,,
57.769,0.5000,0.5000,0.5000,0.5000,-173.46,21.00,1,0,,
57.802,0.5000,0.5000,0.5000,0.5000,-172.19,19.70,1,0,,
57.838,0.5000,0.5000,0.5000,0.5000,-172.76,15.63,1,0,,
57.890,0.5000,0.5000,0.5000,0.5000,-172.61,16.77,1,0,,
57.943,0.5000,0.5000,0.5000,0.5000,-172.87,16.90,1,0,,
57.995,0.5000,0.5000,0.5000,0.5000,-172.77,16.44,1,0,,
58.031,0.5000,0.5000,0.5000,0.5000,-174.21,15.37,1,0,,
58.076,0.5000,0.5000,0.5000,0.5000,-173.93,12.09,1,0,,
58.119,0.5000,0.5000,0.5000,0.5000,-173.76,11.08,1,0,,
58.181,0.5000,0.5000,0.5000,0.5000,-175.02,13.29,1,0,,
58.230,0.5000,0.5000,0.5000,0.5000,-176.06,17.25,1,0,,
58.274,0.5000,0.5000,0.5000,0.5000,-176.55,17.99,1,0,,
58.327,0.5000,0.5000,0.5000,0.5000,-176.54,19.86,1,0,,
58.382,0.5000,0.5000,0.5000,0.5000,-176.60,17.51,1,0,,
58.439,0.5000,0.5000,0.5000,0.5000,-176.77,16.59,1,0,,
58.496,0.5000,0.5000,0.5000,0.5000,-177.35,13.31,1,0,,
58.528,0.5000,0.5000,0.5000,0.5000,-177.49,13.33,1,0,,
58.584,0.5000,0.5000,0.5000,0.5000,-177.50,12.79,1,0,,
58.626,0.5000,0.5000,0.5000,0.5000,-177.62,13.66,1,0,,
58.664,0.5000,0.5000,0.5000,0.5000,-176.77,16.22,1,0,,
58.699,0.5000,0.5000,0.5000,0.5000,-176.95,16.00,1,0,,
58.736,0.5000,0.5000,0.5000,0.5000,-177.27,13.20,1,0,,
58.809,0.5000,0.5000,0.5000,0.5000,-176.29,14.42,1,0,,
58.847,0.5000,0.5000,0.5000,0.5000,-176.69,14.18,1,0,,
58.891,0.5000,0.5000,0.5000,0.5000,-176.24,13.07,1,0,,
58.927,0.5000,0.5000,0.5000,0.5000,-176.06,10.88,1,0,,
58.980,0.5000,0.5000,0.5000,0.5000,-175.77,8.14,1,0,,
59.013,0.5000,0.5000,0.5000,0.5000,-175.51,9.77,1,0,,
59.048,0.5000,0.5000,0.5000,0.5000,-175.55,10.69,1,0,,
59.089,0.5000,0.5000,0.5000,0.5000,-175.92,9.88,1,0,,
59.125,0.5000,0.5000,0.5000,0.5000,-175.92,8.66,1,0,,
59.163,0.5000,0.5000,0.5000,0.5000,-175.80,7.09,1,0,,
59.216,0.5000,0.5000,0.5000,0.5000,-176.27,8.97,1,0,,
59.289,0.5000,0.5000,0.5000,0.5000,-175.96,11.66,1,0,,
59.344,0.5000,0.5000,0.5000,0.5000,-175.92,12.72,1,0,,
59.380,0.5000,0.5000,0.5000,0.5000,-175.87,2.46,1,0,,
59.420,0.5000,0.5000,0.5000,0.5000,-176.51,3.81,1,0,,
59.462,0.5000,0.5000,0.5000,0.5000,-176.48,9.46,1,0,,
59.502,0.5000,0.5000,0.5000,0.5000,-176.33,10.57,1,0,,
59.539,0.5000,0.5000,0.5000,0.5000,-176.10,11.88,1,0,,
59.572,0.5000,0.5000,0.5000,0.5000,-176.33,12.12,1,0,,
59.610,0.5000,0.5000,0.5000,0.5000,-175.96,11.01,1,0,,
59.641,0.5000,0.5000,0.5000,0.5000,-176.68,10.09,1,0,,
59.704,0.5000,0.5000,0.5000,0.5000,-177.52,12.40,1,0,,
59.764,0.5000,0.5000,0.5000,0.5000,-177.32,8.63,1,0,,
59.816,0.5000,0.5000,0.5000,0.5000,-176.93,7.03,1,0,,
59.849,0.5000,0.5000,0.5000,0.5000,-177.07,9.45,1,0,,
59.891,0.5000,0.5000,0.5000,0.5000,-176.96,8.18,1,0,,
59.935,0.5000,0.5000,0.5000,0.5000,-177.07,11.03,1,0,,
60.011,0.5000,0.5000,0.5000,0.5000,-177.42,11.93,1,0,,
60.054,0.5000,0.5000,0.5000,0.5000,-177.61,12.34,1,0,,
60.089,0.5000,0.5000,0.5000,0.5000,-177.45,13.92,1,0,,
60.128,0.5000,0.5000,0.5000,0.5000,-177.25,13.76,1,0,,
60.168,0.5000,0.5000,0.5000,0.5000,-177.10,13.90,1,0,,
60.201,0.5000,0.5000,0.5000,0.5000,-177.41,13.90,1,0,,
60.235,0.5000,0.5000,0.5000,0.5000,-177.44,14.25,1,0,,
60.294,0.5000,0.5000,0.5000,0.5000,-177.57,15.12,1,0,,
60.341,0.5000,0.5000,0.5000,0.5000,-177.59,15.33,1,0,,
60.400,0.5000,0.5000,0.5000,0.5000,-177.66,9.80,1,0,,
60.459,0.5000,0.5000,0.5000,0.5000,-177.31,6.09,1,0,,
60.521,0.5000,0.5000,0.5000,0.5000,-177.42,9.64,1,0,,
60.572,0.5000,0.5000,0.5000,0.5000,-177.42,9.27,1,0,,
60.615,0.5000,0.5000,0.5000,0.5000,-176.53,7.94,1,0,,
60.662,0.5000,0.5000,0.5000,0.5000,-176.98,10.95,1,0,,
60.727,0.5000,0.5000,0.5000,0.5000,-176.57,-2.35,1,0,,
60.767,0.5000,0.5000,0.5000,0.5000,-175.89,-7.00,1,0,,
60.807,0.5000,0.5000,0.5000,0.5000,-175.78,-2.15,1,0,,
60.851,0.5000,0.5000,0.5000,0.5000,-175.76,-0.43,1,0,,
60.887,0.5000,0.5000,0.5000,0.5000,-176.01,1.11,1,0,,
60.920,0.5000,0.5000,0.5000,0.5000,-176.10,2.01,1,0,,
60.959,0.5000,0.5000,0.5000,0.5000,-175.80,-0.01,1,0,,
60.991,0.5000,0.5000,0.5000,0.5000,-175.48,-2.71,1,0,,
61.032,0.5000,0.5000,0.5000,0.5000,-175.76,-0.59,1,0,,
61.071,0.5000,0.5000,0.5000,0.5000,-176.54,3.69,1,0,,
61.103,0.5000,0.5000,0.5000,0.5000,-176.95,6.51,1,0,,
61.154,0.5000,0.5000,0.5000,0.5000,-176.90,7.19,1,0,,
61.206,0.5000,0.5000,0.5000,0.5000,-176.80,9.73,1,0,,
61.239,0.5000,0.5000,0.5000,0.5000,-176.74,10.00,1,0,,
61.276,0.5000,0.5000,0.5000,0.5000,-177.34,6.51,1,0,,
61.327,0.5000,0.5000,0.5000,0.5000,-177.53,6.43,1,0,,
61.384,0.5000,0.5000,0.5000,0.5000,-177.52,7.20,1,0,,
61.433,0.5000,0.5000,0.5000,0.5000,-177.57,9.30,1,0,,
61.464,0.5000,0.5000,0.5000,0.5000,-177.45,9.22,1,0,,
61.499,0.5000,0.5000,0.5000,0.5000,-177.26,10.71,1,0,,
61.542,0.5000,0.5000,0.5000,0.5000,-177.00,11.69,1,0,,
61.589,0.5000,0.5000,0.5000,0.5000,-177.13,9.59,1,0,,
61.630,0.5000,0.5000,0.5000,0.5000,-177.02,9.20,1,0,,
61.681,0.5000,0.5000,0.5000,0.5000,-177.03,10.92,1,0,,
61.718,0.5000,0.5000,0.5000,0.5000,-176.86,12.08,1,0,,
61.756,0.5000,0.5000,0.5000,0.5000,-176.31,10.45,1,0,,
61.790,0.5000,0.5000,0.5000,0.5000,-176.09,12.39,1,0,,
61.827,0.5000,0.5000,0.5000,0.5000,-176.49,9.42,1,0,,
61.866,0.5000,0.5000,0.5000,0.5000,-176.64,8.79,1,0,,
61.904,0.5000,0.5000,0.5000,0.5000,-176.55,6.70,1,0,,
61.949,0.5000,0.5000,0.5000,0.5000,-176.71,6.42,1,0,,
62.000,0.5000,0.5000,0.5000,0.5000,-176.75,12.94,1,0,,
62.036,0.5000,0.5000,0.5000,0.5000,-176.71,15.27,1,0,,
62.087,0.5000,0.5000,0.5000,0.5000,-176.66,15.36,1,0,,
62.122,0.5000,0.5000,0.5000,0.5000,-176.75,14.35,1,0,,
62.156,0.5000,0.5000,0.5000,0.5000,-176.72,13.25,1,0,,
62.222,0.5000,0.5000,0.5000,0.5000,-176.52,14.07,1,0,,
62.264,0.5000,0.5000,0.5000,0.5000,-176.46,15.13,1,0,,
62.312,0.5000,0.5000,0.5000,0.5000,-176.38,17.42,1,0,,
62.356,0.5000,0.5000,0.5000,0.5000,-176.36,18.36,1,0,,
62.413,0.5000,0.5000,0.5000,0.5000,-176.81,17.44,1,0,,
62.469,0.5000,0.5000,0.5000,0.5000,-177.26,16.71,1,0,,
62.533,0.5000,0.5000,0.5000,0.5000,-177.51,11.28,1,0,,
62.594,0.5000,0.5000,0.5000,0.5000,-177.62,8.50,1,0,,
62.646,0.5000,0.5000,0.5000,0.5000,-177.44,7.76,1,0,,
62.708,0.5000,0.5000,0.5000,0.5000,-177.27,9.03,1,0,,
62.744,0.5000,0.5000,0.5000,0.5000,-177.25,9.93,1,0,,
62.779,0.5000,0.5000,0.5000,0.5000,-177.13,11.73,1,0,,
62.823,0.5000,0.5000,0.5000,0.5000,-177.13,10.85,1,0,,
62.882,0.5000,0.5000,0.5000,0.5000,-177.07,10.70,1,0,,
62.924,0.5000,0.5000,0.5000,0.5000,-176.76,12.42,1,0,,
62.964,0.5000,0.5000,0.5000,0.5000,-176.57,13.09,1,0,,
62.998,0.5000,0.5000,0.5000,0.5000,-176.66,13.23,1,0,,
63.031,0.5000,0.5000,0.5000,0.5000,-176.74,13.11,1,0,,
63.075,0.5000,0.5000,0.5000,0.5000,-177.03,14.76,1,0,,
63.114,0.5000,0.5000,0.5000,0.5000,-176.77,12.98,1,0,,
63.155,0.5000,0.5000,0.5000,0.5000,-176.80,12.44,1,0,,
63.192,0.5000,0.5000,0.5000,0.5000,-177.37,9.07,1,0,,
63.256,0.5000,0.5000,0.5000,0.5000,-177.66,11.36,1,0,,
63.317,0.5000,0.5000,0.5000,0.5000,-177.79,12.78,1,0,,
63.377,0.5000,0.5000,0.5000,0.5000,-177.40,13.63,1,0,,
63.426,0.5000,0.5000,0.5000,0.5000,-177.33,13.32,1,0,,
63.493,0.5000,0.5000,0.5000,0.5000,-176.86,14.77,1,0,,
63.544,0.5000,0.5000,0.5000,0.5000,-176.77,14.96,1,0,,
63.591,0.5000,0.5000,0.5000,0.5000,-176.80,14.87,1,0,,
63.632,0.5000,0.5000,0.5000,0.5000,-176.80,15.54,1,0,,
63.676,0.5000,0.5000,0.5000,0.5000,-176.80,10.89,1,0,,
63.711,0.5000,0.5000,0.5000,0.5000,-176.76,8.71,1,0,,
63.758,0.5000,0.5000,0.5000,0.5000,-176.51,12.76,1,0,,
63.794,0.5000,0.5000,0.5000,0.5000,-176.53,11.39,1,0,,
63.844,0.5000,0.5000,0.5000,0.5000,-176.16,9.58,1,0,,
63.904,0.5000,0.5000,0.5000,0.5000,-176.03,9.98,1,0,,
63.964,0.5000,0.5000,0.5000,0.5000,-176.58,11.14,1,0,,
64.006,0.5000,0.5000,0.5000,0.5000,-176.82,12.01,1,0,,
64.049,0.5000,0.5000,0.5000,0.5000,-176.62,6.78,1,0,,
64.084,0.5000,0.5000,0.5000,0.5000,-176.58,7.40,1,0,,
64.131,0.5000,0.5000,0.5000,0.5000,-176.90,10.75,1,0,,
64.166,0.5000,0.5000,0.5000,0.5000,-176.44,13.16,1,0,,
64.207,0.5000,0.5000,0.5000,0.5000,-176.60,13.80,1,0,,
64.243,0.5000,0.5000,0.5000,0.5000,-176.73,13.95,1,0,,
64.282,0.5000,0.5000,0.5000,0.5000,-176.61,13.91,1,0,,
64.315,0.5000,0.5000,0.5000,0.5000,-176.50,14.28,1,0,,
64.358,0.5000,0.5000,0.5000,0.5000,-176.70,13.20,1,0,,
64.404,0.5000,0.5000,0.5000,0.5000,-176.81,12.37,1,0,,
64.465,0.5000,0.5000,0.5000,0.5000,-176.61,12.43,1,0,,
64.513,0.5000,0.5000,0.5000,0.5000,-176.16,11.61,1,0,,
64.581,0.5000,0.5000,0.5000,0.5000,-175.93,15.17,1,0,,
64.634,0.5000,0.5000,0.5000,0.5000,-175.97,15.36,1,0,,
64.684,0.5000,0.5000,0.5000,0.5000,-175.79,15.51,1,0,,
64.737,0.5000,0.5000,0.5000,0.5000,-175.80,12.28,1,0,,
64.771,0.5000,0.5000,0.5000,0.5000,-176.28,14.21,1,0,,
64.807,0.5000,0.5000,0.5000,0.5000,-176.46,14.73,1,0,,
64.851,0.5000,0.5000,0.5000,0.5000,-176.57,13.46,1,0,,
64.889,0.5000,0.5000,0.5000,0.5000,-177.10,9.47,1,0,,
64.946,0.5000,0.5000,0.5000,0.5000,-177.33,7.70,1,0,,
65.004,0.5000,0.5000,0.5000,0.5000,-177.44,8.06,1,0,,
65.050,0.5000,0.5000,0.5000,0.5000,-177.36,9.11,1,0,,
65.103,0.5000,0.5000,0.5000,0.5000,-176.87,7.73,1,0,,
65.176,0.5000,0.5000,0.5000,0.5000,-176.62,15.46,1,0,,
65.224,0.5000,0.5000,0.5000,0.5000,-176.49,10.30,1,0,,
65.282,0.5000,0.5000,0.5000,0.5000,-176.45,16.26,1,0,,
65.336,0.5000,0.5000,0.5000,0.5000,-176.84,17.54,1,0,,
65.375,0.5000,0.5000,0.5000,0.5000,-176.99,17.17,1,0,,
65.415,0.5000,0.5000,0.5000,0.5000,-177.06,15.65,1,0,,
65.469,0.5000,0.5000,0.5000,0.5000,-177.69,14.97,1,0,,
65.508,0.5000,0.5000,0.5000,0.5000,-177.83,14.87,1,0,,
65.545,0.5000,0.5000,0.5000,0.5000,-177.67,10.79,1,0,,
65.587,0.5000,0.5000,0.5000,0.5000,-177.51,11.10,1,0,,
65.628,0.5000,0.5000,0.5000,0.5000,-177.36,12.82,1,0,,
65.665,0.5000,0.5000,0.5000,0.5000,-177.33,12.95,1,0,,
65.702,0.5000,0.5000,0.5000,0.5000,-177.29,10.01,1,0,,
65.758,0.5000,0.5000,0.5000,0.5000,-177.59,9.68,1,0,,
65.796,0.5000,0.5000,0.5000,0.5000,-177.68,12.51,1,0,,
65.832,0.5000,0.5000,0.5000,0.5000,-177.35,5.26,1,0,,
65.871,0.5000,0.5000,0.5000,0.5000,-176.98,0.17,1,0,,
65.905,0.5000,0.5000,0.5000,0.5000,-177.09,3.45,1,0,,
65.950,0.5000,0.5000,0.5000,0.5000,-177.27,10.85,1,0,,
66.022,0.5000,0.5000,0.5000,0.5000,-177.68,8.77,1,0,,
66.064,0.5000,0.5000,0.5000,0.5000,-177.85,7.58,1,0,,
66.103,0.5000,0.5000,0.5000,0.5000,-177.75,4.67,1,0,,
66.165,0.5000,0.5000,0.5000,0.5000,-177.62,2.53,1,0,,
66.207,0.5000,0.5000,0.5000,0.5000,-177.71,5.84,1,0,,
66.258,0.5000,0.5000,0.5000,0.5000,-177.82,7.44,1,0,,
66.306,0.5000,0.5000,0.5000,0.5000,-177.91,7.01,1,0,,
66.340,0.5000,0.5000,0.5000,0.5000,-177.79,11.98,1,0,,
66.393,0.5000,0.5000,0.5000,0.5000,-177.12,13.29,1,0,,
66.438,0.5000,0.5000,0.5000,0.5000,-176.80,13.41,1,0,,
66.486,0.5000,0.5000,0.5000,0.5000,-176.95,12.78,1,0,,
66.529,0.5000,0.5000,0.5000,0.5000,-176.87,12.95,1,0,,
66.571,0.5000,0.5000,0.5000,0.5000,-176.84,13.30,1,0,,
66.612,0.5000,0.5000,0.5000,0.5000,-177.11,12.56,1,0,,
66.674,0.5000,0.5000,0.5000,0.5000,-177.19,10.95,1,0,,
66.709,0.5000,0.5000,0.5000,0.5000,-177.38,10.11,1,0,,
66.761,0.5000,0.5000,0.5000,0.5000,-177.11,10.51,1,0,,
66.818,0.5000,0.5000,0.5000,0.5000,-177.15,11.60,1,0,,
66.867,0.5000,0.5000,0.5000,0.5000,-177.29,8.89,1,0,,
66.914,0.5000,0.5000,0.5000,0.5000,-177.36,7.15,1,0,,
66.982,0.5000,0.5000,0.5000,0.5000,-177.10,8.98,1,0,,
67.035,0.5000,0.5000,0.5000,0.5000,-177.14,10.31,1,0,,
67.089,0.5000,0.5000,0.5000,0.5000,-177.13,10.35,1,0,,
67.156,0.5000,0.5000,0.5000,0.5000,-177.86,12.55,1,0,,
67.214,0.5000,0.5000,0.5000,0.5000,-178.08,12.11,1,0,,
67.246,0.5000,0.5000,0.5000,0.5000,-178.11,12.12,1,0,,
67.288,0.5000,0.5000,0.5000,0.5000,-178.14,10.70,1,0,,
67.325,0.5000,0.5000,0.5000,0.5000,-178.17,10.34,1,0,,
67.358,0.5000,0.5000,0.5000,0.5000,-178.09,10.58,1,0,,
67.394,0.5000,0.5000,0.5000,0.5000,-178.15,11.08,1,0,,
67.431,0.5000,0.5000,0.5000,0.5000,-178.14,12.16,1,0,,
67.466,0.5000,0.5000,0.5000,0.5000,-178.11,12.37,1,0,,
67.500,0.5000,0.5000,0.5000,0.5000,-177.86,12.24,1,0,,
67.543,0.5000,0.5000,0.5000,0.5000,-177.97,15.63,1,0,,
67.580,0.5000,0.5000,0.5000,0.5000,-178.06,17.19,1,0,,
67.637,0.5000,0.5000,0.5000,0.5000,-177.53,13.51,1,0,,
67.686,0.5000,0.5000,0.5000,0.5000,-177.07,12.55,1,0,,
67.743,0.5000,0.5000,0.5000,0.5000,-177.79,6.01,1,0,,
67.808,0.5000,0.5000,0.5000,0.5000,-178.12,6.85,1,0,,
67.862,0.5000,0.5000,0.5000,0.5000,-178.20,9.63,1,0,,
67.921,0.5000,0.5000,0.5000,0.5000,-178.35,8.68,1,0,,
67.962,0.5000,0.5000,0.5000,0.5000,-178.57,10.70,1,0,,
68.000,0.5000,0.5000,0.5000,0.5000,-178.34,10.61,1,0,,
68.059,0.5000,0.5000,0.5000,0.5000,-178.32,9.84,1,0,,
68.112,0.5000,0.5000,0.5000,0.5000,-178.23,11.64,1,0,,
68.148,0.5000,0.5000,0.5000,0.5000,-178.13,11.06,1,0,,
68.195,0.5000,0.5000,0.5000,0.5000,-177.97,10.94,1,0,,
68.239,0.5000,0.5000,0.5000,0.5000,-178.38,11.62,1,0,,
68.272,0.5000,0.5000,0.5000,0.5000,-178.61,12.18,1,0,,
68.307,0.5000,0.5000,0.5000,0.5000,-177.84,12.13,1,0,,
68.351,0.5000,0.5000,0.5000,0.5000,-177.96,13.63,1,0,,
68.384,0.5000,0.5000,0.5000,0.5000,-177.98,13.73,1,0,,
68.428,0.5000,0.5000,0.5000,0.5000,-177.79,12.92,1,0,,
68.486,0.5000,0.5000,0.5000,0.5000,-177.91,14.98,1,0,,
68.532,0.5000,0.5000,0.5000,0.5000,-177.39,15.85,1,0,,
68.578,0.5000,0.5000,0.5000,0.5000,-178.10,13.73,1,0,,
68.612,0.5000,0.5000,0.5000,0.5000,-178.52,13.55,1,0,,
68.663,0.5000,0.5000,0.5000,0.5000,-178.57,12.60,1,0,,
68.706,0.5000,0.5000,0.5000,0.5000,-178.69,12.96,1,0,,
68.739,0.5000,0.5000,0.5000,0.5000,-178.69,13.10,1,0,,
68.793,0.5000,0.5000,0.5000,0.5000,-178.45,12.69,1,0,,
68.855,0.5000,0.5000,0.5000,0.5000,-178.47,14.66,1,0,,
68.915,0.5000,0.5000,0.5000,0.5000,-178.68,14.77,1,0,,
68.969,0.5000,0.5000,0.5000,0.5000,-178.09,13.09,1,0,,
69.005,0.5000,0.5000,0.5000,0.5000,-178.26,13.77,1,0,,
69.043,0.5000,0.5000,0.5000,0.5000,-178.35,13.86,1,0,,
69.080,0.5000,0.5000,0.5000,0.5000,-178.26,13.83,1,0,,
69.119,0.5000,0.5000,0.5000,0.5000,-178.12,13.87,1,0,,
69.150,0.5000,0.5000,0.5000,0.5000,-177.91,13.80,1,0,,
69.207,0.5000,0.5000,0.5000,0.5000,-178.45,12.85,1,0,,
69.268,0.5000,0.5000,0.5000,0.5000,-178.45,12.91,1,0,,
69.334,0.5000,0.5000,0.5000,0.5000,-178.72,10.50,1,0,,
69.377,0.5000,0.5000,0.5000,0.5000,-178.30,10.79,1,0,,
69.445,0.5000,0.5000,0.5000,0.5000,-178.72,10.23,1,0,,
69.500,0.5000,0.5000,0.5000,0.5000,-178.83,10.57,1,0,,
69.556,0.5000,0.5000,0.5000,0.5000,-178.49,9.45,1,0,,
69.606,0.5000,0.5000,0.5000,0.5000,-178.19,9.57,1,0,,
69.657,0.5000,0.5000,0.5000,0.5000,-178.21,9.69,1,0,,
69.704,0.5000,0.5000,0.5000,0.5000,-178.13,11.02,1,0,,
69.742,0.5000,0.5000,0.5000,0.5000,-178.40,11.05,1,0,,
69.773,0.5000,0.5000,0.5000,0.5000,-178.38,10.96,1,0,,
69.816,0.5000,0.5000,0.5000,0.5000,-178.89,11.87,1,0,,
69.849,0.5000,0.5000,0.5000,0.5000,-179.11,12.28,1,0,,
69.882,0.5000,0.5000,0.5000,0.5000,-178.04,13.00,1,0,,
69.934,0.5000,0.5000,0.5000,0.5000,-177.23,13.41,1,0,,
69.969,0.5000,0.5000,0.5000,0.5000,-177.82,13.55,1,0,,
70.001,0.5000,0.5000,0.5000,0.5000,-177.39,12.66,1,0,,
70.046,0.5000,0.5000,0.5000,0.5000,-177.19,12.21,1,0,,
70.079,0.5000,0.5000,0.5000,0.5000,-177.79,10.40,1,0,,
70.112,0.5000,0.5000,0.5000,0.5000,-178.01,9.38,1,0,,
70.147,0.5000,0.5000,0.5000,0.5000,-178.34,9.23,1,0,,
70.178,0.5000,0.5000,0.5000,0.5000,-178.49,9.33,1,0,,
70.210,0.5000,0.5000,0.5000,0.5000,-178.49,9.33,1,0,,
70.247,0.5000,0.5000,0.5000,0.5000,-178.35,8.87,1,0,,
70.284,0.5000,0.5000,0.5000,0.5000,-178.31,8.84,1,0,,
70.319,0.5000,0.5000,0.5000,0.5000,-178.52,9.67,1,0,,
70.370,0.5000,0.5000,0.5000,0.5000,-178.52,11.05,1,0,,
70.410,0.5000,0.5000,0.5000,0.5000,-178.56,10.65,1,0,,
70.473,0.5000,0.5000,0.5000,0.5000,-178.60,11.49,1,0,,
70.534,0.5000,0.5000,0.5000,0.5000,-178.46,10.97,1,0,,
70.568,0.5000,0.5000,0.5000,0.5000,-178.38,10.96,1,0,,
70.610,0.5000,0.5000,0.5000,0.5000,-178.71,11.90,1,0,,
70.657,0.5000,0.5000,0.5000,0.5000,-178.64,14.48,1,0,,
70.691,0.5000,0.5000,0.5000,0.5000,-178.20,14.56,1,0,,
70.731,0.5000,0.5000,0.5000,0.5000,-178.13,14.90,1,0,,
70.774,0.5000,0.5000,0.5000,0.5000,-178.63,13.03,1,0,,
70.834,0.5000,0.5000,0.5000,0.5000,-178.83,14.07,1,0,,
70.880,0.5000,0.5000,0.5000,0.5000,-178.61,12.65,1,0,,
70.945,0.5000,0.5000,0.5000,0.5000,-178.64,12.78,1,0,,
70.996,0.5000,0.5000,0.5000,0.5000,-178.66,12.74,1,0,,
71.029,0.5000,0.5000,0.5000,0.5000,-178.84,10.83,1,0,,
71.062,0.5000,0.5000,0.5000,0.5000,-179.00,10.88,1,0,,
71.112,0.5000,0.5000,0.5000,0.5000,-179.27,10.67,1,0,,
71.145,0.5000,0.5000,0.5000,0.5000,-179.06,11.82,1,0,,
71.181,0.5000,0.5000,0.5000,0.5000,-178.53,13.17,1,0,,
71.254,0.5000,0.5000,0.5000,0.5000,-179.03,12.18,1,0,,
71.295,0.5000,0.5000,0.5000,0.5000,-178.86,11.63,1,0,,
71.329,0.5000,0.5000,0.5000,0.5000,-178.64,13.85,1,0,,
71.366,0.5000,0.5000,0.5000,0.5000,-178.47,14.51,1,0,,
71.398,0.5000,0.5000,0.5000,0.5000,-178.50,11.77,1,0,,
71.432,0.5000,0.5000,0.5000,0.5000,-178.68,9.35,1,0,,
71.479,0.5000,0.5000,0.5000,0.5000,-178.77,11.29,1,0,,
71.516,0.5000,0.5000,0.5000,0.5000,-178.99,13.12,1,0,,
71.550,0.5000,0.5000,0.5000,0.5000,-179.10,13.95,1,0,,
71.585,0.5000,0.5000,0.5000,0.5000,-179.05,13.67,1,0,,
71.627,0.5000,0.5000,0.5000,0.5000,-178.98,13.79,1,0,,
71.660,0.5000,0.5000,0.5000,0.5000,-178.85,12.36,1,0,,
71.720,0.5000,0.5000,0.5000,0.5000,-178.74,11.75,1,0,,
71.756,0.5000,0.5000,0.5000,0.5000,-178.63,11.88,1,0,,
71.793,0.5000,0.5000,0.5000,0.5000,-178.52,13.60,1,0,,
71.851,0.5000,0.5000,0.5000,0.5000,-178.67,11.77,1,0,,
71.901,0.5000,0.5000,0.5000,0.5000,-178.74,9.73,1,0,,
71.933,0.5000,0.5000,0.5000,0.5000,-178.62,12.03,1,0,,
71.970,0.5000,0.5000,0.5000,0.5000,-178.61,11.47,1,0,,
72.006,0.5000,0.5000,0.5000,0.5000,-178.74,11.55,1,0,,
72.039,0.5000,0.5000,0.5000,0.5000,-178.77,11.13,1,0,,
72.075,0.5000,0.5000,0.5000,0.5000,-178.88,10.07,1,0,,
72.107,0.5000,0.5000,0.5000,0.5000,-178.81,11.47,1,0,,
72.141,0.5000,0.5000,0.5000,0.5000,-178.87,11.58,1,0,,
72.182,0.5000,0.5000,0.5000,0.5000,-178.90,14.88,1,0,,
72.220,0.5000,0.5000,0.5000,0.5000,-178.81,14.33,1,0,,
72.252,0.5000,0.5000,0.5000,0.5000,-178.98,14.53,1,0,,
72.312,0.5000,0.5000,0.5000,0.5000,-179.28,14.43,1,0,,
72.368,0.5000,0.5000,0.5000,0.5000,-178.79,13.83,1,0,,
72.401,0.5000,0.5000,0.5000,0.5000,-178.95,13.45,1,0,,
72.437,0.5000,0.5000,0.5000,0.5000,-178.94,13.04,1,0,,
72.471,0.5000,0.5000,0.5000,0.5000,-179.06,11.99,1,0,,
72.508,0.5000,0.5000,0.5000,0.5000,-179.32,6.83,1,0,,
72.558,0.5000,0.5000,0.5000,0.5000,-179.59,4.65,1,0,,
72.615,0.5000,0.5000,0.5000,0.5000,-179.53,9.11,1,0,,
72.652,0.5000,0.5000,0.5000,0.5000,-179.42,10.79,1,0,,
72.687,0.5000,0.5000,0.5000,0.5000,-179.04,9.93,1,0,,
72.729,0.5000,0.5000,0.5000,0.5000,-178.77,9.64,1,0,,
72.772,0.5000,0.5000,0.5000,0.5000,-178.44,9.72,1,0,,
72.836,0.5000,0.5000,0.5000,0.5000,-178.28,9.67,1,0,,
72.878,0.5000,0.5000,0.5000,0.5000,-178.63,8.77,1,0,,
72.919,0.5000,0.5000,0.5000,0.5000,-178.68,8.57,1,0,,
72.951,0.5000,0.5000,0.5000,0.5000,-178.48,8.13,1,0,,
72.986,0.5000,0.5000,0.5000,0.5000,-178.71,8.54,1,0,,
73.020,0.5000,0.5000,0.5000,0.5000,-179.07,6.91,1,0,,
73.069,0.5000,0.5000,0.5000,0.5000,-178.78,6.42,1,0,,
73.113,0.5000,0.5000,0.5000,0.5000,-178.36,8.64,1,0,,
73.159,0.5000,0.5000,0.5000,0.5000,-178.53,7.23,1,0,,
73.203,0.5000,0.5000,0.5000,0.5000,-178.60,6.37,1,0,,
73.245,0.5000,0.5000,0.5000,0.5000,-178.82,5.14,1,0,,
73.279,0.5000,0.5000,0.5000,0.5000,-178.67,5.36,1,0,,
73.384,0.7818,0.8307,0.7818,0.8307,-178.07,5.29,1,1,4.181,0.0722
73.426,0.7763,0.8330,0.7623,0.8388,-178.04,5.85,1,1,4.181,0.0722
73.466,0.7682,0.8149,0.7465,0.7668,-178.34,3.95,1,1,4.181,0.0722
73.508,0.7680,0.7947,0.7676,0.7459,-178.74,2.00,1,1,4.181,0.0722
73.546,0.7812,0.8043,0.8185,0.8313,-179.04,4.40,1,1,4.181,0.0722
73.592,0.7596,0.7802,0.7105,0.7260,-178.79,4.89,1,1,4.181,0.0722
73.642,0.7476,0.7437,0.7226,0.6693,-178.59,5.87,1,1,4.181,0.0722
73.680,0.7756,0.7273,0.8529,0.6832,-179.11,5.63,1,1,4.181,0.0722
73.717,0.8213,0.7805,0.9508,0.9357,-179.16,6.20,1,1,4.181,0.0722
73.753,0.8657,0.8372,0.9874,0.9949,-179.01,8.46,1,1,4.181,0.0722
73.787,0.8691,0.8274,0.8793,0.7975,-178.47,10.19,1,1,4.181,0.0722
73.820,0.8431,0.7885,0.7621,0.6658,-177.99,10.98,1,1,4.181,0.0722
73.854,0.8250,0.7659,0.7685,0.6964,-178.07,10.18,1,1,4.181,0.0722
73.898,0.8079,0.7588,0.7672,0.7419,-178.18,10.88,1,1,4.181,0.0722
73.941,0.7799,0.7551,0.7109,0.7460,-178.34,10.49,1,1,4.181,0.0722
73.983,0.7599,0.7599,0.7108,0.7717,-178.63,10.41,1,1,4.181,0.0722
74.027,0.7078,0.6734,0.5877,0.4750,-178.07,10.73,1,1,4.181,0.0722
74.073,0.6973,0.5600,0.6740,0.3212,-177.81,13.62,1,1,4.181,0.0722
74.111,0.7112,0.5066,0.7490,0.3716,-177.86,13.68,1,1,4.181,0.0722
74.159,0.7392,0.4497,0.7997,0.3387,-177.82,13.49,1,1,4.181,0.0722
74.224,0.7911,0.3966,0.8751,0.3170,-177.71,12.18,1,1,4.181,0.0722
74.268,0.8349,0.4288,0.9363,0.5016,-177.92,13.92,1,1,4.181,0.0722
74.308,0.8741,0.4652,0.9723,0.5582,-178.05,14.58,1,1,4.181,0.0722
74.355,0.8704,0.4417,0.8622,0.3893,-178.06,14.08,1,1,4.181,0.0722
74.402,0.8567,0.3958,0.8269,0.2986,-178.01,14.03,1,1,4.181,0.0722
74.445,0.8815,0.3532,0.9403,0.2549,-177.82,15.55,1,1,4.181,0.0722
74.489,0.8987,0.3146,0.9394,0.2264,-177.78,15.53,1,1,4.181,0.0722
74.527,0.9244,0.2722,0.9927,0.1634,-177.72,16.02,1,1,4.181,0.0722
74.564,0.9267,0.2353,0.9328,0.1399,-177.78,16.01,1,1,4.181,0.0722
74.629,0.9016,0.1864,0.8606,0.1112,-177.34,17.10,1,1,4.181,0.0722
74.692,0.8877,0.1557,0.8646,0.1080,-177.19,16.83,1,1,4.181,0.0722
74.737,0.8679,0.1306,0.8217,0.0752,-177.04,16.77,1,1,4.181,0.0722
74.798,0.8415,0.1066,0.7965,0.0673,-177.11,15.17,1,1,4.181,0.0722
74.841,0.8317,0.0880,0.8076,0.0444,-177.12,14.78,1,1,4.181,0.0722
74.884,0.8276,0.0783,0.8176,0.0557,-177.14,15.09,1,1,4.181,0.0722
74.930,0.7054,0.0940,0.4408,0.1295,-177.42,15.02,1,1,4.181,0.0722
74.969,0.6086,0.1180,0.3769,0.1813,-177.38,14.73,1,1,4.181,0.0722
75.015,0.5059,0.2251,0.2938,0.4656,-177.24,13.49,1,1,4.181,0.0722
75.056,0.4033,0.3059,0.1787,0.4965,-177.38,13.29,1,1,4.181,0.0722
75.103,0.3039,0.3869,0.1113,0.5538,-177.14,14.52,1,1,4.181,0.0722
75.154,0.2516,0.4578,0.1582,0.5896,-177.13,14.46,1,1,4.181,0.0722
75.216,0.2041,0.4818,0.1314,0.5199,-177.05,14.68,1,1,4.181,0.0722
75.253,0.1821,0.4814,0.1267,0.4804,-177.08,14.73,1,1,4.181,0.0722
75.296,0.1647,0.4850,0.1258,0.4935,-177.19,14.66,1,1,4.181,0.0722
75.352,0.1373,0.4978,0.0897,0.5209,-177.24,14.23,1,1,4.181,0.0722
75.398,0.0985,0.4712,0.0159,0.4112,-177.06,13.83,1,1,4.181,0.0722
75.437,0.0752,0.4326,0.0158,0.3258,-177.02,13.51,1,1,4.181,0.0722
75.470,0.0661,0.4000,0.0396,0.3008,-177.12,10.20,1,1,4.181,0.0722
75.505,0.0794,0.3827,0.1174,0.3325,-177.01,6.82,1,1,4.181,0.0722
75.540,0.0940,0.3808,0.1367,0.3752,-176.79,6.29,1,1,4.181,0.0722
75.591,0.1201,0.3612,0.1746,0.3210,-176.90,10.27,1,1,4.181,0.0722
75.638,0.0939,0.3711,0.0365,0.3929,-177.13,12.04,1,1,4.181,0.0722
75.686,0.0596,0.3861,-0.0137,0.4193,-177.16,13.53,1,1,4.181,0.0722
75.729,0.0290,0.3189,-0.0430,0.1608,-176.64,14.11,1,1,4.181,0.0722
75.777,0.0037,0.2736,-0.0720,0.1781,-177.06,13.04,1,1,4.181,0.0722
75.815,0.0000,0.2681,-0.0861,0.2535,-177.33,12.60,1,1,4.181,0.0722
75.848,0.0000,0.2308,-0.1356,0.1188,-177.00,15.08,1,1,4.181,0.0722
75.886,0.0000,0.1889,-0.1033,0.0806,-176.87,15.67,1,1,4.181,0.0722
75.921,0.0000,0.1372,-0.0686,-0.0058,-176.80,15.66,1,1,4.181,0.0722
75.961,0.0000,0.0890,-0.0257,-0.0268,-176.68,15.51,1,1,4.181,0.0722
76.004,0.0294,0.0459,0.1780,-0.1357,-176.31,12.43,1,1,4.181,0.0722
76.064,0.0789,0.0094,0.1644,-0.1994,-176.56,11.80,1,1,4.181,0.0722
76.107,0.1220,0.0000,0.2214,-0.1558,-176.35,12.06,1,1,4.181,0.0722
76.143,0.1488,0.0000,0.2245,-0.1839,-176.33,11.93,1,1,4.181,0.0722
76.182,0.1607,0.0000,0.1917,-0.1490,-176.43,12.22,1,1,4.181,0.0722
76.224,0.1499,0.0000,0.1236,-0.1319,-176.59,12.67,1,1,4.181,0.0722
76.257,0.1723,0.0000,0.2408,-0.1025,-176.09,11.32,1,1,4.181,0.0722
76.301,0.2155,0.0000,0.3148,-0.0877,-175.81,9.90,1,1,4.181,0.0722
76.334,0.2069,0.0000,0.1810,-0.0775,-176.15,10.98,1,1,4.181,0.0722
76.376,0.1779,0.0000,0.1044,-0.0557,-176.48,11.64,1,1,4.181,0.0722
76.424,0.1534,0.0017,0.0994,0.1057,-176.62,10.52,1,1,4.181,0.0722
76.472,0.1292,0.0414,0.0767,0.1270,-176.70,10.55,1,1,4.181,0.0722
76.509,0.1309,0.0523,0.1357,0.0826,-176.79,10.01,1,1,4.181,0.0722
76.554,0.1803,0.0515,0.2970,0.0494,-176.50,5.43,1,1,4.181,0.0722
76.596,0.1972,0.0422,0.2385,0.0192,-176.56,6.38,1,1,4.181,0.0722
76.659,0.1973,0.0488,0.1973,0.0598,-176.59,8.01,1,1,4.181,0.0722
76.713,0.1660,0.1066,0.1050,0.2157,-176.66,10.35,1,1,4.181,0.0722
76.764,0.1600,0.1797,0.1475,0.3246,-176.43,8.33,1,1,4.181,0.0722
76.813,0.1437,0.2245,0.1092,0.3144,-176.32,8.87,1,1,4.181,0.0722
76.872,0.1172,0.3787,0.0700,0.6313,-177.38,10.10,1,1,4.181,0.0722
76.921,0.0662,0.5641,-0.0402,0.9075,-177.49,14.62,1,1,4.181,0.0722
76.990,0.0192,0.5683,-0.0503,0.5741,-177.23,13.17,1,1,4.181,0.0722
77.053,0.0041,0.5399,-0.0202,0.4954,-177.06,12.69,1,1,4.181,0.0722
77.124,0.0044,0.4795,0.0047,0.3932,-177.09,11.61,1,1,4.181,0.0722
77.203,0.0672,0.4625,0.1523,0.4397,-177.01,13.03,1,1,4.181,0.0722
77.269,0.0630,0.4767,0.0562,0.4990,-177.10,13.14,1,1,4.181,0.0722
77.334,0.0587,0.4995,0.0517,0.5359,-176.86,13.67,1,1,4.181,0.0722
77.380,0.0576,0.5075,0.0552,0.5256,-176.72,13.82,1,1,4.181,0.0722
77.426,0.0311,0.5167,-0.0296,0.5377,-176.87,14.64,1,1,4.181,0.0722
77.465,0.0089,0.5274,-0.0670,0.5560,-177.15,15.10,1,1,4.181,0.0722
77.510,0.0000,0.5423,-0.0567,0.5756,-177.01,13.78,1,1,4.181,0.0722
77.576,0.0000,0.5794,-0.0216,0.6384,-177.05,14.48,1,1,4.181,0.0722
77.623,0.0000,0.5799,0.0078,0.5810,-177.00,13.22,1,1,4.181,0.0722
77.665,0.0137,0.5882,0.0673,0.6090,-177.03,10.74,1,1,4.181,0.0722
77.710,0.0431,0.5806,0.1106,0.5630,-176.89,11.87,1,1,4.181,0.0722
77.756,0.0932,0.5664,0.2042,0.5339,-176.85,11.87,1,1,4.181,0.0722
77.813,0.1471,0.5962,0.2426,0.6509,-177.17,7.15,1,1,4.181,0.0722
77.857,0.1587,0.6356,0.1853,0.7271,-177.41,8.63,1,1,4.181,0.0722
77.896,0.1609,0.6754,0.1666,0.7779,-177.49,8.92,1,1,4.181,0.0722
77.935,0.1657,0.7400,0.1784,0.9038,-177.71,11.25,1,1,4.181,0.0722
77.984,0.1639,0.8107,0.1601,0.9503,-177.78,12.14,1,1,4.181,0.0722
78.024,0.1655,0.8658,0.1696,0.9984,-177.91,12.54,1,1,4.181,0.0722
78.064,0.1710,0.9132,0.1850,1.0239,-177.75,12.44,1,1,4.181,0.0722
78.104,0.1552,0.8888,0.1127,0.8274,-177.64,12.22,1,1,4.181,0.0722
78.151,0.1548,0.8755,0.1539,0.8469,-178.05,11.31,1,1,4.181,0.0722
78.188,0.1476,0.8574,0.1269,0.8068,-177.87,11.61,1,1,4.181,0.0722
78.227,0.1740,0.8293,0.2443,0.7541,-178.03,10.96,1,1,4.181,0.0722
78.262,0.1804,0.7755,0.1992,0.6179,-177.40,10.56,1,1,4.181,0.0722
78.301,0.1904,0.7486,0.2174,0.6777,-177.47,9.35,1,1,4.181,0.0722
78.339,0.1661,0.7529,0.0972,0.7648,-177.70,10.37,1,1,4.181,0.0722
78.416,0.1241,0.7611,0.0671,0.7722,-177.49,11.60,1,1,4.181,0.0722
78.460,0.1056,0.7664,0.0625,0.7790,-177.53,12.13,1,1,4.181,0.0722
78.500,0.0900,0.7671,0.0492,0.7689,-177.30,11.72,1,1,4.181,0.0722
78.537,0.0923,0.7445,0.0990,0.6806,-177.27,10.76,1,1,4.181,0.0722
78.578,0.1094,0.7226,0.1525,0.6683,-177.18,9.61,1,1,4.181,0.0722
78.619,0.1292,0.7089,0.1805,0.6745,-177.12,9.95,1,1,4.181,0.0722
78.661,0.1510,0.6939,0.2050,0.6571,-177.05,10.34,1,1,4.181,0.0722
78.700,0.1692,0.6960,0.2174,0.7019,-177.24,13.05,1,1,4.181,0.0722
78.735,0.1506,0.7047,0.0953,0.7301,-176.89,14.11,1,1,4.181,0.0722
78.771,0.1841,0.7548,0.2810,0.9008,-177.38,11.96,1,1,4.181,0.0722
78.831,0.2825,0.7811,0.4473,0.8266,-178.45,11.10,1,1,4.181,0.0722
78.876,0.3291,0.7920,0.4313,0.8169,-177.96,11.67,1,1,4.181,0.0722
78.921,0.3589,0.8082,0.4245,0.8454,-177.54,13.96,1,1,4.181,0.0722
78.960,0.3743,0.7863,0.4131,0.7285,-177.64,9.59,1,1,4.181,0.0722
78.999,0.3829,0.7556,0.4049,0.6725,-177.55,9.04,1,1,4.181,0.0722
79.043,0.3828,0.7262,0.3826,0.6571,-177.56,8.32,1,1,4.181,0.0722
79.081,0.3814,0.7063,0.3777,0.6516,-177.64,7.99,1,1,4.181,0.0722
79.118,0.3732,0.6797,0.3505,0.6078,-177.21,8.01,1,1,4.181,0.0722
79.154,0.3715,0.6536,0.3666,0.5807,-176.85,7.57,1,1,4.181,0.0722
79.195,0.3721,0.6456,0.3735,0.6254,-176.95,8.08,1,1,4.181,0.0722
79.234,0.3780,0.6594,0.3942,0.6962,-176.71,8.87,1,1,4.181,0.0722
79.271,0.3833,0.6667,0.3978,0.6869,-176.63,10.22,1,1,4.181,0.0722
79.307,0.3999,0.6486,0.4483,0.5960,-176.79,9.22,1,1,4.181,0.0722
79.348,0.3993,0.6169,0.3976,0.5375,-176.82,12.06,1,1,4.181,0.0722
79.386,0.4086,0.5964,0.4337,0.5423,-176.88,11.78,1,1,4.181,0.0722
79.428,0.4264,0.5872,0.4698,0.5652,-176.84,13.77,1,1,4.181,0.0722
79.483,0.4570,0.5946,0.5143,0.6084,-176.87,14.12,1,1,4.181,0.0722
79.520,0.4697,0.6108,0.5052,0.6573,-176.95,14.05,1,1,4.181,0.0722
79.558,0.4759,0.6380,0.4925,0.7127,-177.38,14.31,1,1,4.181,0.0722
79.593,0.4810,0.6655,0.4964,0.7487,-177.54,14.18,1,1,4.181,0.0722
79.632,0.4596,0.6782,0.4021,0.7116,-177.40,12.47,1,1,4.181,0.0722
79.674,0.4252,0.6831,0.3400,0.6951,-177.50,10.24,1,1,4.181,0.0722
79.712,0.4065,0.6708,0.3550,0.6366,-177.32,9.66,1,1,4.181,0.0722
79.747,0.3891,0.6477,0.3382,0.5788,-176.75,11.83,1,1,4.181,0.0722
79.786,0.3720,0.6361,0.3268,0.6048,-176.62,13.79,1,1,4.181,0.0722
79.826,0.3854,0.6040,0.4199,0.5222,-176.96,13.52,1,1,4.181,0.0722
79.873,0.4028,0.6030,0.4424,0.6008,-177.15,10.76,1,1,4.181,0.0722
79.910,0.4001,0.6153,0.3923,0.6499,-176.98,12.92,1,1,4.181,0.0722
79.971,0.4003,0.6240,0.4006,0.6389,-176.93,12.96,1,1,4.181,0.0722
80.012,0.4066,0.6243,0.4231,0.6251,-176.94,12.81,1,1,4.181,0.0722
80.047,0.4321,0.6656,0.5077,0.7875,-177.24,13.68,1,1,4.181,0.0722
80.085,0.4436,0.7050,0.4756,0.8114,-177.23,12.75,1,1,4.181,0.0722
80.124,0.4348,0.7316,0.4112,0.7997,-177.25,12.42,1,1,4.181,0.0722
80.165,0.4301,0.7183,0.4183,0.6853,-177.07,11.00,1,1,4.181,0.0722
80.203,0.4294,0.6996,0.4275,0.6487,-176.96,9.45,1,1,4.181,0.0722
80.237,0.4173,0.6980,0.3789,0.6927,-177.47,10.60,1,1,4.181,0.0722
80.274,0.4086,0.7124,0.3840,0.7531,-177.55,11.52,1,1,4.181,0.0722
80.312,0.4113,0.6901,0.4185,0.6281,-176.89,9.85,1,1,4.181,0.0722
80.347,0.4245,0.6586,0.4652,0.5638,-176.70,10.13,1,1,4.181,0.0722
80.387,0.4227,0.5957,0.4180,0.4415,-176.77,10.37,1,1,4.181,0.0722
80.429,0.4138,0.5435,0.3911,0.4186,-176.82,10.57,1,1,4.181,0.0722
80.467,0.3965,0.4932,0.3486,0.3631,-176.98,11.41,1,1,4.181,0.0722
80.504,0.4090,0.4547,0.4446,0.3546,-176.73,7.34,1,1,4.181,0.0722
80.539,0.4208,0.4345,0.4563,0.3779,-176.59,7.79,1,1,4.181,0.0722
80.579,0.4918,0.3705,0.6705,0.2189,-175.94,4.78,1,1,4.181,0.0722
80.622,0.5843,0.3295,0.7918,0.2393,-175.67,6.18,1,1,4.181,0.0722
80.655,0.6211,0.3142,0.7305,0.2685,-175.63,7.94,1,1,4.181,0.0722
80.696,0.6366,0.2867,0.6741,0.2211,-175.86,9.13,1,1,4.181,0.0722
80.748,0.6643,0.2609,0.7160,0.2130,-175.77,9.72,1,1,4.181,0.0722
80.788,0.6884,0.2564,0.7490,0.2449,-175.80,9.15,1,1,4.181,0.0722
80.829,0.6962,0.2587,0.7150,0.2645,-175.76,10.27,1,1,4.181,0.0722
80.867,0.6882,0.2674,0.6669,0.2909,-175.90,11.09,1,1,4.181,0.0722
80.902,0.6821,0.2763,0.6641,0.3023,-175.89,10.98,1,1,4.181,0.0722
80.943,0.6806,0.2827,0.6769,0.2991,-175.78,10.86,1,1,4.181,0.0722
80.978,0.6713,0.2716,0.6435,0.2387,-175.81,11.48,1,1,4.181,0.0722
81.019,0.6724,0.2586,0.6753,0.2260,-175.80,11.60,1,1,4.181,0.0722
81.058,0.6977,0.2484,0.7649,0.2212,-175.71,11.29,1,1,4.181,0.0722
81.100,0.7156,0.2384,0.7592,0.2138,-175.99,9.38,1,1,4.181,0.0722
81.135,0.7251,0.2289,0.7536,0.2009,-175.99,7.40,1,1,4.181,0.0722
81.169,0.7293,0.2240,0.7419,0.2090,-175.82,7.23,1,1,4.181,0.0722
81.234,0.6511,0.1901,0.5235,0.1360,-176.69,10.85,1,1,4.181,0.0722
81.292,0.6234,0.1848,0.5743,0.1754,-176.77,10.94,1,1,4.181,0.0722
81.338,0.6176,0.1846,0.6043,0.1842,-176.76,10.92,1,1,4.181,0.0722
81.374,0.6372,0.1672,0.6955,0.1169,-176.59,9.05,1,1,4.181,0.0722
81.413,0.6654,0.1303,0.7408,0.0346,-176.64,9.73,1,1,4.181,0.0722
81.448,0.7001,0.0995,0.7993,0.0128,-176.49,8.21,1,1,4.181,0.0722
81.489,0.7409,0.0829,0.8427,0.0418,-176.36,6.98,1,1,4.181,0.0722
81.530,0.7509,0.0868,0.7753,0.0964,-176.15,8.73,1,1,4.181,0.0722
81.572,0.7438,0.0946,0.7265,0.1138,-176.01,9.90,1,1,4.181,0.0722
81.612,0.6762,0.0537,0.4996,-0.0879,-176.17,13.47,1,1,4.181,0.0722
81.658,0.6331,0.0215,0.5356,-0.0500,-176.23,12.77,1,1,4.181,0.0722
81.708,0.5862,0.0078,0.4910,-0.0200,-176.32,11.53,1,1,4.181,0.0722
81.745,0.5567,0.0122,0.4768,0.0243,-176.39,10.56,1,1,4.181,0.0722
81.782,0.5527,0.0109,0.5422,0.0075,-175.93,10.32,1,1,4.181,0.0722
81.824,0.5532,0.0000,0.5544,-0.0447,-175.94,10.68,1,1,4.181,0.0722
81.866,0.5251,0.0000,0.4569,-0.1325,-176.03,15.18,1,1,4.181,0.0722
81.906,0.5078,0.0000,0.4641,-0.0803,-176.12,16.30,1,1,4.181,0.0722
81.944,0.5082,0.0000,0.5091,0.0049,-176.24,15.89,1,1,4.181,0.0722
81.985,0.5229,0.0231,0.5606,0.1313,-176.82,15.46,1,1,4.181,0.0722
82.026,0.5524,0.0991,0.6270,0.2821,-177.26,14.84,1,1,4.181,0.0722
82.064,0.5959,0.1326,0.7170,0.2231,-176.57,14.40,1,1,4.181,0.0722
82.115,0.6432,0.1661,0.7367,0.2310,-176.29,15.11,1,1,4.181,0.0722
82.161,0.6641,0.2021,0.7107,0.2810,-176.32,17.00,1,1,4.181,0.0722
82.207,0.7069,0.2427,0.7996,0.3292,-176.54,15.39,1,1,4.181,0.0722
82.264,0.7828,0.2442,0.9160,0.2468,-176.15,15.41,1,1,4.181,0.0722
82.332,0.8672,0.2367,0.9881,0.2256,-176.04,15.41,1,1,4.181,0.0722
82.396,0.9054,0.2376,0.9651,0.2390,-176.02,14.68,1,1,4.181,0.0722
82.449,0.9094,0.2216,0.9167,0.1904,-176.45,13.26,1,1,4.181,0.0722
82.500,0.9341,0.1983,0.9834,0.1494,-176.58,13.73,1,1,4.181,0.0722
82.541,0.9456,0.1820,0.9737,0.1407,-176.66,13.76,1,1,4.181,0.0722
82.599,0.9837,0.1570,1.0510,0.1121,-176.88,11.32,1,1,4.181,0.0722
82.673,1.0000,0.0977,1.0803,0.0156,-176.95,9.64,1,1,4.181,0.0722
82.719,1.0000,0.0830,0.9882,0.0499,-177.15,14.19,1,1,4.181,0.0722
82.774,1.0000,0.0748,1.0397,0.0596,-176.76,14.74,1,1,4.181,0.0722
82.819,1.0000,0.0530,0.9796,0.0034,-176.66,15.04,1,1,4.181,0.0722
82.876,1.0000,0.0485,1.0064,0.0403,-176.50,15.02,1,1,4.181,0.0722
82.933,1.0000,0.0411,1.0365,0.0276,-176.27,11.68,1,1,4.181,0.0722
82.977,0.9684,0.0354,0.8550,0.0222,-176.58,14.52,1,1,4.181,0.0722
83.020,0.9254,0.0554,0.8225,0.1046,-176.85,15.30,1,1,4.181,0.0722
83.070,0.8920,0.1280,0.8236,0.2788,-177.02,15.63,1,1,4.181,0.0722
83.130,0.8617,0.1956,0.8097,0.3109,-177.07,15.55,1,1,4.181,0.0722
83.173,0.8344,0.3356,0.7728,0.6340,-177.59,13.03,1,1,4.181,0.0722
83.212,0.8060,0.4576,0.7314,0.7495,-177.80,10.78,1,1,4.181,0.0722
83.253,0.7683,0.5406,0.6774,0.7234,-177.90,8.83,1,1,4.181,0.0722
83.297,0.7099,0.5496,0.5806,0.5684,-177.77,9.45,1,1,4.181,0.0722
83.337,0.6644,0.5747,0.5539,0.6342,-177.71,10.67,1,1,4.181,0.0722
83.377,0.6258,0.5954,0.5325,0.6447,-177.82,12.06,1,1,4.181,0.0722
83.428,0.5899,0.5630,0.5214,0.5001,-177.71,10.04,1,1,4.181,0.0722
83.468,0.5768,0.5322,0.5447,0.4534,-177.12,9.38,1,1,4.181,0.0722
83.530,0.5740,0.4821,0.5695,0.3965,-176.68,9.94,1,1,4.181,0.0722
83.571,0.6123,0.5156,0.7081,0.5995,-177.21,8.26,1,1,4.181,0.0722
83.628,0.6365,0.5400,0.6816,0.5847,-177.08,8.03,1,1,4.181,0.0722
83.693,0.6963,0.5971,0.7912,0.6855,-177.30,11.97,1,1,4.181,0.0722
83.729,0.7132,0.6198,0.7623,0.6842,-177.26,11.77,1,1,4.181,0.0722
83.765,0.7112,0.6247,0.7052,0.6387,-177.20,10.62,1,1,4.181,0.0722
83.807,0.7142,0.6314,0.7217,0.6474,-177.15,9.48,1,1,4.181,0.0722
83.851,0.7190,0.6396,0.7307,0.6593,-177.21,10.19,1,1,4.181,0.0722
83.891,0.7124,0.6522,0.6953,0.6841,-177.32,9.85,1,1,4.181,0.0722
83.935,0.8156,0.7099,1.0494,0.8410,-177.79,11.65,1,1,4.181,0.0722
84.006,0.7938,0.7408,0.7623,0.7850,-177.73,4.93,1,1,4.181,0.0722
84.071,0.7557,0.7319,0.6940,0.7177,-177.56,3.47,1,1,4.181,0.0722
84.119,0.7635,0.7283,0.7803,0.7206,-177.35,4.04,1,1,4.181,0.0722
84.167,0.7520,0.6843,0.7266,0.5877,-177.07,7.87,1,1,4.181,0.0722
84.200,0.7348,0.6449,0.6805,0.5230,-176.91,9.05,1,1,4.181,0.0722
84.243,0.7137,0.6314,0.6624,0.5990,-176.59,6.59,1,1,4.181,0.0722
84.307,0.6969,0.6031,0.6692,0.5572,-177.02,4.08,1,1,4.181,0.0722
84.351,0.7020,0.5941,0.7140,0.5733,-177.44,6.53,1,1,4.181,0.0722
84.393,0.6997,0.5781,0.6940,0.5390,-177.22,8.41,1,1,4.181,0.0722
84.441,0.7034,0.5692,0.7117,0.5500,-177.22,8.47,1,1,4.181,0.0722
84.508,0.6847,0.5652,0.6555,0.5589,-177.20,9.36,1,1,4.181,0.0722
84.563,0.6355,0.5509,0.5436,0.5240,-177.08,2.14,1,1,4.181,0.0722
84.611,0.6182,0.5443,0.5811,0.5300,-176.88,2.16,1,1,4.181,0.0722
84.671,0.6421,0.5345,0.6841,0.5175,-176.82,2.34,1,1,4.181,0.0722
84.717,0.6512,0.5277,0.6720,0.5123,-177.41,4.90,1,1,4.181,0.0722
84.763,0.6573,0.5467,0.6715,0.5904,-177.15,1.14,1,1,4.181,0.0722
84.807,0.6826,0.5648,0.7435,0.6087,-176.96,1.02,1,1,4.181,0.0722
84.841,0.6642,0.5623,0.6085,0.5546,-176.73,-3.45,1,1,4.181,0.0722
84.900,0.6519,0.5546,0.6297,0.5405,-176.86,-1.86,1,1,4.181,0.0722
84.961,0.6321,0.5665,0.5982,0.5872,-177.29,0.50,1,1,4.181,0.0722
85.010,0.6308,0.5672,0.6280,0.5687,-177.38,0.10,1,1,4.181,0.0722
85.043,0.6401,0.5590,0.6694,0.5331,-177.31,-0.85,1,1,4.181,0.0722
85.090,0.6532,0.5478,0.6833,0.5222,-177.09,0.05,1,1,4.181,0.0722
85.146,0.6873,0.5288,0.7506,0.4932,-177.02,0.41,1,1,4.181,0.0722
85.205,0.7679,0.5208,0.9057,0.5068,-177.10,-0.68,1,1,4.181,0.0722
85.259,0.8220,0.5259,0.9214,0.5358,-177.15,-1.82,1,1,4.181,0.0722
85.299,0.8376,0.5402,0.8765,0.5778,-177.16,-1.36,1,1,4.181,0.0722
85.338,0.8308,0.5504,0.8128,0.5779,-177.14,-3.65,1,1,4.181,0.0722
85.377,0.8262,0.5547,0.8138,0.5666,-177.31,-3.14,1,1,4.181,0.0722
85.412,0.7980,0.5322,0.7146,0.4656,-177.02,-6.45,1,1,4.181,0.0722
85.458,0.7503,0.4879,0.6420,0.3883,-176.84,-8.00,1,1,4.181,0.0722
85.495,0.7247,0.4878,0.6535,0.4875,-176.26,-7.83,1,1,4.181,0.0722
85.554,0.7207,0.5034,0.7138,0.5311,-175.81,-8.20,1,1,4.181,0.0722
85.609,0.7082,0.4995,0.6846,0.4920,-176.01,-7.55,1,1,4.181,0.0722
85.642,0.7008,0.4883,0.6779,0.4532,-176.59,-6.37,1,1,4.181,0.0722
85.680,0.7081,0.4844,0.7280,0.4736,-177.35,0.68,1,1,4.181,0.0722
85.713,0.7058,0.4997,0.6987,0.5486,-177.53,5.12,1,1,4.181,0.0722
85.749,0.6972,0.5079,0.6719,0.5325,-177.28,3.59,1,1,4.181,0.0722
85.787,0.6843,0.5100,0.6482,0.5159,-176.97,1.98,1,1,4.181,0.0722
85.826,0.6913,0.4974,0.7097,0.4644,-176.41,0.94,1,1,4.181,0.0722
85.862,0.7137,0.4942,0.7788,0.4849,-175.87,-1.66,1,1,4.181,0.0722
85.899,0.7281,0.4949,0.7692,0.4968,-175.82,-2.04,1,1,4.181,0.0722
85.937,0.7383,0.4898,0.7663,0.4755,-175.80,-2.24,1,1,4.181,0.0722
85.990,0.7186,0.4948,0.6798,0.5046,-176.11,-2.73,1,1,4.181,0.0722
86.024,0.7032,0.5131,0.6543,0.5713,-175.94,-2.23,1,1,4.181,0.0722
86.063,0.6987,0.5369,0.6868,0.5998,-175.53,-2.36,1,1,4.181,0.0722
86.110,0.6712,0.5573,0.6105,0.6019,-176.55,-3.30,1,1,4.181,0.0722
86.157,0.6292,0.5745,0.5377,0.6121,-176.98,-2.48,1,1,4.181,0.0722
86.233,0.5508,0.6281,0.4458,0.7009,-177.08,4.33,1,1,4.181,0.0722
86.276,0.5249,0.6536,0.4648,0.7133,-176.71,4.25,1,1,4.181,0.0722
86.326,0.4960,0.6817,0.4382,0.7382,-177.06,5.31,1,1,4.181,0.0722
86.371,0.4585,0.6746,0.3754,0.6585,-176.63,5.09,1,1,4.181,0.0722
86.424,0.4513,0.6508,0.4375,0.6039,-176.66,5.38,1,1,4.181,0.0722
86.479,0.4491,0.6642,0.4450,0.6894,-176.56,4.89,1,1,4.181,0.0722
86.525,0.4573,0.6696,0.4761,0.6820,-176.13,5.48,1,1,4.181,0.0722
86.559,0.4675,0.6701,0.4991,0.6716,-176.04,3.85,1,1,4.181,0.0722
86.615,0.4677,0.6720,0.4679,0.6757,-176.24,2.55,1,1,4.181,0.0722
86.663,0.4654,0.6844,0.4606,0.7110,-176.73,3.19,1,1,4.181,0.0722
86.700,0.4602,0.6922,0.4452,0.7144,-176.32,4.51,1,1,4.181,0.0722
86.778,0.4317,0.6715,0.3933,0.6433,-175.89,3.92,1,1,4.181,0.0722
86.828,0.4033,0.6604,0.3456,0.6372,-175.81,5.16,1,1,4.181,0.0722
86.881,0.4314,0.6263,0.4871,0.5593,-175.25,3.31,1,1,4.181,0.0722
86.914,0.4556,0.6281,0.5321,0.6337,-175.20,3.09,1,1,4.181,0.0722
86.953,0.4544,0.6403,0.4510,0.6735,-175.54,4.34,1,1,4.181,0.0722
87.010,0.4533,0.6241,0.4514,0.5942,-175.55,3.47,1,1,4.181,0.0722
87.045,0.4462,0.6234,0.4247,0.6212,-175.58,2.97,1,1,4.181,0.0722
87.093,0.4468,0.6197,0.4481,0.6115,-175.78,3.70,1,1,4.181,0.0722
87.142,0.4442,0.6186,0.4386,0.6163,-175.66,1.87,1,1,4.181,0.0722
87.180,0.4514,0.6088,0.4711,0.5820,-175.52,0.77,1,1,4.181,0.0722
87.214,0.4560,0.5913,0.4706,0.5364,-175.72,4.55,1,1,4.181,0.0722
87.247,0.4527,0.5902,0.4424,0.5869,-175.86,3.24,1,1,4.181,0.0722
87.281,0.4489,0.6073,0.4368,0.6611,-176.12,2.40,1,1,4.181,0.0722
87.315,0.4803,0.6068,0.5765,0.6053,-176.11,3.77,1,1,4.181,0.0722
87.362,0.5493,0.6055,0.6980,0.6025,-175.95,3.76,1,1,4.181,0.0722
87.397,0.6085,0.6125,0.7755,0.6338,-175.40,4.20,1,1,4.181,0.0722
87.448,0.6997,0.6255,0.8687,0.6518,-175.16,2.63,1,1,4.181,0.0722
87.490,0.6910,0.6195,0.6707,0.6046,-175.52,4.01,1,1,4.181,0.0722
87.530,0.6838,0.6327,0.6652,0.6680,-174.95,2.49,1,1,4.181,0.0722
87.565,0.6728,0.6551,0.6413,0.7204,-174.66,-2.71,1,1,4.181,0.0722
87.606,0.6266,0.6451,0.5071,0.6195,-174.92,-0.41,1,1,4.181,0.0722
87.663,0.5752,0.6309,0.4813,0.6046,-174.77,0.14,1,1,4.181,0.0722
87.728,0.6424,0.6402,0.7515,0.6554,-174.00,-4.99,1,1,4.181,0.0722
87.773,0.7134,0.6536,0.8735,0.6849,-173.69,-6.43,1,1,4.181,0.0722
87.815,0.7262,0.6589,0.7568,0.6719,-174.07,-1.97,1,1,4.181,0.0722
87.852,0.7383,0.6547,0.7720,0.6426,-173.93,-1.12,1,1,4.181,0.0722
87.891,0.6820,0.6919,0.5321,0.7882,-174.24,-0.97,1,1,4.181,0.0722
87.935,0.5826,0.7260,0.3548,0.8053,-174.58,0.84,1,1,4.181,0.0722
87.973,0.5199,0.7312,0.3554,0.7455,-174.97,4.09,1,1,4.181,0.0722
88.028,0.5056,0.7079,0.4799,0.6637,-175.18,4.47,1,1,4.181,0.0722
88.083,0.5132,0.7194,0.5272,0.7412,-174.89,5.40,1,1,4.181,0.0722
88.121,0.5275,0.7194,0.5663,0.7196,-174.59,3.84,1,1,4.181,0.0722
88.163,0.5255,0.6984,0.5207,0.6460,-174.82,4.81,1,1,4.181,0.0722
88.202,0.5030,0.6860,0.4434,0.6524,-175.05,5.20,1,1,4.181,0.0722
88.244,0.4597,0.6906,0.3548,0.7022,-175.50,5.64,1,1,4.181,0.0722
88.287,0.4228,0.6858,0.3386,0.6741,-175.59,5.35,1,1,4.181,0.0722
88.333,0.3509,0.7255,0.1971,0.8160,-175.74,11.54,1,1,4.181,0.0722
88.384,0.3103,0.7553,0.2314,0.8163,-175.58,11.52,1,1,4.181,0.0722
88.444,0.2845,0.7777,0.2420,0.8161,-175.65,10.74,1,1,4.181,0.0722
88.494,0.2763,0.7926,0.2599,0.8235,-175.39,9.82,1,1,4.181,0.0722
88.531,0.2741,0.8038,0.2681,0.8346,-175.63,11.18,1,1,4.181,0.0722
88.579,0.2751,0.7856,0.2770,0.7458,-175.54,11.54,1,1,4.181,0.0722
88.619,0.2772,0.7819,0.2827,0.7722,-175.50,10.33,1,1,4.181,0.0722
88.658,0.2903,0.7523,0.3259,0.6716,-175.15,9.30,1,1,4.181,0.0722
88.703,0.3604,0.7497,0.5210,0.7437,-174.84,9.58,1,1,4.181,0.0722
88.750,0.3787,0.7213,0.4187,0.6587,-175.31,8.08,1,1,4.181,0.0722
88.799,0.3803,0.7505,0.3835,0.8135,-175.35,6.68,1,1,4.181,0.0722
88.842,0.3884,0.7144,0.4083,0.6262,-174.87,5.90,1,1,4.181,0.0722
88.886,0.3845,0.6978,0.3752,0.6586,-174.92,7.08,1,1,4.181,0.0722
88.932,0.3594,0.6590,0.3027,0.5749,-175.07,7.77,1,1,4.181,0.0722
88.979,0.3148,0.5908,0.2154,0.4446,-175.18,12.12,1,1,4.181,0.0722
89.024,0.3015,0.5449,0.2709,0.4447,-175.48,11.87,1,1,4.181,0.0722
89.076,0.2963,0.5290,0.2859,0.4982,-175.55,12.20,1,1,4.181,0.0722
89.122,0.2839,0.5018,0.2562,0.4435,-175.00,8.78,1,1,4.181,0.0722
89.171,0.2554,0.5717,0.1948,0.7235,-175.98,10.23,1,1,4.181,0.0722
89.214,0.2407,0.6230,0.2063,0.7444,-176.31,11.46,1,1,4.181,0.0722
89.269,0.2444,0.6655,0.2517,0.7462,-176.31,10.32,1,1,4.181,0.0722
89.319,0.2259,0.6803,0.1880,0.7104,-176.32,10.56,1,1,4.181,0.0722
89.365,0.2130,0.6765,0.1842,0.6680,-176.29,10.61,1,1,4.181,0.0722
89.410,0.2230,0.6577,0.2462,0.6133,-176.20,10.39,1,1,4.181,0.0722
89.454,0.2315,0.6371,0.2524,0.5868,-176.16,10.83,1,1,4.181,0.0722
89.491,0.2311,0.5997,0.2300,0.4983,-175.88,12.73,1,1,4.181,0.0722
89.548,0.2347,0.6033,0.2414,0.6101,-175.46,11.95,1,1,4.181,0.0722
89.598,0.2275,0.6365,0.2123,0.7068,-175.39,11.94,1,1,4.181,0.0722
89.642,0.2121,0.6751,0.1760,0.7644,-175.89,13.28,1,1,4.181,0.0722
89.685,0.2147,0.7002,0.2213,0.7613,-175.73,12.91,1,1,4.181,0.0722
89.728,0.2355,0.6744,0.2864,0.6114,-175.36,12.07,1,1,4.181,0.0722
89.773,0.2233,0.6741,0.1951,0.6735,-175.90,12.30,1,1,4.181,0.0722
89.819,0.1884,0.7125,0.1085,0.7997,-175.97,12.50,1,1,4.181,0.0722
89.866,0.2057,0.7354,0.2448,0.7862,-175.34,12.80,1,1,4.181,0.0722
89.913,0.2285,0.6306,0.2790,0.4030,-174.91,13.09,1,1,4.181,0.0722
89.951,0.2531,0.6294,0.3198,0.6261,-174.91,12.25,1,1,4.181,0.0722
89.984,0.2727,0.6229,0.3336,0.6027,-174.98,11.77,1,1,4.181,0.0722
90.020,0.2887,0.6218,0.3338,0.6185,-174.96,12.06,1,1,4.181,0.0722
90.056,0.3037,0.6225,0.3468,0.6246,-174.93,11.57,1,1,4.181,0.0722
90.089,0.3205,0.6259,0.3722,0.6366,-175.04,11.36,1,1,4.181,0.0722
90.122,0.3322,0.6456,0.3680,0.7080,-175.05,11.53,1,1,4.181,0.0722
90.157,0.3502,0.6870,0.4031,0.8104,-175.02,11.56,1,1,4.181,0.0722
90.191,0.3601,0.7684,0.3889,0.9991,-174.98,11.11,1,1,4.181,0.0722
90.224,0.3705,0.8406,0.4027,1.1580,-174.92,10.42,1,1,4.181,0.0722
90.264,0.3912,0.9033,0.4432,1.1588,-174.96,9.21,1,1,4.181,0.0722
90.316,0.3834,0.9108,0.3679,0.9248,-175.54,8.14,1,1,4.181,0.0722
90.351,0.3664,0.9369,0.3155,1.0088,-175.69,9.03,1,1,4.181,0.0722
90.390,0.3516,0.9550,0.3122,0.9996,-175.83,8.77,1,1,4.181,0.0722
90.431,0.3302,0.9740,0.2759,1.0190,-175.97,9.01,1,1,4.181,0.0722
90.472,0.3143,0.9767,0.2730,0.9832,-175.88,9.44,1,1,4.181,0.0722
90.515,0.2866,0.9870,0.2199,1.0111,-175.83,11.82,1,1,4.181,0.0722
90.553,0.3068,0.8731,0.3629,0.5627,-175.30,12.52,1,1,4.181,0.0722
90.592,0.3484,0.7265,0.4590,0.3679,-175.23,13.66,1,1,4.181,0.0722
90.631,0.3890,0.6336,0.4946,0.4128,-175.16,12.62,1,1,4.181,0.0722
90.668,0.4081,0.5754,0.4609,0.4288,-175.37,10.82,1,1,4.181,0.0722
90.708,0.4011,0.5065,0.3831,0.3499,-175.45,11.76,1,1,4.181,0.0722
90.745,0.4315,0.4516,0.5160,0.3143,-174.80,11.49,1,1,4.181,0.0722
90.780,0.4987,0.4561,0.6871,0.4682,-174.40,11.00,1,1,4.181,0.0722
90.815,0.5164,0.4042,0.5662,0.2664,-174.49,12.85,1,1,4.181,0.0722
90.848,0.5115,0.3439,0.4964,0.1729,-174.61,13.81,1,1,4.181,0.0722
90.881,0.5219,0.2754,0.5527,0.0919,-174.46,13.20,1,1,4.181,0.0722
90.918,0.5762,0.2369,0.7210,0.1412,-174.04,11.49,1,1,4.181,0.0722
90.952,0.6349,0.2158,0.8023,0.1581,-173.89,10.12,1,1,4.181,0.0722
90.990,0.7354,0.2375,0.9838,0.2927,-173.70,10.67,1,1,4.181,0.0722
91.026,0.8086,0.2499,0.9940,0.2840,-173.65,11.47,1,1,4.181,0.0722
91.059,0.8257,0.2406,0.8725,0.2132,-173.90,12.85,1,1,4.181,0.0722
91.097,0.8278,0.2068,0.8332,0.1186,-173.95,12.77,1,1,4.181,0.0722
91.130,0.8640,0.2018,0.9679,0.1868,-173.89,12.93,1,1,4.181,0.0722
91.166,0.8934,0.1977,0.9715,0.1862,-174.06,13.01,1,1,4.181,0.0722
91.202,0.8591,0.1817,0.7647,0.1368,-174.43,13.22,1,1,4.181,0.0722
91.236,0.8000,0.1253,0.6199,-0.0361,-174.67,16.52,1,1,4.181,0.0722
91.273,0.7536,0.0826,0.6244,-0.0277,-174.70,17.81,1,1,4.181,0.0722
91.312,0.6583,0.0447,0.4136,-0.2411,-174.74,17.33,1,1,4.181,0.0722
91.346,0.5873,0.0198,0.3885,-0.2449,-174.89,17.00,1,1,4.181,0.0722
91.384,0.5407,0.0006,0.4204,-0.2088,-174.86,16.04,1,1,4.181,0.0722
91.426,0.5145,0.0000,0.4550,-0.0445,-174.85,14.91,1,1,4.181,0.0722
91.470,0.5480,0.0000,0.6232,-0.1074,-174.63,13.61,1,1,4.181,0.0722
91.509,0.5991,0.0000,0.7366,-0.0308,-174.61,13.66,1,1,4.181,0.0722
91.545,0.6505,0.0000,0.8003,-0.0945,-174.63,13.66,1,1,4.181,0.0722
91.579,0.6929,0.0000,0.8168,-0.0350,-174.73,14.23,1,1,4.181,0.0722
91.631,0.7525,0.0000,0.8688,-0.0846,-174.78,14.34,1,1,4.181,0.0722
91.694,0.8340,0.0000,0.9614,-0.1931,-174.56,13.29,1,1,4.181,0.0722
91.732,0.8956,0.0000,1.1909,-0.0237,-174.48,13.04,1,1,4.181,0.0722
91.771,0.9403,0.0000,1.1098,-0.0271,-174.70,13.40,1,1,4.181,0.0722
91.811,0.9719,0.0000,1.0632,0.0526,-174.90,14.09,1,1,4.181,0.0722
91.847,0.9934,0.0098,1.1364,0.0698,-174.67,14.98,1,1,4.181,0.0722
91.881,1.0000,0.0136,1.1346,0.0254,-174.69,15.79,1,1,4.181,0.0722
91.922,1.0000,0.0081,1.2840,-0.0058,-174.68,15.12,1,1,4.181,0.0722
91.964,1.0000,0.0000,1.3234,-0.0424,-174.85,14.76,1,1,4.181,0.0722
92.007,1.0000,0.0000,1.4100,-0.0287,-174.50,12.96,1,1,4.181,0.0722
92.062,1.0000,0.0000,1.2415,-0.1028,-174.67,13.86,1,1,4.181,0.0722
92.118,1.0000,0.0000,1.2685,-0.0776,-174.61,13.10,1,1,4.181,0.0722
92.150,1.0000,0.0000,1.3063,-0.0500,-174.52,12.60,1,1,4.181,0.0722
92.195,1.0000,0.0000,1.3456,-0.1031,-174.54,12.93,1,1,4.181,0.0722
92.229,1.0000,0.0000,1.3450,-0.1298,-174.70,13.37,1,1,4.181,0.0722
92.284,1.0000,0.0000,1.3771,0.0037,-174.60,13.35,1,1,4.181,0.0722
92.329,1.0000,0.0000,1.3697,0.0489,-174.49,14.05,1,1,4.181,0.0722
92.363,0.9961,0.0000,0.8382,-0.0029,-175.12,12.72,1,1,4.181,0.0722
92.416,0.9369,0.1004,0.8228,0.3002,-175.64,6.67,1,1,4.181,0.0722
92.492,0.7236,0.3454,0.4519,0.6534,-176.81,8.36,1,1,4.181,0.0722
92.551,0.5825,0.5721,0.3594,0.9171,-176.91,9.26,1,1,4.181,0.0722
92.612,0.3908,0.4262,0.1050,0.1883,-176.79,12.27,1,1,4.181,0.0722
92.667,0.4030,0.3613,0.4241,0.2370,-176.27,13.15,1,1,4.181,0.0722
92.721,0.3973,0.3145,0.3873,0.2240,-176.10,17.16,1,1,4.181,0.0722
92.756,0.3876,0.2892,0.3602,0.2143,-176.13,17.31,1,1,4.181,0.0722
92.791,0.3881,0.2807,0.3894,0.2554,-176.24,17.15,1,1,4.181,0.0722
92.831,0.3809,0.2628,0.3626,0.2162,-176.37,17.98,1,1,4.181,0.0722
92.867,0.3701,0.2645,0.3398,0.2694,-176.17,16.81,1,1,4.181,0.0722
92.908,0.3578,0.2668,0.3282,0.2725,-176.04,16.74,1,1,4.181,0.0722
92.950,0.3133,0.2270,0.2069,0.1291,-176.25,16.95,1,1,4.181,0.0722
92.987,0.2874,0.1718,0.2177,0.0229,-176.03,17.76,1,1,4.181,0.0722
93.021,0.2795,0.1283,0.2565,0.0037,-175.91,17.61,1,1,4.181,0.0722
93.060,0.2766,0.0854,0.2688,-0.0236,-175.83,17.99,1,1,4.181,0.0722
93.096,0.2695,0.0552,0.2496,-0.0261,-175.85,17.86,1,1,4.181,0.0722
93.132,0.2704,0.0266,0.2728,-0.1926,-175.60,18.44,1,1,4.181,0.0722
93.165,0.2656,0.0072,0.2509,-0.2413,-175.57,18.71,1,1,4.181,0.0722
93.198,0.2598,0.0000,0.2421,-0.2242,-175.60,18.99,1,1,4.181,0.0722
93.273,0.2549,0.0421,0.2480,0.1104,-175.66,19.59,1,1,4.181,0.0722
93.312,0.2625,0.0444,0.2824,0.0502,-175.98,19.59,1,1,4.181,0.0722
93.350,0.2676,0.0350,0.2822,0.0091,-176.03,19.39,1,1,4.181,0.0722
93.398,0.2922,0.0211,0.3462,-0.0087,-175.87,18.87,1,1,4.181,0.0722
93.446,0.3118,0.0310,0.3544,0.0525,-175.94,18.96,1,1,4.181,0.0722
93.481,0.3468,0.0103,0.4483,-0.1233,-175.50,17.59,1,1,4.181,0.0722
93.514,0.3758,0.0000,0.4638,-0.1618,-175.30,17.82,1,1,4.181,0.0722
93.547,0.4094,0.0000,0.5103,-0.0315,-175.43,17.19,1,1,4.181,0.0722
93.580,0.4308,0.0000,0.4958,-0.0099,-175.54,16.92,1,1,4.181,0.0722
93.618,0.4549,0.0000,0.5179,-0.1014,-175.51,17.35,1,1,4.181,0.0722
93.661,0.4815,0.0000,0.5431,-0.0645,-175.50,17.72,1,1,4.181,0.0722
93.709,0.5056,0.0000,0.5557,-0.0157,-175.60,17.39,1,1,4.181,0.0722
93.765,0.5639,0.0000,0.6677,-0.0230,-175.45,15.39,1,1,4.181,0.0722
93.804,0.6354,0.0000,0.8087,-0.0439,-175.32,13.93,1,1,4.181,0.0722
93.842,0.6954,0.0000,0.8466,-0.0723,-175.22,13.42,1,1,4.181,0.0722
93.877,0.7334,0.0000,0.8367,0.0340,-175.33,13.81,1,1,4.181,0.0722
93.914,0.7580,0.0157,0.8209,0.1098,-175.41,14.19,1,1,4.181,0.0722
93.954,0.7092,0.0314,0.5866,0.0720,-175.64,15.81,1,1,4.181,0.0722
93.991,0.6534,0.0924,0.4959,0.2569,-175.82,15.65,1,1,4.181,0.0722
94.030,0.5580,0.1847,0.3097,0.4132,-176.08,16.63,1,1,4.181,0.0722
94.064,0.4860,0.3444,0.2816,0.7606,-176.58,11.09,1,1,4.181,0.0722
94.276,0.3695,0.7202,0.3139,0.8876,-176.84,8.21,1,1,4.181,0.0722
94.321,0.3625,0.6525,0.3468,0.5015,-176.94,9.86,1,1,4.181,0.0722
94.363,0.3413,0.6085,0.2908,0.5020,-176.78,12.81,1,1,4.181,0.0722
94.413,0.3190,0.5803,0.2741,0.5211,-176.44,14.01,1,1,4.181,0.0722
94.461,0.3643,0.5247,0.4644,0.4029,-176.07,10.80,1,1,4.181,0.0722
94.504,0.4098,0.4374,0.5197,0.2366,-175.48,10.13,1,1,4.181,0.0722
94.547,0.4108,0.4295,0.4132,0.4113,-176.05,13.97,1,1,4.181,0.0722
94.588,0.3955,0.4553,0.3564,0.5195,-176.18,13.91,1,1,4.181,0.0722
94.638,0.3417,0.3857,0.2289,0.2442,-175.68,17.20,1,1,4.181,0.0722
94.683,0.2813,0.3337,0.1462,0.2196,-175.65,18.04,1,1,4.181,0.0722
94.718,0.2865,0.3411,0.3014,0.3622,-175.95,14.67,1,1,4.181,0.0722
94.753,0.3009,0.3939,0.3441,0.5536,-176.20,12.32,1,1,4.181,0.0722
94.786,0.3109,0.4628,0.3421,0.6732,-176.64,13.00,1,1,4.181,0.0722
94.823,0.3195,0.5269,0.3442,0.6987,-176.77,13.60,1,1,4.181,0.0722
94.860,0.3221,0.6120,0.3299,0.8373,-177.39,12.50,1,1,4.181,0.0722
94.900,0.3189,0.6186,0.3107,0.6342,-177.26,13.85,1,1,4.181,0.0722
94.945,0.3887,0.6471,0.5511,0.7103,-177.04,14.95,1,1,4.181,0.0722
95.003,0.3689,0.6568,0.3338,0.6732,-177.15,15.10,1,1,4.181,0.0722
95.042,0.3520,0.6460,0.3062,0.6179,-176.90,15.13,1,1,4.181,0.0722
95.075,0.3573,0.6654,0.3738,0.7235,-176.94,12.26,1,1,4.181,0.0722
95.120,0.3513,0.6575,0.3372,0.6392,-176.54,12.67,1,1,4.181,0.0722
95.196,0.3736,0.6572,0.4045,0.6568,-176.49,11.60,1,1,4.181,0.0722
95.245,0.3942,0.6831,0.4373,0.7365,-177.06,11.48,1,1,4.181,0.0722
95.281,0.3992,0.6534,0.4137,0.5669,-176.56,11.41,1,1,4.181,0.0722
95.320,0.4022,0.6231,0.4103,0.5411,-176.52,11.47,1,1,4.181,0.0722
95.355,0.4041,0.5966,0.4100,0.5175,-176.79,11.79,1,1,4.181,0.0722
95.394,0.4038,0.5800,0.4030,0.5364,-176.82,12.43,1,1,4.181,0.0722
95.429,0.4142,0.5468,0.4449,0.4516,-176.30,10.85,1,1,4.181,0.0722
95.469,0.4093,0.5326,0.3963,0.4963,-176.22,11.25,1,1,4.181,0.0722
95.507,0.4149,0.5456,0.4304,0.5806,-176.18,12.06,1,1,4.181,0.0722
95.552,0.3988,0.5653,0.3606,0.6118,-176.35,13.41,1,1,4.181,0.0722
95.604,0.3719,0.6053,0.3176,0.6862,-176.50,13.80,1,1,4.181,0.0722
95.645,0.3597,0.6280,0.3291,0.6848,-176.68,14.22,1,1,4.181,0.0722
95.681,0.3602,0.6493,0.3615,0.7100,-176.45,11.59,1,1,4.181,0.0722
95.731,0.3787,0.6705,0.4181,0.7143,-176.21,10.26,1,1,4.181,0.0722
95.789,0.4282,0.6664,0.5168,0.6589,-176.04,8.23,1,1,4.181,0.0722
95.835,0.4469,0.6656,0.4897,0.6639,-175.94,9.45,1,1,4.181,0.0722
95.878,0.4350,0.6833,0.4067,0.7248,-176.17,10.45,1,1,4.181,0.0722
95.912,0.4475,0.6733,0.4855,0.6427,-176.66,10.25,1,1,4.181,0.0722
95.970,0.4656,0.6416,0.4983,0.5835,-176.30,10.47,1,1,4.181,0.0722
96.023,0.4276,0.6397,0.3516,0.6361,-176.48,11.54,1,1,4.181,0.0722
96.065,0.4225,0.6575,0.4094,0.7024,-176.72,12.35,1,1,4.181,0.0722
96.123,0.4030,0.6546,0.3677,0.6491,-176.65,12.81,1,1,4.181,0.0722
96.169,0.3788,0.6774,0.3240,0.7295,-176.76,12.43,1,1,4.181,0.0722
96.203,0.3768,0.6925,0.3707,0.7383,-176.73,8.96,1,1,4.181,0.0722
96.240,0.3926,0.7164,0.4384,0.7839,-176.20,6.60,1,1,4.181,0.0722
96.281,0.4127,0.7226,0.4639,0.7379,-176.09,8.79,1,1,4.181,0.0722
96.317,0.4241,0.7246,0.4567,0.7304,-176.09,9.83,1,1,4.181,0.0722
96.363,0.4420,0.7157,0.4836,0.6950,-176.06,10.38,1,1,4.181,0.0722
96.423,0.4714,0.6345,0.5217,0.4951,-175.19,9.70,1,1,4.181,0.0722
96.486,0.5075,0.5633,0.5662,0.4485,-174.96,9.15,1,1,4.181,0.0722
96.528,0.5252,0.5206,0.5677,0.4201,-174.90,8.67,1,1,4.181,0.0722
96.573,0.5432,0.4992,0.5842,0.4513,-175.42,8.23,1,1,4.181,0.0722
96.628,0.5407,0.5113,0.5360,0.5337,-175.72,9.54,1,1,4.181,0.0722
96.691,0.5217,0.5004,0.4903,0.4827,-175.63,9.01,1,1,4.181,0.0722
96.727,0.5244,0.5113,0.5320,0.5427,-175.59,7.69,1,1,4.181,0.0722
96.763,0.5190,0.5191,0.5031,0.5417,-175.52,9.62,1,1,4.181,0.0722
96.796,0.5050,0.5234,0.4608,0.5372,-175.57,10.52,1,1,4.181,0.0722
96.831,0.5104,0.5426,0.5268,0.6014,-175.38,10.58,1,1,4.181,0.0722
96.868,0.5386,0.5791,0.6190,0.6813,-174.90,7.74,1,1,4.181,0.0722
96.909,0.5431,0.6282,0.5543,0.7478,-175.09,8.25,1,1,4.181,0.0722
96.944,0.5343,0.6329,0.5080,0.6465,-175.30,9.31,1,1,4.181,0.0722
96.987,0.5286,0.6292,0.5147,0.6203,-175.59,9.02,1,1,4.181,0.0722
97.020,0.5514,0.6647,0.6239,0.7740,-175.55,8.67,1,1,4.181,0.0722
97.056,0.5989,0.7188,0.7332,0.8670,-175.26,8.55,1,1,4.181,0.0722
97.089,0.5855,0.7634,0.5444,0.8918,-175.95,6.50,1,1,4.181,0.0722
97.135,0.5500,0.7981,0.4686,0.8712,-176.14,5.52,1,1,4.181,0.0722
97.179,0.5286,0.7985,0.4762,0.7994,-176.03,5.93,1,1,4.181,0.0722
97.229,0.5218,0.8243,0.5076,0.8753,-176.40,5.88,1,1,4.181,0.0722
97.302,0.5367,0.8419,0.5582,0.8662,-176.05,7.89,1,1,4.181,0.0722
97.338,0.5351,0.8880,0.5303,1.0151,-175.53,7.18,1,1,4.181,0.0722
97.390,0.5400,0.9253,0.5500,0.9964,-175.21,7.71,1,1,4.181,0.0722
97.440,0.5473,0.9474,0.5628,0.9917,-175.22,8.21,1,1,4.181,0.0722
97.496,0.5453,0.8727,0.5415,0.7349,-175.63,6.90,1,1,4.181,0.0722
97.546,0.5168,0.8504,0.4573,0.8032,-175.85,6.73,1,1,4.181,0.0722
97.580,0.5010,0.8423,0.4511,0.8162,-175.94,7.10,1,1,4.181,0.0722
97.613,0.4781,0.8644,0.4085,0.9333,-175.75,9.67,1,1,4.181,0.0722
97.648,0.4783,0.8245,0.4788,0.7048,-175.54,10.02,1,1,4.181,0.0722
97.693,0.4833,0.7969,0.4951,0.7331,-175.67,9.24,1,1,4.181,0.0722
97.736,0.4948,0.7873,0.5223,0.7648,-175.60,9.28,1,1,4.181,0.0722
97.793,0.5053,0.7829,0.5248,0.7748,-175.42,9.58,1,1,4.181,0.0722
97.829,0.4773,0.7808,0.3964,0.7748,-175.88,11.15,1,1,4.181,0.0722
97.901,0.4317,0.8148,0.3657,0.8654,-176.11,11.19,1,1,4.181,0.0722
97.965,0.4526,0.7675,0.4868,0.6902,-176.32,8.24,1,1,4.181,0.0722
98.010,0.4614,0.7534,0.4819,0.7214,-176.31,8.07,1,1,4.181,0.0722
98.051,0.4590,0.7493,0.4528,0.7390,-176.60,7.16,1,1,4.181,0.0722
98.091,0.4585,0.7448,0.4570,0.7330,-176.75,6.28,1,1,4.181,0.0722
98.123,0.4632,0.7146,0.4785,0.6195,-176.00,5.70,1,1,4.181,0.0722
98.156,0.4500,0.7031,0.4080,0.6674,-176.12,6.41,1,1,4.181,0.0722
98.195,0.4523,0.7110,0.4587,0.7324,-177.09,8.35,1,1,4.181,0.0722
98.229,0.4473,0.6930,0.4318,0.6385,-176.59,12.22,1,1,4.181,0.0722
98.264,0.4668,0.7081,0.5259,0.7536,-176.14,13.69,1,1,4.181,0.0722
98.307,0.4952,0.7072,0.5637,0.7051,-175.73,12.18,1,1,4.181,0.0722
98.372,0.5164,0.5727,0.5502,0.3650,-175.59,13.35,1,1,4.181,0.0722
98.425,0.5425,0.4994,0.5932,0.3639,-175.50,13.41,1,1,4.181,0.0722
98.461,0.5681,0.4434,0.6405,0.2934,-175.66,12.45,1,1,4.181,0.0722
98.495,0.6416,0.4065,0.8536,0.3022,-174.67,10.79,1,1,4.181,0.0722
98.529,0.7014,0.3812,0.8709,0.3095,-174.47,9.65,1,1,4.181,0.0722
98.563,0.7362,0.3255,0.8339,0.1705,-174.54,11.67,1,1,4.181,0.0722
98.598,0.7688,0.2800,0.8579,0.1573,-174.56,11.77,1,1,4.181,0.0722
98.636,0.8230,0.2737,0.9566,0.2578,-174.41,11.25,1,1,4.181,0.0722
98.675,0.8540,0.2668,0.9287,0.2499,-174.41,11.23,1,1,4.181,0.0722
98.709,0.8821,0.2599,0.9623,0.2397,-174.48,10.15,1,1,4.181,0.0722
98.745,0.9077,0.2481,0.9744,0.2162,-174.41,9.79,1,1,4.181,0.0722
98.785,0.9247,0.2504,0.9661,0.2561,-174.40,10.13,1,1,4.181,0.0722
98.829,0.9306,0.2522,0.9438,0.2566,-174.44,10.52,1,1,4.181,0.0722
98.864,0.9277,0.2406,0.9196,0.2064,-174.46,10.33,1,1,4.181,0.0722
98.907,0.9170,0.2345,0.8917,0.2200,-174.60,9.72,1,1,4.181,0.0722
98.946,0.8989,0.2395,0.8510,0.2527,-174.75,10.05,1,1,4.181,0.0722
98.986,0.8927,0.2210,0.8768,0.1738,-174.81,10.66,1,1,4.181,0.0722
99.038,0.9000,0.1993,0.9149,0.1560,-174.74,12.38,1,1,4.181,0.0722
99.077,0.9109,0.1761,0.9398,0.1159,-174.62,13.19,1,1,4.181,0.0722
99.111,0.9247,0.1495,0.9667,0.0708,-174.42,14.42,1,1,4.181,0.0722
99.149,0.9269,0.1017,0.9328,-0.0220,-174.36,14.46,1,1,4.181,0.0722
99.188,0.9552,0.0648,1.0309,-0.0299,-174.04,13.77,1,1,4.181,0.0722
99.224,0.9790,0.0653,1.0458,0.0668,-174.15,13.58,1,1,4.181,0.0722
99.263,0.9954,0.0751,1.0378,0.1006,-174.14,13.42,1,1,4.181,0.0722
99.300,0.9991,0.0698,1.0094,0.0549,-174.17,13.73,1,1,4.181,0.0722
99.336,1.0000,0.0631,1.0031,0.0445,-174.24,13.68,1,1,4.181,0.0722
99.379,0.9908,0.0474,0.9685,0.0103,-174.43,13.71,1,1,4.181,0.0722
99.416,0.9673,0.0214,0.8995,-0.0783,-174.54,13.91,1,1,4.181,0.0722
99.455,0.9687,0.0293,0.9726,0.0502,-174.47,12.02,1,1,4.181,0.0722
99.494,0.9774,0.0073,1.0008,-0.0694,-174.38,11.53,1,1,4.181,0.0722
99.529,0.9827,0.0000,0.9986,-0.0990,-174.49,11.40,1,1,4.181,0.0722
99.565,0.9716,0.0084,0.9394,0.0533,-174.48,10.87,1,1,4.181,0.0722
99.599,0.9621,0.0372,0.9326,0.1277,-174.31,10.97,1,1,4.181,0.0722
99.646,0.9817,0.0689,1.0262,0.1400,-174.13,10.73,1,1,4.181,0.0722
99.683,0.9974,0.0921,1.0417,0.1570,-174.12,10.14,1,1,4.181,0.0722
99.716,1.0000,0.1105,1.0617,0.1674,-174.09,10.89,1,1,4.181,0.0722
99.755,0.9669,0.1007,0.8519,0.0748,-174.52,12.30,1,1,4.181,0.0722
99.788,0.9316,0.0926,0.8219,0.0670,-174.68,12.79,1,1,4.181,0.0722
99.827,0.9393,0.0976,0.9600,0.1110,-174.66,11.47,1,1,4.181,0.0722
99.872,0.9636,0.1077,1.0216,0.1317,-174.52,9.71,1,1,4.181,0.0722
99.907,0.9820,0.1162,1.0366,0.1414,-174.47,8.75,1,1,4.181,0.0722
99.942,0.9804,0.1243,0.9757,0.1481,-174.73,10.85,1,1,4.181,0.0722
99.975,0.9609,0.1300,0.9000,0.1476,-174.99,13.23,1,1,4.181,0.0722
100.021,0.9468,0.1892,0.9144,0.3209,-174.87,9.37,1,1,4.181,0.0722
100.058,0.9537,0.2353,0.9730,0.3586,-174.66,6.40,1,1,4.181,0.0722
100.089,0.9236,0.2493,0.8241,0.2940,-174.81,13.46,1,1,4.181,0.0722
100.126,0.9276,0.2720,0.9389,0.3335,-174.89,13.06,1,1,4.181,0.0722
100.164,0.9390,0.2875,0.9704,0.3282,-174.89,12.52,1,1,4.181,0.0722
100.205,0.8820,0.2466,0.7406,0.1437,-175.31,12.31,1,1,4.181,0.0722
100.249,0.8156,0.1706,0.6622,-0.0131,-175.30,12.29,1,1,4.181,0.0722
100.286,0.7454,0.1102,0.5665,-0.0840,-175.10,13.23,1,1,4.181,0.0722
100.318,0.6965,0.0706,0.5532,-0.2170,-175.04,14.08,1,1,4.181,0.0722
100.367,0.6799,0.0307,0.6468,-0.1040,-174.60,8.44,1,1,4.181,0.0722
100.413,0.6462,0.0051,0.5751,-0.0723,-174.71,10.73,1,1,4.181,0.0722
100.486,0.6179,0.0000,0.5793,-0.0178,-174.79,11.62,1,1,4.181,0.0722
100.550,0.6077,0.0000,0.5916,-0.0191,-174.78,12.10,1,1,4.181,0.0722
100.623,0.6487,0.0000,0.7070,-0.1475,-174.66,14.91,1,1,4.181,0.0722
100.684,0.6816,0.0000,0.7385,0.0092,-174.99,14.27,1,1,4.181,0.0722
100.731,0.6708,0.0079,0.6467,0.0556,-175.13,16.77,1,1,4.181,0.0722
100.779,0.6507,0.0307,0.6070,0.0806,-175.14,17.67,1,1,4.181,0.0722
100.828,0.6502,0.0210,0.6492,-0.0004,-175.05,16.45,1,1,4.181,0.0722
100.871,0.6644,0.0137,0.7000,-0.0045,-174.98,15.01,1,1,4.181,0.0722
100.913,0.7092,0.0483,0.8178,0.1328,-174.95,12.83,1,1,4.181,0.0722
100.948,0.7466,0.0767,0.8548,0.1595,-174.95,12.54,1,1,4.181,0.0722
100.989,0.8354,0.1019,1.0790,0.1656,-174.29,11.55,1,1,4.181,0.0722
101.038,0.9081,0.1221,1.1492,0.1636,-173.90,9.56,1,1,4.181,0.0722
101.078,0.9165,0.1225,0.9369,0.1235,-174.33,12.12,1,1,4.181,0.0722
101.122,0.9050,0.1284,0.8789,0.1423,-174.52,12.88,1,1,4.181,0.0722
101.180,0.8696,0.0991,0.8068,0.0460,-174.63,13.04,1,1,4.181,0.0722
101.229,0.8171,0.0683,0.7037,0.0020,-174.87,13.31,1,1,4.181,0.0722
101.262,0.8049,0.0515,0.7665,-0.0008,-174.73,14.54,1,1,4.181,0.0722
101.303,0.7968,0.0226,0.7764,-0.0727,-174.63,15.59,1,1,4.181,0.0722
101.340,0.7879,0.0334,0.7623,0.0643,-175.04,15.12,1,1,4.181,0.0722
101.384,0.7780,0.0455,0.7545,0.0746,-175.02,15.86,1,1,4.181,0.0722
101.445,0.7680,0.0531,0.7511,0.0663,-175.01,15.32,1,1,4.181,0.0722
101.503,0.7548,0.0479,0.7308,0.0382,-175.06,14.86,1,1,4.181,0.0722
101.565,0.7358,0.0547,0.7041,0.0665,-175.12,14.68,1,1,4.181,0.0722
101.617,0.7094,0.0813,0.6580,0.1338,-175.29,15.46,1,1,4.181,0.0722
101.683,0.7436,0.1372,0.7990,0.2259,-174.97,14.67,1,1,4.181,0.0722
101.724,0.7801,0.1767,0.8728,0.2741,-174.87,14.18,1,1,4.181,0.0722
101.758,0.7452,0.1868,0.6395,0.2167,-175.03,16.26,1,1,4.181,0.0722
101.796,0.7009,0.2105,0.5828,0.2724,-175.08,16.42,1,1,4.181,0.0722
101.832,0.7183,0.2414,0.7688,0.3276,-174.89,11.13,1,1,4.181,0.0722
101.866,0.7289,0.2689,0.7627,0.3514,-174.82,10.55,1,1,4.181,0.0722
101.909,0.7663,0.3300,0.8562,0.4671,-174.41,8.20,1,1,4.181,0.0722
101.972,0.7788,0.3769,0.7996,0.4504,-174.32,6.90,1,1,4.181,0.0722
102.019,0.7604,0.3458,0.7189,0.2787,-174.38,12.09,1,1,4.181,0.0722
102.057,0.8226,0.3679,0.9880,0.4259,-174.07,12.79,1,1,4.181,0.0722
102.105,0.8809,0.4151,1.0018,0.5130,-174.05,12.92,1,1,4.181,0.0722
102.140,0.9074,0.4359,0.9841,0.4962,-174.07,13.16,1,1,4.181,0.0722
102.173,0.8727,0.4261,0.7675,0.3970,-174.33,14.16,1,1,4.181,0.0722
102.227,0.7970,0.3974,0.6476,0.3412,-174.43,14.76,1,1,4.181,0.0722
102.269,0.7641,0.3952,0.6828,0.3896,-174.38,14.87,1,1,4.181,0.0722
102.324,0.7893,0.3630,0.8371,0.3018,-173.74,14.01,1,1,4.181,0.0722
102.370,0.8259,0.3090,0.9106,0.1863,-173.35,13.61,1,1,4.181,0.0722
102.435,0.8047,0.1657,0.7704,-0.1276,-173.86,14.38,1,1,4.181,0.0722
102.491,0.7866,0.1359,0.7521,0.0826,-174.12,11.79,1,1,4.181,0.0722
102.550,0.7486,0.0665,0.6822,-0.0487,-174.16,15.61,1,1,4.181,0.0722
102.598,0.7224,0.0281,0.6663,-0.1042,-174.25,16.79,1,1,4.181,0.0722
102.642,0.7073,0.0219,0.6717,0.0078,-174.16,16.65,1,1,4.181,0.0722
102.710,0.6905,0.0000,0.6652,-0.1371,-173.98,16.78,1,1,4.181,0.0722
102.755,0.6872,0.0000,0.6796,-0.1668,-173.89,17.03,1,1,4.181,0.0722
102.808,0.7132,0.0000,0.7645,-0.3451,-173.84,16.69,1,1,4.181,0.0722
102.844,0.7498,0.0000,0.8553,-0.4357,-173.75,16.62,1,1,4.181,0.0722
102.905,0.7760,0.0000,0.8205,-0.5148,-173.74,17.74,1,1,4.181,0.0722
102.967,0.7045,0.0000,0.5827,-0.4943,-173.98,17.98,1,1,4.181,0.0722
103.006,0.6599,0.0000,0.5440,-0.4113,-174.11,18.45,1,1,4.181,0.0722
103.057,0.5912,0.0000,0.4554,-0.3763,-174.30,18.74,1,1,4.181,0.0722
103.095,0.6533,0.0000,0.8216,-0.1560,-173.70,18.40,1,1,4.181,0.0722
103.128,0.7410,0.0000,1.0104,-0.1521,-173.31,18.52,1,1,4.181,0.0722
103.167,0.8019,0.0000,0.9563,-0.2553,-173.39,17.47,1,1,4.181,0.0722
103.219,0.8685,0.0000,0.9949,-0.1389,-173.55,17.95,1,1,4.181,0.0722
103.271,0.9121,0.0000,0.9926,-0.1622,-173.61,17.81,1,1,4.181,0.0722
103.305,0.8633,0.0333,0.7153,0.2810,-174.48,18.03,1,1,4.181,0.0722
103.368,0.6952,0.0367,0.4213,0.0423,-174.61,18.44,1,1,4.181,0.0722
103.432,0.6021,0.0038,0.4566,-0.2416,-174.57,16.72,1,1,4.181,0.0722
103.481,0.5791,0.0000,0.5328,-0.2778,-174.51,16.09,1,1,4.181,0.0722
103.512,0.5418,0.0000,0.4231,-0.0811,-174.77,17.09,1,1,4.181,0.0722
103.545,0.5021,0.0000,0.3856,0.0274,-174.92,17.25,1,1,4.181,0.0722
103.586,0.5140,0.0000,0.5427,-0.0617,-174.38,17.51,1,1,4.181,0.0722
103.620,0.5388,0.0000,0.6152,-0.1454,-174.09,17.65,1,1,4.181,0.0722
103.656,0.5361,0.0000,0.5284,-0.0307,-174.19,19.16,1,1,4.181,0.0722
103.710,0.5857,0.0000,0.6839,-0.2780,-173.68,18.52,1,1,4.181,0.0722
103.774,0.6166,0.0000,0.6673,-0.1926,-173.78,18.81,1,1,4.181,0.0722
103.815,0.6310,0.0000,0.6669,-0.3053,-173.87,17.58,1,1,4.181,0.0722
103.849,0.6181,0.0000,0.5774,-0.2680,-174.06,17.37,1,1,4.181,0.0722
103.889,0.6158,0.0000,0.6097,-0.0641,-174.38,16.84,1,1,4.181,0.0722
103.935,0.6604,0.0000,0.7614,-0.2095,-174.03,15.80,1,1,4.181,0.0722
103.974,0.7180,0.0000,0.8672,-0.1701,-173.94,14.90,1,1,4.181,0.0722
104.017,0.7681,0.0000,0.8828,0.0651,-174.25,15.66,1,1,4.181,0.0722
104.062,0.7974,0.0237,0.8624,0.1131,-174.38,16.22,1,1,4.181,0.0722
104.110,0.7796,0.0269,0.7421,0.0338,-174.48,16.74,1,1,4.181,0.0722
104.157,0.7489,0.0032,0.6807,-0.1137,-174.71,16.44,1,1,4.181,0.0722
104.209,0.6668,0.0000,0.5039,-0.3541,-175.04,17.67,1,1,4.181,0.0722
104.269,0.5751,0.0000,0.4204,-0.5744,-175.06,18.06,1,1,4.181,0.0722
104.325,0.4048,0.0000,0.1182,-0.0785,-175.62,19.14,1,1,4.181,0.0722
104.394,0.3449,0.0931,0.2596,0.2859,-175.40,18.65,1,1,4.181,0.0722
104.456,0.3242,0.1447,0.2917,0.2278,-175.07,19.05,1,1,4.181,0.0722
104.502,0.3173,0.1161,0.3024,0.0520,-174.99,20.66,1,1,4.181,0.0722
104.564,0.2219,0.1444,0.0716,0.1915,-175.46,21.62,1,1,4.181,0.0722
104.622,0.1522,0.1359,0.0359,0.1208,-175.52,21.35,1,1,4.181,0.0722
104.658,0.1531,0.0887,0.1556,-0.3683,-175.05,20.70,1,1,4.181,0.0722
104.694,0.1408,0.0520,0.1073,-0.4878,-175.18,22.68,1,1,4.181,0.0722
104.754,0.1283,0.0145,0.1072,-0.6215,-175.13,22.56,1,1,4.181,0.0722
104.795,0.1065,0.0000,0.0533,-0.5378,-175.26,22.77,1,1,4.181,0.0722
104.847,0.1040,0.0000,0.0990,-0.1767,-176.28,20.30,1,1,4.181,0.0722
104.902,0.1157,0.0000,0.1378,-0.2646,-175.95,19.30,1,1,4.181,0.0722
104.949,0.1375,0.0000,0.1866,-0.5193,-175.62,19.63,1,1,4.181,0.0722
104.997,0.1644,0.0000,0.2232,-0.4184,-175.89,21.19,1,1,4.181,0.0722
105.036,0.2002,0.0000,0.2948,-0.5576,-175.57,22.63,1,1,4.181,0.0722
105.082,0.2287,0.0000,0.2932,-0.5149,-175.65,22.43,1,1,4.181,0.0722
105.122,0.2863,0.0000,0.4280,-0.2458,-176.60,18.92,1,1,4.181,0.0722
105.167,0.3342,0.0000,0.4394,-0.0801,-176.92,18.14,1,1,4.181,0.0722
105.212,0.3794,0.0000,0.4774,-0.0694,-177.99,21.94,1,1,4.181,0.0722
105.263,0.3722,0.0000,0.3581,-0.0843,-177.99,21.57,1,1,4.181,0.0722
105.309,0.3373,0.0000,0.2591,-0.1327,-177.49,20.17,1,1,4.181,0.0722
105.357,0.3426,0.0000,0.3544,-0.2553,-177.42,21.17,1,1,4.181,0.0722
105.405,0.3249,0.0000,0.2861,-0.2929,-177.32,19.83,1,1,4.181,0.0722
105.440,0.3133,0.0000,0.2788,-0.2447,-177.51,19.60,1,1,4.181,0.0722
105.486,0.3088,0.0595,0.2983,0.3003,-178.32,18.02,1,1,4.181,0.0722
105.536,0.3449,0.1375,0.4198,0.2896,-178.63,17.16,1,1,4.181,0.0722
105.602,0.3416,0.2657,0.3363,0.4536,-178.45,17.08,1,1,4.181,0.0722
105.648,0.3361,0.3082,0.3236,0.3971,-178.58,18.90,1,1,4.181,0.0722
105.721,0.2877,0.2535,0.2176,0.1770,-178.24,20.68,1,1,4.181,0.0722
105.760,0.2771,0.2294,0.2496,0.1672,-178.20,21.39,1,1,4.181,0.0722
105.800,0.3434,0.2257,0.5160,0.2162,-178.60,20.34,1,1,4.181,0.0722
105.836,0.4260,0.2036,0.6516,0.1389,-178.66,20.35,1,1,4.181,0.0722
105.880,0.5420,0.2171,0.7949,0.2498,-178.16,21.54,1,1,4.181,0.0722
105.926,0.6269,0.2186,0.8006,0.2219,-178.06,22.74,1,1,4.181,0.0722
105.969,0.7642,0.2351,1.0757,0.2750,-177.91,23.21,1,1,4.181,0.0722
106.005,0.7917,0.2345,0.8612,0.2328,-177.99,23.16,1,1,4.181,0.0722
106.043,0.7779,0.2408,0.7431,0.2583,-178.17,23.12,1,1,4.181,0.0722
106.082,0.6772,0.1610,0.4100,-0.0654,-177.99,25.00,1,1,4.181,0.0722
106.131,0.6038,0.1328,0.4479,0.0750,-177.89,24.38,1,1,4.181,0.0722
106.193,0.3875,0.0667,0.0473,-0.0408,-177.36,23.66,1,1,4.181,0.0722
106.230,0.2957,0.0735,0.0629,0.0924,-177.24,22.76,1,1,4.181,0.0722
106.266,0.2029,0.0656,-0.0342,0.0430,-177.19,23.13,1,1,4.181,0.0722
106.305,0.1528,0.0345,0.0361,-0.0455,-177.50,23.98,1,1,4.181,0.0722
106.361,0.0797,0.0909,-0.0417,0.1973,-177.77,24.01,1,1,4.181,0.0722
106.399,0.0420,0.1120,-0.0906,0.1703,-177.57,23.46,1,1,4.181,0.0722
106.436,0.0181,0.0688,-0.0416,-0.1018,-177.29,23.60,1,1,4.181,0.0722
106.471,0.0168,0.0411,0.0133,-0.0412,-177.50,23.11,1,1,4.181,0.0722
106.505,0.0241,0.0181,0.0451,-0.1592,-177.71,24.47,1,1,4.181,0.0722
106.539,0.0730,0.0009,0.2200,-0.1648,-177.61,24.59,1,1,4.181,0.0722
106.577,0.1228,0.0000,0.2612,-0.1308,-177.52,24.41,1,1,4.181,0.0722
106.635,0.2191,0.0057,0.3884,0.0392,-177.69,24.69,1,1,4.181,0.0722
106.673,0.3039,0.0170,0.5200,0.0479,-177.63,26.38,1,1,4.181,0.0722
106.734,0.3676,0.0000,0.4706,-0.1281,-177.44,27.33,1,1,4.181,0.0722
106.788,0.4276,0.0318,0.5351,0.1086,-178.08,26.51,1,1,4.181,0.0722
106.829,0.4591,0.0748,0.5341,0.1835,-178.44,26.18,1,1,4.181,0.0722
106.879,0.4362,0.0390,0.3909,-0.0358,-178.04,25.77,1,1,4.181,0.0722
106.922,0.3610,0.0421,0.1738,0.0498,-177.79,24.86,1,1,4.181,0.0722
106.980,0.2941,0.0551,0.1752,0.0788,-177.69,24.47,1,1,4.181,0.0722
107.029,0.2608,0.0637,0.1902,0.0823,-177.71,24.13,1,1,4.181,0.0722
107.076,0.2105,0.0301,0.1039,-0.0441,-177.34,23.25,1,1,4.181,0.0722
107.117,0.1820,0.0075,0.1121,-0.0785,-177.18,22.88,1,1,4.181,0.0722
107.159,0.1556,0.0000,0.0929,-0.1170,-176.93,23.18,1,1,4.181,0.0722
107.195,0.1338,0.0000,0.0736,-0.2476,-176.58,23.77,1,1,4.181,0.0722
107.227,0.1334,0.0000,0.1321,-0.2215,-176.75,24.44,1,1,4.181,0.0722
107.266,0.1578,0.0000,0.2224,-0.0122,-177.01,24.06,1,1,4.181,0.0722
107.300,0.1704,0.0028,0.2095,0.0830,-177.12,23.38,1,1,4.181,0.0722
107.342,0.1734,0.0000,0.1808,-0.0405,-177.28,24.87,1,1,4.181,0.0722
107.388,0.1791,0.0000,0.1920,0.0076,-177.09,23.92,1,1,4.181,0.0722
107.451,0.1746,0.0548,0.1671,0.1530,-177.15,22.23,1,1,4.181,0.0722
107.487,0.1763,0.0980,0.1811,0.2178,-177.29,22.18,1,1,4.181,0.0722
107.524,0.1711,0.0987,0.1562,0.1005,-177.38,23.03,1,1,4.181,0.0722
107.564,0.1617,0.0790,0.1365,0.0268,-177.26,23.71,1,1,4.181,0.0722
107.606,0.1638,0.0507,0.1689,-0.0191,-176.88,24.02,1,1,4.181,0.0722
107.654,0.1887,0.0610,0.2435,0.0839,-177.13,23.45,1,1,4.181,0.0722
107.710,0.1565,0.0224,0.0959,-0.1488,-176.86,24.45,1,1,4.181,0.0722
107.767,0.1624,0.0000,0.1733,-0.1008,-177.00,24.49,1,1,4.181,0.0722
107.810,0.1542,0.0000,0.1341,-0.2252,-176.67,25.07,1,1,4.181,0.0722
107.843,0.1574,0.0000,0.1678,-0.3209,-176.45,25.26,1,1,4.181,0.0722
107.877,0.1469,0.0000,0.1145,-0.3739,-176.48,25.46,1,1,4.181,0.0722
107.910,0.1161,0.0000,0.0194,-0.4022,-176.39,25.35,1,1,4.181,0.0722
107.963,0.1272,0.0000,0.1494,-0.4523,-176.54,26.03,1,1,4.181,0.0722
108.025,0.1724,0.0000,0.2494,-0.6934,-176.52,26.62,1,1,4.181,0.0722
108.085,0.2002,0.0000,0.2483,-0.6366,-176.97,27.60,1,1,4.181,0.0722
108.158,0.3465,0.0000,0.5485,-0.5352,-176.49,26.64,1,1,4.181,0.0722
108.216,0.4145,0.0000,0.5297,-0.2627,-176.62,24.60,1,1,4.181,0.0722
108.252,0.4311,0.0000,0.4763,-0.2128,-176.74,24.37,1,1,4.181,0.0722
108.295,0.3184,0.0000,0.0417,-0.3362,-176.49,24.59,1,1,4.181,0.0722
108.350,0.2027,0.0000,-0.0060,-0.1389,-176.96,25.12,1,1,4.181,0.0722
108.419,0.1638,0.0000,0.1062,-0.0944,-177.51,24.98,1,1,4.181,0.0722
108.470,0.1685,0.0000,0.1778,-0.1066,-177.58,25.24,1,1,4.181,0.0722
108.516,0.2041,0.0000,0.2854,-0.1121,-177.42,25.37,1,1,4.181,0.0722
108.569,0.3053,0.0000,0.5018,-0.1377,-177.29,25.33,1,1,4.181,0.0722
108.607,0.3485,0.0000,0.4621,-0.3395,-176.95,24.80,1,1,4.181,0.0722
108.667,0.4029,0.0000,0.4935,-0.5990,-176.66,26.11,1,1,4.181,0.0722
108.730,0.4185,0.0000,0.4438,-0.6258,-176.56,26.10,1,1,4.181,0.0722
108.799,0.3629,0.0000,0.2803,-0.4007,-176.46,24.75,1,1,4.181,0.0722
108.840,0.3138,0.0000,0.1887,-0.3335,-176.28,23.87,1,1,4.181,0.0722
108.904,0.2795,0.0000,0.2237,-0.2431,-176.52,24.06,1,1,4.181,0.0722
108.963,0.2561,0.0000,0.2154,-0.1244,-176.84,23.65,1,1,4.181,0.0722
109.021,0.2365,0.0000,0.2017,-0.0701,-177.06,23.99,1,1,4.181,0.0722
109.059,0.2849,0.0000,0.4201,-0.1944,-176.59,23.49,1,1,4.181,0.0722
109.105,0.3591,0.0000,0.5220,-0.2701,-176.58,23.25,1,1,4.181,0.0722
109.165,0.2815,0.0000,0.1446,-0.0506,-176.33,21.75,1,1,4.181,0.0722
109.198,0.2713,0.0000,0.2395,-0.1014,-176.55,21.78,1,1,4.181,0.0722
109.230,0.2580,0.0000,0.2133,-0.0795,-176.53,21.31,1,1,4.181,0.0722
109.270,0.1817,0.0000,-0.0067,-0.1802,-176.22,21.77,1,1,4.181,0.0722
109.322,0.1169,0.0000,-0.0067,-0.2603,-176.42,22.55,1,1,4.181,0.0722
109.365,0.0994,0.0000,0.0586,-0.4331,-176.32,23.63,1,1,4.181,0.0722
109.402,0.1928,0.0000,0.4566,-0.3320,-176.76,24.78,1,1,4.181,0.0722
109.438,0.2507,0.0000,0.4160,-0.3681,-177.00,25.69,1,1,4.181,0.0722
109.480,0.2229,0.0000,0.1535,-0.2747,-176.60,23.91,1,1,4.181,0.0722
109.536,0.1407,0.0000,-0.0105,-0.0896,-176.33,22.73,1,1,4.181,0.0722
109.581,0.0909,0.0000,-0.0218,-0.3359,-175.62,22.28,1,1,4.181,0.0722
109.628,0.1718,0.0000,0.3516,-0.4298,-175.35,20.30,1,1,4.181,0.0722
109.676,0.3965,0.0000,0.8423,-0.5744,-175.42,20.35,1,1,4.181,0.0722
109.710,0.5544,0.0000,0.9737,-0.6725,-175.16,20.02,1,1,4.181,0.0722
109.751,0.5964,0.0000,0.6884,-0.8174,-175.20,21.81,1,1,4.181,0.0722
109.787,0.6118,0.0000,0.6503,-0.8572,-175.20,22.58,1,1,4.181,0.0722
109.824,0.5280,0.0000,0.2970,-0.4183,-175.70,22.97,1,1,4.181,0.0722
109.863,0.4436,0.0000,0.2185,-0.5022,-175.34,22.73,1,1,4.181,0.0722
109.902,0.3576,0.0000,0.1322,-0.4967,-175.17,22.83,1,1,4.181,0.0722
109.934,0.2818,0.0000,0.0556,-0.3376,-175.51,24.00,1,1,4.181,0.0722
109.969,0.2183,0.0000,0.0443,-0.2172,-175.50,23.93,1,1,4.181,0.0722
110.001,0.1769,0.0000,0.0575,-0.1777,-175.10,23.00,1,1,4.181,0.0722
110.033,0.1552,0.0000,0.0908,-0.1324,-175.18,22.89,1,1,4.181,0.0722
110.069,0.1450,0.0000,0.1171,-0.5274,-175.27,23.38,1,1,4.181,0.0722
110.112,0.1342,0.0000,0.1097,-0.4861,-175.49,23.12,1,1,4.181,0.0722
110.158,0.1052,0.0000,0.0441,-0.3165,-175.58,22.58,1,1,4.181,0.0722
110.207,0.0810,0.0000,0.0324,-0.2440,-175.57,22.10,1,1,4.181,0.0722
110.241,0.0853,0.0000,0.0984,-0.3946,-175.60,22.30,1,1,4.181,0.0722
110.285,0.0710,0.0000,0.0385,-0.2729,-175.60,22.56,1,1,4.181,0.0722
110.323,0.0505,0.0000,-0.0037,-0.1949,-175.70,22.95,1,1,4.181,0.0722
110.355,0.0392,0.0000,0.0039,-0.3168,-175.02,22.88,1,1,4.181,0.0722
110.405,0.0322,0.0000,0.0178,-0.2807,-175.14,22.38,1,1,4.181,0.0722
110.470,0.0284,0.0000,0.0224,-0.3123,-175.17,21.73,1,1,4.181,0.0722
110.524,0.0942,0.0000,0.2209,-0.5092,-174.54,21.65,1,1,4.181,0.0722
110.571,0.1375,0.0000,0.2336,-0.3127,-175.01,22.06,1,1,4.181,0.0722
110.630,0.1925,0.0000,0.2879,-0.2409,-175.15,22.36,1,1,4.181,0.0722
110.667,0.2680,0.0000,0.4623,-0.3251,-175.30,20.95,1,1,4.181,0.0722
110.709,0.3645,0.0000,0.5841,-0.1813,-175.95,19.42,1,1,4.181,0.0722
110.741,0.3811,0.0000,0.4320,-0.1865,-176.00,19.90,1,1,4.181,0.0722
110.774,0.3519,0.0000,0.2651,-0.1449,-175.34,16.93,1,1,4.181,0.0722
110.809,0.3245,0.0000,0.2446,-0.1069,-175.44,16.68,1,1,4.181,0.0722
110.842,0.3812,0.0116,0.5531,0.2033,-175.52,12.22,1,1,4.181,0.0722
110.876,0.4556,0.1263,0.6642,0.4466,-175.73,5.79,1,1,4.181,0.0722
110.912,0.5048,0.2265,0.6327,0.4798,-175.95,4.66,1,1,4.181,0.0722
110.949,0.5961,0.3430,0.8254,0.6261,-176.63,1.23,1,1,4.181,0.0722
110.982,0.6830,0.4194,0.9160,0.6199,-176.68,4.74,1,1,4.181,0.0722
111.022,0.6727,0.5296,0.6483,0.7732,-174.68,-10.44,1,1,4.181,0.0722
111.057,0.6549,0.6227,0.6065,0.8481,-174.22,-11.64,1,1,4.181,0.0722
111.098,0.6881,0.6521,0.7663,0.7155,-175.16,-10.85,1,1,4.181,0.0722
111.133,0.7238,0.6692,0.8232,0.7136,-175.01,-12.47,1,1,4.181,0.0722
111.178,0.7969,0.6818,0.9502,0.7078,-174.72,-13.34,1,1,4.181,0.0722
111.217,0.8300,0.7012,0.9097,0.7472,-174.76,-14.08,1,1,4.181,0.0722
111.256,0.8662,0.7096,0.9549,0.7303,-174.67,-14.10,1,1,4.181,0.0722
111.303,0.8611,0.6658,0.8503,0.5718,-175.16,-13.93,1,1,4.181,0.0722
111.369,0.8023,0.5559,0.7115,0.3794,-176.03,-14.24,1,1,4.181,0.0722
111.433,0.8551,0.5743,0.9388,0.6046,-174.46,-17.13,1,1,4.181,0.0722
111.480,0.8618,0.5363,0.8761,0.4518,-174.76,-15.86,1,1,4.181,0.0722
111.511,0.9067,0.5707,1.2606,0.6861,-173.73,-17.35,1,1,4.181,0.0722
111.554,0.9000,0.5578,0.8840,0.5257,-174.27,-18.19,1,1,4.181,0.0722
111.595,0.9439,0.5867,1.0826,0.6593,-174.10,-18.16,1,1,4.181,0.0722
111.680,0.9925,0.4894,1.0715,0.3697,-174.59,-15.54,1,1,4.181,0.0722
111.725,1.0000,0.3325,1.3000,-0.0047,-174.05,-17.25,1,1,4.181,0.0722
111.786,1.0000,0.2806,1.4264,0.1981,-173.07,-20.23,1,1,4.181,0.0722
111.827,1.0000,0.2283,1.2679,0.1055,-173.66,-21.08,1,1,4.181,0.0722
111.884,1.0000,0.1479,1.3956,0.0118,-173.29,-20.51,1,1,4.181,0.0722
111.940,1.0000,0.2886,2.3001,0.5497,-171.55,-23.97,1,1,4.181,0.0722
111.983,1.0000,0.1857,1.5254,-0.4983,-174.74,-18.73,1,1,4.181,0.0722
112.032,1.0000,0.1075,1.4651,-0.8441,-175.17,-20.38,1,1,4.181,0.0722
112.069,1.0000,0.0635,1.3767,-0.2148,-175.31,-22.99,1,1,4.181,0.0722
112.128,1.0000,0.0211,1.8117,-0.9464,-176.86,-22.75,1,1,4.181,0.0722
112.164,1.0000,0.0016,1.2416,-0.7358,-176.17,-23.79,1,1,4.181,0.0722
112.197,1.0000,0.0000,1.4817,-0.8018,-176.61,-20.30,1,1,4.181,0.0722
112.231,1.0000,0.0000,1.1740,-0.8794,-176.47,-22.09,1,1,4.181,0.0722
112.272,0.9132,0.0000,0.5838,0.0038,-177.15,-19.54,1,1,4.181,0.0722
112.328,0.9616,0.0000,1.5009,-0.4054,-179.47,0.35,1,1,4.181,0.0722
112.369,0.9867,0.0000,1.3701,-0.1874,-178.23,-11.32,1,1,4.181,0.0722
112.404,1.0000,0.0000,1.4559,-0.1206,-178.51,10.78,1,1,4.181,0.0722
112.466,1.0000,0.0000,1.0964,-0.0019,-178.83,14.35,1,1,4.181,0.0722
112.517,1.0000,0.0000,1.0545,0.0498,-179.09,12.71,1,1,4.181,0.0722
112.559,1.0000,0.0000,1.5537,-0.4611,-179.71,9.99,1,1,4.181,0.0722
112.593,1.0000,0.0000,1.5715,-0.3227,-179.83,11.23,1,1,4.181,0.0722
112.632,1.0000,0.1007,2.1571,0.4228,-178.77,20.77,1,1,4.181,0.0722
112.666,1.0000,0.3660,2.7083,1.2810,-178.42,18.80,1,1,4.181,0.0722
112.714,1.0000,0.2273,1.7735,-0.2150,-178.80,6.39,1,1,4.181,0.0722
112.754,1.0000,0.1489,3477.6448,-702.7330,179.65,13.41,1,1,4.181,0.0722
112.798,1.0000,0.0911,3467.5239,-626.7675,179.23,18.26,1,1,4.181,0.0722
112.834,1.0000,0.0546,3437.0947,-630.1040,178.22,17.30,1,1,4.181,0.0722
112.870,1.0000,0.0271,3431.9412,-619.2505,177.97,16.25,1,1,4.181,0.0722
112.937,1.0000,0.0000,3388.8750,-614.3285,175.99,13.46,1,1,4.181,0.0722
112.981,1.0000,0.0000,3387.3633,-623.6484,176.04,15.25,1,1,4.181,0.0722
113.029,1.0000,0.0000,3368.6501,-629.6302,175.36,14.71,1,1,4.181,0.0722
113.098,1.0000,0.0000,3358.4575,-628.3592,174.61,9.74,1,1,4.181,0.0722
113.143,1.0000,0.0000,3388.8538,-606.6288,176.51,9.28,1,1,4.181,0.0722
113.189,1.0000,0.0000,3390.9717,-609.9564,176.44,10.93,1,1,4.181,0.0722
113.236,1.0000,0.0000,3403.0916,-623.1011,177.00,15.81,1,1,4.181,0.0722
113.276,1.0000,0.0000,3418.0464,-604.4878,176.81,16.43,1,1,4.181,0.0722
113.310,1.0000,0.0000,3419.5295,-651.6932,177.07,18.56,1,1,4.181,0.0722
113.353,1.0000,0.0000,3408.2856,-632.0345,176.67,16.42,1,1,4.181,0.0722
113.388,1.0000,0.0000,3405.3953,-667.9852,176.77,19.75,1,1,4.181,0.0722
113.422,1.0000,0.0000,3399.6589,-679.6872,176.97,19.05,1,1,4.181,0.0722
113.459,1.0000,0.0000,3408.0537,-652.0303,176.43,15.86,1,1,4.181,0.0722
113.492,1.0000,0.0000,3405.6611,-661.0656,176.39,14.77,1,1,4.181,0.0722
113.537,1.0000,0.0000,3411.3010,-623.2891,177.24,16.86,1,1,4.181,0.0722
113.581,1.0000,0.0000,3473.1511,-578.7176,179.33,13.99,1,1,4.181,0.0722
113.616,1.0000,0.0000,3474.0728,-599.0339,178.95,10.89,1,1,4.181,0.0722
113.650,1.0000,0.0000,3445.8193,-598.2708,178.24,9.53,1,1,4.181,0.0722
113.711,1.0000,0.0000,3448.8386,-629.7143,178.36,14.21,1,1,4.181,0.0722
113.762,1.0000,0.0000,3438.0544,-645.5934,177.97,14.75,1,1,4.181,0.0722
113.799,1.0000,0.0000,3487.3079,-612.8655,178.19,15.93,1,1,4.181,0.0722
113.857,1.0000,0.0000,3474.3518,-616.4686,177.24,15.56,1,1,4.181,0.0722
113.912,1.0000,0.0000,3459.2817,-654.7759,177.08,16.77,1,1,4.181,0.0722
113.965,1.0000,0.0000,3477.6658,-639.0920,177.92,19.49,1,1,4.181,0.0722
114.013,1.0000,0.0000,3455.7085,-645.6941,178.04,20.82,1,1,4.181,0.0722
114.060,1.0000,0.0000,3450.6965,-652.1497,177.99,21.10,1,1,4.181,0.0722
114.098,1.0000,0.0000,3445.0051,-675.2933,178.20,21.15,1,1,4.181,0.0722
114.132,1.0000,0.0000,3446.1650,-691.2593,178.39,20.73,1,1,4.181,0.0722
114.166,1.0000,0.0000,3442.9661,-702.0463,178.43,20.06,1,1,4.181,0.0722
114.199,1.0000,0.0000,3433.4238,-755.1290,178.89,21.44,1,1,4.181,0.0722
114.233,1.0000,0.0000,3428.7109,-781.1503,179.19,21.85,1,1,4.181,0.0722
114.284,1.0000,0.0000,3435.2102,-768.9926,179.42,22.38,1,1,4.181,0.0722
114.337,1.0000,0.0000,3430.7954,-756.9266,179.25,22.69,1,1,4.181,0.0722
114.390,1.0000,0.0000,3466.3220,-725.9409,179.78,23.11,1,1,4.181,0.0722
114.452,1.0000,0.0000,3483.3032,-713.0038,179.57,21.65,1,1,4.181,0.0722
114.502,1.0000,0.1352,1.6567,0.4971,-179.99,21.25,1,1,4.181,0.0722
114.539,1.0000,0.1289,1.3697,0.1123,-179.50,20.66,1,1,4.181,0.0722
114.572,1.0000,0.1911,1.6854,0.3751,-179.52,22.92,1,1,4.181,0.0722
114.607,1.0000,0.2699,1.9238,0.4816,-179.57,23.66,1,1,4.181,0.0722
114.640,1.0000,0.2981,2.3583,0.3784,-179.83,24.07,1,1,4.181,0.0722
114.682,1.0000,0.2667,2.5153,0.1918,-179.99,24.49,1,1,4.181,0.0722
114.723,1.0000,0.2789,2.4932,0.3079,-179.74,23.23,1,1,4.181,0.0722
114.757,1.0000,0.3008,2.5446,0.3634,-179.66,23.08,1,1,4.181,0.0722
114.797,1.0000,0.2047,3471.4302,-755.9542,179.98,22.62,1,1,4.181,0.0722
114.853,1.0000,0.1959,1.9281,0.1789,-179.61,22.87,1,1,4.181,0.0722
114.922,1.0000,0.2169,2.0409,0.2493,-179.38,22.69,1,1,4.181,0.0722
114.962,1.0000,0.1828,1.8877,0.0954,-179.15,22.31,1,1,4.181,0.0722
114.995,1.0000,0.2082,1.9483,0.2890,-179.06,22.85,1,1,4.181,0.0722
115.043,1.0000,0.2747,2.0146,0.4176,-178.98,23.56,1,1,4.181,0.0722
115.092,1.0000,0.3322,1.7022,0.4478,-178.68,23.30,1,1,4.181,0.0722
115.159,1.0000,0.1843,1.2774,-0.0702,-178.80,23.26,1,1,4.181,0.0722
115.212,1.0000,0.1030,1.2539,-0.1010,-178.29,24.71,1,1,4.181,0.0722
115.251,1.0000,0.0596,1.2430,-0.1586,-178.24,25.39,1,1,4.181,0.0722
115.294,1.0000,0.1661,1.3008,0.4299,-178.58,24.58,1,1,4.181,0.0722
115.336,1.0000,0.2883,1.4435,0.5772,-178.79,24.31,1,1,4.181,0.0722
115.372,1.0000,0.3195,1.7418,0.4040,-178.89,24.31,1,1,4.181,0.0722
115.412,1.0000,0.3246,1.9442,0.3373,-178.87,24.94,1,1,4.181,0.0722
115.451,1.0000,0.2226,1.6856,-0.0608,-178.59,25.68,1,1,4.181,0.0722
115.487,1.0000,0.1507,1.4199,-0.2703,-178.59,25.74,1,1,4.181,0.0722
115.529,1.0000,0.0912,1.4208,-0.1845,-178.72,25.35,1,1,4.181,0.0722
115.563,1.0000,0.0546,1.9636,-0.1305,-178.90,24.87,1,1,4.181,0.0722
115.637,1.0000,0.0096,1.7402,-0.4725,-178.79,26.99,1,1,4.181,0.0722
115.709,1.0000,0.0000,1.8099,-0.2089,-179.10,25.51,1,1,4.181,0.0722
115.755,1.0000,0.0000,1.7258,-0.2722,-179.16,25.23,1,1,4.181,0.0722
115.793,1.0000,0.0000,1.8502,-0.4816,-179.36,25.73,1,1,4.181,0.0722
115.827,1.0000,0.0000,1.7717,-0.5034,-179.39,25.54,1,1,4.181,0.0722
115.861,1.0000,0.0000,1.8544,0.0819,-179.42,20.22,1,1,4.181,0.0722
115.894,1.0000,0.0000,3461.1755,-672.7153,179.58,17.64,1,1,4.181,0.0722
115.948,1.0000,0.0000,3465.7639,-716.5513,179.59,21.02,1,1,4.181,0.0722
115.995,1.0000,0.0000,3459.4265,-764.2971,179.47,23.35,1,1,4.181,0.0722
116.030,1.0000,0.0000,3462.0342,-762.5456,179.49,23.94,1,1,4.181,0.0722
116.064,1.0000,0.0329,3.1295,0.2536,-179.79,24.83,1,1,4.181,0.0722
116.110,1.0000,0.0077,3472.8857,-748.7040,179.90,24.79,1,1,4.181,0.0722
116.151,1.0000,0.0000,3480.5435,-724.4019,179.99,24.28,1,1,4.181,0.0722
116.189,1.0000,0.0000,3.0154,-0.1133,-179.97,24.55,1,1,4.181,0.0722
116.227,1.0000,0.0306,3.1056,0.1690,-179.96,24.63,1,1,4.181,0.0722
116.267,1.0000,0.0086,3466.8848,-699.3953,179.64,24.82,1,1,4.181,0.0722
116.313,1.0000,0.0000,3473.1697,-698.8543,179.87,25.06,1,1,4.181,0.0722
116.358,1.0000,0.0000,2.6550,-0.1034,-179.81,25.50,1,1,4.181,0.0722
116.394,1.0000,0.0000,2.5417,-0.0338,-179.57,25.82,1,1,4.181,0.0722
116.440,1.0000,0.0000,2.4268,-0.1972,-179.49,25.72,1,1,4.181,0.0722
116.487,1.0000,0.0075,2.7906,0.0959,-179.56,21.35,1,1,4.181,0.0722
116.524,1.0000,0.2464,2.3917,0.8366,-178.97,14.91,1,1,4.181,0.0722
116.556,1.0000,0.4073,2.3963,0.8412,-179.10,13.20,1,1,4.181,0.0722
116.595,1.0000,0.5107,2.4437,0.7382,-179.40,8.63,1,1,4.181,0.0722
116.660,1.0000,0.7096,2.4358,0.9730,-179.58,8.05,1,1,4.181,0.0722
116.706,1.0000,0.7757,2.4946,0.8990,-179.86,8.79,1,1,4.181,0.0722
116.739,1.0000,0.5764,3479.3003,-633.9041,179.92,9.12,1,1,4.181,0.0722
116.774,1.0000,0.4113,3475.3909,-637.5718,179.81,10.58,1,1,4.181,0.0722
116.817,1.0000,0.4329,2.6608,0.4840,-179.89,6.75,1,1,4.181,0.0722
116.851,1.0000,0.4087,2.6125,0.3353,-179.84,8.08,1,1,4.181,0.0722
116.887,1.0000,0.4202,2.7064,0.4521,-179.92,9.42,1,1,4.181,0.0722
116.921,1.0000,0.4113,2.7864,0.3843,-179.90,9.11,1,1,4.181,0.0722
116.965,1.0000,0.2644,3462.9192,-643.2924,179.80,5.07,1,1,4.181,0.0722
117.000,1.0000,0.4631,2.9626,1.8743,-179.83,-2.49,1,1,4.181,0.0722
117.039,1.0000,0.6373,2.7510,2.2047,-179.24,-6.48,1,1,4.181,0.0722
117.090,1.0000,0.7864,2.7746,2.0828,-178.97,-7.72,1,1,4.181,0.0722
117.136,1.0000,0.8750,2.8423,2.1139,-179.24,-7.87,1,1,4.181,0.0722
117.187,1.0000,0.9379,2.8281,2.1214,-179.32,-7.60,1,1,4.181,0.0722
117.222,1.0000,0.9687,2.3786,1.9499,-178.91,-8.35,1,1,4.181,0.0722
117.258,1.0000,0.9914,2.1482,1.7222,-178.78,-9.02,1,1,4.181,0.0722
117.309,1.0000,1.0000,2.1903,1.6965,-178.75,-9.88,1,1,4.181,0.0722
117.373,1.0000,1.0000,2.0271,1.3421,-178.57,-10.39,1,1,4.181,0.0722
117.435,1.0000,1.0000,2.0122,1.2793,-178.71,-10.60,1,1,4.181,0.0722
117.469,1.0000,1.0000,2.4753,1.8972,-179.12,-9.27,1,1,4.181,0.0722
117.514,1.0000,1.0000,1.8617,1.7927,-178.79,-10.26,1,1,4.181,0.0722
117.579,1.0000,1.0000,1.4945,1.6988,-178.55,-10.62,1,1,4.181,0.0722
117.631,1.0000,1.0000,2.0028,1.6872,-179.36,-5.16,1,1,4.181,0.0722
117.677,1.0000,1.0000,2.7260,1.8911,-179.85,-1.58,1,1,4.181,0.0722
117.715,1.0000,0.7273,3462.9299,-648.4828,179.89,-0.47,1,1,4.181,0.0722
117.751,1.0000,0.8149,2.4136,1.5572,-179.52,-0.94,1,1,4.181,0.0722
117.791,1.0000,0.8802,2.3299,1.7039,-179.49,-2.98,1,1,4.181,0.0722
117.828,1.0000,0.9248,2.1984,1.6102,-179.33,-4.18,1,1,4.181,0.0722
117.865,1.0000,0.9575,2.5044,1.6382,-179.80,-0.35,1,1,4.181,0.0722
117.917,1.0000,0.5945,3463.5020,-613.7922,179.31,-1.15,1,1,4.181,0.0722
117.953,1.0000,0.4080,3447.6433,-604.3667,178.50,-2.54,1,1,4.181,0.0722
117.990,1.0000,0.2674,3474.4270,-589.9728,179.03,0.13,1,1,4.181,0.0722
118.027,1.0000,0.1696,3481.1587,-582.5346,179.19,-0.90,1,1,4.181,0.0722
118.065,1.0000,0.4112,1.8261,1.3526,-179.87,5.25,1,1,4.181,0.0722
118.103,1.0000,0.5866,2.2067,1.3266,-179.55,6.48,1,1,4.181,0.0722
118.148,1.0000,0.7216,2.2318,1.0072,-179.59,14.88,1,1,4.181,0.0722
118.186,1.0000,0.5120,3468.3159,-710.4268,179.60,17.98,1,1,4.181,0.0722
118.227,1.0000,0.3424,3464.4126,-709.5223,179.35,18.01,1,1,4.181,0.0722
118.268,1.0000,0.2203,3462.3213,-686.3140,179.40,18.57,1,1,4.181,0.0722
118.300,1.0000,0.1486,3469.5981,-652.0984,179.18,17.79,1,1,4.181,0.0722
118.335,1.0000,0.1590,1.4631,0.1871,-178.76,17.68,1,1,4.181,0.0722
118.408,1.0000,0.0673,3485.6970,-696.7647,179.94,18.30,1,1,4.181,0.0722
118.461,1.0000,0.0254,3475.7183,-712.3660,179.60,19.04,1,1,4.181,0.0722
118.515,1.0000,0.1812,2.0318,0.4830,-179.88,17.84,1,1,4.181,0.0722
118.563,1.0000,0.1067,3467.3025,-735.8351,179.94,12.53,1,1,4.181,0.0722
118.605,1.0000,0.0603,3448.7334,-755.1768,179.28,10.86,1,1,4.181,0.0722
118.649,1.0000,0.0266,3473.6157,-675.7697,179.41,12.24,1,1,4.181,0.0722
118.707,1.0000,0.1538,1.8008,0.3843,-179.91,17.42,1,1,4.181,0.0722
118.752,1.0000,0.1887,1.7902,0.2694,-179.67,19.12,1,1,4.181,0.0722
118.797,1.0000,0.2966,2.2082,0.5352,-179.54,19.04,1,1,4.181,0.0722
118.836,1.0000,0.4221,2.2499,0.7276,-179.43,18.91,1,1,4.181,0.0722
118.880,1.0000,0.6314,2.5985,1.0441,-179.53,20.23,1,1,4.181,0.0722
118.919,1.0000,0.7628,2.0391,1.4202,-179.85,17.32,1,1,4.181,0.0722
118.958,1.0000,0.8524,1.8023,1.2130,-179.66,16.58,1,1,4.181,0.0722
119.004,1.0000,0.9200,2.0874,1.2065,-179.94,17.18,1,1,4.181,0.0722
119.046,1.0000,0.6384,3484.3894,-720.6564,179.45,17.72,1,1,4.181,0.0722
119.088,1.0000,0.4310,3462.7898,-713.8998,179.09,13.07,1,1,4.181,0.0722
119.131,1.0000,0.2757,3463.4468,-685.2494,178.83,14.70,1,1,4.181,0.0722
119.186,1.0000,0.1526,3449.9050,-656.8309,178.22,14.23,1,1,4.181,0.0722
119.234,1.0000,0.0834,3443.1484,-655.8291,177.78,13.43,1,1,4.181,0.0722
119.279,1.0000,0.0392,3443.9858,-667.6629,177.90,13.75,1,1,4.181,0.0722
119.326,1.0000,0.0095,3442.0969,-682.6838,178.03,14.70,1,1,4.181,0.0722
119.371,1.0000,0.0000,3462.3591,-687.6977,178.54,16.25,1,1,4.181,0.0722
119.413,1.0000,0.0000,3465.4519,-686.8436,178.65,16.40,1,1,4.181,0.0722
