time_s,gaze_x,gaze_y,raw_x,raw_y,pitch_deg,yaw_deg,ear,blink,face_detected,calibrated,calib_mgae_deg,calib_rmse,calib_point_idx,calib_target_x,calib_target_y,X_feat,Y_feat,loo_mgae_deg,loo_euc_cm,loo_euc_x_cm,loo_euc_y_cm,tap_target_x,tap_target_y
0.611,0.5000,0.5000,0.5000,0.5000,15.29,-66.88,0.760,,1,0,,,,,,14.25610,-2.96204,,,,,,
0.662,0.5000,0.5000,0.5000,0.5000,28.64,-29.18,0.680,,1,0,,,,,,14.13610,-2.93231,,,,,,
0.700,0.5000,0.5000,0.5000,0.5000,-34.75,-79.21,0.637,,1,0,,,,,,14.10686,-2.89455,,,,,,
0.735,0.5000,0.5000,0.5000,0.5000,8.99,-65.67,0.631,,1,0,,,,,,14.06275,-2.91925,,,,,,
0.777,0.5000,0.5000,0.5000,0.5000,-7.97,-26.52,0.632,,1,0,,,,,,13.96186,-2.90673,,,,,,
0.812,0.5000,0.5000,0.5000,0.5000,79.90,29.30,0.648,,1,0,,,,,,13.96462,-2.91516,,,,,,
0.847,0.5000,0.5000,0.5000,0.5000,-49.96,-61.21,0.647,,1,0,,,,,,13.93931,-2.90351,,,,,,
0.881,0.5000,0.5000,0.5000,0.5000,-15.18,-38.40,0.634,,1,0,,,,,,14.02682,-2.92636,,,,,,
0.912,0.5000,0.5000,0.5000,0.5000,-5.97,-27.40,0.629,,1,0,,,,,,14.01920,-2.91637,,,,,,
0.951,0.5000,0.5000,0.5000,0.5000,-36.38,-36.59,0.624,,1,0,,,,,,13.98884,-2.87666,,,,,,
0.987,0.5000,0.5000,0.5000,0.5000,-72.57,66.57,0.633,,1,0,,,,,,14.18937,-2.88819,,,,,,
1.019,0.5000,0.5000,0.5000,0.5000,-9.02,37.77,0.632,,1,0,,,,,,14.66986,-2.87275,,,,,,
1.057,0.5000,0.5000,0.5000,0.5000,-10.64,49.33,0.646,,1,0,,,,,,15.06924,-2.94474,,,,,,
1.090,0.5000,0.5000,0.5000,0.5000,-9.94,-50.33,0.645,,1,0,,,,,,14.95491,-2.91003,,,,,,
1.127,0.5000,0.5000,0.5000,0.5000,-8.92,43.68,0.608,,1,0,,,,,,14.97559,-2.88498,,,,,,
1.166,0.5000,0.5000,0.5000,0.5000,-74.38,65.79,0.607,,1,0,,,,,,14.95377,-2.86792,,,,,,
1.201,0.5000,0.5000,0.5000,0.5000,-75.43,65.93,0.596,,1,0,,,,,,14.86180,-2.85740,,,,,,
1.238,0.5000,0.5000,0.5000,0.5000,-74.69,66.11,0.593,,1,0,,,,,,14.88299,-2.82623,,,,,,
1.273,0.5000,0.5000,0.5000,0.5000,38.70,72.51,0.603,,1,0,,,,,,14.88635,-2.82682,,,,,,
1.303,0.5000,0.5000,0.5000,0.5000,38.94,72.40,0.639,,1,0,,,,,,14.82044,-2.85259,,,,,,
1.346,0.5000,0.5000,0.5000,0.5000,-78.00,66.38,0.629,,1,0,,,,,,14.79575,-2.84747,,,,,,
1.383,0.5000,0.5000,0.5000,0.5000,-71.01,66.45,0.600,,1,0,,,,,,14.70593,-2.77512,,,,,,
1.416,0.5000,0.5000,0.5000,0.5000,32.84,-59.01,0.611,,1,0,,,,,,14.58110,-2.75481,,,,,,
1.443,0.5000,0.5000,0.5000,0.5000,37.12,-41.58,0.589,,1,0,,,,,,14.55684,-2.78340,,,,,,
1.489,0.5000,0.5000,0.5000,0.5000,-5.75,-24.86,0.580,,1,0,,,,,,14.70371,-2.79000,,,,,,
1.524,0.5000,0.5000,0.5000,0.5000,-1.53,-28.60,0.564,,1,0,,,,,,14.66588,-2.78946,,,,,,
1.558,0.5000,0.5000,0.5000,0.5000,-2.11,32.80,0.562,,1,0,,,,,,14.32767,-2.76838,,,,,,
1.591,0.5000,0.5000,0.5000,0.5000,5.00,-68.33,0.563,,1,0,,,,,,14.19393,-2.77945,,,,,,
1.629,0.5000,0.5000,0.5000,0.5000,4.07,-35.93,0.566,,1,0,,,,,,14.26784,-2.78437,,,,,,
1.664,0.5000,0.5000,0.5000,0.5000,-0.57,-33.90,0.572,,1,0,,,,,,14.16437,-2.79022,,,,,,
1.705,0.5000,0.5000,0.5000,0.5000,-4.62,-19.86,0.559,,1,0,,,,,,14.12013,-2.77772,,,,,,
1.738,0.5000,0.5000,0.5000,0.5000,41.49,-33.65,0.564,,1,0,,,,,,14.22216,-2.89661,,,,,,
1.772,0.5000,0.5000,0.5000,0.5000,-4.20,-14.97,0.580,,1,0,,,,,,13.99976,-2.87404,,,,,,
1.808,0.5000,0.5000,0.5000,0.5000,-33.45,66.38,0.500,,1,0,,,,,,14.04673,-3.03182,,,,,,
1.841,0.5000,0.5000,0.5000,0.5000,27.68,-27.32,0.363,,1,0,,,,,,13.70924,-3.21947,,,,,,
1.877,0.5000,0.5000,0.5000,0.5000,-4.49,-20.51,0.390,,1,0,,,,,,12.39246,-3.34291,,,,,,
1.907,0.5000,0.5000,0.5000,0.5000,6.21,-60.60,0.515,,1,0,,,,,,10.65414,-3.38425,,,,,,
1.943,0.5000,0.5000,0.5000,0.5000,5.00,-56.85,0.596,,1,0,,,,,,9.45712,-3.46481,,,,,,
1.970,0.5000,0.5000,0.5000,0.5000,4.09,-53.77,0.641,,1,0,,,,,,8.61048,-3.53203,,,,,,
2.009,0.5000,0.5000,0.5000,0.5000,3.85,-52.33,0.635,,1,0,,,,,,7.96635,-3.57124,,,,,,
2.041,0.5000,0.5000,0.5000,0.5000,2.96,-51.17,0.626,,1,0,,,,,,7.72937,-3.68617,,,,,,
2.076,0.5000,0.5000,0.5000,0.5000,3.39,-50.24,0.609,,1,0,,,,,,7.40297,-3.74544,,,,,,
2.112,0.5000,0.5000,0.5000,0.5000,3.75,-49.24,0.614,,1,0,,,,,,6.97590,-3.79986,,,,,,
2.147,0.5000,0.5000,0.5000,0.5000,3.52,-48.02,0.606,,1,0,,,,,,6.74336,-3.87503,,,,,,
2.183,0.5000,0.5000,0.5000,0.5000,2.77,-48.22,0.600,,1,0,,,,,,6.81083,-3.94271,,,,,,
2.216,0.5000,0.5000,0.5000,0.5000,2.80,-47.40,0.587,,1,0,,,,,,6.68032,-4.02533,,,,,,
2.250,0.5000,0.5000,0.5000,0.5000,-7.83,-31.28,0.598,,1,0,,,,,,6.20527,-3.98046,,,,,,
2.283,0.5000,0.5000,0.5000,0.5000,2.79,-46.18,0.598,,1,0,,,,,,6.06553,-4.01565,,,,,,
2.320,0.5000,0.5000,0.5000,0.5000,2.49,-46.06,0.589,,1,0,,,,,,5.97996,-4.10742,,,,,,
2.360,0.5000,0.5000,0.5000,0.5000,2.43,-45.75,0.603,,1,0,,,,,,5.89155,-4.13647,,,,,,
2.395,0.5000,0.5000,0.5000,0.5000,-7.80,-30.76,0.599,,1,0,,,,,,5.78983,-4.19796,,,,,,
2.434,0.5000,0.5000,0.5000,0.5000,2.81,-44.90,0.601,,1,0,,,,,,5.64291,-4.17584,,,,,,
2.469,0.5000,0.5000,0.5000,0.5000,-7.49,-30.46,0.594,,1,0,,,,,,5.66227,-4.23378,,,,,,
2.507,0.5000,0.5000,0.5000,0.5000,-7.55,-30.32,0.586,,1,0,,,,,,5.56404,-4.21454,,,,,,
2.543,0.5000,0.5000,0.5000,0.5000,-7.20,-29.82,0.600,,1,0,,,,,,5.51315,-4.22598,,,,,,
2.578,0.5000,0.5000,0.5000,0.5000,-7.19,-29.88,0.597,,1,0,,,,,,5.53401,-4.26080,,,,,,
2.610,0.5000,0.5000,0.5000,0.5000,-7.19,-29.67,0.597,,1,0,,,,,,5.54027,-4.28221,,,,,,
2.647,0.5000,0.5000,0.5000,0.5000,-7.23,-29.00,0.603,,1,0,,,,,,5.53814,-4.28769,,,,,,
2.682,0.5000,0.5000,0.5000,0.5000,-7.18,-28.89,0.592,,1,0,,,,,,5.55490,-4.29739,,,,,,
2.717,0.5000,0.5000,0.5000,0.5000,-7.13,-29.35,0.596,,1,0,,,,,,5.59634,-4.31655,,,,,,
2.749,0.5000,0.5000,0.5000,0.5000,-7.21,-29.54,0.595,,1,0,,,,,,5.62084,-4.32676,,,,,,
2.786,0.5000,0.5000,0.5000,0.5000,-7.26,-29.22,0.588,,1,0,,,,,,5.59135,-4.29578,,,,,,
2.825,0.5000,0.5000,0.5000,0.5000,-7.40,-28.73,0.583,,1,0,,,,,,5.61695,-4.30133,,,,,,
2.859,0.5000,0.5000,0.5000,0.5000,-7.50,-28.33,0.581,,1,0,,,,,,5.64432,-4.27852,,,,,,
2.889,0.5000,0.5000,0.5000,0.5000,-7.45,-28.04,0.581,,1,0,,,,,,5.66981,-4.25611,,,,,,
2.923,0.5000,0.5000,0.5000,0.5000,-7.64,-29.15,0.584,,1,0,,,,,,5.76908,-4.25334,,,,,,
2.957,0.5000,0.5000,0.5000,0.5000,2.67,-44.55,0.582,,1,0,,,,,,5.92837,-4.26706,,,,,,
2.990,0.5000,0.5000,0.5000,0.5000,2.74,-46.07,0.510,,1,0,,,,,,6.31852,-4.33815,,,,,,
3.018,0.5000,0.5000,0.5000,0.5000,3.49,-47.20,0.204,,1,0,,,,,,7.91201,-4.46989,,,,,,
3.057,0.5000,0.5000,0.5000,0.5000,3.53,-49.07,0.122,,1,0,,,,,,9.29279,-4.56172,,,,,,
3.090,0.5000,0.5000,0.5000,0.5000,3.48,-50.98,0.119,,1,0,,,,,,10.00272,-4.41276,,,,,,
3.124,0.5000,0.5000,0.5000,0.5000,4.12,-65.79,0.477,,1,0,,,,,,12.94029,-4.12819,,,,,,
3.156,0.5000,0.5000,0.5000,0.5000,-2.31,26.92,0.524,,1,0,,,,,,12.81601,-3.69090,,,,,,
3.187,0.5000,0.5000,0.5000,0.5000,-1.28,25.94,0.614,,1,0,,,,,,12.67156,-3.48711,,,,,,
3.228,0.5000,0.5000,0.5000,0.5000,-1.41,28.98,0.608,,1,0,,,,,,12.84661,-3.38581,,,,,,
3.271,0.5000,0.5000,0.5000,0.5000,2.17,1.39,0.610,,1,0,,,,,,13.03429,-3.35149,,,,,,
3.303,0.5000,0.5000,0.5000,0.5000,-1.27,27.56,0.705,,1,0,,,,,,13.08579,-3.30086,,,,,,
3.337,0.5000,0.5000,0.5000,0.5000,-3.44,-23.38,0.781,,1,0,,,,,,13.05349,-3.29469,,,,,,
3.370,0.5000,0.5000,0.5000,0.5000,-4.41,-65.53,0.820,,1,0,,,,,,12.95754,-3.23183,,,,,,
3.404,0.5000,0.5000,0.5000,0.5000,-0.09,-26.16,0.815,,1,0,,,,,,12.69272,-3.18954,,,,,,
3.440,0.5000,0.5000,0.5000,0.5000,5.07,-31.08,0.767,,1,0,,,,,,12.76373,-3.15161,,,,,,
3.472,0.5000,0.5000,0.5000,0.5000,-14.92,-44.78,0.717,,1,0,,,,,,12.47079,-3.11855,,,,,,
3.506,0.5000,0.5000,0.5000,0.5000,-4.77,-62.98,0.717,,1,0,,,,,,12.34621,-3.08026,,,,,,
3.536,0.5000,0.5000,0.5000,0.5000,-2.72,22.99,0.704,,1,0,,,,,,12.42221,-3.06862,,,,,,
3.575,0.5000,0.5000,0.5000,0.5000,-14.90,-43.76,0.701,,1,0,,,,,,12.14425,-2.95256,,,,,,
3.610,0.5000,0.5000,0.5000,0.5000,11.22,-9.88,0.677,,1,0,,,,,,12.33022,-2.94856,,,,,,
3.644,0.5000,0.5000,0.5000,0.5000,-10.56,-27.12,0.681,,1,0,,,,,,12.35251,-2.92328,,,,,,
3.678,0.5000,0.5000,0.5000,0.5000,-21.33,-31.55,0.696,,1,0,,,,,,12.23249,-2.88691,,,,,,
3.711,0.5000,0.5000,0.5000,0.5000,-22.57,-51.43,0.709,,1,0,,,,,,12.29438,-2.87872,,,,,,
3.745,0.5000,0.5000,0.5000,0.5000,-4.03,-44.80,0.686,,1,0,,,,,,12.34552,-2.87042,,,,,,
3.778,0.5000,0.5000,0.5000,0.5000,-13.87,-54.53,0.693,,1,0,,,,,,12.20031,-2.84134,,,,,,
3.829,0.5000,0.5000,0.5000,0.5000,-0.32,27.71,0.685,,1,0,,,,,,12.63676,-2.86206,,,,,,
3.852,0.5000,0.5000,0.5000,0.5000,-16.33,-28.88,0.643,,1,0,,,,,,13.08292,-2.89377,,,,,,
3.897,0.5000,0.5000,0.5000,0.5000,-2.24,23.99,0.580,,1,0,,,,,,13.07212,-2.87194,,,,,,
3.929,0.5000,0.5000,0.5000,0.5000,-2.67,24.31,0.576,,1,0,,,,,,12.87295,-2.82884,,,,,,
3.966,0.5000,0.5000,0.5000,0.5000,-2.11,25.26,0.575,,1,0,,,,,,12.82964,-2.81494,,,,,,
3.997,0.5000,0.5000,0.5000,0.5000,-2.36,24.42,0.586,,1,0,,,,,,13.04691,-2.80258,,,,,,
4.031,0.5000,0.5000,0.5000,0.5000,-2.26,25.83,0.585,,1,0,,,,,,12.92444,-2.78741,,,,,,
4.067,0.5000,0.5000,0.5000,0.5000,-2.11,26.30,0.591,,1,0,,,,,,12.88918,-2.78678,,,,,,
4.102,0.5000,0.5000,0.5000,0.5000,-2.16,25.78,0.590,,1,0,,,,,,12.96633,-2.79417,,,,,,
4.135,0.5000,0.5000,0.5000,0.5000,-2.02,27.01,0.578,,1,0,,,,,,13.08777,-2.79119,,,,,,
4.171,0.5000,0.5000,0.5000,0.5000,-2.05,27.96,0.559,,1,0,,,,,,13.11081,-2.77248,,,,,,
4.204,0.5000,0.5000,0.5000,0.5000,-14.69,-55.30,0.561,,1,0,,,,,,13.18684,-2.77752,,,,,,
4.245,0.5000,0.5000,0.5000,0.5000,-15.37,-25.79,0.530,,1,0,,,,,,13.40912,-2.77117,,,,,,
4.282,0.5000,0.5000,0.5000,0.5000,16.58,-5.83,0.490,,1,0,,,,,,13.44796,-2.75846,,,,,,
4.323,0.5000,0.5000,0.5000,0.5000,-1.66,-66.33,0.528,,1,0,,,,,,13.58226,-2.74737,,,,,,
4.356,0.5000,0.5000,0.5000,0.5000,0.57,-56.16,0.497,,1,0,,,,,,13.51275,-2.78057,,,,,,
4.390,0.5000,0.5000,0.5000,0.5000,18.54,-73.45,0.508,,1,0,,,,,,13.61646,-2.79528,,,,,,
4.423,0.5000,0.5000,0.5000,0.5000,26.65,-36.23,0.513,,1,0,,,,,,13.44006,-2.77810,,,,,,
4.458,0.5000,0.5000,0.5000,0.5000,3.53,27.71,0.504,,1,0,,,,,,13.44999,-2.79114,,,,,,
4.490,0.5000,0.5000,0.5000,0.5000,-9.86,-26.07,0.488,,1,0,,,,,,13.35935,-2.78136,,,,,,
4.527,0.5000,0.5000,0.5000,0.5000,20.87,-11.62,0.517,,1,0,,,,,,13.31411,-2.78695,,,,,,
4.553,0.5000,0.5000,0.5000,0.5000,-8.89,-15.84,0.520,,1,0,,,,,,13.45306,-2.80134,,,,,,
4.591,0.5000,0.5000,0.5000,0.5000,-59.42,-50.72,0.527,,1,0,,,,,,13.44356,-2.79965,,,,,,
4.625,0.5000,0.5000,0.5000,0.5000,-41.10,-25.69,0.622,,1,0,,,,,,13.37930,-2.81329,,,,,,
4.659,0.5000,0.5000,0.5000,0.5000,-1.68,30.68,0.764,,1,0,,,,,,13.34998,-2.88496,,,,,,
4.690,0.5000,0.5000,0.5000,0.5000,3.76,-5.53,0.815,,1,0,,,,,,12.88941,-2.83320,,,,,,
4.724,0.5000,0.5000,0.5000,0.5000,-1.95,-65.84,0.808,,1,0,,,,,,12.74795,-2.83135,,,,,,
4.759,0.5000,0.5000,0.5000,0.5000,-1.53,27.48,0.832,,1,0,,,,,,12.58584,-2.82662,,,,,,
4.791,0.5000,0.5000,0.5000,0.5000,-2.56,-64.70,0.808,,1,0,,,,,,12.50453,-2.84125,,,,,,
4.829,0.5000,0.5000,0.5000,0.5000,30.99,-51.44,0.785,,1,0,,,,,,12.54247,-2.87862,,,,,,
4.864,0.5000,0.5000,0.5000,0.5000,5.11,-32.04,0.766,,1,0,,,,,,12.47210,-2.85851,,,,,,
4.893,0.5000,0.5000,0.5000,0.5000,27.78,-56.36,0.755,,1,0,,,,,,12.55358,-2.87121,,,,,,
4.929,0.5000,0.5000,0.5000,0.5000,-4.30,-59.92,0.754,,1,0,,,,,,12.60321,-2.87842,,,,,,
4.969,0.5000,0.5000,0.5000,0.5000,-1.84,26.09,0.755,,1,0,,,,,,12.73438,-2.89518,,,,,,
5.000,0.5000,0.5000,0.5000,0.5000,-2.08,26.54,0.716,,1,0,,,,,,12.74728,-2.84743,,,,,,
5.032,0.5000,0.5000,0.5000,0.5000,-52.74,-46.72,0.721,,1,0,,,,,,12.79762,-2.84086,,,,,,
5.071,0.5000,0.5000,0.5000,0.5000,23.37,77.28,0.702,,1,0,,,,,,12.86378,-2.85645,,,,,,
5.102,0.5000,0.5000,0.5000,0.5000,2.85,-32.01,0.708,,1,0,,,,,,12.98735,-2.89581,,,,,,
5.138,0.5000,0.5000,0.5000,0.5000,-15.61,-28.44,0.672,,1,0,,,,,,13.26927,-2.97889,,,,,,
5.173,0.5000,0.5000,0.5000,0.5000,3.79,1.97,0.690,,1,0,,,,,,13.27058,-3.00842,,,,,,
5.210,0.5000,0.5000,0.5000,0.5000,2.32,-69.95,0.684,,1,0,,,,,,13.36453,-3.04810,,,,,,
5.245,0.5000,0.5000,0.5000,0.5000,-16.55,-36.24,0.667,,1,0,,,,,,13.44000,-3.04029,,,,,,
5.281,0.5000,0.5000,0.5000,0.5000,-8.89,-30.05,0.627,,1,0,,,,,,13.36357,-3.02613,,,,,,
5.317,0.5000,0.5000,0.5000,0.5000,-1.09,31.86,0.622,,1,0,,,,,,13.56987,-3.02834,,,,,,
5.352,0.5000,0.5000,0.5000,0.5000,-29.32,-17.41,0.599,,1,0,,,,,,13.55685,-3.00971,,,,,,
5.376,0.5000,0.5000,0.5000,0.5000,30.04,0.45,0.552,,1,0,,,,,,13.76419,-2.98622,,,,,,
5.423,0.5000,0.5000,0.5000,0.5000,-2.81,-11.09,0.402,,1,0,,,,,,14.00308,-2.95711,,,,,,
5.458,0.5000,0.5000,0.5000,0.5000,3.33,4.80,0.339,,1,0,,,,,,13.95190,-2.89005,,,,,,
5.494,0.5000,0.5000,0.5000,0.5000,-59.45,-71.58,0.359,,1,0,,,,,,13.75483,-2.85190,,,,,,
5.529,0.5000,0.5000,0.5000,0.5000,7.85,9.47,0.386,,1,0,,,,,,13.64042,-2.83251,,,,,,
5.561,0.5000,0.5000,0.5000,0.5000,-8.60,-33.28,0.393,,1,0,,,,,,13.66451,-2.83390,,,,,,
5.601,0.5000,0.5000,0.5000,0.5000,-10.60,-22.39,0.382,,1,0,,,,,,13.86836,-2.85917,,,,,,
5.635,0.5000,0.5000,0.5000,0.5000,-12.13,-21.95,0.411,,1,0,,,,,,14.10532,-2.90645,,,,,,
5.671,0.5000,0.5000,0.5000,0.5000,-0.62,-45.27,0.444,,1,0,,,,,,14.08740,-2.91779,,,,,,
5.704,0.5000,0.5000,0.5000,0.5000,0.73,-5.78,0.450,,1,0,,,,,,13.84509,-2.93329,,,,,,
5.739,0.5000,0.5000,0.5000,0.5000,0.53,0.59,0.532,,1,0,,,,,,13.59430,-2.94240,,,,,,
5.776,0.5000,0.5000,0.5000,0.5000,7.25,-36.48,0.593,,1,0,,,,,,13.49010,-2.94105,,,,,,
5.807,0.5000,0.5000,0.5000,0.5000,34.25,-59.82,0.686,,1,0,,,,,,13.27368,-2.98350,,,,,,
5.844,0.5000,0.5000,0.5000,0.5000,-1.34,28.86,0.714,,1,0,,,,,,13.07853,-2.98044,,,,,,
5.882,0.5000,0.5000,0.5000,0.5000,-1.61,27.13,0.685,,1,0,,,,,,13.14137,-3.03283,,,,,,
5.916,0.5000,0.5000,0.5000,0.5000,-1.03,28.31,0.691,,1,0,,,,,,12.88202,-3.01600,,,,,,
5.949,0.5000,0.5000,0.5000,0.5000,-1.25,28.07,0.682,,1,0,,,,,,12.78530,-3.02497,,,,,,
5.985,0.5000,0.5000,0.5000,0.5000,-2.89,-65.02,0.678,,1,0,,,,,,12.87686,-3.07334,,,,,,
6.011,0.5000,0.5000,0.5000,0.5000,-0.45,28.62,0.699,,1,0,,,,,,12.58234,-3.03276,,,,,,
6.054,0.5000,0.5000,0.5000,0.5000,-1.60,27.54,0.694,,1,0,,,,,,12.67545,-3.08669,,,,,,
6.090,0.5000,0.5000,0.5000,0.5000,-2.78,-64.97,0.684,,1,0,,,,,,12.72581,-3.11831,,,,,,
6.126,0.5000,0.5000,0.5000,0.5000,-2.69,25.70,0.643,,1,0,,,,,,12.79015,-3.17275,,,,,,
6.161,0.5000,0.5000,0.5000,0.5000,0.18,-23.13,0.678,,1,0,,,,,,12.34816,-3.11986,,,,,,
6.195,0.5000,0.5000,0.5000,0.5000,4.35,-39.14,0.671,,1,0,,,,,,12.32711,-3.15061,,,,,,
6.228,0.5000,0.5000,0.5000,0.5000,-3.20,-64.52,0.664,,1,0,,,,,,12.27116,-3.14909,,,,,,
6.263,0.5000,0.5000,0.5000,0.5000,-10.68,-17.57,0.655,,1,0,,,,,,12.21035,-3.14094,,,,,,
6.296,0.5000,0.5000,0.5000,0.5000,0.23,28.80,0.668,,1,0,,,,,,12.14826,-3.14308,,,,,,
6.335,0.5000,0.5000,0.5000,0.5000,-3.53,-64.49,0.656,,1,0,,,,,,12.27681,-3.17337,,,,,,
6.369,0.5000,0.5000,0.5000,0.5000,4.50,-30.42,0.652,,1,0,,,,,,12.21128,-3.17349,,,,,,
6.405,0.5000,0.5000,0.5000,0.5000,-8.79,-16.96,0.651,,1,0,,,,,,12.22924,-3.18495,,,,,,
6.441,0.5000,0.5000,0.5000,0.5000,-15.21,-45.26,0.658,,1,0,,,,,,12.13527,-3.17671,,,,,,
6.474,0.5000,0.5000,0.5000,0.5000,-19.27,-28.32,0.642,,1,0,,,,,,12.09698,-3.18257,,,,,,
6.511,0.5000,0.5000,0.5000,0.5000,-15.88,-23.06,0.642,,1,0,,,,,,12.09324,-3.20281,,,,,,
6.548,0.5000,0.5000,0.5000,0.5000,-4.55,-17.05,0.636,,1,0,,,,,,12.00169,-3.20592,,,,,,
6.579,0.5000,0.5000,0.5000,0.5000,-2.39,-62.76,0.643,,1,0,,,,,,12.04590,-3.21588,,,,,,
6.610,0.5000,0.5000,0.5000,0.5000,-1.96,22.73,0.649,,1,0,,,,,,12.23264,-3.24566,,,,,,
6.651,0.5000,0.5000,0.5000,0.5000,-13.03,-45.29,0.655,,1,0,,,,,,12.55386,-3.26744,,,,,,
6.684,0.5000,0.5000,0.5000,0.5000,5.59,-29.70,0.640,,1,0,,,,,,12.54973,-3.25001,,,,,,
6.724,0.5000,0.5000,0.5000,0.5000,-1.30,-63.83,0.644,,1,0,,,,,,12.51617,-3.21339,,,,,,
6.766,0.5000,0.5000,0.5000,0.5000,-1.19,25.21,0.647,,1,0,,,,,,12.49859,-3.19884,,,,,,
6.800,0.5000,0.5000,0.5000,0.5000,2.35,-25.78,0.659,,1,0,,,,,,12.62046,-3.20086,,,,,,
6.832,0.5000,0.5000,0.5000,0.5000,-1.58,-63.91,0.656,,1,0,,,,,,12.71811,-3.20278,,,,,,
6.867,0.5000,0.5000,0.5000,0.5000,-42.48,-51.50,0.657,,1,0,,,,,,12.66944,-3.19399,,,,,,
6.900,0.5000,0.5000,0.5000,0.5000,-1.51,28.29,0.647,,1,0,,,,,,12.87824,-3.21784,,,,,,
6.932,0.5000,0.5000,0.5000,0.5000,-0.78,-64.43,0.662,,1,0,,,,,,13.07836,-3.17201,,,,,,
6.970,0.5000,0.5000,0.5000,0.5000,4.11,-36.92,0.654,,1,0,,,,,,12.86667,-3.11153,,,,,,
7.004,0.5000,0.5000,0.5000,0.5000,-2.10,25.65,0.672,,1,0,,,,,,12.79592,-3.08149,,,,,,
7.037,0.5000,0.5000,0.5000,0.5000,-2.01,26.48,0.675,,1,0,,,,,,12.82748,-3.04220,,,,,,
7.075,0.5000,0.5000,0.5000,0.5000,-1.96,27.16,0.683,,1,0,,,,,,12.96117,-3.05764,,,,,,
7.104,0.5000,0.5000,0.5000,0.5000,-2.28,26.88,0.666,,1,0,,,,,,12.97433,-3.03304,,,,,,
7.141,0.5000,0.5000,0.5000,0.5000,-2.06,25.99,0.645,,1,0,,,,,,13.11468,-3.03537,,,,,,
7.181,0.5000,0.5000,0.5000,0.5000,-1.98,25.67,0.641,,1,0,,,,,,13.12943,-3.05203,,,,,,
7.209,0.5000,0.5000,0.5000,0.5000,-2.26,26.74,0.651,,1,0,,,,,,13.08794,-3.05130,,,,,,
7.250,0.5000,0.5000,0.5000,0.5000,-2.27,26.87,0.660,,1,0,,,,,,13.12407,-3.06953,,,,,,
7.281,0.5000,0.5000,0.5000,0.5000,-2.04,27.43,0.671,,1,0,,,,,,13.09854,-3.06034,,,,,,
7.315,0.5000,0.5000,0.5000,0.5000,-2.21,26.84,0.660,,1,0,,,,,,13.04484,-3.03316,,,,,,
7.348,0.5000,0.5000,0.5000,0.5000,-2.36,26.43,0.662,,1,0,,,,,,13.02927,-3.03434,,,,,,
7.411,0.5000,0.5000,0.5000,0.5000,-2.18,28.00,0.673,,1,0,,,,,,13.14923,-3.01790,,,,,,
7.447,0.5000,0.5000,0.5000,0.5000,-2.33,28.04,0.670,,1,0,,,,,,13.17530,-3.02161,,,,,,
7.479,0.5000,0.5000,0.5000,0.5000,-1.25,-1.37,0.658,,1,0,,,,,,13.20488,-3.02889,,,,,,
7.516,0.5000,0.5000,0.5000,0.5000,14.97,-28.10,0.568,,1,0,,,,,,13.28582,-3.05931,,,,,,
7.552,0.5000,0.5000,0.5000,0.5000,31.37,-7.98,0.394,,1,0,,,,,,13.62825,-3.06453,,,,,,
7.584,0.5000,0.5000,0.5000,0.5000,1.58,-66.74,0.354,,1,0,,,,,,13.65967,-3.05777,,,,,,
7.622,0.5000,0.5000,0.5000,0.5000,-6.77,-40.80,0.334,,1,0,,,,,,13.72537,-3.11621,,,,,,
7.660,0.5000,0.5000,0.5000,0.5000,-1.76,29.87,0.361,,1,0,,,,,,13.69248,-3.12790,,,,,,
7.692,0.5000,0.5000,0.5000,0.5000,3.65,-73.10,0.376,,1,0,,,,,,13.84414,-3.15646,,,,,,
7.726,0.5000,0.5000,0.5000,0.5000,-1.09,3.39,0.425,,1,0,,,,,,13.86984,-3.12411,,,,,,
7.761,0.5000,0.5000,0.5000,0.5000,2.23,-24.31,0.486,,1,0,,,,,,13.55971,-3.05386,,,,,,
7.793,0.5000,0.5000,0.5000,0.5000,-16.28,-29.92,0.532,,1,0,,,,,,13.48394,-3.03080,,,,,,
7.829,0.5000,0.5000,0.5000,0.5000,66.95,-43.52,0.552,,1,0,,,,,,13.54135,-3.02842,,,,,,
7.865,0.5000,0.5000,0.5000,0.5000,0.64,-34.49,0.591,,1,0,,,,,,13.55888,-3.02752,,,,,,
7.903,0.5000,0.5000,0.5000,0.5000,0.87,-66.02,0.588,,1,0,,,,,,13.47341,-3.01344,,,,,,
7.935,0.5000,0.5000,0.5000,0.5000,0.99,-66.00,0.589,,1,0,,,,,,13.42917,-3.01141,,,,,,
7.969,0.5000,0.5000,0.5000,0.5000,-1.76,29.29,0.587,,1,0,,,,,,13.46534,-3.03478,,,,,,
8.003,0.5000,0.5000,0.5000,0.5000,6.05,-35.61,0.601,,1,0,,,,,,13.38593,-3.01200,,,,,,
8.036,0.5000,0.5000,0.5000,0.5000,-5.66,-24.21,0.614,,1,0,,,,,,13.33068,-3.02609,,,,,,
8.077,0.5000,0.5000,0.5000,0.5000,-28.11,-76.60,0.641,,1,0,,,,,,13.37566,-3.03774,,,,,,
8.111,0.5000,0.5000,0.5000,0.5000,1.33,-18.17,0.648,,1,0,,,,,,13.39656,-3.04387,,,,,,
8.144,0.5000,0.5000,0.5000,0.5000,-2.82,27.04,0.602,,1,0,,,,,,13.51880,-3.10315,,,,,,
8.177,0.5000,0.5000,0.5000,0.5000,-19.72,14.82,0.542,,1,0,,,,,,13.57511,-3.32694,,,,,,
8.215,0.5000,0.5000,0.5000,0.5000,-8.05,-8.04,0.513,,1,0,,,,,,13.42403,-3.62462,,,,,,
8.249,0.5000,0.5000,0.5000,0.5000,9.19,-64.91,0.513,,1,0,,,,,,13.34315,-3.90522,,,,,,
8.283,0.5000,0.5000,0.5000,0.5000,2.69,-25.43,0.569,,1,0,,,,,,13.05347,-3.98833,,,,,,
8.320,0.5000,0.5000,0.5000,0.5000,-72.38,66.54,0.485,,1,0,,,,,,13.35871,-4.34931,,,,,,
8.356,0.5000,0.5000,0.5000,0.5000,11.39,-64.44,0.509,,1,0,,,,,,13.40365,-4.49697,,,,,,
8.387,0.5000,0.5000,0.5000,0.5000,-3.71,-32.71,0.434,,1,0,,,,,,14.00978,-4.90672,,,,,,
8.410,0.5000,0.5000,0.5000,0.5000,-73.22,65.72,0.346,,1,0,,,,,,14.01554,-4.96129,,,,,,
8.451,0.5000,0.5000,0.5000,0.5000,-13.02,48.08,0.291,,1,0,,,,,,14.24928,-5.24809,,,,,,
8.490,0.5000,0.5000,0.5000,0.5000,-12.41,45.51,0.327,,1,0,,,,,,14.01340,-5.39909,,,,,,
8.526,0.5000,0.5000,0.5000,0.5000,-13.39,47.58,0.394,,1,0,,,,,,13.93990,-5.62248,,,,,,
8.572,0.5000,0.5000,0.5000,0.5000,-7.92,36.59,0.503,,1,0,,,,,,14.35830,-6.04554,,,,,,
8.615,0.5000,0.5000,0.5000,0.5000,22.53,-40.01,0.470,,1,0,,,,,,14.27591,-6.31593,,,,,,
8.655,0.5000,0.5000,0.5000,0.5000,-72.87,66.71,0.396,,1,0,,,,,,14.64481,-6.71848,,,,,,
8.689,0.5000,0.5000,0.5000,0.5000,25.62,-69.95,0.368,,1,0,,,,,,14.53616,-6.79812,,,,,,
8.725,0.5000,0.5000,0.5000,0.5000,-27.00,63.20,0.470,,1,0,,,,,,15.41928,-8.56648,,,,,,
8.758,0.5000,0.5000,0.5000,0.5000,-25.92,62.59,0.489,,1,0,,,,,,14.58315,-8.31638,,,,,,
8.793,0.5000,0.5000,0.5000,0.5000,3.79,-54.17,0.615,,1,0,,,,,,14.14377,-8.47366,,,,,,
8.826,0.5000,0.5000,0.5000,0.5000,-75.96,67.17,0.864,,1,0,,,,,,15.35437,-9.28171,,,,,,
8.864,0.5000,0.5000,0.5000,0.5000,5.28,-55.14,0.848,,1,0,,,,,,15.64607,-9.58769,,,,,,
8.899,0.5000,0.5000,0.5000,0.5000,-34.99,65.11,0.857,,1,0,,,,,,15.70891,-9.71330,,,,,,
8.934,0.5000,0.5000,0.5000,0.5000,-42.24,68.65,0.691,,1,0,,,,,,15.62887,-9.79295,,,,,,
8.968,0.5000,0.5000,0.5000,0.5000,-41.65,68.87,0.688,,1,0,,,,,,15.25854,-9.46127,,,,,,
8.996,0.5000,0.5000,,,,,,,0,0,,,,,,,,,,,,,
9.032,0.5000,0.5000,,,,,,,0,0,,,,,,,,,,,,,
9.061,0.5000,0.5000,,,,,,,0,0,,,,,,,,,,,,,
9.092,0.5000,0.5000,0.5000,0.5000,-52.52,74.12,0.628,,1,0,,,,,,19.56093,-12.42326,,,,,,
9.123,0.5000,0.5000,,,,,,,0,0,,,,,,,,,,,,,
9.153,0.5000,0.5000,0.5000,0.5000,-45.86,69.10,0.408,,1,0,,,,,,16.28099,-10.16181,,,,,,
9.194,0.5000,0.5000,0.5000,0.5000,-44.77,67.58,0.480,,1,0,,,,,,14.89762,-9.10523,,,,,,
9.229,0.5000,0.5000,0.5000,0.5000,-44.83,67.17,0.535,,1,0,,,,,,14.26906,-8.46235,,,,,,
9.259,0.5000,0.5000,0.5000,0.5000,-45.08,67.68,0.548,,1,0,,,,,,14.19053,-8.40656,,,,,,
9.288,0.5000,0.5000,,,,,,,0,0,,,,,,,,,,,,,
9.314,0.5000,0.5000,,,,,,,0,0,,,,,,,,,,,,,
9.349,0.5000,0.5000,,,,,,,0,0,,,,,,,,,,,,,
9.415,0.5000,0.5000,0.5000,0.5000,-83.68,32.98,0.457,,1,0,,,,,,13.67064,-7.74787,,,,,,
9.445,0.5000,0.5000,0.5000,0.5000,54.32,-67.87,0.482,,1,0,,,,,,13.03933,-7.30514,,,,,,
9.491,0.5000,0.5000,0.5000,0.5000,-40.72,61.75,0.522,,1,0,,,,,,12.69888,-7.00770,,,,,,
9.524,0.5000,0.5000,0.5000,0.5000,-41.09,62.24,0.552,,1,0,,,,,,12.69720,-7.01432,,,,,,
9.557,0.5000,0.5000,0.5000,0.5000,-42.45,62.95,0.556,,1,0,,,,,,12.81440,-7.09090,,,,,,
9.583,0.5000,0.5000,0.5000,0.5000,-41.76,63.46,0.547,,1,0,,,,,,12.83352,-7.01554,,,,,,
9.625,0.5000,0.5000,0.5000,0.5000,-40.44,64.32,0.571,,1,0,,,,,,13.38403,-7.29168,,,,,,
9.658,0.5000,0.5000,0.5000,0.5000,-37.04,62.62,0.574,,1,0,,,,,,13.66794,-7.26006,,,,,,
9.694,0.5000,0.5000,0.5000,0.5000,-33.42,59.93,0.616,,1,0,,,,,,13.16593,-6.84115,,,,,,
9.727,0.5000,0.5000,0.5000,0.5000,-32.90,58.74,0.580,,1,0,,,,,,13.05345,-6.69185,,,,,,
9.767,0.5000,0.5000,0.5000,0.5000,-27.48,54.25,0.587,,1,0,,,,,,13.22752,-6.65775,,,,,,
9.799,0.5000,0.5000,0.5000,0.5000,-24.81,50.42,0.613,,1,0,,,,,,13.15046,-6.60669,,,,,,
9.834,0.5000,0.5000,0.5000,0.5000,-22.42,46.86,0.607,,1,0,,,,,,12.64144,-6.31833,,,,,,
9.869,0.5000,0.5000,0.5000,0.5000,-19.07,44.25,0.671,,1,0,,,,,,12.25625,-6.07956,,,,,,
9.902,0.5000,0.5000,0.5000,0.5000,-16.01,38.91,0.662,,1,0,,,,,,12.00259,-5.81527,,,,,,
9.934,0.5000,0.5000,0.5000,0.5000,-16.86,40.88,0.655,,1,0,,,,,,12.03178,-5.67756,,,,,,
9.971,0.5000,0.5000,0.5000,0.5000,4.09,-46.41,0.658,,1,0,,,,,,11.80519,-5.38838,,,,,,
10.003,0.5000,0.5000,0.5000,0.5000,-8.46,21.17,0.606,,1,0,,,,,,12.08054,-5.37050,,,,,,
10.041,0.5000,0.5000,0.5000,0.5000,4.59,-44.85,0.586,,1,0,,,,,,12.07160,-5.21271,,,,,,
10.076,0.5000,0.5000,0.5000,0.5000,16.42,-35.50,0.574,,1,0,,,,,,12.07893,-5.11950,,,,,,
10.111,0.5000,0.5000,0.5000,0.5000,2.23,-45.51,0.567,,1,0,,,,,,12.31375,-5.16408,,,,,,
10.145,0.5000,0.5000,0.5000,0.5000,1.95,-45.45,0.571,,1,0,,,,,,12.37886,-5.17014,,,,,,
10.176,0.5000,0.5000,0.5000,0.5000,1.55,-44.99,0.574,,1,0,,,,,,12.16753,-5.03598,,,,,,
10.209,0.5000,0.5000,0.5000,0.5000,-8.90,26.68,0.561,,1,0,,,,,,12.10069,-5.03417,,,,,,
10.246,0.5000,0.5000,0.5000,0.5000,-76.37,67.34,0.595,,1,0,,,,,,11.91615,-4.97362,,,,,,
10.280,0.5000,0.5000,0.5000,0.5000,19.87,-61.80,0.628,,1,0,,,,,,12.01767,-4.96386,,,,,,
10.318,0.5000,0.5000,0.5000,0.5000,19.92,-61.84,0.627,,1,0,,,,,,11.94910,-4.94955,,,,,,
10.354,0.5000,0.5000,0.5000,0.5000,-9.32,28.11,0.628,,1,0,,,,,,11.98488,-4.98854,,,,,,
10.384,0.5000,0.5000,0.5000,0.5000,-8.99,27.69,0.630,,1,0,,,,,,11.97796,-4.98817,,,,,,
10.412,0.5000,0.5000,0.5000,0.5000,-8.99,26.86,0.637,,1,0,,,,,,11.83210,-4.97182,,,,,,
10.450,0.5000,0.5000,0.5000,0.5000,-9.17,26.94,0.632,,1,0,,,,,,11.60361,-4.97800,,,,,,
10.484,0.5000,0.5000,0.5000,0.5000,-8.71,25.90,0.630,,1,0,,,,,,11.30073,-4.93998,,,,,,
10.519,0.5000,0.5000,0.5000,0.5000,7.44,-21.57,0.624,,1,0,,,,,,11.12473,-4.93943,,,,,,
10.556,0.5000,0.5000,0.5000,0.5000,-8.01,26.52,0.628,,1,0,,,,,,10.96760,-4.92989,,,,,,
10.587,0.5000,0.5000,0.5000,0.5000,16.77,-61.09,0.633,,1,0,,,,,,10.73084,-4.94011,,,,,,
10.620,0.5000,0.5000,0.5000,0.5000,-7.66,25.70,0.631,,1,0,,,,,,10.64883,-4.92100,,,,,,
10.655,0.5000,0.5000,0.5000,0.5000,-7.57,24.64,0.634,,1,0,,,,,,10.48825,-4.89728,,,,,,
10.687,0.5000,0.5000,0.5000,0.5000,15.09,-60.38,0.630,,1,0,,,,,,10.42122,-4.89637,,,,,,
10.726,0.5000,0.5000,0.5000,0.5000,14.86,-60.51,0.641,,1,0,,,,,,10.35815,-4.89698,,,,,,
10.757,0.5000,0.5000,0.5000,0.5000,14.72,-60.48,0.626,,1,0,,,,,,10.33139,-4.95797,,,,,,
10.792,0.5000,0.5000,0.5000,0.5000,13.78,-60.29,0.629,,1,0,,,,,,10.25761,-4.95174,,,,,,
10.821,0.5000,0.5000,0.5000,0.5000,6.66,-31.53,0.632,,1,0,,,,,,10.26549,-4.95919,,,,,,
10.857,0.5000,0.5000,0.5000,0.5000,-6.65,26.13,0.627,,1,0,,,,,,10.20766,-4.93524,,,,,,
10.893,0.5000,0.5000,0.5000,0.5000,-6.70,26.22,0.629,,1,0,,,,,,10.22610,-4.91649,,,,,,
10.926,0.5000,0.5000,0.5000,0.5000,11.85,-61.10,0.627,,1,0,,,,,,10.25097,-4.91808,,,,,,
10.962,0.5000,0.5000,0.5000,0.5000,11.15,-61.39,0.610,,1,0,,,,,,10.26781,-4.88502,,,,,,
10.996,0.5000,0.5000,0.5000,0.5000,-5.97,26.31,0.595,,1,0,,,,,,10.46932,-4.85243,,,,,,
11.025,0.5000,0.5000,0.5000,0.5000,-0.59,-23.67,0.620,,1,0,,,,,,10.87352,-4.79972,,,,,,
11.064,0.5000,0.5000,0.5000,0.5000,11.87,-52.19,0.633,,1,0,,,,,,11.28461,-4.76497,,,,,,
11.100,0.5000,0.5000,0.5000,0.5000,-7.00,21.54,0.667,,1,0,,,,,,11.40904,-4.72413,,,,,,
11.133,0.5000,0.5000,0.5000,0.5000,-6.01,-46.75,0.658,,1,0,,,,,,11.40361,-4.68070,,,,,,
11.166,0.5000,0.5000,0.5000,0.5000,-6.16,-47.34,0.653,,1,0,,,,,,11.57893,-4.75604,,,,,,
11.201,0.5000,0.5000,0.5000,0.5000,-7.33,16.87,0.645,,1,0,,,,,,11.55449,-4.67947,,,,,,
11.250,0.5000,0.5000,0.5000,0.5000,-8.49,29.76,0.633,,1,0,,,,,,11.65622,-4.73570,,,,,,
11.282,0.5000,0.5000,0.5000,0.5000,-11.58,46.58,0.625,,1,0,,,,,,11.71506,-4.72460,,,,,,
11.317,0.5000,0.5000,0.5000,0.5000,-9.28,35.77,0.621,,1,0,,,,,,11.77904,-4.73439,,,,,,
11.351,0.5000,0.5000,0.5000,0.5000,-6.48,-47.38,0.627,,1,0,,,,,,11.61967,-4.64383,,,,,,
11.383,0.5000,0.5000,0.5000,0.5000,-9.69,36.22,0.646,,1,0,,,,,,11.54503,-4.56061,,,,,,
11.419,0.5000,0.5000,0.5000,0.5000,-7.02,19.95,0.639,,1,0,,,,,,11.63244,-4.57500,,,,,,
11.455,0.5000,0.5000,0.5000,0.5000,-7.73,26.62,0.609,,1,0,,,,,,11.75056,-4.56450,,,,,,
11.489,0.5000,0.5000,0.5000,0.5000,-6.66,21.00,0.578,,1,0,,,,,,11.99808,-4.64739,,,,,,
11.522,0.5000,0.5000,0.5000,0.5000,-4.18,9.71,0.586,,1,0,,,,,,11.77927,-4.49763,,,,,,
11.558,0.5000,0.5000,0.5000,0.5000,-8.68,31.93,0.606,,1,0,,,,,,12.00241,-4.48444,,,,,,
11.593,0.5000,0.5000,0.5000,0.5000,-8.93,33.39,0.605,,1,0,,,,,,12.05618,-4.46314,,,,,,
11.632,0.5000,0.5000,0.5000,0.5000,-7.78,24.15,0.617,,1,0,,,,,,12.14171,-4.49564,,,,,,
11.666,0.5000,0.5000,0.5000,0.5000,9.64,-63.88,0.610,,1,0,,,,,,12.20237,-4.46606,,,,,,
11.702,0.5000,0.5000,0.5000,0.5000,-9.57,34.02,0.617,,1,0,,,,,,12.22307,-4.45876,,,,,,
11.737,0.5000,0.5000,0.5000,0.5000,-8.30,27.87,0.609,,1,0,,,,,,12.17501,-4.40438,,,,,,
11.771,0.5000,0.5000,0.5000,0.5000,-5.39,-47.26,0.597,,1,0,,,,,,12.38323,-4.45210,,,,,,
11.808,0.5000,0.5000,0.5000,0.5000,-8.64,29.92,0.607,,1,0,,,,,,12.35115,-4.40832,,,,,,
11.845,0.5000,0.5000,0.5000,0.5000,-9.42,34.44,0.599,,1,0,,,,,,12.39969,-4.40290,,,,,,
11.878,0.5000,0.5000,0.5000,0.5000,-9.80,37.17,0.605,,1,0,,,,,,12.41625,-4.40848,,,,,,
11.913,0.5000,0.5000,0.5000,0.5000,-8.07,27.77,0.602,,1,0,,,,,,12.40113,-4.40443,,,,,,
11.946,0.5000,0.5000,0.5000,0.5000,-8.13,29.00,0.609,,1,0,,,,,,12.73784,-4.50480,,,,,,
11.970,0.5000,0.5000,0.5000,0.5000,-5.89,-47.78,0.601,,1,0,,,,,,12.80500,-4.50317,,,,,,
12.014,0.5000,0.5000,0.5000,0.5000,-5.92,17.58,0.595,,1,0,,,,,,12.63055,-4.41917,,,,,,
12.049,0.5000,0.5000,0.5000,0.5000,-8.55,30.48,0.598,,1,0,,,,,,12.58678,-4.41185,,,,,,
12.074,0.5000,0.5000,0.5000,0.5000,-5.96,-47.14,0.590,,1,0,,,,,,12.55796,-4.38743,,,,,,
12.111,0.5000,0.5000,0.5000,0.5000,-8.57,30.96,0.588,,1,0,,,,,,12.48233,-4.34926,,,,,,
12.150,0.5000,0.5000,0.5000,0.5000,-10.32,39.87,0.577,,1,0,,,,,,12.58179,-4.37329,,,,,,
12.184,0.5000,0.5000,0.5000,0.5000,-5.85,-47.34,0.587,,1,0,,,,,,12.53980,-4.36631,,,,,,
12.218,0.5000,0.5000,0.5000,0.5000,-9.47,37.42,0.585,,1,0,,,,,,12.64068,-4.37071,,,,,,
12.256,0.5000,0.5000,0.5000,0.5000,-6.28,22.32,0.573,,1,0,,,,,,12.64412,-4.31925,,,,,,
12.291,0.5000,0.5000,0.5000,0.5000,-0.35,7.95,0.579,,1,0,,,,,,12.59986,-4.29020,,,,,,
12.328,0.5000,0.5000,0.5000,0.5000,-8.49,33.99,0.583,,1,0,,,,,,12.58556,-4.27420,,,,,,
12.362,0.5000,0.5000,0.5000,0.5000,-72.14,66.68,0.601,,1,0,,,,,,12.60760,-4.24395,,,,,,
12.397,0.5000,0.5000,0.5000,0.5000,-82.58,66.53,0.601,,1,0,,,,,,12.63081,-4.24468,,,,,,
12.434,0.5000,0.5000,0.5000,0.5000,-74.37,66.92,0.610,,1,0,,,,,,12.61837,-4.20268,,,,,,
12.471,0.5000,0.5000,0.5000,0.5000,36.67,72.36,0.617,,1,0,,,,,,12.64075,-4.21685,,,,,,
12.500,0.5000,0.5000,0.5000,0.5000,36.23,72.28,0.585,,1,0,,,,,,12.70377,-4.20065,,,,,,
12.542,0.5000,0.5000,0.5000,0.5000,-7.91,50.42,0.584,,1,0,,,,,,12.71811,-4.21023,,,,,,
12.578,0.5000,0.5000,0.5000,0.5000,-72.01,66.66,0.593,,1,0,,,,,,12.77351,-4.20415,,,,,,
12.617,0.5000,0.5000,0.5000,0.5000,-71.48,65.72,0.603,,1,0,,,,,,12.74965,-4.17023,,,,,,
12.650,0.5000,0.5000,0.5000,0.5000,-83.33,66.66,0.602,,1,0,,,,,,12.80115,-4.16677,,,,,,
12.687,0.5000,0.5000,0.5000,0.5000,-73.12,66.75,0.605,,1,0,,,,,,12.78221,-4.16084,,,,,,
12.717,0.5000,0.5000,0.5000,0.5000,-10.05,39.24,0.597,,1,0,,,,,,12.76468,-4.15993,,,,,,
12.755,0.5000,0.5000,0.5000,0.5000,-6.70,25.76,0.601,,1,0,,,,,,12.79215,-4.17023,,,,,,
12.792,0.5000,0.5000,0.5000,0.5000,-6.27,-46.96,0.593,,1,0,,,,,,12.70900,-4.15097,,,,,,
12.825,0.5000,0.5000,0.5000,0.5000,-9.62,36.28,0.581,,1,0,,,,,,12.69461,-4.17561,,,,,,
12.858,0.5000,0.5000,0.5000,0.5000,34.87,72.65,0.579,,1,0,,,,,,12.67100,-4.17352,,,,,,
12.890,0.5000,0.5000,0.5000,0.5000,-9.19,32.96,0.587,,1,0,,,,,,12.56561,-4.20100,,,,,,
12.923,0.5000,0.5000,0.5000,0.5000,-9.29,36.27,0.584,,1,0,,,,,,12.67974,-4.24669,,,,,,
12.960,0.5000,0.5000,0.5000,0.5000,-12.27,48.18,0.581,,1,0,,,,,,12.64299,-4.23476,,,,,,
12.995,0.5000,0.5000,0.5000,0.5000,-73.04,65.59,0.589,,1,0,,,,,,12.59338,-4.28111,,,,,,
13.034,0.5000,0.5000,0.5000,0.5000,-73.83,66.32,0.574,,1,0,,,,,,12.62331,-4.29529,,,,,,
13.072,0.5000,0.5000,0.5000,0.5000,-9.46,34.62,0.563,,1,0,,,,,,12.58212,-4.28233,,,,,,
13.112,0.5000,0.5000,0.5000,0.5000,-5.88,-46.56,0.564,,1,0,,,,,,12.52122,-4.27076,,,,,,
13.145,0.5000,0.5000,0.5000,0.5000,-10.19,37.11,0.573,,1,0,,,,,,12.56428,-4.29204,,,,,,
13.187,0.5000,0.5000,0.5000,0.5000,-9.04,32.21,0.558,,1,0,,,,,,12.62137,-4.30665,,,,,,
13.228,0.5000,0.5000,0.5000,0.5000,-74.80,66.62,0.545,,1,0,,,,,,12.69767,-4.33767,,,,,,
13.267,0.5000,0.5000,0.5000,0.5000,-4.18,12.40,0.537,,1,0,,,,,,12.73869,-4.37203,,,,,,
13.299,0.5000,0.5000,0.5000,0.5000,-8.85,33.02,0.548,,1,0,,,,,,12.64819,-4.36807,,,,,,
13.335,0.5000,0.5000,0.5000,0.5000,-75.44,65.95,0.527,,1,0,,,,,,12.62451,-4.40675,,,,,,
13.371,0.5000,0.5000,0.5000,0.5000,-2.38,2.27,0.502,,1,0,,,,,,12.55709,-4.43510,,,,,,
13.408,0.5000,0.5000,0.5000,0.5000,-10.64,40.11,0.517,,1,0,,,,,,12.60161,-4.45130,,,,,,
13.445,0.5000,0.5000,0.5000,0.5000,-77.88,67.21,0.526,,1,0,,,,,,12.54409,-4.43665,,,,,,
13.480,0.5000,0.5000,0.5000,0.5000,-76.22,65.99,0.539,,1,0,,,,,,12.66950,-4.51305,,,,,,
13.517,0.5000,0.5000,0.5000,0.5000,18.79,-24.19,0.553,,1,0,,,,,,12.55175,-4.48891,,,,,,
13.544,0.5000,0.5000,0.5000,0.5000,8.85,-66.38,0.537,,1,0,,,,,,12.54853,-4.53221,,,,,,
13.588,0.5000,0.5000,0.5000,0.5000,-58.53,48.62,0.532,,1,0,,,,,,12.47655,-4.50660,,,,,,
13.625,0.5000,0.5000,0.5000,0.5000,7.88,-9.71,0.542,,1,0,,,,,,12.40802,-4.50084,,,,,,
13.662,0.5000,0.5000,0.5000,0.5000,-80.21,66.62,0.533,,1,0,,,,,,12.46723,-4.53202,,,,,,
13.710,0.5000,0.5000,0.5000,0.5000,-7.71,25.65,0.531,,1,0,,,,,,12.41206,-4.52785,,,,,,
13.746,0.5000,0.5000,0.5000,0.5000,-8.92,32.62,0.519,,1,0,,,,,,12.42652,-4.55010,,,,,,
13.791,0.5000,0.5000,0.5000,0.5000,-25.56,67.46,0.526,,1,0,,,,,,12.51862,-4.62762,,,,,,
13.834,0.5000,0.5000,0.5000,0.5000,-83.24,31.72,0.519,,1,0,,,,,,12.42946,-4.59484,,,,,,
13.869,0.5000,0.5000,0.5000,0.5000,11.19,-64.17,0.519,,1,0,,,,,,12.34030,-4.61317,,,,,,
13.907,0.5000,0.5000,0.5000,0.5000,9.86,-63.13,0.522,,1,0,,,,,,12.25855,-4.60782,,,,,,
13.942,0.5000,0.5000,0.5000,0.5000,-5.78,32.80,0.514,,1,0,,,,,,12.18740,-4.64972,,,,,,
13.979,0.5000,0.5000,0.5000,0.5000,-5.74,27.67,0.509,,1,0,,,,,,12.12736,-4.67626,,,,,,
14.019,0.5000,0.5000,0.5000,0.5000,10.47,-62.31,0.483,,1,0,,,,,,12.23171,-4.79786,,,,,,
14.055,0.5000,0.5000,0.5000,0.5000,-5.41,29.13,0.326,,1,0,,,,,,12.40440,-4.87261,,,,,,
14.088,0.5000,0.5000,0.5000,0.5000,10.27,-63.35,0.284,,1,0,,,,,,12.12185,-4.73165,,,,,,
14.124,0.5000,0.5000,0.5000,0.5000,-7.49,26.99,0.251,,1,0,,,,,,12.18733,-4.78274,,,,,,
14.156,0.5000,0.5000,0.5000,0.5000,-5.53,-46.52,0.248,,1,0,,,,,,12.37582,-4.87890,,,,,,
14.197,0.5000,0.5000,0.5000,0.5000,1.34,-12.94,0.218,,1,0,,,,,,12.31877,-4.98783,,,,,,
14.234,0.5000,0.5000,0.5000,0.5000,8.44,-32.54,0.303,,1,0,,,,,,12.16292,-4.95505,,,,,,
14.267,0.5000,0.5000,0.5000,0.5000,-1.33,-2.61,0.316,,1,0,,,,,,12.22909,-5.03801,,,,,,
14.302,0.5000,0.5000,0.5000,0.5000,6.03,-57.98,0.310,,1,0,,,,,,12.35481,-5.16476,,,,,,
14.337,0.5000,0.5000,0.5000,0.5000,-2.60,-42.99,0.381,,1,0,,,,,,12.11759,-5.21286,,,,,,
14.375,0.5000,0.5000,0.5000,0.5000,-2.24,-44.64,0.403,,1,0,,,,,,12.10889,-5.47794,,,,,,
14.407,0.5000,0.5000,0.5000,0.5000,-3.27,-42.71,0.393,,1,0,,,,,,11.93455,-5.59717,,,,,,
14.439,0.5000,0.5000,0.5000,0.5000,0.84,-42.22,0.424,,1,0,,,,,,11.81180,-5.76007,,,,,,
14.476,0.5000,0.5000,0.5000,0.5000,-13.86,40.02,0.392,,1,0,,,,,,11.84247,-5.86022,,,,,,
14.513,0.5000,0.5000,0.5000,0.5000,-84.31,32.50,0.408,,1,0,,,,,,11.94068,-6.02549,,,,,,
14.538,0.5000,0.5000,0.5000,0.5000,9.06,-23.91,0.412,,1,0,,,,,,11.78054,-5.90998,,,,,,
14.580,0.5000,0.5000,0.5000,0.5000,-3.67,-49.86,0.419,,1,0,,,,,,11.83895,-5.95921,,,,,,
14.629,0.5000,0.5000,0.5000,0.5000,-12.96,36.28,0.439,,1,0,,,,,,11.99715,-6.05920,,,,,,
14.660,0.5000,0.5000,0.5000,0.5000,-7.62,21.21,0.422,,1,0,,,,,,12.12474,-6.11944,,,,,,
14.700,0.5000,0.5000,0.5000,0.5000,2.97,-45.60,0.422,,1,0,,,,,,12.04747,-6.09638,,,,,,
14.733,0.5000,0.5000,0.5000,0.5000,-12.52,35.23,0.425,,1,0,,,,,,12.20305,-6.22567,,,,,,
14.768,0.5000,0.5000,0.5000,0.5000,4.18,-45.43,0.410,,1,0,,,,,,12.14978,-6.26461,,,,,,
14.803,0.5000,0.5000,0.5000,0.5000,-11.83,32.64,0.432,,1,0,,,,,,11.93405,-6.26249,,,,,,
14.835,0.5000,0.5000,0.5000,0.5000,5.49,-45.68,0.417,,1,0,,,,,,11.77251,-6.23403,,,,,,
14.869,0.5000,0.5000,0.5000,0.5000,-14.52,38.33,0.408,,1,0,,,,,,11.75202,-6.25319,,,,,,
14.907,0.5000,0.5000,0.5000,0.5000,-6.14,16.28,0.409,,1,0,,,,,,11.73406,-6.23008,,,,,,
14.943,0.5000,0.5000,0.5000,0.5000,-11.88,32.79,0.418,,1,0,,,,,,11.73880,-6.22989,,,,,,
14.974,0.5000,0.5000,0.5000,0.5000,-7.43,20.37,0.406,,1,0,,,,,,11.68521,-6.22712,,,,,,
15.010,0.5000,0.5000,0.5000,0.5000,-0.69,2.41,0.396,,1,0,,,,,,11.72003,-6.20719,,,,,,
15.045,0.5000,0.5000,0.5000,0.5000,27.97,-45.66,0.385,,1,0,,,,,,11.73633,-6.21166,,,,,,
15.079,0.5000,0.5000,0.5000,0.5000,-5.01,13.72,0.388,,1,0,,,,,,11.76224,-6.20624,,,,,,
15.111,0.5000,0.5000,0.5000,0.5000,-7.44,20.88,0.404,,1,0,,,,,,11.80862,-6.16922,,,,,,
15.146,0.5000,0.5000,0.5000,0.5000,8.49,-54.57,0.399,,1,0,,,,,,11.86251,-6.16303,,,,,,
15.185,0.5000,0.5000,0.5000,0.5000,6.20,-46.26,0.396,,1,0,,,,,,11.98572,-6.18086,,,,,,
15.219,0.5000,0.5000,0.5000,0.5000,6.56,-45.84,0.338,,1,0,,,,,,12.30076,-6.20148,,,,,,
15.253,0.5000,0.5000,0.5000,0.5000,4.87,-45.74,0.329,,1,0,,,,,,12.63573,-6.11579,,,,,,
15.283,0.5000,0.5000,0.5000,0.5000,5.13,-45.35,0.322,,1,0,,,,,,12.75006,-6.09498,,,,,,
15.318,0.5000,0.5000,0.5000,0.5000,4.25,-45.90,0.328,,1,0,,,,,,12.67259,-5.95448,,,,,,
15.352,0.5000,0.5000,0.5000,0.5000,-4.21,-49.62,0.354,,1,0,,,,,,12.79918,-5.85345,,,,,,
15.387,0.5000,0.5000,0.5000,0.5000,2.65,-47.17,0.310,,1,0,,,,,,12.91601,-5.76299,,,,,,
15.421,0.5000,0.5000,0.5000,0.5000,-6.29,14.86,0.298,,1,0,,,,,,12.96685,-5.69872,,,,,,
15.453,0.5000,0.5000,0.5000,0.5000,-12.15,33.34,0.331,,1,0,,,,,,12.77478,-5.49975,,,,,,
15.491,0.5000,0.5000,0.5000,0.5000,-12.72,35.73,0.326,,1,0,,,,,,12.97542,-5.49149,,,,,,
15.523,0.5000,0.5000,0.5000,0.5000,0.19,-48.61,0.333,,1,0,,,,,,12.95152,-5.50947,,,,,,
15.554,0.5000,0.5000,0.5000,0.5000,-12.12,36.51,0.358,,1,0,,,,,,12.86658,-5.47449,,,,,,
15.591,0.5000,0.5000,0.5000,0.5000,-0.95,-47.86,0.353,,1,0,,,,,,12.97483,-5.54197,,,,,,
15.633,0.5000,0.5000,0.5000,0.5000,-9.72,26.83,0.351,,1,0,,,,,,12.94119,-5.49579,,,,,,
15.675,0.5000,0.5000,0.5000,0.5000,-5.88,13.63,0.371,,1,0,,,,,,12.93640,-5.48696,,,,,,
15.709,0.5000,0.5000,0.5000,0.5000,-9.18,26.70,0.415,,1,0,,,,,,12.79155,-5.46671,,,,,,
15.743,0.5000,0.5000,0.5000,0.5000,-6.40,28.22,0.411,,1,0,,,,,,12.68252,-5.42268,,,,,,
15.780,0.5000,0.5000,0.5000,0.5000,12.14,-61.67,0.423,,1,0,,,,,,12.55082,-5.36609,,,,,,
15.817,0.5000,0.5000,0.5000,0.5000,-5.93,24.17,0.428,,1,0,,,,,,12.41993,-5.32785,,,,,,
15.850,0.5000,0.5000,0.5000,0.5000,10.35,-60.87,0.443,,1,0,,,,,,12.18021,-5.22511,,,,,,
15.883,0.5000,0.5000,0.5000,0.5000,3.00,1.42,0.438,,1,0,,,,,,12.09135,-5.18404,,,,,,
15.924,0.5000,0.5000,0.5000,0.5000,8.83,-60.57,0.432,,1,0,,,,,,12.16635,-5.19143,,,,,,
15.959,0.5000,0.5000,0.5000,0.5000,4.90,-18.65,0.432,,1,0,,,,,,12.08073,-5.11154,,,,,,
15.991,0.5000,0.5000,0.5000,0.5000,-3.89,24.46,0.437,,1,0,,,,,,12.03376,-5.07936,,,,,,
16.028,0.5000,0.5000,0.5000,0.5000,-73.39,66.21,0.416,,1,0,,,,,,11.96024,-5.02802,,,,,,
16.063,0.5000,0.5000,0.5000,0.5000,-5.97,27.25,0.393,,1,0,,,,,,12.18949,-5.06869,,,,,,
16.095,0.5000,0.5000,0.5000,0.5000,-73.09,66.34,0.405,,1,0,,,,,,12.02542,-5.00300,,,,,,
16.129,0.5000,0.5000,0.5000,0.5000,5.05,-60.19,0.438,,1,0,,,,,,12.04893,-4.96875,,,,,,
16.163,0.5000,0.5000,0.5000,0.5000,-7.97,-22.20,0.417,,1,0,,,,,,12.06841,-4.94473,,,,,,
16.191,0.5000,0.5000,0.5000,0.5000,27.44,29.68,0.429,,1,0,,,,,,12.27284,-4.99458,,,,,,
16.234,0.5000,0.5000,0.5000,0.5000,3.02,-51.09,0.419,,1,0,,,,,,12.32441,-4.92562,,,,,,
16.271,0.5000,0.5000,0.5000,0.5000,-4.96,17.45,0.388,,1,0,,,,,,12.29734,-4.86957,,,,,,
16.309,0.5000,0.5000,0.5000,0.5000,-22.42,-37.77,0.401,,1,0,,,,,,12.06457,-4.78557,,,,,,
16.346,0.5000,0.5000,0.5000,0.5000,-3.17,-2.46,0.403,,1,0,,,,,,12.04362,-4.79784,,,,,,
16.378,0.5000,0.5000,0.5000,0.5000,-4.13,-26.38,0.395,,1,0,,,,,,12.05143,-4.80593,,,,,,
16.413,0.5000,0.5000,0.5000,0.5000,36.90,-13.50,0.398,,1,0,,,,,,12.04899,-4.81575,,,,,,
16.448,0.5000,0.5000,0.5000,0.5000,6.76,-72.55,0.403,,1,0,,,,,,11.98769,-4.82215,,,,,,
16.485,0.5000,0.5000,0.5000,0.5000,66.10,-20.34,0.397,,1,0,,,,,,11.95203,-4.83487,,,,,,
16.518,0.5000,0.5000,0.5000,0.5000,-15.33,-30.34,0.398,,1,0,,,,,,11.75658,-4.78978,,,,,,
16.552,0.5000,0.5000,0.5000,0.5000,-27.87,-38.50,0.402,,1,0,,,,,,11.82858,-4.83989,,,,,,
16.588,0.5000,0.5000,0.5000,0.5000,-30.91,-12.06,0.411,,1,0,,,,,,11.64026,-4.82759,,,,,,
16.621,0.5000,0.5000,0.5000,0.5000,14.40,-8.75,0.388,,1,0,,,,,,11.66507,-4.87287,,,,,,
16.656,0.5000,0.5000,0.5000,0.5000,10.11,-30.55,0.401,,1,0,,,,,,11.63310,-4.89587,,,,,,
16.692,0.5000,0.5000,0.5000,0.5000,-2.36,-48.94,0.390,,1,0,,,,,,11.65059,-4.94146,,,,,,
16.726,0.5000,0.5000,0.5000,0.5000,-16.55,-21.10,0.380,,1,0,,,,,,11.44014,-4.91923,,,,,,
16.759,0.5000,0.5000,0.5000,0.5000,-8.84,10.63,0.386,,1,0,,,,,,11.33810,-4.91993,,,,,,
16.794,0.5000,0.5000,0.5000,0.5000,-8.73,5.53,0.387,,1,0,,,,,,11.31008,-4.96216,,,,,,
16.832,0.5000,0.5000,0.5000,0.5000,-6.18,14.94,0.375,,1,0,,,,,,11.29031,-5.00526,,,,,,
16.863,0.5000,0.5000,0.5000,0.5000,-7.66,9.42,0.379,,1,0,,,,,,11.17765,-4.96832,,,,,,
16.899,0.5000,0.5000,0.5000,0.5000,-4.78,19.66,0.391,,1,0,,,,,,11.19141,-4.98199,,,,,,
16.933,0.5000,0.5000,0.5000,0.5000,-3.07,20.57,0.374,,1,0,,,,,,11.12925,-4.98500,,,,,,
16.966,0.5000,0.5000,0.5000,0.5000,-2.28,19.90,0.377,,1,0,,,,,,11.15635,-5.01919,,,,,,
17.005,0.5000,0.5000,0.5000,0.5000,-21.06,-21.48,0.376,,1,0,,,,,,11.08688,-5.00877,,,,,,
17.043,0.5000,0.5000,0.5000,0.5000,1.75,-59.76,0.373,,1,0,,,,,,11.09033,-5.00890,,,,,,
17.078,0.5000,0.5000,0.5000,0.5000,-23.20,-48.62,0.369,,1,0,,,,,,11.05771,-4.98132,,,,,,
17.114,0.5000,0.5000,0.5000,0.5000,-15.82,-27.33,0.378,,1,0,,,,,,11.06062,-4.96887,,,,,,
17.151,0.5000,0.5000,0.5000,0.5000,1.81,-59.73,0.380,,1,0,,,,,,10.93566,-4.86489,,,,,,
17.184,0.5000,0.5000,0.5000,0.5000,-2.84,19.89,0.360,,1,0,,,,,,11.01551,-4.83088,,,,,,
17.217,0.5000,0.5000,0.5000,0.5000,-6.61,14.85,0.341,,1,0,,,,,,11.14190,-4.82436,,,,,,
17.243,0.5000,0.5000,0.5000,0.5000,-3.49,20.34,0.334,,1,0,,,,,,11.31058,-4.83598,,,,,,
17.287,0.5000,0.5000,0.5000,0.5000,75.01,-83.20,0.321,,1,0,,,,,,11.44024,-4.84071,,,,,,
17.320,0.5000,0.5000,0.5000,0.5000,-79.05,-52.37,0.338,,1,0,,,,,,11.39724,-4.76821,,,,,,
17.360,0.5000,0.5000,0.5000,0.5000,2.34,-61.06,0.319,,1,0,,,,,,11.42455,-4.75329,,,,,,
17.395,0.5000,0.5000,0.5000,0.5000,4.57,-28.96,0.312,,1,0,,,,,,11.51991,-4.76684,,,,,,
17.428,0.5000,0.5000,0.5000,0.5000,2.29,-61.48,0.314,,1,0,,,,,,11.55196,-4.74955,,,,,,
17.464,0.5000,0.5000,0.5000,0.5000,11.25,-24.15,0.264,,1,0,,,,,,11.66023,-4.74961,,,,,,
17.498,0.5000,0.5000,0.5000,0.5000,-13.65,-27.71,0.250,,1,0,,,,,,11.63633,-4.72152,,,,,,
17.532,0.5000,0.5000,0.5000,0.5000,-13.09,-26.05,0.263,,1,0,,,,,,11.61921,-4.70501,,,,,,
17.568,0.5000,0.5000,0.5000,0.5000,-13.81,-7.36,0.277,,1,0,,,,,,11.58304,-4.68530,,,,,,
17.605,0.5000,0.5000,0.5000,0.5000,-37.48,-19.30,0.298,,1,0,,,,,,11.57503,-4.68156,,,,,,
17.641,0.5000,0.5000,0.5000,0.5000,-4.93,-18.95,0.329,,1,0,,,,,,11.60147,-4.70632,,,,,,
17.673,0.5000,0.5000,0.5000,0.5000,1.88,-61.12,0.360,,1,0,,,,,,11.60132,-4.70400,,,,,,
17.710,0.5000,0.5000,0.5000,0.5000,-10.66,-15.58,0.365,,1,0,,,,,,11.68820,-4.71147,,,,,,
17.747,0.5000,0.5000,0.5000,0.5000,-3.01,19.71,0.380,,1,0,,,,,,11.73549,-4.70836,,,,,,
17.780,0.5000,0.5000,0.5000,0.5000,1.66,-61.08,0.380,,1,0,,,,,,11.80413,-4.70288,,,,,,
17.817,0.5000,0.5000,0.5000,0.5000,3.49,-29.47,0.396,,1,0,,,,,,11.67207,-4.64500,,,,,,
17.853,0.5000,0.5000,0.5000,0.5000,-5.47,-54.36,0.349,,1,0,,,,,,11.85047,-4.65751,,,,,,
17.884,0.5000,0.5000,0.5000,0.5000,-2.72,12.77,0.221,,1,0,,,,,,12.14172,-4.61280,,,,,,
17.918,0.5000,0.5000,0.5000,0.5000,-4.40,-13.49,0.218,,1,0,,,,,,12.19090,-4.62319,,,,,,
17.957,0.5000,0.5000,0.5000,0.5000,-0.22,-9.09,0.237,,1,0,,,,,,12.18307,-4.62551,,,,,,
17.984,0.5000,0.5000,0.5000,0.5000,2.72,-62.47,0.216,,1,0,,,,,,12.16239,-4.60837,,,,,,
18.028,0.5000,0.5000,0.5000,0.5000,36.52,72.34,0.238,,1,0,,,,,,12.14999,-4.61308,,,,,,
18.064,0.5000,0.5000,0.5000,0.5000,-3.87,0.94,0.261,,1,0,,,,,,12.37716,-4.61595,,,,,,
18.110,0.5000,0.5000,0.5000,0.5000,-5.74,12.59,0.219,,1,0,,,,,,12.72747,-4.68638,,,,,,
18.146,0.5000,0.5000,0.5000,0.5000,35.36,72.51,0.237,,1,0,,,,,,12.51575,-4.50536,,,,,,
18.180,0.5000,0.5000,0.5000,0.5000,-6.81,36.04,0.244,,1,0,,,,,,12.50323,-4.51536,,,,,,
18.216,0.5000,0.5000,0.5000,0.5000,-2.45,4.89,0.268,,1,0,,,,,,12.68017,-4.52389,,,,,,
18.250,0.5000,0.5000,0.5000,0.5000,3.55,-17.41,0.273,,1,0,,,,,,12.76206,-4.57616,,,,,,
18.287,0.5000,0.5000,0.5000,0.5000,-3.59,11.02,0.299,,1,0,,,,,,13.14898,-4.70667,,,,,,
18.321,0.5000,0.5000,0.5000,0.5000,4.24,-22.90,0.339,,1,0,,,,,,12.97280,-4.68209,,,,,,
18.351,0.5000,0.5000,0.5000,0.5000,5.16,-24.79,0.350,,1,0,,,,,,13.13268,-4.70826,,,,,,
18.377,0.5000,0.5000,0.5000,0.5000,10.68,-41.42,0.359,,1,0,,,,,,12.99225,-4.65449,,,,,,
18.421,0.5000,0.5000,0.5000,0.5000,-3.52,7.47,0.389,,1,0,,,,,,13.15684,-4.69788,,,,,,
18.455,0.5000,0.5000,0.5000,0.5000,-9.73,38.97,0.398,,1,0,,,,,,12.99738,-4.63350,,,,,,
18.485,0.5000,0.5000,0.5000,0.5000,-6.27,-47.69,0.423,,1,0,,,,,,13.18351,-4.71177,,,,,,
18.522,0.5000,0.5000,0.5000,0.5000,-78.21,66.08,0.457,,1,0,,,,,,13.12263,-4.72186,,,,,,
18.556,0.5000,0.5000,0.5000,0.5000,-72.19,66.59,0.458,,1,0,,,,,,13.08122,-4.70856,,,,,,
18.589,0.5000,0.5000,0.5000,0.5000,37.43,72.37,0.476,,1,0,,,,,,13.22005,-4.76553,,,,,,
18.624,0.5000,0.5000,0.5000,0.5000,-11.46,40.12,0.488,,1,0,,,,,,13.25845,-4.81583,,,,,,
18.663,0.5000,0.5000,0.5000,0.5000,-11.59,38.95,0.474,,1,0,,,,,,13.24730,-4.83403,,,,,,
18.694,0.5000,0.5000,0.5000,0.5000,-12.82,43.62,0.465,,1,0,,,,,,13.09044,-4.83614,,,,,,
18.731,0.5000,0.5000,0.5000,0.5000,-12.05,41.29,0.458,,1,0,,,,,,13.09170,-4.84785,,,,,,
18.748,0.5000,0.5000,0.5000,0.5000,-13.16,45.13,0.451,,1,0,,,,,,13.24056,-4.89629,,,,,,
18.797,0.5000,0.5000,0.5000,0.5000,-12.72,43.69,0.435,,1,0,,,,,,13.10913,-4.88418,,,,,,
18.832,0.5000,0.5000,0.5000,0.5000,-13.27,45.69,0.422,,1,0,,,,,,13.14321,-4.92151,,,,,,
18.863,0.5000,0.5000,0.5000,0.5000,-12.29,42.28,0.428,,1,0,,,,,,13.04237,-4.91003,,,,,,
18.898,0.5000,0.5000,0.5000,0.5000,-13.13,46.14,0.426,,1,0,,,,,,13.13434,-5.03124,,,,,,
18.932,0.5000,0.5000,0.5000,0.5000,-9.46,31.14,0.412,,1,0,,,,,,12.89033,-4.94114,,,,,,
18.964,0.5000,0.5000,0.5000,0.5000,-13.06,-52.78,0.409,,1,0,,,,,,12.97715,-5.01466,,,,,,
18.998,0.5000,0.5000,0.5000,0.5000,-9.67,30.14,0.451,,1,0,,,,,,12.80150,-4.95008,,,,,,
19.030,0.5000,0.5000,0.5000,0.5000,-9.36,27.83,0.433,,1,0,,,,,,12.99788,-5.06380,,,,,,
19.066,0.5000,0.5000,0.5000,0.5000,-9.72,31.34,0.444,,1,0,,,,,,13.15493,-5.08921,,,,,,
19.099,0.5000,0.5000,0.5000,0.5000,-10.84,-47.48,0.470,,1,0,,,,,,13.07261,-5.04186,,,,,,
19.132,0.5000,0.5000,0.5000,0.5000,-9.77,29.86,0.476,,1,0,,,,,,12.96463,-4.98931,,,,,,
19.166,0.5000,0.5000,0.5000,0.5000,-11.27,35.51,0.476,,1,0,,,,,,12.89677,-4.96465,,,,,,
19.199,0.5000,0.5000,0.5000,0.5000,-10.29,32.67,0.515,,1,0,,,,,,12.78387,-4.91140,,,,,,
19.233,0.5000,0.5000,0.5000,0.5000,-6.04,16.65,0.507,,1,0,,,,,,12.79145,-4.90853,,,,,,
19.256,0.5000,0.5000,0.5000,0.5000,-11.84,36.59,0.509,,1,0,,,,,,12.81494,-4.91747,,,,,,
19.307,0.5000,0.5000,0.5000,0.5000,-11.52,35.34,0.513,,1,0,,,,,,12.89831,-4.93010,,,,,,
19.341,0.5000,0.5000,0.5000,0.5000,-11.24,34.33,0.512,,1,0,,,,,,12.80315,-4.91729,,,,,,
19.373,0.5000,0.5000,0.5000,0.5000,-10.93,34.23,0.508,,1,0,,,,,,12.78969,-4.89697,,,,,,
19.410,0.5000,0.5000,0.5000,0.5000,-10.58,32.94,0.501,,1,0,,,,,,12.90297,-4.92634,,,,,,
19.444,0.5000,0.5000,0.5000,0.5000,-4.11,4.30,0.491,,1,0,,,,,,12.86813,-4.88754,,,,,,
19.477,0.5000,0.5000,0.5000,0.5000,-10.08,31.83,0.490,,1,0,,,,,,12.93865,-4.92238,,,,,,
19.514,0.5000,0.5000,0.5000,0.5000,-10.85,34.68,0.478,,1,0,,,,,,12.92757,-4.89715,,,,,,
19.547,0.5000,0.5000,0.5000,0.5000,-9.82,29.37,0.473,,1,0,,,,,,12.93290,-4.90569,,,,,,
19.582,0.5000,0.5000,0.5000,0.5000,-8.09,-45.93,0.467,,1,0,,,,,,12.97104,-4.92269,,,,,,
19.613,0.5000,0.5000,0.5000,0.5000,-10.19,34.05,0.466,,1,0,,,,,,12.71805,-4.76836,,,,,,
19.652,0.5000,0.5000,0.5000,0.5000,-5.16,-46.70,0.477,,1,0,,,,,,12.69684,-4.76502,,,,,,
19.682,0.5000,0.5000,0.5000,0.5000,-7.04,19.02,0.493,,1,0,,,,,,12.68395,-4.77117,,,,,,
19.719,0.5000,0.5000,0.5000,0.5000,8.21,-56.99,0.462,,1,0,,,,,,12.74756,-4.76798,,,,,,
19.753,0.5000,0.5000,0.5000,0.5000,3.04,-17.53,0.454,,1,0,,,,,,12.79596,-4.77845,,,,,,
19.786,0.5000,0.5000,0.5000,0.5000,-3.06,1.64,0.463,,1,0,,,,,,12.71824,-4.79036,,,,,,
19.820,0.5000,0.5000,0.5000,0.5000,-7.28,21.10,0.461,,1,0,,,,,,12.60424,-4.74874,,,,,,
19.853,0.5000,0.5000,0.5000,0.5000,13.13,-47.44,0.463,,1,0,,,,,,12.62722,-4.76697,,,,,,
19.889,0.5000,0.5000,0.5000,0.5000,13.07,-43.05,0.458,,1,0,,,,,,12.49888,-4.73023,,,,,,
19.925,0.5000,0.5000,0.5000,0.5000,-5.82,-45.93,0.456,,1,0,,,,,,12.50725,-4.73314,,,,,,
19.957,0.5000,0.5000,0.5000,0.5000,-5.29,-46.27,0.454,,1,0,,,,,,12.56396,-4.77040,,,,,,
19.996,0.5000,0.5000,0.5000,0.5000,-2.98,2.10,0.457,,1,0,,,,,,12.40545,-4.70825,,,,,,
20.029,0.5000,0.5000,0.5000,0.5000,2.73,-18.29,0.443,,1,0,,,,,,12.38504,-4.71154,,,,,,
20.065,0.5000,0.5000,0.5000,0.5000,-5.50,14.40,0.436,,1,0,,,,,,12.39167,-4.71777,,,,,,
20.100,0.5000,0.5000,0.5000,0.5000,-11.67,-50.34,0.403,,1,0,,,,,,12.45054,-4.77626,,,,,,
20.133,0.5000,0.5000,0.5000,0.5000,-4.83,11.71,0.393,,1,0,,,,,,12.50988,-4.77432,,,,,,
20.166,0.5000,0.5000,0.5000,0.5000,6.72,-29.86,0.373,,1,0,,,,,,12.36472,-4.76996,,,,,,
20.203,0.5000,0.5000,0.5000,0.5000,-5.33,-45.83,0.385,,1,0,,,,,,12.39064,-4.76880,,,,,,
20.231,0.5000,0.5000,0.5000,0.5000,8.73,-35.89,0.380,,1,0,,,,,,12.38960,-4.76962,,,,,,
20.267,0.5000,0.5000,0.5000,0.5000,-10.96,-46.79,0.380,,1,0,,,,,,12.21597,-4.72824,,,,,,
20.303,0.5000,0.5000,0.5000,0.5000,-4.52,3.24,0.371,,1,0,,,,,,12.25045,-4.72472,,,,,,
20.336,0.5000,0.5000,0.5000,0.5000,-3.25,2.93,0.384,,1,0,,,,,,12.20748,-4.73443,,,,,,
20.374,0.5000,0.5000,0.5000,0.5000,-5.09,-45.78,0.375,,1,0,,,,,,12.17594,-4.73519,,,,,,
20.409,0.5000,0.5000,0.5000,0.5000,11.58,-51.37,0.380,,1,0,,,,,,12.13564,-4.72641,,,,,,
20.444,0.5000,0.5000,0.5000,0.5000,-8.13,-44.65,0.393,,1,0,,,,,,11.99670,-4.69362,,,,,,
20.478,0.5000,0.5000,0.5000,0.5000,9.56,-55.05,0.386,,1,0,,,,,,12.07248,-4.70561,,,,,,
20.512,0.5000,0.5000,0.5000,0.5000,4.49,-59.78,0.387,,1,0,,,,,,12.08679,-4.71777,,,,,,
20.547,0.5000,0.5000,0.5000,0.5000,-4.12,7.54,0.386,,1,0,,,,,,12.05093,-4.70381,,,,,,
20.583,0.5000,0.5000,0.5000,0.5000,-4.86,11.40,0.380,,1,0,,,,,,11.98955,-4.70309,,,,,,
20.618,0.5000,0.5000,0.5000,0.5000,-8.04,27.30,0.382,,1,0,,,,,,11.87368,-4.64995,,,,,,
20.652,0.5000,0.5000,0.5000,0.5000,-69.20,65.35,0.385,,1,0,,,,,,11.94380,-4.68194,,,,,,
20.690,0.5000,0.5000,0.5000,0.5000,-7.93,26.87,0.384,,1,0,,,,,,11.97311,-4.68443,,,,,,
20.724,0.5000,0.5000,0.5000,0.5000,-8.31,28.13,0.391,,1,0,,,,,,11.94317,-4.67107,,,,,,
20.758,0.5000,0.5000,0.5000,0.5000,-8.49,28.74,0.398,,1,0,,,,,,12.08189,-4.67600,,,,,,
20.793,0.5000,0.5000,0.5000,0.5000,-4.81,-45.47,0.389,,1,0,,,,,,12.18212,-4.67472,,,,,,
20.817,0.5000,0.5000,0.5000,0.5000,-1.45,-3.80,0.421,,1,0,,,,,,11.98016,-4.56678,,,,,,
20.855,0.5000,0.5000,0.5000,0.5000,-6.24,17.98,0.408,,1,0,,,,,,12.07301,-4.59878,,,,,,
20.895,0.5000,0.5000,0.5000,0.5000,-5.69,-45.91,0.425,,1,0,,,,,,12.10358,-4.49693,,,,,,
20.929,0.5000,0.5000,0.5000,0.5000,-4.20,-58.65,0.411,,1,0,,,,,,12.18203,-4.51576,,,,,,
20.962,0.5000,0.5000,0.5000,0.5000,-5.13,-46.17,0.414,,1,0,,,,,,12.18212,-4.51099,,,,,,
21.011,0.5000,0.5000,0.5000,0.5000,20.58,-46.41,0.415,,1,0,,,,,,12.23885,-4.49381,,,,,,
21.044,0.5000,0.5000,0.5000,0.5000,-6.37,21.79,0.399,,1,0,,,,,,12.28577,-4.49460,,,,,,
21.077,0.5000,0.5000,0.5000,0.5000,18.88,-47.27,0.386,,1,0,,,,,,12.31744,-4.48943,,,,,,
21.114,0.5000,0.5000,0.5000,0.5000,-5.92,16.71,0.379,,1,0,,,,,,12.22479,-4.39747,,,,,,
21.149,0.5000,0.5000,0.5000,0.5000,-9.67,34.27,0.373,,1,0,,,,,,12.28927,-4.40905,,,,,,
21.185,0.5000,0.5000,0.5000,0.5000,-12.90,-54.75,0.369,,1,0,,,,,,12.32485,-4.42123,,,,,,
21.218,0.5000,0.5000,0.5000,0.5000,10.62,-38.72,0.350,,1,0,,,,,,12.48378,-4.45275,,,,,,
21.251,0.5000,0.5000,0.5000,0.5000,-6.98,21.97,0.349,,1,0,,,,,,12.43402,-4.43395,,,,,,
21.286,0.5000,0.5000,0.5000,0.5000,-5.58,-45.79,0.354,,1,0,,,,,,12.32999,-4.36533,,,,,,
21.324,0.5000,0.5000,0.5000,0.5000,11.48,-36.17,0.330,,1,0,,,,,,12.56076,-4.48290,,,,,,
21.360,0.5000,0.5000,0.5000,0.5000,2.58,-58.94,0.320,,1,0,,,,,,12.55122,-4.44727,,,,,,
21.393,0.5000,0.5000,0.5000,0.5000,-7.79,-44.64,0.318,,1,0,,,,,,12.29329,-4.36333,,,,,,
21.429,0.5000,0.5000,0.5000,0.5000,-2.81,0.17,0.319,,1,0,,,,,,12.36057,-4.35293,,,,,,
21.461,0.5000,0.5000,0.5000,0.5000,-2.46,1.71,0.254,,1,0,,,,,,12.19466,-4.23643,,,,,,
21.495,0.5000,0.5000,0.5000,0.5000,-9.33,-61.00,0.244,,1,0,,,,,,12.25625,-4.17410,,,,,,
21.534,0.5000,0.5000,0.5000,0.5000,-4.66,12.37,0.223,,1,0,,,,,,12.36740,-4.22069,,,,,,
21.568,0.5000,0.5000,0.5000,0.5000,-4.87,-47.75,0.240,,1,0,,,,,,12.32299,-4.23076,,,,,,
21.603,0.5000,0.5000,0.5000,0.5000,-5.29,-47.55,0.243,,1,0,,,,,,12.31627,-4.23454,,,,,,
21.639,0.5000,0.5000,0.5000,0.5000,7.27,-30.25,0.290,,1,0,,,,,,12.45919,-4.29671,,,,,,
21.674,0.5000,0.5000,0.5000,0.5000,-3.04,3.52,0.350,,1,0,,,,,,12.48936,-4.26883,,,,,,
21.706,0.5000,0.5000,0.5000,0.5000,-3.23,5.27,0.374,,1,0,,,,,,12.54887,-4.28227,,,,,,
21.741,0.5000,0.5000,0.5000,0.5000,-0.09,-8.54,0.395,,1,0,,,,,,12.64789,-4.28225,,,,,,
21.778,0.5000,0.5000,0.5000,0.5000,-6.53,-46.83,0.432,,1,0,,,,,,12.28933,-4.21659,,,,,,
21.810,0.5000,0.5000,0.5000,0.5000,2.15,-18.95,0.447,,1,0,,,,,,12.21773,-4.16812,,,,,,
21.845,0.5000,0.5000,0.5000,0.5000,3.22,-20.40,0.449,,1,0,,,,,,12.32488,-4.22335,,,,,,
21.882,0.5000,0.5000,0.5000,0.5000,-6.29,-44.37,0.447,,1,0,,,,,,12.37920,-4.18584,,,,,,
21.922,0.5000,0.5000,0.5000,0.5000,-6.74,-46.59,0.456,,1,0,,,,,,12.27709,-4.16463,,,,,,
21.956,0.5000,0.5000,0.5000,0.5000,-6.80,-46.59,0.453,,1,0,,,,,,12.26677,-4.16473,,,,,,
21.993,0.5000,0.5000,0.5000,0.5000,-5.60,17.55,0.475,,1,0,,,,,,12.19388,-4.13430,,,,,,
22.016,0.5000,0.5000,0.5000,0.5000,-5.17,12.83,0.488,,1,0,,,,,,12.17195,-4.14758,,,,,,
22.057,0.5000,0.5000,0.5000,0.5000,3.38,-21.81,0.479,,1,0,,,,,,12.10085,-4.12110,,,,,,
22.094,0.5000,0.5000,0.5000,0.5000,10.90,-44.27,0.476,,1,0,,,,,,11.96842,-4.11310,,,,,,
22.128,0.5000,0.5000,0.5000,0.5000,-8.24,-44.21,0.479,,1,0,,,,,,11.89386,-4.13144,,,,,,
22.163,0.5000,0.5000,0.5000,0.5000,-6.77,-46.39,0.495,,1,0,,,,,,11.90805,-4.16781,,,,,,
22.197,0.5000,0.5000,0.5000,0.5000,-2.39,1.49,0.480,,1,0,,,,,,11.85107,-4.17599,,,,,,
22.230,0.5000,0.5000,0.5000,0.5000,-6.99,-46.14,0.482,,1,0,,,,,,11.77524,-4.18494,,,,,,
22.264,0.5000,0.5000,0.5000,0.5000,-5.69,-45.96,0.481,,1,0,,,,,,11.78295,-4.21137,,,,,,
22.297,0.5000,0.5000,0.5000,0.5000,-7.09,-46.28,0.489,,1,0,,,,,,11.70203,-4.27700,,,,,,
22.333,0.5000,0.5000,0.5000,0.5000,9.38,-45.66,0.469,,1,0,,,,,,11.66084,-4.26972,,,,,,
22.365,0.5000,0.5000,0.5000,0.5000,7.65,-61.41,0.462,,1,0,,,,,,11.62552,-4.28815,,,,,,
22.399,0.5000,0.5000,0.5000,0.5000,-80.15,1.36,0.466,,1,0,,,,,,11.57375,-4.28466,,,,,,
22.436,0.5000,0.5000,0.5000,0.5000,-0.57,-2.51,0.450,,1,0,,,,,,11.44771,-4.26690,,,,,,
22.469,0.5000,0.5000,0.5000,0.5000,-6.92,-45.80,0.444,,1,0,,,,,,11.43076,-4.30927,,,,,,
22.503,0.5000,0.5000,0.5000,0.5000,-2.13,-58.67,0.442,,1,0,,,,,,11.43128,-4.30128,,,,,,
22.538,0.5000,0.5000,0.5000,0.5000,-79.93,1.34,0.448,,1,0,,,,,,11.26307,-4.26724,,,,,,
22.564,0.5000,0.5000,0.5000,0.5000,-0.80,-5.57,0.439,,1,0,,,,,,11.17939,-4.26899,,,,,,
22.603,0.5000,0.5000,0.5000,0.5000,-12.11,-46.50,0.438,,1,0,,,,,,11.19156,-4.26686,,,,,,
22.642,0.5000,0.5000,0.5000,0.5000,-7.52,-45.50,0.441,,1,0,,,,,,11.22508,-4.27644,,,,,,
22.674,0.5000,0.5000,0.5000,0.5000,-7.51,32.47,0.452,,1,0,,,,,,11.29740,-4.30612,,,,,,
22.708,0.5000,0.5000,0.5000,0.5000,-4.28,13.82,0.452,,1,0,,,,,,11.29291,-4.29042,,,,,,
22.745,0.5000,0.5000,0.5000,0.5000,-12.05,-50.32,0.439,,1,0,,,,,,11.43721,-4.32434,,,,,,
22.782,0.5000,0.5000,0.5000,0.5000,-5.60,19.20,0.417,,1,0,,,,,,11.52407,-4.33597,,,,,,
22.814,0.5000,0.5000,0.5000,0.5000,-13.82,-50.18,0.435,,1,0,,,,,,11.55767,-4.30402,,,,,,
22.845,0.5000,0.5000,0.5000,0.5000,-2.74,-59.26,0.431,,1,0,,,,,,11.63786,-4.30849,,,,,,
22.884,0.5000,0.5000,0.5000,0.5000,-6.09,24.46,0.442,,1,0,,,,,,11.79092,-4.29834,,,,,,
22.919,0.5000,0.5000,0.5000,0.5000,-0.53,-7.09,0.431,,1,0,,,,,,12.13166,-4.26688,,,,,,
22.942,0.5000,0.5000,0.5000,0.5000,-5.40,-58.59,0.427,,1,0,,,,,,12.08897,-4.22619,,,,,,
22.997,0.5000,0.5000,0.5000,0.5000,-17.10,-57.74,0.445,,1,0,,,,,,12.04867,-4.18371,,,,,,
23.047,0.5000,0.5000,0.5000,0.5000,-7.67,-58.19,0.452,,1,0,,,,,,11.90354,-4.10959,,,,,,
23.084,0.5000,0.5000,0.5000,0.5000,-3.94,6.49,0.467,,1,0,,,,,,11.86956,-4.09699,,,,,,
23.118,0.5000,0.5000,0.5000,0.5000,-6.38,23.60,0.459,,1,0,,,,,,11.96694,-4.10688,,,,,,
23.156,0.5000,0.5000,0.5000,0.5000,-6.99,-46.44,0.452,,1,0,,,,,,12.03161,-4.10631,,,,,,
23.188,0.5000,0.5000,0.5000,0.5000,-6.86,-46.32,0.444,,1,0,,,,,,12.15215,-4.10225,,,,,,
23.223,0.5000,0.5000,0.5000,0.5000,-2.85,3.34,0.449,,1,0,,,,,,12.12991,-4.10215,,,,,,
23.257,0.5000,0.5000,0.5000,0.5000,-4.08,7.61,0.468,,1,0,,,,,,12.04466,-4.10401,,,,,,
23.294,0.5000,0.5000,0.5000,0.5000,-4.90,11.88,0.471,,1,0,,,,,,12.01592,-4.10015,,,,,,
23.333,0.5000,0.5000,0.5000,0.5000,-7.36,27.43,0.458,,1,0,,,,,,11.88068,-4.09861,,,,,,
23.362,0.5000,0.5000,0.5000,0.5000,-6.91,26.00,0.468,,1,0,,,,,,11.84705,-4.10032,,,,,,
23.397,0.5000,0.5000,0.5000,0.5000,7.30,-34.53,0.462,,1,0,,,,,,11.83029,-4.10445,,,,,,
23.433,0.5000,0.5000,0.5000,0.5000,7.89,-32.80,0.472,,1,0,,,,,,11.65219,-4.09134,,,,,,
23.464,0.5000,0.5000,0.5000,0.5000,-6.49,-44.43,0.473,,1,0,,,,,,11.62779,-4.08507,,,,,,
23.499,0.5000,0.5000,0.5000,0.5000,-9.42,10.72,0.470,,1,0,,,,,,11.64488,-4.08712,,,,,,
23.535,0.5000,0.5000,0.5000,0.5000,-2.66,-43.71,0.475,,1,0,,,,,,11.65610,-4.08761,,,,,,
23.565,0.5000,0.5000,0.5000,0.5000,1.15,-58.53,0.486,,1,0,,,,,,11.63317,-4.09405,,,,,,
23.599,0.5000,0.5000,0.5000,0.5000,-9.08,36.94,0.472,,1,0,,,,,,11.68964,-4.10160,,,,,,
23.629,0.5000,0.5000,0.5000,0.5000,-5.85,22.27,0.477,,1,0,,,,,,11.68552,-4.09922,,,,,,
23.666,0.5000,0.5000,0.5000,0.5000,-6.98,-46.41,0.458,,1,0,,,,,,11.74432,-4.09744,,,,,,
23.697,0.5000,0.5000,0.5000,0.5000,-6.08,20.40,0.418,,1,0,,,,,,11.87906,-4.12386,,,,,,
23.735,0.5000,0.5000,0.5000,0.5000,10.54,-42.08,0.390,,1,0,,,,,,12.03526,-4.14034,,,,,,
23.770,0.5000,0.5000,0.5000,0.5000,-5.99,18.81,0.393,,1,0,,,,,,12.01977,-4.12549,,,,,,
23.805,0.5000,0.5000,0.5000,0.5000,-0.68,-7.04,0.400,,1,0,,,,,,11.99818,-4.11098,,,,,,
23.839,0.5000,0.5000,0.5000,0.5000,-1.10,-5.02,0.386,,1,0,,,,,,12.08291,-4.11284,,,,,,
23.870,0.5000,0.5000,0.5000,0.5000,-1.17,-5.20,0.387,,1,0,,,,,,12.09398,-4.10980,,,,,,
23.908,0.5000,0.5000,0.5000,0.5000,1.01,-12.77,0.368,,1,0,,,,,,12.18387,-4.10048,,,,,,
23.942,0.5000,0.5000,0.5000,0.5000,-6.44,-46.90,0.332,,1,0,,,,,,12.36026,-4.07125,,,,,,
23.978,0.5000,0.5000,0.5000,0.5000,-6.29,-48.32,0.275,,1,0,,,,,,12.10058,-3.95645,,,,,,
24.016,0.5000,0.5000,0.5000,0.5000,-7.48,31.87,0.236,,1,0,,,,,,12.02061,-3.85164,,,,,,
24.051,0.5000,0.5000,0.5000,0.5000,-6.99,-48.11,0.261,,1,0,,,,,,12.02154,-3.87126,,,,,,
24.081,0.5000,0.5000,0.5000,0.5000,-6.79,-47.74,0.267,,1,0,,,,,,12.14441,-3.87497,,,,,,
24.113,0.5000,0.5000,0.5000,0.5000,-4.52,14.13,0.278,,1,0,,,,,,12.39149,-3.90118,,,,,,
24.143,0.5000,0.5000,0.5000,0.5000,-6.81,-47.26,0.352,,1,0,,,,,,12.46939,-3.92327,,,,,,
24.180,0.5000,0.5000,0.5000,0.5000,-3.37,-61.74,0.369,,1,0,,,,,,12.53637,-3.93326,,,,,,
24.217,0.5000,0.5000,0.5000,0.5000,12.42,-53.99,0.397,,1,0,,,,,,12.58135,-3.97291,,,,,,
24.251,0.5000,0.5000,0.5000,0.5000,12.03,-43.80,0.415,,1,0,,,,,,12.58288,-4.00505,,,,,,
24.283,0.5000,0.5000,0.5000,0.5000,1.55,-58.24,0.458,,1,0,,,,,,12.40662,-3.90633,,,,,,
24.319,0.5000,0.5000,0.5000,0.5000,-7.13,-46.18,0.463,,1,0,,,,,,12.37105,-3.91848,,,,,,
24.348,0.5000,0.5000,0.5000,0.5000,-5.34,17.19,0.482,,1,0,,,,,,12.41724,-3.90212,,,,,,
24.387,0.5000,0.5000,0.5000,0.5000,-7.67,-46.89,0.481,,1,0,,,,,,12.39061,-3.90514,,,,,,
24.424,0.5000,0.5000,0.5000,0.5000,-7.55,-46.50,0.494,,1,0,,,,,,12.30636,-3.87133,,,,,,
24.459,0.5000,0.5000,0.5000,0.5000,0.83,-12.90,0.499,,1,0,,,,,,12.36725,-3.91175,,,,,,
24.492,0.5000,0.5000,0.5000,0.5000,1.73,-60.87,0.506,,1,0,,,,,,12.30793,-3.89534,,,,,,
24.526,0.5000,0.5000,0.5000,0.5000,-6.47,22.51,0.510,,1,0,,,,,,12.29266,-3.89746,,,,,,
24.561,0.5000,0.5000,0.5000,0.5000,-6.43,23.19,0.508,,1,0,,,,,,12.29996,-3.90181,,,,,,
24.594,0.5000,0.5000,0.5000,0.5000,9.22,-56.20,0.501,,1,0,,,,,,12.17999,-3.89917,,,,,,
24.630,0.5000,0.5000,0.5000,0.5000,-6.95,-46.99,0.473,,1,0,,,,,,12.12642,-3.87609,,,,,,
24.664,0.5000,0.5000,0.5000,0.5000,-3.21,-62.87,0.471,,1,0,,,,,,11.94792,-3.87489,,,,,,
24.699,0.5000,0.5000,0.5000,0.5000,-4.98,16.00,0.449,,1,0,,,,,,12.14314,-3.95238,,,,,,
24.731,0.5000,0.5000,0.5000,0.5000,-6.06,21.62,0.442,,1,0,,,,,,12.03592,-3.93571,,,,,,
24.767,0.5000,0.5000,0.5000,0.5000,-0.76,-3.96,0.425,,1,0,,,,,,12.07025,-3.92544,,,,,,
24.813,0.5000,0.5000,0.5000,0.5000,-6.61,-46.77,0.420,,1,0,,,,,,12.04788,-3.92805,,,,,,
24.849,0.5000,0.5000,0.5000,0.5000,-2.80,5.35,0.417,,1,0,,,,,,12.19287,-3.96052,,,,,,
24.888,0.5000,0.5000,0.5000,0.5000,-6.78,-47.00,0.399,,1,0,,,,,,12.16320,-3.93250,,,,,,
24.922,0.5000,0.5000,0.5000,0.5000,-6.25,21.78,0.396,,1,0,,,,,,12.14390,-3.92943,,,,,,
24.954,0.5000,0.5000,0.5000,0.5000,6.70,-28.95,0.386,,1,0,,,,,,12.20268,-3.93985,,,,,,
24.988,0.5000,0.5000,0.5000,0.5000,-12.48,-56.59,0.375,,1,0,,,,,,12.20390,-3.93942,,,,,,
25.025,0.5000,0.5000,0.5000,0.5000,7.54,-32.30,0.363,,1,0,,,,,,12.41591,-3.95142,,,,,,
25.058,0.5000,0.5000,0.5000,0.5000,-19.02,-55.43,0.361,,1,0,,,,,,12.39944,-3.94548,,,,,,
25.092,0.5000,0.5000,0.5000,0.5000,-6.92,-46.89,0.323,,1,0,,,,,,12.59526,-3.97817,,,,,,
25.128,0.5000,0.5000,0.5000,0.5000,-6.49,-60.32,0.346,,1,0,,,,,,12.33873,-3.86941,,,,,,
25.161,0.5000,0.5000,0.5000,0.5000,3.64,-21.76,0.346,,1,0,,,,,,12.31840,-3.86877,,,,,,
25.194,0.5000,0.5000,0.5000,0.5000,11.61,-41.97,0.350,,1,0,,,,,,12.31002,-3.86928,,,,,,
25.230,0.5000,0.5000,0.5000,0.5000,3.74,-22.57,0.371,,1,0,,,,,,12.25884,-3.84621,,,,,,
25.264,0.5000,0.5000,0.5000,0.5000,-7.03,-46.50,0.367,,1,0,,,,,,12.25148,-3.84711,,,,,,
25.296,0.5000,0.5000,0.5000,0.5000,-6.85,-46.33,0.352,,1,0,,,,,,12.29018,-3.87332,,,,,,
25.334,0.5000,0.5000,0.5000,0.5000,-4.11,-47.69,0.355,,1,0,,,,,,12.20180,-3.86392,,,,,,
25.366,0.5000,0.5000,0.5000,0.5000,2.25,-16.35,0.341,,1,0,,,,,,12.32987,-3.92899,,,,,,
25.427,0.5000,0.5000,0.5000,0.5000,0.12,-8.55,0.349,,1,0,,,,,,12.13926,-3.88202,,,,,,
25.462,0.5000,0.5000,0.5000,0.5000,4.34,-25.23,0.350,,1,0,,,,,,12.03650,-3.86301,,,,,,
25.495,0.5000,0.5000,0.5000,0.5000,-1.33,-1.46,0.360,,1,0,,,,,,12.05369,-3.89152,,,,,,
25.532,0.5000,0.5000,0.5000,0.5000,-1.61,-0.76,0.362,,1,0,,,,,,12.07267,-3.89543,,,,,,
25.567,0.5000,0.5000,0.5000,0.5000,-1.06,-5.71,0.357,,1,0,,,,,,12.02166,-3.88488,,,,,,
25.604,0.5000,0.5000,0.5000,0.5000,-7.12,-46.35,0.346,,1,0,,,,,,12.12498,-3.89321,,,,,,
25.638,0.5000,0.5000,0.5000,0.5000,-5.79,-44.93,0.342,,1,0,,,,,,12.10300,-3.88144,,,,,,
25.671,0.5000,0.5000,0.5000,0.5000,-7.08,-46.34,0.347,,1,0,,,,,,12.08393,-3.88123,,,,,,
25.708,0.5000,0.5000,0.5000,0.5000,3.34,-57.50,0.340,,1,0,,,,,,12.11128,-3.88806,,,,,,
25.741,0.5000,0.5000,0.5000,0.5000,10.51,-42.95,0.341,,1,0,,,,,,12.12398,-3.89186,,,,,,
25.778,0.5000,0.5000,0.5000,0.5000,-7.09,-46.31,0.340,,1,0,,,,,,12.15939,-3.89930,,,,,,
25.811,0.5000,0.5000,0.5000,0.5000,-6.86,-46.51,0.343,,1,0,,,,,,12.17588,-3.91146,,,,,,
25.839,0.5000,0.5000,0.5000,0.5000,-6.92,-46.16,0.340,,1,0,,,,,,12.22959,-3.90817,,,,,,
25.878,0.5000,0.5000,0.5000,0.5000,-6.84,-46.31,0.339,,1,0,,,,,,12.23093,-3.90759,,,,,,
25.913,0.5000,0.5000,0.5000,0.5000,12.35,-49.28,0.345,,1,0,,,,,,12.23787,-3.93125,,,,,,
25.947,0.5000,0.5000,0.5000,0.5000,-6.51,-46.87,0.354,,1,0,,,,,,12.20809,-3.92276,,,,,,
25.985,0.5000,0.5000,0.5000,0.5000,-6.63,-46.72,0.358,,1,0,,,,,,12.16794,-3.89764,,,,,,
26.019,0.5000,0.5000,0.5000,0.5000,-6.35,-46.80,0.368,,1,0,,,,,,12.14637,-3.88789,,,,,,
26.047,0.5000,0.5000,0.5000,0.5000,2.48,-16.07,0.349,,1,0,,,,,,12.19863,-3.84562,,,,,,
26.075,0.5000,0.5000,0.5000,0.5000,9.72,-32.86,0.342,,1,0,,,,,,12.26808,-3.86527,,,,,,
26.115,0.5000,0.5000,0.5000,0.5000,-5.50,19.52,0.345,,1,0,,,,,,12.26432,-3.84863,,,,,,
26.149,0.5000,0.5000,0.5000,0.5000,5.58,-58.24,0.344,,1,0,,,,,,12.20508,-3.76895,,,,,,
26.183,0.5000,0.5000,0.5000,0.5000,-5.08,16.16,0.334,,1,0,,,,,,12.36832,-3.79198,,,,,,
26.218,0.5000,0.5000,0.5000,0.5000,-8.33,-46.52,0.304,,1,0,,,,,,12.28892,-3.71171,,,,,,
26.254,0.5000,0.5000,0.5000,0.5000,-4.83,18.96,0.275,,1,0,,,,,,12.14557,-3.62846,,,,,,
26.288,0.5000,0.5000,0.5000,0.5000,-6.54,29.72,0.290,,1,0,,,,,,12.22729,-3.65310,,,,,,
26.321,0.5000,0.5000,0.5000,0.5000,0.07,-12.45,0.285,,1,0,,,,,,12.45084,-3.67138,,,,,,
26.356,0.5000,0.5000,0.5000,0.5000,-6.28,27.82,0.268,,1,0,,,,,,12.68194,-3.79348,,,,,,
26.388,0.5000,0.5000,0.5000,0.5000,-9.02,-47.23,0.340,,1,0,,,,,,12.69371,-3.75374,,,,,,
26.424,0.5000,0.5000,0.5000,0.5000,-8.57,-47.20,0.377,,1,0,,,,,,12.76482,-3.78396,,,,,,
26.460,0.5000,0.5000,0.5000,0.5000,-16.00,-52.86,0.418,,1,0,,,,,,12.72278,-3.76699,,,,,,
26.496,0.5000,0.5000,0.5000,0.5000,-8.49,-47.19,0.461,,1,0,,,,,,12.59411,-3.73415,,,,,,
26.530,0.5000,0.5000,0.5000,0.5000,-8.76,-47.39,0.478,,1,0,,,,,,12.48059,-3.72823,,,,,,
26.567,0.5000,0.5000,0.5000,0.5000,-9.34,45.56,0.505,,1,0,,,,,,12.41543,-3.74808,,,,,,
26.596,0.5000,0.5000,0.5000,0.5000,-5.14,17.12,0.506,,1,0,,,,,,12.14207,-3.75213,,,,,,
26.633,0.5000,0.5000,0.5000,0.5000,7.47,-56.54,0.491,,1,0,,,,,,12.09319,-3.74647,,,,,,
26.665,0.5000,0.5000,0.5000,0.5000,-1.90,-1.72,0.498,,1,0,,,,,,11.80525,-3.76512,,,,,,
26.700,0.5000,0.5000,0.5000,0.5000,-3.52,7.70,0.525,,1,0,,,,,,11.79091,-3.86000,,,,,,
26.735,0.5000,0.5000,0.5000,0.5000,-13.02,-53.85,0.490,,1,0,,,,,,11.73578,-3.88290,,,,,,
26.769,0.5000,0.5000,0.5000,0.5000,11.85,-45.52,0.460,,1,0,,,,,,11.60231,-3.94475,,,,,,
26.802,0.5000,0.5000,0.5000,0.5000,9.27,-42.02,0.454,,1,0,,,,,,11.57246,-3.95102,,,,,,
26.836,0.5000,0.5000,0.5000,0.5000,-8.51,36.33,0.531,,1,0,,,,,,11.21512,-3.96059,,,,,,
26.868,0.5000,0.5000,0.5000,0.5000,1.11,-10.34,0.510,,1,0,,,,,,11.31622,-3.96767,,,,,,
26.895,0.5000,0.5000,0.5000,0.5000,1.90,-12.18,0.506,,1,0,,,,,,11.36643,-3.97360,,,,,,
26.933,0.5000,0.5000,0.5000,0.5000,-7.09,-46.76,0.495,,1,0,,,,,,11.37274,-3.99453,,,,,,
26.961,0.5000,0.5000,0.5000,0.5000,-7.68,-46.78,0.493,,1,0,,,,,,11.34090,-3.99085,,,,,,
27.004,0.5000,0.5000,0.5000,0.5000,1.34,-12.35,0.505,,1,0,,,,,,11.33809,-4.01209,,,,,,
27.037,0.5000,0.5000,0.5000,0.5000,-7.89,-46.66,0.491,,1,0,,,,,,11.31425,-4.01054,,,,,,
27.069,0.5000,0.5000,0.5000,0.5000,-6.86,-47.12,0.481,,1,0,,,,,,11.28422,-4.02712,,,,,,
27.103,0.5000,0.5000,0.5000,0.5000,8.32,-41.39,0.479,,1,0,,,,,,11.24074,-4.02096,,,,,,
27.135,0.5000,0.5000,0.5000,0.5000,-7.46,-46.12,0.482,,1,0,,,,,,11.26105,-4.02244,,,,,,
27.169,0.5000,0.5000,0.5000,0.5000,-6.06,25.42,0.493,,1,0,,,,,,11.27158,-4.04418,,,,,,
27.202,0.5000,0.5000,0.5000,0.5000,-1.31,-60.21,0.487,,1,0,,,,,,11.32112,-4.05007,,,,,,
27.233,0.5000,0.5000,0.5000,0.5000,-8.02,-46.58,0.494,,1,0,,,,,,11.22586,-4.03049,,,,,,
27.271,0.5000,0.5000,0.5000,0.5000,-7.83,35.87,0.494,,1,0,,,,,,11.23901,-4.02939,,,,,,
27.305,0.5000,0.5000,0.5000,0.5000,6.15,-62.15,0.506,,1,0,,,,,,11.21856,-4.00116,,,,,,
27.340,0.5000,0.5000,0.5000,0.5000,-4.12,14.84,0.519,,1,0,,,,,,11.19441,-3.98744,,,,,,
27.374,0.5000,0.5000,0.5000,0.5000,-6.87,30.42,0.530,,1,0,,,,,,11.28691,-3.93505,,,,,,
27.407,0.5000,0.5000,0.5000,0.5000,-1.83,-0.97,0.537,,1,0,,,,,,11.30923,-3.94004,,,,,,
27.442,0.5000,0.5000,0.5000,0.5000,-8.52,37.15,0.525,,1,0,,,,,,11.39646,-3.95539,,,,,,
27.481,0.5000,0.5000,0.5000,0.5000,-6.42,24.51,0.520,,1,0,,,,,,11.50901,-3.97914,,,,,,
27.515,0.5000,0.5000,0.5000,0.5000,-6.36,23.79,0.509,,1,0,,,,,,11.52968,-3.97992,,,,,,
27.549,0.5000,0.5000,0.5000,0.5000,0.37,-9.73,0.503,,1,0,,,,,,11.59543,-3.99547,,,,,,
27.583,0.5000,0.5000,0.5000,0.5000,12.22,-53.13,0.491,,1,0,,,,,,11.65408,-4.00667,,,,,,
27.614,0.5000,0.5000,0.5000,0.5000,-2.96,5.29,0.494,,1,0,,,,,,11.61148,-3.97138,,,,,,
27.650,0.5000,0.5000,0.5000,0.5000,-7.08,28.49,0.493,,1,0,,,,,,11.69740,-3.97332,,,,,,
27.680,0.5000,0.5000,0.5000,0.5000,0.92,-11.35,0.510,,1,0,,,,,,11.69563,-3.93584,,,,,,
27.718,0.5000,0.5000,0.5000,0.5000,-4.77,13.59,0.520,,1,0,,,,,,11.70336,-3.92788,,,,,,
27.751,0.5000,0.5000,0.5000,0.5000,-4.08,9.73,0.500,,1,0,,,,,,11.72221,-3.93417,,,,,,
27.781,0.5000,0.5000,0.5000,0.5000,-7.65,-47.17,0.509,,1,0,,,,,,11.73965,-3.93108,,,,,,
27.816,0.5000,0.5000,0.5000,0.5000,11.11,-53.31,0.518,,1,0,,,,,,11.71439,-3.93164,,,,,,
27.852,0.5000,0.5000,0.5000,0.5000,-4.91,15.05,0.512,,1,0,,,,,,11.80901,-3.95308,,,,,,
27.880,0.5000,0.5000,0.5000,0.5000,-4.13,10.21,0.495,,1,0,,,,,,11.87522,-3.94770,,,,,,
27.920,0.5000,0.5000,0.5000,0.5000,-5.60,18.48,0.498,,1,0,,,,,,11.81706,-3.92734,,,,,,
27.947,0.5000,0.5000,0.5000,0.5000,-4.00,11.47,0.490,,1,0,,,,,,11.76296,-3.85873,,,,,,
27.986,0.5000,0.5000,0.5000,0.5000,-6.42,26.55,0.510,,1,0,,,,,,11.62773,-3.79782,,,,,,
28.020,0.5000,0.5000,0.5000,0.5000,0.48,-8.47,0.484,,1,0,,,,,,11.70844,-3.80797,,,,,,
28.054,0.5000,0.5000,0.5000,0.5000,1.59,-12.83,0.454,,1,0,,,,,,11.89897,-3.81828,,,,,,
28.086,0.5000,0.5000,0.5000,0.5000,10.23,-49.07,0.449,,1,0,,,,,,11.88848,-3.83285,,,,,,
28.120,0.5000,0.5000,0.5000,0.5000,-8.09,-46.72,0.438,,1,0,,,,,,11.80921,-3.75549,,,,,,
28.154,0.5000,0.5000,0.5000,0.5000,-8.04,-47.02,0.443,,1,0,,,,,,11.82260,-3.76616,,,,,,
28.210,0.5000,0.5000,0.5000,0.5000,-7.73,-47.10,0.436,,1,0,,,,,,11.79239,-3.73519,,,,,,
28.261,0.5000,0.5000,0.5000,0.5000,0.15,-7.80,0.406,,1,0,,,,,,11.92652,-3.74893,,,,,,
28.292,0.5000,0.5000,0.5000,0.5000,10.56,-49.58,0.394,,1,0,,,,,,11.99785,-3.73179,,,,,,
28.327,0.5000,0.5000,0.5000,0.5000,-6.65,25.97,0.391,,1,0,,,,,,12.01334,-3.73283,,,,,,
28.364,0.5000,0.5000,0.5000,0.5000,-4.97,16.89,0.393,,1,0,,,,,,12.08009,-3.74282,,,,,,
28.399,0.5000,0.5000,0.5000,0.5000,-0.52,-2.71,0.389,,1,0,,,,,,12.05625,-3.74578,,,,,,
28.432,0.5000,0.5000,0.5000,0.5000,8.70,-39.21,0.364,,1,0,,,,,,12.27759,-3.75828,,,,,,
28.468,0.5000,0.5000,0.5000,0.5000,-0.75,-4.46,0.334,,1,0,,,,,,12.39865,-3.76601,,,,,,
28.500,0.5000,0.5000,0.5000,0.5000,-3.16,8.53,0.245,,1,0,,,,,,12.35931,-3.68941,,,,,,
28.529,0.5000,0.5000,0.5000,0.5000,-8.25,-47.46,0.244,,1,0,,,,,,12.20103,-3.63615,,,,,,
28.567,0.5000,0.5000,0.5000,0.5000,-6.49,29.12,0.264,,1,0,,,,,,12.13357,-3.64296,,,,,,
28.606,0.5000,0.5000,0.5000,0.5000,-15.04,-58.35,0.265,,1,0,,,,,,12.21079,-3.64213,,,,,,
28.638,0.5000,0.5000,0.5000,0.5000,1.82,-19.12,0.263,,1,0,,,,,,12.27749,-3.67323,,,,,,
28.670,0.5000,0.5000,0.5000,0.5000,-4.29,-60.33,0.265,,1,0,,,,,,12.29925,-3.62893,,,,,,
28.705,0.5000,0.5000,0.5000,0.5000,-14.53,-56.41,0.275,,1,0,,,,,,12.33843,-3.67568,,,,,,
28.737,0.5000,0.5000,0.5000,0.5000,-3.96,-61.67,0.290,,1,0,,,,,,12.42440,-3.68762,,,,,,
28.770,0.5000,0.5000,0.5000,0.5000,9.11,-55.78,0.315,,1,0,,,,,,12.30137,-3.64939,,,,,,
28.803,0.5000,0.5000,0.5000,0.5000,9.54,-54.28,0.316,,1,0,,,,,,12.36555,-3.67045,,,,,,
28.838,0.5000,0.5000,0.5000,0.5000,-2.81,-61.41,0.330,,1,0,,,,,,12.43870,-3.69588,,,,,,
28.871,0.5000,0.5000,0.5000,0.5000,4.85,-29.41,0.323,,1,0,,,,,,12.44295,-3.71139,,,,,,
28.906,0.5000,0.5000,0.5000,0.5000,8.08,-36.89,0.331,,1,0,,,,,,12.37668,-3.68056,,,,,,
28.940,0.5000,0.5000,0.5000,0.5000,3.48,-24.96,0.326,,1,0,,,,,,12.29623,-3.70080,,,,,,
28.970,0.5000,0.5000,0.5000,0.5000,-2.52,2.81,0.364,,1,0,,,,,,12.30863,-3.73333,,,,,,
29.004,0.5000,0.5000,0.5000,0.5000,-7.72,-46.76,0.350,,1,0,,,,,,12.34626,-3.72577,,,,,,
29.038,0.5000,0.5000,0.5000,0.5000,-4.74,14.84,0.359,,1,0,,,,,,12.18863,-3.71372,,,,,,
29.072,0.5000,0.5000,0.5000,0.5000,5.05,-24.51,0.358,,1,0,,,,,,12.12723,-3.72188,,,,,,
29.105,0.5000,0.5000,0.5000,0.5000,10.32,-45.29,0.338,,1,0,,,,,,12.11987,-3.71699,,,,,,
29.140,0.5000,0.5000,0.5000,0.5000,1.92,-15.11,0.340,,1,0,,,,,,11.94032,-3.69603,,,,,,
29.174,0.5000,0.5000,0.5000,0.5000,-7.89,-46.59,0.336,,1,0,,,,,,11.90198,-3.69356,,,,,,
29.209,0.5000,0.5000,0.5000,0.5000,-5.55,-46.21,0.339,,1,0,,,,,,11.78260,-3.66899,,,,,,
29.244,0.5000,0.5000,0.5000,0.5000,-5.75,-44.39,0.337,,1,0,,,,,,11.68200,-3.66132,,,,,,
29.280,0.5000,0.5000,0.5000,0.5000,-11.22,-45.95,0.337,,1,0,,,,,,11.63950,-3.66762,,,,,,
29.315,0.5000,0.5000,0.5000,0.5000,-13.41,-49.71,0.330,,1,0,,,,,,11.74257,-3.69655,,,,,,
29.348,0.5000,0.5000,0.5000,0.5000,-7.13,-46.60,0.342,,1,0,,,,,,11.62555,-3.67794,,,,,,
29.382,0.5000,0.5000,0.5000,0.5000,-7.38,-46.27,0.326,,1,0,,,,,,11.66536,-3.72973,,,,,,
29.417,0.5000,0.5000,0.5000,0.5000,6.92,-54.97,0.326,,1,0,,,,,,11.68799,-3.72840,,,,,,
29.451,0.5000,0.5000,0.5000,0.5000,1.68,-60.47,0.328,,1,0,,,,,,11.67364,-3.73227,,,,,,
29.493,0.5000,0.5000,0.5000,0.5000,-1.38,-1.40,0.332,,1,0,,,,,,11.69003,-3.73868,,,,,,
29.533,0.5000,0.5000,0.5000,0.5000,-7.16,-57.06,0.336,,1,0,,,,,,11.71824,-3.75733,,,,,,
29.567,0.5000,0.5000,0.5000,0.5000,3.28,-20.55,0.329,,1,0,,,,,,11.70893,-3.73811,,,,,,
29.599,0.5000,0.5000,0.5000,0.5000,3.58,-57.49,0.327,,1,0,,,,,,11.88126,-3.76054,,,,,,
29.629,0.5000,0.5000,0.5000,0.5000,0.69,-10.36,0.328,,1,0,,,,,,11.97480,-3.76244,,,,,,
29.667,0.5000,0.5000,0.5000,0.5000,0.88,-9.12,0.326,,1,0,,,,,,12.08722,-3.76520,,,,,,
29.699,0.5000,0.5000,0.5000,0.5000,-6.59,-47.27,0.312,,1,0,,,,,,12.06412,-3.71443,,,,,,
29.743,0.5000,0.5000,0.5000,0.5000,-5.73,-47.36,0.302,,1,0,,,,,,12.36385,-3.76367,,,,,,
29.778,0.5000,0.5000,0.5000,0.5000,-8.70,-20.21,0.328,,1,0,,,,,,12.35886,-3.68445,,,,,,
29.814,0.5000,0.5000,0.5000,0.5000,-6.11,24.49,0.335,,1,0,,,,,,12.31693,-3.65637,,,,,,
29.849,0.5000,0.5000,0.5000,0.5000,-5.97,22.75,0.369,,1,0,,,,,,12.35557,-3.61074,,,,,,
29.882,0.5000,0.5000,0.5000,0.5000,-6.13,23.53,0.368,,1,0,,,,,,12.30392,-3.58501,,,,,,
29.917,0.5000,0.5000,0.5000,0.5000,-7.44,31.32,0.329,,1,0,,,,,,12.44724,-3.59878,,,,,,
29.950,0.5000,0.5000,0.5000,0.5000,-3.49,6.18,0.321,,1,0,,,,,,12.53367,-3.60335,,,,,,
29.984,0.5000,0.5000,0.5000,0.5000,-5.69,18.88,0.313,,1,0,,,,,,12.50958,-3.58390,,,,,,
30.017,0.5000,0.5000,0.5000,0.5000,-7.72,-47.19,0.295,,1,0,,,,,,12.22115,-3.52992,,,,,,
30.055,0.5000,0.5000,0.5000,0.5000,-6.18,24.09,0.281,,1,0,,,,,,11.94351,-3.51300,,,,,,
30.090,0.5000,0.5000,0.5000,0.5000,-6.82,30.82,0.290,,1,0,,,,,,12.00820,-3.53195,,,,,,
30.123,0.5000,0.5000,0.5000,0.5000,-8.13,-48.01,0.324,,1,0,,,,,,12.15683,-3.59294,,,,,,
30.154,0.5000,0.5000,0.5000,0.5000,1.18,-44.48,0.387,,1,0,,,,,,12.13360,-3.62684,,,,,,
30.194,0.5000,0.5000,0.5000,0.5000,-7.49,33.49,0.464,,1,0,,,,,,11.89093,-3.68071,,,,,,
30.219,0.5000,0.5000,0.5000,0.5000,-5.11,-46.01,0.466,,1,0,,,,,,11.81162,-3.67899,,,,,,
30.259,0.5000,0.5000,0.5000,0.5000,-0.17,-7.53,0.478,,1,0,,,,,,11.69988,-3.66876,,,,,,
30.293,0.5000,0.5000,0.5000,0.5000,10.18,-52.22,0.521,,1,0,,,,,,11.45526,-3.67801,,,,,,
30.327,0.5000,0.5000,0.5000,0.5000,2.43,-21.18,0.514,,1,0,,,,,,11.47210,-3.71745,,,,,,
30.364,0.5000,0.5000,0.5000,0.5000,1.01,-61.15,0.515,,1,0,,,,,,11.57983,-3.76784,,,,,,
30.400,0.5000,0.5000,0.5000,0.5000,-7.97,-46.82,0.510,,1,0,,,,,,11.41692,-3.74040,,,,,,
30.430,0.5000,0.5000,0.5000,0.5000,-3.59,9.16,0.501,,1,0,,,,,,11.46494,-3.77156,,,,,,
30.466,0.5000,0.5000,0.5000,0.5000,-6.06,24.08,0.534,,1,0,,,,,,11.45131,-3.77299,,,,,,
30.500,0.5000,0.5000,0.5000,0.5000,-79.95,1.38,0.538,,1,0,,,,,,11.50015,-3.77717,,,,,,
30.533,0.5000,0.5000,0.5000,0.5000,-8.81,43.23,0.530,,1,0,,,,,,11.47898,-3.77484,,,,,,
30.568,0.5000,0.5000,0.5000,0.5000,-8.89,43.83,0.524,,1,0,,,,,,11.48616,-3.76663,,,,,,
30.603,0.5000,0.5000,0.5000,0.5000,-8.07,-47.06,0.535,,1,0,,,,,,11.47796,-3.76805,,,,,,
30.638,0.5000,0.5000,0.5000,0.5000,0.23,-7.78,0.527,,1,0,,,,,,11.57193,-3.78240,,,,,,
30.664,0.5000,0.5000,0.5000,0.5000,-5.56,18.99,0.522,,1,0,,,,,,11.56083,-3.77382,,,,,,
30.704,0.5000,0.5000,0.5000,0.5000,-6.10,23.46,0.522,,1,0,,,,,,11.53308,-3.76052,,,,,,
30.742,0.5000,0.5000,0.5000,0.5000,-0.34,-1.30,0.528,,1,0,,,,,,11.51326,-3.74872,,,,,,
30.776,0.5000,0.5000,0.5000,0.5000,-7.39,-46.73,0.519,,1,0,,,,,,11.57680,-3.75372,,,,,,
30.815,0.5000,0.5000,0.5000,0.5000,12.24,-54.99,0.520,,1,0,,,,,,11.63790,-3.75805,,,,,,
30.846,0.5000,0.5000,0.5000,0.5000,-7.39,-47.29,0.515,,1,0,,,,,,11.69092,-3.77356,,,,,,
30.880,0.5000,0.5000,0.5000,0.5000,-6.85,29.37,0.515,,1,0,,,,,,11.71992,-3.76233,,,,,,
30.912,0.5000,0.5000,0.5000,0.5000,-7.74,33.62,0.513,,1,0,,,,,,11.65743,-3.72489,,,,,,
30.946,0.5000,0.5000,0.5000,0.5000,-2.53,4.44,0.479,,1,0,,,,,,11.76033,-3.71478,,,,,,
30.978,0.5000,0.5000,0.5000,0.5000,-4.33,13.42,0.468,,1,0,,,,,,11.82083,-3.71759,,,,,,
31.012,0.5000,0.5000,0.5000,0.5000,2.49,-15.07,0.446,,1,0,,,,,,11.80622,-3.67908,,,,,,
31.047,0.5000,0.5000,0.5000,0.5000,-3.89,8.42,0.429,,1,0,,,,,,11.79304,-3.66592,,,,,,
31.094,0.5000,0.5000,0.5000,0.5000,-7.42,-47.48,0.430,,1,0,,,,,,11.88769,-3.67404,,,,,,
31.126,0.5000,0.5000,0.5000,0.5000,7.24,-36.99,0.420,,1,0,,,,,,11.91333,-3.66147,,,,,,
31.157,0.5000,0.5000,0.5000,0.5000,-0.79,-6.41,0.416,,1,0,,,,,,11.91925,-3.65242,,,,,,
31.192,0.5000,0.5000,0.5000,0.5000,-1.42,-0.74,0.422,,1,0,,,,,,11.94713,-3.63753,,,,,,
31.225,0.5000,0.5000,0.5000,0.5000,4.76,-26.90,0.408,,1,0,,,,,,11.95626,-3.63291,,,,,,
31.261,0.5000,0.5000,0.5000,0.5000,-0.11,-8.40,0.405,,1,0,,,,,,11.94854,-3.63815,,,,,,
31.297,0.5000,0.5000,0.5000,0.5000,-5.30,20.00,0.428,,1,0,,,,,,11.94293,-3.61073,,,,,,
31.330,0.5000,0.5000,0.5000,0.5000,6.85,-57.03,0.427,,1,0,,,,,,12.04873,-3.62040,,,,,,
31.364,0.5000,0.5000,0.5000,0.5000,-0.68,-4.68,0.407,,1,0,,,,,,11.92623,-3.55853,,,,,,
31.401,0.5000,0.5000,0.5000,0.5000,-1.24,-2.43,0.422,,1,0,,,,,,11.92892,-3.53599,,,,,,
31.432,0.5000,0.5000,0.5000,0.5000,3.54,-22.17,0.416,,1,0,,,,,,11.95857,-3.54423,,,,,,
31.471,0.5000,0.5000,0.5000,0.5000,-0.56,-6.57,0.418,,1,0,,,,,,12.05319,-3.55915,,,,,,
31.525,0.5000,0.5000,0.5000,0.5000,-5.25,18.46,0.425,,1,0,,,,,,12.03279,-3.56943,,,,,,
31.556,0.5000,0.5000,0.5000,0.5000,-5.81,21.33,0.432,,1,0,,,,,,11.96316,-3.57193,,,,,,
31.588,0.5000,0.5000,0.5000,0.5000,-7.27,-48.25,0.380,,1,0,,,,,,12.04263,-3.56718,,,,,,
31.623,0.5000,0.5000,0.5000,0.5000,-7.45,-49.01,0.295,,1,0,,,,,,11.72334,-3.35237,,,,,,
31.658,0.5000,0.5000,0.5000,0.5000,-7.58,-49.33,0.284,,1,0,,,,,,11.47929,-3.29312,,,,,,
31.698,0.5000,0.5000,0.5000,0.5000,-8.38,-49.73,0.298,,1,0,,,,,,11.47174,-3.29910,,,,,,
31.731,0.5000,0.5000,0.5000,0.5000,-6.95,34.53,0.272,,1,0,,,,,,11.84168,-3.34115,,,,,,
31.763,0.5000,0.5000,0.5000,0.5000,-17.86,-61.81,0.273,,1,0,,,,,,11.94247,-3.37485,,,,,,
31.802,0.5000,0.5000,0.5000,0.5000,-7.12,33.55,0.280,,1,0,,,,,,11.96711,-3.37909,,,,,,
31.836,0.5000,0.5000,0.5000,0.5000,-9.20,-48.61,0.325,,1,0,,,,,,12.01030,-3.39624,,,,,,
31.869,0.5000,0.5000,0.5000,0.5000,-8.07,42.82,0.403,,1,0,,,,,,11.89763,-3.34105,,,,,,
31.899,0.5000,0.5000,0.5000,0.5000,-7.53,38.65,0.432,,1,0,,,,,,11.97636,-3.36420,,,,,,
31.939,0.5000,0.5000,0.5000,0.5000,-5.18,21.64,0.458,,1,0,,,,,,11.85929,-3.27438,,,,,,
31.973,0.5000,0.5000,0.5000,0.5000,-6.44,29.47,0.466,,1,0,,,,,,11.89822,-3.28751,,,,,,
32.005,0.5000,0.5000,0.5000,0.5000,-5.23,21.18,0.507,,1,0,,,,,,11.95326,-3.27351,,,,,,
32.039,0.5000,0.5000,0.5000,0.5000,-6.67,-48.76,0.553,,1,0,,,,,,11.95516,-3.25931,,,,,,
32.071,0.5000,0.5000,0.5000,0.5000,-7.00,30.64,0.554,,1,0,,,,,,11.98561,-3.25178,,,,,,
32.106,0.5000,0.5000,0.5000,0.5000,-7.01,31.16,0.550,,1,0,,,,,,11.98626,-3.24367,,,,,,
32.141,0.5000,0.5000,0.5000,0.5000,-3.84,11.28,0.525,,1,0,,,,,,12.20096,-3.30941,,,,,,
32.178,0.5000,0.5000,0.5000,0.5000,-7.72,-48.03,0.533,,1,0,,,,,,12.18014,-3.29543,,,,,,
32.203,0.5000,0.5000,0.5000,0.5000,-7.22,29.62,0.556,,1,0,,,,,,12.17158,-3.28514,,,,,,
32.245,0.5000,0.5000,0.5000,0.5000,-13.79,-50.20,0.552,,1,0,,,,,,12.21430,-3.27738,,,,,,
32.284,0.5000,0.5000,0.5000,0.5000,-8.39,-48.33,0.555,,1,0,,,,,,12.24288,-3.31490,,,,,,
32.316,0.5000,0.5000,0.5000,0.5000,-7.14,31.63,0.565,,1,0,,,,,,12.27615,-3.32465,,,,,,
32.350,0.5000,0.5000,0.5000,0.5000,-5.33,16.65,0.551,,1,0,,,,,,12.34506,-3.32172,,,,,,
32.385,0.5000,0.5000,0.5000,0.5000,-8.23,34.76,0.566,,1,0,,,,,,12.32597,-3.33289,,,,,,
32.418,0.5000,0.5000,0.5000,0.5000,-6.15,21.22,0.568,,1,0,,,,,,12.27479,-3.32626,,,,,,
32.450,0.5000,0.5000,0.5000,0.5000,-8.13,-48.04,0.559,,1,0,,,,,,12.25776,-3.33794,,,,,,
32.484,0.5000,0.5000,0.5000,0.5000,-7.31,29.93,0.563,,1,0,,,,,,12.19088,-3.33494,,,,,,
32.521,0.5000,0.5000,0.5000,0.5000,-7.05,28.21,0.561,,1,0,,,,,,12.03814,-3.33194,,,,,,
32.550,0.5000,0.5000,0.5000,0.5000,-6.91,27.07,0.583,,1,0,,,,,,12.11780,-3.37279,,,,,,
32.593,0.5000,0.5000,0.5000,0.5000,-5.82,22.02,0.570,,1,0,,,,,,12.09221,-3.36361,,,,,,
32.632,0.5000,0.5000,0.5000,0.5000,-10.27,50.87,0.561,,1,0,,,,,,12.00508,-3.41202,,,,,,
32.665,0.5000,0.5000,0.5000,0.5000,-7.68,33.63,0.552,,1,0,,,,,,11.97008,-3.42504,,,,,,
32.700,0.5000,0.5000,0.5000,0.5000,7.85,-41.92,0.551,,1,0,,,,,,11.93725,-3.41679,,,,,,
32.734,0.5000,0.5000,0.5000,0.5000,-2.07,-3.16,0.556,,1,0,,,,,,11.96634,-3.45494,,,,,,
32.767,0.5000,0.5000,0.5000,0.5000,-4.64,18.45,0.537,,1,0,,,,,,11.99222,-3.47248,,,,,,
32.806,0.5000,0.5000,0.5000,0.5000,-6.53,29.13,0.540,,1,0,,,,,,11.94414,-3.46640,,,,,,
32.841,0.5000,0.5000,0.5000,0.5000,-7.48,36.29,0.538,,1,0,,,,,,11.94231,-3.46011,,,,,,
32.876,0.5000,0.5000,0.5000,0.5000,-4.32,16.02,0.540,,1,0,,,,,,11.80325,-3.45189,,,,,,
32.910,0.5000,0.5000,0.5000,0.5000,-6.40,26.85,0.536,,1,0,,,,,,11.79899,-3.44905,,,,,,
32.945,0.5000,0.5000,0.5000,0.5000,10.17,-38.75,0.542,,1,0,,,,,,11.79999,-3.43045,,,,,,
32.982,0.5000,0.5000,0.5000,0.5000,-14.02,-52.52,0.540,,1,0,,,,,,11.85802,-3.43590,,,,,,
33.013,0.5000,0.5000,0.5000,0.5000,-5.83,23.52,0.543,,1,0,,,,,,11.83115,-3.42379,,,,,,
33.045,0.5000,0.5000,0.5000,0.5000,-6.59,28.93,0.531,,1,0,,,,,,11.93292,-3.43653,,,,,,
33.081,0.5000,0.5000,0.5000,0.5000,-4.59,15.06,0.512,,1,0,,,,,,12.00057,-3.43794,,,,,,
33.112,0.5000,0.5000,0.5000,0.5000,-4.08,12.63,0.508,,1,0,,,,,,12.11294,-3.43229,,,,,,
33.147,0.5000,0.5000,0.5000,0.5000,-5.09,17.60,0.522,,1,0,,,,,,12.18239,-3.42454,,,,,,
33.180,0.5000,0.5000,0.5000,0.5000,-7.02,30.36,0.545,,1,0,,,,,,12.19324,-3.35980,,,,,,
33.216,0.5000,0.5000,0.5000,0.5000,-5.58,21.08,0.547,,1,0,,,,,,12.39617,-3.37898,,,,,,
33.246,0.5000,0.5000,0.5000,0.5000,-73.41,66.86,0.548,,1,0,,,,,,12.37605,-3.31377,,,,,,
33.281,0.5000,0.5000,0.5000,0.5000,-7.54,34.79,0.567,,1,0,,,,,,12.37797,-3.29715,,,,,,
33.319,0.5000,0.5000,0.5000,0.5000,-4.80,17.18,0.552,,1,0,,,,,,12.34317,-3.23349,,,,,,
33.354,0.5000,0.5000,0.5000,0.5000,-6.83,29.74,0.546,,1,0,,,,,,12.56779,-3.27978,,,,,,
33.391,0.5000,0.5000,0.5000,0.5000,34.29,72.63,0.560,,1,0,,,,,,12.51042,-3.25900,,,,,,
33.426,0.5000,0.5000,0.5000,0.5000,-8.48,36.92,0.561,,1,0,,,,,,12.48981,-3.25747,,,,,,
33.459,0.5000,0.5000,0.5000,0.5000,-70.52,65.22,0.567,,1,0,,,,,,12.62392,-3.25655,,,,,,
33.493,0.5000,0.5000,0.5000,0.5000,-73.23,65.50,0.569,,1,0,,,,,,12.61407,-3.26597,,,,,,
33.533,0.5000,0.5000,0.5000,0.5000,-23.30,72.23,0.566,,1,0,,,,,,12.66393,-3.25710,,,,,,
33.568,0.5000,0.5000,0.5000,0.5000,-8.23,-60.03,0.563,,1,0,,,,,,12.38897,-3.21991,,,,,,
33.600,0.5000,0.5000,0.5000,0.5000,10.86,-25.85,0.576,,1,0,,,,,,12.43508,-3.23616,,,,,,
33.636,0.5000,0.5000,0.5000,0.5000,-8.95,-47.60,0.559,,1,0,,,,,,12.38152,-3.23605,,,,,,
33.670,0.5000,0.5000,0.5000,0.5000,-14.38,-45.76,0.581,,1,0,,,,,,12.46474,-3.29670,,,,,,
33.704,0.5000,0.5000,0.5000,0.5000,-7.59,35.57,0.576,,1,0,,,,,,12.45568,-3.29627,,,,,,
33.737,0.5000,0.5000,0.5000,0.5000,-8.35,38.30,0.569,,1,0,,,,,,12.25653,-3.30468,,,,,,
33.776,0.5000,0.5000,0.5000,0.5000,-6.79,30.89,0.571,,1,0,,,,,,12.26766,-3.29511,,,,,,
33.810,0.5000,0.5000,0.5000,0.5000,-7.70,35.77,0.580,,1,0,,,,,,11.82967,-3.28036,,,,,,
33.843,0.5000,0.5000,0.5000,0.5000,-5.01,16.12,0.591,,1,0,,,,,,11.90654,-3.29798,,,,,,
33.880,0.5000,0.5000,0.5000,0.5000,-3.31,-61.55,0.561,,1,0,,,,,,11.97649,-3.34782,,,,,,
33.918,0.5000,0.5000,0.5000,0.5000,-3.64,2.25,0.560,,1,0,,,,,,12.09573,-3.36262,,,,,,
33.958,0.5000,0.5000,0.5000,0.5000,-7.48,33.37,0.569,,1,0,,,,,,12.02767,-3.33936,,,,,,
33.995,0.5000,0.5000,0.5000,0.5000,-7.39,32.55,0.573,,1,0,,,,,,12.03004,-3.33782,,,,,,
34.027,0.5000,0.5000,0.5000,0.5000,-7.37,31.99,0.584,,1,0,,,,,,12.00645,-3.33658,,,,,,
34.064,0.5000,0.5000,0.5000,0.5000,-7.54,34.08,0.588,,1,0,,,,,,12.01786,-3.32395,,,,,,
34.099,0.5000,0.5000,0.5000,0.5000,-7.46,32.54,0.592,,1,0,,,,,,11.98165,-3.31515,,,,,,
34.133,0.5000,0.5000,0.5000,0.5000,-0.54,-12.54,0.613,,1,0,,,,,,11.96028,-3.32032,,,,,,
34.168,0.5000,0.5000,0.5000,0.5000,-8.67,-47.78,0.599,,1,0,,,,,,12.26935,-3.36196,,,,,,
34.201,0.5000,0.5000,0.5000,0.5000,-6.58,27.84,0.567,,1,0,,,,,,12.27602,-3.34534,,,,,,
34.236,0.5000,0.5000,0.5000,0.5000,-6.83,30.77,0.558,,1,0,,,,,,12.25498,-3.30864,,,,,,
34.269,0.5000,0.5000,0.5000,0.5000,-5.53,20.51,0.518,,1,0,,,,,,12.13459,-3.22679,,,,,,
34.300,0.5000,0.5000,0.5000,0.5000,-6.41,26.97,0.511,,1,0,,,,,,12.17584,-3.23300,,,,,,
34.340,0.5000,0.5000,0.5000,0.5000,-5.64,22.46,0.524,,1,0,,,,,,12.17867,-3.20358,,,,,,
34.372,0.5000,0.5000,0.5000,0.5000,-8.71,-47.44,0.519,,1,0,,,,,,12.17143,-3.20641,,,,,,
34.409,0.5000,0.5000,0.5000,0.5000,-5.86,23.54,0.488,,1,0,,,,,,12.26946,-3.22093,,,,,,
34.445,0.5000,0.5000,0.5000,0.5000,-6.38,26.90,0.389,,1,0,,,,,,12.35015,-3.26899,,,,,,
34.477,0.5000,0.5000,0.5000,0.5000,-7.55,36.30,0.311,,1,0,,,,,,12.21262,-3.15746,,,,,,
34.515,0.5000,0.5000,0.5000,0.5000,-7.48,37.82,0.277,,1,0,,,,,,12.31912,-3.19855,,,,,,
34.550,0.5000,0.5000,0.5000,0.5000,-75.15,66.03,0.278,,1,0,,,,,,12.46240,-3.26904,,,,,,
34.611,0.5000,0.5000,0.5000,0.5000,-9.71,-48.11,0.260,,1,0,,,,,,12.71687,-3.44696,,,,,,
34.644,0.5000,0.5000,0.5000,0.5000,-7.05,33.68,0.259,,1,0,,,,,,12.69136,-3.43658,,,,,,
34.692,0.5000,0.5000,0.5000,0.5000,-6.41,29.74,0.258,,1,0,,,,,,12.69098,-3.43482,,,,,,
34.733,0.5000,0.5000,0.5000,0.5000,-9.78,-47.87,0.286,,1,0,,,,,,12.42146,-3.38931,,,,,,
34.768,0.5000,0.5000,0.5000,0.5000,-6.23,28.66,0.287,,1,0,,,,,,12.38222,-3.37746,,,,,,
34.801,0.5000,0.5000,0.5000,0.5000,-6.25,27.99,0.305,,1,0,,,,,,12.30205,-3.36608,,,,,,
34.835,0.5000,0.5000,0.5000,0.5000,-4.68,15.72,0.308,,1,0,,,,,,12.28027,-3.36149,,,,,,
34.870,0.5000,0.5000,0.5000,0.5000,-6.28,27.96,0.341,,1,0,,,,,,12.21440,-3.34342,,,,,,
34.905,0.5000,0.5000,0.5000,0.5000,-6.34,28.34,0.360,,1,0,,,,,,12.13552,-3.32173,,,,,,
34.941,0.5000,0.5000,0.5000,0.5000,-6.44,27.87,0.356,,1,0,,,,,,12.18497,-3.32269,,,,,,
34.978,0.5000,0.5000,0.5000,0.5000,6.13,-42.72,0.364,,1,0,,,,,,12.16252,-3.29138,,,,,,
35.010,0.5000,0.5000,0.5000,0.5000,-1.45,-6.66,0.369,,1,0,,,,,,12.25373,-3.29480,,,,,,
35.042,0.5000,0.5000,0.5000,0.5000,-5.81,23.04,0.369,,1,0,,,,,,12.31100,-3.30261,,,,,,
35.078,0.5000,0.5000,0.5000,0.5000,-7.06,32.77,0.363,,1,0,,,,,,12.23054,-3.26626,,,,,,
35.110,0.5000,0.5000,0.5000,0.5000,-17.67,-54.89,0.374,,1,0,,,,,,12.24846,-3.26057,,,,,,
35.146,0.5000,0.5000,0.5000,0.5000,-6.24,26.38,0.362,,1,0,,,,,,12.34707,-3.28053,,,,,,
35.179,0.5000,0.5000,0.5000,0.5000,-6.14,25.87,0.362,,1,0,,,,,,12.44394,-3.28653,,,,,,
35.216,0.5000,0.5000,0.5000,0.5000,-6.93,31.44,0.373,,1,0,,,,,,12.48521,-3.29868,,,,,,
35.248,0.5000,0.5000,0.5000,0.5000,-5.37,18.83,0.369,,1,0,,,,,,12.47779,-3.27505,,,,,,
35.281,0.5000,0.5000,0.5000,0.5000,-6.94,29.94,0.355,,1,0,,,,,,12.61539,-3.30114,,,,,,
35.312,0.5000,0.5000,0.5000,0.5000,-8.00,-47.18,0.356,,1,0,,,,,,12.63636,-3.29473,,,,,,
35.336,0.5000,0.5000,0.5000,0.5000,-6.64,28.80,0.387,,1,0,,,,,,12.64868,-3.25371,,,,,,
35.378,0.5000,0.5000,0.5000,0.5000,-8.51,41.43,0.394,,1,0,,,,,,12.50736,-3.21842,,,,,,
35.416,0.5000,0.5000,0.5000,0.5000,-8.70,-47.64,0.391,,1,0,,,,,,12.46222,-3.19687,,,,,,
35.449,0.5000,0.5000,0.5000,0.5000,-6.68,31.39,0.386,,1,0,,,,,,12.48350,-3.20389,,,,,,
35.485,0.5000,0.5000,0.5000,0.5000,-6.05,27.63,0.388,,1,0,,,,,,12.47412,-3.19757,,,,,,
35.520,0.5000,0.5000,0.5000,0.5000,-6.20,28.24,0.378,,1,0,,,,,,12.55443,-3.21550,,,,,,
35.554,0.5000,0.5000,0.5000,0.5000,-9.20,-47.73,0.384,,1,0,,,,,,12.53744,-3.20963,,,,,,
35.586,0.5000,0.5000,0.5000,0.5000,-6.68,30.04,0.375,,1,0,,,,,,12.56791,-3.22073,,,,,,
35.621,0.5000,0.5000,0.5000,0.5000,-6.59,29.71,0.379,,1,0,,,,,,12.52141,-3.22401,,,,,,
35.657,0.5000,0.5000,0.5000,0.5000,-6.70,30.90,0.398,,1,0,,,,,,12.47976,-3.19142,,,,,,
35.690,0.5000,0.5000,0.5000,0.5000,-5.88,22.51,0.420,,1,0,,,,,,12.32845,-3.15025,,,,,,
35.723,0.5000,0.5000,0.5000,0.5000,-6.73,30.31,0.427,,1,0,,,,,,12.34267,-3.16249,,,,,,
35.756,0.5000,0.5000,0.5000,0.5000,-2.54,-2.83,0.420,,1,0,,,,,,12.37042,-3.13679,,,,,,
35.791,0.5000,0.5000,0.5000,0.5000,-7.42,34.77,0.416,,1,0,,,,,,12.37705,-3.14173,,,,,,
35.825,0.5000,0.5000,0.5000,0.5000,-7.33,33.76,0.414,,1,0,,,,,,12.39211,-3.12594,,,,,,
35.857,0.5000,0.5000,0.5000,0.5000,-6.11,25.05,0.402,,1,0,,,,,,12.50072,-3.14057,,,,,,
35.895,0.5000,0.5000,0.5000,0.5000,-6.39,26.80,0.404,,1,0,,,,,,12.57543,-3.15449,,,,,,
35.930,0.5000,0.5000,0.5000,0.5000,-7.83,37.68,0.416,,1,0,,,,,,12.48755,-3.16619,,,,,,
35.962,0.5000,0.5000,0.5000,0.5000,-8.17,39.59,0.403,,1,0,,,,,,12.50960,-3.16769,,,,,,
36.000,0.5000,0.5000,0.5000,0.5000,-7.71,37.12,0.405,,1,0,,,,,,12.50278,-3.15406,,,,,,
36.034,0.5000,0.5000,0.5000,0.5000,-8.27,40.45,0.403,,1,0,,,,,,12.53275,-3.14884,,,,,,
36.067,0.5000,0.5000,0.5000,0.5000,-7.79,38.11,0.397,,1,0,,,,,,12.44928,-3.14479,,,,,,
36.101,0.5000,0.5000,0.5000,0.5000,-6.76,31.35,0.392,,1,0,,,,,,12.62003,-3.16989,,,,,,
36.138,0.5000,0.5000,0.5000,0.5000,-6.67,31.20,0.396,,1,0,,,,,,12.56174,-3.16765,,,,,,
36.169,0.5000,0.5000,0.5000,0.5000,-7.36,37.58,0.410,,1,0,,,,,,12.66089,-3.22191,,,,,,
36.202,0.5000,0.5000,0.5000,0.5000,-6.61,30.96,0.401,,1,0,,,,,,12.71308,-3.23173,,,,,,
36.236,0.5000,0.5000,0.5000,0.5000,-7.18,34.56,0.379,,1,0,,,,,,12.65633,-3.26643,,,,,,
36.270,0.5000,0.5000,0.5000,0.5000,-7.97,41.83,0.374,,1,0,,,,,,12.72076,-3.27286,,,,,,
36.305,0.5000,0.5000,0.5000,0.5000,-70.67,65.22,0.319,,1,0,,,,,,12.60567,-3.25079,,,,,,
36.337,0.5000,0.5000,0.5000,0.5000,4.10,-66.66,0.307,,1,0,,,,,,12.53978,-3.18711,,,,,,
36.373,0.5000,0.5000,0.5000,0.5000,3.05,-67.35,0.288,,1,0,,,,,,12.36160,-3.14500,,,,,,
36.409,0.5000,0.5000,0.5000,0.5000,5.22,-67.31,0.299,,1,0,,,,,,12.41270,-3.15900,,,,,,
36.439,0.5000,0.5000,0.5000,0.5000,34.14,72.52,0.301,,1,0,,,,,,12.39895,-3.15515,,,,,,
36.477,0.5000,0.5000,0.5000,0.5000,-72.14,66.55,0.279,,1,0,,,,,,12.37950,-3.13866,,,,,,
36.510,0.5000,0.5000,0.5000,0.5000,-10.08,-47.91,0.280,,1,0,,,,,,12.33040,-3.13171,,,,,,
36.548,0.5000,0.5000,0.5000,0.5000,-5.75,28.27,0.264,,1,0,,,,,,12.43139,-3.13704,,,,,,
36.582,0.5000,0.5000,0.5000,0.5000,-6.54,33.45,0.277,,1,0,,,,,,12.37583,-3.13330,,,,,,
36.615,0.5000,0.5000,0.5000,0.5000,-6.24,30.94,0.293,,1,0,,,,,,12.45832,-3.19436,,,,,,
36.649,0.5000,0.5000,0.5000,0.5000,-6.19,29.58,0.301,,1,0,,,,,,12.58765,-3.22368,,,,,,
36.684,0.5000,0.5000,0.5000,0.5000,-6.41,29.86,0.304,,1,0,,,,,,12.56692,-3.24548,,,,,,
36.719,0.5000,0.5000,0.5000,0.5000,-15.66,-49.97,0.329,,1,0,,,,,,12.54370,-3.23489,,,,,,
36.756,0.5000,0.5000,0.5000,0.5000,-6.50,29.86,0.328,,1,0,,,,,,12.62899,-3.22741,,,,,,
36.790,0.5000,0.5000,0.5000,0.5000,-8.19,39.47,0.335,,1,0,,,,,,12.64352,-3.23119,,,,,,
36.824,0.5000,0.5000,0.5000,0.5000,-8.82,-47.59,0.350,,1,0,,,,,,12.75134,-3.26581,,,,,,
36.858,0.5000,0.5000,0.5000,0.5000,5.73,31.01,0.366,,1,0,,,,,,12.58357,-3.22301,,,,,,
36.897,0.5000,0.5000,0.5000,0.5000,-16.27,21.84,0.351,,1,0,,,,,,12.59416,-3.24191,,,,,,
36.932,0.5000,0.5000,0.5000,0.5000,-35.73,-42.13,0.338,,1,0,,,,,,12.79188,-3.26289,,,,,,
36.967,0.5000,0.5000,0.5000,0.5000,-7.31,31.38,0.352,,1,0,,,,,,12.66433,-3.25912,,,,,,
37.016,0.5000,0.5000,0.5000,0.5000,-5.03,17.16,0.370,,1,0,,,,,,12.74768,-3.24932,,,,,,
37.058,0.5000,0.5000,0.5000,0.5000,-13.78,5.99,0.366,,1,0,,,,,,12.87705,-3.28674,,,,,,
37.101,0.5000,0.5000,0.5000,0.5000,-6.67,28.24,0.392,,1,0,,,,,,12.80982,-3.29516,,,,,,
37.139,0.5000,0.5000,0.5000,0.5000,-7.32,33.68,0.400,,1,0,,,,,,12.87352,-3.30160,,,,,,
37.175,0.5000,0.5000,0.5000,0.5000,-7.19,32.60,0.392,,1,0,,,,,,12.88398,-3.29119,,,,,,
37.214,0.5000,0.5000,0.5000,0.5000,-7.97,37.92,0.394,,1,0,,,,,,12.88399,-3.29469,,,,,,
37.248,0.5000,0.5000,0.5000,0.5000,-9.11,-47.36,0.401,,1,0,,,,,,12.78794,-3.26925,,,,,,
37.278,0.5000,0.5000,0.5000,0.5000,-72.06,67.15,0.418,,1,0,,,,,,12.73432,-3.26654,,,,,,
37.314,0.5000,0.5000,0.5000,0.5000,-8.84,45.44,0.404,,1,0,,,,,,12.67304,-3.22855,,,,,,
37.348,0.5000,0.5000,0.5000,0.5000,-6.44,27.52,0.386,,1,0,,,,,,12.78232,-3.27782,,,,,,
37.382,0.5000,0.5000,0.5000,0.5000,-6.56,29.38,0.399,,1,0,,,,,,12.69477,-3.27154,,,,,,
37.419,0.5000,0.5000,0.5000,0.5000,-6.86,30.48,0.400,,1,0,,,,,,12.69663,-3.29588,,,,,,
37.457,0.5000,0.5000,0.5000,0.5000,-7.32,35.16,0.411,,1,0,,,,,,12.67140,-3.30765,,,,,,
37.493,0.5000,0.5000,0.5000,0.5000,-9.14,-47.39,0.406,,1,0,,,,,,12.68862,-3.31302,,,,,,
37.531,0.5000,0.5000,0.5000,0.5000,-7.37,34.99,0.399,,1,0,,,,,,12.70853,-3.33093,,,,,,
37.566,0.5000,0.5000,0.5000,0.5000,-6.79,31.06,0.412,,1,0,,,,,,12.66871,-3.32011,,,,,,
37.598,0.5000,0.5000,0.5000,0.5000,-7.75,37.00,0.411,,1,0,,,,,,12.70048,-3.33803,,,,,,
37.634,0.5000,0.5000,0.5000,0.5000,-8.68,-47.32,0.408,,1,0,,,,,,12.64278,-3.33418,,,,,,
37.668,0.5000,0.5000,0.5000,0.5000,-7.02,30.48,0.422,,1,0,,,,,,12.60650,-3.32938,,,,,,
37.700,0.5000,0.5000,0.5000,0.5000,-6.43,27.27,0.434,,1,0,,,,,,12.43325,-3.31634,,,,,,
37.741,0.5000,0.5000,0.5000,0.5000,-6.56,28.28,0.457,,1,0,,,,,,12.43991,-3.32080,,,,,,
37.775,0.5000,0.5000,0.5000,0.5000,-6.56,28.98,0.452,,1,0,,,,,,12.46166,-3.31043,,,,,,
37.808,0.5000,0.5000,0.5000,0.5000,-4.13,10.33,0.443,,1,0,,,,,,12.56308,-3.37318,,,,,,
37.842,0.5000,0.5000,0.5000,0.5000,-8.76,44.60,0.467,,1,0,,,,,,12.58000,-3.36980,,,,,,
37.877,0.5000,0.5000,0.5000,0.5000,-7.40,32.61,0.515,,1,0,,,,,,12.41923,-3.32376,,,,,,
37.907,0.5000,0.5000,0.5000,0.5000,-6.83,27.18,0.562,,1,0,,,,,,12.19977,-3.30115,,,,,,
37.936,0.5000,0.5000,0.5000,0.5000,-8.45,-46.24,0.565,,1,0,,,,,,12.21527,-3.29719,,,,,,
37.979,0.5000,0.5000,0.5000,0.5000,-3.93,8.93,0.589,,1,0,,,,,,12.30983,-3.32184,,,,,,
38.010,0.5000,0.5000,0.5000,0.5000,-6.60,22.67,0.591,,1,0,,,,,,12.24342,-3.32693,,,,,,
38.047,0.5000,0.5000,0.5000,0.5000,-2.51,3.06,0.624,,1,0,,,,,,12.11090,-3.34102,,,,,,
38.081,0.5000,0.5000,0.5000,0.5000,-8.54,-46.75,0.611,,1,0,,,,,,12.06163,-3.37041,,,,,,
38.106,0.5000,0.5000,0.5000,0.5000,-9.36,45.21,0.608,,1,0,,,,,,12.07966,-3.40939,,,,,,
38.151,0.5000,0.5000,0.5000,0.5000,-5.29,29.17,0.609,,1,0,,,,,,12.17913,-3.44258,,,,,,
38.189,0.5000,0.5000,0.5000,0.5000,-6.15,22.80,0.591,,1,0,,,,,,12.19503,-3.46562,,,,,,
38.228,0.5000,0.5000,0.5000,0.5000,-6.68,23.60,0.582,,1,0,,,,,,12.24190,-3.49262,,,,,,
38.266,0.5000,0.5000,0.5000,0.5000,-9.23,44.74,0.578,,1,0,,,,,,12.24981,-3.49069,,,,,,
38.320,0.5000,0.5000,0.5000,0.5000,-5.52,19.36,0.574,,1,0,,,,,,12.25688,-3.49719,,,,,,
38.353,0.5000,0.5000,0.5000,0.5000,-6.47,23.68,0.558,,1,0,,,,,,12.26265,-3.53119,,,,,,
38.386,0.5000,0.5000,0.5000,0.5000,-2.68,4.33,0.565,,1,0,,,,,,12.20308,-3.51397,,,,,,
38.421,0.5000,0.5000,0.5000,0.5000,-74.13,67.07,0.560,,1,0,,,,,,12.23286,-3.59565,,,,,,
38.461,0.5000,0.5000,0.5000,0.5000,-5.99,19.83,0.553,,1,0,,,,,,12.19026,-3.64225,,,,,,
38.495,0.5000,0.5000,0.5000,0.5000,-7.52,-46.41,0.532,,1,0,,,,,,12.25715,-3.67312,,,,,,
38.532,0.5000,0.5000,0.5000,0.5000,-3.22,6.77,0.511,,1,0,,,,,,12.34381,-3.74105,,,,,,
38.566,0.5000,0.5000,0.5000,0.5000,-5.18,17.90,0.506,,1,0,,,,,,12.37529,-3.75004,,,,,,
38.592,0.5000,0.5000,0.5000,0.5000,-9.25,39.88,0.531,,1,0,,,,,,12.28099,-3.75264,,,,,,
38.634,0.5000,0.5000,0.5000,0.5000,6.29,-15.79,0.537,,1,0,,,,,,12.13184,-3.72857,,,,,,
38.670,0.5000,0.5000,0.5000,0.5000,11.41,-48.84,0.544,,1,0,,,,,,12.05964,-3.71179,,,,,,
38.706,0.5000,0.5000,0.5000,0.5000,-10.77,54.29,0.535,,1,0,,,,,,12.01226,-3.72309,,,,,,
38.746,0.5000,0.5000,0.5000,0.5000,-71.23,65.99,0.528,,1,0,,,,,,12.03701,-3.72938,,,,,,
38.783,0.5000,0.5000,0.5000,0.5000,8.09,-34.25,0.534,,1,0,,,,,,11.91923,-3.71303,,,,,,
38.817,0.5000,0.5000,0.5000,0.5000,8.20,-50.72,0.548,,1,0,,,,,,11.89631,-3.72041,,,,,,
38.844,0.5000,0.5000,0.5000,0.5000,-6.86,29.04,0.548,,1,0,,,,,,11.85632,-3.71844,,,,,,
38.887,0.5000,0.5000,0.5000,0.5000,-8.51,37.48,0.544,,1,0,,,,,,11.84579,-3.72038,,,,,,
38.910,0.5000,0.5000,0.5000,0.5000,-7.37,31.74,0.537,,1,0,,,,,,11.85126,-3.73405,,,,,,
38.954,0.5000,0.5000,0.5000,0.5000,-3.10,7.10,0.532,,1,0,,,,,,11.86476,-3.73925,,,,,,
38.991,0.5000,0.5000,0.5000,0.5000,-7.13,-46.41,0.530,,1,0,,,,,,11.90007,-3.75355,,,,,,
39.027,0.5000,0.5000,0.5000,0.5000,-5.99,-46.99,0.536,,1,0,,,,,,11.78831,-3.72811,,,,,,
39.057,0.5000,0.5000,0.5000,0.5000,0.01,-7.08,0.534,,1,0,,,,,,11.75643,-3.71784,,,,,,
39.091,0.5000,0.5000,0.5000,0.5000,-7.88,34.68,0.524,,1,0,,,,,,11.84537,-3.74266,,,,,,
39.128,0.5000,0.5000,0.5000,0.5000,-71.01,65.71,0.521,,1,0,,,,,,11.81480,-3.73184,,,,,,
39.160,0.5000,0.5000,0.5000,0.5000,-6.29,33.20,0.523,,1,0,,,,,,11.81498,-3.73096,,,,,,
39.193,0.5000,0.5000,0.5000,0.5000,-3.69,31.14,0.525,,1,0,,,,,,11.82067,-3.74145,,,,,,
39.231,0.5000,0.5000,0.5000,0.5000,3.63,-61.64,0.535,,1,0,,,,,,11.83152,-3.71051,,,,,,
39.265,0.5000,0.5000,0.5000,0.5000,-11.02,-39.29,0.539,,1,0,,,,,,11.81040,-3.70484,,,,,,
39.298,0.5000,0.5000,0.5000,0.5000,-69.73,65.05,0.531,,1,0,,,,,,11.88070,-3.70969,,,,,,
39.332,0.5000,0.5000,0.5000,0.5000,-7.32,-46.76,0.532,,1,0,,,,,,11.89543,-3.72324,,,,,,
39.366,0.5000,0.5000,0.5000,0.5000,2.52,-15.43,0.522,,1,0,,,,,,11.91176,-3.72094,,,,,,
39.401,0.5000,0.5000,0.5000,0.5000,-3.72,7.11,0.526,,1,0,,,,,,11.89166,-3.72334,,,,,,
39.436,0.5000,0.5000,0.5000,0.5000,1.46,-12.37,0.522,,1,0,,,,,,11.90548,-3.72965,,,,,,
39.470,0.5000,0.5000,0.5000,0.5000,-6.30,23.72,0.517,,1,0,,,,,,11.87100,-3.69390,,,,,,
39.504,0.5000,0.5000,0.5000,0.5000,-3.43,6.72,0.497,,1,0,,,,,,12.10099,-3.73004,,,,,,
39.537,0.5000,0.5000,0.5000,0.5000,-6.06,21.22,0.497,,1,0,,,,,,12.11543,-3.72953,,,,,,
39.572,0.5000,0.5000,0.5000,0.5000,-0.42,-7.35,0.504,,1,0,,,,,,11.94162,-3.64303,,,,,,
39.606,0.5000,0.5000,0.5000,0.5000,-11.88,-52.75,0.516,,1,0,,,,,,11.88115,-3.65059,,,,,,
39.640,0.5000,0.5000,0.5000,0.5000,-4.23,10.92,0.504,,1,0,,,,,,12.19836,-3.71720,,,,,,
39.675,0.5000,0.5000,0.5000,0.5000,-12.43,-46.35,0.481,,1,0,,,,,,12.18066,-3.65771,,,,,,
39.709,0.5000,0.5000,0.5000,0.5000,-7.02,-46.38,0.483,,1,0,,,,,,12.11098,-3.63525,,,,,,
39.739,0.5000,0.5000,0.5000,0.5000,-6.95,-46.28,0.490,,1,0,,,,,,12.08347,-3.61438,,,,,,
39.780,0.5000,0.5000,0.5000,0.5000,8.76,-34.02,0.491,,1,0,,,,,,12.13158,-3.62693,,,,,,
39.814,0.5000,0.5000,0.5000,0.5000,-0.91,-4.60,0.494,,1,0,,,,,,12.12925,-3.62339,,,,,,
39.847,0.5000,0.5000,0.5000,0.5000,-5.79,18.42,0.505,,1,0,,,,,,12.16129,-3.66201,,,,,,
39.881,0.5000,0.5000,0.5000,0.5000,-6.31,22.43,0.500,,1,0,,,,,,12.14655,-3.64801,,,,,,
39.915,0.5000,0.5000,0.5000,0.5000,-6.45,21.65,0.492,,1,0,,,,,,12.32602,-3.71862,,,,,,
39.940,0.5000,0.5000,0.5000,0.5000,-7.32,27.33,0.516,,1,0,,,,,,12.32171,-3.71781,,,,,,
39.979,0.5000,0.5000,0.5000,0.5000,-7.96,31.60,0.514,,1,0,,,,,,12.28026,-3.70185,,,,,,
40.014,0.5000,0.5000,0.5000,0.5000,-2.93,6.09,0.514,,1,0,,,,,,12.22477,-3.67689,,,,,,
40.046,0.5000,0.5000,0.5000,0.5000,-3.13,8.21,0.511,,1,0,,,,,,12.17381,-3.66959,,,,,,
40.082,0.5000,0.5000,0.5000,0.5000,-7.05,27.72,0.506,,1,0,,,,,,12.15464,-3.67190,,,,,,
40.120,0.5000,0.5000,0.5000,0.5000,-8.32,36.06,0.512,,1,0,,,,,,12.17843,-3.70743,,,,,,
40.154,0.5000,0.5000,0.5000,0.5000,-8.27,35.81,0.511,,1,0,,,,,,12.06055,-3.67199,,,,,,
40.191,0.5000,0.5000,0.5000,0.5000,-6.63,24.74,0.512,,1,0,,,,,,12.04576,-3.68039,,,,,,
40.234,0.5000,0.5000,0.5000,0.5000,-6.94,-47.95,0.541,,1,0,,,,,,11.88555,-3.70416,,,,,,
40.268,0.5000,0.5000,0.5000,0.5000,9.25,-58.65,0.503,,1,0,,,,,,12.00564,-3.77740,,,,,,
40.308,0.5000,0.5000,0.5000,0.5000,-5.34,17.34,0.504,,1,0,,,,,,12.01680,-3.77374,,,,,,
40.345,0.5000,0.5000,0.5000,0.5000,-9.36,40.75,0.578,,1,0,,,,,,11.71555,-3.78913,,,,,,
40.382,0.5000,0.5000,0.5000,0.5000,-7.54,30.10,0.555,,1,0,,,,,,11.81565,-3.86537,,,,,,
40.412,0.5000,0.5000,0.5000,0.5000,-4.58,14.02,0.535,,1,0,,,,,,11.82480,-3.85380,,,,,,
40.461,0.5000,0.5000,0.5000,0.5000,-4.94,-47.63,0.528,,1,0,,,,,,11.82611,-3.84962,,,,,,
40.501,0.5000,0.5000,0.5000,0.5000,2.06,-13.96,0.522,,1,0,,,,,,11.62494,-3.82335,,,,,,
40.543,0.5000,0.5000,0.5000,0.5000,12.66,-42.88,0.520,,1,0,,,,,,11.59244,-3.81208,,,,,,
40.582,0.5000,0.5000,0.5000,0.5000,-6.49,-48.04,0.487,,1,0,,,,,,11.53711,-3.85135,,,,,,
40.621,0.5000,0.5000,0.5000,0.5000,-4.34,12.22,0.489,,1,0,,,,,,11.52167,-3.84041,,,,,,
40.657,0.5000,0.5000,0.5000,0.5000,1.26,-12.16,0.486,,1,0,,,,,,11.52188,-3.83890,,,,,,
40.692,0.5000,0.5000,0.5000,0.5000,0.41,-10.61,0.459,,1,0,,,,,,11.55162,-3.83871,,,,,,
40.726,0.5000,0.5000,0.5000,0.5000,-9.66,-45.28,0.458,,1,0,,,,,,11.56553,-3.84459,,,,,,
40.762,0.5000,0.5000,0.5000,0.5000,-0.82,-4.74,0.460,,1,0,,,,,,11.63809,-3.83278,,,,,,
40.797,0.5000,0.5000,0.5000,0.5000,-13.03,-55.79,0.471,,1,0,,,,,,11.70670,-3.85718,,,,,,
40.830,0.5000,0.5000,0.5000,0.5000,2.90,-17.47,0.481,,1,0,,,,,,11.73259,-3.80710,,,,,,
40.865,0.5000,0.5000,0.5000,0.5000,-6.53,-46.97,0.480,,1,0,,,,,,11.71857,-3.80465,,,,,,
40.899,0.5000,0.5000,0.5000,0.5000,-8.04,31.93,0.486,,1,0,,,,,,11.71448,-3.80101,,,,,,
40.933,0.5000,0.5000,0.5000,0.5000,3.07,-19.82,0.483,,1,0,,,,,,11.72034,-3.81377,,,,,,
40.971,0.5000,0.5000,0.5000,0.5000,-6.32,22.76,0.469,,1,0,,,,,,11.80336,-3.82986,,,,,,
41.010,0.5000,0.5000,0.5000,0.5000,-5.88,19.11,0.477,,1,0,,,,,,11.77092,-3.83670,,,,,,
41.041,0.5000,0.5000,0.5000,0.5000,-5.63,16.02,0.474,,1,0,,,,,,11.85901,-3.88357,,,,,,
41.073,0.5000,0.5000,0.5000,0.5000,-1.16,-2.31,0.441,,1,0,,,,,,11.90650,-3.88627,,,,,,
41.107,0.5000,0.5000,0.5000,0.5000,-1.34,-1.38,0.454,,1,0,,,,,,11.76359,-3.88624,,,,,,
41.141,0.5000,0.5000,0.5000,0.5000,-3.07,7.06,0.461,,1,0,,,,,,11.64575,-3.88736,,,,,,
41.173,0.5000,0.5000,0.5000,0.5000,-3.23,6.86,0.477,,1,0,,,,,,11.73351,-3.92664,,,,,,
41.210,0.5000,0.5000,0.5000,0.5000,11.25,-46.52,0.471,,1,0,,,,,,11.79372,-3.95667,,,,,,
41.246,0.5000,0.5000,0.5000,0.5000,-6.42,23.23,0.477,,1,0,,,,,,11.67141,-3.92933,,,,,,
41.277,0.5000,0.5000,0.5000,0.5000,9.38,-33.90,0.473,,1,0,,,,,,11.64402,-3.92256,,,,,,
41.312,0.5000,0.5000,0.5000,0.5000,-6.82,26.02,0.466,,1,0,,,,,,11.66469,-3.91480,,,,,,
41.343,0.5000,0.5000,0.5000,0.5000,-5.68,19.47,0.462,,1,0,,,,,,11.65641,-3.92449,,,,,,
41.379,0.5000,0.5000,0.5000,0.5000,-5.62,18.75,0.460,,1,0,,,,,,11.67121,-3.93060,,,,,,
41.414,0.5000,0.5000,0.5000,0.5000,-5.00,-46.58,0.454,,1,0,,,,,,11.62913,-3.91269,,,,,,
41.450,0.5000,0.5000,0.5000,0.5000,-5.06,-47.18,0.460,,1,0,,,,,,11.61678,-3.91280,,,,,,
41.484,0.5000,0.5000,0.5000,0.5000,-8.40,35.98,0.449,,1,0,,,,,,11.62132,-3.90302,,,,,,
41.515,0.5000,0.5000,0.5000,0.5000,-4.86,-12.50,0.451,,1,0,,,,,,11.60724,-3.89823,,,,,,
41.553,0.5000,0.5000,0.5000,0.5000,-6.35,-46.33,0.456,,1,0,,,,,,11.55707,-3.90496,,,,,,
41.588,0.5000,0.5000,0.5000,0.5000,10.91,-50.31,0.458,,1,0,,,,,,11.62749,-3.90121,,,,,,
41.624,0.5000,0.5000,0.5000,0.5000,-2.55,2.38,0.447,,1,0,,,,,,11.54784,-3.84320,,,,,,
41.658,0.5000,0.5000,0.5000,0.5000,12.56,-54.55,0.459,,1,0,,,,,,11.53570,-3.80575,,,,,,
41.696,0.5000,0.5000,0.5000,0.5000,-8.00,-60.15,0.461,,1,0,,,,,,11.58178,-3.81538,,,,,,
41.727,0.5000,0.5000,0.5000,0.5000,-8.24,-58.39,0.458,,1,0,,,,,,11.71664,-3.78072,,,,,,
41.760,0.5000,0.5000,0.5000,0.5000,7.81,-55.07,0.459,,1,0,,,,,,11.67608,-3.77626,,,,,,
41.815,0.5000,0.5000,0.5000,0.5000,-0.30,-7.02,0.470,,1,0,,,,,,11.70195,-3.77103,,,,,,
41.842,0.5000,0.5000,0.5000,0.5000,3.25,-19.44,0.471,,1,0,,,,,,11.68710,-3.77164,,,,,,
41.892,0.5000,0.5000,0.5000,0.5000,9.85,-38.53,0.480,,1,0,,,,,,11.66653,-3.75498,,,,,,
41.926,0.5000,0.5000,0.5000,0.5000,16.10,-48.01,0.488,,1,0,,,,,,11.67631,-3.75756,,,,,,
41.959,0.5000,0.5000,0.5000,0.5000,-6.65,-47.18,0.492,,1,0,,,,,,11.65876,-3.75567,,,,,,
41.990,0.5000,0.5000,0.5000,0.5000,6.49,-26.69,0.494,,1,0,,,,,,11.71250,-3.76053,,,,,,
42.025,0.5000,0.5000,0.5000,0.5000,-4.36,10.53,0.489,,1,0,,,,,,11.65135,-3.73804,,,,,,
42.061,0.5000,0.5000,0.5000,0.5000,-3.34,7.07,0.483,,1,0,,,,,,11.69798,-3.74076,,,,,,
42.095,0.5000,0.5000,0.5000,0.5000,-3.69,8.73,0.475,,1,0,,,,,,11.70913,-3.73938,,,,,,
42.127,0.5000,0.5000,0.5000,0.5000,-4.93,15.24,0.488,,1,0,,,,,,11.83460,-3.74245,,,,,,
42.162,0.5000,0.5000,0.5000,0.5000,-6.36,-47.56,0.488,,1,0,,,,,,11.84029,-3.80043,,,,,,
42.194,0.5000,0.5000,0.5000,0.5000,-4.74,14.48,0.467,,1,0,,,,,,11.90290,-3.76704,,,,,,
42.228,0.5000,0.5000,0.5000,0.5000,-6.25,-47.10,0.461,,1,0,,,,,,11.93297,-3.77225,,,,,,
42.265,0.5000,0.5000,0.5000,0.5000,-4.87,15.01,0.463,,1,0,,,,,,11.97863,-3.78168,,,,,,
42.299,0.5000,0.5000,0.5000,0.5000,-6.77,-44.83,0.440,,1,0,,,,,,11.97876,-3.75089,,,,,,
42.336,0.5000,0.5000,0.5000,0.5000,0.44,-9.13,0.438,,1,0,,,,,,11.99938,-3.75895,,,,,,
42.370,0.5000,0.5000,0.5000,0.5000,-1.30,-3.01,0.447,,1,0,,,,,,11.96882,-3.75445,,,,,,
42.402,0.5000,0.5000,0.5000,0.5000,-6.40,-46.86,0.422,,1,0,,,,,,12.00516,-3.75614,,,,,,
42.435,0.5000,0.5000,0.5000,0.5000,-3.68,7.97,0.429,,1,0,,,,,,11.99980,-3.77231,,,,,,
42.483,0.5000,0.5000,0.5000,0.5000,9.09,-38.40,0.416,,1,0,,,,,,12.03415,-3.77371,,,,,,
42.520,0.5000,0.5000,0.5000,0.5000,-4.69,10.75,0.425,,1,0,,,,,,12.03141,-3.81311,,,,,,
42.558,0.5000,0.5000,0.5000,0.5000,-6.09,-47.21,0.430,,1,0,,,,,,12.02876,-3.81188,,,,,,
42.599,0.5000,0.5000,0.5000,0.5000,0.27,-6.91,0.395,,1,0,,,,,,12.06264,-3.82622,,,,,,
42.639,0.5000,0.5000,0.5000,0.5000,5.68,-28.14,0.390,,1,0,,,,,,12.05919,-3.81602,,,,,,
42.674,0.5000,0.5000,0.5000,0.5000,7.92,-33.31,0.390,,1,0,,,,,,12.04694,-3.81787,,,,,,
42.707,0.5000,0.5000,0.5000,0.5000,10.74,-45.50,0.398,,1,0,,,,,,11.88916,-3.85361,,,,,,
42.734,0.5000,0.5000,0.5000,0.5000,-6.43,-46.96,0.429,,1,0,,,,,,11.89455,-3.84626,,,,,,
42.777,0.5000,0.5000,0.5000,0.5000,-6.78,24.40,0.470,,1,0,,,,,,11.87936,-3.88121,,,,,,
42.811,0.5000,0.5000,0.5000,0.5000,0.16,-9.49,0.488,,1,0,,,,,,11.87607,-3.87337,,,,,,
42.846,0.5000,0.5000,0.5000,0.5000,-2.69,4.14,0.517,,1,0,,,,,,11.71471,-3.82460,,,,,,
42.878,0.5000,0.5000,0.5000,0.5000,-6.75,-47.44,0.520,,1,0,,,,,,11.71507,-3.83048,,,,,,
42.917,0.5000,0.5000,0.5000,0.5000,-4.29,11.95,0.525,,1,0,,,,,,11.77133,-3.84101,,,,,,
42.950,0.5000,0.5000,0.5000,0.5000,-6.05,22.15,0.529,,1,0,,,,,,11.69394,-3.81611,,,,,,
42.984,0.5000,0.5000,0.5000,0.5000,8.42,-37.22,0.527,,1,0,,,,,,11.69671,-3.81963,,,,,,
43.017,0.5000,0.5000,0.5000,0.5000,2.83,-18.47,0.520,,1,0,,,,,,11.68925,-3.83228,,,,,,
43.051,0.5000,0.5000,0.5000,0.5000,-5.41,17.29,0.530,,1,0,,,,,,11.70179,-3.83787,,,,,,
43.085,0.5000,0.5000,0.5000,0.5000,3.46,-18.94,0.523,,1,0,,,,,,11.59579,-3.80222,,,,,,
43.119,0.5000,0.5000,0.5000,0.5000,-5.85,22.73,0.517,,1,0,,,,,,11.62382,-3.82528,,,,,,
43.156,0.5000,0.5000,0.5000,0.5000,10.40,-40.41,0.531,,1,0,,,,,,11.58328,-3.82423,,,,,,
43.188,0.5000,0.5000,0.5000,0.5000,-2.16,3.27,0.538,,1,0,,,,,,11.55071,-3.82257,,,,,,
43.221,0.5000,0.5000,0.5000,0.5000,9.55,-37.80,0.507,,1,0,,,,,,11.69408,-3.88321,,,,,,
43.258,0.5000,0.5000,0.5000,0.5000,-2.11,0.92,0.500,,1,0,,,,,,11.71968,-3.89295,,,,,,
43.291,0.5000,0.5000,0.5000,0.5000,-2.21,1.08,0.505,,1,0,,,,,,11.76626,-3.93001,,,,,,
43.323,0.5000,0.5000,0.5000,0.5000,-0.31,-7.07,0.498,,1,0,,,,,,11.76600,-3.93041,,,,,,
43.360,0.5000,0.5000,0.5000,0.5000,-1.85,-0.40,0.505,,1,0,,,,,,11.62783,-3.89770,,,,,,
43.395,0.5000,0.5000,0.5000,0.5000,-5.69,20.16,0.508,,1,0,,,,,,11.66757,-3.89619,,,,,,
43.430,0.5000,0.5000,0.5000,0.5000,5.83,-27.78,0.519,,1,0,,,,,,11.55599,-3.87280,,,,,,
43.463,0.5000,0.5000,0.5000,0.5000,10.13,-45.43,0.523,,1,0,,,,,,11.68324,-3.86685,,,,,,
43.500,0.5000,0.5000,0.5000,0.5000,-2.42,2.03,0.501,,1,0,,,,,,11.83137,-3.89917,,,,,,
43.534,0.5000,0.5000,0.5000,0.5000,2.39,-15.29,0.483,,1,0,,,,,,11.91728,-3.90138,,,,,,
43.567,0.5000,0.5000,0.5000,0.5000,-6.88,24.74,0.486,,1,0,,,,,,12.01115,-3.93319,,,,,,
43.606,0.5000,0.5000,0.5000,0.5000,4.95,-24.68,0.473,,1,0,,,,,,12.16875,-3.97134,,,,,,
43.640,0.5000,0.5000,0.5000,0.5000,2.97,-17.12,0.475,,1,0,,,,,,12.18362,-3.97560,,,,,,
43.681,0.5000,0.5000,0.5000,0.5000,-6.06,-46.72,0.479,,1,0,,,,,,12.18315,-3.96707,,,,,,
43.714,0.5000,0.5000,0.5000,0.5000,-5.88,-46.82,0.486,,1,0,,,,,,12.15690,-3.95610,,,,,,
43.747,0.5000,0.5000,0.5000,0.5000,-6.71,22.55,0.491,,1,0,,,,,,12.29746,-4.02446,,,,,,
43.781,0.5000,0.5000,0.5000,0.5000,-5.60,-47.24,0.491,,1,0,,,,,,12.34050,-4.03686,,,,,,
43.819,0.5000,0.5000,0.5000,0.5000,-10.13,39.65,0.472,,1,0,,,,,,12.30306,-4.05603,,,,,,
43.852,0.5000,0.5000,0.5000,0.5000,-10.46,40.92,0.480,,1,0,,,,,,12.26971,-4.06047,,,,,,
43.884,0.5000,0.5000,0.5000,0.5000,-7.93,27.75,0.476,,1,0,,,,,,12.23784,-4.05702,,,,,,
43.917,0.5000,0.5000,0.5000,0.5000,-9.00,31.90,0.493,,1,0,,,,,,12.24720,-4.08864,,,,,,
43.952,0.5000,0.5000,0.5000,0.5000,-5.91,-47.63,0.466,,1,0,,,,,,12.37752,-4.13012,,,,,,
43.975,0.5000,0.5000,0.5000,0.5000,-9.35,35.13,0.457,,1,0,,,,,,12.36088,-4.13448,,,,,,
44.019,0.5000,0.5000,0.5000,0.5000,-8.26,28.47,0.432,,1,0,,,,,,12.35051,-4.15221,,,,,,
44.058,0.5000,0.5000,0.5000,0.5000,-18.35,-56.99,0.420,,1,0,,,,,,12.38088,-4.16306,,,,,,
44.092,0.5000,0.5000,0.5000,0.5000,-7.11,22.08,0.400,,1,0,,,,,,12.38810,-4.16787,,,,,,
44.128,0.5000,0.5000,0.5000,0.5000,-6.16,-47.45,0.397,,1,0,,,,,,12.37106,-4.15098,,,,,,
44.161,0.5000,0.5000,0.5000,0.5000,-0.66,-7.36,0.385,,1,0,,,,,,12.38946,-4.18500,,,,,,
44.196,0.5000,0.5000,0.5000,0.5000,-6.64,-60.77,0.375,,1,0,,,,,,12.51576,-4.17778,,,,,,
44.232,0.5000,0.5000,0.5000,0.5000,-7.07,-47.29,0.366,,1,0,,,,,,12.49365,-4.14184,,,,,,
44.266,0.5000,0.5000,0.5000,0.5000,4.41,-23.74,0.382,,1,0,,,,,,12.47951,-4.13159,,,,,,
44.297,0.5000,0.5000,0.5000,0.5000,11.77,-50.33,0.395,,1,0,,,,,,12.58906,-4.10711,,,,,,
44.334,0.5000,0.5000,0.5000,0.5000,1.78,-16.57,0.444,,1,0,,,,,,12.56669,-4.09544,,,,,,
44.367,0.5000,0.5000,0.5000,0.5000,3.69,-25.27,0.469,,1,0,,,,,,12.66795,-4.09416,,,,,,
44.401,0.5000,0.5000,0.5000,0.5000,3.38,-58.20,0.469,,1,0,,,,,,12.55231,-4.04887,,,,,,
44.441,0.5000,0.5000,0.5000,0.5000,-7.39,24.88,0.488,,1,0,,,,,,12.52183,-4.03799,,,,,,
44.479,0.5000,0.5000,0.5000,0.5000,-5.29,13.77,0.493,,1,0,,,,,,12.54855,-4.04008,,,,,,
44.512,0.5000,0.5000,0.5000,0.5000,-6.43,19.50,0.521,,1,0,,,,,,12.36288,-3.97562,,,,,,
44.544,0.5000,0.5000,0.5000,0.5000,-6.13,18.23,0.515,,1,0,,,,,,12.37303,-3.97537,,,,,,
44.575,0.5000,0.5000,0.5000,0.5000,-8.13,28.76,0.527,,1,0,,,,,,12.35908,-3.97150,,,,,,
44.610,0.5000,0.5000,0.5000,0.5000,-6.95,22.86,0.537,,1,0,,,,,,12.41861,-3.99144,,,,,,
44.646,0.5000,0.5000,0.5000,0.5000,-8.98,33.97,0.538,,1,0,,,,,,12.46146,-3.99600,,,,,,
44.679,0.5000,0.5000,0.5000,0.5000,-5.99,19.18,0.533,,1,0,,,,,,12.53784,-4.00922,,,,,,
44.716,0.5000,0.5000,0.5000,0.5000,-5.92,-47.63,0.544,,1,0,,,,,,12.44037,-3.99659,,,,,,
44.751,0.5000,0.5000,0.5000,0.5000,-7.09,25.10,0.526,,1,0,,,,,,12.50620,-3.99331,,,,,,
44.783,0.5000,0.5000,0.5000,0.5000,-7.49,25.21,0.540,,1,0,,,,,,12.35981,-3.98495,,,,,,
44.816,0.5000,0.5000,0.5000,0.5000,-8.68,31.92,0.543,,1,0,,,,,,12.47427,-4.01857,,,,,,
44.850,0.5000,0.5000,0.5000,0.5000,-7.61,27.13,0.531,,1,0,,,,,,12.51012,-4.00436,,,,,,
44.886,0.5000,0.5000,0.5000,0.5000,-6.74,20.73,0.533,,1,0,,,,,,12.48993,-4.00099,,,,,,
44.919,0.5000,0.5000,0.5000,0.5000,-7.21,-45.84,0.530,,1,0,,,,,,12.48641,-3.98946,,,,,,
44.953,0.5000,0.5000,0.5000,0.5000,-6.87,21.57,0.521,,1,0,,,,,,12.71482,-4.03612,,,,,,
44.987,0.5000,0.5000,0.5000,0.5000,-9.24,33.19,0.518,,1,0,,,,,,12.75297,-4.05008,,,,,,
45.024,0.5000,0.5000,0.5000,0.5000,-8.01,28.15,0.471,,1,0,,,,,,12.93152,-4.07484,,,,,,
45.057,0.5000,0.5000,0.5000,0.5000,-11.24,41.75,0.360,,1,0,,,,,,13.02212,-4.09015,,,,,,
45.099,0.5000,0.5000,0.5000,0.5000,-11.38,42.16,0.350,,1,0,,,,,,13.03231,-4.11495,,,,,,
45.138,0.5000,0.5000,0.5000,0.5000,-8.10,26.37,0.321,,1,0,,,,,,13.00544,-4.13314,,,,,,
45.175,0.5000,0.5000,0.5000,0.5000,-9.52,33.71,0.325,,1,0,,,,,,13.07701,-4.13874,,,,,,
45.211,0.5000,0.5000,0.5000,0.5000,-8.37,29.35,0.379,,1,0,,,,,,13.07566,-4.06390,,,,,,
45.245,0.5000,0.5000,0.5000,0.5000,-8.67,31.37,0.413,,1,0,,,,,,13.31737,-4.10134,,,,,,
45.276,0.5000,0.5000,0.5000,0.5000,-7.29,24.32,0.418,,1,0,,,,,,13.41105,-4.06458,,,,,,
45.313,0.5000,0.5000,0.5000,0.5000,-5.43,-47.91,0.447,,1,0,,,,,,13.62091,-4.09780,,,,,,
45.346,0.5000,0.5000,0.5000,0.5000,-7.88,27.07,0.464,,1,0,,,,,,13.54723,-4.02911,,,,,,
45.383,0.5000,0.5000,0.5000,0.5000,-8.92,30.86,0.477,,1,0,,,,,,13.50017,-4.03670,,,,,,
45.419,0.5000,0.5000,0.5000,0.5000,9.99,-48.99,0.481,,1,0,,,,,,13.57557,-4.05019,,,,,,
45.450,0.5000,0.5000,0.5000,0.5000,-5.25,-48.02,0.495,,1,0,,,,,,13.54156,-4.04344,,,,,,
45.487,0.5000,0.5000,0.5000,0.5000,-7.13,22.78,0.523,,1,0,,,,,,13.32387,-3.94888,,,,,,
45.525,0.5000,0.5000,0.5000,0.5000,-7.14,20.46,0.526,,1,0,,,,,,13.54528,-3.98041,,,,,,
45.562,0.5000,0.5000,0.5000,0.5000,-8.78,29.09,0.535,,1,0,,,,,,13.61968,-3.99489,,,,,,
45.593,0.5000,0.5000,0.5000,0.5000,-11.02,37.78,0.549,,1,0,,,,,,13.70929,-4.00863,,,,,,
45.628,0.5000,0.5000,0.5000,0.5000,-7.02,19.41,0.523,,1,0,,,,,,13.73991,-3.97325,,,,,,
45.665,0.5000,0.5000,0.5000,0.5000,-9.51,31.59,0.531,,1,0,,,,,,13.74310,-3.97331,,,,,,
45.696,0.5000,0.5000,0.5000,0.5000,-8.69,27.08,0.538,,1,0,,,,,,13.77915,-3.97806,,,,,,
45.728,0.5000,0.5000,0.5000,0.5000,-5.41,-47.95,0.540,,1,0,,,,,,13.79468,-3.98673,,,,,,
45.762,0.5000,0.5000,0.5000,0.5000,-9.87,33.05,0.542,,1,0,,,,,,13.84960,-3.98607,,,,,,
45.798,0.5000,0.5000,0.5000,0.5000,-5.17,-48.20,0.542,,1,0,,,,,,13.82879,-3.99821,,,,,,
45.832,0.5000,0.5000,0.5000,0.5000,-10.61,34.43,0.507,,1,0,,,,,,13.96984,-4.08597,,,,,,
45.875,0.5000,0.5000,0.5000,0.5000,-9.24,27.38,0.508,,1,0,,,,,,13.95029,-4.08323,,,,,,
45.908,0.5000,0.5000,0.5000,0.5000,-8.78,27.80,0.512,,1,0,,,,,,13.90652,-4.07345,,,,,,
45.941,0.5000,0.5000,0.5000,0.5000,-9.76,30.11,0.526,,1,0,,,,,,13.89765,-4.12221,,,,,,
45.974,0.5000,0.5000,0.5000,0.5000,-10.27,33.02,0.517,,1,0,,,,,,14.00635,-4.15317,,,,,,
46.011,0.5000,0.5000,0.5000,0.5000,-9.56,29.83,0.514,,1,0,,,,,,13.93183,-4.12105,,,,,,
46.046,0.5000,0.5000,0.5000,0.5000,-10.50,33.80,0.511,,1,0,,,,,,13.90398,-4.10821,,,,,,
46.078,0.5000,0.5000,0.5000,0.5000,-11.66,38.24,0.504,,1,0,,,,,,13.87279,-4.11361,,,,,,
46.096,0.5000,0.5000,0.5000,0.5000,-10.43,33.56,0.507,,1,0,,,,,,13.84756,-4.10587,,,,,,
46.145,0.5000,0.5000,0.5000,0.5000,-10.74,35.70,0.503,,1,0,,,,,,13.95707,-4.12316,,,,,,
46.179,0.5000,0.5000,0.5000,0.5000,-9.65,31.45,0.502,,1,0,,,,,,14.16305,-4.18561,,,,,,
46.213,0.5000,0.5000,0.5000,0.5000,-10.94,36.34,0.495,,1,0,,,,,,14.04124,-4.18169,,,,,,
46.248,0.5000,0.5000,0.5000,0.5000,-11.31,37.83,0.514,,1,0,,,,,,13.93604,-4.18148,,,,,,
46.283,0.5000,0.5000,0.5000,0.5000,-10.28,26.35,0.511,,1,0,,,,,,14.05261,-4.24764,,,,,,
46.317,0.5000,0.5000,0.5000,0.5000,-13.72,45.35,0.488,,1,0,,,,,,13.83501,-4.22659,,,,,,
46.350,0.5000,0.5000,0.5000,0.5000,-10.92,33.45,0.490,,1,0,,,,,,13.88640,-4.24416,,,,,,
46.384,0.5000,0.5000,0.5000,0.5000,-11.19,35.55,0.493,,1,0,,,,,,13.90185,-4.23831,,,,,,
46.420,0.5000,0.5000,0.5000,0.5000,-12.14,39.79,0.515,,1,0,,,,,,13.90041,-4.25777,,,,,,
46.452,0.5000,0.5000,0.5000,0.5000,-11.38,36.80,0.517,,1,0,,,,,,13.93037,-4.24254,,,,,,
46.491,0.5000,0.5000,0.5000,0.5000,-12.81,41.26,0.505,,1,0,,,,,,14.01472,-4.26236,,,,,,
46.524,0.5000,0.5000,0.5000,0.5000,-13.29,42.65,0.528,,1,0,,,,,,13.86851,-4.19629,,,,,,
46.557,0.5000,0.5000,0.5000,0.5000,-13.79,44.38,0.536,,1,0,,,,,,14.03169,-4.23474,,,,,,
46.594,0.5000,0.5000,0.5000,0.5000,-13.50,42.54,0.543,,1,0,,,,,,14.01572,-4.21215,,,,,,
46.630,0.5000,0.5000,0.5000,0.5000,-13.86,43.34,0.535,,1,0,,,,,,14.08368,-4.21206,,,,,,
46.660,0.5000,0.5000,0.5000,0.5000,-14.24,44.81,0.532,,1,0,,,,,,14.17274,-4.23598,,,,,,
46.703,0.5000,0.5000,0.5000,0.5000,-15.65,48.37,0.553,,1,0,,,,,,14.30524,-4.23880,,,,,,
46.737,0.5000,0.5000,0.5000,0.5000,-15.52,48.62,0.582,,1,0,,,,,,14.12431,-4.21817,,,,,,
46.770,0.5000,0.5000,0.5000,0.5000,-15.76,48.94,0.587,,1,0,,,,,,14.15474,-4.23804,,,,,,
46.802,0.5000,0.5000,0.5000,0.5000,-2.57,-50.64,0.601,,1,0,,,,,,14.11800,-4.23513,,,,,,
46.838,0.5000,0.5000,0.5000,0.5000,-15.79,47.40,0.551,,1,0,,,,,,14.35810,-4.23881,,,,,,
46.872,0.5000,0.5000,0.5000,0.5000,-1.98,-49.56,0.541,,1,0,,,,,,14.24361,-4.20130,,,,,,
46.906,0.5000,0.5000,0.5000,0.5000,-1.78,-49.46,0.520,,1,0,,,,,,14.33144,-4.22949,,,,,,
46.939,0.5000,0.5000,0.5000,0.5000,-1.38,-49.31,0.533,,1,0,,,,,,14.21492,-4.17942,,,,,,
46.975,0.5000,0.5000,0.5000,0.5000,-0.49,-50.27,0.445,,1,0,,,,,,14.24210,-4.34708,,,,,,
47.007,0.5000,0.5000,0.5000,0.5000,-1.17,-52.88,0.354,,1,0,,,,,,14.81488,-4.60659,,,,,,
47.041,0.5000,0.5000,0.5000,0.5000,-18.61,52.96,0.306,,1,0,,,,,,14.98957,-4.73617,,,,,,
47.080,0.5000,0.5000,0.5000,0.5000,-20.18,56.14,0.419,,1,0,,,,,,14.87968,-4.94949,,,,,,
47.114,0.5000,0.5000,0.5000,0.5000,-19.64,56.40,0.494,,1,0,,,,,,14.92824,-5.02740,,,,,,
47.147,0.5000,0.5000,0.5000,0.5000,-18.23,52.16,0.549,,1,0,,,,,,14.63396,-4.94697,,,,,,
47.182,0.5000,0.5000,0.5000,0.5000,-17.94,47.89,0.546,,1,0,,,,,,14.24367,-4.85134,,,,,,
47.216,0.5000,0.5000,0.5000,0.5000,-17.49,46.64,0.562,,1,0,,,,,,14.36225,-4.94241,,,,,,
47.251,0.5000,0.5000,0.5000,0.5000,-14.47,36.24,0.590,,1,0,,,,,,13.91320,-4.82194,,,,,,
47.284,0.5000,0.5000,0.5000,0.5000,3.11,-49.85,0.616,,1,0,,,,,,13.99461,-4.90161,,,,,,
47.317,0.5000,0.5000,0.5000,0.5000,-19.50,46.29,0.610,,1,0,,,,,,13.87794,-4.94561,,,,,,
47.355,0.5000,0.5000,0.5000,0.5000,-20.21,48.66,0.668,,1,0,,,,,,13.62545,-4.98701,,,,,,
47.396,0.5000,0.5000,0.5000,0.5000,4.62,-50.06,0.625,,1,0,,,,,,13.87912,-5.18570,,,,,,
47.425,0.5000,0.5000,0.5000,0.5000,-19.09,45.23,0.636,,1,0,,,,,,13.77717,-5.17244,,,,,,
47.458,0.5000,0.5000,0.5000,0.5000,-17.90,45.33,0.652,,1,0,,,,,,13.75953,-5.29506,,,,,,
47.494,0.5000,0.5000,0.5000,0.5000,-17.07,41.32,0.621,,1,0,,,,,,13.77970,-5.40949,,,,,,
47.529,0.5000,0.5000,0.5000,0.5000,5.24,-49.06,0.615,,1,0,,,,,,13.69107,-5.49059,,,,,,
47.562,0.5000,0.5000,0.5000,0.5000,5.71,-48.83,0.615,,1,0,,,,,,13.56357,-5.56504,,,,,,
47.597,0.5000,0.5000,0.5000,0.5000,-2.08,2.86,0.570,,1,0,,,,,,13.36668,-5.59769,,,,,,
47.633,0.5000,0.5000,0.5000,0.5000,-16.88,39.16,0.557,,1,0,,,,,,12.86020,-5.64041,,,,,,
47.660,0.5000,0.5000,0.5000,0.5000,-2.68,4.72,0.542,,1,0,,,,,,12.27005,-5.63330,,,,,,
47.699,0.5000,0.5000,0.5000,0.5000,-8.46,18.71,0.554,,1,0,,,,,,12.10584,-5.58259,,,,,,
47.731,0.5000,0.5000,0.5000,0.5000,8.47,-45.45,0.575,,1,0,,,,,,12.12296,-5.63341,,,,,,
47.769,0.5000,0.5000,0.5000,0.5000,12.76,-40.66,0.566,,1,0,,,,,,11.90448,-5.59229,,,,,,
47.800,0.5000,0.5000,0.5000,0.5000,19.24,-30.19,0.570,,1,0,,,,,,11.89516,-5.75114,,,,,,
47.833,0.5000,0.5000,0.5000,0.5000,-13.77,32.44,0.571,,1,0,,,,,,11.92872,-5.86666,,,,,,
47.867,0.5000,0.5000,0.5000,0.5000,-5.04,9.93,0.545,,1,0,,,,,,11.65498,-5.90547,,,,,,
47.899,0.5000,0.5000,0.5000,0.5000,-0.33,0.98,0.550,,1,0,,,,,,10.97200,-5.86024,,,,,,
47.936,0.5000,0.5000,0.5000,0.5000,36.62,-37.52,0.560,,1,0,,,,,,10.83638,-5.90275,,,,,,
47.969,0.5000,0.5000,0.5000,0.5000,27.92,-59.03,0.566,,1,0,,,,,,10.59914,-5.92129,,,,,,
48.005,0.5000,0.5000,0.5000,0.5000,-10.22,-56.05,0.572,,1,0,,,,,,10.12541,-5.85764,,,,,,
48.040,0.5000,0.5000,0.5000,0.5000,0.64,-17.09,0.595,,1,0,,,,,,9.82093,-5.87396,,,,,,
48.073,0.5000,0.5000,0.5000,0.5000,-18.91,-54.07,0.588,,1,0,,,,,,9.60617,-5.96538,,,,,,
48.108,0.5000,0.5000,0.5000,0.5000,22.33,-55.63,0.614,,1,0,,,,,,8.79369,-5.78273,,,,,,
48.139,0.5000,0.5000,0.5000,0.5000,5.14,-40.50,0.593,,1,0,,,,,,8.41748,-5.83430,,,,,,
48.174,0.5000,0.5000,0.5000,0.5000,2.80,-38.77,0.578,,1,0,,,,,,7.83925,-5.76093,,,,,,
48.210,0.5000,0.5000,0.5000,0.5000,2.33,-37.99,0.606,,1,0,,,,,,7.31599,-5.72070,,,,,,
48.241,0.5000,0.5000,0.5000,0.5000,2.08,-37.70,0.615,,1,0,,,,,,6.94183,-5.73124,,,,,,
48.275,0.5000,0.5000,0.5000,0.5000,0.93,-37.36,0.596,,1,0,,,,,,6.63839,-5.78255,,,,,,
48.306,0.5000,0.5000,0.5000,0.5000,0.02,-36.58,0.591,,1,0,,,,,,6.16089,-5.63809,,,,,,
48.334,0.5000,0.5000,0.5000,0.5000,-1.08,-36.81,0.593,,1,0,,,,,,5.98267,-5.75401,,,,,,
48.373,0.5000,0.5000,0.5000,0.5000,-1.70,-36.22,0.573,,1,0,,,,,,5.51315,-5.69377,,,,,,
48.408,0.5000,0.5000,0.5000,0.5000,-1.97,-34.76,0.537,,1,0,,,,,,5.00293,-5.58693,,,,,,
48.442,0.5000,0.5000,0.5000,0.5000,-2.09,-34.23,0.410,,1,0,,,,,,5.08251,-5.81993,,,,,,
48.473,0.5000,0.5000,0.5000,0.5000,-1.75,-31.56,0.202,,1,0,,,,,,5.45873,-6.18807,,,,,,
48.489,0.5000,0.5000,0.5000,0.5000,-2.51,-31.23,0.197,,1,0,,,,,,4.86303,-5.88650,,,,,,
48.542,0.5000,0.5000,0.5000,0.5000,-3.35,-32.00,0.317,,1,0,,,,,,4.02300,-5.52943,,,,,,
48.574,0.5000,0.5000,0.5000,0.5000,-3.79,-31.26,0.475,,1,0,,,,,,3.75085,-5.46224,,,,,,
48.613,0.5000,0.5000,0.5000,0.5000,-4.48,-30.82,0.560,,1,0,,,,,,3.52285,-5.36365,,,,,,
48.645,0.5000,0.5000,0.5000,0.5000,-5.11,-30.10,0.597,,1,0,,,,,,3.38342,-5.34045,,,,,,
48.681,0.5000,0.5000,0.5000,0.5000,-5.41,-30.04,0.609,,1,0,,,,,,3.32318,-5.43666,,,,,,
48.712,0.5000,0.5000,0.5000,0.5000,-5.47,-30.03,0.600,,1,0,,,,,,3.25235,-5.49786,,,,,,
48.745,0.5000,0.5000,0.5000,0.5000,-5.53,-30.12,0.611,,1,0,,,,,,3.18193,-5.52637,,,,,,
48.778,0.5000,0.5000,0.5000,0.5000,-5.49,-29.94,0.611,,1,0,,,,,,3.11038,-5.49971,,,,,,
48.811,0.5000,0.5000,0.5000,0.5000,-5.58,-29.55,0.609,,1,0,,,,,,3.09827,-5.49922,,,,,,
48.844,0.5000,0.5000,0.5000,0.5000,-5.61,-29.21,0.611,,1,0,,,,,,3.08250,-5.48475,,,,,,
48.879,0.5000,0.5000,0.5000,0.5000,-5.78,-29.56,0.601,,1,0,,,,,,3.16522,-5.52153,,,,,,
48.912,0.5000,0.5000,0.5000,0.5000,-5.95,-30.10,0.603,,1,0,,,,,,3.22858,-5.50977,,,,,,
48.943,0.5000,0.5000,0.5000,0.5000,-6.07,-30.48,0.589,,1,0,,,,,,3.32091,-5.55915,,,,,,
48.976,0.5000,0.5000,0.5000,0.5000,-6.31,-30.20,0.599,,1,0,,,,,,3.25980,-5.45126,,,,,,
49.006,0.5000,0.5000,0.5000,0.5000,-6.50,-29.22,0.594,,1,0,,,,,,3.28703,-5.27544,,,,,,
49.042,0.5000,0.5000,0.5000,0.5000,-6.57,-28.20,0.587,,1,0,,,,,,3.32860,-5.12367,,,,,,
49.076,0.5000,0.5000,0.5000,0.5000,-6.32,-27.80,0.591,,1,0,,,,,,3.38238,-5.05570,,,,,,
49.112,0.5000,0.5000,0.5000,0.5000,-6.52,-27.50,0.592,,1,0,,,,,,3.49117,-5.04428,,,,,,
49.143,0.5000,0.5000,0.5000,0.5000,-6.76,-27.47,0.591,,1,0,,,,,,3.52220,-5.01687,,,,,,
49.176,0.5000,0.5000,0.5000,0.5000,-6.62,-27.04,0.590,,1,0,,,,,,3.53518,-4.99976,,,,,,
49.210,0.5000,0.5000,0.5000,0.5000,-6.92,-26.65,0.592,,1,0,,,,,,3.54059,-4.97371,,,,,,
49.240,0.5000,0.5000,0.5000,0.5000,-7.14,-26.79,0.597,,1,0,,,,,,3.54553,-4.95426,,,,,,
49.278,0.5000,0.5000,0.5000,0.5000,-6.97,-26.52,0.600,,1,0,,,,,,3.54549,-4.93615,,,,,,
49.310,0.5000,0.5000,0.5000,0.5000,-6.92,-26.11,0.604,,1,0,,,,,,3.56002,-4.95933,,,,,,
49.347,0.5000,0.5000,0.5000,0.5000,-6.90,-25.85,0.608,,1,0,,,,,,3.53006,-4.95814,,,,,,
49.386,0.5000,0.5000,0.5000,0.5000,-6.89,-26.45,0.616,,1,0,,,,,,3.53111,-4.99407,,,,,,
49.420,0.5000,0.5000,0.5000,0.5000,-7.30,-26.57,0.616,,1,0,,,,,,3.52837,-5.02572,,,,,,
49.448,0.5000,0.5000,0.5000,0.5000,-7.85,-26.35,0.618,,1,0,,,,,,3.49704,-5.02226,,,,,,
49.485,0.5000,0.5000,0.5000,0.5000,-7.97,-26.29,0.623,,1,0,,,,,,3.42944,-5.02543,,,,,,
49.520,0.5000,0.5000,0.5000,0.5000,-7.98,-26.04,0.626,,1,0,,,,,,3.35805,-4.96654,,,,,,
49.556,0.5000,0.5000,0.5000,0.5000,-7.81,-25.97,0.609,,1,0,,,,,,3.37720,-4.93753,,,,,,
49.590,0.5000,0.5000,0.5000,0.5000,-7.65,-24.74,0.557,,1,0,,,,,,3.47406,-4.51217,,,,,,
49.630,0.5000,0.5000,0.5000,0.5000,-7.58,-23.39,0.522,,1,0,,,,,,3.57100,-4.33087,,,,,,
49.670,0.5000,0.5000,0.5000,0.5000,-8.16,-22.63,0.518,,1,0,,,,,,3.60333,-4.21917,,,,,,
49.706,0.5000,0.5000,0.5000,0.5000,-8.35,-21.52,0.516,,1,0,,,,,,3.63345,-4.11153,,,,,,
49.741,0.5000,0.5000,0.5000,0.5000,-8.36,-20.78,0.515,,1,0,,,,,,3.64748,-3.98239,,,,,,
49.779,0.5000,0.5000,0.5000,0.5000,-8.96,-20.58,0.502,,1,0,,,,,,3.90069,-4.00855,,,,,,
49.812,0.5000,0.5000,0.5000,0.5000,-10.06,-21.77,0.487,,1,0,,,,,,4.02507,-3.77307,,,,,,
49.860,0.5000,0.5000,0.5000,0.5000,-10.88,-21.35,0.494,,1,0,,,,,,4.13580,-3.57597,,,,,,
49.898,0.5000,0.5000,0.5000,0.5000,-11.56,-22.02,0.497,,1,0,,,,,,4.30278,-3.48328,,,,,,
49.931,0.5000,0.5000,0.5000,0.5000,-11.32,-22.15,0.483,,1,0,,,,,,4.30337,-3.44128,,,,,,
49.972,0.5000,0.5000,0.5000,0.5000,-11.85,-21.28,0.497,,1,0,,,,,,4.44346,-3.41737,,,,,,
50.007,0.5000,0.5000,0.5000,0.5000,-11.71,-21.97,0.492,,1,0,,,,,,4.54080,-3.37800,,,,,,
50.039,0.5000,0.5000,0.5000,0.5000,-11.98,-22.71,0.506,,1,0,,,,,,4.56087,-3.30878,,,,,,
50.074,0.5000,0.5000,0.5000,0.5000,-11.92,-22.57,0.503,,1,0,,,,,,4.67356,-3.30151,,,,,,
50.111,0.5000,0.5000,0.5000,0.5000,-11.94,-21.91,0.506,,1,0,,,,,,4.82521,-3.33072,,,,,,
50.147,0.5000,0.5000,0.5000,0.5000,-11.89,-21.54,0.496,,1,0,,,,,,4.93342,-3.35107,,,,,,
50.175,0.5000,0.5000,0.5000,0.5000,-11.74,-21.67,0.493,,1,0,,,,,,4.96396,-3.35589,,,,,,
50.217,0.5000,0.5000,0.5000,0.5000,-11.52,-20.85,0.490,,1,0,,,,,,4.99205,-3.34063,,,,,,
50.248,0.5000,0.5000,0.5000,0.5000,-11.47,-22.13,0.497,,1,0,,,,,,5.19061,-3.35693,,,,,,
50.288,0.5000,0.5000,0.5000,0.5000,-11.53,-21.83,0.502,,1,0,,,,,,5.25336,-3.33336,,,,,,
50.326,0.5000,0.5000,0.5000,0.5000,-11.68,-21.51,0.505,,1,0,,,,,,5.38208,-3.32546,,,,,,
50.361,0.5000,0.5000,0.5000,0.5000,-11.64,-21.81,0.497,,1,0,,,,,,5.40763,-3.28329,,,,,,
50.394,0.5000,0.5000,0.5000,0.5000,-11.50,-21.59,0.501,,1,0,,,,,,5.39728,-3.22021,,,,,,
50.430,0.5000,0.5000,0.5000,0.5000,-11.67,-22.43,0.493,,1,0,,,,,,5.50044,-3.23509,,,,,,
50.466,0.5000,0.5000,0.5000,0.5000,-11.84,-22.75,0.496,,1,0,,,,,,5.60872,-3.25114,,,,,,
50.499,0.5000,0.5000,0.5000,0.5000,-11.92,-22.51,0.495,,1,0,,,,,,5.60734,-3.20899,,,,,,
50.539,0.5000,0.5000,0.5000,0.5000,-11.90,-22.46,0.496,,1,0,,,,,,5.62677,-3.19810,,,,,,
50.576,0.5000,0.5000,0.5000,0.5000,-11.92,-22.61,0.495,,1,0,,,,,,5.66644,-3.19784,,,,,,
50.614,0.5000,0.5000,0.5000,0.5000,-11.82,-22.37,0.486,,1,0,,,,,,5.63928,-3.17284,,,,,,
50.654,0.5000,0.5000,0.5000,0.5000,-11.81,-22.37,0.485,,1,0,,,,,,5.69756,-3.20483,,,,,,
50.710,0.5000,0.5000,0.5000,0.5000,-11.44,-21.11,0.212,,1,0,,,,,,5.71562,-3.18655,,,,,,
50.751,0.5000,0.5000,0.5000,0.5000,-11.86,-22.21,0.448,,1,0,,,,,,5.17937,-3.23765,,,,,,
50.900,0.5000,0.5000,0.5000,0.5000,-12.15,-22.88,0.521,,1,0,,,,,,5.06195,-3.30996,,,,,,
50.967,0.5000,0.5000,0.5000,0.5000,-12.61,-22.80,0.555,,1,0,,,,,,4.97772,-3.36039,,,,,,
51.020,0.5000,0.5000,0.5000,0.5000,-12.58,-22.29,0.571,,1,0,,,,,,4.98358,-3.36855,,,,,,
51.066,0.5000,0.5000,0.5000,0.5000,-12.66,-22.18,0.580,,1,0,,,,,,4.99839,-3.38701,,,,,,
51.129,0.5000,0.5000,0.5000,0.5000,-12.43,-22.07,0.579,,1,0,,,,,,5.02036,-3.40867,,,,,,
51.195,0.5000,0.5000,0.5000,0.5000,-12.12,-21.45,0.569,,1,0,,,,,,4.80288,-3.37451,,,,,,
51.265,0.5000,0.5000,0.5000,0.5000,-12.33,-21.14,0.571,,1,0,,,,,,4.76107,-3.37997,,,,,,
51.329,0.5000,0.5000,0.5000,0.5000,-12.32,-21.67,0.581,,1,0,,,,,,4.67608,-3.34137,,,,,,
51.396,0.5000,0.5000,0.5000,0.5000,-12.27,-21.48,0.582,,1,0,,,,,,4.68567,-3.36492,,,,,,
51.479,0.5000,0.5000,0.5000,0.5000,-12.27,-21.30,0.577,,1,0,,,,,,4.62118,-3.34443,,,,,,
51.548,0.5000,0.5000,0.5000,0.5000,-12.37,-21.53,0.577,,1,0,,,,,,4.60250,-3.31879,,,,,,
51.617,0.5000,0.5000,0.5000,0.5000,-12.54,-21.12,0.574,,1,0,,,,,,4.59660,-3.31466,,,,,,
51.688,0.5000,0.5000,0.5000,0.5000,-12.45,-21.29,0.570,,1,0,,,,,,4.61009,-3.30504,,,,,,
51.752,0.5000,0.5000,0.5000,0.5000,-12.58,-21.38,0.568,,1,0,,,,,,4.60390,-3.28591,,,,,,
51.825,0.5000,0.5000,0.5000,0.5000,-12.58,-21.45,0.563,,1,0,,,,,,4.62793,-3.28661,,,,,,
51.890,0.5000,0.5000,0.5000,0.5000,-12.45,-21.50,0.561,,1,0,,,,,,4.66091,-3.27434,,,,,,
51.960,0.5000,0.5000,0.5000,0.5000,-12.31,-21.50,0.564,,1,0,,,,,,4.66402,-3.25572,,,,,,
52.015,0.5000,0.5000,0.5000,0.5000,-12.33,-21.49,0.568,,1,0,,,,,,4.71138,-3.26006,,,,,,
52.086,0.5000,0.5000,0.5000,0.5000,-12.15,-21.48,0.567,,1,0,,,,,,4.81872,-3.27619,,,,,,
52.133,0.5000,0.5000,0.5000,0.5000,-12.13,-21.64,0.568,,1,0,,,,,,4.84699,-3.26109,,,,,,
52.194,0.5000,0.5000,0.5000,0.5000,-12.22,-22.05,0.571,,1,0,,,,,,4.89549,-3.26921,,,,,,
52.247,0.5000,0.5000,0.5000,0.5000,-12.16,-21.48,0.566,,1,0,,,,,,4.92600,-3.25326,,,,,,
52.298,0.5000,0.5000,0.5000,0.5000,-12.21,-21.90,0.568,,1,0,,,,,,4.97793,-3.26466,,,,,,
52.342,0.5000,0.5000,0.5000,0.5000,-12.12,-22.08,0.561,,1,0,,,,,,5.07675,-3.28441,,,,,,
52.387,0.5000,0.5000,0.5000,0.5000,-12.03,-22.18,0.557,,1,0,,,,,,5.11655,-3.28110,,,,,,
52.448,0.5000,0.5000,0.5000,0.5000,-11.96,-22.03,0.552,,1,0,,,,,,5.14309,-3.26844,,,,,,
52.495,0.5000,0.5000,0.5000,0.5000,-11.97,-21.86,0.552,,1,0,,,,,,5.17539,-3.26273,,,,,,
52.552,0.5000,0.5000,0.5000,0.5000,-11.95,-21.67,0.554,,1,0,,,,,,5.18873,-3.24589,,,,,,
52.599,0.5000,0.5000,0.5000,0.5000,-12.00,-21.96,0.557,,1,0,,,,,,5.19455,-3.23548,,,,,,
52.644,0.5000,0.5000,0.5000,0.5000,-12.06,-21.80,0.557,,1,0,,,,,,5.23102,-3.24843,,,,,,
52.718,0.5000,0.5000,0.5000,0.5000,-11.97,-21.94,0.556,,1,0,,,,,,5.23893,-3.24416,,,,,,
52.770,0.5000,0.5000,0.5000,0.5000,-11.53,-22.37,0.558,,1,0,,,,,,5.56323,-3.35009,,,,,,
52.825,0.5000,0.5000,0.5000,0.5000,-11.51,-21.77,0.558,,1,0,,,,,,5.51119,-3.30958,,,,,,
52.877,0.5000,0.5000,0.5000,0.5000,-11.45,-22.31,0.558,,1,0,,,,,,5.56983,-3.31828,,,,,,
52.933,0.5000,0.5000,0.5000,0.5000,-11.54,-22.10,0.557,,1,0,,,,,,5.57041,-3.30129,,,,,,
52.988,0.5000,0.5000,0.5000,0.5000,-11.52,-22.37,0.557,,1,0,,,,,,5.69212,-3.34211,,,,,,
53.040,0.5000,0.5000,0.5000,0.5000,-11.45,-22.50,0.557,,1,0,,,,,,5.76595,-3.37076,,,,,,
53.098,0.5000,0.5000,0.5000,0.5000,-11.47,-22.21,0.556,,1,0,,,,,,5.72161,-3.34777,,,,,,
53.157,0.5000,0.5000,0.5000,0.5000,-11.43,-22.39,0.557,,1,0,,,,,,5.96007,-3.43538,,,,,,
53.226,0.5000,0.5000,0.5000,0.5000,-11.41,-22.44,0.557,,1,0,,,,,,6.03268,-3.45811,,,,,,
53.293,0.5000,0.5000,0.5000,0.5000,-11.41,-22.26,0.559,,1,0,,,,,,6.02150,-3.45282,,,,,,
53.348,0.5000,0.5000,0.5000,0.5000,-11.32,-22.21,0.563,,1,0,,,,,,6.01940,-3.45161,,,,,,
53.412,0.5000,0.5000,0.5000,0.5000,-11.28,-22.19,0.562,,1,0,,,,,,6.09518,-3.48841,,,,,,
53.468,0.5000,0.5000,0.5000,0.5000,-11.09,-22.21,0.572,,1,0,,,,,,6.09154,-3.50700,,,,,,
53.523,0.5000,0.5000,0.5000,0.5000,-11.02,-22.36,0.570,,1,0,,,,,,6.08548,-3.52515,,,,,,
53.586,0.5000,0.5000,0.5000,0.5000,-10.97,-22.37,0.575,,1,0,,,,,,6.08202,-3.55305,,,,,,
53.632,0.5000,0.5000,0.5000,0.5000,-11.08,-21.90,0.577,,1,0,,,,,,6.06462,-3.60389,,,,,,
53.698,0.5000,0.5000,0.5000,0.5000,-10.82,-22.32,0.578,,1,0,,,,,,6.06238,-3.67933,,,,,,
53.763,0.5000,0.5000,0.5000,0.5000,-10.88,-22.18,0.583,,1,0,,,,,,6.05103,-3.71750,,,,,,
53.811,0.5000,0.5000,0.5000,0.5000,-10.83,-21.94,0.587,,1,0,,,,,,6.00722,-3.73854,,,,,,
53.863,0.5000,0.5000,0.5000,0.5000,-10.85,-22.05,0.587,,1,0,,,,,,5.99348,-3.75662,,,,,,
53.927,0.5000,0.5000,0.5000,0.5000,-10.83,-22.06,0.586,,1,0,,,,,,5.97963,-3.77478,,,,,,
54.002,0.5000,0.5000,0.5000,0.5000,-10.78,-21.98,0.587,,1,0,,,,,,5.97769,-3.78808,,,,,,
54.061,0.5000,0.5000,0.5000,0.5000,-10.75,-22.08,0.584,,1,0,,,,,,5.98133,-3.79811,,,,,,
54.118,0.5000,0.5000,0.5000,0.5000,-10.80,-22.13,0.585,,1,0,,,,,,5.97891,-3.79773,,,,,,
54.188,0.5000,0.5000,0.5000,0.5000,-10.80,-22.09,0.583,,1,0,,,,,,5.99462,-3.80167,,,,,,
54.249,0.5000,0.5000,0.5000,0.5000,-10.78,-22.03,0.587,,1,0,,,,,,6.04041,-3.81669,,,,,,
54.313,0.5000,0.5000,0.5000,0.5000,-10.77,-21.80,0.587,,1,0,,,,,,6.05965,-3.81881,,,,,,
54.377,0.5000,0.5000,0.5000,0.5000,-10.78,-21.77,0.593,,1,0,,,,,,6.07520,-3.81832,,,,,,
54.448,0.5000,0.5000,0.5000,0.5000,-10.92,-21.83,0.591,,1,0,,,,,,5.41620,-3.55433,,,,,,
54.511,0.5000,0.5000,0.5000,0.5000,-10.99,-20.66,0.583,,1,0,,,,,,4.98098,-3.47139,,,,,,
54.570,0.5000,0.5000,0.5000,0.5000,-10.97,-20.28,0.578,,1,0,,,,,,4.91276,-3.47571,,,,,,
54.623,0.5000,0.5000,0.5000,0.5000,-10.96,-20.18,0.574,,1,0,,,,,,4.88703,-3.47541,,,,,,
54.677,0.5000,0.5000,0.5000,0.5000,-11.06,-20.56,0.570,,1,0,,,,,,4.87106,-3.47621,,,,,,
54.739,0.5000,0.5000,0.5000,0.5000,-11.14,-20.80,0.565,,1,0,,,,,,4.88612,-3.49229,,,,,,
54.805,0.5000,0.5000,0.5000,0.5000,-11.10,-20.78,0.561,,1,0,,,,,,4.87922,-3.48822,,,,,,
54.875,0.5000,0.5000,0.5000,0.5000,-11.11,-20.69,0.560,,1,0,,,,,,4.85912,-3.47895,,,,,,
54.926,0.5000,0.5000,0.5000,0.5000,-11.11,-20.79,0.560,,1,0,,,,,,4.86941,-3.48299,,,,,,
54.994,0.5000,0.5000,0.5000,0.5000,-11.14,-20.71,0.559,,1,0,,,,,,4.87724,-3.48664,,,,,,
55.037,0.5000,0.5000,0.5000,0.5000,-11.12,-20.67,0.561,,1,0,,,,,,4.87202,-3.47941,,,,,,
55.080,0.5000,0.5000,0.5000,0.5000,-11.12,-20.66,0.555,,1,0,,,,,,4.87697,-3.47608,,,,,,
55.122,0.5000,0.5000,0.5000,0.5000,-11.16,-20.76,0.550,,1,0,,,,,,4.88267,-3.46955,,,,,,
55.182,0.5000,0.5000,0.5000,0.5000,-11.16,-20.81,0.549,,1,0,,,,,,4.88463,-3.46445,,,,,,
55.245,0.5000,0.5000,0.5000,0.5000,-11.23,-20.89,0.547,,1,0,,,,,,4.88694,-3.46658,,,,,,
55.295,0.5000,0.5000,0.5000,0.5000,-11.22,-21.06,0.549,,1,0,,,,,,4.89270,-3.47137,,,,,,
55.339,0.5000,0.5000,0.5000,0.5000,-11.30,-21.05,0.549,,1,0,,,,,,4.89176,-3.46897,,,,,,
55.397,0.5000,0.5000,0.5000,0.5000,-11.28,-20.91,0.551,,1,0,,,,,,4.88906,-3.46454,,,,,,
55.455,0.5000,0.5000,0.5000,0.5000,-11.35,-20.96,0.550,,1,0,,,,,,4.89426,-3.46675,,,,,,
55.506,0.5000,0.5000,0.5000,0.5000,-11.36,-20.87,0.551,,1,0,,,,,,4.89671,-3.46532,,,,,,
55.573,0.5000,0.5000,0.5000,0.5000,-11.26,-20.82,0.551,,1,0,,,,,,4.89303,-3.45882,,,,,,
55.631,0.5000,0.5000,0.5000,0.5000,-11.22,-20.84,0.551,,1,0,,,,,,4.88932,-3.45307,,,,,,
55.689,0.5000,0.5000,0.5000,0.5000,-11.26,-20.78,0.551,,1,0,,,,,,4.90347,-3.45749,,,,,,
55.751,0.5000,0.5000,0.5000,0.5000,-11.27,-20.99,0.553,,1,0,,,,,,4.91292,-3.46003,,,,,,
55.828,0.5000,0.5000,0.5000,0.5000,-11.22,-20.98,0.553,,1,0,,,,,,4.93425,-3.46479,,,,,,
55.895,0.5000,0.5000,0.5000,0.5000,-11.30,-21.10,0.551,,1,0,,,,,,4.94933,-3.45897,,,,,,
55.956,0.5000,0.5000,0.5000,0.5000,-11.31,-20.78,0.552,,1,0,,,,,,4.94095,-3.44118,,,,,,
56.005,0.5000,0.5000,0.5000,0.5000,-11.22,-20.67,0.554,,1,0,,,,,,4.94038,-3.43800,,,,,,
56.063,0.5000,0.5000,0.5000,0.5000,-11.21,-20.72,0.558,,1,0,,,,,,4.94041,-3.43979,,,,,,
56.139,0.5000,0.5000,0.5000,0.5000,-11.25,-20.77,0.558,,1,0,,,,,,4.93838,-3.43579,,,,,,
56.203,0.5000,0.5000,0.5000,0.5000,-11.20,-20.77,0.556,,1,0,,,,,,4.93644,-3.42272,,,,,,
56.264,0.5000,0.5000,0.5000,0.5000,-11.10,-20.73,0.556,,1,0,,,,,,4.94866,-3.42680,,,,,,
56.334,0.5000,0.5000,0.5000,0.5000,-11.18,-20.57,0.558,,1,0,,,,,,4.95772,-3.42465,,,,,,
56.397,0.5000,0.5000,0.5000,0.5000,-11.13,-20.67,0.556,,1,0,,,,,,4.96381,-3.42847,,,,,,
56.457,0.5000,0.5000,0.5000,0.5000,-11.16,-20.64,0.557,,1,0,,,,,,4.98471,-3.42818,,,,,,
56.519,0.5000,0.5000,0.5000,0.5000,-11.17,-20.86,0.555,,1,0,,,,,,5.00348,-3.43001,,,,,,
56.582,0.5000,0.5000,0.5000,0.5000,-11.23,-20.72,0.556,,1,0,,,,,,5.07837,-3.43860,,,,,,
56.641,0.5000,0.5000,0.5000,0.5000,-11.20,-20.38,0.554,,1,0,,,,,,5.09453,-3.41382,,,,,,
56.700,0.5000,0.5000,0.5000,0.5000,-11.19,-20.35,0.555,,1,0,,,,,,5.12664,-3.41845,,,,,,
56.757,0.5000,0.5000,0.5000,0.5000,-11.13,-20.64,0.558,,1,0,,,,,,5.16269,-3.42233,,,,,,
56.807,0.5000,0.5000,0.5000,0.5000,-11.22,-20.66,0.554,,1,0,,,,,,5.20468,-3.41130,,,,,,
56.865,0.5000,0.5000,0.5000,0.5000,-11.14,-20.78,0.554,,1,0,,,,,,5.22251,-3.40043,,,,,,
56.936,0.5000,0.5000,0.5000,0.5000,-10.96,-20.38,0.554,,1,0,,,,,,5.21445,-3.38334,,,,,,
56.994,0.5000,0.5000,0.5000,0.5000,-10.93,-20.28,0.553,,1,0,,,,,,5.24103,-3.39227,,,,,,
57.047,0.5000,0.5000,0.5000,0.5000,-10.94,-20.25,0.552,,1,0,,,,,,5.25582,-3.38738,,,,,,
57.100,0.5000,0.5000,0.5000,0.5000,-10.92,-20.46,0.552,,1,0,,,,,,5.26287,-3.39233,,,,,,
57.156,0.5000,0.5000,0.5000,0.5000,-10.91,-20.38,0.550,,1,0,,,,,,5.26069,-3.38851,,,,,,
57.221,0.5000,0.5000,0.5000,0.5000,-10.85,-20.43,0.541,,1,0,,,,,,5.26430,-3.37984,,,,,,
57.291,0.5000,0.5000,0.5000,0.5000,-10.83,-20.61,0.530,,1,0,,,,,,5.27194,-3.37158,,,,,,
57.339,0.5000,0.5000,0.5000,0.5000,-10.69,-20.30,0.320,,1,0,,,,,,5.58390,-3.48486,,,,,,
57.400,0.5000,0.5000,0.5000,0.5000,-10.39,-17.98,0.171,,1,0,,,,,,6.06642,-3.56739,,,,,,
57.464,0.5000,0.5000,0.5000,0.5000,-10.60,-18.82,0.333,,1,0,,,,,,5.62000,-3.43179,,,,,,
57.519,0.5000,0.5000,0.5000,0.5000,-10.76,-19.16,0.427,,1,0,,,,,,5.50691,-3.41046,,,,,,
57.596,0.5000,0.5000,0.5000,0.5000,-10.87,-19.39,0.463,,1,0,,,,,,5.41047,-3.39408,,,,,,
57.654,0.5000,0.5000,0.5000,0.5000,-11.02,-19.66,0.518,,1,0,,,,,,5.27989,-3.38576,,,,,,
57.728,0.5000,0.5000,0.5000,0.5000,-11.09,-20.16,0.538,,1,0,,,,,,5.18383,-3.37609,,,,,,
57.794,0.5000,0.5000,0.5000,0.5000,-11.09,-19.80,0.542,,1,0,,,,,,5.14496,-3.37402,,,,,,
57.854,0.5000,0.5000,0.5000,0.5000,-11.15,-20.26,0.546,,1,0,,,,,,5.13239,-3.38859,,,,,,
57.899,0.5000,0.5000,0.5000,0.5000,-11.15,-20.27,0.561,,1,0,,,,,,5.13017,-3.40719,,,,,,
57.966,0.5000,0.5000,0.5000,0.5000,-11.10,-20.00,0.570,,1,0,,,,,,5.12629,-3.41960,,,,,,
58.025,0.5000,0.5000,0.5000,0.5000,-11.12,-20.09,0.574,,1,0,,,,,,5.11299,-3.42453,,,,,,
58.078,0.5000,0.5000,0.5000,0.5000,-10.94,-19.57,0.578,,1,0,,,,,,5.11788,-3.43299,,,,,,
58.132,0.5000,0.5000,0.5000,0.5000,-11.02,-19.62,0.578,,1,0,,,,,,5.11961,-3.43045,,,,,,
58.192,0.5000,0.5000,0.5000,0.5000,-11.00,-19.73,0.578,,1,0,,,,,,5.08952,-3.41993,,,,,,
58.260,0.5000,0.5000,0.5000,0.5000,-11.03,-20.02,0.580,,1,0,,,,,,5.08252,-3.41553,,,,,,
58.326,0.5000,0.5000,0.5000,0.5000,-11.01,-19.96,0.580,,1,0,,,,,,5.10526,-3.42746,,,,,,
58.380,0.5000,0.5000,0.5000,0.5000,-11.21,-19.82,0.579,,1,0,,,,,,5.20177,-3.46320,,,,,,
58.432,0.5000,0.5000,0.5000,0.5000,-11.23,-20.06,0.577,,1,0,,,,,,5.22936,-3.47920,,,,,,
58.500,0.5000,0.5000,0.5000,0.5000,-11.20,-20.08,0.583,,1,0,,,,,,5.30413,-3.50179,,,,,,
58.565,0.5000,0.5000,0.5000,0.5000,-11.05,-20.26,0.583,,1,0,,,,,,5.31635,-3.50977,,,,,,
58.624,0.5000,0.5000,0.5000,0.5000,-11.05,-20.28,0.585,,1,0,,,,,,5.32829,-3.51874,,,,,,
58.688,0.5000,0.5000,0.5000,0.5000,-10.92,-20.07,0.581,,1,0,,,,,,5.32236,-3.51983,,,,,,
58.743,0.5000,0.5000,0.5000,0.5000,-10.91,-20.00,0.580,,1,0,,,,,,5.34317,-3.53639,,,,,,
58.816,0.5000,0.5000,0.5000,0.5000,-10.85,-20.28,0.578,,1,0,,,,,,5.09360,-3.46992,,,,,,
58.884,0.5000,0.5000,0.5000,0.5000,-10.68,-20.15,0.576,,1,0,,,,,,5.05088,-3.46408,,,,,,
58.950,0.5000,0.5000,0.5000,0.5000,-10.67,-19.97,0.573,,1,0,,,,,,5.01057,-3.45516,,,,,,
59.012,0.5000,0.5000,0.5000,0.5000,-10.59,-19.92,0.572,,1,0,,,,,,4.96760,-3.44394,,,,,,
59.066,0.5000,0.5000,0.5000,0.5000,-10.58,-19.93,0.570,,1,0,,,,,,4.97346,-3.44830,,,,,,
59.134,0.5000,0.5000,0.5000,0.5000,-10.68,-19.96,0.569,,1,0,,,,,,4.97885,-3.44847,,,,,,
59.207,0.5000,0.5000,0.5000,0.5000,-10.79,-20.17,0.558,,1,0,,,,,,5.05155,-3.45093,,,,,,
59.261,0.5000,0.5000,0.5000,0.5000,-10.77,-19.93,0.555,,1,0,,,,,,5.10848,-3.46494,,,,,,
59.307,0.5000,0.5000,0.5000,0.5000,-10.75,-20.23,0.553,,1,0,,,,,,5.12769,-3.46800,,,,,,
59.360,0.5000,0.5000,0.5000,0.5000,-10.76,-20.37,0.551,,1,0,,,,,,5.17854,-3.48639,,,,,,
59.409,0.5000,0.5000,0.5000,0.5000,-10.76,-20.30,0.554,,1,0,,,,,,5.19309,-3.47253,,,,,,
59.458,0.5000,0.5000,0.5000,0.5000,-10.76,-20.33,0.552,,1,0,,,,,,5.20839,-3.47185,,,,,,
59.511,0.5000,0.5000,0.5000,0.5000,-10.83,-20.31,0.550,,1,0,,,,,,5.21066,-3.45618,,,,,,
59.580,0.5000,0.5000,0.5000,0.5000,-10.84,-20.44,0.548,,1,0,,,,,,5.23533,-3.45667,,,,,,
59.651,0.5000,0.5000,0.5000,0.5000,-10.80,-20.23,0.547,,1,0,,,,,,5.22141,-3.43500,,,,,,
59.715,0.5000,0.5000,0.5000,0.5000,-10.90,-21.27,0.544,,1,0,,,,,,5.48071,-3.47144,,,,,,
59.778,0.5000,0.5000,0.5000,0.5000,-10.69,-20.82,0.534,,1,0,,,,,,5.93957,-3.55732,,,,,,
59.829,0.5000,0.5000,0.5000,0.5000,-10.52,-21.21,0.528,,1,0,,,,,,6.04652,-3.55013,,,,,,
59.887,0.5000,0.5000,0.5000,0.5000,-10.50,-21.10,0.526,,1,0,,,,,,6.08139,-3.47159,,,,,,
59.955,0.5000,0.5000,0.5000,0.5000,-10.32,-20.64,0.512,,1,0,,,,,,6.17286,-3.46835,,,,,,
60.006,0.5000,0.5000,0.5000,0.5000,-10.17,-21.41,0.507,,1,0,,,,,,6.22969,-3.47339,,,,,,
60.055,0.5000,0.5000,0.5000,0.5000,-10.21,-21.27,0.504,,1,0,,,,,,6.29083,-3.48504,,,,,,
60.102,0.5000,0.5000,0.5000,0.5000,-10.21,-21.27,0.504,,1,0,,,,,,6.27672,-3.45828,,,,,,
60.140,0.5000,0.5000,0.5000,0.5000,-10.39,-21.39,0.512,,1,0,,,,,,6.25180,-3.40752,,,,,,
60.186,0.5000,0.5000,0.5000,0.5000,-10.49,-21.36,0.503,,1,0,,,,,,6.27757,-3.39988,,,,,,
60.230,0.5000,0.5000,0.5000,0.5000,-10.70,-21.30,0.501,,1,0,,,,,,6.29596,-3.37820,,,,,,
60.291,0.5000,0.5000,0.5000,0.5000,-10.74,-21.39,0.496,,1,0,,,,,,6.33484,-3.38754,,,,,,
60.349,0.5000,0.5000,0.5000,0.5000,-10.56,-21.42,0.494,,1,0,,,,,,6.31336,-3.37616,,,,,,
60.412,0.5000,0.5000,0.5000,0.5000,-10.41,-21.12,0.494,,1,0,,,,,,6.31667,-3.36300,,,,,,
60.476,0.5000,0.5000,0.5000,0.5000,-10.47,-21.30,0.496,,1,0,,,,,,6.31371,-3.34742,,,,,,
60.537,0.5000,0.5000,0.5000,0.5000,-10.57,-21.24,0.496,,1,0,,,,,,6.32305,-3.34056,,,,,,
60.601,0.5000,0.5000,0.5000,0.5000,-10.55,-21.37,0.491,,1,0,,,,,,6.34599,-3.34652,,,,,,
60.657,0.5000,0.5000,0.5000,0.5000,-10.49,-21.24,0.489,,1,0,,,,,,6.34180,-3.34026,,,,,,
60.709,0.5000,0.5000,0.5000,0.5000,-10.47,-21.12,0.491,,1,0,,,,,,6.34840,-3.33927,,,,,,
60.758,0.5000,0.5000,0.5000,0.5000,-10.47,-20.95,0.491,,1,0,,,,,,6.33835,-3.33358,,,,,,
60.816,0.5000,0.5000,0.5000,0.5000,-10.50,-21.06,0.491,,1,0,,,,,,6.36772,-3.34088,,,,,,
60.881,0.5000,0.5000,0.5000,0.5000,-10.43,-21.42,0.491,,1,0,,,,,,6.46312,-3.37748,,,,,,
60.948,0.5000,0.5000,0.5000,0.5000,-10.56,-21.56,0.496,,1,0,,,,,,6.48800,-3.38154,,,,,,
61.012,0.5000,0.5000,0.5000,0.5000,-10.63,-21.81,0.504,,1,0,,,,,,6.45496,-3.36672,,,,,,
61.061,0.5000,0.5000,0.5000,0.5000,-10.62,-21.80,0.505,,1,0,,,,,,6.44080,-3.36045,,,,,,
61.114,0.5000,0.5000,0.5000,0.5000,-10.66,-21.82,0.505,,1,0,,,,,,6.42276,-3.35014,,,,,,
61.170,0.5000,0.5000,0.5000,0.5000,-10.69,-21.76,0.506,,1,0,,,,,,6.42279,-3.34797,,,,,,
61.238,0.5000,0.5000,0.5000,0.5000,-10.70,-21.75,0.506,,1,0,,,,,,6.39059,-3.33770,,,,,,
61.294,0.5000,0.5000,0.5000,0.5000,-10.79,-21.74,0.509,,1,0,,,,,,6.37929,-3.33194,,,,,,
61.353,0.5000,0.5000,0.5000,0.5000,-10.77,-21.69,0.507,,1,0,,,,,,6.37095,-3.32697,,,,,,
61.403,0.5000,0.5000,0.5000,0.5000,-10.77,-21.67,0.505,,1,0,,,,,,6.36714,-3.32205,,,,,,
61.478,0.5000,0.5000,0.5000,0.5000,-10.72,-21.42,0.501,,1,0,,,,,,6.40555,-3.32099,,,,,,
61.546,0.5000,0.5000,0.5000,0.5000,-10.69,-21.22,0.501,,1,0,,,,,,6.41862,-3.31404,,,,,,
61.621,0.5000,0.5000,0.5000,0.5000,-10.59,-21.25,0.498,,1,0,,,,,,6.48991,-3.33279,,,,,,
61.692,0.5000,0.5000,0.5000,0.5000,-10.61,-21.54,0.495,,1,0,,,,,,6.54468,-3.34711,,,,,,
61.756,0.5000,0.5000,0.5000,0.5000,-10.56,-22.54,0.518,,1,0,,,,,,6.43098,-3.47211,,,,,,
61.807,0.5000,0.5000,0.5000,0.5000,-10.73,-23.10,0.565,,1,0,,,,,,6.27878,-3.47594,,,,,,
61.871,0.5000,0.5000,0.5000,0.5000,-10.99,-23.14,0.587,,1,0,,,,,,6.18359,-3.45783,,,,,,
61.914,0.5000,0.5000,0.5000,0.5000,-10.75,-22.96,0.591,,1,0,,,,,,6.15580,-3.46281,,,,,,
61.974,0.5000,0.5000,0.5000,0.5000,-10.72,-22.83,0.596,,1,0,,,,,,6.08209,-3.44159,,,,,,
62.021,0.5000,0.5000,0.5000,0.5000,-11.07,-22.54,0.595,,1,0,,,,,,6.06090,-3.46712,,,,,,
62.082,0.5000,0.5000,0.5000,0.5000,-11.08,-22.41,0.594,,1,0,,,,,,6.05384,-3.48248,,,,,,
62.136,0.5000,0.5000,0.5000,0.5000,-10.99,-22.08,0.597,,1,0,,,,,,6.04280,-3.48686,,,,,,
62.196,0.5000,0.5000,0.5000,0.5000,-11.11,-21.96,0.602,,1,0,,,,,,6.03961,-3.49298,,,,,,
62.253,0.5000,0.5000,0.5000,0.5000,-11.06,-22.36,0.607,,1,0,,,,,,6.06161,-3.57331,,,,,,
62.313,0.5000,0.5000,0.5000,0.5000,-10.95,-22.17,0.610,,1,0,,,,,,6.06006,-3.60858,,,,,,
62.359,0.5000,0.5000,0.5000,0.5000,-10.84,-22.10,0.612,,1,0,,,,,,6.08527,-3.63155,,,,,,
62.418,0.5000,0.5000,0.5000,0.5000,-10.77,-22.16,0.611,,1,0,,,,,,6.07509,-3.62951,,,,,,
62.468,0.5000,0.5000,0.5000,0.5000,-10.87,-22.13,0.615,,1,0,,,,,,6.05554,-3.63412,,,,,,
62.528,0.5000,0.5000,0.5000,0.5000,-10.88,-21.75,0.615,,1,0,,,,,,5.99615,-3.60630,,,,,,
62.588,0.5000,0.5000,0.5000,0.5000,-10.79,-21.58,0.596,,1,0,,,,,,5.98776,-3.56438,,,,,,
62.646,0.5000,0.5000,0.5000,0.5000,-10.77,-21.46,0.586,,1,0,,,,,,6.00958,-3.55333,,,,,,
62.691,0.5000,0.5000,0.5000,0.5000,-10.69,-21.38,0.578,,1,0,,,,,,6.01477,-3.54139,,,,,,
62.736,0.5000,0.5000,0.5000,0.5000,-10.58,-21.39,0.565,,1,0,,,,,,6.02258,-3.52663,,,,,,
62.798,0.5000,0.5000,0.5000,0.5000,-10.52,-21.21,0.554,,1,0,,,,,,6.04310,-3.52737,,,,,,
62.867,0.5000,0.5000,0.5000,0.5000,-10.53,-21.13,0.555,,1,0,,,,,,6.05557,-3.52631,,,,,,
62.923,0.5000,0.5000,0.5000,0.5000,-10.53,-21.10,0.551,,1,0,,,,,,6.07147,-3.53170,,,,,,
62.982,0.5000,0.5000,0.5000,0.5000,-10.43,-21.25,0.543,,1,0,,,,,,6.07830,-3.53635,,,,,,
63.021,0.5000,0.5000,0.5000,0.5000,-10.45,-21.03,0.543,,1,0,,,,,,6.09841,-3.55328,,,,,,
63.098,0.5000,0.5000,0.5000,0.5000,-10.30,-20.99,0.542,,1,0,,,,,,6.10337,-3.55695,,,,,,
63.158,0.5000,0.5000,0.5000,0.5000,-10.23,-21.19,0.540,,1,0,,,,,,6.11579,-3.56712,,,,,,
63.227,0.5000,0.5000,0.5000,0.5000,-10.11,-21.88,0.479,,1,0,,,,,,6.15374,-3.70665,,,,,,
63.296,0.5000,0.5000,0.5000,0.5000,-10.13,-22.33,0.454,,1,0,,,,,,6.06992,-3.75579,,,,,,
63.373,0.5000,0.5000,0.5000,0.5000,-10.53,-22.64,0.586,,1,0,,,,,,6.03216,-3.92847,,,,,,
63.463,0.5000,0.5000,0.5000,0.5000,-10.26,-21.91,0.607,,1,0,,,,,,5.97625,-3.93592,,,,,,
63.524,0.5000,0.5000,0.5000,0.5000,-10.29,-21.52,0.609,,1,0,,,,,,5.87521,-3.89448,,,,,,
63.592,0.5000,0.5000,0.5000,0.5000,-10.17,-21.29,0.604,,1,0,,,,,,5.70211,-3.83593,,,,,,
63.659,0.5000,0.5000,0.5000,0.5000,-10.25,-21.28,0.601,,1,0,,,,,,5.63914,-3.80989,,,,,,
63.729,0.5000,0.5000,0.5000,0.5000,-10.33,-21.19,0.599,,1,0,,,,,,5.63478,-3.80751,,,,,,
63.799,0.5000,0.5000,0.5000,0.5000,-10.46,-21.18,0.599,,1,0,,,,,,5.68237,-3.82395,,,,,,
63.868,0.5000,0.5000,0.5000,0.5000,-10.37,-21.10,0.597,,1,0,,,,,,5.68320,-3.82435,,,,,,
63.940,0.5000,0.5000,0.5000,0.5000,-10.39,-21.39,0.597,,1,0,,,,,,5.68164,-3.81365,,,,,,
64.011,0.5000,0.5000,0.5000,0.5000,-10.39,-21.22,0.596,,1,0,,,,,,5.81265,-3.86117,,,,,,
64.079,0.5000,0.5000,0.5000,0.5000,-10.40,-21.23,0.596,,1,0,,,,,,5.86218,-3.88128,,,,,,
64.153,0.5000,0.5000,0.5000,0.5000,-10.40,-21.30,0.600,,1,0,,,,,,5.86310,-3.88166,,,,,,
64.221,0.5000,0.5000,0.5000,0.5000,-10.37,-21.45,0.602,,1,0,,,,,,5.91557,-3.90382,,,,,,
64.306,0.5000,0.5000,0.5000,0.5000,-10.33,-21.55,0.606,,1,0,,,,,,5.92852,-3.90867,,,,,,
64.366,0.5000,0.5000,0.5000,0.5000,-10.34,-21.31,0.605,,1,0,,,,,,5.93772,-3.90451,,,,,,
64.422,0.5000,0.5000,0.5000,0.5000,-10.31,-21.18,0.606,,1,0,,,,,,5.95604,-3.90710,,,,,,
64.470,0.5000,0.5000,0.5000,0.5000,-10.33,-21.18,0.607,,1,0,,,,,,5.97188,-3.91271,,,,,,
64.524,0.5000,0.5000,0.5000,0.5000,-10.35,-21.12,0.606,,1,0,,,,,,5.97759,-3.91220,,,,,,
64.590,0.5000,0.5000,0.5000,0.5000,-10.32,-21.07,0.605,,1,0,,,,,,5.97196,-3.90799,,,,,,
64.668,0.5000,0.5000,0.5000,0.5000,-10.35,-21.23,0.601,,1,0,,,,,,5.68305,-3.79529,,,,,,
64.720,0.5000,0.5000,0.5000,0.5000,-10.27,-21.40,0.599,,1,0,,,,,,5.55231,-3.77011,,,,,,
64.799,0.5000,0.5000,0.5000,0.5000,-10.17,-21.39,0.597,,1,0,,,,,,5.46143,-3.76228,,,,,,
64.875,0.5000,0.5000,0.5000,0.5000,-10.22,-21.48,0.596,,1,0,,,,,,5.47276,-3.78580,,,,,,
64.943,0.5000,0.5000,0.5000,0.5000,-10.14,-21.11,0.594,,1,0,,,,,,5.43140,-3.77261,,,,,,
64.996,0.5000,0.5000,0.5000,0.5000,-10.11,-20.59,0.594,,1,0,,,,,,5.41322,-3.77846,,,,,,
65.049,0.5000,0.5000,0.5000,0.5000,-10.15,-20.67,0.597,,1,0,,,,,,5.41538,-3.79174,,,,,,
65.108,0.5000,0.5000,0.5000,0.5000,-10.13,-20.73,0.597,,1,0,,,,,,5.41054,-3.79068,,,,,,
65.162,0.5000,0.5000,0.5000,0.5000,-10.23,-20.80,0.598,,1,0,,,,,,5.40101,-3.78637,,,,,,
65.227,0.5000,0.5000,0.5000,0.5000,-10.20,-20.90,0.598,,1,0,,,,,,5.39618,-3.78625,,,,,,
65.282,0.5000,0.5000,0.5000,0.5000,-10.22,-20.78,0.599,,1,0,,,,,,5.45718,-3.79994,,,,,,
65.341,0.5000,0.5000,0.5000,0.5000,-10.20,-20.15,0.598,,1,0,,,,,,5.45554,-3.78990,,,,,,
65.398,0.5000,0.5000,0.5000,0.5000,-10.31,-20.19,0.598,,1,0,,,,,,5.47538,-3.79116,,,,,,
65.459,0.5000,0.5000,0.5000,0.5000,-10.31,-20.36,0.598,,1,0,,,,,,5.48428,-3.78382,,,,,,
65.520,0.5000,0.5000,0.5000,0.5000,-10.39,-20.56,0.597,,1,0,,,,,,5.49136,-3.78109,,,,,,
65.594,0.5000,0.5000,0.5000,0.5000,-10.40,-20.49,0.599,,1,0,,,,,,5.49228,-3.77804,,,,,,
65.676,0.5000,0.5000,0.5000,0.5000,-10.45,-20.47,0.598,,1,0,,,,,,5.48977,-3.76874,,,,,,
65.760,0.5000,0.5000,0.5000,0.5000,-10.45,-20.50,0.601,,1,0,,,,,,5.49299,-3.76896,,,,,,
65.853,0.5000,0.5000,0.5000,0.5000,-10.43,-20.59,0.606,,1,0,,,,,,5.58826,-3.79985,,,,,,
65.932,0.5000,0.5000,0.5000,0.5000,-10.40,-20.13,0.606,,1,0,,,,,,5.61515,-3.78340,,,,,,
66.005,0.5000,0.5000,0.5000,0.5000,-10.37,-19.76,0.606,,1,0,,,,,,5.65033,-3.78073,,,,,,
66.064,0.5000,0.5000,0.5000,0.5000,-10.30,-20.06,0.596,,1,0,,,,,,5.42748,-3.72413,,,,,,
66.121,0.5000,0.5000,0.5000,0.5000,-10.16,-20.37,0.582,,1,0,,,,,,5.27807,-3.70270,,,,,,
66.167,0.5000,0.5000,0.5000,0.5000,-10.10,-20.30,0.576,,1,0,,,,,,5.28160,-3.70558,,,,,,
66.240,0.5000,0.5000,0.5000,0.5000,-10.04,-20.25,0.568,,1,0,,,,,,5.24778,-3.69951,,,,,,
66.295,0.5000,0.5000,0.5000,0.5000,-10.05,-20.29,0.566,,1,0,,,,,,5.24762,-3.69998,,,,,,
66.351,0.5000,0.5000,0.5000,0.5000,-9.97,-20.20,0.563,,1,0,,,,,,5.24923,-3.69548,,,,,,
66.411,0.5000,0.5000,0.5000,0.5000,-9.89,-20.20,0.562,,1,0,,,,,,5.22040,-3.68694,,,,,,
66.475,0.5000,0.5000,0.5000,0.5000,-9.98,-20.23,0.561,,1,0,,,,,,5.20776,-3.68440,,,,,,
66.527,0.5000,0.5000,0.5000,0.5000,-10.00,-20.25,0.560,,1,0,,,,,,5.19746,-3.67242,,,,,,
66.597,0.5000,0.5000,0.5000,0.5000,-9.96,-20.14,0.558,,1,0,,,,,,5.20732,-3.67988,,,,,,
66.650,0.5000,0.5000,0.5000,0.5000,-9.95,-20.27,0.556,,1,0,,,,,,5.21452,-3.68116,,,,,,
66.694,0.5000,0.5000,0.5000,0.5000,-10.22,-20.51,0.587,,1,0,,,,,,5.40310,-3.72227,,,,,,
66.749,0.5000,0.5000,0.5000,0.5000,-10.49,-20.53,0.608,,1,0,,,,,,5.40371,-3.70778,,,,,,
66.812,0.5000,0.5000,0.5000,0.5000,-10.48,-20.45,0.604,,1,0,,,,,,5.43362,-3.73878,,,,,,
66.880,0.5000,0.5000,0.5000,0.5000,-10.42,-20.46,0.599,,1,0,,,,,,5.44065,-3.74667,,,,,,
66.933,0.5000,0.5000,0.5000,0.5000,-10.46,-20.49,0.612,,1,0,,,,,,5.46022,-3.75477,,,,,,
66.996,0.5000,0.5000,0.5000,0.5000,-10.25,-20.32,0.614,,1,0,,,,,,5.44150,-3.75612,,,,,,
67.072,0.5000,0.5000,0.5000,0.5000,-10.17,-20.25,0.614,,1,0,,,,,,5.43494,-3.75958,,,,,,
67.140,0.5000,0.5000,0.5000,0.5000,-9.87,-20.36,0.602,,1,0,,,,,,5.27946,-3.75624,,,,,,
67.193,0.5000,0.5000,0.5000,0.5000,-9.82,-20.29,0.599,,1,0,,,,,,5.24829,-3.76072,,,,,,
67.260,0.5000,0.5000,0.5000,0.5000,-9.66,-20.32,0.597,,1,0,,,,,,5.23377,-3.76751,,,,,,
67.308,0.5000,0.5000,0.5000,0.5000,-9.67,-20.58,0.597,,1,0,,,,,,5.20932,-3.77120,,,,,,
67.387,0.5000,0.5000,0.5000,0.5000,-9.69,-20.79,0.596,,1,0,,,,,,5.21519,-3.77859,,,,,,
67.451,0.5000,0.5000,0.5000,0.5000,-9.69,-20.73,0.595,,1,0,,,,,,5.21137,-3.77785,,,,,,
67.508,0.5000,0.5000,0.5000,0.5000,-9.69,-20.73,0.594,,1,0,,,,,,5.21358,-3.78126,,,,,,
67.596,0.5000,0.5000,0.5000,0.5000,-9.82,-20.70,0.593,,1,0,,,,,,5.24324,-3.78774,,,,,,
67.673,0.5000,0.5000,0.5000,0.5000,-9.75,-20.34,0.592,,1,0,,,,,,5.24639,-3.78058,,,,,,
67.747,0.5000,0.5000,0.5000,0.5000,-9.85,-20.26,0.594,,1,0,,,,,,5.33951,-3.80137,,,,,,
67.830,0.5000,0.5000,0.5000,0.5000,-9.81,-20.07,0.593,,1,0,,,,,,5.34855,-3.78830,,,,,,
67.897,0.5000,0.5000,0.5000,0.5000,-9.95,-19.96,0.596,,1,0,,,,,,5.34805,-3.77583,,,,,,
67.971,0.5000,0.5000,0.5000,0.5000,-9.89,-19.85,0.596,,1,0,,,,,,5.35333,-3.77175,,,,,,
68.052,0.5000,0.5000,0.5000,0.5000,-9.77,-20.05,0.584,,1,0,,,,,,5.28978,-3.75716,,,,,,
68.104,0.5000,0.5000,0.5000,0.5000,-9.63,-19.96,0.578,,1,0,,,,,,5.25394,-3.74236,,,,,,
68.157,0.5000,0.5000,0.5000,0.5000,-9.62,-20.01,0.575,,1,0,,,,,,5.24453,-3.74145,,,,,,
68.230,0.5000,0.5000,0.5000,0.5000,-9.62,-20.15,0.575,,1,0,,,,,,5.21778,-3.73758,,,,,,
68.269,0.5000,0.5000,0.5000,0.5000,-9.51,-20.14,0.578,,1,0,,,,,,5.17170,-3.72585,,,,,,
68.324,0.5000,0.5000,0.5000,0.5000,-9.43,-19.84,0.575,,1,0,,,,,,5.16982,-3.73411,,,,,,
68.388,0.5000,0.5000,0.5000,0.5000,-9.55,-20.00,0.577,,1,0,,,,,,5.17678,-3.74585,,,,,,
68.461,0.5000,0.5000,0.5000,0.5000,-9.67,-20.33,0.580,,1,0,,,,,,5.17584,-3.76103,,,,,,
68.522,0.5000,0.5000,0.5000,0.5000,-9.56,-20.08,0.591,,1,0,,,,,,5.17032,-3.76775,,,,,,
68.599,0.5000,0.5000,0.5000,0.5000,-9.51,-19.95,0.601,,1,0,,,,,,5.15451,-3.77265,,,,,,
68.660,0.5000,0.5000,0.5000,0.5000,-9.55,-20.09,0.604,,1,0,,,,,,5.14978,-3.76881,,,,,,
68.702,0.5000,0.5000,0.5000,0.5000,-9.51,-20.03,0.604,,1,0,,,,,,5.14963,-3.77006,,,,,,
68.777,0.5000,0.5000,0.5000,0.5000,-9.49,-20.04,0.604,,1,0,,,,,,5.14960,-3.77130,,,,,,
68.836,0.5000,0.5000,0.5000,0.5000,-9.51,-20.08,0.603,,1,0,,,,,,5.15213,-3.77680,,,,,,
68.920,0.5000,0.5000,0.5000,0.5000,-9.52,-20.02,0.603,,1,0,,,,,,5.15557,-3.77809,,,,,,
68.970,0.5000,0.5000,0.5000,0.5000,-9.57,-20.13,0.602,,1,0,,,,,,5.16184,-3.78319,,,,,,
69.040,0.5000,0.5000,0.5000,0.5000,-9.60,-20.20,0.602,,1,0,,,,,,5.15369,-3.78882,,,,,,
69.089,0.5000,0.5000,0.5000,0.5000,-9.50,-20.21,0.598,,1,0,,,,,,5.10926,-3.81536,,,,,,
69.149,0.5000,0.5000,0.5000,0.5000,-9.56,-20.51,0.597,,1,0,,,,,,5.04285,-3.80117,,,,,,
69.213,0.5000,0.5000,0.5000,0.5000,-9.62,-20.41,0.595,,1,0,,,,,,4.99872,-3.83007,,,,,,
69.272,0.5000,0.5000,0.5000,0.5000,-9.54,-20.57,0.593,,1,0,,,,,,4.99011,-3.83563,,,,,,
69.319,0.5000,0.5000,0.5000,0.5000,-9.49,-20.61,0.592,,1,0,,,,,,4.97904,-3.83382,,,,,,
69.386,0.5000,0.5000,0.5000,0.5000,-9.41,-20.46,0.593,,1,0,,,,,,4.95226,-3.82893,,,,,,
69.455,0.5000,0.5000,0.5000,0.5000,-9.43,-20.51,0.593,,1,0,,,,,,4.95451,-3.82745,,,,,,
69.527,0.5000,0.5000,0.5000,0.5000,-9.42,-20.45,0.593,,1,0,,,,,,4.95710,-3.83115,,,,,,
69.605,0.5000,0.5000,0.5000,0.5000,-9.42,-20.23,0.594,,1,0,,,,,,4.97452,-3.83261,,,,,,
69.657,0.5000,0.5000,0.5000,0.5000,-9.41,-20.34,0.592,,1,0,,,,,,4.97818,-3.83004,,,,,,
69.700,0.5000,0.5000,0.5000,0.5000,-9.45,-20.25,0.591,,1,0,,,,,,4.98502,-3.83325,,,,,,
69.760,0.5000,0.5000,0.5000,0.5000,-9.48,-20.20,0.592,,1,0,,,,,,4.98668,-3.82858,,,,,,
69.831,0.5000,0.5000,0.5000,0.5000,-9.47,-20.31,0.593,,1,0,,,,,,4.99997,-3.82572,,,,,,
69.884,0.5000,0.5000,0.5000,0.5000,-9.53,-20.35,0.590,,1,0,,,,,,5.00124,-3.82563,,,,,,
69.948,0.5000,0.5000,0.5000,0.5000,-9.51,-20.32,0.590,,1,0,,,,,,5.00195,-3.82516,,,,,,
70.024,0.5000,0.5000,0.5000,0.5000,-9.57,-20.41,0.587,,1,0,,,,,,5.01136,-3.82955,,,,,,
70.100,0.5000,0.5000,0.5000,0.5000,-9.59,-20.38,0.587,,1,0,,,,,,5.01376,-3.82741,,,,,,
70.164,0.5000,0.5000,0.5000,0.5000,-9.56,-20.50,0.587,,1,0,,,,,,5.02004,-3.82086,,,,,,
70.229,0.5000,0.5000,0.5000,0.5000,-9.30,-20.04,0.563,,1,0,,,,,,5.18724,-3.81368,,,,,,
70.305,0.5000,0.5000,0.5000,0.5000,-9.16,-19.61,0.559,,1,0,,,,,,5.20148,-3.77516,,,,,,
70.373,0.5000,0.5000,0.5000,0.5000,-9.09,-19.76,0.560,,1,0,,,,,,5.20427,-3.76260,,,,,,
70.426,0.5000,0.5000,0.5000,0.5000,-9.08,-19.81,0.555,,1,0,,,,,,5.18922,-3.73784,,,,,,
70.469,0.5000,0.5000,0.5000,0.5000,-9.12,-19.79,0.556,,1,0,,,,,,5.21828,-3.74822,,,,,,
70.549,0.5000,0.5000,0.5000,0.5000,-9.11,-19.79,0.555,,1,0,,,,,,5.24371,-3.75505,,,,,,
70.611,0.5000,0.5000,0.5000,0.5000,-8.90,-19.07,0.526,,1,0,,,,,,5.31361,-3.74267,,,,,,
70.693,0.5000,0.5000,0.5000,0.5000,-8.96,-19.36,0.522,,1,0,,,,,,5.34148,-3.72817,,,,,,
70.758,0.5000,0.5000,0.5000,0.5000,-8.89,-19.10,0.518,,1,0,,,,,,5.32423,-3.70736,,,,,,
70.830,0.5000,0.5000,0.5000,0.5000,-8.42,-17.18,0.205,,1,0,,,,,,5.59296,-3.74231,,,,,,
70.907,0.5000,0.5000,0.5000,0.5000,-8.07,-15.74,0.088,,1,0,,,,,,5.82753,-3.81378,,,,,,
70.978,0.5000,0.5000,0.5000,0.5000,-8.35,-15.54,0.113,,1,0,,,,,,5.94658,-3.87693,,,,,,
71.019,0.5000,0.5000,0.5000,0.5000,-9.35,-19.90,0.507,,1,0,,,,,,5.38386,-3.85733,,,,,,
71.087,0.5000,0.5000,0.5000,0.5000,-9.58,-20.64,0.556,,1,0,,,,,,5.26126,-3.86633,,,,,,
71.145,0.5000,0.5000,0.5000,0.5000,-9.61,-20.88,0.557,,1,0,,,,,,5.20542,-3.85001,,,,,,
71.193,0.5000,0.5000,0.5000,0.5000,-9.65,-21.00,0.554,,1,0,,,,,,5.20111,-3.85200,,,,,,
71.246,0.5000,0.5000,0.5000,0.5000,-9.61,-20.88,0.560,,1,0,,,,,,5.20733,-3.85366,,,,,,
71.296,0.5000,0.5000,0.5000,0.5000,-9.59,-20.87,0.561,,1,0,,,,,,5.18693,-3.84580,,,,,,
71.354,0.5000,0.5000,0.5000,0.5000,-9.57,-20.84,0.560,,1,0,,,,,,5.17883,-3.83520,,,,,,
71.418,0.5000,0.5000,0.5000,0.5000,-9.55,-20.80,0.563,,1,0,,,,,,5.21773,-3.81061,,,,,,
71.481,0.5000,0.5000,0.5000,0.5000,-9.52,-20.66,0.565,,1,0,,,,,,5.28163,-3.81755,,,,,,
71.548,0.5000,0.5000,0.5000,0.5000,-9.55,-20.61,0.571,,1,0,,,,,,5.30005,-3.81319,,,,,,
71.613,0.5000,0.5000,0.5000,0.5000,-9.59,-20.63,0.575,,1,0,,,,,,5.31712,-3.81790,,,,,,
71.684,0.5000,0.5000,0.5000,0.5000,-9.49,-20.39,0.572,,1,0,,,,,,5.31976,-3.77059,,,,,,
71.749,0.5000,0.5000,0.5000,0.5000,-9.37,-20.00,0.565,,1,0,,,,,,5.30879,-3.74833,,,,,,
71.826,0.5000,0.5000,0.5000,0.5000,-9.33,-19.97,0.566,,1,0,,,,,,5.31137,-3.74153,,,,,,
71.890,0.5000,0.5000,0.5000,0.5000,-9.27,-19.80,0.560,,1,0,,,,,,5.31885,-3.74705,,,,,,
71.952,0.5000,0.5000,0.5000,0.5000,-9.21,-19.56,0.528,,1,0,,,,,,5.33693,-3.70878,,,,,,
72.017,0.5000,0.5000,0.5000,0.5000,-9.13,-19.46,0.513,,1,0,,,,,,5.34101,-3.70297,,,,,,
72.093,0.5000,0.5000,0.5000,0.5000,-9.19,-19.86,0.492,,1,0,,,,,,5.38300,-3.77827,,,,,,
72.168,0.5000,0.5000,0.5000,0.5000,-9.26,-20.14,0.513,,1,0,,,,,,5.42440,-3.82952,,,,,,
72.222,0.5000,0.5000,0.5000,0.5000,-9.45,-20.34,0.546,,1,0,,,,,,5.53402,-3.88271,,,,,,
72.273,0.5000,0.5000,0.5000,0.5000,-9.63,-20.33,0.561,,1,0,,,,,,5.58624,-3.90673,,,,,,
72.321,0.5000,0.5000,0.5000,0.5000,-9.56,-19.92,0.590,,1,0,,,,,,6.09354,-4.07295,,,,,,
72.379,0.5000,0.5000,0.5000,0.5000,-9.69,-19.01,0.596,,1,0,,,,,,6.11394,-4.05501,,,,,,
72.441,0.5000,0.5000,0.5000,0.5000,-9.79,-19.44,0.605,,1,0,,,,,,6.16451,-4.06531,,,,,,
72.512,0.5000,0.5000,0.5000,0.5000,-9.88,-19.36,0.609,,1,0,,,,,,6.21921,-4.08103,,,,,,
72.562,0.5000,0.5000,0.5000,0.5000,-10.04,-20.33,0.618,,1,0,,,,,,6.32933,-4.10899,,,,,,
72.634,0.5000,0.5000,0.5000,0.5000,-10.01,-20.39,0.616,,1,0,,,,,,6.34926,-4.10108,,,,,,
72.681,0.5000,0.5000,0.5000,0.5000,-10.10,-20.45,0.616,,1,0,,,,,,6.37021,-4.10326,,,,,,
72.752,0.5000,0.5000,0.5000,0.5000,-10.08,-20.29,0.616,,1,0,,,,,,6.39177,-4.11195,,,,,,
72.818,0.5000,0.5000,0.5000,0.5000,-10.13,-20.98,0.617,,1,0,,,,,,6.42320,-4.10827,,,,,,
72.894,0.5000,0.5000,0.5000,0.5000,-10.11,-20.99,0.617,,1,0,,,,,,6.45292,-4.11267,,,,,,
72.958,0.5000,0.5000,0.5000,0.5000,-9.99,-20.61,0.615,,1,0,,,,,,6.48207,-4.10987,,,,,,
73.009,0.5000,0.5000,0.5000,0.5000,-9.98,-20.49,0.615,,1,0,,,,,,6.50297,-4.11089,,,,,,
73.060,0.5000,0.5000,0.5000,0.5000,-10.05,-20.71,0.611,,1,0,,,,,,6.52182,-4.10770,,,,,,
73.122,0.5000,0.5000,0.5000,0.5000,-10.13,-20.80,0.610,,1,0,,,,,,6.52624,-4.10501,,,,,,
73.183,0.5000,0.5000,0.5000,0.5000,-10.21,-21.06,0.611,,1,0,,,,,,6.53578,-4.10983,,,,,,
73.222,0.5000,0.5000,0.5000,0.5000,-10.21,-21.22,0.611,,1,0,,,,,,6.54519,-4.10989,,,,,,
73.266,0.5000,0.5000,0.5000,0.5000,-10.19,-21.33,0.611,,1,0,,,,,,6.54575,-4.10866,,,,,,
73.318,0.5000,0.5000,0.5000,0.5000,-10.21,-21.32,0.610,,1,0,,,,,,6.55203,-4.10594,,,,,,
73.364,0.5000,0.5000,0.5000,0.5000,-10.23,-21.26,0.611,,1,0,,,,,,6.55594,-4.10836,,,,,,
73.421,0.5000,0.5000,0.5000,0.5000,-10.23,-21.18,0.610,,1,0,,,,,,6.55157,-4.10412,,,,,,
73.467,0.5000,0.5000,0.5000,0.5000,-10.26,-21.15,0.610,,1,0,,,,,,6.55221,-4.10408,,,,,,
73.510,0.5000,0.5000,0.5000,0.5000,-10.22,-20.81,0.609,,1,0,,,,,,6.54332,-4.10411,,,,,,
73.574,0.5000,0.5000,0.5000,0.5000,-10.27,-20.94,0.609,,1,0,,,,,,6.53841,-4.10198,,,,,,
73.624,0.5000,0.5000,0.5000,0.5000,-10.25,-20.88,0.609,,1,0,,,,,,6.51837,-4.09070,,,,,,
73.701,0.5000,0.5000,0.5000,0.5000,-10.23,-20.50,0.609,,1,0,,,,,,6.51828,-4.09253,,,,,,
73.762,0.5000,0.5000,0.5000,0.5000,-10.10,-20.85,0.601,,1,0,,,,,,6.22263,-3.99604,,,,,,
73.824,0.5000,0.5000,0.5000,0.5000,-9.99,-21.34,0.599,,1,0,,,,,,5.72855,-3.82626,,,,,,
73.896,0.5000,0.5000,0.5000,0.5000,-10.01,-21.35,0.590,,1,0,,,,,,5.64510,-3.81252,,,,,,
73.961,0.5000,0.5000,0.5000,0.5000,-9.94,-21.15,0.591,,1,0,,,,,,5.67534,-3.82799,,,,,,
74.060,0.5000,0.5000,0.5000,0.5000,-9.97,-21.55,0.591,,1,0,,,,,,5.65440,-3.82414,,,,,,
74.164,0.5000,0.5000,0.5000,0.5000,-9.74,-21.31,0.586,,1,0,,,,,,5.58190,-3.81589,,,,,,
74.239,0.5000,0.5000,0.5000,0.5000,-9.64,-20.80,0.581,,1,0,,,,,,5.52928,-3.78219,,,,,,
74.309,0.5000,0.5000,0.5000,0.5000,-9.62,-20.43,0.566,,1,0,,,,,,5.52653,-3.76838,,,,,,
74.372,0.5000,0.5000,0.5000,0.5000,-9.63,-20.17,0.558,,1,0,,,,,,5.52025,-3.75535,,,,,,
74.432,0.5000,0.5000,0.5000,0.5000,-9.51,-19.79,0.557,,1,0,,,,,,5.52712,-3.74613,,,,,,
74.512,0.5000,0.5000,0.5000,0.5000,-9.79,-19.77,0.557,,1,0,,,,,,5.53185,-3.73294,,,,,,
74.597,0.5000,0.5000,0.5000,0.5000,-9.88,-19.57,0.557,,1,0,,,,,,5.52428,-3.71425,,,,,,
74.667,0.5000,0.5000,0.5000,0.5000,-9.56,-19.29,0.518,,1,0,,,,,,5.55940,-3.71305,,,,,,
74.725,0.5000,0.5000,0.5000,0.5000,-9.40,-19.40,0.509,,1,0,,,,,,5.57046,-3.71387,,,,,,
74.786,0.5000,0.5000,0.5000,0.5000,-9.36,-19.35,0.504,,1,0,,,,,,5.56265,-3.70439,,,,,,
74.850,0.5000,0.5000,0.5000,0.5000,-9.32,-19.60,0.504,,1,0,,,,,,5.52839,-3.70676,,,,,,
74.915,0.5000,0.5000,0.5000,0.5000,-9.20,-19.13,0.501,,1,0,,,,,,5.46556,-3.68384,,,,,,
74.969,0.5000,0.5000,0.5000,0.5000,-9.09,-19.04,0.496,,1,0,,,,,,5.44655,-3.68201,,,,,,
75.029,0.5000,0.5000,0.5000,0.5000,-9.06,-18.87,0.495,,1,0,,,,,,5.42709,-3.67407,,,,,,
75.092,0.5000,0.5000,0.5000,0.5000,-9.03,-18.91,0.495,,1,0,,,,,,5.41896,-3.67346,,,,,,
75.153,0.5000,0.5000,0.5000,0.5000,-9.09,-18.70,0.485,,1,0,,,,,,5.56583,-3.69410,,,,,,
75.206,0.5000,0.5000,0.5000,0.5000,-9.02,-18.64,0.480,,1,0,,,,,,5.79569,-3.76500,,,,,,
75.274,0.5000,0.5000,0.5000,0.5000,-9.14,-18.60,0.476,,1,0,,,,,,5.83262,-3.73412,,,,,,
75.351,0.5000,0.5000,0.5000,0.5000,-9.26,-18.66,0.476,,1,0,,,,,,5.92700,-3.75904,,,,,,
75.410,0.5000,0.5000,0.5000,0.5000,-9.22,-18.47,0.477,,1,0,,,,,,5.96837,-3.76258,,,,,,
75.467,0.5000,0.5000,0.5000,0.5000,-9.28,-18.53,0.475,,1,0,,,,,,6.02000,-3.77906,,,,,,
75.524,0.5000,0.5000,0.5000,0.5000,-9.13,-18.36,0.469,,1,0,,,,,,6.05797,-3.78131,,,,,,
75.576,0.5000,0.5000,0.5000,0.5000,-9.08,-18.30,0.467,,1,0,,,,,,6.09354,-3.79127,,,,,,
75.627,0.5000,0.5000,0.5000,0.5000,-9.20,-18.35,0.467,,1,0,,,,,,6.07914,-3.78484,,,,,,
75.669,0.5000,0.5000,0.5000,0.5000,-9.20,-18.38,0.466,,1,0,,,,,,6.07803,-3.78447,,,,,,
75.714,0.5000,0.5000,0.5000,0.5000,-9.13,-18.45,0.465,,1,0,,,,,,6.07546,-3.78735,,,,,,
75.770,0.5000,0.5000,0.5000,0.5000,-9.12,-18.52,0.463,,1,0,,,,,,6.07164,-3.78778,,,,,,
75.820,0.5000,0.5000,0.5000,0.5000,-9.12,-18.41,0.461,,1,0,,,,,,6.07339,-3.78961,,,,,,
75.879,0.5000,0.5000,0.5000,0.5000,-9.07,-18.28,0.460,,1,0,,,,,,6.07325,-3.79089,,,,,,
75.935,0.5000,0.5000,0.5000,0.5000,-9.16,-18.41,0.456,,1,0,,,,,,6.09095,-3.79794,,,,,,
75.985,0.5000,0.5000,0.5000,0.5000,-9.15,-18.45,0.456,,1,0,,,,,,6.08953,-3.79783,,,,,,
76.049,0.5000,0.5000,0.5000,0.5000,-9.13,-18.43,0.455,,1,0,,,,,,6.10147,-3.80173,,,,,,
76.105,0.5000,0.5000,0.5000,0.5000,-9.12,-18.72,0.454,,1,0,,,,,,6.09864,-3.79335,,,,,,
76.177,0.5000,0.5000,0.5000,0.5000,-9.09,-18.53,0.455,,1,0,,,,,,6.09088,-3.78710,,,,,,
76.232,0.5000,0.5000,0.5000,0.5000,-9.08,-18.51,0.455,,1,0,,,,,,6.09040,-3.78624,,,,,,
76.298,0.5000,0.5000,0.5000,0.5000,-9.13,-18.64,0.461,,1,0,,,,,,6.08570,-3.79153,,,,,,
76.340,0.5000,0.5000,0.5000,0.5000,-9.08,-18.27,0.462,,1,0,,,,,,6.07946,-3.78899,,,,,,
76.428,0.5000,0.5000,0.5000,0.5000,-9.08,-18.38,0.464,,1,0,,,,,,6.07344,-3.79117,,,,,,
76.497,0.5000,0.5000,0.5000,0.5000,-9.08,-18.39,0.468,,1,0,,,,,,6.07370,-3.79013,,,,,,
76.561,0.5000,0.5000,0.5000,0.5000,-9.12,-18.59,0.470,,1,0,,,,,,6.06854,-3.78839,,,,,,
76.617,0.5000,0.5000,0.5000,0.5000,-9.11,-18.54,0.472,,1,0,,,,,,6.10712,-3.80631,,,,,,
76.676,0.5000,0.5000,0.5000,0.5000,-9.09,-18.41,0.474,,1,0,,,,,,6.20965,-3.83274,,,,,,
76.729,0.5000,0.5000,0.5000,0.5000,-9.13,-18.24,0.476,,1,0,,,,,,6.23180,-3.83495,,,,,,
76.784,0.5000,0.5000,0.5000,0.5000,-9.10,-18.32,0.476,,1,0,,,,,,6.22601,-3.82417,,,,,,
76.840,0.5000,0.5000,0.5000,0.5000,-9.14,-18.40,0.476,,1,0,,,,,,6.28980,-3.85500,,,,,,
76.895,0.5000,0.5000,0.5000,0.5000,-9.15,-18.29,0.477,,1,0,,,,,,6.28086,-3.84854,,,,,,
76.953,0.5000,0.5000,0.5000,0.5000,-8.84,-18.83,0.394,,1,0,,,,,,6.98388,-4.07880,,,,,,
77.008,0.5000,0.5000,0.5000,0.5000,-8.44,-18.21,0.208,,1,0,,,,,,7.04723,-4.02310,,,,,,
77.065,0.5000,0.5000,0.5000,0.5000,-7.91,-22.00,0.214,,1,0,,,,,,7.89865,-4.06513,,,,,,
77.134,0.5000,0.5000,0.5000,0.5000,-8.67,-25.42,0.283,,1,0,,,,,,8.51642,-4.11699,,,,,,
77.187,0.5000,0.5000,0.5000,0.5000,-9.57,-28.36,0.354,,1,0,,,,,,8.78652,-4.00129,,,,,,
77.257,0.5000,0.5000,0.5000,0.5000,1.29,-52.29,0.454,,1,0,,,,,,9.80056,-3.83045,,,,,,
77.314,0.5000,0.5000,0.5000,0.5000,-0.08,-53.38,0.485,,1,0,,,,,,10.09617,-3.69377,,,,,,
77.373,0.5000,0.5000,0.5000,0.5000,0.38,-57.08,0.576,,1,0,,,,,,10.68783,-3.59394,,,,,,
77.422,0.5000,0.5000,0.5000,0.5000,0.55,-58.05,0.591,,1,0,,,,,,11.08204,-3.62159,,,,,,
77.493,0.5000,0.5000,0.5000,0.5000,1.42,-58.73,0.591,,1,0,,,,,,11.20259,-3.59455,,,,,,
77.544,0.5000,0.5000,0.5000,0.5000,1.37,-58.81,0.581,,1,0,,,,,,11.43702,-3.61984,,,,,,
77.587,0.5000,0.5000,0.5000,0.5000,1.59,-58.56,0.567,,1,0,,,,,,11.46985,-3.61377,,,,,,
77.639,0.5000,0.5000,0.5000,0.5000,2.12,-58.61,0.573,,1,0,,,,,,11.36252,-3.60035,,,,,,
77.706,0.5000,0.5000,0.5000,0.5000,2.82,-55.12,0.626,,1,0,,,,,,9.62617,-3.44083,,,,,,
77.755,0.5000,0.5000,0.5000,0.5000,2.69,-52.99,0.582,,1,0,,,,,,9.16171,-3.42675,,,,,,
77.815,0.5000,0.5000,0.5000,0.5000,2.71,-52.26,0.558,,1,0,,,,,,8.95835,-3.46423,,,,,,
77.861,0.5000,0.5000,0.5000,0.5000,2.72,-52.10,0.548,,1,0,,,,,,9.05357,-3.51768,,,,,,
77.914,0.5000,0.5000,0.5000,0.5000,1.89,-50.82,0.546,,1,0,,,,,,8.78902,-3.47580,,,,,,
77.967,0.5000,0.5000,0.5000,0.5000,1.66,-48.20,0.557,,1,0,,,,,,8.22702,-3.44635,,,,,,
78.025,0.5000,0.5000,0.5000,0.5000,1.28,-47.60,0.548,,1,0,,,,,,8.20460,-3.47828,,,,,,
78.084,0.5000,0.5000,0.5000,0.5000,1.45,-47.41,0.538,,1,0,,,,,,8.32011,-3.55436,,,,,,
78.142,0.5000,0.5000,0.5000,0.5000,-9.64,-28.03,0.532,,1,0,,,,,,7.82782,-3.42459,,,,,,
78.203,0.5000,0.5000,0.5000,0.5000,-9.27,-26.65,0.522,,1,0,,,,,,7.61121,-3.41031,,,,,,
78.277,0.5000,0.5000,0.5000,0.5000,-9.43,-26.73,0.521,,1,0,,,,,,7.46870,-3.40528,,,,,,
78.349,0.5000,0.5000,0.5000,0.5000,-9.43,-26.46,0.519,,1,0,,,,,,7.45058,-3.40251,,,,,,
78.409,0.5000,0.5000,0.5000,0.5000,1.07,-44.37,0.507,,1,0,,,,,,7.10112,-3.33118,,,,,,
78.457,0.5000,0.5000,0.5000,0.5000,1.09,-44.03,0.495,,1,0,,,,,,7.08361,-3.32602,,,,,,
78.528,0.5000,0.5000,0.5000,0.5000,0.62,-43.72,0.490,,1,0,,,,,,7.09290,-3.31080,,,,,,
78.590,0.5000,0.5000,0.5000,0.5000,-9.48,-24.15,0.496,,1,0,,,,,,7.02553,-3.25540,,,,,,
78.646,0.5000,0.5000,0.5000,0.5000,-9.66,-24.22,0.498,,1,0,,,,,,6.98680,-3.22060,,,,,,
78.701,0.5000,0.5000,0.5000,0.5000,-9.63,-24.23,0.487,,1,0,,,,,,7.03326,-3.22707,,,,,,
78.773,0.5000,0.5000,0.5000,0.5000,-9.56,-23.90,0.492,,1,0,,,,,,7.01910,-3.20844,,,,,,
78.829,0.5000,0.5000,0.5000,0.5000,-9.59,-23.88,0.495,,1,0,,,,,,7.02052,-3.17894,,,,,,
78.888,0.5000,0.5000,0.5000,0.5000,-9.49,-23.82,0.485,,1,0,,,,,,7.02268,-3.15365,,,,,,
78.958,0.5000,0.5000,0.5000,0.5000,-9.59,-23.87,0.483,,1,0,,,,,,7.04868,-3.15022,,,,,,
79.017,0.5000,0.5000,0.5000,0.5000,-9.78,-23.37,0.483,,1,0,,,,,,7.03963,-3.11285,,,,,,
79.071,0.5000,0.5000,0.5000,0.5000,-9.79,-23.50,0.481,,1,0,,,,,,7.09659,-3.13640,,,,,,
79.109,0.5000,0.5000,0.5000,0.5000,-9.76,-23.64,0.482,,1,0,,,,,,7.11891,-3.13524,,,,,,
79.173,0.5000,0.5000,0.5000,0.5000,-9.76,-23.88,0.483,,1,0,,,,,,7.12749,-3.12973,,,,,,
79.232,0.5000,0.5000,0.5000,0.5000,-9.76,-23.84,0.483,,1,0,,,,,,7.13200,-3.12671,,,,,,
79.296,0.5000,0.5000,0.5000,0.5000,-9.73,-23.89,0.483,,1,0,,,,,,7.15598,-3.12971,,,,,,
79.366,0.5000,0.5000,0.5000,0.5000,-9.68,-23.80,0.481,,1,0,,,,,,7.16263,-3.13198,,,,,,
79.426,0.5000,0.5000,0.5000,0.5000,-9.70,-23.90,0.482,,1,0,,,,,,7.18164,-3.13503,,,,,,
79.489,0.5000,0.5000,0.5000,0.5000,-9.67,-24.00,0.483,,1,0,,,,,,7.20057,-3.14273,,,,,,
79.559,0.5000,0.5000,0.5000,0.5000,-9.52,-24.05,0.483,,1,0,,,,,,7.21090,-3.14663,,,,,,
79.622,0.5000,0.5000,0.5000,0.5000,-9.53,-24.01,0.479,,1,0,,,,,,7.21561,-3.14070,,,,,,
79.695,0.5000,0.5000,0.5000,0.5000,-9.46,-24.02,0.480,,1,0,,,,,,7.34478,-3.15311,,,,,,
79.754,0.5000,0.5000,0.5000,0.5000,-9.35,-24.15,0.480,,1,0,,,,,,7.36864,-3.14980,,,,,,
79.818,0.5000,0.5000,0.5000,0.5000,-9.38,-24.21,0.479,,1,0,,,,,,7.45814,-3.17137,,,,,,
79.869,0.5000,0.5000,0.5000,0.5000,-9.40,-24.48,0.478,,1,0,,,,,,7.47679,-3.17296,,,,,,
79.920,0.5000,0.5000,0.5000,0.5000,-9.06,-25.34,0.467,,1,0,,,,,,7.66543,-3.21478,,,,,,
79.973,0.5000,0.5000,0.5000,0.5000,-8.86,-25.34,0.455,,1,0,,,,,,7.69743,-3.19868,,,,,,
80.027,0.5000,0.5000,0.5000,0.5000,-8.86,-25.62,0.452,,1,0,,,,,,7.76108,-3.21830,,,,,,
80.087,0.5000,0.5000,0.5000,0.5000,-8.73,-25.91,0.449,,1,0,,,,,,7.75306,-3.20077,,,,,,
80.153,0.5000,0.5000,0.5000,0.5000,-8.66,-25.80,0.458,,1,0,,,,,,7.76426,-3.17970,,,,,,
80.205,0.5000,0.5000,0.5000,0.5000,-8.54,-25.78,0.458,,1,0,,,,,,7.81448,-3.17685,,,,,,
80.249,0.5000,0.5000,0.5000,0.5000,-8.39,-25.85,0.455,,1,0,,,,,,7.83475,-3.16918,,,,,,
80.323,0.5000,0.5000,0.5000,0.5000,-8.37,-25.63,0.463,,1,0,,,,,,7.85103,-3.15170,,,,,,
80.391,0.5000,0.5000,0.5000,0.5000,-8.35,-25.55,0.464,,1,0,,,,,,7.85889,-3.13005,,,,,,
80.457,0.5000,0.5000,0.5000,0.5000,-8.38,-25.50,0.471,,1,0,,,,,,7.86011,-3.09181,,,,,,
80.523,0.5000,0.5000,0.5000,0.5000,0.70,-45.24,0.461,,1,0,,,,,,7.90318,-3.10287,,,,,,
80.594,0.5000,0.5000,0.5000,0.5000,-7.90,-26.23,0.456,,1,0,,,,,,7.90046,-3.10373,,,,,,
80.661,0.5000,0.5000,0.5000,0.5000,0.98,-45.73,0.454,,1,0,,,,,,7.81850,-3.07573,,,,,,
80.720,0.5000,0.5000,0.5000,0.5000,1.13,-46.19,0.452,,1,0,,,,,,7.79943,-3.06000,,,,,,
80.777,0.5000,0.5000,0.5000,0.5000,0.89,-47.04,0.278,,1,0,,,,,,9.04569,-3.29587,,,,,,
80.833,0.5000,0.5000,0.5000,0.5000,0.96,-53.96,0.259,,1,0,,,,,,11.33443,-3.36319,,,,,,
80.882,0.5000,0.5000,0.5000,0.5000,-0.61,-56.93,0.331,,1,0,,,,,,11.62452,-3.25706,,,,,,
80.927,0.5000,0.5000,0.5000,0.5000,-2.13,-58.93,0.401,,1,0,,,,,,11.88053,-3.20318,,,,,,
80.977,0.5000,0.5000,0.5000,0.5000,-2.81,-60.85,0.442,,1,0,,,,,,12.29891,-3.19468,,,,,,
81.027,0.5000,0.5000,0.5000,0.5000,-3.01,-62.46,0.516,,1,0,,,,,,12.56139,-3.13587,,,,,,
81.094,0.5000,0.5000,0.5000,0.5000,-87.15,-43.59,0.562,,1,0,,,,,,12.96868,-3.07877,,,,,,
81.148,0.5000,0.5000,0.5000,0.5000,-3.43,-64.46,0.519,,1,0,,,,,,12.92508,-3.12969,,,,,,
81.218,0.5000,0.5000,0.5000,0.5000,-7.35,-19.48,0.490,,1,0,,,,,,12.75226,-3.12798,,,,,,
81.299,0.5000,0.5000,0.5000,0.5000,-3.88,-55.09,0.657,,1,0,,,,,,8.73855,-2.87112,,,,,,
81.366,0.5000,0.5000,0.5000,0.5000,-4.28,-52.59,0.597,,1,0,,,,,,8.39522,-3.04942,,,,,,
81.428,0.5000,0.5000,0.5000,0.5000,-4.77,-50.61,0.575,,1,0,,,,,,7.71410,-3.04626,,,,,,
81.503,0.5000,0.5000,0.5000,0.5000,-9.67,-25.72,0.539,,1,0,,,,,,6.19400,-2.94646,,,,,,
81.557,0.5000,0.5000,0.5000,0.5000,-8.73,-24.18,0.534,,1,0,,,,,,6.02676,-3.00146,,,,,,
81.616,0.5000,0.5000,0.5000,0.5000,-8.86,-23.13,0.544,,1,0,,,,,,5.98399,-3.03178,,,,,,
81.696,0.5000,0.5000,0.5000,0.5000,-8.74,-23.67,0.542,,1,0,,,,,,5.72666,-2.91825,,,,,,
81.743,0.5000,0.5000,0.5000,0.5000,-9.01,-23.38,0.523,,1,0,,,,,,5.76078,-2.90143,,,,,,
81.790,0.5000,0.5000,0.5000,0.5000,-9.17,-23.93,0.512,,1,0,,,,,,5.76022,-2.88213,,,,,,
81.849,0.5000,0.5000,0.5000,0.5000,-9.45,-24.80,0.505,,1,0,,,,,,5.88279,-2.92236,,,,,,
81.924,0.5000,0.5000,0.5000,0.5000,-9.96,-25.18,0.507,,1,0,,,,,,5.99870,-2.90992,,,,,,
81.970,0.5000,0.5000,0.5000,0.5000,-10.05,-25.04,0.506,,1,0,,,,,,6.01876,-2.86810,,,,,,
82.016,0.5000,0.5000,0.5000,0.5000,-10.11,-24.53,0.504,,1,0,,,,,,6.04452,-2.80444,,,,,,
82.063,0.5000,0.5000,0.5000,0.5000,-10.04,-24.09,0.523,,1,0,,,,,,6.09865,-2.70546,,,,,,
82.114,0.5000,0.5000,0.5000,0.5000,-10.60,-24.89,0.519,,1,0,,,,,,6.22637,-2.61662,,,,,,
82.173,0.5000,0.5000,0.5000,0.5000,-11.00,-26.21,0.506,,1,0,,,,,,6.99595,-2.10483,,,,,,
82.245,0.5000,0.5000,0.5000,0.5000,-12.51,-24.35,0.489,,1,0,,,,,,7.46875,-1.54030,,,,,,
82.303,0.5000,0.5000,0.5000,0.5000,-13.33,-23.41,0.478,,1,0,,,,,,7.92244,-1.25418,,,,,,
82.374,0.5000,0.5000,0.5000,0.5000,-14.20,-22.19,0.339,,1,0,,,,,,8.79299,-0.82829,,,,,,
82.433,0.5000,0.5000,0.5000,0.5000,-15.15,-19.90,0.348,,1,0,,,,,,9.49580,0.47396,,,,,,
82.479,0.5000,0.5000,0.5000,0.5000,-15.80,-22.42,0.385,,1,0,,,,,,9.92292,0.81726,,,,,,
82.531,0.5000,0.5000,0.5000,0.5000,-10.19,-47.39,0.411,,1,0,,,,,,10.19237,1.08563,,,,,,
82.585,0.5000,0.5000,0.5000,0.5000,-10.31,-48.71,0.389,,1,0,,,,,,10.62277,1.36492,,,,,,
82.649,0.5000,0.5000,0.5000,0.5000,-9.50,-50.40,0.380,,1,0,,,,,,10.89096,1.63045,,,,,,
82.703,0.5000,0.5000,0.5000,0.5000,-4.56,-56.66,0.434,,1,0,,,,,,16.74983,3.56857,,,,,,
82.755,0.5000,0.5000,0.5000,0.5000,-4.50,-59.07,0.486,,1,0,,,,,,16.04809,3.55047,,,,,,
82.804,0.5000,0.5000,0.5000,0.5000,-2.97,-60.24,0.472,,1,0,,,,,,15.99877,3.61206,,,,,,
82.846,0.5000,0.5000,0.5000,0.5000,-2.07,-62.53,0.505,,1,0,,,,,,16.09265,3.74447,,,,,,
82.896,0.5000,0.5000,0.5000,0.5000,-0.42,-63.89,0.492,,1,0,,,,,,16.28284,3.95369,,,,,,
82.973,0.5000,0.5000,0.5000,0.5000,-22.38,-36.71,0.587,,1,0,,,,,,16.60812,4.52441,,,,,,
83.035,0.5000,0.5000,0.5000,0.5000,4.61,-67.19,0.555,,1,0,,,,,,16.39750,4.50476,,,,,,
83.085,0.5000,0.5000,0.5000,0.5000,6.31,-68.09,0.564,,1,0,,,,,,16.10643,4.43070,,,,,,
83.145,0.5000,0.5000,0.5000,0.5000,7.50,-68.35,0.564,,1,0,,,,,,16.07893,4.41894,,,,,,
83.205,0.5000,0.5000,0.5000,0.5000,-34.18,-65.64,0.563,,1,0,,,,,,15.64978,4.08735,,,,,,
83.262,0.5000,0.5000,0.5000,0.5000,12.75,-68.78,0.546,,1,0,,,,,,15.91533,4.13477,,,,,,
83.317,0.5000,0.5000,0.5000,0.5000,-2.20,-31.76,0.557,,1,0,,,,,,15.77190,4.07575,,,,,,
83.364,0.5000,0.5000,0.5000,0.5000,12.84,-68.29,0.556,,1,0,,,,,,15.66940,4.02229,,,,,,
83.436,0.5000,0.5000,0.5000,0.5000,13.93,-68.51,0.552,,1,0,,,,,,15.83353,4.04865,,,,,,
83.489,0.5000,0.5000,0.5000,0.5000,15.84,-68.82,0.556,,1,0,,,,,,16.01995,4.05732,,,,,,
83.565,0.5000,0.5000,0.5000,0.5000,17.58,-68.83,0.545,,1,0,,,,,,16.02899,4.07433,,,,,,
83.628,0.5000,0.5000,0.5000,0.5000,19.34,-68.71,0.537,,1,0,,,,,,15.91019,4.10307,,,,,,
83.690,0.5000,0.5000,0.5000,0.5000,21.33,-68.50,0.531,,1,0,,,,,,15.83837,4.11622,,,,,,
83.755,0.5000,0.5000,0.5000,0.5000,21.79,-68.63,0.536,,1,0,,,,,,15.99430,4.14950,,,,,,
83.801,0.5000,0.5000,0.5000,0.5000,22.05,-68.67,0.526,,1,0,,,,,,16.20038,4.20951,,,,,,
83.846,0.5000,0.5000,0.5000,0.5000,22.09,-68.65,0.519,,1,0,,,,,,16.11299,4.19221,,,,,,
83.902,0.5000,0.5000,0.5000,0.5000,22.20,-68.56,0.517,,1,0,,,,,,16.14233,4.20921,,,,,,
83.964,0.5000,0.5000,0.5000,0.5000,22.88,-68.70,0.522,,1,0,,,,,,16.22094,4.23241,,,,,,
84.030,0.5000,0.5000,0.5000,0.5000,23.23,-68.69,0.513,,1,0,,,,,,16.22412,4.24637,,,,,,
84.092,0.5000,0.5000,0.5000,0.5000,23.41,-68.70,0.514,,1,0,,,,,,16.34011,4.30562,,,,,,
84.143,0.5000,0.5000,0.5000,0.5000,-2.48,17.60,0.500,,1,0,,,,,,16.42444,4.40549,,,,,,
84.201,0.5000,0.5000,0.5000,0.5000,31.10,-53.24,0.513,,1,0,,,,,,16.29933,4.36392,,,,,,
84.259,0.5000,0.5000,0.5000,0.5000,12.26,-37.75,0.519,,1,0,,,,,,16.26640,4.36141,,,,,,
84.324,0.5000,0.5000,0.5000,0.5000,4.02,-34.93,0.502,,1,0,,,,,,16.28613,4.45464,,,,,,
84.389,0.5000,0.5000,0.5000,0.5000,26.87,-69.44,0.514,,1,0,,,,,,16.13836,4.46283,,,,,,
84.450,0.5000,0.5000,0.5000,0.5000,2.03,-36.66,0.500,,1,0,,,,,,16.44549,4.62811,,,,,,
84.501,0.5000,0.5000,0.5000,0.5000,-83.39,66.81,0.511,,1,0,,,,,,16.43172,4.64507,,,,,,
84.570,0.5000,0.5000,0.5000,0.5000,-80.53,30.67,0.514,,1,0,,,,,,16.47021,4.64602,,,,,,
84.639,0.5000,0.5000,0.5000,0.5000,26.05,-69.12,0.503,,1,0,,,,,,16.20701,4.60730,,,,,,
84.694,0.5000,0.5000,0.5000,0.5000,25.64,-69.12,0.497,,1,0,,,,,,16.29229,4.63693,,,,,,
84.756,0.5000,0.5000,0.5000,0.5000,26.97,-69.24,0.493,,1,0,,,,,,16.28470,4.70890,,,,,,
84.812,0.5000,0.5000,0.5000,0.5000,26.41,-69.24,0.490,,1,0,,,,,,16.29894,4.74230,,,,,,
84.872,0.5000,0.5000,0.5000,0.5000,26.44,-69.51,0.497,,1,0,,,,,,16.36937,4.77025,,,,,,
84.935,0.5000,0.5000,0.5000,0.5000,-7.66,-37.15,0.496,,1,0,,,,,,16.05918,4.78814,,,,,,
85.000,0.5000,0.5000,0.5000,0.5000,-78.43,67.00,0.502,,1,0,,,,,,16.07706,4.83467,,,,,,
85.066,0.5000,0.5000,0.5000,0.5000,-77.99,66.51,0.509,,1,0,,,,,,16.00093,4.92727,,,,,,
85.129,0.5000,0.5000,0.5000,0.5000,-13.22,-39.34,0.524,,1,0,,,,,,15.93589,4.92977,,,,,,
85.195,0.5000,0.5000,0.5000,0.5000,-77.10,66.90,0.519,,1,0,,,,,,15.97179,5.08019,,,,,,
85.259,0.5000,0.5000,0.5000,0.5000,-82.12,67.18,0.520,,1,0,,,,,,16.06631,5.15006,,,,,,
85.315,0.5000,0.5000,0.5000,0.5000,2.42,-32.00,0.526,,1,0,,,,,,16.22856,5.25028,,,,,,
85.364,0.5000,0.5000,0.5000,0.5000,-77.59,66.30,0.524,,1,0,,,,,,16.21271,5.25651,,,,,,
85.440,0.5000,0.5000,0.5000,0.5000,-76.18,65.57,0.532,,1,0,,,,,,16.11904,5.24354,,,,,,
85.511,0.5000,0.5000,0.5000,0.5000,-81.20,67.32,0.539,,1,0,,,,,,16.14561,5.27896,,,,,,
85.569,0.5000,0.5000,0.5000,0.5000,-1.17,-44.27,0.535,,1,0,,,,,,16.04583,5.25065,,,,,,
85.636,0.5000,0.5000,0.5000,0.5000,23.78,-46.64,0.536,,1,0,,,,,,16.18952,5.28193,,,,,,
85.711,0.5000,0.5000,0.5000,0.5000,24.00,-70.88,0.537,,1,0,,,,,,16.25913,5.29835,,,,,,
85.766,0.5000,0.5000,0.5000,0.5000,-14.15,-39.80,0.539,,1,0,,,,,,16.23893,5.22133,,,,,,
85.832,0.5000,0.5000,0.5000,0.5000,-13.77,-39.95,0.533,,1,0,,,,,,16.18058,5.14930,,,,,,
85.898,0.5000,0.5000,0.5000,0.5000,-6.90,-49.74,0.520,,1,0,,,,,,16.35043,5.15959,,,,,,
85.968,0.5000,0.5000,0.5000,0.5000,-2.05,21.97,0.533,,1,0,,,,,,16.34317,5.05096,,,,,,
86.041,0.5000,0.5000,0.5000,0.5000,-30.96,-50.56,0.516,,1,0,,,,,,16.39212,5.07711,,,,,,
86.096,0.5000,0.5000,0.5000,0.5000,-12.35,-40.02,0.519,,1,0,,,,,,16.46033,5.09393,,,,,,
86.156,0.5000,0.5000,0.5000,0.5000,-9.83,-38.81,0.523,,1,0,,,,,,16.49768,5.11807,,,,,,
86.219,0.5000,0.5000,0.5000,0.5000,-12.13,-40.17,0.526,,1,0,,,,,,16.80605,5.23694,,,,,,
86.265,0.5000,0.5000,0.5000,0.5000,15.30,-34.38,0.537,,1,0,,,,,,16.53512,5.16258,,,,,,
86.325,0.5000,0.5000,0.5000,0.5000,29.19,-71.62,0.543,,1,0,,,,,,16.56465,5.18896,,,,,,
86.390,0.5000,0.5000,0.5000,0.5000,28.82,-71.75,0.554,,1,0,,,,,,16.60926,5.25675,,,,,,
86.449,0.5000,0.5000,0.5000,0.5000,-13.31,-40.82,0.575,,1,0,,,,,,16.71448,5.23321,,,,,,
86.516,0.5000,0.5000,0.5000,0.5000,32.51,-72.92,0.589,,1,0,,,,,,16.56685,5.13865,,,,,,
86.587,0.5000,0.5000,0.5000,0.5000,-5.84,8.82,0.586,,1,0,,,,,,16.91857,5.21438,,,,,,
86.633,0.5000,0.5000,0.5000,0.5000,-78.14,66.57,0.573,,1,0,,,,,,17.17475,5.26216,,,,,,
86.692,0.5000,0.5000,0.5000,0.5000,-25.44,66.04,0.623,,1,0,,,,,,17.76016,4.60212,,,,,,
86.750,0.5000,0.5000,0.5000,0.5000,-27.53,69.76,0.712,,1,0,,,,,,18.58935,4.48735,,,,,,
86.789,0.5000,0.5000,0.5000,0.5000,-29.05,70.52,0.711,,1,0,,,,,,19.16977,4.36367,,,,,,
86.846,0.5000,0.5000,0.5000,0.5000,-23.05,65.23,0.690,,1,0,,,,,,19.87629,4.31458,,,,,,
86.912,0.5000,0.5000,0.5000,0.5000,-10.12,-43.40,0.656,,1,0,,,,,,19.37449,4.05392,,,,,,
86.964,0.5000,0.5000,0.5000,0.5000,-80.61,66.48,0.679,,1,0,,,,,,19.86857,3.05983,,,,,,
87.020,0.5000,0.5000,0.5000,0.5000,-9.23,46.76,0.716,,1,0,,,,,,19.79686,3.14920,,,,,,
87.073,0.5000,0.5000,0.5000,0.5000,-7.25,40.34,0.692,,1,0,,,,,,19.42679,2.88692,,,,,,
87.133,0.5000,0.5000,0.5000,0.5000,-3.84,44.96,0.745,,1,0,,,,,,19.31727,2.49215,,,,,,
87.178,0.5000,0.5000,0.5000,0.5000,-15.97,63.48,0.825,,1,0,,,,,,19.23489,1.51486,,,,,,
87.232,0.5000,0.5000,0.5000,0.5000,-9.99,53.99,0.800,,1,0,,,,,,18.98285,1.36933,,,,,,
87.278,0.5000,0.5000,0.5000,0.5000,-7.15,43.90,0.796,,1,0,,,,,,18.19402,1.15517,,,,,,
87.332,0.5000,0.5000,0.5000,0.5000,2.59,-29.75,0.768,,1,0,,,,,,18.87405,0.95266,,,,,,
87.383,0.5000,0.5000,,,,,,,0,0,,,,,,,,,,,,,
87.458,0.5000,0.5000,0.5000,0.5000,-14.70,71.81,0.989,,1,0,,,,,,21.49750,-0.22339,,,,,,
87.515,0.5000,0.5000,0.5000,0.5000,-12.72,72.72,1.027,,1,0,,,,,,20.29635,-0.46162,,,,,,
87.564,0.5000,0.5000,0.5000,0.5000,-11.66,71.95,1.093,,1,0,,,,,,18.87465,-0.78263,,,,,,
87.623,0.5000,0.5000,,,,,,,0,0,,,,,,,,,,,,,
87.677,0.5000,0.5000,0.5000,0.5000,-3.93,-46.33,0.810,,1,0,,,,,,18.56096,-1.68934,,,,,,
87.733,0.5000,0.5000,0.5000,0.5000,-78.02,66.54,0.771,,1,0,,,,,,17.34975,-1.53557,,,,,,
87.788,0.5000,0.5000,0.5000,0.5000,-75.36,66.56,0.710,,1,0,,,,,,17.56355,-1.49689,,,,,,
87.855,0.5000,0.5000,0.5000,0.5000,-78.17,66.54,0.716,,1,0,,,,,,17.29125,-1.36258,,,,,,
87.932,0.5000,0.5000,0.5000,0.5000,-74.80,66.83,0.714,,1,0,,,,,,17.27305,-1.35011,,,,,,
88.012,0.5000,0.5000,0.5000,0.5000,-11.01,-44.92,0.745,,1,0,,,,,,17.36010,-1.27747,,,,,,
88.088,0.5000,0.5000,0.5000,0.5000,2.66,31.71,0.733,,1,0,,,,,,17.98790,-1.11573,,,,,,
88.149,0.5000,0.5000,0.5000,0.5000,2.14,46.96,0.750,,1,0,,,,,,18.00687,-1.01648,,,,,,
88.200,0.5000,0.5000,0.5000,0.5000,1.60,51.92,0.758,,1,0,,,,,,17.83886,-0.90292,,,,,,
88.238,0.5000,0.5000,0.5000,0.5000,-13.63,-46.64,0.687,,1,0,,,,,,17.76328,-0.80798,,,,,,
88.293,0.5000,0.5000,,,,,,,0,0,,,,,,,,,,,,,
88.357,0.5000,0.5000,0.5000,0.5000,-8.91,-39.70,0.792,,1,0,,,,,,18.18088,-0.48513,,,,,,
88.399,0.5000,0.5000,,,,,,,0,0,,,,,,,,,,,,,
88.448,0.5000,0.5000,,,,,,,0,0,,,,,,,,,,,,,
88.504,0.5000,0.5000,,,,,,,0,0,,,,,,,,,,,,,
88.569,0.5000,0.5000,0.5000,0.5000,-3.19,-35.87,0.717,,1,0,,,,,,18.66460,-0.51409,,,,,,
88.632,0.5000,0.5000,0.5000,0.5000,-87.92,67.68,0.721,,1,0,,,,,,18.53503,-0.70561,,,,,,
88.680,0.5000,0.5000,0.5000,0.5000,-79.12,66.53,0.670,,1,0,,,,,,19.48347,-0.75692,,,,,,
88.744,0.5000,0.5000,0.5000,0.5000,-79.79,67.16,0.702,,1,0,,,,,,20.16018,-0.80633,,,,,,
88.814,0.5000,0.5000,0.5000,0.5000,-74.29,65.59,0.678,,1,0,,,,,,20.23234,-0.82949,,,,,,
88.877,0.5000,0.5000,0.5000,0.5000,62.36,-2.04,0.667,,1,0,,,,,,19.95117,-0.81377,,,,,,
88.935,0.5000,0.5000,0.5000,0.5000,-0.30,-33.77,0.645,,1,0,,,,,,20.21478,-0.81895,,,,,,
88.992,0.5000,0.5000,0.5000,0.5000,-7.14,-34.11,0.643,,1,0,,,,,,20.47480,-0.78530,,,,,,
89.039,0.5000,0.5000,0.5000,0.5000,10.97,-69.72,0.627,,1,0,,,,,,20.70475,-0.79108,,,,,,
89.108,0.5000,0.5000,0.5000,0.5000,11.26,-69.62,0.628,,1,0,,,,,,20.60310,-0.78858,,,,,,
89.156,0.5000,0.5000,,,,,,,0,0,,,,,,,,,,,,,
89.215,0.5000,0.5000,,,,,,,0,0,,,,,,,,,,,,,
89.266,0.5000,0.5000,,,,,,,0,0,,,,,,,,,,,,,
89.321,0.5000,0.5000,,,,,,,0,0,,,,,,,,,,,,,
89.380,0.5000,0.5000,,,,,,,0,0,,,,,,,,,,,,,
89.422,0.5000,0.5000,,,,,,,0,0,,,,,,,,,,,,,
89.489,0.5000,0.5000,,,,,,,0,0,,,,,,,,,,,,,
89.548,0.5000,0.5000,,,,,,,0,0,,,,,,,,,,,,,
89.615,0.5000,0.5000,,,,,,,0,0,,,,,,,,,,,,,
89.681,0.5000,0.5000,,,,,,,0,0,,,,,,,,,,,,,
89.720,0.5000,0.5000,,,,,,,0,0,,,,,,,,,,,,,
89.775,0.5000,0.5000,,,,,,,0,0,,,,,,,,,,,,,
89.833,0.5000,0.5000,,,,,,,0,0,,,,,,,,,,,,,
89.897,0.5000,0.5000,,,,,,,0,0,,,,,,,,,,,,,
89.950,0.5000,0.5000,,,,,,,0,0,,,,,,,,,,,,,
89.997,0.5000,0.5000,,,,,,,0,0,,,,,,,,,,,,,
90.048,0.5000,0.5000,,,,,,,0,0,,,,,,,,,,,,,
90.111,0.5000,0.5000,0.5000,0.5000,-1.06,-32.27,0.626,,1,0,,,,,,23.37429,-0.76631,,,,,,
90.164,0.5000,0.5000,0.5000,0.5000,14.28,-66.09,0.431,,1,0,,,,,,21.61205,-0.67752,,,,,,
90.218,0.5000,0.5000,0.5000,0.5000,14.63,-66.82,0.420,,1,0,,,,,,20.81297,-0.73463,,,,,,
90.281,0.5000,0.5000,,,,,,,0,0,,,,,,,,,,,,,
90.316,0.5000,0.5000,,,,,,,0,0,,,,,,,,,,,,,
90.347,0.5000,0.5000,,,,,,,0,0,,,,,,,,,,,,,
90.405,0.5000,0.5000,,,,,,,0,0,,,,,,,,,,,,,
90.463,0.5000,0.5000,,,,,,,0,0,,,,,,,,,,,,,
90.515,0.5000,0.5000,,,,,,,0,0,,,,,,,,,,,,,
90.586,0.5000,0.5000,0.5000,0.5000,7.49,-38.53,0.530,,1,0,,,,,,24.32053,-6.22831,,,,,,
90.640,0.5000,0.5000,0.5000,0.5000,9.05,-39.29,0.325,,1,0,,,,,,22.88820,-6.43697,,,,,,
90.691,0.5000,0.5000,0.5000,0.5000,8.55,-42.84,0.323,,1,0,,,,,,22.69629,-6.79075,,,,,,
90.743,0.5000,0.5000,0.5000,0.5000,-24.64,65.37,0.356,,1,0,,,,,,21.97019,-6.78882,,,,,,
90.797,0.5000,0.5000,0.5000,0.5000,-10.11,-14.45,0.357,,1,0,,,,,,21.91076,-6.92115,,,,,,
90.863,0.5000,0.5000,0.5000,0.5000,-13.26,31.84,0.345,,1,0,,,,,,22.02009,-7.15336,,,,,,
90.946,0.5000,0.5000,0.5000,0.5000,-26.22,54.64,0.361,,1,0,,,,,,21.29331,-7.02559,,,,,,
91.007,0.5000,0.5000,,,,,,,0,0,,,,,,,,,,,,,
91.046,0.5000,0.5000,,,,,,,0,0,,,,,,,,,,,,,
91.109,0.5000,0.5000,,,,,,,0,0,,,,,,,,,,,,,
91.180,0.5000,0.5000,,,,,,,0,0,,,,,,,,,,,,,
91.242,0.5000,0.5000,,,,,,,0,0,,,,,,,,,,,,,
91.300,0.5000,0.5000,,,,,,,0,0,,,,,,,,,,,,,
91.354,0.5000,0.5000,,,,,,,0,0,,,,,,,,,,,,,
91.429,0.5000,0.5000,,,,,,,0,0,,,,,,,,,,,,,
91.488,0.5000,0.5000,,,,,,,0,0,,,,,,,,,,,,,
91.546,0.5000,0.5000,,,,,,,0,0,,,,,,,,,,,,,
91.612,0.5000,0.5000,,,,,,,0,0,,,,,,,,,,,,,
91.680,0.5000,0.5000,,,,,,,0,0,,,,,,,,,,,,,
91.728,0.5000,0.5000,,,,,,,0,0,,,,,,,,,,,,,
91.773,0.5000,0.5000,,,,,,,0,0,,,,,,,,,,,,,
91.821,0.5000,0.5000,,,,,,,0,0,,,,,,,,,,,,,
91.879,0.5000,0.5000,,,,,,,0,0,,,,,,,,,,,,,
91.929,0.5000,0.5000,,,,,,,0,0,,,,,,,,,,,,,
91.967,0.5000,0.5000,,,,,,,0,0,,,,,,,,,,,,,
92.012,0.5000,0.5000,,,,,,,0,0,,,,,,,,,,,,,
92.081,0.5000,0.5000,,,,,,,0,0,,,,,,,,,,,,,
92.145,0.5000,0.5000,,,,,,,0,0,,,,,,,,,,,,,
92.207,0.5000,0.5000,,,,,,,0,0,,,,,,,,,,,,,
92.277,0.5000,0.5000,0.5000,0.5000,-18.47,61.63,0.562,,1,0,,,,,,19.58056,-5.28933,,,,,,
92.342,0.5000,0.5000,0.5000,0.5000,34.95,-74.13,0.573,,1,0,,,,,,18.94903,-5.41728,,,,,,
92.397,0.5000,0.5000,0.5000,0.5000,-1.75,-49.44,0.609,,1,0,,,,,,19.27212,-5.45942,,,,,,
92.447,0.5000,0.5000,0.5000,0.5000,-3.52,-48.91,0.495,,1,0,,,,,,20.41646,-5.31128,,,,,,
92.492,0.5000,0.5000,0.5000,0.5000,-3.53,-48.72,0.678,,1,0,,,,,,20.06425,-5.03561,,,,,,
92.554,0.5000,0.5000,0.5000,0.5000,-2.85,-47.61,0.678,,1,0,,,,,,19.22700,-4.71521,,,,,,
92.619,0.5000,0.5000,0.5000,0.5000,-2.63,-47.49,0.762,,1,0,,,,,,18.68017,-4.58466,,,,,,
92.687,0.5000,0.5000,0.5000,0.5000,-2.44,-48.10,0.879,,1,0,,,,,,18.20263,-4.44439,,,,,,
92.756,0.5000,0.5000,0.5000,0.5000,-2.17,-47.54,0.807,,1,0,,,,,,17.67262,-4.27665,,,,,,
92.812,0.5000,0.5000,0.5000,0.5000,-1.17,-47.74,0.818,,1,0,,,,,,17.59315,-4.18756,,,,,,
92.893,0.5000,0.5000,0.5000,0.5000,-0.33,-49.28,0.877,,1,0,,,,,,17.69672,-4.18944,,,,,,
92.950,0.5000,0.5000,0.5000,0.5000,-20.44,55.52,0.855,,1,0,,,,,,17.64889,-4.13134,,,,,,
92.994,0.5000,0.5000,0.5000,0.5000,38.85,-74.13,0.867,,1,0,,,,,,18.13910,-4.25426,,,,,,
93.051,0.5000,0.5000,0.5000,0.5000,-1.10,-50.78,0.890,,1,0,,,,,,17.93695,-4.27349,,,,,,
93.113,0.5000,0.5000,0.5000,0.5000,1.92,-51.85,0.887,,1,0,,,,,,16.57928,-4.48249,,,,,,
93.189,0.5000,0.5000,0.5000,0.5000,2.61,-51.90,0.913,,1,0,,,,,,16.14057,-4.44198,,,,,,
93.237,0.5000,0.5000,0.5000,0.5000,1.51,-51.06,0.924,,1,0,,,,,,16.13835,-4.61667,,,,,,
93.306,0.5000,0.5000,0.5000,0.5000,-0.95,-51.27,0.919,,1,0,,,,,,16.38960,-4.79457,,,,,,
93.359,0.5000,0.5000,0.5000,0.5000,33.00,-72.44,0.830,,1,0,,,,,,15.53520,-5.55337,,,,,,
93.415,0.5000,0.5000,0.5000,0.5000,30.85,-72.47,0.909,,1,0,,,,,,15.12443,-5.61592,,,,,,
93.479,0.5000,0.5000,0.5000,0.5000,27.51,-71.93,0.855,,1,0,,,,,,14.75244,-5.96150,,,,,,
93.544,0.5000,0.5000,0.5000,0.5000,24.47,-72.59,0.929,,1,0,,,,,,13.99226,-5.85002,,,,,,
93.618,0.5000,0.5000,0.5000,0.5000,20.39,-72.39,1.004,,1,0,,,,,,12.94016,-5.88893,,,,,,
93.671,0.5000,0.5000,0.5000,0.5000,-7.94,42.53,0.998,,1,0,,,,,,13.33866,-6.17964,,,,,,
93.747,0.5000,0.5000,0.5000,0.5000,-4.12,8.28,0.830,,1,0,,,,,,13.31464,-6.04481,,,,,,
93.807,0.5000,0.5000,0.5000,0.5000,-37.88,-18.12,0.806,,1,0,,,,,,14.14617,-6.24825,,,,,,
93.857,0.5000,0.5000,0.5000,0.5000,-4.52,38.28,0.782,,1,0,,,,,,14.65103,-6.26286,,,,,,
93.906,0.5000,0.5000,0.5000,0.5000,8.98,-43.17,0.822,,1,0,,,,,,15.03404,-6.24232,,,,,,
93.959,0.5000,0.5000,0.5000,0.5000,-3.55,38.13,0.767,,1,0,,,,,,15.21633,-6.21952,,,,,,
94.036,0.5000,0.5000,0.5000,0.5000,-7.48,-24.27,0.887,,1,0,,,,,,17.46919,-6.19152,,,,,,
94.100,0.5000,0.5000,0.5000,0.5000,80.89,-48.61,0.922,,1,0,,,,,,16.77496,-5.73188,,,,,,
94.162,0.5000,0.5000,0.5000,0.5000,8.17,-72.77,0.926,,1,0,,,,,,16.92641,-5.58803,,,,,,
94.233,0.5000,0.5000,0.5000,0.5000,9.55,-77.96,0.935,,1,0,,,,,,16.87146,-5.36594,,,,,,
94.270,0.5000,0.5000,0.5000,0.5000,-18.06,-34.51,1.010,,1,0,,,,,,19.36770,-5.39653,,,,,,
94.320,0.5000,0.5000,0.5000,0.5000,12.17,-80.78,1.018,,1,0,,,,,,18.26082,-4.94607,,,,,,
94.369,0.5000,0.5000,0.5000,0.5000,12.27,-80.18,0.999,,1,0,,,,,,18.33195,-4.79801,,,,,,
94.446,0.5000,0.5000,0.5000,0.5000,-2.00,-30.81,0.994,,1,0,,,,,,18.71117,-4.78670,,,,,,
94.520,0.5000,0.5000,0.5000,0.5000,40.06,73.89,1.070,,1,0,,,,,,19.27590,-4.67424,,,,,,
94.580,0.5000,0.5000,0.5000,0.5000,-25.89,65.59,1.160,,1,0,,,,,,19.34981,-4.61606,,,,,,
94.641,0.5000,0.5000,0.5000,0.5000,-87.68,66.90,1.100,,1,0,,,,,,18.95349,-4.48038,,,,,,
94.689,0.5000,0.5000,0.5000,0.5000,-16.00,75.33,1.151,,1,0,,,,,,18.91505,-4.52613,,,,,,
94.747,0.5000,0.5000,0.5000,0.5000,-77.81,66.63,1.129,,1,0,,,,,,19.12285,-4.56460,,,,,,
94.793,0.5000,0.5000,0.5000,0.5000,-26.95,65.72,1.126,,1,0,,,,,,19.10260,-4.57553,,,,,,
94.840,0.5000,0.5000,0.5000,0.5000,-76.12,66.22,1.072,,1,0,,,,,,19.04108,-4.52305,,,,,,
94.896,0.5000,0.5000,0.5000,0.5000,-15.18,72.52,1.107,,1,0,,,,,,19.13911,-4.56077,,,,,,
94.945,0.5000,0.5000,0.5000,0.5000,-26.87,65.62,1.080,,1,0,,,,,,18.99390,-4.53122,,,,,,
95.009,0.5000,0.5000,0.5000,0.5000,-28.24,65.82,1.100,,1,0,,,,,,19.21702,-4.65302,,,,,,
95.052,0.5000,0.5000,0.5000,0.5000,-79.16,66.99,1.123,,1,0,,,,,,19.10978,-4.66777,,,,,,
95.131,0.5000,0.5000,0.5000,0.5000,-78.21,66.06,1.180,,1,0,,,,,,19.06740,-4.77461,,,,,,
95.189,0.5000,0.5000,0.5000,0.5000,-17.70,72.54,1.130,,1,0,,,,,,18.51920,-4.89567,,,,,,
95.253,0.5000,0.5000,0.5000,0.5000,-17.79,72.79,1.105,,1,0,,,,,,18.69767,-5.01909,,,,,,
95.308,0.5000,0.5000,0.5000,0.5000,-17.58,72.71,1.108,,1,0,,,,,,18.36692,-4.95710,,,,,,
95.355,0.5000,0.5000,0.5000,0.5000,-17.40,73.00,1.052,,1,0,,,,,,18.69511,-5.08565,,,,,,
95.414,0.5000,0.5000,0.5000,0.5000,-11.19,-54.58,1.072,,1,0,,,,,,18.48826,-5.07620,,,,,,
95.477,0.5000,0.5000,0.5000,0.5000,-16.28,72.18,1.133,,1,0,,,,,,18.90176,-5.13386,,,,,,
95.540,0.5000,0.5000,0.5000,0.5000,-8.87,-55.36,1.139,,1,0,,,,,,18.98986,-5.14636,,,,,,
95.604,0.5000,0.5000,0.5000,0.5000,-21.43,74.63,1.137,,1,0,,,,,,19.06110,-5.16906,,,,,,
95.669,0.5000,0.5000,0.5000,0.5000,-8.45,-55.50,1.140,,1,0,,,,,,19.02897,-5.19662,,,,,,
95.742,0.5000,0.5000,0.5000,0.5000,-24.46,73.85,1.141,,1,0,,,,,,19.06018,-5.16686,,,,,,
95.802,0.5000,0.5000,0.5000,0.5000,40.33,-81.03,1.088,,1,0,,,,,,19.21185,-5.21893,,,,,,
95.869,0.5000,0.5000,0.5000,0.5000,-5.65,-42.04,0.763,,1,0,,,,,,20.30710,-5.57293,,,,,,
95.915,0.5000,0.5000,0.5000,0.5000,-3.90,-14.77,0.711,,1,0,,,,,,19.55966,-5.16549,,,,,,
95.958,0.5000,0.5000,0.5000,0.5000,26.18,-77.42,0.715,,1,0,,,,,,19.73755,-5.09536,,,,,,
96.023,0.5000,0.5000,0.5000,0.5000,33.16,-77.08,0.742,,1,0,,,,,,19.79594,-5.03202,,,,,,
96.077,0.5000,0.5000,0.5000,0.5000,31.53,-76.99,0.768,,1,0,,,,,,19.61394,-4.80166,,,,,,
96.146,0.5000,0.5000,0.5000,0.5000,-55.04,-45.48,0.826,,1,0,,,,,,20.22186,-4.82132,,,,,,
96.218,0.5000,0.5000,0.5000,0.5000,43.59,72.80,0.808,,1,0,,,,,,20.46490,-4.82358,,,,,,
96.274,0.5000,0.5000,0.5000,0.5000,-6.74,36.90,0.871,,1,0,,,,,,20.60161,-4.84363,,,,,,
96.332,0.5000,0.5000,0.5000,0.5000,38.96,73.70,0.678,,1,0,,,,,,19.47124,-4.55879,,,,,,
96.402,0.5000,0.5000,0.5000,0.5000,-75.69,65.97,0.775,,1,0,,,,,,18.84231,-4.43762,,,,,,
96.495,0.5000,0.5000,0.5000,0.5000,38.74,73.70,0.813,,1,0,,,,,,18.65940,-4.46380,,,,,,
96.574,0.5000,0.5000,0.5000,0.5000,-64.53,-25.67,0.518,,1,0,,,,,,18.13959,-4.49580,,,,,,
96.639,0.5000,0.5000,0.5000,0.5000,-16.93,59.10,0.510,,1,0,,,,,,17.64131,-4.26084,,,,,,
96.719,0.5000,0.5000,0.5000,0.5000,11.03,-69.61,0.562,,1,0,,,,,,16.05486,-4.26652,,,,,,
96.794,0.5000,0.5000,0.5000,0.5000,-19.42,15.80,0.541,,1,0,,,,,,15.92146,-4.25594,,,,,,
96.861,0.5000,0.5000,0.5000,0.5000,-71.85,66.50,0.485,,1,0,,,,,,15.29808,-4.48299,,,,,,
96.928,0.5000,0.5000,0.5000,0.5000,-77.09,66.77,0.490,,1,0,,,,,,15.07949,-4.47627,,,,,,
96.993,0.5000,0.5000,0.5000,0.5000,38.83,72.64,0.482,,1,0,,,,,,14.65677,-4.39741,,,,,,
97.060,0.5000,0.5000,0.5000,0.5000,22.33,44.81,0.407,,1,0,,,,,,14.94502,-4.45814,,,,,,
97.110,0.5000,0.5000,0.5000,0.5000,9.25,-66.12,0.543,,1,0,,,,,,14.45895,-4.64102,,,,,,
97.187,0.5000,0.5000,0.5000,0.5000,10.43,-65.78,0.583,,1,0,,,,,,15.02221,-4.81993,,,,,,
97.246,0.5000,0.5000,0.5000,0.5000,-10.01,-31.46,0.574,,1,0,,,,,,15.05118,-4.75488,,,,,,
97.284,0.5000,0.5000,0.5000,0.5000,10.80,-65.56,0.588,,1,0,,,,,,15.58060,-4.75155,,,,,,
97.340,0.5000,0.5000,0.5000,0.5000,20.44,-44.87,0.561,,1,0,,,,,,15.69033,-4.72406,,,,,,
97.385,0.5000,0.5000,0.5000,0.5000,10.96,-65.11,0.593,,1,0,,,,,,15.68021,-4.65391,,,,,,
97.437,0.5000,0.5000,0.5000,0.5000,-12.53,-28.93,0.615,,1,0,,,,,,15.85723,-4.61372,,,,,,
97.502,0.5000,0.5000,0.5000,0.5000,-41.73,-45.86,0.639,,1,0,,,,,,15.91167,-4.49950,,,,,,
97.560,0.5000,0.5000,0.5000,0.5000,-3.66,25.43,0.699,,1,0,,,,,,16.39113,-4.42671,,,,,,
97.622,0.5000,0.5000,0.5000,0.5000,10.39,-66.21,0.666,,1,0,,,,,,16.20284,-4.29004,,,,,,
97.685,0.5000,0.5000,0.5000,0.5000,11.68,-66.72,0.702,,1,0,,,,,,16.14023,-4.23174,,,,,,
97.752,0.5000,0.5000,0.5000,0.5000,-26.02,-42.99,0.680,,1,0,,,,,,15.85450,-4.13165,,,,,,
97.820,0.5000,0.5000,0.5000,0.5000,-10.28,-47.76,0.679,,1,0,,,,,,15.77514,-4.15495,,,,,,
97.881,0.5000,0.5000,0.5000,0.5000,-4.07,22.82,0.679,,1,0,,,,,,15.84804,-4.18055,,,,,,
97.939,0.5000,0.5000,0.5000,0.5000,-4.10,23.53,0.667,,1,0,,,,,,15.79472,-4.20788,,,,,,
98.003,0.5000,0.5000,0.5000,0.5000,6.16,1.86,0.717,,1,0,,,,,,15.95609,-4.31587,,,,,,
98.075,0.5000,0.5000,0.5000,0.5000,-3.22,-31.12,0.694,,1,0,,,,,,15.81844,-4.35350,,,,,,
98.130,0.5000,0.5000,0.5000,0.5000,-2.85,-10.57,0.671,,1,0,,,,,,15.74639,-4.48440,,,,,,
98.194,0.5000,0.5000,0.5000,0.5000,54.10,-30.94,0.661,,1,0,,,,,,15.68189,-4.51528,,,,,,
98.274,0.5000,0.5000,0.5000,0.5000,-3.81,23.39,0.653,,1,0,,,,,,15.60286,-4.56823,,,,,,
98.341,0.5000,0.5000,0.5000,0.5000,-4.17,25.58,0.670,,1,0,,,,,,15.80039,-4.73976,,,,,,
98.413,0.5000,0.5000,0.5000,0.5000,-4.56,24.21,0.662,,1,0,,,,,,15.76386,-4.71179,,,,,,
98.483,0.5000,0.5000,0.5000,0.5000,-3.94,-24.71,0.345,,1,0,,,,,,16.41335,-4.80662,,,,,,
98.539,0.5000,0.5000,0.5000,0.5000,-79.13,66.22,0.329,,1,0,,,,,,17.20179,-5.10918,,,,,,
98.607,0.5000,0.5000,0.5000,0.5000,12.83,-67.66,0.415,,1,0,,,,,,16.67289,-5.04625,,,,,,
98.677,0.5000,0.5000,0.5000,0.5000,-2.69,-29.50,0.622,,1,0,,,,,,16.45132,-4.96608,,,,,,
98.750,0.5000,0.5000,0.5000,0.5000,-8.79,-6.81,0.655,,1,0,,,,,,16.72881,-5.13494,,,,,,
98.818,0.5000,0.5000,0.5000,0.5000,-5.30,30.14,0.736,,1,0,,,,,,17.10960,-5.23407,,,,,,
98.886,0.5000,0.5000,0.5000,0.5000,-3.90,-28.48,0.710,,1,0,,,,,,16.95642,-5.25007,,,,,,
98.953,0.5000,0.5000,0.5000,0.5000,18.00,-70.52,0.750,,1,0,,,,,,17.77551,-5.32861,,,,,,
99.009,0.5000,0.5000,0.5000,0.5000,19.36,-70.69,0.750,,1,0,,,,,,17.80709,-5.31699,,,,,,
99.065,0.5000,0.5000,0.5000,0.5000,-6.02,33.29,0.749,,1,0,,,,,,18.27287,-5.26446,,,,,,
99.140,0.5000,0.5000,0.5000,0.5000,63.63,-35.89,0.749,,1,0,,,,,,17.86595,-5.04143,,,,,,
99.212,0.5000,0.5000,0.5000,0.5000,-1.10,-51.56,0.695,,1,0,,,,,,18.04479,-4.68555,,,,,,
99.266,0.5000,0.5000,0.5000,0.5000,-79.89,66.71,0.678,,1,0,,,,,,17.77016,-4.65251,,,,,,
99.334,0.5000,0.5000,0.5000,0.5000,39.99,73.29,0.704,,1,0,,,,,,17.76110,-4.55884,,,,,,
99.403,0.5000,0.5000,0.5000,0.5000,-81.78,67.32,0.702,,1,0,,,,,,18.05998,-4.53006,,,,,,
99.462,0.5000,0.5000,0.5000,0.5000,43.00,72.80,0.724,,1,0,,,,,,18.01240,-4.53500,,,,,,
99.504,0.5000,0.5000,0.5000,0.5000,-27.10,66.01,0.730,,1,0,,,,,,18.17716,-4.57145,,,,,,
99.570,0.5000,0.5000,0.5000,0.5000,40.07,73.58,0.729,,1,0,,,,,,18.48039,-4.56522,,,,,,
99.639,0.5000,0.5000,0.5000,0.5000,61.83,-54.29,0.706,,1,0,,,,,,18.21755,-4.52649,,,,,,
99.692,0.5000,0.5000,0.5000,0.5000,5.67,-52.67,0.725,,1,0,,,,,,18.08064,-4.52234,,,,,,
99.736,0.5000,0.5000,0.5000,0.5000,6.74,-35.67,0.727,,1,0,,,,,,18.06968,-4.53601,,,,,,
99.801,0.5000,0.5000,0.5000,0.5000,-4.74,-24.33,0.735,,1,0,,,,,,17.81323,-4.48742,,,,,,
99.879,0.5000,0.5000,0.5000,0.5000,18.55,-70.18,0.728,,1,0,,,,,,17.57850,-4.45750,,,,,,
99.936,0.5000,0.5000,0.5000,0.5000,-8.66,-29.01,0.736,,1,0,,,,,,17.29624,-4.42895,,,,,,
99.991,0.5000,0.5000,0.5000,0.5000,18.18,-69.13,0.714,,1,0,,,,,,17.32385,-4.45699,,,,,,
100.069,0.5000,0.5000,0.5000,0.5000,0.93,-25.71,0.672,,1,0,,,,,,17.38163,-4.57517,,,,,,
100.124,0.5000,0.5000,0.5000,0.5000,-37.01,-53.94,0.668,,1,0,,,,,,17.35235,-4.57433,,,,,,
100.194,0.5000,0.5000,0.5000,0.5000,-1.89,-67.52,0.689,,1,0,,,,,,17.11550,-4.56161,,,,,,
100.258,0.5000,0.5000,0.5000,0.5000,18.41,-72.19,0.953,,1,0,,,,,,17.12821,-4.75207,,,,,,
100.334,0.5000,0.5000,0.5000,0.5000,-5.86,-39.40,0.971,,1,0,,,,,,17.47825,-4.93539,,,,,,
100.379,0.5000,0.5000,0.5000,0.5000,2.71,-29.18,1.084,,1,0,,,,,,17.49900,-5.06262,,,,,,
100.444,0.5000,0.5000,0.5000,0.5000,28.67,-74.49,0.999,,1,0,,,,,,18.03439,-5.21627,,,,,,
100.519,0.5000,0.5000,0.5000,0.5000,-68.27,-43.54,0.976,,1,0,,,,,,17.99522,-5.23562,,,,,,
100.571,0.5000,0.5000,0.5000,0.5000,-4.64,43.92,0.959,,1,0,,,,,,17.93039,-5.17734,,,,,,
100.641,0.5000,0.5000,0.5000,0.5000,6.67,-55.69,0.956,,1,0,,,,,,17.93729,-5.19932,,,,,,
100.719,0.5000,0.5000,0.5000,0.5000,1.29,-43.22,0.954,,1,0,,,,,,18.03552,-5.16256,,,,,,
100.780,0.5000,0.5000,0.5000,0.5000,7.01,-51.00,0.920,,1,0,,,,,,18.08312,-5.12242,,,,,,
100.835,0.5000,0.5000,0.5000,0.5000,36.31,73.90,0.928,,1,0,,,,,,18.26523,-5.17813,,,,,,
100.896,0.5000,0.5000,0.5000,0.5000,40.60,73.14,0.948,,1,0,,,,,,17.76421,-5.06727,,,,,,
100.955,0.5000,0.5000,0.5000,0.5000,-5.05,35.36,0.934,,1,0,,,,,,17.70158,-5.06820,,,,,,
101.027,0.5000,0.5000,0.5000,0.5000,37.39,73.75,0.971,,1,0,,,,,,17.73092,-5.13517,,,,,,
101.077,0.5000,0.5000,0.5000,0.5000,40.30,73.21,0.969,,1,0,,,,,,17.72603,-5.11197,,,,,,
101.137,0.5000,0.5000,0.5000,0.5000,37.89,73.65,0.943,,1,0,,,,,,17.79334,-5.13771,,,,,,
101.208,0.5000,0.5000,0.5000,0.5000,0.90,-23.33,0.950,,1,0,,,,,,17.63522,-5.11384,,,,,,
101.265,0.5000,0.5000,0.5000,0.5000,13.41,-74.20,0.889,,1,0,,,,,,17.90389,-5.11634,,,,,,
101.336,0.5000,0.5000,0.5000,0.5000,14.18,-74.38,0.915,,1,0,,,,,,17.87393,-5.07888,,,,,,
101.398,0.5000,0.5000,0.5000,0.5000,13.85,-74.06,0.898,,1,0,,,,,,17.92156,-5.09612,,,,,,
101.455,0.5000,0.5000,0.5000,0.5000,14.31,-74.05,0.900,,1,0,,,,,,17.90777,-5.09389,,,,,,
101.524,0.5000,0.5000,0.5000,0.5000,-5.66,36.79,0.905,,1,0,,,,,,17.94132,-5.10762,,,,,,
101.600,0.5000,0.5000,0.5000,0.5000,14.82,-74.22,0.915,,1,0,,,,,,17.93114,-5.10465,,,,,,
101.660,0.5000,0.5000,0.5000,0.5000,3.05,-31.39,0.891,,1,0,,,,,,17.92522,-5.07035,,,,,,
101.731,0.5000,0.5000,0.5000,0.5000,-3.14,-20.33,0.917,,1,0,,,,,,17.96352,-5.07529,,,,,,
101.787,0.5000,0.5000,0.5000,0.5000,14.78,-74.55,0.931,,1,0,,,,,,17.90639,-5.08648,,,,,,
101.841,0.5000,0.5000,0.5000,0.5000,15.36,-74.75,0.963,,1,0,,,,,,18.04360,-5.13142,,,,,,
101.888,0.5000,0.5000,0.5000,0.5000,14.79,-74.49,0.977,,1,0,,,,,,18.02958,-5.11458,,,,,,
101.934,0.5000,0.5000,0.5000,0.5000,-2.40,-40.85,0.952,,1,0,,,,,,18.06372,-5.14610,,,,,,
101.993,0.5000,0.5000,0.5000,0.5000,-3.97,-21.83,0.960,,1,0,,,,,,18.02713,-5.13236,,,,,,
102.058,0.5000,0.5000,0.5000,0.5000,40.02,73.32,0.938,,1,0,,,,,,17.93774,-5.13917,,,,,,
102.110,0.5000,0.5000,0.5000,0.5000,39.24,73.46,0.891,,1,0,,,,,,17.79045,-5.09757,,,,,,
102.160,0.5000,0.5000,0.5000,0.5000,40.56,73.39,0.834,,1,0,,,,,,18.23127,-5.13021,,,,,,
102.228,0.5000,0.5000,0.5000,0.5000,-7.62,9.60,0.825,,1,0,,,,,,18.02866,-5.03547,,,,,,
102.283,0.5000,0.5000,0.5000,0.5000,12.83,26.53,0.787,,1,0,,,,,,18.51430,-5.07351,,,,,,
102.359,0.5000,0.5000,0.5000,0.5000,-86.24,-81.61,0.797,,1,0,,,,,,17.91937,-4.93531,,,,,,
102.430,0.5000,0.5000,0.5000,0.5000,30.73,-23.15,0.765,,1,0,,,,,,17.67280,-4.65561,,,,,,
102.486,0.5000,0.5000,0.5000,0.5000,41.73,73.03,0.763,,1,0,,,,,,17.86020,-4.60247,,,,,,
102.527,0.5000,0.5000,0.5000,0.5000,10.22,-74.27,0.769,,1,0,,,,,,17.85614,-4.54470,,,,,,
102.609,0.5000,0.5000,0.5000,0.5000,10.48,-74.38,0.765,,1,0,,,,,,17.91535,-4.56613,,,,,,
102.671,0.5000,0.5000,0.5000,0.5000,10.59,-73.52,0.725,,1,0,,,,,,17.99789,-4.39845,,,,,,
102.728,0.5000,0.5000,0.5000,0.5000,9.24,-73.53,0.729,,1,0,,,,,,18.10442,-4.40699,,,,,,
102.783,0.5000,0.5000,0.5000,0.5000,-65.02,-63.17,0.745,,1,0,,,,,,18.20265,-4.39466,,,,,,
102.838,0.5000,0.5000,0.5000,0.5000,7.80,-73.41,0.715,,1,0,,,,,,18.16541,-4.38702,,,,,,
102.898,0.5000,0.5000,0.5000,0.5000,5.98,-33.14,0.711,,1,0,,,,,,18.38701,-4.41325,,,,,,
102.954,0.5000,0.5000,0.5000,0.5000,8.56,-74.38,0.732,,1,0,,,,,,18.58766,-4.47492,,,,,,
103.014,0.5000,0.5000,0.5000,0.5000,-2.80,-47.00,0.712,,1,0,,,,,,18.10409,-4.30767,,,,,,
103.079,0.5000,0.5000,0.5000,0.5000,0.48,-43.75,0.713,,1,0,,,,,,18.40094,-4.33994,,,,,,
103.137,0.5000,0.5000,0.5000,0.5000,3.82,-49.46,0.703,,1,0,,,,,,18.40681,-4.34137,,,,,,
103.193,0.5000,0.5000,0.5000,0.5000,10.35,-24.66,0.833,,1,0,,,,,,18.00376,-4.26033,,,,,,
103.261,0.5000,0.5000,0.5000,0.5000,-12.00,-36.67,0.898,,1,0,,,,,,17.75081,-4.23293,,,,,,
103.335,0.5000,0.5000,0.5000,0.5000,4.75,-34.90,0.933,,1,0,,,,,,17.80409,-4.26668,,,,,,
103.388,0.5000,0.5000,0.5000,0.5000,-4.72,-40.68,0.959,,1,0,,,,,,17.52348,-4.22238,,,,,,
103.454,0.5000,0.5000,0.5000,0.5000,10.24,-73.44,0.998,,1,0,,,,,,17.76685,-4.26946,,,,,,
103.517,0.5000,0.5000,0.5000,0.5000,-7.31,-29.34,1.055,,1,0,,,,,,17.39897,-4.24961,,,,,,
103.577,0.5000,0.5000,0.5000,0.5000,11.49,-73.66,1.031,,1,0,,,,,,17.56926,-4.31879,,,,,,
103.627,0.5000,0.5000,0.5000,0.5000,11.44,-73.93,1.026,,1,0,,,,,,17.76965,-4.39997,,,,,,
103.691,0.5000,0.5000,0.5000,0.5000,6.83,-55.07,1.040,,1,0,,,,,,17.57751,-4.40150,,,,,,
103.770,0.5000,0.5000,0.5000,0.5000,-19.54,-33.45,1.063,,1,0,,,,,,17.62181,-4.41840,,,,,,
103.823,0.5000,0.5000,0.5000,0.5000,13.07,-74.55,1.055,,1,0,,,,,,17.74240,-4.46546,,,,,,
103.890,0.5000,0.5000,0.5000,0.5000,11.91,-75.58,1.060,,1,0,,,,,,17.73083,-4.46539,,,,,,
103.955,0.5000,0.5000,0.5000,0.5000,-20.04,-47.87,1.070,,1,0,,,,,,17.80118,-4.49411,,,,,,
104.010,0.5000,0.5000,0.5000,0.5000,-10.93,-3.09,1.082,,1,0,,,,,,17.39450,-4.53714,,,,,,
104.070,0.5000,0.5000,0.5000,0.5000,-67.73,-42.53,1.016,,1,0,,,,,,17.59457,-4.58460,,,,,,
104.133,0.5000,0.5000,0.5000,0.5000,-2.94,-24.79,0.966,,1,0,,,,,,17.54287,-4.54048,,,,,,
104.191,0.5000,0.5000,0.5000,0.5000,14.62,-76.41,1.078,,1,0,,,,,,17.57099,-4.54428,,,,,,
104.267,0.5000,0.5000,0.5000,0.5000,14.23,-75.68,1.029,,1,0,,,,,,17.63429,-4.54495,,,,,,
104.313,0.5000,0.5000,0.5000,0.5000,14.01,-75.75,1.033,,1,0,,,,,,17.54969,-4.52191,,,,,,
104.364,0.5000,0.5000,0.5000,0.5000,8.58,-44.10,1.041,,1,0,,,,,,17.54006,-4.52099,,,,,,
104.412,0.5000,0.5000,0.5000,0.5000,3.85,-80.81,1.045,,1,0,,,,,,17.54213,-4.51994,,,,,,
104.481,0.5000,0.5000,0.5000,0.5000,-4.78,-31.70,1.000,,1,0,,,,,,17.59886,-4.49136,,,,,,
104.535,0.5000,0.5000,0.5000,0.5000,-5.56,-28.21,1.033,,1,0,,,,,,17.64934,-4.50591,,,,,,
104.593,0.5000,0.5000,0.5000,0.5000,-17.18,2.42,1.041,,1,0,,,,,,17.67441,-4.51213,,,,,,
104.656,0.5000,0.5000,0.5000,0.5000,-5.50,37.27,1.071,,1,0,,,,,,17.58583,-4.49898,,,,,,
104.693,0.5000,0.5000,0.5000,0.5000,8.09,4.50,0.994,,1,0,,,,,,17.73083,-4.49336,,,,,,
104.758,0.5000,0.5000,0.5000,0.5000,-19.62,-40.54,1.030,,1,0,,,,,,17.80182,-4.47847,,,,,,
104.826,0.5000,0.5000,0.5000,0.5000,9.74,-40.85,1.033,,1,0,,,,,,17.95336,-4.53930,,,,,,
104.889,0.5000,0.5000,0.5000,0.5000,-60.89,-30.34,1.017,,1,0,,,,,,17.95831,-4.51096,,,,,,
104.944,0.5000,0.5000,0.5000,0.5000,33.28,-10.70,1.021,,1,0,,,,,,17.88324,-4.50302,,,,,,
105.001,0.5000,0.5000,0.5000,0.5000,-5.02,5.15,1.040,,1,0,,,,,,17.80214,-4.51492,,,,,,
105.055,0.5000,0.5000,0.5000,0.5000,-12.88,5.17,1.020,,1,0,,,,,,17.58047,-4.48602,,,,,,
105.098,0.5000,0.5000,0.5000,0.5000,-9.67,-6.81,1.051,,1,0,,,,,,17.64059,-4.51094,,,,,,
105.150,0.5000,0.5000,0.5000,0.5000,-3.30,-32.82,1.049,,1,0,,,,,,17.48522,-4.51082,,,,,,
105.218,0.5000,0.5000,0.5000,0.5000,-4.23,-33.01,1.027,,1,0,,,,,,17.43741,-4.52377,,,,,,
105.302,0.5000,0.5000,0.5000,0.5000,4.92,-39.61,0.997,,1,0,,,,,,17.68761,-4.56034,,,,,,
105.369,0.5000,0.5000,0.5000,0.5000,-15.79,-37.74,0.999,,1,0,,,,,,17.57127,-4.49997,,,,,,
105.436,0.5000,0.5000,0.5000,0.5000,-4.61,34.47,0.966,,1,0,,,,,,17.73932,-4.47658,,,,,,
105.506,0.5000,0.5000,0.5000,0.5000,10.53,-18.07,0.973,,1,0,,,,,,17.77589,-4.45159,,,,,,
105.586,0.5000,0.5000,0.5000,0.5000,12.48,-74.96,1.026,,1,0,,,,,,17.64837,-4.42632,,,,,,
105.659,0.5000,0.5000,0.5000,0.5000,-7.77,-43.35,1.026,,1,0,,,,,,17.69383,-4.45781,,,,,,
105.720,0.5000,0.5000,0.5000,0.5000,10.78,-74.23,0.976,,1,0,,,,,,17.42749,-4.44074,,,,,,
105.763,0.5000,0.5000,0.5000,0.5000,-9.07,-29.91,1.002,,1,0,,,,,,17.26234,-4.45634,,,,,,
105.833,0.5000,0.5000,0.5000,0.5000,-7.60,-29.61,0.967,,1,0,,,,,,17.27297,-4.47429,,,,,,
105.909,0.5000,0.5000,0.5000,0.5000,9.25,-73.43,0.929,,1,0,,,,,,17.09483,-4.46474,,,,,,
105.967,0.5000,0.5000,0.5000,0.5000,-10.21,-22.81,0.843,,1,0,,,,,,16.56109,-4.33404,,,,,,
106.029,0.5000,0.5000,0.5000,0.5000,-86.18,-80.40,0.895,,1,0,,,,,,16.52057,-4.33766,,,,,,
106.099,0.5000,0.5000,0.5000,0.5000,-13.06,-36.33,0.880,,1,0,,,,,,16.72377,-4.36379,,,,,,
106.184,0.5000,0.5000,0.5000,0.5000,47.68,0.95,0.787,,1,0,,,,,,16.67685,-4.26031,,,,,,
106.247,0.5000,0.5000,0.5000,0.5000,37.67,-8.77,0.817,,1,0,,,,,,16.27516,-4.13224,,,,,,
106.303,0.5000,0.5000,0.5000,0.5000,-5.84,-31.04,0.809,,1,0,,,,,,16.18519,-4.06279,,,,,,
106.360,0.5000,0.5000,0.5000,0.5000,2.92,-71.03,0.858,,1,0,,,,,,16.61044,-3.98680,,,,,,
106.416,0.5000,0.5000,0.5000,0.5000,-14.68,-41.22,0.854,,1,0,,,,,,16.33032,-3.87728,,,,,,
106.467,0.5000,0.5000,0.5000,0.5000,-2.30,-67.53,0.830,,1,0,,,,,,16.70799,-3.93091,,,,,,
106.527,0.5000,0.5000,0.5000,0.5000,8.08,-3.82,0.441,,1,0,,,,,,17.01448,-3.84982,,,,,,
106.600,0.5000,0.5000,0.5000,0.5000,1.91,-72.81,0.438,,1,0,,,,,,16.95957,-3.68692,,,,,,
106.670,0.5000,0.5000,0.5000,0.5000,3.25,-73.95,0.505,,1,0,,,,,,16.57581,-3.46802,,,,,,
106.733,0.5000,0.5000,0.5000,0.5000,2.31,-73.24,0.498,,1,0,,,,,,16.44808,-3.40468,,,,,,
106.806,0.5000,0.5000,0.5000,0.5000,1.69,-72.93,0.508,,1,0,,,,,,16.46265,-3.39519,,,,,,
106.880,0.5000,0.5000,0.5000,0.5000,-76.87,65.77,0.509,,1,0,,,,,,16.36054,-3.37753,,,,,,
106.944,0.5000,0.5000,0.5000,0.5000,-29.12,66.79,0.567,,1,0,,,,,,16.39733,-3.33277,,,,,,
106.997,0.5000,0.5000,0.5000,0.5000,2.50,-73.10,0.554,,1,0,,,,,,16.42636,-3.24542,,,,,,
107.083,0.5000,0.5000,0.5000,0.5000,2.09,-73.16,0.580,,1,0,,,,,,16.37325,-3.26862,,,,,,
107.155,0.5000,0.5000,0.5000,0.5000,37.50,73.47,0.564,,1,0,,,,,,16.57910,-3.29862,,,,,,
107.222,0.5000,0.5000,0.5000,0.5000,28.66,26.61,0.591,,1,0,,,,,,16.62313,-3.29359,,,,,,
107.310,0.5000,0.5000,0.5000,0.5000,19.94,-15.40,0.588,,1,0,,,,,,16.89104,-3.32345,,,,,,
107.356,0.5000,0.5000,0.5000,0.5000,-46.70,-53.65,0.582,,1,0,,,,,,16.89130,-3.32544,,,,,,
107.418,0.5000,0.5000,0.5000,0.5000,-16.02,-41.68,0.562,,1,0,,,,,,16.61378,-3.28643,,,,,,
107.486,0.5000,0.5000,0.5000,0.5000,1.18,-73.03,0.565,,1,0,,,,,,16.89790,-3.36614,,,,,,
107.547,0.5000,0.5000,0.5000,0.5000,1.95,-72.72,0.622,,1,0,,,,,,16.57299,-3.35738,,,,,,
107.595,0.5000,0.5000,0.5000,0.5000,2.76,-72.93,0.652,,1,0,,,,,,16.56259,-3.42883,,,,,,
107.649,0.5000,0.5000,0.5000,0.5000,2.20,-72.86,0.707,,1,0,,,,,,16.49368,-3.44701,,,,,,
107.702,0.5000,0.5000,0.5000,0.5000,-0.84,31.56,0.702,,1,0,,,,,,16.70196,-3.49611,,,,,,
107.781,0.5000,0.5000,0.5000,0.5000,2.54,-72.74,0.682,,1,0,,,,,,16.47461,-3.49359,,,,,,
107.867,0.5000,0.5000,0.5000,0.5000,-26.28,66.34,0.889,,1,0,,,,,,16.52899,-3.71879,,,,,,
107.926,0.5000,0.5000,0.5000,0.5000,79.82,-46.10,0.874,,1,0,,,,,,16.39552,-3.76542,,,,,,
107.991,0.5000,0.5000,0.5000,0.5000,-4.35,14.51,0.844,,1,0,,,,,,16.10942,-3.79570,,,,,,
108.039,0.5000,0.5000,0.5000,0.5000,-5.78,-27.76,0.839,,1,0,,,,,,15.87621,-3.74000,,,,,,
108.097,0.5000,0.5000,0.5000,0.5000,9.58,-36.02,0.841,,1,0,,,,,,15.79029,-3.80804,,,,,,
108.159,0.5000,0.5000,0.5000,0.5000,-3.49,20.41,0.821,,1,0,,,,,,15.87775,-3.82237,,,,,,
108.235,0.5000,0.5000,0.5000,0.5000,-4.03,20.92,0.796,,1,0,,,,,,15.97661,-3.83124,,,,,,
108.309,0.5000,0.5000,0.5000,0.5000,-4.13,20.03,0.803,,1,0,,,,,,16.01219,-3.78818,,,,,,
108.379,0.5000,0.5000,0.5000,0.5000,-4.68,14.37,0.793,,1,0,,,,,,16.00195,-3.77521,,,,,,
108.453,0.5000,0.5000,0.5000,0.5000,4.42,-67.68,0.795,,1,0,,,,,,15.96988,-3.76312,,,,,,
108.515,0.5000,0.5000,0.5000,0.5000,-1.03,16.11,0.792,,1,0,,,,,,15.99779,-3.76589,,,,,,
108.587,0.5000,0.5000,0.5000,0.5000,-2.44,10.35,0.780,,1,0,,,,,,16.08208,-3.78659,,,,,,
108.665,0.5000,0.5000,0.5000,0.5000,4.45,-67.39,0.794,,1,0,,,,,,15.94829,-3.75642,,,,,,
108.746,0.5000,0.5000,0.5000,0.5000,-3.47,18.76,0.795,,1,0,,,,,,15.93298,-3.75719,,,,,,
108.809,0.5000,0.5000,0.5000,0.5000,-4.45,17.98,0.797,,1,0,,,,,,15.90187,-3.75442,,,,,,
108.855,0.5000,0.5000,0.5000,0.5000,1.10,-28.93,0.790,,1,0,,,,,,15.95115,-3.76525,,,,,,
108.901,0.5000,0.5000,0.5000,0.5000,-12.08,-37.47,0.798,,1,0,,,,,,15.96055,-3.77435,,,,,,
108.942,0.5000,0.5000,0.5000,0.5000,5.45,-68.03,0.788,,1,0,,,,,,15.93939,-3.75577,,,,,,
108.999,0.5000,0.5000,0.5000,0.5000,4.55,-68.33,0.785,,1,0,,,,,,15.93377,-3.76354,,,,,,
109.048,0.5000,0.5000,0.5000,0.5000,-43.15,-44.85,0.807,,1,0,,,,,,15.91259,-3.76236,,,,,,
109.112,0.5000,0.5000,0.5000,0.5000,5.28,-58.74,0.805,,1,0,,,,,,15.86500,-3.72677,,,,,,
109.179,0.5000,0.5000,0.5000,0.5000,3.96,-68.34,0.782,,1,0,,,,,,15.90212,-3.71619,,,,,,
109.241,0.5000,0.5000,0.5000,0.5000,6.15,-55.18,0.795,,1,0,,,,,,16.22094,-3.74755,,,,,,
109.311,0.5000,0.5000,0.5000,0.5000,-3.24,23.28,0.826,,1,0,,,,,,16.27258,-3.71675,,,,,,
109.359,0.5000,0.5000,0.5000,0.5000,-3.97,-47.01,0.825,,1,0,,,,,,16.35716,-3.67636,,,,,,
109.435,0.5000,0.5000,0.5000,0.5000,0.98,24.06,0.801,,1,0,,,,,,16.32600,-3.65289,,,,,,
109.510,0.5000,0.5000,0.5000,0.5000,-4.74,-22.70,0.814,,1,0,,,,,,16.42041,-3.65422,,,,,,
109.581,0.5000,0.5000,0.5000,0.5000,5.85,-1.03,0.825,,1,0,,,,,,16.35748,-3.63442,,,,,,
109.641,0.5000,0.5000,0.5000,0.5000,6.73,-69.87,0.809,,1,0,,,,,,16.27945,-3.64913,,,,,,
109.701,0.5000,0.5000,0.5000,0.5000,6.39,-69.19,0.768,,1,0,,,,,,16.26379,-3.64231,,,,,,
109.764,0.5000,0.5000,0.5000,0.5000,-14.04,-40.46,0.788,,1,0,,,,,,16.40643,-3.71280,,,,,,
109.832,0.5000,0.5000,0.5000,0.5000,-4.27,24.83,0.786,,1,0,,,,,,16.38696,-3.70154,,,,,,
109.902,0.5000,0.5000,0.5000,0.5000,-15.28,-69.39,0.507,,1,0,,,,,,17.66296,-3.54774,,,,,,
109.967,0.5000,0.5000,0.5000,0.5000,18.63,-14.51,0.425,,1,0,,,,,,17.17000,-3.42232,,,,,,
110.023,0.5000,0.5000,0.5000,0.5000,-10.12,-36.41,0.394,,1,0,,,,,,16.99317,-3.37830,,,,,,
110.099,0.5000,0.5000,0.5000,0.5000,-77.63,67.24,0.438,,1,0,,,,,,17.08653,-3.34288,,,,,,
110.165,0.5000,0.5000,0.5000,0.5000,-33.89,36.89,0.449,,1,0,,,,,,16.80269,-3.27127,,,,,,
110.223,0.5000,0.5000,0.5000,0.5000,5.38,-1.79,0.423,,1,0,,,,,,16.82065,-3.24792,,,,,,
110.286,0.5000,0.5000,0.5000,0.5000,7.81,-72.77,0.453,,1,0,,,,,,16.87635,-3.27509,,,,,,
110.357,0.5000,0.5000,0.5000,0.5000,-23.45,-52.74,0.554,,1,0,,,,,,16.94052,-3.42039,,,,,,
110.424,0.5000,0.5000,0.5000,0.5000,30.03,-19.70,0.749,,1,0,,,,,,16.64630,-3.53611,,,,,,
110.480,0.5000,0.5000,0.5000,0.5000,-2.85,21.80,0.811,,1,0,,,,,,16.20202,-3.54453,,,,,,
110.527,0.5000,0.5000,0.5000,0.5000,-41.42,-47.09,0.744,,1,0,,,,,,15.05093,-3.74422,,,,,,
110.585,0.5000,0.5000,0.5000,0.5000,9.98,-65.00,0.688,,1,0,,,,,,15.30131,-3.83657,,,,,,
110.645,0.5000,0.5000,0.5000,0.5000,9.79,-64.49,0.682,,1,0,,,,,,14.99251,-3.85574,,,,,,
110.711,0.5000,0.5000,0.5000,0.5000,9.85,-64.67,0.692,,1,0,,,,,,14.99686,-3.87794,,,,,,
110.772,0.5000,0.5000,0.5000,0.5000,11.02,-65.53,0.698,,1,0,,,,,,15.19398,-3.94309,,,,,,
110.849,0.5000,0.5000,0.5000,0.5000,10.94,-65.18,0.688,,1,0,,,,,,15.29553,-3.94908,,,,,,
110.905,0.5000,0.5000,0.5000,0.5000,10.44,-64.98,0.692,,1,0,,,,,,15.10036,-3.89878,,,,,,
110.952,0.5000,0.5000,0.5000,0.5000,10.77,-65.24,0.672,,1,0,,,,,,15.28504,-3.94985,,,,,,
111.009,0.5000,0.5000,0.5000,0.5000,10.58,-65.12,0.675,,1,0,,,,,,15.33445,-3.95150,,,,,,
111.075,0.5000,0.5000,0.5000,0.5000,10.45,-64.80,0.671,,1,0,,,,,,15.27793,-3.93115,,,,,,
111.146,0.5000,0.5000,0.5000,0.5000,11.22,-65.34,0.672,,1,0,,,,,,15.38079,-3.95116,,,,,,
111.218,0.5000,0.5000,0.5000,0.5000,49.81,-49.09,0.833,,1,0,,,,,,16.05103,-4.14734,,,,,,
111.285,0.5000,0.5000,0.5000,0.5000,13.90,-58.01,0.863,,1,0,,,,,,16.64111,-4.22731,,,,,,
111.365,0.5000,0.5000,0.5000,0.5000,-17.71,-22.91,0.929,,1,0,,,,,,17.17318,-4.30621,,,,,,
111.440,0.5000,0.5000,0.5000,0.5000,-3.89,-30.98,0.917,,1,0,,,,,,17.11745,-4.25921,,,,,,
111.511,0.5000,0.5000,0.5000,0.5000,37.31,73.71,0.909,,1,0,,,,,,17.26898,-4.28777,,,,,,
111.586,0.5000,0.5000,0.5000,0.5000,-77.86,66.79,0.861,,1,0,,,,,,17.70225,-4.25916,,,,,,
111.646,0.5000,0.5000,0.5000,0.5000,-77.92,65.91,0.798,,1,0,,,,,,17.80455,-4.25079,,,,,,
111.719,0.5000,0.5000,0.5000,0.5000,0.62,-30.61,0.786,,1,0,,,,,,18.09256,-4.24214,,,,,,
111.784,0.5000,0.5000,0.5000,0.5000,0.20,-19.44,0.804,,1,0,,,,,,18.04125,-4.24056,,,,,,
111.844,0.5000,0.5000,0.5000,0.5000,6.77,-3.79,0.786,,1,0,,,,,,17.81185,-4.17846,,,,,,
111.910,0.5000,0.5000,0.5000,0.5000,-6.03,26.34,0.786,,1,0,,,,,,17.47706,-4.12992,,,,,,
111.969,0.5000,0.5000,0.5000,0.5000,17.89,-69.85,0.786,,1,0,,,,,,17.31244,-4.11084,,,,,,
112.025,0.5000,0.5000,0.5000,0.5000,17.52,-69.81,0.764,,1,0,,,,,,17.46949,-4.20398,,,,,,
112.103,0.5000,0.5000,0.5000,0.5000,17.76,-64.53,0.769,,1,0,,,,,,17.30241,-4.18956,,,,,,
112.164,0.5000,0.5000,0.5000,0.5000,3.62,45.09,1.144,,1,0,,,,,,16.73422,-4.20956,,,,,,
112.206,0.5000,0.5000,0.5000,0.5000,-25.67,-50.48,1.211,,1,0,,,,,,16.89185,-4.28827,,,,,,
112.269,0.5000,0.5000,0.5000,0.5000,31.24,-81.26,1.195,,1,0,,,,,,16.94063,-4.27229,,,,,,
112.331,0.5000,0.5000,0.5000,0.5000,-7.33,-52.26,1.163,,1,0,,,,,,17.17720,-4.30583,,,,,,
112.397,0.5000,0.5000,0.5000,0.5000,-8.02,-51.44,1.105,,1,0,,,,,,17.55029,-4.43704,,,,,,
112.456,0.5000,0.5000,0.5000,0.5000,-8.34,-52.05,1.133,,1,0,,,,,,17.53951,-4.48914,,,,,,
112.530,0.5000,0.5000,0.5000,0.5000,37.19,-56.96,1.213,,1,0,,,,,,17.48685,-4.49795,,,,,,
112.585,0.5000,0.5000,0.5000,0.5000,37.19,73.93,1.153,,1,0,,,,,,17.54541,-4.45998,,,,,,
112.644,0.5000,0.5000,0.5000,0.5000,-20.25,65.79,1.146,,1,0,,,,,,17.55259,-4.47910,,,,,,
112.688,0.5000,0.5000,0.5000,0.5000,40.67,73.23,1.101,,1,0,,,,,,17.59121,-4.46095,,,,,,
112.755,0.5000,0.5000,0.5000,0.5000,3.79,5.46,1.137,,1,0,,,,,,17.53315,-4.46821,,,,,,
112.820,0.5000,0.5000,0.5000,0.5000,-75.67,-38.00,1.094,,1,0,,,,,,17.61662,-4.47947,,,,,,
112.893,0.5000,0.5000,0.5000,0.5000,-5.99,-40.51,0.973,,1,0,,,,,,18.06314,-4.53137,,,,,,
112.932,0.5000,0.5000,0.5000,0.5000,-5.38,38.46,0.996,,1,0,,,,,,17.78991,-4.46035,,,,,,
112.979,0.5000,0.5000,0.5000,0.5000,18.52,-76.14,0.965,,1,0,,,,,,17.77686,-4.43522,,,,,,
113.035,0.5000,0.5000,0.5000,0.5000,2.01,-42.62,0.935,,1,0,,,,,,17.40689,-4.29351,,,,,,
113.103,0.5000,0.5000,0.5000,0.5000,3.29,-45.06,0.861,,1,0,,,,,,17.69512,-4.28265,,,,,,
113.166,0.5000,0.5000,0.5000,0.5000,11.95,-32.56,0.930,,1,0,,,,,,17.48236,-4.24865,,,,,,
113.241,0.5000,0.5000,0.5000,0.5000,-14.55,-41.24,0.883,,1,0,,,,,,17.56228,-4.21166,,,,,,
113.305,0.5000,0.5000,0.5000,0.5000,41.22,73.16,0.866,,1,0,,,,,,17.45818,-4.23808,,,,,,
113.376,0.5000,0.5000,0.5000,0.5000,-0.92,-33.08,0.854,,1,0,,,,,,17.42984,-4.24537,,,,,,
113.449,0.5000,0.5000,0.5000,0.5000,15.69,-71.92,0.862,,1,0,,,,,,17.49876,-4.34352,,,,,,
113.501,0.5000,0.5000,0.5000,0.5000,-5.15,-43.18,0.829,,1,0,,,,,,17.30325,-4.31909,,,,,,
113.570,0.5000,0.5000,0.5000,0.5000,-1.35,-1.22,0.813,,1,0,,,,,,17.19708,-4.30926,,,,,,
113.647,0.5000,0.5000,0.5000,0.5000,39.59,-32.18,0.818,,1,0,,,,,,17.14008,-4.36273,,,,,,
113.715,0.5000,0.5000,0.5000,0.5000,8.66,5.64,0.784,,1,0,,,,,,16.95117,-4.31268,,,,,,
113.774,0.5000,0.5000,0.5000,0.5000,86.73,61.65,0.787,,1,0,,,,,,16.83872,-4.31292,,,,,,
113.855,0.5000,0.5000,0.5000,0.5000,17.46,-20.81,0.813,,1,0,,,,,,16.60559,-4.32574,,,,,,
113.928,0.5000,0.5000,0.5000,0.5000,-12.83,-32.92,0.775,,1,0,,,,,,16.65243,-4.31806,,,,,,
113.994,0.5000,0.5000,0.5000,0.5000,8.29,-24.77,0.774,,1,0,,,,,,16.59098,-4.31377,,,,,,
114.063,0.5000,0.5000,0.5000,0.5000,18.86,-33.40,0.835,,1,0,,,,,,16.63298,-4.37448,,,,,,
114.140,0.5000,0.5000,0.5000,0.5000,-3.64,-27.36,0.830,,1,0,,,,,,16.81282,-4.40245,,,,,,
114.200,0.5000,0.5000,0.5000,0.5000,44.00,-45.22,0.838,,1,0,,,,,,16.88493,-4.43038,,,,,,
114.261,0.5000,0.5000,0.5000,0.5000,14.30,-73.24,0.983,,1,0,,,,,,17.37090,-4.51710,,,,,,
114.341,0.5000,0.5000,0.5000,0.5000,-28.98,-75.31,1.044,,1,0,,,,,,17.23524,-4.51521,,,,,,
114.399,0.5000,0.5000,0.5000,0.5000,-3.61,-12.52,1.050,,1,0,,,,,,17.25268,-4.53990,,,,,,
114.461,0.5000,0.5000,0.5000,0.5000,-8.16,-42.64,1.031,,1,0,,,,,,17.29173,-4.53754,,,,,,
114.527,0.5000,0.5000,0.5000,0.5000,16.44,-75.42,1.032,,1,0,,,,,,17.35831,-4.54393,,,,,,
114.598,0.5000,0.5000,0.5000,0.5000,0.04,-36.91,0.999,,1,0,,,,,,17.56119,-4.52096,,,,,,
114.661,0.5000,0.5000,0.5000,0.5000,-27.63,38.05,0.994,,1,0,,,,,,17.43235,-4.48847,,,,,,
114.714,0.5000,0.5000,0.5000,0.5000,-8.06,-43.86,0.974,,1,0,,,,,,17.58325,-4.50884,,,,,,
114.790,0.5000,0.5000,0.5000,0.5000,18.77,-13.48,1.023,,1,0,,,,,,17.53475,-4.54925,,,,,,
114.857,0.5000,0.5000,0.5000,0.5000,18.00,-75.22,1.022,,1,0,,,,,,17.41108,-4.50431,,,,,,
114.901,0.5000,0.5000,0.5000,0.5000,17.32,-74.97,0.972,,1,0,,,,,,17.50897,-4.50095,,,,,,
114.959,0.5000,0.5000,0.5000,0.5000,16.71,-74.77,0.959,,1,0,,,,,,17.41798,-4.46984,,,,,,
115.032,0.5000,0.5000,0.5000,0.5000,15.94,-74.49,0.934,,1,0,,,,,,17.51797,-4.47644,,,,,,
115.075,0.5000,0.5000,0.5000,0.5000,15.61,-74.30,0.907,,1,0,,,,,,17.71182,-4.50478,,,,,,
115.137,0.5000,0.5000,0.5000,0.5000,-3.30,-0.70,0.866,,1,0,,,,,,17.78543,-4.41825,,,,,,
115.209,0.5000,0.5000,0.5000,0.5000,5.71,65.23,0.848,,1,0,,,,,,17.39035,-4.26797,,,,,,
115.279,0.5000,0.5000,0.5000,0.5000,-13.14,-30.70,0.811,,1,0,,,,,,17.38566,-4.18025,,,,,,
115.352,0.5000,0.5000,0.5000,0.5000,0.43,-0.42,0.848,,1,0,,,,,,17.32927,-4.14491,,,,,,
115.410,0.5000,0.5000,0.5000,0.5000,52.31,44.17,0.824,,1,0,,,,,,17.30322,-4.11672,,,,,,
115.479,0.5000,0.5000,0.5000,0.5000,12.45,-73.18,0.841,,1,0,,,,,,17.19887,-4.10971,,,,,,
115.538,0.5000,0.5000,0.5000,0.5000,11.69,-72.48,0.810,,1,0,,,,,,16.99389,-3.96904,,,,,,
115.621,0.5000,0.5000,0.5000,0.5000,7.97,-3.71,0.801,,1,0,,,,,,17.03296,-3.94491,,,,,,
115.707,0.5000,0.5000,0.5000,0.5000,12.91,-3.92,0.810,,1,0,,,,,,16.99422,-3.95239,,,,,,
115.782,0.5000,0.5000,0.5000,0.5000,-45.54,-14.49,0.828,,1,0,,,,,,16.90507,-3.91016,,,,,,
115.857,0.5000,0.5000,0.5000,0.5000,-52.52,5.48,0.829,,1,0,,,,,,16.91567,-3.91042,,,,,,
115.924,0.5000,0.5000,0.5000,0.5000,-10.01,-21.61,0.819,,1,0,,,,,,17.15355,-3.94510,,,,,,
115.996,0.5000,0.5000,0.5000,0.5000,-5.64,-33.13,0.806,,1,0,,,,,,17.13416,-3.93284,,,,,,
116.064,0.5000,0.5000,0.5000,0.5000,3.72,6.67,0.809,,1,0,,,,,,16.99291,-3.86235,,,,,,
116.147,0.5000,0.5000,0.5000,0.5000,-4.86,-6.03,0.801,,1,0,,,,,,16.70681,-3.75321,,,,,,
116.219,0.5000,0.5000,0.5000,0.5000,27.40,-64.24,0.780,,1,0,,,,,,16.85646,-3.77750,,,,,,
116.294,0.5000,0.5000,0.5000,0.5000,-4.12,27.28,0.777,,1,0,,,,,,17.00538,-3.79529,,,,,,
116.366,0.5000,0.5000,0.5000,0.5000,3.18,1.40,0.778,,1,0,,,,,,17.01569,-3.79610,,,,,,
116.441,0.5000,0.5000,0.5000,0.5000,2.13,-48.51,0.770,,1,0,,,,,,17.23882,-3.77575,,,,,,
116.524,0.5000,0.5000,0.5000,0.5000,-2.80,-26.53,0.737,,1,0,,,,,,17.01334,-3.71734,,,,,,
116.596,0.5000,0.5000,0.5000,0.5000,6.46,-69.88,0.727,,1,0,,,,,,17.13723,-3.72976,,,,,,
116.661,0.5000,0.5000,0.5000,0.5000,-19.18,-23.02,0.727,,1,0,,,,,,17.02917,-3.71470,,,,,,
116.721,0.5000,0.5000,0.5000,0.5000,-0.35,-2.17,0.721,,1,0,,,,,,17.05263,-3.72155,,,,,,
116.780,0.5000,0.5000,0.5000,0.5000,-9.62,-30.02,0.729,,1,0,,,,,,17.16167,-3.77959,,,,,,
116.854,0.5000,0.5000,0.5000,0.5000,8.54,2.48,0.654,,1,0,,,,,,17.15013,-3.77712,,,,,,
116.919,0.5000,0.5000,0.5000,0.5000,-1.88,-48.54,0.442,,1,0,,,,,,16.98808,-3.67977,,,,,,
116.979,0.5000,0.5000,0.5000,0.5000,5.49,-72.13,0.417,,1,0,,,,,,16.97411,-3.67115,,,,,,
117.040,0.5000,0.5000,0.5000,0.5000,4.01,-28.02,0.574,,1,0,,,,,,17.63196,-3.82287,,,,,,
117.093,0.5000,0.5000,0.5000,0.5000,8.64,-2.83,0.652,,1,0,,,,,,17.56780,-3.86772,,,,,,
117.161,0.5000,0.5000,0.5000,0.5000,18.75,-53.26,0.728,,1,0,,,,,,17.22452,-3.84255,,,,,,
117.234,0.5000,0.5000,0.5000,0.5000,-2.05,27.64,0.786,,1,0,,,,,,17.06016,-3.81192,,,,,,
117.303,0.5000,0.5000,0.5000,0.5000,-2.33,26.43,0.741,,1,0,,,,,,17.14612,-3.84795,,,,,,
117.350,0.5000,0.5000,0.5000,0.5000,-2.37,27.09,0.756,,1,0,,,,,,17.04038,-3.84612,,,,,,
117.401,0.5000,0.5000,0.5000,0.5000,-2.80,27.34,0.806,,1,0,,,,,,16.92478,-3.87054,,,,,,
117.457,0.5000,0.5000,0.5000,0.5000,-2.98,26.99,0.821,,1,0,,,,,,16.78658,-3.86370,,,,,,
117.520,0.5000,0.5000,0.5000,0.5000,9.47,-73.45,1.025,,1,0,,,,,,17.40883,-4.22920,,,,,,
117.592,0.5000,0.5000,0.5000,0.5000,-1.17,-31.94,1.037,,1,0,,,,,,17.46950,-4.27187,,,,,,
117.667,0.5000,0.5000,0.5000,0.5000,3.63,-29.59,1.120,,1,0,,,,,,17.23849,-4.32815,,,,,,
117.737,0.5000,0.5000,0.5000,0.5000,13.86,-75.40,1.084,,1,0,,,,,,17.16698,-4.29905,,,,,,
117.810,0.5000,0.5000,0.5000,0.5000,2.09,-3.16,1.085,,1,0,,,,,,17.11638,-4.36554,,,,,,
117.870,0.5000,0.5000,0.5000,0.5000,-10.14,-40.73,1.046,,1,0,,,,,,17.21554,-4.39230,,,,,,
117.922,0.5000,0.5000,0.5000,0.5000,-12.01,-35.50,1.053,,1,0,,,,,,17.28706,-4.39228,,,,,,
117.977,0.5000,0.5000,0.5000,0.5000,1.51,2.40,1.036,,1,0,,,,,,17.33274,-4.39118,,,,,,
118.043,0.5000,0.5000,0.5000,0.5000,41.02,73.55,1.084,,1,0,,,,,,17.44921,-4.44060,,,,,,
118.123,0.5000,0.5000,0.5000,0.5000,16.64,-76.13,1.082,,1,0,,,,,,17.48749,-4.44683,,,,,,
118.208,0.5000,0.5000,0.5000,0.5000,-0.26,0.80,1.084,,1,0,,,,,,17.51646,-4.46718,,,,,,
118.271,0.5000,0.5000,0.5000,0.5000,40.26,73.20,1.098,,1,0,,,,,,17.49250,-4.46582,,,,,,
118.332,0.5000,0.5000,0.5000,0.5000,40.66,73.00,1.084,,1,0,,,,,,17.53710,-4.45348,,,,,,
118.401,0.5000,0.5000,0.5000,0.5000,18.19,-77.05,1.089,,1,0,,,,,,17.41917,-4.43508,,,,,,
118.465,0.5000,0.5000,0.5000,0.5000,-4.62,39.82,1.090,,1,0,,,,,,17.40252,-4.45900,,,,,,
118.523,0.5000,0.5000,0.5000,0.5000,0.84,-1.62,1.054,,1,0,,,,,,17.31903,-4.44108,,,,,,
118.601,0.5000,0.5000,0.5000,0.5000,-2.21,-31.95,1.064,,1,0,,,,,,17.33557,-4.42960,,,,,,
118.675,0.5000,0.5000,0.5000,0.5000,15.57,-76.47,1.052,,1,0,,,,,,17.44809,-4.44899,,,,,,
118.746,0.5000,0.5000,0.5000,0.5000,-4.39,38.71,1.046,,1,0,,,,,,17.38571,-4.40185,,,,,,
118.818,0.5000,0.5000,0.5000,0.5000,-4.19,38.57,1.027,,1,0,,,,,,17.35646,-4.39566,,,,,,
118.904,0.5000,0.5000,0.5000,0.5000,-3.21,-52.77,1.034,,1,0,,,,,,17.42505,-4.37837,,,,,,
118.954,0.5000,0.5000,0.5000,0.5000,14.01,-76.20,1.035,,1,0,,,,,,17.57774,-4.39927,,,,,,
119.013,0.5000,0.5000,0.5000,0.5000,14.03,-76.27,1.033,,1,0,,,,,,17.50070,-4.34150,,,,,,
119.069,0.5000,0.5000,0.5000,0.5000,59.56,-52.86,1.035,,1,0,,,,,,17.49433,-4.33623,,,,,,
119.136,0.5000,0.5000,0.5000,0.5000,-36.79,-25.02,1.032,,1,0,,,,,,17.53460,-4.32636,,,,,,
119.207,0.5000,0.5000,0.5000,0.5000,-22.99,-30.24,1.030,,1,0,,,,,,17.38466,-4.29221,,,,,,
119.260,0.5000,0.5000,0.5000,0.5000,-13.46,-25.55,1.011,,1,0,,,,,,17.24811,-4.27533,,,,,,
119.323,0.5000,0.5000,0.5000,0.5000,-4.55,-24.90,1.031,,1,0,,,,,,17.20499,-4.31614,,,,,,
119.396,0.5000,0.5000,0.5000,0.5000,12.16,-8.79,1.023,,1,0,,,,,,17.22875,-4.32282,,,,,,
119.467,0.5000,0.5000,0.5000,0.5000,-7.56,-36.18,0.953,,1,0,,,,,,17.20095,-4.29306,,,,,,
119.521,0.5000,0.5000,0.5000,0.5000,-3.36,-23.72,0.938,,1,0,,,,,,17.23405,-4.27875,,,,,,
119.574,0.5000,0.5000,0.5000,0.5000,10.64,-74.30,0.926,,1,0,,,,,,17.13558,-4.26510,,,,,,
119.650,0.5000,0.5000,0.5000,0.5000,38.56,73.54,0.840,,1,0,,,,,,16.84626,-4.18233,,,,,,
119.709,0.5000,0.5000,0.5000,0.5000,-89.32,67.20,0.837,,1,0,,,,,,16.91542,-4.20525,,,,,,
119.778,0.5000,0.5000,0.5000,0.5000,8.10,-71.71,0.814,,1,0,,,,,,16.92816,-4.20594,,,,,,
119.852,0.5000,0.5000,0.5000,0.5000,6.16,-69.34,0.753,,1,0,,,,,,16.62105,-4.15751,,,,,,
119.932,0.5000,0.5000,0.5000,0.5000,-4.45,-22.11,0.799,,1,0,,,,,,16.59710,-4.18698,,,,,,
120.006,0.5000,0.5000,0.5000,0.5000,7.16,-69.44,0.780,,1,0,,,,,,16.40348,-4.16620,,,,,,
120.074,0.5000,0.5000,0.5000,0.5000,-4.46,21.80,0.775,,1,0,,,,,,16.37467,-4.16765,,,,,,
120.150,0.5000,0.5000,0.5000,0.5000,-25.45,-68.52,0.759,,1,0,,,,,,16.37921,-4.16289,,,,,,
120.213,0.5000,0.5000,0.5000,0.5000,-4.87,20.81,0.739,,1,0,,,,,,16.34791,-4.15306,,,,,,
120.282,0.5000,0.5000,0.5000,0.5000,-3.56,21.57,0.804,,1,0,,,,,,16.00951,-4.13065,,,,,,
120.362,0.5000,0.5000,0.5000,0.5000,6.78,-68.27,0.804,,1,0,,,,,,16.07184,-4.18946,,,,,,
120.416,0.5000,0.5000,0.5000,0.5000,-5.35,20.78,0.805,,1,0,,,,,,16.02756,-4.16954,,,,,,
120.468,0.5000,0.5000,0.5000,0.5000,6.92,-68.34,0.811,,1,0,,,,,,16.06006,-4.18276,,,,,,
120.538,0.5000,0.5000,0.5000,0.5000,-5.24,22.93,0.862,,1,0,,,,,,15.91580,-4.17598,,,,,,
120.602,0.5000,0.5000,0.5000,0.5000,-4.42,24.26,0.838,,1,0,,,,,,16.19671,-4.22358,,,,,,
120.674,0.5000,0.5000,0.5000,0.5000,7.69,-69.62,0.818,,1,0,,,,,,16.26194,-4.22927,,,,,,
120.748,0.5000,0.5000,0.5000,0.5000,-12.18,-52.43,0.786,,1,0,,,,,,16.16278,-4.11167,,,,,,
120.818,0.5000,0.5000,0.5000,0.5000,-4.84,20.74,0.767,,1,0,,,,,,16.05933,-4.08278,,,,,,
120.867,0.5000,0.5000,0.5000,0.5000,-5.64,19.76,0.766,,1,0,,,,,,16.17552,-4.09606,,,,,,
120.938,0.5000,0.5000,0.5000,0.5000,-3.73,21.24,0.804,,1,0,,,,,,16.27044,-4.14723,,,,,,
121.014,0.5000,0.5000,0.5000,0.5000,-5.63,22.01,0.834,,1,0,,,,,,16.34882,-4.18195,,,,,,
121.075,0.5000,0.5000,0.5000,0.5000,-3.44,21.06,0.824,,1,0,,,,,,16.34567,-4.18854,,,,,,
121.137,0.5000,0.5000,0.5000,0.5000,-3.96,22.92,0.854,,1,0,,,,,,16.14950,-4.17603,,,,,,
121.221,0.5000,0.5000,0.5000,0.5000,-3.55,21.94,0.864,,1,0,,,,,,16.14130,-4.17202,,,,,,
121.293,0.5000,0.5000,0.5000,0.5000,-5.72,18.97,0.833,,1,0,,,,,,16.13877,-4.15854,,,,,,
121.364,0.5000,0.5000,0.5000,0.5000,-5.58,18.47,0.831,,1,0,,,,,,16.08942,-4.14696,,,,,,
121.441,0.5000,0.5000,0.5000,0.5000,-12.80,-33.08,0.829,,1,0,,,,,,16.06178,-4.13695,,,,,,
121.517,0.5000,0.5000,0.5000,0.5000,7.20,-39.19,0.830,,1,0,,,,,,16.04933,-4.13812,,,,,,
121.582,0.5000,0.5000,0.5000,0.5000,-4.46,20.22,0.816,,1,0,,,,,,16.05372,-4.12765,,,,,,
121.662,0.5000,0.5000,0.5000,0.5000,-13.73,-32.20,0.785,,1,0,,,,,,16.24993,-4.16028,,,,,,
121.725,0.5000,0.5000,0.5000,0.5000,-5.11,21.29,0.777,,1,0,,,,,,16.22197,-4.15865,,,,,,
121.794,0.5000,0.5000,0.5000,0.5000,-7.41,21.68,0.759,,1,0,,,,,,16.54144,-4.18759,,,,,,
121.857,0.5000,0.5000,0.5000,0.5000,-4.82,22.26,0.748,,1,0,,,,,,16.40607,-4.13658,,,,,,
121.909,0.5000,0.5000,0.5000,0.5000,-0.56,-41.72,0.749,,1,0,,,,,,16.37090,-4.14034,,,,,,
121.972,0.5000,0.5000,0.5000,0.5000,6.55,-68.85,0.737,,1,0,,,,,,16.31184,-4.11257,,,,,,
122.052,0.5000,0.5000,0.5000,0.5000,-11.59,-34.68,0.699,,1,0,,,,,,16.31604,-4.10866,,,,,,
122.119,0.5000,0.5000,0.5000,0.5000,-9.78,-31.68,0.669,,1,0,,,,,,16.28138,-4.09128,,,,,,
122.187,0.5000,0.5000,0.5000,0.5000,-5.20,-28.66,0.698,,1,0,,,,,,16.64896,-4.14672,,,,,,
122.249,0.5000,0.5000,0.5000,0.5000,5.19,-70.23,0.731,,1,0,,,,,,16.90844,-4.15079,,,,,,
122.321,0.5000,0.5000,0.5000,0.5000,6.81,-38.95,0.724,,1,0,,,,,,16.98544,-4.14418,,,,,,
122.388,0.5000,0.5000,0.5000,0.5000,-3.50,25.54,0.731,,1,0,,,,,,16.93302,-4.12443,,,,,,
122.465,0.5000,0.5000,0.5000,0.5000,8.08,-38.40,0.750,,1,0,,,,,,17.03533,-4.11946,,,,,,
122.531,0.5000,0.5000,0.5000,0.5000,-23.15,-54.57,0.739,,1,0,,,,,,17.05397,-4.13080,,,,,,
122.600,0.5000,0.5000,0.5000,0.5000,6.44,-69.84,0.725,,1,0,,,,,,16.98097,-4.10603,,,,,,
122.663,0.5000,0.5000,0.5000,0.5000,6.21,-69.70,0.715,,1,0,,,,,,16.93464,-4.11092,,,,,,
122.737,0.5000,0.5000,0.5000,0.5000,7.50,-38.70,0.717,,1,0,,,,,,16.96183,-4.12516,,,,,,
122.785,0.5000,0.5000,0.5000,0.5000,5.71,-69.25,0.703,,1,0,,,,,,16.96962,-4.13826,,,,,,
122.838,0.5000,0.5000,0.5000,0.5000,5.30,-40.26,0.686,,1,0,,,,,,16.92445,-4.14022,,,,,,
122.917,0.5000,0.5000,0.5000,0.5000,-11.36,-31.44,0.676,,1,0,,,,,,16.90373,-4.15544,,,,,,
122.982,0.5000,0.5000,0.5000,0.5000,-0.08,-67.56,0.648,,1,0,,,,,,16.79416,-4.16879,,,,,,
123.035,0.5000,0.5000,0.5000,0.5000,17.30,-27.51,0.610,,1,0,,,,,,16.69758,-4.18344,,,,,,
123.097,0.5000,0.5000,0.5000,0.5000,3.17,-67.15,0.587,,1,0,,,,,,16.45397,-4.19049,,,,,,
123.157,0.5000,0.5000,0.5000,0.5000,2.73,-67.01,0.590,,1,0,,,,,,16.38966,-4.21363,,,,,,
123.238,0.5000,0.5000,0.5000,0.5000,2.67,-66.68,0.582,,1,0,,,,,,16.31855,-4.23930,,,,,,
123.321,0.5000,0.5000,0.5000,0.5000,41.74,-45.69,0.606,,1,0,,,,,,15.41827,-4.12986,,,,,,
123.384,0.5000,0.5000,0.5000,0.5000,3.52,-64.44,0.630,,1,0,,,,,,14.96119,-4.08756,,,,,,
123.463,0.5000,0.5000,0.5000,0.5000,10.90,-38.97,0.614,,1,0,,,,,,14.85275,-4.09735,,,,,,
123.532,0.5000,0.5000,0.5000,0.5000,-4.23,20.79,0.616,,1,0,,,,,,14.69766,-4.07592,,,,,,
123.610,0.5000,0.5000,0.5000,0.5000,-1.45,19.22,0.614,,1,0,,,,,,14.67804,-4.07372,,,,,,
123.673,0.5000,0.5000,0.5000,0.5000,3.49,-64.07,0.619,,1,0,,,,,,14.56277,-4.04112,,,,,,
123.740,0.5000,0.5000,0.5000,0.5000,-1.94,19.21,0.616,,1,0,,,,,,14.57802,-4.04074,,,,,,
123.814,0.5000,0.5000,0.5000,0.5000,3.66,-64.87,0.645,,1,0,,,,,,15.04391,-3.99823,,,,,,
123.870,0.5000,0.5000,0.5000,0.5000,4.06,-65.47,0.653,,1,0,,,,,,15.15302,-3.96108,,,,,,
123.948,0.5000,0.5000,0.5000,0.5000,-8.70,-27.21,0.627,,1,0,,,,,,15.16429,-3.88428,,,,,,
124.010,0.5000,0.5000,0.5000,0.5000,-4.33,19.81,0.652,,1,0,,,,,,15.52572,-3.81761,,,,,,
124.056,0.5000,0.5000,0.5000,0.5000,-3.62,22.23,0.616,,1,0,,,,,,15.97292,-3.85236,,,,,,
124.124,0.5000,0.5000,0.5000,0.5000,-2.71,22.32,0.630,,1,0,,,,,,15.89253,-3.78722,,,,,,
124.191,0.5000,0.5000,0.5000,0.5000,-13.70,-33.45,0.650,,1,0,,,,,,16.04959,-3.72855,,,,,,
124.263,0.5000,0.5000,0.5000,0.5000,3.37,-66.77,0.604,,1,0,,,,,,16.29978,-3.74972,,,,,,
124.335,0.5000,0.5000,0.5000,0.5000,-0.49,19.90,0.606,,1,0,,,,,,16.07602,-3.70670,,,,,,
124.400,0.5000,0.5000,0.5000,0.5000,-2.87,21.51,0.626,,1,0,,,,,,15.98194,-3.68875,,,,,,
124.452,0.5000,0.5000,0.5000,0.5000,-2.25,21.53,0.642,,1,0,,,,,,15.93666,-3.66354,,,,,,
124.526,0.5000,0.5000,0.5000,0.5000,-3.06,20.63,0.651,,1,0,,,,,,16.15158,-3.67793,,,,,,
124.586,0.5000,0.5000,0.5000,0.5000,2.70,-67.55,0.641,,1,0,,,,,,16.39831,-3.69030,,,,,,
124.661,0.5000,0.5000,0.5000,0.5000,12.11,-34.32,0.641,,1,0,,,,,,16.62764,-3.69035,,,,,,
124.721,0.5000,0.5000,0.5000,0.5000,-2.98,22.67,0.624,,1,0,,,,,,16.92636,-3.74479,,,,,,
124.797,0.5000,0.5000,0.5000,0.5000,1.56,-68.95,0.659,,1,0,,,,,,17.09758,-3.76176,,,,,,
124.849,0.5000,0.5000,0.5000,0.5000,-1.90,27.34,0.683,,1,0,,,,,,17.03569,-3.74724,,,,,,
124.905,0.5000,0.5000,0.5000,0.5000,1.81,-68.71,0.687,,1,0,,,,,,17.04134,-3.73850,,,,,,
124.980,0.5000,0.5000,0.5000,0.5000,-2.07,23.55,0.697,,1,0,,,,,,16.79775,-3.72778,,,,,,
125.051,0.5000,0.5000,0.5000,0.5000,-3.40,16.50,0.714,,1,0,,,,,,16.59356,-3.74828,,,,,,
125.115,0.5000,0.5000,0.5000,0.5000,-2.68,21.02,0.709,,1,0,,,,,,16.79780,-3.82764,,,,,,
125.183,0.5000,0.5000,0.5000,0.5000,-1.04,18.54,0.856,,1,0,,,,,,15.59557,-3.75258,,,,,,
125.248,0.5000,0.5000,0.5000,0.5000,-3.03,22.73,0.851,,1,0,,,,,,15.54570,-3.86169,,,,,,
125.315,0.5000,0.5000,0.5000,0.5000,-4.85,18.84,0.823,,1,0,,,,,,15.79587,-3.94387,,,,,,
125.392,0.5000,0.5000,0.5000,0.5000,-3.01,-76.98,0.836,,1,0,,,,,,15.54537,-3.92409,,,,,,
125.458,0.5000,0.5000,0.5000,0.5000,-4.32,21.66,0.829,,1,0,,,,,,15.86327,-4.00649,,,,,,
125.517,0.5000,0.5000,0.5000,0.5000,-4.14,21.68,0.828,,1,0,,,,,,15.83074,-3.99513,,,,,,
125.593,0.5000,0.5000,0.5000,0.5000,-5.02,22.11,0.829,,1,0,,,,,,15.84447,-3.98747,,,,,,
125.665,0.5000,0.5000,0.5000,0.5000,-3.47,21.78,0.814,,1,0,,,,,,15.83563,-3.97360,,,,,,
125.735,0.5000,0.5000,0.5000,0.5000,8.14,-67.60,0.831,,1,0,,,,,,16.04469,-3.97921,,,,,,
125.803,0.5000,0.5000,0.5000,0.5000,1.85,-74.48,0.813,,1,0,,,,,,16.05029,-3.96582,,,,,,
125.876,0.5000,0.5000,0.5000,0.5000,-23.11,-38.96,0.810,,1,0,,,,,,16.05823,-3.96142,,,,,,
125.927,0.5000,0.5000,0.5000,0.5000,-5.18,22.06,0.820,,1,0,,,,,,15.97980,-3.93096,,,,,,
125.971,0.5000,0.5000,0.5000,0.5000,4.36,-71.05,0.814,,1,0,,,,,,16.03424,-3.91224,,,,,,
126.020,0.5000,0.5000,0.5000,0.5000,-4.17,20.88,0.818,,1,0,,,,,,16.07628,-3.91776,,,,,,
126.083,0.5000,0.5000,0.5000,0.5000,-5.05,21.15,0.820,,1,0,,,,,,16.07945,-3.91905,,,,,,
126.136,0.5000,0.5000,0.5000,0.5000,-4.73,21.49,0.808,,1,0,,,,,,16.06056,-3.91442,,,,,,
126.203,0.5000,0.5000,0.5000,0.5000,-4.78,19.80,0.797,,1,0,,,,,,16.05885,-3.91603,,,,,,
126.278,0.5000,0.5000,0.5000,0.5000,-3.36,22.16,0.819,,1,0,,,,,,16.37469,-4.05106,,,,,,
126.337,0.5000,0.5000,0.5000,0.5000,-5.61,22.09,0.812,,1,0,,,,,,16.34619,-4.04576,,,,,,
126.407,0.5000,0.5000,0.5000,0.5000,-2.98,21.45,0.817,,1,0,,,,,,16.26622,-4.02149,,,,,,
126.482,0.5000,0.5000,0.5000,0.5000,-27.40,-61.83,0.818,,1,0,,,,,,16.15566,-3.99529,,,,,,
126.540,0.5000,0.5000,0.5000,0.5000,15.78,-59.81,0.818,,1,0,,,,,,16.15297,-3.99742,,,,,,
126.592,0.5000,0.5000,0.5000,0.5000,-4.83,21.00,0.818,,1,0,,,,,,16.13217,-3.99293,,,,,,
126.650,0.5000,0.5000,0.5000,0.5000,-11.43,-34.52,0.597,,1,0,,,,,,16.94215,-4.17399,,,,,,
126.702,0.5000,0.5000,0.5000,0.5000,-19.54,-49.67,0.527,,1,0,,,,,,16.97421,-4.20229,,,,,,
126.769,0.5000,0.5000,0.5000,0.5000,55.73,-71.15,0.545,,1,0,,,,,,17.14003,-4.22405,,,,,,
126.842,0.5000,0.5000,0.5000,0.5000,-2.96,24.67,0.549,,1,0,,,,,,17.18063,-4.23673,,,,,,
126.914,0.5000,0.5000,0.5000,0.5000,6.91,-38.96,0.625,,1,0,,,,,,16.99510,-4.17960,,,,,,
126.976,0.5000,0.5000,0.5000,0.5000,7.84,-34.17,0.640,,1,0,,,,,,16.84771,-4.11728,,,,,,
127.047,0.5000,0.5000,0.5000,0.5000,3.73,-36.11,0.652,,1,0,,,,,,16.70002,-4.07027,,,,,,
127.110,0.5000,0.5000,0.5000,0.5000,-3.84,22.34,0.664,,1,0,,,,,,16.71751,-4.06731,,,,,,
127.184,0.5000,0.5000,0.5000,0.5000,-4.33,21.10,0.697,,1,0,,,,,,16.44059,-3.97674,,,,,,
127.259,0.5000,0.5000,0.5000,0.5000,-3.43,21.89,0.721,,1,0,,,,,,16.46355,-3.98189,,,,,,
127.324,0.5000,0.5000,0.5000,0.5000,-3.31,21.99,0.746,,1,0,,,,,,16.34619,-3.92865,,,,,,
127.390,0.5000,0.5000,0.5000,0.5000,-4.11,22.29,0.754,,1,0,,,,,,16.42728,-3.93495,,,,,,
127.457,0.5000,0.5000,0.5000,0.5000,7.18,-68.58,0.780,,1,0,,,,,,16.25607,-3.87621,,,,,,
127.528,0.5000,0.5000,0.5000,0.5000,8.62,-69.68,0.815,,1,0,,,,,,16.39662,-3.89702,,,,,,
127.602,0.5000,0.5000,0.5000,0.5000,9.06,-69.75,0.837,,1,0,,,,,,16.37358,-3.84749,,,,,,
127.657,0.5000,0.5000,0.5000,0.5000,-5.98,26.59,0.885,,1,0,,,,,,16.23370,-3.78360,,,,,,
127.750,0.5000,0.5000,0.5000,0.5000,10.79,-70.80,0.916,,1,0,,,,,,16.33166,-3.80110,,,,,,
127.822,0.5000,0.5000,0.5000,0.5000,10.33,-70.94,0.903,,1,0,,,,,,16.44095,-3.81598,,,,,,
127.880,0.5000,0.5000,0.5000,0.5000,4.39,-43.99,0.908,,1,0,,,,,,16.45627,-3.81011,,,,,,
127.937,0.5000,0.5000,0.5000,0.5000,-5.24,28.43,0.914,,1,0,,,,,,16.44246,-3.79645,,,,,,
128.005,0.5000,0.5000,0.5000,0.5000,10.04,-71.04,0.913,,1,0,,,,,,16.42296,-3.79099,,,,,,
128.071,0.5000,0.5000,0.5000,0.5000,-33.52,-62.03,0.925,,1,0,,,,,,16.35929,-3.77595,,,,,,
128.127,0.5000,0.5000,0.5000,0.5000,-5.37,28.06,0.920,,1,0,,,,,,16.35710,-3.77740,,,,,,
128.204,0.5000,0.5000,0.5000,0.5000,9.89,-70.81,0.912,,1,0,,,,,,16.32780,-3.78762,,,,,,
128.268,0.5000,0.5000,0.5000,0.5000,9.68,-70.23,0.863,,1,0,,,,,,16.19682,-3.70669,,,,,,
128.333,0.5000,0.5000,0.5000,0.5000,7.69,-68.63,0.823,,1,0,,,,,,16.14003,-3.66710,,,,,,
128.388,0.5000,0.5000,0.5000,0.5000,-23.92,-36.09,0.771,,1,0,,,,,,16.26996,-3.67793,,,,,,
128.446,0.5000,0.5000,0.5000,0.5000,-3.69,20.71,0.745,,1,0,,,,,,16.29110,-3.66919,,,,,,
128.513,0.5000,0.5000,0.5000,0.5000,-4.86,21.23,0.736,,1,0,,,,,,16.31658,-3.69047,,,,,,
128.586,0.5000,0.5000,0.5000,0.5000,-7.21,19.50,0.742,,1,0,,,,,,16.31118,-3.69110,,,,,,
128.649,0.5000,0.5000,0.5000,0.5000,-4.60,20.62,0.738,,1,0,,,,,,16.43961,-3.72187,,,,,,
128.714,0.5000,0.5000,0.5000,0.5000,-5.20,20.98,0.726,,1,0,,,,,,16.51808,-3.74560,,,,,,
128.777,0.5000,0.5000,0.5000,0.5000,-5.56,13.12,0.714,,1,0,,,,,,16.49472,-3.72510,,,,,,
128.866,0.5000,0.5000,0.5000,0.5000,-5.63,20.21,0.718,,1,0,,,,,,16.49413,-3.72780,,,,,,
128.933,0.5000,0.5000,0.5000,0.5000,5.53,-67.81,0.717,,1,0,,,,,,16.47950,-3.71304,,,,,,
129.016,0.5000,0.5000,0.5000,0.5000,-4.69,15.23,0.724,,1,0,,,,,,16.59658,-3.75159,,,,,,
129.098,0.5000,0.5000,0.5000,0.5000,-4.32,20.69,0.742,,1,0,,,,,,16.07586,-3.79070,,,,,,
129.156,0.5000,0.5000,0.5000,0.5000,-3.91,22.24,0.731,,1,0,,,,,,16.28019,-3.88179,,,,,,
129.214,0.5000,0.5000,0.5000,0.5000,7.20,-67.65,0.728,,1,0,,,,,,16.38464,-3.91655,,,,,,
129.280,0.5000,0.5000,0.5000,0.5000,8.06,-36.46,0.717,,1,0,,,,,,16.42858,-3.94172,,,,,,
129.351,0.5000,0.5000,0.5000,0.5000,-4.35,23.74,0.715,,1,0,,,,,,16.37199,-3.95597,,,,,,
129.429,0.5000,0.5000,0.5000,0.5000,6.87,-67.75,0.722,,1,0,,,,,,16.39442,-3.98355,,,,,,
129.505,0.5000,0.5000,0.5000,0.5000,2.40,-33.02,0.731,,1,0,,,,,,16.57741,-4.01792,,,,,,
129.566,0.5000,0.5000,0.5000,0.5000,-4.13,22.73,0.708,,1,0,,,,,,16.42812,-3.99051,,,,,,
129.625,0.5000,0.5000,0.5000,0.5000,-4.12,21.02,0.703,,1,0,,,,,,16.37353,-3.97430,,,,,,
129.678,0.5000,0.5000,0.5000,0.5000,-27.48,-39.67,0.707,,1,0,,,,,,16.11365,-3.92841,,,,,,
129.752,0.5000,0.5000,0.5000,0.5000,-3.69,21.45,0.712,,1,0,,,,,,16.12946,-3.94161,,,,,,
129.819,0.5000,0.5000,0.5000,0.5000,-14.38,-44.45,0.706,,1,0,,,,,,16.10087,-3.94466,,,,,,
129.885,0.5000,0.5000,0.5000,0.5000,-3.62,22.28,0.703,,1,0,,,,,,16.08784,-3.94329,,,,,,
129.959,0.5000,0.5000,0.5000,0.5000,-3.71,23.45,0.701,,1,0,,,,,,16.06521,-3.95557,,,,,,
130.021,0.5000,0.5000,0.5000,0.5000,-4.71,22.20,0.702,,1,0,,,,,,16.10487,-3.95479,,,,,,
130.074,0.5000,0.5000,0.5000,0.5000,11.89,-59.74,0.699,,1,0,,,,,,16.18379,-3.95142,,,,,,
130.142,0.5000,0.5000,0.5000,0.5000,-4.06,21.25,0.679,,1,0,,,,,,16.36266,-3.97400,,,,,,
130.213,0.5000,0.5000,0.5000,0.5000,-4.69,21.68,0.694,,1,0,,,,,,16.27794,-3.93213,,,,,,
130.280,0.5000,0.5000,0.5000,0.5000,-3.74,21.79,0.688,,1,0,,,,,,16.55616,-3.94764,,,,,,
130.331,0.5000,0.5000,0.5000,0.5000,-5.08,21.98,0.691,,1,0,,,,,,16.54400,-3.91468,,,,,,
130.394,0.5000,0.5000,0.5000,0.5000,-4.48,21.32,0.696,,1,0,,,,,,16.43960,-3.87124,,,,,,
130.453,0.5000,0.5000,0.5000,0.5000,-3.57,21.25,0.675,,1,0,,,,,,16.69584,-3.88988,,,,,,
130.507,0.5000,0.5000,0.5000,0.5000,-4.34,20.67,0.675,,1,0,,,,,,16.72529,-3.87189,,,,,,
130.581,0.5000,0.5000,0.5000,0.5000,-4.00,22.02,0.673,,1,0,,,,,,16.70363,-3.85808,,,,,,
130.633,0.5000,0.5000,0.5000,0.5000,6.33,-68.08,0.673,,1,0,,,,,,16.77477,-3.86621,,,,,,
130.683,0.5000,0.5000,0.5000,0.5000,-3.53,22.13,0.657,,1,0,,,,,,16.79854,-3.85740,,,,,,
130.746,0.5000,0.5000,0.5000,0.5000,-4.69,21.52,0.668,,1,0,,,,,,16.62625,-3.81361,,,,,,
130.805,0.5000,0.5000,0.5000,0.5000,6.31,-68.22,0.690,,1,0,,,,,,16.71860,-3.83817,,,,,,
130.862,0.5000,0.5000,0.5000,0.5000,6.59,-68.59,0.706,,1,0,,,,,,16.66791,-3.83138,,,,,,
130.932,0.5000,0.5000,0.5000,0.5000,-3.69,23.74,0.714,,1,0,,,,,,16.40405,-3.80351,,,,,,
130.987,0.5000,0.5000,0.5000,0.5000,-2.36,21.86,0.680,,1,0,,,,,,16.51171,-3.84600,,,,,,
131.040,0.5000,0.5000,0.5000,0.5000,6.33,-39.28,0.429,,1,0,,,,,,16.63198,-3.88551,,,,,,
131.110,0.5000,0.5000,0.5000,0.5000,22.75,-15.28,0.335,,1,0,,,,,,16.47393,-3.87272,,,,,,
131.164,0.5000,0.5000,0.5000,0.5000,-64.65,-51.33,0.347,,1,0,,,,,,16.42932,-3.87844,,,,,,
131.241,0.5000,0.5000,0.5000,0.5000,68.19,-65.52,0.438,,1,0,,,,,,16.84592,-3.97366,,,,,,
131.310,0.5000,0.5000,0.5000,0.5000,-3.44,22.35,0.500,,1,0,,,,,,16.81970,-3.90633,,,,,,
131.386,0.5000,0.5000,0.5000,0.5000,-3.45,22.64,0.548,,1,0,,,,,,16.35702,-3.77532,,,,,,
131.463,0.5000,0.5000,0.5000,0.5000,-4.01,21.08,0.575,,1,0,,,,,,16.15752,-3.75273,,,,,,
131.532,0.5000,0.5000,0.5000,0.5000,-3.67,22.28,0.623,,1,0,,,,,,15.91498,-3.73582,,,,,,
131.612,0.5000,0.5000,0.5000,0.5000,-2.85,24.09,0.625,,1,0,,,,,,16.00078,-3.76979,,,,,,
131.669,0.5000,0.5000,0.5000,0.5000,-3.59,21.95,0.639,,1,0,,,,,,16.11953,-3.81721,,,,,,
131.743,0.5000,0.5000,0.5000,0.5000,4.31,-39.45,0.669,,1,0,,,,,,15.97192,-3.84688,,,,,,
131.825,0.5000,0.5000,0.5000,0.5000,5.48,-66.55,0.694,,1,0,,,,,,15.95703,-3.86389,,,,,,
131.890,0.5000,0.5000,0.5000,0.5000,5.62,-66.35,0.708,,1,0,,,,,,15.93148,-3.88896,,,,,,
131.959,0.5000,0.5000,0.5000,0.5000,6.20,-66.29,0.724,,1,0,,,,,,15.85929,-3.93897,,,,,,
132.034,0.5000,0.5000,0.5000,0.5000,6.06,-66.38,0.707,,1,0,,,,,,15.99069,-3.98751,,,,,,
132.106,0.5000,0.5000,0.5000,0.5000,6.88,-67.01,0.714,,1,0,,,,,,16.15603,-4.04871,,,,,,
132.178,0.5000,0.5000,0.5000,0.5000,7.17,-67.03,0.708,,1,0,,,,,,16.02843,-4.03751,,,,,,
132.239,0.5000,0.5000,0.5000,0.5000,7.51,-66.73,0.706,,1,0,,,,,,15.78343,-3.99941,,,,,,
132.297,0.5000,0.5000,0.5000,0.5000,7.79,-66.63,0.701,,1,0,,,,,,15.81879,-4.00693,,,,,,
132.356,0.5000,0.5000,0.5000,0.5000,8.96,-66.55,0.686,,1,0,,,,,,15.94548,-4.04804,,,,,,
132.415,0.5000,0.5000,0.5000,0.5000,7.66,-66.57,0.668,,1,0,,,,,,16.02875,-4.09354,,,,,,
132.474,0.5000,0.5000,0.5000,0.5000,7.77,-66.42,0.675,,1,0,,,,,,16.00344,-4.10067,,,,,,
132.541,0.5000,0.5000,0.5000,0.5000,8.29,-66.39,0.704,,1,0,,,,,,15.66250,-4.09096,,,,,,
132.617,0.5000,0.5000,0.5000,0.5000,8.42,-66.27,0.719,,1,0,,,,,,15.69846,-4.10649,,,,,,
132.683,0.5000,0.5000,0.5000,0.5000,8.17,-66.21,0.711,,1,0,,,,,,15.59574,-4.12459,,,,,,
132.746,0.5000,0.5000,0.5000,0.5000,8.12,-66.14,0.713,,1,0,,,,,,15.56191,-4.14335,,,,,,
132.799,0.5000,0.5000,0.5000,0.5000,8.20,-66.27,0.703,,1,0,,,,,,15.63871,-4.19191,,,,,,
132.869,0.5000,0.5000,0.5000,0.5000,-5.46,20.61,0.702,,1,0,,,,,,15.66275,-4.20669,,,,,,
132.924,0.5000,0.5000,0.5000,0.5000,7.80,-65.98,0.692,,1,0,,,,,,15.63489,-4.22158,,,,,,
132.991,0.5000,0.5000,0.5000,0.5000,7.65,-65.75,0.689,,1,0,,,,,,15.62193,-4.22073,,,,,,
133.067,0.5000,0.5000,0.5000,0.5000,8.48,-65.93,0.690,,1,0,,,,,,15.51998,-4.22317,,,,,,
133.140,0.5000,0.5000,0.5000,0.5000,8.46,-65.91,0.693,,1,0,,,,,,15.51102,-4.23389,,,,,,
133.188,0.5000,0.5000,0.5000,0.5000,8.96,-65.79,0.677,,1,0,,,,,,15.53599,-4.25500,,,,,,
133.252,0.5000,0.5000,0.5000,0.5000,8.51,-65.48,0.675,,1,0,,,,,,15.37871,-4.21385,,,,,,
133.312,0.5000,0.5000,0.5000,0.5000,8.59,-65.63,0.676,,1,0,,,,,,15.15187,-4.19563,,,,,,
133.379,0.5000,0.5000,0.5000,0.5000,8.77,-65.50,0.679,,1,0,,,,,,15.23278,-4.22686,,,,,,
133.444,0.5000,0.5000,0.5000,0.5000,8.61,-65.67,0.680,,1,0,,,,,,15.28156,-4.24310,,,,,,
133.522,0.5000,0.5000,0.5000,0.5000,8.12,-65.54,0.683,,1,0,,,,,,15.23601,-4.21346,,,,,,
133.598,0.5000,0.5000,0.5000,0.5000,8.11,-65.49,0.669,,1,0,,,,,,15.22667,-4.21084,,,,,,
133.672,0.5000,0.5000,0.5000,0.5000,8.05,-65.58,0.661,,1,0,,,,,,15.22411,-4.21011,,,,,,
133.747,0.5000,0.5000,0.5000,0.5000,7.97,-64.70,0.674,,1,0,,,,,,14.66540,-4.15795,,,,,,
133.795,0.5000,0.5000,0.5000,0.5000,7.75,-63.89,0.671,,1,0,,,,,,14.33211,-4.11301,,,,,,
133.852,0.5000,0.5000,0.5000,0.5000,8.08,-63.69,0.655,,1,0,,,,,,14.30799,-4.16094,,,,,,
133.902,0.5000,0.5000,0.5000,0.5000,8.34,-63.72,0.661,,1,0,,,,,,14.38039,-4.20396,,,,,,
133.967,0.5000,0.5000,0.5000,0.5000,8.36,-63.60,0.655,,1,0,,,,,,14.33697,-4.20124,,,,,,
134.044,0.5000,0.5000,0.5000,0.5000,8.49,-63.63,0.665,,1,0,,,,,,14.20348,-4.16962,,,,,,
134.118,0.5000,0.5000,0.5000,0.5000,8.83,-63.51,0.660,,1,0,,,,,,14.28412,-4.11643,,,,,,
134.183,0.5000,0.5000,0.5000,0.5000,8.33,-63.28,0.653,,1,0,,,,,,14.46551,-4.12209,,,,,,
134.264,0.5000,0.5000,0.5000,0.5000,7.76,-63.27,0.655,,1,0,,,,,,14.47803,-4.09615,,,,,,
134.329,0.5000,0.5000,0.5000,0.5000,7.53,-63.50,0.639,,1,0,,,,,,14.54838,-4.07980,,,,,,
134.391,0.5000,0.5000,0.5000,0.5000,8.01,-63.43,0.641,,1,0,,,,,,14.70863,-4.11192,,,,,,
134.454,0.5000,0.5000,0.5000,0.5000,7.93,-63.49,0.639,,1,0,,,,,,14.66445,-4.08232,,,,,,
134.503,0.5000,0.5000,0.5000,0.5000,8.12,-63.71,0.639,,1,0,,,,,,14.82713,-4.11547,,,,,,
134.565,0.5000,0.5000,0.5000,0.5000,8.03,-63.98,0.638,,1,0,,,,,,14.86356,-4.12412,,,,,,
134.635,0.5000,0.5000,0.5000,0.5000,8.00,-64.08,0.634,,1,0,,,,,,14.83095,-4.12110,,,,,,
134.698,0.5000,0.5000,0.5000,0.5000,8.14,-64.20,0.640,,1,0,,,,,,14.82233,-4.11871,,,,,,
134.760,0.5000,0.5000,0.5000,0.5000,8.57,-64.13,0.622,,1,0,,,,,,14.94568,-4.09876,,,,,,
134.827,0.5000,0.5000,0.5000,0.5000,8.99,-64.04,0.598,,1,0,,,,,,15.00165,-4.08544,,,,,,
134.882,0.5000,0.5000,0.5000,0.5000,9.33,-64.40,0.603,,1,0,,,,,,15.07932,-4.10675,,,,,,
134.958,0.5000,0.5000,0.5000,0.5000,8.65,-64.61,0.617,,1,0,,,,,,15.08185,-3.97628,,,,,,
135.022,0.5000,0.5000,0.5000,0.5000,8.27,-64.93,0.609,,1,0,,,,,,15.26201,-3.99349,,,,,,
135.080,0.5000,0.5000,0.5000,0.5000,0.96,-28.75,0.609,,1,0,,,,,,15.43137,-3.96786,,,,,,
135.152,0.5000,0.5000,0.5000,0.5000,8.09,-64.64,0.586,,1,0,,,,,,15.38669,-3.92440,,,,,,
135.216,0.5000,0.5000,0.5000,0.5000,-3.43,18.37,0.592,,1,0,,,,,,15.21810,-3.78450,,,,,,
135.299,0.5000,0.5000,0.5000,0.5000,-3.53,20.55,0.589,,1,0,,,,,,15.43943,-3.82700,,,,,,
135.365,0.5000,0.5000,0.5000,0.5000,-3.58,20.67,0.590,,1,0,,,,,,15.36453,-3.76251,,,,,,
135.419,0.5000,0.5000,0.5000,0.5000,-3.11,20.70,0.586,,1,0,,,,,,15.57053,-3.77875,,,,,,
135.490,0.5000,0.5000,0.5000,0.5000,7.81,-64.73,0.580,,1,0,,,,,,15.44091,-3.72592,,,,,,
135.551,0.5000,0.5000,0.5000,0.5000,-0.17,0.78,0.572,,1,0,,,,,,15.44622,-3.70290,,,,,,
135.618,0.5000,0.5000,0.5000,0.5000,4.40,-25.19,0.587,,1,0,,,,,,15.51628,-3.69695,,,,,,
135.704,0.5000,0.5000,0.5000,0.5000,7.38,-65.02,0.590,,1,0,,,,,,15.52717,-3.69562,,,,,,
135.777,0.5000,0.5000,0.5000,0.5000,-3.00,19.34,0.586,,1,0,,,,,,15.60015,-3.66625,,,,,,
135.844,0.5000,0.5000,0.5000,0.5000,-12.12,-31.13,0.573,,1,0,,,,,,15.56469,-3.66204,,,,,,
135.894,0.5000,0.5000,0.5000,0.5000,-3.37,20.67,0.571,,1,0,,,,,,15.65224,-3.66639,,,,,,
135.960,0.5000,0.5000,0.5000,0.5000,-3.21,21.52,0.568,,1,0,,,,,,15.65492,-3.63721,,,,,,
136.043,0.5000,0.5000,0.5000,0.5000,-3.31,21.51,0.564,,1,0,,,,,,15.73335,-3.65310,,,,,,
136.096,0.5000,0.5000,0.5000,0.5000,-3.11,22.17,0.567,,1,0,,,,,,15.72731,-3.65688,,,,,,
136.157,0.5000,0.5000,0.5000,0.5000,-3.08,22.79,0.567,,1,0,,,,,,15.79819,-3.64428,,,,,,
136.239,0.5000,0.5000,0.5000,0.5000,6.70,-65.62,0.573,,1,0,,,,,,15.69963,-3.61132,,,,,,
136.298,0.5000,0.5000,0.5000,0.5000,6.45,-65.32,0.591,,1,0,,,,,,15.81707,-3.58082,,,,,,
136.364,0.5000,0.5000,0.5000,0.5000,-3.04,22.90,0.593,,1,0,,,,,,15.87509,-3.58790,,,,,,
136.426,0.5000,0.5000,0.5000,0.5000,7.38,-65.85,0.580,,1,0,,,,,,15.85735,-3.57013,,,,,,
136.494,0.5000,0.5000,0.5000,0.5000,-9.82,-31.11,0.589,,1,0,,,,,,15.69610,-3.51982,,,,,,
136.556,0.5000,0.5000,0.5000,0.5000,7.22,-66.05,0.604,,1,0,,,,,,15.72039,-3.49558,,,,,,
136.625,0.5000,0.5000,0.5000,0.5000,-3.46,21.76,0.595,,1,0,,,,,,15.90003,-3.50122,,,,,,
136.681,0.5000,0.5000,0.5000,0.5000,-2.99,20.53,0.592,,1,0,,,,,,15.80680,-3.45663,,,,,,
136.741,0.5000,0.5000,0.5000,0.5000,-3.67,19.49,0.585,,1,0,,,,,,16.05780,-3.49060,,,,,,
136.791,0.5000,0.5000,0.5000,0.5000,8.72,-65.85,0.593,,1,0,,,,,,15.77070,-3.41191,,,,,,
136.869,0.5000,0.5000,0.5000,0.5000,-3.38,21.86,0.591,,1,0,,,,,,15.87118,-3.39653,,,,,,
136.927,0.5000,0.5000,0.5000,0.5000,-3.33,21.49,0.593,,1,0,,,,,,15.79121,-3.36537,,,,,,
136.996,0.5000,0.5000,0.5000,0.5000,-3.94,20.29,0.580,,1,0,,,,,,15.86713,-3.36158,,,,,,
137.069,0.5000,0.5000,0.5000,0.5000,10.00,-66.79,0.588,,1,0,,,,,,15.88518,-3.38191,,,,,,
137.126,0.5000,0.5000,0.5000,0.5000,10.68,-67.30,0.611,,1,0,,,,,,16.05479,-3.42851,,,,,,
137.193,0.5000,0.5000,0.5000,0.5000,-3.69,23.32,0.591,,1,0,,,,,,16.21674,-3.43402,,,,,,
137.264,0.5000,0.5000,0.5000,0.5000,-4.04,21.23,0.620,,1,0,,,,,,15.92297,-3.41180,,,,,,
137.323,0.5000,0.5000,0.5000,0.5000,9.71,-66.59,0.663,,1,0,,,,,,15.99170,-3.43558,,,,,,
137.396,0.5000,0.5000,0.5000,0.5000,10.38,-66.49,0.659,,1,0,,,,,,15.78454,-3.41399,,,,,,
137.473,0.5000,0.5000,0.5000,0.5000,-3.98,21.10,0.654,,1,0,,,,,,15.85387,-3.46829,,,,,,
137.543,0.5000,0.5000,0.5000,0.5000,6.73,-31.97,0.647,,1,0,,,,,,15.81232,-3.45661,,,,,,
137.608,0.5000,0.5000,0.5000,0.5000,10.39,-66.32,0.654,,1,0,,,,,,15.85873,-3.46671,,,,,,
137.678,0.5000,0.5000,0.5000,0.5000,10.42,-66.24,0.643,,1,0,,,,,,15.87944,-3.47651,,,,,,
137.758,0.5000,0.5000,0.5000,0.5000,10.75,-65.99,0.643,,1,0,,,,,,15.92964,-3.47735,,,,,,
137.834,0.5000,0.5000,0.5000,0.5000,-5.07,19.18,0.641,,1,0,,,,,,15.88022,-3.47189,,,,,,
137.904,0.5000,0.5000,0.5000,0.5000,11.07,-66.17,0.635,,1,0,,,,,,15.96444,-3.50879,,,,,,
137.975,0.5000,0.5000,0.5000,0.5000,6.99,-37.46,0.707,,1,0,,,,,,15.40862,-3.66229,,,,,,
138.065,0.5000,0.5000,0.5000,0.5000,11.25,-66.17,0.738,,1,0,,,,,,15.38495,-3.64921,,,,,,
138.136,0.5000,0.5000,0.5000,0.5000,11.91,-66.28,0.733,,1,0,,,,,,15.46597,-3.72856,,,,,,
138.208,0.5000,0.5000,0.5000,0.5000,11.23,-66.00,0.735,,1,0,,,,,,15.50065,-3.75230,,,,,,
138.285,0.5000,0.5000,0.5000,0.5000,-5.18,14.97,0.743,,1,0,,,,,,15.31462,-3.73042,,,,,,
138.343,0.5000,0.5000,0.5000,0.5000,10.76,-65.85,0.732,,1,0,,,,,,15.19490,-3.75626,,,,,,
138.415,0.5000,0.5000,0.5000,0.5000,10.62,-65.66,0.733,,1,0,,,,,,15.11365,-3.74564,,,,,,
138.483,0.5000,0.5000,0.5000,0.5000,11.03,-65.85,0.732,,1,0,,,,,,15.14661,-3.75688,,,,,,
138.550,0.5000,0.5000,0.5000,0.5000,10.80,-65.75,0.719,,1,0,,,,,,15.14205,-3.75772,,,,,,
138.620,0.5000,0.5000,0.5000,0.5000,10.88,-65.95,0.724,,1,0,,,,,,15.18445,-3.77262,,,,,,
138.683,0.5000,0.5000,0.5000,0.5000,10.91,-65.83,0.719,,1,0,,,,,,15.19687,-3.78117,,,,,,
138.748,0.5000,0.5000,0.5000,0.5000,10.65,-65.85,0.717,,1,0,,,,,,15.23800,-3.78675,,,,,,
138.816,0.5000,0.5000,0.5000,0.5000,10.16,-65.91,0.722,,1,0,,,,,,15.21305,-3.76588,,,,,,
138.882,0.5000,0.5000,0.5000,0.5000,10.23,-65.62,0.664,,1,0,,,,,,15.38622,-3.76291,,,,,,
138.947,0.5000,0.5000,0.5000,0.5000,9.71,-65.14,0.594,,1,0,,,,,,15.61402,-3.77961,,,,,,
139.008,0.5000,0.5000,0.5000,0.5000,-4.37,20.10,0.581,,1,0,,,,,,15.69863,-3.76546,,,,,,
139.068,0.5000,0.5000,0.5000,0.5000,-4.34,19.54,0.593,,1,0,,,,,,15.57803,-3.74138,,,,,,
139.127,0.5000,0.5000,0.5000,0.5000,-4.33,19.64,0.603,,1,0,,,,,,15.59462,-3.72552,,,,,,
139.193,0.5000,0.5000,0.5000,0.5000,2.73,-28.07,0.597,,1,0,,,,,,15.57921,-3.69869,,,,,,
139.258,0.5000,0.5000,0.5000,0.5000,-7.66,-27.82,0.589,,1,0,,,,,,15.60586,-3.70084,,,,,,
139.310,0.5000,0.5000,0.5000,0.5000,-2.78,21.25,0.580,,1,0,,,,,,15.60118,-3.70101,,,,,,
139.367,0.5000,0.5000,0.5000,0.5000,-4.40,17.60,0.598,,1,0,,,,,,15.54819,-3.68589,,,,,,
139.443,0.5000,0.5000,0.5000,0.5000,-3.59,18.49,0.676,,1,0,,,,,,15.48887,-3.68899,,,,,,
139.515,0.5000,0.5000,0.5000,0.5000,-2.59,24.21,0.681,,1,0,,,,,,15.24012,-3.69674,,,,,,
139.585,0.5000,0.5000,0.5000,0.5000,9.34,-65.75,0.706,,1,0,,,,,,15.24579,-3.72197,,,,,,
139.656,0.5000,0.5000,0.5000,0.5000,8.78,-65.36,0.701,,1,0,,,,,,15.00644,-3.67529,,,,,,
139.708,0.5000,0.5000,0.5000,0.5000,9.31,-65.62,0.707,,1,0,,,,,,15.02181,-3.72088,,,,,,
139.752,0.5000,0.5000,0.5000,0.5000,9.47,-65.32,0.707,,1,0,,,,,,15.03529,-3.73084,,,,,,
139.818,0.5000,0.5000,0.5000,0.5000,-3.60,18.53,0.690,,1,0,,,,,,15.00358,-3.76644,,,,,,
139.889,0.5000,0.5000,0.5000,0.5000,9.50,-65.36,0.683,,1,0,,,,,,15.25976,-3.86732,,,,,,
139.953,0.5000,0.5000,0.5000,0.5000,9.35,-65.43,0.661,,1,0,,,,,,15.44096,-3.92054,,,,,,
140.031,0.5000,0.5000,0.5000,0.5000,9.19,-65.18,0.658,,1,0,,,,,,15.38614,-3.92014,,,,,,
140.094,0.5000,0.5000,0.5000,0.5000,9.41,-65.23,0.671,,1,0,,,,,,15.39518,-3.92330,,,,,,
140.167,0.5000,0.5000,0.5000,0.5000,10.33,-65.94,0.704,,1,0,,,,,,15.59381,-3.95839,,,,,,
140.241,0.5000,0.5000,0.5000,0.5000,10.35,-65.85,0.681,,1,0,,,,,,15.94785,-3.99544,,,,,,
140.305,0.5000,0.5000,0.5000,0.5000,9.95,-65.56,0.673,,1,0,,,,,,15.99073,-3.98728,,,,,,
140.374,0.5000,0.5000,0.5000,0.5000,10.31,-65.45,0.656,,1,0,,,,,,16.28281,-3.94687,,,,,,
140.451,0.5000,0.5000,0.5000,0.5000,10.72,-65.39,0.660,,1,0,,,,,,15.97206,-3.86411,,,,,,
140.530,0.5000,0.5000,0.5000,0.5000,11.24,-65.46,0.662,,1,0,,,,,,15.85648,-3.83199,,,,,,
140.608,0.5000,0.5000,0.5000,0.5000,11.98,-65.81,0.654,,1,0,,,,,,15.80231,-3.79525,,,,,,
140.683,0.5000,0.5000,0.5000,0.5000,-6.04,17.90,0.659,,1,0,,,,,,15.97199,-3.79343,,,,,,
140.752,0.5000,0.5000,0.5000,0.5000,10.65,-65.32,0.629,,1,0,,,,,,15.77510,-3.77536,,,,,,
140.829,0.5000,0.5000,0.5000,0.5000,-5.09,18.65,0.635,,1,0,,,,,,15.81263,-3.80039,,,,,,
140.905,0.5000,0.5000,0.5000,0.5000,-4.75,19.12,0.637,,1,0,,,,,,15.75886,-3.78555,,,,,,
140.977,0.5000,0.5000,0.5000,0.5000,-5.21,21.88,0.642,,1,0,,,,,,15.60813,-3.75360,,,,,,
141.049,0.5000,0.5000,0.5000,0.5000,-4.68,19.90,0.654,,1,0,,,,,,15.66844,-3.78043,,,,,,
141.122,0.5000,0.5000,0.5000,0.5000,-10.38,25.36,0.665,,1,0,,,,,,15.89504,-3.82892,,,,,,
141.192,0.5000,0.5000,0.5000,0.5000,7.89,-36.91,0.666,,1,0,,,,,,15.91975,-3.83434,,,,,,
141.263,0.5000,0.5000,0.5000,0.5000,-4.32,19.04,0.670,,1,0,,,,,,15.84998,-3.83534,,,,,,
141.333,0.5000,0.5000,0.5000,0.5000,11.31,-65.58,0.674,,1,0,,,,,,15.76034,-3.83552,,,,,,
141.414,0.5000,0.5000,0.5000,0.5000,11.55,-65.85,0.682,,1,0,,,,,,15.67429,-3.83720,,,,,,
141.478,0.5000,0.5000,0.5000,0.5000,12.16,-66.23,0.692,,1,0,,,,,,15.57689,-3.82487,,,,,,
141.542,0.5000,0.5000,0.5000,0.5000,12.14,-66.10,0.687,,1,0,,,,,,15.82625,-3.86950,,,,,,
141.589,0.5000,0.5000,0.5000,0.5000,11.81,-65.83,0.671,,1,0,,,,,,15.77270,-3.85217,,,,,,
141.648,0.5000,0.5000,0.5000,0.5000,11.52,-65.89,0.685,,1,0,,,,,,15.61870,-3.83706,,,,,,
141.723,0.5000,0.5000,0.5000,0.5000,10.83,-65.54,0.678,,1,0,,,,,,15.63717,-3.83158,,,,,,
141.794,0.5000,0.5000,0.5000,0.5000,11.37,-63.97,0.696,,1,0,,,,,,15.49012,-3.81250,,,,,,
141.857,0.5000,0.5000,0.5000,0.5000,10.79,-65.99,0.701,,1,0,,,,,,15.50430,-3.82173,,,,,,
141.911,0.5000,0.5000,0.5000,0.5000,10.68,-65.95,0.686,,1,0,,,,,,15.64256,-3.86596,,,,,,
141.977,0.5000,0.5000,0.5000,0.5000,10.98,-66.10,0.668,,1,0,,,,,,15.71979,-3.94166,,,,,,
142.047,0.5000,0.5000,0.5000,0.5000,11.70,-66.46,0.659,,1,0,,,,,,16.18347,-4.12265,,,,,,
142.108,0.5000,0.5000,0.5000,0.5000,10.35,-65.81,0.657,,1,0,,,,,,16.02687,-4.13774,,,,,,
142.182,0.5000,0.5000,0.5000,0.5000,10.26,-65.69,0.643,,1,0,,,,,,16.00091,-4.12826,,,,,,
142.254,0.5000,0.5000,0.5000,0.5000,10.50,-65.33,0.595,,1,0,,,,,,16.02411,-4.12322,,,,,,
142.318,0.5000,0.5000,0.5000,0.5000,10.27,-65.35,0.622,,1,0,,,,,,16.05504,-4.10495,,,,,,
142.377,0.5000,0.5000,0.5000,0.5000,10.51,-65.47,0.623,,1,0,,,,,,16.02495,-4.09966,,,,,,
142.441,0.5000,0.5000,0.5000,0.5000,10.83,-65.44,0.635,,1,0,,,,,,15.80197,-4.02904,,,,,,
142.483,0.5000,0.5000,0.5000,0.5000,10.79,-65.54,0.634,,1,0,,,,,,15.83126,-4.01996,,,,,,
142.556,0.5000,0.5000,0.5000,0.5000,10.60,-65.51,0.645,,1,0,,,,,,15.71339,-3.96648,,,,,,
142.616,0.5000,0.5000,0.5000,0.5000,10.78,-65.56,0.633,,1,0,,,,,,15.87401,-3.99166,,,,,,
142.677,0.5000,0.5000,0.5000,0.5000,10.67,-65.37,0.622,,1,0,,,,,,15.77316,-3.95828,,,,,,
142.746,0.5000,0.5000,0.5000,0.5000,-13.06,-32.55,0.630,,1,0,,,,,,15.70980,-3.95384,,,,,,
142.811,0.5000,0.5000,0.5000,0.5000,5.83,-29.77,0.633,,1,0,,,,,,15.72586,-3.95857,,,,,,
142.862,0.5000,0.5000,0.5000,0.5000,9.47,-34.80,0.630,,1,0,,,,,,15.71861,-3.95650,,,,,,
142.945,0.5000,0.5000,0.5000,0.5000,-4.51,19.57,0.615,,1,0,,,,,,15.44788,-3.99179,,,,,,
143.019,0.5000,0.5000,0.5000,0.5000,10.61,-65.22,0.637,,1,0,,,,,,15.30610,-3.98304,,,,,,
143.089,0.5000,0.5000,0.5000,0.5000,10.71,-65.39,0.651,,1,0,,,,,,15.39618,-4.00458,,,,,,
143.143,0.5000,0.5000,0.5000,0.5000,4.96,-31.76,0.646,,1,0,,,,,,15.42970,-4.00594,,,,,,
143.187,0.5000,0.5000,0.5000,0.5000,10.83,-65.43,0.653,,1,0,,,,,,15.47550,-4.00264,,,,,,
143.251,0.5000,0.5000,0.5000,0.5000,10.86,-65.40,0.658,,1,0,,,,,,15.42894,-3.98986,,,,,,
143.306,0.5000,0.5000,0.5000,0.5000,10.76,-65.35,0.659,,1,0,,,,,,15.44292,-3.97983,,,,,,
143.370,0.5000,0.5000,0.5000,0.5000,-42.70,-48.96,0.640,,1,0,,,,,,15.52114,-3.99603,,,,,,
143.442,0.5000,0.5000,0.5000,0.5000,-5.05,19.58,0.653,,1,0,,,,,,15.47252,-3.95390,,,,,,
143.509,0.5000,0.5000,0.5000,0.5000,10.95,-66.23,0.647,,1,0,,,,,,15.40093,-3.92696,,,,,,
143.575,0.5000,0.5000,0.5000,0.5000,-6.34,21.44,0.647,,1,0,,,,,,15.44981,-3.94406,,,,,,
143.642,0.5000,0.5000,0.5000,0.5000,-4.70,20.20,0.653,,1,0,,,,,,15.50899,-3.95383,,,,,,
143.711,0.5000,0.5000,0.5000,0.5000,10.56,-65.40,0.640,,1,0,,,,,,15.48919,-3.93697,,,,,,
143.770,0.5000,0.5000,0.5000,0.5000,10.71,-65.47,0.634,,1,0,,,,,,15.57910,-3.92269,,,,,,
143.837,0.5000,0.5000,0.5000,0.5000,4.30,-33.04,0.644,,1,0,,,,,,15.60310,-3.87330,,,,,,
143.904,0.5000,0.5000,0.5000,0.5000,10.60,-65.49,0.651,,1,0,,,,,,15.64381,-3.88020,,,,,,
143.975,0.5000,0.5000,0.5000,0.5000,11.00,-65.69,0.676,,1,0,,,,,,15.86790,-3.92463,,,,,,
144.043,0.5000,0.5000,0.5000,0.5000,10.48,-65.75,0.682,,1,0,,,,,,15.76382,-3.89920,,,,,,
144.103,0.5000,0.5000,0.5000,0.5000,10.91,-65.84,0.686,,1,0,,,,,,15.70711,-3.89254,,,,,,
144.176,0.5000,0.5000,0.5000,0.5000,11.26,-65.97,0.698,,1,0,,,,,,15.68741,-3.89792,,,,,,
144.239,0.5000,0.5000,0.5000,0.5000,11.32,-65.87,0.696,,1,0,,,,,,15.69152,-3.90215,,,,,,
144.287,0.5000,0.5000,0.5000,0.5000,-7.32,20.77,0.699,,1,0,,,,,,15.67606,-3.89285,,,,,,
144.348,0.5000,0.5000,0.5000,0.5000,2.62,-31.47,0.699,,1,0,,,,,,15.64359,-3.85474,,,,,,
144.402,0.5000,0.5000,0.5000,0.5000,-9.72,-29.40,0.701,,1,0,,,,,,15.66299,-3.84822,,,,,,
144.466,0.5000,0.5000,0.5000,0.5000,11.76,-66.05,0.702,,1,0,,,,,,15.66798,-3.84988,,,,,,
144.537,0.5000,0.5000,0.5000,0.5000,11.74,-66.14,0.699,,1,0,,,,,,15.78903,-3.86413,,,,,,
144.599,0.5000,0.5000,0.5000,0.5000,12.30,-66.31,0.701,,1,0,,,,,,15.90334,-3.87845,,,,,,
144.666,0.5000,0.5000,0.5000,0.5000,11.92,-65.86,0.693,,1,0,,,,,,15.82403,-3.86708,,,,,,
144.724,0.5000,0.5000,0.5000,0.5000,-5.14,19.90,0.691,,1,0,,,,,,15.86516,-3.87199,,,,,,
144.811,0.5000,0.5000,0.5000,0.5000,12.67,-66.16,0.677,,1,0,,,,,,15.90900,-3.90561,,,,,,
144.881,0.5000,0.5000,0.5000,0.5000,-16.80,-33.12,0.687,,1,0,,,,,,15.88952,-3.89389,,,,,,
144.927,0.5000,0.5000,0.5000,0.5000,12.88,-66.38,0.686,,1,0,,,,,,15.91999,-3.90087,,,,,,
144.989,0.5000,0.5000,0.5000,0.5000,12.55,-66.28,0.696,,1,0,,,,,,15.84168,-3.87627,,,,,,
145.062,0.5000,0.5000,0.5000,0.5000,12.51,-66.00,0.693,,1,0,,,,,,15.76582,-3.86592,,,,,,
145.126,0.5000,0.5000,0.5000,0.5000,12.01,-66.07,0.685,,1,0,,,,,,15.79701,-3.87371,,,,,,
145.183,0.5000,0.5000,0.5000,0.5000,8.08,-36.76,0.672,,1,0,,,,,,15.82646,-3.92948,,,,,,
145.248,0.5000,0.5000,0.5000,0.5000,-5.18,20.11,0.680,,1,0,,,,,,15.80019,-3.93636,,,,,,
145.316,0.5000,0.5000,0.5000,0.5000,11.50,-65.96,0.685,,1,0,,,,,,15.70539,-3.93358,,,,,,
145.398,0.5000,0.5000,0.5000,0.5000,11.65,-66.07,0.687,,1,0,,,,,,15.64217,-3.92067,,,,,,
145.467,0.5000,0.5000,0.5000,0.5000,12.47,-66.26,0.696,,1,0,,,,,,15.59350,-3.92035,,,,,,
145.532,0.5000,0.5000,0.5000,0.5000,11.50,-65.73,0.685,,1,0,,,,,,15.63939,-3.90818,,,,,,
145.598,0.5000,0.5000,0.5000,0.5000,-5.03,20.43,0.674,,1,0,,,,,,15.73841,-3.90050,,,,,,
145.660,0.5000,0.5000,0.5000,0.5000,12.36,-65.80,0.676,,1,0,,,,,,15.59401,-3.84960,,,,,,
145.730,0.5000,0.5000,0.5000,0.5000,12.03,-65.68,0.683,,1,0,,,,,,15.62519,-3.82976,,,,,,
145.801,0.5000,0.5000,0.5000,0.5000,-4.59,19.10,0.664,,1,0,,,,,,15.65728,-3.80227,,,,,,
145.875,0.5000,0.5000,0.5000,0.5000,12.16,-32.23,0.641,,1,0,,,,,,15.78447,-3.79646,,,,,,
145.957,0.5000,0.5000,0.5000,0.5000,-13.32,-32.20,0.656,,1,0,,,,,,15.80189,-3.81154,,,,,,
146.033,0.5000,0.5000,0.5000,0.5000,11.24,-66.06,0.647,,1,0,,,,,,15.78991,-3.79201,,,,,,
146.093,0.5000,0.5000,0.5000,0.5000,11.48,-65.99,0.633,,1,0,,,,,,15.88114,-3.80988,,,,,,
146.135,0.5000,0.5000,0.5000,0.5000,11.60,-65.92,0.628,,1,0,,,,,,15.76307,-3.77999,,,,,,
146.192,0.5000,0.5000,0.5000,0.5000,11.31,-65.91,0.603,,1,0,,,,,,15.72470,-3.76721,,,,,,
146.256,0.5000,0.5000,0.5000,0.5000,7.81,-68.06,0.601,,1,0,,,,,,15.75747,-3.73416,,,,,,
146.325,0.5000,0.5000,0.5000,0.5000,-4.44,19.50,0.594,,1,0,,,,,,15.58079,-3.67334,,,,,,
146.408,0.5000,0.5000,0.5000,0.5000,-4.65,19.70,0.593,,1,0,,,,,,15.67426,-3.68617,,,,,,
146.466,0.5000,0.5000,0.5000,0.5000,-2.43,22.31,0.600,,1,0,,,,,,15.76075,-3.68591,,,,,,
146.534,0.5000,0.5000,0.5000,0.5000,11.37,-65.84,0.613,,1,0,,,,,,15.76025,-3.68916,,,,,,
146.608,0.5000,0.5000,0.5000,0.5000,11.07,-65.74,0.607,,1,0,,,,,,15.91540,-3.69771,,,,,,
146.672,0.5000,0.5000,0.5000,0.5000,-12.64,-33.35,0.599,,1,0,,,,,,15.97436,-3.70978,,,,,,
146.731,0.5000,0.5000,0.5000,0.5000,4.91,-38.27,0.603,,1,0,,,,,,15.85975,-3.67388,,,,,,
146.808,0.5000,0.5000,0.5000,0.5000,-4.59,19.79,0.604,,1,0,,,,,,15.82031,-3.67740,,,,,,
146.859,0.5000,0.5000,0.5000,0.5000,-3.47,21.43,0.607,,1,0,,,,,,15.79424,-3.66941,,,,,,
146.937,0.5000,0.5000,0.5000,0.5000,11.00,-65.97,0.607,,1,0,,,,,,15.74510,-3.65555,,,,,,
147.008,0.5000,0.5000,0.5000,0.5000,-4.75,22.69,0.455,,1,0,,,,,,16.72473,-3.99278,,,,,,
147.073,0.5000,0.5000,0.5000,0.5000,-4.62,23.39,0.505,,1,0,,,,,,16.52206,-3.96768,,,,,,
147.133,0.5000,0.5000,0.5000,0.5000,10.04,-66.41,0.576,,1,0,,,,,,16.16340,-3.88118,,,,,,
147.214,0.5000,0.5000,0.5000,0.5000,-3.92,18.29,0.669,,1,0,,,,,,15.30016,-3.81245,,,,,,
147.276,0.5000,0.5000,0.5000,0.5000,-3.17,20.38,0.695,,1,0,,,,,,15.24830,-3.83171,,,,,,
147.336,0.5000,0.5000,0.5000,0.5000,-5.18,18.86,0.683,,1,0,,,,,,14.88085,-3.89999,,,,,,
147.406,0.5000,0.5000,0.5000,0.5000,9.46,-64.58,0.706,,1,0,,,,,,14.69510,-3.87025,,,,,,
147.482,0.5000,0.5000,0.5000,0.5000,-3.16,21.72,0.677,,1,0,,,,,,14.70667,-3.94577,,,,,,
147.530,0.5000,0.5000,0.5000,0.5000,-6.22,-27.52,0.669,,1,0,,,,,,14.57428,-3.93099,,,,,,
147.593,0.5000,0.5000,0.5000,0.5000,9.24,-64.35,0.657,,1,0,,,,,,14.58971,-3.94704,,,,,,
147.648,0.5000,0.5000,0.5000,0.5000,9.01,-64.58,0.651,,1,0,,,,,,14.52422,-3.98556,,,,,,
147.706,0.5000,0.5000,0.5000,0.5000,9.00,-64.56,0.653,,1,0,,,,,,14.59867,-4.00489,,,,,,
147.769,0.5000,0.5000,0.5000,0.5000,8.48,-64.49,0.623,,1,0,,,,,,15.10414,-4.08991,,,,,,
147.839,0.5000,0.5000,0.5000,0.5000,8.40,-64.40,0.611,,1,0,,,,,,15.18366,-4.08549,,,,,,
147.912,0.5000,0.5000,0.5000,0.5000,8.88,-64.19,0.619,,1,0,,,,,,15.24328,-4.08058,,,,,,
147.981,0.5000,0.5000,0.5000,0.5000,8.80,-64.38,0.615,,1,0,,,,,,15.38546,-4.09703,,,,,,
148.046,0.5000,0.5000,0.5000,0.5000,8.70,-64.69,0.641,,1,0,,,,,,15.36836,-4.01753,,,,,,
148.121,0.5000,0.5000,0.5000,0.5000,8.26,-64.59,0.626,,1,0,,,,,,15.45842,-4.02966,,,,,,
148.185,0.5000,0.5000,0.5000,0.5000,8.13,-64.63,0.630,,1,0,,,,,,15.39661,-4.00713,,,,,,
148.247,0.5000,0.5000,0.5000,0.5000,8.56,-64.48,0.624,,1,0,,,,,,15.44462,-3.99477,,,,,,
148.303,0.5000,0.5000,0.5000,0.5000,8.49,-64.71,0.614,,1,0,,,,,,15.49271,-3.99575,,,,,,
148.369,0.5000,0.5000,0.5000,0.5000,8.42,-64.64,0.612,,1,0,,,,,,15.44472,-3.97029,,,,,,
148.423,0.5000,0.5000,0.5000,0.5000,8.29,-64.71,0.602,,1,0,,,,,,15.30299,-3.90995,,,,,,
148.469,0.5000,0.5000,0.5000,0.5000,7.87,-64.64,0.598,,1,0,,,,,,15.32524,-3.88492,,,,,,
148.544,0.5000,0.5000,0.5000,0.5000,-3.33,19.57,0.575,,1,0,,,,,,15.45359,-3.88532,,,,,,
148.617,0.5000,0.5000,0.5000,0.5000,3.83,-23.01,0.573,,1,0,,,,,,15.41383,-3.86056,,,,,,
148.691,0.5000,0.5000,0.5000,0.5000,-3.08,20.70,0.576,,1,0,,,,,,15.36211,-3.81459,,,,,,
148.749,0.5000,0.5000,0.5000,0.5000,-3.69,20.86,0.572,,1,0,,,,,,15.50390,-3.82627,,,,,,
148.807,0.5000,0.5000,0.5000,0.5000,-3.51,21.25,0.574,,1,0,,,,,,15.77035,-3.85626,,,,,,
148.851,0.5000,0.5000,0.5000,0.5000,-2.01,22.28,0.615,,1,0,,,,,,15.69356,-3.80930,,,,,,
148.903,0.5000,0.5000,0.5000,0.5000,1.19,-30.09,0.638,,1,0,,,,,,15.61238,-3.78441,,,,,,
148.973,0.5000,0.5000,0.5000,0.5000,7.13,-65.55,0.661,,1,0,,,,,,15.58646,-3.78125,,,,,,
149.045,0.5000,0.5000,0.5000,0.5000,7.11,-65.32,0.663,,1,0,,,,,,15.52641,-3.75280,,,,,,
149.123,0.5000,0.5000,0.5000,0.5000,7.42,-65.29,0.662,,1,0,,,,,,15.41961,-3.73295,,,,,,
149.183,0.5000,0.5000,0.5000,0.5000,7.78,-65.33,0.672,,1,0,,,,,,15.30792,-3.69826,,,,,,
149.250,0.5000,0.5000,0.5000,0.5000,7.98,-65.31,0.668,,1,0,,,,,,15.38248,-3.72395,,,,,,
149.322,0.5000,0.5000,0.5000,0.5000,7.80,-65.56,0.679,,1,0,,,,,,15.60416,-3.76615,,,,,,
149.377,0.5000,0.5000,0.5000,0.5000,7.61,-65.41,0.679,,1,0,,,,,,15.62278,-3.76830,,,,,,
149.456,0.5000,0.5000,0.5000,0.5000,7.84,-65.42,0.691,,1,0,,,,,,15.60302,-3.75357,,,,,,
149.517,0.5000,0.5000,0.5000,0.5000,8.22,-65.65,0.713,,1,0,,,,,,15.76361,-3.79012,,,,,,
149.586,0.5000,0.5000,0.5000,0.5000,8.14,-65.58,0.707,,1,0,,,,,,15.87987,-3.80784,,,,,,
149.640,0.5000,0.5000,0.5000,0.5000,8.26,-65.73,0.699,,1,0,,,,,,15.98279,-3.82690,,,,,,
149.713,0.5000,0.5000,0.5000,0.5000,8.39,-65.89,0.704,,1,0,,,,,,15.91188,-3.82154,,,,,,
149.771,0.5000,0.5000,0.5000,0.5000,8.60,-65.91,0.700,,1,0,,,,,,16.14361,-3.87735,,,,,,
149.834,0.5000,0.5000,0.5000,0.5000,8.39,-65.84,0.706,,1,0,,,,,,16.23975,-3.88705,,,,,,
149.891,0.5000,0.5000,0.5000,0.5000,9.00,-65.57,0.700,,1,0,,,,,,14.96801,-3.71800,,,,,,
149.951,0.5000,0.5000,0.5000,0.5000,9.66,-65.10,0.706,,1,0,,,,,,14.79621,-3.75121,,,,,,
150.004,0.5000,0.5000,0.5000,0.5000,9.44,-64.74,0.704,,1,0,,,,,,14.59489,-3.79327,,,,,,
150.076,0.5000,0.5000,0.5000,0.5000,9.67,-63.90,0.686,,1,0,,,,,,14.46504,-3.98749,,,,,,
150.144,0.5000,0.5000,0.5000,0.5000,9.58,-64.25,0.685,,1,0,,,,,,14.50515,-4.05565,,,,,,
150.214,0.5000,0.5000,0.5000,0.5000,9.76,-64.45,0.678,,1,0,,,,,,14.53279,-4.12734,,,,,,
150.289,0.5000,0.5000,0.5000,0.5000,9.34,-64.13,0.691,,1,0,,,,,,14.36767,-4.09949,,,,,,
150.356,0.5000,0.5000,0.5000,0.5000,9.30,-63.45,0.676,,1,0,,,,,,14.21899,-4.16232,,,,,,
150.416,0.5000,0.5000,0.5000,0.5000,9.84,-63.71,0.702,,1,0,,,,,,14.18937,-4.16817,,,,,,
150.476,0.5000,0.5000,0.5000,0.5000,9.83,-63.72,0.693,,1,0,,,,,,14.19916,-4.16745,,,,,,
150.537,0.5000,0.5000,0.5000,0.5000,9.59,-63.78,0.689,,1,0,,,,,,14.25673,-4.17326,,,,,,
150.596,0.5000,0.5000,0.5000,0.5000,9.50,-63.85,0.689,,1,0,,,,,,14.31369,-4.18578,,,,,,
150.654,0.5000,0.5000,0.5000,0.5000,9.52,-63.88,0.681,,1,0,,,,,,14.43378,-4.19885,,,,,,
150.706,0.5000,0.5000,0.5000,0.5000,9.87,-64.31,0.673,,1,0,,,,,,14.56836,-4.18891,,,,,,
150.789,0.5000,0.5000,0.5000,0.5000,9.16,-65.15,0.673,,1,0,,,,,,15.59645,-4.23603,,,,,,
150.850,0.5000,0.5000,0.5000,0.5000,8.45,-65.03,0.675,,1,0,,,,,,15.58403,-4.18338,,,,,,
150.912,0.5000,0.5000,0.5000,0.5000,8.73,-65.01,0.672,,1,0,,,,,,15.70613,-4.18806,,,,,,
150.982,0.5000,0.5000,0.5000,0.5000,9.66,-65.38,0.687,,1,0,,,,,,15.85005,-4.16177,,,,,,
151.048,0.5000,0.5000,0.5000,0.5000,9.49,-65.50,0.679,,1,0,,,,,,15.93250,-4.15603,,,,,,
151.122,0.5000,0.5000,0.5000,0.5000,9.81,-65.56,0.672,,1,0,,,,,,16.01619,-4.15263,,,,,,
151.189,0.5000,0.5000,0.5000,0.5000,9.55,-65.99,0.698,,1,0,,,,,,16.14544,-4.13353,,,,,,
151.262,0.5000,0.5000,0.5000,0.5000,-4.60,20.17,0.710,,1,0,,,,,,16.41250,-4.15498,,,,,,
151.339,0.5000,0.5000,0.5000,0.5000,-5.53,29.68,0.818,,1,0,,,,,,17.02898,-4.23345,,,,,,
151.404,0.5000,0.5000,0.5000,0.5000,-5.63,31.64,0.859,,1,0,,,,,,17.13762,-4.18885,,,,,,
151.478,0.5000,0.5000,0.5000,0.5000,14.57,-71.66,0.876,,1,0,,,,,,17.35712,-4.25132,,,,,,
151.543,0.5000,0.5000,0.5000,0.5000,14.27,-71.57,0.889,,1,0,,,,,,17.79176,-4.23823,,,,,,
151.617,0.5000,0.5000,0.5000,0.5000,-5.39,31.59,0.889,,1,0,,,,,,17.58939,-4.15734,,,,,,
151.685,0.5000,0.5000,0.5000,0.5000,-4.84,32.20,0.887,,1,0,,,,,,17.63315,-4.15663,,,,,,
151.748,0.5000,0.5000,0.5000,0.5000,-5.49,33.06,0.911,,1,0,,,,,,17.58990,-4.12330,,,,,,
151.810,0.5000,0.5000,0.5000,0.5000,15.64,-72.55,0.874,,1,0,,,,,,17.72443,-4.15526,,,,,,
151.867,0.5000,0.5000,0.5000,0.5000,-0.67,-25.27,0.868,,1,0,,,,,,17.91228,-4.15195,,,,,,
151.907,0.5000,0.5000,0.5000,0.5000,-14.78,31.23,0.894,,1,0,,,,,,17.37788,-4.05776,,,,,,
151.976,0.5000,0.5000,0.5000,0.5000,-7.84,-32.28,0.873,,1,0,,,,,,17.45105,-4.06995,,,,,,
152.033,0.5000,0.5000,0.5000,0.5000,1.14,-32.99,0.860,,1,0,,,,,,17.34495,-4.10343,,,,,,
152.103,0.5000,0.5000,0.5000,0.5000,-15.22,-19.50,0.905,,1,0,,,,,,17.33387,-4.15783,,,,,,
152.181,0.5000,0.5000,0.5000,0.5000,4.99,-43.07,0.868,,1,0,,,,,,17.06138,-4.10884,,,,,,
152.253,0.5000,0.5000,0.5000,0.5000,4.94,-42.85,0.902,,1,0,,,,,,16.64753,-4.12937,,,,,,
152.318,0.5000,0.5000,0.5000,0.5000,-6.59,28.83,0.896,,1,0,,,,,,16.67289,-4.13113,,,,,,
152.382,0.5000,0.5000,0.5000,0.5000,14.38,-70.59,0.893,,1,0,,,,,,16.66906,-4.12895,,,,,,
152.451,0.5000,0.5000,0.5000,0.5000,14.78,-70.45,0.887,,1,0,,,,,,16.48993,-4.06984,,,,,,
152.518,0.5000,0.5000,0.5000,0.5000,20.58,-20.66,0.914,,1,0,,,,,,16.52868,-4.08491,,,,,,
152.589,0.5000,0.5000,0.5000,0.5000,4.10,3.26,0.911,,1,0,,,,,,16.41328,-4.05065,,,,,,
152.640,0.5000,0.5000,0.5000,0.5000,-3.76,10.47,0.904,,1,0,,,,,,16.44319,-4.07876,,,,,,
152.703,0.5000,0.5000,0.5000,0.5000,10.23,-40.46,0.905,,1,0,,,,,,16.52714,-4.08787,,,,,,
152.775,0.5000,0.5000,0.5000,0.5000,-9.95,-19.37,0.918,,1,0,,,,,,16.76353,-4.18189,,,,,,
152.848,0.5000,0.5000,0.5000,0.5000,16.39,-71.57,0.909,,1,0,,,,,,16.90322,-4.15590,,,,,,
152.917,0.5000,0.5000,0.5000,0.5000,-6.38,32.31,0.893,,1,0,,,,,,16.96933,-4.17272,,,,,,
152.973,0.5000,0.5000,0.5000,0.5000,-6.52,31.31,0.886,,1,0,,,,,,16.93879,-4.16274,,,,,,
153.036,0.5000,0.5000,0.5000,0.5000,-6.61,31.29,0.897,,1,0,,,,,,17.05114,-4.18569,,,,,,
153.113,0.5000,0.5000,0.5000,0.5000,-28.74,-5.13,0.890,,1,0,,,,,,17.08847,-4.19109,,,,,,
153.207,0.5000,0.5000,0.5000,0.5000,16.58,-71.65,0.877,,1,0,,,,,,17.09343,-4.18913,,,,,,
153.273,0.5000,0.5000,0.5000,0.5000,-11.50,-5.87,0.882,,1,0,,,,,,17.25279,-4.22556,,,,,,
153.352,0.5000,0.5000,0.5000,0.5000,-11.51,-26.27,0.856,,1,0,,,,,,17.24717,-4.21274,,,,,,
153.431,0.5000,0.5000,0.5000,0.5000,-1.43,-34.43,0.907,,1,0,,,,,,17.40796,-4.28785,,,,,,
153.485,0.5000,0.5000,0.5000,0.5000,13.47,-16.37,0.905,,1,0,,,,,,17.36844,-4.25726,,,,,,
153.555,0.5000,0.5000,0.5000,0.5000,13.84,-41.78,0.909,,1,0,,,,,,17.26139,-4.22411,,,,,,
153.630,0.5000,0.5000,0.5000,0.5000,75.49,-61.88,0.880,,1,0,,,,,,17.49728,-4.24134,,,,,,
153.691,0.5000,0.5000,0.5000,0.5000,-0.52,-27.40,0.868,,1,0,,,,,,17.71630,-4.28140,,,,,,
153.750,0.5000,0.5000,0.5000,0.5000,2.88,-4.10,0.869,,1,0,,,,,,17.60235,-4.25805,,,,,,
153.816,0.5000,0.5000,0.5000,0.5000,5.45,-35.35,0.907,,1,0,,,,,,17.59179,-4.25703,,,,,,
153.868,0.5000,0.5000,0.5000,0.5000,15.70,-71.81,0.879,,1,0,,,,,,17.63360,-4.23164,,,,,,
153.924,0.5000,0.5000,0.5000,0.5000,9.60,-29.76,0.870,,1,0,,,,,,17.43852,-4.20331,,,,,,
153.988,0.5000,0.5000,0.5000,0.5000,-0.76,-26.02,0.901,,1,0,,,,,,17.42998,-4.17531,,,,,,
154.061,0.5000,0.5000,0.5000,0.5000,-6.87,30.63,0.901,,1,0,,,,,,17.02643,-4.08675,,,,,,
154.131,0.5000,0.5000,0.5000,0.5000,-6.71,31.35,0.920,,1,0,,,,,,17.16398,-4.12848,,,,,,
154.199,0.5000,0.5000,0.5000,0.5000,-27.67,-8.81,0.939,,1,0,,,,,,17.17496,-4.17403,,,,,,
154.258,0.5000,0.5000,0.5000,0.5000,12.15,-12.20,0.935,,1,0,,,,,,17.14688,-4.16790,,,,,,
154.324,0.5000,0.5000,0.5000,0.5000,1.84,-33.91,0.919,,1,0,,,,,,16.88469,-4.12326,,,,,,
154.373,0.5000,0.5000,0.5000,0.5000,-17.89,-51.15,0.918,,1,0,,,,,,16.72156,-4.08724,,,,,,
154.443,0.5000,0.5000,0.5000,0.5000,-4.50,1.41,0.907,,1,0,,,,,,16.61572,-4.06737,,,,,,
154.513,0.5000,0.5000,0.5000,0.5000,16.31,-71.08,0.902,,1,0,,,,,,16.59485,-4.06272,,,,,,
154.576,0.5000,0.5000,0.5000,0.5000,-5.91,26.38,0.815,,1,0,,,,,,16.50012,-4.25619,,,,,,
154.641,0.5000,0.5000,0.5000,0.5000,-4.11,-28.29,0.832,,1,0,,,,,,16.01372,-4.32561,,,,,,
154.715,0.5000,0.5000,0.5000,0.5000,-5.75,25.24,0.776,,1,0,,,,,,15.38643,-4.92180,,,,,,
154.796,0.5000,0.5000,0.5000,0.5000,-5.98,25.02,0.772,,1,0,,,,,,14.64692,-4.77039,,,,,,
154.873,0.5000,0.5000,0.5000,0.5000,-5.34,24.58,0.745,,1,0,,,,,,14.76256,-5.00167,,,,,,
154.945,0.5000,0.5000,0.5000,0.5000,14.86,-65.26,0.762,,1,0,,,,,,13.06132,-5.12808,,,,,,
155.016,0.5000,0.5000,0.5000,0.5000,12.59,-64.30,0.715,,1,0,,,,,,13.42641,-5.28248,,,,,,
155.067,0.5000,0.5000,0.5000,0.5000,0.48,-20.74,0.710,,1,0,,,,,,13.24640,-5.44250,,,,,,
155.126,0.5000,0.5000,0.5000,0.5000,8.08,-27.40,0.718,,1,0,,,,,,12.61625,-5.71168,,,,,,
155.189,0.5000,0.5000,0.5000,0.5000,10.01,-63.90,0.693,,1,0,,,,,,12.72102,-5.67784,,,,,,
155.249,0.5000,0.5000,0.5000,0.5000,9.63,-63.67,0.676,,1,0,,,,,,12.39173,-5.55692,,,,,,
155.293,0.5000,0.5000,0.5000,0.5000,-8.75,-18.88,0.712,,1,0,,,,,,12.77396,-5.52944,,,,,,
155.368,0.5000,0.5000,0.5000,0.5000,3.32,-28.37,0.738,,1,0,,,,,,12.82374,-5.48497,,,,,,
155.437,0.5000,0.5000,0.5000,0.5000,-13.92,-29.02,0.768,,1,0,,,,,,13.36103,-5.51849,,,,,,
155.513,0.5000,0.5000,0.5000,0.5000,-5.17,29.67,0.811,,1,0,,,,,,14.00367,-5.47500,,,,,,
155.573,0.5000,0.5000,0.5000,0.5000,10.82,-69.12,0.818,,1,0,,,,,,15.78712,-5.57492,,,,,,
155.633,0.5000,0.5000,0.5000,0.5000,-5.31,25.94,0.764,,1,0,,,,,,15.29864,-5.23416,,,,,,
155.709,0.5000,0.5000,0.5000,0.5000,-5.97,23.72,0.763,,1,0,,,,,,14.99847,-5.00237,,,,,,
155.778,0.5000,0.5000,0.5000,0.5000,20.22,-42.81,0.841,,1,0,,,,,,15.72356,-5.06081,,,,,,
155.837,0.5000,0.5000,0.5000,0.5000,-6.45,27.55,0.833,,1,0,,,,,,16.19457,-5.04219,,,,,,
155.918,0.5000,0.5000,0.5000,0.5000,13.28,-68.10,0.826,,1,0,,,,,,15.93439,-4.87034,,,,,,
155.989,0.5000,0.5000,0.5000,0.5000,-76.57,-58.49,0.815,,1,0,,,,,,15.94088,-4.80891,,,,,,
156.066,0.5000,0.5000,0.5000,0.5000,-14.57,-18.18,0.802,,1,0,,,,,,16.13830,-4.76655,,,,,,
156.151,0.5000,0.5000,0.5000,0.5000,-5.58,-31.51,0.801,,1,0,,,,,,15.94626,-4.76828,,,,,,
156.219,0.5000,0.5000,0.5000,0.5000,-73.55,-40.77,0.807,,1,0,,,,,,15.90387,-4.77074,,,,,,
156.280,0.5000,0.5000,0.5000,0.5000,-16.35,-37.31,0.801,,1,0,,,,,,15.90908,-4.76927,,,,,,
156.341,0.5000,0.5000,0.5000,0.5000,10.72,-23.86,0.796,,1,0,,,,,,15.94301,-4.76921,,,,,,
156.419,0.5000,0.5000,0.5000,0.5000,27.28,18.68,0.799,,1,0,,,,,,15.73961,-4.66691,,,,,,
156.478,0.5000,0.5000,0.5000,0.5000,-3.41,-3.11,0.797,,1,0,,,,,,15.79081,-4.68351,,,,,,
156.544,0.5000,0.5000,0.5000,0.5000,-3.18,-18.24,0.792,,1,0,,,,,,15.90432,-4.71149,,,,,,
156.618,0.5000,0.5000,0.5000,0.5000,-5.69,-33.63,0.798,,1,0,,,,,,15.77545,-4.63046,,,,,,
156.697,0.5000,0.5000,0.5000,0.5000,0.06,-18.19,0.777,,1,0,,,,,,15.82467,-4.59591,,,,,,
156.754,0.5000,0.5000,0.5000,0.5000,-5.53,-15.07,0.773,,1,0,,,,,,15.76779,-4.60756,,,,,,
156.828,0.5000,0.5000,0.5000,0.5000,-6.23,-33.65,0.773,,1,0,,,,,,15.49740,-4.51044,,,,,,
156.893,0.5000,0.5000,0.5000,0.5000,32.50,8.97,0.784,,1,0,,,,,,15.34781,-4.50026,,,,,,
156.949,0.5000,0.5000,0.5000,0.5000,2.31,-0.36,0.791,,1,0,,,,,,16.32833,-4.65362,,,,,,
157.022,0.5000,0.5000,0.5000,0.5000,-3.93,28.31,0.802,,1,0,,,,,,15.77657,-4.43165,,,,,,
157.105,0.5000,0.5000,0.5000,0.5000,17.41,-36.43,0.599,,1,0,,,,,,15.94157,-4.47367,,,,,,
157.170,0.5000,0.5000,0.5000,0.5000,9.56,-68.11,0.584,,1,0,,,,,,15.95834,-4.34782,,,,,,
157.232,0.5000,0.5000,0.5000,0.5000,31.35,-55.29,0.788,,1,0,,,,,,16.96399,-4.40971,,,,,,
157.303,0.5000,0.5000,0.5000,0.5000,5.44,0.57,0.768,,1,0,,,,,,16.81209,-4.17549,,,,,,
157.375,0.5000,0.5000,0.5000,0.5000,9.67,-71.00,0.754,,1,0,,,,,,16.80350,-4.14132,,,,,,
157.433,0.5000,0.5000,0.5000,0.5000,-76.45,66.69,0.631,,1,0,,,,,,16.35276,-3.89561,,,,,,
157.499,0.5000,0.5000,0.5000,0.5000,7.67,-69.38,0.644,,1,0,,,,,,16.55490,-3.87459,,,,,,
157.564,0.5000,0.5000,0.5000,0.5000,7.13,-26.90,0.651,,1,0,,,,,,16.50968,-3.79931,,,,,,
157.630,0.5000,0.5000,0.5000,0.5000,-22.61,11.72,0.611,,1,0,,,,,,16.62004,-3.83894,,,,,,
157.713,0.5000,0.5000,0.5000,0.5000,-8.90,-30.73,0.614,,1,0,,,,,,16.66358,-3.82061,,,,,,
157.783,0.5000,0.5000,0.5000,0.5000,-84.43,-40.08,0.505,,1,0,,,,,,16.99018,-3.85631,,,,,,
157.843,0.5000,0.5000,0.5000,0.5000,6.67,-71.37,0.378,,1,0,,,,,,17.03862,-3.78264,,,,,,
157.902,0.5000,0.5000,0.5000,0.5000,41.51,72.43,0.398,,1,0,,,,,,16.88671,-3.76497,,,,,,
157.976,0.5000,0.5000,0.5000,0.5000,72.48,-32.26,0.645,,1,0,,,,,,16.97781,-3.89755,,,,,,
158.045,0.5000,0.5000,0.5000,0.5000,10.30,-41.87,0.687,,1,0,,,,,,16.63651,-3.91736,,,,,,
158.118,0.5000,0.5000,0.5000,0.5000,-5.01,-27.90,0.544,,1,0,,,,,,16.73953,-3.99084,,,,,,
158.200,0.5000,0.5000,0.5000,0.5000,-18.90,-17.92,0.451,,1,0,,,,,,16.82558,-4.01445,,,,,,
158.272,0.5000,0.5000,0.5000,0.5000,-88.39,-43.62,0.751,,1,0,,,,,,17.58462,-4.38001,,,,,,
158.339,0.5000,0.5000,0.5000,0.5000,-52.64,-62.36,0.783,,1,0,,,,,,17.27892,-4.34355,,,,,,
158.406,0.5000,0.5000,0.5000,0.5000,7.71,-70.89,0.774,,1,0,,,,,,16.95541,-4.24028,,,,,,
158.465,0.5000,0.5000,0.5000,0.5000,59.78,-25.01,0.852,,1,0,,,,,,16.97354,-4.29364,,,,,,
158.534,0.5000,0.5000,0.5000,0.5000,29.08,-23.17,0.854,,1,0,,,,,,16.62821,-4.19564,,,,,,
158.607,0.5000,0.5000,0.5000,0.5000,-16.16,7.23,0.857,,1,0,,,,,,16.67286,-4.19699,,,,,,
158.674,0.5000,0.5000,0.5000,0.5000,-10.40,-38.96,0.871,,1,0,,,,,,16.50087,-4.19393,,,,,,
158.733,0.5000,0.5000,0.5000,0.5000,10.09,-70.62,0.866,,1,0,,,,,,16.56782,-4.20715,,,,,,
158.792,0.5000,0.5000,0.5000,0.5000,22.10,-79.09,0.867,,1,0,,,,,,16.51522,-4.22224,,,,,,
158.852,0.5000,0.5000,0.5000,0.5000,11.35,-70.64,0.861,,1,0,,,,,,16.64160,-4.27402,,,,,,
158.920,0.5000,0.5000,0.5000,0.5000,-6.47,-35.01,0.887,,1,0,,,,,,16.28794,-4.23803,,,,,,
158.990,0.5000,0.5000,0.5000,0.5000,-1.46,-26.48,0.866,,1,0,,,,,,16.56574,-4.33120,,,,,,
159.057,0.5000,0.5000,0.5000,0.5000,11.17,-69.87,0.842,,1,0,,,,,,17.06738,-4.40159,,,,,,
159.121,0.5000,0.5000,0.5000,0.5000,-4.07,29.11,0.851,,1,0,,,,,,16.73106,-4.36323,,,,,,
159.174,0.5000,0.5000,0.5000,0.5000,0.45,-34.03,0.910,,1,0,,,,,,16.73434,-4.41485,,,,,,
159.228,0.5000,0.5000,0.5000,0.5000,-11.93,-39.17,0.946,,1,0,,,,,,16.68813,-4.41498,,,,,,
159.294,0.5000,0.5000,0.5000,0.5000,12.50,-24.96,0.951,,1,0,,,,,,16.27881,-4.35247,,,,,,
159.381,0.5000,0.5000,0.5000,0.5000,-8.70,-14.18,0.938,,1,0,,,,,,16.57035,-4.41905,,,,,,
159.446,0.5000,0.5000,0.5000,0.5000,-15.47,-34.06,0.933,,1,0,,,,,,16.65635,-4.44551,,,,,,
159.485,0.5000,0.5000,0.5000,0.5000,5.81,-38.74,0.925,,1,0,,,,,,16.65682,-4.44529,,,,,,
159.538,0.5000,0.5000,0.5000,0.5000,-2.50,-23.84,0.911,,1,0,,,,,,16.68982,-4.45172,,,,,,
159.599,0.5000,0.5000,0.5000,0.5000,-37.41,7.43,0.859,,1,0,,,,,,16.76383,-4.47068,,,,,,
159.657,0.5000,0.5000,0.5000,0.5000,12.07,-6.68,0.866,,1,0,,,,,,16.80415,-4.47675,,,,,,
159.726,0.5000,0.5000,0.5000,0.5000,11.28,-69.74,0.850,,1,0,,,,,,16.84393,-4.46065,,,,,,
159.787,0.5000,0.5000,0.5000,0.5000,18.76,-51.24,0.862,,1,0,,,,,,16.50947,-4.41245,,,,,,
159.856,0.5000,0.5000,0.5000,0.5000,5.13,-32.34,0.869,,1,0,,,,,,16.63858,-4.44177,,,,,,
159.925,0.5000,0.5000,0.5000,0.5000,0.90,0.21,0.872,,1,0,,,,,,16.63128,-4.43886,,,,,,
159.993,0.5000,0.5000,0.5000,0.5000,-4.60,-10.58,0.870,,1,0,,,,,,16.96032,-4.49366,,,,,,
160.053,0.5000,0.5000,0.5000,0.5000,55.74,-40.75,0.881,,1,0,,,,,,16.94462,-4.48610,,,,,,
160.098,0.5000,0.5000,0.5000,0.5000,-5.65,-3.14,0.886,,1,0,,,,,,16.95472,-4.46696,,,,,,
160.160,0.5000,0.5000,0.5000,0.5000,12.38,-69.77,0.868,,1,0,,,,,,16.90243,-4.47946,,,,,,
160.226,0.5000,0.5000,0.5000,0.5000,-1.94,-22.40,0.868,,1,0,,,,,,17.21950,-4.53512,,,,,,
160.286,0.5000,0.5000,0.5000,0.5000,12.41,-70.72,0.878,,1,0,,,,,,17.56743,-4.61013,,,,,,
160.336,0.5000,0.5000,0.5000,0.5000,-66.64,75.09,0.883,,1,0,,,,,,17.68948,-4.60199,,,,,,
160.387,0.5000,0.5000,0.5000,0.5000,2.73,-27.35,0.848,,1,0,,,,,,17.62904,-4.52497,,,,,,
160.445,0.5000,0.5000,0.5000,0.5000,11.22,-70.47,0.852,,1,0,,,,,,17.24932,-4.40056,,,,,,
160.497,0.5000,0.5000,0.5000,0.5000,-0.73,-0.87,0.830,,1,0,,,,,,17.47752,-4.40780,,,,,,
160.576,0.5000,0.5000,0.5000,0.5000,-6.58,-52.13,0.829,,1,0,,,,,,17.30791,-4.32856,,,,,,
160.637,0.5000,0.5000,0.5000,0.5000,-4.39,30.85,0.859,,1,0,,,,,,16.76539,-4.13214,,,,,,
160.706,0.5000,0.5000,0.5000,0.5000,-1.40,-1.01,0.844,,1,0,,,,,,16.43721,-3.99590,,,,,,
160.786,0.5000,0.5000,0.5000,0.5000,7.52,-68.12,0.842,,1,0,,,,,,16.33357,-3.91204,,,,,,
160.850,0.5000,0.5000,0.5000,0.5000,-3.49,-21.51,0.829,,1,0,,,,,,16.51068,-3.94992,,,,,,
160.926,0.5000,0.5000,0.5000,0.5000,27.34,-10.82,0.808,,1,0,,,,,,16.62142,-3.92361,,,,,,
160.981,0.5000,0.5000,0.5000,0.5000,24.61,-4.84,0.785,,1,0,,,,,,16.39900,-3.82982,,,,,,
161.037,0.5000,0.5000,0.5000,0.5000,7.49,-69.94,0.817,,1,0,,,,,,16.90985,-3.89638,,,,,,
161.098,0.5000,0.5000,0.5000,0.5000,7.36,-70.02,0.833,,1,0,,,,,,16.75507,-3.85242,,,,,,
161.167,0.5000,0.5000,0.5000,0.5000,2.98,-27.79,0.821,,1,0,,,,,,17.12326,-3.88663,,,,,,
161.227,0.5000,0.5000,0.5000,0.5000,-70.74,-57.89,0.816,,1,0,,,,,,16.95027,-3.83975,,,,,,
161.312,0.5000,0.5000,0.5000,0.5000,7.57,-71.06,0.836,,1,0,,,,,,16.98577,-3.84182,,,,,,
161.387,0.5000,0.5000,0.5000,0.5000,41.40,72.44,0.854,,1,0,,,,,,16.94112,-3.84307,,,,,,
161.465,0.5000,0.5000,0.5000,0.5000,-27.27,66.81,0.836,,1,0,,,,,,16.51363,-3.80197,,,,,,
161.536,0.5000,0.5000,0.5000,0.5000,41.26,73.09,0.824,,1,0,,,,,,16.74161,-3.86911,,,,,,
161.604,0.5000,0.5000,0.5000,0.5000,1.83,-26.74,0.786,,1,0,,,,,,16.42976,-3.95030,,,,,,
161.666,0.5000,0.5000,0.5000,0.5000,8.73,-69.07,0.779,,1,0,,,,,,16.34066,-4.06248,,,,,,
161.737,0.5000,0.5000,0.5000,0.5000,1.31,-7.56,0.780,,1,0,,,,,,16.74463,-4.30032,,,,,,
161.804,0.5000,0.5000,0.5000,0.5000,-8.00,-42.17,0.965,,1,0,,,,,,15.90199,-4.66307,,,,,,
161.875,0.5000,0.5000,0.5000,0.5000,8.64,-3.32,0.986,,1,0,,,,,,16.79224,-5.00964,,,,,,
161.933,0.5000,0.5000,0.5000,0.5000,-4.40,-3.43,0.953,,1,0,,,,,,16.79294,-5.18426,,,,,,
161.995,0.5000,0.5000,0.5000,0.5000,-75.48,66.02,0.904,,1,0,,,,,,15.75048,-5.33852,,,,,,
162.052,0.5000,0.5000,0.5000,0.5000,-7.34,32.44,0.861,,1,0,,,,,,15.73042,-5.40679,,,,,,
162.125,0.5000,0.5000,0.5000,0.5000,14.62,-19.19,0.834,,1,0,,,,,,15.97653,-5.60367,,,,,,
162.179,0.5000,0.5000,0.5000,0.5000,33.34,-47.07,0.872,,1,0,,,,,,15.65009,-5.51144,,,,,,
162.239,0.5000,0.5000,0.5000,0.5000,-27.64,-34.38,0.785,,1,0,,,,,,15.42669,-5.52412,,,,,,
162.306,0.5000,0.5000,0.5000,0.5000,3.46,-32.35,0.794,,1,0,,,,,,15.39060,-5.47761,,,,,,
162.370,0.5000,0.5000,0.5000,0.5000,37.55,73.02,0.793,,1,0,,,,,,15.12187,-5.43881,,,,,,
162.442,0.5000,0.5000,0.5000,0.5000,-6.74,27.83,0.771,,1,0,,,,,,15.08578,-5.41836,,,,,,
162.495,0.5000,0.5000,0.5000,0.5000,-4.42,-29.30,0.789,,1,0,,,,,,15.02655,-5.38576,,,,,,
162.535,0.5000,0.5000,0.5000,0.5000,58.67,-57.29,0.789,,1,0,,,,,,14.81598,-5.31859,,,,,,
162.618,0.5000,0.5000,0.5000,0.5000,-38.10,15.10,0.802,,1,0,,,,,,14.69509,-5.29162,,,,,,
162.678,0.5000,0.5000,0.5000,0.5000,-5.10,27.42,0.796,,1,0,,,,,,14.64317,-5.21838,,,,,,
162.748,0.5000,0.5000,0.5000,0.5000,12.03,-66.30,0.774,,1,0,,,,,,14.87983,-5.24658,,,,,,
162.816,0.5000,0.5000,0.5000,0.5000,-4.40,27.16,0.752,,1,0,,,,,,15.13258,-5.20292,,,,,,
162.882,0.5000,0.5000,0.5000,0.5000,-4.40,23.54,0.745,,1,0,,,,,,15.13376,-5.13866,,,,,,
162.932,0.5000,0.5000,0.5000,0.5000,-4.16,25.09,0.764,,1,0,,,,,,15.01097,-5.08695,,,,,,
162.995,0.5000,0.5000,0.5000,0.5000,-4.47,24.68,0.760,,1,0,,,,,,14.83498,-5.02836,,,,,,
163.058,0.5000,0.5000,0.5000,0.5000,-3.75,-15.98,0.762,,1,0,,,,,,14.82595,-4.99339,,,,,,
163.121,0.5000,0.5000,0.5000,0.5000,-3.80,26.14,0.736,,1,0,,,,,,14.97337,-4.98957,,,,,,
163.180,0.5000,0.5000,0.5000,0.5000,-4.11,24.96,0.744,,1,0,,,,,,15.01720,-4.98086,,,,,,
163.242,0.5000,0.5000,0.5000,0.5000,-5.48,26.20,0.762,,1,0,,,,,,14.87440,-4.88409,,,,,,
163.321,0.5000,0.5000,0.5000,0.5000,-4.49,24.09,0.763,,1,0,,,,,,14.91145,-4.90222,,,,,,
163.387,0.5000,0.5000,0.5000,0.5000,41.94,-41.58,0.759,,1,0,,,,,,15.25407,-4.97954,,,,,,
163.455,0.5000,0.5000,0.5000,0.5000,-20.15,32.07,0.743,,1,0,,,,,,15.30276,-4.95995,,,,,,
163.535,0.5000,0.5000,0.5000,0.5000,8.37,-65.89,0.685,,1,0,,,,,,15.11375,-4.85347,,,,,,
163.590,0.5000,0.5000,0.5000,0.5000,8.66,-66.72,0.702,,1,0,,,,,,15.25354,-4.90919,,,,,,
163.655,0.5000,0.5000,0.5000,0.5000,8.40,-66.45,0.694,,1,0,,,,,,15.08709,-4.82656,,,,,,
163.728,0.5000,0.5000,0.5000,0.5000,8.26,-66.09,0.684,,1,0,,,,,,14.96477,-4.80090,,,,,,
163.812,0.5000,0.5000,0.5000,0.5000,-10.47,-27.73,0.697,,1,0,,,,,,14.74463,-4.72470,,,,,,
163.862,0.5000,0.5000,0.5000,0.5000,6.13,-65.71,0.677,,1,0,,,,,,14.85859,-4.60151,,,,,,
163.912,0.5000,0.5000,0.5000,0.5000,-10.83,-15.53,0.704,,1,0,,,,,,15.02453,-4.50639,,,,,,
163.981,0.5000,0.5000,0.5000,0.5000,-2.50,27.62,0.724,,1,0,,,,,,15.02187,-4.46101,,,,,,
164.051,0.5000,0.5000,0.5000,0.5000,-2.11,26.13,0.674,,1,0,,,,,,15.19420,-4.38258,,,,,,
164.125,0.5000,0.5000,0.5000,0.5000,-3.21,-28.42,0.473,,1,0,,,,,,14.60784,-4.07599,,,,,,
164.192,0.5000,0.5000,0.5000,0.5000,-0.72,-32.03,0.478,,1,0,,,,,,14.42225,-3.95802,,,,,,
164.240,0.5000,0.5000,0.5000,0.5000,-6.90,-6.55,0.509,,1,0,,,,,,14.16165,-3.88830,,,,,,
164.285,0.5000,0.5000,0.5000,0.5000,-2.34,-1.71,0.473,,1,0,,,,,,14.49209,-3.96941,,,,,,
164.348,0.5000,0.5000,0.5000,0.5000,3.39,-68.09,0.521,,1,0,,,,,,14.35892,-3.96669,,,,,,
164.411,0.5000,0.5000,0.5000,0.5000,24.13,-18.23,0.529,,1,0,,,,,,14.55157,-4.03097,,,,,,
164.484,0.5000,0.5000,0.5000,0.5000,-73.77,65.65,0.537,,1,0,,,,,,15.07328,-4.18409,,,,,,
164.563,0.5000,0.5000,0.5000,0.5000,-79.48,66.00,0.528,,1,0,,,,,,14.75903,-4.23074,,,,,,
164.620,0.5000,0.5000,0.5000,0.5000,-76.38,67.30,0.491,,1,0,,,,,,14.38603,-4.37852,,,,,,
164.673,0.5000,0.5000,0.5000,0.5000,-72.01,66.75,0.444,,1,0,,,,,,14.18370,-4.39635,,,,,,
164.751,0.5000,0.5000,0.5000,0.5000,-28.44,67.22,0.443,,1,0,,,,,,13.95407,-4.37152,,,,,,
164.813,0.5000,0.5000,0.5000,0.5000,-44.39,-68.83,0.436,,1,0,,,,,,14.01831,-4.39741,,,,,,
164.876,0.5000,0.5000,0.5000,0.5000,-75.42,67.22,0.410,,1,0,,,,,,14.12795,-4.42691,,,,,,
164.946,0.5000,0.5000,0.5000,0.5000,-2.62,27.76,0.653,,1,0,,,,,,13.48748,-4.33472,,,,,,
164.998,0.5000,0.5000,0.5000,0.5000,-21.12,-24.33,0.716,,1,0,,,,,,13.17415,-4.39117,,,,,,
165.060,0.5000,0.5000,0.5000,0.5000,-3.27,26.28,0.708,,1,0,,,,,,13.06879,-4.42623,,,,,,
165.125,0.5000,0.5000,0.5000,0.5000,-29.99,-67.26,0.620,,1,0,,,,,,13.46947,-4.59110,,,,,,
165.187,0.5000,0.5000,0.5000,0.5000,9.34,-63.31,0.646,,1,0,,,,,,13.32360,-4.52214,,,,,,
165.255,0.5000,0.5000,0.5000,0.5000,-2.12,-13.59,0.659,,1,0,,,,,,13.45205,-4.53177,,,,,,
165.326,0.5000,0.5000,0.5000,0.5000,-2.89,25.22,0.713,,1,0,,,,,,13.51031,-4.33354,,,,,,
165.386,0.5000,0.5000,0.5000,0.5000,-2.69,23.62,0.690,,1,0,,,,,,13.51961,-4.28225,,,,,,
165.450,0.5000,0.5000,0.5000,0.5000,-32.43,-42.85,0.688,,1,0,,,,,,13.81607,-4.32130,,,,,,
165.518,0.5000,0.5000,0.5000,0.5000,-2.78,21.56,0.637,,1,0,,,,,,14.38076,-4.17230,,,,,,
165.590,0.5000,0.5000,0.5000,0.5000,8.81,-64.67,0.521,,1,0,,,,,,14.67162,-4.11654,,,,,,
165.653,0.5000,0.5000,0.5000,0.5000,-2.22,25.15,0.531,,1,0,,,,,,14.75645,-4.01670,,,,,,
165.743,0.5000,0.5000,0.5000,0.5000,-4.07,-29.68,0.533,,1,0,,,,,,14.42947,-3.80280,,,,,,
165.805,0.5000,0.5000,0.5000,0.5000,9.39,-62.63,0.512,,1,0,,,,,,14.67724,-3.84874,,,,,,
165.889,0.5000,0.5000,0.5000,0.5000,9.57,-65.31,0.467,,1,0,,,,,,14.69778,-3.82461,,,,,,
165.957,0.5000,0.5000,0.5000,0.5000,-71.34,65.24,0.429,,1,0,,,,,,15.16702,-3.93921,,,,,,
166.007,0.5000,0.5000,0.5000,0.5000,-70.55,66.47,0.419,,1,0,,,,,,15.17186,-3.92964,,,,,,
166.072,0.5000,0.5000,0.5000,0.5000,-11.65,59.32,0.332,,1,0,,,,,,15.56194,-4.08790,,,,,,
166.146,0.5000,0.5000,0.5000,0.5000,-70.84,66.51,0.338,,1,0,,,,,,15.72044,-4.13739,,,,,,
166.223,0.5000,0.5000,0.5000,0.5000,-1.90,27.37,0.548,,1,0,,,,,,15.25302,-3.98090,,,,,,
166.278,0.5000,0.5000,0.5000,0.5000,2.58,-22.32,0.599,,1,0,,,,,,14.98862,-3.94807,,,,,,
166.324,0.5000,0.5000,0.5000,0.5000,9.85,-66.03,0.673,,1,0,,,,,,14.78128,-3.93406,,,,,,
166.401,0.5000,0.5000,0.5000,0.5000,10.61,-65.86,0.704,,1,0,,,,,,14.38101,-3.90177,,,,,,
166.453,0.5000,0.5000,0.5000,0.5000,-2.46,23.19,0.704,,1,0,,,,,,14.44403,-3.93897,,,,,,
166.498,0.5000,0.5000,0.5000,0.5000,-2.76,23.45,0.699,,1,0,,,,,,14.46837,-3.95642,,,,,,
166.576,0.5000,0.5000,0.5000,0.5000,-3.62,22.86,0.695,,1,0,,,,,,14.38903,-3.93090,,,,,,
166.641,0.5000,0.5000,0.5000,0.5000,-2.82,22.79,0.696,,1,0,,,,,,14.35297,-3.92645,,,,,,
166.707,0.5000,0.5000,0.5000,0.5000,10.21,-65.63,0.700,,1,0,,,,,,14.48408,-3.96440,,,,,,
166.781,0.5000,0.5000,0.5000,0.5000,-8.55,-36.09,0.697,,1,0,,,,,,14.31022,-3.95356,,,,,,
166.856,0.5000,0.5000,0.5000,0.5000,-2.83,17.55,0.686,,1,0,,,,,,14.22485,-3.94153,,,,,,
166.916,0.5000,0.5000,0.5000,0.5000,-1.71,-21.22,0.722,,1,0,,,,,,14.25880,-4.13587,,,,,,
166.965,0.5000,0.5000,0.5000,0.5000,10.52,-64.85,0.732,,1,0,,,,,,14.20566,-4.24178,,,,,,
167.021,0.5000,0.5000,0.5000,0.5000,11.00,-64.89,0.720,,1,0,,,,,,14.40219,-4.37077,,,,,,
167.093,0.5000,0.5000,0.5000,0.5000,-28.57,-43.06,0.716,,1,0,,,,,,14.38504,-4.37533,,,,,,
167.153,0.5000,0.5000,0.5000,0.5000,10.87,-64.51,0.727,,1,0,,,,,,14.51299,-4.42442,,,,,,
167.221,0.5000,0.5000,0.5000,0.5000,11.05,-64.63,0.735,,1,0,,,,,,14.16707,-4.33560,,,,,,
167.273,0.5000,0.5000,0.5000,0.5000,11.59,-65.02,0.750,,1,0,,,,,,14.35482,-4.40945,,,,,,
167.333,0.5000,0.5000,0.5000,0.5000,11.90,-65.48,0.750,,1,0,,,,,,14.45573,-4.41767,,,,,,
167.386,0.5000,0.5000,0.5000,0.5000,-7.69,-42.65,0.756,,1,0,,,,,,14.40765,-4.38924,,,,,,
167.439,0.5000,0.5000,0.5000,0.5000,-3.50,19.89,0.756,,1,0,,,,,,14.43474,-4.38866,,,,,,
167.515,0.5000,0.5000,0.5000,0.5000,-4.70,21.01,0.754,,1,0,,,,,,14.46347,-4.39298,,,,,,
167.562,0.5000,0.5000,0.5000,0.5000,11.55,-25.98,0.762,,1,0,,,,,,14.43539,-4.39164,,,,,,
167.640,0.5000,0.5000,0.5000,0.5000,-10.68,-30.98,0.752,,1,0,,,,,,14.50050,-4.41278,,,,,,
167.704,0.5000,0.5000,0.5000,0.5000,11.55,-65.42,0.753,,1,0,,,,,,14.43467,-4.39596,,,,,,
167.764,0.5000,0.5000,0.5000,0.5000,11.62,-65.42,0.746,,1,0,,,,,,14.39425,-4.38544,,,,,,
167.826,0.5000,0.5000,0.5000,0.5000,11.15,-65.57,0.750,,1,0,,,,,,14.31250,-4.38026,,,,,,
167.879,0.5000,0.5000,0.5000,0.5000,-22.40,-56.99,0.757,,1,0,,,,,,14.23097,-4.35382,,,,,,
167.944,0.5000,0.5000,0.5000,0.5000,-4.61,21.43,0.755,,1,0,,,,,,14.28598,-4.37810,,,,,,
168.026,0.5000,0.5000,0.5000,0.5000,-4.30,22.29,0.771,,1,0,,,,,,14.35008,-4.39919,,,,,,
168.081,0.5000,0.5000,0.5000,0.5000,-3.85,22.62,0.760,,1,0,,,,,,14.38404,-4.39045,,,,,,
168.148,0.5000,0.5000,0.5000,0.5000,-3.39,23.42,0.752,,1,0,,,,,,14.32835,-4.37299,,,,,,
168.213,0.5000,0.5000,0.5000,0.5000,-24.34,-33.68,0.746,,1,0,,,,,,14.29033,-4.37525,,,,,,
168.287,0.5000,0.5000,0.5000,0.5000,6.38,-66.14,0.750,,1,0,,,,,,14.16132,-4.35743,,,,,,
168.364,0.5000,0.5000,0.5000,0.5000,-6.94,-14.52,0.750,,1,0,,,,,,14.19276,-4.37152,,,,,,
168.427,0.5000,0.5000,0.5000,0.5000,-3.72,21.67,0.746,,1,0,,,,,,14.10837,-4.35113,,,,,,
168.493,0.5000,0.5000,0.5000,0.5000,9.72,-65.09,0.754,,1,0,,,,,,14.05915,-4.34683,,,,,,
168.544,0.5000,0.5000,0.5000,0.5000,9.99,-65.24,0.762,,1,0,,,,,,14.12673,-4.37263,,,,,,
168.610,0.5000,0.5000,0.5000,0.5000,10.02,-65.10,0.752,,1,0,,,,,,14.05592,-4.34592,,,,,,
168.679,0.5000,0.5000,0.5000,0.5000,-3.66,21.04,0.741,,1,0,,,,,,14.05443,-4.35474,,,,,,
168.745,0.5000,0.5000,0.5000,0.5000,-3.33,21.19,0.751,,1,0,,,,,,14.17415,-4.38555,,,,,,
168.809,0.5000,0.5000,0.5000,0.5000,8.94,-65.17,0.740,,1,0,,,,,,14.23511,-4.39195,,,,,,
168.876,0.5000,0.5000,0.5000,0.5000,8.95,-65.19,0.735,,1,0,,,,,,14.24680,-4.39790,,,,,,
168.939,0.5000,0.5000,0.5000,0.5000,-3.79,21.73,0.730,,1,0,,,,,,14.19314,-4.36930,,,,,,
169.009,0.5000,0.5000,0.5000,0.5000,8.79,-65.10,0.724,,1,0,,,,,,14.23181,-4.37923,,,,,,
169.084,0.5000,0.5000,0.5000,0.5000,-3.96,-30.73,0.728,,1,0,,,,,,14.05378,-4.32728,,,,,,
169.151,0.5000,0.5000,0.5000,0.5000,-3.81,21.41,0.730,,1,0,,,,,,14.06188,-4.32323,,,,,,
169.236,0.5000,0.5000,0.5000,0.5000,-5.65,-30.26,0.733,,1,0,,,,,,13.97204,-4.27659,,,,,,
169.296,0.5000,0.5000,0.5000,0.5000,-29.67,-45.91,0.737,,1,0,,,,,,13.97742,-4.31004,,,,,,
169.354,0.5000,0.5000,0.5000,0.5000,1.26,-29.65,0.762,,1,0,,,,,,14.01756,-4.30597,,,,,,
169.417,0.5000,0.5000,0.5000,0.5000,36.99,-53.31,0.760,,1,0,,,,,,13.98983,-4.28921,,,,,,
169.476,0.5000,0.5000,0.5000,0.5000,8.76,-64.79,0.735,,1,0,,,,,,13.76833,-4.25617,,,,,,
169.537,0.5000,0.5000,0.5000,0.5000,-2.11,26.35,0.737,,1,0,,,,,,13.78928,-4.25242,,,,,,
169.612,0.5000,0.5000,0.5000,0.5000,7.97,-64.64,0.743,,1,0,,,,,,13.74177,-4.21311,,,,,,
169.676,0.5000,0.5000,0.5000,0.5000,8.00,-64.54,0.741,,1,0,,,,,,13.84877,-4.21057,,,,,,
169.745,0.5000,0.5000,0.5000,0.5000,8.14,-64.60,0.745,,1,0,,,,,,13.98152,-4.22896,,,,,,
169.825,0.5000,0.5000,0.5000,0.5000,-2.98,21.97,0.736,,1,0,,,,,,13.91902,-4.19736,,,,,,
169.891,0.5000,0.5000,0.5000,0.5000,-3.25,21.03,0.758,,1,0,,,,,,14.07779,-4.22357,,,,,,
169.953,0.5000,0.5000,0.5000,0.5000,7.32,-64.44,0.741,,1,0,,,,,,14.20285,-4.22279,,,,,,
170.014,0.5000,0.5000,0.5000,0.5000,-5.46,-27.15,0.728,,1,0,,,,,,14.03968,-4.19008,,,,,,
170.072,0.5000,0.5000,0.5000,0.5000,7.25,-64.22,0.719,,1,0,,,,,,14.09858,-4.18559,,,,,,
170.140,0.5000,0.5000,0.5000,0.5000,-3.81,19.55,0.704,,1,0,,,,,,14.08980,-4.18284,,,,,,
170.214,0.5000,0.5000,0.5000,0.5000,-13.68,-27.20,0.712,,1,0,,,,,,14.03479,-4.15924,,,,,,
170.275,0.5000,0.5000,0.5000,0.5000,11.09,-58.48,0.724,,1,0,,,,,,13.62346,-4.09654,,,,,,
170.329,0.5000,0.5000,0.5000,0.5000,-2.85,20.16,0.745,,1,0,,,,,,13.56664,-4.09120,,,,,,
170.372,0.5000,0.5000,0.5000,0.5000,8.32,-32.92,0.737,,1,0,,,,,,13.71738,-4.14718,,,,,,
170.432,0.5000,0.5000,0.5000,0.5000,8.18,-64.73,0.740,,1,0,,,,,,13.65745,-4.12844,,,,,,
170.495,0.5000,0.5000,0.5000,0.5000,-0.63,-17.95,0.753,,1,0,,,,,,13.91190,-4.16288,,,,,,
170.576,0.5000,0.5000,0.5000,0.5000,8.06,-64.94,0.743,,1,0,,,,,,13.99052,-4.18344,,,,,,
170.630,0.5000,0.5000,0.5000,0.5000,7.95,-64.83,0.743,,1,0,,,,,,14.01856,-4.14434,,,,,,
170.689,0.5000,0.5000,0.5000,0.5000,-3.33,18.63,0.733,,1,0,,,,,,14.16824,-4.14239,,,,,,
170.729,0.5000,0.5000,0.5000,0.5000,-3.14,19.45,0.741,,1,0,,,,,,14.30178,-4.17600,,,,,,
170.785,0.5000,0.5000,0.5000,0.5000,-5.41,16.43,0.728,,1,0,,,,,,14.22473,-4.11338,,,,,,
170.860,0.5000,0.5000,0.5000,0.5000,7.74,-64.85,0.731,,1,0,,,,,,14.30915,-4.12394,,,,,,
170.934,0.5000,0.5000,0.5000,0.5000,8.37,-65.09,0.757,,1,0,,,,,,14.51211,-4.12419,,,,,,
171.001,0.5000,0.5000,0.5000,0.5000,8.28,-65.69,0.771,,1,0,,,,,,14.91145,-4.21757,,,,,,
171.058,0.5000,0.5000,0.5000,0.5000,-4.34,-19.15,0.803,,1,0,,,,,,15.01784,-4.26434,,,,,,
171.119,0.5000,0.5000,0.5000,0.5000,-3.97,23.47,0.793,,1,0,,,,,,14.98077,-4.28143,,,,,,
171.179,0.5000,0.5000,0.5000,0.5000,-10.31,-25.23,0.768,,1,0,,,,,,14.90789,-4.26485,,,,,,
171.250,0.5000,0.5000,0.5000,0.5000,7.31,-65.74,0.761,,1,0,,,,,,14.67883,-4.20832,,,,,,
171.306,0.5000,0.5000,0.5000,0.5000,-4.32,21.77,0.791,,1,0,,,,,,15.11785,-4.30180,,,,,,
171.378,0.5000,0.5000,0.5000,0.5000,-3.65,23.69,0.766,,1,0,,,,,,15.17176,-4.29855,,,,,,
171.425,0.5000,0.5000,0.5000,0.5000,8.16,-65.02,0.724,,1,0,,,,,,14.97763,-4.21951,,,,,,
171.491,0.5000,0.5000,0.5000,0.5000,-4.88,19.13,0.733,,1,0,,,,,,14.87632,-4.15908,,,,,,
171.570,0.5000,0.5000,0.5000,0.5000,8.52,-64.89,0.740,,1,0,,,,,,14.86480,-4.10762,,,,,,
171.633,0.5000,0.5000,0.5000,0.5000,7.94,-65.16,0.709,,1,0,,,,,,14.99052,-4.13359,,,,,,
171.697,0.5000,0.5000,0.5000,0.5000,8.28,-64.92,0.684,,1,0,,,,,,15.16266,-4.15183,,,,,,
171.766,0.5000,0.5000,0.5000,0.5000,-3.52,22.73,0.678,,1,0,,,,,,15.16201,-4.15429,,,,,,
171.837,0.5000,0.5000,0.5000,0.5000,8.63,-65.28,0.685,,1,0,,,,,,15.10310,-4.14570,,,,,,
171.914,0.5000,0.5000,0.5000,0.5000,-3.49,23.68,0.702,,1,0,,,,,,15.16429,-4.19856,,,,,,
171.986,0.5000,0.5000,0.5000,0.5000,-6.76,22.29,0.704,,1,0,,,,,,15.14510,-4.19464,,,,,,
172.048,0.5000,0.5000,0.5000,0.5000,-4.10,23.83,0.705,,1,0,,,,,,15.08613,-4.18082,,,,,,
172.097,0.5000,0.5000,0.5000,0.5000,-3.41,24.01,0.708,,1,0,,,,,,15.17022,-4.19111,,,,,,
172.156,0.5000,0.5000,0.5000,0.5000,-3.56,23.98,0.732,,1,0,,,,,,15.10240,-4.18981,,,,,,
172.211,0.5000,0.5000,0.5000,0.5000,-3.54,23.19,0.735,,1,0,,,,,,15.16012,-4.19432,,,,,,
172.271,0.5000,0.5000,0.5000,0.5000,-8.48,-27.69,0.734,,1,0,,,,,,15.21278,-4.19481,,,,,,
172.326,0.5000,0.5000,0.5000,0.5000,-3.49,21.57,0.722,,1,0,,,,,,15.20220,-4.14900,,,,,,
172.397,0.5000,0.5000,0.5000,0.5000,7.46,-65.83,0.735,,1,0,,,,,,15.36512,-4.20403,,,,,,
172.459,0.5000,0.5000,0.5000,0.5000,10.74,-27.93,0.731,,1,0,,,,,,15.00520,-4.05762,,,,,,
172.519,0.5000,0.5000,0.5000,0.5000,7.11,-65.38,0.729,,1,0,,,,,,15.30036,-4.12149,,,,,,
172.592,0.5000,0.5000,0.5000,0.5000,-4.28,22.11,0.684,,1,0,,,,,,15.22061,-4.06117,,,,,,
172.641,0.5000,0.5000,0.5000,0.5000,-3.70,23.12,0.739,,1,0,,,,,,15.41447,-4.15999,,,,,,
172.711,0.5000,0.5000,0.5000,0.5000,6.65,-66.61,0.724,,1,0,,,,,,15.32028,-4.12007,,,,,,
172.772,0.5000,0.5000,0.5000,0.5000,-2.37,19.31,0.731,,1,0,,,,,,15.25656,-4.12922,,,,,,
172.845,0.5000,0.5000,0.5000,0.5000,6.12,-66.81,0.731,,1,0,,,,,,15.32609,-4.15845,,,,,,
172.923,0.5000,0.5000,0.5000,0.5000,-3.44,21.87,0.703,,1,0,,,,,,15.31668,-4.14687,,,,,,
172.989,0.5000,0.5000,0.5000,0.5000,-6.01,20.93,0.711,,1,0,,,,,,15.23624,-4.12204,,,,,,
173.048,0.5000,0.5000,0.5000,0.5000,-3.44,21.59,0.718,,1,0,,,,,,15.25483,-4.12670,,,,,,
173.109,0.5000,0.5000,0.5000,0.5000,-2.08,19.30,0.722,,1,0,,,,,,15.04717,-4.07247,,,,,,
173.149,0.5000,0.5000,0.5000,0.5000,-4.67,21.96,0.721,,1,0,,,,,,15.04006,-4.06994,,,,,,
173.216,0.5000,0.5000,0.5000,0.5000,-3.98,21.64,0.726,,1,0,,,,,,15.00363,-4.06126,,,,,,
173.288,0.5000,0.5000,0.5000,0.5000,19.10,-47.58,0.726,,1,0,,,,,,15.14646,-4.08834,,,,,,
173.358,0.5000,0.5000,0.5000,0.5000,-4.55,23.14,0.722,,1,0,,,,,,15.22566,-4.10087,,,,,,
173.413,0.5000,0.5000,0.5000,0.5000,-3.29,21.43,0.723,,1,0,,,,,,15.34676,-4.09737,,,,,,
173.481,0.5000,0.5000,0.5000,0.5000,-3.12,21.04,0.723,,1,0,,,,,,15.39849,-4.10117,,,,,,
173.547,0.5000,0.5000,0.5000,0.5000,-3.40,23.35,0.715,,1,0,,,,,,15.40219,-4.08509,,,,,,
173.618,0.5000,0.5000,0.5000,0.5000,-3.50,23.83,0.725,,1,0,,,,,,15.43456,-4.10421,,,,,,
173.686,0.5000,0.5000,0.5000,0.5000,-4.31,22.84,0.715,,1,0,,,,,,15.44822,-4.10531,,,,,,
173.731,0.5000,0.5000,0.5000,0.5000,7.96,-65.92,0.710,,1,0,,,,,,15.50245,-4.12203,,,,,,
173.800,0.5000,0.5000,0.5000,0.5000,-24.50,-44.87,0.713,,1,0,,,,,,15.44503,-4.10690,,,,,,
173.873,0.5000,0.5000,0.5000,0.5000,-4.30,22.33,0.710,,1,0,,,,,,15.47680,-4.11867,,,,,,
173.945,0.5000,0.5000,0.5000,0.5000,-3.14,-26.92,0.700,,1,0,,,,,,15.39585,-4.09131,,,,,,
174.024,0.5000,0.5000,0.5000,0.5000,-3.26,20.34,0.710,,1,0,,,,,,15.43930,-4.10557,,,,,,
174.086,0.5000,0.5000,0.5000,0.5000,6.91,-34.87,0.710,,1,0,,,,,,15.35930,-4.10046,,,,,,
174.151,0.5000,0.5000,0.5000,0.5000,11.86,-33.41,0.705,,1,0,,,,,,15.30046,-4.09178,,,,,,
174.219,0.5000,0.5000,0.5000,0.5000,-3.67,-21.75,0.688,,1,0,,,,,,15.24643,-4.06603,,,,,,
174.276,0.5000,0.5000,0.5000,0.5000,-9.09,-27.87,0.690,,1,0,,,,,,15.19564,-4.06081,,,,,,
174.337,0.5000,0.5000,0.5000,0.5000,6.92,-65.42,0.697,,1,0,,,,,,15.17319,-4.05802,,,,,,
174.394,0.5000,0.5000,0.5000,0.5000,7.04,-65.24,0.691,,1,0,,,,,,15.09129,-4.03158,,,,,,
174.466,0.5000,0.5000,0.5000,0.5000,5.11,-19.71,0.682,,1,0,,,,,,15.11471,-4.04718,,,,,,
174.543,0.5000,0.5000,0.5000,0.5000,6.74,-65.39,0.686,,1,0,,,,,,15.01260,-4.02992,,,,,,
174.603,0.5000,0.5000,0.5000,0.5000,-3.76,-20.52,0.671,,1,0,,,,,,15.06449,-4.03143,,,,,,
174.658,0.5000,0.5000,0.5000,0.5000,-2.99,25.23,0.674,,1,0,,,,,,15.10176,-4.06091,,,,,,
174.722,0.5000,0.5000,0.5000,0.5000,-2.80,23.74,0.683,,1,0,,,,,,15.05834,-4.05549,,,,,,
174.783,0.5000,0.5000,0.5000,0.5000,-4.04,24.01,0.686,,1,0,,,,,,15.07813,-4.05207,,,,,,
174.855,0.5000,0.5000,0.5000,0.5000,-2.39,24.58,0.685,,1,0,,,,,,15.10937,-4.07857,,,,,,
174.911,0.5000,0.5000,0.5000,0.5000,-2.77,25.48,0.699,,1,0,,,,,,15.17592,-4.09639,,,,,,
174.978,0.5000,0.5000,0.5000,0.5000,-2.97,23.14,0.699,,1,0,,,,,,15.11485,-4.10059,,,,,,
175.033,0.5000,0.5000,0.5000,0.5000,-2.48,23.32,0.698,,1,0,,,,,,15.21189,-4.12789,,,,,,
175.090,0.5000,0.5000,0.5000,0.5000,-4.39,11.73,0.697,,1,0,,,,,,15.04436,-4.08924,,,,,,
175.174,0.5000,0.5000,0.5000,0.5000,-2.63,24.90,0.693,,1,0,,,,,,14.93674,-4.06869,,,,,,
175.252,0.5000,0.5000,0.5000,0.5000,-3.88,-26.45,0.701,,1,0,,,,,,14.94957,-4.08652,,,,,,
175.299,0.5000,0.5000,0.5000,0.5000,-9.46,-27.81,0.700,,1,0,,,,,,14.94988,-4.07456,,,,,,
175.358,0.5000,0.5000,0.5000,0.5000,-8.04,-30.64,0.686,,1,0,,,,,,14.92941,-4.09617,,,,,,
175.415,0.5000,0.5000,0.5000,0.5000,7.97,-62.85,0.685,,1,0,,,,,,14.90473,-4.09052,,,,,,
175.479,0.5000,0.5000,0.5000,0.5000,5.99,-65.08,0.682,,1,0,,,,,,14.92075,-4.09448,,,,,,
175.541,0.5000,0.5000,0.5000,0.5000,-2.93,22.28,0.678,,1,0,,,,,,14.91108,-4.09393,,,,,,
175.603,0.5000,0.5000,0.5000,0.5000,6.12,-64.94,0.677,,1,0,,,,,,15.04877,-4.11680,,,,,,
175.678,0.5000,0.5000,0.5000,0.5000,-7.60,-30.18,0.680,,1,0,,,,,,14.97654,-4.08565,,,,,,
175.747,0.5000,0.5000,0.5000,0.5000,-1.24,15.88,0.631,,1,0,,,,,,14.49696,-4.13815,,,,,,
175.818,0.5000,0.5000,0.5000,0.5000,-2.90,21.92,0.637,,1,0,,,,,,14.77244,-4.35650,,,,,,
175.892,0.5000,0.5000,0.5000,0.5000,-5.46,21.69,0.651,,1,0,,,,,,13.78375,-5.34612,,,,,,
175.951,0.5000,0.5000,0.5000,0.5000,-5.34,22.07,0.611,,1,0,,,,,,14.15657,-5.78263,,,,,,
176.028,0.5000,0.5000,0.5000,0.5000,-6.18,25.85,0.613,,1,0,,,,,,14.71177,-6.37025,,,,,,
176.095,0.5000,0.5000,0.5000,0.5000,-8.72,29.14,0.530,,1,0,,,,,,13.61536,-6.97041,,,,,,
176.163,0.5000,0.5000,0.5000,0.5000,24.78,-63.59,0.506,,1,0,,,,,,13.83445,-7.42192,,,,,,
176.221,0.5000,0.5000,0.5000,0.5000,-73.10,65.84,0.568,,1,0,,,,,,13.32949,-7.29402,,,,,,
176.290,0.5000,0.5000,0.5000,0.5000,-10.53,30.78,0.534,,1,0,,,,,,12.93239,-7.66531,,,,,,
176.356,0.5000,0.5000,0.5000,0.5000,-10.21,28.60,0.537,,1,0,,,,,,12.66537,-7.58328,,,,,,
176.397,0.5000,0.5000,0.5000,0.5000,-8.99,27.07,0.523,,1,0,,,,,,12.58138,-7.50313,,,,,,
176.449,0.5000,0.5000,0.5000,0.5000,24.34,-60.96,0.526,,1,0,,,,,,12.30290,-7.36573,,,,,,
176.500,0.5000,0.5000,0.5000,0.5000,24.29,-61.25,0.542,,1,0,,,,,,12.19695,-7.45034,,,,,,
176.567,0.5000,0.5000,0.5000,0.5000,23.11,-60.58,0.522,,1,0,,,,,,11.85058,-7.21268,,,,,,
176.627,0.5000,0.5000,0.5000,0.5000,23.35,-60.21,0.525,,1,0,,,,,,11.89230,-7.22618,,,,,,
176.698,0.5000,0.5000,0.5000,0.5000,22.82,-59.80,0.523,,1,0,,,,,,11.94695,-7.25347,,,,,,
176.767,0.5000,0.5000,0.5000,0.5000,21.96,-60.07,0.522,,1,0,,,,,,11.92095,-7.23403,,,,,,
176.827,0.5000,0.5000,0.5000,0.5000,21.99,-60.10,0.526,,1,0,,,,,,11.86605,-7.16483,,,,,,
176.887,0.5000,0.5000,0.5000,0.5000,21.94,-60.09,0.528,,1,0,,,,,,11.79407,-7.10817,,,,,,
176.935,0.5000,0.5000,0.5000,0.5000,21.16,-60.27,0.502,,1,0,,,,,,11.78801,-7.08047,,,,,,
176.998,0.5000,0.5000,0.5000,0.5000,20.95,-60.24,0.478,,1,0,,,,,,11.83013,-7.13702,,,,,,
177.049,0.5000,0.5000,0.5000,0.5000,20.05,-60.12,0.460,,1,0,,,,,,11.73268,-7.03900,,,,,,
177.110,0.5000,0.5000,0.5000,0.5000,19.68,-60.48,0.457,,1,0,,,,,,11.85757,-7.09731,,,,,,
177.170,0.5000,0.5000,0.5000,0.5000,-7.17,25.04,0.426,,1,0,,,,,,11.84695,-7.04444,,,,,,
177.224,0.5000,0.5000,0.5000,0.5000,20.35,-60.61,0.469,,1,0,,,,,,11.70804,-6.88455,,,,,,
177.281,0.5000,0.5000,0.5000,0.5000,20.71,-60.34,0.486,,1,0,,,,,,11.80985,-6.81898,,,,,,
177.330,0.5000,0.5000,0.5000,0.5000,21.03,-60.22,0.485,,1,0,,,,,,11.96829,-6.87330,,,,,,
177.392,0.5000,0.5000,0.5000,0.5000,20.48,-60.28,0.489,,1,0,,,,,,11.87238,-6.76778,,,,,,
177.444,0.5000,0.5000,0.5000,0.5000,20.15,-60.44,0.488,,1,0,,,,,,11.94273,-6.79229,,,,,,
177.493,0.5000,0.5000,0.5000,0.5000,18.76,-60.31,0.510,,1,0,,,,,,12.01832,-6.80338,,,,,,
177.559,0.5000,0.5000,0.5000,0.5000,18.66,-60.52,0.553,,1,0,,,,,,11.96592,-6.78335,,,,,,
177.619,0.5000,0.5000,0.5000,0.5000,16.98,-59.62,0.554,,1,0,,,,,,11.78041,-6.71047,,,,,,
177.707,0.5000,0.5000,0.5000,0.5000,16.53,-60.00,0.577,,1,0,,,,,,11.71694,-6.61786,,,,,,
177.761,0.5000,0.5000,0.5000,0.5000,15.85,-59.96,0.599,,1,0,,,,,,11.81283,-6.62801,,,,,,
177.830,0.5000,0.5000,0.5000,0.5000,15.58,-59.96,0.601,,1,0,,,,,,11.79520,-6.58528,,,,,,
177.904,0.5000,0.5000,0.5000,0.5000,15.37,-60.45,0.572,,1,0,,,,,,12.08149,-6.65077,,,,,,
177.982,0.5000,0.5000,0.5000,0.5000,14.51,-60.19,0.550,,1,0,,,,,,12.05346,-6.58590,,,,,,
178.061,0.5000,0.5000,0.5000,0.5000,14.45,-60.11,0.555,,1,0,,,,,,12.06033,-6.56888,,,,,,
178.140,0.5000,0.5000,0.5000,0.5000,13.69,-60.43,0.566,,1,0,,,,,,12.16343,-6.54896,,,,,,
178.215,0.5000,0.5000,0.5000,0.5000,13.71,-60.27,0.566,,1,0,,,,,,12.06883,-6.43173,,,,,,
178.265,0.5000,0.5000,0.5000,0.5000,13.32,-60.36,0.569,,1,0,,,,,,12.09759,-6.44386,,,,,,
178.324,0.5000,0.5000,0.5000,0.5000,-4.24,25.10,0.547,,1,0,,,,,,12.28150,-6.51767,,,,,,
178.376,0.5000,0.5000,0.5000,0.5000,14.08,-59.79,0.547,,1,0,,,,,,12.29625,-6.52785,,,,,,
178.439,0.5000,0.5000,0.5000,0.5000,-9.66,-16.72,0.546,,1,0,,,,,,12.27418,-6.51552,,,,,,
178.487,0.5000,0.5000,0.5000,0.5000,-4.89,23.02,0.539,,1,0,,,,,,12.27990,-6.50986,,,,,,
178.545,0.5000,0.5000,0.5000,0.5000,13.76,-60.69,0.545,,1,0,,,,,,12.17577,-6.47348,,,,,,
178.609,0.5000,0.5000,0.5000,0.5000,13.37,-60.50,0.543,,1,0,,,,,,12.25897,-6.52563,,,,,,
178.679,0.5000,0.5000,0.5000,0.5000,-4.31,24.28,0.542,,1,0,,,,,,12.17916,-6.49804,,,,,,
178.741,0.5000,0.5000,0.5000,0.5000,13.88,-60.57,0.511,,1,0,,,,,,12.29795,-6.53006,,,,,,
178.809,0.5000,0.5000,0.5000,0.5000,14.04,-60.50,0.503,,1,0,,,,,,12.39895,-6.53624,,,,,,
178.861,0.5000,0.5000,0.5000,0.5000,15.43,-50.59,0.501,,1,0,,,,,,12.42119,-6.53121,,,,,,
178.940,0.5000,0.5000,0.5000,0.5000,-5.08,23.91,0.502,,1,0,,,,,,12.20391,-6.37785,,,,,,
179.010,0.5000,0.5000,0.5000,0.5000,-5.08,23.79,0.495,,1,0,,,,,,12.30249,-6.41638,,,,,,
179.086,0.5000,0.5000,0.5000,0.5000,13.21,-59.73,0.465,,1,0,,,,,,12.48900,-6.46804,,,,,,
179.161,0.5000,0.5000,0.5000,0.5000,-4.90,25.12,0.451,,1,0,,,,,,12.52883,-6.48017,,,,,,
179.231,0.5000,0.5000,0.5000,0.5000,-4.79,24.12,0.436,,1,0,,,,,,12.57486,-6.47943,,,,,,
179.283,0.5000,0.5000,0.5000,0.5000,-5.26,23.34,0.452,,1,0,,,,,,12.46586,-6.40661,,,,,,
179.347,0.5000,0.5000,0.5000,0.5000,-4.90,23.46,0.451,,1,0,,,,,,12.46726,-6.41277,,,,,,
179.416,0.5000,0.5000,0.5000,0.5000,-4.60,25.06,0.479,,1,0,,,,,,12.47415,-6.40520,,,,,,
179.471,0.5000,0.5000,0.5000,0.5000,12.61,-60.55,0.477,,1,0,,,,,,12.47473,-6.39164,,,,,,
179.534,0.5000,0.5000,0.5000,0.5000,13.04,-60.73,0.471,,1,0,,,,,,12.56743,-6.42761,,,,,,
179.602,0.5000,0.5000,0.5000,0.5000,-4.49,23.78,0.487,,1,0,,,,,,12.48170,-6.34379,,,,,,
179.658,0.5000,0.5000,0.5000,0.5000,-4.74,23.82,0.471,,1,0,,,,,,12.62607,-6.39528,,,,,,
179.732,0.5000,0.5000,0.5000,0.5000,12.31,-61.36,0.535,,1,0,,,,,,12.74208,-6.31238,,,,,,
179.782,0.5000,0.5000,0.5000,0.5000,12.14,-62.25,0.531,,1,0,,,,,,12.73305,-6.28792,,,,,,
179.845,0.5000,0.5000,0.5000,0.5000,-4.84,24.38,0.515,,1,0,,,,,,12.75890,-6.26208,,,,,,
179.900,0.5000,0.5000,0.5000,0.5000,-1.79,-24.97,0.523,,1,0,,,,,,12.86414,-6.24028,,,,,,
179.939,0.5000,0.5000,0.5000,0.5000,-4.86,21.68,0.491,,1,0,,,,,,13.01999,-6.27086,,,,,,
179.993,0.5000,0.5000,0.5000,0.5000,-4.74,23.42,0.505,,1,0,,,,,,12.96018,-6.21074,,,,,,
180.058,0.5000,0.5000,0.5000,0.5000,-2.74,24.17,0.500,,1,0,,,,,,13.02219,-6.20272,,,,,,
180.109,0.5000,0.5000,0.5000,0.5000,-6.16,24.37,0.513,,1,0,,,,,,13.01164,-6.16774,,,,,,
180.174,0.5000,0.5000,0.5000,0.5000,-4.49,25.41,0.484,,1,0,,,,,,13.09911,-6.13578,,,,,,
180.243,0.5000,0.5000,0.5000,0.5000,-5.04,25.12,0.498,,1,0,,,,,,12.96992,-6.05901,,,,,,
180.316,0.5000,0.5000,0.5000,0.5000,12.57,-62.35,0.494,,1,0,,,,,,13.12006,-6.10492,,,,,,
180.392,0.5000,0.5000,0.5000,0.5000,-4.56,23.50,0.485,,1,0,,,,,,13.00985,-6.04155,,,,,,
180.452,0.5000,0.5000,0.5000,0.5000,-6.13,23.79,0.495,,1,0,,,,,,13.00612,-6.00681,,,,,,
180.501,0.5000,0.5000,0.5000,0.5000,-4.37,24.37,0.495,,1,0,,,,,,13.21465,-6.04885,,,,,,
180.552,0.5000,0.5000,0.5000,0.5000,-0.83,-34.19,0.499,,1,0,,,,,,13.25823,-6.03766,,,,,,
180.626,0.5000,0.5000,0.5000,0.5000,9.88,-61.91,0.473,,1,0,,,,,,13.25056,-6.00532,,,,,,
180.703,0.5000,0.5000,0.5000,0.5000,0.94,-29.88,0.458,,1,0,,,,,,13.30863,-6.01382,,,,,,
180.780,0.5000,0.5000,0.5000,0.5000,26.64,-26.44,0.446,,1,0,,,,,,13.43169,-6.05791,,,,,,
180.842,0.5000,0.5000,0.5000,0.5000,12.56,-24.36,0.460,,1,0,,,,,,13.52322,-6.05519,,,,,,
180.897,0.5000,0.5000,0.5000,0.5000,-35.59,-42.49,0.456,,1,0,,,,,,13.43293,-6.01943,,,,,,
180.951,0.5000,0.5000,0.5000,0.5000,-4.22,25.89,0.449,,1,0,,,,,,13.51540,-6.02807,,,,,,
181.027,0.5000,0.5000,0.5000,0.5000,11.39,-62.31,0.483,,1,0,,,,,,13.37894,-5.94573,,,,,,
181.090,0.5000,0.5000,0.5000,0.5000,-4.93,-26.03,0.489,,1,0,,,,,,13.31290,-5.90986,,,,,,
181.139,0.5000,0.5000,0.5000,0.5000,13.22,-4.99,0.492,,1,0,,,,,,13.22982,-5.85813,,,,,,
181.205,0.5000,0.5000,0.5000,0.5000,-4.47,24.42,0.482,,1,0,,,,,,13.29766,-5.86527,,,,,,
181.280,0.5000,0.5000,0.5000,0.5000,-1.11,-33.04,0.477,,1,0,,,,,,13.35760,-5.83436,,,,,,
181.332,0.5000,0.5000,0.5000,0.5000,-11.59,-27.14,0.494,,1,0,,,,,,13.17367,-5.71789,,,,,,
181.412,0.5000,0.5000,0.5000,0.5000,-3.42,-20.60,0.497,,1,0,,,,,,13.10875,-5.66947,,,,,,
181.477,0.5000,0.5000,0.5000,0.5000,-4.45,-14.86,0.485,,1,0,,,,,,13.31030,-5.74078,,,,,,
181.553,0.5000,0.5000,0.5000,0.5000,2.97,-31.42,0.498,,1,0,,,,,,13.30936,-5.72773,,,,,,
181.623,0.5000,0.5000,0.5000,0.5000,-24.07,-24.96,0.496,,1,0,,,,,,13.48875,-5.71198,,,,,,
181.689,0.5000,0.5000,0.5000,0.5000,-86.16,68.29,0.499,,1,0,,,,,,13.46260,-5.69864,,,,,,
181.763,0.5000,0.5000,0.5000,0.5000,-2.79,-52.53,0.490,,1,0,,,,,,13.53204,-5.72437,,,,,,
181.822,0.5000,0.5000,0.5000,0.5000,-3.90,-18.31,0.478,,1,0,,,,,,13.41227,-5.59792,,,,,,
181.886,0.5000,0.5000,0.5000,0.5000,-2.86,-21.36,0.493,,1,0,,,,,,13.27489,-5.52938,,,,,,
181.952,0.5000,0.5000,0.5000,0.5000,-3.88,23.40,0.457,,1,0,,,,,,13.48737,-5.60953,,,,,,
182.025,0.5000,0.5000,0.5000,0.5000,11.14,-62.76,0.459,,1,0,,,,,,13.52757,-5.60960,,,,,,
182.096,0.5000,0.5000,0.5000,0.5000,10.71,-31.20,0.472,,1,0,,,,,,13.62689,-5.63785,,,,,,
182.151,0.5000,0.5000,0.5000,0.5000,-73.00,65.83,0.480,,1,0,,,,,,13.60739,-5.59799,,,,,,
182.218,0.5000,0.5000,0.5000,0.5000,-80.23,66.58,0.497,,1,0,,,,,,13.59716,-5.58800,,,,,,
182.290,0.5000,0.5000,0.5000,0.5000,-3.54,-5.58,0.496,,1,0,,,,,,13.55555,-5.56332,,,,,,
182.358,0.5000,0.5000,0.5000,0.5000,4.77,1.81,0.475,,1,0,,,,,,13.57587,-5.55451,,,,,,
182.416,0.5000,0.5000,0.5000,0.5000,-0.22,-27.20,0.474,,1,0,,,,,,13.53406,-5.52232,,,,,,
182.477,0.5000,0.5000,0.5000,0.5000,-4.07,-16.41,0.476,,1,0,,,,,,13.54443,-5.51198,,,,,,
182.542,0.5000,0.5000,0.5000,0.5000,9.99,-63.02,0.498,,1,0,,,,,,13.48260,-5.46752,,,,,,
182.603,0.5000,0.5000,0.5000,0.5000,-14.13,-25.86,0.492,,1,0,,,,,,13.56008,-5.47129,,,,,,
182.679,0.5000,0.5000,0.5000,0.5000,10.28,-62.90,0.458,,1,0,,,,,,13.68797,-5.50349,,,,,,
182.748,0.5000,0.5000,0.5000,0.5000,10.34,-62.91,0.473,,1,0,,,,,,13.67129,-5.46241,,,,,,
182.804,0.5000,0.5000,0.5000,0.5000,-3.40,23.71,0.474,,1,0,,,,,,13.61633,-5.41013,,,,,,
182.873,0.5000,0.5000,0.5000,0.5000,8.00,-30.36,0.474,,1,0,,,,,,13.72875,-5.40581,,,,,,
182.941,0.5000,0.5000,0.5000,0.5000,-3.71,25.70,0.455,,1,0,,,,,,13.95862,-5.46839,,,,,,
183.000,0.5000,0.5000,0.5000,0.5000,-11.93,-4.14,0.442,,1,0,,,,,,13.93520,-5.45607,,,,,,
183.054,0.5000,0.5000,0.5000,0.5000,7.47,-5.17,0.449,,1,0,,,,,,13.79241,-5.42360,,,,,,
183.120,0.5000,0.5000,0.5000,0.5000,-3.17,25.79,0.462,,1,0,,,,,,13.70190,-5.40268,,,,,,
183.178,0.5000,0.5000,0.5000,0.5000,-3.51,29.73,0.462,,1,0,,,,,,13.70082,-5.40147,,,,,,
183.234,0.5000,0.5000,0.5000,0.5000,-1.19,-0.84,0.461,,1,0,,,,,,13.62143,-5.36223,,,,,,
183.286,0.5000,0.5000,0.5000,0.5000,-84.32,32.94,0.460,,1,0,,,,,,13.62239,-5.37350,,,,,,
183.358,0.5000,0.5000,0.5000,0.5000,-77.36,66.29,0.461,,1,0,,,,,,13.60655,-5.36827,,,,,,
183.427,0.5000,0.5000,0.5000,0.5000,-75.62,66.11,0.472,,1,0,,,,,,13.40576,-5.30304,,,,,,
183.466,0.5000,0.5000,0.5000,0.5000,-71.40,66.61,0.462,,1,0,,,,,,13.40043,-5.31432,,,,,,
183.512,0.5000,0.5000,0.5000,0.5000,-73.16,66.02,0.462,,1,0,,,,,,13.41726,-5.30079,,,,,,
183.567,0.5000,0.5000,0.5000,0.5000,-76.94,66.35,0.471,,1,0,,,,,,13.43774,-5.24969,,,,,,
183.652,0.5000,0.5000,0.5000,0.5000,-7.47,-43.38,0.469,,1,0,,,,,,13.53693,-5.25765,,,,,,
183.697,0.5000,0.5000,0.5000,0.5000,-26.60,67.00,0.465,,1,0,,,,,,13.44350,-5.20572,,,,,,
183.768,0.5000,0.5000,0.5000,0.5000,-85.92,-58.83,0.457,,1,0,,,,,,13.59733,-5.18217,,,,,,
183.834,0.5000,0.5000,0.5000,0.5000,-29.57,67.82,0.430,,1,0,,,,,,13.77808,-5.17410,,,,,,
183.899,0.5000,0.5000,0.5000,0.5000,9.45,-62.77,0.435,,1,0,,,,,,13.80956,-5.16661,,,,,,
183.969,0.5000,0.5000,0.5000,0.5000,-28.32,67.23,0.443,,1,0,,,,,,13.84172,-5.18064,,,,,,
184.035,0.5000,0.5000,0.5000,0.5000,26.03,21.33,0.446,,1,0,,,,,,13.88088,-5.19800,,,,,,
184.099,0.5000,0.5000,0.5000,0.5000,-46.41,-43.51,0.436,,1,0,,,,,,13.73148,-5.15234,,,,,,
184.171,0.5000,0.5000,0.5000,0.5000,-4.09,-31.62,0.453,,1,0,,,,,,13.73192,-5.14855,,,,,,
184.211,0.5000,0.5000,0.5000,0.5000,-2.59,23.46,0.464,,1,0,,,,,,13.72536,-5.14113,,,,,,
184.273,0.5000,0.5000,0.5000,0.5000,-2.95,21.60,0.449,,1,0,,,,,,13.72328,-5.14413,,,,,,
184.336,0.5000,0.5000,0.5000,0.5000,9.07,-62.67,0.453,,1,0,,,,,,13.70784,-5.14372,,,,,,
184.396,0.5000,0.5000,0.5000,0.5000,8.66,-62.85,0.443,,1,0,,,,,,13.72389,-5.14695,,,,,,
184.471,0.5000,0.5000,0.5000,0.5000,8.58,-62.67,0.444,,1,0,,,,,,13.69540,-5.12482,,,,,,
184.518,0.5000,0.5000,0.5000,0.5000,-13.37,-25.80,0.445,,1,0,,,,,,13.71207,-5.13487,,,,,,
184.584,0.5000,0.5000,0.5000,0.5000,-6.45,-25.20,0.468,,1,0,,,,,,13.63978,-5.05372,,,,,,
184.650,0.5000,0.5000,0.5000,0.5000,8.68,-63.02,0.478,,1,0,,,,,,13.60566,-5.04125,,,,,,
184.708,0.5000,0.5000,0.5000,0.5000,-3.04,25.50,0.474,,1,0,,,,,,13.63507,-5.04455,,,,,,
184.765,0.5000,0.5000,0.5000,0.5000,-2.86,26.24,0.472,,1,0,,,,,,13.71131,-5.06271,,,,,,
184.834,0.5000,0.5000,0.5000,0.5000,-13.48,3.81,0.470,,1,0,,,,,,13.72479,-5.06598,,,,,,
184.912,0.5000,0.5000,0.5000,0.5000,-34.19,-10.41,0.475,,1,0,,,,,,13.72860,-5.06197,,,,,,
184.989,0.5000,0.5000,0.5000,0.5000,-6.04,-23.99,0.493,,1,0,,,,,,13.60182,-5.00749,,,,,,
185.062,0.5000,0.5000,0.5000,0.5000,-2.87,-22.94,0.490,,1,0,,,,,,13.57282,-5.02519,,,,,,
185.136,0.5000,0.5000,0.5000,0.5000,-0.65,23.24,0.482,,1,0,,,,,,13.56689,-5.03119,,,,,,
185.219,0.5000,0.5000,0.5000,0.5000,8.14,-62.81,0.484,,1,0,,,,,,13.57268,-5.03724,,,,,,
185.282,0.5000,0.5000,0.5000,0.5000,36.64,-1.32,0.477,,1,0,,,,,,13.49271,-5.04001,,,,,,
185.346,0.5000,0.5000,0.5000,0.5000,23.03,-74.09,0.431,,1,0,,,,,,13.65594,-5.16645,,,,,,
185.418,0.5000,0.5000,0.5000,0.5000,-73.65,66.69,0.446,,1,0,,,,,,13.33529,-5.09060,,,,,,
185.484,0.5000,0.5000,0.5000,0.5000,48.21,53.76,0.443,,1,0,,,,,,13.24912,-5.08466,,,,,,
185.557,0.5000,0.5000,0.5000,0.5000,-72.07,65.72,0.445,,1,0,,,,,,13.22586,-5.10185,,,,,,
185.629,0.5000,0.5000,0.5000,0.5000,-70.99,64.89,0.446,,1,0,,,,,,13.30296,-5.13591,,,,,,
185.690,0.5000,0.5000,0.5000,0.5000,-5.31,-21.96,0.458,,1,0,,,,,,13.31710,-5.13933,,,,,,
185.759,0.5000,0.5000,0.5000,0.5000,-72.16,65.79,0.439,,1,0,,,,,,13.58601,-5.24766,,,,,,
185.831,0.5000,0.5000,0.5000,0.5000,7.17,-33.75,0.448,,1,0,,,,,,13.53723,-5.22570,,,,,,
185.873,0.5000,0.5000,0.5000,0.5000,-70.13,66.41,0.446,,1,0,,,,,,13.57073,-5.23324,,,,,,
185.935,0.5000,0.5000,0.5000,0.5000,29.06,-65.37,0.446,,1,0,,,,,,13.55931,-5.19791,,,,,,
185.991,0.5000,0.5000,0.5000,0.5000,0.52,-25.78,0.450,,1,0,,,,,,13.63832,-5.19575,,,,,,
186.076,0.5000,0.5000,0.5000,0.5000,-79.07,67.46,0.443,,1,0,,,,,,13.64642,-5.19215,,,,,,
186.140,0.5000,0.5000,0.5000,0.5000,-3.62,23.67,0.457,,1,0,,,,,,13.50172,-5.13540,,,,,,
186.208,0.5000,0.5000,0.5000,0.5000,-3.26,25.90,0.459,,1,0,,,,,,13.50914,-5.14033,,,,,,
186.279,0.5000,0.5000,0.5000,0.5000,-3.13,25.20,0.481,,1,0,,,,,,13.40559,-5.10732,,,,,,
186.352,0.5000,0.5000,0.5000,0.5000,-77.57,66.04,0.485,,1,0,,,,,,13.35111,-5.10499,,,,,,
186.405,0.5000,0.5000,0.5000,0.5000,7.15,-3.61,0.484,,1,0,,,,,,13.31667,-5.11570,,,,,,
186.485,0.5000,0.5000,0.5000,0.5000,-74.41,65.87,0.482,,1,0,,,,,,13.28865,-5.11087,,,,,,
186.564,0.5000,0.5000,0.5000,0.5000,-1.73,28.70,0.472,,1,0,,,,,,13.13054,-5.08632,,,,,,
186.637,0.5000,0.5000,0.5000,0.5000,2.55,-11.77,0.474,,1,0,,,,,,13.19727,-5.12278,,,,,,
186.718,0.5000,0.5000,0.5000,0.5000,-3.91,24.09,0.475,,1,0,,,,,,13.18940,-5.12884,,,,,,
186.784,0.5000,0.5000,0.5000,0.5000,-26.82,67.32,0.482,,1,0,,,,,,13.20285,-5.12948,,,,,,
186.840,0.5000,0.5000,0.5000,0.5000,-73.61,65.94,0.482,,1,0,,,,,,13.16147,-5.11268,,,,,,
186.915,0.5000,0.5000,0.5000,0.5000,5.03,-13.09,0.485,,1,0,,,,,,13.18492,-5.09976,,,,,,
186.981,0.5000,0.5000,0.5000,0.5000,-46.94,-54.38,0.247,,1,0,,,,,,13.78968,-5.25551,,,,,,
187.045,0.5000,0.5000,0.5000,0.5000,-74.89,65.56,0.254,,1,0,,,,,,13.67603,-5.24512,,,,,,
187.116,0.5000,0.5000,0.5000,0.5000,-4.64,-18.45,0.315,,1,0,,,,,,13.56691,-5.21904,,,,,,
187.180,0.5000,0.5000,0.5000,0.5000,8.34,-62.60,0.385,,1,0,,,,,,13.48756,-5.22260,,,,,,
187.242,0.5000,0.5000,0.5000,0.5000,-9.72,-25.31,0.393,,1,0,,,,,,13.49271,-5.23497,,,,,,
187.314,0.5000,0.5000,0.5000,0.5000,-79.76,66.42,0.413,,1,0,,,,,,13.37013,-5.20319,,,,,,
187.390,0.5000,0.5000,0.5000,0.5000,-17.83,-27.37,0.412,,1,0,,,,,,13.50686,-5.25069,,,,,,
187.450,0.5000,0.5000,0.5000,0.5000,-8.54,-16.42,0.420,,1,0,,,,,,13.46896,-5.24511,,,,,,
187.513,0.5000,0.5000,0.5000,0.5000,59.83,-51.88,0.434,,1,0,,,,,,13.27777,-5.18082,,,,,,
187.570,0.5000,0.5000,0.5000,0.5000,-4.12,23.69,0.430,,1,0,,,,,,13.27149,-5.17314,,,,,,
187.627,0.5000,0.5000,0.5000,0.5000,7.79,-62.76,0.438,,1,0,,,,,,13.27062,-5.17563,,,,,,
187.704,0.5000,0.5000,0.5000,0.5000,37.90,-60.05,0.451,,1,0,,,,,,13.25168,-5.16641,,,,,,
187.776,0.5000,0.5000,0.5000,0.5000,7.58,-62.48,0.444,,1,0,,,,,,13.23657,-5.17084,,,,,,
187.830,0.5000,0.5000,0.5000,0.5000,-8.86,-20.93,0.430,,1,0,,,,,,13.24849,-5.17945,,,,,,
187.878,0.5000,0.5000,0.5000,0.5000,2.15,-24.05,0.411,,1,0,,,,,,12.90058,-5.13053,,,,,,
187.952,0.5000,0.5000,0.5000,0.5000,-72.67,65.83,0.336,,1,0,,,,,,12.89272,-5.20941,,,,,,
188.029,0.5000,0.5000,0.5000,0.5000,3.81,-55.92,0.554,,1,0,,,,,,9.13552,-4.56597,,,,,,
188.099,0.5000,0.5000,0.5000,0.5000,3.16,-54.48,0.562,,1,0,,,,,,9.06152,-4.76254,,,,,,
188.151,0.5000,0.5000,0.5000,0.5000,2.94,-52.20,0.604,,1,0,,,,,,7.95478,-4.71526,,,,,,
188.205,0.5000,0.5000,0.5000,0.5000,1.04,-50.56,0.557,,1,0,,,,,,7.70581,-4.71410,,,,,,
188.266,0.5000,0.5000,0.5000,0.5000,0.68,-48.71,0.548,,1,0,,,,,,7.09552,-4.65773,,,,,,
188.329,0.5000,0.5000,0.5000,0.5000,-0.04,-48.93,0.566,,1,0,,,,,,6.98136,-4.78540,,,,,,
188.384,0.5000,0.5000,0.5000,0.5000,-0.62,-47.23,0.552,,1,0,,,,,,6.73982,-4.78499,,,,,,
188.452,0.5000,0.5000,0.5000,0.5000,-0.41,-44.77,0.536,,1,0,,,,,,5.99456,-4.67186,,,,,,
188.500,0.5000,0.5000,0.5000,0.5000,-1.33,-43.80,0.546,,1,0,,,,,,5.85683,-4.67007,,,,,,
188.566,0.5000,0.5000,0.5000,0.5000,-1.48,-43.34,0.546,,1,0,,,,,,5.67496,-4.63618,,,,,,
188.633,0.5000,0.5000,0.5000,0.5000,-1.36,-42.84,0.543,,1,0,,,,,,5.18082,-4.59685,,,,,,
188.692,0.5000,0.5000,0.5000,0.5000,-11.45,-27.74,0.539,,1,0,,,,,,5.02621,-4.59901,,,,,,
188.758,0.5000,0.5000,0.5000,0.5000,-2.30,-41.37,0.541,,1,0,,,,,,4.85780,-4.59361,,,,,,
188.831,0.5000,0.5000,0.5000,0.5000,-10.80,-27.73,0.534,,1,0,,,,,,4.16700,-4.62428,,,,,,
188.904,0.5000,0.5000,0.5000,0.5000,-10.62,-27.30,0.538,,1,0,,,,,,3.93241,-4.70204,,,,,,
188.975,0.5000,0.5000,0.5000,0.5000,-10.66,-27.76,0.533,,1,0,,,,,,3.69763,-4.71873,,,,,,
189.039,0.5000,0.5000,0.5000,0.5000,-10.86,-26.03,0.519,,1,0,,,,,,2.80683,-4.82756,,,,,,
189.091,0.5000,0.5000,0.5000,0.5000,-9.78,-25.29,0.523,,1,0,,,,,,2.50769,-4.86439,,,,,,
189.150,0.5000,0.5000,0.5000,0.5000,-10.04,-25.96,0.512,,1,0,,,,,,2.26818,-4.95136,,,,,,
189.195,0.5000,0.5000,0.5000,0.5000,-9.67,-25.71,0.491,,1,0,,,,,,2.03214,-4.90667,,,,,,
189.254,0.5000,0.5000,0.5000,0.5000,-10.24,-25.54,0.510,,1,0,,,,,,1.31060,-5.08334,,,,,,
189.328,0.5000,0.5000,0.5000,0.5000,-9.58,-25.50,0.512,,1,0,,,,,,1.04256,-5.08738,,,,,,
189.402,0.5000,0.5000,0.5000,0.5000,-9.66,-26.26,0.505,,1,0,,,,,,0.78432,-5.14142,,,,,,
189.453,0.5000,0.5000,0.5000,0.5000,-9.43,-24.36,0.509,,1,0,,,,,,0.37819,-5.17010,,,,,,
189.522,0.5000,0.5000,0.5000,0.5000,-9.46,-24.35,0.518,,1,0,,,,,,0.31696,-5.18590,,,,,,
189.588,0.5000,0.5000,0.5000,0.5000,-9.68,-24.61,0.523,,1,0,,,,,,0.28590,-5.12764,,,,,,
189.647,0.5000,0.5000,0.5000,0.5000,-9.67,-24.74,0.538,,1,0,,,,,,0.42551,-5.22797,,,,,,
189.719,0.5000,0.5000,0.5000,0.5000,-9.80,-24.89,0.528,,1,0,,,,,,0.47773,-5.31246,,,,,,
189.780,0.5000,0.5000,0.5000,0.5000,-9.64,-25.27,0.529,,1,0,,,,,,0.51932,-5.37195,,,,,,
189.850,0.5000,0.5000,0.5000,0.5000,-9.48,-20.49,0.524,,1,0,,,,,,0.68331,-5.41817,,,,,,
189.913,0.5000,0.5000,0.5000,0.5000,-9.48,-18.51,0.541,,1,0,,,,,,0.81618,-5.35023,,,,,,
189.971,0.5000,0.5000,0.5000,0.5000,-9.80,-19.71,0.537,,1,0,,,,,,0.92406,-5.35823,,,,,,
190.052,0.5000,0.5000,0.5000,0.5000,-9.45,-16.52,0.544,,1,0,,,,,,1.25325,-5.13706,,,,,,
190.132,0.5000,0.5000,0.5000,0.5000,-10.23,-17.33,0.562,,1,0,,,,,,1.40067,-5.06097,,,,,,
190.194,0.5000,0.5000,0.5000,0.5000,-10.50,-17.79,0.560,,1,0,,,,,,1.56327,-5.05927,,,,,,
190.260,0.5000,0.5000,0.5000,0.5000,-10.03,-18.31,0.563,,1,0,,,,,,1.69124,-4.95355,,,,,,
190.310,0.5000,0.5000,0.5000,0.5000,-10.99,-0.38,0.565,,1,0,,,,,,2.52103,-4.67582,,,,,,
190.378,0.5000,0.5000,0.5000,0.5000,-9.92,-13.25,0.570,,1,0,,,,,,2.68546,-4.53127,,,,,,
190.424,0.5000,0.5000,0.5000,0.5000,-10.56,-10.76,0.567,,1,0,,,,,,2.72183,-4.51374,,,,,,
190.488,0.5000,0.5000,0.5000,0.5000,-10.69,-11.08,0.573,,1,0,,,,,,3.32381,-4.40574,,,,,,
190.555,0.5000,0.5000,0.5000,0.5000,-10.40,3.81,0.558,,1,0,,,,,,3.54302,-4.41042,,,,,,
190.640,0.5000,0.5000,0.5000,0.5000,-8.90,7.39,0.552,,1,0,,,,,,3.68858,-4.38983,,,,,,
190.695,0.5000,0.5000,0.5000,0.5000,-11.51,-1.83,0.574,,1,0,,,,,,4.11657,-4.28051,,,,,,
190.761,0.5000,0.5000,0.5000,0.5000,-10.91,0.44,0.572,,1,0,,,,,,4.09490,-4.19137,,,,,,
190.832,0.5000,0.5000,0.5000,0.5000,-7.14,10.56,0.566,,1,0,,,,,,4.11056,-4.16385,,,,,,
190.895,0.5000,0.5000,0.5000,0.5000,-7.82,14.78,0.559,,1,0,,,,,,4.16833,-4.20413,,,,,,
190.939,0.5000,0.5000,0.5000,0.5000,-7.35,18.05,0.562,,1,0,,,,,,4.14026,-4.16779,,,,,,
190.989,0.5000,0.5000,0.5000,0.5000,-7.34,18.58,0.563,,1,0,,,,,,4.15208,-4.16826,,,,,,
191.046,0.5000,0.5000,0.5000,0.5000,-7.92,15.00,0.563,,1,0,,,,,,4.16846,-4.19217,,,,,,
191.110,0.5000,0.5000,0.5000,0.5000,-7.85,14.94,0.561,,1,0,,,,,,4.15922,-4.19222,,,,,,
191.158,0.5000,0.5000,0.5000,0.5000,-8.05,16.04,0.557,,1,0,,,,,,4.11868,-4.19431,,,,,,
191.208,0.5000,0.5000,0.5000,0.5000,-7.58,16.41,0.558,,1,0,,,,,,4.06930,-4.21554,,,,,,
191.258,0.5000,0.5000,0.5000,0.5000,-7.62,18.14,0.557,,1,0,,,,,,4.05758,-4.20973,,,,,,
191.307,0.5000,0.5000,0.5000,0.5000,-7.50,19.00,0.557,,1,0,,,,,,4.00099,-4.18148,,,,,,
191.356,0.5000,0.5000,0.5000,0.5000,-7.62,19.70,0.558,,1,0,,,,,,3.98286,-4.18417,,,,,,
191.407,0.5000,0.5000,0.5000,0.5000,-7.61,19.42,0.559,,1,0,,,,,,3.96410,-4.17681,,,,,,
191.450,0.5000,0.5000,0.5000,0.5000,-7.63,19.62,0.560,,1,0,,,,,,3.93991,-4.15567,,,,,,
191.524,0.5000,0.5000,0.5000,0.5000,-7.70,19.12,0.563,,1,0,,,,,,3.93356,-4.15577,,,,,,
191.585,0.5000,0.5000,0.5000,0.5000,-7.55,18.95,0.562,,1,0,,,,,,3.93549,-4.15467,,,,,,
191.645,0.5000,0.5000,0.5000,0.5000,-7.60,18.66,0.561,,1,0,,,,,,3.93049,-4.13816,,,,,,
191.707,0.5000,0.5000,0.5000,0.5000,-7.73,18.87,0.567,,1,0,,,,,,3.89958,-4.04289,,,,,,
191.771,0.5000,0.5000,0.5000,0.5000,-7.54,18.59,0.570,,1,0,,,,,,3.91811,-4.01954,,,,,,
191.817,0.5000,0.5000,0.5000,0.5000,-7.48,18.74,0.567,,1,0,,,,,,3.93473,-4.02634,,,,,,
191.883,0.5000,0.5000,0.5000,0.5000,-6.55,2.57,0.568,,1,0,,,,,,3.93870,-3.94411,,,,,,
191.944,0.5000,0.5000,0.5000,0.5000,-8.80,-6.68,0.569,,1,0,,,,,,3.92996,-3.87586,,,,,,
191.996,0.5000,0.5000,0.5000,0.5000,-9.99,-11.83,0.572,,1,0,,,,,,3.96737,-3.85620,,,,,,
192.064,0.5000,0.5000,0.5000,0.5000,-10.04,-12.81,0.564,,1,0,,,,,,3.96584,-3.82856,,,,,,
192.105,0.5000,0.5000,0.5000,0.5000,-10.38,-14.06,0.565,,1,0,,,,,,3.97788,-3.81733,,,,,,
192.152,0.5000,0.5000,0.5000,0.5000,-10.37,-13.61,0.562,,1,0,,,,,,3.96754,-3.80640,,,,,,
192.209,0.5000,0.5000,0.5000,0.5000,-10.25,-13.57,0.560,,1,0,,,,,,3.95118,-3.80682,,,,,,
192.279,0.5000,0.5000,0.5000,0.5000,-10.26,-14.19,0.559,,1,0,,,,,,3.91645,-3.77576,,,,,,
192.344,0.5000,0.5000,0.5000,0.5000,-10.17,-11.54,0.550,,1,0,,,,,,3.88180,-3.78895,,,,,,
192.409,0.5000,0.5000,0.5000,0.5000,-10.24,-11.55,0.550,,1,0,,,,,,3.86195,-3.78032,,,,,,
192.462,0.5000,0.5000,0.5000,0.5000,-10.40,-9.84,0.546,,1,0,,,,,,3.86584,-3.78664,,,,,,
192.521,0.5000,0.5000,0.5000,0.5000,-10.12,-7.69,0.547,,1,0,,,,,,3.86289,-3.78286,,,,,,
192.573,0.5000,0.5000,0.5000,0.5000,-9.98,-8.04,0.546,,1,0,,,,,,3.86704,-3.78527,,,,,,
192.631,0.5000,0.5000,0.5000,0.5000,-8.42,6.33,0.547,,1,0,,,,,,3.87007,-3.78727,,,,,,
192.710,0.5000,0.5000,0.5000,0.5000,-8.05,5.42,0.548,,1,0,,,,,,3.87447,-3.79203,,,,,,
192.782,0.5000,0.5000,0.5000,0.5000,-7.61,7.74,0.549,,1,0,,,,,,3.87870,-3.78779,,,,,,
192.829,0.5000,0.5000,0.5000,0.5000,-7.56,10.21,0.549,,1,0,,,,,,3.88175,-3.78922,,,,,,
192.898,0.5000,0.5000,0.5000,0.5000,-8.66,10.19,0.548,,1,0,,,,,,3.88013,-3.79482,,,,,,
192.961,0.5000,0.5000,0.5000,0.5000,-7.72,13.96,0.557,,1,0,,,,,,3.87959,-3.81866,,,,,,
193.028,0.5000,0.5000,0.5000,0.5000,-7.72,12.50,0.571,,1,0,,,,,,3.89120,-3.84546,,,,,,
193.085,0.5000,0.5000,0.5000,0.5000,-7.56,14.31,0.578,,1,0,,,,,,3.87276,-3.83784,,,,,,
193.150,0.5000,0.5000,0.5000,0.5000,-7.42,14.78,0.577,,1,0,,,,,,3.87802,-3.84364,,,,,,
193.212,0.5000,0.5000,0.5000,0.5000,-7.48,14.60,0.580,,1,0,,,,,,3.87922,-3.85128,,,,,,
193.281,0.5000,0.5000,0.5000,0.5000,-7.35,15.08,0.581,,1,0,,,,,,3.87503,-3.84368,,,,,,
193.342,0.5000,0.5000,0.5000,0.5000,-7.34,10.99,0.582,,1,0,,,,,,3.87415,-3.84253,,,,,,
193.402,0.5000,0.5000,0.5000,0.5000,-7.44,11.44,0.583,,1,0,,,,,,3.88286,-3.84661,,,,,,
193.452,0.5000,0.5000,0.5000,0.5000,-7.08,10.01,0.582,,1,0,,,,,,3.89099,-3.85142,,,,,,
193.516,0.5000,0.5000,0.5000,0.5000,-7.03,8.65,0.583,,1,0,,,,,,3.85600,-3.83305,,,,,,
193.582,0.5000,0.5000,0.5000,0.5000,-7.70,11.73,0.585,,1,0,,,,,,3.83550,-3.82502,,,,,,
193.639,0.5000,0.5000,0.5000,0.5000,-7.41,9.27,0.586,,1,0,,,,,,3.83798,-3.82514,,,,,,
193.699,0.5000,0.5000,0.5000,0.5000,-7.48,10.09,0.586,,1,0,,,,,,3.81809,-3.80821,,,,,,
193.749,0.5000,0.5000,0.5000,0.5000,-6.41,3.83,0.587,,1,0,,,,,,3.79249,-3.79212,,,,,,
193.802,0.5000,0.5000,0.5000,0.5000,-6.44,3.77,0.589,,1,0,,,,,,3.78039,-3.78565,,,,,,
193.862,0.5000,0.5000,0.5000,0.5000,-7.12,3.75,0.590,,1,0,,,,,,3.77436,-3.78403,,,,,,
193.937,0.5000,0.5000,0.5000,0.5000,-6.72,3.52,0.590,,1,0,,,,,,3.78457,-3.78759,,,,,,
194.000,0.5000,0.5000,0.5000,0.5000,-7.69,3.47,0.588,,1,0,,,,,,3.79291,-3.79015,,,,,,
194.059,0.5000,0.5000,0.5000,0.5000,-8.00,6.79,0.589,,1,0,,,,,,3.80157,-3.78231,,,,,,
194.105,0.5000,0.5000,0.5000,0.5000,-7.73,2.52,0.586,,1,0,,,,,,3.81150,-3.78150,,,,,,
194.157,0.5000,0.5000,0.5000,0.5000,-7.57,1.96,0.586,,1,0,,,,,,3.82675,-3.78170,,,,,,
194.200,0.5000,0.5000,0.5000,0.5000,-8.74,-3.25,0.585,,1,0,,,,,,3.83227,-3.77497,,,,,,
194.252,0.5000,0.5000,0.5000,0.5000,-9.21,-5.35,0.586,,1,0,,,,,,3.83957,-3.78173,,,,,,
194.328,0.5000,0.5000,0.5000,0.5000,-8.77,-2.86,0.582,,1,0,,,,,,3.84111,-3.77955,,,,,,
194.394,0.5000,0.5000,0.5000,0.5000,-9.44,-4.02,0.579,,1,0,,,,,,3.84695,-3.78062,,,,,,
194.461,0.5000,0.5000,0.5000,0.5000,-9.29,-2.47,0.577,,1,0,,,,,,3.84837,-3.77667,,,,,,
194.537,0.5000,0.5000,0.5000,0.5000,-10.92,-1.62,0.578,,1,0,,,,,,3.84170,-3.77291,,,,,,
194.594,0.5000,0.5000,0.5000,0.5000,-10.11,-2.52,0.580,,1,0,,,,,,3.80803,-3.75093,,,,,,
194.637,0.5000,0.5000,0.5000,0.5000,-10.14,-0.39,0.578,,1,0,,,,,,3.79612,-3.74098,,,,,,
194.700,0.5000,0.5000,0.5000,0.5000,-10.53,-0.57,0.575,,1,0,,,,,,3.77170,-3.72305,,,,,,
194.742,0.5000,0.5000,0.5000,0.5000,-10.63,-1.90,0.571,,1,0,,,,,,3.78005,-3.72313,,,,,,
194.781,0.5000,0.5000,0.5000,0.5000,-10.52,-2.67,0.570,,1,0,,,,,,3.77798,-3.72251,,,,,,
194.847,0.5000,0.5000,0.5000,0.5000,-10.99,0.40,0.569,,1,0,,,,,,3.81522,-3.73648,,,,,,
194.896,0.5000,0.5000,0.5000,0.5000,-10.67,1.60,0.569,,1,0,,,,,,3.83135,-3.73096,,,,,,
194.953,0.5000,0.5000,0.5000,0.5000,-11.62,-4.56,0.569,,1,0,,,,,,3.84365,-3.72121,,,,,,
195.020,0.5000,0.5000,0.5000,0.5000,-11.39,-7.32,0.570,,1,0,,,,,,3.85694,-3.72011,,,,,,
195.073,0.5000,0.5000,0.5000,0.5000,-11.08,-8.27,0.569,,1,0,,,,,,3.85890,-3.71694,,,,,,
195.127,0.5000,0.5000,0.5000,0.5000,-11.06,-9.08,0.566,,1,0,,,,,,3.86571,-3.70176,,,,,,
195.187,0.5000,0.5000,0.5000,0.5000,-10.86,-10.67,0.566,,1,0,,,,,,3.88603,-3.70842,,,,,,
195.262,0.5000,0.5000,0.5000,0.5000,-10.70,-11.68,0.568,,1,0,,,,,,3.88415,-3.70340,,,,,,
195.329,0.5000,0.5000,0.5000,0.5000,-10.42,-12.79,0.572,,1,0,,,,,,3.90354,-3.68483,,,,,,
195.371,0.5000,0.5000,0.5000,0.5000,-10.50,-14.15,0.572,,1,0,,,,,,3.94165,-3.70140,,,,,,
195.437,0.5000,0.5000,0.5000,0.5000,-10.44,-14.21,0.572,,1,0,,,,,,3.98073,-3.71951,,,,,,
195.507,0.5000,0.5000,0.5000,0.5000,-10.50,-13.96,0.573,,1,0,,,,,,3.96412,-3.69937,,,,,,
195.581,0.5000,0.5000,0.5000,0.5000,-10.53,-13.91,0.574,,1,0,,,,,,3.95817,-3.68735,,,,,,
195.651,0.5000,0.5000,0.5000,0.5000,-10.52,-13.88,0.576,,1,0,,,,,,3.96645,-3.68811,,,,,,
195.730,0.5000,0.5000,0.5000,0.5000,-10.55,-13.51,0.574,,1,0,,,,,,3.96609,-3.68511,,,,,,
195.795,0.5000,0.5000,0.5000,0.5000,-10.68,-13.67,0.578,,1,0,,,,,,3.96926,-3.67858,,,,,,
195.865,0.5000,0.5000,0.5000,0.5000,-10.65,-13.50,0.579,,1,0,,,,,,3.97190,-3.67639,,,,,,
195.929,0.5000,0.5000,0.5000,0.5000,-10.43,-13.25,0.580,,1,0,,,,,,3.98924,-3.67708,,,,,,
195.986,0.5000,0.5000,0.5000,0.5000,-10.31,-12.61,0.579,,1,0,,,,,,4.01897,-3.68154,,,,,,
196.058,0.5000,0.5000,0.5000,0.5000,-10.42,-13.05,0.580,,1,0,,,,,,4.08185,-3.69049,,,,,,
196.125,0.5000,0.5000,0.5000,0.5000,-10.54,-13.16,0.578,,1,0,,,,,,4.14365,-3.70724,,,,,,
196.190,0.5000,0.5000,0.5000,0.5000,-10.54,-13.92,0.581,,1,0,,,,,,4.14797,-3.69359,,,,,,
196.244,0.5000,0.5000,0.5000,0.5000,-10.45,-13.46,0.583,,1,0,,,,,,4.16566,-3.69631,,,,,,
196.296,0.5000,0.5000,0.5000,0.5000,-10.50,-13.28,0.579,,1,0,,,,,,4.19922,-3.70278,,,,,,
196.367,0.5000,0.5000,0.5000,0.5000,-10.59,-13.50,0.580,,1,0,,,,,,4.28846,-3.71314,,,,,,
196.422,0.5000,0.5000,0.5000,0.5000,-10.78,-13.77,0.580,,1,0,,,,,,4.34402,-3.73358,,,,,,
196.489,0.5000,0.5000,0.5000,0.5000,-10.81,-14.04,0.577,,1,0,,,,,,4.33987,-3.72780,,,,,,
196.536,0.5000,0.5000,0.5000,0.5000,-10.79,-13.77,0.578,,1,0,,,,,,4.37059,-3.74263,,,,,,
196.597,0.5000,0.5000,0.5000,0.5000,-10.72,-13.90,0.578,,1,0,,,,,,4.37114,-3.73250,,,,,,
196.661,0.5000,0.5000,0.5000,0.5000,-11.05,-14.23,0.572,,1,0,,,,,,4.27732,-3.68413,,,,,,
196.738,0.5000,0.5000,0.5000,0.5000,-11.00,-14.03,0.574,,1,0,,,,,,4.23558,-3.65100,,,,,,
196.812,0.5000,0.5000,0.5000,0.5000,-11.12,-14.36,0.577,,1,0,,,,,,4.23142,-3.64720,,,,,,
196.875,0.5000,0.5000,0.5000,0.5000,-11.12,-14.59,0.576,,1,0,,,,,,4.22572,-3.64347,,,,,,
196.923,0.5000,0.5000,0.5000,0.5000,-11.26,-14.70,0.579,,1,0,,,,,,4.22573,-3.63719,,,,,,
196.980,0.5000,0.5000,0.5000,0.5000,-11.35,-14.88,0.579,,1,0,,,,,,4.22882,-3.62749,,,,,,
197.049,0.5000,0.5000,0.5000,0.5000,-11.85,-16.31,0.572,,1,0,,,,,,4.40608,-3.69320,,,,,,
197.114,0.5000,0.5000,0.5000,0.5000,-11.71,-15.74,0.576,,1,0,,,,,,4.38367,-3.67209,,,,,,
197.183,0.5000,0.5000,0.5000,0.5000,-11.85,-16.15,0.577,,1,0,,,,,,4.37533,-3.65769,,,,,,
197.243,0.5000,0.5000,0.5000,0.5000,-12.05,-16.62,0.580,,1,0,,,,,,4.39231,-3.62992,,,,,,
197.305,0.5000,0.5000,0.5000,0.5000,-12.10,-17.02,0.587,,1,0,,,,,,4.37915,-3.60508,,,,,,
197.350,0.5000,0.5000,0.5000,0.5000,-12.12,-17.01,0.585,,1,0,,,,,,4.39406,-3.59886,,,,,,
197.392,0.5000,0.5000,0.5000,0.5000,-12.15,-16.64,0.577,,1,0,,,,,,4.43736,-3.60901,,,,,,
197.455,0.5000,0.5000,0.5000,0.5000,-12.26,-17.49,0.570,,1,0,,,,,,4.54059,-3.60564,,,,,,
197.509,0.5000,0.5000,0.5000,0.5000,-12.29,-17.86,0.562,,1,0,,,,,,4.61486,-3.61155,,,,,,
197.571,0.5000,0.5000,0.5000,0.5000,-12.18,-17.62,0.554,,1,0,,,,,,4.66604,-3.61201,,,,,,
197.622,0.5000,0.5000,0.5000,0.5000,-12.37,-18.24,0.547,,1,0,,,,,,4.69502,-3.60577,,,,,,
197.679,0.5000,0.5000,0.5000,0.5000,-12.47,-18.82,0.552,,1,0,,,,,,4.71528,-3.57119,,,,,,
197.736,0.5000,0.5000,0.5000,0.5000,-12.44,-18.50,0.550,,1,0,,,,,,4.76292,-3.56448,,,,,,
197.790,0.5000,0.5000,0.5000,0.5000,-12.28,-18.45,0.551,,1,0,,,,,,4.80508,-3.57275,,,,,,
197.839,0.5000,0.5000,0.5000,0.5000,-12.33,-19.01,0.555,,1,0,,,,,,4.83497,-3.58343,,,,,,
197.888,0.5000,0.5000,0.5000,0.5000,-12.38,-18.80,0.565,,1,0,,,,,,4.83470,-3.57945,,,,,,
197.944,0.5000,0.5000,0.5000,0.5000,-12.49,-18.86,0.570,,1,0,,,,,,4.84144,-3.56933,,,,,,
197.998,0.5000,0.5000,0.5000,0.5000,-12.40,-18.97,0.576,,1,0,,,,,,4.84672,-3.58016,,,,,,
198.050,0.5000,0.5000,0.5000,0.5000,-12.36,-19.08,0.578,,1,0,,,,,,4.84648,-3.57361,,,,,,
198.093,0.5000,0.5000,0.5000,0.5000,-12.36,-18.77,0.575,,1,0,,,,,,4.84959,-3.57769,,,,,,
198.139,0.5000,0.5000,0.5000,0.5000,-12.39,-18.71,0.574,,1,0,,,,,,4.85881,-3.58230,,,,,,
198.200,0.5000,0.5000,0.5000,0.5000,-12.37,-18.66,0.576,,1,0,,,,,,4.85297,-3.58123,,,,,,
198.251,0.5000,0.5000,0.5000,0.5000,-12.29,-18.59,0.577,,1,0,,,,,,4.85300,-3.57463,,,,,,
198.311,0.5000,0.5000,0.5000,0.5000,-12.26,-18.44,0.576,,1,0,,,,,,4.85210,-3.56871,,,,,,
198.373,0.5000,0.5000,0.5000,0.5000,-12.25,-18.40,0.579,,1,0,,,,,,4.84983,-3.56034,,,,,,
198.436,0.5000,0.5000,0.5000,0.5000,-12.22,-18.53,0.577,,1,0,,,,,,4.84365,-3.52771,,,,,,
198.503,0.5000,0.5000,0.5000,0.5000,-12.32,-18.89,0.572,,1,0,,,,,,4.84899,-3.52490,,,,,,
198.563,0.5000,0.5000,0.5000,0.5000,-12.33,-19.00,0.567,,1,0,,,,,,4.85354,-3.51936,,,,,,
198.615,0.5000,0.5000,0.5000,0.5000,-12.32,-19.00,0.562,,1,0,,,,,,4.87896,-3.51469,,,,,,
198.659,0.5000,0.5000,0.5000,0.5000,-12.33,-19.25,0.563,,1,0,,,,,,4.99206,-3.54909,,,,,,
198.730,0.5000,0.5000,0.5000,0.5000,-12.09,-19.74,0.557,,1,0,,,,,,5.31824,-3.61809,,,,,,
198.793,0.5000,0.5000,0.5000,0.5000,-11.96,-19.03,0.551,,1,0,,,,,,5.38861,-3.59404,,,,,,
198.863,0.5000,0.5000,0.5000,0.5000,-11.88,-19.12,0.548,,1,0,,,,,,5.43358,-3.58255,,,,,,
198.919,0.5000,0.5000,0.5000,0.5000,-11.82,-20.26,0.550,,1,0,,,,,,5.43267,-3.54508,,,,,,
198.978,0.5000,0.5000,0.5000,0.5000,-11.54,-19.66,0.546,,1,0,,,,,,5.44825,-3.52883,,,,,,
199.040,0.5000,0.5000,0.5000,0.5000,-11.55,-19.92,0.546,,1,0,,,,,,5.46792,-3.52451,,,,,,
199.095,0.5000,0.5000,0.5000,0.5000,-11.36,-19.86,0.545,,1,0,,,,,,5.46878,-3.53268,,,,,,
199.164,0.5000,0.5000,0.5000,0.5000,-11.33,-20.13,0.544,,1,0,,,,,,5.48003,-3.54120,,,,,,
199.221,0.5000,0.5000,0.5000,0.5000,-11.31,-20.03,0.544,,1,0,,,,,,5.48914,-3.54484,,,,,,
199.293,0.5000,0.5000,0.5000,0.5000,-11.28,-20.18,0.542,,1,0,,,,,,5.51089,-3.55422,,,,,,
199.357,0.5000,0.5000,0.5000,0.5000,-11.04,-21.14,0.525,,1,0,,,,,,5.48507,-3.56649,,,,,,
199.421,0.5000,0.5000,0.5000,0.5000,-10.79,-21.35,0.519,,1,0,,,,,,5.47385,-3.57630,,,,,,
199.502,0.5000,0.5000,0.5000,0.5000,-10.63,-21.53,0.518,,1,0,,,,,,5.43485,-3.56864,,,,,,
199.562,0.5000,0.5000,0.5000,0.5000,-10.98,-21.70,0.519,,1,0,,,,,,5.23944,-3.51817,,,,,,
199.630,0.5000,0.5000,0.5000,0.5000,-11.07,-20.84,0.518,,1,0,,,,,,5.20463,-3.52503,,,,,,
199.685,0.5000,0.5000,0.5000,0.5000,-11.39,-20.68,0.516,,1,0,,,,,,5.13667,-3.49044,,,,,,
199.750,0.5000,0.5000,0.5000,0.5000,-11.86,-20.81,0.515,,1,0,,,,,,5.07351,-3.39805,,,,,,
199.802,0.5000,0.5000,0.5000,0.5000,-11.86,-20.98,0.512,,1,0,,,,,,5.09674,-3.38257,,,,,,
199.866,0.5000,0.5000,0.5000,0.5000,-11.95,-21.03,0.513,,1,0,,,,,,5.11391,-3.35582,,,,,,
199.935,0.5000,0.5000,0.5000,0.5000,-11.99,-20.80,0.516,,1,0,,,,,,5.11417,-3.32877,,,,,,
199.991,0.5000,0.5000,0.5000,0.5000,-12.28,-20.74,0.518,,1,0,,,,,,5.10488,-3.23513,,,,,,
200.046,0.5000,0.5000,0.5000,0.5000,-12.06,-21.12,0.512,,1,0,,,,,,5.14895,-3.23991,,,,,,
200.099,0.5000,0.5000,0.5000,0.5000,-12.07,-21.43,0.505,,1,0,,,,,,5.17144,-3.23459,,,,,,
200.161,0.5000,0.5000,0.5000,0.5000,-12.05,-21.41,0.504,,1,0,,,,,,5.17082,-3.21656,,,,,,
200.209,0.5000,0.5000,0.5000,0.5000,-12.27,-21.48,0.513,,1,0,,,,,,5.20508,-3.20038,,,,,,
200.270,0.5000,0.5000,0.5000,0.5000,-12.21,-21.36,0.512,,1,0,,,,,,5.21805,-3.18768,,,,,,
200.317,0.5000,0.5000,0.5000,0.5000,-12.27,-21.55,0.520,,1,0,,,,,,5.22373,-3.18020,,,,,,
200.373,0.5000,0.5000,0.5000,0.5000,-12.18,-21.60,0.519,,1,0,,,,,,5.23482,-3.18553,,,,,,
200.441,0.5000,0.5000,0.5000,0.5000,-12.28,-21.55,0.523,,1,0,,,,,,5.25055,-3.18075,,,,,,
200.509,0.5000,0.5000,0.5000,0.5000,-12.36,-21.71,0.521,,1,0,,,,,,5.25854,-3.17225,,,,,,
200.594,0.5000,0.5000,0.5000,0.5000,-12.42,-21.91,0.518,,1,0,,,,,,5.28877,-3.17442,,,,,,
200.659,0.5000,0.5000,0.5000,0.5000,-12.63,-21.73,0.520,,1,0,,,,,,5.32075,-3.14682,,,,,,
200.724,0.5000,0.5000,0.5000,0.5000,-12.61,-21.83,0.519,,1,0,,,,,,5.36632,-3.15006,,,,,,
200.802,0.5000,0.5000,0.5000,0.5000,-12.64,-21.81,0.517,,1,0,,,,,,5.40112,-3.15768,,,,,,
200.853,0.5000,0.5000,0.5000,0.5000,-12.48,-21.84,0.518,,1,0,,,,,,5.45096,-3.16860,,,,,,
200.910,0.5000,0.5000,0.5000,0.5000,-12.48,-21.73,0.520,,1,0,,,,,,5.45234,-3.16257,,,,,,
200.960,0.5000,0.5000,0.5000,0.5000,-12.49,-21.78,0.517,,1,0,,,,,,5.45572,-3.16546,,,,,,
201.011,0.5000,0.5000,0.5000,0.5000,-12.47,-21.78,0.517,,1,0,,,,,,5.41677,-3.15442,,,,,,
201.061,0.5000,0.5000,0.5000,0.5000,-12.53,-21.77,0.518,,1,0,,,,,,5.39331,-3.14860,,,,,,
201.129,0.5000,0.5000,0.5000,0.5000,-12.45,-21.83,0.518,,1,0,,,,,,5.37312,-3.15787,,,,,,
201.190,0.5000,0.5000,0.5000,0.5000,-12.50,-21.93,0.522,,1,0,,,,,,5.34837,-3.17454,,,,,,
201.257,0.5000,0.5000,0.5000,0.5000,-12.03,-22.03,0.516,,1,0,,,,,,5.32320,-3.21353,,,,,,
201.328,0.5000,0.5000,0.5000,0.5000,-11.74,-20.42,0.511,,1,0,,,,,,5.18598,-3.22901,,,,,,
201.392,0.5000,0.5000,0.5000,0.5000,-11.85,-20.72,0.505,,1,0,,,,,,5.12919,-3.27030,,,,,,
201.466,0.5000,0.5000,0.5000,0.5000,-11.79,-20.46,0.505,,1,0,,,,,,5.07187,-3.26237,,,,,,
201.534,0.5000,0.5000,0.5000,0.5000,-11.86,-20.85,0.509,,1,0,,,,,,5.09038,-3.26857,,,,,,
201.586,0.5000,0.5000,0.5000,0.5000,-11.85,-20.88,0.510,,1,0,,,,,,5.07443,-3.24954,,,,,,
201.658,0.5000,0.5000,0.5000,0.5000,-11.82,-20.88,0.515,,1,0,,,,,,5.07066,-3.23987,,,,,,
201.726,0.5000,0.5000,0.5000,0.5000,-11.75,-20.88,0.513,,1,0,,,,,,5.06478,-3.23304,,,,,,
201.793,0.5000,0.5000,0.5000,0.5000,-11.86,-21.20,0.518,,1,0,,,,,,5.15814,-3.23359,,,,,,
201.852,0.5000,0.5000,0.5000,0.5000,-11.94,-21.44,0.516,,1,0,,,,,,5.23755,-3.24405,,,,,,
201.912,0.5000,0.5000,0.5000,0.5000,-12.03,-21.35,0.515,,1,0,,,,,,5.27467,-3.23556,,,,,,
201.986,0.5000,0.5000,0.5000,0.5000,-12.02,-21.81,0.515,,1,0,,,,,,5.37378,-3.23438,,,,,,
202.051,0.5000,0.5000,0.5000,0.5000,-12.01,-21.67,0.516,,1,0,,,,,,5.39943,-3.21499,,,,,,
202.118,0.5000,0.5000,0.5000,0.5000,-12.06,-21.71,0.518,,1,0,,,,,,5.44942,-3.22235,,,,,,
202.160,0.5000,0.5000,0.5000,0.5000,-12.07,-21.98,0.518,,1,0,,,,,,5.51959,-3.21454,,,,,,
202.245,0.5000,0.5000,0.5000,0.5000,-12.09,-21.76,0.519,,1,0,,,,,,5.56690,-3.21562,,,,,,
202.314,0.5000,0.5000,0.5000,0.5000,-12.08,-21.80,0.520,,1,0,,,,,,5.60084,-3.20734,,,,,,
202.390,0.5000,0.5000,0.5000,0.5000,-12.40,-22.24,0.522,,1,0,,,,,,5.65861,-3.16126,,,,,,
202.459,0.5000,0.5000,0.5000,0.5000,-12.08,-22.28,0.521,,1,0,,,,,,5.70282,-3.16028,,,,,,
202.511,0.5000,0.5000,0.5000,0.5000,-12.19,-22.09,0.522,,1,0,,,,,,5.75774,-3.16934,,,,,,
202.559,0.5000,0.5000,0.5000,0.5000,-12.27,-22.18,0.527,,1,0,,,,,,5.79495,-3.13655,,,,,,
202.606,0.5000,0.5000,0.5000,0.5000,-12.21,-22.18,0.526,,1,0,,,,,,5.89618,-3.15382,,,,,,
202.654,0.5000,0.5000,0.5000,0.5000,-12.32,-22.16,0.530,,1,0,,,,,,5.91128,-3.14001,,,,,,
202.706,0.5000,0.5000,0.5000,0.5000,-12.35,-22.28,0.532,,1,0,,,,,,5.88824,-3.10679,,,,,,
202.778,0.5000,0.5000,0.5000,0.5000,-12.29,-22.18,0.528,,1,0,,,,,,5.90552,-3.10734,,,,,,
202.845,0.5000,0.5000,0.5000,0.5000,-12.32,-22.18,0.525,,1,0,,,,,,5.89807,-3.10934,,,,,,
202.910,0.5000,0.5000,0.5000,0.5000,-12.24,-22.16,0.525,,1,0,,,,,,5.89723,-3.11386,,,,,,
202.972,0.5000,0.5000,0.5000,0.5000,-12.22,-22.13,0.525,,1,0,,,,,,5.89714,-3.11854,,,,,,
203.045,0.5000,0.5000,0.5000,0.5000,-11.86,-22.86,0.525,,1,0,,,,,,5.88958,-3.15944,,,,,,
203.111,0.5000,0.5000,0.5000,0.5000,-11.41,-22.79,0.522,,1,0,,,,,,5.83216,-3.14689,,,,,,
203.185,0.5000,0.5000,0.5000,0.5000,-11.50,-24.10,0.527,,1,0,,,,,,5.82241,-3.15683,,,,,,
203.257,0.5000,0.5000,0.5000,0.5000,-3.65,-42.07,0.514,,1,0,,,,,,5.87263,-3.19920,,,,,,
203.335,0.5000,0.5000,0.5000,0.5000,-11.55,-24.40,0.516,,1,0,,,,,,5.88944,-3.22555,,,,,,
203.410,0.5000,0.5000,0.5000,0.5000,-3.76,-42.13,0.511,,1,0,,,,,,5.92153,-3.21531,,,,,,
203.482,0.5000,0.5000,0.5000,0.5000,-3.53,-42.92,0.510,,1,0,,,,,,6.00484,-3.24688,,,,,,
203.543,0.5000,0.5000,0.5000,0.5000,-3.68,-43.44,0.511,,1,0,,,,,,6.14689,-3.28411,,,,,,
203.612,0.5000,0.5000,0.5000,0.5000,-3.80,-43.34,0.515,,1,0,,,,,,6.11318,-3.23864,,,,,,
203.671,0.5000,0.5000,0.5000,0.5000,-3.99,-43.14,0.511,,1,0,,,,,,6.10952,-3.21486,,,,,,
203.735,0.5000,0.5000,0.5000,0.5000,-4.15,-43.11,0.509,,1,0,,,,,,6.10880,-3.19960,,,,,,
203.811,0.5000,0.5000,0.5000,0.5000,-4.21,-43.16,0.502,,1,0,,,,,,6.14223,-3.16286,,,,,,
203.877,0.5000,0.5000,0.5000,0.5000,-4.12,-43.22,0.506,,1,0,,,,,,6.19466,-3.16482,,,,,,
203.943,0.5000,0.5000,0.5000,0.5000,-4.16,-43.23,0.507,,1,0,,,,,,6.17510,-3.15143,,,,,,
204.011,0.5000,0.5000,0.5000,0.5000,-4.21,-43.39,0.511,,1,0,,,,,,6.32581,-3.15838,,,,,,
204.074,0.5000,0.5000,0.5000,0.5000,-4.17,-43.38,0.514,,1,0,,,,,,6.35583,-3.16612,,,,,,
204.138,0.5000,0.5000,0.5000,0.5000,-4.13,-43.31,0.512,,1,0,,,,,,6.33822,-3.16676,,,,,,
204.210,0.5000,0.5000,0.5000,0.5000,-4.29,-43.02,0.514,,1,0,,,,,,6.31213,-3.16258,,,,,,
204.275,0.5000,0.5000,0.5000,0.5000,-11.77,-24.53,0.522,,1,0,,,,,,6.18155,-3.14663,,,,,,
204.323,0.5000,0.5000,0.5000,0.5000,-11.71,-24.23,0.528,,1,0,,,,,,6.16596,-3.15564,,,,,,
204.384,0.5000,0.5000,0.5000,0.5000,-11.69,-24.15,0.524,,1,0,,,,,,6.18407,-3.18800,,,,,,
204.448,0.5000,0.5000,0.5000,0.5000,-11.93,-23.26,0.526,,1,0,,,,,,6.16553,-3.21612,,,,,,
204.528,0.5000,0.5000,0.5000,0.5000,-11.86,-22.85,0.530,,1,0,,,,,,6.17662,-3.23121,,,,,,
204.577,0.5000,0.5000,0.5000,0.5000,-11.82,-22.91,0.527,,1,0,,,,,,6.21053,-3.24618,,,,,,
204.632,0.5000,0.5000,0.5000,0.5000,-11.73,-23.00,0.530,,1,0,,,,,,6.23517,-3.25098,,,,,,
204.696,0.5000,0.5000,0.5000,0.5000,-11.61,-23.01,0.530,,1,0,,,,,,6.25746,-3.25481,,,,,,
204.750,0.5000,0.5000,0.5000,0.5000,-11.59,-22.91,0.536,,1,0,,,,,,6.25260,-3.24016,,,,,,
204.816,0.5000,0.5000,0.5000,0.5000,-11.49,-22.87,0.538,,1,0,,,,,,6.24269,-3.22113,,,,,,
204.885,0.5000,0.5000,0.5000,0.5000,-11.46,-22.90,0.541,,1,0,,,,,,6.45049,-3.29495,,,,,,
204.963,0.5000,0.5000,0.5000,0.5000,-11.46,-22.89,0.540,,1,0,,,,,,6.46847,-3.29260,,,,,,
205.034,0.5000,0.5000,0.5000,0.5000,-11.56,-22.89,0.541,,1,0,,,,,,6.57210,-3.33898,,,,,,
205.099,0.5000,0.5000,0.5000,0.5000,-11.60,-22.64,0.539,,1,0,,,,,,6.58288,-3.33609,,,,,,
205.166,0.5000,0.5000,0.5000,0.5000,-11.58,-22.80,0.542,,1,0,,,,,,6.63214,-3.36060,,,,,,
205.234,0.5000,0.5000,0.5000,0.5000,-11.55,-22.74,0.538,,1,0,,,,,,6.67488,-3.36813,,,,,,
205.297,0.5000,0.5000,0.5000,0.5000,-11.58,-22.73,0.538,,1,0,,,,,,6.68570,-3.36576,,,,,,
205.353,0.5000,0.5000,0.5000,0.5000,-11.60,-22.60,0.537,,1,0,,,,,,6.72479,-3.37585,,,,,,
205.417,0.5000,0.5000,0.5000,0.5000,-11.62,-22.68,0.536,,1,0,,,,,,6.77366,-3.39884,,,,,,
205.473,0.5000,0.5000,0.5000,0.5000,-11.53,-22.68,0.534,,1,0,,,,,,6.76375,-3.39685,,,,,,
205.532,0.5000,0.5000,0.5000,0.5000,-11.54,-22.52,0.533,,1,0,,,,,,6.75663,-3.39270,,,,,,
205.589,0.5000,0.5000,0.5000,0.5000,-11.52,-22.51,0.533,,1,0,,,,,,6.77099,-3.40071,,,,,,
205.655,0.5000,0.5000,0.5000,0.5000,-11.55,-22.40,0.526,,1,0,,,,,,6.77405,-3.41280,,,,,,
205.696,0.5000,0.5000,0.5000,0.5000,-11.49,-22.41,0.528,,1,0,,,,,,6.79222,-3.42447,,,,,,
205.733,0.5000,0.5000,0.5000,0.5000,-11.32,-22.46,0.523,,1,0,,,,,,6.79866,-3.43555,,,,,,
205.791,0.5000,0.5000,0.5000,0.5000,-11.36,-22.43,0.524,,1,0,,,,,,6.79845,-3.44689,,,,,,
205.854,0.5000,0.5000,0.5000,0.5000,-11.27,-22.44,0.528,,1,0,,,,,,6.81893,-3.46907,,,,,,
205.915,0.5000,0.5000,0.5000,0.5000,-11.24,-22.57,0.532,,1,0,,,,,,6.83356,-3.50554,,,,,,
205.972,0.5000,0.5000,0.5000,0.5000,-11.27,-22.57,0.525,,1,0,,,,,,6.72687,-3.47805,,,,,,
206.028,0.5000,0.5000,0.5000,0.5000,-11.27,-22.57,0.526,,1,0,,,,,,6.70729,-3.48984,,,,,,
206.091,0.5000,0.5000,0.5000,0.5000,-11.29,-22.53,0.521,,1,0,,,,,,6.71458,-3.50526,,,,,,
206.161,0.5000,0.5000,0.5000,0.5000,-11.11,-22.55,0.532,,1,0,,,,,,6.69708,-3.56732,,,,,,
206.219,0.5000,0.5000,0.5000,0.5000,-10.88,-21.79,0.533,,1,0,,,,,,6.60141,-3.56161,,,,,,
206.292,0.5000,0.5000,0.5000,0.5000,-10.66,-21.61,0.532,,1,0,,,,,,6.37350,-3.55922,,,,,,
206.364,0.5000,0.5000,0.5000,0.5000,-10.58,-20.04,0.518,,1,0,,,,,,5.59774,-3.42230,,,,,,
206.419,0.5000,0.5000,0.5000,0.5000,-10.30,-20.29,0.512,,1,0,,,,,,5.64819,-3.50797,,,,,,
206.475,0.5000,0.5000,0.5000,0.5000,-10.12,-20.09,0.514,,1,0,,,,,,5.54720,-3.51030,,,,,,
206.537,0.5000,0.5000,0.5000,0.5000,-10.17,-18.73,0.512,,1,0,,,,,,5.25118,-3.52304,,,,,,
206.602,0.5000,0.5000,0.5000,0.5000,-9.92,-18.23,0.516,,1,0,,,,,,5.21913,-3.59136,,,,,,
206.651,0.5000,0.5000,0.5000,0.5000,-9.86,-17.68,0.516,,1,0,,,,,,5.13738,-3.58829,,,,,,
206.709,0.5000,0.5000,0.5000,0.5000,-10.10,-18.41,0.519,,1,0,,,,,,5.11578,-3.61314,,,,,,
206.748,0.5000,0.5000,0.5000,0.5000,-10.04,-18.48,0.524,,1,0,,,,,,5.08062,-3.60079,,,,,,
206.812,0.5000,0.5000,0.5000,0.5000,-10.04,-18.34,0.526,,1,0,,,,,,5.05466,-3.60476,,,,,,
206.874,0.5000,0.5000,0.5000,0.5000,-10.08,-18.22,0.531,,1,0,,,,,,4.99888,-3.60430,,,,,,
206.940,0.5000,0.5000,0.5000,0.5000,-10.19,-19.03,0.532,,1,0,,,,,,5.02164,-3.63800,,,,,,
207.006,0.5000,0.5000,0.5000,0.5000,-10.18,-18.75,0.549,,1,0,,,,,,5.00748,-3.64019,,,,,,
207.060,0.5000,0.5000,0.5000,0.5000,-10.09,-19.26,0.550,,1,0,,,,,,5.11408,-3.67810,,,,,,
207.120,0.5000,0.5000,0.5000,0.5000,-10.01,-19.06,0.548,,1,0,,,,,,5.16662,-3.68733,,,,,,
207.189,0.5000,0.5000,0.5000,0.5000,-9.93,-19.23,0.545,,1,0,,,,,,5.23802,-3.72403,,,,,,
207.254,0.5000,0.5000,0.5000,0.5000,-9.88,-19.80,0.546,,1,0,,,,,,5.38417,-3.76982,,,,,,
207.320,0.5000,0.5000,0.5000,0.5000,-9.68,-20.20,0.540,,1,0,,,,,,5.42062,-3.77972,,,,,,
207.378,0.5000,0.5000,0.5000,0.5000,-9.62,-20.66,0.541,,1,0,,,,,,5.46525,-3.79237,,,,,,
207.436,0.5000,0.5000,0.5000,0.5000,-9.63,-20.55,0.539,,1,0,,,,,,5.48822,-3.79366,,,,,,
207.490,0.5000,0.5000,0.5000,0.5000,-9.69,-20.43,0.540,,1,0,,,,,,5.48824,-3.80659,,,,,,
207.545,0.5000,0.5000,0.5000,0.5000,-9.70,-20.46,0.536,,1,0,,,,,,5.49789,-3.82049,,,,,,
207.603,0.5000,0.5000,0.5000,0.5000,-9.64,-20.39,0.541,,1,0,,,,,,5.48832,-3.81237,,,,,,
207.661,0.5000,0.5000,0.5000,0.5000,-9.62,-20.27,0.543,,1,0,,,,,,5.48116,-3.81180,,,,,,
207.717,0.5000,0.5000,0.5000,0.5000,-9.69,-20.26,0.547,,1,0,,,,,,5.46847,-3.81387,,,,,,
207.793,0.5000,0.5000,0.5000,0.5000,-9.73,-20.36,0.554,,1,0,,,,,,5.46486,-3.80954,,,,,,
207.864,0.5000,0.5000,0.5000,0.5000,-9.73,-20.26,0.554,,1,0,,,,,,5.46582,-3.81525,,,,,,
207.912,0.5000,0.5000,0.5000,0.5000,-9.46,-20.31,0.553,,1,0,,,,,,5.52574,-3.83387,,,,,,
207.969,0.5000,0.5000,0.5000,0.5000,-9.28,-20.37,0.553,,1,0,,,,,,5.56402,-3.83222,,,,,,
208.033,0.5000,0.5000,0.5000,0.5000,-9.23,-20.32,0.548,,1,0,,,,,,5.63279,-3.87154,,,,,,
208.088,0.5000,0.5000,0.5000,0.5000,-9.01,-20.68,0.544,,1,0,,,,,,5.68276,-3.88879,,,,,,
208.148,0.5000,0.5000,0.5000,0.5000,-8.32,-20.57,0.567,,1,0,,,,,,5.84529,-4.08937,,,,,,
208.213,0.5000,0.5000,0.5000,0.5000,-7.85,-20.41,0.554,,1,0,,,,,,5.84418,-4.17052,,,,,,
208.276,0.5000,0.5000,0.5000,0.5000,-7.92,-20.82,0.547,,1,0,,,,,,5.93463,-4.34792,,,,,,
208.347,0.5000,0.5000,0.5000,0.5000,-6.63,-20.13,0.543,,1,0,,,,,,5.91100,-4.45145,,,,,,
208.406,0.5000,0.5000,0.5000,0.5000,-3.98,-16.77,0.543,,1,0,,,,,,5.98895,-4.72692,,,,,,
208.466,0.5000,0.5000,0.5000,0.5000,-5.16,-17.07,0.542,,1,0,,,,,,6.03645,-4.78298,,,,,,
208.543,0.5000,0.5000,0.5000,0.5000,-1.19,-9.76,0.530,,1,0,,,,,,6.03447,-4.78589,,,,,,
208.613,0.5000,0.5000,0.5000,0.5000,-1.19,21.03,0.535,,1,0,,,,,,6.21537,-4.77117,,,,,,
208.677,0.5000,0.5000,0.5000,0.5000,-1.90,20.07,0.531,,1,0,,,,,,6.38420,-4.79245,,,,,,
208.751,0.5000,0.5000,0.5000,0.5000,-3.54,-13.55,0.511,,1,0,,,,,,7.03719,-4.63408,,,,,,
208.824,0.5000,0.5000,0.5000,0.5000,-2.52,-12.09,0.507,,1,0,,,,,,7.15493,-4.48749,,,,,,
208.893,0.5000,0.5000,0.5000,0.5000,-2.53,-10.63,0.487,,1,0,,,,,,7.28259,-4.44294,,,,,,
208.939,0.5000,0.5000,0.5000,0.5000,-3.60,-2.80,0.470,,1,0,,,,,,7.99213,-4.46312,,,,,,
209.002,0.5000,0.5000,0.5000,0.5000,-2.76,-8.42,0.471,,1,0,,,,,,8.07227,-4.28533,,,,,,
209.068,0.5000,0.5000,0.5000,0.5000,-2.69,-10.19,0.468,,1,0,,,,,,8.48378,-4.11743,,,,,,
209.145,0.5000,0.5000,0.5000,0.5000,-2.99,-11.94,0.461,,1,0,,,,,,8.76566,-4.06862,,,,,,
209.212,0.5000,0.5000,0.5000,0.5000,-3.87,-16.95,0.471,,1,0,,,,,,9.55137,-3.95369,,,,,,
209.281,0.5000,0.5000,0.5000,0.5000,-4.64,-17.51,0.457,,1,0,,,,,,9.37450,-3.79122,,,,,,
209.342,0.5000,0.5000,0.5000,0.5000,-6.18,-18.31,0.501,,1,0,,,,,,9.42073,-3.56003,,,,,,
209.411,0.5000,0.5000,0.5000,0.5000,-6.59,-18.46,0.510,,1,0,,,,,,9.33277,-3.42004,,,,,,
209.477,0.5000,0.5000,0.5000,0.5000,-7.50,-19.21,0.530,,1,0,,,,,,9.24475,-3.22719,,,,,,
209.546,0.5000,0.5000,0.5000,0.5000,-7.64,-19.62,0.534,,1,0,,,,,,9.21757,-3.15111,,,,,,
209.618,0.5000,0.5000,0.5000,0.5000,-7.44,-22.19,0.428,,1,0,,,,,,8.75400,-3.14040,,,,,,
209.673,0.5000,0.5000,0.5000,0.5000,-7.19,-20.21,0.397,,1,0,,,,,,8.61354,-3.07812,,,,,,
209.746,0.5000,0.5000,0.5000,0.5000,-6.90,-20.36,0.477,,1,0,,,,,,8.48216,-2.87452,,,,,,
209.818,0.5000,0.5000,0.5000,0.5000,-7.00,-19.98,0.491,,1,0,,,,,,8.44833,-2.82103,,,,,,
209.895,0.5000,0.5000,0.5000,0.5000,-7.78,-20.08,0.489,,1,0,,,,,,8.56069,-2.73826,,,,,,
209.941,0.5000,0.5000,0.5000,0.5000,-8.16,-20.60,0.493,,1,0,,,,,,8.66854,-2.68479,,,,,,
210.012,0.5000,0.5000,0.5000,0.5000,-8.20,-20.75,0.493,,1,0,,,,,,8.98983,-2.64114,,,,,,
210.071,0.5000,0.5000,0.5000,0.5000,-8.24,-21.46,0.494,,1,0,,,,,,9.05652,-2.62716,,,,,,
210.137,0.5000,0.5000,0.5000,0.5000,-8.28,-21.37,0.495,,1,0,,,,,,9.14978,-2.60770,,,,,,
210.205,0.5000,0.5000,0.5000,0.5000,-8.18,-20.89,0.483,,1,0,,,,,,9.24368,-2.39456,,,,,,
210.255,0.5000,0.5000,0.5000,0.5000,-8.84,-21.88,0.476,,1,0,,,,,,9.39996,-2.32261,,,,,,
210.325,0.5000,0.5000,0.5000,0.5000,-9.01,-22.46,0.471,,1,0,,,,,,9.56599,-2.28652,,,,,,
210.396,0.5000,0.5000,0.5000,0.5000,-9.05,-22.10,0.449,,1,0,,,,,,9.76588,-2.18134,,,,,,
210.459,0.5000,0.5000,0.5000,0.5000,-9.30,-22.47,0.456,,1,0,,,,,,9.74472,-2.14901,,,,,,
210.510,0.5000,0.5000,0.5000,0.5000,-9.36,-22.28,0.453,,1,0,,,,,,9.73971,-2.12467,,,,,,
210.589,0.5000,0.5000,0.5000,0.5000,-9.50,-21.94,0.448,,1,0,,,,,,9.74361,-2.10962,,,,,,
210.654,0.5000,0.5000,0.5000,0.5000,-9.84,-21.98,0.442,,1,0,,,,,,9.84504,-2.11453,,,,,,
210.718,0.5000,0.5000,0.5000,0.5000,-9.85,-22.03,0.439,,1,0,,,,,,9.79023,-2.10039,,,,,,
210.794,0.5000,0.5000,0.5000,0.5000,-9.73,-21.91,0.438,,1,0,,,,,,9.75097,-2.08448,,,,,,
210.860,0.5000,0.5000,0.5000,0.5000,-10.01,-21.70,0.439,,1,0,,,,,,9.72287,-2.04758,,,,,,
210.904,0.5000,0.5000,0.5000,0.5000,-10.19,-21.40,0.441,,1,0,,,,,,9.69861,-2.02841,,,,,,
210.958,0.5000,0.5000,0.5000,0.5000,-10.24,-21.17,0.440,,1,0,,,,,,9.69295,-2.02535,,,,,,
211.031,0.5000,0.5000,0.5000,0.5000,-10.17,-20.94,0.435,,1,0,,,,,,9.68370,-2.00835,,,,,,
211.105,0.5000,0.5000,0.5000,0.5000,-10.45,-21.43,0.441,,1,0,,,,,,9.75942,-1.98851,,,,,,
211.155,0.5000,0.5000,0.5000,0.5000,-10.23,-21.42,0.432,,1,0,,,,,,9.79291,-1.94716,,,,,,
211.226,0.5000,0.5000,0.5000,0.5000,-10.55,-23.19,0.423,,1,0,,,,,,9.94984,-1.78375,,,,,,
211.303,0.5000,0.5000,0.5000,0.5000,-10.57,-22.91,0.421,,1,0,,,,,,9.93248,-1.71469,,,,,,
211.369,0.5000,0.5000,0.5000,0.5000,-10.81,-23.15,0.412,,1,0,,,,,,9.91879,-1.67210,,,,,,
211.440,0.5000,0.5000,0.5000,0.5000,-11.21,-23.12,0.416,,1,0,,,,,,9.68837,-1.69168,,,,,,
211.495,0.5000,0.5000,0.5000,0.5000,-11.36,-22.64,0.416,,1,0,,,,,,9.57730,-1.70012,,,,,,
211.556,0.5000,0.5000,0.5000,0.5000,-11.08,-22.03,0.411,,1,0,,,,,,9.38970,-1.69929,,,,,,
211.633,0.5000,0.5000,0.5000,0.5000,-9.04,-20.54,0.436,,1,0,,,,,,8.96647,-1.92252,,,,,,
211.707,0.5000,0.5000,0.5000,0.5000,-8.89,-19.73,0.429,,1,0,,,,,,8.66506,-1.99499,,,,,,
211.768,0.5000,0.5000,0.5000,0.5000,-8.14,-19.89,0.461,,1,0,,,,,,8.42437,-2.18319,,,,,,
211.829,0.5000,0.5000,0.5000,0.5000,-8.99,-20.46,0.497,,1,0,,,,,,8.23612,-2.24273,,,,,,
211.911,0.5000,0.5000,0.5000,0.5000,-9.28,-20.41,0.514,,1,0,,,,,,8.33913,-2.27998,,,,,,
211.967,0.5000,0.5000,0.5000,0.5000,-9.27,-20.42,0.512,,1,0,,,,,,8.34202,-2.27781,,,,,,
212.045,0.5000,0.5000,0.5000,0.5000,-9.48,-20.83,0.501,,1,0,,,,,,8.39111,-2.25089,,,,,,
212.121,0.5000,0.5000,0.5000,0.5000,-8.47,-19.18,0.476,,1,0,,,,,,9.10187,-2.18593,,,,,,
212.182,0.5000,0.5000,0.5000,0.5000,-9.39,-18.39,0.433,,1,0,,,,,,9.88912,-1.89532,,,,,,
212.263,0.5000,0.5000,0.5000,0.5000,-9.58,-19.41,0.437,,1,0,,,,,,10.10714,-1.72214,,,,,,
212.324,0.5000,0.5000,0.5000,0.5000,-10.04,-19.94,0.433,,1,0,,,,,,10.20384,-1.66427,,,,,,
212.381,0.5000,0.5000,0.5000,0.5000,-10.70,-20.28,0.439,,1,0,,,,,,10.55461,-1.60996,,,,,,
212.444,0.5000,0.5000,0.5000,0.5000,-10.64,-20.65,0.429,,1,0,,,,,,10.62155,-1.57933,,,,,,
212.515,0.5000,0.5000,0.5000,0.5000,-10.77,-21.06,0.424,,1,0,,,,,,10.65453,-1.56765,,,,,,
212.577,0.5000,0.5000,0.5000,0.5000,-9.58,-19.26,0.194,,1,0,,,,,,10.10668,-1.55637,,,,,,
212.649,0.5000,0.5000,0.5000,0.5000,-9.11,-19.10,0.253,,1,0,,,,,,9.42598,-1.58151,,,,,,
212.720,0.5000,0.5000,0.5000,0.5000,-9.31,-20.32,0.302,,1,0,,,,,,9.31649,-1.64596,,,,,,
212.788,0.5000,0.5000,0.5000,0.5000,-9.72,-20.66,0.363,,1,0,,,,,,9.11131,-1.65580,,,,,,
212.831,0.5000,0.5000,0.5000,0.5000,-9.60,-19.39,0.410,,1,0,,,,,,8.82020,-1.63804,,,,,,
212.899,0.5000,0.5000,0.5000,0.5000,-9.63,-19.42,0.434,,1,0,,,,,,8.73849,-1.67316,,,,,,
212.955,0.5000,0.5000,0.5000,0.5000,-9.55,-19.14,0.453,,1,0,,,,,,8.64469,-1.68995,,,,,,
213.024,0.5000,0.5000,0.5000,0.5000,-9.71,-19.30,0.476,,1,0,,,,,,8.41712,-1.86559,,,,,,
213.089,0.5000,0.5000,0.5000,0.5000,-10.14,-20.21,0.479,,1,0,,,,,,8.27708,-1.96451,,,,,,
213.152,0.5000,0.5000,0.5000,0.5000,-10.01,-20.38,0.485,,1,0,,,,,,8.18572,-2.06975,,,,,,
213.222,0.5000,0.5000,0.5000,0.5000,-9.99,-20.34,0.485,,1,0,,,,,,8.01905,-2.13222,,,,,,
213.282,0.5000,0.5000,0.5000,0.5000,-9.37,-19.53,0.508,,1,0,,,,,,7.66988,-2.49256,,,,,,
213.329,0.5000,0.5000,0.5000,0.5000,-9.20,-19.09,0.511,,1,0,,,,,,7.30299,-2.54142,,,,,,
213.396,0.5000,0.5000,0.5000,0.5000,-8.62,-18.17,0.513,,1,0,,,,,,7.08430,-2.61882,,,,,,
213.457,0.5000,0.5000,0.5000,0.5000,-9.16,-18.97,0.539,,1,0,,,,,,6.78222,-2.84457,,,,,,
213.524,0.5000,0.5000,0.5000,0.5000,-8.69,-18.38,0.526,,1,0,,,,,,6.53224,-2.77342,,,,,,
213.591,0.5000,0.5000,0.5000,0.5000,-9.08,-18.47,0.529,,1,0,,,,,,6.49620,-2.77399,,,,,,
213.661,0.5000,0.5000,0.5000,0.5000,-9.27,-19.99,0.511,,1,0,,,,,,6.25570,-2.77099,,,,,,
213.705,0.5000,0.5000,0.5000,0.5000,-10.28,-19.59,0.521,,1,0,,,,,,6.31650,-2.82383,,,,,,
213.770,0.5000,0.5000,0.5000,0.5000,-10.27,-19.09,0.521,,1,0,,,,,,6.17080,-2.79476,,,,,,
213.833,0.5000,0.5000,0.5000,0.5000,-10.50,-19.22,0.526,,1,0,,,,,,6.12666,-2.80357,,,,,,
213.872,0.5000,0.5000,0.5000,0.5000,-10.22,-17.75,0.520,,1,0,,,,,,5.61969,-2.72058,,,,,,
213.924,0.5000,0.5000,0.5000,0.5000,-10.65,-18.56,0.535,,1,0,,,,,,5.69407,-2.78690,,,,,,
213.978,0.5000,0.5000,0.5000,0.5000,-10.71,-18.82,0.540,,1,0,,,,,,5.65145,-2.78428,,,,,,
214.037,0.5000,0.5000,0.5000,0.5000,-10.50,-19.01,0.541,,1,0,,,,,,5.68268,-2.78196,,,,,,
214.090,0.5000,0.5000,0.5000,0.5000,-10.50,-19.04,0.543,,1,0,,,,,,5.68189,-2.77252,,,,,,
214.135,0.5000,0.5000,0.5000,0.5000,-10.41,-18.42,0.536,,1,0,,,,,,5.73430,-2.79549,,,,,,
214.189,0.5000,0.5000,0.5000,0.5000,-10.17,-18.07,0.535,,1,0,,,,,,5.74428,-2.80300,,,,,,
214.238,0.5000,0.5000,0.5000,0.5000,-10.05,-18.14,0.530,,1,0,,,,,,5.84753,-2.86358,,,,,,
214.283,0.5000,0.5000,0.5000,0.5000,-9.99,-18.14,0.530,,1,0,,,,,,5.86562,-2.86355,,,,,,
214.328,0.5000,0.5000,0.5000,0.5000,-10.23,-18.42,0.531,,1,0,,,,,,5.92400,-2.87618,,,,,,
214.399,0.5000,0.5000,0.5000,0.5000,-10.21,-19.04,0.535,,1,0,,,,,,5.97700,-2.88154,,,,,,
214.454,0.5000,0.5000,0.5000,0.5000,-10.06,-19.99,0.533,,1,0,,,,,,6.94321,-2.93996,,,,,,
214.517,0.5000,0.5000,0.5000,0.5000,-10.16,-20.68,0.529,,1,0,,,,,,7.17919,-2.90977,,,,,,
214.579,0.5000,0.5000,0.5000,0.5000,-10.41,-20.66,0.532,,1,0,,,,,,7.26759,-2.87679,,,,,,
214.636,0.5000,0.5000,0.5000,0.5000,-10.37,-20.90,0.524,,1,0,,,,,,7.25936,-2.84461,,,,,,
214.699,0.5000,0.5000,0.5000,0.5000,-11.17,-19.86,0.516,,1,0,,,,,,7.42343,-2.78458,,,,,,
214.773,0.5000,0.5000,0.5000,0.5000,-11.48,-19.69,0.517,,1,0,,,,,,7.49407,-2.75678,,,,,,
214.832,0.5000,0.5000,0.5000,0.5000,-11.37,-19.60,0.517,,1,0,,,,,,7.48174,-2.73017,,,,,,
214.877,0.5000,0.5000,0.5000,0.5000,-11.21,-19.23,0.498,,1,0,,,,,,7.50275,-2.71999,,,,,,
214.930,0.5000,0.5000,0.5000,0.5000,-11.31,-19.44,0.502,,1,0,,,,,,7.53181,-2.71150,,,,,,
214.982,0.5000,0.5000,0.5000,0.5000,-11.40,-19.52,0.504,,1,0,,,,,,7.55960,-2.71565,,,,,,
215.023,0.5000,0.5000,0.5000,0.5000,-11.18,-19.19,0.503,,1,0,,,,,,7.49444,-2.71106,,,,,,
215.070,0.5000,0.5000,0.5000,0.5000,-10.94,-17.62,0.386,,1,0,,,,,,7.52534,-2.77467,,,,,,
215.135,0.5000,0.5000,0.5000,0.5000,-10.84,-14.69,0.151,,1,0,,,,,,7.55435,-2.76065,,,,,,
215.190,0.5000,0.5000,0.5000,0.5000,-10.73,-13.39,0.103,,1,0,,,,,,7.59241,-2.80285,,,,,,
215.247,0.5000,0.5000,0.5000,0.5000,-10.17,-16.88,0.479,,1,0,,,,,,6.15034,-2.85750,,,,,,
215.298,0.5000,0.5000,0.5000,0.5000,-10.24,-17.26,0.530,,1,0,,,,,,6.01354,-2.94509,,,,,,
215.344,0.5000,0.5000,0.5000,0.5000,-10.29,-16.74,0.548,,1,0,,,,,,5.94119,-2.98366,,,,,,
215.380,0.5000,0.5000,0.5000,0.5000,-10.24,-16.59,0.551,,1,0,,,,,,5.83058,-2.97496,,,,,,
215.414,0.5000,0.5000,0.5000,0.5000,-10.12,-16.22,0.560,,1,0,,,,,,5.77540,-3.01223,,,,,,
215.451,0.5000,0.5000,0.5000,0.5000,-10.28,-15.80,0.558,,1,0,,,,,,5.77869,-3.02351,,,,,,
215.482,0.5000,0.5000,0.5000,0.5000,-9.60,-15.78,0.566,,1,0,,,,,,5.55217,-3.00258,,,,,,
215.515,0.5000,0.5000,0.5000,0.5000,-9.52,-15.07,0.568,,1,0,,,,,,5.49130,-3.03692,,,,,,
215.548,0.5000,0.5000,0.5000,0.5000,-9.54,-15.12,0.571,,1,0,,,,,,5.27638,-3.02097,,,,,,
215.581,0.5000,0.5000,0.5000,0.5000,-9.29,-15.48,0.575,,1,0,,,,,,5.22624,-3.08597,,,,,,
215.615,0.5000,0.5000,0.5000,0.5000,-9.19,-14.87,0.580,,1,0,,,,,,5.14770,-3.14125,,,,,,
215.650,0.5000,0.5000,0.5000,0.5000,-9.06,-12.83,0.579,,1,0,,,,,,4.92708,-3.17661,,,,,,
215.685,0.5000,0.5000,0.5000,0.5000,-9.40,-9.42,0.597,,1,0,,,,,,4.71944,-3.17857,,,,,,
215.720,0.5000,0.5000,0.5000,0.5000,-10.12,-0.30,0.606,,1,0,,,,,,4.60944,-3.23024,,,,,,
215.752,0.5000,0.5000,0.5000,0.5000,-8.92,4.54,0.612,,1,0,,,,,,4.53612,-3.28642,,,,,,
215.787,0.5000,0.5000,0.5000,0.5000,-7.16,18.94,0.607,,1,0,,,,,,4.44484,-3.35381,,,,,,
215.821,0.5000,0.5000,0.5000,0.5000,-6.64,18.95,0.617,,1,0,,,,,,4.38953,-3.40923,,,,,,
215.855,0.5000,0.5000,0.5000,0.5000,-6.66,21.49,0.625,,1,0,,,,,,4.35339,-3.42742,,,,,,
215.892,0.5000,0.5000,0.5000,0.5000,-6.58,20.73,0.636,,1,0,,,,,,4.33000,-3.44819,,,,,,
215.926,0.5000,0.5000,0.5000,0.5000,-6.42,22.42,0.639,,1,0,,,,,,4.28160,-3.44403,,,,,,
215.951,0.5000,0.5000,0.5000,0.5000,-6.41,22.25,0.641,,1,0,,,,,,4.23354,-3.46797,,,,,,
215.989,0.5000,0.5000,0.5000,0.5000,-6.22,24.99,0.635,,1,0,,,,,,4.15439,-3.48284,,,,,,
216.020,0.5000,0.5000,0.5000,0.5000,-6.38,26.30,0.622,,1,0,,,,,,4.01943,-3.48534,,,,,,
216.052,0.5000,0.5000,0.5000,0.5000,-6.57,28.17,0.613,,1,0,,,,,,3.95271,-3.56758,,,,,,
216.087,0.5000,0.5000,0.5000,0.5000,-7.02,29.42,0.611,,1,0,,,,,,3.78325,-3.56795,,,,,,
216.120,0.5000,0.5000,0.5000,0.5000,-7.06,30.46,0.617,,1,0,,,,,,3.72152,-3.62875,,,,,,
216.155,0.5000,0.5000,0.5000,0.5000,-6.94,30.12,0.613,,1,0,,,,,,3.71637,-3.69345,,,,,,
216.189,0.5000,0.5000,0.5000,0.5000,-7.15,29.83,0.614,,1,0,,,,,,3.70223,-3.68235,,,,,,
216.227,0.5000,0.5000,0.5000,0.5000,-7.10,29.30,0.617,,1,0,,,,,,3.69894,-3.66939,,,,,,
216.260,0.5000,0.5000,0.5000,0.5000,-6.99,29.45,0.626,,1,0,,,,,,3.72168,-3.63631,,,,,,
216.296,0.5000,0.5000,0.5000,0.5000,-6.41,25.66,0.638,,1,0,,,,,,3.84509,-3.64081,,,,,,
216.331,0.5000,0.5000,0.5000,0.5000,-5.81,23.34,0.640,,1,0,,,,,,4.05864,-3.78238,,,,,,
216.366,0.5000,0.5000,0.5000,0.5000,-6.06,21.97,0.641,,1,0,,,,,,4.24355,-3.88704,,,,,,
216.400,0.5000,0.5000,0.5000,0.5000,-6.12,21.97,0.630,,1,0,,,,,,4.40266,-4.01251,,,,,,
216.433,0.5000,0.5000,0.5000,0.5000,-9.51,-14.95,0.637,,1,0,,,,,,4.50679,-4.03022,,,,,,
216.468,0.5000,0.5000,0.5000,0.5000,-7.49,-19.36,0.633,,1,0,,,,,,4.72123,-4.09939,,,,,,
216.500,0.5000,0.5000,0.5000,0.5000,-7.66,-19.83,0.628,,1,0,,,,,,4.94088,-4.16525,,,,,,
216.532,0.5000,0.5000,0.5000,0.5000,-7.13,-20.18,0.623,,1,0,,,,,,5.07997,-4.12426,,,,,,
216.566,0.5000,0.5000,0.5000,0.5000,-6.82,-22.18,0.619,,1,0,,,,,,5.26860,-4.12514,,,,,,
216.600,0.5000,0.5000,0.5000,0.5000,-6.29,-23.19,0.613,,1,0,,,,,,5.39061,-4.04457,,,,,,
216.634,0.5000,0.5000,0.5000,0.5000,-6.16,-24.84,0.621,,1,0,,,,,,5.63371,-4.07430,,,,,,
216.669,0.5000,0.5000,0.5000,0.5000,-6.37,-26.37,0.619,,1,0,,,,,,5.88762,-4.07729,,,,,,
216.705,0.5000,0.5000,0.5000,0.5000,-6.68,-28.16,0.611,,1,0,,,,,,6.05906,-4.04117,,,,,,
216.739,0.5000,0.5000,0.5000,0.5000,3.32,-48.37,0.604,,1,0,,,,,,6.21203,-4.03590,,,,,,
216.774,0.5000,0.5000,0.5000,0.5000,2.62,-48.95,0.604,,1,0,,,,,,6.23153,-3.99988,,,,,,
216.805,0.5000,0.5000,0.5000,0.5000,2.19,-48.58,0.594,,1,0,,,,,,6.24927,-4.00469,,,,,,
216.838,0.5000,0.5000,0.5000,0.5000,1.53,-47.66,0.580,,1,0,,,,,,6.24484,-4.00772,,,,,,
216.875,0.5000,0.5000,0.5000,0.5000,1.16,-47.02,0.576,,1,0,,,,,,6.19924,-4.00358,,,,,,
216.915,0.5000,0.5000,0.5000,0.5000,-8.63,-27.84,0.582,,1,0,,,,,,6.13691,-3.98530,,,,,,
216.947,0.5000,0.5000,0.5000,0.5000,-8.90,-27.71,0.587,,1,0,,,,,,6.09464,-3.96583,,,,,,
216.963,0.5000,0.5000,0.5000,0.5000,-8.85,-27.57,0.590,,1,0,,,,,,6.07622,-3.94876,,,,,,
217.024,0.5000,0.5000,0.5000,0.5000,-8.56,-27.08,0.595,,1,0,,,,,,5.92854,-3.86896,,,,,,
217.061,0.5000,0.5000,0.5000,0.5000,-8.48,-26.82,0.607,,1,0,,,,,,5.89953,-3.88385,,,,,,
217.094,0.5000,0.5000,0.5000,0.5000,-8.54,-26.86,0.613,,1,0,,,,,,5.89631,-3.89700,,,,,,
217.129,0.5000,0.5000,0.5000,0.5000,-8.44,-26.65,0.617,,1,0,,,,,,5.80581,-3.86725,,,,,,
217.162,0.5000,0.5000,0.5000,0.5000,-8.31,-26.46,0.615,,1,0,,,,,,5.70428,-3.85367,,,,,,
217.195,0.5000,0.5000,0.5000,0.5000,-8.39,-26.10,0.613,,1,0,,,,,,5.65192,-3.84649,,,,,,
217.230,0.5000,0.5000,0.5000,0.5000,-8.22,-26.30,0.617,,1,0,,,,,,5.64601,-3.88753,,,,,,
217.254,0.5000,0.5000,0.5000,0.5000,-8.17,-26.01,0.615,,1,0,,,,,,5.54339,-3.85597,,,,,,
217.294,0.5000,0.5000,0.5000,0.5000,-8.09,-25.52,0.617,,1,0,,,,,,5.46823,-3.85417,,,,,,
217.330,0.5000,0.5000,0.5000,0.5000,-7.90,-25.04,0.617,,1,0,,,,,,5.37684,-3.83246,,,,,,
217.363,0.5000,0.5000,0.5000,0.5000,-7.79,-24.79,0.622,,1,0,,,,,,5.29560,-3.83369,,,,,,
217.393,0.5000,0.5000,0.5000,0.5000,-7.74,-23.95,0.622,,1,0,,,,,,5.18146,-3.82869,,,,,,
217.430,0.5000,0.5000,0.5000,0.5000,-8.01,-21.79,0.625,,1,0,,,,,,4.92259,-3.84473,,,,,,
217.462,0.5000,0.5000,0.5000,0.5000,-8.36,-19.62,0.622,,1,0,,,,,,4.70538,-3.84039,,,,,,
217.496,0.5000,0.5000,0.5000,0.5000,-8.81,-19.02,0.626,,1,0,,,,,,4.54311,-3.88435,,,,,,
217.530,0.5000,0.5000,0.5000,0.5000,-8.98,-18.74,0.634,,1,0,,,,,,4.34199,-3.86347,,,,,,
217.565,0.5000,0.5000,0.5000,0.5000,-8.89,-18.66,0.638,,1,0,,,,,,4.14490,-3.87605,,,,,,
217.598,0.5000,0.5000,0.5000,0.5000,-7.06,5.96,0.635,,1,0,,,,,,3.96637,-3.89537,,,,,,
217.635,0.5000,0.5000,0.5000,0.5000,-5.06,22.04,0.641,,1,0,,,,,,3.79576,-3.94286,,,,,,
217.668,0.5000,0.5000,0.5000,0.5000,-5.36,25.42,0.637,,1,0,,,,,,3.83409,-3.99524,,,,,,
217.701,0.5000,0.5000,0.5000,0.5000,-5.11,25.71,0.633,,1,0,,,,,,3.59561,-3.94302,,,,,,
217.734,0.5000,0.5000,0.5000,0.5000,-5.63,29.42,0.626,,1,0,,,,,,3.41256,-3.93775,,,,,,
217.768,0.5000,0.5000,0.5000,0.5000,-5.87,31.31,0.616,,1,0,,,,,,3.32700,-3.96286,,,,,,
217.800,0.5000,0.5000,0.5000,0.5000,-6.11,33.21,0.615,,1,0,,,,,,3.21204,-3.97887,,,,,,
217.837,0.5000,0.5000,0.5000,0.5000,-6.12,34.56,0.623,,1,0,,,,,,3.11102,-4.00808,,,,,,
217.875,0.5000,0.5000,0.5000,0.5000,-6.45,34.77,0.626,,1,0,,,,,,3.12093,-4.06922,,,,,,
217.911,0.5000,0.5000,0.5000,0.5000,-6.52,34.95,0.625,,1,0,,,,,,3.12010,-4.03101,,,,,,
217.947,0.5000,0.5000,0.5000,0.5000,-6.70,34.13,0.623,,1,0,,,,,,3.09484,-4.02894,,,,,,
217.972,0.5000,0.5000,0.5000,0.5000,-6.68,33.80,0.625,,1,0,,,,,,3.12223,-4.01999,,,,,,
218.013,0.5000,0.5000,0.5000,0.5000,-6.99,33.28,0.621,,1,0,,,,,,3.15355,-4.01645,,,,,,
218.048,0.5000,0.5000,0.5000,0.5000,-6.95,32.90,0.616,,1,0,,,,,,3.19059,-4.01177,,,,,,
218.081,0.5000,0.5000,0.5000,0.5000,-7.01,33.05,0.611,,1,0,,,,,,3.18892,-3.99474,,,,,,
218.109,0.5000,0.5000,0.5000,0.5000,-6.84,32.30,0.611,,1,0,,,,,,3.20927,-3.98452,,,,,,
218.149,0.5000,0.5000,0.5000,0.5000,-6.69,30.99,0.610,,1,0,,,,,,3.24774,-3.98351,,,,,,
218.184,0.5000,0.5000,0.5000,0.5000,-6.31,29.88,0.614,,1,0,,,,,,3.32469,-3.98122,,,,,,
218.217,0.5000,0.5000,0.5000,0.5000,-5.93,28.56,0.622,,1,0,,,,,,3.44367,-3.98580,,,,,,
218.237,0.5000,0.5000,0.5000,0.5000,-5.78,28.31,0.627,,1,0,,,,,,3.59242,-3.96546,,,,,,
218.277,0.5000,0.5000,0.5000,0.5000,-5.71,24.52,0.631,,1,0,,,,,,3.75284,-3.93421,,,,,,
218.320,0.5000,0.5000,0.5000,0.5000,-6.08,21.21,0.623,,1,0,,,,,,3.91099,-3.89551,,,,,,
218.358,0.5000,0.5000,0.5000,0.5000,-6.47,7.86,0.613,,1,0,,,,,,4.08814,-3.86233,,,,,,
218.394,0.5000,0.5000,0.5000,0.5000,-8.38,-18.35,0.608,,1,0,,,,,,4.24204,-3.86357,,,,,,
218.429,0.5000,0.5000,0.5000,0.5000,-8.58,-18.93,0.604,,1,0,,,,,,4.26711,-3.76451,,,,,,
218.462,0.5000,0.5000,0.5000,0.5000,-8.69,-19.37,0.605,,1,0,,,,,,4.41504,-3.78368,,,,,,
218.496,0.5000,0.5000,0.5000,0.5000,-8.70,-19.58,0.613,,1,0,,,,,,4.56502,-3.78646,,,,,,
218.519,0.5000,0.5000,0.5000,0.5000,-8.52,-20.55,0.617,,1,0,,,,,,4.72922,-3.77594,,,,,,
218.568,0.5000,0.5000,0.5000,0.5000,-8.30,-21.52,0.606,,1,0,,,,,,4.85673,-3.78556,,,,,,
218.599,0.5000,0.5000,0.5000,0.5000,-7.83,-22.08,0.597,,1,0,,,,,,4.96405,-3.77468,,,,,,
218.623,0.5000,0.5000,0.5000,0.5000,-7.99,-22.82,0.588,,1,0,,,,,,5.01583,-3.71345,,,,,,
218.663,0.5000,0.5000,0.5000,0.5000,-8.12,-22.52,0.595,,1,0,,,,,,5.06237,-3.65317,,,,,,
218.695,0.5000,0.5000,0.5000,0.5000,-8.38,-24.31,0.609,,1,0,,,,,,5.22727,-3.68071,,,,,,
218.724,0.5000,0.5000,0.5000,0.5000,-8.77,-24.58,0.600,,1,0,,,,,,5.24455,-3.63157,,,,,,
218.767,0.5000,0.5000,0.5000,0.5000,-8.92,-25.22,0.610,,1,0,,,,,,5.39263,-3.64843,,,,,,
218.798,0.5000,0.5000,0.5000,0.5000,-9.17,-25.67,0.606,,1,0,,,,,,5.39064,-3.60152,,,,,,
218.837,0.5000,0.5000,0.5000,0.5000,-9.33,-25.58,0.610,,1,0,,,,,,5.45840,-3.62888,,,,,,
218.869,0.5000,0.5000,0.5000,0.5000,-9.43,-25.76,0.610,,1,0,,,,,,5.45961,-3.62703,,,,,,
218.903,0.5000,0.5000,0.5000,0.5000,-9.33,-25.45,0.608,,1,0,,,,,,5.43349,-3.64346,,,,,,
218.936,0.5000,0.5000,0.5000,0.5000,-9.34,-25.06,0.609,,1,0,,,,,,5.39049,-3.64154,,,,,,
218.968,0.5000,0.5000,0.5000,0.5000,-9.37,-24.83,0.610,,1,0,,,,,,5.38519,-3.64872,,,,,,
218.996,0.5000,0.5000,0.5000,0.5000,-9.28,-24.67,0.606,,1,0,,,,,,5.33454,-3.63331,,,,,,
219.037,0.5000,0.5000,0.5000,0.5000,-9.17,-24.65,0.608,,1,0,,,,,,5.34301,-3.65256,,,,,,
219.070,0.5000,0.5000,0.5000,0.5000,-9.15,-24.77,0.611,,1,0,,,,,,5.62733,-3.77393,,,,,,
219.105,0.5000,0.5000,0.5000,0.5000,-9.20,-24.94,0.615,,1,0,,,,,,6.16056,-3.99848,,,,,,
219.136,0.5000,0.5000,0.5000,0.5000,-9.22,-25.03,0.631,,1,0,,,,,,6.28167,-4.04897,,,,,,
219.167,0.5000,0.5000,0.5000,0.5000,-9.46,-25.17,0.638,,1,0,,,,,,6.32504,-4.07682,,,,,,
219.203,0.5000,0.5000,0.5000,0.5000,-9.44,-25.22,0.639,,1,0,,,,,,6.33878,-4.10029,,,,,,
219.236,0.5000,0.5000,0.5000,0.5000,-9.42,-25.28,0.640,,1,0,,,,,,6.33960,-4.11525,,,,,,
219.267,0.5000,0.5000,0.5000,0.5000,-9.52,-25.28,0.646,,1,0,,,,,,6.39615,-4.14842,,,,,,
219.299,0.5000,0.5000,0.5000,0.5000,-9.44,-25.38,0.650,,1,0,,,,,,6.43248,-4.17049,,,,,,
219.334,0.5000,0.5000,0.5000,0.5000,-9.36,-25.23,0.645,,1,0,,,,,,6.41492,-4.16549,,,,,,
219.364,0.5000,0.5000,0.5000,0.5000,-9.32,-24.97,0.647,,1,0,,,,,,6.39016,-4.16266,,,,,,
219.404,0.5000,0.5000,0.5000,0.5000,-9.14,-24.95,0.643,,1,0,,,,,,6.38269,-4.17533,,,,,,
219.439,0.5000,0.5000,0.5000,0.5000,-9.15,-24.51,0.644,,1,0,,,,,,6.36394,-4.17112,,,,,,
219.472,0.5000,0.5000,0.5000,0.5000,-9.19,-23.90,0.640,,1,0,,,,,,6.32209,-4.14315,,,,,,
219.507,0.5000,0.5000,0.5000,0.5000,-8.90,-23.51,0.630,,1,0,,,,,,6.32146,-4.17529,,,,,,
219.541,0.5000,0.5000,0.5000,0.5000,-8.84,-22.14,0.623,,1,0,,,,,,6.20184,-4.14452,,,,,,
219.572,0.5000,0.5000,0.5000,0.5000,-8.77,-21.90,0.639,,1,0,,,,,,6.20042,-4.22709,,,,,,
219.607,0.5000,0.5000,0.5000,0.5000,-8.98,-21.54,0.640,,1,0,,,,,,6.11674,-4.25333,,,,,,
219.639,0.5000,0.5000,0.5000,0.5000,-8.96,-21.66,0.574,,1,0,,,,,,5.92517,-4.25354,,,,,,
219.675,0.5000,0.5000,0.5000,0.5000,-8.23,-19.09,0.298,,1,0,,,,,,5.70408,-4.24848,,,,,,
219.710,0.5000,0.5000,0.5000,0.5000,-8.19,-20.57,0.347,,1,0,,,,,,5.16467,-4.10560,,,,,,
219.744,0.5000,0.5000,0.5000,0.5000,-8.58,-20.80,0.399,,1,0,,,,,,4.89631,-4.04594,,,,,,
219.777,0.5000,0.5000,0.5000,0.5000,-9.18,-20.30,0.484,,1,0,,,,,,4.69028,-4.00950,,,,,,
219.813,0.5000,0.5000,0.5000,0.5000,-9.07,-19.45,0.545,,1,0,,,,,,4.47820,-3.99249,,,,,,
219.849,0.5000,0.5000,0.5000,0.5000,-8.60,-18.99,0.570,,1,0,,,,,,4.31653,-4.03003,,,,,,
219.885,0.5000,0.5000,0.5000,0.5000,-5.52,9.63,0.578,,1,0,,,,,,4.20706,-4.07956,,,,,,
219.919,0.5000,0.5000,0.5000,0.5000,-8.58,-16.52,0.589,,1,0,,,,,,4.25013,-4.09083,,,,,,
219.951,0.5000,0.5000,0.5000,0.5000,-8.08,-18.96,0.586,,1,0,,,,,,4.32968,-4.09467,,,,,,
219.984,0.5000,0.5000,0.5000,0.5000,-7.96,-18.73,0.584,,1,0,,,,,,4.34746,-4.09327,,,,,,
220.017,0.5000,0.5000,0.5000,0.5000,-7.77,-17.74,0.583,,1,0,,,,,,4.43947,-4.13599,,,,,,
220.050,0.5000,0.5000,0.5000,0.5000,-8.04,-21.55,0.588,,1,0,,,,,,4.40031,-4.03077,,,,,,
220.081,0.5000,0.5000,0.5000,0.5000,-7.55,-22.52,0.584,,1,0,,,,,,4.55517,-4.05420,,,,,,
220.108,0.5000,0.5000,0.5000,0.5000,-7.59,-23.37,0.586,,1,0,,,,,,4.69063,-4.10687,,,,,,
220.147,0.5000,0.5000,0.5000,0.5000,-7.64,-23.96,0.584,,1,0,,,,,,4.76799,-4.14831,,,,,,
220.181,0.5000,0.5000,0.5000,0.5000,-7.87,-24.13,0.592,,1,0,,,,,,4.79299,-4.17332,,,,,,
220.198,0.5000,0.5000,0.5000,0.5000,-8.03,-24.09,0.594,,1,0,,,,,,4.79640,-4.17678,,,,,,
220.247,0.5000,0.5000,0.5000,0.5000,-7.82,-23.81,0.593,,1,0,,,,,,4.81216,-4.18598,,,,,,
220.280,0.5000,0.5000,0.5000,0.5000,-7.50,-24.81,0.581,,1,0,,,,,,4.86084,-4.12917,,,,,,
220.313,0.5000,0.5000,0.5000,0.5000,-7.21,-24.99,0.583,,1,0,,,,,,4.93520,-4.11359,,,,,,
220.348,0.5000,0.5000,0.5000,0.5000,-7.27,-25.64,0.585,,1,0,,,,,,4.97724,-4.10134,,,,,,
220.375,0.5000,0.5000,0.5000,0.5000,-7.33,-25.21,0.597,,1,0,,,,,,5.01725,-4.10485,,,,,,
220.414,0.5000,0.5000,0.5000,0.5000,-7.45,-25.41,0.601,,1,0,,,,,,5.01660,-4.11752,,,,,,
220.446,0.5000,0.5000,0.5000,0.5000,-7.70,-25.02,0.601,,1,0,,,,,,5.00427,-4.12939,,,,,,
220.479,0.5000,0.5000,0.5000,0.5000,-7.68,-24.67,0.600,,1,0,,,,,,4.97780,-4.14361,,,,,,
220.512,0.5000,0.5000,0.5000,0.5000,-7.59,-23.91,0.607,,1,0,,,,,,4.88615,-4.19634,,,,,,
220.544,0.5000,0.5000,0.5000,0.5000,-7.65,-23.99,0.608,,1,0,,,,,,4.83193,-4.20143,,,,,,
220.578,0.5000,0.5000,0.5000,0.5000,-8.09,-22.64,0.603,,1,0,,,,,,4.63853,-4.14720,,,,,,
220.611,0.5000,0.5000,0.5000,0.5000,-8.30,-20.82,0.608,,1,0,,,,,,4.47523,-4.22353,,,,,,
220.641,0.5000,0.5000,0.5000,0.5000,-8.21,-19.63,0.614,,1,0,,,,,,4.26708,-4.21234,,,,,,
220.675,0.5000,0.5000,0.5000,0.5000,-10.86,-12.66,0.610,,1,0,,,,,,3.98496,-4.25587,,,,,,
220.707,0.5000,0.5000,0.5000,0.5000,-5.25,19.47,0.628,,1,0,,,,,,3.90606,-4.38931,,,,,,
220.742,0.5000,0.5000,0.5000,0.5000,-4.92,24.26,0.609,,1,0,,,,,,3.84906,-4.48207,,,,,,
220.776,0.5000,0.5000,0.5000,0.5000,-4.64,25.42,0.606,,1,0,,,,,,3.77728,-4.53081,,,,,,
220.810,0.5000,0.5000,0.5000,0.5000,-4.55,26.16,0.616,,1,0,,,,,,3.65730,-4.57340,,,,,,
220.990,0.5000,0.5000,0.5000,0.5000,-5.05,29.16,0.624,,1,0,,,,,,3.61334,-4.47122,,,,,,
221.025,0.5000,0.5000,0.5000,0.5000,-4.80,27.55,0.626,,1,0,,,,,,3.60028,-4.41950,,,,,,
221.058,0.5000,0.5000,0.5000,0.5000,-4.92,26.72,0.621,,1,0,,,,,,3.63985,-4.40994,,,,,,
221.092,0.5000,0.5000,0.5000,0.5000,-5.05,26.61,0.612,,1,0,,,,,,3.70057,-4.43373,,,,,,
221.123,0.5000,0.5000,0.5000,0.5000,-5.19,27.01,0.605,,1,0,,,,,,3.76637,-4.33573,,,,,,
221.157,0.5000,0.5000,0.5000,0.5000,-5.02,27.54,0.606,,1,0,,,,,,3.99045,-4.33393,,,,,,
221.189,0.5000,0.5000,0.5000,0.5000,-5.14,25.55,0.583,,1,0,,,,,,4.15884,-4.29532,,,,,,
221.224,0.5000,0.5000,0.5000,0.5000,-9.93,-3.48,0.584,,1,0,,,,,,4.24822,-4.22200,,,,,,
221.258,0.5000,0.5000,0.5000,0.5000,-7.98,-18.80,0.576,,1,0,,,,,,4.27928,-4.18699,,,,,,
221.290,0.5000,0.5000,0.5000,0.5000,-7.90,-19.50,0.579,,1,0,,,,,,4.31094,-4.18308,,,,,,
221.324,0.5000,0.5000,0.5000,0.5000,-7.93,-19.58,0.578,,1,0,,,,,,4.34919,-4.16801,,,,,,
221.357,0.5000,0.5000,0.5000,0.5000,-7.43,-19.18,0.577,,1,0,,,,,,4.45544,-4.17678,,,,,,
221.389,0.5000,0.5000,0.5000,0.5000,-7.82,-19.95,0.573,,1,0,,,,,,4.48734,-4.14554,,,,,,
221.423,0.5000,0.5000,0.5000,0.5000,-8.31,-21.59,0.580,,1,0,,,,,,4.58116,-4.14540,,,,,,
221.474,0.5000,0.5000,0.5000,0.5000,-8.19,-21.40,0.585,,1,0,,,,,,4.68632,-4.13614,,,,,,
221.506,0.5000,0.5000,0.5000,0.5000,-8.22,-21.58,0.578,,1,0,,,,,,4.70737,-4.07516,,,,,,
221.537,0.5000,0.5000,0.5000,0.5000,-8.29,-22.04,0.576,,1,0,,,,,,4.80962,-4.10082,,,,,,
221.561,0.5000,0.5000,0.5000,0.5000,-8.17,-21.70,0.577,,1,0,,,,,,4.86375,-4.12379,,,,,,
221.598,0.5000,0.5000,0.5000,0.5000,-8.40,-21.47,0.576,,1,0,,,,,,4.80513,-4.10818,,,,,,
221.624,0.5000,0.5000,0.5000,0.5000,-8.70,-21.37,0.574,,1,0,,,,,,4.75481,-4.10793,,,,,,
221.669,0.5000,0.5000,0.5000,0.5000,-8.19,-20.47,0.584,,1,0,,,,,,4.70329,-4.15315,,,,,,
221.699,0.5000,0.5000,0.5000,0.5000,-8.00,-20.64,0.601,,1,0,,,,,,4.43397,-4.15765,,,,,,
221.733,0.5000,0.5000,0.5000,0.5000,-8.87,-19.40,0.606,,1,0,,,,,,4.18707,-4.20343,,,,,,
221.766,0.5000,0.5000,0.5000,0.5000,-6.12,19.68,0.603,,1,0,,,,,,4.03992,-4.29381,,,,,,
221.801,0.5000,0.5000,0.5000,0.5000,-4.72,23.16,0.594,,1,0,,,,,,3.90870,-4.25486,,,,,,
221.839,0.5000,0.5000,0.5000,0.5000,-5.15,22.20,0.597,,1,0,,,,,,3.91012,-4.29094,,,,,,
221.874,0.5000,0.5000,0.5000,0.5000,-5.87,20.67,0.600,,1,0,,,,,,3.91110,-4.29701,,,,,,
221.910,0.5000,0.5000,0.5000,0.5000,-5.54,19.14,0.603,,1,0,,,,,,3.92501,-4.27140,,,,,,
221.947,0.5000,0.5000,0.5000,0.5000,-4.33,12.84,0.602,,1,0,,,,,,3.95268,-4.28871,,,,,,
221.981,0.5000,0.5000,0.5000,0.5000,-5.22,16.06,0.599,,1,0,,,,,,3.89284,-4.25456,,,,,,
222.013,0.5000,0.5000,0.5000,0.5000,-5.72,22.44,0.599,,1,0,,,,,,3.87564,-4.26908,,,,,,
222.049,0.5000,0.5000,0.5000,0.5000,-5.59,19.38,0.599,,1,0,,,,,,3.82302,-4.28066,,,,,,
222.074,0.5000,0.5000,0.5000,0.5000,-5.35,24.28,0.597,,1,0,,,,,,3.79326,-4.30812,,,,,,
222.113,0.5000,0.5000,0.5000,0.5000,-5.37,24.01,0.594,,1,0,,,,,,3.75878,-4.32247,,,,,,
222.143,0.5000,0.5000,0.5000,0.5000,-5.54,23.59,0.593,,1,0,,,,,,3.72848,-4.32294,,,,,,
222.179,0.5000,0.5000,0.5000,0.5000,-5.37,25.19,0.592,,1,0,,,,,,3.74634,-4.34051,,,,,,
222.211,0.5000,0.5000,0.5000,0.5000,-5.45,24.80,0.594,,1,0,,,,,,3.74674,-4.32387,,,,,,
222.244,0.5000,0.5000,0.5000,0.5000,-5.63,25.87,0.594,,1,0,,,,,,3.77405,-4.33549,,,,,,
222.277,0.5000,0.5000,0.5000,0.5000,-5.86,22.82,0.592,,1,0,,,,,,3.82058,-4.26153,,,,,,
222.313,0.5000,0.5000,0.5000,0.5000,-7.77,-20.55,0.590,,1,0,,,,,,4.00009,-4.27944,,,,,,
222.345,0.5000,0.5000,0.5000,0.5000,-7.95,-20.99,0.588,,1,0,,,,,,4.13024,-4.27059,,,,,,
222.378,0.5000,0.5000,0.5000,0.5000,-8.13,-21.04,0.590,,1,0,,,,,,4.22878,-4.30325,,,,,,
222.410,0.5000,0.5000,0.5000,0.5000,-8.17,-20.87,0.589,,1,0,,,,,,4.18079,-4.28244,,,,,,
222.447,0.5000,0.5000,0.5000,0.5000,-7.87,-20.39,0.592,,1,0,,,,,,4.15204,-4.27585,,,,,,
222.479,0.5000,0.5000,0.5000,0.5000,-7.83,-21.02,0.589,,1,0,,,,,,4.14303,-4.29140,,,,,,
222.513,0.5000,0.5000,0.5000,0.5000,-7.84,-20.83,0.588,,1,0,,,,,,4.14498,-4.30433,,,,,,
222.538,0.5000,0.5000,0.5000,0.5000,-7.73,-20.71,0.588,,1,0,,,,,,4.17851,-4.32766,,,,,,
222.576,0.5000,0.5000,0.5000,0.5000,-7.39,-21.75,0.587,,1,0,,,,,,4.28748,-4.33340,,,,,,
222.608,0.5000,0.5000,0.5000,0.5000,-7.49,-23.03,0.582,,1,0,,,,,,4.36856,-4.29969,,,,,,
222.641,0.5000,0.5000,0.5000,0.5000,-7.30,-23.34,0.577,,1,0,,,,,,4.43906,-4.28486,,,,,,
222.667,0.5000,0.5000,0.5000,0.5000,-7.44,-22.59,0.576,,1,0,,,,,,4.44163,-4.30089,,,,,,
222.705,0.5000,0.5000,0.5000,0.5000,-8.00,-22.08,0.576,,1,0,,,,,,4.43113,-4.31140,,,,,,
222.742,0.5000,0.5000,0.5000,0.5000,-7.72,-21.60,0.580,,1,0,,,,,,4.30202,-4.35052,,,,,,
222.778,0.5000,0.5000,0.5000,0.5000,-7.74,-21.01,0.587,,1,0,,,,,,4.09285,-4.34129,,,,,,
222.815,0.5000,0.5000,0.5000,0.5000,-7.83,-20.61,0.586,,1,0,,,,,,4.01769,-4.32449,,,,,,
222.847,0.5000,0.5000,0.5000,0.5000,-8.41,-15.58,0.579,,1,0,,,,,,3.88537,-4.32359,,,,,,
222.880,0.5000,0.5000,0.5000,0.5000,-10.89,-11.36,0.584,,1,0,,,,,,3.74568,-4.31411,,,,,,
222.912,0.5000,0.5000,0.5000,0.5000,-9.64,-14.47,0.585,,1,0,,,,,,3.65577,-4.31805,,,,,,
222.946,0.5000,0.5000,0.5000,0.5000,-5.76,5.29,0.582,,1,0,,,,,,3.58618,-4.30252,,,,,,
222.972,0.5000,0.5000,0.5000,0.5000,-5.38,13.48,0.581,,1,0,,,,,,3.54587,-4.33674,,,,,,
223.012,0.5000,0.5000,0.5000,0.5000,-5.50,23.77,0.586,,1,0,,,,,,3.50913,-4.37658,,,,,,
223.047,0.5000,0.5000,0.5000,0.5000,-5.25,25.51,0.589,,1,0,,,,,,3.44187,-4.39892,,,,,,
223.077,0.5000,0.5000,0.5000,0.5000,-5.31,25.42,0.587,,1,0,,,,,,3.42425,-4.37404,,,,,,
223.110,0.5000,0.5000,0.5000,0.5000,-5.33,25.18,0.589,,1,0,,,,,,3.45479,-4.37233,,,,,,
223.142,0.5000,0.5000,0.5000,0.5000,-5.46,23.90,0.590,,1,0,,,,,,3.48834,-4.37446,,,,,,
223.173,0.5000,0.5000,0.5000,0.5000,-5.61,23.44,0.588,,1,0,,,,,,3.51858,-4.37470,,,,,,
223.210,0.5000,0.5000,0.5000,0.5000,-5.61,23.68,0.587,,1,0,,,,,,3.52198,-4.36808,,,,,,
223.235,0.5000,0.5000,0.5000,0.5000,-5.59,24.01,0.589,,1,0,,,,,,3.50261,-4.34884,,,,,,
223.274,0.5000,0.5000,0.5000,0.5000,-5.57,23.64,0.586,,1,0,,,,,,3.50512,-4.33893,,,,,,
223.306,0.5000,0.5000,0.5000,0.5000,-5.59,23.39,0.586,,1,0,,,,,,3.51194,-4.33769,,,,,,
223.339,0.5000,0.5000,0.5000,0.5000,-5.52,23.48,0.585,,1,0,,,,,,3.54399,-4.34005,,,,,,
223.374,0.5000,0.5000,0.5000,0.5000,-5.54,23.88,0.587,,1,0,,,,,,3.55942,-4.33657,,,,,,
223.407,0.5000,0.5000,0.5000,0.5000,-5.58,22.77,0.588,,1,0,,,,,,3.61899,-4.31143,,,,,,
223.443,0.5000,0.5000,0.5000,0.5000,-8.30,-21.44,0.593,,1,0,,,,,,3.91231,-4.33390,,,,,,
223.467,0.5000,0.5000,0.5000,0.5000,-8.05,-21.71,0.592,,1,0,,,,,,4.03752,-4.31000,,,,,,
223.506,0.5000,0.5000,0.5000,0.5000,-8.24,-22.33,0.593,,1,0,,,,,,4.09800,-4.31813,,,,,,
223.540,0.5000,0.5000,0.5000,0.5000,-8.10,-21.31,0.593,,1,0,,,,,,4.03894,-4.28690,,,,,,
223.571,0.5000,0.5000,0.5000,0.5000,-8.07,-20.63,0.593,,1,0,,,,,,4.01881,-4.31487,,,,,,
223.602,0.5000,0.5000,0.5000,0.5000,-7.53,-19.25,0.591,,1,0,,,,,,3.95866,-4.32099,,,,,,
223.634,0.5000,0.5000,0.5000,0.5000,-7.33,-17.14,0.600,,1,0,,,,,,3.86457,-4.41538,,,,,,
223.667,0.5000,0.5000,0.5000,0.5000,-5.41,16.12,0.589,,1,0,,,,,,3.75801,-4.47714,,,,,,
223.693,0.5000,0.5000,0.5000,0.5000,-5.76,20.79,0.598,,1,0,,,,,,3.68148,-4.49506,,,,,,
223.732,0.5000,0.5000,0.5000,0.5000,-5.40,15.31,0.597,,1,0,,,,,,3.67947,-4.49803,,,,,,
223.765,0.5000,0.5000,0.5000,0.5000,-7.95,-15.24,0.597,,1,0,,,,,,3.67907,-4.48133,,,,,,
223.801,0.5000,0.5000,0.5000,0.5000,-6.79,-17.93,0.597,,1,0,,,,,,3.76909,-4.49539,,,,,,
223.837,0.5000,0.5000,0.5000,0.5000,-6.96,-18.68,0.595,,1,0,,,,,,3.83709,-4.50416,,,,,,
223.865,0.5000,0.5000,0.5000,0.5000,-7.03,-18.37,0.595,,1,0,,,,,,3.84652,-4.49115,,,,,,
223.902,0.5000,0.5000,0.5000,0.5000,-7.09,-16.60,0.595,,1,0,,,,,,3.77723,-4.44752,,,,,,
223.937,0.5000,0.5000,0.5000,0.5000,-4.94,6.72,0.597,,1,0,,,,,,3.70997,-4.50810,,,,,,
223.960,0.5000,0.5000,0.5000,0.5000,-5.21,22.23,0.604,,1,0,,,,,,3.62384,-4.56517,,,,,,
224.001,0.5000,0.5000,0.5000,0.5000,-4.83,24.54,0.600,,1,0,,,,,,3.52061,-4.53162,,,,,,
224.032,0.5000,0.5000,0.5000,0.5000,-5.08,24.24,0.604,,1,0,,,,,,3.46427,-4.48441,,,,,,
224.065,0.5000,0.5000,0.5000,0.5000,-5.17,23.47,0.597,,1,0,,,,,,3.49144,-4.48481,,,,,,
224.096,0.5000,0.5000,0.5000,0.5000,-5.36,22.52,0.593,,1,0,,,,,,3.51856,-4.47615,,,,,,
224.130,0.5000,0.5000,0.5000,0.5000,-5.93,21.65,0.589,,1,0,,,,,,3.52267,-4.45415,,,,,,
224.156,0.5000,0.5000,0.5000,0.5000,-6.31,18.01,0.587,,1,0,,,,,,3.52060,-4.43158,,,,,,
224.195,0.5000,0.5000,0.5000,0.5000,-6.28,17.80,0.583,,1,0,,,,,,3.52761,-4.42071,,,,,,
224.227,0.5000,0.5000,0.5000,0.5000,-6.39,17.13,0.583,,1,0,,,,,,3.53731,-4.42330,,,,,,
224.253,0.5000,0.5000,0.5000,0.5000,-5.69,18.40,0.583,,1,0,,,,,,3.54115,-4.43518,,,,,,
224.293,0.5000,0.5000,0.5000,0.5000,-5.28,19.62,0.582,,1,0,,,,,,3.52211,-4.43852,,,,,,
224.328,0.5000,0.5000,0.5000,0.5000,-5.48,18.85,0.582,,1,0,,,,,,3.52374,-4.43422,,,,,,
224.362,0.5000,0.5000,0.5000,0.5000,-6.06,17.11,0.583,,1,0,,,,,,3.52705,-4.42671,,,,,,
224.393,0.5000,0.5000,0.5000,0.5000,-7.46,-16.29,0.583,,1,0,,,,,,3.56232,-4.40975,,,,,,
224.426,0.5000,0.5000,0.5000,0.5000,-7.34,-18.86,0.586,,1,0,,,,,,3.62518,-4.38834,,,,,,
224.459,0.5000,0.5000,0.5000,0.5000,-7.42,-18.54,0.585,,1,0,,,,,,3.70370,-4.40885,,,,,,
224.494,0.5000,0.5000,0.5000,0.5000,-7.40,-18.19,0.586,,1,0,,,,,,3.73099,-4.40338,,,,,,
224.526,0.5000,0.5000,0.5000,0.5000,-7.45,-17.64,0.594,,1,0,,,,,,3.71705,-4.37337,,,,,,
224.560,0.5000,0.5000,0.5000,0.5000,-7.49,-17.45,0.594,,1,0,,,,,,3.70992,-4.36917,,,,,,
224.592,0.5000,0.5000,0.5000,0.5000,-7.54,-16.22,0.593,,1,0,,,,,,3.69098,-4.35093,,,,,,
224.626,0.5000,0.5000,0.5000,0.5000,-8.11,-15.68,0.594,,1,0,,,,,,3.68564,-4.35892,,,,,,
224.655,0.5000,0.5000,0.5000,0.5000,-8.10,-1.34,0.593,,1,0,,,,,,3.66414,-4.34311,,,,,,
224.692,0.5000,0.5000,0.5000,0.5000,-5.00,11.54,0.591,,1,0,,,,,,3.65860,-4.33661,,,,,,
224.726,0.5000,0.5000,0.5000,0.5000,-5.23,8.78,0.588,,1,0,,,,,,3.63511,-4.30247,,,,,,
224.768,0.5000,0.5000,0.5000,0.5000,-5.10,8.87,0.589,,1,0,,,,,,3.63424,-4.29015,,,,,,
224.801,0.5000,0.5000,0.5000,0.5000,-6.47,4.71,0.593,,1,0,,,,,,3.63387,-4.28748,,,,,,
224.834,0.5000,0.5000,0.5000,0.5000,-8.84,-12.58,0.591,,1,0,,,,,,3.70797,-4.31722,,,,,,
224.864,0.5000,0.5000,0.5000,0.5000,-9.11,-16.42,0.553,,1,0,,,,,,4.00040,-4.43355,,,,,,
224.899,0.5000,0.5000,0.5000,0.5000,-7.73,-18.35,0.472,,1,0,,,,,,4.68346,-4.74990,,,,,,
224.930,0.5000,0.5000,0.5000,0.5000,-8.07,-20.42,0.477,,1,0,,,,,,4.95199,-4.81051,,,,,,
224.956,0.5000,0.5000,0.5000,0.5000,-8.02,-20.86,0.490,,1,0,,,,,,5.08641,-4.84978,,,,,,
224.996,0.5000,0.5000,0.5000,0.5000,-8.15,-20.41,0.542,,1,0,,,,,,5.06030,-4.79808,,,,,,
225.022,0.5000,0.5000,0.5000,0.5000,-8.34,-20.12,0.584,,1,0,,,,,,5.06500,-4.77874,,,,,,
225.063,0.5000,0.5000,0.5000,0.5000,-8.44,-20.19,0.613,,1,0,,,,,,5.03610,-4.76894,,,,,,
225.096,0.5000,0.5000,0.5000,0.5000,-8.47,-20.03,0.630,,1,0,,,,,,5.01432,-4.74686,,,,,,
225.127,0.5000,0.5000,0.5000,0.5000,-8.41,-20.02,0.634,,1,0,,,,,,5.02884,-4.74123,,,,,,
225.156,0.5000,0.5000,0.5000,0.5000,-8.50,-20.39,0.635,,1,0,,,,,,5.06698,-4.75998,,,,,,
225.198,0.5000,0.5000,0.5000,0.5000,-8.58,-20.68,0.633,,1,0,,,,,,5.09319,-4.74759,,,,,,
225.233,0.5000,0.5000,0.5000,0.5000,-8.57,-20.91,0.637,,1,0,,,,,,5.12147,-4.74216,,,,,,
225.267,0.5000,0.5000,0.5000,0.5000,-8.42,-20.52,0.635,,1,0,,,,,,5.11365,-4.72457,,,,,,
225.299,0.5000,0.5000,0.5000,0.5000,-8.44,-20.59,0.637,,1,0,,,,,,5.13418,-4.73179,,,,,,
225.331,0.5000,0.5000,0.5000,0.5000,-8.35,-20.60,0.641,,1,0,,,,,,4.90881,-4.54744,,,,,,
225.367,0.5000,0.5000,0.5000,0.5000,-8.39,-20.33,0.638,,1,0,,,,,,4.38127,-4.29824,,,,,,
225.398,0.5000,0.5000,0.5000,0.5000,-8.56,-20.31,0.642,,1,0,,,,,,4.24214,-4.26923,,,,,,
225.430,0.5000,0.5000,0.5000,0.5000,-11.21,-12.79,0.643,,1,0,,,,,,4.02125,-4.18887,,,,,,
225.463,0.5000,0.5000,0.5000,0.5000,-5.55,22.35,0.641,,1,0,,,,,,3.98448,-4.21397,,,,,,
225.498,0.5000,0.5000,0.5000,0.5000,-5.47,22.98,0.641,,1,0,,,,,,4.01312,-4.29587,,,,,,
225.530,0.5000,0.5000,0.5000,0.5000,-5.01,24.59,0.625,,1,0,,,,,,3.98233,-4.24079,,,,,,
225.564,0.5000,0.5000,0.5000,0.5000,-4.98,24.12,0.600,,1,0,,,,,,3.96616,-4.21295,,,,,,
225.597,0.5000,0.5000,0.5000,0.5000,-4.89,24.58,0.589,,1,0,,,,,,3.94504,-4.19823,,,,,,
225.631,0.5000,0.5000,0.5000,0.5000,-4.87,24.60,0.583,,1,0,,,,,,3.94656,-4.19326,,,,,,
225.661,0.5000,0.5000,0.5000,0.5000,-4.79,24.52,0.582,,1,0,,,,,,3.92154,-4.17308,,,,,,
225.695,0.5000,0.5000,0.5000,0.5000,-4.72,23.98,0.581,,1,0,,,,,,3.91197,-4.16643,,,,,,
225.730,0.5000,0.5000,0.5000,0.5000,-4.83,24.03,0.583,,1,0,,,,,,3.88991,-4.17317,,,,,,
225.762,0.5000,0.5000,0.5000,0.5000,-5.31,23.19,0.581,,1,0,,,,,,3.73065,-4.16924,,,,,,
225.796,0.5000,0.5000,0.5000,0.5000,-6.20,21.30,0.596,,1,0,,,,,,3.64444,-4.20118,,,,,,
225.832,0.5000,0.5000,0.5000,0.5000,-6.38,19.67,0.598,,1,0,,,,,,3.60965,-4.22612,,,,,,
225.866,0.5000,0.5000,0.5000,0.5000,-6.68,20.31,0.603,,1,0,,,,,,3.58442,-4.20896,,,,,,
225.898,0.5000,0.5000,0.5000,0.5000,-5.65,19.74,0.607,,1,0,,,,,,3.59024,-4.23536,,,,,,
225.935,0.5000,0.5000,0.5000,0.5000,-6.63,20.11,0.609,,1,0,,,,,,3.58067,-4.22503,,,,,,
225.967,0.5000,0.5000,0.5000,0.5000,-5.92,18.94,0.607,,1,0,,,,,,3.59019,-4.24395,,,,,,
226.000,0.5000,0.5000,0.5000,0.5000,-5.82,19.50,0.606,,1,0,,,,,,3.58859,-4.25161,,,,,,
226.031,0.5000,0.5000,0.5000,0.5000,-5.94,19.16,0.604,,1,0,,,,,,3.57290,-4.25858,,,,,,
226.066,0.5000,0.5000,0.5000,0.5000,-5.75,19.65,0.603,,1,0,,,,,,3.55406,-4.25453,,,,,,
226.099,0.5000,0.5000,0.5000,0.5000,-6.50,21.04,0.602,,1,0,,,,,,3.55128,-4.27324,,,,,,
226.131,0.5000,0.5000,0.5000,0.5000,-6.35,21.38,0.602,,1,0,,,,,,3.53657,-4.27961,,,,,,
226.167,0.5000,0.5000,0.5000,0.5000,-6.30,21.46,0.604,,1,0,,,,,,3.52792,-4.27283,,,,,,
226.198,0.5000,0.5000,0.5000,0.5000,-6.22,21.98,0.604,,1,0,,,,,,3.52639,-4.27258,,,,,,
226.222,0.5000,0.5000,0.5000,0.5000,-6.57,20.61,0.605,,1,0,,,,,,3.49563,-4.25626,,,,,,
226.264,0.5000,0.5000,0.5000,0.5000,-6.43,20.88,0.606,,1,0,,,,,,3.48342,-4.25550,,,,,,
226.300,0.5000,0.5000,0.5000,0.5000,-6.57,20.25,0.605,,1,0,,,,,,3.48697,-4.26795,,,,,,
226.576,0.5000,0.5000,0.5000,0.5000,-5.95,18.03,0.604,,1,0,,,,,,3.47977,-4.26033,,,,,,
226.685,0.5000,0.5000,0.5000,0.5000,-6.46,16.04,0.603,,1,0,,,,,,3.47990,-4.25627,,,,,,
226.736,0.5000,0.5000,0.5000,0.5000,-5.56,8.67,0.599,,1,0,,,,,,3.48254,-4.24064,,,,,,
226.797,0.5000,0.5000,0.5000,0.5000,-6.70,4.30,0.600,,1,0,,,,,,3.50366,-4.24959,,,,,,
226.862,0.5000,0.5000,0.5000,0.5000,-5.34,10.58,0.589,,1,0,,,,,,3.61163,-4.25380,,,,,,
226.937,0.5000,0.5000,0.5000,0.5000,-6.68,17.31,0.520,,1,0,,,,,,3.88294,-4.36995,,,,,,
226.999,0.5000,0.5000,0.5000,0.5000,-5.65,19.55,0.370,,1,0,,,,,,4.12915,-4.34957,,,,,,
227.046,0.5000,0.5000,0.5000,0.5000,-8.07,-18.32,0.479,,1,0,,,,,,4.07028,-4.06089,,,,,,
227.105,0.5000,0.5000,0.5000,0.5000,-8.50,-18.66,0.511,,1,0,,,,,,4.10206,-3.98134,,,,,,
227.162,0.5000,0.5000,0.5000,0.5000,-8.55,-18.61,0.512,,1,0,,,,,,4.13103,-3.96154,,,,,,
227.235,0.5000,0.5000,0.5000,0.5000,-8.36,-17.52,0.511,,1,0,,,,,,4.17358,-3.95917,,,,,,
227.322,0.5000,0.5000,0.5000,0.5000,-8.90,-18.81,0.535,,1,0,,,,,,4.13903,-3.91312,,,,,,
227.396,0.5000,0.5000,0.5000,0.5000,-8.83,-18.41,0.544,,1,0,,,,,,3.99158,-3.78031,,,,,,
227.445,0.5000,0.5000,0.5000,0.5000,-8.81,-14.57,0.553,,1,0,,,,,,3.83304,-3.76132,,,,,,
227.496,0.5000,0.5000,0.5000,0.5000,-8.49,-14.40,0.547,,1,0,,,,,,3.71103,-3.80603,,,,,,
227.552,0.5000,0.5000,0.5000,0.5000,-5.16,7.26,0.548,,1,0,,,,,,3.64142,-3.79669,,,,,,
227.619,0.5000,0.5000,0.5000,0.5000,-5.94,20.66,0.568,,1,0,,,,,,3.55897,-3.77616,,,,,,
227.691,0.5000,0.5000,0.5000,0.5000,-7.28,22.59,0.573,,1,0,,,,,,3.27799,-3.54077,,,,,,
227.748,0.5000,0.5000,0.5000,0.5000,-7.72,22.70,0.571,,1,0,,,,,,3.20987,-3.50295,,,,,,
227.814,0.5000,0.5000,0.5000,0.5000,-8.53,22.06,0.571,,1,0,,,,,,3.15399,-3.42269,,,,,,
227.889,0.5000,0.5000,0.5000,0.5000,-8.72,21.43,0.576,,1,0,,,,,,3.10805,-3.36929,,,,,,
227.954,0.5000,0.5000,0.5000,0.5000,-8.96,21.53,0.572,,1,0,,,,,,3.01272,-3.41442,,,,,,
228.002,0.5000,0.5000,0.5000,0.5000,-9.05,22.70,0.571,,1,0,,,,,,2.92076,-3.36770,,,,,,
228.064,0.5000,0.5000,0.5000,0.5000,-8.99,21.86,0.573,,1,0,,,,,,2.88942,-3.36292,,,,,,
228.118,0.5000,0.5000,0.5000,0.5000,-9.08,21.00,0.571,,1,0,,,,,,2.82549,-3.33111,,,,,,
228.172,0.5000,0.5000,0.5000,0.5000,-9.21,20.75,0.574,,1,0,,,,,,2.84405,-3.34222,,,,,,
228.234,0.5000,0.5000,0.5000,0.5000,-9.19,20.43,0.574,,1,0,,,,,,2.85528,-3.33947,,,,,,
228.289,0.5000,0.5000,0.5000,0.5000,-9.40,20.17,0.580,,1,0,,,,,,2.86433,-3.31605,,,,,,
228.354,0.5000,0.5000,0.5000,0.5000,-9.41,20.28,0.581,,1,0,,,,,,2.88463,-3.30652,,,,,,
228.411,0.5000,0.5000,0.5000,0.5000,-9.43,19.44,0.581,,1,0,,,,,,2.94065,-3.31271,,,,,,
228.462,0.5000,0.5000,0.5000,0.5000,-9.72,8.92,0.138,,1,0,,,,,,3.66168,-3.59906,,,,,,
228.511,0.5000,0.5000,0.5000,0.5000,-10.17,6.03,0.066,,1,0,,,,,,3.84022,-3.60533,,,,,,
228.576,0.5000,0.5000,0.5000,0.5000,-10.33,4.14,0.088,,1,0,,,,,,3.89257,-3.59698,,,,,,
228.640,0.5000,0.5000,0.5000,0.5000,-10.16,-7.83,0.417,,1,0,,,,,,3.61603,-3.53577,,,,,,
228.688,0.5000,0.5000,0.5000,0.5000,-10.70,-12.99,0.503,,1,0,,,,,,3.54485,-3.49687,,,,,,
228.742,0.5000,0.5000,0.5000,0.5000,-10.85,-14.88,0.529,,1,0,,,,,,3.48219,-3.45133,,,,,,
228.795,0.5000,0.5000,0.5000,0.5000,-10.75,-14.57,0.540,,1,0,,,,,,3.44625,-3.42958,,,,,,
228.856,0.5000,0.5000,0.5000,0.5000,-10.77,-14.74,0.548,,1,0,,,,,,3.42127,-3.42732,,,,,,
228.906,0.5000,0.5000,0.5000,0.5000,-10.84,-15.32,0.563,,1,0,,,,,,3.38531,-3.40958,,,,,,
228.976,0.5000,0.5000,0.5000,0.5000,-10.93,-15.79,0.566,,1,0,,,,,,3.38535,-3.40130,,,,,,
229.039,0.5000,0.5000,0.5000,0.5000,-10.94,-15.48,0.566,,1,0,,,,,,3.37723,-3.37399,,,,,,
229.097,0.5000,0.5000,0.5000,0.5000,-11.02,-15.95,0.564,,1,0,,,,,,3.37795,-3.37613,,,,,,
229.157,0.5000,0.5000,0.5000,0.5000,-11.22,-15.44,0.575,,1,0,,,,,,3.40870,-3.34980,,,,,,
229.222,0.5000,0.5000,0.5000,0.5000,-11.53,-16.55,0.571,,1,0,,,,,,3.45568,-3.34961,,,,,,
229.280,0.5000,0.5000,0.5000,0.5000,-11.47,-16.36,0.574,,1,0,,,,,,3.46970,-3.33878,,,,,,
229.345,0.5000,0.5000,0.5000,0.5000,-11.41,-16.49,0.569,,1,0,,,,,,3.48431,-3.33095,,,,,,
229.411,0.5000,0.5000,0.5000,0.5000,-11.42,-16.17,0.568,,1,0,,,,,,3.50155,-3.31656,,,,,,
229.496,0.5000,0.5000,0.5000,0.5000,-11.45,-16.11,0.565,,1,0,,,,,,3.54156,-3.32380,,,,,,
229.560,0.5000,0.5000,0.5000,0.5000,-11.56,-15.51,0.561,,1,0,,,,,,3.57449,-3.22514,,,,,,
229.616,0.5000,0.5000,0.5000,0.5000,-11.79,-16.18,0.559,,1,0,,,,,,3.64663,-3.19692,,,,,,
229.684,0.5000,0.5000,0.5000,0.5000,-12.17,-16.94,0.558,,1,0,,,,,,3.70688,-3.16054,,,,,,
229.740,0.5000,0.5000,0.5000,0.5000,-12.32,-19.22,0.533,,1,0,,,,,,4.08493,-3.14448,,,,,,
229.787,0.5000,0.5000,0.5000,0.5000,-12.42,-18.60,0.516,,1,0,,,,,,4.18836,-3.11485,,,,,,
229.837,0.5000,0.5000,0.5000,0.5000,-12.44,-18.83,0.523,,1,0,,,,,,4.24844,-3.10484,,,,,,
229.885,0.5000,0.5000,0.5000,0.5000,-12.80,-18.81,0.517,,1,0,,,,,,4.28060,-3.11080,,,,,,
229.940,0.5000,0.5000,0.5000,0.5000,-12.73,-18.81,0.514,,1,0,,,,,,4.29451,-3.08926,,,,,,
229.994,0.5000,0.5000,0.5000,0.5000,-12.61,-18.18,0.511,,1,0,,,,,,4.31386,-3.08142,,,,,,
230.047,0.5000,0.5000,0.5000,0.5000,-12.88,-18.15,0.510,,1,0,,,,,,4.33963,-3.08087,,,,,,
230.104,0.5000,0.5000,0.5000,0.5000,-12.84,-18.10,0.513,,1,0,,,,,,4.34022,-3.06738,,,,,,
230.153,0.5000,0.5000,0.5000,0.5000,-12.80,-18.06,0.515,,1,0,,,,,,4.33780,-3.06702,,,,,,
230.217,0.5000,0.5000,0.5000,0.5000,-12.79,-17.92,0.513,,1,0,,,,,,4.32252,-3.05933,,,,,,
230.287,0.5000,0.5000,0.5000,0.5000,-12.65,-17.73,0.520,,1,0,,,,,,4.15501,-3.00612,,,,,,
230.343,0.5000,0.5000,0.5000,0.5000,-12.47,-17.47,0.521,,1,0,,,,,,4.14920,-3.04086,,,,,,
230.395,0.5000,0.5000,0.5000,0.5000,-12.41,-17.27,0.523,,1,0,,,,,,4.12353,-3.05442,,,,,,
230.449,0.5000,0.5000,0.5000,0.5000,-12.45,-16.86,0.525,,1,0,,,,,,3.96826,-3.00138,,,,,,
230.502,0.5000,0.5000,0.5000,0.5000,-12.44,-16.76,0.524,,1,0,,,,,,3.99557,-3.04173,,,,,,
230.568,0.5000,0.5000,0.5000,0.5000,-12.57,-16.86,0.524,,1,0,,,,,,3.95650,-3.02813,,,,,,
230.619,0.5000,0.5000,0.5000,0.5000,-12.43,-16.65,0.525,,1,0,,,,,,3.93766,-3.02093,,,,,,
230.682,0.5000,0.5000,0.5000,0.5000,-12.40,-16.57,0.523,,1,0,,,,,,3.90105,-3.01815,,,,,,
230.754,0.5000,0.5000,0.5000,0.5000,-12.35,-17.02,0.532,,1,0,,,,,,3.88001,-3.01328,,,,,,
230.815,0.5000,0.5000,0.5000,0.5000,-12.33,-16.60,0.531,,1,0,,,,,,3.89133,-3.02633,,,,,,
230.886,0.5000,0.5000,0.5000,0.5000,-12.41,-16.59,0.531,,1,0,,,,,,3.89350,-3.02551,,,,,,
230.940,0.5000,0.5000,0.5000,0.5000,-12.43,-16.54,0.532,,1,0,,,,,,3.89118,-3.02453,,,,,,
231.000,0.5000,0.5000,0.5000,0.5000,-12.40,-16.72,0.533,,1,0,,,,,,3.89412,-3.02630,,,,,,
231.059,0.5000,0.5000,0.5000,0.5000,-12.43,-16.43,0.533,,1,0,,,,,,3.89360,-3.02008,,,,,,
231.120,0.5000,0.5000,0.5000,0.5000,-12.48,-16.32,0.538,,1,0,,,,,,3.87948,-3.00877,,,,,,
231.186,0.5000,0.5000,0.5000,0.5000,-12.57,-16.05,0.540,,1,0,,,,,,3.85687,-3.01062,,,,,,
231.252,0.5000,0.5000,0.5000,0.5000,-12.36,-16.08,0.542,,1,0,,,,,,3.84102,-3.01290,,,,,,
231.307,0.5000,0.5000,0.5000,0.5000,-11.95,-15.28,0.546,,1,0,,,,,,3.82545,-3.06054,,,,,,
231.366,0.5000,0.5000,0.5000,0.5000,-11.78,-15.18,0.552,,1,0,,,,,,3.78489,-3.06371,,,,,,
231.421,0.5000,0.5000,0.5000,0.5000,-11.81,-15.11,0.551,,1,0,,,,,,3.77684,-3.07173,,,,,,
231.480,0.5000,0.5000,0.5000,0.5000,-11.71,-14.31,0.549,,1,0,,,,,,3.74910,-3.08533,,,,,,
231.538,0.5000,0.5000,0.5000,0.5000,-11.73,-14.42,0.549,,1,0,,,,,,3.72798,-3.08795,,,,,,
231.576,0.5000,0.5000,0.5000,0.5000,-11.66,-14.02,0.548,,1,0,,,,,,3.71782,-3.09704,,,,,,
231.625,0.5000,0.5000,0.5000,0.5000,-11.66,-13.73,0.547,,1,0,,,,,,3.71770,-3.12252,,,,,,
231.680,0.5000,0.5000,0.5000,0.5000,-11.69,-13.12,0.549,,1,0,,,,,,3.70588,-3.12290,,,,,,
231.744,0.5000,0.5000,0.5000,0.5000,-11.72,-13.55,0.551,,1,0,,,,,,3.68706,-3.11744,,,,,,
231.792,0.5000,0.5000,0.5000,0.5000,-11.71,-13.67,0.552,,1,0,,,,,,3.64787,-3.09491,,,,,,
231.838,0.5000,0.5000,0.5000,0.5000,-11.65,-13.69,0.552,,1,0,,,,,,3.63804,-3.09761,,,,,,
231.905,0.5000,0.5000,0.5000,0.5000,-11.53,-14.46,0.548,,1,0,,,,,,3.47328,-3.07660,,,,,,
231.966,0.5000,0.5000,0.5000,0.5000,-11.46,-14.68,0.546,,1,0,,,,,,3.43450,-3.08077,,,,,,
232.019,0.5000,0.5000,0.5000,0.5000,-11.50,-14.41,0.545,,1,0,,,,,,3.40991,-3.08060,,,,,,
232.074,0.5000,0.5000,0.5000,0.5000,-11.56,-14.25,0.545,,1,0,,,,,,3.39944,-3.08931,,,,,,
232.144,0.5000,0.5000,0.5000,0.5000,-11.46,-14.31,0.546,,1,0,,,,,,3.38559,-3.10088,,,,,,
232.198,0.5000,0.5000,0.5000,0.5000,-11.48,-14.23,0.545,,1,0,,,,,,3.39082,-3.10603,,,,,,
232.277,0.5000,0.5000,0.5000,0.5000,-11.47,-14.31,0.538,,1,0,,,,,,3.38796,-3.10447,,,,,,
232.355,0.5000,0.5000,0.5000,0.5000,-11.55,-8.03,0.152,,1,0,,,,,,4.06645,-3.24883,,,,,,
232.422,0.5000,0.5000,0.5000,0.5000,-11.42,-11.30,0.238,,1,0,,,,,,3.90466,-3.12712,,,,,,
232.488,0.5000,0.5000,0.5000,0.5000,-11.49,-15.87,0.308,,1,0,,,,,,3.90097,-3.10578,,,,,,
232.561,0.5000,0.5000,0.5000,0.5000,-11.75,-19.78,0.410,,1,0,,,,,,4.12735,-3.08482,,,,,,
232.627,0.5000,0.5000,0.5000,0.5000,-11.66,-19.35,0.455,,1,0,,,,,,4.21269,-3.10236,,,,,,
232.693,0.5000,0.5000,0.5000,0.5000,-11.44,-20.52,0.470,,1,0,,,,,,4.37837,-3.11103,,,,,,
232.756,0.5000,0.5000,0.5000,0.5000,-11.62,-20.91,0.477,,1,0,,,,,,4.54222,-3.16094,,,,,,
232.833,0.5000,0.5000,0.5000,0.5000,-11.51,-21.04,0.477,,1,0,,,,,,4.65857,-3.16843,,,,,,
232.912,0.5000,0.5000,0.5000,0.5000,-11.70,-22.37,0.501,,1,0,,,,,,5.15936,-3.03436,,,,,,
232.980,0.5000,0.5000,0.5000,0.5000,-11.34,-23.52,0.499,,1,0,,,,,,5.35408,-3.02558,,,,,,
233.040,0.5000,0.5000,0.5000,0.5000,-11.31,-24.16,0.501,,1,0,,,,,,5.55559,-3.02958,,,,,,
233.089,0.5000,0.5000,0.5000,0.5000,-11.02,-24.63,0.496,,1,0,,,,,,5.83236,-2.92300,,,,,,
233.141,0.5000,0.5000,0.5000,0.5000,-11.01,-24.99,0.503,,1,0,,,,,,6.02404,-2.98609,,,,,,
233.225,0.5000,0.5000,0.5000,0.5000,-9.99,-24.90,0.488,,1,0,,,,,,6.09971,-3.05114,,,,,,
233.297,0.5000,0.5000,0.5000,0.5000,-8.50,-24.96,0.480,,1,0,,,,,,6.20616,-3.23244,,,,,,
233.355,0.5000,0.5000,0.5000,0.5000,-8.54,-24.55,0.489,,1,0,,,,,,6.21057,-3.25980,,,,,,
233.410,0.5000,0.5000,0.5000,0.5000,-8.61,-24.85,0.484,,1,0,,,,,,6.26986,-3.32077,,,,,,
233.470,0.5000,0.5000,0.5000,0.5000,-8.65,-24.91,0.480,,1,0,,,,,,6.28716,-3.35369,,,,,,
233.546,0.5000,0.5000,0.5000,0.5000,-8.59,-24.80,0.462,,1,0,,,,,,6.31925,-3.42769,,,,,,
233.614,0.5000,0.5000,0.5000,0.5000,-7.18,-25.02,0.455,,1,0,,,,,,6.29066,-3.70307,,,,,,
233.690,0.5000,0.5000,0.5000,0.5000,-7.43,-24.97,0.442,,1,0,,,,,,6.26557,-3.92634,,,,,,
233.751,0.5000,0.5000,0.5000,0.5000,-7.50,-25.09,0.443,,1,0,,,,,,6.28013,-4.00485,,,,,,
233.811,0.5000,0.5000,0.5000,0.5000,-7.64,-24.92,0.441,,1,0,,,,,,6.29828,-4.01838,,,,,,
233.865,0.5000,0.5000,0.5000,0.5000,-7.84,-24.49,0.440,,1,0,,,,,,6.30850,-4.01264,,,,,,
233.929,0.5000,0.5000,0.5000,0.5000,-7.93,-24.54,0.439,,1,0,,,,,,6.35674,-4.01734,,,,,,
233.996,0.5000,0.5000,0.5000,0.5000,-7.77,-24.68,0.410,,1,0,,,,,,6.37119,-3.95485,,,,,,
234.061,0.5000,0.5000,0.5000,0.5000,-7.38,-24.63,0.410,,1,0,,,,,,6.32280,-3.89838,,,,,,
234.129,0.5000,0.5000,0.5000,0.5000,-7.47,-24.53,0.409,,1,0,,,,,,6.34788,-3.90760,,,,,,
234.190,0.5000,0.5000,0.5000,0.5000,-6.73,-22.69,0.386,,1,0,,,,,,6.38575,-3.98911,,,,,,
234.260,0.5000,0.5000,0.5000,0.5000,-6.57,-22.06,0.391,,1,0,,,,,,6.49560,-4.02969,,,,,,
234.324,0.5000,0.5000,0.5000,0.5000,-6.49,-23.79,0.391,,1,0,,,,,,6.76208,-4.07071,,,,,,
234.376,0.5000,0.5000,0.5000,0.5000,-6.23,-23.44,0.368,,1,0,,,,,,7.29867,-3.87828,,,,,,
234.435,0.5000,0.5000,0.5000,0.5000,-5.77,-21.90,0.372,,1,0,,,,,,7.36550,-3.67052,,,,,,
234.494,0.5000,0.5000,0.5000,0.5000,-5.47,-22.44,0.370,,1,0,,,,,,7.45743,-3.58713,,,,,,
234.551,0.5000,0.5000,0.5000,0.5000,-5.90,-22.55,0.378,,1,0,,,,,,7.51576,-3.54664,,,,,,
234.617,0.5000,0.5000,0.5000,0.5000,-6.34,-22.52,0.368,,1,0,,,,,,8.02948,-3.63156,,,,,,
234.667,0.5000,0.5000,0.5000,0.5000,-6.05,-21.77,0.374,,1,0,,,,,,8.18016,-3.65447,,,,,,
234.742,0.5000,0.5000,0.5000,0.5000,-6.25,-21.24,0.376,,1,0,,,,,,8.41111,-3.69575,,,,,,
234.802,0.5000,0.5000,0.5000,0.5000,-6.08,-21.88,0.358,,1,0,,,,,,8.93793,-3.69550,,,,,,
234.872,0.5000,0.5000,0.5000,0.5000,-5.88,-20.36,0.357,,1,0,,,,,,8.93269,-3.56161,,,,,,
234.936,0.5000,0.5000,0.5000,0.5000,-5.74,-19.59,0.367,,1,0,,,,,,9.02404,-3.51647,,,,,,
234.999,0.5000,0.5000,0.5000,0.5000,-6.29,-20.12,0.367,,1,0,,,,,,9.20538,-3.47040,,,,,,
235.067,0.5000,0.5000,0.5000,0.5000,-6.43,-20.37,0.352,,1,0,,,,,,9.17084,-3.45373,,,,,,
235.140,0.5000,0.5000,0.5000,0.5000,-6.55,-20.05,0.349,,1,0,,,,,,9.22004,-3.45920,,,,,,
235.201,0.5000,0.5000,0.5000,0.5000,-6.57,-20.05,0.351,,1,0,,,,,,9.23048,-3.43128,,,,,,
235.264,0.5000,0.5000,0.5000,0.5000,-6.62,-20.34,0.351,,1,0,,,,,,9.26514,-3.40075,,,,,,
235.318,0.5000,0.5000,0.5000,0.5000,-7.02,-21.53,0.347,,1,0,,,,,,9.38745,-3.39573,,,,,,
235.383,0.5000,0.5000,0.5000,0.5000,-7.20,-21.70,0.346,,1,0,,,,,,9.38080,-3.33925,,,,,,
235.455,0.5000,0.5000,0.5000,0.5000,-6.79,-22.26,0.350,,1,0,,,,,,9.36909,-3.26966,,,,,,
235.516,0.5000,0.5000,0.5000,0.5000,-6.92,-22.36,0.348,,1,0,,,,,,9.32755,-3.23896,,,,,,
235.576,0.5000,0.5000,0.5000,0.5000,-7.03,-22.84,0.354,,1,0,,,,,,9.30862,-3.23064,,,,,,
235.634,0.5000,0.5000,0.5000,0.5000,-7.91,-23.58,0.346,,1,0,,,,,,9.25198,-3.09944,,,,,,
235.701,0.5000,0.5000,0.5000,0.5000,-8.05,-23.22,0.347,,1,0,,,,,,9.16863,-2.98107,,,,,,
235.770,0.5000,0.5000,0.5000,0.5000,-8.31,-23.52,0.353,,1,0,,,,,,9.08603,-2.89360,,,,,,
235.827,0.5000,0.5000,0.5000,0.5000,-8.34,-23.63,0.349,,1,0,,,,,,9.06513,-2.83379,,,,,,
235.881,0.5000,0.5000,0.5000,0.5000,-8.54,-24.32,0.355,,1,0,,,,,,9.04267,-2.72127,,,,,,
235.961,0.5000,0.5000,0.5000,0.5000,-8.50,-24.23,0.360,,1,0,,,,,,8.97797,-2.65247,,,,,,
236.028,0.5000,0.5000,0.5000,0.5000,-9.06,-24.47,0.371,,1,0,,,,,,8.67964,-2.44353,,,,,,
236.085,0.5000,0.5000,0.5000,0.5000,-9.18,-24.32,0.361,,1,0,,,,,,8.76273,-2.42518,,,,,,
236.150,0.5000,0.5000,0.5000,0.5000,-9.12,-24.01,0.362,,1,0,,,,,,8.72943,-2.39100,,,,,,
236.203,0.5000,0.5000,0.5000,0.5000,-9.08,-23.85,0.368,,1,0,,,,,,8.71691,-2.38428,,,,,,
236.268,0.5000,0.5000,0.5000,0.5000,-9.26,-23.92,0.370,,1,0,,,,,,8.65081,-2.37971,,,,,,
236.345,0.5000,0.5000,0.5000,0.5000,-9.42,-22.98,0.379,,1,0,,,,,,8.59294,-2.38133,,,,,,
236.405,0.5000,0.5000,0.5000,0.5000,-9.34,-22.65,0.380,,1,0,,,,,,8.55534,-2.39423,,,,,,
236.468,0.5000,0.5000,0.5000,0.5000,-9.05,-22.84,0.386,,1,0,,,,,,8.45601,-2.44376,,,,,,
236.539,0.5000,0.5000,0.5000,0.5000,-9.36,-22.31,0.387,,1,0,,,,,,8.26855,-2.42130,,,,,,
236.604,0.5000,0.5000,0.5000,0.5000,-9.43,-22.49,0.388,,1,0,,,,,,8.16482,-2.41917,,,,,,
236.651,0.5000,0.5000,0.5000,0.5000,-9.59,-22.46,0.395,,1,0,,,,,,8.12245,-2.41474,,,,,,
236.710,0.5000,0.5000,0.5000,0.5000,-9.14,-22.41,0.400,,1,0,,,,,,7.63189,-2.23894,,,,,,
236.772,0.5000,0.5000,0.5000,0.5000,-9.55,-21.53,0.409,,1,0,,,,,,7.43411,-2.18210,,,,,,
236.841,0.5000,0.5000,0.5000,0.5000,-9.61,-21.46,0.424,,1,0,,,,,,7.27917,-2.13817,,,,,,
236.904,0.5000,0.5000,0.5000,0.5000,-9.45,-21.12,0.412,,1,0,,,,,,6.96644,-2.10279,,,,,,
236.966,0.5000,0.5000,0.5000,0.5000,-9.52,-20.70,0.428,,1,0,,,,,,6.78322,-2.03167,,,,,,
237.033,0.5000,0.5000,0.5000,0.5000,-9.30,-20.31,0.426,,1,0,,,,,,6.67728,-2.00684,,,,,,
237.088,0.5000,0.5000,0.5000,0.5000,-9.43,-20.31,0.429,,1,0,,,,,,6.70547,-2.01737,,,,,,
237.167,0.5000,0.5000,0.5000,0.5000,-9.00,-19.71,0.415,,1,0,,,,,,6.34931,-1.98706,,,,,,
237.217,0.5000,0.5000,0.5000,0.5000,-9.04,-19.96,0.433,,1,0,,,,,,6.29591,-1.94620,,,,,,
237.275,0.5000,0.5000,0.5000,0.5000,-9.21,-19.02,0.438,,1,0,,,,,,6.27866,-1.91843,,,,,,
237.329,0.5000,0.5000,0.5000,0.5000,-8.91,-19.27,0.441,,1,0,,,,,,6.18205,-1.86508,,,,,,
237.408,0.5000,0.5000,0.5000,0.5000,-9.19,-18.53,0.443,,1,0,,,,,,6.16735,-1.84413,,,,,,
237.484,0.5000,0.5000,0.5000,0.5000,-9.02,-18.65,0.433,,1,0,,,,,,6.07317,-1.85265,,,,,,
237.542,0.5000,0.5000,0.5000,0.5000,-8.79,-18.90,0.428,,1,0,,,,,,6.02527,-1.92190,,,,,,
237.610,0.5000,0.5000,0.5000,0.5000,-8.62,-19.23,0.428,,1,0,,,,,,5.99155,-1.95117,,,,,,
237.655,0.5000,0.5000,0.5000,0.5000,-8.49,-19.12,0.423,,1,0,,,,,,6.00482,-1.96644,,,,,,
237.712,0.5000,0.5000,0.5000,0.5000,-8.52,-19.12,0.422,,1,0,,,,,,5.99212,-1.96168,,,,,,
237.780,0.5000,0.5000,0.5000,0.5000,-8.86,-19.83,0.431,,1,0,,,,,,6.07252,-1.91483,,,,,,
237.851,0.5000,0.5000,0.5000,0.5000,-9.15,-19.51,0.427,,1,0,,,,,,6.12218,-1.89382,,,,,,
237.908,0.5000,0.5000,0.5000,0.5000,-9.19,-19.89,0.426,,1,0,,,,,,6.16708,-1.88084,,,,,,
237.958,0.5000,0.5000,0.5000,0.5000,-10.15,-20.80,0.425,,1,0,,,,,,6.55534,-1.89782,,,,,,
238.012,0.5000,0.5000,0.5000,0.5000,-10.06,-20.51,0.428,,1,0,,,,,,6.57937,-1.87686,,,,,,
238.081,0.5000,0.5000,0.5000,0.5000,-9.94,-20.51,0.431,,1,0,,,,,,6.59171,-1.85651,,,,,,
238.152,0.5000,0.5000,0.5000,0.5000,-10.00,-20.50,0.428,,1,0,,,,,,6.64106,-1.84618,,,,,,
238.214,0.5000,0.5000,0.5000,0.5000,-10.11,-20.72,0.421,,1,0,,,,,,6.90048,-1.87427,,,,,,
238.275,0.5000,0.5000,0.5000,0.5000,-10.22,-20.50,0.424,,1,0,,,,,,6.89198,-1.84228,,,,,,
238.335,0.5000,0.5000,0.5000,0.5000,-10.23,-20.53,0.424,,1,0,,,,,,6.96585,-1.84214,,,,,,
238.396,0.5000,0.5000,0.5000,0.5000,-10.47,-20.98,0.430,,1,0,,,,,,7.26192,-1.81305,,,,,,
238.462,0.5000,0.5000,0.5000,0.5000,-10.72,-20.70,0.423,,1,0,,,,,,7.34654,-1.79169,,,,,,
238.528,0.5000,0.5000,0.5000,0.5000,-10.78,-21.09,0.431,,1,0,,,,,,7.38009,-1.74542,,,,,,
238.585,0.5000,0.5000,0.5000,0.5000,-10.19,-22.06,0.445,,1,0,,,,,,7.84072,-1.77967,,,,,,
238.644,0.5000,0.5000,0.5000,0.5000,-10.99,-22.22,0.441,,1,0,,,,,,8.05694,-1.87621,,,,,,
238.689,0.5000,0.5000,0.5000,0.5000,-11.37,-22.72,0.444,,1,0,,,,,,8.09289,-1.93286,,,,,,
238.758,0.5000,0.5000,0.5000,0.5000,-11.43,-22.75,0.445,,1,0,,,,,,8.12768,-1.96121,,,,,,
238.823,0.5000,0.5000,0.5000,0.5000,-11.22,-23.58,0.427,,1,0,,,,,,7.70130,-2.39260,,,,,,
238.885,0.5000,0.5000,0.5000,0.5000,-11.12,-21.65,0.455,,1,0,,,,,,7.58609,-2.55892,,,,,,
238.931,0.5000,0.5000,0.5000,0.5000,-10.81,-20.32,0.464,,1,0,,,,,,7.44508,-2.64184,,,,,,
238.996,0.5000,0.5000,0.5000,0.5000,-10.76,-20.07,0.476,,1,0,,,,,,7.36246,-2.68042,,,,,,
239.060,0.5000,0.5000,0.5000,0.5000,-9.91,-19.32,0.477,,1,0,,,,,,7.40663,-2.72162,,,,,,
239.112,0.5000,0.5000,0.5000,0.5000,-8.97,-19.01,0.454,,1,0,,,,,,7.49712,-2.94450,,,,,,
239.176,0.5000,0.5000,0.5000,0.5000,-9.32,-19.27,0.475,,1,0,,,,,,7.56899,-3.00101,,,,,,
239.243,0.5000,0.5000,0.5000,0.5000,-10.18,-19.13,0.474,,1,0,,,,,,7.58286,-2.99989,,,,,,
239.297,0.5000,0.5000,0.5000,0.5000,-11.02,-19.78,0.484,,1,0,,,,,,7.22747,-3.16642,,,,,,
239.342,0.5000,0.5000,0.5000,0.5000,-10.66,-18.61,0.464,,1,0,,,,,,6.98349,-3.25826,,,,,,
239.399,0.5000,0.5000,0.5000,0.5000,-10.51,-18.64,0.465,,1,0,,,,,,6.77154,-3.37039,,,,,,
239.468,0.5000,0.5000,0.5000,0.5000,-10.86,-19.59,0.470,,1,0,,,,,,6.49456,-3.43839,,,,,,
239.522,0.5000,0.5000,0.5000,0.5000,-10.39,-20.37,0.476,,1,0,,,,,,5.98628,-3.54611,,,,,,
239.585,0.5000,0.5000,0.5000,0.5000,-10.00,-22.36,0.480,,1,0,,,,,,5.19821,-3.62330,,,,,,
239.660,0.5000,0.5000,0.5000,0.5000,-10.20,-21.31,0.471,,1,0,,,,,,5.07297,-3.63305,,,,,,
239.715,0.5000,0.5000,0.5000,0.5000,-10.73,-20.86,0.467,,1,0,,,,,,5.00498,-3.65357,,,,,,
239.784,0.5000,0.5000,0.5000,0.5000,-10.67,-21.73,0.474,,1,0,,,,,,4.51666,-3.53024,,,,,,
239.843,0.5000,0.5000,0.5000,0.5000,-11.19,-19.89,0.470,,1,0,,,,,,4.50391,-3.54699,,,,,,
239.905,0.5000,0.5000,0.5000,0.5000,-11.25,-19.66,0.461,,1,0,,,,,,4.44402,-3.56431,,,,,,
239.960,0.5000,0.5000,0.5000,0.5000,-11.05,-15.18,0.410,,1,0,,,,,,4.12339,-3.46947,,,,,,
240.040,0.5000,0.5000,0.5000,0.5000,-11.06,-13.30,0.387,,1,0,,,,,,4.17809,-3.55103,,,,,,
240.107,0.5000,0.5000,0.5000,0.5000,-10.86,-13.11,0.384,,1,0,,,,,,4.17174,-3.57074,,,,,,
240.175,0.5000,0.5000,0.5000,0.5000,-10.10,-5.96,0.278,,1,0,,,,,,4.13591,-3.77784,,,,,,
240.227,0.5000,0.5000,0.5000,0.5000,-10.15,-8.69,0.345,,1,0,,,,,,3.99618,-3.76450,,,,,,
240.304,0.5000,0.5000,0.5000,0.5000,-10.00,-3.72,0.352,,1,0,,,,,,3.97184,-3.74207,,,,,,
240.365,0.5000,0.5000,0.5000,0.5000,-9.63,-8.51,0.357,,1,0,,,,,,3.97837,-3.76787,,,,,,
240.415,0.5000,0.5000,0.5000,0.5000,-8.66,2.30,0.357,,1,0,,,,,,4.00706,-3.77669,,,,,,
240.477,0.5000,0.5000,0.5000,0.5000,-8.14,6.22,0.339,,1,0,,,,,,4.06395,-3.81157,,,,,,
240.521,0.5000,0.5000,0.5000,0.5000,-8.18,8.88,0.360,,1,0,,,,,,4.14744,-3.93652,,,,,,
240.596,0.5000,0.5000,0.5000,0.5000,-8.11,7.31,0.429,,1,0,,,,,,4.16638,-4.06341,,,,,,
240.676,0.5000,0.5000,0.5000,0.5000,-7.84,7.09,0.477,,1,0,,,,,,4.08727,-4.11751,,,,,,
240.738,0.5000,0.5000,0.5000,0.5000,-7.81,9.86,0.500,,1,0,,,,,,4.03756,-4.11319,,,,,,
240.801,0.5000,0.5000,0.5000,0.5000,-7.82,17.66,0.488,,1,0,,,,,,3.87612,-4.14229,,,,,,
240.867,0.5000,0.5000,0.5000,0.5000,-7.83,15.73,0.485,,1,0,,,,,,3.84036,-4.12871,,,,,,
240.932,0.5000,0.5000,0.5000,0.5000,-7.96,15.99,0.485,,1,0,,,,,,3.81692,-4.15184,,,,,,
241.008,0.5000,0.5000,0.5000,0.5000,-8.41,4.31,0.487,,1,0,,,,,,3.72509,-4.17592,,,,,,
241.074,0.5000,0.5000,0.5000,0.5000,-9.79,-0.51,0.491,,1,0,,,,,,3.75149,-4.18051,,,,,,
241.139,0.5000,0.5000,0.5000,0.5000,-7.74,9.35,0.499,,1,0,,,,,,3.81039,-4.18993,,,,,,
241.190,0.5000,0.5000,0.5000,0.5000,-9.97,-1.46,0.498,,1,0,,,,,,3.83538,-4.16520,,,,,,
241.243,0.5000,0.5000,0.5000,0.5000,-9.51,-0.27,0.493,,1,0,,,,,,3.89186,-4.19751,,,,,,
241.305,0.5000,0.5000,0.5000,0.5000,-10.45,-3.05,0.494,,1,0,,,,,,3.89207,-4.19623,,,,,,
241.349,0.5000,0.5000,0.5000,0.5000,-8.61,13.04,0.496,,1,0,,,,,,3.91780,-4.22001,,,,,,
241.419,0.5000,0.5000,0.5000,0.5000,-8.60,16.17,0.498,,1,0,,,,,,3.84083,-4.18137,,,,,,
241.478,0.5000,0.5000,0.5000,0.5000,-7.73,19.34,0.496,,1,0,,,,,,3.79160,-4.15606,,,,,,
241.530,0.5000,0.5000,0.5000,0.5000,-7.99,16.69,0.481,,1,0,,,,,,3.81757,-4.19218,,,,,,
241.584,0.5000,0.5000,0.5000,0.5000,-8.44,15.69,0.481,,1,0,,,,,,3.83489,-4.20144,,,,,,
241.640,0.5000,0.5000,0.5000,0.5000,-8.88,12.95,0.477,,1,0,,,,,,3.86176,-4.27037,,,,,,
241.698,0.5000,0.5000,0.5000,0.5000,-9.03,13.26,0.477,,1,0,,,,,,3.87510,-4.31537,,,,,,
241.744,0.5000,0.5000,0.5000,0.5000,-8.98,13.42,0.476,,1,0,,,,,,3.80762,-4.29123,,,,,,
241.806,0.5000,0.5000,0.5000,0.5000,-8.28,15.19,0.482,,1,0,,,,,,3.70089,-4.22805,,,,,,
241.871,0.5000,0.5000,0.5000,0.5000,-8.59,13.71,0.484,,1,0,,,,,,3.67567,-4.25763,,,,,,
241.916,0.5000,0.5000,0.5000,0.5000,-8.83,14.36,0.491,,1,0,,,,,,3.55916,-4.24969,,,,,,
241.968,0.5000,0.5000,0.5000,0.5000,-8.37,17.21,0.489,,1,0,,,,,,3.35897,-4.18826,,,,,,
242.010,0.5000,0.5000,0.5000,0.5000,-8.39,19.14,0.490,,1,0,,,,,,3.21227,-4.15487,,,,,,
242.060,0.5000,0.5000,0.5000,0.5000,-8.15,19.31,0.489,,1,0,,,,,,3.13936,-4.17015,,,,,,
242.105,0.5000,0.5000,0.5000,0.5000,-8.15,19.43,0.482,,1,0,,,,,,3.03825,-4.15018,,,,,,
242.151,0.5000,0.5000,0.5000,0.5000,-8.21,19.62,0.481,,1,0,,,,,,2.70729,-3.99198,,,,,,
242.211,0.5000,0.5000,0.5000,0.5000,-8.24,19.62,0.482,,1,0,,,,,,2.65246,-3.98327,,,,,,
242.261,0.5000,0.5000,0.5000,0.5000,-8.35,18.34,0.491,,1,0,,,,,,2.35421,-3.88943,,,,,,
242.322,0.5000,0.5000,0.5000,0.5000,-8.34,18.83,0.496,,1,0,,,,,,2.35954,-3.96351,,,,,,
242.362,0.5000,0.5000,0.5000,0.5000,-8.30,20.06,0.503,,1,0,,,,,,2.34956,-3.95775,,,,,,
242.415,0.5000,0.5000,0.5000,0.5000,-8.19,20.48,0.504,,1,0,,,,,,2.32720,-3.97528,,,,,,
242.480,0.5000,0.5000,0.5000,0.5000,-8.30,19.90,0.503,,1,0,,,,,,2.30895,-3.98308,,,,,,
242.537,0.5000,0.5000,0.5000,0.5000,-8.17,20.09,0.505,,1,0,,,,,,2.34763,-3.98104,,,,,,
242.586,0.5000,0.5000,0.5000,0.5000,-8.19,19.90,0.507,,1,0,,,,,,2.36412,-3.97777,,,,,,
242.629,0.5000,0.5000,0.5000,0.5000,-8.11,20.04,0.507,,1,0,,,,,,2.37463,-3.98367,,,,,,
242.701,0.5000,0.5000,0.5000,0.5000,-8.17,19.33,0.507,,1,0,,,,,,2.37329,-3.97549,,,,,,
242.758,0.5000,0.5000,0.5000,0.5000,-8.40,17.62,0.505,,1,0,,,,,,2.40214,-3.97103,,,,,,
242.820,0.5000,0.5000,0.5000,0.5000,-8.14,17.84,0.490,,1,0,,,,,,2.78959,-4.10882,,,,,,
242.887,0.5000,0.5000,0.5000,0.5000,-8.22,16.61,0.486,,1,0,,,,,,2.97405,-4.14891,,,,,,
242.947,0.5000,0.5000,0.5000,0.5000,-8.28,15.95,0.489,,1,0,,,,,,2.94171,-4.08160,,,,,,
243.005,0.5000,0.5000,0.5000,0.5000,-8.23,15.94,0.486,,1,0,,,,,,3.02259,-4.11007,,,,,,
243.059,0.5000,0.5000,0.5000,0.5000,-8.25,15.26,0.485,,1,0,,,,,,3.03463,-4.09288,,,,,,
243.130,0.5000,0.5000,0.5000,0.5000,-8.75,13.26,0.486,,1,0,,,,,,3.00009,-4.07228,,,,,,
243.208,0.5000,0.5000,0.5000,0.5000,-8.63,12.69,0.483,,1,0,,,,,,2.97535,-4.04822,,,,,,
243.284,0.5000,0.5000,0.5000,0.5000,-9.45,2.53,0.485,,1,0,,,,,,3.03525,-4.06631,,,,,,
243.344,0.5000,0.5000,0.5000,0.5000,-10.11,-4.92,0.484,,1,0,,,,,,3.05013,-4.06796,,,,,,
243.402,0.5000,0.5000,0.5000,0.5000,-9.86,-4.12,0.478,,1,0,,,,,,3.04467,-4.08855,,,,,,
243.463,0.5000,0.5000,0.5000,0.5000,-9.83,-6.97,0.473,,1,0,,,,,,3.12923,-4.15714,,,,,,
243.529,0.5000,0.5000,0.5000,0.5000,-9.81,-5.47,0.471,,1,0,,,,,,3.20129,-4.17650,,,,,,
243.589,0.5000,0.5000,0.5000,0.5000,-10.19,-13.67,0.478,,1,0,,,,,,3.50326,-4.28792,,,,,,
243.656,0.5000,0.5000,0.5000,0.5000,-10.31,-14.15,0.478,,1,0,,,,,,3.53392,-4.25484,,,,,,
243.720,0.5000,0.5000,0.5000,0.5000,-10.31,-13.75,0.474,,1,0,,,,,,3.60296,-4.27916,,,,,,
243.776,0.5000,0.5000,0.5000,0.5000,-10.31,-14.69,0.477,,1,0,,,,,,3.65131,-4.29543,,,,,,
243.841,0.5000,0.5000,0.5000,0.5000,-10.74,-15.51,0.475,,1,0,,,,,,3.86030,-4.36392,,,,,,
243.899,0.5000,0.5000,0.5000,0.5000,-10.45,-15.31,0.469,,1,0,,,,,,3.93488,-4.38010,,,,,,
243.948,0.5000,0.5000,0.5000,0.5000,-10.46,-16.02,0.468,,1,0,,,,,,3.99046,-4.39521,,,,,,
244.008,0.5000,0.5000,0.5000,0.5000,-10.51,-16.52,0.469,,1,0,,,,,,4.04768,-4.42933,,,,,,
244.073,0.5000,0.5000,0.5000,0.5000,-10.76,-17.13,0.468,,1,0,,,,,,4.17803,-4.47740,,,,,,
244.129,0.5000,0.5000,0.5000,0.5000,-10.71,-16.88,0.459,,1,0,,,,,,4.26022,-4.48537,,,,,,
244.165,0.5000,0.5000,0.5000,0.5000,-10.75,-17.15,0.460,,1,0,,,,,,4.23616,-4.46809,,,,,,
244.221,0.5000,0.5000,0.5000,0.5000,-10.51,-17.34,0.455,,1,0,,,,,,4.25897,-4.48786,,,,,,
244.282,0.5000,0.5000,0.5000,0.5000,-10.58,-17.65,0.456,,1,0,,,,,,4.26207,-4.48416,,,,,,
244.343,0.5000,0.5000,0.5000,0.5000,-10.54,-17.62,0.465,,1,0,,,,,,4.31291,-4.47849,,,,,,
244.411,0.5000,0.5000,0.5000,0.5000,-10.26,-16.55,0.463,,1,0,,,,,,3.96236,-4.31912,,,,,,
244.464,0.5000,0.5000,0.5000,0.5000,-10.24,-16.03,0.461,,1,0,,,,,,3.90850,-4.29084,,,,,,
244.531,0.5000,0.5000,0.5000,0.5000,-9.65,-15.90,0.491,,1,0,,,,,,2.97948,-4.02729,,,,,,
244.595,0.5000,0.5000,0.5000,0.5000,-9.63,-14.25,0.511,,1,0,,,,,,2.88651,-3.99538,,,,,,
244.646,0.5000,0.5000,0.5000,0.5000,-9.70,-14.40,0.513,,1,0,,,,,,2.84331,-3.99304,,,,,,
244.716,0.5000,0.5000,0.5000,0.5000,-9.68,-14.22,0.515,,1,0,,,,,,2.88488,-4.02278,,,,,,
244.784,0.5000,0.5000,0.5000,0.5000,-9.65,-14.25,0.516,,1,0,,,,,,2.92579,-4.04642,,,,,,
244.851,0.5000,0.5000,0.5000,0.5000,-9.78,-15.17,0.518,,1,0,,,,,,2.91635,-4.03339,,,,,,
244.907,0.5000,0.5000,0.5000,0.5000,-9.80,-15.36,0.519,,1,0,,,,,,2.93262,-4.06164,,,,,,
244.968,0.5000,0.5000,0.5000,0.5000,-9.79,-15.63,0.520,,1,0,,,,,,2.94763,-4.06438,,,,,,
245.026,0.5000,0.5000,0.5000,0.5000,-10.03,-16.43,0.496,,1,0,,,,,,3.07254,-4.07154,,,,,,
245.079,0.5000,0.5000,0.5000,0.5000,-10.11,-16.09,0.236,,1,0,,,,,,3.72956,-4.08588,,,,,,
245.147,0.5000,0.5000,0.5000,0.5000,-10.46,-17.51,0.268,,1,0,,,,,,3.98201,-4.00495,,,,,,
245.218,0.5000,0.5000,0.5000,0.5000,-11.07,-18.42,0.349,,1,0,,,,,,3.89508,-3.81990,,,,,,
245.282,0.5000,0.5000,0.5000,0.5000,-11.35,-17.53,0.365,,1,0,,,,,,3.76821,-3.75024,,,,,,
245.338,0.5000,0.5000,0.5000,0.5000,-11.11,-17.23,0.362,,1,0,,,,,,3.76247,-3.75276,,,,,,
245.403,0.5000,0.5000,0.5000,0.5000,-10.96,-14.41,0.360,,1,0,,,,,,3.70907,-3.79190,,,,,,
245.461,0.5000,0.5000,0.5000,0.5000,-10.97,-14.00,0.353,,1,0,,,,,,3.61424,-3.76759,,,,,,
245.531,0.5000,0.5000,0.5000,0.5000,-10.87,-13.20,0.362,,1,0,,,,,,3.53166,-3.77008,,,,,,
245.589,0.5000,0.5000,0.5000,0.5000,-10.99,-16.17,0.425,,1,0,,,,,,3.26366,-3.77624,,,,,,
245.632,0.5000,0.5000,0.5000,0.5000,-11.02,-12.99,0.534,,1,0,,,,,,2.96269,-3.74229,,,,,,
245.679,0.5000,0.5000,0.5000,0.5000,-11.04,-12.83,0.552,,1,0,,,,,,2.87328,-3.71531,,,,,,
245.744,0.5000,0.5000,0.5000,0.5000,-11.08,-13.45,0.561,,1,0,,,,,,2.83214,-3.72259,,,,,,
245.795,0.5000,0.5000,0.5000,0.5000,-11.09,-13.43,0.564,,1,0,,,,,,2.82457,-3.72401,,,,,,
245.855,0.5000,0.5000,0.5000,0.5000,-11.15,-13.99,0.562,,1,0,,,,,,2.84281,-3.72573,,,,,,
245.904,0.5000,0.5000,0.5000,0.5000,-11.16,-14.28,0.558,,1,0,,,,,,2.84461,-3.72618,,,,,,
245.956,0.5000,0.5000,0.5000,0.5000,-11.20,-14.26,0.555,,1,0,,,,,,2.85330,-3.73270,,,,,,
246.021,0.5000,0.5000,0.5000,0.5000,-11.20,-14.03,0.554,,1,0,,,,,,2.85594,-3.73484,,,,,,
246.093,0.5000,0.5000,0.5000,0.5000,-11.10,-13.87,0.552,,1,0,,,,,,2.85544,-3.73214,,,,,,
246.152,0.5000,0.5000,0.5000,0.5000,-11.29,-15.42,0.538,,1,0,,,,,,3.03879,-3.76841,,,,,,
246.200,0.5000,0.5000,0.5000,0.5000,-11.38,-15.27,0.514,,1,0,,,,,,3.30713,-3.87239,,,,,,
246.267,0.5000,0.5000,0.5000,0.5000,-11.37,-15.75,0.522,,1,0,,,,,,3.86380,-4.14970,,,,,,
246.327,0.5000,0.5000,0.5000,0.5000,-11.34,-17.12,0.526,,1,0,,,,,,4.15836,-4.07744,,,,,,
246.373,0.5000,0.5000,0.5000,0.5000,-10.96,-19.11,0.544,,1,0,,,,,,4.50919,-4.23861,,,,,,
246.431,0.5000,0.5000,0.5000,0.5000,-10.90,-20.14,0.541,,1,0,,,,,,4.62209,-4.26066,,,,,,
246.491,0.5000,0.5000,0.5000,0.5000,-10.95,-20.85,0.546,,1,0,,,,,,4.81222,-4.33290,,,,,,
246.551,0.5000,0.5000,0.5000,0.5000,-11.24,-21.43,0.548,,1,0,,,,,,4.86338,-4.28472,,,,,,
246.591,0.5000,0.5000,0.5000,0.5000,-11.24,-21.67,0.551,,1,0,,,,,,5.01287,-4.34300,,,,,,
246.651,0.5000,0.5000,0.5000,0.5000,-11.03,-21.65,0.539,,1,0,,,,,,4.98258,-4.38369,,,,,,
246.698,0.5000,0.5000,0.5000,0.5000,-10.92,-21.57,0.538,,1,0,,,,,,4.98499,-4.39036,,,,,,
246.773,0.5000,0.5000,0.5000,0.5000,-10.90,-21.48,0.538,,1,0,,,,,,4.94722,-4.38028,,,,,,
246.821,0.5000,0.5000,0.5000,0.5000,-10.89,-21.53,0.538,,1,0,,,,,,4.94477,-4.39153,,,,,,
246.880,0.5000,0.5000,0.5000,0.5000,-10.84,-21.41,0.533,,1,0,,,,,,4.89935,-4.36392,,,,,,
246.946,0.5000,0.5000,0.5000,0.5000,-10.77,-21.52,0.530,,1,0,,,,,,4.90067,-4.36800,,,,,,
247.007,0.5000,0.5000,0.5000,0.5000,-10.70,-21.25,0.529,,1,0,,,,,,4.90847,-4.38910,,,,,,
247.063,0.5000,0.5000,0.5000,0.5000,-10.79,-20.77,0.521,,1,0,,,,,,4.85533,-4.36447,,,,,,
247.128,0.5000,0.5000,0.5000,0.5000,-10.89,-20.97,0.509,,1,0,,,,,,4.87169,-4.36225,,,,,,
247.203,0.5000,0.5000,0.5000,0.5000,-10.99,-20.91,0.421,,1,0,,,,,,4.77253,-4.29208,,,,,,
247.276,0.5000,0.5000,0.5000,0.5000,-10.46,-16.73,0.107,,1,0,,,,,,4.89005,-4.26197,,,,,,
247.343,0.5000,0.5000,0.5000,0.5000,-10.50,-15.84,0.103,,1,0,,,,,,4.84807,-4.21450,,,,,,
247.402,0.5000,0.5000,0.5000,0.5000,-10.54,-15.23,0.145,,1,0,,,,,,4.61345,-4.06965,,,,,,
247.472,0.5000,0.5000,0.5000,0.5000,-10.68,-12.91,0.043,,1,0,,,,,,4.64507,-4.18557,,,,,,
247.536,0.5000,0.5000,0.5000,0.5000,-10.64,-11.58,0.028,,1,0,,,,,,4.54871,-4.18784,,,,,,
247.590,0.5000,0.5000,0.5000,0.5000,-10.60,-10.53,0.030,,1,0,,,,,,4.46361,-4.16761,,,,,,
247.629,0.5000,0.5000,0.5000,0.5000,-10.76,-10.24,0.029,,1,0,,,,,,4.34536,-4.14709,,,,,,
247.677,0.5000,0.5000,0.5000,0.5000,-10.67,-9.63,0.031,,1,0,,,,,,4.34806,-4.15370,,,,,,
247.731,0.5000,0.5000,0.5000,0.5000,-10.74,-10.95,0.085,,1,0,,,,,,4.35586,-4.20548,,,,,,
247.787,0.5000,0.5000,0.5000,0.5000,-10.74,-16.17,0.312,,1,0,,,,,,4.01046,-4.10645,,,,,,
247.858,0.5000,0.5000,0.5000,0.5000,-10.70,-16.76,0.359,,1,0,,,,,,3.98830,-4.12393,,,,,,
247.905,0.5000,0.5000,0.5000,0.5000,-10.53,-16.72,0.367,,1,0,,,,,,3.98139,-4.14101,,,,,,
247.959,0.5000,0.5000,0.5000,0.5000,-10.54,-16.80,0.380,,1,0,,,,,,3.90265,-4.14492,,,,,,
248.022,0.5000,0.5000,0.5000,0.5000,-10.74,-16.53,0.402,,1,0,,,,,,3.94952,-4.13520,,,,,,
248.080,0.5000,0.5000,0.5000,0.5000,-10.89,-16.99,0.421,,1,0,,,,,,3.96952,-4.10872,,,,,,
248.118,0.5000,0.5000,0.5000,0.5000,-11.04,-17.29,0.428,,1,0,,,,,,4.02572,-4.16815,,,,,,
248.175,0.5000,0.5000,0.5000,0.5000,-11.19,-17.18,0.439,,1,0,,,,,,4.02830,-4.16063,,,,,,
248.231,0.5000,0.5000,0.5000,0.5000,-11.56,-18.78,0.440,,1,0,,,,,,4.20032,-4.16875,,,,,,
248.303,0.5000,0.5000,0.5000,0.5000,-11.44,-18.98,0.444,,1,0,,,,,,4.33216,-4.21427,,,,,,
248.356,0.5000,0.5000,0.5000,0.5000,-11.43,-18.94,0.446,,1,0,,,,,,4.39899,-4.24770,,,,,,
248.417,0.5000,0.5000,0.5000,0.5000,-11.40,-18.85,0.447,,1,0,,,,,,4.44126,-4.27789,,,,,,
248.471,0.5000,0.5000,0.5000,0.5000,-11.36,-18.60,0.415,,1,0,,,,,,5.20149,-4.51520,,,,,,
248.536,0.5000,0.5000,0.5000,0.5000,-11.50,-20.04,0.390,,1,0,,,,,,5.48720,-4.51992,,,,,,
248.598,0.5000,0.5000,0.5000,0.5000,-11.84,-22.71,0.384,,1,0,,,,,,5.69936,-4.49669,,,,,,
248.658,0.5000,0.5000,0.5000,0.5000,-3.69,-44.48,0.478,,1,0,,,,,,6.87547,-4.41904,,,,,,
248.716,0.5000,0.5000,0.5000,0.5000,-4.44,-46.19,0.484,,1,0,,,,,,7.18893,-4.39625,,,,,,
248.770,0.5000,0.5000,0.5000,0.5000,-4.95,-47.38,0.498,,1,0,,,,,,7.37284,-4.37850,,,,,,
248.834,0.5000,0.5000,0.5000,0.5000,-4.82,-48.23,0.514,,1,0,,,,,,7.53213,-4.35671,,,,,,
248.884,0.5000,0.5000,0.5000,0.5000,-4.56,-49.53,0.527,,1,0,,,,,,7.66925,-4.35010,,,,,,
248.934,0.5000,0.5000,0.5000,0.5000,-4.43,-52.36,0.566,,1,0,,,,,,8.22049,-4.33211,,,,,,
248.986,0.5000,0.5000,0.5000,0.5000,-4.51,-54.00,0.557,,1,0,,,,,,8.58655,-4.39468,,,,,,
249.055,0.5000,0.5000,0.5000,0.5000,-4.69,-54.70,0.560,,1,0,,,,,,8.73873,-4.36687,,,,,,
249.109,0.5000,0.5000,0.5000,0.5000,-4.41,-55.38,0.572,,1,0,,,,,,8.89786,-4.33965,,,,,,
249.158,0.5000,0.5000,0.5000,0.5000,-3.51,-57.37,0.605,,1,0,,,,,,9.23911,-4.26479,,,,,,
249.225,0.5000,0.5000,0.5000,0.5000,-3.48,-57.23,0.599,,1,0,,,,,,9.37303,-4.27123,,,,,,
249.291,0.5000,0.5000,0.5000,0.5000,-3.48,-57.31,0.592,,1,0,,,,,,9.47564,-4.27205,,,,,,
249.334,0.5000,0.5000,0.5000,0.5000,-3.00,-58.73,0.607,,1,0,,,,,,9.79232,-4.28245,,,,,,
249.418,0.5000,0.5000,0.5000,0.5000,-2.62,-59.11,0.609,,1,0,,,,,,9.91254,-4.29793,,,,,,
249.471,0.5000,0.5000,0.5000,0.5000,-2.65,-59.01,0.614,,1,0,,,,,,10.03778,-4.30531,,,,,,
249.537,0.5000,0.5000,0.5000,0.5000,-2.09,-59.13,0.610,,1,0,,,,,,10.20656,-4.36520,,,,,,
249.588,0.5000,0.5000,0.5000,0.5000,-2.01,-58.73,0.608,,1,0,,,,,,10.25669,-4.35290,,,,,,
249.661,0.5000,0.5000,0.5000,0.5000,-1.55,-58.52,0.580,,1,0,,,,,,10.23031,-4.39891,,,,,,
249.712,0.5000,0.5000,0.5000,0.5000,-0.35,-58.59,0.574,,1,0,,,,,,9.88232,-4.39986,,,,,,
249.779,0.5000,0.5000,0.5000,0.5000,-1.28,-49.20,0.515,,1,0,,,,,,7.15958,-3.90350,,,,,,
249.834,0.5000,0.5000,0.5000,0.5000,-2.04,-45.08,0.499,,1,0,,,,,,6.50308,-3.93311,,,,,,
249.886,0.5000,0.5000,0.5000,0.5000,-12.61,-28.33,0.497,,1,0,,,,,,6.15028,-3.90801,,,,,,
249.940,0.5000,0.5000,0.5000,0.5000,-12.29,-27.04,0.496,,1,0,,,,,,6.00828,-3.96001,,,,,,
249.997,0.5000,0.5000,0.5000,0.5000,-12.23,-26.63,0.489,,1,0,,,,,,5.72192,-3.89171,,,,,,
250.049,0.5000,0.5000,0.5000,0.5000,-11.43,-24.21,0.474,,1,0,,,,,,5.23466,-3.96766,,,,,,
250.112,0.5000,0.5000,0.5000,0.5000,-10.65,-24.71,0.490,,1,0,,,,,,5.22876,-4.15150,,,,,,
250.168,0.5000,0.5000,0.5000,0.5000,-10.62,-24.92,0.482,,1,0,,,,,,5.19729,-4.20766,,,,,,
250.222,0.5000,0.5000,0.5000,0.5000,-10.53,-24.48,0.482,,1,0,,,,,,5.13058,-4.23034,,,,,,
250.275,0.5000,0.5000,0.5000,0.5000,-10.29,-24.43,0.491,,1,0,,,,,,5.01228,-4.21538,,,,,,
250.334,0.5000,0.5000,0.5000,0.5000,-10.26,-23.57,0.463,,1,0,,,,,,4.68081,-4.19277,,,,,,
250.388,0.5000,0.5000,0.5000,0.5000,-10.13,-23.77,0.468,,1,0,,,,,,4.67099,-4.30192,,,,,,
250.458,0.5000,0.5000,0.5000,0.5000,-9.84,-23.92,0.472,,1,0,,,,,,4.62842,-4.35155,,,,,,
250.502,0.5000,0.5000,0.5000,0.5000,-9.87,-23.25,0.462,,1,0,,,,,,4.60037,-4.39293,,,,,,
250.565,0.5000,0.5000,0.5000,0.5000,-9.53,-23.07,0.447,,1,0,,,,,,4.43781,-4.51725,,,,,,
250.642,0.5000,0.5000,0.5000,0.5000,-9.00,-23.67,0.456,,1,0,,,,,,4.43225,-4.64926,,,,,,
250.712,0.5000,0.5000,0.5000,0.5000,-8.98,-24.17,0.463,,1,0,,,,,,4.37743,-4.68408,,,,,,
250.770,0.5000,0.5000,0.5000,0.5000,-8.41,-23.87,0.451,,1,0,,,,,,4.43380,-4.80899,,,,,,
250.831,0.5000,0.5000,0.5000,0.5000,-8.28,-24.87,0.455,,1,0,,,,,,4.42220,-4.83539,,,,,,
250.887,0.5000,0.5000,0.5000,0.5000,-8.48,-25.09,0.461,,1,0,,,,,,4.39507,-4.84132,,,,,,
250.942,0.5000,0.5000,0.5000,0.5000,-8.40,-25.11,0.463,,1,0,,,,,,4.42123,-4.86560,,,,,,
250.991,0.5000,0.5000,0.5000,0.5000,-7.98,-24.14,0.488,,1,0,,,,,,4.45689,-4.75287,,,,,,
251.048,0.5000,0.5000,0.5000,0.5000,-7.57,-24.05,0.453,,1,0,,,,,,4.51213,-4.70898,,,,,,
251.104,0.5000,0.5000,0.5000,0.5000,-7.31,-24.36,0.450,,1,0,,,,,,4.64067,-4.71248,,,,,,
251.174,0.5000,0.5000,0.5000,0.5000,-7.11,-24.85,0.452,,1,0,,,,,,4.73308,-4.67547,,,,,,
251.226,0.5000,0.5000,0.5000,0.5000,-7.24,-25.44,0.476,,1,0,,,,,,4.99095,-4.61476,,,,,,
251.288,0.5000,0.5000,0.5000,0.5000,-7.26,-25.51,0.475,,1,0,,,,,,5.07090,-4.56448,,,,,,
251.358,0.5000,0.5000,0.5000,0.5000,-7.28,-25.35,0.468,,1,0,,,,,,5.19647,-4.55823,,,,,,
251.435,0.5000,0.5000,0.5000,0.5000,-7.43,-25.01,0.476,,1,0,,,,,,5.68245,-4.42997,,,,,,
251.492,0.5000,0.5000,0.5000,0.5000,-7.08,-25.18,0.490,,1,0,,,,,,5.92039,-4.42060,,,,,,
251.552,0.5000,0.5000,0.5000,0.5000,-6.82,-25.18,0.486,,1,0,,,,,,6.14854,-4.38266,,,,,,
251.618,0.5000,0.5000,0.5000,0.5000,-7.45,-24.46,0.475,,1,0,,,,,,7.32552,-4.14504,,,,,,
251.668,0.5000,0.5000,0.5000,0.5000,-6.03,-23.88,0.234,,1,0,,,,,,8.54266,-4.28093,,,,,,
251.745,0.5000,0.5000,0.5000,0.5000,-6.07,-22.67,0.064,,1,0,,,,,,9.73745,-4.36146,,,,,,
251.797,0.5000,0.5000,0.5000,0.5000,-6.06,-24.26,0.097,,1,0,,,,,,10.41470,-4.37004,,,,,,
251.858,0.5000,0.5000,0.5000,0.5000,6.03,-56.58,0.335,,1,0,,,,,,13.95713,-4.47298,,,,,,
251.911,0.5000,0.5000,0.5000,0.5000,7.81,-58.34,0.440,,1,0,,,,,,14.58214,-4.31575,,,,,,
251.979,0.5000,0.5000,0.5000,0.5000,8.91,-60.67,0.526,,1,0,,,,,,14.80677,-4.01812,,,,,,
252.035,0.5000,0.5000,0.5000,0.5000,8.69,-62.06,0.556,,1,0,,,,,,15.18724,-3.79724,,,,,,
252.088,0.5000,0.5000,0.5000,0.5000,-2.53,26.23,0.644,,1,0,,,,,,17.63687,-3.38403,,,,,,
252.137,0.5000,0.5000,0.5000,0.5000,13.66,-67.27,0.642,,1,0,,,,,,17.63067,-3.09556,,,,,,
252.220,0.5000,0.5000,0.5000,0.5000,-4.84,-29.64,0.660,,1,0,,,,,,17.60571,-2.92251,,,,,,
252.279,0.5000,0.5000,0.5000,0.5000,16.89,-73.77,0.658,,1,0,,,,,,18.60512,-2.91775,,,,,,
252.355,0.5000,0.5000,0.5000,0.5000,-3.39,32.78,0.775,,1,0,,,,,,20.68417,-2.64078,,,,,,
252.419,0.5000,0.5000,0.5000,0.5000,-25.63,64.91,0.711,,1,0,,,,,,19.39338,-2.40072,,,,,,
252.486,0.5000,0.5000,0.5000,0.5000,-14.14,62.30,0.824,,1,0,,,,,,20.00399,-2.18027,,,,,,
252.540,0.5000,0.5000,0.5000,0.5000,-13.20,58.93,0.783,,1,0,,,,,,19.99623,-2.07649,,,,,,
252.599,0.5000,0.5000,0.5000,0.5000,-83.65,67.44,0.747,,1,0,,,,,,20.11525,-2.00559,,,,,,
252.664,0.5000,0.5000,0.5000,0.5000,-82.37,67.28,0.819,,1,0,,,,,,20.07757,-1.93928,,,,,,
252.732,0.5000,0.5000,0.5000,0.5000,43.18,74.30,0.882,,1,0,,,,,,20.77282,-1.90704,,,,,,
252.816,0.5000,0.5000,0.5000,0.5000,-28.43,65.35,0.896,,1,0,,,,,,20.25956,-1.84323,,,,,,
252.881,0.5000,0.5000,0.5000,0.5000,-79.29,67.01,0.918,,1,0,,,,,,20.34118,-1.83461,,,,,,
252.937,0.5000,0.5000,0.5000,0.5000,-82.45,66.90,0.916,,1,0,,,,,,20.25587,-1.82579,,,,,,
253.002,0.5000,0.5000,0.5000,0.5000,-11.88,63.08,0.954,,1,0,,,,,,20.32318,-1.81114,,,,,,
253.051,0.5000,0.5000,0.5000,0.5000,-11.81,61.42,0.914,,1,0,,,,,,20.78468,-1.81364,,,,,,
253.112,0.5000,0.5000,0.5000,0.5000,-11.66,60.24,0.885,,1,0,,,,,,20.58122,-1.77113,,,,,,
253.177,0.5000,0.5000,0.5000,0.5000,-79.19,67.24,0.849,,1,0,,,,,,20.45441,-1.73764,,,,,,
253.241,0.5000,0.5000,0.5000,0.5000,-13.78,-43.76,0.847,,1,0,,,,,,20.12111,-1.70613,,,,,,
253.292,0.5000,0.5000,0.5000,0.5000,-79.23,67.20,0.865,,1,0,,,,,,20.10030,-1.70898,,,,,,
253.359,0.5000,0.5000,0.5000,0.5000,-79.60,67.22,0.854,,1,0,,,,,,20.09630,-1.70693,,,,,,
253.429,0.5000,0.5000,0.5000,0.5000,-11.60,58.50,0.871,,1,0,,,,,,20.46238,-1.70567,,,,,,
253.496,0.5000,0.5000,0.5000,0.5000,-11.26,57.12,0.861,,1,0,,,,,,20.37896,-1.70512,,,,,,
253.552,0.5000,0.5000,0.5000,0.5000,-11.05,55.78,0.855,,1,0,,,,,,20.53141,-1.70247,,,,,,
253.602,0.5000,0.5000,0.5000,0.5000,-81.58,66.67,0.851,,1,0,,,,,,20.74711,-1.69907,,,,,,
253.670,0.5000,0.5000,0.5000,0.5000,-80.27,67.04,0.828,,1,0,,,,,,20.51239,-1.61028,,,,,,
253.739,0.5000,0.5000,0.5000,0.5000,-11.62,60.64,0.818,,1,0,,,,,,20.71493,-1.63537,,,,,,
253.800,0.5000,0.5000,0.5000,0.5000,-10.82,56.04,0.820,,1,0,,,,,,20.84865,-1.63617,,,,,,
253.855,0.5000,0.5000,0.5000,0.5000,-81.73,67.29,0.877,,1,0,,,,,,21.07201,-1.65433,,,,,,
253.906,0.5000,0.5000,0.5000,0.5000,-85.02,66.76,0.846,,1,0,,,,,,21.16919,-1.64110,,,,,,
253.956,0.5000,0.5000,0.5000,0.5000,-79.44,66.95,0.851,,1,0,,,,,,21.03684,-1.59754,,,,,,
254.010,0.5000,0.5000,0.5000,0.5000,-87.77,68.16,0.855,,1,0,,,,,,21.00671,-1.59806,,,,,,
254.059,0.5000,0.5000,0.5000,0.5000,-31.19,65.94,0.843,,1,0,,,,,,21.02515,-1.57569,,,,,,
254.106,0.5000,0.5000,0.5000,0.5000,-81.11,66.42,0.837,,1,0,,,,,,20.93513,-1.56951,,,,,,
254.170,0.5000,0.5000,0.5000,0.5000,-80.23,67.20,0.846,,1,0,,,,,,21.06518,-1.56585,,,,,,
254.223,0.5000,0.5000,0.5000,0.5000,-81.56,67.29,0.842,,1,0,,,,,,21.03001,-1.55292,,,,,,
254.261,0.5000,0.5000,0.5000,0.5000,-89.69,68.06,0.897,,1,0,,,,,,20.98822,-1.56416,,,,,,
254.308,0.5000,0.5000,0.5000,0.5000,21.66,-79.78,1.052,,1,0,,,,,,20.33896,-1.69955,,,,,,
254.368,0.5000,0.5000,0.5000,0.5000,-82.10,66.86,1.087,,1,0,,,,,,20.30029,-1.69857,,,,,,
254.430,0.5000,0.5000,0.5000,0.5000,-85.02,67.56,1.078,,1,0,,,,,,20.37145,-1.69535,,,,,,
254.493,0.5000,0.5000,0.5000,0.5000,-82.25,67.33,1.025,,1,0,,,,,,20.50004,-1.70199,,,,,,
254.540,0.5000,0.5000,0.5000,0.5000,-17.48,67.95,1.026,,1,0,,,,,,20.22726,-1.65783,,,,,,
254.607,0.5000,0.5000,0.5000,0.5000,-18.34,68.44,1.023,,1,0,,,,,,20.16079,-1.64744,,,,,,
254.661,0.5000,0.5000,0.5000,0.5000,-80.63,67.75,1.026,,1,0,,,,,,20.16145,-1.64798,,,,,,
254.731,0.5000,0.5000,0.5000,0.5000,-82.25,66.89,1.042,,1,0,,,,,,20.21051,-1.63175,,,,,,
254.790,0.5000,0.5000,0.5000,0.5000,-80.31,67.02,1.066,,1,0,,,,,,20.41997,-1.64804,,,,,,
254.858,0.5000,0.5000,0.5000,0.5000,-18.92,69.76,1.060,,1,0,,,,,,20.63592,-1.65518,,,,,,
254.900,0.5000,0.5000,0.5000,0.5000,-79.80,67.15,0.988,,1,0,,,,,,20.68095,-1.65609,,,,,,
254.956,0.5000,0.5000,0.5000,0.5000,-82.56,66.74,0.623,,1,0,,,,,,21.76459,-1.64014,,,,,,
255.023,0.5000,0.5000,0.5000,0.5000,-84.02,67.70,0.529,,1,0,,,,,,22.40563,-1.65624,,,,,,
255.071,0.5000,0.5000,0.5000,0.5000,-82.83,67.17,0.612,,1,0,,,,,,21.77112,-1.65768,,,,,,
255.132,0.5000,0.5000,0.5000,0.5000,-81.86,67.12,0.681,,1,0,,,,,,20.98158,-1.63454,,,,,,
255.185,0.5000,0.5000,0.5000,0.5000,-81.77,67.44,0.703,,1,0,,,,,,20.91378,-1.63322,,,,,,
255.245,0.5000,0.5000,0.5000,0.5000,-88.98,67.06,0.720,,1,0,,,,,,20.60460,-1.66984,,,,,,
255.298,0.5000,0.5000,0.5000,0.5000,-78.06,67.05,0.797,,1,0,,,,,,20.78108,-1.70700,,,,,,
255.371,0.5000,0.5000,0.5000,0.5000,-79.87,66.29,0.912,,1,0,,,,,,20.66338,-1.75971,,,,,,
255.432,0.5000,0.5000,0.5000,0.5000,41.75,74.73,0.936,,1,0,,,,,,20.79187,-1.76653,,,,,,
255.481,0.5000,0.5000,0.5000,0.5000,-81.90,66.50,0.937,,1,0,,,,,,20.83936,-1.76654,,,,,,
255.536,0.5000,0.5000,0.5000,0.5000,41.38,74.87,0.975,,1,0,,,,,,20.96933,-1.77600,,,,,,
255.604,0.5000,0.5000,0.5000,0.5000,44.72,74.11,1.039,,1,0,,,,,,20.67668,-1.77741,,,,,,
255.672,0.5000,0.5000,0.5000,0.5000,-80.57,67.22,1.026,,1,0,,,,,,20.71722,-1.78479,,,,,,
255.733,0.5000,0.5000,0.5000,0.5000,27.39,-80.71,1.021,,1,0,,,,,,20.77699,-1.78904,,,,,,
255.797,0.5000,0.5000,0.5000,0.5000,-29.38,65.59,1.009,,1,0,,,,,,20.90842,-1.80409,,,,,,
255.848,0.5000,0.5000,0.5000,0.5000,-81.44,66.50,1.008,,1,0,,,,,,20.94477,-1.79686,,,,,,
255.907,0.5000,0.5000,0.5000,0.5000,-82.36,67.28,1.026,,1,0,,,,,,20.98840,-1.82054,,,,,,
255.967,0.5000,0.5000,0.5000,0.5000,-88.48,67.83,1.020,,1,0,,,,,,20.96520,-1.81601,,,,,,
256.022,0.5000,0.5000,0.5000,0.5000,-79.66,66.38,0.997,,1,0,,,,,,20.94074,-1.81589,,,,,,
256.079,0.5000,0.5000,0.5000,0.5000,-29.85,65.47,0.969,,1,0,,,,,,20.99525,-1.81653,,,,,,
256.149,0.5000,0.5000,0.5000,0.5000,70.62,69.66,0.921,,1,0,,,,,,20.98928,-1.81091,,,,,,
256.204,0.5000,0.5000,0.5000,0.5000,-29.37,65.58,0.921,,1,0,,,,,,21.07618,-1.83653,,,,,,
256.267,0.5000,0.5000,0.5000,0.5000,42.92,74.55,0.911,,1,0,,,,,,21.08216,-1.83466,,,,,,
256.326,0.5000,0.5000,0.5000,0.5000,-81.58,66.46,0.972,,1,0,,,,,,21.07068,-1.85000,,,,,,
256.406,0.5000,0.5000,0.5000,0.5000,44.52,74.45,0.955,,1,0,,,,,,21.39349,-1.86518,,,,,,
256.456,0.5000,0.5000,0.5000,0.5000,-24.85,64.66,0.969,,1,0,,,,,,21.48472,-1.87440,,,,,,
256.510,0.5000,0.5000,0.5000,0.5000,42.06,74.76,0.954,,1,0,,,,,,21.43499,-1.86849,,,,,,
256.566,0.5000,0.5000,0.5000,0.5000,27.30,-81.20,0.952,,1,0,,,,,,21.47515,-1.87216,,,,,,
256.637,0.5000,0.5000,0.5000,0.5000,28.76,-81.23,1.017,,1,0,,,,,,21.21605,-1.94067,,,,,,
256.698,0.5000,0.5000,0.5000,0.5000,42.00,74.74,1.038,,1,0,,,,,,21.22299,-1.94402,,,,,,
256.770,0.5000,0.5000,0.5000,0.5000,-80.99,66.36,1.032,,1,0,,,,,,21.32651,-1.96108,,,,,,
256.820,0.5000,0.5000,0.5000,0.5000,-79.58,66.36,1.034,,1,0,,,,,,21.38075,-1.96775,,,,,,
256.880,0.5000,0.5000,0.5000,0.5000,-80.72,67.42,1.009,,1,0,,,,,,21.32280,-1.98205,,,,,,
256.944,0.5000,0.5000,0.5000,0.5000,-85.08,67.65,1.011,,1,0,,,,,,21.16571,-1.96868,,,,,,
257.001,0.5000,0.5000,0.5000,0.5000,-85.00,66.82,1.029,,1,0,,,,,,20.97795,-1.95638,,,,,,
257.059,0.5000,0.5000,0.5000,0.5000,-81.60,66.33,1.011,,1,0,,,,,,21.01506,-1.95574,,,,,,
257.125,0.5000,0.5000,0.5000,0.5000,39.77,74.94,1.016,,1,0,,,,,,20.87994,-1.95338,,,,,,
257.187,0.5000,0.5000,0.5000,0.5000,44.18,74.34,1.017,,1,0,,,,,,20.86447,-1.94722,,,,,,
257.257,0.5000,0.5000,0.5000,0.5000,-30.32,65.60,0.995,,1,0,,,,,,20.89011,-1.97106,,,,,,
257.317,0.5000,0.5000,0.5000,0.5000,44.34,74.40,1.007,,1,0,,,,,,20.81670,-1.96985,,,,,,
257.380,0.5000,0.5000,0.5000,0.5000,41.80,74.80,1.052,,1,0,,,,,,20.70950,-1.97907,,,,,,
257.446,0.5000,0.5000,0.5000,0.5000,25.39,-80.14,1.037,,1,0,,,,,,20.54919,-1.95397,,,,,,
257.507,0.5000,0.5000,0.5000,0.5000,-87.48,68.05,1.036,,1,0,,,,,,20.32356,-1.91704,,,,,,
257.559,0.5000,0.5000,0.5000,0.5000,-23.72,64.80,0.955,,1,0,,,,,,20.26308,-1.88024,,,,,,
257.608,0.5000,0.5000,0.5000,0.5000,-80.13,67.18,0.938,,1,0,,,,,,20.31951,-1.89542,,,,,,
257.677,0.5000,0.5000,0.5000,0.5000,-79.15,66.34,0.941,,1,0,,,,,,20.29513,-1.89350,,,,,,
257.740,0.5000,0.5000,0.5000,0.5000,-85.54,67.74,0.911,,1,0,,,,,,20.28293,-1.85541,,,,,,
257.800,0.5000,0.5000,0.5000,0.5000,-27.06,64.78,0.895,,1,0,,,,,,20.16539,-1.83290,,,,,,
257.876,0.5000,0.5000,0.5000,0.5000,-86.84,67.67,0.878,,1,0,,,,,,20.18740,-1.80473,,,,,,
257.948,0.5000,0.5000,0.5000,0.5000,-85.45,67.57,0.846,,1,0,,,,,,20.18406,-1.77154,,,,,,
258.006,0.5000,0.5000,0.5000,0.5000,-27.40,64.90,0.874,,1,0,,,,,,20.31030,-1.78604,,,,,,
258.057,0.5000,0.5000,0.5000,0.5000,-84.63,67.51,0.863,,1,0,,,,,,19.98417,-1.70237,,,,,,
258.128,0.5000,0.5000,0.5000,0.5000,-82.09,67.42,0.879,,1,0,,,,,,19.76868,-1.69888,,,,,,
258.189,0.5000,0.5000,0.5000,0.5000,-9.86,43.82,0.855,,1,0,,,,,,19.94126,-1.69177,,,,,,
258.244,0.5000,0.5000,0.5000,0.5000,-81.08,67.19,0.856,,1,0,,,,,,19.88620,-1.69756,,,,,,
258.298,0.5000,0.5000,0.5000,0.5000,-78.95,66.30,0.868,,1,0,,,,,,19.78210,-1.69517,,,,,,
258.364,0.5000,0.5000,0.5000,0.5000,-31.85,65.95,0.864,,1,0,,,,,,19.89574,-1.69670,,,,,,
258.434,0.5000,0.5000,0.5000,0.5000,45.22,73.95,0.843,,1,0,,,,,,19.92975,-1.69586,,,,,,
258.486,0.5000,0.5000,0.5000,0.5000,42.08,74.59,0.867,,1,0,,,,,,19.98868,-1.72545,,,,,,
258.556,0.5000,0.5000,0.5000,0.5000,43.14,74.48,0.867,,1,0,,,,,,20.02112,-1.71767,,,,,,
258.637,0.5000,0.5000,0.5000,0.5000,11.03,-74.47,0.849,,1,0,,,,,,19.78836,-1.68200,,,,,,
258.696,0.5000,0.5000,0.5000,0.5000,37.73,75.06,0.855,,1,0,,,,,,19.93241,-1.72623,,,,,,
258.757,0.5000,0.5000,0.5000,0.5000,-81.35,67.34,0.850,,1,0,,,,,,19.94437,-1.72705,,,,,,
258.815,0.5000,0.5000,0.5000,0.5000,44.80,74.03,0.818,,1,0,,,,,,19.88979,-1.72690,,,,,,
258.885,0.5000,0.5000,0.5000,0.5000,44.76,73.99,0.846,,1,0,,,,,,19.78582,-1.74640,,,,,,
258.945,0.5000,0.5000,0.5000,0.5000,-75.33,65.69,0.832,,1,0,,,,,,19.75298,-1.74440,,,,,,
259.015,0.5000,0.5000,0.5000,0.5000,41.15,74.65,0.814,,1,0,,,,,,19.56455,-1.78380,,,,,,
259.073,0.5000,0.5000,0.5000,0.5000,39.69,74.97,0.846,,1,0,,,,,,19.52403,-1.79736,,,,,,
259.124,0.5000,0.5000,0.5000,0.5000,-29.33,65.67,0.849,,1,0,,,,,,19.47775,-1.79580,,,,,,
259.175,0.5000,0.5000,0.5000,0.5000,-81.53,67.34,0.855,,1,0,,,,,,19.30884,-1.81147,,,,,,
259.248,0.5000,0.5000,0.5000,0.5000,-77.85,67.41,0.848,,1,0,,,,,,19.16704,-1.79628,,,,,,
259.298,0.5000,0.5000,0.5000,0.5000,38.42,74.95,0.839,,1,0,,,,,,19.16529,-1.79572,,,,,,
259.353,0.5000,0.5000,0.5000,0.5000,38.96,74.89,0.833,,1,0,,,,,,19.22109,-1.78204,,,,,,
259.417,0.5000,0.5000,0.5000,0.5000,44.09,73.90,0.828,,1,0,,,,,,19.23751,-1.78843,,,,,,
259.479,0.5000,0.5000,0.5000,0.5000,11.44,-73.28,0.827,,1,0,,,,,,19.30041,-1.78552,,,,,,
259.539,0.5000,0.5000,0.5000,0.5000,-76.28,65.91,0.830,,1,0,,,,,,19.39350,-1.80538,,,,,,
259.606,0.5000,0.5000,0.5000,0.5000,11.51,-73.27,0.827,,1,0,,,,,,19.47147,-1.80999,,,,,,
259.686,0.5000,0.5000,0.5000,0.5000,-79.50,66.28,0.819,,1,0,,,,,,19.49400,-1.82437,,,,,,
259.759,0.5000,0.5000,0.5000,0.5000,-80.06,66.31,0.825,,1,0,,,,,,19.54441,-1.85933,,,,,,
259.827,0.5000,0.5000,0.5000,0.5000,-82.60,66.49,0.810,,1,0,,,,,,19.37517,-1.88335,,,,,,
259.888,0.5000,0.5000,0.5000,0.5000,-82.02,67.28,0.771,,1,0,,,,,,19.18776,-1.96118,,,,,,
259.957,0.5000,0.5000,0.5000,0.5000,-83.86,66.57,0.765,,1,0,,,,,,19.00118,-2.01938,,,,,,
260.015,0.5000,0.5000,0.5000,0.5000,10.90,-70.95,0.700,,1,0,,,,,,18.03412,-2.20868,,,,,,
260.071,0.5000,0.5000,0.5000,0.5000,-41.79,-70.33,0.686,,1,0,,,,,,18.17114,-2.31533,,,,,,
260.127,0.5000,0.5000,0.5000,0.5000,11.47,-70.23,0.661,,1,0,,,,,,18.33750,-2.35871,,,,,,
260.189,0.5000,0.5000,0.5000,0.5000,-3.24,-34.88,0.665,,1,0,,,,,,18.10479,-2.37884,,,,,,
260.256,0.5000,0.5000,0.5000,0.5000,23.04,-15.14,0.667,,1,0,,,,,,17.90875,-2.39907,,,,,,
260.318,0.5000,0.5000,0.5000,0.5000,-10.76,-36.81,0.675,,1,0,,,,,,18.28610,-2.48111,,,,,,
260.372,0.5000,0.5000,0.5000,0.5000,33.37,-16.68,0.698,,1,0,,,,,,18.28413,-2.47890,,,,,,
260.422,0.5000,0.5000,0.5000,0.5000,42.99,-28.29,0.712,,1,0,,,,,,18.30246,-2.47463,,,,,,
260.489,0.5000,0.5000,0.5000,0.5000,38.97,74.66,0.723,,1,0,,,,,,18.56085,-2.45146,,,,,,
260.544,0.5000,0.5000,0.5000,0.5000,-77.76,66.02,0.732,,1,0,,,,,,18.74254,-2.43039,,,,,,
260.592,0.5000,0.5000,0.5000,0.5000,-83.00,67.49,0.746,,1,0,,,,,,18.80500,-2.36380,,,,,,
260.649,0.5000,0.5000,0.5000,0.5000,-85.33,66.64,0.774,,1,0,,,,,,19.04482,-2.29853,,,,,,
260.698,0.5000,0.5000,0.5000,0.5000,-78.38,66.21,0.852,,1,0,,,,,,19.23725,-2.28655,,,,,,
260.760,0.5000,0.5000,0.5000,0.5000,-80.09,66.20,0.888,,1,0,,,,,,19.51142,-2.30311,,,,,,
260.828,0.5000,0.5000,0.5000,0.5000,-85.13,66.82,0.929,,1,0,,,,,,19.72520,-2.35584,,,,,,
260.884,0.5000,0.5000,0.5000,0.5000,-80.94,67.39,0.917,,1,0,,,,,,19.88385,-2.39694,,,,,,
260.947,0.5000,0.5000,0.5000,0.5000,-86.06,66.79,0.894,,1,0,,,,,,19.91896,-2.47540,,,,,,
261.004,0.5000,0.5000,0.5000,0.5000,-83.40,67.68,0.941,,1,0,,,,,,19.98332,-2.51719,,,,,,
261.052,0.5000,0.5000,0.5000,0.5000,41.68,74.27,1.011,,1,0,,,,,,20.02772,-2.56278,,,,,,
261.104,0.5000,0.5000,0.5000,0.5000,-31.36,65.97,0.955,,1,0,,,,,,19.80786,-2.55039,,,,,,
261.164,0.5000,0.5000,0.5000,0.5000,45.40,73.79,0.948,,1,0,,,,,,19.65560,-2.56616,,,,,,
261.206,0.5000,0.5000,0.5000,0.5000,1.13,-78.24,0.941,,1,0,,,,,,19.54793,-2.55443,,,,,,
261.275,0.5000,0.5000,0.5000,0.5000,-2.45,-76.52,0.702,,1,0,,,,,,19.37036,-2.48805,,,,,,
261.329,0.5000,0.5000,0.5000,0.5000,1.46,-47.40,0.514,,1,0,,,,,,20.03181,-2.39894,,,,,,
261.388,0.5000,0.5000,0.5000,0.5000,0.40,-46.60,0.498,,1,0,,,,,,19.54282,-2.34377,,,,,,
261.456,0.5000,0.5000,0.5000,0.5000,-2.97,-36.78,0.539,,1,0,,,,,,19.52429,-2.35630,,,,,,
261.527,0.5000,0.5000,0.5000,0.5000,-0.55,18.99,0.717,,1,0,,,,,,18.79072,-2.36019,,,,,,
261.595,0.5000,0.5000,0.5000,0.5000,-4.39,-70.87,0.792,,1,0,,,,,,18.05238,-2.34228,,,,,,
261.644,0.5000,0.5000,0.5000,0.5000,-15.70,-40.33,0.809,,1,0,,,,,,17.97759,-2.34866,,,,,,
261.712,0.5000,0.5000,0.5000,0.5000,-15.50,-40.38,0.798,,1,0,,,,,,17.86257,-2.34891,,,,,,
261.772,0.5000,0.5000,0.5000,0.5000,-15.35,-40.28,0.820,,1,0,,,,,,17.79277,-2.35987,,,,,,
261.829,0.5000,0.5000,0.5000,0.5000,-15.45,-40.09,0.829,,1,0,,,,,,17.68018,-2.35007,,,,,,
261.883,0.5000,0.5000,0.5000,0.5000,-1.29,22.42,0.821,,1,0,,,,,,17.47584,-2.34051,,,,,,
261.942,0.5000,0.5000,0.5000,0.5000,-5.02,-69.96,0.823,,1,0,,,,,,17.42232,-2.33832,,,,,,
261.990,0.5000,0.5000,0.5000,0.5000,-15.82,-39.71,0.820,,1,0,,,,,,17.39772,-2.33633,,,,,,
262.045,0.5000,0.5000,0.5000,0.5000,-15.78,-39.83,0.822,,1,0,,,,,,17.37807,-2.33559,,,,,,
262.100,0.5000,0.5000,0.5000,0.5000,-15.68,-39.79,0.828,,1,0,,,,,,17.33826,-2.32450,,,,,,
262.168,0.5000,0.5000,0.5000,0.5000,-15.42,-40.29,0.846,,1,0,,,,,,17.27353,-2.31779,,,,,,
262.212,0.5000,0.5000,0.5000,0.5000,-15.56,-40.16,0.824,,1,0,,,,,,17.41970,-2.31472,,,,,,
262.284,0.5000,0.5000,0.5000,0.5000,-1.48,17.67,0.830,,1,0,,,,,,17.38513,-2.32199,,,,,,
262.359,0.5000,0.5000,0.5000,0.5000,-1.47,17.00,0.838,,1,0,,,,,,17.43426,-2.32541,,,,,,
262.417,0.5000,0.5000,0.5000,0.5000,-1.77,18.39,0.835,,1,0,,,,,,17.35234,-2.31805,,,,,,
262.469,0.5000,0.5000,0.5000,0.5000,-15.70,-39.83,0.836,,1,0,,,,,,17.24622,-2.30999,,,,,,
262.536,0.5000,0.5000,0.5000,0.5000,-15.26,-33.59,0.834,,1,0,,,,,,17.21381,-2.31014,,,,,,
262.608,0.5000,0.5000,0.5000,0.5000,-6.00,-69.32,0.818,,1,0,,,,,,17.15000,-2.29502,,,,,,
262.664,0.5000,0.5000,0.5000,0.5000,-5.83,-69.19,0.828,,1,0,,,,,,16.99616,-2.26441,,,,,,
262.731,0.5000,0.5000,0.5000,0.5000,-5.94,-68.98,0.818,,1,0,,,,,,16.92554,-2.25232,,,,,,
262.782,0.5000,0.5000,0.5000,0.5000,-15.95,-38.86,0.809,,1,0,,,,,,17.03263,-2.26343,,,,,,
262.848,0.5000,0.5000,0.5000,0.5000,-16.17,-38.94,0.807,,1,0,,,,,,17.00240,-2.24818,,,,,,
262.910,0.5000,0.5000,0.5000,0.5000,-6.92,-69.42,0.798,,1,0,,,,,,17.16203,-2.25288,,,,,,
262.988,0.5000,0.5000,0.5000,0.5000,-16.44,-39.23,0.805,,1,0,,,,,,17.15766,-2.25091,,,,,,
263.043,0.5000,0.5000,0.5000,0.5000,-16.45,-39.15,0.808,,1,0,,,,,,17.03251,-2.24251,,,,,,
263.110,0.5000,0.5000,0.5000,0.5000,-16.47,-39.21,0.810,,1,0,,,,,,17.00369,-2.23559,,,,,,
263.172,0.5000,0.5000,0.5000,0.5000,-16.39,-39.16,0.808,,1,0,,,,,,16.97281,-2.24006,,,,,,
263.229,0.5000,0.5000,0.5000,0.5000,-16.23,-38.94,0.806,,1,0,,,,,,16.85042,-2.23259,,,,,,
263.294,0.5000,0.5000,0.5000,0.5000,-7.15,-69.11,0.812,,1,0,,,,,,16.81898,-2.22672,,,,,,
263.348,0.5000,0.5000,0.5000,0.5000,-6.98,-69.22,0.814,,1,0,,,,,,16.93582,-2.25183,,,,,,
263.403,0.5000,0.5000,0.5000,0.5000,-16.23,-39.10,0.810,,1,0,,,,,,16.93923,-2.24688,,,,,,
263.462,0.5000,0.5000,0.5000,0.5000,-15.74,-39.89,0.831,,1,0,,,,,,16.98996,-2.27258,,,,,,
263.528,0.5000,0.5000,0.5000,0.5000,-6.09,-70.78,0.847,,1,0,,,,,,17.35274,-2.30416,,,,,,
263.584,0.5000,0.5000,0.5000,0.5000,-5.63,-70.69,0.871,,1,0,,,,,,17.28539,-2.32561,,,,,,
263.640,0.5000,0.5000,0.5000,0.5000,-5.55,-70.54,0.873,,1,0,,,,,,17.40612,-2.33885,,,,,,
263.701,0.5000,0.5000,0.5000,0.5000,-5.45,-71.00,0.899,,1,0,,,,,,17.57396,-2.38087,,,,,,
263.771,0.5000,0.5000,0.5000,0.5000,-3.49,-71.73,0.897,,1,0,,,,,,17.86061,-2.45192,,,,,,
263.840,0.5000,0.5000,0.5000,0.5000,-1.72,23.05,0.971,,1,0,,,,,,17.53801,-2.45859,,,,,,
263.902,0.5000,0.5000,0.5000,0.5000,0.97,-73.39,0.964,,1,0,,,,,,18.24334,-2.60980,,,,,,
263.979,0.5000,0.5000,0.5000,0.5000,-13.38,-41.81,0.940,,1,0,,,,,,17.64468,-2.58161,,,,,,
264.030,0.5000,0.5000,0.5000,0.5000,-0.12,-72.15,0.913,,1,0,,,,,,17.46854,-2.57446,,,,,,
264.087,0.5000,0.5000,0.5000,0.5000,-2.45,18.02,0.892,,1,0,,,,,,17.62108,-2.74991,,,,,,
264.143,0.5000,0.5000,0.5000,0.5000,7.18,-38.82,0.886,,1,0,,,,,,17.92974,-2.79814,,,,,,
264.208,0.5000,0.5000,0.5000,0.5000,7.86,-39.61,0.911,,1,0,,,,,,17.80337,-2.83902,,,,,,
264.274,0.5000,0.5000,0.5000,0.5000,3.55,-72.91,0.903,,1,0,,,,,,17.94346,-2.88361,,,,,,
264.336,0.5000,0.5000,0.5000,0.5000,4.28,-72.88,0.904,,1,0,,,,,,17.98290,-2.88264,,,,,,
264.395,0.5000,0.5000,0.5000,0.5000,7.10,-74.07,0.905,,1,0,,,,,,18.06999,-2.95437,,,,,,
264.476,0.5000,0.5000,0.5000,0.5000,-2.83,-2.01,0.910,,1,0,,,,,,17.94583,-2.94207,,,,,,
264.547,0.5000,0.5000,0.5000,0.5000,-2.17,-28.25,0.927,,1,0,,,,,,18.34882,-3.01823,,,,,,
264.607,0.5000,0.5000,0.5000,0.5000,-12.38,-38.74,0.889,,1,0,,,,,,18.22131,-2.99468,,,,,,
264.664,0.5000,0.5000,0.5000,0.5000,9.59,-74.35,0.876,,1,0,,,,,,18.21423,-2.98775,,,,,,
264.734,0.5000,0.5000,0.5000,0.5000,34.41,-25.91,0.868,,1,0,,,,,,18.10986,-2.96001,,,,,,
264.798,0.5000,0.5000,0.5000,0.5000,0.36,-9.24,0.824,,1,0,,,,,,18.01789,-2.90865,,,,,,
264.856,0.5000,0.5000,0.5000,0.5000,36.18,74.56,0.837,,1,0,,,,,,18.05654,-2.91000,,,,,,
264.906,0.5000,0.5000,0.5000,0.5000,10.46,-74.49,0.905,,1,0,,,,,,17.96781,-2.91463,,,,,,
264.976,0.5000,0.5000,0.5000,0.5000,10.51,-74.09,0.861,,1,0,,,,,,18.02239,-2.91093,,,,,,
265.032,0.5000,0.5000,0.5000,0.5000,10.96,-73.39,0.807,,1,0,,,,,,17.85373,-2.85454,,,,,,
265.090,0.5000,0.5000,0.5000,0.5000,41.05,74.27,0.795,,1,0,,,,,,17.90665,-2.85755,,,,,,
265.162,0.5000,0.5000,0.5000,0.5000,38.24,74.64,0.809,,1,0,,,,,,17.87140,-2.84312,,,,,,
265.218,0.5000,0.5000,0.5000,0.5000,44.48,73.49,0.798,,1,0,,,,,,18.01718,-2.86399,,,,,,
265.284,0.5000,0.5000,0.5000,0.5000,36.03,74.69,0.778,,1,0,,,,,,18.08448,-2.88121,,,,,,
265.340,0.5000,0.5000,0.5000,0.5000,9.83,-73.60,0.767,,1,0,,,,,,18.34626,-2.88833,,,,,,
265.400,0.5000,0.5000,0.5000,0.5000,9.75,-73.70,0.769,,1,0,,,,,,18.29400,-2.86871,,,,,,
265.471,0.5000,0.5000,0.5000,0.5000,9.02,-73.82,0.769,,1,0,,,,,,18.36287,-2.85630,,,,,,
265.543,0.5000,0.5000,0.5000,0.5000,-4.97,-83.14,0.767,,1,0,,,,,,18.53416,-2.85949,,,,,,
265.592,0.5000,0.5000,0.5000,0.5000,7.91,-73.80,0.761,,1,0,,,,,,18.61636,-2.83185,,,,,,
265.678,0.5000,0.5000,0.5000,0.5000,8.02,-73.95,0.743,,1,0,,,,,,18.80364,-2.85293,,,,,,
265.746,0.5000,0.5000,0.5000,0.5000,8.07,-74.12,0.729,,1,0,,,,,,18.99810,-2.84131,,,,,,
265.795,0.5000,0.5000,0.5000,0.5000,8.11,-74.59,0.716,,1,0,,,,,,19.06218,-2.83574,,,,,,
265.870,0.5000,0.5000,0.5000,0.5000,44.88,73.58,0.723,,1,0,,,,,,19.17063,-2.79876,,,,,,
265.941,0.5000,0.5000,0.5000,0.5000,33.91,74.55,0.700,,1,0,,,,,,19.14075,-2.78743,,,,,,
266.014,0.5000,0.5000,0.5000,0.5000,39.50,74.53,0.716,,1,0,,,,,,19.13504,-2.75488,,,,,,
266.075,0.5000,0.5000,0.5000,0.5000,9.34,-74.59,0.696,,1,0,,,,,,19.34947,-2.75473,,,,,,
266.140,0.5000,0.5000,0.5000,0.5000,9.47,-74.63,0.706,,1,0,,,,,,19.37200,-2.76421,,,,,,
266.200,0.5000,0.5000,0.5000,0.5000,9.53,-74.75,0.706,,1,0,,,,,,19.29414,-2.75185,,,,,,
266.253,0.5000,0.5000,0.5000,0.5000,41.58,74.27,0.704,,1,0,,,,,,19.19301,-2.73668,,,,,,
266.320,0.5000,0.5000,0.5000,0.5000,9.14,-74.38,0.704,,1,0,,,,,,19.05350,-2.71272,,,,,,
266.360,0.5000,0.5000,0.5000,0.5000,46.50,73.51,0.707,,1,0,,,,,,18.93814,-2.69606,,,,,,
266.421,0.5000,0.5000,0.5000,0.5000,44.53,73.54,0.717,,1,0,,,,,,18.93407,-2.69609,,,,,,
266.467,0.5000,0.5000,0.5000,0.5000,9.31,-74.59,0.723,,1,0,,,,,,18.84315,-2.68673,,,,,,
266.532,0.5000,0.5000,0.5000,0.5000,36.74,74.73,0.722,,1,0,,,,,,18.86304,-2.68746,,,,,,
266.588,0.5000,0.5000,0.5000,0.5000,9.37,-74.62,0.720,,1,0,,,,,,18.89525,-2.68610,,,,,,
266.648,0.5000,0.5000,0.5000,0.5000,42.81,73.89,0.717,,1,0,,,,,,18.92145,-2.68126,,,,,,
266.705,0.5000,0.5000,0.5000,0.5000,34.60,74.91,0.708,,1,0,,,,,,18.92595,-2.67881,,,,,,
266.770,0.5000,0.5000,0.5000,0.5000,33.27,74.64,0.703,,1,0,,,,,,19.02713,-2.68210,,,,,,
266.828,0.5000,0.5000,0.5000,0.5000,9.40,-74.65,0.691,,1,0,,,,,,19.05924,-2.68525,,,,,,
266.893,0.5000,0.5000,0.5000,0.5000,8.33,-44.29,0.697,,1,0,,,,,,19.13682,-2.66542,,,,,,
266.958,0.5000,0.5000,0.5000,0.5000,41.39,74.28,0.683,,1,0,,,,,,19.20373,-2.63965,,,,,,
267.018,0.5000,0.5000,0.5000,0.5000,19.32,-35.79,0.680,,1,0,,,,,,19.21165,-2.64025,,,,,,
267.071,0.5000,0.5000,0.5000,0.5000,43.70,73.62,0.693,,1,0,,,,,,19.25716,-2.64176,,,,,,
267.128,0.5000,0.5000,0.5000,0.5000,41.99,74.14,0.672,,1,0,,,,,,19.22136,-2.62789,,,,,,
267.186,0.5000,0.5000,0.5000,0.5000,40.19,74.44,0.710,,1,0,,,,,,19.28098,-2.64204,,,,,,
267.243,0.5000,0.5000,0.5000,0.5000,38.27,74.70,0.713,,1,0,,,,,,19.42501,-2.63552,,,,,,
267.297,0.5000,0.5000,0.5000,0.5000,45.38,73.42,0.700,,1,0,,,,,,19.37551,-2.59414,,,,,,
267.360,0.5000,0.5000,0.5000,0.5000,41.65,74.23,0.755,,1,0,,,,,,19.56765,-2.61414,,,,,,
267.429,0.5000,0.5000,0.5000,0.5000,11.16,-75.72,0.741,,1,0,,,,,,19.44441,-2.58101,,,,,,
267.481,0.5000,0.5000,0.5000,0.5000,9.60,-74.76,0.707,,1,0,,,,,,19.34097,-2.53084,,,,,,
267.551,0.5000,0.5000,0.5000,0.5000,-13.20,-44.40,0.713,,1,0,,,,,,19.42168,-2.52033,,,,,,
267.628,0.5000,0.5000,0.5000,0.5000,-80.09,67.11,0.715,,1,0,,,,,,19.54621,-2.53401,,,,,,
267.688,0.5000,0.5000,0.5000,0.5000,-82.96,67.47,0.720,,1,0,,,,,,19.55367,-2.52386,,,,,,
267.740,0.5000,0.5000,0.5000,0.5000,-79.40,66.98,0.717,,1,0,,,,,,19.84904,-2.55075,,,,,,
267.806,0.5000,0.5000,0.5000,0.5000,-89.86,61.56,0.746,,1,0,,,,,,19.80946,-2.53985,,,,,,
267.877,0.5000,0.5000,0.5000,0.5000,-84.30,67.63,0.739,,1,0,,,,,,19.75945,-2.51541,,,,,,
267.948,0.5000,0.5000,0.5000,0.5000,-79.30,67.18,0.769,,1,0,,,,,,19.93603,-2.53624,,,,,,
268.000,0.5000,0.5000,0.5000,0.5000,43.90,73.86,0.754,,1,0,,,,,,19.86786,-2.52447,,,,,,
268.051,0.5000,0.5000,0.5000,0.5000,-86.58,66.87,0.738,,1,0,,,,,,19.60811,-2.50095,,,,,,
268.112,0.5000,0.5000,0.5000,0.5000,-80.24,67.24,0.744,,1,0,,,,,,19.68167,-2.50425,,,,,,
268.170,0.5000,0.5000,0.5000,0.5000,-79.91,66.96,0.731,,1,0,,,,,,19.50917,-2.48173,,,,,,
268.237,0.5000,0.5000,0.5000,0.5000,-26.07,64.97,0.736,,1,0,,,,,,19.56951,-2.49326,,,,,,
268.310,0.5000,0.5000,0.5000,0.5000,-85.81,68.35,0.865,,1,0,,,,,,19.17283,-2.50128,,,,,,
268.365,0.5000,0.5000,0.5000,0.5000,-80.42,67.02,0.904,,1,0,,,,,,18.79091,-2.49953,,,,,,
268.425,0.5000,0.5000,0.5000,0.5000,-80.98,66.71,0.904,,1,0,,,,,,18.84742,-2.53782,,,,,,
268.474,0.5000,0.5000,0.5000,0.5000,-31.13,66.02,0.928,,1,0,,,,,,18.89559,-2.57676,,,,,,
268.545,0.5000,0.5000,0.5000,0.5000,40.42,74.61,0.907,,1,0,,,,,,18.80271,-2.57107,,,,,,
268.619,0.5000,0.5000,0.5000,0.5000,-5.06,26.52,0.882,,1,0,,,,,,18.71558,-2.55562,,,,,,
268.674,0.5000,0.5000,0.5000,0.5000,15.72,-75.31,0.867,,1,0,,,,,,18.56902,-2.55374,,,,,,
268.734,0.5000,0.5000,0.5000,0.5000,35.48,74.83,0.860,,1,0,,,,,,18.58358,-2.55570,,,,,,
268.816,0.5000,0.5000,0.5000,0.5000,44.16,74.10,0.846,,1,0,,,,,,18.57142,-2.56018,,,,,,
268.868,0.5000,0.5000,0.5000,0.5000,43.56,73.95,0.846,,1,0,,,,,,18.63414,-2.56730,,,,,,
268.922,0.5000,0.5000,0.5000,0.5000,43.35,74.04,0.861,,1,0,,,,,,18.75467,-2.57987,,,,,,
268.995,0.5000,0.5000,0.5000,0.5000,40.00,74.69,0.840,,1,0,,,,,,18.93717,-2.56519,,,,,,
269.041,0.5000,0.5000,0.5000,0.5000,-80.61,67.12,0.834,,1,0,,,,,,18.81111,-2.60178,,,,,,
269.107,0.5000,0.5000,0.5000,0.5000,36.77,74.95,0.844,,1,0,,,,,,18.89584,-2.60991,,,,,,
269.163,0.5000,0.5000,0.5000,0.5000,45.62,73.80,0.821,,1,0,,,,,,18.81085,-2.59462,,,,,,
269.233,0.5000,0.5000,0.5000,0.5000,-80.40,67.33,0.828,,1,0,,,,,,18.75457,-2.59026,,,,,,
269.308,0.5000,0.5000,0.5000,0.5000,-78.04,66.24,0.831,,1,0,,,,,,18.75947,-2.59091,,,,,,
269.364,0.5000,0.5000,0.5000,0.5000,-86.42,67.85,0.834,,1,0,,,,,,18.80657,-2.59596,,,,,,
269.421,0.5000,0.5000,0.5000,0.5000,-79.81,67.12,0.830,,1,0,,,,,,18.83075,-2.59749,,,,,,
269.481,0.5000,0.5000,0.5000,0.5000,-24.71,65.08,0.806,,1,0,,,,,,18.70993,-2.58107,,,,,,
269.554,0.5000,0.5000,0.5000,0.5000,-81.66,67.35,0.801,,1,0,,,,,,18.72789,-2.59102,,,,,,
269.615,0.5000,0.5000,0.5000,0.5000,-81.23,66.43,0.819,,1,0,,,,,,18.68503,-2.60894,,,,,,
269.681,0.5000,0.5000,0.5000,0.5000,38.44,74.82,0.829,,1,0,,,,,,18.67402,-2.60612,,,,,,
269.748,0.5000,0.5000,0.5000,0.5000,43.96,73.96,0.850,,1,0,,,,,,18.71257,-2.62777,,,,,,
269.816,0.5000,0.5000,0.5000,0.5000,39.24,74.72,0.858,,1,0,,,,,,18.80072,-2.64263,,,,,,
269.883,0.5000,0.5000,0.5000,0.5000,45.57,73.35,0.853,,1,0,,,,,,18.75821,-2.63497,,,,,,
269.937,0.5000,0.5000,0.5000,0.5000,44.58,73.94,0.843,,1,0,,,,,,18.56467,-2.63826,,,,,,
270.010,0.5000,0.5000,0.5000,0.5000,-79.66,67.03,0.859,,1,0,,,,,,18.79272,-2.66930,,,,,,
270.072,0.5000,0.5000,0.5000,0.5000,-77.95,65.98,0.847,,1,0,,,,,,18.71532,-2.65435,,,,,,
270.134,0.5000,0.5000,0.5000,0.5000,-81.21,66.32,0.823,,1,0,,,,,,18.68625,-2.64912,,,,,,
270.192,0.5000,0.5000,0.5000,0.5000,-77.11,66.71,0.828,,1,0,,,,,,18.77524,-2.67131,,,,,,
270.253,0.5000,0.5000,0.5000,0.5000,-83.99,67.53,0.834,,1,0,,,,,,18.94195,-2.68157,,,,,,
270.320,0.5000,0.5000,0.5000,0.5000,-88.68,67.78,0.821,,1,0,,,,,,18.94922,-2.69339,,,,,,
270.381,0.5000,0.5000,0.5000,0.5000,-80.76,66.46,0.846,,1,0,,,,,,18.95816,-2.71850,,,,,,
270.444,0.5000,0.5000,0.5000,0.5000,-81.33,66.33,0.893,,1,0,,,,,,18.85584,-2.72400,,,,,,
270.512,0.5000,0.5000,0.5000,0.5000,-31.15,66.12,0.854,,1,0,,,,,,18.83827,-2.70309,,,,,,
270.574,0.5000,0.5000,0.5000,0.5000,-81.09,66.23,0.853,,1,0,,,,,,18.80915,-2.69358,,,,,,
270.633,0.5000,0.5000,0.5000,0.5000,-81.14,66.44,0.848,,1,0,,,,,,18.82764,-2.69228,,,,,,
270.688,0.5000,0.5000,0.5000,0.5000,14.84,-74.94,0.840,,1,0,,,,,,18.69911,-2.62473,,,,,,
270.750,0.5000,0.5000,0.5000,0.5000,76.62,-59.50,0.820,,1,0,,,,,,18.58058,-2.61547,,,,,,
270.805,0.5000,0.5000,0.5000,0.5000,39.05,74.72,0.815,,1,0,,,,,,18.60377,-2.61945,,,,,,
270.862,0.5000,0.5000,0.5000,0.5000,40.27,74.55,0.802,,1,0,,,,,,18.60138,-2.60883,,,,,,
270.929,0.5000,0.5000,0.5000,0.5000,-80.52,66.26,0.814,,1,0,,,,,,18.53866,-2.62047,,,,,,
270.985,0.5000,0.5000,0.5000,0.5000,-83.73,66.69,0.830,,1,0,,,,,,18.49839,-2.58622,,,,,,
271.044,0.5000,0.5000,0.5000,0.5000,-84.45,66.63,0.789,,1,0,,,,,,18.41427,-2.56861,,,,,,
271.109,0.5000,0.5000,0.5000,0.5000,-85.08,66.89,0.793,,1,0,,,,,,18.42052,-2.56956,,,,,,
271.181,0.5000,0.5000,0.5000,0.5000,-29.01,65.56,0.793,,1,0,,,,,,18.40798,-2.56710,,,,,,
271.244,0.5000,0.5000,0.5000,0.5000,-84.92,66.65,0.795,,1,0,,,,,,18.47830,-2.57662,,,,,,
271.296,0.5000,0.5000,0.5000,0.5000,41.27,74.33,0.801,,1,0,,,,,,18.55445,-2.58114,,,,,,
271.360,0.5000,0.5000,0.5000,0.5000,39.23,-80.82,0.784,,1,0,,,,,,18.52615,-2.57664,,,,,,
271.424,0.5000,0.5000,0.5000,0.5000,41.36,74.33,0.787,,1,0,,,,,,18.50580,-2.57039,,,,,,
271.504,0.5000,0.5000,0.5000,0.5000,39.93,74.53,0.809,,1,0,,,,,,18.56358,-2.58136,,,,,,
271.564,0.5000,0.5000,0.5000,0.5000,8.88,-74.33,0.819,,1,0,,,,,,18.52829,-2.57368,,,,,,
271.643,0.5000,0.5000,0.5000,0.5000,8.66,-74.12,0.819,,1,0,,,,,,18.60107,-2.57802,,,,,,
271.700,0.5000,0.5000,0.5000,0.5000,-3.22,25.24,0.822,,1,0,,,,,,18.63784,-2.56595,,,,,,
271.777,0.5000,0.5000,0.5000,0.5000,8.01,-74.04,0.821,,1,0,,,,,,18.63014,-2.56099,,,,,,
271.836,0.5000,0.5000,0.5000,0.5000,-3.21,25.27,0.823,,1,0,,,,,,18.88689,-2.55756,,,,,,
271.902,0.5000,0.5000,0.5000,0.5000,2.78,23.82,0.811,,1,0,,,,,,18.61990,-2.49466,,,,,,
271.960,0.5000,0.5000,0.5000,0.5000,8.80,-73.82,0.798,,1,0,,,,,,18.66413,-2.49933,,,,,,
272.022,0.5000,0.5000,0.5000,0.5000,8.69,-73.77,0.798,,1,0,,,,,,18.69015,-2.50355,,,,,,
272.076,0.5000,0.5000,0.5000,0.5000,-8.62,-34.41,0.793,,1,0,,,,,,18.59871,-2.47930,,,,,,
272.134,0.5000,0.5000,0.5000,0.5000,8.64,-74.10,0.798,,1,0,,,,,,18.60093,-2.48212,,,,,,
272.196,0.5000,0.5000,0.5000,0.5000,8.52,-74.02,0.791,,1,0,,,,,,18.58353,-2.47869,,,,,,
272.254,0.5000,0.5000,0.5000,0.5000,8.32,-74.01,0.786,,1,0,,,,,,18.68488,-2.48547,,,,,,
272.314,0.5000,0.5000,0.5000,0.5000,-46.81,-35.33,0.797,,1,0,,,,,,18.84126,-2.47046,,,,,,
272.365,0.5000,0.5000,0.5000,0.5000,-12.53,-4.72,0.762,,1,0,,,,,,18.85957,-2.45868,,,,,,
272.427,0.5000,0.5000,0.5000,0.5000,7.79,-74.02,0.752,,1,0,,,,,,19.02627,-2.44997,,,,,,
272.488,0.5000,0.5000,0.5000,0.5000,7.58,-73.85,0.741,,1,0,,,,,,19.04453,-2.44920,,,,,,
272.534,0.5000,0.5000,0.5000,0.5000,7.43,-73.98,0.741,,1,0,,,,,,19.02570,-2.44341,,,,,,
272.582,0.5000,0.5000,0.5000,0.5000,7.60,-74.06,0.768,,1,0,,,,,,18.92465,-2.42007,,,,,,
272.644,0.5000,0.5000,0.5000,0.5000,2.92,-42.58,0.756,,1,0,,,,,,19.10406,-2.42426,,,,,,
272.703,0.5000,0.5000,0.5000,0.5000,15.89,10.32,0.763,,1,0,,,,,,19.12951,-2.44042,,,,,,
272.781,0.5000,0.5000,0.5000,0.5000,6.40,-31.37,0.778,,1,0,,,,,,18.86032,-2.39079,,,,,,
272.838,0.5000,0.5000,0.5000,0.5000,89.51,-59.24,0.759,,1,0,,,,,,18.39465,-2.37199,,,,,,
272.919,0.5000,0.5000,0.5000,0.5000,2.34,-38.74,0.758,,1,0,,,,,,18.22601,-2.38919,,,,,,
272.991,0.5000,0.5000,0.5000,0.5000,-6.15,19.56,0.729,,1,0,,,,,,18.02339,-2.42021,,,,,,
273.053,0.5000,0.5000,0.5000,0.5000,-3.40,-25.98,0.720,,1,0,,,,,,17.95464,-2.42317,,,,,,
273.109,0.5000,0.5000,0.5000,0.5000,-84.68,34.15,0.717,,1,0,,,,,,17.92581,-2.42718,,,,,,
273.158,0.5000,0.5000,0.5000,0.5000,-68.56,-58.94,0.717,,1,0,,,,,,17.91480,-2.43026,,,,,,
273.214,0.5000,0.5000,0.5000,0.5000,-12.21,-24.43,0.714,,1,0,,,,,,17.88490,-2.42453,,,,,,
273.278,0.5000,0.5000,0.5000,0.5000,-5.95,0.23,0.711,,1,0,,,,,,17.74086,-2.41316,,,,,,
273.341,0.5000,0.5000,0.5000,0.5000,-3.89,20.69,0.718,,1,0,,,,,,17.59459,-2.37111,,,,,,
273.395,0.5000,0.5000,0.5000,0.5000,-12.30,-17.87,0.694,,1,0,,,,,,17.57372,-2.40803,,,,,,
273.450,0.5000,0.5000,0.5000,0.5000,-24.60,-39.47,0.724,,1,0,,,,,,17.52295,-2.45432,,,,,,
273.502,0.5000,0.5000,0.5000,0.5000,-2.78,-28.46,0.739,,1,0,,,,,,17.52970,-2.47757,,,,,,
273.561,0.5000,0.5000,0.5000,0.5000,-4.00,-39.46,0.740,,1,0,,,,,,17.60925,-2.49315,,,,,,
273.619,0.5000,0.5000,0.5000,0.5000,-15.12,-67.38,0.738,,1,0,,,,,,17.59111,-2.49221,,,,,,
273.681,0.5000,0.5000,0.5000,0.5000,6.38,-35.41,0.736,,1,0,,,,,,17.57153,-2.49119,,,,,,
273.724,0.5000,0.5000,0.5000,0.5000,-9.22,-34.37,0.729,,1,0,,,,,,17.59205,-2.49321,,,,,,
273.787,0.5000,0.5000,0.5000,0.5000,-11.74,-20.11,0.727,,1,0,,,,,,17.61394,-2.49859,,,,,,
273.836,0.5000,0.5000,0.5000,0.5000,-5.76,-15.68,0.736,,1,0,,,,,,17.60381,-2.49617,,,,,,
273.902,0.5000,0.5000,0.5000,0.5000,-33.88,-50.02,0.736,,1,0,,,,,,17.61687,-2.50162,,,,,,
273.940,0.5000,0.5000,0.5000,0.5000,-28.81,-59.13,0.735,,1,0,,,,,,17.60517,-2.49753,,,,,,
274.009,0.5000,0.5000,0.5000,0.5000,1.73,5.67,0.736,,1,0,,,,,,17.60068,-2.48852,,,,,,
274.075,0.5000,0.5000,0.5000,0.5000,24.56,-18.83,0.739,,1,0,,,,,,17.80648,-2.50719,,,,,,
274.132,0.5000,0.5000,0.5000,0.5000,7.66,-70.86,0.724,,1,0,,,,,,17.90531,-2.47087,,,,,,
274.185,0.5000,0.5000,0.5000,0.5000,-42.43,-23.85,0.715,,1,0,,,,,,17.87573,-2.46143,,,,,,
274.257,0.5000,0.5000,0.5000,0.5000,6.28,-68.69,0.718,,1,0,,,,,,17.78974,-2.44596,,,,,,
274.320,0.5000,0.5000,0.5000,0.5000,5.69,5.52,0.706,,1,0,,,,,,17.79678,-2.44387,,,,,,
274.359,0.5000,0.5000,0.5000,0.5000,-7.87,-32.51,0.705,,1,0,,,,,,17.75698,-2.41657,,,,,,
274.418,0.5000,0.5000,0.5000,0.5000,-8.77,-35.03,0.703,,1,0,,,,,,17.82170,-2.38181,,,,,,
274.478,0.5000,0.5000,0.5000,0.5000,-2.87,-23.92,0.717,,1,0,,,,,,17.72809,-2.35545,,,,,,
274.517,0.5000,0.5000,0.5000,0.5000,-33.58,-35.52,0.709,,1,0,,,,,,17.69917,-2.33579,,,,,,
274.568,0.5000,0.5000,0.5000,0.5000,9.72,-37.46,0.710,,1,0,,,,,,17.69148,-2.31903,,,,,,
274.632,0.5000,0.5000,0.5000,0.5000,-7.04,-20.12,0.715,,1,0,,,,,,17.69763,-2.31313,,,,,,
274.703,0.5000,0.5000,0.5000,0.5000,5.72,1.17,0.706,,1,0,,,,,,17.75038,-2.28598,,,,,,
274.771,0.5000,0.5000,0.5000,0.5000,-1.37,-29.06,0.718,,1,0,,,,,,17.74926,-2.25099,,,,,,
274.835,0.5000,0.5000,0.5000,0.5000,51.85,-2.61,0.725,,1,0,,,,,,18.02969,-2.22160,,,,,,
274.899,0.5000,0.5000,0.5000,0.5000,-3.67,-44.26,0.726,,1,0,,,,,,18.12988,-2.20343,,,,,,
274.966,0.5000,0.5000,0.5000,0.5000,-22.70,-55.34,0.739,,1,0,,,,,,18.14317,-2.17386,,,,,,
275.036,0.5000,0.5000,0.5000,0.5000,-12.06,-34.91,0.743,,1,0,,,,,,18.20182,-2.15599,,,,,,
275.090,0.5000,0.5000,0.5000,0.5000,-4.01,-24.36,0.770,,1,0,,,,,,18.17492,-2.11023,,,,,,
275.151,0.5000,0.5000,0.5000,0.5000,-4.58,-25.55,0.741,,1,0,,,,,,18.55610,-2.12742,,,,,,
275.199,0.5000,0.5000,0.5000,0.5000,3.39,-58.02,0.751,,1,0,,,,,,18.56812,-2.08508,,,,,,
275.258,0.5000,0.5000,0.5000,0.5000,-78.57,-50.05,0.745,,1,0,,,,,,18.76785,-2.09059,,,,,,
275.316,0.5000,0.5000,0.5000,0.5000,5.37,-74.46,0.830,,1,0,,,,,,19.62163,-1.98229,,,,,,
275.384,0.5000,0.5000,0.5000,0.5000,1.31,-45.62,0.768,,1,0,,,,,,19.55227,-1.89838,,,,,,
275.429,0.5000,0.5000,0.5000,0.5000,-2.29,-33.28,0.807,,1,0,,,,,,19.36293,-1.83336,,,,,,
275.499,0.5000,0.5000,0.5000,0.5000,4.25,-39.92,0.900,,1,0,,,,,,19.59374,-1.74930,,,,,,
275.560,0.5000,0.5000,0.5000,0.5000,1.79,-25.85,0.864,,1,0,,,,,,19.49872,-1.71230,,,,,,
275.630,0.5000,0.5000,0.5000,0.5000,8.02,-75.72,0.854,,1,0,,,,,,19.37187,-1.65577,,,,,,
275.703,0.5000,0.5000,0.5000,0.5000,-1.21,27.13,0.916,,1,0,,,,,,19.46759,-1.64299,,,,,,
275.750,0.5000,0.5000,0.5000,0.5000,-31.93,66.35,0.932,,1,0,,,,,,19.56522,-1.63574,,,,,,
275.810,0.5000,0.5000,0.5000,0.5000,44.89,73.38,0.949,,1,0,,,,,,19.64221,-1.63143,,,,,,
275.867,0.5000,0.5000,0.5000,0.5000,45.91,74.09,0.907,,1,0,,,,,,19.63857,-1.62083,,,,,,
275.933,0.5000,0.5000,0.5000,0.5000,-80.98,66.43,0.928,,1,0,,,,,,19.66192,-1.60436,,,,,,
275.995,0.5000,0.5000,0.5000,0.5000,39.95,74.86,0.943,,1,0,,,,,,19.70295,-1.60201,,,,,,
276.049,0.5000,0.5000,0.5000,0.5000,-31.15,66.09,0.942,,1,0,,,,,,19.79611,-1.60118,,,,,,
276.106,0.5000,0.5000,0.5000,0.5000,-87.98,67.66,0.920,,1,0,,,,,,19.75341,-1.59312,,,,,,
276.174,0.5000,0.5000,0.5000,0.5000,-31.21,66.10,0.921,,1,0,,,,,,19.64066,-1.56857,,,,,,
276.235,0.5000,0.5000,0.5000,0.5000,-79.04,67.00,0.913,,1,0,,,,,,19.68703,-1.55020,,,,,,
276.292,0.5000,0.5000,0.5000,0.5000,-79.87,67.22,0.919,,1,0,,,,,,19.68490,-1.55059,,,,,,
276.356,0.5000,0.5000,0.5000,0.5000,-26.95,65.01,0.945,,1,0,,,,,,19.51539,-1.57374,,,,,,
276.432,0.5000,0.5000,0.5000,0.5000,-78.50,66.13,0.950,,1,0,,,,,,19.42173,-1.56987,,,,,,
276.474,0.5000,0.5000,0.5000,0.5000,-79.78,67.05,0.956,,1,0,,,,,,19.41467,-1.56874,,,,,,
276.544,0.5000,0.5000,0.5000,0.5000,-81.52,66.62,0.976,,1,0,,,,,,19.46311,-1.57139,,,,,,
276.618,0.5000,0.5000,0.5000,0.5000,-82.36,66.58,0.972,,1,0,,,,,,19.38496,-1.56792,,,,,,
276.682,0.5000,0.5000,0.5000,0.5000,-78.59,66.21,0.978,,1,0,,,,,,19.37867,-1.56555,,,,,,
276.748,0.5000,0.5000,0.5000,0.5000,-79.82,67.17,0.939,,1,0,,,,,,19.31426,-1.55054,,,,,,
276.820,0.5000,0.5000,0.5000,0.5000,-77.70,66.38,0.934,,1,0,,,,,,19.29466,-1.58885,,,,,,
276.870,0.5000,0.5000,0.5000,0.5000,-80.66,67.08,0.943,,1,0,,,,,,19.40129,-1.58843,,,,,,
276.926,0.5000,0.5000,0.5000,0.5000,-79.70,67.05,0.927,,1,0,,,,,,19.70167,-1.59900,,,,,,
276.978,0.5000,0.5000,0.5000,0.5000,-81.13,67.13,0.974,,1,0,,,,,,19.59120,-1.59458,,,,,,
277.040,0.5000,0.5000,0.5000,0.5000,-88.57,67.14,0.977,,1,0,,,,,,19.60312,-1.58762,,,,,,
277.105,0.5000,0.5000,0.5000,0.5000,-79.44,66.35,0.955,,1,0,,,,,,19.60838,-1.57307,,,,,,
277.163,0.5000,0.5000,0.5000,0.5000,-80.17,67.17,0.949,,1,0,,,,,,19.53144,-1.57087,,,,,,
277.226,0.5000,0.5000,0.5000,0.5000,-79.16,67.06,0.917,,1,0,,,,,,19.50190,-1.56924,,,,,,
277.283,0.5000,0.5000,0.5000,0.5000,-29.41,65.54,0.891,,1,0,,,,,,19.61300,-1.55804,,,,,,
277.341,0.5000,0.5000,0.5000,0.5000,-79.67,66.91,0.867,,1,0,,,,,,19.66441,-1.55617,,,,,,
277.402,0.5000,0.5000,0.5000,0.5000,-79.82,66.53,0.855,,1,0,,,,,,19.89215,-1.55167,,,,,,
277.474,0.5000,0.5000,0.5000,0.5000,-82.14,66.55,0.832,,1,0,,,,,,19.79641,-1.52887,,,,,,
277.552,0.5000,0.5000,0.5000,0.5000,41.61,74.51,0.830,,1,0,,,,,,19.95103,-1.51996,,,,,,
277.633,0.5000,0.5000,0.5000,0.5000,37.40,75.04,0.779,,1,0,,,,,,19.94748,-1.48675,,,,,,
277.686,0.5000,0.5000,0.5000,0.5000,44.00,74.09,0.793,,1,0,,,,,,19.98988,-1.46378,,,,,,
277.758,0.5000,0.5000,0.5000,0.5000,42.99,74.26,0.791,,1,0,,,,,,19.96553,-1.45549,,,,,,
277.826,0.5000,0.5000,0.5000,0.5000,44.48,73.10,0.802,,1,0,,,,,,20.14944,-1.45117,,,,,,
277.872,0.5000,0.5000,0.5000,0.5000,43.67,74.39,0.801,,1,0,,,,,,20.03092,-1.42527,,,,,,
277.934,0.5000,0.5000,0.5000,0.5000,-84.78,67.40,0.803,,1,0,,,,,,19.94976,-1.42538,,,,,,
277.995,0.5000,0.5000,0.5000,0.5000,43.70,74.43,0.803,,1,0,,,,,,20.06881,-1.43373,,,,,,
278.056,0.5000,0.5000,0.5000,0.5000,9.41,-76.40,0.794,,1,0,,,,,,20.16055,-1.44138,,,,,,
278.117,0.5000,0.5000,0.5000,0.5000,-0.79,26.75,0.792,,1,0,,,,,,20.21890,-1.44338,,,,,,
278.163,0.5000,0.5000,0.5000,0.5000,9.93,-76.32,0.789,,1,0,,,,,,20.23065,-1.43885,,,,,,
278.225,0.5000,0.5000,0.5000,0.5000,37.46,75.05,0.793,,1,0,,,,,,20.16673,-1.44124,,,,,,
278.293,0.5000,0.5000,0.5000,0.5000,44.71,73.71,0.802,,1,0,,,,,,20.28538,-1.48257,,,,,,
278.356,0.5000,0.5000,0.5000,0.5000,43.71,74.25,0.834,,1,0,,,,,,20.18858,-1.50670,,,,,,
278.429,0.5000,0.5000,0.5000,0.5000,44.13,74.12,0.813,,1,0,,,,,,20.09584,-1.49743,,,,,,
278.499,0.5000,0.5000,0.5000,0.5000,-80.13,66.43,0.798,,1,0,,,,,,19.95148,-1.49138,,,,,,
278.560,0.5000,0.5000,0.5000,0.5000,-30.79,66.01,0.829,,1,0,,,,,,20.02756,-1.53457,,,,,,
278.614,0.5000,0.5000,0.5000,0.5000,-83.61,66.65,0.844,,1,0,,,,,,20.17530,-1.55746,,,,,,
278.686,0.5000,0.5000,0.5000,0.5000,41.08,74.71,0.852,,1,0,,,,,,20.36527,-1.58557,,,,,,
278.763,0.5000,0.5000,0.5000,0.5000,-79.19,66.92,0.869,,1,0,,,,,,20.45343,-1.59659,,,,,,
278.838,0.5000,0.5000,0.5000,0.5000,-79.90,66.29,0.910,,1,0,,,,,,20.57585,-1.59941,,,,,,
278.888,0.5000,0.5000,0.5000,0.5000,-81.18,67.33,0.879,,1,0,,,,,,20.23313,-1.60770,,,,,,
278.956,0.5000,0.5000,0.5000,0.5000,-27.26,65.02,0.840,,1,0,,,,,,19.85808,-1.60537,,,,,,
279.009,0.5000,0.5000,0.5000,0.5000,-80.06,67.36,0.871,,1,0,,,,,,19.49705,-1.60461,,,,,,
279.078,0.5000,0.5000,0.5000,0.5000,-80.75,67.05,0.878,,1,0,,,,,,19.55229,-1.61012,,,,,,
279.149,0.5000,0.5000,0.5000,0.5000,-26.76,65.01,0.860,,1,0,,,,,,19.41635,-1.68097,,,,,,
279.209,0.5000,0.5000,0.5000,0.5000,42.18,74.47,0.860,,1,0,,,,,,19.43152,-1.71487,,,,,,
279.277,0.5000,0.5000,0.5000,0.5000,-80.87,67.33,0.896,,1,0,,,,,,19.28016,-1.80671,,,,,,
279.340,0.5000,0.5000,0.5000,0.5000,-76.11,65.88,0.927,,1,0,,,,,,19.31876,-1.83605,,,,,,
279.396,0.5000,0.5000,0.5000,0.5000,-84.36,67.59,0.901,,1,0,,,,,,19.25488,-1.84528,,,,,,
279.451,0.5000,0.5000,0.5000,0.5000,-24.58,64.92,0.894,,1,0,,,,,,19.24005,-1.85034,,,,,,
279.506,0.5000,0.5000,0.5000,0.5000,-80.73,67.05,0.888,,1,0,,,,,,19.11411,-1.88752,,,,,,
279.560,0.5000,0.5000,0.5000,0.5000,-79.02,66.23,0.908,,1,0,,,,,,19.14382,-1.89593,,,,,,
279.630,0.5000,0.5000,0.5000,0.5000,-79.52,67.10,0.856,,1,0,,,,,,19.21836,-1.91010,,,,,,
279.690,0.5000,0.5000,0.5000,0.5000,-79.44,66.63,0.844,,1,0,,,,,,19.14768,-1.92087,,,,,,
279.758,0.5000,0.5000,0.5000,0.5000,-77.59,66.36,0.881,,1,0,,,,,,19.11423,-1.93047,,,,,,
279.812,0.5000,0.5000,0.5000,0.5000,-77.58,66.36,0.858,,1,0,,,,,,19.10984,-1.92617,,,,,,
279.879,0.5000,0.5000,0.5000,0.5000,-79.43,66.57,0.855,,1,0,,,,,,19.10589,-1.92409,,,,,,
279.948,0.5000,0.5000,0.5000,0.5000,-79.79,67.06,0.827,,1,0,,,,,,18.93704,-1.88642,,,,,,
280.016,0.5000,0.5000,0.5000,0.5000,-79.48,66.33,0.808,,1,0,,,,,,18.95332,-1.88595,,,,,,
280.075,0.5000,0.5000,0.5000,0.5000,-78.38,66.21,0.800,,1,0,,,,,,19.01053,-1.87975,,,,,,
280.134,0.5000,0.5000,0.5000,0.5000,-81.46,66.49,0.787,,1,0,,,,,,19.04935,-1.87267,,,,,,
280.203,0.5000,0.5000,0.5000,0.5000,-79.10,66.93,0.782,,1,0,,,,,,19.13151,-1.87572,,,,,,
280.264,0.5000,0.5000,0.5000,0.5000,-83.10,66.99,0.787,,1,0,,,,,,19.12314,-1.87180,,,,,,
280.322,0.5000,0.5000,0.5000,0.5000,-82.57,67.28,0.788,,1,0,,,,,,19.14227,-1.87511,,,,,,
280.388,0.5000,0.5000,0.5000,0.5000,-84.15,67.07,0.818,,1,0,,,,,,19.17867,-1.91074,,,,,,
280.450,0.5000,0.5000,0.5000,0.5000,-80.96,67.20,0.894,,1,0,,,,,,19.02024,-1.94931,,,,,,
280.516,0.5000,0.5000,0.5000,0.5000,-87.68,67.91,0.894,,1,0,,,,,,18.82464,-1.96248,,,,,,
280.564,0.5000,0.5000,0.5000,0.5000,-80.94,67.14,0.916,,1,0,,,,,,18.65700,-1.98763,,,,,,
280.633,0.5000,0.5000,0.5000,0.5000,40.84,74.63,0.910,,1,0,,,,,,18.78118,-2.04706,,,,,,
280.711,0.5000,0.5000,0.5000,0.5000,-79.81,67.13,0.889,,1,0,,,,,,18.76329,-2.12903,,,,,,
280.777,0.5000,0.5000,0.5000,0.5000,-80.28,67.04,0.865,,1,0,,,,,,18.70380,-2.12938,,,,,,
280.851,0.5000,0.5000,0.5000,0.5000,-79.57,66.28,0.859,,1,0,,,,,,18.76615,-2.18411,,,,,,
280.916,0.5000,0.5000,0.5000,0.5000,-77.87,66.33,0.848,,1,0,,,,,,18.71996,-2.20463,,,,,,
280.977,0.5000,0.5000,0.5000,0.5000,42.74,74.24,0.850,,1,0,,,,,,18.76680,-2.20347,,,,,,
281.047,0.5000,0.5000,0.5000,0.5000,41.14,74.62,0.839,,1,0,,,,,,18.85903,-2.23865,,,,,,
281.118,0.5000,0.5000,0.5000,0.5000,-24.95,65.04,0.855,,1,0,,,,,,18.98702,-2.28281,,,,,,
281.170,0.5000,0.5000,0.5000,0.5000,-27.56,65.18,0.862,,1,0,,,,,,19.04407,-2.29021,,,,,,
281.241,0.5000,0.5000,0.5000,0.5000,-26.34,65.18,0.875,,1,0,,,,,,18.98556,-2.29019,,,,,,
281.298,0.5000,0.5000,0.5000,0.5000,-80.08,66.65,0.924,,1,0,,,,,,19.13874,-2.30716,,,,,,
281.352,0.5000,0.5000,0.5000,0.5000,-79.11,67.23,0.876,,1,0,,,,,,19.10229,-2.29577,,,,,,
281.415,0.5000,0.5000,0.5000,0.5000,-81.20,66.51,0.844,,1,0,,,,,,19.04829,-2.27691,,,,,,
281.480,0.5000,0.5000,0.5000,0.5000,42.06,74.41,0.860,,1,0,,,,,,19.13510,-2.28201,,,,,,
281.553,0.5000,0.5000,0.5000,0.5000,38.46,74.85,0.844,,1,0,,,,,,19.13444,-2.24588,,,,,,
281.599,0.5000,0.5000,0.5000,0.5000,44.54,73.37,0.825,,1,0,,,,,,19.16221,-2.24399,,,,,,
281.656,0.5000,0.5000,0.5000,0.5000,40.26,74.73,0.832,,1,0,,,,,,19.28193,-2.25465,,,,,,
281.725,0.5000,0.5000,0.5000,0.5000,38.99,74.89,0.832,,1,0,,,,,,19.22439,-2.25475,,,,,,
281.775,0.5000,0.5000,0.5000,0.5000,45.51,73.72,0.838,,1,0,,,,,,19.26395,-2.27261,,,,,,
281.831,0.5000,0.5000,0.5000,0.5000,42.51,74.37,0.840,,1,0,,,,,,19.47690,-2.30055,,,,,,
281.905,0.5000,0.5000,0.5000,0.5000,37.59,74.95,0.840,,1,0,,,,,,18.98683,-2.27433,,,,,,
281.980,0.5000,0.5000,0.5000,0.5000,34.93,75.11,0.875,,1,0,,,,,,19.04686,-2.31620,,,,,,
282.045,0.5000,0.5000,0.5000,0.5000,43.42,74.41,0.881,,1,0,,,,,,19.02951,-2.32160,,,,,,
282.097,0.5000,0.5000,0.5000,0.5000,-82.35,66.26,0.872,,1,0,,,,,,19.01174,-2.33719,,,,,,
282.138,0.5000,0.5000,0.5000,0.5000,38.35,74.95,0.865,,1,0,,,,,,19.01016,-2.34180,,,,,,
282.206,0.5000,0.5000,0.5000,0.5000,38.80,74.78,0.822,,1,0,,,,,,18.89726,-2.33962,,,,,,
282.274,0.5000,0.5000,0.5000,0.5000,-78.71,66.25,0.849,,1,0,,,,,,18.94853,-2.37327,,,,,,
282.344,0.5000,0.5000,0.5000,0.5000,-80.38,67.17,0.827,,1,0,,,,,,18.94171,-2.34636,,,,,,
282.414,0.5000,0.5000,0.5000,0.5000,43.78,74.09,0.823,,1,0,,,,,,18.82485,-2.34706,,,,,,
282.485,0.5000,0.5000,0.5000,0.5000,-85.52,66.69,0.837,,1,0,,,,,,18.81951,-2.35308,,,,,,
282.540,0.5000,0.5000,0.5000,0.5000,-87.90,67.01,0.821,,1,0,,,,,,18.83892,-2.34909,,,,,,
282.605,0.5000,0.5000,0.5000,0.5000,-86.50,67.54,0.815,,1,0,,,,,,18.78679,-2.34304,,,,,,
282.662,0.5000,0.5000,0.5000,0.5000,38.20,74.94,0.837,,1,0,,,,,,18.72886,-2.35484,,,,,,
282.727,0.5000,0.5000,0.5000,0.5000,-84.77,66.75,0.854,,1,0,,,,,,18.78614,-2.35808,,,,,,
282.796,0.5000,0.5000,0.5000,0.5000,-89.70,68.14,0.850,,1,0,,,,,,18.89814,-2.34330,,,,,,
282.860,0.5000,0.5000,0.5000,0.5000,17.32,-75.02,0.833,,1,0,,,,,,18.99851,-2.33582,,,,,,
282.919,0.5000,0.5000,0.5000,0.5000,35.15,75.06,0.828,,1,0,,,,,,18.80309,-2.32435,,,,,,
282.980,0.5000,0.5000,0.5000,0.5000,-23.15,64.89,0.838,,1,0,,,,,,18.91166,-2.32370,,,,,,
283.031,0.5000,0.5000,0.5000,0.5000,38.32,74.80,0.823,,1,0,,,,,,18.95347,-2.32451,,,,,,
283.100,0.5000,0.5000,0.5000,0.5000,-81.43,66.44,0.792,,1,0,,,,,,18.88993,-2.30625,,,,,,
283.159,0.5000,0.5000,0.5000,0.5000,-82.22,66.50,0.816,,1,0,,,,,,18.81947,-2.32730,,,,,,
283.207,0.5000,0.5000,0.5000,0.5000,40.21,74.67,0.825,,1,0,,,,,,19.00708,-2.34169,,,,,,
283.280,0.5000,0.5000,0.5000,0.5000,-77.89,66.99,0.826,,1,0,,,,,,18.90870,-2.34110,,,,,,
283.357,0.5000,0.5000,0.5000,0.5000,-27.98,65.14,0.840,,1,0,,,,,,19.24120,-2.35646,,,,,,
283.421,0.5000,0.5000,0.5000,0.5000,-80.31,66.22,0.837,,1,0,,,,,,19.13667,-2.33049,,,,,,
283.483,0.5000,0.5000,0.5000,0.5000,-79.90,67.09,0.821,,1,0,,,,,,19.21503,-2.32712,,,,,,
283.561,0.5000,0.5000,0.5000,0.5000,-79.39,67.25,0.790,,1,0,,,,,,19.09449,-2.30584,,,,,,
283.624,0.5000,0.5000,0.5000,0.5000,-80.15,67.15,0.772,,1,0,,,,,,18.82865,-2.23207,,,,,,
283.684,0.5000,0.5000,0.5000,0.5000,-81.67,66.51,0.775,,1,0,,,,,,18.94988,-2.22162,,,,,,
283.746,0.5000,0.5000,0.5000,0.5000,-88.30,68.21,0.776,,1,0,,,,,,18.97796,-2.18215,,,,,,
283.816,0.5000,0.5000,0.5000,0.5000,-79.29,66.17,0.754,,1,0,,,,,,18.86234,-2.15380,,,,,,
283.882,0.5000,0.5000,0.5000,0.5000,-82.16,67.33,0.759,,1,0,,,,,,18.83841,-2.11685,,,,,,
283.958,0.5000,0.5000,0.5000,0.5000,-81.43,67.50,0.768,,1,0,,,,,,19.00167,-2.11586,,,,,,
284.038,0.5000,0.5000,0.5000,0.5000,-77.71,66.31,0.762,,1,0,,,,,,19.16769,-2.06066,,,,,,
284.097,0.5000,0.5000,0.5000,0.5000,-80.58,67.28,0.772,,1,0,,,,,,19.31892,-2.07296,,,,,,
284.168,0.5000,0.5000,0.5000,0.5000,-27.83,65.14,0.772,,1,0,,,,,,19.65015,-2.06981,,,,,,
284.238,0.5000,0.5000,0.5000,0.5000,-85.12,66.67,0.738,,1,0,,,,,,19.48305,-2.03970,,,,,,
284.308,0.5000,0.5000,0.5000,0.5000,40.66,74.62,0.717,,1,0,,,,,,19.41510,-2.00488,,,,,,
284.363,0.5000,0.5000,0.5000,0.5000,-30.06,65.80,0.728,,1,0,,,,,,19.28860,-1.95482,,,,,,
284.425,0.5000,0.5000,0.5000,0.5000,-24.03,64.90,0.713,,1,0,,,,,,19.37391,-1.96172,,,,,,
284.482,0.5000,0.5000,0.5000,0.5000,-79.48,66.37,0.708,,1,0,,,,,,19.56142,-1.98744,,,,,,
284.548,0.5000,0.5000,0.5000,0.5000,-89.18,67.17,0.707,,1,0,,,,,,19.65322,-2.00503,,,,,,
284.607,0.5000,0.5000,0.5000,0.5000,44.23,73.99,0.772,,1,0,,,,,,19.99806,-2.08230,,,,,,
284.682,0.5000,0.5000,0.5000,0.5000,-2.53,27.25,0.806,,1,0,,,,,,20.09365,-2.08141,,,,,,
284.762,0.5000,0.5000,0.5000,0.5000,14.53,-76.87,0.861,,1,0,,,,,,20.40572,-2.10870,,,,,,
284.826,0.5000,0.5000,0.5000,0.5000,14.71,-76.89,0.857,,1,0,,,,,,20.28740,-2.09816,,,,,,
284.878,0.5000,0.5000,0.5000,0.5000,13.90,-76.19,0.794,,1,0,,,,,,19.90200,-2.05771,,,,,,
284.928,0.5000,0.5000,0.5000,0.5000,-3.93,-34.12,0.780,,1,0,,,,,,19.91479,-2.07238,,,,,,
284.985,0.5000,0.5000,0.5000,0.5000,13.28,-75.98,0.801,,1,0,,,,,,19.89555,-2.07751,,,,,,
285.060,0.5000,0.5000,0.5000,0.5000,37.10,-84.19,0.845,,1,0,,,,,,20.00670,-2.11233,,,,,,
285.123,0.5000,0.5000,0.5000,0.5000,13.93,-76.83,0.850,,1,0,,,,,,20.31357,-2.11096,,,,,,
285.183,0.5000,0.5000,0.5000,0.5000,70.73,-83.43,0.822,,1,0,,,,,,20.11257,-2.10918,,,,,,
285.242,0.5000,0.5000,0.5000,0.5000,12.35,-75.38,0.785,,1,0,,,,,,19.59974,-2.05608,,,,,,
285.300,0.5000,0.5000,0.5000,0.5000,1.34,-39.99,0.795,,1,0,,,,,,19.49204,-2.05980,,,,,,
285.363,0.5000,0.5000,0.5000,0.5000,34.06,74.75,0.779,,1,0,,,,,,19.40662,-2.05426,,,,,,
285.430,0.5000,0.5000,0.5000,0.5000,41.61,74.57,0.781,,1,0,,,,,,19.33204,-2.04934,,,,,,
285.477,0.5000,0.5000,0.5000,0.5000,-81.24,67.42,0.806,,1,0,,,,,,19.35239,-2.05332,,,,,,
285.532,0.5000,0.5000,0.5000,0.5000,-87.71,66.92,0.807,,1,0,,,,,,19.34130,-2.04088,,,,,,
285.587,0.5000,0.5000,0.5000,0.5000,41.68,74.61,0.766,,1,0,,,,,,19.20524,-2.01822,,,,,,
285.632,0.5000,0.5000,0.5000,0.5000,40.51,74.78,0.764,,1,0,,,,,,19.03799,-2.01565,,,,,,
285.698,0.5000,0.5000,0.5000,0.5000,39.51,74.83,0.768,,1,0,,,,,,19.02029,-2.01336,,,,,,
285.763,0.5000,0.5000,0.5000,0.5000,44.53,73.78,0.769,,1,0,,,,,,19.03875,-2.01649,,,,,,
285.830,0.5000,0.5000,0.5000,0.5000,76.89,52.24,0.755,,1,0,,,,,,19.08473,-2.01022,,,,,,
285.889,0.5000,0.5000,0.5000,0.5000,-31.48,66.05,0.753,,1,0,,,,,,19.03536,-2.01088,,,,,,
285.956,0.5000,0.5000,0.5000,0.5000,-25.89,64.95,0.754,,1,0,,,,,,19.06005,-2.01306,,,,,,
286.015,0.5000,0.5000,0.5000,0.5000,-83.98,66.53,0.767,,1,0,,,,,,19.07021,-2.01875,,,,,,
286.087,0.5000,0.5000,0.5000,0.5000,-80.06,67.24,0.773,,1,0,,,,,,19.12750,-2.03062,,,,,,
286.158,0.5000,0.5000,0.5000,0.5000,-49.20,76.11,0.776,,1,0,,,,,,19.24016,-2.04084,,,,,,
286.217,0.5000,0.5000,0.5000,0.5000,-25.40,64.96,0.775,,1,0,,,,,,19.20768,-2.03972,,,,,,
286.275,0.5000,0.5000,0.5000,0.5000,39.65,74.78,0.778,,1,0,,,,,,19.37009,-2.07035,,,,,,
286.339,0.5000,0.5000,0.5000,0.5000,-79.46,66.50,0.783,,1,0,,,,,,19.34496,-2.06776,,,,,,
286.413,0.5000,0.5000,0.5000,0.5000,-82.30,66.53,0.781,,1,0,,,,,,19.42459,-2.10139,,,,,,
286.484,0.5000,0.5000,0.5000,0.5000,-79.56,67.22,0.782,,1,0,,,,,,19.23502,-2.07703,,,,,,
286.550,0.5000,0.5000,0.5000,0.5000,44.32,73.65,0.808,,1,0,,,,,,19.09297,-2.07420,,,,,,
286.612,0.5000,0.5000,0.5000,0.5000,-79.98,66.41,0.834,,1,0,,,,,,19.14705,-2.07589,,,,,,
286.690,0.5000,0.5000,0.5000,0.5000,-80.82,66.45,0.836,,1,0,,,,,,19.09743,-2.08411,,,,,,
286.747,0.5000,0.5000,0.5000,0.5000,-78.67,66.98,0.828,,1,0,,,,,,19.10559,-2.08933,,,,,,
286.810,0.5000,0.5000,0.5000,0.5000,-79.84,66.33,0.825,,1,0,,,,,,19.01226,-2.09485,,,,,,
286.875,0.5000,0.5000,0.5000,0.5000,-79.74,67.26,0.825,,1,0,,,,,,19.08203,-2.08842,,,,,,
286.929,0.5000,0.5000,0.5000,0.5000,-83.06,66.55,0.816,,1,0,,,,,,19.02027,-2.08235,,,,,,
286.994,0.5000,0.5000,0.5000,0.5000,-81.26,66.38,0.803,,1,0,,,,,,19.09541,-2.08521,,,,,,
287.063,0.5000,0.5000,0.5000,0.5000,-81.46,66.55,0.812,,1,0,,,,,,19.05893,-2.08600,,,,,,
287.122,0.5000,0.5000,0.5000,0.5000,-79.30,66.89,0.803,,1,0,,,,,,19.08102,-2.08662,,,,,,
287.171,0.5000,0.5000,0.5000,0.5000,-80.88,66.46,0.798,,1,0,,,,,,19.04155,-2.09375,,,,,,
287.234,0.5000,0.5000,0.5000,0.5000,-79.77,67.23,0.799,,1,0,,,,,,19.02642,-2.09238,,,,,,
287.280,0.5000,0.5000,0.5000,0.5000,-79.89,66.33,0.799,,1,0,,,,,,18.94997,-2.09018,,,,,,
287.333,0.5000,0.5000,0.5000,0.5000,-79.65,67.22,0.822,,1,0,,,,,,18.83202,-2.09042,,,,,,
287.408,0.5000,0.5000,0.5000,0.5000,-80.28,67.18,0.844,,1,0,,,,,,19.23477,-2.13107,,,,,,
287.483,0.5000,0.5000,0.5000,0.5000,-82.18,67.32,0.823,,1,0,,,,,,19.06243,-2.08970,,,,,,
287.545,0.5000,0.5000,0.5000,0.5000,-81.51,67.46,0.795,,1,0,,,,,,19.16477,-2.08652,,,,,,
287.619,0.5000,0.5000,0.5000,0.5000,-82.66,67.15,0.799,,1,0,,,,,,19.15903,-2.08380,,,,,,
287.686,0.5000,0.5000,0.5000,0.5000,-81.86,66.52,0.815,,1,0,,,,,,19.19811,-2.11076,,,,,,
287.748,0.5000,0.5000,0.5000,0.5000,-77.80,66.35,0.837,,1,0,,,,,,19.42245,-2.13173,,,,,,
287.806,0.5000,0.5000,0.5000,0.5000,-82.03,67.35,0.825,,1,0,,,,,,19.49383,-2.12693,,,,,,
287.864,0.5000,0.5000,0.5000,0.5000,-81.99,66.67,0.816,,1,0,,,,,,19.39762,-2.08583,,,,,,
287.934,0.5000,0.5000,0.5000,0.5000,-89.91,68.01,0.811,,1,0,,,,,,19.40854,-2.07834,,,,,,
288.003,0.5000,0.5000,0.5000,0.5000,-78.99,66.43,0.816,,1,0,,,,,,19.39099,-2.07154,,,,,,
288.059,0.5000,0.5000,0.5000,0.5000,-79.32,67.07,0.809,,1,0,,,,,,19.38088,-2.06572,,,,,,
288.135,0.5000,0.5000,0.5000,0.5000,-88.91,67.13,0.798,,1,0,,,,,,19.25628,-2.04885,,,,,,
288.201,0.5000,0.5000,0.5000,0.5000,-79.41,66.57,0.790,,1,0,,,,,,19.28028,-2.05238,,,,,,
288.248,0.5000,0.5000,0.5000,0.5000,-89.08,67.16,0.814,,1,0,,,,,,19.27614,-2.05916,,,,,,
288.291,0.5000,0.5000,0.5000,0.5000,-80.51,66.23,0.808,,1,0,,,,,,19.25629,-2.05838,,,,,,
288.343,0.5000,0.5000,0.5000,0.5000,-79.35,67.01,0.806,,1,0,,,,,,19.26520,-2.05650,,,,,,
288.399,0.5000,0.5000,0.5000,0.5000,-79.39,67.02,0.809,,1,0,,,,,,19.27016,-2.05571,,,,,,
288.478,0.5000,0.5000,0.5000,0.5000,-81.56,66.46,0.799,,1,0,,,,,,19.22774,-2.07054,,,,,,
288.538,0.5000,0.5000,0.5000,0.5000,-78.77,66.22,0.808,,1,0,,,,,,19.45835,-2.07713,,,,,,
288.608,0.5000,0.5000,0.5000,0.5000,-31.30,66.02,0.811,,1,0,,,,,,19.50127,-2.08470,,,,,,
288.682,0.5000,0.5000,0.5000,0.5000,-85.77,66.64,0.810,,1,0,,,,,,19.56220,-2.09307,,,,,,
288.749,0.5000,0.5000,0.5000,0.5000,-79.38,67.07,0.810,,1,0,,,,,,19.47913,-2.07799,,,,,,
288.820,0.5000,0.5000,0.5000,0.5000,-79.41,67.11,0.814,,1,0,,,,,,19.47270,-2.07550,,,,,,
288.888,0.5000,0.5000,0.5000,0.5000,-82.73,66.72,0.837,,1,0,,,,,,19.49953,-2.11125,,,,,,
288.946,0.5000,0.5000,0.5000,0.5000,-79.40,66.25,0.841,,1,0,,,,,,19.62005,-2.11664,,,,,,
289.007,0.5000,0.5000,0.5000,0.5000,-79.55,67.12,0.838,,1,0,,,,,,19.54743,-2.11510,,,,,,
289.074,0.5000,0.5000,0.5000,0.5000,-79.59,66.30,0.832,,1,0,,,,,,19.44204,-2.08767,,,,,,
289.140,0.5000,0.5000,0.5000,0.5000,-81.36,66.46,0.829,,1,0,,,,,,19.30587,-2.09055,,,,,,
289.207,0.5000,0.5000,0.5000,0.5000,-79.31,66.26,0.835,,1,0,,,,,,19.34031,-2.11310,,,,,,
289.272,0.5000,0.5000,0.5000,0.5000,-85.55,67.68,0.834,,1,0,,,,,,19.31543,-2.10702,,,,,,
289.342,0.5000,0.5000,0.5000,0.5000,-79.43,67.05,0.831,,1,0,,,,,,19.28568,-2.10514,,,,,,
289.410,0.5000,0.5000,0.5000,0.5000,-82.83,67.60,0.828,,1,0,,,,,,19.26891,-2.10307,,,,,,
289.470,0.5000,0.5000,0.5000,0.5000,-85.81,67.73,0.849,,1,0,,,,,,19.37514,-2.09366,,,,,,
289.529,0.5000,0.5000,0.5000,0.5000,-87.84,67.00,0.858,,1,0,,,,,,19.52508,-2.09161,,,,,,
289.587,0.5000,0.5000,0.5000,0.5000,-81.85,66.91,0.847,,1,0,,,,,,19.58380,-2.08859,,,,,,
289.654,0.5000,0.5000,0.5000,0.5000,-81.29,66.45,0.853,,1,0,,,,,,19.60976,-2.09068,,,,,,
289.727,0.5000,0.5000,0.5000,0.5000,-26.17,65.00,0.868,,1,0,,,,,,19.62486,-2.09167,,,,,,
289.787,0.5000,0.5000,0.5000,0.5000,-85.71,67.40,0.865,,1,0,,,,,,19.67510,-2.09870,,,,,,
289.845,0.5000,0.5000,0.5000,0.5000,-81.23,67.21,0.840,,1,0,,,,,,19.51110,-2.05708,,,,,,
289.900,0.5000,0.5000,0.5000,0.5000,-81.22,66.75,0.822,,1,0,,,,,,19.45844,-2.05323,,,,,,
289.972,0.5000,0.5000,0.5000,0.5000,-77.11,66.07,0.815,,1,0,,,,,,19.37184,-2.05594,,,,,,
290.040,0.5000,0.5000,0.5000,0.5000,-79.46,67.07,0.820,,1,0,,,,,,19.61596,-2.06863,,,,,,
290.104,0.5000,0.5000,0.5000,0.5000,-81.54,66.96,0.820,,1,0,,,,,,19.60121,-2.07577,,,,,,
290.164,0.5000,0.5000,0.5000,0.5000,-77.03,66.92,0.832,,1,0,,,,,,19.59066,-2.06826,,,,,,
290.223,0.5000,0.5000,0.5000,0.5000,-31.39,66.07,0.825,,1,0,,,,,,19.61596,-2.05531,,,,,,
290.268,0.5000,0.5000,0.5000,0.5000,-81.25,67.26,0.810,,1,0,,,,,,19.58702,-2.05365,,,,,,
290.327,0.5000,0.5000,0.5000,0.5000,-83.46,66.67,0.802,,1,0,,,,,,19.44710,-2.02759,,,,,,
290.394,0.5000,0.5000,0.5000,0.5000,-85.25,67.55,0.797,,1,0,,,,,,19.50122,-2.05847,,,,,,
290.468,0.5000,0.5000,0.5000,0.5000,-79.87,66.36,0.823,,1,0,,,,,,19.51542,-2.06195,,,,,,
290.528,0.5000,0.5000,0.5000,0.5000,-78.40,66.17,0.822,,1,0,,,,,,19.47014,-2.06011,,,,,,
290.592,0.5000,0.5000,0.5000,0.5000,-81.02,66.47,0.793,,1,0,,,,,,19.50708,-2.04705,,,,,,
290.660,0.5000,0.5000,0.5000,0.5000,-82.67,67.34,0.759,,1,0,,,,,,19.40890,-2.03678,,,,,,
290.721,0.5000,0.5000,0.5000,0.5000,-78.89,66.95,0.775,,1,0,,,,,,19.40619,-2.06644,,,,,,
290.754,0.5000,0.5000,0.5000,0.5000,-79.45,66.56,0.811,,1,0,,,,,,19.59519,-2.08652,,,,,,
290.824,0.5000,0.5000,0.5000,0.5000,-24.64,64.92,0.810,,1,0,,,,,,19.53804,-2.07827,,,,,,
290.904,0.5000,0.5000,0.5000,0.5000,-79.23,66.23,0.780,,1,0,,,,,,19.49543,-2.05933,,,,,,
290.968,0.5000,0.5000,0.5000,0.5000,-79.98,67.24,0.776,,1,0,,,,,,19.45583,-2.05705,,,,,,
291.010,0.5000,0.5000,0.5000,0.5000,-79.92,67.25,0.832,,1,0,,,,,,19.68515,-2.10356,,,,,,
291.078,0.5000,0.5000,0.5000,0.5000,44.34,73.67,0.804,,1,0,,,,,,19.74876,-2.10657,,,,,,
291.130,0.5000,0.5000,0.5000,0.5000,41.01,74.64,0.828,,1,0,,,,,,19.93374,-2.11834,,,,,,
291.190,0.5000,0.5000,0.5000,0.5000,41.58,74.48,0.795,,1,0,,,,,,19.80366,-2.09644,,,,,,
291.247,0.5000,0.5000,0.5000,0.5000,-32.45,64.78,0.814,,1,0,,,,,,20.07829,-2.10202,,,,,,
291.313,0.5000,0.5000,0.5000,0.5000,-79.34,67.02,0.788,,1,0,,,,,,19.86306,-2.04320,,,,,,
291.362,0.5000,0.5000,0.5000,0.5000,44.03,74.61,0.771,,1,0,,,,,,19.74822,-2.01907,,,,,,
291.407,0.5000,0.5000,0.5000,0.5000,43.62,74.54,0.749,,1,0,,,,,,19.65302,-2.00101,,,,,,
291.480,0.5000,0.5000,0.5000,0.5000,45.36,72.99,0.755,,1,0,,,,,,19.71351,-2.00896,,,,,,
291.534,0.5000,0.5000,0.5000,0.5000,-85.24,66.47,0.759,,1,0,,,,,,19.68243,-2.02423,,,,,,
291.588,0.5000,0.5000,0.5000,0.5000,-82.98,67.38,0.783,,1,0,,,,,,19.74288,-2.04382,,,,,,
291.650,0.5000,0.5000,0.5000,0.5000,-81.75,67.10,0.828,,1,0,,,,,,19.71940,-2.04272,,,,,,
291.713,0.5000,0.5000,0.5000,0.5000,-31.22,65.98,0.824,,1,0,,,,,,19.37530,-2.03197,,,,,,
291.778,0.5000,0.5000,0.5000,0.5000,-83.23,66.74,0.813,,1,0,,,,,,19.25400,-2.03164,,,,,,
291.834,0.5000,0.5000,0.5000,0.5000,-81.06,67.38,0.822,,1,0,,,,,,19.37808,-2.05467,,,,,,
291.896,0.5000,0.5000,0.5000,0.5000,-83.19,66.59,0.807,,1,0,,,,,,19.35799,-2.05963,,,,,,
291.944,0.5000,0.5000,0.5000,0.5000,-30.41,65.87,0.822,,1,0,,,,,,19.25900,-2.08746,,,,,,
292.007,0.5000,0.5000,0.5000,0.5000,-31.14,65.98,0.880,,1,0,,,,,,19.31768,-2.09837,,,,,,
292.070,0.5000,0.5000,0.5000,0.5000,42.32,74.37,0.816,,1,0,,,,,,19.23797,-2.03769,,,,,,
292.142,0.5000,0.5000,0.5000,0.5000,-85.52,67.62,0.778,,1,0,,,,,,19.24429,-2.02185,,,,,,
292.204,0.5000,0.5000,0.5000,0.5000,-79.49,66.48,0.781,,1,0,,,,,,19.25665,-2.02448,,,,,,
292.262,0.5000,0.5000,0.5000,0.5000,-79.10,66.47,0.778,,1,0,,,,,,19.50208,-2.04099,,,,,,
292.322,0.5000,0.5000,0.5000,0.5000,42.66,74.41,0.774,,1,0,,,,,,19.34905,-2.02994,,,,,,
292.380,0.5000,0.5000,0.5000,0.5000,47.12,73.39,0.770,,1,0,,,,,,19.30580,-2.02379,,,,,,
292.442,0.5000,0.5000,0.5000,0.5000,39.42,74.81,0.773,,1,0,,,,,,19.37846,-2.01670,,,,,,
292.480,0.5000,0.5000,0.5000,0.5000,-79.56,66.34,0.778,,1,0,,,,,,19.46952,-2.05656,,,,,,
292.546,0.5000,0.5000,0.5000,0.5000,42.28,74.44,0.782,,1,0,,,,,,19.67424,-2.07204,,,,,,
292.606,0.5000,0.5000,0.5000,0.5000,-81.00,67.37,0.793,,1,0,,,,,,19.58199,-2.07421,,,,,,
292.657,0.5000,0.5000,0.5000,0.5000,-84.51,67.77,0.806,,1,0,,,,,,19.65870,-2.07347,,,,,,
292.730,0.5000,0.5000,0.5000,0.5000,45.99,74.04,0.767,,1,0,,,,,,19.48141,-2.06442,,,,,,
292.780,0.5000,0.5000,0.5000,0.5000,-88.20,67.04,0.781,,1,0,,,,,,19.32931,-2.09228,,,,,,
292.847,0.5000,0.5000,0.5000,0.5000,-31.32,66.60,0.818,,1,0,,,,,,19.33400,-2.08766,,,,,,
292.906,0.5000,0.5000,0.5000,0.5000,46.69,73.46,0.808,,1,0,,,,,,19.25252,-2.06929,,,,,,
292.979,0.5000,0.5000,0.5000,0.5000,-84.18,67.53,0.789,,1,0,,,,,,19.19272,-2.05477,,,,,,
293.038,0.5000,0.5000,0.5000,0.5000,-88.28,67.98,0.775,,1,0,,,,,,19.38608,-2.08672,,,,,,
293.087,0.5000,0.5000,0.5000,0.5000,-81.76,67.36,0.830,,1,0,,,,,,19.72806,-2.11934,,,,,,
293.141,0.5000,0.5000,0.5000,0.5000,-80.47,67.35,0.831,,1,0,,,,,,19.79977,-2.12285,,,,,,
293.215,0.5000,0.5000,0.5000,0.5000,-86.20,67.85,0.807,,1,0,,,,,,19.63263,-2.10876,,,,,,
293.288,0.5000,0.5000,0.5000,0.5000,-81.35,66.32,0.770,,1,0,,,,,,19.56957,-2.10674,,,,,,
293.358,0.5000,0.5000,0.5000,0.5000,-30.45,66.02,0.768,,1,0,,,,,,19.59686,-2.11266,,,,,,
293.419,0.5000,0.5000,0.5000,0.5000,-79.88,67.27,0.778,,1,0,,,,,,19.53863,-2.08886,,,,,,
293.494,0.5000,0.5000,0.5000,0.5000,-80.71,66.51,0.770,,1,0,,,,,,19.40712,-2.07535,,,,,,
293.561,0.5000,0.5000,0.5000,0.5000,-79.59,67.10,0.774,,1,0,,,,,,19.36459,-2.06737,,,,,,
293.635,0.5000,0.5000,0.5000,0.5000,-79.63,66.36,0.768,,1,0,,,,,,19.28496,-2.06716,,,,,,
293.706,0.5000,0.5000,0.5000,0.5000,41.82,74.44,0.767,,1,0,,,,,,19.37171,-2.05866,,,,,,
293.756,0.5000,0.5000,0.5000,0.5000,-79.75,66.17,0.744,,1,0,,,,,,19.27024,-2.04937,,,,,,
293.811,0.5000,0.5000,0.5000,0.5000,-30.32,65.91,0.747,,1,0,,,,,,19.42362,-2.08458,,,,,,
293.867,0.5000,0.5000,0.5000,0.5000,-81.04,66.36,0.757,,1,0,,,,,,19.35031,-2.05105,,,,,,
293.915,0.5000,0.5000,0.5000,0.5000,-79.12,66.24,0.750,,1,0,,,,,,19.37106,-2.05155,,,,,,
293.978,0.5000,0.5000,0.5000,0.5000,-79.37,66.26,0.787,,1,0,,,,,,19.54352,-2.06668,,,,,,
294.044,0.5000,0.5000,0.5000,0.5000,-80.86,66.47,0.831,,1,0,,,,,,19.76491,-2.10545,,,,,,
294.104,0.5000,0.5000,0.5000,0.5000,40.85,74.53,0.800,,1,0,,,,,,19.37978,-2.06191,,,,,,
294.174,0.5000,0.5000,0.5000,0.5000,-77.80,66.40,0.785,,1,0,,,,,,19.26838,-2.04188,,,,,,
294.230,0.5000,0.5000,0.5000,0.5000,-11.31,-42.47,0.823,,1,0,,,,,,19.08465,-2.05186,,,,,,
294.291,0.5000,0.5000,0.5000,0.5000,-11.37,54.96,0.957,,1,0,,,,,,18.81190,-2.17010,,,,,,
294.339,0.5000,0.5000,0.5000,0.5000,-77.78,66.08,0.985,,1,0,,,,,,18.71763,-2.16482,,,,,,
294.400,0.5000,0.5000,0.5000,0.5000,-12.18,48.27,1.022,,1,0,,,,,,18.61746,-2.15215,,,,,,
294.454,0.5000,0.5000,0.5000,0.5000,-10.32,44.56,1.007,,1,0,,,,,,18.71960,-2.17347,,,,,,
294.511,0.5000,0.5000,0.5000,0.5000,-81.26,67.37,1.007,,1,0,,,,,,18.41863,-2.15133,,,,,,
294.568,0.5000,0.5000,0.5000,0.5000,-78.99,67.14,1.009,,1,0,,,,,,18.45746,-2.14875,,,,,,
294.644,0.5000,0.5000,0.5000,0.5000,-85.40,66.73,1.018,,1,0,,,,,,18.45291,-2.14637,,,,,,
294.712,0.5000,0.5000,0.5000,0.5000,12.47,-33.63,0.970,,1,0,,,,,,18.36731,-2.12580,,,,,,
294.781,0.5000,0.5000,0.5000,0.5000,-83.47,67.10,0.897,,1,0,,,,,,18.65708,-2.10795,,,,,,
294.838,0.5000,0.5000,0.5000,0.5000,-81.62,67.24,0.861,,1,0,,,,,,18.78851,-2.09978,,,,,,
294.896,0.5000,0.5000,0.5000,0.5000,-79.02,66.64,0.857,,1,0,,,,,,18.79911,-2.09285,,,,,,
294.962,0.5000,0.5000,0.5000,0.5000,-83.21,66.88,0.849,,1,0,,,,,,18.96295,-2.14853,,,,,,
295.015,0.5000,0.5000,0.5000,0.5000,-84.17,66.69,0.891,,1,0,,,,,,18.77589,-2.14583,,,,,,
295.068,0.5000,0.5000,0.5000,0.5000,-87.80,67.08,0.900,,1,0,,,,,,18.65930,-2.14629,,,,,,
295.122,0.5000,0.5000,0.5000,0.5000,-80.55,67.26,0.921,,1,0,,,,,,18.62185,-2.15569,,,,,,
295.172,0.5000,0.5000,0.5000,0.5000,-87.89,67.95,0.931,,1,0,,,,,,18.59455,-2.15361,,,,,,
295.235,0.5000,0.5000,0.5000,0.5000,-82.22,67.29,0.910,,1,0,,,,,,18.92341,-2.15433,,,,,,
295.304,0.5000,0.5000,0.5000,0.5000,-86.27,66.91,0.901,,1,0,,,,,,19.04583,-2.15659,,,,,,
295.363,0.5000,0.5000,0.5000,0.5000,-79.24,67.10,0.852,,1,0,,,,,,18.98389,-2.13827,,,,,,
295.420,0.5000,0.5000,0.5000,0.5000,-79.89,67.20,0.855,,1,0,,,,,,18.82816,-2.11052,,,,,,
295.491,0.5000,0.5000,0.5000,0.5000,-81.12,66.80,0.863,,1,0,,,,,,18.74309,-2.13395,,,,,,
295.572,0.5000,0.5000,0.5000,0.5000,-79.47,67.21,0.884,,1,0,,,,,,19.09008,-2.13925,,,,,,
295.627,0.5000,0.5000,0.5000,0.5000,-81.29,67.14,0.847,,1,0,,,,,,19.09238,-2.13170,,,,,,
295.689,0.5000,0.5000,0.5000,0.5000,-81.08,67.44,0.809,,1,0,,,,,,19.13590,-2.12550,,,,,,
295.743,0.5000,0.5000,0.5000,0.5000,-88.36,67.07,0.796,,1,0,,,,,,19.04202,-2.12460,,,,,,
295.838,0.5000,0.5000,0.5000,0.5000,-82.30,66.56,0.802,,1,0,,,,,,19.00195,-2.10245,,,,,,
295.903,0.5000,0.5000,0.5000,0.5000,38.78,74.82,0.797,,1,0,,,,,,19.24618,-2.11218,,,,,,
295.968,0.5000,0.5000,0.5000,0.5000,44.30,73.86,0.790,,1,0,,,,,,19.06418,-2.09573,,,,,,
296.033,0.5000,0.5000,0.5000,0.5000,38.51,74.87,0.807,,1,0,,,,,,18.84394,-2.10387,,,,,,
296.096,0.5000,0.5000,0.5000,0.5000,40.50,74.61,0.809,,1,0,,,,,,18.92687,-2.13052,,,,,,
296.164,0.5000,0.5000,0.5000,0.5000,-80.05,67.02,0.828,,1,0,,,,,,18.85300,-2.13203,,,,,,
296.227,0.5000,0.5000,0.5000,0.5000,56.97,3.31,0.842,,1,0,,,,,,18.79460,-2.12839,,,,,,
296.270,0.5000,0.5000,0.5000,0.5000,-87.05,67.91,0.796,,1,0,,,,,,19.20438,-2.15955,,,,,,
296.336,0.5000,0.5000,0.5000,0.5000,-82.41,67.46,0.822,,1,0,,,,,,18.97507,-2.14388,,,,,,
296.402,0.5000,0.5000,0.5000,0.5000,-86.99,67.34,0.927,,1,0,,,,,,19.23087,-2.20824,,,,,,
296.467,0.5000,0.5000,0.5000,0.5000,-79.10,66.39,0.929,,1,0,,,,,,19.01615,-2.18194,,,,,,
296.545,0.5000,0.5000,0.5000,0.5000,-82.07,67.36,0.939,,1,0,,,,,,18.90512,-2.17137,,,,,,
296.621,0.5000,0.5000,0.5000,0.5000,-84.77,66.77,1.051,,1,0,,,,,,18.64228,-2.18144,,,,,,
296.683,0.5000,0.5000,0.5000,0.5000,-25.74,65.08,1.049,,1,0,,,,,,18.80003,-2.16615,,,,,,
296.755,0.5000,0.5000,0.5000,0.5000,5.38,30.55,1.019,,1,0,,,,,,18.55231,-2.13119,,,,,,
296.818,0.5000,0.5000,0.5000,0.5000,-83.98,66.67,1.025,,1,0,,,,,,18.56379,-2.13237,,,,,,
296.865,0.5000,0.5000,0.5000,0.5000,40.79,74.62,0.994,,1,0,,,,,,19.38969,-2.08717,,,,,,
296.917,0.5000,0.5000,0.5000,0.5000,-79.25,67.02,0.894,,1,0,,,,,,19.00412,-1.99128,,,,,,
296.975,0.5000,0.5000,0.5000,0.5000,-82.06,67.26,0.909,,1,0,,,,,,19.10542,-1.97158,,,,,,
297.040,0.5000,0.5000,0.5000,0.5000,-81.14,66.57,0.870,,1,0,,,,,,18.92333,-1.92648,,,,,,
297.094,0.5000,0.5000,0.5000,0.5000,-83.95,67.41,0.858,,1,0,,,,,,19.27716,-1.95232,,,,,,
297.151,0.5000,0.5000,0.5000,0.5000,-79.60,66.25,0.848,,1,0,,,,,,19.26598,-1.94086,,,,,,
297.217,0.5000,0.5000,0.5000,0.5000,-85.07,66.66,0.814,,1,0,,,,,,19.21119,-1.90686,,,,,,
297.295,0.5000,0.5000,0.5000,0.5000,-9.97,48.15,0.823,,1,0,,,,,,19.23498,-1.88554,,,,,,
297.336,0.5000,0.5000,0.5000,0.5000,-78.39,67.12,0.806,,1,0,,,,,,19.20807,-1.87317,,,,,,
297.405,0.5000,0.5000,0.5000,0.5000,-79.17,66.70,0.807,,1,0,,,,,,19.23874,-1.88155,,,,,,
297.478,0.5000,0.5000,0.5000,0.5000,-29.65,65.71,0.783,,1,0,,,,,,19.60890,-1.89151,,,,,,
297.525,0.5000,0.5000,0.5000,0.5000,38.78,74.81,0.805,,1,0,,,,,,19.60384,-1.87886,,,,,,
297.581,0.5000,0.5000,0.5000,0.5000,-79.82,67.19,0.801,,1,0,,,,,,19.50869,-1.86649,,,,,,
297.640,0.5000,0.5000,0.5000,0.5000,-81.12,67.40,0.802,,1,0,,,,,,19.49724,-1.86146,,,,,,
297.708,0.5000,0.5000,0.5000,0.5000,-79.43,66.84,0.809,,1,0,,,,,,19.22446,-1.80890,,,,,,
297.769,0.5000,0.5000,0.5000,0.5000,-79.09,66.97,0.805,,1,0,,,,,,19.45907,-1.79013,,,,,,
297.831,0.5000,0.5000,0.5000,0.5000,-82.12,67.15,0.809,,1,0,,,,,,19.21631,-1.72934,,,,,,
297.896,0.5000,0.5000,0.5000,0.5000,-79.21,66.73,0.791,,1,0,,,,,,19.29874,-1.73646,,,,,,
297.942,0.5000,0.5000,0.5000,0.5000,-83.05,67.58,0.774,,1,0,,,,,,19.22729,-1.73191,,,,,,
298.013,0.5000,0.5000,0.5000,0.5000,-81.09,66.46,0.780,,1,0,,,,,,19.63766,-1.75912,,,,,,
298.066,0.5000,0.5000,0.5000,0.5000,-79.49,66.58,0.788,,1,0,,,,,,19.68603,-1.75224,,,,,,
298.120,0.5000,0.5000,0.5000,0.5000,40.39,74.68,0.794,,1,0,,,,,,19.84814,-1.77640,,,,,,
298.179,0.5000,0.5000,0.5000,0.5000,43.72,74.23,0.816,,1,0,,,,,,19.81663,-1.76451,,,,,,
298.262,0.5000,0.5000,0.5000,0.5000,-88.29,67.06,0.777,,1,0,,,,,,19.90264,-1.76835,,,,,,
298.326,0.5000,0.5000,0.5000,0.5000,-80.58,67.63,0.770,,1,0,,,,,,19.77248,-1.73198,,,,,,
298.379,0.5000,0.5000,0.5000,0.5000,41.99,74.73,0.766,,1,0,,,,,,19.69128,-1.73569,,,,,,
298.442,0.5000,0.5000,0.5000,0.5000,44.51,73.44,0.729,,1,0,,,,,,19.54740,-1.73902,,,,,,
298.499,0.5000,0.5000,0.5000,0.5000,-85.79,66.88,0.701,,1,0,,,,,,19.21759,-1.71483,,,,,,
298.546,0.5000,0.5000,0.5000,0.5000,-88.22,67.07,0.703,,1,0,,,,,,19.14106,-1.69766,,,,,,
298.603,0.5000,0.5000,0.5000,0.5000,-78.82,67.03,0.697,,1,0,,,,,,19.18398,-1.70344,,,,,,
298.660,0.5000,0.5000,0.5000,0.5000,-83.51,66.50,0.693,,1,0,,,,,,19.05470,-1.70195,,,,,,
298.707,0.5000,0.5000,0.5000,0.5000,-82.59,67.46,0.690,,1,0,,,,,,19.08378,-1.70005,,,,,,
298.751,0.5000,0.5000,0.5000,0.5000,-86.11,67.86,0.695,,1,0,,,,,,19.04435,-1.69358,,,,,,
298.809,0.5000,0.5000,0.5000,0.5000,-82.03,66.42,0.681,,1,0,,,,,,19.11247,-1.68666,,,,,,
298.890,0.5000,0.5000,0.5000,0.5000,-79.01,66.29,0.685,,1,0,,,,,,19.12468,-1.68864,,,,,,
298.951,0.5000,0.5000,0.5000,0.5000,-79.90,66.54,0.674,,1,0,,,,,,19.29231,-1.69869,,,,,,
299.034,0.5000,0.5000,0.5000,0.5000,-82.24,66.43,0.684,,1,0,,,,,,19.29459,-1.69837,,,,,,
299.109,0.5000,0.5000,0.5000,0.5000,-80.91,66.42,0.676,,1,0,,,,,,19.31185,-1.69822,,,,,,
299.176,0.5000,0.5000,0.5000,0.5000,-77.14,66.87,0.833,,1,0,,,,,,19.25369,-1.76355,,,,,,
299.246,0.5000,0.5000,0.5000,0.5000,40.65,74.53,0.996,,1,0,,,,,,18.56507,-1.78231,,,,,,
299.316,0.5000,0.5000,0.5000,0.5000,42.49,74.12,0.973,,1,0,,,,,,18.64823,-1.80527,,,,,,
299.392,0.5000,0.5000,0.5000,0.5000,44.80,73.91,0.966,,1,0,,,,,,18.64768,-1.79785,,,,,,
299.448,0.5000,0.5000,0.5000,0.5000,43.09,74.20,0.952,,1,0,,,,,,18.57127,-1.78999,,,,,,
299.500,0.5000,0.5000,0.5000,0.5000,-79.26,66.89,0.963,,1,0,,,,,,18.42806,-1.77946,,,,,,
299.553,0.5000,0.5000,0.5000,0.5000,-82.12,66.55,0.961,,1,0,,,,,,18.37624,-1.77857,,,,,,
299.606,0.5000,0.5000,0.5000,0.5000,-77.30,66.35,0.966,,1,0,,,,,,18.38876,-1.77960,,,,,,
299.663,0.5000,0.5000,0.5000,0.5000,-80.68,67.00,0.963,,1,0,,,,,,18.39807,-1.78003,,,,,,
299.729,0.5000,0.5000,0.5000,0.5000,-81.02,68.64,0.928,,1,0,,,,,,18.47516,-1.79633,,,,,,
299.779,0.5000,0.5000,0.5000,0.5000,-78.90,66.89,0.941,,1,0,,,,,,18.23671,-1.79730,,,,,,
299.826,0.5000,0.5000,0.5000,0.5000,-82.84,67.51,0.975,,1,0,,,,,,18.28226,-1.79675,,,,,,
299.870,0.5000,0.5000,0.5000,0.5000,-79.76,67.05,0.913,,1,0,,,,,,18.50754,-1.80332,,,,,,
299.935,0.5000,0.5000,0.5000,0.5000,-81.34,66.93,0.872,,1,0,,,,,,18.52338,-1.81330,,,,,,
300.002,0.5000,0.5000,0.5000,0.5000,-86.79,67.01,0.875,,1,0,,,,,,18.39563,-1.79031,,,,,,
300.063,0.5000,0.5000,0.5000,0.5000,-82.58,67.57,0.870,,1,0,,,,,,18.39283,-1.79031,,,,,,
300.114,0.5000,0.5000,0.5000,0.5000,-78.89,66.67,0.907,,1,0,,,,,,18.42865,-1.80275,,,,,,
300.160,0.5000,0.5000,0.5000,0.5000,-81.40,67.48,0.916,,1,0,,,,,,18.34059,-1.81639,,,,,,
300.219,0.5000,0.5000,0.5000,0.5000,42.56,74.20,0.917,,1,0,,,,,,18.42470,-1.83904,,,,,,
300.270,0.5000,0.5000,0.5000,0.5000,10.21,-74.25,0.891,,1,0,,,,,,18.57621,-1.83618,,,,,,
300.352,0.5000,0.5000,0.5000,0.5000,44.22,73.62,0.881,,1,0,,,,,,18.51310,-1.83864,,,,,,
300.410,0.5000,0.5000,0.5000,0.5000,40.57,74.61,0.877,,1,0,,,,,,18.48605,-1.83735,,,,,,
300.470,0.5000,0.5000,0.5000,0.5000,44.51,73.47,0.920,,1,0,,,,,,18.50996,-1.87937,,,,,,
300.525,0.5000,0.5000,0.5000,0.5000,9.91,-74.54,0.925,,1,0,,,,,,18.40959,-1.85526,,,,,,
300.589,0.5000,0.5000,0.5000,0.5000,35.45,74.93,0.918,,1,0,,,,,,18.42945,-1.85552,,,,,,
300.643,0.5000,0.5000,0.5000,0.5000,41.47,74.33,0.917,,1,0,,,,,,18.45284,-1.85675,,,,,,
300.678,0.5000,0.5000,0.5000,0.5000,41.11,74.42,0.900,,1,0,,,,,,18.49175,-1.85312,,,,,,
300.730,0.5000,0.5000,0.5000,0.5000,29.92,74.35,0.893,,1,0,,,,,,18.51702,-1.85898,,,,,,
300.802,0.5000,0.5000,0.5000,0.5000,8.59,-74.35,0.901,,1,0,,,,,,18.41443,-1.85534,,,,,,
300.866,0.5000,0.5000,0.5000,0.5000,45.72,73.65,0.906,,1,0,,,,,,18.41181,-1.85386,,,,,,
300.935,0.5000,0.5000,0.5000,0.5000,7.98,-74.29,0.905,,1,0,,,,,,18.50542,-1.86023,,,,,,
300.992,0.5000,0.5000,0.5000,0.5000,35.20,74.68,0.913,,1,0,,,,,,18.53791,-1.85946,,,,,,
301.033,0.5000,0.5000,0.5000,0.5000,83.88,-69.93,0.897,,1,0,,,,,,18.68261,-1.85780,,,,,,
301.082,0.5000,0.5000,0.5000,0.5000,7.80,-74.20,0.891,,1,0,,,,,,18.57633,-1.85344,,,,,,
301.148,0.5000,0.5000,0.5000,0.5000,6.02,-72.91,0.895,,1,0,,,,,,18.53040,-1.85311,,,,,,
301.211,0.5000,0.5000,0.5000,0.5000,-51.18,-72.45,0.922,,1,0,,,,,,18.57213,-1.84453,,,,,,
301.259,0.5000,0.5000,0.5000,0.5000,-61.73,-81.03,0.932,,1,0,,,,,,18.41614,-1.81958,,,,,,
301.304,0.5000,0.5000,0.5000,0.5000,8.49,-74.34,0.918,,1,0,,,,,,18.35162,-1.81456,,,,,,
301.361,0.5000,0.5000,0.5000,0.5000,7.95,-73.96,0.896,,1,0,,,,,,18.52966,-1.82287,,,,,,
301.420,0.5000,0.5000,0.5000,0.5000,7.51,-73.69,0.889,,1,0,,,,,,18.48678,-1.81056,,,,,,
301.479,0.5000,0.5000,0.5000,0.5000,42.11,74.24,0.885,,1,0,,,,,,18.42058,-1.80927,,,,,,
301.542,0.5000,0.5000,0.5000,0.5000,7.18,-73.83,0.889,,1,0,,,,,,18.43805,-1.81933,,,,,,
301.609,0.5000,0.5000,0.5000,0.5000,7.00,-74.08,0.894,,1,0,,,,,,18.59060,-1.83635,,,,,,
301.672,0.5000,0.5000,0.5000,0.5000,8.09,-74.63,0.927,,1,0,,,,,,18.55676,-1.82884,,,,,,
301.717,0.5000,0.5000,0.5000,0.5000,2.16,-32.07,0.912,,1,0,,,,,,18.60789,-1.83086,,,,,,
301.775,0.5000,0.5000,0.5000,0.5000,7.49,-74.67,0.907,,1,0,,,,,,18.69394,-1.83416,,,,,,
301.826,0.5000,0.5000,0.5000,0.5000,6.55,-74.04,0.872,,1,0,,,,,,18.65311,-1.82451,,,,,,
301.882,0.5000,0.5000,0.5000,0.5000,16.36,-79.13,0.899,,1,0,,,,,,18.91551,-1.81324,,,,,,
301.937,0.5000,0.5000,0.5000,0.5000,7.07,-74.81,0.876,,1,0,,,,,,19.38389,-1.81427,,,,,,
302.017,0.5000,0.5000,0.5000,0.5000,6.82,-74.76,0.841,,1,0,,,,,,19.37976,-1.80660,,,,,,
302.075,0.5000,0.5000,0.5000,0.5000,43.86,73.68,0.829,,1,0,,,,,,19.32304,-1.79239,,,,,,
302.150,0.5000,0.5000,0.5000,0.5000,41.72,74.33,0.847,,1,0,,,,,,19.42986,-1.75126,,,,,,
302.215,0.5000,0.5000,0.5000,0.5000,44.77,73.47,0.809,,1,0,,,,,,19.35661,-1.73859,,,,,,
302.296,0.5000,0.5000,0.5000,0.5000,38.57,74.78,0.827,,1,0,,,,,,19.59651,-1.72215,,,,,,
302.350,0.5000,0.5000,0.5000,0.5000,-83.25,66.49,0.823,,1,0,,,,,,19.65090,-1.71766,,,,,,
302.402,0.5000,0.5000,0.5000,0.5000,-80.81,67.34,0.833,,1,0,,,,,,19.76129,-1.72612,,,,,,
302.474,0.5000,0.5000,0.5000,0.5000,39.65,74.65,0.842,,1,0,,,,,,19.79055,-1.72451,,,,,,
302.539,0.5000,0.5000,0.5000,0.5000,42.39,74.25,0.820,,1,0,,,,,,20.04600,-1.73307,,,,,,
302.604,0.5000,0.5000,0.5000,0.5000,41.68,74.42,0.848,,1,0,,,,,,20.00246,-1.74297,,,,,,
302.658,0.5000,0.5000,0.5000,0.5000,-79.91,66.54,0.840,,1,0,,,,,,19.98851,-1.74574,,,,,,
302.722,0.5000,0.5000,0.5000,0.5000,45.46,74.01,0.823,,1,0,,,,,,20.23858,-1.71727,,,,,,
302.778,0.5000,0.5000,0.5000,0.5000,-78.31,66.19,0.816,,1,0,,,,,,20.22110,-1.72094,,,,,,
302.827,0.5000,0.5000,0.5000,0.5000,-88.01,67.05,0.814,,1,0,,,,,,20.18265,-1.71261,,,,,,
302.880,0.5000,0.5000,0.5000,0.5000,-80.66,66.26,0.801,,1,0,,,,,,20.23138,-1.68673,,,,,,
302.943,0.5000,0.5000,0.5000,0.5000,-26.58,65.05,0.868,,1,0,,,,,,20.69707,-1.74567,,,,,,
303.010,0.5000,0.5000,0.5000,0.5000,40.83,74.59,0.924,,1,0,,,,,,20.23095,-1.75846,,,,,,
303.075,0.5000,0.5000,0.5000,0.5000,38.81,74.75,0.893,,1,0,,,,,,19.98087,-1.75394,,,,,,
303.143,0.5000,0.5000,0.5000,0.5000,-81.63,67.22,0.833,,1,0,,,,,,19.48572,-1.70821,,,,,,
303.200,0.5000,0.5000,0.5000,0.5000,-85.39,68.39,0.830,,1,0,,,,,,19.48708,-1.70763,,,,,,
303.257,0.5000,0.5000,0.5000,0.5000,-79.26,66.61,0.835,,1,0,,,,,,19.37430,-1.70303,,,,,,
303.327,0.5000,0.5000,0.5000,0.5000,-80.38,66.97,0.829,,1,0,,,,,,19.38496,-1.70605,,,,,,
303.380,0.5000,0.5000,0.5000,0.5000,-80.79,66.27,0.831,,1,0,,,,,,19.40517,-1.71136,,,,,,
303.444,0.5000,0.5000,0.5000,0.5000,-84.32,68.41,0.827,,1,0,,,,,,19.41650,-1.71322,,,,,,
303.521,0.5000,0.5000,0.5000,0.5000,-83.34,67.37,0.826,,1,0,,,,,,19.52036,-1.72478,,,,,,
303.599,0.5000,0.5000,0.5000,0.5000,-81.12,66.68,0.849,,1,0,,,,,,19.22452,-1.73927,,,,,,
303.659,0.5000,0.5000,0.5000,0.5000,-81.21,66.61,0.863,,1,0,,,,,,19.30595,-1.76892,,,,,,
303.724,0.5000,0.5000,0.5000,0.5000,43.55,73.95,0.918,,1,0,,,,,,19.75336,-1.81402,,,,,,
303.789,0.5000,0.5000,0.5000,0.5000,41.81,74.32,0.905,,1,0,,,,,,19.77855,-1.82409,,,,,,
303.860,0.5000,0.5000,0.5000,0.5000,-82.26,66.42,0.911,,1,0,,,,,,19.71898,-1.81097,,,,,,
303.929,0.5000,0.5000,0.5000,0.5000,-79.25,66.59,0.891,,1,0,,,,,,19.67080,-1.81117,,,,,,
303.999,0.5000,0.5000,0.5000,0.5000,-78.53,66.55,0.919,,1,0,,,,,,19.64980,-1.80010,,,,,,
304.046,0.5000,0.5000,0.5000,0.5000,-77.31,66.33,0.922,,1,0,,,,,,19.74092,-1.80141,,,,,,
304.109,0.5000,0.5000,0.5000,0.5000,-86.52,66.90,0.890,,1,0,,,,,,19.45399,-1.76809,,,,,,
304.176,0.5000,0.5000,0.5000,0.5000,47.12,73.34,0.893,,1,0,,,,,,19.50659,-1.76677,,,,,,
304.240,0.5000,0.5000,0.5000,0.5000,-79.75,67.04,0.906,,1,0,,,,,,19.74977,-1.76546,,,,,,
304.316,0.5000,0.5000,0.5000,0.5000,-79.42,67.14,0.909,,1,0,,,,,,19.67020,-1.74232,,,,,,
304.376,0.5000,0.5000,0.5000,0.5000,-81.05,67.31,0.912,,1,0,,,,,,19.60557,-1.72713,,,,,,
304.444,0.5000,0.5000,0.5000,0.5000,-81.19,67.15,0.921,,1,0,,,,,,19.67025,-1.73670,,,,,,
304.501,0.5000,0.5000,0.5000,0.5000,-78.00,66.92,0.912,,1,0,,,,,,19.62715,-1.73600,,,,,,
304.561,0.5000,0.5000,0.5000,0.5000,-81.42,66.90,0.888,,1,0,,,,,,19.57924,-1.73234,,,,,,
304.610,0.5000,0.5000,0.5000,0.5000,-80.52,67.34,0.870,,1,0,,,,,,19.47553,-1.71320,,,,,,
304.672,0.5000,0.5000,0.5000,0.5000,-81.06,67.43,0.878,,1,0,,,,,,19.39686,-1.70182,,,,,,
304.730,0.5000,0.5000,0.5000,0.5000,-80.84,66.64,0.846,,1,0,,,,,,19.20725,-1.64455,,,,,,
304.810,0.5000,0.5000,0.5000,0.5000,-80.89,66.30,0.818,,1,0,,,,,,19.22950,-1.61554,,,,,,
304.876,0.5000,0.5000,0.5000,0.5000,-80.40,67.20,0.807,,1,0,,,,,,19.32361,-1.62820,,,,,,
304.945,0.5000,0.5000,0.5000,0.5000,-78.64,66.47,0.852,,1,0,,,,,,19.46321,-1.62603,,,,,,
304.997,0.5000,0.5000,0.5000,0.5000,8.66,-75.45,0.822,,1,0,,,,,,19.35009,-1.64709,,,,,,
305.063,0.5000,0.5000,0.5000,0.5000,11.46,1.05,0.812,,1,0,,,,,,19.39794,-1.61384,,,,,,
305.100,0.5000,0.5000,0.5000,0.5000,38.74,74.78,0.795,,1,0,,,,,,19.38663,-1.58673,,,,,,
305.154,0.5000,0.5000,0.5000,0.5000,44.76,73.37,0.804,,1,0,,,,,,19.54435,-1.59760,,,,,,
305.220,0.5000,0.5000,0.5000,0.5000,-1.26,26.75,0.816,,1,0,,,,,,19.67246,-1.60383,,,,,,
305.287,0.5000,0.5000,0.5000,0.5000,44.71,73.70,0.808,,1,0,,,,,,19.70502,-1.60414,,,,,,
305.362,0.5000,0.5000,0.5000,0.5000,-83.35,67.43,0.806,,1,0,,,,,,19.65236,-1.59954,,,,,,
305.414,0.5000,0.5000,0.5000,0.5000,-82.65,66.67,0.810,,1,0,,,,,,19.70192,-1.60318,,,,,,
305.497,0.5000,0.5000,0.5000,0.5000,-81.14,67.33,0.816,,1,0,,,,,,19.72404,-1.63038,,,,,,
305.557,0.5000,0.5000,0.5000,0.5000,41.59,74.43,0.802,,1,0,,,,,,19.72681,-1.63907,,,,,,
305.632,0.5000,0.5000,0.5000,0.5000,41.33,74.48,0.777,,1,0,,,,,,19.84654,-1.68046,,,,,,
305.696,0.5000,0.5000,0.5000,0.5000,-82.51,66.44,0.770,,1,0,,,,,,19.83314,-1.79906,,,,,,
305.756,0.5000,0.5000,0.5000,0.5000,43.15,73.97,0.770,,1,0,,,,,,19.51060,-1.83061,,,,,,
305.825,0.5000,0.5000,0.5000,0.5000,-79.18,66.96,0.762,,1,0,,,,,,19.48484,-1.82350,,,,,,
305.872,0.5000,0.5000,0.5000,0.5000,39.43,74.66,0.759,,1,0,,,,,,19.43772,-1.81551,,,,,,
305.904,0.5000,0.5000,0.5000,0.5000,39.28,74.83,0.749,,1,0,,,,,,19.46840,-1.82067,,,,,,
305.970,0.5000,0.5000,0.5000,0.5000,-83.35,67.69,0.761,,1,0,,,,,,19.49034,-1.82958,,,,,,
306.043,0.5000,0.5000,0.5000,0.5000,41.16,74.44,0.796,,1,0,,,,,,19.57328,-1.85881,,,,,,
306.107,0.5000,0.5000,0.5000,0.5000,45.24,73.60,0.803,,1,0,,,,,,19.40164,-1.84693,,,,,,
306.163,0.5000,0.5000,0.5000,0.5000,41.12,74.60,0.786,,1,0,,,,,,19.53862,-1.85947,,,,,,
306.216,0.5000,0.5000,0.5000,0.5000,39.75,74.79,0.804,,1,0,,,,,,20.26696,-1.89006,,,,,,
306.264,0.5000,0.5000,0.5000,0.5000,44.34,73.66,0.817,,1,0,,,,,,20.22242,-1.87866,,,,,,
306.310,0.5000,0.5000,0.5000,0.5000,-83.54,66.72,0.815,,1,0,,,,,,20.12115,-1.89643,,,,,,
306.362,0.5000,0.5000,0.5000,0.5000,-26.59,64.99,0.826,,1,0,,,,,,20.21201,-1.89526,,,,,,
306.453,0.5000,0.5000,0.5000,0.5000,-81.12,66.30,0.812,,1,0,,,,,,20.11034,-1.88311,,,,,,
306.535,0.5000,0.5000,0.5000,0.5000,-84.26,67.16,0.796,,1,0,,,,,,20.13802,-1.85312,,,,,,
306.610,0.5000,0.5000,0.5000,0.5000,-82.75,67.36,0.819,,1,0,,,,,,20.34222,-1.87774,,,,,,
306.697,0.5000,0.5000,0.5000,0.5000,-82.19,67.13,0.813,,1,0,,,,,,20.13989,-1.86385,,,,,,
306.778,0.5000,0.5000,0.5000,0.5000,-78.62,66.21,0.832,,1,0,,,,,,20.07641,-1.91329,,,,,,
306.853,0.5000,0.5000,0.5000,0.5000,-79.81,67.21,0.854,,1,0,,,,,,20.02655,-1.94405,,,,,,
306.925,0.5000,0.5000,0.5000,0.5000,-89.15,67.01,0.865,,1,0,,,,,,19.76020,-1.96235,,,,,,
306.994,0.5000,0.5000,0.5000,0.5000,-79.97,67.11,0.859,,1,0,,,,,,19.61616,-1.95822,,,,,,
307.057,0.5000,0.5000,0.5000,0.5000,-88.57,67.09,0.843,,1,0,,,,,,19.53156,-1.95508,,,,,,
307.121,0.5000,0.5000,0.5000,0.5000,-75.57,65.84,0.848,,1,0,,,,,,19.51448,-1.95735,,,,,,
307.187,0.5000,0.5000,0.5000,0.5000,-79.05,66.94,0.846,,1,0,,,,,,19.66809,-1.96424,,,,,,
307.233,0.5000,0.5000,0.5000,0.5000,-81.69,66.85,0.825,,1,0,,,,,,19.88405,-1.95068,,,,,,
307.293,0.5000,0.5000,0.5000,0.5000,-80.31,67.33,0.822,,1,0,,,,,,20.08088,-1.94612,,,,,,
307.340,0.5000,0.5000,0.5000,0.5000,-83.07,67.54,0.822,,1,0,,,,,,20.09453,-1.94249,,,,,,
307.412,0.5000,0.5000,0.5000,0.5000,-80.04,67.06,0.852,,1,0,,,,,,19.88352,-1.89335,,,,,,
307.478,0.5000,0.5000,0.5000,0.5000,-79.68,66.36,0.815,,1,0,,,,,,19.80258,-1.78614,,,,,,
307.546,0.5000,0.5000,0.5000,0.5000,-81.58,66.61,0.819,,1,0,,,,,,19.84836,-1.79307,,,,,,
307.613,0.5000,0.5000,0.5000,0.5000,-88.55,68.18,0.797,,1,0,,,,,,20.10313,-1.77251,,,,,,
307.676,0.5000,0.5000,0.5000,0.5000,-85.85,67.69,0.831,,1,0,,,,,,19.94853,-1.75943,,,,,,
307.752,0.5000,0.5000,0.5000,0.5000,44.55,73.75,0.810,,1,0,,,,,,20.36765,-1.77398,,,,,,
307.826,0.5000,0.5000,0.5000,0.5000,16.09,-77.09,0.807,,1,0,,,,,,20.31841,-1.75826,,,,,,
307.896,0.5000,0.5000,0.5000,0.5000,-75.43,65.70,0.796,,1,0,,,,,,20.27463,-1.74369,,,,,,
307.964,0.5000,0.5000,0.5000,0.5000,-83.06,66.65,0.833,,1,0,,,,,,20.07654,-1.72558,,,,,,
308.024,0.5000,0.5000,0.5000,0.5000,-81.73,67.44,0.817,,1,0,,,,,,20.09734,-1.71771,,,,,,
308.087,0.5000,0.5000,0.5000,0.5000,-82.80,66.51,0.834,,1,0,,,,,,20.06301,-1.69864,,,,,,
308.157,0.5000,0.5000,0.5000,0.5000,-80.00,67.29,0.838,,1,0,,,,,,20.22201,-1.70844,,,,,,
308.225,0.5000,0.5000,0.5000,0.5000,-87.82,67.75,0.825,,1,0,,,,,,20.15854,-1.63707,,,,,,
308.277,0.5000,0.5000,0.5000,0.5000,-81.13,66.62,0.810,,1,0,,,,,,20.11793,-1.63242,,,,,,
308.338,0.5000,0.5000,0.5000,0.5000,-81.50,67.28,0.814,,1,0,,,,,,20.32907,-1.63899,,,,,,
308.400,0.5000,0.5000,0.5000,0.5000,-83.54,67.42,0.816,,1,0,,,,,,20.42753,-1.64407,,,,,,
308.470,0.5000,0.5000,0.5000,0.5000,-79.13,67.26,0.839,,1,0,,,,,,20.36251,-1.62937,,,,,,
308.533,0.5000,0.5000,0.5000,0.5000,-11.77,57.77,0.828,,1,0,,,,,,20.50687,-1.64585,,,,,,
308.585,0.5000,0.5000,0.5000,0.5000,-77.97,66.51,0.895,,1,0,,,,,,20.62164,-1.65573,,,,,,
308.657,0.5000,0.5000,0.5000,0.5000,-80.45,67.19,0.883,,1,0,,,,,,20.75904,-1.65970,,,,,,
308.734,0.5000,0.5000,0.5000,0.5000,-80.35,67.14,0.869,,1,0,,,,,,20.70240,-1.66576,,,,,,
308.790,0.5000,0.5000,0.5000,0.5000,-81.43,67.37,0.894,,1,0,,,,,,20.71753,-1.66909,,,,,,
308.852,0.5000,0.5000,0.5000,0.5000,-83.36,66.86,0.823,,1,0,,,,,,20.69232,-1.62740,,,,,,
308.910,0.5000,0.5000,0.5000,0.5000,-81.32,66.46,0.808,,1,0,,,,,,20.70898,-1.63557,,,,,,
308.968,0.5000,0.5000,0.5000,0.5000,-80.24,66.99,0.848,,1,0,,,,,,20.71800,-1.64385,,,,,,
309.033,0.5000,0.5000,0.5000,0.5000,-80.39,67.12,0.867,,1,0,,,,,,20.64270,-1.65110,,,,,,
309.109,0.5000,0.5000,0.5000,0.5000,-80.71,67.21,0.867,,1,0,,,,,,20.52786,-1.59763,,,,,,
309.167,0.5000,0.5000,0.5000,0.5000,-79.56,66.91,0.807,,1,0,,,,,,20.22316,-1.57039,,,,,,
309.235,0.5000,0.5000,0.5000,0.5000,-12.03,60.19,0.794,,1,0,,,,,,20.52644,-1.57353,,,,,,
309.293,0.5000,0.5000,0.5000,0.5000,-84.85,67.51,0.771,,1,0,,,,,,20.38054,-1.52308,,,,,,
309.360,0.5000,0.5000,0.5000,0.5000,-79.19,66.23,0.801,,1,0,,,,,,20.66972,-1.54024,,,,,,
309.431,0.5000,0.5000,0.5000,0.5000,-81.10,66.46,0.811,,1,0,,,,,,20.62310,-1.53900,,,,,,
309.493,0.5000,0.5000,0.5000,0.5000,-82.99,67.50,0.801,,1,0,,,,,,20.25215,-1.53767,,,,,,
309.567,0.5000,0.5000,0.5000,0.5000,-84.08,67.61,0.802,,1,0,,,,,,20.30231,-1.55056,,,,,,
309.623,0.5000,0.5000,0.5000,0.5000,-78.79,66.21,0.767,,1,0,,,,,,20.06101,-1.53586,,,,,,
309.692,0.5000,0.5000,0.5000,0.5000,-78.53,66.15,0.797,,1,0,,,,,,20.26011,-1.57282,,,,,,
309.747,0.5000,0.5000,0.5000,0.5000,39.45,74.89,0.788,,1,0,,,,,,20.40666,-1.59290,,,,,,
309.827,0.5000,0.5000,0.5000,0.5000,-79.82,67.09,0.764,,1,0,,,,,,20.00964,-1.57152,,,,,,
309.891,0.5000,0.5000,0.5000,0.5000,-81.52,66.80,0.802,,1,0,,,,,,20.38576,-1.60859,,,,,,
309.948,0.5000,0.5000,0.5000,0.5000,-82.98,67.48,0.794,,1,0,,,,,,20.31231,-1.60772,,,,,,
310.018,0.5000,0.5000,0.5000,0.5000,38.98,74.83,0.806,,1,0,,,,,,20.27129,-1.60822,,,,,,
310.073,0.5000,0.5000,0.5000,0.5000,-85.37,66.81,0.792,,1,0,,,,,,20.14916,-1.61073,,,,,,
310.146,0.5000,0.5000,0.5000,0.5000,-80.67,66.09,0.785,,1,0,,,,,,20.23037,-1.62813,,,,,,
310.204,0.5000,0.5000,0.5000,0.5000,-79.90,66.91,0.761,,1,0,,,,,,20.31644,-1.63418,,,,,,
310.266,0.5000,0.5000,0.5000,0.5000,-80.67,66.99,0.875,,1,0,,,,,,20.15332,-1.64923,,,,,,
310.325,0.5000,0.5000,0.5000,0.5000,-80.75,67.62,0.921,,1,0,,,,,,19.82668,-1.67027,,,,,,
310.372,0.5000,0.5000,0.5000,0.5000,-78.65,66.21,0.901,,1,0,,,,,,19.75383,-1.67123,,,,,,
310.431,0.5000,0.5000,0.5000,0.5000,-80.95,67.23,0.905,,1,0,,,,,,19.78256,-1.67178,,,,,,
310.480,0.5000,0.5000,0.5000,0.5000,-79.17,66.93,0.890,,1,0,,,,,,19.63266,-1.67088,,,,,,
310.548,0.5000,0.5000,0.5000,0.5000,-78.97,67.20,0.896,,1,0,,,,,,19.46220,-1.64974,,,,,,
310.613,0.5000,0.5000,0.5000,0.5000,-78.59,67.16,0.887,,1,0,,,,,,19.72276,-1.66510,,,,,,
310.677,0.5000,0.5000,0.5000,0.5000,-80.48,67.20,0.873,,1,0,,,,,,19.68339,-1.63949,,,,,,
310.740,0.5000,0.5000,0.5000,0.5000,-79.98,66.64,0.903,,1,0,,,,,,19.67155,-1.65395,,,,,,
310.812,0.5000,0.5000,0.5000,0.5000,-79.53,66.69,0.964,,1,0,,,,,,19.48973,-1.66613,,,,,,
310.879,0.5000,0.5000,0.5000,0.5000,-79.78,67.04,1.013,,1,0,,,,,,19.65743,-1.72507,,,,,,
310.931,0.5000,0.5000,0.5000,0.5000,-82.74,67.50,1.025,,1,0,,,,,,19.76364,-1.72343,,,,,,
310.978,0.5000,0.5000,0.5000,0.5000,-82.76,67.48,1.015,,1,0,,,,,,19.87010,-1.72642,,,,,,
311.053,0.5000,0.5000,0.5000,0.5000,-79.92,67.24,1.032,,1,0,,,,,,19.82713,-1.73372,,,,,,
311.129,0.5000,0.5000,0.5000,0.5000,-80.30,67.35,1.028,,1,0,,,,,,19.86115,-1.73543,,,,,,
311.191,0.5000,0.5000,0.5000,0.5000,-83.00,67.30,0.964,,1,0,,,,,,19.81822,-1.69788,,,,,,
311.242,0.5000,0.5000,0.5000,0.5000,-85.35,67.14,0.925,,1,0,,,,,,19.64584,-1.66831,,,,,,
311.287,0.5000,0.5000,0.5000,0.5000,-79.56,66.67,0.922,,1,0,,,,,,19.50998,-1.63858,,,,,,
311.350,0.5000,0.5000,0.5000,0.5000,-78.62,67.11,0.861,,1,0,,,,,,19.16677,-1.60505,,,,,,
311.415,0.5000,0.5000,0.5000,0.5000,-79.75,66.67,0.883,,1,0,,,,,,19.20246,-1.62438,,,,,,
311.470,0.5000,0.5000,0.5000,0.5000,-82.99,67.33,0.933,,1,0,,,,,,19.31935,-1.64591,,,,,,
311.544,0.5000,0.5000,0.5000,0.5000,-81.80,67.35,0.973,,1,0,,,,,,19.51234,-1.66448,,,,,,
311.608,0.5000,0.5000,0.5000,0.5000,-79.28,67.00,1.019,,1,0,,,,,,19.79428,-1.67837,,,,,,
311.683,0.5000,0.5000,0.5000,0.5000,-81.30,66.93,0.968,,1,0,,,,,,19.71023,-1.63462,,,,,,
311.738,0.5000,0.5000,0.5000,0.5000,-81.31,66.99,0.904,,1,0,,,,,,19.75801,-1.62146,,,,,,
311.811,0.5000,0.5000,0.5000,0.5000,-79.38,66.62,0.888,,1,0,,,,,,19.64719,-1.61956,,,,,,
311.873,0.5000,0.5000,0.5000,0.5000,-80.56,66.42,0.895,,1,0,,,,,,19.63374,-1.62294,,,,,,
311.941,0.5000,0.5000,0.5000,0.5000,-79.99,67.24,0.872,,1,0,,,,,,19.57744,-1.61844,,,,,,
312.014,0.5000,0.5000,0.5000,0.5000,-80.64,67.02,0.855,,1,0,,,,,,19.52824,-1.61464,,,,,,
312.072,0.5000,0.5000,0.5000,0.5000,-78.87,67.09,0.880,,1,0,,,,,,19.52544,-1.61416,,,,,,
312.140,0.5000,0.5000,0.5000,0.5000,-12.24,-43.34,0.884,,1,0,,,,,,19.54105,-1.60977,,,,,,
312.200,0.5000,0.5000,0.5000,0.5000,-78.99,67.05,0.887,,1,0,,,,,,19.59864,-1.65928,,,,,,
312.268,0.5000,0.5000,0.5000,0.5000,-79.79,66.64,0.918,,1,0,,,,,,19.59494,-1.66448,,,,,,
312.350,0.5000,0.5000,0.5000,0.5000,-82.77,67.47,0.874,,1,0,,,,,,19.51258,-1.63096,,,,,,
312.409,0.5000,0.5000,0.5000,0.5000,-11.02,53.23,0.843,,1,0,,,,,,19.68784,-1.64292,,,,,,
312.495,0.5000,0.5000,0.5000,0.5000,-82.06,67.22,0.840,,1,0,,,,,,19.66565,-1.61320,,,,,,
312.573,0.5000,0.5000,0.5000,0.5000,-80.82,67.08,0.840,,1,0,,,,,,19.51706,-1.59612,,,,,,
312.629,0.5000,0.5000,0.5000,0.5000,-81.59,66.76,0.825,,1,0,,,,,,19.54030,-1.60664,,,,,,
312.700,0.5000,0.5000,0.5000,0.5000,-86.01,67.76,0.856,,1,0,,,,,,19.56921,-1.61244,,,,,,
